slovo,poradi
televize,1
televizi,1
televizí,1
televizní,2
televizory,3
rádia,4
vysílání,5
rozhlasu,6
televizor,3
pořadů,7
rozhlas,6
obrazovky,8
veřejnoprávní,9
televizorů,3
televizoru,3
televizích,1
televizního,2
pořady,7
odvysílala,10
kabelové,11
obrazovkách,8
pořadu,7
vysílala,12
kabelová,11
odvysílá,13
rozhlasové,14
rádio,4
pořad,7
lednice,15
seriály,16
moderátorka,17
moderátorky,17
zpravodajství,18
videohry,19
vysílat,12
televizím,1
zpravodajská,20
média,21
stanice,22
obrazovek,8
televizních,2
kina,23
kinematografie,24
ledničky,25
internet,26
zpravodajské,20
vysílací,27
počítače,28
obrazovku,8
televizorem,3
obrazovce,8
reklamy,29
reportérka,30
vysílá,12
obýváku,31
diváky,32
plazmové,33
rádií,4
noviny,34
lednička,25
talkshow,35
obrazovka,8
seriálů,16
médií,21
filmy,36
obrazovkou,8
natáčela,37
internetová,38
rozhlasová,14
digitalizace,39
internetové,38
reportáže,40
kamery,41
satelitní,42
vysíláním,5
internetu,26
pohovky,43
pračka,44
novin,34
rozhlase,6
reportáži,40
televizními,2
veřejnoprávních,9
telekomunikace,45
metropole,46
klimatizace,47
policie,48
kuchyně,49
satelitu,50
rozhlasového,14
seriálová,51
kamerami,41
přijímače,52
domácnosti,53
přenosy,54
divák,32
reportáž,40
kabelovou,11
komnata,55
cenzura,56
spotů,57
elektrospotřebiče,58
redakce,59
počítačové,60
redaktorka,61
producentka,62
mikrovlnka,63
sledovanosti,64
diváka,32
kino,23
moderátoři,65
moderátor,17
multiplexu,66
spoty,67
pohádky,68
videa,69
digitální,70
reklama,29
pořadech,7
digitalizaci,71
pořadem,7
vysílače,72
filmů,36
sdělovací,73
satelit,50
konzole,74
inspekce,75
vysílají,12
sledování,76
plovárně,77
zpravodajského,20
moderátora,17
médium,21
nejsledovanější,78
gauči,79
banka,80
pračky,44
společnosti,81
reportér,30
komentátor,82
telekomunikační,83
aerolinie,84
pornografie,85
gauč,79
publicistiky,86
počítač,28
vláda,87
natáčení,88
radia,89
filmové,90
agentury,91
stanic,22
radio,4
kanálu,92
fotbalová,93
show,94
přenosů,54
rádiu,4
vysílající,12
reklamě,29
relace,95
monitory,96
vysílacích,27
monitorů,96
natočila,97
seriál,16
přehrávače,98
cenzury,56
služba,99
divákům,32
novináře,100
tiskárny,101
reklamu,29
moderátorů,17
celoplošné,102
filmová,90
prezentace,103
pohovka,43
revoluce,104
kamerové,105
analogové,106
vysíláno,107
hudby,108
časopisy,109
lenošení,110
muzika,111
scenáristka,112
seriálu,16
instituce,113
republika,114
družice,115
plazma,116
diváků,32
nemocnice,117
diváci,32
vydavatelství,118
tisková,119
hudba,108
spotřebiče,120
radnice,121
elektrospotřebičů,58
televizním,2
agentura,91
kameramana,122
multimédia,123
spořitelna,124
ledničku,25
programová,125
rozhlasem,6
audiovizuální,126
kanály,92
křesla,127
rozhlasových,14
filharmonie,128
vysílána,129
redaktorů,130
domácností,53
blondýna,131
spořitelny,124
monitoru,96
ambasády,132
postele,133
režisérka,134
dokumentární,135
kameraman,122
úhlopříčka,136
pošty,137
technologie,138
redaktoři,130
reality,139
satelitního,42
rádiích,4
kamera,41
dvd,140
minisérie,141
myčka,142
produkce,143
sdělovacích,73
přehrávač,98
videokamery,144
pračku,44
společnost,81
reportáží,40
kancelář,145
notebooky,146
mikrovlnky,63
politika,147
reprezentace,148
divadla,149
telefony,150
kameru,41
počítačů,28
banky,80
programy,151
multimediální,152
scény,153
kanál,92
asociace,154
studio,155
tiskárna,101
mediální,156
vysílané,157
medií,158
éteru,159
komise,160
herečka,161
cenzuře,56
elektronika,162
redakci,59
komentátoři,82
studia,155
vysílal,163
unie,164
ložnice,165
novinářské,166
knihovna,167
fotbalové,93
kanceláře,145
záclony,168
kinematografii,24
velkoplošné,169
pohovku,43
porna,170
celebrity,171
hračky,172
stanici,22
projektory,173
železnice,174
mobily,175
pohádka,68
redaktory,130
kamer,41
vysílacím,27
rozhlasový,14
mobilní,176
důchodkyně,177
domácnost,53
tuneru,178
rozhlasovou,14
herečky,161
internetem,26
idnes,179
animovaná,180
přípojka,181
domácnostech,53
akademie,182
satelity,50
úhlopříčky,136
multiplex,183
platformy,184
programové,125
kin,23
projekce,185
video,69
telekomunikačního,83
opozice,186
parlamentní,187
provozovatele,188
programů,151
mobilů,175
justice,189
kanálů,92
videokamera,144
knihovny,167
technika,190
české,191
židle,192
centrála,193
zábavy,194
pohovce,43
scéna,153
redaktora,130
republiky,114
koupelna,195
natáčet,37
centrály,193
lůžkoviny,196
kabelového,11
štáb,197
rádiové,198
kolegyně,199
tiskoviny,200
premiéra,201
vysílaný,157
koupelně,195
federace,202
komedie,203
publikum,204
prezidenta,205
divácké,206
dráhy,207
hokejová,208
prezidentské,209
propagandy,210
kamerou,41
dvojka,211
tištěná,212
topení,213
půlnocí,214
distribuce,215
veřejnost,216
sněmovna,217
knížky,218
médiích,21
vinotéka,219
kině,23
školy,220
přijímačů,52
prezidentská,209
levice,221
tchyně,222
plazmy,116
dramaturg,223
informovala,224
klávesnice,225
koupelny,195
odvysílána,226
místnosti,227
archivu,228
autorádia,229
firmy,230
divize,231
sítě,232
žurnalistiky,233
natáčí,37
úhlopříčkou,136
přijímač,52
svítidla,234
reklamou,29
magazíny,235
veřejné,236
digitálního,70
veřejnosti,216
skříně,237
novinami,34
film,36
zpravodajských,20
zprávy,238
hokeje,239
četba,240
blondýnky,241
premiéry,242
postavička,243
tuzemské,244
klimatizaci,47
periodika,245
kanceláři,145
kampaně,246
animované,247
propagandě,210
vlády,87
sledovanost,64
telefon,150
nahrávky,248
zábava,194
animace,249
sousedka,250
kabelových,11
točila,251
satelitem,50
videoher,252
debaty,253
elektroniky,162
cenzuru,56
interaktivní,254
síti,232
opery,255
filmu,36
reklam,29
minibar,256
časopisů,109
vlajky,257
dokumentárního,135
reklamách,29
encyklopedie,258
korporace,259
internetového,38
vysílačky,260
propaganda,210
dabingu,261
kancelářské,262
kuchyni,49
křížovky,263
elektřiny,264
rychlovarná,265
sprcha,266
minisérii,141
vysílán,267
země,268
multimediálního,152
mobilu,175
sněmovny,217
distribuční,269
hvězdárny,270
mediálního,156
mafie,271
pohádek,68
pošta,137
debatě,253
kavárny,272
detektivky,273
skříňky,274
vysílačů,260
počítačová,60
armáda,275
záběry,276
zpravodajský,20
inscenace,277
krásky,278
firma,230
tiskové,119
zadavatele,279
pohovkou,43
íránské,280
prádlo,281
hotelové,282
billboardy,283
chladničky,284
slovenská,285
pustila,286
politiky,287
tabule,288
telekomunikací,45
divákovi,32
československé,289
hvězda,290
žaluzie,291
civilizace,292
česká,191
vysílány,157
služby,99
novinářů,100
notebooku,146
komunistická,293
parlamentu,294
kuchyňka,295
radniční,296
novinářka,100
kabelový,11
zástupkyně,297
fotografie,298
regionální,299
univerzity,300
spotu,301
konvice,302
youtube,303
hry,304
wifi,305
operátoři,306
zářivky,307
historiografie,308
posluchače,309
bezdrátové,310
univerzita,300
šéfredaktorka,311
sitcom,312
sport,313
myčky,142
amatérská,314
fakulta,315
československá,289
realita,139
přítelkyně,316
zábavě,194
okna,317
poslouchání,318
kauza,319
reklamní,320
tablety,321
hokejové,208
porno,170
nahrávací,322
operátora,323
licence,324
webové,325
notebook,146
sledovala,326
filmařů,327
hudbu,108
přístroje,328
komora,329
ochranka,330
antény,331
chytrá,332
meteostanice,333
pokladny,334
ložnici,165
analogového,106
hory,335
demokracie,336
armády,275
novináři,100
hvězdy,290
fakulty,315
sekačky,337
telefonů,150
automobilky,338
slovenské,285
britská,339
kampaň,246
radiostanice,340
signálu,341
elektrické,342
hlasatel,343
elektrotechnika,344
správa,345
premiéře,242
ledničkou,25
elektrárny,346
tuzemská,244
muziky,111
brýle,347
poslance,348
magazínů,349
vatikánského,350
stolku,351
soukromé,352
dokumentu,353
zrcadla,354
audiovizuálních,126
elektřina,264
sedačky,355
ombudsmana,356
dramata,357
hokeji,239
automobilová,358
vypínat,359
mutace,360
konkurence,361
mluvčí,362
samospráva,363
modelka,364
regionech,365
mikrofony,366
přenosu,54
chytré,332
videokonference,367
plavkyně,368
sportovkyně,369
šéfové,370
politici,147
posilovny,371
komerční,372
pouštět,373
zeměkoule,374
publika,204
soda,375
spotřebičů,120
domácí,376
klenoty,377
odysea,378
ukrajinské,379
produkční,380
babička,381
stolek,351
telefonie,150
multimédií,382
knihovně,167
rada,383
publicistické,384
počítačového,60
křesle,127
soutěže,385
kráska,386
programovou,125
vzbouřenců,387
trojka,388
družici,115
mluvčího,362
projektoru,389
polikliniky,390
weby,391
širokoúhlé,392
britské,339
posteli,133
kulisa,393
médii,21
zpráva,238
dabing,394
planetária,395
režiséři,396
obrazu,397
zprávách,238
natočena,97
ministerstva,398
vysílač,260
kalkulačky,399
jihokorejské,400
americká,401
stolní,402
tenistky,403
nadace,404
postavičky,405
chladnička,284
písničky,406
automobilka,338
kočky,407
provozovatelů,188
reklamního,320
novinář,100
loterie,408
letadla,409
rádiem,4
diplomacie,410
monitor,96
ohňostroje,411
centrále,193
ministryně,412
domova,413
programu,151
kinech,23
muzea,414
kuchyňské,415
jeviště,416
spot,417
babičky,381
vana,418
dramatizace,419
americké,401
satelitních,42
galerie,420
poslouchala,318
síť,232
server,421
budovy,422
privatizace,423
odvysílán,424
investigativní,425
prohlížeče,426
tunery,427
mobilního,176
fotoaparáty,428
pirátské,429
seriálové,430
zpravodajskou,20
lednicí,15
nábytek,431
černobílé,432
sportu,313
atletika,433
konzumace,434
hudební,435
trezor,436
natáčeli,37
žehlička,437
softwarové,438
cigarety,439
rekvizity,440
filmaře,327
redakcí,441
energetika,442
tajemnice,443
zpěvačka,444
parodie,445
okurky,446
zařízení,447
olympiády,448
kancléřka,449
pokoje,450
brýlí,347
seriálem,16
smartphony,451
auta,452
ruská,453
ordinace,454
restaurace,455
sluchátka,456
internetovou,38
amatérky,457
fotbalu,458
dabingem,459
tramvaje,460
lampy,461
komediální,462
nádobí,463
techniky,464
kosmické,465
police,466
kopírky,467
talentové,468
chůva,469
jídla,470
školství,471
komody,472
živě,473
lavice,474
kuchyň,49
předlohy,475
opony,476
rumunská,477
planetárium,395
ideologie,478
lednici,15
videoklipy,479
fotbal,458
móda,480
pětina,481
displeje,482
arény,483
videokameru,144
moderovat,484
radě,383
spustila,485
stanicích,22
pirátská,429
interaktivity,486
erotika,487
programového,125
postýlky,488
šéfka,489
zábavního,490
media,491
populární,492
nejmenované,493
soudkyně,494
vypnout,359
poslankyně,495
správy,345
elektroniku,162
školní,496
posezení,497
toaleta,498
vysokorychlostního,499
promítání,500
hokejisty,501
kameře,41
doma,502
písnička,406
továrny,503
dětské,504
titulků,505
rádiového,198
vlajka,257
uklízečka,506
prezidentka,507
šéf,370
rekordér,508
barevná,509
zahraniční,510
premiérka,511
placené,512
redaktor,130
videoklipů,479
moderovala,484
knihy,513
škola,220
zvířata,514
radiové,515
káva,516
laboratoře,517
zrcadlovky,518
pozemní,519
pokladna,334
deníky,520
archivní,521
moderátorem,17
bedně,522
přehrávačů,98
máma,523
modelky,364
jídelny,524
ploché,525
federativní,526
chipsy,527
sanitka,528
města,529
zdi,530
pojišťovny,531
hokej,239
konkurenční,532
přehrávání,533
republice,114
obrazová,534
prezentaci,103
dívat,535
dětská,504
novinách,34
prokuratura,536
kosmonautiky,537
vzduchotechnika,538
rozhlasovém,14
žehličky,437
kadeřnice,539
natočit,97
učebnice,540
koleje,541
signál,341
praček,44
stožáry,542
bedny,522
miliardáře,543
tisku,544
tunerem,545
knížkou,546
koprodukci,547
osobnosti,548
kroniky,549
nahrávka,248
ústředna,550
ředitele,551
satelitů,50
volby,552
naladit,553
scenáristy,554
tramvaji,460
vaření,555
záznamové,556
mámy,523
volbami,552
koukat,557
chladničku,284
politiků,147
reprosoustavy,558
marketingová,559
organizace,560
ředitelka,561
zpráv,238
serveru,421
sitcomu,562
novinové,563
filmaři,327
distributoři,564
poličky,565
družic,115
radní,566
rodina,567
pojišťovna,531
dokument,353
mobilních,176
žalobkyně,568
trička,569
webkamery,570
celebrit,171
potravinářské,571
tvůrci,572
tvrdila,573
mašinka,574
četby,240
vysočina,575
srbské,576
extraligy,577
atletiky,433
tiskovin,200
zaměstnankyně,578
kuchařka,579
moderování,484
rocková,580
akvizice,581
uvedla,582
elektronické,583
scénky,584
opera,255
pobočka,585
světa,586
divadlo,149
tajné,587
válka,588
ozvučení,589
literatury,590
ruské,453
sledováním,76
projekci,185
muziku,111
kočka,407
smartphonů,451
pódia,591
projektor,592
turistika,593
košile,594
klipů,595
hokejového,208
outdoorová,596
kanále,92
archívu,597
velkoplošných,169
nahrávání,598
platforma,184
černobílá,432
generálního,599
hlava,600
žurnalistiku,233
balkón,601
trůny,602
diskotéky,603
místnost,227
budově,422
obývacího,604
konzoli,605
ovladač,606
posluchačů,309
jednička,607
pračkou,44
českobudějovické,608
navigace,609
knížek,218
vyšetřovatele,610
rozhovoru,611
provozovatel,188
bulvární,612
sovětské,613
vrtačky,614
lupa,615
zvuková,616
veřejná,236
kuchařky,579
grafika,617
vládní,618
tváře,619
točit,251
sedačka,355
chobotnice,620
herec,621
monarchie,622
večeře,623
knihkupectví,624
poště,137
jogurty,625
odposlechy,626
spotřebitele,627
studentské,628
soukromá,352
pořadatele,629
telekomunikacích,45
srbská,576
osobnost,548
propagace,630
magazínu,631
diktafon,632
sporáky,633
multimediálních,152
propagandu,634
věda,635
dataprojektor,636
strany,637
jihomoravské,638
lidé,639
natáčel,37
skříňka,274
soupravy,640
vysavače,641
časopis,109
pustit,286
elektronická,583
ateliéry,642
natočená,643
olympijského,644
kravaty,645
aplikacích,646
hádky,647
čínská,648
úhlopříčce,136
tisk,544
recepce,649
bulváru,650
videozáznamy,651
chodbě,652
věznice,653
aplikace,646
neziskové,654
anténa,331
kavárna,272
pornografii,85
webová,325
sprchy,266
hospodyně,655
šatny,656
archiv,228
relaci,657
strana,637
zábavní,490
pirátství,658
pokojích,450
energie,659
herce,621
sauně,660
podnikatelka,661
nádražní,662
chalupě,663
energetická,664
metropoli,46
baterie,665
hodinky,666
hlediště,667
státního,668
dramaturgie,223
střižny,669
čokoláda,670
mistrovství,671
trezoru,436
chorvatská,672
mamka,673
herci,621
místnostech,227
vládě,87
mediálních,156
anketa,674
trouby,675
dokumenty,353
audioknihy,676
liberecké,677
reprezentaci,148
rozpočtu,678
festivalové,679
branže,680
socialistické,681
nezávislé,682
matrace,683
nova,684
spořitelně,124
krimi,685
trouba,675
rubriky,686
rozvědky,687
astronomie,688
koupelnu,195
meteorologická,689
telekomunikačních,83
vysočiny,575
státní,668
superstar,690
drah,207
streamování,691
interview,692
kultury,693
panelové,694
přehrávačem,98
populace,695
velkoformátové,696
podoba,697
bible,698
děti,699
vypne,359
režisér,396
publiku,204
pouští,373
ostravské,700
debata,253
outdoorové,701
souprav,640
lyže,702
limonáda,703
wikipedie,704
bance,80
ústřední,705
elektrosoučástky,706
vydavatelské,707
honička,708
kanálech,92
automobilech,709
premiérově,710
pivo,711
šéfredaktor,311
dokumentarista,712
panelová,694
regiony,365
zářivka,307
bodovky,713
detektivka,273
toaletě,498
komory,329
olympijská,644
opice,714
videí,69
záběrech,276
úklidová,715
přístrojů,328
nálada,716
světla,717
servery,718
pravice,719
celovečerní,720
utkání,721
ukrajinská,379
mše,722
popelnice,723
komunistické,293
vlastivědy,724
lokomotiva,725
ankety,674
dálková,726
potraviny,727
natáčecí,728
scénu,153
díly,729
teplárny,730
pravicová,731
pohádku,68
sluchátek,456
mínění,732
spotřebitelé,627
internetových,38
počítači,28
bezdrátová,733
křeslo,127
komentování,734
konzolí,735
večery,736
deníků,520
porota,737
stránek,738
regionálního,299
dějiny,739
lampička,461
lanovky,740
panely,741
finská,742
lodžie,743
krize,744
značka,745
koberce,746
kamna,747
souprava,640
showbyznysu,748
programech,151
nabíječky,749
duelu,750
schůze,751
kauzy,319
loga,752
stejnojmenná,753
vymoženosti,754
kuchyňky,295
sporty,313
mostecké,755
rozvodné,756
počítačích,28
velvyslankyně,757
politická,758
horory,759
bankovnictví,760
bagety,761
letáky,762
kabiny,763
filmového,90
inzerce,764
profese,765
polarizace,766
demonstrace,767
plátna,768
plakáty,769
fotorámečky,770
klimatizací,47
kamarádka,771
mobil,175
impéria,772
kamerového,773
soudu,774
série,775
frekvence,776
teploměry,777
smartphonu,451
stanicí,22
ústavy,778
centra,779
pokoji,450
poezie,780
vzduchotechniky,781
komunikační,782
koncepce,783
charity,784
obrazové,785
teenagery,786
spolupracovnice,787
ostravského,700
humoresky,788
skleróza,789
sledujete,326
kronika,790
kosmická,465
automobilové,358
štábu,197
ligy,791
ratolesti,792
konfederace,793
provincie,794
radiobudíky,795
sestřih,796
vypínání,797
uniformy,798
uklízení,799
rozvojová,800
kreslené,801
četbě,240
dvojice,802
výuky,803
žvýkačky,804
ovladače,606
čokoládu,670
rockové,580
metropolitní,805
kriminálního,806
titulku,505
církve,807
vedení,808
komnaty,55
hysterie,809
designérka,810
helikoptéry,811
natočili,97
produkci,143
zastupitelstva,812
telefonování,813
menšinové,814
thajská,815
ekonomika,816
sledovali,326
provozovatelé,188
agentur,91
médiem,817
posilovna,371
animovaný,818
studovna,819
kampani,246
zásilky,820
čtenářky,821
půjčovny,822
piva,711
poslech,823
postava,824
budoucnosti,825
komiksy,826
rekordéry,827
žehličku,437
kultuře,693
nakladatelství,828
zpěvačky,444
mrtvice,829
elektřinu,264
rozhovory,611
zahrádky,830
bezdrátového,831
domácího,376
scéně,153
hospody,832
havárie,833
městské,834
sanitky,835
poběží,836
inovace,837
krajská,838
masturbace,839
večerního,840
sázkové,841
klobásy,842
švédské,843
mikrofonu,366
zasedla,844
informační,845
fotovoltaické,846
tenis,847
kapsy,848
velmoci,849
neslyšící,850
soutěžící,851
učebna,852
monitorům,96
dívali,535
citovala,853
kultura,693
vypnuté,854
ekonomiky,816
plochá,525
sušička,855
fanoušky,856
samsung,857
novince,858
večer,736
průmyslová,859
ročenka,860
architektura,861
stolky,351
invaze,862
vodárny,863
sociologie,864
kliniky,865
farmacie,866
přenosové,867
sdělování,868
agendy,869
věd,635
grafiky,617
publicistka,870
radary,871
porotě,737
manželka,872
vyrobila,873
prezident,205
toaletu,498
šéfredaktora,311
štědrovečerní,874
žena,875
poskytovatele,876
pardubická,877
zastupitelství,878
fakultní,879
producenta,62
zahrady,880
delegace,881
ovce,882
sporáku,633
sektorové,883
fotbalového,93
počítačových,60
lavičky,884
brněnská,885
tribuny,886
konstrukce,887
ministerstvo,398
akumulátorové,888
terasa,889
sféry,890
nosiče,891
domu,892
jídelně,524
kapela,893
autech,894
tabletech,895
právnická,896
přípojky,181
věci,897
dívá,535
celebrita,171
novinka,858
magazín,631
sekretářka,898
sovětská,613
sat,899
policii,48
odnože,900
satelitním,42
meteorologické,689
zrcadlovka,518
verze,901
tchýně,902
kulisy,393
zemské,903
studiu,155
strategie,904
plyšové,905
švédská,843
thajské,906
balkonu,907
katedry,908
brněnské,885
nabídla,909
značky,745
besedě,910
oznámila,911
letecké,912
zrcadlo,354
tabletu,321
představa,913
norská,914
popularita,915
gramofonové,916
drby,917
učebny,852
kancelářích,145
zásuvky,918
průzkumu,919
balkónu,601
tajná,587
šunky,920
vizualizace,921
výukové,922
operátor,323
kouření,923
postel,133
katolická,924
oblohy,925
prohlížení,926
prádelny,927
týdeníku,928
hymna,929
olympiádě,448
výroba,930
lesbičky,931
rajčata,932
mikrovlnná,933
nože,934
policejní,935
přenosová,867
poslouchali,318
žárovky,936
jídelna,524
sálu,937
tragédie,938
primátorka,939
tepláky,940
agentuře,91
návštěvy,941
tištěné,212
skleničky,942
audiokniha,676
veřejného,236
videozáznam,651
amatérka,943
záběrů,276
pozemního,519
zahradě,880
zadnice,944
seriálech,16
dokumentů,353
přiznala,945
chorvatské,672
biskupská,946
sousedů,947
stránky,738
rodiny,567
sedíte,948
zdravotnictví,949
tuner,950
sledovat,326
zahraničí,951
dění,952
routery,953
elektrárna,346
mikrofonů,366
kanadská,954
přenosná,955
vína,956
zákulisí,957
zveřejnila,958
poslouchá,318
knihtisku,959
čínské,648
médiu,960
petice,961
beseda,910
pláže,962
zapínat,963
kouká,557
podívaná,964
beletrie,965
filmování,966
sekretář,967
olympijské,644
papriky,968
toalety,498
velvyslanectví,969
příjem,970
učebnic,540
rady,383
schránky,971
médiím,972
detektivek,273
půdě,973
nuda,974
prádelna,927
dívají,535
připojení,975
elektrika,976
rolety,977
poslechu,823
krbová,978
stěny,979
belgické,980
prodejny,981
venkovnífitnesspůjčovna,982
bruneta,983
síně,984
radaru,871
vlajkové,985
školka,986
rezidence,987
tabletů,988
prezentací,103
manželky,872
přírody,989
elektrotechnická,990
kavárně,272
scén,153
laboratoř,517
audia,991
dnes,992
činnosti,993
reálie,994
tramvaj,460
zeď,530
finské,742
pracovny,995
serverů,996
zapnuté,997
upozornila,998
stížnost,999
agenturu,91
rakouská,1000
zapne,963
teta,1001
duely,1002
besedy,910
webu,1003
menšina,1004
fitka,1005
reformy,1006
dílů,729
notebooků,146
nahrávek,248
studentská,1007
školky,986
přenosné,955
mládež,1008
placená,512
vypnutí,1009
sestřička,1010
herecká,1011
tiskáren,101
animovaného,1012
bytu,1013
aktivity,1014
moravská,1015
hokejistů,501
záření,1016
lyžařka,1017
anténu,331
prokuratury,536
klipy,595
herečkou,161
národa,1018
kachlová,1019
kuchaře,1020
lokomotivy,725
titulky,505
basketbalová,1021
justici,1022
stanicemi,22
běloruské,1023
pražská,1024
bouřka,1025
zlínské,1026
avantgardy,1027
sportoviště,1028
dětského,504
aféra,1029
zvukové,616
operátorů,323
seděli,948
investice,1030
kurýrní,1031
žánrů,1032
koupelnové,195
vědy,635
osoby,1033
nábytku,431
šéfe,370
olympiáda,448
archivů,228
archivech,228
stránka,738
rušení,1034
formáty,1035
stream,1036
gramatika,1037
snímky,1038
softwarová,438
filmař,327
dálkového,726
centrální,1039
tematické,1040
aerolinky,1041
elektráren,346
politologie,1042
hodiny,1043
federální,1044
průmyslové,859
hospodě,832
ledničce,25
podnikatele,661
medicína,1045
diskotéka,603
českého,191
praxe,1046
kapely,893
zadavatelů,279
kadeřnictví,1047
životospráva,1048
poplatky,1049
zakázala,1050
mikrofon,366
tabákové,1051
pravicové,731
sekačka,337
mamky,1052
univerzitní,1053
sousedé,947
fronta,1054
světlo,717
brazilské,1055
tělocvičny,1056
lidová,1057
eská,1058
sedačce,355
poroty,737
obraz,397
jogurtů,625
symfonie,1059
laserové,1060
farmaceutická,1061
věže,1062
pekárny,1063
četbu,240
záchod,1064
peřiny,1065
vydavatele,1066
porady,1067
drony,1068
čtení,1069
sestavy,1070
lékařka,1071
žánry,1032
komunikace,1072
radarové,1073
gymnastika,1074
indická,1075
nemocnici,117
gynekologie,1076
občany,1077
balkóně,601
studentky,1078
rybičky,1079
moře,1080
rychlovarné,265
speciály,1081
filmovou,90
tematická,1040
družiny,1082
kurie,1083
hotelová,282
krajina,1084
školské,1085
éře,1086
studentka,1078
kmitočty,1087
žaloba,1088
šatna,656
funkce,1089
žalobě,1088
potravinářská,571
lampičky,1090
limonády,703
popularity,915
stíhačky,1091
násilí,1092
lustry,1093
hospůdky,1094
letectvo,1095
nájemníci,1096
povlečení,1097
displejů,1098
vrtačka,614
maminka,1099
volbě,552
demence,1100
ateliérech,1101
rumunské,477
divadel,149
opoziční,1102
stadionu,1103
republik,114
lampou,461
operátory,323
webových,325
nizozemské,1104
hvězdárna,270
tepláčky,1105
víno,956
aerolinek,1041
zobrazování,1106
internetový,38
ekonomie,1107
šetření,1108
kávy,516
herců,621
katedrály,1109
novinky,858
monitorem,96
streaming,1110
tiskárnu,101
například,1111
kola,1112
skříněk,274
zapnu,963
tendru,1113
podívanou,1114
nabídky,1115
kulinářské,1116
panelového,694
inteligence,1117
pustím,286
šéfa,370
hollywoodské,1118
archivy,228
učebně,852
kečup,1119
lehátka,1120
sedadla,1121
komiksové,1122
recese,1123
plátno,768
brazilská,1055
počítačem,28
zapnete,963
tribuně,886
meruňky,1124
bedna,522
generální,599
spolubydlící,1125
hračka,172
církev,807
optice,1126
laserová,1060
knih,513
suita,1127
iluze,1128
kabinetu,1129
nevěra,1130
oblečení,1131
příjmu,970
prezidentského,209
portugalská,1132
ekonomice,816
sněmovně,217
stáhla,1133
trafiky,1134
ohlásila,1135
albánské,1136
technologii,138
scénárista,1137
hitparády,1138
celebritou,1139
antén,331
miss,1140
písniček,406
stoly,1141
vojenství,1142
konverzace,1143
fráze,1144
lidi,639
koutech,1145
pohádce,68
pozvala,1146
židličky,1147
stopa,1148
konference,1149
pořadatelů,629
mrazáky,1150
vyšetřovatelé,610
bulharská,1151
korejské,1152
sesterská,1153
nahrávat,1154
tiskového,119
kulisu,393
radního,1155
autorská,1156
komiks,826
jogurt,625
konzoly,1157
gastronomie,1158
síň,984
vtípky,1159
pochoutky,1160
čekárně,1161
reflektorů,1162
protagonisté,1163
irácké,1164
ředitel,551
prezidenti,205
energetice,442
nástěnná,1165
stroje,1166
židli,192
vyšetřovací,1167
holky,1168
gastronomii,1158
skříň,237
pracoviště,1169
paraboly,1170
kancelářská,262
samosprávy,363
nezávislá,682
charita,784
kraje,1171
fotografové,1172
anketě,674
dronů,1068
architektury,861
bohoslužeb,1173
kalhoty,1174
vysokorychlostní,499
pokojíčku,1175
rekla,1176
ředitelství,1177
dálkové,726
žalovat,1178
vypnul,359
hosty,1179
nakupování,1180
díváte,535
výdajích,1181
řada,1182
pobočky,585
strojírenská,1183
menšiny,1004
cyklistika,1184
debat,253
výroby,930
lahůdky,1185
vlajková,985
balkoně,1186
odposlechů,626
fén,1187
pustí,286
renomované,1188
přenos,54
knížka,218
časovače,1189
věšáky,1190
představitelka,1191
rozhovorů,611
kanadské,954
tramvají,460
světelná,1192
legie,1193
autobusech,1194
totality,1195
práce,1196
uvedly,582
meteorologie,1197
ústředí,1198
digitálních,70
usínání,1199
advokátka,1200
polička,565
éry,1086
stadiony,1103
předsednictví,1201
vitríny,1202
revue,1203
soukromí,352
ženy,875
mladé,1204
blondýnka,1205
předplatitele,1206
hereček,161
kritika,1207
pouštím,1208
odbornice,1209
fólie,1210
amatérské,314
kauze,319
chytrých,332
zápasy,1211
stolkem,351
tvůrců,572
encyklopedií,258
slavné,1212
tvář,619
paměti,1213
promluvila,1214
stranické,1215
nahá,1216
vozidla,1217
logo,752
talk,1218
polici,466
pustíte,286
programový,125
stůl,1141
kamerový,773
zprávami,238
studie,1219
nealkoholické,1220
nacionalistické,1221
čtenáře,1222
ředitelky,561
pizzerie,1223
síťové,1224
paneláku,1225
pěvecká,1226
smartphone,451
dotázaných,1227
řeči,1228
obliba,1229
dánské,1230
nezisková,654
zaměstnanci,1231
rakouské,1000
fanynky,1232
investovala,1233
pětka,1234
stěžovatele,1235
šibenice,1236
kadeřníka,539
sušičky,855
socialistická,681
včera,1237
nakoupila,1238
koutrestauracevenkovní,1239
astronomické,1240
divadlech,149
přijímacích,1241
elita,1242
poslouchat,318
rentgenové,1243
stavebnice,1244
psací,1245
zem,268
skupina,1246
reproduktory,1247
cukrárny,1248
optické,1249
kuchařské,1250
ikona,1251
ministerstev,398
vysavač,641
fanoušci,856
dráha,207
reforma,1006
silvestrovské,1252
hostila,1253
ústava,778
sledovalo,326
vlaku,1254
loterii,408
švestky,1255
krajiny,1084
žalobce,568
producent,62
hlavy,600
olympiádu,448
kamarádky,771
odbavovací,1256
pamětníky,1257
historie,1258
literatura,590
radarů,871
šampionátu,1259
značkové,1260
holka,1168
umělce,1261
továrna,503
výkonné,1262
lišky,1263
zábavu,194
melodie,1264
časopisu,109
tuzemského,244
krbu,1265
jihlavské,1266
sesterské,1153
elektrická,342
úterního,1267
stožáru,542
značková,1268
písma,1269
předvolební,1270
evoluce,1271
tablet,321
vířivka,1272
sociální,1273
parkoviště,1274
výčepní,1275
spisovatelky,1276
japonské,1277
okurka,446
čtečky,1278
vnučky,1279
prezidentem,205
lidové,1057
sokolovny,1280
radiátory,1281
houpačky,1282
panička,1283
vicepremiér,1284
soukromého,352
ústecké,1285
stěna,979
radnici,121
kávovary,1286
drogerie,1287
osvětlovací,1288
světelné,1289
demokratická,1290
sporák,633
hradecké,1291
výuka,803
vysílači,1292
psacího,1245
aréna,1293
poslanci,348
zahradní,1294
rakovina,1295
pochutiny,1296
bytě,1013
letecká,912
projekcí,185
program,151
počítačovou,60
světová,1297
klasiky,1298
vytápění,1299
svítilny,1300
sody,1301
omalovánky,1302
elektrotechniky,1303
legislativa,1304
stížnosti,999
marketingové,559
samostatné,1305
pustili,286
rozvojové,800
sítí,232
atletice,433
poslanecké,1306
radních,1307
pily,1308
sportovní,1309
konzumaci,434
kosmonauty,1310
zastupitelka,1311
připravila,1312
úřadu,1313
marmeláda,1314
demokratické,1290
fotoaparátů,428
obce,1315
kancléřky,449
scenárista,554
domovská,1316
sportů,313
nehody,1317
geologická,1318
sjezdovky,1319
exteriérů,1320
jihočeské,1321
parlamentního,187
senátní,1322
abeceda,1323
firem,230
neplacené,1324
observatoře,1325
papírny,1326
ruštiny,1327
zoo,1328
desktopové,1329
kšiltovky,1330
lobby,1331
porucha,1332
kriminální,806
finálové,1333
lavici,474
naučné,1334
vířivce,1335
australské,1336
baví,1337
snídaně,1338
kandidátky,1339
studiová,1340
bulvár,650
postelí,133
lži,1341
uzeniny,1342
dcery,1343
programových,125
formátů,1344
kreativita,1345
bačkory,1346
námětu,1347
zaměstnance,1231
zemětřesení,1348
revoluci,104
stadionech,1103
privatizaci,423
návštěva,941
herečce,161
šířila,1349
chlebíčky,1350
iniciativa,1351
areně,1352
školáci,1353
natočené,1354
biatlonu,1355
svačiny,1356
mikrovlnnou,1357
večerní,840
relaxovat,1358
univerzit,300
větrák,1359
plynové,1360
pracovnice,1361
adaptace,1362
léčebny,1363
obrazového,785
termostaty,1364
manažerka,1365
příjmem,970
oslovila,1366
svědkyně,1367
župany,1368
šestice,1369
lehnout,1370
belgická,980
kamerových,1371
domaci,1372
potravin,727
premiér,201
barové,1373
poradny,1374
hlídací,1375
lampa,461
záznamu,1376
klasika,1377
přenášet,1378
lež,1341
lyžařské,1379
režiséra,396
osoba,1033
optická,1249
šumavské,1380
observatoř,1381
koutky,1382
brunetky,1383
herecké,1011
posluchačům,309
přijímačem,52
sedací,1384
krajské,838
žehlení,1385
příruční,1386
farmaceutické,1061
kosmetiky,1387
brněnského,885
rodinná,1388
hra,304
podniky,1389
spolupracovník,1390
recepci,649
krabičky,1391
jinam,1392
sauna,660
jednotky,1393
stereofonní,1394
premiérové,1395
zástupce,1396
sledovaly,326
legendy,1397
antikoncepce,1398
národní,1399
táty,1400
bezplatné,1401
školská,1085
choroba,1402
záchodě,1064
regionálních,299
vědecká,1403
kávovar,1286
vyšívání,1404
mozku,1405
dámy,1406
nápoje,1407
pohádková,1408
komunistů,1409
reflektory,1162
distribuci,215
čtenářka,821
uspěla,1410
přenosného,955
vybavení,1411
plzeňská,1412
vany,1413
obsluha,1414
tělovýchovy,1415
geografie,1416
komiksů,826
basketbalové,1021
vlastnila,1417
studentského,628
popelnic,723
atletické,1418
pokuty,1419
přístroj,328
pardubické,877
politické,758
kuželky,1420
distributorů,564
provozovala,1421
moderní,1422
umyvadla,1423
posluchači,309
semifinálové,1424
tabuli,288
vodárenská,1425
prezidentskou,209
čtecí,1426
souseda,947
interprety,1427
zaměstnanec,1231
koncerty,1428
tričko,569
koalice,1429
panelů,741
produkovala,1430
bankomatu,1431
seniory,1432
zadluženost,1433
haly,1434
respondenta,1435
přehrávači,98
tištěného,212
pauza,1436
filmový,90
špionážní,1437
děvčata,1438
umělkyně,1439
koukali,557
aféry,1029
tenistka,403
teenagerů,1440
voda,1441
strojvedoucího,1442
pustil,286
polovodičové,1443
držáků,1444
sopka,1445
interaktivních,254
osvětlení,1446
studenty,1447
půjčování,1448
fanoušků,856
oči,1449
právnička,1450
jídlo,470
trojrozměrné,1451
paprika,968
francouzské,1452
říše,1453
sportování,1454
záře,1455
natočí,97
nečinnosti,1456
zdrojů,1457
hackeři,1458
četnická,1459
soustavy,1460
holčička,1461
lékárna,1462
tiskárnou,101
pláž,962
mikrovlnné,1463
obdoba,1464
promítací,1465
podsvícením,1466
handicapované,1467
politice,287
radioterapie,1468
nahrávce,248
národu,1018
sítích,232
telefonu,150
střechy,1469
interiéry,1470
surfování,1471
turecké,1472
tuzemských,244
anime,1473
relací,95
stožár,542
bižuterie,1474
mixéry,1475
válet,1476
ostuda,1477
dějin,739
gramofony,1478
běží,836
vlakového,1479
pokojů,450
studovny,1480
viděla,1481
prostřednictvím,1482
licenci,324
aerolinií,84
třetina,1483
půjčovna,822
zapnout,963
vily,1484
hlášky,1485
kreslený,801
kladenské,1486
pláži,962
dabér,1487
společností,81
nástěnky,1488
fikce,1489
kuchyňská,415
městská,834
pódium,591
dívám,535
primátorky,939
vestavné,1490
poliklinika,390
jedničky,607
výkonná,1262
losování,1491
spolková,1492
stěžovala,1493
zakázky,1494
videokamer,144
křesílko,127
témata,1495
písně,1496
poslanců,348
reformě,1006
svítidel,1497
stolků,351
monopolu,1498
syrská,1499
gymnastka,1500
kalhot,1174
cykloturistika,1501
recepční,1502
marketingu,1503
doktorka,1504
dokumentárních,135
čistírny,1505
designéři,1506
penze,1507
hudbě,108
distributory,564
hřiště,1508
hygiena,1509
neurologie,1510
jihočeská,1321
identita,1511
fanouška,856
epizody,1512
expozice,1513
senátorka,1514
odnož,1515
pracovna,995
korupce,1516
výpravy,1517
vize,1518
stereo,1519
spuštění,1520
volbám,552
provozovateli,188
premiérou,242
sebevražda,1521
chatu,1522
zdravotnická,1523
navigační,1524
poslouchají,318
zásuvka,918
dramaturgii,223
stranického,1215
čepice,1525
oblíbené,1526
kulečník,1527
periodik,1528
ministra,1529
bulharské,1151
producenti,62
solární,1530
voleb,552
soudnictví,1531
krajů,1171
herní,1532
večerů,736
věcí,897
miliardář,543
zdravotnické,1523
příjmy,970
trampolíny,1533
netbooky,1534
volba,552
varná,1535
komoře,329
dánská,1230
vyrábějící,1536
cigaret,439
oblíbeného,1526
podmořské,1537
důchodce,1538
nizozemská,1104
sednout,1539
orientace,1540
klimatizované,1541
bouře,1542
pozvánky,1543
inspekci,75
autorádio,229
bakterie,1544
expedice,1545
hospodách,832
brečela,1546
babi,1547
konstituce,1548
promítat,1549
natáčením,37
epizod,1512
věž,1062
pomůcky,1550
baterky,1551
točí,251
kompilace,1552
hubnutí,1553
peníze,1554
kanálem,92
videla,1555
vařiče,1556
zařízeních,447
pojišťovně,531
hraček,172
elektronice,1557
platforem,184
akademická,1558
popularizace,1559
sušičce,855
hymny,929
generace,1560
automobily,709
tenise,847
potravina,727
náramkové,1561
hláška,1485
supermarkety,1562
pokojová,1563
financovala,1564
sama,1565
všudypřítomné,1566
centralizace,1567
litoměřické,1568
bohoslužba,1173
díla,1569
norské,914
spát,1570
potravinářství,1571
učebnách,852
reproduktorů,1247
vestavěné,1572
facebookové,1573
sklářská,1574
přestávky,1575
sestra,1576
budova,422
aukce,1577
sdělení,1578
sousedy,947
spektra,1579
kolotoče,1580
dívala,535
spotřebitelů,627
situace,1581
videozáznamu,651
prohlásila,1582
hasičské,1583
účastnice,1584
klimatizovaná,1585
odborů,1586
africká,1587
tělocvična,1056
neděli,1588
francouzská,1452
chemoterapie,1589
prostitutky,1590
tělovýchovné,1415
linky,1591
tašky,1592
autorka,1593
záliby,1594
respondenty,1435
exilové,1595
slavná,1212
záležitosti,1596
koutku,1382
sobotního,1597
pece,1598
učitelka,1599
mikrofonem,366
telefonům,150
paměťová,1600
ložní,1601
sanitární,1602
připojené,1603
svatby,1604
financí,1605
okno,317
filmoví,90
rakety,1606
infrastruktura,1607
kazety,1608
klasické,1609
ústavní,1610
tomografie,1611
katolické,924
zakoupila,1612
prozradila,1613
dospělé,1614
kauzu,319
pravoslavná,1615
mašinky,1616
umění,1617
dotykové,1618
hejtmanství,1619
obrněné,1620
sídliště,1621
letadle,409
zmrzlina,1622
zámecké,1623
švýcarské,1624
ekonomka,1625
republic,1626
producenty,62
kalifornské,1627
rodinka,567
režiséry,396
trampolína,1533
sledují,326
periferie,1628
střecha,1469
letáků,762
pravdy,1629
polská,1630
zpěváky,1631
terase,889
vypustila,1632
železniční,1633
klimatizační,1634
inzerci,764
mluvené,1635
éra,1086
hrané,1636
zahrádka,830
deky,1637
uživatele,1638
běželo,836
dívka,1639
plzeňského,1412
světoznámé,1640
lavička,884
hovory,1641
sportovce,1642
ředitelé,551
mluveného,1635
zábavou,194
herečku,161
grafice,1643
brašny,1644
divadle,149
koruna,1645
průmysl,1646
provenience,1647
supermarketů,1562
tiskovou,119
povstalci,1648
dálnice,1649
vakuové,1650
detektivní,1651
kravina,1652
sedím,948
nepustili,286
planeta,1653
natočeny,97
předsíni,1654
stmívání,1655
rallye,1656
českých,191
sestava,1070
natočení,1657
slyšení,1658
tištěných,212
rekonstrukce,1659
sněmovnou,217
klání,1660
týdeník,928
tiskárně,101
tele,1661
kutily,1662
sondy,1663
pilulky,1664
publikace,1665
poliček,565
německá,1666
vojska,1667
úspornější,1668
prostituce,1669
emigrace,1670
vědomostní,1671
ředitelce,561
vlastněná,1672
panelový,694
dílny,1673
konektivita,1674
závodnice,1675
výbojky,1676
samoobsluhy,1677
holandské,1678
instalace,1679
asistentka,1680
přestávce,1575
fotografické,1681
skluzavka,1682
ručníky,1683
jiná,1684
biskupské,946
řeč,1228
loterií,408
balkon,601
novinových,563
klubovna,1685
volební,1686
divočina,1687
agrární,1688
hudebního,435
minibarem,256
vnitra,1689
designová,1690
onkologie,1691
nábytkové,1692
polygrafie,1693
kartografie,1694
běžela,836
bomba,1695
půlnoci,214
obezita,1696
dáma,1406
plavky,1697
mříže,1698
žehličkou,437
prostředí,1699
hypotéky,1700
muzeum,414
propagaci,630
teplákové,1701
autobusu,1194
fary,1702
divočině,1687
datová,1703
úschovna,1704
archív,597
nůžky,1705
animaci,1706
věřitele,1707
leasingové,1708
digitálně,1709
brečí,1546
levicová,1710
chvíle,1711
hokejovou,208
popularizaci,1559
městského,834
počítačům,28
diagnóza,1712
nabídka,1115
ochranky,330
pořadatelé,629
regionů,365
sekce,1713
službě,99
hlídka,1714
románové,1715
pyžama,1716
vzpoury,1717
husitská,1718
katastrofy,1719
elektrozařízení,1720
erotické,1721
snímání,1722
naučných,1723
šunka,920
baterka,1551
gymnastice,1074
rodičovská,1724
forenzní,1725
panel,741
trojice,1726
uši,1727
vojáky,1728
liga,791
zbrojnice,1729
sestřenice,1730
podhledy,1731
finalistky,1732
spisovatelka,1276
příspěvkové,1733
pány,1734
vlastněné,1672
bankovky,1735
dějepisu,1736
dárky,1737
svátky,1738
tamní,1739
sponzorů,1740
divočiny,1687
restauraci,455
vědecké,1403
slečna,1741
informovaly,224
výprava,1517
kuchyňského,415
asiatky,1742
fantazie,1743
tvorby,1744
povolena,1745
vojenská,1746
spolupráce,1747
výdaje,1181
infrastruktury,1607
prezentační,1748
malířství,1749
půjčka,1750
trpaslíka,1751
zemského,903
zemědělská,1752
myslivost,1753
videoklip,479
poštu,137
usíná,1754
posezením,1755
koukají,557
chirurgie,1756
vědě,635
herna,1757
demonstranty,1758
autobuse,1194
zrcadlovku,518
židlemi,192
směnárna,1759
lékařská,1760
kabeláže,1761
optického,1249
mozaika,1762
technice,464
polokoule,1763
páteř,1764
povstalecké,1765
lékařské,1760
krajského,838
rušit,1766
specializovaná,1767
brigády,1768
projekční,1769
dokumentace,1770
školáka,1771
uváděla,1772
galaxie,1773
protiraketové,1774
vévodkyně,1775
italská,1776
většiny,1777
snímek,1038
sedět,948
netu,1778
speciálu,1779
pražské,1024
lyžování,1780
zpravodaje,1781
sezóna,1782
displej,482
maďarská,1783
strojní,1784
moderoval,484
kotelny,1785
eské,1786
odborové,1787
rádiových,198
byznysu,1788
zasedání,1789
dramatická,1790
sdělila,1791
energetiky,442
špičková,1792
obecního,1793
stavebnictví,1794
stavby,1795
komedií,203
lékárny,1462
kuchyní,49
nekuřácké,1796
modernější,1422
lékařství,1797
sledoval,326
kubánské,1798
představivost,1799
opona,476
zvuk,1800
škol,220
telefonem,150
atmosféra,1801
aktualita,1802
soutěž,385
moderuje,484
smíchy,1803
zapnutí,1804
letošního,1805
relacích,95
ovladačem,606
záchody,1064
hotelu,1806
dobroty,1807
obžaloba,1808
žánrové,1809
dceřiné,1810
úsporné,1668
scénáře,1811
posluchač,309
vnímání,1812
poradkyně,1813
nekomerční,1814
studiové,1815
reportážní,40
letadlo,409
distributora,564
koupelnou,195
pustíme,286
fotoaparátu,428
policejního,935
populárnější,492
běžecké,1816
pozemské,1817
kancelářskou,262
vydavatelů,1066
telefonáty,1818
korporací,259
odstartovala,1819
liturgie,1820
nahé,1216
pohlednice,1821
stěně,979
marihuana,1822
prádla,281
grafická,1823
vyhodila,1824
karaoke,1825
kabelu,1826
solária,1827
domovů,413
radar,871
ventilátor,1828
selfie,1829
držák,1830
infračervené,1831
přenosových,867
kabelů,1832
elektrotechnické,990
hledišti,667
kasy,1833
benzinky,1834
hořčice,1835
koleji,541
psychiatrické,1836
kopírka,467
zobrazovací,1837
maminy,1838
armádě,275
tržnice,1839
slyšet,1840
budoucnost,825
nějaká,1841
regulace,1842
předvoleb,1843
úsporám,1844
playlisty,1845
zápasu,1211
hlasitosti,1846
sídla,1847
dramaturgem,223
žehlit,1848
panelu,741
přehrady,1849
nefungovala,1850
obecenstvo,1851
odborníky,1209
některé,1852
populárního,492
dozorčí,1853
bodová,1854
seděla,948
velkoměsta,1855
církvi,807
pravoslavné,1615
jednotka,1393
informatiky,1856
vystoupení,1857
zakázka,1494
úložného,1858
kalamita,1859
blogů,1860
veřejných,236
nekvalitní,1861
turecká,1472
supermarketu,1562
přijímací,1241
smart,1862
farnost,1863
koutek,1382
zavěšené,1864
muzikály,1865
zoologické,1866
nervozita,1867
mikiny,1868
jedničce,607
mincovny,1869
tenisty,1870
svobodné,1871
nabídkou,1115
uvítala,1872
úsporná,1668
žaloby,1088
dvojce,211
skříňce,274
jaderné,1873
dotyková,1874
bikiny,1875
konvergence,1876
finálového,1333
uzenin,1342
letadlech,409
osušky,1877
knihoven,167
pantofle,1878
obnovitelné,1879
iniciativy,1351
vyzvala,1880
autorita,1881
gymnázia,1882
porotci,1883
křesťanská,1884
československého,289
lidovců,1885
konektivity,1886
kvalita,1887
her,304
republikou,114
prý,1888
čtveřice,1889
natočil,97
trafika,1134
meteorolog,1197
osvětlování,1890
venkovní,1891
liška,1263
milenka,1892
psychiatrická,1836
pravda,1629
konkurzu,1893
budovou,422
popové,1894
infarkt,1895
konstatovala,1896
úřednice,1897
bezpečnost,1898
čistička,1899
stolice,1900
bulvárních,612
palubky,1901
učení,1902
obývací,604
gymnastiky,1074
přestávka,1575
zvířátka,1903
architektuře,861
dobrodružné,1904
podnikatelská,1905
pokladnice,1906
vlna,1907
ovládaná,1908
léky,1909
klienti,1910
poplatcích,1049
medailistka,1911
sednu,1539
telefonního,1912
spustí,485
plynárny,1913
hraného,1636
jahody,1914
koupaliště,1915
terminologie,1916
výtvarné,1917
babiček,381
úřady,1313
mobilem,175
nejsledovanějších,78
špína,1918
představitelů,1919
dneska,1920
princezny,1921
dneška,1922
separatistů,1923
sousedům,947
demokracii,336
půjčky,1750
sponzoři,1740
fakultě,315
rádiový,198
hosté,1179
lev,1924
předvolby,1843
nebaví,1337
sekačku,337
obývák,31
opěradla,1925
nosičích,891
sponzory,1740
kabina,763
exploze,1926
technologické,1927
půlnoční,1928
svěřila,1929
kšiltovka,1330
elektrického,342
postavičku,1930
legislativy,1304
procesory,1931
rybářství,1932
pohádkové,1408
sklárny,1933
rakve,1934
zájezdy,1935
plážové,1936
podsvícení,1937
záchranky,1938
dívky,1639
prostorách,1939
důchodci,1538
dřevotříska,1940
signály,341
ceremoniál,1941
půjčku,1750
připojená,1603
šňůry,1942
protagonisty,1163
hale,1434
bezdrátových,1943
vydavatelé,1066
ředitelku,561
promluví,1214
malba,1944
okupační,1945
obří,1946
modernizace,1947
dekorace,1948
papežské,1949
sledující,1950
vrátnice,1951
trávili,1952
mateřské,1953
nadnárodní,1954
stolního,402
premiéru,242
ranního,1955
partnerka,1956
soutěži,385
fotografka,1172
neviděla,1481
točení,1957
příručky,1958
reprezentanti,1959
novinářům,100
hlasitost,1846
edice,1960
pracovníky,1961
představitelé,1919
zahrada,880
bioplynové,1962
zpěvačce,444
hlasování,1963
sedaček,355
materiály,1964
ultrabooky,1965
scenérie,1966
manželská,1967
zvuku,1800
fotbalisté,1968
místopředsedkyně,1969
vlastníka,1970
indické,1075
výstaviště,1971
skříni,237
květina,1972
manažeři,1973
zóna,1974
automatizace,1975
pilotního,1976
výzdoba,1977
živé,1978
italské,1776
zásuvce,918
pobavila,1979
malby,1944
vývojářské,1980
nevidomé,1981
paralyzéry,1982
svačina,1356
kurvičky,1983
hor,335
holčičky,1461
senioři,1984
didaktické,1985
banku,80
derby,1986
benzínové,1987
udílení,1988
ikonka,1989
klubovny,1685
romantika,1990
pulty,1991
paměť,1213
moravské,1015
reklamních,320
motorky,1992
mrtvici,829
brunetka,1993
volejbalové,1994
senátu,1995
gardy,1996
zástava,1997
dovolená,1998
chřipka,1999
německé,1666
designové,1690
muzikanty,2000
lidí,639
narativů,2001
plošiny,2002
námětů,1347
vnuka,2003
vypínače,2004
linuxové,2005
vysílačem,260
bavit,1337
příznivce,2006
reorganizace,2007
dozvěděla,2008
sjezdovce,1319
archeologie,2009
halenky,2010
finalisté,2011
mise,2012
samotné,2013
kosmetika,1387
kabině,763
bezdrátový,831
turistické,2014
hypotéka,1700
pořizování,2015
ostraha,2016
odpadkové,2017
nabíječka,749
bohoslužby,1173
košili,594
parku,2018
partička,2019
opravář,2020
zemědělství,2021
obecenstva,1851
vodárenské,2022
osobností,548
portálů,2023
sopky,1445
finalistka,2011
zábavné,2024
technické,2025
telefonní,1912
prostěradla,2026
vizuální,2027
posádka,2028
nevládní,618
naštvalo,2029
přistýlky,2030
webů,2031
maďarské,1783
miláčky,2032
hybridní,2033
čaje,2034
partnery,1956
únava,2035
šoubyznysu,2036
zjistila,2037
řecká,2038
přednášky,2039
posadí,2040
dluhopisů,2041
spánku,2042
službu,99
tribuna,886
konkurenty,2043
skleníky,2044
službou,99
vynález,2045
alternativa,2046
živého,1978
minulosti,2047
proměny,2048
odborníci,1209
středohoří,2049
spouští,2050
fotogalerie,2051
poslouchám,318
úklidové,715
desky,2052
půjčila,2053
půjčovat,2054
západní,2055
vynálezy,2045
mexická,2056
firmě,230
rozbité,2057
saunování,2058
pódiu,591
plazmě,116
historky,2059
předvolebních,1270
novostavba,2060
hadice,2061
manželek,872
linie,2062
neběží,2063
litevské,2064
kongregace,2065
velvyslance,2066
přenášen,2067
dlažba,2068
historiky,2069
prodeje,2070
myčku,142
tuzemsku,2071
kompozice,2072
předložila,2073
vicepremiéra,1284
experty,2074
přípojku,2075
házená,2076
arena,2077
poradenská,2078
konkurenci,361
kouty,1145
jugoslávské,2079
skřínka,2080
večeři,623
fanda,2081
sebevraždě,1521
komiksu,826
kazatele,2082
sauny,660
karikatury,2083
cibule,2084
hudb,2085
psychiatrie,2086
svědci,1367
špička,2087
informovalo,224
assfucking,2088
hokejisté,501
karta,2089
mapy,2090
pražského,1024
pitva,2091
obrněná,1620
hraná,1636
vybírala,2092
japonská,1277
interiérech,1470
lékařky,1071
hudebníci,2093
golfová,2094
vojenské,1746
stávka,2095
sladkosti,2096
nabízela,2097
laboratoři,517
prohlížeč,426
výmalba,2098
poplatků,1049
zákonodárců,2099
fronty,1054
výtvarníky,2100
konvici,302
střelnice,2101
dispečinku,2102
polské,1630
impérium,772
ortopedie,2103
viry,2104
poháru,2105
oken,317
australská,1336
hromada,2106
středočeské,2107
krasobruslení,2108
skupiny,1246
protikorupční,2109
vodárna,863
anténní,2110
hora,335
články,2111
křesťanské,1884
regály,2112
pastelky,2113
odhalila,2114
koncová,2115
čistírna,2116
kafe,2117
filosofie,2118
stadionů,1103
okénko,2119
lampu,461
schůzky,2120
zásuvek,918
vrtulníky,2121
levicové,1710
penzionu,2122
autorské,1156
světice,2123
trika,2124
bavorská,2125
vtipná,2126
chemické,2127
zvracet,2128
činnost,993
šperky,2129
exteriéry,2130
ateliérů,2131
aktéři,2132
balkony,2133
spisovatele,2134
interpretů,1427
hala,1434
ráno,2135
sázkových,2136
trilogie,2137
místností,227
sprchu,266
tankové,2138
informování,2139
výstavy,2140
dřevařské,2141
biografie,2142
dceřiná,1810
bezplatná,1401
schránka,971
pronikla,2143
akce,2144
třetiny,1483
dějiště,2145
technologická,1927
sousedi,947
okamžiky,2146
drama,357
spuštěné,2147
brutalita,2148
medicínské,2149
tisícovky,2150
starostka,2151
šatně,656
zabavení,2152
vinařské,2153
titulek,505
nebankovní,2154
potvrdila,2155
palubního,2156
zelenina,2157
apartmánech,2158
sloupy,2159
vnučka,1279
lahůdek,2160
facebooku,2161
teploty,2162
klubové,2163
zřízení,2164
spisová,2165
digitálním,70
natočeno,97
módy,480
diety,2166
nedělního,2167
technologiích,138
hity,2168
konzumuje,2169
květiny,1972
objevovala,2170
omluvila,2171
vestavby,2172
výrobců,2173
zásada,2174
výtvarná,1917
kolegy,2175
geographic,2176
výtvarnice,2177
minuta,2178
tradice,2179
deníku,520
koncertů,1428
snímkování,2180
výpočetní,2181
přenosem,54
kopie,2182
hardwaru,2183
nálady,716
provozování,2184
pelíšky,2185
vzdělávací,2186
soustava,1460
partnerky,2187
masérka,2188
grafici,2189
draslíku,2190
redaktorem,130
kanalizace,2191
kauzou,2192
autobaterie,2193
hlasová,2194
stojany,2195
titulcích,505
medicíny,1045
celonárodní,2196
jízda,2197
rozvaděče,2198
podoby,697
buňka,2199
příroda,989
stáje,2200
koaliční,2201
optika,1126
konkurenta,2043
buňky,2199
vězení,2202
manžela,2203
debatách,253
dopravní,2204
výzdoby,2205
nebe,2206
zapnutou,2207
uměleckoprůmyslová,2208
režisérů,396
oceánů,2209
misie,2210
občané,1077
nástupnické,2211
plyšová,2212
náměstí,2213
úschovy,2214
mikina,1868
sluchátky,456
šelma,2215
krade,2216
vykázala,2217
vydělala,2218
ohebné,2219
značek,745
hrami,304
interiérů,1470
nakupuje,2220
notebookem,146
výstavby,2221
elektronického,583
mladá,1204
licenční,2222
kompresory,2223
archiválie,2224
kritizovala,2225
prostitutka,2226
nedělních,2167
kariéra,2227
lišta,2228
modelingu,2229
sekretariátu,2230
mikroskop,2231
fotbale,458
vody,1441
vládu,87
satirické,2232
úloha,2233
filharmonií,128
držáky,2234
blogy,2235
zaznamenala,2236
vesnice,2237
hraní,2238
ekonomiku,816
sklo,2239
hvězdě,290
horká,2240
balonky,2241
konkurencí,361
nejoblíbenější,1526
fotoaparát,428
koláče,2242
karty,2089
dlaždice,2243
léta,2244
hračku,172
odpočinout,2245
spolupracovníky,1390
fotografy,1172
návštěvníci,2246
hitparádě,2247
dnešní,2248
povídala,2249
kočkou,407
podniků,1389
jiné,1684
syrské,1499
vlajek,257
části,2250
hledáčku,2251
vězeňské,2252
vyráběla,2253
centrálního,1039
předloha,475
festivalu,2254
hlasové,2194
síni,984
koledy,2255
služka,2256
výživa,2257
obchodní,2258
magistrály,2259
vlasové,2260
rozpočty,678
průvodkyně,2261
českobudějovického,608
specialita,2262
tváří,619
klienty,1910
baterietypanalogovétvar,2263
slovenského,285
asistentky,2264
právnické,896
institucí,113
politikům,147
myšlenka,2265
povinnost,2266
ukazovali,2267
koupelnového,2268
softwaru,2269
představila,2270
schizofrenie,2271
přišla,2272
unii,164
formule,2273
většinové,2274
sezení,2275
brusky,2276
klubová,2277
pouliční,2278
myšlenky,2265
prohlížečů,426
energetiku,442
vestavěná,1572
legíny,2279
masová,2280
lže,2281
tvrdil,573
organizátory,2282
osazenstvo,2283
experimentu,2284
svetry,2285
policisty,2286
klávesnici,225
písničkami,406
plynárenská,2287
bezdrátovou,2288
čerpadla,2289
transplantace,2290
návrhářka,2291
promítán,2292
vášeň,2293
nestátní,668
šampionátů,1259
operátorům,323
nové,2294
výzkumná,2295
záchodu,1064
rozbila,2296
brýlemi,347
exkluzivně,2297
přehlídka,2298
lva,1924
knihovnou,167
nevzala,2299
tisícovka,2150
držáku,2300
kabely,1832
záznam,1376
kardiologie,2301
informovanosti,2302
věznic,653
lékaře,2303
lopatky,2304
konvicí,302
dálnic,1649
uměleckoprůmyslové,2208
financování,2305
elektroinstalační,2306
ženská,2307
moskevského,2308
viceprezidenta,2309
fakult,315
dvojky,211
tvorba,1744
protagonistů,1163
pojídání,2310
interiéru,1470
školního,496
komoda,472
projektu,592
komunistického,293
extraliga,577
kancléř,2311
předražené,2312
apartmánu,2158
reprezentantka,2313
milenky,1892
gruzínské,2314
encyklopedii,258
hudbou,108
mnichovské,2315
současnosti,2316
jezera,2317
stříhat,2318
příštího,2319
operety,2320
úterní,1267
tiskových,119
textové,2321
viděly,1481
nasadila,2322
rozvodů,2323
nosná,2324
vláčky,2325
kriminalisté,2326
nemocnic,117
veřejn,2327
drog,2328
menu,2329
agenturou,91
dvorské,2330
papeže,2331
celovečerních,720
kávovaru,1286
špičkové,1792
složky,2332
nečinnost,1456
návštěvníky,2246
trubice,2333
rozjela,2334
uší,1727
naživo,2335
sleduju,326
evangelická,2336
dlužníky,2337
maďarština,2338
ředitelů,551
internetovým,38
zaměstnanců,1231
akademické,1558
dcerky,2339
zesnulého,2340
riviéra,2341
neznámá,2342
pátečního,2343
evropská,2344
strojovny,2345
evropské,2344
berlínské,2346
poslancům,348
korejská,1152
biblická,2347
cloudové,2348
živnostníci,2349
trenky,2350
spotřeby,2351
lasery,2352
přinesla,2353
prstění,2354
spořicí,2355
totalitní,2356
tísni,2357
recyklaci,2358
spotřebitelské,2359
závěrky,2360
rozhledny,2361
zakázce,1494
odpočinek,2362
zahrádce,830
grafické,1823
hádají,2363
vynálezu,2045
hvězdárně,270
antivirů,2364
grilování,2365
angličtina,2366
kout,1145
kulturní,2367
pohádkách,68
audio,991
snímků,1038
horská,2368
kanceláří,145
potřeby,2369
středečního,2370
viděli,1481
krematoria,2371
bývalé,2372
školička,220
zákoutí,2373
komunismu,2374
korporátní,2375
koupelnová,195
vražda,2376
šířen,1349
pachatele,2377
přednosty,2378
jídel,470
dvířka,2379
automobilů,709
soudy,774
podprsenky,2380
nemoci,2381
sklerózou,2382
jabloně,2383
nehoda,1317
škole,220
vaně,1413
kokain,2384
frekvenci,776
opeře,255
permanentky,2385
místní,2386
státy,2387
kázání,2388
šlechta,2389
hlásila,2390
připojeného,1603
slibovala,2391
zábavná,2024
výchovy,2392
slunečníky,2393
blbosti,2394
nominovala,2395
pecka,2396
knihovnice,2397
smlouvy,2398
kancelářský,262
předsedy,2399
jídle,470
zahraničního,510
odposlech,626
hádka,647
norma,2400
moci,2401
českou,191
okénka,2119
vyhlásila,2402
pokojové,1563
vařič,1556
nápojů,1407
nemocniční,2403
konkursu,2404
elektroměr,2405
stranu,637
bavorské,2125
skiareálu,2406
připravovala,2407
přijímacího,1241
myčkou,142
fontány,2408
ubytovna,2409
vsadila,2410
mušketýři,2411
obvinila,2412
záležitost,1596
rohové,2413
sklenky,2414
popravy,2415
koloběžky,2416
mobiliáře,2417
nakladatele,2418
matka,2419
minidisk,2420
platformách,184
továren,503
mládeže,1008
podatelny,2421
aktovka,2422
pracovníci,1961
ragby,2423
křtitelnice,2424
výpověď,2425
helmy,2426
vánoce,2427
zábavních,490
palubní,2156
některých,1852
tělocvičně,1056
úsporného,1668
kalendáře,2428
objevila,2429
linka,1591
dopustila,2430
koupě,2431
úřad,1313
švýcarská,1624
speciál,2432
zabezpečovací,2433
kosmonautiku,537
foťák,2434
promlouvá,2435
lůžka,2436
zoologická,1866
umělecká,2437
poštovní,2438
kraviny,1652
marketingového,559
výzkumné,2295
provozovně,2439
prosklená,2440
řady,1182
rostliny,2441
deskové,2442
závěsná,2443
benzinové,2444
věc,897
piana,2445
klávesnic,225
letectví,2446
nová,2294
procenta,2447
vzbouřenci,2448
technická,2025
trávíte,1952
pochlubila,2449
elektrárně,346
sušenky,2450
krajinná,2451
krabice,2452
přijímači,52
konkurentů,2043
moskevské,2308
kadeřnické,2453
tepla,2454
šéfů,370
objednala,2455
legrace,2456
realizátor,2457
peněženky,2458
monitoringu,2459
pervitinu,2460
schémata,2461
systémy,2462
totiž,2463
slovinské,2464
redaktorkou,2465
prodejna,981
nabídkami,1115
nechyběla,2466
velkoformátový,696
koutě,1145
odešla,2467
ministře,1529
péče,2468
vadila,2469
skladatele,2470
hradní,2471
čokolády,670
karlovarské,2472
mládeži,1008
bednu,522
neviděli,1481
režisérem,396
muzikálů,1865
hvězdou,290
vlastnictví,2473
historka,2059
placenou,512
železnici,174
kriminalitě,2474
přehrávat,2475
řízená,2476
motocyklové,2477
současná,2478
abecedy,1323
povaha,2479
nechtěli,2480
klinika,865
zadavatel,279
markýzy,2481
branži,680
dcera,1343
reforem,1006
odvětví,2482
komické,2483
starostky,2151
večerech,736
lupy,2484
služeb,99
psychologie,2485
praktiky,2486
hospoda,832
manipulace,2487
plastová,2488
hypertenze,2489
integrovaná,2490
bankomatů,1431
rešerše,2491
kódování,2492
události,2493
tělesa,2494
státnosti,2495
nemoc,2381
automobilu,709
oprava,2496
hypermarketu,2497
sportovního,1309
pohraničí,2498
fyzická,2499
prokurátora,2500
pedagogické,2501
pultu,1991
tiskárnách,101
batohů,2502
intelektuálové,2503
provozovatelem,188
děcka,2504
korunovační,2505
galerií,420
delegaci,881
skandinávské,2506
vědci,2507
senátorů,2508
agenturní,2509
tělovýchovná,2510
svícení,2511
přehrání,2512
reformace,1006
vládního,618
těla,2513
deník,520
hostem,1179
štve,2514
pracovišť,1169
zachytila,2515
stávky,2095
farního,2516
nudí,2517
sponzor,1740
přímotopy,2518
kamenické,2519
hardwarové,2520
partneři,1956
kuchyňku,2521
celosvětová,2522
nápojové,2523
karikaturista,2524
ovládání,2525
poledne,2526
tlustého,2527
běžel,836
grily,2528
řidiče,2529
rodiče,2530
tabletem,2531
pohoda,2532
špionáže,2533
dluh,2534
boudy,2535
rozpočtů,678
spolupracovníci,1390
řekla,2536
informace,2537
sdílená,2538
zpravodaj,1781
zástavy,1997
středoevropské,2539
slivovice,2540
tužky,2541
dodavatele,2542
turisty,2543
obyčejné,2544
historici,2069
epopej,2545
tanky,2546
poskytovatelé,876
výpovědi,2425
hlasité,2547
hrdinka,2548
kočička,407
kuchyních,49
kuchyňský,415
ústředny,550
parlament,294
libereckého,677
aktovky,2422
kognitivní,2549
královéhradecké,2550
nezávislého,682
nábytkem,431
parkety,2551
pivovary,2552
šíření,2553
střediska,2554
předchůdkyně,2555
přenáší,1378
flotily,2556
džíny,2557
spotřebitel,627
soutěží,385
stojanů,2195
skutečnost,2558
zpěváci,1631
pauze,1436
ordinaci,454
plechovky,2559
kostela,2560
vysokoškolské,2561
návštěvě,941
ložního,2562
komunikačního,782
čtvrtiny,2563
advokátní,2564
školáky,2565
láhve,2566
gramotnost,2567
čtvrtfinálové,2568
džungle,2569
fanouškovské,2570
neurologické,2571
konzumu,2572
přenosnou,955
sochy,2573
vířivky,2574
pohraniční,2575
videem,69
vrtulníku,2121
sestavování,2576
díváme,535
elektroinstalace,2577
nejrůznější,2578
strojírenské,1183
úložiště,2579
inspektor,2580
komplety,2581
špionáž,2533
napříště,2582
ústavního,1610
večerních,840
komentovala,734
masáži,2583
nechtěla,2480
čtyřka,2584
sousedovi,947
loňského,2585
místa,2586
lyžařská,1379
novoroční,2587
apartmány,2158
agrese,2588
triky,2589
vítězka,2590
encyklopedická,2591
výzkumníci,2592
informoval,224
osobnostmi,548
řízené,2476
sféře,890
hranic,2593
provozovny,2439
senzace,2594
pečení,2595
reprodukce,2596
respondentů,1435
policistů,2286
vtipy,2597
pusťte,286
herectví,2598
plzeňské,1412
vypíná,2599
komunální,2600
stejnojmenné,753
semifinále,2601
dramatické,1790
ségra,2602
tenisové,2603
velká,2604
infračerveného,2605
analog,2606
polštáře,2607
rodičů,2530
porotců,1883
cesty,2608
kluby,2609
zákazníky,2610
sluníčka,2611
profesionály,2612
vlny,1907
urologické,2613
obrázkové,2614
klasická,1609
cigareta,439
vlaky,1254
pětice,2615
koncertu,1428
budky,2616
odvolala,2617
předsedkyně,2618
lavicích,474
píseň,1496
vězně,2619
předpovědi,2620
záliba,1594
demonstrantů,1758
zástupci,1396
hudebních,435
rohlíky,2621
kolejích,541
vzpoura,1717
běžné,2622
chytila,2623
obezitě,2624
propagační,2625
známá,2626
jídelní,2627
vnoučata,2628
diktatura,2629
krokodýl,2630
krytýbazén,2631
faráře,2632
funkcionáře,2633
vypnutím,2634
sledovací,2635
metafora,2636
poskytla,2637
odpoledne,2638
koloběžka,2416
rozlišení,2639
přestřelky,2640
hygienické,2641
sledujte,326
velmoc,849
nevěsta,2642
činu,2643
šťávy,2644
normalizační,2645
zemích,268
skotská,2646
klip,595
technologií,138
tarify,2647
tělovýchovu,1415
dávali,2648
většina,1777
rostlina,2441
letoviska,2649
realitní,2650
dominovat,2651
box,2652
močení,2653
cyklistice,1184
soudního,2654
nosné,2324
sleduji,326
lokalizace,2655
prkno,2656
geografické,2657
neuvidíte,2658
postýlka,488
dopravního,2204
utěrky,2659
kriminalita,2474
vícedílné,2660
chytla,2661
demonstracích,767
občan,1077
husitské,2662
jahoda,1914
ekologie,2663
zadluženosti,1433
parta,2664
muzice,111
točené,2665
sále,937
pokojíku,2666
kupole,2667
organizátoři,2282
nezajímá,2668
podnikání,2669
budovu,422
kandidatuře,2670
analýza,2671
měřiče,2672
internetovými,38
gramofon,1478
islámské,2673
všimla,2674
reprezentanty,1959
bazénu,2675
kontrolovaná,2676
sledované,78
odbory,1586
rozhovor,611
zkrachovala,2677
elektřině,264
finále,2678
batolata,2679
aktivita,1014
seniorů,2680
obrazy,397
babičku,381
naše,2681
mixér,1475
filmových,90
fenomény,2682
slunce,2683
hodin,2684
obálky,2685
atomové,2686
domovní,2687
fonty,2688
buňce,2199
hokejky,2689
záhada,2690
manželské,1967
naší,2681
tropech,2691
posilovně,371
koloběžek,2416
biopotraviny,2692
pěvecké,1226
inkvizice,2693
brečet,1546
proudové,2694
fandové,2695
komisi,160
králíci,2696
barevné,509
směrnice,2697
monopol,1498
ambulance,2698
bytová,2699
bavič,2700
blogerka,2701
zaplatila,2702
gayové,2703
sponzora,1740
hlídala,2704
architektonická,2705
finského,742
vlád,87
hasičská,1583
rybáře,2706
naučná,2707
úryvky,2708
propisky,2709
vojáci,1728
republikánské,2710
uhelné,2711
milované,2712
kuchařce,579
energetické,664
peněz,1554
odborníků,1209
československou,289
webový,325
příčky,2713
trubky,2714
vsi,2715
družina,1082
úsporných,1668
neruší,1766
tenisu,847
motorové,2716
hradního,2471
výzkumu,2717
bratrská,2718
klubovně,1685
odmítla,2719
rubrika,686
autíčka,2720
mamce,2721
přátelé,2722
vinařská,2153
týmy,2723
osobnostech,548
orgie,2724
jaderného,1873
ucha,1727
sexu,2725
odpad,2726
kriminálních,806
prodejně,981
potravinové,2727
vládou,87
vysokofrekvenční,2728
drogách,2328
nářadí,2729
animační,2730
teleskopická,2731
sportovišť,1028
užívání,2732
vypadla,2733
minuty,2178
vodka,2734
čtenáři,1222
učitele,2735
blogerky,2736
společenské,2737
studenti,1447
videl,2738
jednohubky,2739
dominanty,2740
grafička,2741
paláce,2742
pouště,1208
jugoslávského,2079
běhání,2743
počítačový,60
sklářské,2744
jóga,2745
planety,1653
sleduje,326
restauracích,455
pozorovatele,2746
hvězdami,290
exministr,2747
stolu,1141
nabídce,1115
aktivitě,1014
lodi,2748
stránkami,738
zaměstnání,2749
rozbočovač,2750
lidská,2751
tratě,2752
účetnictví,2753
odborná,2754
vodovodu,2755
oknem,317
předsíně,1654
grafiku,617
hrozba,2756
klientské,2757
letouny,2758
korun,1645
učitelky,1599
muslimská,2759
digestoře,2760
virtuální,2761
datové,1703
zatkla,2762
privatizací,423
insignie,2763
síťová,1224
degustace,2764
gril,2765
sněmovní,2766
zima,2767
centralizované,2768
degradace,2769
dekódování,2770
krb,1265
párty,2771
faxu,2772
kavárnách,272
soupravě,640
zákaznice,2610
rybaření,2773
jaderná,1873
filmům,36
spustit,485
renovace,2774
pojistky,2775
kormidla,2776
chudoba,2777
aréně,2778
vyslala,2779
pověsti,2780
popová,2781
pacienty,2782
uživatelé,1638
vodíkové,2783
tlačítka,2784
anekdoty,2785
známost,2786
prostředky,2787
autory,2788
podnikatelské,1905
analogových,106
časovač,1189
společenská,2737
disciplína,2789
obnovitelných,1879
tapety,2790
koloběžce,2416
hvězd,290
hosta,1179
hospodaření,2791
spaní,2792
staré,2793
ministr,1529
náctileté,2794
kámoška,2795
motoristy,2796
aktivitami,1014
benátské,2797
neuvidí,2658
knižní,2798
proměna,2048
diecéze,2799
genealogická,2800
spalovny,2801
mlčí,2802
krby,1265
tužkové,2803
kulturu,693
smrt,2804
solárium,1827
kulmy,2805
vnučku,1279
snědla,2806
sokolské,2807
ciziny,2808
kampaní,246
postaviček,243
platformou,184
příbory,2809
evangelia,2810
točil,251
džusy,2811
horské,2368
analytik,2812
zahraničních,510
sluchátko,456
pušky,2813
kancléře,2311
moravskoslezské,2814
prvoligového,2815
stavba,1795
komunikačních,782
inspektoři,2580
sousední,2816
písničku,406
loděnice,2817
rozvody,2323
slávy,2818
knihovnu,167
promluvy,2819
galerii,420
novinku,858
jednatele,2820
polština,2821
dvacítky,2822
katastrofa,1719
spousta,2823
doména,2824
techniku,464
policisté,2286
restrukturalizace,2825
politička,147
mamina,2826
blbá,2827
čističky,1899
slinivky,2828
užití,2829
kotle,2830
biotechnologie,2831
soudní,2654
republiku,114
marmelády,1314
doktorky,1504
postavila,2832
konferenční,2833
bezpilotní,2834
výrobků,2835
petici,961
pronajímatele,2836
zrušila,2837
celá,2838
čtvrteční,2839
inzertní,2840
pekárna,1063
žánrech,1032
úklidu,2841
politikou,287
žurnalista,2842
mluvčím,362
vinárna,2843
oltáře,2844
zpěvačku,444
zákona,2845
slovenských,285
armádní,2846
mangy,2847
novinek,858
školáků,1771
fanoušek,856
šachy,2848
jazyky,2849
obraze,397
královny,2850
igelitové,2851
kandidáti,2852
portrétu,2853
posloucháte,318
sudoku,2854
reprezentací,148
prémiové,2855
agenty,2856
limuzíny,2857
seriózní,2858
záhrobí,2859
závodiště,2860
batohy,2502
slunečnice,2861
pochopitelně,2862
přísloví,2863
ponorky,2864
kaváren,272
advokacie,2865
softwarového,438
blogování,2866
pití,2867
sušená,2868
zavlažování,2869
operátorovi,2870
zveřejněného,2871
firemní,2872
terasy,889
promítá,2292
legenda,1397
hrála,2873
fotbálek,458
kabel,1832
sprše,266
gastronomické,2874
právníci,2875
expert,2074
přehrála,2876
součást,2877
pozorovatelů,2746
dokonce,2878
elektronických,583
centrum,779
pátrací,2879
řvala,2880
šířit,1349
denního,2881
radioaktivity,2882
dadma,2883
výuce,803
bouřky,1025
myši,2884
dekodér,2885
rybářská,2886
záři,1455
čela,2887
konzervatoře,2888
jednání,2889
práva,2890
kronik,2891
fenomén,2682
dalekohledy,2892
primátora,2893
zúčastněné,2894
propagandou,2895
mytologie,2896
stříhání,2897
maturita,2898
živnostníky,2349
vlastnící,2899
povídají,2249
produktivita,2900
pasti,2901
okupace,2902
cílení,2903
tvůrce,572
smyčka,2904
zkušebny,2905
fasády,2906
pralesů,2907
vysoké,2908
zajímavosti,2909
kladenského,1486
diskusního,2910
sledovaného,78
přijímané,2911
smíchu,1803
finskou,742
nás,2912
soud,774
zasedací,2913
cestopisy,2914
osmé,2915
producentem,62
pásky,2916
elity,1242
vydavatel,1066
přepadení,2917
přitom,2918
elektromobily,2919
armatury,2920
rozpočet,678
turistická,2014
monitorování,2921
frézky,2922
občanů,1077
odkoupila,2923
kabelky,2924
řecké,2038
vrchnost,2925
český,191
besedu,910
internetovém,38
privátní,2926
zapněte,963
display,2927
konkurenčních,532
účinkování,2928
nerušeně,2929
vídeňská,2930
angličtiny,2366
šéfkuchaře,2931
panské,2932
choroby,1402
čtenářů,1222
fandit,2933
moderna,2934
lokomotiv,725
odpojení,2935
vozítka,2936
paměťové,1600
epidemie,2937
mánie,2938
lákala,2939
ikony,1251
záložky,2940
pozadí,2941
textová,2321
outdoor,2942
zařízené,2943
chvilka,1711
předloží,2073
pecky,2396
žirafa,2944
nejmodernější,1422
elektro,2945
koberec,746
lehla,1370
půda,973
drogy,2328
značkového,1260
stávce,2095
požadovala,2946
správě,345
obyvatelstvo,2947
přehlídky,2298
ostrovy,2948
renesance,2949
ovzduší,2950
pohřeb,2951
taška,1592
zesilovače,2952
šortky,2953
kapse,848
realitu,139
vyžádání,2954
hlavního,2955
fandy,2956
stálice,2957
podpoře,2958
repro,2959
severské,2960
chůze,2961
sféra,890
přistýlka,2030
článků,2111
investora,2962
poslanec,348
stromeček,2963
střešní,2964
kulturního,2367
prohra,2965
závěrka,2360
spánkové,2966
mexické,2056
vzducholoď,2967
celého,2838
večera,736
půjčovnu,822
ukázala,2968
napájecího,2969
konzumují,2572
techniků,190
matky,2419
hollywoodských,1118
neděle,1588
lesbické,2970
spolupracovníka,1390
kobližka,2971
varovala,2972
aparátu,2973
zvířegril,2974
sedačku,355
sponky,2975
chystala,2976
turistice,593
bannery,2977
děje,2978
místopředsedy,2979
sochařství,2980
pauzy,1436
poslouchal,318
izraelské,2981
databáze,2982
zaměstnavatel,2983
masáže,2583
erotická,1721
domácnostem,53
frekvencích,776
chvilky,2984
rčení,2985
hypotéku,1700
nakupují,2220
stolem,1141
prarodičů,2986
zastihla,2987
psycholožka,2988
videích,69
dokumentech,353
paprsku,2989
zkrátka,2990
divoká,2991
ceremoniálu,1941
obchodech,2992
stejnojmenného,753
prvoligové,2815
potrubí,2993
pasivního,2994
vyřadila,2995
magistrátu,2996
kolegové,2175
tarifů,2647
alkohol,2997
osmifinále,2998
dokumentyšperky,2999
režie,3000
pěstování,3001
trasy,3002
pardubického,877
vadilo,2469
displejem,482
marketing,1503
osvětové,3003
krajích,1171
dvoupatrová,3004
státu,2387
zprostředkuje,3005
jíte,3006
firemního,2872
platformě,184
agenda,869
akciová,3007
převzatých,3008
frontě,1054
lidstva,3009
deprivace,3010
deska,2052
ven,3011
zabavit,3012
zavazadla,3013
reprezentanta,1959
autorádií,229
přehrát,3014
konkurenceschopnost,3015
kormidlo,2776
hostitele,3016
říšské,3017
ocelová,3018
signálem,341
portugalské,1132
hloupé,3019
kupříkladu,3020
soutěžících,851
chaty,1522
odezva,3021
místostarostka,3022
neřekla,2536
dceři,1343
dědou,3023
občana,1077
ultrazvukové,3024
někdejší,3025
městečka,3026
ulice,3027
jádra,3028
navrhovala,3029
animovaných,3030
královská,3031
tentokrát,3032
lesbická,2970
směřování,3033
chodby,652
stoleček,3034
kluky,3035
hrozila,3036
nukleární,3037
sklenice,3038
manažer,1973
předplatného,3039
kontroly,3040
besed,910
záloha,3041
hospodářská,3042
analogie,3043
nealkoholických,1220
šikana,3044
čtvrtfinále,3045
policí,466
zábavného,2024
ničení,3046
nahráváním,598
folie,3047
zřízená,3048
tajemníka,3049
hospodářské,3042
signalizace,3050
filmech,36
pozice,3051
kabeláž,3052
komponenty,3053
autobusy,1194
stole,1141
gramofonových,916
duel,750
spolkové,1492
slavnosti,3054
portálu,3055
pokuta,1419
fotografů,1172
webkamera,3056
anket,674
desktopu,3057
oceánu,2209
stadiónu,3058
filmem,36
gorily,3059
odstoupení,3060
africké,1587
masové,2280
exponáty,3061
pokrokové,3062
vzkazy,3063
můra,3064
časopisem,109
znáte,3065
oslavy,3066
samostatná,1305
distribucí,215
kolejiště,3067
obývacích,604
diody,3068
novostavby,2060
vesmírná,3069
baziliky,3070
prostranství,3071
robotická,3072
pohotovosti,3073
adresa,3074
zajistila,3075
příběhů,3076
průmyslu,1646
prohlášení,3077
microsite,3078
vymyslela,3079
portfolia,3080
splácet,3081
aktivit,1014
míle,3082
venkovního,1891
diskuse,3083
vlajku,257
církevní,3084
kostičky,3085
černobílou,432
zpěváka,1631
rubriku,686
mapa,2090
umělec,1261
denně,3086
nostalgie,3087
část,2250
zeměpis,3088
sednou,1539
vesmírné,3069
gramotnosti,2567
můry,3064
ubytovny,2409
procent,2447
internetovému,38
minutky,3089
kolekce,3090
porotu,737
detektivové,3091
bankovek,1735
panika,3092
celosvětové,2522
spolužačky,3093
finance,1605
agenturami,91
ticho,3094
řemeslo,3095
kmitočtů,1087
recepty,3096
spolužačka,3093
nepřetržitého,3097
trati,2752
prestiž,3098
sněmy,3099
subtropech,3100
běžného,2622
nosného,2324
koukla,3101
soupravu,640
buchty,3102
pořídila,3103
kosmického,465
ratolestí,792
nedostala,3104
naladění,3105
autorských,1156
prezidentských,209
ponožky,3106
architektka,3107
prázdniny,3108
mrazničky,3109
přestala,3110
stěnu,979
tragické,3111
fámy,3112
ukládání,3113
snowboardy,3114
balkónem,601
foťáku,3115
vzdělávacího,2186
nemocnicích,117
narozeninové,3116
náčiní,3117
plnohodnotná,3118
tyče,3119
onkologické,3120
středeční,2370
aktéry,3121
sebrala,3122
šlechty,2389
oblékla,3123
odložila,3124
připomněla,3125
školách,220
hejtmana,3126
starožitností,3127
vysokoškoláků,3128
stylizace,3129
režisérky,396
křesel,127
tiskový,119
kvíz,3130
páteře,1764
inkasa,3131
hlučné,3132
zahradnictví,3133
páteřní,3134
muzikanta,2000
známé,2626
jednoty,3135
vile,1484
krása,3136
placených,512
městyse,3137
bazén,2675
pánské,3138
miláčka,2032
kandidatury,3139
realitě,139
olympijských,644
inflace,3140
pohyblivé,3141
hodině,2684
tenisté,1870
zabudované,3142
knihami,513
operu,255
závada,3143
sety,3144
stoličky,3145
prezidentů,205
delegáta,3146
ovládly,3147
inspektorátu,3148
zákonodárce,2099
okupaci,2902
web,3149
nehodě,1317
menšinu,1004
klubů,2609
poliklinikou,390
prezidentský,209
jíme,3150
demonstraci,767
babka,3151
sdružené,3152
navigačního,3153
britského,339
literární,3154
hotelovém,282
dospívající,3155
chemie,3156
písemnost,3157
nadvláda,3158
serie,3159
prodavačka,3160
senátních,1322
indie,3161
kasina,3162
tradiční,3163
didaktika,3164
vzbudila,3165
transparenty,3166
manažery,1973
kreslených,801
miliarda,3167
kterých,3168
slečny,1741
sudí,3169
podnikatelů,661
směrové,3170
měsíčně,3171
administrativy,3172
procesorů,1931
fakta,3173
lázně,3174
plachetnice,3175
muže,3176
přispěvatele,3177
pětiny,481
vlnách,1907
česk,3178
ovladači,606
vesnické,3179
čepici,1525
oddělená,3180
probudila,3181
přepisy,3182
prostituci,1669
československých,289
kvalitě,1887
poradenské,2078
romské,3183
kašny,3184
koncepci,783
lodě,2748
projednání,3185
kontinentů,3186
zavolali,3187
krajských,838
panelových,694
nadílka,3188
pokladnu,334
shlédnout,3189
operačního,3190
postavy,824
neslyšících,850
bankomat,1431
dešťová,3191
fikčních,3192
volali,3193
nepustil,286
stolička,3145
úředníci,3194
zakázek,1494
stěžovali,1493
nedělní,2167
radiátorů,3195
spořitelnou,3196
sekaček,337
schůzi,751
klimatu,3197
informovali,224
tělocvičnu,1056
spotřební,3198
ovládacího,3199
sušit,3200
asijské,3201
útrob,3202
rentgen,3203
řídicí,3204
pomluvy,3205
podvečer,3206
zrekonstruované,3207
stomatologické,3208
benzínová,1987
spoluobčany,3209
orgány,3210
samotná,2013
zkušebně,2905
sledujeme,326
hlášek,1485
filmovými,90
reorganizaci,2007
turistiky,593
orlice,3211
cukrovinky,3212
mobilními,176
zájmy,3213
blbost,2394
atrakce,3214
rozvod,2323
potvora,3215
průzkumů,919
oblohu,925
mluvící,3216
sociologické,3217
záplava,3218
vědce,2507
komentoval,734
noci,3219
zemi,268
chemikálie,3220
dobové,3221
projekty,592
vyhrála,3222
skladby,3223
pečiva,3224
rozhovorech,611
informačního,845
ratolest,792
kancelářského,262
typologie,3225
produkcí,143
atomová,2686
nahrávku,248
výstroje,3226
ona,3227
letiště,3228
fungování,3229
designéry,3230
přejídání,3231
výtahů,3232
hasičů,3233
hračkami,172
stopě,1148
láhev,2566
kuchařku,579
adopce,3234
západních,2055
proměn,2048
zmije,3235
lingvistika,3236
vlasů,3237
díl,729
tabulí,288
důchodu,3238
budovách,422
spravedlnost,3239
komedii,203
přívodní,3240
stolové,3241
sídlila,3242
námět,1347
distributor,564
dívenka,3243
nepohodlné,3244
potrubní,3245
vlajce,257
včela,3246
královské,3031
devátá,3247
chytří,332
balady,3248
baru,3249
přivítala,3250
síťových,1224
medaile,3251
nezávislost,3252
krtek,3253
tibetské,3254
jižních,3255
bavili,1337
holčiny,3256
úvaha,3257
zaměstnavatele,2983
paprsky,2989
samostatnost,3258
experti,2074
kosmetické,3259
neschopnost,3260
prozradil,1613
měřidla,3261
pánové,1734
raketoplánu,3262
sérii,775
nezávislosti,3252
povídali,2249
sága,3263
zábavnější,2024
houpačka,1282
informaci,2537
starosty,3264
pasivně,3265
hloupost,3266
knoflík,3267
bratislavského,3268
nástěnka,1488
family,3269
mimozemské,3270
olympiád,448
povídání,3271
mřížka,3272
nástěnné,1165
informačních,845
využívání,3273
hořčík,3274
materiálů,1964
podnikatel,661
potravy,3275
poplatek,1049
vypínač,2004
lokalita,3276
areálu,3277
multifunkčního,3278
zářiče,3279
kuřáci,3280
hotelový,282
dieselové,3281
záznamů,1376
nechala,3282
autorů,2788
levná,3283
kritizována,3284
triko,2124
pralesa,2907
medicíně,1045
nesmysly,3285
regálové,3286
kamiony,3287
tátu,1400
burza,3288
architektonické,2705
práci,1196
prodejen,981
soudobé,3289
studiového,3290
plochých,525
literatuře,590
autodílů,3291
střídačku,3292
umělecké,2437
poprvé,3293
adrenalinové,3294
žádost,3295
online,3296
důchody,3238
květináče,3297
ostrost,3298
humorista,3299
agentka,3300
oficiální,3301
poslouchejte,318
fotbalisty,1968
hodina,2684
krytiny,3302
zahradu,880
usnula,3303
newyorské,3304
chlapa,3305
reformu,1006
bojkotu,3306
nevěděla,3307
bezplatně,3308
pravomoce,3309
utratili,3310
zrcadlení,3311
krajině,1084
mikroskopy,2231
kopule,3312
rozdělení,3313
hudebníky,2093
provozovna,2439
regulátor,3314
navečer,3315
dějepis,1736
organizaci,560
pískoviště,3316
sportovních,1309
nebere,3317
sokolovně,1280
fontána,2408
antidepresiva,3318
našeho,2681
didaktiky,3319
politiku,287
portály,3320
lotyšské,3321
pacientka,3322
polární,3323
životního,3324
češtiny,3325
hodinového,3326
představitele,1919
vyšetřovatelů,610
přehrada,1849
jedle,3327
play,3328
hrušky,3329
stíhaček,1091
obličeje,3330
instituci,113
postěžoval,3331
budík,3332
termostatická,3333
bylinky,3334
kniha,513
analogový,106
směje,3335
tenisová,2603
nehodu,1317
návštěvnosti,3336
římskokatolické,3337
amnestie,3338
milice,3339
sukně,3340
brýlích,347
mluvení,1635
filozofie,3341
chrlí,3342
chřipky,1999
jablka,3343
outdoorových,3344
cyklistická,3345
elektronikou,162
rétorika,3346
fungovala,1850
uživatelů,1638
době,3347
vlasy,3237
signálů,341
čínského,648
mřížky,3272
reprezentační,3348
soupravou,640
pokojových,1563
felace,3349
sonda,1663
vesmíru,3350
kosmetice,1387
akrobacie,3351
terminály,3352
tiskárnami,101
opěradlo,1925
páska,2916
zapojila,3353
pohltila,3354
půjčit,2053
hygienická,2641
toaletní,3355
ponorka,2864
oběda,3356
hrdinky,3357
studentů,1447
paštiky,3358
formy,3359
honoráře,3360
jedí,3150
cukroví,3361
masivu,3362
světové,1297
jevišti,416
smrti,2804
vyprávění,3363
vyhodili,1824
rodině,567
přijímat,3364
zabezpečovacího,3365
smáli,3335
koncertní,3366
režimu,3367
strojírenství,3368
zástěna,3369
nákupu,3370
myček,142
antivirové,3371
mediálně,3372
pouličního,2278
člověka,639
levici,221
rep,3373
zákazníka,2610
výstavba,2221
relax,3374
fauny,3375
rebelie,3376
uspořádala,3377
organizování,3378
hromady,2106
pizza,3379
bytech,1013
mytí,3380
účinkují,3381
symfonické,3382
restaurační,3383
kočce,407
svazy,3384
zábavných,2024
kachna,3385
zraky,3386
prachy,3387
výtahy,3232
souboje,3388
pohybové,3389
historická,3390
pivnice,3391
žárovek,936
pěvkyně,3392
anketu,674
objektivy,3393
legraci,2456
židlička,192
povodně,3394
odjinud,3395
duše,3396
daních,3397
kolínské,3398
zahájila,3399
přestávku,1575
stíhačka,1091
hrdiny,2548
baseball,3400
úřadů,1313
veřejností,216
kosmonauti,1310
skleničku,942
bezdrátově,3401
naopak,3402
příslušenství,3403
producentů,62
klíče,3404
stránkách,738
izolace,3405
vatikánský,350
ovladačů,606
erotického,1721
zmrzliny,1622
dřív,3406
hotelového,282
trenýrky,3407
archivních,521
podsvícená,3408
dividendy,3409
kreativní,3410
evangelické,2336
odpolední,3411
přehrajete,3412
klientského,2757
hrůza,3413
pasažéry,3414
rivala,3415
sobotní,1597
pivovarů,2552
nabídkové,3416
raketa,1606
supermarket,1562
cukrovce,3417
chemická,2127
dobrodružná,1904
administrativa,3172
dlouholetá,3418
textařka,3419
potažmo,3420
statická,3421
babičce,381
amatéři,3422
inspektora,2580
vyšetřování,3423
lekce,3424
emoce,3425
zařadila,3426
bomby,1695
prezentovala,3427
projednávání,3428
chytřejší,332
biopaliv,3429
bašta,3430
pásma,3431
tématarekonstrukce,3432
ovládne,3147
lvy,1924
gramatiky,3433
nářečí,3434
mrzelo,3435
automobilce,338
fáze,3436
představitel,1919
koníčky,3437
astronomická,1240
čtečka,1278
promítáním,500
tematika,3438
nádraží,3439
měst,529
hovořila,3440
umělců,1261
vlastní,3441
vlakové,1479
zakřivené,3442
textilie,3443
vstupenek,3444
místopředsedu,2979
spolumajitel,3445
ambasádu,132
lesby,3446
správní,3447
řeky,3448
provozující,3449
elektromotory,3450
grilu,2765
korupci,1516
optiky,1126
chleba,3451
úlohy,2233
složka,2332
dopoledne,3452
výpadky,3453
chce,2480
ploty,3454
samozřejmě,3455
domácích,376
lahve,3456
výkonného,1262
vzduchová,3457
komunisty,1409
švestka,1255
telefonovat,3458
divadelní,3459
dostupnost,3460
mozků,1405
vychytávky,3461
sádrokartony,3462
muzikoterapie,3463
asijská,3201
oddělení,3464
paliativní,3465
digitálními,70
pořádkové,3466
technologiemi,138
lopatka,2304
telefonech,150
zvěř,3467
detektiva,3091
zrzka,3468
čerpací,3469
župan,1368
jeřáby,3470
krytina,3471
hádanka,3472
pobavení,3473
půjčí,2053
účinkovala,3381
dotace,3474
přilákala,3475
subprovincie,3476
počítačovými,60
výstava,2140
schéma,2461
arcidiecéze,3477
mediálním,156
homosexualita,3478
závadné,3479
elektrikář,3480
pacientky,2782
vizuálního,2027
poselství,3481
vysvětlovala,3482
svazu,3384
dedka,3483
přehlídce,2298
vesmírného,3069
serial,3484
komerčních,372
portrét,2853
střílečky,3485
bývalá,2372
desítka,3486
ilustrátorka,3487
kámošky,3488
fleecová,3489
centrálu,193
šicí,3490
odboráři,3491
svoboda,3492
kopané,3493
garsonky,3494
pobočkou,585
totalitních,2356
koukal,557
produkty,3495
lídra,3496
knížata,3497
operační,3190
informují,224
glóbus,3498
přebor,3499
krádeži,3500
kreativity,1345
sociálního,1273
neziskovky,3501
republikové,3502
stravy,3503
španělské,3504
argentinské,3505
poprava,2415
scénářů,1811
pitomost,3506
chronologie,3507
orgánu,3210
barvy,3508
sejf,3509
věrohodnost,3510
tělocviku,3511
představování,3512
prostorné,3513
konkurenčního,532
kosmonauta,1310
vědců,2507
stereotypy,3514
oběti,3515
komunisté,1409
župy,3516
odložení,3517
švédského,843
lektorka,3518
finalistů,2011
obrany,3519
porodnice,3520
soukromníků,3521
lípa,3522
zákazníci,2610
virtuálního,3523
čidla,3524
čekárny,1161
pitvy,2091
volbách,552
hokejka,2689
ukrajinských,379
šukání,3525
zápletky,3526
tsunami,3527
slovesnost,3528
korporaci,259
obrazovou,785
typografie,3529
příběhy,3076
napájení,3530
prostorech,3531
bazénové,3532
slavnostního,3533
letectva,1095
papričky,3534
obsluze,1414
senátor,2508
pokličkou,3535
taková,3536
historické,3390
videoklipu,479
studená,3537
peetrax,3538
distribučních,269
mozek,1405
brožury,3539
kapusta,3540
thrillery,3541
podlahy,3542
cílené,2903
kapsa,848
polohy,3543
florbalu,3544
pracovníků,1961
některá,1852
fotbalovou,93
informuje,224
šetřit,3545
spotřebu,2351
parky,3546
oblíbená,1526
úspoře,3547
španělská,3504
odpočívat,3548
hráčka,3549
spotřebě,2351
zrcadlové,354
neziskový,3550
firmu,230
pasivní,2994
budíku,3332
továrnách,503
nápovědy,3551
pára,3552
rezignovala,3553
pravici,719
přenášeny,3554
koupily,3555
channel,3556
termosublimační,3557
tepelná,3558
dveří,3559
částech,2250
osobě,1033
ohřevu,3560
také,3561
filologie,3562
prohlížíte,3563
laserového,1060
tunelování,3564
vyučování,3565
kaple,3566
stropě,3567
plochou,3568
pultem,1991
opilý,3569
desítky,3486
cennosti,3570
vietnamské,3571
šťáva,2644
kulturních,2367
šéfovi,370
maminky,1099
analýzy,2671
kamionu,3287
romská,3572
tma,3573
svetru,2285
sedící,3574
počítala,3575
vrchního,3576
pivovarnictví,3577
spotřebovává,3578
ateliéru,642
dílně,1673
odběratele,3579
chlapy,3305
projektů,592
kapuce,3580
přírodovědecké,3581
vodovodní,3582
veřejný,236
epochy,3583
masy,3584
přístrojové,3585
nového,2294
radovánky,3586
donutila,3587
nemocná,3588
univerzitě,300
odpovědná,3589
barevnou,509
produktová,3590
editory,3591
tajného,587
mince,3592
dopravce,3593
akvizici,581
plastiky,3594
vysokoškolská,2561
katedra,908
spisovné,3595
dárků,1737
dusno,3596
sportovci,1642
licenčních,2222
anesteziologie,3597
stíhání,3598
humor,3599
železná,3600
mluvila,3601
stěžoval,1493
koutu,1145
rýže,3602
demonstrací,767
mandarinky,3603
motorka,1992
restaurování,3604
doba,3347
bohyně,3605
placeného,512
hranice,2593
vypadne,2733
vyklidit,3606
díval,535
daňové,3607
každodenního,3608
dálkový,726
tahle,3609
videu,69
roleta,3610
koncesi,3611
mrakodrapy,3612
talenty,3613
paničky,1283
profesorka,3614
psychiatrii,3615
nich,3227
transformace,3616
jímž,3617
partner,1956
vozy,3618
prosadila,3619
pronajaté,3620
arcibiskupství,3621
kapitula,3622
trhu,3623
pizzy,3379
sláva,2818
islamisté,3624
podvědomí,3625
pracovnic,1361
sobotu,3626
polytechnická,3627
odchodu,3628
cyklistiky,1184
technici,190
klientů,1910
pasáže,3629
troubě,675
nevěděli,3307
náročného,3630
ekleinovka,3631
masa,3632
maskot,3633
připojeni,3634
četbou,240
kokpitu,3635
vina,3636
displeji,3637
ozvala,3638
poušť,1208
nauk,3639
přepínání,3640
perou,3641
černobílý,432
příznivci,2006
lavičce,884
baseballu,3400
dotyčná,3642
chladničce,284
jevištní,3643
gigant,3644
slyší,1840
tvrdí,573
fotografii,298
včerejška,3645
koblihy,3646
kouče,3647
uhelná,2711
džus,2811
třídílné,3648
barevnost,3649
gotika,3650
zraku,3386
dechu,3651
demokraté,3652
hovoru,1641
koupání,3653
šéfredaktorem,311
bank,80
editorů,3654
chalupa,663
upadla,3655
zadala,3656
pěchota,3657
přiznali,945
kategoriemomentálně,3658
bankovní,3659
stáncích,3660
shlédnutí,3189
rentgenového,1243
pořizují,3661
slovo,3662
obžalovaného,3663
ruky,3664
výrobě,930
odpočinkové,3665
výzva,3666
fúze,3667
zpívající,3668
koupelnách,195
mincovna,1869
knížku,218
lety,3669
zvolena,3670
obyvatele,3671
programům,151
interpelace,3672
mozková,3673
katastrofě,1719
spoleènosti,3674
odrůda,3675
dětí,699
vlnění,3676
osvěta,3677
zdroje,1457
vězni,2619
nezdravé,3678
mrtvola,3679
zaregistrovala,3680
vybavená,3681
pobídky,3682
akademiků,3683
supermarketech,1562
aquaparku,3684
velkovévodství,3685
demolice,3686
toaletou,498
realizovaná,3687
nemyslitelné,3688
báňské,3689
protidrogové,3690
něčeho,3691
straně,637
hřištědomácí,3692
politického,758
animovaném,3693
skautů,3694
knoflíky,3267
lavina,3695
senátorské,3696
krádež,3500
jazyka,2849
hydrometeorologický,3697
obrazů,397
pořádající,3698
obsazování,3699
olomoucká,3700
dějinách,739
klient,1910
nominace,3701
domény,3702
dopisy,3703
čelovky,3704
nitra,3705
přednášek,2039
atmosféry,1801
vychovatelka,3706
odpadky,3707
vysokorychlostních,499
oblíbenější,1526
houpačce,1282
žen,875
realitou,139
renomovaného,1188
klenotů,377
poštou,137
přestavby,3708
přenosných,955
sestavení,3709
studentskou,628
geometrie,3710
prezidentovi,205
večírku,3711
aut,452
aule,3712
plavidla,3713
párky,3714
hovorové,3715
pojistka,2775
elektrody,3716
mýty,3717
spolujezdce,3718
expanduje,3719
hovorů,1641
kotel,2830
dovolené,1998
palba,3720
americkou,401
čeština,3325
kondenzační,3721
sušák,3722
soukromou,352
fantastické,3723
oblíbenosti,3724
autobiografie,3725
lžou,2281
střelnici,2101
hloupá,3019
představení,3726
fenoménu,2682
aplikaci,646
fyziky,3727
klientky,3728
zlobí,3729
vypněte,359
písničkou,406
portál,3055
akčního,3730
finalisty,2011
tráví,1952
kritici,1207
elektrárnách,346
aktuality,1802
učiliště,3731
zařízená,2943
populaci,695
lavic,474
komentovali,734
rutiny,3732
čočky,3733
zveřejněná,2871
zlínského,1026
zápletka,3526
báňská,3734
koupila,3555
nešla,3735
teploměru,777
konkurenti,2043
nespavost,3736
stěhování,3737
oknech,317
programem,151
díra,3738
narozeniny,3739
dostala,3104
sousedství,3740
uhličitého,3741
lupou,615
balkonů,3742
pořádná,3743
jezuitské,3744
ubrusy,3745
nedejbože,3746
záznamy,1376
ekonomické,3747
vidění,3748
pivovarské,3749
brigáda,1768
bitvy,3750
segmentace,3751
stolních,402
výtvarník,2100
prohlídky,3752
digital,3753
automobil,709
zatmění,3754
výherci,3755
horolezectví,3756
nejnavštěvovanější,3757
přehrává,3758
rohlík,2621
odvetě,3759
zhasne,3760
vánočního,3761
pohřbu,2951
bermudy,3762
zdraží,3763
kvalitnější,1861
federalizaci,3764
protesty,3765
asistence,3766
kriminality,2474
komunikaci,1072
sympatická,3767
koláž,3768
vodky,2734
výzdobě,3769
připustil,3770
restauračních,3383
kamarády,3771
hrnce,3772
chytrý,332
úvěrové,3773
vyměnila,3774
pobavilo,1979
výbavy,3775
bary,3249
čtením,1069
buddhismu,3776
hlouposti,3266
trezory,436
skříní,237
zvukového,616
normalizace,3777
unavená,3778
masáž,2583
amerického,401
vyznamenání,3779
zemí,268
odloží,3124
důvěryhodné,3780
zajímavost,2909
suverenity,3781
připojených,1603
vzdělávat,3782
žert,3783
velvyslanec,2066
kandidátka,2852
studenta,1447
horečka,3784
teplo,2454
auto,452
anorexie,3785
zakázková,3786
koncertního,3366
ministerské,3787
hanba,3788
próza,3789
keramika,3790
čtvrtina,2563
fakultu,315
strečové,3791
připojila,3634
účtenky,3792
řeka,3448
poplatníky,3793
omlouvá,3794
temná,3795
lóže,3796
studny,3797
prokurátor,2500
zeměpisu,3088
vynálezem,2045
fotografického,1681
komentuje,734
letadlová,3798
lístky,3799
zaměřila,3800
intervence,3801
multifunkční,3278
sedačkou,355
kuchyňkou,295
periodikum,3802
parlamentních,187
akumulátory,3803
okupované,3804
silnice,3805
ochránkyně,3806
klientela,3807
tenkrát,3808
hubnout,3809
civilizaci,292
sekretáře,967
neuteče,3810
zesnulé,2340
představy,913
dílech,729
účinkující,3811
rekonstruované,3812
žánrem,1032
příručka,1958
strhla,3813
jističe,3814
nabídkách,1115
zářivek,307
závěsy,3815
házené,2076
závěsné,2443
problematika,3816
ruka,3664
rozměrné,3817
sporná,3818
vyučovací,3819
zabudovaná,3820
kontinuita,3821
tenké,3822
facebook,3823
plocha,3568
ekosystémy,3824
kradou,2216
žárovka,936
vysokého,2908
mýtů,3717
dcerka,2339
pivovaru,2552
komunistickou,293
zbraně,3825
svítilna,1300
režii,3000
institucích,113
oznámily,911
zastupovala,3826
hádanky,3472
společná,3827
ocenila,3828
vyslechla,3829
ideologické,3830
ulicích,3027
produkuje,1430
marihuany,3831
příjmů,970
ventilace,3832
novely,3833
garáž,3834
dovolenou,1998
aktivisty,3835
osvětlené,3836
koukala,557
dvouzónová,3837
výpůjčky,3838
končin,3839
rovněž,3840
magnát,3841
postýlek,488
interpreti,1427
vodovody,2755
diskusích,3083
restituce,3842
loni,3843
ruční,3844
pozadu,3845
současně,3846
přenášena,3847
prášky,3848
loď,2748
konkurovat,3849
vlastník,1970
samotě,3850
nechce,2480
výchova,2392
antikoncepci,1398
vlasová,2260
topidla,3851
soudruzi,3852
tvůrčí,3853
předkola,3854
šifry,3855
zapůjčit,3856
výstavě,2140
spoluobčanů,3209
nahrávkách,248
spektroskopie,3857
řízení,3858
sakristie,3859
bytové,2699
anténou,331
jogurtu,625
rozvojových,800
svaté,3860
cloudu,3861
rozdělování,3862
kalkulačka,399
slepice,3863
tkanina,3864
lyžaře,3865
mozaiky,1762
blikající,3866
výzkumů,2717
nevadí,2469
ohlásili,1135
sádrokartonové,3867
univerzitního,1053
mutaci,360
modernizované,3868
odstoupila,3869
klobása,842
publicista,3870
zavěšení,1864
elektrokola,3871
shows,3872
ukrajinského,379
bankou,80
spolužáci,3873
barevnosti,3874
euforie,3875
umístila,3876
národy,1018
fitness,3877
geologické,1318
břicho,3878
parcích,2018
říkanky,3879
zelí,3880
rozpočtem,678
půjčce,1750
oslovuje,3881
ovládla,3147
uherské,3882
mluvnice,3883
myslivce,3884
poklička,3885
dobová,3221
sudová,3886
provozovaná,3887
fandí,3888
fleecové,3889
dresy,3890
výživy,2257
funkcionářů,2633
známých,2626
slovenštiny,3891
fotografování,3892
slovinská,2464
podpora,2958
barikády,3893
mikroskopie,3894
nejrozšířenější,3895
dluhy,2534
arménské,3896
konzumní,3897
konzulátu,3898
fondu,3899
vesnická,3179
svědectví,3900
cyklistické,3345
svátcích,1738
kvalitní,1861
náboženství,3901
hororové,3902
procesor,1931
peřinu,1065
hýbe,3903
obyvatelé,3671
potahy,3904
poškodila,3905
folkloru,3906
kapesní,3907
pozvánek,1543
menšině,1004
vozidel,1217
zadržela,3908
vědu,635
turbína,3909
tvrze,3910
dělání,3911
šikaně,3044
bavila,1337
divizí,231
hodinek,666
natočen,3912
stěžují,1493
nechybí,2466
stranou,637
smlouva,2398
sestry,1576
volejbal,3913
krajinu,1084
automatická,3914
robotické,3915
ministři,1529
instrukce,3916
používání,3917
dohody,3918
dobového,3221
krást,2216
publikování,3919
doplňková,3920
vařila,3921
mylná,3922
vystavaworkshopkinodivadlokoncertpartysportconkonferenceostatnifestival,3923
bláznivá,3924
najednou,3925
krabici,2452
fotila,3926
šňůrky,3927
oslav,3066
léčby,3928
říkali,3929
lůžková,3930
poskytovatelů,876
aukci,1577
vytáhla,3931
džemy,3932
burzy,3288
úložné,3933
domě,892
plotu,3454
objektivní,3934
sdělovat,1791
slovesné,3935
prarodiče,2986
jediná,3936
roli,3937
ústeckého,3938
půlnoc,214
korporátních,2375
podlaze,3542
infoboxů,3939
tmě,3573
majitelka,3940
cukrovinek,3941
špatná,3942
nečtu,3943
deštníky,3944
epilepsie,3945
kamarádi,3771
návštěvnost,3336
prokázala,3946
zadarmo,3947
firmách,230
zubaře,3948
hvězdu,290
fotodokumentace,3949
přihlásila,3950
státních,668
sedadel,1121
zaslala,3951
irská,3952
otázka,3953
ukradené,3954
cestování,3955
synchronní,3956
apartmánů,2158
smutná,3957
školného,3958
nahrává,1154
pokutu,1419
namluvil,3959
webového,325
operou,255
zdroj,1457
sušenek,2450
starožitnosti,3127
nepřetržité,3097
výtahu,3232
chatky,3960
slyšíme,1840
celodenní,3961
sklepa,3962
aktivnější,3963
anglická,3964
sluchové,3965
pravopis,3966
exkluzivní,3967
pedagogiky,3968
národního,1399
ukázky,3969
dvorku,3970
řediteli,551
nechyběly,3971
filatelie,3972
panelech,741
autosalon,3973
přímém,3974
kosmu,3975
ústavu,778
cedule,3976
milovníky,3977
autorky,1593
plodiny,3978
obloha,925
vítěze,3979
strážníky,3980
expertů,2074
menšin,1004
přípojkou,3981
představenstva,3982
gynekologické,3983
vstupenky,3444
nedávná,3984
událost,2493
madla,3985
komponentů,3986
brazilského,1055
dvířek,3987
elektromagnetické,3988
tvorbě,1744
posuvná,3989
hydrometeorologického,3697
mafii,271
spotřeba,2351
času,3990
celostátní,3991
seniorské,3992
atletického,1418
vtipů,2597
zájmech,3213
čočka,3733
dnešního,2248
míst,2586
písemnosti,3993
doteď,3994
povstalce,3995
odveta,3759
zastupitelstvo,812
koordinátorka,3996
zasahování,3997
elektrifikace,3998
uklízet,3999
panelovém,694
panoramatické,4000
pohoří,4001
vlastního,3441
odnesla,4002
vrstevníci,4003
zpovědi,4004
role,3937
jihoamerické,4005
obžalovaných,3663
kybernetiky,4006
rakoviny,1295
zobrazovacích,4007
nedávno,4008
která,3168
týdně,4009
odpady,2726
aerobik,4010
rolnické,4011
trasa,3002
lázeňství,4012
barem,3249
drastické,4013
bezpečnosti,1898
zabavili,3012
hliníková,4014
utratí,3310
pralesy,2907
mantinely,4015
uhelnatého,4016
ochutnávky,4017
výuku,803
oděvy,4018
leze,4019
šipky,4020
penzi,1507
překážet,4021
malíře,4022
skotské,2646
kolej,541
disciplinární,4023
pořádání,4024
nauky,4025
lhaní,4026
pověry,4027
botanická,4028
vleků,4029
pomyslné,4030
žehlící,4031
nelegálně,4032
nadávají,4033
terasu,889
blbec,4034
nejraději,4035
zapnutý,4036
liště,2228
vestavěného,1572
pořádkem,4037
nevyužila,4038
koncertech,1428
odrážedla,4039
skenery,4040
buddhistické,4041
výhra,4042
tato,4043
pestrost,4044
nealko,4045
migrény,4046
chodbách,652
učitelé,2735
sankce,4047
svobodu,3492
provozu,4048
zloděje,4049
parfumerie,4050
herního,1532
přírodovědná,4051
plemena,4052
sazba,4053
archivního,521
žerou,4054
obušky,4055
případu,4056
vyhrazené,4057
egyptská,4058
vzpomínání,4059
dobročinné,4060
troubu,675
seděly,948
zájezdů,1935
vyváženost,4061
iniciovala,4062
dramatika,4063
krku,4064
nížina,4065
zdravá,4066
bratrské,2718
dopisu,3703
jednobarevné,4067
dron,1068
zaznělo,4068
coververze,4069
pochodeň,4070
distribuuje,4071
odvrácené,4072
anonymity,4073
ústředního,705
dramat,357
zahradníky,4074
autě,452
prostorová,4075
vsedě,4076
ochutnávka,4077
arbitráže,4078
pokožky,4079
domů,892
tichá,4080
rozvodu,2323
sebevraždy,1521
profesionální,4081
vídat,1481
jedničkou,607
sekunda,4082
svědků,1367
kamionů,3287
bavil,1337
demografické,4083
ligové,4084
hláska,4085
hlavice,4086
plotny,4087
částky,4088
žádající,4089
zástupců,1396
nejnovější,2294
sedmá,4090
sdílené,2538
automaty,4091
smála,3335
opravdová,4092
zadlužování,4093
jeskyně,4094
hejtman,3126
tyč,3119
animací,4095
postýlce,488
přinášela,4096
sprchování,4097
užívajících,4098
autobusové,4099
připojením,975
mozkové,3673
vyjádřila,4100
střeva,4101
vtipné,2126
výherců,3755
jedněch,4102
církví,807
dozvěděli,2008
mlada,4103
stanoviště,4104
prostředcích,2787
nadšence,4105
legislativě,1304
cihla,4106
ziskovost,4107
hygieně,4108
tety,1001
komik,4109
pobavil,1979
přístupnost,4110
zbrojní,4111
spouštět,485
pódiích,591
valná,4112
exekuce,4113
mladí,1204
dvoulůžkové,4114
tapetu,4115
šetřením,4116
participace,4117
nabídly,909
písní,1496
garáže,3834
etiketa,4118
zóny,1974
šlechtě,2389
napínavé,4119
prefektuře,4120
dodávka,4121
řešení,4122
slyšíte,1840
zadavateli,279
koluje,4123
kočkami,407
stolce,4124
žadatele,4125
skluzavky,1682
zveřejní,958
zřizované,4126
specifikace,4127
komisaře,4128
jehličkové,4129
dekády,4130
zasáhla,4131
žaluzií,4132
sestavená,4133
světlomety,4134
postýlku,488
zaměstnaní,4135
kapesníky,4136
pauzu,1436
upozornili,998
úkolů,4137
respondenti,1435
xenofobie,4138
nájemníky,4139
mši,722
vrata,4140
úterý,4141
interpretace,4142
rekapitulace,4143
investicích,1030
dopolední,4144
troubou,675
myokardu,4145
aliance,4146
vedle,4147
ruština,1327
polovina,4148
nápověda,4149
vystoupila,4150
vitráže,4151
netradiční,3163
desková,4152
přítelkyní,316
cizině,2808
skupině,1246
pravítko,4153
připomenutí,4154
slanina,4155
zmíněná,4156
octavia,4157
koláže,3768
šampaňské,4158
balkánské,4159
frázi,1144
vraždy,2376
šachové,4160
lanovka,740
ledvin,4161
informatika,1856
mužstva,4162
řetězce,4163
násilné,4164
roviny,4165
federaci,202
operního,4166
vydavatelstvím,4167
plánovala,4168
županu,1368
spotřebič,120
klapka,4169
spoření,4170
karavanu,4171
vyšetřovatel,610
sousedské,4172
okapy,4173
vánoční,3761
nákupů,3370
nepřeje,4174
dobrovolnické,4175
nebavilo,1337
stojací,4176
teplota,2162
známí,2626
přála,4174
investují,1233
strojů,1166
pilotní,1976
tílko,4177
nákupech,3370
dostavby,4178
nestíhá,4179
miliony,4180
víra,4181
minutách,2178
provozovat,1421
kočku,407
centrál,193
ale,4182
zpěvák,1631
pozemních,519
všeho,4183
domovské,1316
výdělečné,4184
veřejnou,236
pojišťoven,531
stojanu,2195
důchodové,4185
reproduktoru,1247
pohraničního,2575
pohodička,2532
převzala,4186
neziskového,3550
polopenze,4187
švagrová,4188
soused,947
památky,4189
dohodla,4190
horami,335
posuzované,4191
neláká,4192
fyzika,4193
obnovené,4194
výšková,4195
parkování,4196
kytka,4197
předvedla,4198
bitva,3750
oblastí,4199
batolat,2679
mobiliář,2417
informovanost,2302
subtropické,4200
plochy,3568
šňůrka,4201
natočený,3912
devadesátých,4202
šedi,4203
botanické,4028
schránku,971
slovníky,4204
činohry,4205
stacionární,4206
skupinka,4207
sodíková,4208
olympijském,644
nesměla,4209
cestovatele,4210
třicítka,4211
soustruhy,4212
advokáti,1200
stavebnic,1244
pečovatelské,4213
zemědělské,1752
digitizéry,4214
kamarádů,3771
oblíbenost,4215
oceány,2209
koutů,1145
trapas,4216
orloje,4217
naplno,4218
nájemníků,4139
rozdělená,4219
vánocích,2427
bestie,4220
nízkoenergetické,4221
návody,4222
nájem,4223
simulace,4224
plážích,962
komunikačními,782
divizi,231
takovéhoto,4225
platbách,4226
elektrotechniku,1303
literaturu,590
regulaci,1842
povídky,4227
skládačky,4228
telefonického,4229
kmitočet,1087
vůbec,4230
investuje,1233
plavkové,4231
tehdejší,4232
autodoplňky,4233
rodinu,567
nemyslí,4234
antropologie,4235
svatá,3860
disciplíny,2789
ničí,4236
vozidlech,1217
vzpírání,4237
výslovnosti,4238
telefonické,4229
propaguje,4239
portrétní,2853
vlastníky,1970
architekti,4240
tržeb,4241
skútrů,4242
venkovské,4243
šířena,1349
financovat,1564
tonery,4244
spoleènost,4245
dinosauři,4246
maturity,2898
podpořila,4247
plavek,1697
vývoje,4248
liberálů,4249
hradeckého,1291
pobaví,1979
přemýšlení,4250
kandidáty,2852
primátor,2893
dobrovolníky,4251
populárních,492
kalibrace,4252
opozičních,1102
peněženku,2458
malé,4253
čtou,4254
análu,4255
pozvánka,1543
ambulanci,2698
disciplín,2789
tabletky,4256
vozu,3618
serverové,4257
naštval,2029
kabátů,4258
vestibulu,4259
akreditace,4260
průzkumy,919
prošetření,4261
voliče,4262
ministrů,1529
vlajkou,257
říjnové,4263
sranda,4264
detektiv,3091
sněmu,3099
teleskopické,4265
testovala,4266
skype,4267
houpací,4268
kolečkové,4269
kadeřník,539
krabiček,1391
investici,1030
realizovala,4270
penzijní,4271
nákaza,4272
řezačka,4273
korunu,1645
švédskou,843
odběratelů,3579
izraelská,2981
ruských,453
festivaly,2254
koncernu,4274
třídit,4275
kultovní,4276
masově,4277
zaplavila,4278
rýma,4279
bývalého,2372
mřížemi,1698
přerušila,4280
sektor,4281
dvoujádrový,4282
motocyklová,2477
herny,1757
svině,4283
okupací,2902
linoleum,4284
stěn,979
splátky,4285
mýtné,4286
stěžuje,1493
chtěla,2480
vichřice,4287
miniaturní,4288
výtvarníka,2100
slovu,3662
zhlédnout,4289
návštěvníka,2246
diskusi,3083
zásuvku,918
slov,3662
čerpadlo,2289
poutě,4290
rotace,4291
cukrárna,1248
hledala,4292
litevského,2064
zámecká,1623
ohňostroj,411
daňová,3607
volejbalu,3913
rekreace,4293
provozováním,2184
zahradách,880
unavené,3778
chyba,4294
nechutná,4295
draslík,2190
mikroskopu,2231
cvičit,4296
plotýnky,4297
veletrhu,4298
sociálních,1273
bouda,2535
půdy,973
experimentálního,4299
rodinné,1388
charitě,784
vyhlídka,4300
chorvatského,672
prkénko,4301
kouta,1145
intervenci,3801
krádeže,3500
křížovek,263
viceprezidentem,2309
globalizace,4302
činitele,4303
pojízdné,4304
debilní,4305
podílu,4306
mladíci,4307
zdarma,4308
nechutné,4295
oznámil,911
operní,4166
plakátů,769
nudné,4309
úsporný,1668
modem,4310
navigaci,4311
sázení,4312
zmizení,4313
obrovská,4314
obliby,1229
koukám,557
zapojené,4315
moderního,1422
modelová,4316
železo,4317
legendární,4318
federálního,1044
kazeta,1608
jednota,3135
vanu,1413
spotřebiči,120
socha,2573
bojler,4319
různorodé,4320
nepustí,286
aktivistů,3835
terapie,4321
žalovaného,4322
nepřekáží,4323
alpská,4324
majitele,4325
drůbež,4326
růžové,4327
oponou,476
heren,1757
úplatky,4328
blikání,4329
koupi,2431
geologie,4330
hruška,3329
odvety,4331
mikinu,1868
tvůrcům,572
nemyslela,4332
nemovitosti,4333
aplikací,646
krajin,1084
léčba,3928
vyhrazený,4057
pamětí,1213
řečové,4334
závody,4335
světel,717
zveřejňovaných,4336
sektorů,4337
kómatu,4338
inkaso,3131
mužská,4339
nepřijdou,2272
mazlíčků,4340
fondy,3899
roaming,4341
zrakové,4342
stylová,4343
teologie,4344
obvinil,2412
činností,993
zařizování,4345
schopná,4346
ekonomická,3747
usnout,3303
playlist,1845
vášně,2293
vizualizaci,4347
motorová,2716
estonské,4348
spravedlnosti,3239
raději,4035
policista,2286
nezaplatí,4349
ložnic,165
vzala,2299
půjčují,2054
autonomie,4350
zpěváků,1631
dávají,2648
ovládat,4351
obrazem,397
žádala,4352
španělština,4353
léků,1909
vymožeností,754
příspěvková,4354
prkna,2656
kalkulátory,4355
přenášejí,1378
restrukturalizaci,2825
socialistického,681
praprababičky,4356
soudce,4357
všeobecná,4358
hrábě,4359
ryby,4360
osudy,4361
platit,4362
chvílí,1711
hudebnice,2093
letadel,409
žáby,4363
zasahovala,4364
vernisáže,4365
obvodů,4366
plavba,4367
výherce,3755
polovodičů,4368
berlínského,2346
společníka,4369
barva,3508
skvrna,4370
nichž,3617
fotografa,1172
oslava,3066
schránce,971
muzikálové,4371
přítomné,4372
výrobky,2835
čele,2887
obalové,4373
fotky,4374
osmileté,4375
taktovkou,4376
dráty,4377
vaří,3921
krysy,4378
nájemce,4379
němž,3617
disková,4380
déšťobchody,4381
ostatní,4382
aktivace,4383
šachty,4384
chlapecké,4385
prezidentkou,4386
myš,2884
vám,4387
automatické,3914
výsuvná,4388
symfonii,1059
podala,4389
stranky,4390
štítné,4391
jezuitů,4392
mluvilo,3601
soukromých,352
všedního,4393
malá,4253
porážka,4394
trávu,4395
kempování,4396
virů,2104
telegrafní,4397
přece,4398
sporné,3818
občanům,1077
dodavatelské,4399
fotbalistů,1968
pomalého,4400
komunikacích,1072
hitu,4401
mikrobiologie,4402
nejpopulárnější,492
klipu,595
plátně,768
příhoda,4403
metalové,4404
říkala,3929
elektroodpadu,4405
meziročně,4406
akční,3730
cestující,4407
daně,3397
rozčiluje,4408
hokejista,501
vypukla,4409
protiletadlové,4410
vrtulník,2121
protipovodňová,4411
prospekty,4412
pedagogická,2501
odstartovat,1819
přiznal,945
tištěnou,212
hnutí,4413
odběratelé,3579
mysleli,4414
bobule,4415
západního,2055
termoprádlo,4416
utrácet,4417
plíseň,4418
výběru,4419
zamyšlení,4420
prvky,4421
tehdy,4422
tatínka,4423
ztráta,4424
rubrice,686
schválila,4425
inteligentní,4426
kouří,4427
poruše,1332
šíří,1349
pravítka,4153
nenávist,4428
šunku,920
šampony,4429
brusle,4430
rakovinu,1295
startu,4431
asociaci,154
prózy,3789
vadí,2469
konferencí,1149
zážitkové,4432
přístrojového,3585
diskriminace,4433
slaninu,4155
obkladové,4434
internátu,4435
akumulátorový,4436
převzaté,4437
policemi,466
lavičku,884
jablíčka,4438
střelba,4439
úchytka,4440
výkonnější,1262
vystřídala,4441
sezona,4442
vás,4387
lávky,4443
libanonské,4444
lahev,3456
využila,4038
strava,3503
referendum,4445
obálek,2685
samostatného,1305
referenda,4445
zadlužení,4446
žádná,4447
dotacích,3474
komponování,4448
sektoru,4281
nevidomých,1981
net,4449
vyhledávače,4450
tílka,4177
kotelna,1785
loutkové,4451
proslov,4452
bezplatného,1401
nenávisti,4428
přednost,4453
cílená,2903
námořní,4454
úspory,3547
vinobraní,4455
důvěryhodnost,4456
místnostmi,227
mizí,4457
tajně,4458
polštářů,2607
stráž,4459
netěší,4460
zeleninová,4461
doprava,4462
výukového,4463
fanouškům,856
epizodu,1512
baráku,4464
tramvajové,4465
indonéské,4466
epizoda,1512
doktoři,4467
buzení,4468
devatenáctkami,4469
podniková,4470
žirafy,2944
bundy,4471
kinu,23
ukazovala,2267
partnerské,4472
gaye,4473
vybraná,4474
imaginace,4475
mapka,4476
protipovodňové,4411
spotřebiteli,627
vyloučila,4477
zprávě,238
apartmá,4478
arbitra,4479
vikáře,4480
vzdělanost,4481
malířské,4482
usednout,4483
stropy,3567
lince,1591
dotazovaných,4484
horolezecké,4485
webech,4486
nevěsty,2642
glosy,4487
vidí,1481
podzemního,4488
varianta,4489
otázky,3953
nabíječce,749
témat,1495
neviditelná,4490
hvězdička,4491
koncertovala,4492
laboratořích,517
samolepka,4493
povinnosti,2266
zemědělce,4494
distributorem,564
podnikatelé,661
íránského,280
nevyužívají,4495
leukémie,4496
zkázy,4497
písmo,1269
elektromobilů,2919
pánve,4498
zdrojové,4499
vyřazené,4500
produkčních,4501
vizitka,4502
pohlednic,1821
synovce,4503
předplatné,3039
debatu,253
makroekonomické,4504
zakázat,1050
objednali,2455
cenová,4505
omítky,4506
lituje,4507
prohrané,4508
whisky,4509
pera,4510
lhostejnost,4511
husa,4512
zachytily,2515
židlí,192
banány,4513
paruky,4514
protivzdušné,4515
zásilka,820
dlažby,2068
egyptské,4058
snímku,1038
akciové,3007
sezóny,1782
frontmana,4516
zemská,903
dostupných,4517
znásilňování,4518
žalobu,1088
kluci,3035
konaného,4519
učitelství,4520
milovníka,3977
ekonoma,4521
spotřebují,4522
zavlažovací,4523
pořád,4524
kompetence,4525
nevěry,1130
parodii,445
oslovují,4526
měření,4527
cenové,4505
současné,2478
přesunula,4528
sjezdovka,1319
starost,4529
soška,4530
statistiky,4531
kampaních,246
kritiky,4532
císařovna,4533
publicitu,4534
focení,4535
libreta,4536
satira,4537
měřicí,4538
fandící,4539
zvíře,514
rozsudku,4540
kontrola,3040
statisíce,4541
milování,4542
biopaliva,4543
ručníku,1683
monitorovací,4544
tvořivosti,4545
výroky,4546
pexeso,4547
deštné,4548
jugoslávských,2079
loutky,4549
železnic,174
poslala,4550
magisterského,4551
uvědomili,4552
spisovatelů,2134
dopředu,4553
nezmizí,4554
celostátních,3991
rošty,4555
procházky,4556
koncové,2115
fax,2772
daní,3397
záplavy,3218
ukázek,3969
infra,4557
něj,3227
výtvarníci,2100
autorizované,4558
architekturu,861
doby,3347
kontrolky,4559
besídka,4560
srpnu,4561
grafického,1823
stojan,2195
rockovou,580
výzvy,3666
bezpečnostní,4562
takové,3536
zvyklí,4563
autoservisu,4564
pivní,4565
čínština,4566
podpory,2958
základny,4567
ekologické,4568
připojena,1603
zaměstnancem,1231
serverem,4569
mazlíček,4570
něhož,3617
volantem,4571
gerda,4572
pýcha,4573
pořádek,4037
metry,4574
vstát,4575
nákladné,4576
klima,3197
kampusu,4577
reformaci,1006
nedala,4578
kroniku,790
polohovatelné,4579
potlačování,4580
sdělil,1791
přenášených,4581
dílu,729
přítomná,4372
diskusní,2910
vybírat,2092
advokáta,1200
nabídku,1115
nudit,4582
platba,4226
pořadatel,629
stromečku,2963
sedadlo,1121
cloudového,4583
přepne,4584
místostarosty,4585
nefungují,1850
konzervativní,4586
stereotypů,3514
terminálů,3352
provozovatelům,188
kopřivka,4587
pojištění,4588
pozornost,4589
přihlášeniprosím,4590
svìta,4591
metra,4592
mříž,1698
drogerii,1287
neschopnosti,3260
zaslané,4593
komiksových,4594
senátoři,2508
university,4595
omezování,4596
romantická,4597
ledová,4598
lamp,461
demonstranti,1758
menšinových,814
voliči,4262
filmovém,90
továrně,503
chlapce,4599
povídat,2249
archivace,4600
pozvali,1146
šlechtické,4601
chudoby,2777
činnostech,993
krbové,978
hlavou,600
zápasů,1211
chtěli,2480
výrobu,930
školák,4602
hospůdce,1094
zaznamenaly,2236
celé,2838
kvalifikovala,4603
sošky,4604
ramínka,4605
otce,4606
stavbě,1795
přístrojích,328
profesoři,4607
luštění,4608
komentářích,4609
platíme,4362
idea,4610
laciné,4611
konvertory,4612
zaměstnávala,4613
samolepky,4493
přehledy,4614
stránk,4615
adresy,3074
resortu,4616
tamního,1739
volant,4571
stolování,4617
přímého,3974
zakázku,1494
kategorizace,4618
slibovali,2391
skříňku,274
zastupitele,1311
cílové,4619
náměstkyně,4620
hřebeny,4621
kolejnice,4622
kotlině,4623
bundě,4471
svědka,1367
studentských,628
droga,2328
hematologie,4624
kritiků,1207
hodinách,2684
teplárenství,4625
ceny,4626
branné,4627
kšandy,4628
slovíčko,4629
panda,4630
garáži,3834
přehradní,1849
koncepty,4631
uvědomíte,4552
končinách,3839
kouřit,4427
logiky,4632
konvenční,4633
britskou,339
organizátorů,2282
cloudových,4634
veterinární,4635
lékáren,1462
rozcvička,4636
výrobce,2173
kolejí,541
extralize,577
nevyžádané,4637
fyzioterapie,4638
dohledu,4639
růžice,4640
fórum,4641
tisíciletí,4642
kauz,4643
nočního,4644
retro,4645
něm,3227
zábavný,2024
termosky,4646
krabička,1391
dědy,4647
vynálezce,4648
malého,4253
zmizela,4554
mučení,4649
scénou,153
škály,4650
trolejbusová,4651
jablečné,4652
autorství,4653
medailisté,4654
polovodiče,4368
překvapila,4655
rocku,4656
pohotovost,3073
vychytávek,3461
ilustrace,4657
spisovatel,2134
nespravedlnost,4658
nabízely,2097
kuchaři,1020
časopisech,109
přilby,4659
muzikant,2000
slosování,4660
kamkoli,4661
specializované,1767
sedátka,4662
kolo,1112
generaci,1560
trestné,4663
holčičce,1461
čističe,4664
vozů,3618
bezdomovce,4665
nepřekvapí,4666
pobřeží,4667
odpočítávání,4668
pokličku,4669
pračce,44
led,4670
reprezentantů,1959
lokomotivou,725
nevolnost,4671
msta,4672
volala,3193
nezaplatila,2702
zabývala,4673
pila,1308
sluneční,4674
pozornosti,4589
zařídila,4675
akumulátor,3803
tématické,4676
pásy,4677
slavík,4678
prodejce,4679
učebního,4680
vesničky,4681
zmrzlinu,1622
ligového,4084
vlak,1254
dehydratace,4682
casting,4683
lokální,4684
paní,4685
metropolí,46
střihy,4686
zákazníků,2610
nečte,4687
nudle,4688
prvorepublikové,4689
verzi,901
románů,4690
kapitulaci,4691
nejspíš,4692
ceremonie,4693
turisté,2543
věrnost,4694
ovládala,4351
děda,4647
krasavice,4695
praktikách,2486
promítají,2292
svobody,3492
náhodou,4696
bazilice,4697
obsluhování,4698
napájecí,4699
milence,4700
dodavatelů,2542
vánocům,2427
piv,711
autobusová,4099
prostoru,3531
pracovala,4701
obsahy,4702
koupí,2431
trendů,4703
cyklu,4704
musica,4705
šikany,3044
rozhodla,4706
praní,4707
pásová,4708
připomene,3125
přikrývky,4709
pojízdná,4710
sportovců,1642
moderny,2934
vypnuta,359
uprchlíci,4711
tehdejšího,4232
závodů,4335
opěrky,4712
obec,1315
krbem,1265
zápase,1211
gotické,4713
rušivé,4714
výhradní,4715
vyhlídková,4300
expanze,4716
žloutenka,4717
ultrazvuk,4718
heraldická,4719
zaskočila,4720
titulů,4721
zvedla,4722
britských,339
potravinách,727
skutečnosti,2558
vojsk,1667
software,2269
bojová,4723
provozované,4724
stánků,3660
živá,1978
spacáky,4725
akademii,182
sjezdové,4726
reklamovat,4727
tržbách,4241
stropní,4728
servírky,4729
staniční,4730
vleky,4029
středoevropského,2539
pamětníků,1257
zavázala,4731
romantické,4597
veterináře,4732
schématu,2461
zastupitelstev,812
hlavě,600
anarchie,4733
fotbalových,93
podlahové,4734
dálku,4735
spuštěna,4736
orgán,3210
liberalizace,4737
účastníky,4738
montáže,4739
rekonstrukci,1659
desetina,4740
místopředseda,2979
výtvarného,1917
chystá,2976
efektivita,4741
věstníku,4742
odpůrce,4743
lyží,702
týmová,4744
fotbalistu,1968
prognóza,4745
poezii,780
ságy,3263
jih,4746
rostlinky,4747
podmínka,4748
neslyšeli,1840
zavedla,4749
pečivo,3224
preference,4750
plynovodu,4751
pult,1991
specialitou,4752
zřizovatele,4753
pecí,1598
kompenzační,4754
kroje,4755
designéra,3230
identity,1511
iráckých,1164
slovesnosti,3528
dovolili,4756
jízdě,2197
maličkosti,4757
zajímavé,4758
oznámeno,4759
obsahů,4702
integrované,2490
železáren,4760
pyramidy,4761
tipy,4762
peněženka,2458
slovníků,4204
dietní,4763
smarty,4764
magnetické,4765
nejen,4766
projektová,4767
míče,4768
bonbony,4769
modelku,364
velkovévody,4770
údajně,4771
motivace,4772
oblasti,4199
šířeny,1349
trapné,4773
zvěsti,4774
šatní,4775
extraligové,4776
emise,4777
logistika,4778
organizovala,4779
činná,4780
jídlu,470
procenty,2447
jednotlivé,4781
pes,4782
křivky,4783
cihelny,4784
prezidia,4785
mrzí,3435
ohniště,4786
polykání,4787
nasadí,2322
klávesnicí,225
doktorů,4467
montované,4788
homosexuály,4789
myslíte,4332
možnost,4790
masového,2280
přikrývka,4709
tematikou,4791
oko,1449
vidlice,4792
pěstovaná,4793
publikovala,4794
pokladní,4795
observatoři,4796
meteo,4797
router,4798
pilíře,4799
příborů,2809
textů,4800
tvrdili,573
střihů,4686
kašna,3184
chytrého,332
uprchlíky,4711
mechanické,4801
rychlého,4802
piráty,4803
šetří,3545
svíčky,4804
prostorové,4075
poruchy,1332
spatřila,4805
výzdobu,1977
částí,2250
stezky,4806
nedávají,2648
velké,2604
ryba,4360
seniora,4807
originalita,4808
automatika,4809
osvobozenecké,4810
stěnou,979
toalet,498
nemohla,4811
sušení,4812
umírajícího,4813
erotiky,4814
meteorologických,689
scénář,1811
závodu,4335
popularitě,915
skříňkou,274
plastové,2488
hlídkové,4815
serverech,4816
letos,4817
podhledů,4818
kazet,1608
mluvit,3601
nezletilého,4819
pobytylevné,4820
křivka,4783
designérů,4821
pronajmutí,4822
nejzajímavější,4758
zřejmě,4823
vyrobilo,873
frustrace,4824
tržby,4241
velryba,4825
odborového,1787
infekce,4826
obézní,4827
odvětvích,2482
sportovec,1642
celníci,4828
chatě,1522
uplynulého,4829
ředitelem,551
stropu,3567
zastupující,4830
periferních,4831
nepřišla,2272
rodičovské,1724
estonského,4348
forma,3359
paliv,4832
oficiálních,3301
východoevropských,4833
pomsta,4834
garážová,4835
výlohy,4836
konferenci,1149
autorského,1156
slovenština,3891
všechny,4183
logika,4632
designu,4837
pamětihodnosti,4838
přestože,4839
pevniny,4840
budov,422
britský,339
manželce,872
vitrína,1202
vyvíjela,4841
neřekli,2536
motorce,1992
podprsenek,2380
romány,4690
činitelé,4303
studií,1219
koruny,1645
funkčnost,4842
senátora,2508
ropucha,4843
vlivné,4844
hospice,4845
dodavatel,2542
tichu,3094
subjekty,4846
návrháře,2291
aspekty,4847
obvody,4366
seděl,948
léto,2244
slánského,4848
senzační,4849
záznamník,4850
hubice,4851
vizuálních,2027
místního,2386
pojistníka,4852
zakázané,4853
nevěřili,4854
majitelé,4325
brána,3317
prohře,2965
vyspělé,4855
metro,4592
nebankovních,4856
výhoda,4857
podobě,697
kartou,2089
gotická,4713
nahrávkami,248
obchody,2992
kalhotky,4858
právníků,2875
vyhledávací,4859
režimy,3367
fotografická,1681
poplatník,3793
dovozce,4860
šokovala,4861
podvody,4862
jižní,3255
senátního,1322
opravny,4863
přímořské,4864
střeše,1469
elektronickou,583
dlužník,2337
hrdinové,2548
ministerstvu,398
vestavba,2172
spustil,485
autoři,2788
blízké,4865
dálkovém,726
nelibosti,4866
provokace,4867
portrétů,2853
alpské,4324
dílna,1673
výdajů,1181
lhůtě,4868
levný,3283
financuje,1564
řízky,4869
oděvní,4870
úpadku,4871
domovy,413
myslivecké,4872
nabízet,2097
čtete,4254
připravovaná,4873
ventilátory,1828
město,529
karlovarského,2472
škoda,4874
nefunguje,1850
reaktory,4875
kreativního,3410
mosty,4876
struktury,4877
hudebník,2093
trávení,4878
mixéru,1475
mikroflóry,4879
dokola,4880
policajti,4881
chalupy,663
vlastníci,1970
rozmazané,4882
trať,2752
kupovali,4883
levné,3283
nedostaly,3104
poskytovatel,876
umístíte,3876
vinná,4884
dětský,504
osvěty,3677
náročné,3630
úvěrová,3773
kalhotách,1174
hrnečky,4885
tělesná,4886
humorné,4887
sváteční,4888
budoucností,825
obsahu,4702
pamětníci,1257
nahrané,4889
kapsle,4890
přírodopisu,4891
cyrilice,4892
přirozenost,4893
vyšetřuje,4894
prostranstvích,4895
dlužníků,2337
mraznička,3109
zařadí,3426
klouby,4896
psychiky,4897
vystupovala,4898
způsobily,4899
klientských,2757
byt,1013
závěti,4900
volnočasové,4901
kolegyní,199
splácení,4902
ústraní,4903
gymnáziích,1882
bankrotu,4904
smršť,4905
spouštění,4906
deti,4907
posléze,4908
módního,4909
neobjevila,2429
fotografií,298
tapeta,2790
privátního,2926
flóry,4910
preferují,4911
dokovací,4912
čelovka,3704
pečeti,4913
označila,4914
designér,4915
ultrazvuku,4718
holandská,1678
konspirační,4916
dluží,4917
volena,4918
vyřazení,4919
politických,758
savany,4920
jazyků,2849
účelová,4921
rozhodčího,4922
velení,4923
půdu,973
odebrala,4924
znečišťování,4925
trpaslíky,1751
příprava,4926
cizojazyčné,4927
pojištěné,4928
platformu,184
špinavá,4929
tajemník,3049
pokrývka,4930
farmaceutických,1061
nevešlo,4931
mlhovky,4932
stativy,4933
pijeme,4934
klienta,1910
tajných,587
tradičního,3163
spánek,2042
skupinové,4935
zrak,3386
zvykli,4936
klávesy,4937
šelmy,2215
mazlíčka,4938
lanová,4939
děložního,4940
vrtulníků,2121
nevšimli,4941
dražbě,4942
europoslanec,4943
zástavou,4944
závodníky,4945
neziskovou,3550
pravopisu,3966
vybrána,4474
rána,2135
myšlenek,2265
zubního,4946
nížiny,4065
kulovité,4947
lídři,4948
oficiálního,3301
stylové,4343
autobusů,1194
pergoly,4949
civilisty,4950
rozvoje,4951
lázeňská,4952
branky,4953
rozšířené,3895
chemoterapii,1589
oblastech,4199
katedrála,1109
diktatury,2629
dluhu,2534
tiskařské,4954
pořizuje,4955
předložky,4956
byznys,1788
živém,1978
informována,4957
jídelnu,524
zločince,4958
dlažbě,2068
sklípku,4959
veliká,4960
tuzemskou,244
skeneru,4961
předvádění,4962
zkreslené,4963
manga,2847
nepotvrdila,2155
oslavě,3066
rumunského,477
zářením,1016
koza,4964
ozařování,4965
matematika,4966
výchově,2392
potahů,3904
oslovili,1366
snídani,1338
pěstitele,4967
realit,139
hudebníka,2093
synchronizace,4968
směna,4969
epizodní,4970
kritizoval,2225
kávě,516
neladěné,4971
dokumentárním,135
mocná,4972
sebe,4973
nenosí,4974
buchta,3102
hypotéza,4975
právníky,2875
středočeského,2107
venkova,4976
přáli,4174
naděje,4977
rozloučila,4978
připravovaného,4873
potají,4979
majetku,4980
minulého,4981
laptop,4982
irské,3952
policií,48
talíři,4983
občanská,4984
edukace,4985
exhibice,4986
severozápadní,4987
sterilizace,4988
národů,1018
vstávat,4989
laboratorního,4990
bavilo,1337
prohlížečem,426
sklokeramická,4991
sazbu,4053
přečerpávací,4992
věži,1062
běžící,4993
půlku,4994
pozorovatelé,2746
usměvavá,4995
soupeřky,4996
odtrhnout,4997
taneční,4998
sousedních,2816
spodní,4999
národnosti,5000
vlasti,5001
puma,5002
prdelka,5003
matraci,683
žebříčku,5004
demolici,3686
teroristická,5005
ovládací,5006
prospěšná,5007
příznivců,2006
hodinkami,666
kopírovací,5008
školských,1085
kravata,645
fantazii,1743
třeba,5009
odstřeďování,5010
stojánková,5011
stíhat,5012
mobilním,5013
vysočině,575
stará,2793
kočárky,5014
supernovy,5015
slovenskou,285
hoře,5016
přenášení,5017
vyhledávač,5018
rukopisy,5019
jihokorejský,400
vybavila,5020
rozhledně,2361
hlídání,5021
místodržitelství,5022
nechtějí,2480
nevšimla,2674
dioda,3068
telefonních,1912
knoflíku,3267
prvňáčky,5023
nákupy,3370
sporáků,633
láska,5024
valí,5025
sovětskou,613
zazněla,4068
provozovnách,2439
proslulá,5026
svítit,5027
přednáškové,5028
spojka,5029
myslela,4332
hříčky,5030
levnější,3283
trenéra,5031
vysávání,5032
organizací,560
katedrále,1109
pečovatelská,5033
europoslanců,5034
týdny,5035
snowboard,5036
nesouhlasila,5037
nadsázkou,5038
padající,5039
léčebna,1363
nepravdivé,5040
volno,5041
řekl,2536
regálů,2112
učební,4680
států,2387
věznici,653
hostiny,5042
motocykly,5043
arogance,5044
počiny,5045
cituje,853
krásy,3136
cukrárně,1248
oddělené,3180
vychovatelky,3706
stálá,5046
faktury,5047
prdeli,5048
symfonický,3382
myška,5049
letištní,5050
kontroverzního,5051
managementu,5052
rockového,580
poskytovaná,5053
ohřívače,5054
psy,4782
běžky,5055
disky,5056
varné,1535
dědičné,5057
vyšetřovat,4894
panorama,5058
bouřce,1025
drahá,5059
výživě,2257
basketbalovou,1021
žalobou,1088
exotické,5060
zadavatelem,279
scénické,5061
konektivitu,5062
inspekcí,5063
vypadly,2733
cukrovka,3417
tepelné,3558
zájmová,5064
sociologického,3217
žákovské,5065
čte,4254
mnohá,5066
lázeňské,5067
šířily,1349
ostrá,5068
nechápala,5069
hostitelské,5070
středisko,2554
zase,5071
bývala,5072
nerezová,5073
historik,2069
arcivévodkyně,5074
šampaňského,5075
dítě,699
poradě,1067
značkových,1260
páteční,2343
laboratoří,517
bojiště,5076
kuře,5077
proslavila,5078
náramky,5079
severočeské,5080
neodmyslitelně,5081
obhajoba,5082
nezajímají,2668
odsoudila,5083
barevného,509
týden,5035
zařízením,447
oděvů,4018
účasti,5084
sociolog,5085
kandidaturu,3139
krátkometrážní,5086
perské,5087
vybrala,5088
ovšem,5089
uprchlíků,4711
vozech,3618
podnicích,1389
gama,5090
helma,2426
kolegů,2175
blechy,5091
hranolky,5092
mráz,5093
soudobou,3289
jazykové,5094
révy,5095
starší,2793
učitelské,5096
stánku,3660
připojování,5097
pohádkového,1408
aerobiku,4010
nepovedené,5098
knihovnictví,5099
badatele,5100
rétoriky,3346
kmotra,5101
rivalita,5102
kapelníka,5103
socialistických,681
nepřehrává,5104
drátkách,5105
teorie,5106
budoucna,5107
technikem,190
změně,5108
zajímaly,2668
stížností,999
servírka,4729
výzbroje,5109
ruského,453
pěstované,5110
základna,4567
růže,5111
mozky,1405
exkurze,5112
trh,3623
reflexe,5113
vlněné,5114
ústavních,1610
prodávané,5115
rotační,5116
ustupuje,5117
plánování,5118
víkendové,5119
oznámilo,911
údajné,5120
vlastníkem,1970
vyhazovat,5121
prázdninách,3108
odpadu,2726
novinkách,858
realizace,5122
ticha,3094
stany,5123
navigací,5124
sedláka,5125
jazyková,5094
uznala,5126
milovníků,3977
magnetická,4765
umělci,1261
požívání,5127
zdražování,5128
manžel,2203
sněmovních,2766
svařované,5129
antivirový,3371
londýnské,5130
nástěnku,1488
rámy,5131
školních,496
větve,5132
porazila,5133
vyhledávání,5134
jehlice,5135
spotřebitelům,627
vkusné,5136
vzdělávacích,2186
hesla,5137
ipad,5138
tendr,5139
bazény,2675
obrázky,5140
novinkami,858
studentský,628
lanové,5141
farnosti,1863
drahé,5059
koberci,746
etnika,5142
trávíme,1952
okolnost,5143
pořízená,5144
schovala,5145
bohoslužbu,1173
monitorovacího,5146
svrchovanosti,5147
letounu,2758
končetiny,5148
ztvárnění,5149
uprchlické,5150
restaurací,455
nezletilé,4819
pořádala,5151
patronů,5152
interiérové,5153
aktivitách,1014
občanské,4984
srbského,576
prohledávání,5154
zareagovala,5155
hypoteční,5156
jihomoravských,638
kohoutku,5157
chtěly,2480
externího,5158
spotřebuje,4522
autodíly,5159
plynového,1360
přírodě,989
vydáních,5160
pohyblivá,3141
kurvička,5161
vážná,5162
zelených,5163
partnera,1956
obývacím,604
zabíjí,5164
wehrmachtu,5165
pravidelnost,5166
rybářské,2886
ohýbání,5167
olomouckého,3700
dcerkou,2339
vrcholová,5168
akademik,3683
škrabky,5169
utekla,5170
polyesterové,5171
doplňkových,3920
demokraty,3652
postavou,824
zvítězila,5172
ukázalo,2968
přestávkách,1575
restartu,5173
propasti,5174
řadě,1182
přijala,5175
pravidelné,5176
kreativitě,1345
servis,5177
svačinku,5178
liberální,5179
kulovitá,4947
astrologie,5180
deodoranty,5181
čerpadel,2289
zapojily,3353
záběru,276
součásti,2877
spustilo,485
obžaloby,1808
plnotučné,5182
čtvrtletí,5183
aristokracie,5184
dinosaury,4246
prohry,2965
kolapsu,5185
obchodů,2992
modelek,364
věděly,3307
horko,5186
deprese,5187
literárního,3154
podobně,5188
provozem,4048
religionistiky,5189
jej,3227
zákazník,2610
takovéto,4225
samostatnosti,3258
pojistné,5190
orientovaná,5191
učebnu,852
půlce,4994
mejdan,5192
tiskovém,119
donutil,3587
tanečnice,5193
palestinské,5194
dědečka,5195
letišť,3228
námořnictvo,5196
hotelových,282
arcibiskupa,5197
biskupy,5198
operátorem,323
epocha,3583
infocentrum,5199
nepřetržitě,5200
bruska,5201
pořízení,5202
dezinfekce,5203
blízká,4865
kasino,3162
míchy,5204
pravidelného,5176
rostlinné,5205
pondělí,5206
dřevostavby,5207
synagogy,5208
přistoupila,5209
lego,5210
finalista,1732
účastníka,4738
vjemy,5211
milovníci,3977
upozornil,998
parket,5212
linux,5213
spolkových,1492
biopotravin,5214
meče,5215
publicity,4534
přízemí,5216
cyklostezky,5217
slupky,5218
vázy,5219
jezuitského,3744
silueta,5220
parlamentními,187
atletka,5221
liturgické,5222
pařížská,5223
společnostmi,81
batoh,2502
číselná,5224
švihadlo,5225
módní,4909
vlaků,1254
stezka,4806
diskuzní,5226
žulové,5227
stála,2387
účely,5228
epidemiologie,5229
umyvadlo,1423
mohla,4811
školné,3958
přejde,5230
fanouškem,856
nevěřila,4854
dostaly,3104
mezitím,5231
zítřka,5232
světy,586
mrazák,1150
pokojíchbezplatná,5233
administrativě,3172
nechodí,5234
blahopřání,5235
závěsů,3815
sedne,1539
karavany,5236
slavných,1212
zpoplatnění,5237
dívek,1639
frčí,5238
razie,5239
porušila,5240
ratanové,5241
konkrétně,5242
chystané,5243
externí,5158
pobřežní,5244
oceli,5245
vychovatele,3706
stopy,1148
gynekologa,5246
kolegyni,199
nahrála,5247
moderních,1422
vstoupila,5248
sezony,4442
spolupracovníků,1390
frekvencí,776
tvářemi,619
ovlivňování,5249
výzkumy,2717
povodeň,3394
lesnické,5250
návyky,5251
porotce,1883
rock,4656
dimenze,5252
ošklivá,5253
nejprestižnější,5254
národnost,5000
dětskou,504
foto,5255
soudí,5256
předsednictva,5257
patentované,5258
zahradničení,5259
vyplynulo,5260
protestují,5261
fotograf,1172
mluvili,3601
skočila,5262
islámská,2673
radiace,5263
slibuje,2391
listopadové,5264
obědu,3356
komunikací,1072
biologie,5265
jachty,5266
čtrnáctého,5267
kotliny,4623
vítězná,5268
klíšťata,5269
cyklistického,3345
detektivních,1651
člověk,639
biomasa,5270
neobjeví,5271
víry,4181
zvuky,1800
tísňové,5272
trestná,4663
stavební,5273
volebního,1686
objednaného,5274
překvapivě,5275
pokrmů,5276
dominanta,5277
polévka,5278
vaše,5279
medvědi,5280
reformách,1006
městysu,3137
flexibilita,5281
šňůrou,1942
usnul,3303
výšivka,5282
nosičů,891
posádky,2028
dodávek,4121
prohřešky,5283
meteorologové,5284
historii,1258
nevlastní,3441
přehlídku,2298
názorů,5285
stranka,5286
příjmech,970
měny,5287
úkoly,4137
veslování,5288
srdce,5289
hercem,621
sebevražd,1521
pohodlné,3244
relaxace,5290
diktátor,5291
plachta,5292
uklízí,3999
náročnost,5293
světě,586
pavouka,5294
pozorovací,5295
paušál,5296
psí,5297
svobodná,1871
talíře,4983
průmyslovou,859
prostory,3531
školicí,5298
primárně,5299
pásmech,3431
dynamická,5300
dětech,699
strojnická,5301
stravovacích,5302
branka,4953
bolela,5303
zařízeníroubenkastatekubytování,5304
korejského,1152
pyramida,4761
konstatoval,1896
ekumenické,5305
zodpovědná,5306
zeměkouli,374
chalupách,663
napadla,5307
humanistické,5308
epizodách,1512
improvizované,5309
dálkových,726
instalačního,5310
obdoby,1464
etika,5311
lídrů,5312
němčiny,5313
nicméně,5314
války,588
partnerů,1956
mokřadů,5315
sektory,4281
farní,2516
spala,1570
stropních,4728
ničeho,5316
housky,5317
instaluje,5318
turbíny,3909
síťového,1224
východní,5319
záplavě,3218
vaší,5279
energii,659
inkoustová,5320
automobilek,338
čísla,5321
nudu,974
zmizely,4554
zahrádku,830
milionové,5322
chtějí,2480
zákonodárné,5323
placky,5324
věčná,5325
téma,1495
slogan,5326
stromy,5327
bufetu,5328
lokalizovat,5329
zákoník,5330
nestíhám,5331
odpojit,5332
dovnitř,5333
data,5334
obhajoby,5082
paluby,5335
zářivkové,307
armádu,275
proporce,5336
veřejném,236
kruhová,5337
otravuje,5338
padla,5339
jaderných,1873
troje,5340
fotovoltaických,5341
vraždě,2376
biochemie,5342
zásuvkami,918
poplatníkem,3793
prohlídka,3752
truhlářské,5343
buržoazní,5344
konzumovat,2169
kuchař,1020
zaostřování,5345
skandály,5346
vyhřáté,5347
vojne,5348
slušovské,5349
gymnázium,1882
bouřkami,1025
vtip,2597
penězi,1554
zodpovědné,5306
orchestry,5350
pálení,5351
hvězdná,5352
reálu,5353
skladeb,3223
požadující,5354
amatérského,314
přímo,5355
spolužáka,3873
song,5356
výrobci,2173
vinou,5357
však,5358
odchází,5359
předsedu,2399
objednává,5360
fóra,4641
lize,791
keře,5361
kóje,5362
zajde,5363
plazmatu,116
pořídit,3103
fotografickou,1681
půjčuje,2054
maratonu,5364
zaměstnanecké,5365
evropských,2344
klášterů,5366
nakloněné,5367
slavného,1212
kancelářských,262
nejefektivnější,5368
konkurs,2404
zásoba,5369
neznámé,5370
grupáč,5371
umělcům,1261
pokožka,4079
vesmír,3350
módě,480
dialogy,5372
půle,5373
šla,3735
aktivisté,3835
přepis,3182
sovětských,613
hospodářství,5374
bábovka,5375
kariérou,2227
lázeňského,5067
štafeta,5376
bonbóny,5377
pachatelé,2377
pronajímá,5378
pojistitele,5379
ekosystému,5380
čtvrtá,5381
produktové,3590
úroda,5382
muzikou,111
profesionalita,5383
plakát,769
kompostování,5384
života,5385
chytrou,332
úspěšná,5386
povídka,4227
apartmán,2158
utkáních,721
užíváte,5387
zvířatech,514
fiktivní,5388
trojky,388
pochoutka,5389
znásilnění,5390
uvidíte,2658
agendu,869
tématy,1495
zavolala,3187
znalec,5391
trampolíně,1533
rámci,5392
italština,5393
motocyklů,5043
pistole,5394
impulsy,5395
zavřela,5396
komanda,5397
ratingu,5398
obstará,5399
vyhlašování,5400
drátové,5401
řemesla,3095
pravicový,731
disk,5056
usedl,4483
spotřebitelský,2359
nějž,3617
ztrátové,5402
sérií,775
náhoda,4696
nedozví,2008
samotného,2013
kalendář,2428
rádi,5403
dostávají,5404
úklid,2841
koncern,4274
sálech,937
kočičky,5405
tisíc,5406
romance,5407
zaniklé,5408
rajče,932
hlavní,2955
pozastavení,5409
laické,5410
majitelky,4325
pobočce,585
vidět,1481
krmiva,5411
alkoholické,1220
rektor,5412
chat,1522
úrazy,5413
podobu,697
noční,4644
milénia,5414
foyer,5415
neteř,5416
dveřmi,3559
partnerem,1956
kuřba,5417
kartu,2089
pusy,5418
rozhodovala,5419
kvality,1887
těhotné,5420
záhady,2690
múzických,5421
království,5422
anglikánské,5423
mořská,5424
soukromíubytovna,5425
celky,5426
festivalů,2254
studiem,5427
fiction,5428
hlášení,5429
topenářské,5430
provozují,1421
paradoxně,5431
masívu,5432
nevědí,3307
poloviny,4148
lázni,3174
hasičského,1583
podrobné,5433
užila,5434
mechanika,5435
ozbrojené,5436
hitparád,1138
spuštěním,1520
pokojovou,1563
akreditovaného,5437
webovou,325
spektrum,1579
švagra,5438
kupuje,4883
inzeráty,5439
přinesli,2353
jednodílné,5440
ukazovat,2267
odložené,5441
této,4043
pokládka,5442
opozici,186
rozhodně,5443
turnaje,5444
plodin,3978
montujeme,5445
vecer,5446
onkologii,5447
prime,5448
zbytečnost,5449
lídry,5450
odpoledních,3411
uhelnatý,4016
stovky,5451
houkačky,5452
kurikula,5453
stromky,5454
inscenaci,277
vyprat,5455
úřední,5456
drátu,4377
nepřál,4174
teploměr,777
manikúra,5457
čestná,5458
sešitů,5459
odborníka,1209
myslelo,4332
žába,4363
zapojovat,3353
obdobu,1464
tvořivost,4545
svědkové,1367
mladiství,5460
výpadek,3453
nekonečného,5461
nálepka,5462
plakala,5463
homosexualitu,3478
účelové,4921
zaujala,5464
přál,4174
kupodivu,5465
spaním,5466
lahví,3456
chvíli,1711
levicového,1710
samospráv,363
betlémů,5467
nejenom,5468
regulátory,3314
fotí,3926
digestoř,5469
stran,637
úředníky,3194
využití,5470
údajná,5120
přátele,2722
spisovného,3595
zklamala,5471
světoznámého,1640
ideje,4610
řidička,5472
uživatelům,1638
sociologii,864
snažila,5473
hospodářstvíspecializovaný,5474
socialismu,5475
akumulátorů,3803
dvacátého,5476
živočichové,5477
réva,5095
šachová,5478
zjistilo,2037
soběstačnosti,5479
nepokojů,5480
pumpy,5481
listiny,5482
maličkost,4757
propagačních,2625
přebírat,4186
koule,5483
lokalitách,3276
romantiky,1990
kosmonautů,1310
uváděli,1772
milovnice,3977
communication,5484
konverze,5485
stravenky,5486
výběrové,5487
evaluace,5488
dechová,5489
osmnáctka,5490
freska,5491
drátěné,5492
protestuje,5261
podlahového,4734
vzpřímené,5493
jíst,3150
varianty,4489
venkov,4976
všechno,4183
zápas,1211
poutavou,5494
platby,4226
kalkulačku,399
chybět,2466
bajky,5495
domy,892
pásmo,3431
takhle,5496
receptury,5497
odejít,2467
doručené,5498
samosprávě,363
hostit,1253
rohová,2413
skandinávských,2506
vyprávěla,5499
faře,5500
soudobého,3289
absence,5501
diskusních,2910
materiálech,1964
výpravě,1517
browsing,5502
inspekční,5503
otáčení,5504
zapalovače,5505
vodu,1441
záškoláctví,5506
jehly,5507
prima,5508
skenování,5509
redakční,5510
hranicemi,2593
předměty,5511
přepážka,5512
podpěry,5513
odborné,2754
objedná,2455
komety,5514
inverze,5515
elektronický,583
vlacích,1254
šílené,5516
vědec,2507
lesnická,5250
novodobé,5517
vrátila,5518
ozdoba,5519
investovat,1233
poprosila,5520
host,1179
veletrhy,4298
neprofesionální,4081
venkovská,4243
provazy,5521
zprávu,238
podstaty,5522
nápadité,5523
kávu,516
autokoberce,5524
provozy,4048
analytici,2812
kolpůjčovna,5525
oděvního,4870
bankéře,5526
univerzitu,300
postižena,5527
národ,1018
promluvil,1214
uhličitý,3741
dispečink,2102
vládních,618
komunita,5528
zástěny,3369
sportovat,1454
organismy,5529
uličky,5530
tragédii,938
ostrovů,2948
podniku,1389
daná,5531
počátcích,5532
sexualita,5533
animátor,5534
zjistily,2037
instalována,5535
vidličky,5536
laviček,884
neurologii,5537
novodobého,5517
říkáte,3929
nemluvě,3601
obviněna,5538
kabelem,1832
presidenta,205
dotyčné,3642
cizoložství,5539
dalšího,5540
vlajkami,257
odešel,2467
ovečky,5541
podzimu,5542
prostředků,2787
diplomatů,5543
římské,5544
nápoj,1407
oranžové,5545
milióny,5546
důchodového,4185
pero,4510
kterého,3168
členové,5547
brožura,3539
schodiště,5548
výkonnou,1262
objevily,2429
zvyklosti,5549
cíle,5550
vozidle,5551
rodičovství,5552
zabrala,5553
umírání,5554
sedli,1539
vegetariány,5555
automobilového,358
lahůdka,5556
počátky,5532
týdne,5035
linku,1591
revolucí,104
revoluční,5557
hořčíku,3274
radiátor,5558
kosmetiku,1387
nahradila,5559
zásluha,5560
nečekali,5561
příčina,5562
požírá,5563
nebesa,5564
imigrace,5565
pojistit,5566
stíhá,5012
vyfotila,5567
hitparádách,5568
rozkládací,5569
menstruace,5570
požádala,5571
portálech,5572
slíbila,5573
elektrických,342
hřídele,5574
chátrá,5575
běžecká,5576
sladkostí,2096
tvarové,5577
přijímají,3364
sprchová,5578
atentátu,5579
nespavosti,3736
tlačili,5580
věnovala,5581
hlavu,600
prsa,5582
sýr,5583
častokrát,5584
judista,5585
oslovených,5586
radši,5403
venkovních,1891
nabíječku,749
rozsáhlá,5587
bušení,5588
korunovace,5589
průzkumná,919
vévodí,5590
ptáka,5591
didaktických,5592
čipové,5593
platíte,4362
idiot,5594
minutové,5595
sklářství,5596
hraných,1636
bezpečnostního,4562
omluva,5597
místech,2586
pracovník,1961
míse,5598
sbírka,5599
ulic,3027
středu,5600
daleko,5601
viděl,1481
sedadlech,1121
veličiny,5602
music,5603
kreslení,5604
stálé,5046
jimiž,3617
kvalitního,1861
monarchii,622
pizzu,3379
pronikli,5605
listina,5482
sprosté,5606
kronikáře,5607
střih,4686
burzovní,5608
dávkovače,5609
palubovce,5610
půlka,4994
samy,1565
disident,5611
chvílemi,1711
držadla,5612
představivosti,1799
tkáně,5613
procesorech,1931
metalová,5614
lídr,5615
pak,5616
bannerů,5617
prezentery,5618
kompresor,5619
sídle,1847
uhlí,5620
obsadila,5621
skladba,3223
penetrace,5622
večírky,3711
noc,3219
výkonný,1262
oper,255
zpěvačkou,444
komunista,1409
začleňování,5623
odcházím,5359
penzijního,4271
platební,5624
programátory,5625
čtenářům,1222
herně,1757
naproti,5626
vysoušeč,5627
nasvícení,5628
zapojení,5629
dodala,5630
kompletního,5631
dělat,3911
vybírá,2092
zvonice,5632
očekávala,5633
měsíčníku,5634
tlusté,2527
tranzistory,5635
událostech,2493
kontrolovala,5636
soustředit,5637
zoologie,5638
převzaly,4186
zařídit,4675
počasí,5639
značkou,745
baterií,665
ochránce,5640
češtině,3325
sůl,5641
optickou,1249
nenáročné,5642
zkouška,5643
protestovali,5261
mobilita,5644
zpracovala,5645
marihuanu,5646
psa,4782
panství,5647
počinu,5045
tréninková,5648
kulma,2805
pojišťovnu,531
oběd,3356
přesnídávky,5649
zpoždění,5650
přístupnosti,5651
střechu,1469
lokace,5652
financované,5653
dorazila,5654
nešel,3735
nervové,5655
zábavnou,2024
severokorejský,5656
odpojí,5332
konsolidační,5657
rajská,5658
nefunkční,5659
nastavitelná,5660
disco,5661
bazének,5662
divila,5663
magistrála,5664
produkovat,1430
desetiletí,5665
doktora,4467
dopoledních,4144
nesmyslů,3285
propagací,630
uvedlo,582
promítal,2292
charitativní,5666
pletení,5667
karafy,5668
přestane,3110
děvka,5669
čipy,5670
klimatické,5671
urny,5672
profesionálové,2612
rumunských,477
volili,4918
mechaniku,5435
ohně,5673
rehabilitace,5674
manažerům,1973
venku,5675
zbytečnosti,5449
dominovala,2651
dříve,3406
nadšenců,4105
zakázkách,1494
rozvaděčů,5676
františkánů,5677
kontinentu,3186
směrovače,5678
navíc,5679
kupé,5680
studiových,3290
kráječe,5681
dieta,2166
obsluhy,1414
estetika,5682
netradičních,5683
programovém,125
přepážky,5512
později,5684
klasiků,1377
dvě,5685
reaktoru,4875
padaly,5039
dubnu,5686
dveře,3559
vydávala,5687
diskety,5688
dospělí,1614
domoviny,5689
experta,2074
umístit,3876
kolonády,5690
regionálně,5691
chyběla,2466
homosexualitě,3478
instalaci,1679
podložky,5692
skleněná,5693
přímá,3974
advokát,1200
kněžny,5694
držela,5695
zmizet,4554
hasiče,3233
akreditaci,5696
dotčené,5697
zastoupení,5698
deváté,3247
cizí,5699
varují,2972
investicí,1030
aktivitou,1014
platformami,184
podsvícený,5700
rušné,5701
pomazánky,5702
koncept,5703
sdílení,5704
nakonec,5705
parabolická,5706
klišé,5707
aktuálního,5708
chlupy,5709
komerčního,372
těžební,5710
lékárně,1462
děláte,3911
hokejových,208
písničkáře,5711
sekvence,5712
rovina,4165
divadlem,149
seniorům,5713
věřitelé,1707
čelenky,5714
totožnost,5715
kartáčky,5716
běhat,5717
povahy,2479
hitů,2168
opticky,5718
trampolínu,1533
přítomnosti,5719
kovová,5720
handsfree,5721
zvolená,3670
francouzského,1452
medvídka,5722
obchodě,2992
skleněné,5723
přijímající,3364
protektorátu,5724
sloup,2159
elektromobil,2919
silnic,3805
notářské,5725
laserovou,1060
daleké,5726
vědomí,5727
břidlice,5728
návyků,5251
aktivistka,5729
segmentu,5730
nedávnem,4008
současného,2478
poměry,5731
utěrka,5732
způsobila,4899
zámku,5733
písmena,5734
morálka,5735
boxu,2652
sedí,948
navrhla,5736
pomůcek,1550
milionech,4180
nespokojenost,5737
zodpovědnost,5738
maturit,2898
amatérsky,5739
pěstována,5740
projektanti,5741
modelové,5742
sektorech,4281
pedagogika,3968
rubrik,686
saka,5743
nabíjení,5744
garsonce,5745
událostí,2493
našla,5746
povinna,5747
orchideje,5748
každého,5749
exotická,5060
muž,3176
triček,569
diplomatické,5750
věznicích,653
prostor,3531
páteři,1764
takováto,4225
prodavače,5751
které,3168
pravidelná,5176
luštěniny,5752
infrastruktuře,1607
recyklace,2358
stahování,5753
zrcadle,354
zahájení,5754
hygieny,1509
statky,5755
šéfem,370
nelegálního,5756
plavání,5757
ambice,5758
kritizovali,2225
skartační,5759
stěrače,5760
písečná,5761
ústně,5762
špičky,2087
princezna,1921
opakovaného,5763
samoty,3850
akcionáře,5764
závady,3143
sledovaný,78
kontrolovaného,2676
zákonodárci,2099
ruší,1766
jedince,5765
gravitace,5766
děním,5767
puška,2813
vesnic,2237
trůnu,602
estetiky,5682
strašné,5768
investovali,1233
demokratickou,1290
ethernet,5769
kapituly,5770
návštěvou,941
dobrovolně,5771
výdajové,5772
rozlehlá,5773
služebního,5774
odezvy,3021
ulici,3027
střelkyně,5775
přednosta,2378
geografická,5776
vyrábět,2253
odložit,3124
provozoven,2439
velkokapacitní,5777
ergonomie,5778
chytrém,332
termální,5779
pozdě,5684
svatyně,5780
vojenského,1746
závěsu,3815
leteckého,912
síťovou,1224
tropické,5781
nejdál,5601
obrazový,785
zapojování,5782
vzdálenějších,5783
společné,3827
zubní,4946
odstartuje,1819
duha,5784
inscenacích,277
navrhovatel,5785
lis,5786
početná,5787
vodovodního,3582
knihovnách,167
pokrytí,5788
dobírka,5789
povrchy,5790
kandidovat,5791
nezařízený,5792
publikaci,1665
balón,5793
subjektů,4846
změna,5108
formát,5794
pyžamo,1716
naráz,5795
infarktu,1895
velkolepé,5796
žádali,4352
respektive,5797
českými,191
sousedního,2816
dala,4578
japonskou,1277
architekty,4240
spoušť,2050
font,5798
umístění,5799
playlistu,1845
stoje,5800
prohlíželi,3563
slovenštině,3891
vyrábí,2253
rozmanitost,5801
pevninské,5802
bipolární,5803
zanedbávání,5804
nejhůř,5805
separatisty,1923
bílé,5806
archiválií,2224
sada,5807
jmenovky,5808
iniciativě,1351
pokladen,334
eurozóně,5809
nejúspěšnější,5386
hlasovací,5810
popředí,5811
brašna,1644
horách,335
pojištěnce,4928
poradce,5812
lingvistiky,3236
likvidace,5813
zajímavější,4758
světly,717
podlaha,3542
hazardu,5814
zahrad,880
historického,3390
testovacího,5815
společnice,4369
jedna,4102
fauně,3375
sluţby,5816
pytel,5817
bulharského,1151
hráčské,5818
nabídne,909
elektrárnu,346
vizitky,4502
knížce,218
barevný,509
nejmladšího,1204
skládky,5819
včerejší,5820
zastupitelů,1311
nezávislých,5821
sluníčko,2611
developerské,5822
produktů,3495
extáze,5823
dolů,5824
lednové,5825
trenérské,5826
čtenář,1222
rezignace,5827
papírová,5828
nedopatřením,5829
ledovce,5830
kolegia,5831
akademií,182
oblečená,1131
patologie,5832
upozorňovali,5833
veličina,5602
úsloví,5834
dozadu,5835
erekce,5836
doručování,5837
pruhované,5838
balónky,5839
mlha,5840
atomových,2686
ucho,1727
banán,4513
oběhu,5841
dotykovou,5842
kariéry,2227
užívaná,5843
poboček,585
piloti,5844
divadelních,3459
zajímala,2668
provinční,5845
sloupu,2159
dohánět,5846
četa,5847
nadávat,4033
tématu,1495
plynárenské,5848
koupelnový,195
nakoupí,1238
kopírování,5849
uvažovala,5850
domově,413
kostka,5851
neziskových,654
nárokuje,5852
znakové,5853
starého,2793
investiční,5854
únoru,5855
zločinu,5856
nevyhrála,3222
návrháři,2291
jím,3150
večerním,840
magie,5857
hostina,5042
dodávky,4121
skeptiků,5858
potápěčské,5859
hymnu,929
prohrála,5860
dialogů,5372
jezero,2317
vlaková,5861
konzultace,5862
šumu,5863
zabezpečovacích,5864
transportér,5865
torpéda,5866
uspět,1410
psychologa,5867
liturgii,5868
garsoniéry,5869
žáky,5870
věřící,5871
ploténky,5872
alkoholu,2997
extrémy,5873
řešila,5874
solárních,1530
pilky,5875
rally,5876
exekutorů,5877
jistič,5878
nechceme,2480
zprostředkovatele,5879
karimatky,5880
desáté,5881
funkci,1089
otevřela,5882
iluzi,1128
novinářem,100
nastavování,5883
gayů,5884
maliny,5885
computer,5886
armád,275
akreditační,5887
chaloupce,5888
strýček,5889
nápravy,5890
všední,4393
priorit,5891
vypnutý,854
úložišť,5892
žánru,1032
hereckou,1011
vystoupit,4150
provedla,5893
časech,3990
lišty,2228
začala,5894
uplynulých,4829
aféře,1029
panovnické,5895
vzdušné,5896
place,5897
šumivé,5898
čteček,1278
přepnout,5899
resorty,4616
biskupství,5900
prestižní,5254
zámořské,5901
manžele,2203
portréty,2853
flóra,4910
sever,5902
nepokoje,5480
selhala,5903
věrné,5904
počínání,5905
kamkoliv,4661
autobusového,4099
žuly,5906
odmítala,5907
realizaci,5122
neplní,5908
stromek,5454
poptávka,5909
volebních,1686
bavlněné,5910
trolejbusu,5911
přinesl,2353
náladu,716
obezity,5912
lepidel,5913
proměně,5914
odběratel,3579
beletrii,965
kategorie,5915
přejezdy,5916
evidentně,5917
biomasy,5918
tichého,4080
chlapi,3305
zabaví,3012
pobytová,5919
spirála,5920
neurony,5921
pivko,5922
atmosféře,1801
privátních,2926
skupinová,4935
komunikátor,5923
tradičních,3163
potopení,5924
nevyjímaje,5925
investory,2962
zářila,5926
uložila,5927
zasněžené,5928
diskuze,5929
vodítka,5930
inscenací,277
záložního,5931
přesvědčeni,5932
oprávněna,5933
zdravé,4066
inovativní,5934
makedonské,5935
zveřejnil,958
čalouněné,5936
úniky,5937
betonová,5938
inspirovala,5939
zrcadel,354
konverzaci,1143
etnická,5940
výkresy,5941
pacienti,2782
tašek,1592
vývalky,5942
stříhací,5943
skla,2239
neměla,5944
normy,2400
stěžovat,1493
nutí,5945
horkovzdušná,5946
vůně,5947
čínskou,648
univerzitami,300
ministry,1529
ministrovi,1529
záchranáři,5948
učebnici,540
drátů,4377
vysoká,2908
objednávky,5949
odsouzené,5950
tarifu,5951
požárního,5952
nejrůznějších,2578
překáží,4021
hudebníků,2093
práv,2890
lebky,5953
čtvrť,5954
manželku,872
přesto,5955
lyžařského,1379
trestní,5956
tohoto,4043
útvary,5957
bělení,5958
tragická,3111
etnické,5940
víceúčelové,5959
úmrtí,5960
mnohé,5066
dostihy,5961
malárie,5962
zajišťovala,5963
vcera,5964
kontroverzní,5051
nejkvalitnější,1861
severních,5965
slohové,5966
projevu,5967
touha,5968
soutěžení,5969
odborník,1209
ujišťuje,5970
hernu,1757
sedmnáctého,5971
figurální,5972
řemeslníci,5973
krájení,5974
druhá,5975
přeboru,5976
fantastická,3723
krizi,744
nákladní,5977
zapsala,5978
rozvodem,2323
kvalitu,1887
inženýr,5979
fikci,1489
komentované,5980
ekologická,4568
solárního,1530
ramena,5981
jedné,4102
dlouholetého,3418
spolupracovníkem,1390
sex,2725
radním,5982
odpovědnosti,5983
sestřelení,5984
genocidy,5985
prohlásili,1582
misionářů,5986
naštěstí,5987
dětských,504
kamarádkami,771
tatínky,4423
fotit,3926
nehodlá,5988
prostorná,3513
březnu,5989
přečetla,5990
školce,986
protestantské,5991
hororů,5992
poštovních,2438
teze,5993
nutil,5945
zeměpisné,5994
udělala,5995
videosekvencí,5996
župě,3516
sklokeramické,4991
připomínka,5997
eura,5998
topidlo,3851
srozumitelná,5999
porodnici,3520
obklady,6000
ležet,6001
výstraha,6002
metalurgie,6003
ženské,6004
úhlová,6005
věta,6006
radnicí,121
zaměstnává,4613
maloobchod,6007
obrana,3519
zrodu,6008
dávala,2648
nemovité,6009
neexistující,6010
muslimské,2759
směrovací,6011
mrazákem,1150
provincií,794
spektrometrie,6012
pacienta,2782
publikovaná,6013
vířivkou,6014
zmizel,4554
mamince,1099
ediční,6015
síťovina,6016
příloha,6017
česnek,6018
mrkev,6019
vedro,6020
dramatu,357
rampy,6021
astronoma,6022
belgickou,980
vlastivědné,6023
krajinné,6024
džem,3932
rozšířila,6025
kocoura,6026
advokáty,1200
papriku,968
obecní,1793
plavby,4367
zacvičit,6027
zpověď,4004
záchranné,6028
aféru,1029
posedlost,6029
pravomoc,3309
prosí,6030
trámy,6031
zeleniny,2157
cen,4626
pekařské,6032
doméně,6033
sešity,5459
biskupové,5198
granáty,6034
nehlásí,2390
periodikách,6035
vzdálenost,6036
transkripce,6037
sály,937
věnovaly,5581
knihu,513
podepsala,6038
sušičku,855
zaměstnanost,6039
praporky,6040
zelená,5163
nenávidí,6041
ministryni,412
zahradního,1294
častěji,6042
iphone,6043
zrekonstruovaná,6044
lidstvo,3009
progresivní,6045
holandského,1678
počátků,5532
oteplování,6046
havárii,833
provozuje,1421
někter,6047
silové,6048
vedoucího,6049
sloganem,5326
prostě,6050
větev,5132
fotbalovém,93
vítá,6051
vnímá,6052
nakupovat,2220
úrazové,6053
komodu,472
kurátorka,6054
átéčko,6055
uchazeče,6056
lesa,6057
sesterskou,1153
přiznává,6058
fauna,3375
zahradníkuchyňský,6059
sbírky,5599
kazetu,1608
temnotě,6060
vydělává,6061
výživu,2257
kalkulátor,6062
nynějšího,6063
komunálních,2600
právník,2875
jihočeských,1321
husitství,6064
sdružení,6065
donesla,6066
opilá,3569
železářství,6067
parního,6068
dodané,6069
soudci,4357
přiznávají,6058
series,6070
sedělo,948
obra,6071
jihovýchod,6072
stojánky,6073
pere,3641
prvenství,6074
diskografie,6075
lektorů,6076
dítka,6077
preparáty,6078
poesie,6079
pečicí,6080
župa,3516
chodí,5234
prodala,6081
statistika,4531
hypotékou,1700
lektorky,6082
důchodců,1538
někdejšího,3025
děsí,6083
šatník,6084
slzotvorné,6085
dvojkou,211
bankéř,5526
přepravce,6086
lékař,2303
exteriéru,6087
masových,2280
rappera,6088
prohlásil,1582
podatelna,2421
boduje,6089
zahájeno,6090
nerezavějící,6091
jasné,6092
datového,1703
rolníky,6093
cvičení,6094
psychologové,5867
honí,6095
zájezdu,1935
společnostech,81
lanovku,6096
kritéria,6097
dívkou,1639
průkopník,6098
postižené,5527
přístupové,6099
ohřev,6100
sklopit,6101
ostrovní,6102
uvede,582
žánr,1032
lákají,4192
batole,2679
muzikanti,2000
rozlišením,2639
promluvit,1214
přírodu,989
osvobodila,6103
kandidatura,3139
sympatické,3767
nabídneme,909
rakouských,1000
veřejně,6104
dalekohled,2892
kdybychom,6105
pokut,1419
krále,6106
čokoládě,670
lesy,6057
filtrace,6107
čínštiny,6108
florbal,3544
emaily,6109
létě,2244
schránkou,971
dovolených,1998
plenky,6110
kamaráda,3771
čtenářské,6111
truhláře,6112
vod,1441
propojení,6113
nenechala,3282
předala,6114
podnikat,6115
podobné,6116
rolet,6117
hračkou,172
nesnáším,6118
ostatně,6119
schůzka,2120
sídlištích,1621
reklamace,6120
zář,6121
odpůrců,4743
povědomí,6122
znakového,5853
kytarové,6123
dotované,6124
obdržela,6125
zaručeně,6126
výhybky,6127
zaplatí,2702
klobouku,6128
žehlicí,6129
doručovací,6130
islámu,6131
napsaly,6132
řezačky,6133
publikacích,1665
obvinění,6134
kupují,4883
domněnka,6135
sazbě,4053
receptů,3096
šroubováky,6136
včerejšího,5820
předávání,6137
nelegální,5756
vstupy,6138
seminářů,6139
konzumací,6140
ruchu,6141
cílí,6142
nevšimne,2674
říjnu,6143
dárečky,6144
směny,4969
amatéry,3422
ústní,6145
zhotovitele,6146
armádního,2846
výbuchy,6147
genderové,6148
nebezpečná,6149
seznámila,6150
přenosný,955
ventilátoru,1828
nevhodné,6151
kauce,6152
architektur,861
přeje,4174
diagnostice,6153
minutě,2178
pruská,6154
klasických,1609
alternativy,2046
čisticí,6155
úloze,2233
stroj,1166
bezdomovec,6156
týdnech,5035
kancelářemi,145
královna,2850
inteligentního,4426
ambiciózní,6157
potrava,3275
fixace,6158
totalitního,2356
rozinky,6159
osvětě,3677
vnímají,6052
výzkum,2717
katedrálu,1109
nakoupili,1238
spáchala,6160
těhulky,6161
ušetřit,6162
přehráváním,6163
příšery,6164
kapitulní,6165
garda,1996
rehabilitačního,6166
agenti,2856
kapel,893
vyzýval,6167
ústavů,6168
světské,6169
režimů,3367
periferní,4831
svítilo,5027
prababička,6170
hráče,6171
chodba,652
nejefektivněji,6172
dorty,6173
kamarádkou,771
přiznat,945
časopise,109
seance,6174
ordinací,454
umírající,4813
nutit,5945
dělala,3911
stříbrná,6175
nechtěly,2480
klídek,6176
viset,6177
google,6178
webem,6179
lípy,3522
smog,6180
očí,1449
jedničku,607
sběrného,6181
popravě,2415
zveřejňovat,6182
přežitek,6183
zákazníkům,2610
strojky,6184
biochemické,6185
nákladná,4576
nevyužívá,6186
odběrmagazín,6187
jihovýchodní,6188
robot,6189
ruch,6141
vypsala,6190
linuxu,6191
autoportrét,6192
zrcadlem,354
oblíbených,1526
lázeň,3174
kterými,3168
střídali,6193
vystoupeních,1857
jednacího,6194
poker,6195
zákaznické,6196
rozbití,6197
přestali,3110
kvarteto,6198
vysokokapacitní,6199
rychlíků,6200
funkcí,1089
dlužníka,2337
nejnovějšího,2294
syna,6201
soupeře,6202
obecně,6203
knihou,513
vicemiss,6204
vzdálené,5783
ohradní,6205
bolest,6206
závěrečná,6207
dospěla,6208
správu,345
věděla,3307
protektorátní,5724
nepatří,6209
chemii,3156
občerstvení,6210
instituty,6211
značku,745
čtvrtka,6212
měsíce,6213
odrůdy,3675
dohoda,3918
mongolské,6214
zřizování,6215
tyčinky,6216
věřitelů,1707
vnímala,6052
hackerů,1458
podívají,6217
komisí,160
plánovací,6218
poloha,3543
letního,6219
miliardy,3167
zastupitelky,1311
zavražděné,6220
desku,2052
vzdala,6221
atraktivní,6222
pláče,6223
pověsit,6224
bankéři,5526
natož,6225
přestávek,1575
art,6226
vymírání,6227
pořídí,6228
záchrana,1938
pasažéři,3414
běžná,2622
údržba,6229
polotučné,6230
dotazování,6231
zážitky,6232
přímé,3974
daň,3397
světových,1297
zapojí,3353
zajímavostech,2909
bratislavské,3268
golfové,2094
hledáček,6233
záběr,276
cpát,6234
virtualizace,6235
štíhlá,6236
ačkoli,6237
systémů,2462
zločiny,5856
slova,3662
dispozici,6238
uspořádání,6239
kotlů,2830
důchod,3238
okruhy,6240
odpovědnost,5983
lidech,639
ruskou,453
vině,3636
větrná,6241
mrazicí,6242
hodlá,5988
stojánku,6243
vagóny,6244
stravné,6245
zapíná,6246
pronikly,2143
pervitin,6247
děkana,6248
obsluhovat,4698
svatbě,1604
odhodlala,6249
dětem,699
přinesly,2353
psychologická,6250
teenager,6251
služební,5774
nevadilo,2469
meteorologů,1197
přesunutí,4528
kolegou,2175
odstoupit,3869
létaly,6252
nepůjde,3735
značkový,1260
historička,6253
terciární,6254
kráva,6255
prohlížečích,426
turistů,2543
vymýšlení,6256
průběžné,6257
našich,2681
airbagy,6258
vyhrazená,4057
vládla,6259
vyzvali,1880
zvířaty,514
průmyslového,859
nejenže,6260
repríz,6261
obžalovaní,3663
zbytku,6262
měla,5944
splachování,6263
bádání,6264
sborové,6265
oběť,3515
krční,6266
archivnictví,6267
jednotlivých,4781
oddíly,6268
přirozenosti,4893
slyšela,1840
zveřejněné,2871
verzí,901
vítězové,3979
komunikují,6269
vyznění,6270
přitažlivá,6271
výstřiky,6272
drahého,5059
handicapovaných,1467
posouvání,6273
motorkáře,6274
rozpálené,6275
neštěstí,6276
krajskými,838
týmové,4744
koncert,1428
záložny,6277
stadion,1103
výrazové,6278
španělštiny,4353
připojený,1603
salonek,6279
zaměstnavatelé,2983
festivalech,2254
situaci,1581
zmatené,6280
tanečníky,5193
podstata,5522
slovinského,2464
využívala,4495
plakátu,769
režim,3367
teleskop,6281
delegát,3146
blesky,6282
bláboly,6283
táta,1400
železničního,1633
musela,6284
kabelek,2924
snowboardové,6285
sazebníku,6286
zábavně,6287
pleny,6288
hrát,2873
stretávajú,6289
otřesy,6290
pohltí,3354
publikační,6291
medaili,3251
koloběhu,6292
spisové,6293
křehké,6294
lékaři,2303
vesnického,3179
vícedílných,6295
představou,913
tlustý,2527
studium,5427
zdí,530
struktura,4877
usnesení,6296
myslí,6297
křovinořezy,6298
nevědělo,3307
záložna,6277
organisace,6299
dědictví,6300
vegetariánství,6301
fraška,6302
architekt,4240
otevřenost,6303
nazpívala,6304
jízdní,6305
lupiče,6306
doplňků,6307
jednatel,6308
zastávka,6309
orgánech,3210
dráze,207
pohonné,6310
uveřejnit,6311
přívodního,6312
zájmů,3213
civilizací,292
pozorování,6313
tělesné,4886
dopisů,3703
předseda,2399
mládežnické,6314
doprovodné,6315
reprodukci,2596
perličky,6316
hlavami,600
titulní,6317
ústředních,705
trojce,388
výjev,6318
navrhovatele,5785
strojírny,6319
ramínek,4605
lednu,6320
arytmie,6321
zazvoní,6322
star,6323
porážce,4394
folk,6324
tmavé,6325
baterii,665
výhry,4042
písečné,5761
knižního,2798
tématech,1495
bowlingu,6326
ústy,6327
financích,1605
adventura,6328
chyby,4294
většinu,1777
dozorčích,1853
experimenty,2284
trávím,1952
třetinu,1483
separatisté,1923
údajů,6329
většině,1777
nevěřícně,6330
ukazovaly,2267
desek,2052
stativ,6331
zvukový,616
zdravotní,6332
rozložení,6333
středová,6334
kompletace,6335
zelené,5163
kanadského,954
sejde,6336
zvěst,4774
objektivního,3934
kamarád,3771
balkonem,6337
fejetonů,6338
sféru,890
řadách,1182
neztratili,6339
uhradit,6340
říkadla,6341
útvarů,5957
hodinová,3326
ženě,875
hodinové,3326
když,6342
prohlídce,3752
analytika,2812
letounů,2758
profesionálních,4081
biologické,6343
korupční,6344
socialisté,6345
kostele,2560
pořízené,5144
efektivněji,6172
historika,2069
skupin,1246
úvěrového,3773
šťávu,2644
snowboarding,6346
telegram,6347
účastníci,4738
kukuřice,6348
tiskem,544
kuřáky,3280
pejska,6349
fotbalem,458
nerada,5403
návštěvách,941
skotskou,2646
stomatologie,6350
lolitka,6351
snowboardingu,6352
monstra,6353
přijímaných,6354
ujala,6355
zatýkání,6356
anglické,3964
všimli,2674
autosalonu,6357
schodek,6358
vyspat,6359
nádobím,463
hlídal,2704
optikou,1126
milión,5546
dohledné,6360
roboti,6189
autorizovaného,4558
ústavou,778
embolie,6361
smyčky,6362
jednotlivá,4781
politik,147
ledviny,4161
ukrajinský,379
kartáčku,6363
sériích,775
vegetariánské,6364
smích,1803
stráví,6365
batohu,2502
sestavě,1070
pokládky,6366
kopce,6367
speciální,6368
nacionalisté,6369
živnostník,2349
konfrontace,6370
nechtěně,6371
představená,6372
oblíbený,1526
studiový,3290
odsouhlasila,6373
identitě,1511
vyvolání,6374
šířil,1349
hranatá,6375
čtvrtě,6376
sestřičky,1010
motorových,2716
pomeranče,6377
nejradši,5403
útržky,6378
březnové,6379
balkóny,601
přepínat,6380
destrukce,6381
osvětlením,1446
prosazovala,6382
dotykový,6383
seká,6384
partyzánské,6385
hostině,5042
jidlo,6386
střelné,6387
efektivnost,6388
takového,3536
word,6389
tituly,4721
dušená,6390
účty,6391
šlechtu,2389
normálního,6392
odbojové,6393
rodačka,6394
jiného,1684
kabin,763
periferii,1628
spekulovalo,6395
architektů,4240
útrobách,3202
měřené,6396
thriller,6397
rámce,5392
zrekonstruovaného,6398
sněmovního,2766
falešná,6399
nemožnost,6400
hostů,1179
zvracení,2128
scénami,153
nástěnných,1165
zahrála,6401
manažerů,1973
orgánů,3210
blázen,6402
propagující,4239
bezpečností,1898
koček,407
zvyků,6403
památková,6404
vizuálně,6405
bytového,2699
průběžného,6257
deliktu,6406
hlídá,2704
skládka,5819
ostře,6407
polovodičových,1443
stánky,3660
klášterní,6408
československý,289
zprávám,238
těstoviny,6409
sídlišť,1621
popu,1894
trenéry,5031
diagnóze,6410
player,6411
stránku,738
podání,6412
gymnázií,1882
alkoholismu,6413
čisticích,6414
obálka,2685
zad,6415
muzeí,414
kongresové,6416
krasu,6417
výjevy,6318
zařadily,3426
doručeného,6418
připravované,4873
obvodní,6419
smát,3335
žere,6420
omluvu,5597
squash,6421
řekli,2536
lehátko,1120
volila,4918
uložit,5927
podstavce,6422
mýtus,3717
dozoru,6423
sirény,6424
vyhlášení,6425
milujete,6426
placení,6427
demografie,6428
trajektorie,6429
hotovosti,6430
loděnici,2817
vychovávat,6431
vydávající,5687
odpovědi,6432
poněkolikáté,6433
bublina,6434
soutěžit,6435
modemu,6436
smlouvě,2398
pedagogové,6437
způsoby,6438
bitové,6439
abdikaci,6440
dluhopisy,2041
žlázy,6441
cirkusu,6442
čechach,6443
dálkově,6444
pixely,6445
normě,2400
dřezy,6446
kláštery,5366
muzikálu,1865
nedohlednu,6447
psychoterapie,6448
cigaretu,439
balíčky,6449
vznikala,6450
zdravotnického,1523
oznámena,4759
penisy,6451
záruky,6452
cizinecké,6453
rovnováhy,6454
oslovil,1366
kamnech,747
angažovanost,6455
pohodlnější,3244
kraťasy,6456
snímací,6457
anotace,6458
minut,2178
soustředí,5637
tom,6459
kabaret,6460
uvolnila,6461
výrazy,6462
seno,6463
mešity,6464
nainstalované,6465
redakčního,5510
líbání,6466
aktualit,1802
pěstovali,5740
práškové,6467
prospěšné,5007
hrnky,6468
nerezové,5073
autonomní,6469
všude,6470
objednalo,2455
elektrikáře,3480
knihovnické,6471
záznamech,1376
prioritou,5891
exekutora,6472
prosila,6030
kabaretu,6460
panny,6473
kombinovaná,6474
tyčka,6475
dat,6476
zavedení,6477
koordinace,6478
pondělka,6479
diskusí,3083
přiměla,6480
velkolepá,5796
zastupování,6481
rukojeti,6482
majetková,6483
nadále,6484
lektor,6485
plachty,5292
objektivně,6486
vyrobily,873
bavily,1337
serverům,6487
ozubená,6488
disků,5056
uložení,6489
schodech,6490
výhodnost,6491
rozšířená,3895
zvukovou,616
kupony,6492
družstevního,6493
doživotí,6494
klíčenka,6495
písněmi,1496
korespondence,6496
širokoúhlý,6497
profesorky,3614
výsledcích,6498
fyzické,2499
reformou,1006
reálce,6499
desetiletích,5665
tramvajová,6500
debatovat,6501
salámu,6502
basketbalu,6503
hodnotila,6504
sloupech,2159
prodlení,6505
snaha,6506
svědky,1367
velmocí,849
autonomního,6469
přítelkyni,316
využívajících,6507
lůžkové,3930
houba,6508
hraný,1636
zahlédla,6509
třešně,6510
parfémy,6511
opravy,2496
výtvarných,1917
testují,4266
zvýhodnění,6512
homosexuálů,4789
evropského,2344
obden,6513
technik,190
mnohých,5066
cestovní,6514
nepřízeň,6515
domku,6516
miniatury,6517
inspektorát,3148
zdali,6518
láká,4192
moravského,1015
návrhu,6519
popularitu,915
uvedl,582
divit,5663
relaxaci,5290
prodejců,4679
fašismus,6520
trysky,6521
hloubkové,6522
sirupy,6523
kritice,4532
nezávadnost,6524
vlečka,6525
salonku,6526
kronice,6527
hlasu,6528
databanka,6529
třídí,4275
slovech,3662
slovanská,6530
rajčat,932
poškozování,6531
lituji,4507
divné,6532
barev,3508
šuplíku,6533
pozoruhodná,6534
krajany,6535
adaptací,1362
moudra,6536
faxem,2772
letovisko,2649
jihočeského,1321
těhotná,5420
státoprávní,6537
svobodného,1871
hrady,6538
účastní,1584
velkého,2604
scénách,153
vojsky,1667
sálové,6539
generálové,6540
polarizační,6541
tuzemský,244
nadávky,6542
vstávání,6543
skončení,6544
klientely,3807
dispozice,6238
teploměrem,777
inovací,837
jablko,3343
zástavu,1997
veselé,6545
činohra,4205
stěhuje,6546
předsedů,2399
výroků,4546
trávila,1952
veselá,6545
citace,6547
dominuje,2651
chřipku,1999
uzávěrky,6548
dostávala,5404
tlakoměry,6549
ozbrojenců,6550
prohlížeči,426
projevila,6551
sebereflexe,6552
objektu,6553
diktátora,5291
systemy,6554
nejnavštěvovanějších,3757
příjmové,6555
přistýlek,2030
pec,1598
mladíka,4307
zemím,268
četli,4254
osobami,1033
tlačítko,2784
slavnost,3054
záda,6415
celostátního,3991
blbci,4034
přátel,2722
dispečer,6556
nebyla,6557
zjevná,6558
explodovala,6559
neživé,6560
spadla,6561
zastupitelé,1311
slohová,5966
parlamentem,294
stejnosměrného,6562
loutkového,4451
západoevropských,6563
strojového,6564
hrdinkou,6565
pestrá,6566
jazz,6567
news,6568
jmenovaná,493
blogu,6569
teto,1001
chodbu,652
vyučujícího,6570
okresního,6571
lhostejné,6572
zastánci,6573
korálky,6574
konopí,6575
účetní,6576
dozvědí,2008
státech,2387
plete,6577
ceníku,6578
předsevzetí,6579
znovuotevření,6580
orloj,4217
nudy,974
cestopis,2914
strategická,6581
rodinách,567
přijímacím,1241
letadlové,3798
tichosti,6582
zatímco,6583
výbuch,6147
potichu,6584
pijí,4934
odsouzení,5950
smutné,3957
postihla,6585
poruchou,1332
sympozium,6586
měsíčník,5634
pokrývačské,6587
malování,6588
pláštěnky,6589
volbou,552
výsluní,6590
cestách,2608
dělá,3911
portále,6591
emailů,6592
nehodí,6593
známe,3065
vlajkovou,985
profesionálů,2612
konvička,302
městskou,834
office,6594
montovat,6595
muzikál,1865
semena,6596
němuž,3617
přišli,2272
nedali,4578
vrahy,6597
sádrokarton,6598
magnety,6599
právníka,2875
nespala,1570
sladkovodní,6600
kandidátů,2852
hybridního,2033
věnovaný,6601
kancléřem,2311
asistentku,2264
hostující,6602
rozpočtová,6603
poradna,1374
amerických,401
vydavatelem,1066
názoru,5285
součástka,6604
obleky,6605
krysa,4378
skladatelů,2470
vysoušení,6606
dávno,6607
hlídat,2704
pelíšku,6608
traktory,6609
fyziologie,6610
dospívajících,3155
mluví,3601
investoři,2962
kuchyňských,415
bojkot,3306
hráli,2873
rudé,6611
symfonií,1059
uvědomit,4552
sloučit,6612
rozdělila,6613
rády,5403
skautingu,6614
záznamem,1376
odnejnovějšíhonejstaršíhonejlepšíhovybrat,6615
uvedení,6616
zřízena,3048
zveřejněných,2871
pomůcka,1550
jídelen,524
dětičky,6617
vysokotlaké,6618
oslavách,3066
dovolit,4756
otcové,4606
skandál,5346
podporovala,6619
potahované,6620
publikované,6013
jezírko,6621
nazpaměť,6622
alkalické,6623
připomenou,6624
diodami,6625
patenty,6626
tagy,6627
kouř,6628
polednem,2526
živý,1978
zajímavého,4758
zahradnické,6629
vyzývá,6167
kosmologie,6630
posílání,6631
písemnictví,6632
náruče,6633
pozemského,1817
minutu,2178
poetické,6634
nominační,6635
zašla,5363
nejznámější,2626
hnojiva,6636
konkurz,1893
vyspělejší,4855
průběhu,6637
šampionát,1259
hospodárnost,6638
podrážděnost,6639
užívající,6640
okně,317
pokoj,450
pokličky,6641
pořizovat,3661
nemůže,4811
túry,6642
plesů,6643
podnájmu,6644
ranní,1955
trolejbusové,6645
dopadlo,6646
děl,6647
náměstka,6648
padě,6649
kytičky,6650
kritizují,2225
poznávací,6651
reagovala,6652
marketingový,559
kuse,6653
váhy,6654
proslovu,4452
schody,6490
chodce,6655
automatizaci,1975
pšenice,6656
nonstop,6657
kvalifikace,6658
pásce,2916
dálkovým,726
kontinenty,3186
vín,956
vyšle,2779
vrstva,6659
tanečního,4998
zaměřená,6660
keramické,6661
dotykového,6383
pronikl,2143
karetní,6662
placený,512
podotkla,6663
bazénů,2675
vynálezů,2045
byty,1013
vysokoškolského,2561
nemocné,3588
dovozcem,4860
tlumočení,6664
přinášející,6665
hvězdách,290
rezignaci,5827
kocour,6026
domovině,5689
konkurent,2043
klíšťové,6666
nepoznali,6667
jinde,6668
protilodní,6669
spadly,6561
žhavé,6670
roboty,6671
účinkujících,3811
konceptů,5703
poskytování,6672
havířovský,6673
zavedené,6674
domací,6675
logem,6676
zaměstnávat,4613
mysl,6297
vzdálená,5783
odcizené,6677
trubka,2714
střelce,5775
přednášce,2039
expozici,1513
priorita,5891
priority,5891
soběstačnost,6678
registrů,6679
koberců,746
vedra,6020
říšská,3017
přeměny,6680
konce,6681
báječná,6682
spoluzakladatel,6683
výstřihu,6684
kazatelů,2082
plážový,1936
regionálními,299
garsonka,6685
západ,6686
zároveň,6687
kokainu,2384
častí,6688
vlakem,1254
visící,6689
bolí,5303
panovala,6690
ruda,6691
plastika,3594
jednotlivců,6692
nařčení,6693
ručníků,1683
zavření,6694
zůstala,6695
odesílatele,6696
kompilaci,1552
akademického,1558
bychom,6557
muzeu,414
výjimečnost,6697
bubliny,6434
odpovědné,3589
ani,6698
denkas,6699
ready,6700
pani,6701
trenér,5031
zářivé,6702
exkluzivního,3967
vnitřního,6703
nájemci,4379
pákové,6704
dobrot,1807
skončí,6705
zdrojového,4499
ochotna,6706
tvrzené,6707
křičí,6708
půvabná,6709
dobrota,1807
nájmu,4223
řehole,6710
únosu,6711
vylezla,6712
proslula,6713
zaměřeného,6660
edukační,6714
cukrovky,3417
domnívají,6715
nepřijde,2272
fotbaloví,93
chceme,2480
oranžová,5545
kombinovaného,6716
pracovního,6717
hutě,6718
červená,6719
pesticidy,6720
hradů,6538
názorové,6721
pracovišti,1169
zadání,6722
oddělila,6723
kultovního,4276
připravuje,2407
nahrával,6724
mrazí,6725
ráda,5403
podílela,6726
syrovátka,6727
kakao,6728
kolektivního,6729
zakladatele,6730
užívaly,6640
novostavbě,2060
vlastenecké,6731
spolužáky,3873
lhůta,4868
hostinců,6732
úřadě,1313
cyklistiku,6733
jež,3617
známými,2626
svatba,1604
eparchie,6734
semináře,6139
makroekonomie,6735
chaloupky,5888
vymalování,6736
interakce,6737
sodíku,6738
papír,6739
podívali,6217
alternativ,2046
nelíbilo,6740
skrytá,6741
metoda,6742
rebelové,6743
ikon,1251
velitelství,6744
transportní,6745
sporu,6746
prasata,6747
pravděpodobné,6748
bedlivě,6749
sekání,6750
vada,6751
převodovky,6752
rival,3415
neví,3307
výchovně,6753
historiků,2069
zvažovala,6754
podnikové,4470
vyslat,2779
široké,6755
ozbrojenci,6550
rezonance,6756
památkách,4189
kasáren,6757
zprávou,238
nehnuteľnosti,6758
nepřímá,6759
formátem,6760
autority,1881
kamny,747
vesnička,4681
tahače,6761
posloupnost,6762
výzkumech,2717
represe,6763
nizozemskou,1104
centimetrů,6764
palmy,6765
zvědavost,6766
zakázali,1050
funkcionáři,2633
veškeré,6767
řízeného,2476
konzultační,6768
ovládali,4351
dostupnější,4517
spouště,2050
dárcovství,6769
dresů,3890
chlazení,6770
kružnice,6771
řídítka,6772
časů,3990
partnerská,4472
pohoštění,6773
mistry,6774
lhůty,4868
mlátí,6775
kompatibilita,6776
jakákoliv,6777
fotek,4374
uvítali,1872
strategii,904
manager,6778
nefungovalo,1850
zviditelnění,6779
unikly,6780
obecních,1793
padají,5039
odpověď,6432
vulkanické,6781
jediné,3936
skládací,6782
pohřby,2951
blůzy,6783
neplatíte,4362
zaplatit,2702
místopis,6784
železobetonové,6785
výklopná,6786
editora,6787
pouličních,2278
podívá,6217
výslechu,6788
kávou,516
archivaci,6789
ukázka,3969
požadovali,2946
československém,289
vypadl,2733
minigolf,6790
kupujete,4883
podmínky,4748
studánky,6791
povstání,6792
uživatel,1638
zamítla,6793
přítomnost,5719
příležitosti,6794
tráva,4395
stráně,6795
podnětu,6796
atleti,5221
utěrkou,6797
společníky,4369
hlasitě,6798
nacistické,6799
rozmístění,6800
přístavby,6801
cukety,6802
sebevraždu,1521
večírek,3711
kostelích,2560
řídit,6803
reputace,6804
svítící,6805
úkolu,4137
pochopitelné,6806
sděluje,868
modely,6807
zatčení,6808
horkého,2240
trávit,1952
teplovodní,6809
zákonná,6810
hromadná,6811
koupilo,3555
vybrané,4474
vystupující,6812
dialogové,6813
obojky,6814
cesta,2608
krevety,6815
ostré,5068
mrtvoly,3679
odešly,2467
obchodu,2992
vychutnat,6816
vyprávět,5499
cestou,2608
pře,6817
domovních,2687
obrazech,397
podrobná,5433
upravila,6818
vychutnáte,6819
maloobchodu,6007
přednáškách,2039
známější,2626
záchranářů,5948
levného,3283
provoz,4048
odvoláním,6820
nakoupené,6821
optických,1249
chromatografie,6822
zahrádkářské,6823
soutěžního,6824
softwarových,438
typů,6825
vymysleli,3079
úcta,6826
poškodí,3905
stínové,6827
matrací,683
prohlašoval,6828
konvoje,6829
vtrhli,6830
blokace,6831
chutě,6832
učebnicích,540
vyřadí,6833
během,6834
symetrie,6835
station,6836
civilisté,4950
malované,6837
komunikuje,6269
akvárium,6838
obědě,3356
multifunkčních,3278
depozitáře,6839
ředitelkou,561
polního,6840
íránských,280
populárně,6841
plážemi,962
chodu,6842
kolize,6843
pečeně,2595
poučné,6844
lineární,6845
vítězí,6846
výchovné,6847
bodoval,6848
žádosti,3295
leasing,6849
sází,6850
koťátka,6851
tužku,2541
podlahu,3542
záložní,6852
sledovaných,78
tenisového,2603
přešla,5230
gubernie,6853
salónek,6854
telefonická,4229
tratí,2752
zavádění,6855
dávky,6856
ležení,6857
nejčtenější,6858
nerespektování,6859
předtím,6860
výtky,6861
reklamaci,6120
kytary,6862
písař,6863
varovat,2972
publikací,1665
kulová,6864
nepadlo,5339
spousty,2823
lektory,6865
čepičky,6866
srozumitelnost,6867
vegetace,6868
standardního,6869
epilepsii,3945
hobby,6870
vystřídaly,4441
provozovaný,6871
podřízení,6872
optimalizace,6873
pravidelně,6874
matematiky,4966
překladatelka,6875
nudná,4309
krmí,6876
komíny,6877
nejde,3735
madlo,3985
zřizovatel,4753
manžou,6878
potěšila,6879
prostředích,1699
otáčet,6880
vyhodil,1824
znají,3065
mrtvá,6881
krev,6882
opět,6883
zalévání,6884
protestovat,5261
judo,6885
zahrádek,830
zmatenost,6886
neverbální,6887
nynější,6063
nabídnou,909
sladkého,6888
brambory,6889
koupelen,195
všedních,4393
pravdivé,5040
grantové,6890
abecedě,1323
kundy,6891
mistryně,6774
bezdrátovým,6892
jezuité,6893
milují,6426
přinášet,4096
žáhy,6894
proměnu,2048
neklidné,6895
etapy,6896
hypotézy,4975
přeshraniční,6897
absurdní,6898
milionů,5546
polemiky,6899
kabátu,4258
osobité,6900
ochrana,6901
anestezie,6902
mladíků,4307
zaujalo,5464
vyzývají,6167
procentech,2447
vkusu,6903
jedli,3150
charitu,784
přebírají,6904
zástavba,6905
londýnského,5130
čímž,6906
miminka,6907
bankami,80
experimentální,4299
manažerská,6908
bakalářského,6909
fabriky,6910
osamostatnění,6911
fotbalový,93
uklidňuje,6912
šestá,6913
fasáda,2906
manažerské,6908
nyní,6914
námořníci,6915
výukou,803
prší,6916
dobrého,6917
mobilům,175
umístěna,6918
konkrétního,6919
žádá,4352
odšťavňovač,6920
licencí,324
princezně,1921
mrakodrapu,3612
připomněli,3125
pro,6921
firemních,2872
editace,6922
zabírat,5553
víla,6923
brokovnice,6924
nahlas,6925
zájemci,6926
dostavba,4178
nahlížení,6927
vojsko,1667
světelných,1289
upozorňovala,5833
pohybbazén,6928
portfoliu,3080
městských,834
mateřská,1953
mazlíčky,6929
vteřiny,6930
výpůjčka,3838
rovnice,6931
plnila,5908
kterak,6932
nádoba,6933
dalekohledů,2892
filologii,3562
vši,6934
agenta,2856
puzzle,6935
manželkou,872
psacích,1245
tesařské,6936
zmíněné,4156
zajímá,2668
propagátor,6937
kolují,6938
neplánuje,4168
černé,6939
poplachu,6940
celnice,6941
divadlu,149
běžkyně,6942
řídícího,6943
termálního,5779
povidla,6944
dřevěné,6945
věnovaných,6601
iráckého,1164
misionáře,5986
atlasy,6946
zpoza,6947
upřesnila,6948
uvařila,6949
uvědomila,4552
polštářky,6950
přečtu,5990
policejních,935
datových,1703
padal,5039
figura,6951
ubytovně,2409
akustická,6952
zrušení,6953
kondice,6954
řekly,2536
promítnout,1549
harmonogramu,6955
programově,6956
rad,383
obsáhlá,6957
databází,2982
alergiky,6958
pohádkou,68
schůzce,2120
nakladatelstvím,828
grafy,6959
ponaučení,6960
cihlové,6961
jídelního,2627
rezortu,6962
smějí,4209
policistům,2286
garsonek,6963
úvahy,3257
topná,6964
shánět,6965
mocnost,6966
komentovat,734
čarodějnice,6967
učitelku,1599
skupinky,4207
transformační,6968
požadoval,2946
čtyřky,6969
lávové,6970
opalování,6971
němčina,5313
zastavení,6972
kultivace,6973
pondělního,6974
semafory,6975
stanoviska,6976
známky,6977
lesnictví,6978
pojišťovnou,531
účastnila,1584
násilných,4164
proměňuje,6979
zrekonstruovat,6980
banální,6981
nadílku,6982
akci,2144
plánuje,4168
polohovací,6983
rozvojového,800
přestanete,3110
kriminalitu,2474
sklepy,3962
grafů,6959
poškozené,6984
vstoupily,5248
zvířat,514
bezdomovci,4665
asfaltová,6985
utkáním,721
ubytováníubytování,6986
objednávek,5949
posilovnu,371
logotypu,6987
odcházel,5359
libovolného,6988
varovné,6989
odložený,5441
básnická,6990
mládežnického,6314
deštník,3944
loutka,4549
foukání,6991
kecat,6992
crossover,6993
kontrolovat,5636
zkoumané,6994
pavouky,5294
halogenová,6995
obviněni,5538
nechávají,6996
instagramu,6997
divadelního,3459
jednotlivce,6692
vodohospodářské,6998
přepnutí,6999
kandidovala,5791
mocné,4972
vyzařování,7000
sníst,2806
háčky,7001
rauty,7002
novější,2294
podprsenka,2380
mariánské,7003
přehledů,4614
plast,7004
úplatku,4328
originální,7005
šetřící,7006
temnoty,6060
spolehlivé,7007
estetická,7008
děkanství,7009
pochvaluje,7010
informatice,1856
vyřadili,2995
dotovat,7011
zamrzlé,7012
nepříjemná,7013
chladicí,7014
koaličních,2201
těstovin,6409
morálky,5735
světelnou,7015
modernizaci,1947
trvalá,7016
pochybení,7017
protiprávní,7018
evidence,7019
masturbaci,839
tričku,569
přeci,7020
tlustá,2527
životě,5385
pičky,7021
koutkem,1382
paměťového,1600
oznámili,911
poznámka,7022
psychologů,5867
vilem,7023
vyhrazených,4057
vulkánu,7024
zákonné,6810
drogové,7025
fyzikální,7026
parazita,7027
výrobou,930
referáty,7028
poptávky,5909
osobně,7029
zlobil,3729
deníkem,520
nastupující,7030
pozval,1146
miliard,3167
investování,7031
zemřelého,7032
nájemník,4139
výběrového,5487
preventivně,7033
myje,7034
rifle,7035
objednávka,5949
interaktivním,254
prezentovaná,7036
nejvyššího,2908
uvádět,1772
automobilových,358
tlumočníka,7037
farmakologie,7038
nesměli,4209
závazků,7039
přepisu,3182
stráže,4459
hraje,2873
děvčátko,7040
nouze,7041
kreativních,3410
vojáka,1728
předpověď,2620
férové,7042
nesnášenlivost,7043
mobilnímu,176
vědět,3307
polského,1630
válku,588
harmonogram,6955
neodmyslitelnou,7044
moři,1080
problematiky,3816
sponzoruje,7045
kapsu,848
chaloupka,5888
veverky,7046
zmocněnce,7047
řádné,7048
kandidoval,5791
papíry,6739
voličům,4262
starosti,4529
afghánské,7049
gumičky,7050
napsala,6132
skleníků,2044
dopřeje,7051
cvičební,7052
dezerty,7053
nošení,7054
natáhnout,7055
vozíky,7056
pláží,962
vzniklá,7057
strávená,7058
předváděcí,7059
cívky,7060
ocel,5245
překvapená,7061
šílenství,7062
oprávněná,5933
sestavila,7063
politolog,1042
folkové,7064
rámečky,7065
postavě,824
kontextové,7066
přesáhla,7067
potýkala,7068
protest,3765
produkt,3495
pěstounské,7069
srandu,4264
miliónu,5546
nahrát,5247
volnočasová,4901
spím,1570
dům,892
segmenty,7070
poslechnout,318
mladšího,1204
bandy,7071
skupinového,4935
říze,7072
osvětluje,7073
komisař,4128
pitného,7074
připojily,3634
vyzařuje,7075
rafinerie,7076
dodavatelé,2542
dřeně,7077
souhlasila,5037
interní,7078
krutosti,7079
zapomenete,7080
zpívala,3668
potěšilo,6879
sloni,7081
probudili,3181
zkoušky,5643
brněnskou,885
dávat,2648
čínských,648
sběrnice,7082
příští,2319
přednáška,2039
pamatujete,7083
krabičku,1391
aktivitu,1014
závodního,7084
preferuje,4911
pozůstalých,7085
sice,7086
islamistů,7087
přehradě,1849
klientům,1910
japonštiny,7088
tureckou,1472
upřednostňuje,7089
zasunout,7090
problematice,3816
svítí,5027
zemskou,903
zodpovědnosti,5738
testů,7091
škodlivá,7092
asistentkou,7093
kotě,7094
cizích,5699
odvykání,7095
vraždit,7096
trance,7097
soudobých,3289
nejede,7098
inovaci,837
ptali,7099
kdy,7100
kožešiny,7101
nátlaku,7102
finský,742
podle,7103
nechuť,7104
pamatuji,7083
alchymie,7105
porcelán,7106
zvažuje,6754
červnu,7107
přesvědčovat,7108
stavěla,7109
ceníky,6578
pohřební,7110
kouč,7111
dobrovolnictví,7112
myšlena,4332
věty,6006
nedaleké,5726
hrách,304
nezbytnost,7113
islandské,7114
zástavě,1997
furt,7115
agendě,7116
halenka,2010
připravená,7117
koupališti,7118
ručního,3844
dialogu,5372
prince,7119
psaní,7120
vzdělané,7121
astronautů,7122
volte,7123
osudů,4361
minoritní,7124
lékařů,2303
zvířátko,1903
pokeru,6195
syrského,1499
vzbudilo,3165
dominují,2651
stacionáře,7125
vyšetření,7126
procesu,7127
obcí,1315
věrnosti,4694
upozorňuje,5833
častější,6688
valné,4112
komunálního,2600
plavební,7128
stupnice,7129
astronauti,7122
svět,586
uvidí,2658
rozvojový,800
kultivaci,6973
sdílených,2538
negativa,7130
gynekologii,1076
dělení,7131
letech,3669
bojující,7132
divná,6532
poradně,1374
zástrčky,7133
pamětihodností,4838
zimy,2767
listinné,7134
plošina,2002
tureckého,1472
intelektuálů,2503
industriální,7135
čtyři,7136
křesťanů,7137
nepřítele,7138
šokující,7139
nehodou,1317
součástky,6604
teď,7140
áčka,7141
etikety,4118
přispěla,7142
kyselá,7143
rohu,7144
hazardních,7145
vyhledává,7146
drahou,5059
učeben,7147
plastické,7148
zorného,7149
slovenský,285
pražskou,1024
neuvědomují,7150
lyžích,702
verdiktu,7151
zločinech,5856
slečno,1741
různých,2578
kostkovaná,7152
detektoru,7153
lékařského,1760
dánského,1230
topením,213
finálovou,1333
družstva,7154
oknu,317
studijního,7155
sovětského,613
nepřítomnost,7156
logické,7157
vrátný,7158
padesát,7159
výšky,7160
promoce,7161
utajované,7162
analytického,7163
prováděla,7164
cisterny,7165
bavlněná,5910
příběhu,3076
součástek,6604
dálnicích,1649
hlasivky,7166
uvedli,582
parametrech,7167
frézovaná,7168
keramiky,3790
čidlo,3524
vidlicí,7169
kabinet,1129
informacemi,2537
hrají,2873
účtu,6391
míčky,7170
hemoroidy,7171
partnerství,7172
sýra,5583
resuscitace,7173
mechanizace,7174
studiích,7175
kaplička,7176
výšivky,7177
prodejů,2070
vestavěný,1572
sklepě,3962
zániku,7178
vědcům,2507
zapisovatele,7179
akreditované,7180
basketbal,6503
pondělní,6974
osvědčené,7181
důležité,7182
prádle,281
cyklus,4704
frontách,1054
slavností,3054
domovskou,1316
kreativitu,1345
připomnělo,3125
obrazce,7183
inženýrská,7184
nedovolené,7185
týkajícího,7186
drsné,7187
aktivně,7188
konzervatoř,2888
vyvolala,7189
architekta,4240
refinancování,7190
ukrajinskou,379
kráječ,7191
schopna,4346
uherská,3882
jehličky,7192
ležím,6001
lží,1341
didaktického,5592
lidské,2751
vločky,7193
hodinu,2684
vzpomínáte,7194
pásek,2916
spadl,6561
míra,7195
hříchy,7196
zahájí,3399
zaměstnancům,1231
neustále,7197
ovládané,1908
návštěvníků,2246
experimentů,2284
zabezpečení,7198
čistota,7199
stravovací,5302
pozorovala,7200
oříšky,7201
borovice,7202
budování,7203
dlouhohrající,7204
úst,6327
prodejnách,981
tak,7205
autentické,7206
analytické,7163
tabu,7207
pracovně,995
tamější,7208
reklamním,320
neradi,5403
volnost,7209
balon,7210
publikována,6013
pavilonu,7211
odcházet,5359
blesku,6282
zajímalo,2668
přihrádky,7212
spuštěn,4736
regionu,365
konzervativců,7213
přepravky,7214
zákonů,2845
šlo,3735
vyjádření,7215
ničemu,5316
částka,4088
hřebenech,4621
dálkovou,726
delikty,7216
domovech,413
dotací,3474
demokratů,3652
hradit,7217
komerčné,7218
rozmanité,7219
zúčastní,7220
chtít,2480
přihlásili,3950
živly,7221
projektování,7222
přiznávám,6058
vraždění,7223
čtu,4254
moudré,7224
nezákonné,6810
domácímu,376
horáchubytování,7225
připojištění,7226
hodnocená,7227
muzeích,414
pojistného,5190
kolekci,3090
klasického,1609
maďarského,1783
výrobcích,2173
zakázkové,7228
sklep,3962
číselné,7229
mechanická,4801
úspora,3547
nedávné,3984
bohoslužbě,1173
lupínky,7230
sál,937
mamkou,7231
odpadů,2726
návštěvu,941
klinice,865
kobry,7232
pověřená,7233
opuštění,7234
připojit,3634
stejní,7235
hotelech,1806
zúčastnila,7220
hrůzou,3413
cvičné,7236
blikačky,7237
badatelé,5100
okresní,6571
hluk,7238
plechovek,2559
půjček,1750
etnikum,7239
šifrovací,7240
neuspěla,1410
babičkou,381
sedmé,4090
řad,1182
bazalka,7241
vojenští,1746
vchody,7242
routeru,7243
folku,6324
děvčátka,7040
ujít,7244
zemina,7245
sedadle,1121
páčka,7246
zeměmi,268
cizího,5699
fond,3899
teple,2454
osobou,1033
občanství,7247
maily,7248
hospod,832
pahorkatiny,7249
žáci,5870
okurek,446
spravedlivé,7250
různá,2578
sopečné,7251
příslušnství,7252
pohodová,7253
antibiotika,7254
potřebovala,7255
genetické,7256
vybírali,2092
faxy,2772
holkou,1168
programátoři,5625
připravily,1312
rašelinišť,7257
uživatelská,7258
měnič,7259
sazby,4053
šum,5863
nesvítí,5027
nejspíše,7260
nástěnce,7261
nějakého,1841
dřevotřísky,1940
hrozné,7262
spásy,7263
občas,7264
podíváte,6217
nesedí,948
manažera,1973
neznalost,7265
myčce,142
málokdy,7266
neutrality,7267
zápasem,1211
zakázaná,4853
výtah,3232
škodí,7268
nepravdivá,5040
hovořili,3440
protiprávního,7018
plakal,5463
komiksový,7269
výslechy,6788
dražší,5059
rozhodovali,5419
mlčet,2802
strojové,6564
vědoma,7270
přednášející,7271
dobývá,7272
zbláznil,7273
geodézie,7274
výstřik,7275
šaten,656
nefungoval,1850
solidarita,7276
trůn,602
pláštěnka,7277
vstává,4989
ohnuté,7278
vstřícná,7279
klavíru,7280
radiátoru,7281
albumy,7282
únorové,7283
zmiňovaná,7284
krvinky,7285
zahraničními,510
stáhne,1133
sériová,7286
komunitní,7287
vyřazena,7288
herních,1532
koaxiální,7289
dámské,7290
nevěřící,7291
načerno,7292
zvídavé,7293
sójová,7294
červy,7295
kolektivní,6729
všeobecné,4358
sedla,7296
zábavním,490
speciálního,6368
ropná,7297
penzijních,4271
snímá,7298
známého,2626
odehrávala,7299
sdružující,7300
hmota,7301
chudobě,2777
poledni,2526
trolejbusy,7302
snímat,7303
traileru,7304
knížkách,218
srdíčka,7305
zpívání,7306
leták,762
funkcemi,1089
zjistíte,2037
područí,7307
pečeť,4913
předsedající,7308
insolvence,7309
lyžaři,3865
fontů,7310
znalce,5391
nejrůznějšího,2578
pořádné,3743
bitvě,3750
přístroji,328
portfolio,3080
terciárního,7311
konstruované,7312
majoritní,7313
úkolech,4137
víkendy,7314
aplikácie,7315
kondicionéry,7316
deka,1637
systému,2462
rekordů,7317
müsli,7318
shromáždění,7319
podium,7320
celorepublikové,7321
kontroverze,7322
uviděla,2658
nejpohodlnější,3244
pastelové,7323
vrcholové,5168
zemřelé,7032
raket,1606
trenažér,7324
pátá,7325
přemýšlet,7326
expozic,1513
liposukce,7327
družstevní,6493
opilosti,7328
zaměstnancích,1231
rychlíky,6200
prázdnin,3108
kateder,908
pohoršení,7329
polic,466
vraha,6597
terorismu,7330
ušetřila,6162
zastávky,6309
statistik,7331
firmou,230
mýtu,3717
sluníčku,2611
svetr,2285
vstříc,7332
svobodní,1871
inženýrství,7333
osvědčená,7181
propagoval,4239
testy,7091
vydělá,2218
svářecí,7334
kundičky,7335
muzejní,7336
katalogy,7337
epizodě,1512
motorů,7338
představě,913
vybraných,4474
důležitého,7182
nadvlády,3158
aktivního,3963
pohody,2532
díle,729
záležitostí,1596
jmenované,493
akrobatické,7339
chrámu,7340
zabila,7341
kapacity,7342
jara,7343
týrání,7344
dovoleno,7185
plic,7345
pavilon,7211
prkénka,7346
obálce,2685
vraždí,7347
prodávat,7348
válečné,7349
hadici,2061
přímky,7350
zastoupená,7351
nevyhýbá,7352
lepenka,7353
lidu,7354
ptáci,5591
nafukovací,7355
taburety,7356
prodavačky,3160
mikin,1868
určitá,7357
řeckokatolické,7358
písňové,7359
půjde,3735
ručník,1683
maturitu,2898
svatebního,7360
jedla,3150
vybraly,5088
úřadech,1313
hlásili,2390
armádou,275
tenistů,1870
cele,7361
bufet,5328
komunikovat,6269
ideologií,478
sami,1565
dějové,7362
postelemi,133
čerpacích,3469
připravilo,1312
neznáte,3065
zdražení,7363
rotundy,7364
expertní,7365
přítomni,4372
malíři,4022
zjistil,2037
vybavené,3681
teroristé,7366
existence,7367
uniforem,7368
vlast,5001
fungující,7369
mužů,3176
romského,3183
dovolání,7370
tahá,7371
dětmi,699
bourání,7372
nimiž,3617
ucelená,7373
alternativního,7374
inkoustové,5320
zadečky,7375
twitteru,7376
popularizátor,7377
bariéra,7378
diplomová,7379
ustavení,7380
vlivného,4844
vyhrazena,4057
výchovu,2392
čepička,1525
tématikou,7381
eskadry,7382
nekoupila,3555
vagonů,7383
závodù,7384
zhotovitel,7385
odejde,2467
předměstí,7386
čeho,7387
páková,6704
podají,4389
mezinárodní,7388
přinutit,7389
zachytili,2515
účast,5084
neomezená,7390
pomalá,4400
autoservis,4564
mrazničkou,3109
vlně,1907
diagnostické,7391
vepřová,7392
dojemné,7393
poplatníka,3793
kočárků,5014
nazbyt,7394
závazky,7039
postech,7395
neúspěšného,5386
záležitostmi,1596
blbé,2827
nevýhoda,7396
genetice,7397
demise,7398
loupeže,7399
balkonové,7400
pohraničních,2575
vytištěné,7401
vizi,1518
uzávěrka,6548
odkládání,7402
invazi,862
vrchnosti,2925
lázních,7403
účinnost,7404
zájmové,5064
ujednání,7405
dveřní,7406
nepotřebují,7255
milenci,4700
perioda,7407
vstala,4575
reprezentativní,7408
šachu,2848
metrové,7409
zvát,7410
pravdivá,5040
adaptaci,1362
ochlazování,7411
prasátko,7412
románské,7413
čestné,5458
přineseme,2353
chybové,7414
paštika,7415
rozloučit,4978
šachta,4384
brát,3317
pekařství,7416
pomalé,4400
pokrmy,5276
soukromý,352
tenisky,7417
stále,7418
vnímána,7419
půjčené,7420
ostravských,700
renesanci,2949
funkcionář,2633
komoru,329
béčko,7421
ministerského,3787
pohádkovou,1408
paprice,968
roku,3669
sny,7422
membrány,7423
poradu,1067
stánkové,7424
sestavené,4133
obvodního,6419
protože,7425
devastaci,7426
živočišné,7427
zakazovat,7428
štědrý,7429
rozvaděč,7430
střídat,6193
kdybyste,6105
zmizí,4554
učit,7431
provozů,4048
živočichy,5477
knížat,3497
donutit,3587
přípravě,4926
pilota,5844
napájet,7432
vystavila,7433
patnácté,7434
přítomna,4372
odlehlých,7435
textových,2321
vypovídat,7436
stydět,7437
pavouci,5294
kupředu,7438
čtyřdílné,7439
ovládáním,2525
ruku,3664
metody,6742
překližky,7440
zdravotního,6332
vstupenka,3444
řadiče,7441
sklepní,7442
vln,1907
elektroinstalací,2577
neuvědomuje,7150
přírodovědné,7443
krážem,7444
mývalí,7445
uloží,5927
obě,7446
psi,4782
chléb,3451
nadměrná,7447
rozpočtové,6603
předváděli,7059
nádorů,7448
nenávidím,6041
dět,7449
koordinátor,3996
fénem,7450
chytrými,332
nasazuje,7451
ukazují,2267
krmivo,5411
obytná,7452
poločase,7453
nadací,404
minutová,5595
videokamerám,144
kterém,3168
sesterských,1153
odejdou,2467
klubového,2163
vidina,7454
zavřené,6694
uzené,7455
jedenácté,7456
něho,3227
výlety,7457
korektnost,7458
kufříku,7459
stejně,7460
nadšeně,7461
laguny,7462
doplňky,6307
košilky,7463
účastník,4738
čárky,7464
klinické,7465
vypravila,7466
uhradí,6340
celoevropské,7467
svátků,1738
spona,7468
toaletního,3355
tuniky,7469
sekat,6384
zadní,7470
polepy,7471
francouzština,7472
ústupu,7473
vzdělávání,7474
kapra,7475
padat,5039
využívající,6507
objevovat,2170
selhání,7476
náboženská,7477
zhasnutí,7478
chirurgii,1756
dospělých,1614
břicha,3878
budoucnu,5107
známo,2626
sprchové,5578
hostitel,3016
lávka,4443
neskončí,6705
zapomenuté,7479
rakev,1934
odhalilo,2114
okrajová,7480
rozbitý,2057
slyšeli,1840
byste,6557
protestanti,7481
dluhů,2534
topeniště,7482
kávová,7483
recenze,7484
ručičky,7485
stojící,7486
stavebnici,1244
dvoudílná,7487
alba,7488
bolševici,7489
poplatku,1049
stáž,7490
katedru,908
kuřata,5077
tapet,2790
nevládních,618
nedostatečná,7491
elektromotorů,3450
reproduktor,1247
nepřátelské,7492
klimatická,5671
půjčil,2053
let,3669
pomohla,7493
měřící,7494
listy,7495
čeští,191
desce,2052
programátor,5625
sestavu,1070
každá,5749
blesků,6282
forem,3359
dozvídáme,7496
východního,5319
saunou,660
projektem,592
motivy,7497
řasenky,7498
prověrky,7499
astronomii,688
návštěvníkům,2246
zařazuje,7500
obezitou,7501
logická,7157
ekonom,4521
alarmy,7502
pilates,7503
proužky,7504
závratě,7505
vzpomene,7506
vystavovatele,7507
pravomocné,7508
míří,7509
cely,7361
ventilaci,7510
výbava,3775
klobouky,6128
horečky,3784
elektromagnetického,3988
skutečně,7511
záměrně,7512
radarem,871
komunitních,7287
ničem,5316
dozorce,7513
zprostředkovaně,7514
sežere,7515
podzim,5542
distribuované,7516
krbů,1265
bolševické,7517
ústavě,778
sofistikované,7518
eurozóny,7519
tuzemském,244
cestují,7520
příspěvkových,1733
sjezdovku,1319
nelíbí,6740
vodovod,2755
žebříčků,7521
měřena,7522
hospodaří,7523
nám,2912
nejistá,7524
medicínu,1045
tohohle,3609
areálech,3277
hrátky,7525
sanatoria,7526
zvyky,6403
cibuli,2084
knoflíků,7527
frekvenční,7528
hrály,2873
čekala,5561
nadváhou,7529
textového,2321
slabostí,7530
rezervace,7531
statku,5755
servírovat,7532
dynamické,5300
vraždu,2376
kazatelna,2082
nedostalo,3104
čase,3990
soutěžemi,385
výkonných,1262
pořízena,5144
důležitější,7182
tomu,6459
úložných,7533
protestům,3765
revolučního,5557
mámou,523
nepomohla,7493
přízeň,7534
nechybělo,2466
rozjímání,7535
divili,5663
sportem,313
metodika,7536
italskou,1776
nechystá,2976
znečištění,7537
poškodit,3905
soudů,774
byla,6557
hororu,7538
panenka,6473
kurty,7539
jiných,1684
strašit,7540
jakékoli,7541
projekt,592
milost,7542
comments,7543
přivítá,3250
patentky,7544
firmami,230
schůzí,751
zákony,2845
příznivcem,2006
svazů,3384
procesorem,1931
monitorovacích,7545
protější,7546
nesmějí,4209
níž,3617
šesté,6913
pacientů,2782
etická,7547
opakované,5763
kapitulace,4691
neplánovaně,7548
rozložená,7549
aktualizace,7550
šály,7551
závěrečného,6207
zbraň,3825
odloženého,5441
senátory,2508
kanadskou,954
kontinuity,7552
kostýmů,7553
penize,7554
figurují,7555
desátá,5881
mírové,7556
činné,4780
parní,6068
hotová,7557
tendence,7558
sedícího,7559
nejdále,5601
písničce,406
tatáž,7560
saunu,660
službách,99
katastru,7561
kněžna,3497
tenký,3822
houbaření,7562
hraném,1636
dopadly,6646
prioritně,5891
příznivec,2006
století,7563
menovci,7564
minulost,2047
náročnější,3630
tkaniny,3864
dlouhé,7565
poznámky,7022
hraně,7566
zastrašování,7567
zaøízení,7568
roury,7569
najíst,7570
ptáky,5591
vstupů,6138
protestu,3765
odvedla,7571
horských,2368
balená,7572
vyrazila,7573
levnějších,3283
prodá,6081
akcie,7574
kapele,893
předsádky,7575
operace,7576
elitní,7577
nelegálních,5756
ejakulace,7578
severní,5965
ohromná,7579
střípky,7580
schová,5145
zanikne,7581
stavovské,7582
pracující,7583
stoprocentně,7584
kavárnu,272
demokratického,1290
výstupů,7585
pronajmout,4822
inspirace,7586
stránkou,738
užili,5434
opustila,7587
chytit,2623
konstatuje,1896
znárodnění,7588
úřadující,7589
službami,99
krvavé,7590
odvezla,7591
plateb,4226
skrytí,6741
dopadla,6646
zavražděného,6220
nesmíte,4209
kterékoli,7592
fungovat,1850
sluch,7593
ohlášení,7594
proud,7595
zastavila,7596
tachykardie,7597
rozličné,7598
ovoce,7599
tradic,2179
zásilku,820
bytů,1013
akvária,6838
sexem,7600
loňská,2585
modelkou,364
strážník,3980
střílečka,7601
jihozápadní,7602
vyskočila,7603
rukopisů,5019
představena,2270
administrace,7604
předmětného,7605
hepatitidy,7606
neoriginální,7607
tábořiště,7608
borůvky,7609
vkus,6903
diverzifikace,7610
izraelského,2981
spisovatelé,2134
windows,7611
schopné,4346
tyhle,3609
území,7612
porce,7613
fungovaly,1850
vzápětí,7614
spotřebované,7615
vlnové,7616
objevilo,2429
říši,1453
ziskové,654
arcivévody,5074
stěrka,7617
vlastně,7618
umísťuje,7619
výborná,7620
iniciativ,1351
opravě,2496
chybou,4294
odcházející,5359
sluchově,7621
pøíruèka,7622
expedic,1545
party,2664
zpravodaji,1781
trase,3002
pacient,2782
palubu,5335
výročí,7623
manželem,2203
nápady,7624
nula,7625
liány,7626
inženýrské,7184
varoval,2972
ledovců,5830
převedení,7627
severských,2960
kdysi,7628
programovým,125
diskuzi,5929
turismu,7629
nabíjecí,7630
psychiku,4897
řepka,7631
důstojníka,7632
vlastnické,7633
homosexuální,7634
tyto,4043
pařížské,5223
výkaly,7635
licencování,7636
tableta,321
homosexuálové,4789
tlumočník,7037
nekonečné,7637
hvězdné,5352
prasátka,7412
hazardní,7145
fotím,3926
dobrá,6917
horor,7638
maso,3632
pastilky,7639
komerčními,372
zmizelo,4554
drobky,7640
mýtného,7641
uplatnila,7642
kulturistiky,7643
ulička,5530
nakupujete,2220
zasahovat,4364
startovala,7644
vznikla,7645
lanovek,7646
držadlo,5612
nebrala,3317
zkoušejí,7647
vítězného,5268
trenérka,7648
kultivary,7649
partnerům,1956
závěrku,2360
jedenáctého,7456
zeleň,7650
volantu,4571
dopadnout,6646
výpůjčce,7651
fejetony,7652
otevřenosti,6303
milovaného,2712
strojvedoucí,1442
naštvaná,7653
obsazení,7654
doplňkové,3920
účelné,7655
lekla,7656
klobásou,842
potřeba,2369
psů,4782
levných,3283
mostu,4876
bití,7657
brynza,7658
vzdáleně,7659
vedrech,6020
čtenářství,7660
svorka,7661
mysli,6297
neobejdou,7662
svačinu,1356
francouzskou,1452
milenku,1892
tenisek,7417
hostům,1179
doplnila,7663
sokolovna,1280
zveřejňují,6182
hlášku,1485
monografie,7664
přepisem,3182
stolů,1141
modlitby,7665
šestnáctého,7666
všemožné,7667
výsledku,6498
zákaznického,6196
nervózní,7668
zruší,2837
vyhráli,3222
dozvěděl,2008
tabletě,321
spořitelen,124
fara,7669
přilehlé,7670
vzpomenete,7506
zavítala,7671
nespravedlivé,7250
vyhození,7672
kresba,7673
genetická,7256
povinně,7674
myslet,4332
skládačka,4228
chytá,7675
děsivá,7676
představily,2270
vlhkost,7677
neplacení,7678
juniorské,7679
kovárna,7680
nevolnosti,4671
vrchoviny,7681
svislé,7682
dostávaly,5404
jednolůžka,7683
samostatnými,1305
prase,6747
testovali,4266
shromážděné,7684
nezávislý,682
oblacích,7685
posílali,6631
radioaktivní,7686
autosedačky,7687
převrat,7688
obuv,7689
skladatelské,7690
věcmi,897
neviděl,1481
kapli,3566
hladové,7691
veselo,7692
atmosférické,7693
spotřebitelského,2359
klece,7694
dobíjet,7695
komická,2483
indukční,7696
toho,6459
bezpečná,6149
korespondenci,6496
straší,7540
volání,7697
nepřímo,5355
doménu,7698
vyučovacího,3819
výstavbě,2221
řád,7699
archeologická,7700
exportní,7701
taky,7702
klasiku,7703
řízených,2476
dopravě,4462
tunelu,7704
zničila,7705
líní,7706
ikonu,1251
rukojmí,7707
autorsky,7708
bludy,7709
zakoupení,7710
rektora,5412
brány,7711
dívku,1639
vyřazených,7288
plochu,3568
olomoucké,3700
zdravější,4066
vážnou,5162
různorodá,4320
restartovat,7712
atmosféru,1801
těles,2494
vypravěč,7713
sjednání,7714
pomazánka,5702
šatníku,6084
dominance,7715
automobilní,7716
poskytnutá,7717
výluka,7718
zemřít,7719
nucena,7720
opěrku,7721
oni,3227
krátkého,7722
jednotlivci,6692
nezávadnosti,6524
pedagogy,6437
protestů,3765
orgánem,3210
slávě,2818
politický,758
prstenů,7723
kolektory,7724
pořízením,5202
kuličková,7725
soutěžní,6824
kontrolované,2676
stát,2387
zjistili,2037
chladicích,7726
osvěžovač,7727
ikonky,7728
jinak,7729
správ,345
park,2018
starších,2793
poskytované,5053
štítky,7730
vycvičit,4296
sehrála,7731
protějšky,7732
technického,2025
chvilku,2984
divoké,2991
píská,7733
zajišťující,7734
salónu,7735
odpadní,7736
pláči,6223
síťované,7737
motivovat,7738
pohodlná,3244
vymáhání,7739
budíky,3332
vyslechnout,3829
podívala,6217
stolici,1900
aparát,2973
alkoholismus,7740
versus,7741
rozsvícení,7742
zjevně,7743
schránek,971
úloh,2233
svitu,7744
rozpočtového,6603
nemusela,6284
událostmi,2493
dolarů,7745
stavebniny,7746
většinově,7747
uplynulo,7748
muslimy,7749
uklidnila,7750
síťoviny,6016
nálad,716
polohování,7751
bublinky,7752
utekly,5170
stromečkem,2963
představilo,2270
představitelům,1919
skočí,5262
čelisti,7753
archeologii,2009
rameno,5981
ptáčka,7754
pronájem,7755
stoka,7756
tabákových,1051
obsazená,7757
poznamenala,7758
kladivo,7759
prvního,7760
podnik,1389
skleníku,2044
králíky,2696
ovlivňovat,7761
moţnost,7762
prodejcem,4679
objednané,5274
hypoték,1700
agresivita,7763
nenapadne,5307
oslovení,7764
pošesté,7765
modré,7766
kapelu,893
ohřívání,7767
angažovala,7768
líbí,6740
profesi,765
upálení,7769
sekery,7770
pastýře,7771
dopravy,4462
vzbudil,3165
květnové,7772
třetině,1483
garance,7773
dvora,7774
nezlobte,3729
softshellové,7775
minule,7776
nejmladší,1204
volající,7777
půdou,973
prosinci,7778
návrhy,6519
dostupné,4517
světců,2123
vybuchla,7779
oznámení,7780
ostříhat,7781
nahrávají,1154
kuličky,7782
válcovité,7783
koncertě,1428
chloubou,7784
profesory,4607
skáče,7785
pozoruhodné,6534
rozvoj,4951
koupelnových,2268
vypadalo,7786
předsednictvo,5257
kliky,7787
kyselé,7143
kasárna,6757
projednala,7788
cyklokrosu,7789
skladatel,2470
erotický,1721
tašce,1592
slovíček,4629
nevoli,7790
propagují,4239
spolupracovala,7791
imigranti,7792
organizér,7793
úmluvy,7794
normálně,7795
jistá,7524
uváděl,1772
naftové,7796
protahování,7797
lehátky,7798
topinkovače,7799
nikam,7800
trubek,2714
kritikům,1207
budou,6557
možnosti,4790
adidas,7801
zásilek,820
objednatele,7802
viní,7803
zpravidla,7804
chemického,2127
východ,7805
rakouského,1000
ligu,791
úvěru,7806
spolehlivá,7007
náboženské,7477
jde,3735
komentují,734
měli,5944
namáhavé,7807
cení,7808
dodávaných,7809
jezírka,6621
insolvenci,7810
detektory,7153
jídelnou,524
balónu,5793
paměťových,1600
hrušek,3329
umytí,7811
podrobnosti,7812
katolíky,7813
maminkou,1099
inspektorem,2580
prověřování,7814
zralá,7815
vnímán,7419
tranzistorů,5635
velezrady,7816
smutně,7817
nejnovějších,2294
původní,7818
třetice,7819
pověst,2780
nejoblíbenějších,1526
režíroval,7820
nebytové,2699
mírová,7556
přehlídkou,2298
rudá,6611
zrcátka,7821
čerpadly,7822
zaměří,3800
olympijští,644
předloni,7823
mrcha,7824
vítězky,7825
odborových,1787
stravování,7826
kabelka,2924
prevence,7827
zopakovala,7828
posílala,6631
olympijský,644
vagónů,6244
opakování,7829
ignorování,7830
morálku,5735
periodické,7831
zácpa,7832
perly,7833
výbušniny,7834
vnitrozemské,7835
ekonomii,1107
staršího,2793
žádají,4352
široko,7836
nic,5316
nikdy,7837
plechovka,2559
ocitlo,7838
hlavičky,7839
chatkách,7840
lidového,1057
vynesla,7841
vestoje,7842
karimatka,5880
korunní,7843
dobou,3347
odsud,7844
čalouněný,7845
emancipace,7846
policistu,2286
entita,7847
slavnostní,3533
tlačí,5580
nedokázala,7848
takzvaná,7849
sdělili,1791
skanzenu,7850
krátká,7722
trávníky,7851
podívat,6217
kraji,1171
trilogii,2137
pekárně,1063
husity,7852
sekta,7853
nedostali,3104
reflektor,1162
pěstovat,5740
chudáci,7854
nuceny,7720
bytový,2699
zásobovat,7855
válcová,7856
cloudů,7857
výherní,7858
strčí,7859
krámy,7860
vlakových,1479
vypouštění,7861
ambulantní,7862
bundu,4471
veletrzích,4298
spořící,7863
podorlicko,7864
poděkovala,7865
prezdivka,7866
zkáze,4497
gely,7867
určitě,7868
hluku,7238
křovinořez,6298
skladiště,7869
jednala,7870
rasistické,7871
stihla,7872
jeskyní,4094
nesprávné,7873
bradavice,7874
nebolí,5303
úspor,3547
impulzy,7875
jiskra,7876
chvílích,1711
tanková,7877
statků,5755
dohledat,7878
užijete,7879
likvidaci,5813
startuje,7644
trhy,3623
virtualizaci,7880
neustálé,7881
výpovědí,2425
koryto,7882
ďábla,7883
homosexuality,3478
sedmdesátých,7884
obchod,2992
mechanismy,7885
boje,7886
papírové,5828
špínu,1918
alternátor,7887
diod,7888
nedbalosti,7889
zodpovědného,5306
ještěrky,7890
lenost,7891
poskytovat,7892
osloví,1366
debutovala,7893
kapes,848
volič,4262
nepřítel,7138
fungují,1850
taxislužby,7894
hrací,7895
vystupuje,4898
kamiónu,7896
servisu,5177
bere,3317
všímá,7897
kanalizací,2191
ráje,7898
klavíristka,7899
svíčkami,4804
výtisky,7900
degenerace,7901
desítek,3486
vybrat,5088
stěhovali,6546
normální,6392
plenkách,7902
hrom,7903
křižovatky,7904
ledního,7905
objevovaly,2170
vládnou,6259
sítěmi,232
někam,7906
průzkum,919
postavená,7907
výdaji,1181
expediční,7908
odboru,1586
ukončila,7909
hospitalizaci,7910
vědění,7911
šikanování,7912
proprietární,7913
rukopisu,5019
zařízený,2943
intonace,7914
doktory,4467
odbočky,7915
milujeme,6426
naznačila,7916
záruční,7917
chatové,7918
vraždou,2376
závěrečné,6207
finálových,1333
nevnímá,6052
figurka,7919
plnohodnotné,3118
dotčeného,5697
ostatních,4382
organizátor,2282
králova,7920
soboty,3626
neúčast,7921
turistického,2014
objevoval,2170
informovat,224
přilákal,3475
hotovost,6430
přesvědčena,5932
hrdinství,7922
kondom,7923
nalákat,7924
administrativu,3172
zvukem,1800
instalují,5318
stávajícího,7925
kontra,7926
cyklistických,3345
smuteční,7927
vlákna,7928
krve,6882
míněno,7929
reprezentačního,3348
rozšířeného,3895
kdyby,6105
každodenně,7930
dělnická,7931
diskutujících,7932
psem,4782
natvrdo,7933
asistenční,7934
sháněla,6965
snad,7935
jména,7936
jihokorejském,400
izotopů,7937
investic,1030
cestovního,6514
vyřadilo,7938
členka,7939
vzkříšení,7940
plechy,7941
smyšlené,7942
nejedna,7943
obloze,925
přizpůsobíte,7944
teroristy,7366
odívání,7945
čitelná,7946
sportovcem,1642
odlehčené,7947
fascinuje,7948
šílená,5516
odněkud,7949
rakouskou,1000
nadnárodních,1954
zneužívání,7950
pěchoty,3657
prokázalo,3946
přední,7951
výtvarnou,1917
básnické,6990
oblíbenou,1526
procesoru,1931
nadbytečné,7952
sklenících,2044
dcer,1343
hmoty,7301
tureckých,1472
čtečku,1278
okruhů,6240
bylina,7953
materiál,1964
církevního,3084
bavlna,7954
vnučkou,1279
vyslali,7955
stravě,3503
ostrahy,2016
tržiště,7956
uchu,1727
časti,7957
ovládají,4351
tematického,1040
kalendářů,2428
omyly,7958
expertem,7959
vychovávají,6431
vládách,87
paliva,4832
kamerovým,7960
nepřišli,2272
pracovníka,1961
platili,4362
málokdo,7961
půli,5373
vykonávání,7962
ruštině,1327
trofeje,7963
liberálové,4249
volit,4918
mísy,5598
fotili,3926
krámu,7860
regulátorů,3314
dědičná,5057
tisícovku,2150
lvi,1924
srpnové,7964
biomasu,7965
proběhla,7966
českém,191
obaly,7967
cílová,4619
setech,3144
primář,7968
nečekala,7969
dopadne,6646
jistiny,7970
chudší,7971
odvážná,7972
polední,7973
autobusem,1194
sušičkou,855
mutací,360
kostely,2560
grafický,1823
šestileté,7974
vzdušného,5896
svaly,7975
pravidelne,7976
klubu,2609
vypalování,7977
plochého,525
nejnověji,7978
produkují,1430
solná,7979
oslavou,3066
prezenční,7980
nesmyslné,7981
lidem,7354
látky,7982
radikálů,7983
sladkost,2096
palby,3720
etické,7547
exportu,7984
vyslovila,7985
hraběnky,7986
vnést,7987
zapůjčení,7988
svědomí,7989
politickou,758
ruce,3664
navigačních,7990
látka,7982
vsadili,2410
voze,3618
splácí,3081
svého,7991
pětileté,7992
příčku,2713
škodliviny,7993
držby,7994
knedlík,7995
konání,7996
bláznivé,3924
cirkulace,7997
automatizační,7998
dodavatelem,2542
drážek,7999
recepcí,649
vypustí,1632
vrstevníků,4003
majonézy,8000
ladí,8001
konzultant,8002
platila,4362
padání,5039
křeč,8003
akcií,7574
vypnuto,359
viceprezident,2309
vypadlo,2733
stupidní,8004
převzetí,8005
stala,2387
charitativních,5666
světového,1297
čaj,2034
pitná,7074
zálohové,8006
vrchní,3576
kontrole,3040
občanského,4984
parazitů,8007
litiny,8008
posvícení,8009
referendem,4445
oslovit,1366
mluvil,3601
staveniště,8010
marketingovou,559
universitě,8011
polštář,2607
komodity,8012
znalci,5391
široká,6755
rezidenci,987
dovolila,4756
opakují,8013
vymlouvat,8014
národně,8015
sloupky,8016
kandidát,2852
oblečky,8017
bunda,4471
udržela,8018
vývojáře,8019
závrať,7505
věnující,5581
nekvalitních,8020
hotel,1806
muslimů,7749
poskytovatelům,876
zastávce,6309
diskutovali,7932
protestní,8021
nikdo,8022
statické,3421
sázek,8023
bikinách,1875
mohutná,8024
pomocníky,8025
diagnostika,8026
reedice,8027
zběsile,8028
laseru,8029
anomálie,8030
radou,383
hrnců,3772
jednodílných,8031
balíku,8032
známce,6977
utopit,8033
šatů,8034
oficiálně,8035
režimem,3367
ženu,875
originálního,7005
dny,8036
fresky,8037
sýry,5583
dceřiných,1810
teras,889
pevninu,4840
myslivosti,1753
zpátky,8038
snahy,6506
obdobné,8039
patrech,8040
brusinky,8041
reproduktorem,1247
myslete,4332
inovacích,837
akcionáři,5764
volené,8042
autorskými,1156
dětském,504
pilotů,5844
gruzínského,2314
akreditovaných,8043
plánovaného,8044
vzkázal,8045
představ,913
ochránců,5640
sytosti,8046
strategické,6581
běžně,8047
nádorové,8048
měně,5287
houslové,8049
turecký,1472
odkudkoli,8050
space,8051
kdykoli,8052
konzul,8053
nacistického,6799
chirurgická,8054
telemetrických,8055
aniž,8056
vinné,4884
činy,2643
obviňování,8057
severozápadních,4987
patentové,8058
sporťák,8059
kreace,8060
kolejové,8061
suterénu,8062
polibky,8063
obávala,8064
zpracování,8065
následovala,8066
čtverečních,8067
zpožděním,5650
vadné,8068
dané,5531
partnerkou,2187
chátrající,8069
diví,8070
visí,6177
podílet,6726
parfém,6511
neutralitu,7267
screen,8071
cestovala,7520
poradní,8072
omezila,8073
protestech,8074
zásuvkou,918
soustředěné,8075
diecézní,8076
vozového,8077
nemocenská,8078
výukových,8079
mlčení,8080
řídítek,8081
elektrárnou,346
společnou,3827
nebolelo,8082
otázce,3953
chutná,8083
obalů,7967
řečí,1228
osamostatnila,8084
švestek,1255
společnostem,81
uspěl,1410
serva,8085
vyslechli,3829
vlaštovky,8086
autonehodě,8087
vyzval,1880
propojování,8088
aktivista,3835
mimoškolní,8089
tepny,8090
úmluva,7794
stočné,8091
kognitivních,8092
symfonického,3382
vždycky,8093
zachová,8094
účastí,5084
knihách,513
příslušná,8095
autorům,2788
myšlení,8096
zájezd,1935
baráže,8097
školu,220
stáhly,1133
demisi,7398
autíčko,8098
strašná,5768
justiční,8099
vězeň,2619
prvků,4421
dílům,729
offline,8100
formou,3359
uvolněná,8101
nejdražšího,8102
rostlinná,5205
repliky,8103
byliny,7953
civilní,8104
varování,8105
ležela,6001
přehrál,8106
zaplavení,4278
kraj,1171
posedlá,8107
úvěr,7806
asimilace,8108
vyhodí,1824
institucím,113
předávací,8109
zastupitel,1311
kódy,8110
hlavové,8111
vypouštět,1632
odebírají,8112
procvičování,8113
obvinili,2412
chtělo,2480
fotoalba,8114
dálnici,1649
hrabe,8115
žebříky,8116
dekorací,8117
rekonstrukcí,1659
lásky,5024
tance,8118
podporovaná,8119
rekultivace,8120
pokrývající,8121
škodlivé,7092
válek,588
řve,2880
houby,6508
koncese,8122
dítěte,699
přehrad,1849
kuriózní,8123
bonusové,8124
důležitá,7182
hracího,7895
pohledávka,8125
okny,317
sestavách,1070
vadit,2469
kupovat,4883
kovové,5720
čtveřici,8126
arbitráž,4078
čekat,5561
jevy,8127
geodetické,8128
továrnu,503
ovcí,882
románu,4690
pohovoru,8129
nebyly,6557
games,8130
bratří,8131
pěšky,8132
stroužky,8133
kabát,4258
podložka,5692
čistky,8134
úspornou,1668
iniciativu,1351
ochozu,8135
investor,2962
slunění,8136
hamburger,8137
obsazena,7757
antiky,8138
přejí,4174
kurzové,8139
krachu,8140
podílejí,6726
spoje,8141
letošní,1805
chřipkou,1999
krychle,8142
tematický,1040
apoštola,8143
uvědomují,7150
hlasovala,8144
výběry,4419
dokonalá,8145
českoslovenští,289
rozhodlo,4706
nížin,8146
specialisté,8147
odstínů,8148
emirátech,8149
klesala,8150
leda,8151
litinové,8152
odstavce,8153
sálů,8154
řezat,8155
návrh,6519
nešlo,3735
připojíte,3634
kabinu,8156
preventivního,8157
zajímavostmi,2909
podhledu,8158
přehledné,8159
vyučovala,8160
oceánech,2209
reaktorů,4875
dirigenta,8161
různé,2578
spínače,8162
hůlky,8163
vdova,8164
vysněné,8165
úklidových,715
maďarštině,2338
proměnách,2048
vychovává,8166
disku,5056
imunita,8167
poruchu,1332
prodejem,2070
roubenka,8168
génia,8169
využily,8170
kluků,3035
nadcházejících,8171
harmonika,8172
kachny,3385
spisů,8173
krabic,2452
minulý,4981
veškerého,6767
remake,8174
miliónů,5546
bydlení,8175
diskutují,7932
utopie,8176
čarodějky,6967
zprostředkovávají,8177
výstroj,8178
hrobky,8179
případy,4056
přesvědčila,8180
kritizuje,2225
prodělala,8181
rozdělují,8182
škodlivosti,8183
atomového,2686
hierarchie,8184
písemného,8185
kompresoru,8186
blbce,4034
vybavenosti,8187
komunistický,293
kmitočtu,1087
vypadnout,2733
technologiím,138
mládeží,1008
hepatitida,8188
krystalická,8189
primáře,7968
senzaci,2594
koncilu,8190
použití,8191
čitelnost,8192
kontaktního,8193
květinami,1972
razii,8194
testuje,4266
pásku,2916
veškerá,6767
halucinace,8195
knedlíky,7995
plísně,4418
představí,2270
osiva,8196
padesátých,8197
nedisponuje,8198
prestiže,3098
hráčky,3549
dopravních,2204
chrastítko,8199
mikinka,8200
kulatého,8201
investicemi,1030
nahrávkou,248
říšského,3017
úspěšnější,5386
pryč,8202
prázdninové,8203
pátku,8204
fondů,3899
zveřejnilo,958
uniformě,798
městský,834
podobách,697
krevní,8205
zapojit,3353
instalované,8206
jednáních,2889
postupující,8207
slávou,2818
osmnáctého,8208
podíl,4306
správou,345
spolků,8209
uslyšíte,8210
sídlišti,1621
akustické,6952
strašidla,8211
oddělenou,3180
získala,8212
vzdálených,5783
zapojují,8213
trenérů,5031
jezdecká,8214
zelenou,5163
chalupu,663
bát,8215
samostatnému,1305
nájmy,4223
neumožní,8216
stmívačem,8217
horolezce,4485
oblastmi,4199
léčbě,3928
nebudou,6557
spoluúčasti,8218
výpadku,3453
osvěžení,8219
plastu,7004
spisovně,8220
puči,8221
deaktivace,8222
tělocvik,3511
tropických,5781
parků,2018
jakéhokoli,7541
citron,8223
oblečeni,1131
obviňuje,8224
zmiňované,7284
hlídky,1714
smyčku,6362
netopýr,8225
většinový,2274
nových,2294
kojící,8226
nadává,4033
nemyslím,4414
spuštěny,485
olivy,8227
varuje,2972
fakturace,5047
budovami,422
nemocnicí,117
moučníky,8228
masky,8229
signální,8230
parodií,445
spadlo,6561
tkáň,5613
listopad,8231
rozdělovat,8182
nohavice,8232
sortimentu,8233
určitého,7357
výzkumného,2295
čtečkou,1278
krbových,978
rukávu,8234
dodávat,8235
preparátů,6078
mléčné,8236
hlasováním,1963
hereckých,1011
charakteristika,8237
předmětné,5511
žádného,4447
ţivotního,8238
pozicích,3051
odboj,8239
vyprané,8240
programátora,5625
studna,3797
ženách,875
teplá,8241
povídal,2249
krvavá,7590
hlavně,8242
lidmi,639
penzion,8243
nechaly,3282
nainstalovat,8244
extraligu,577
kolegu,2175
bolševiky,7489
kytice,8245
konektory,8246
kabinou,8247
vznikal,6450
fyziků,4193
spadne,6561
betonové,5938
černošky,8248
odkudkoliv,8050
tlačit,5580
centru,779
vyzve,1880
urbanizace,8249
uspěje,1410
kombinované,6716
nedůvěra,8250
úřadem,1313
replika,8251
vyhodit,1824
zaměstnat,8252
současnost,2316
slavení,8253
klempířské,8254
šedesátých,8255
periferií,1628
bioplynu,8256
radikálně,8257
kontaktovali,8258
vydírání,8259
obdobného,8039
příležitost,6794
sedadly,1121
holící,8260
podezřelí,8261
míní,8262
ačkoliv,8263
celek,5426
důlní,8264
viník,8265
rozbije,2296
hovořil,3440
protistrany,8266
nekompromisně,8267
mluvčích,362
tekutých,8268
cílových,4619
vyhlásily,2402
nekomentoval,8269
výbavě,3775
předsedovi,2399
zdrojích,1457
patra,8040
nabíjí,8270
sliny,8271
modrá,7766
montáž,4739
víkendu,7314
depresi,5187
zabezpečování,8272
víceúčelová,5959
katedře,908
náklady,8273
štítu,8274
orientaci,1540
výsledky,6498
dozví,2008
slovník,4204
zasloužila,8275
patrová,8276
motorku,1992
návštěvník,2246
koupili,3555
správce,8277
australského,1336
nádoby,6933
propouští,8278
oceán,2209
těhule,8279
stažena,8280
energií,659
historikové,2069
dokázala,7848
procházce,4556
dělostřelectvo,8281
povinností,2266
staletí,7563
sošku,8282
víka,8283
syntaxe,8284
záměrné,8285
znalost,8286
dekorační,8287
přijímání,8288
zeměměřický,8289
překvapilo,4655
systémech,2462
polštáři,2607
uranu,8290
zhubla,3809
marketingových,559
nálepky,5462
odděleních,3464
podobou,697
zažité,8291
neměli,5944
procházka,4556
přivést,8292
pokryje,8293
always,8294
výzbroj,5109
subtropických,8295
socializace,8296
tištěný,212
dluhopis,2041
recitaci,8297
trubičky,8298
skripta,8299
záchranáře,5948
dodávané,7809
vývozu,8300
komunismus,2374
pražských,1024
posouvat,8301
vstoupí,5248
momenty,8302
banánů,4513
někteří,1852
neznámí,2342
klientem,1910
přemluvit,8303
komplet,8304
brigádě,1768
povodní,3394
hromosvodů,8305
paprsek,2989
slovanské,6530
ochranné,8306
nepřijímá,3364
vypuštění,8307
projektanta,5741
cela,7361
patře,8040
knížecí,8308
pravomoci,3309
nevyužít,8309
vydání,5160
financovaného,5653
držákem,8310
tupě,8311
požadovat,2946
představili,2270
narozeninám,3739
nadvládě,3158
kurzoru,8312
departmentu,8313
drobnosti,8314
mela,8315
trpaslíci,1751
legendárního,4318
prosklené,8316
panelem,741
postarala,8317
jihozápad,8318
trapný,4773
sekera,7770
šuplíky,6533
vdovy,8164
předvečer,8319
písemností,8320
betlém,5467
ocitla,7838
grilovat,8321
evangelium,8322
boxů,2652
úvěry,7806
neplnění,8323
propagovat,4239
vyřešila,8324
oceňované,8325
stáji,2200
zastánců,6573
uslyší,8210
díře,3738
císařovny,4533
elektronové,8326
dostupná,4517
ukazující,8327
zarážející,8328
drobné,8329
využívají,4495
kapitoly,8330
vchodu,7242
zakáže,1050
úhly,8331
asistent,2264
nosnost,8332
přihrádka,7212
fusaky,8333
modelů,6807
holdingu,8334
trubici,2333
velka,8335
poskytovala,7892
diplomaté,5543
sobota,3626
soustavě,1460
povely,8336
vydržím,8337
infoboxu,8338
spadnout,6561
tvrzení,8339
kvanta,8340
letka,8341
čelech,2887
kdekdo,8342
podporou,2958
činitelů,4303
nestalo,2387
přilba,4659
pracovat,4701
nabíječkou,749
zaplatíme,2702
nejběžnější,2622
učitelů,2735
rodinného,1388
zrušilo,2837
novinkou,858
homeopatie,8343
atraktivních,6222
silonky,8344
mistrů,6774
neúspěšná,5386
jakákoli,7541
původně,8345
předpokládala,8346
ojetá,8347
lineárního,6845
spolupracující,8348
nestihla,7872
časová,8349
předejít,8350
juda,8351
formulace,8352
stříbrného,6175
rozčlenění,8353
nevěru,1130
typická,8354
vyhozen,1824
nepřipadá,8355
kláves,4937
lákat,4192
zaměstnávají,4613
nedělním,2167
standardy,8356
dokumentaci,1770
piáno,8357
věkové,8358
dotazníků,8359
nerostné,8360
příručce,1958
anorganické,8361
pracovní,6717
kolotoč,1580
námaze,8362
hraniční,8363
vytápěním,8364
pohroma,8365
poselstvím,3481
výbuchu,6147
fungoval,1850
komplementární,8366
personál,8367
reprezentant,1959
úseků,8368
legální,5756
září,8369
povodních,3394
dotykových,8370
úpadek,4871
zámeckého,1623
zavinění,8371
rameny,5981
spustíte,485
učebnicí,540
kompetenci,4525
neobjevil,2429
malířky,8372
dodávala,8235
prostorového,4075
mrazničce,3109
majitelů,4325
patro,8040
oprostit,8373
prasete,6747
dramatického,1790
světadílů,8374
katalogů,7337
čtyřletého,8375
uprchlických,5150
pivovar,2552
rozpadu,8376
zesnulý,2340
kombinézy,8377
svařovací,8378
truhlář,6112
vlastnit,1417
posunu,8379
pokračovala,8380
námořnictva,5196
šňůr,1942
dvojčata,8381
záchytné,8382
dodatečné,8383
jste,6557
záchranná,6028
vyhlášené,8384
převezme,4186
sedě,948
osuška,1877
akvizic,581
kterým,3168
papeži,2331
vyhozené,8385
silikony,8386
působila,8387
francouzštiny,7472
nepřiměřeně,8388
diář,8389
zapínání,8390
začalo,5894
kolegům,2175
recyklovaného,8391
plánované,8044
slyším,1840
kurýr,8392
lokality,3276
experiment,2284
říj,8393
tenká,3822
dělaná,8394
cestuje,7520
aktivitám,1014
poražená,8395
switche,8396
kosmetická,3259
prvoligový,2815
huti,6718
spojenecké,8397
parapety,8398
míčové,8399
stávku,2095
přístaviště,8400
programování,8401
polévky,5278
realizovaného,3687
biblické,2347
ventilátorů,1828
materiálům,1964
sněží,8402
korektnosti,8403
renesanční,8404
ukončení,8405
zřícení,8406
zážitkuagroturistika,8407
imunity,8167
fotografických,1681
úchytky,8408
podmisky,8409
zapojeni,3353
pestré,6566
říkat,3929
nejdražšíhood,8102
motivů,7497
kapitán,8410
věčného,5325
operativní,8411
veřejnými,236
figurky,7919
zažívací,8412
dvoulůžka,8413
zástavního,8414
atraktivity,8415
hádek,647
pošt,137
postarší,8416
pohodlně,8417
skládala,8418
dostupný,4517
přepravní,8419
archeologické,7700
čistění,8420
geotermální,8421
rodinou,567
paketu,8422
samotných,2013
autobus,1194
rychlost,8423
hlasovou,2194
institutu,6211
dřívějšího,8424
nastavená,8425
kácení,8426
otřásla,8427
prohibice,8428
platy,8429
přímka,7350
výpočetního,2181
zaznamená,2236
prognózy,4745
rozsáhlého,5587
kodek,8430
bezplatných,1401
schopnost,8431
věděli,3307
definitivně,8432
ohniska,8433
terminálu,3352
dotaci,3474
hnacího,8434
každodenní,3608
fotbalista,1968
zasedl,8435
pravopisné,8436
rozpoutala,8437
renomovaných,1188
učitel,2735
juniorů,8438
přimět,6480
zřítila,8439
bajonety,8440
uveřejněné,8441
lunárního,8442
kostýmech,8443
servírování,7532
věčné,5325
magnetického,4765
zlomenina,8444
vodorovně,8445
demokratických,1290
přítele,2722
vinařství,8446
fotografiemi,298
výměna,8447
pozastavit,8448
všimnout,7897
různorodost,8449
pivem,711
nadváhu,8450
stativu,8451
měnové,8452
sestavovat,8453
sovy,8454
erotických,1721
choulostivé,8455
koncentračního,8456
metrů,4574
aktualizovaná,8457
podkroví,8458
výpomoc,8459
vítěz,3979
rozmístěné,8460
ovládá,4351
poškozuje,8461
otcova,8462
věcech,897
rozdávat,8463
převážná,8464
uvaří,6949
překážka,8465
představiteli,1919
výnosů,8466
stáže,7490
vozíčkáře,8467
otevřené,8468
spí,1570
vychutnávat,8469
kabátě,4258
měly,5944
eshopy,8470
planina,8471
plotů,3454
kresby,7673
nucená,7720
pohromadě,8472
chorob,1402
vozítko,8473
ovládaných,1908
konta,8474
nebytového,8475
krytů,8476
nejčastěji,6042
čtvrtek,6212
posadit,2040
středy,5600
zviditelnit,8477
starostů,3264
nezastupitelnou,8478
zveřejnit,958
vybavenost,8187
nainstaluje,8244
pozorujeme,7200
polní,6840
šířením,2553
konečně,8479
pracovištích,1169
žíly,8480
vhodnost,8481
kufříky,8482
ztrátě,4424
fotografoval,8483
zničehonic,8484
kteréhokoliv,8485
pedagogů,6437
užít,5434
takových,3536
nabízená,8486
odvolá,2617
mýta,8487
vitamíny,8488
zachycena,8489
výhře,4042
páskové,8490
objektivů,3393
metalu,8491
dalekohledu,2892
carské,8492
účastnící,8493
čekali,5561
spořit,8494
pásové,4708
zvuků,1800
nemůžou,4811
závodníci,4945
dostavila,8495
záležitostech,1596
čtyřkolek,8496
skener,8497
netrápí,8498
nehrála,8499
místních,2386
nadváhy,8500
ponechala,8501
nevinná,8502
příznivcům,2006
tiskove,8503
nevypadalo,8504
nabídnuta,8505
shodila,8506
tvořila,8507
nabídlo,909
simulátor,8508
trailer,8509
nimž,3617
vodiče,8510
soudržnosti,8511
pokračovat,8380
základní,8512
porušování,8513
pobočkách,585
objednaná,8514
sterilizaci,8515
řídicího,8516
preferencí,4750
testovací,8517
neberou,3317
nedalekého,5726
záchrany,1938
výzvě,3666
blízkých,4865
jízdních,6305
světlé,8518
bohatství,8519
oblastní,8520
lymfatické,8521
děj,2978
mlátit,6775
povětrnostní,8522
stopkách,8523
přepážce,5512
galeriích,420
zastupovat,3826
fantasy,8524
neplatí,4362
ceník,6578
šumavských,1380
zastaralé,8525
webovými,325
draka,8526
povolání,8527
ujištění,8528
spolužáků,3873
nečitelnost,8529
zveřejňuje,6182
probíhalo,8530
automobilkou,338
považovala,8531
prefektura,8532
hliníkové,4014
úsečky,8533
odpověděla,8534
hoppova,8535
myslivec,3884
rakovině,1295
vadného,8068
měřená,6396
uživateli,1638
zřetele,8536
hodinkách,666
dodávající,8537
západočeské,8538
přenosovou,867
gestapo,8539
zvyklá,4563
připravena,7117
operačních,3190
jídelních,2627
fazole,8540
premiérem,201
pilot,5844
sledována,78
bezesporu,8541
festival,2254
poslaneckého,1306
architektonického,2705
školského,1085
proto,8542
obchodyz,8543
senzory,8544
škodu,4874
falšování,8545
mumie,8546
trestat,8547
skladová,8548
osy,8549
syny,6201
zástavby,6905
upozorňují,5833
čtyřjádrový,8550
vyšla,8551
nespokojenosti,5737
firmwaru,8552
pánev,4498
kteří,3168
přesouvá,8553
kompletní,5631
řidič,2529
australskou,1336
nespí,1570
téže,8554
přiměje,6480
pojezdu,8555
nestála,2387
nezávislou,682
kodexu,8556
tušíte,8557
nabízející,8558
vešla,8559
anebo,8560
značná,8561
tematických,1040
nainstalována,8244
unaveni,8562
přepětí,8563
psychiatr,3615
šíje,8564
schovat,5145
dominikánů,8565
papežského,1949
doplňkového,3920
obviňují,8224
dřevina,8566
obloukové,8567
zvyklostí,5549
zákaz,8568
zdejšího,8569
potvrdil,2155
muzikantů,2000
vysokých,2908
sluchu,7593
většinou,1777
prace,8570
kolaborace,8571
zničení,8572
naplánované,8573
důstojníky,7632
karoserie,8574
masakru,8575
zapomnění,8576
dodávám,8577
pumy,8578
rozuzlení,8579
skonu,8580
vysokém,2908
finálovém,1333
kandidátce,1339
pravoslavného,1615
obytné,8581
kapesné,8582
odstartovalo,1819
tenistek,403
dokumentům,353
nemilosrdně,8583
netradičního,5683
nepotřebuje,7255
lino,8584
hořáky,8585
loňské,2585
designových,1690
nacisty,8586
spoluúčast,8218
žadatelé,4125
přestanou,3110
slovíčka,4629
přešlo,5230
pubertě,8587
rámečku,8588
nákladnou,4576
částmi,2250
plavecké,8589
vydělávají,6061
jasu,8590
docházky,8591
manželov,8592
instalovat,5318
vědeckotechnický,8593
plasty,7004
nizozemského,1104
kompakty,8594
stoky,7756
třetího,8595
plastového,2488
mezistátní,8596
akreditací,8597
hromadí,8598
prodeji,2070
spinkat,8599
zvukových,616
vážné,5162
atrakcí,3214
určila,8600
vnímány,6052
objednáte,2455
hasiči,3233
hlubin,8601
bitevní,8602
drůbežího,8603
tepelného,3558
zimního,8604
obličejové,8605
pohádkových,1408
umyvadlem,1423
trávníku,7851
glukóza,8606
všimnul,2674
loutkový,4451
nevyšla,8551
čas,3990
postavily,2832
aktivní,3963
poplatníků,3793
fotografovat,8483
prohlášením,3077
souhlasu,8607
potřebu,2369
tvarování,8608
zářit,5926
zda,8609
zhlédnutí,8610
medailonky,8611
vysokoškolských,2561
dětství,8612
měna,5287
kurtu,7539
tělo,2513
zdravého,4066
kometa,5514
věstník,4742
elektronickými,583
mámu,523
nesnáší,6118
dobu,3347
otočnou,8613
zazněly,4068
riziková,8614
nábřeží,8615
teologické,8616
vytvářela,8617
elektrickou,342
venkovského,4243
klávesa,4937
sledován,78
ostrého,5068
invence,8618
šaty,8034
převodovka,6752
okraje,8619
věřitel,1707
předkolo,8620
nešly,3735
sazenice,8621
rašeliny,8622
vlákniny,8623
ideologii,478
sodík,6738
zásadně,8624
ilegální,8625
srbsky,8626
pozorují,7200
kůže,8627
sázka,8023
rekonstruovat,8628
uvítací,8629
subsaharské,8630
anamnéza,8631
zastřešení,8632
dostalo,3104
agent,2856
piloty,5844
pádem,8633
svatbách,1604
osvětu,3677
vytahuje,8634
přitáhnout,8635
květnu,8636
jízdy,2197
pohodlného,3244
správních,3447
slovníku,4204
opalovací,8637
pohárové,8638
regenerace,8639
podá,4389
myšlenku,2265
technologického,1927
špičkového,1792
územního,8640
kreslit,8641
nezaplacení,8642
quality,8643
vůle,8644
volbu,552
úprava,8645
zábav,194
věcného,8646
nevrátila,5518
live,8647
zbylé,8648
pardon,8649
lezou,8650
nemovitostech,4333
výsadba,8651
brokolice,8652
puberťák,8653
pletiva,8654
portugalština,8655
zapomenutí,8656
grafických,1823
přiznání,8657
nevychází,8658
šátky,8659
výstupy,7585
musea,8660
senát,1995
letáku,8661
svůdná,8662
jídlem,470
bylinkové,8663
létají,6252
inzerátů,5439
leccos,8664
vedla,8665
svědění,8666
kalhotek,4858
bryndza,8667
vlastních,3441
exponátů,3061
jíž,3617
zničené,8668
účinkovat,3381
antické,8669
zámky,5733
vysvětloval,3482
miliardu,3167
časy,3990
cloud,8670
spustili,485
smutku,8671
rozdělené,4219
potištěné,8672
kalorie,8673
omluvit,2171
hlubinách,8601
zastínění,8674
pytle,5817
převratu,7688
výbory,8675
vévodství,8676
čistší,8677
nevzal,2299
lokalizaci,8678
vybírají,2092
nástavce,8679
ustoupila,8680
vyzkoušela,8681
dečka,8682
hradu,6538
zajistily,3075
kelímky,8683
komáři,8684
rozmanitosti,5801
někoho,8685
situační,8686
čtvrtině,2563
vyzývám,6167
konkurentem,2043
hřbitovech,8687
karibské,8688
dodávku,4121
daného,5531
doručení,8689
zkoušela,7647
norského,914
stihnout,7872
archivovat,8690
žvýkací,8691
řezání,8692
oceněné,8693
studené,3537
díry,3738
registrace,8694
rovinu,4165
vězňů,2619
celém,2838
teplotu,2162
vidlička,5536
zázemí,8695
legrační,8696
karbanátky,8697
prášek,3848
jazycích,2849
narozeninách,3739
designový,1690
posloužila,8698
moči,8699
neříkám,3929
holuby,8700
karavan,8701
komunikujeme,6269
dočkala,8702
čočkami,3733
razítka,8703
útočná,8704
povedená,8705
prověřovat,8706
krystalické,8189
rozpočtový,6603
úspěšného,5386
kanalizaci,2191
užijí,8707
bratra,8131
střihu,4686
obrazových,785
poznávání,8708
zprostředkovává,8709
ukradli,8710
nepotřebuji,7255
husité,8711
hubená,8712
úroky,8713
horké,2240
kuchyňskou,415
lyceum,8714
doufali,8715
potápěči,8716
okrasné,8717
zateplování,8718
kardinála,8719
radioaktivního,7686
rody,8720
nelíbila,6740
poukázky,8721
vydra,8722
dodávkách,4121
ideové,8723
středomořské,8724
nepřátele,7138
společných,3827
původního,7818
stíhací,8725
rozdělí,6613
pravoslavných,1615
kapelou,893
lesů,6057
katedrální,1109
zkontrolujte,8726
matriky,8727
hlásí,2390
anatomie,8728
zasedala,8729
doopravdy,8730
školkách,986
úspěšní,5386
komunistickému,293
vypadávání,8731
výpravou,1517
vanou,418
líbit,6740
nemocný,3588
rozvojovou,800
sprchou,266
přestal,3110
obsluhu,1414
fobie,8732
financována,5653
nejmenší,4253
hýbat,3903
matrix,8733
orchestru,5350
pokoušela,8734
zanikla,7581
pravost,8735
tempomat,8736
akcí,2144
četla,4254
vybere,5088
osmičky,8737
otců,4606
potvrdilo,2155
bílkoviny,8738
detaily,8739
léčebné,8740
rekl,8741
cinch,8742
dárek,1737
kapr,7475
funguje,1850
spory,6746
padouch,8743
důstojnost,8744
zavřete,5396
barviva,8745
dvoudílný,8746
vzdělanosti,4481
sádlo,8747
zatěžuje,8748
zaujmout,5464
vstoupil,5248
odškodné,8749
zamilované,8750
postavami,824
čokoládová,8751
spoléhají,8752
plnění,8753
otočná,8754
nejistota,8755
poradila,8756
kořisti,8757
nakoupit,1238
jednostranné,8758
sněmovnu,217
spojování,8759
nejprve,8760
nástroje,8761
obsazen,7757
dobrodružství,8762
sklopná,8763
nabíjet,8764
šířící,8765
cibulka,8766
bočnice,8767
portugalských,1132
redakčních,5510
propadák,8768
postoupila,8769
závadného,3479
vášnivé,8770
čelenka,5714
písmenka,8771
hmoždinky,8772
zítra,8773
ceně,4626
prevenci,7827
dostupného,4517
odhadů,8774
závislost,8775
valnou,4112
odhlučnění,8776
modulace,8777
odstěhovala,8778
opuštěné,7234
stránkám,738
obědy,3356
specializace,8779
belgického,980
intriky,8780
zamířila,8781
past,2901
profilové,8782
předložili,2073
nabízeli,2097
kontaktní,8193
konferencích,1149
výpadkem,3453
podnikajících,8783
zahajovací,8784
navrhování,8785
dnech,8036
inzerovat,8786
grantového,6890
slibují,2391
krveprolití,8787
deformace,8788
imigranty,7792
nejdůležitější,7182
profesích,765
samozřejmostí,8789
podkrovní,8790
běžet,836
vnímali,6052
prosincové,8791
nesmrtelné,8792
skládání,8793
přilehlá,7670
světelného,1289
středočeských,2107
ozdoby,5519
čehokoliv,8794
výrokem,4546
kartě,2089
nádvoří,8795
prodavač,5751
socialistů,6345
polštině,2821
bojištích,5076
úmyslně,8796
medvědice,5280
efektivity,4741
komorou,329
stagnace,8797
újma,8798
poškodilo,3905
odcházela,5359
vzácnost,8799
liberálních,5179
průběžně,8800
nastoupila,8801
léčebná,8740
prsteny,7723
potýká,8802
dinosaurus,4246
knihovník,8803
případech,4056
pije,4934
maršálek,8804
mší,722
přesunulo,4528
velitele,8805
uzavřené,8806
vypůjčit,8807
zákonitě,8808
mladých,1204
účastníků,4738
připravující,8809
partie,8810
nabídkydle,8811
pětky,1234
zahrádkáře,8812
loví,8813
statistické,8814
růžence,8815
federálních,1044
erupce,8816
písem,1269
klientech,1910
catering,8817
indukce,8818
mechanizmy,8819
kalendářního,8820
zvednout,4722
létajícího,8821
lyžařských,1379
konstrukci,887
pořadatelem,629
pozáruční,8822
názorné,8823
automobilovou,358
indickou,1075
plyše,8824
značce,745
premiérovém,1395
panovníka,8825
nervy,8826
vodou,1441
obležení,8827
sebevražedné,8828
postavách,824
nelíbil,6740
neznali,3065
protestoval,5261
požaduje,2946
pneumatiky,8829
soustavné,8830
odsouzeného,5950
vrstevníky,4003
paže,8831
startem,4431
burze,3288
bříško,3878
studii,1219
domina,8832
nepřeberné,8833
zrodila,8834
působnosti,8835
kamarádek,771
dohnat,8836
lokálního,4684
věříte,4854
ringu,8837
převládají,8838
čtverce,8839
koukam,8840
starostové,3264
kritizovat,2225
hlučnost,8841
celozrnný,8842
placka,5324
květeny,8843
žákyně,8844
savců,8845
šedé,8846
mbank,8847
softwarovou,438
nákup,3370
mramorové,8848
přechodu,8849
brožur,8850
premiérový,1395
okolního,8851
lenosti,8852
sms,8853
čištění,8854
hardwarového,2520
brněnském,885
počátku,5532
tajnými,587
závory,8855
milé,8856
sestře,1576
kontinent,3186
hlasují,8144
kapsička,848
tréninkové,8857
osmiletého,4375
avantgardní,8858
doktor,4467
ňadra,8859
nepravidelně,6874
lokalitě,3276
vítězů,3979
honit,6095
cykloturistiky,1501
analytická,7163
hornatiny,8860
studentek,1078
žebříčcích,8861
šestiletého,7974
prezidentu,205
druholigového,8862
pátek,8204
přidělení,8863
tajemná,8864
válkách,588
obligace,8865
nejvyhledávanější,8866
alternativní,7374
vyspělých,4855
vybudovaná,8867
zpočátku,8868
odtržení,8869
napojené,8870
volnočasových,4901
hoši,8871
nálož,8872
katolicismu,8873
vyrobit,873
sady,5807
zaměřit,3800
terasách,889
kategorizovat,8874
pamatuje,7083
hostinský,8875
zahradník,4074
skončila,6705
tréninkového,8857
chlubí,8876
internátní,4435
výrobny,8877
eseje,8878
agregáty,8879
sousedící,8880
odmítly,2719
cítili,8881
úlomků,8882
představenstvu,3982
takova,8883
genetiky,7397
žáka,5870
zveřejňované,4336
předloh,475
sdílela,8884
chytají,8885
teplé,8241
nadšeni,8886
kulatá,8201
placením,6427
ladit,8001
poseté,8887
jsme,6557
zrušené,8888
vyslance,8889
heraldické,8890
napomůže,8891
sloučení,8892
otravné,8893
stage,8894
subjekt,4846
postřikovače,8895
bolesti,6206
vystoupením,1857
plavkách,1697
komerčním,372
rovin,4165
příčce,2713
neexistovala,8896
delegací,881
konto,8474
rozvinuté,8897
stahuje,8898
profesionálního,4081
maloobchodní,8899
francouzských,1452
čtvrtinu,2563
odvádět,8900
nehrozí,3036
zákusky,8901
položky,8902
monarchií,622
krásná,8903
dovádění,8904
auditora,8905
užívat,6640
dívce,1639
emailové,8906
stránkach,738
fašistické,8907
krvácet,8908
vitamínů,8488
demokracií,336
kapesních,3907
jídelníčky,8909
službám,99
vozové,8910
uspěchané,8911
skleniček,942
vycházky,8912
rozbil,2296
navrhovali,3029
hole,8913
všech,4183
podíly,4306
univerzitou,300
kurikulární,8914
koníčka,3437
hrdinů,2548
vybaveného,3681
přejezdu,8915
diskuzích,5929
elektrotechnice,1303
sdělění,8916
kotelen,1785
fototapety,8917
směsice,8918
důvěryhodných,3780
panovníkovi,8919
zeptali,8920
nejaka,8921
palubě,5335
zdarmabez,8922
badminton,8923
plavbě,4367
rašeliniště,7257
přečetli,5990
vzpomněla,7506
vyloučení,8924
papriček,8925
severoamerické,8926
boxem,2652
pařížského,5223
bitů,8927
zařazovat,3426
nařízena,8928
poznávají,8929
kostce,5851
oběšením,8930
fotoalbum,8931
dovču,8932
inženýři,5979
samopaly,8933
postoje,8934
kapsách,848
tématům,1495
realitního,2650
botníky,8935
nejvýkonnější,1262
nástupce,8936
motion,8937
kosmický,465
majora,8938
užšího,8939
schválně,8940
národnímu,1399
donákupního,8941
podzemí,8942
přípojek,8943
hostitelé,3016
vzájemná,8944
torza,8945
památek,4189
citaci,6547
kdybych,6105
kouzelná,8946
podivná,8947
soudnímu,2654
repozitáře,8948
fyzikálního,7026
motoru,7338
františkánského,8949
průkopníka,6098
pátrání,8950
rozuměly,8951
ohřívá,8952
terénního,8953
tisíce,5406
šištice,8954
sako,5743
porodnictví,8955
muži,3176
podnikající,8783
běžce,8956
náhle,8957
zabírají,8958
všeobecně,8959
personální,8960
nákladný,4576
biskupů,5198
sekci,1713
použila,8961
dominantní,8962
čáry,8963
analytiky,2812
pozemním,8964
třetin,1483
keramická,6661
přestávkami,1575
nevidí,1481
průkopníkem,6098
ultrafialové,8965
klinik,8966
podzimního,8967
nebudeme,6557
kompilační,8968
taškou,1592
fotosyntézy,8969
kytku,4197
věřili,4854
obvyklá,8970
zrušili,2837
zábradlí,8971
peru,4510
nedopadlo,6646
právě,8972
lední,7905
neveřejné,236
pozve,1146
balonu,8973
hůř,5805
možná,8974
pultech,1991
dne,8036
dokumentační,8975
dialekty,8976
procentního,8977
zaznamenávání,8978
památkáři,8979
nabádá,8980
korunního,7843
panovníky,8825
hokejový,208
trvala,8981
květák,8982
prodávaných,5115
výsadková,8983
lidovou,1057
šetrná,8984
polokouli,1763
truhlářství,8985
donutili,3587
babkazov,8986
zajímají,2668
vše,4183
bratři,8131
teen,8987
zastihl,8988
tři,8989
rukavice,8990
závodní,7084
něco,3691
zápasech,1211
obtěžovali,8991
divného,6532
ponorku,2864
muze,8992
cykly,4704
osnovy,8993
nečetli,4254
manikúru,5457
kapalná,8994
donedávna,8995
stacionárních,8996
nezačne,5894
protivníka,8997
přesouvají,8998
činoherní,8999
zpestření,9000
astronomického,1240
nuceno,5945
lifestyle,9001
sympozia,9002
zprovoznit,9003
dopadnou,6646
devatenáctého,9004
přišly,2272
humanitární,9005
soustav,1460
tečou,9006
samozřejmé,9007
využívat,4495
řek,3448
koloniální,9008
okolností,5143
rozjezdu,9009
rockových,580
výslovně,9010
diferenciace,9011
kamenná,9012
facebookovém,9013
dřevěného,6945
nepravděpodobné,6748
stěhováním,3737
slíbili,5573
božstva,9014
poškození,9015
rozmnožovací,9016
čtyřiadvacet,9017
drobná,8329
prostředek,2787
formátu,5794
nejslavnější,1212
vídeňské,2930
donutilo,3587
vyfotit,5567
vlastenci,9018
boty,9019
obtěžující,8991
dceru,1343
přenesla,9020
testu,7091
nejím,3150
připomněl,3125
začátkem,9021
zblízka,9022
legislativu,1304
zprvu,9023
ústního,6145
řády,7699
oblíbence,9024
oddlužení,9025
netýká,9026
kvarteta,6198
staveb,1795
vyhlásí,2402
hybridních,2033
přinést,2353
jinému,1684
zabudovaný,9027
nechávala,6996
připravovat,2407
ozubené,9028
nedostanou,3104
jídelníčku,9029
loňském,2585
vařením,9030
vyzváni,9031
rakovinou,1295
alternative,2046
shonu,9032
krajský,838
ochotě,9033
nestihli,9034
sídlo,1847
objeví,2429
výherních,7858
sluţeb,9035
tenista,1870
holokaustu,9036
objektivních,3934
vypadat,7786
pensionu,9037
téhle,3609
citlivé,9038
zadku,9039
bolestem,6206
coli,9040
škůdce,9041
hereckého,1011
odvolání,6820
podnebí,9042
komisařů,4128
přístupných,4110
návěstidla,9043
celodenním,3961
továrního,9044
brouky,9045
umírají,9046
osmanské,9047
informujeme,224
vzduchové,3457
originále,9048
chloru,9049
kotlina,4623
studies,9050
řádná,7048
fasádu,2906
okenní,9051
zdravotníci,9052
soustředění,9053
kvalitou,1887
buddhismus,9054
průzkumné,919
přitažlivosti,9055
prášků,3848
buněčného,9056
připadly,9057
papíru,6739
subwoofer,9058
profesor,4607
seniorském,3992
informačními,845
laminovaná,9059
pokladně,334
stodole,9060
zóně,1974
etapa,6896
správná,7873
zvláště,9061
reflexi,5113
dinosaurů,9062
žezlo,9063
konečníku,9064
správné,7873
štábní,9065
figurín,9066
inženýra,5979
lustr,1093
dílenské,9067
potisku,9068
graffiti,9069
rostlin,2441
horku,5186
zkoumání,9070
nabídková,3416
knoflíkem,3267
přečte,5990
pokroku,9071
krásu,3136
pravomocí,3309
podaly,4389
zařízeními,447
posunula,9072
přenesené,9020
vozovky,9073
srovnávači,9074
cirkus,6442
gay,9075
stromku,9076
dál,4578
napájecích,9077
zájmových,5064
skořice,9078
slovenští,285
fotoaparátem,428
využíváte,4495
trakce,9079
nesplnil,9080
doručen,9081
užívané,9082
chytí,2623
pořadateli,629
trendem,4703
údajného,5120
viditelnost,9083
národnostní,9084
odchod,3628
telefonát,1818
glukózy,8606
neúnavně,9085
poř,9086
svěřil,1929
fiktivního,5388
okruzích,6240
komunistických,293
sympatie,9087
červené,6719
figurovala,9088
neprospívá,9089
truhlík,9090
advokátů,1200
objednal,2455
zatěžují,9091
řízena,2476
koťata,7094
vikář,9092
tekutina,9093
neustálého,7881
účinkoval,3381
sliby,9094
poráží,9095
šišky,9096
ingredience,9097
exilu,9098
výroční,9099
střešního,2964
chytat,7675
reprezentačních,3348
pochopila,9100
sklopný,9101
vyčlenit,9102
tvrdíte,573
socialistickou,681
polokošile,9103
obrátila,9104
patriarchátu,9105
incidentu,9106
pětinu,481
kapitána,8410
ženicha,9107
přílišná,9108
improvizace,9109
planě,9110
neříká,3929
ceske,9111
spekuluje,9112
nemovitostí,4333
vyhledávají,7146
výběrová,5487
editoři,9113
melouny,9114
oborů,9115
zasloužily,8275
mezikontinentální,9116
odkazy,9117
konfliktu,9118
pohodlí,9119
nezájmu,9120
postihne,6585
kladiva,7759
blízkého,4865
panského,9121
krajem,1171
neoficiálních,9122
předškolního,9123
hoďky,9124
uchazečů,6056
oblibu,1229
uživatelích,9125
aktivovat,9126
donucena,9127
komprese,5619
česko,9128
úlohami,2233
přehrávejte,9129
plynová,1360
vznikající,9130
poslancem,348
pána,1734
vydala,9131
ovlivnit,9132
konzultaci,5862
modernizovat,9133
dozvíme,2008
kontrolou,3040
váha,6654
nervovou,5655
finanční,9134
přídavná,9135
promo,9136
pěstuje,5740
hlídané,9137
atletických,1418
chodit,5234
klíčky,9138
hodnotili,6504
mozkových,3673
čtvrté,5381
živočichů,5477
porn,9139
specializovaný,1767
příbězích,3076
zavedly,4749
bateriemi,665
infračervený,2605
úřadům,1313
předražený,9140
recyklovaných,8391
zálibou,1594
pohybu,9141
podřízena,6872
umístěné,6918
vyspělá,4855
tísně,9142
novele,3833
svátek,1738
okamžicích,2146
ocelové,3018
obyvatelstva,2947
embargo,9143
upřednostňují,7089
tovární,9044
gymnáziu,1882
čajem,2034
štěpení,9144
odkoupení,9145
středové,9146
tašku,1592
plynulost,9147
energetickou,664
situací,1581
čtk,9148
potřebovaly,7255
unií,164
konkurenceschopné,9149
dresech,3890
setrvačnosti,9150
své,7991
kupoval,4883
edici,1960
relaxační,9151
vyobrazena,9152
halách,1434
největšího,2604
zevnitř,9153
kněze,9154
sedacích,9155
odložili,3124
rozlehlých,5773
nástupu,9156
skončilo,6705
nájemné,9157
zavřená,6694
páté,7325
operačními,3190
pátého,7325
úvodní,9158
ptala,7099
hlavních,2955
srp,9159
zdejší,8569
nabídli,909
nekuřáky,9160
popravdě,9161
měděné,9162
vět,6006
kořist,8757
zkouší,7647
bodování,9163
zdravotnických,1523
císařská,9164
chybě,4294
parcely,9165
názorem,5285
vzdušný,5896
denní,2881
krátkých,7722
vleku,4029
vstupuje,9166
aglomerace,9167
růžová,4327
nesměly,4209
křížová,9168
nebude,6557
příslušné,8095
vystupování,9169
odstoupil,3869
trpěla,9170
lístků,3799
promítne,1549
pokrytím,5788
pšeničná,9171
dílen,1673
naučný,1334
nedalo,4578
dobrovolníci,4251
hostince,6732
nepotřebné,9172
nejprodávanější,5115
navzájem,9173
mladistvých,5460
vévody,9174
vláknová,9175
postižených,5527
omylem,7958
prapory,9176
emisi,4777
vypila,9177
myslel,4332
dobíjení,9178
sousedem,947
ustupovat,5117
kritiku,4532
dlouhodobě,9179
viditelného,9180
inspiruje,5939
tisky,544
knížete,3497
započala,9181
samouky,9182
svazky,9183
středoškolské,9184
svolání,9185
projektech,592
fosilních,9186
železa,4317
stranických,1215
nadcházejícího,8171
kráse,3136
zastupitelstvu,812
obalech,7967
mít,5944
zvířecí,9187
podvědomě,9188
náměstek,6648
smrtí,2804
tříleté,9189
jehličí,9190
restart,9191
paráda,9192
nucené,7720
hádce,647
kandidující,5791
provozech,4048
omluvil,2171
pořádku,4037
korekce,9193
neefektivní,5368
multiplatformní,9194
nezůstane,6695
zakoupí,1612
vysvětlila,9195
talentované,9196
vlastníkovi,9197
svatého,3860
metabolismu,9198
přítel,2722
vyhrazen,9199
mučedníků,9200
kroupy,9201
zněla,9202
uspořit,8494
tisků,9203
hornictví,9204
přístrojová,9205
smíchem,1803
prodloužila,9206
letošek,9207
filtrování,9208
bohové,9209
vodík,9210
stavitelství,9211
nedostane,3104
bojíte,8215
zoufalá,9212
vystupovat,4898
funkčnosti,9213
obhájce,9214
publikem,204
poskládat,9215
jednotné,9216
čistíren,9217
proměnila,9218
dílnách,1673
variety,9219
umírat,9046
nápad,7624
průjmy,9220
obsáhlé,6957
výrobek,2835
vleže,9221
dilda,9222
oblačnost,9223
lyžařskou,1379
odvodů,9224
signalizační,9225
nejbližší,4865
zkusila,9226
límce,9227
speciality,2262
můrou,3064
vzpomínka,9228
rozmístěných,9229
patentů,6626
živnostníků,2349
vybírám,9230
revize,9231
kosmických,465
naštve,2029
stimulace,9232
příhody,4403
potravinových,2727
evidentní,9233
konkurenceschopnosti,3015
jejího,9234
nehtů,9235
ekologii,2663
spoluobčané,3209
čtyřicet,9236
volné,9237
vyloučili,4477
kamsi,9238
demencí,9239
zabývat,4673
otrava,9240
skvělá,9241
podnětů,6796
úroků,8713
argentinského,3505
jeřábů,3470
dřevo,9242
samosprávné,9243
kvarta,9244
alb,9245
skleník,2044
rekonstrukcích,1659
špatné,3942
vysokohorské,9246
sametové,9247
netušili,8557
podněty,6796
chorvatských,672
kecy,9248
gumové,9249
skandálů,5346
peckovice,9250
konzervativnější,4586
zařazování,9251
přijdu,2272
souhlásky,9252
říci,2536
zasklení,9253
kousky,9254
nenutí,5945
zasahuje,4364
tombola,9255
mikrofonní,366
patnáctého,7434
hezká,9256
obyvatelstvu,2947
vytvořila,9257
evaluační,9258
připojen,1603
začátku,9021
mediační,9259
těleso,2494
zveřejněna,2871
návsi,9260
ovládnutí,9261
veselku,9262
propuštěna,9263
nosnou,2324
čepele,9264
portugalského,1132
stanovisko,6976
dílnu,1673
dotazníku,8359
schůzkách,2120
obrovské,4314
vrstvy,6659
burzu,3288
podnikatelského,1905
dekoraci,9265
příslušníci,9266
domácími,376
půjdou,3735
užívají,6640
přehlednější,8159
kalorií,8673
měchýře,9267
zábaly,9268
literárních,3154
čidel,3524
taťka,9269
fragmenty,9270
napínavý,4119
druhých,5975
obcas,9271
stáli,2387
pekla,9272
odvětvím,2482
zajít,5363
hraním,2238
síly,9273
texty,4800
elektrický,342
stěhovala,6546
dávka,6856
muslimové,7749
ošetřovatelská,9274
stylového,4343
přehnaná,9275
škála,4650
autistického,9276
můžou,4811
cyklostezka,5217
složkou,2332
vyčištění,9277
opatřeních,9278
nestátních,9279
obdobná,8039
šestka,9280
neznamená,9281
družině,9282
orchestr,5350
public,9283
smoothie,9284
brikety,9285
odehrála,9286
obrátili,9104
hercům,621
pronesla,9287
klíšťat,5269
kapitálová,9288
interiérového,9289
náklon,9290
projevy,5967
sliboval,2391
stejnopohlavní,9291
partnerce,2187
měsících,6213
dvoudílné,9292
snědl,2806
kozy,4964
neoprávněně,9293
schůzek,2120
stěhovat,6546
transformaci,3616
akumulátoru,3803
nečekaně,9294
dopravníky,2204
nejprodávanějšíhood,5115
průjmu,9220
příslušného,8095
komponenta,9295
badatelů,5100
studoven,9296
vyhrožoval,9297
thrilleru,9298
grafiků,9299
sdělením,9300
útočníky,9301
zjednodušená,9302
nechvalně,9303
čípky,9304
číst,4254
popelnici,723
etnik,9305
vodáky,9306
mne,2912
logu,752
personálních,8960
lákadlem,9307
šance,9308
polovinu,4148
úlomky,9309
zapojuje,9310
kontinentech,3186
shání,6965
předloze,475
velezradu,7816
dělo,9311
plaveckého,8589
určených,9312
spadnou,6561
haldy,9313
ledna,6320
začátcích,9021
ekonomikou,816
náročnosti,5293
rolí,3937
začne,5894
škodě,4874
horka,5186
státníků,9314
stabilizace,9315
oblečené,1131
vědeckého,1403
faktura,5047
odpadového,9316
zklamaní,9317
skandální,9318
propojené,9319
blbý,2827
podepsaly,6038
rovnoprávnost,9320
zanikající,9321
zaznamenali,2236
památné,9322
soupeření,9323
popisky,9324
naprostá,9325
vyvinula,9326
zařízeny,9327
moravskou,1015
ročníku,9328
legendě,1397
oblast,4199
zapékací,9329
ztráty,4424
kompromisu,9330
vápníku,9331
oáza,9332
desk,2052
října,6143
oděvu,4018
prece,9333
zděné,9334
zapojených,5629
nadaci,404
využívaná,9335
krajinou,1084
hledání,9336
plody,9337
prémiových,9338
ostatního,4382
citáty,9339
nosič,891
dřina,9340
nepodporují,9341
neškodí,9342
obnovená,4194
demografického,4083
středověká,9343
nenápadně,9344
tajemství,9345
cílů,5550
obtěžuje,8991
severovýchod,9346
postojů,8934
psaly,9347
odbavení,9348
byzantská,9349
dominantního,8962
kontaminované,9350
vizualizací,9351
americký,401
zahřívá,9352
kapličky,7176
současných,2478
vysavačů,641
chuť,6832
vypravěče,7713
inženýry,5979
mandle,9353
znění,9354
autoškoly,9355
hromadné,6811
vtáhnout,9356
humoru,3599
slučování,9357
úspěšné,5386
ztracené,9358
bizarní,9359
zmocnili,9360
obrazně,9361
vládne,6259
energetického,664
nepřestane,9362
přeprava,9363
přispěvatel,3177
novějších,2294
proudy,7595
působnost,8835
umýt,9364
týdenního,9365
týká,9026
chrámové,9366
prodejné,9367
eroze,9368
stovka,5451
nápoji,1407
zvířátky,9369
nastavíte,9370
duelech,9371
reálného,9372
vestavbu,2172
půjčení,9373
zásahu,9374
nepříjemné,7013
uvádění,9375
žrát,6420
zažila,9376
tipu,9377
taštičky,9378
spisy,8173
vykázal,2217
opraváři,2020
způsobena,9379
grafikou,9380
sovětský,613
klidu,9381
arabská,9382
výrobní,9383
kázeň,9384
propadly,9385
odpadové,9316
proslulé,5026
balíček,6449
kolečkách,4269
úroveň,9386
lávku,9387
černá,6939
palivové,9388
plochami,3568
pronesl,9287
hypotečního,5156
grantů,9389
nápisů,9390
mobilizace,9391
levicově,9392
uprchlíkům,4711
milion,4180
třináctého,9393
analýz,2671
lůžkových,3930
finálový,1333
tuhá,9394
preferenci,9395
východně,9396
doručena,9081
zachovala,8094
piano,2445
sametová,9247
kteréhokoli,7592
kupon,9397
druhého,5975
vzdělání,9398
konzervativního,4586
závodníků,4945
tradičně,9399
grafickou,1823
utrpěla,9400
básníci,9401
inspirovaly,5939
višně,9402
šokoval,9403
inovační,9404
nechcete,2480
řádného,7048
schovávat,9405
rukopis,5019
střely,9406
odstěhovat,8778
občasné,9407
úsměvy,9408
provázela,9409
negativ,9410
vynášení,9411
laděná,9412
pokusila,9413
gramatice,9414
zkušebnictví,9415
patřila,6209
obřích,1946
zřízením,2164
rozvedla,9416
sjezdovek,1319
osloven,1366
auditu,9417
obyčejná,2544
baroko,9418
bezplatný,1401
knížectví,9419
sdružených,3152
ilustrovaná,9420
nemocničních,2403
vyděšená,9421
celovečerním,720
neznala,3065
konverzační,9422
příhraniční,9423
cestovních,6514
chata,1522
bakalářských,6909
brambor,9424
odstartoval,1819
hradí,7217
maturitního,9425
tabulky,9426
automobilku,338
odchodem,3628
prava,9427
manželovi,9428
děsivé,7676
konzervy,9429
cukrovku,3417
pijete,4934
soutěžích,385
plénu,9430
patrně,9431
vodorovné,9432
politologii,1042
hlasovat,8144
odehrávalo,7299
kouknout,557
složek,2332
vašeho,5279
starý,2793
drobnost,8314
teplotami,2162
kromě,9433
vydělají,2218
ploše,3568
měřících,7494
sportovcům,1642
pletou,6577
včetně,9434
neměly,5944
magistrále,9435
psaná,9436
lázní,7403
obviněných,5538
supervize,9437
výstavišti,1971
počin,5045
prapradědečka,9438
vložila,9439
větvičky,9440
jejž,3617
archivář,9441
fakultních,879
konzula,8053
severního,5965
rozestavěné,9442
rozšiřování,9443
varovali,2972
kolektivy,9444
otevřeného,8468
krájet,9445
vybírejte,9446
jít,3735
polských,1630
joystick,9447
čtyřiceti,9236
účastnických,9448
pamatují,7083
chatkyfarmahostelhotelkempmotorestpenzionrekreační,9449
segmentech,9450
starala,9451
srážlivosti,9452
nejasná,6092
styly,9453
kategorií,5915
ročnících,9328
efektivitě,9454
latiny,9455
poukázal,9456
nejrůznějšími,2578
nejsem,6557
hrozny,9457
obhájkyně,9458
automobilový,358
hráčku,3549
dvířky,9459
delikt,9460
spolufinancování,9461
nedostatky,9462
společenského,2737
neděje,9311
úředníků,3194
hřišť,1508
městečko,3026
především,9463
črc,9464
demoliční,9465
pletivo,8654
kompostu,9466
pohybová,3389
sušiny,9467
nesprávná,7873
odlehčená,7947
vyvážené,9468
přívozu,9469
přestřelce,2640
letěla,9470
zjištěno,9471
odnést,4002
zmínka,9472
neznámých,2626
oznámí,911
padá,5039
rámcové,9473
žánrově,9474
pobavit,1979
halenku,2010
diskové,9475
plošná,9476
páni,1734
očekávalo,5633
sférou,890
nepřijatelné,9477
statistický,8814
jistě,9478
plenkové,9479
ošacení,9480
osob,1033
humanitních,9481
souboj,3388
lůžko,2436
hovořilo,3440
solidarity,7276
odstranila,9482
doprovodná,6315
oblačnosti,9223
plynovodů,4751
momentech,8302
motorizace,9483
znečištěné,9484
konstrukcí,887
pekáče,9485
podílely,6726
týkajících,7186
bundička,4471
vánoc,2427
kamarádce,771
polepšil,9486
hovořit,3440
nedovolí,4756
okolní,8851
upoutal,9487
lůžky,2436
vinifera,9488
pronájmu,7755
dopřát,9489
obchodního,2258
estetiku,5682
drtivá,9490
pojistném,9491
sexuality,9492
posledních,9493
objednávkou,5949
kojenecká,9494
přemýšleli,7326
jakékoliv,6777
domovního,2687
znát,3065
důvěra,9495
oborech,9115
sluhy,9496
rukou,3664
osmdesátých,9497
odtamtud,9498
zavěsit,9499
ztratila,6339
nepotřebujeme,7255
lopaty,9500
radost,9501
přivýdělek,9502
sedátko,4662
původce,9503
dospělosti,9504
takže,9505
věřte,4854
odvolali,2617
nacismu,9506
přehánět,9507
trestního,5956
záblesky,9508
uzavřeného,8806
podprsenku,2380
parkovací,9509
dálniční,9510
vitaminů,9511
sexy,9512
vibrátory,9513
dobových,3221
hardcore,9514
odehrávat,7299
reakce,9515
hromadě,2106
vnímat,6052
vynechala,9516
astronomové,6022
mísa,5598
objednání,2455
vtipný,2126
vyhrály,3222
šablona,9517
záruka,6452
reformní,9518
celosvětového,2522
zejména,9519
romantiku,1990
vulgární,9520
nahradily,5559
regulovat,9521
zápalky,9522
hrdost,9523
ambicí,5758
vyhrají,3222
migrace,9524
startéry,9525
zaznamenat,2236
profesionality,5383
stejnosměrné,6562
mistři,6774
kombinace,9526
ostrovech,2948
příze,9527
přesunou,4528
využívá,4495
měnila,9528
odmítající,5907
kruhové,5337
mechaniky,5435
neřešila,9529
kopii,2182
velikánů,9530
provozovnu,2439
schované,9531
nepřetržitý,3097
uživatelky,1638
nočník,9532
čalounění,9533
zpřístupnění,9534
popravou,2415
čokoládové,8751
skautské,9535
nevznikla,7645
všelijaké,9536
procedury,9537
husitského,2662
divácky,9538
lektora,9539
prodávala,7348
stoupla,9540
množina,9541
markrabství,9542
samosprávu,363
japonských,1277
přestěhovalo,9543
povídám,2249
vystěhovat,9544
motorek,1992
mimozemšťany,9545
globalizaci,4302
obřího,9546
každopádně,9547
milovali,6426
nezačala,5894
pirátů,4803
topinky,9548
pochvala,7010
pozváni,9549
potřebují,7255
vyhledávat,7146
umělého,9550
nejnáročnějšího,3630
objevy,9551
nejsme,6557
rámové,9552
nepřinesla,2353
využijí,4038
teplého,8241
překvapivé,9553
hlučnosti,9554
řemeslníky,5973
zaostření,9555
úvah,3257
předevčírem,9556
uhelných,2711
přípravy,4926
nejhůře,9557
sklenic,3038
slevové,9558
ručí,9559
hydraulické,9560
design,4837
blozích,9561
hit,2168
hasičskou,1583
vykonávána,9562
navrhovaná,9563
třída,9564
arabština,9565
rozlohy,9566
dobrovolníků,4251
značkách,745
věží,1062
záchvaty,9567
košilka,594
norskou,914
světlem,717
zboží,9568
severu,5902
kila,9569
udělali,5995
věrohodné,9570
chuťovku,9571
nezůstala,6695
rozhraní,9572
maloval,9573
databázová,9574
zaslaných,4593
znalecké,9575
globálně,9576
pitné,7074
zemských,903
oka,1449
módou,480
astronomů,6022
poslaly,4550
ústav,6168
nepracuje,4701
poslaneckých,1306
souborů,9577
světů,586
myslivců,9578
rehabilitační,9579
klub,2609
nechtěné,9580
sonáty,9581
přestat,3110
truhlíky,9090
vypadala,7786
referendu,4445
lokomotivu,725
tlumiče,9582
nepopulární,492
nekončí,9583
božstvo,9014
trasách,3002
úspěšnosti,9584
kytky,4197
poskytována,5053
bankách,80
osvojování,9585
výpisy,9586
výhrůžky,9587
nevědomosti,9588
nedorazil,5654
slovenskými,285
vrby,9589
nulová,9590
bankovního,3659
závěrů,9591
úvěrů,7806
novinkydle,9592
odvolacího,9593
zmizeli,4554
kterému,3168
vrchy,9594
analogovým,106
křižovatkách,7904
rámeček,8588
nezapomněla,9595
tátou,1400
známý,2626
guvernér,9596
sešla,6336
vypadaly,7786
vinařů,9597
stranách,637
jichž,3617
modeláž,9598
exekucí,9599
unavený,3778
dosahu,9600
oblečený,1131
trapně,9601
používají,9602
vchod,7242
nezávadného,9603
pohrozil,9604
tiskopisy,9605
manipulaci,2487
experimentování,9606
nehodách,1317
stanovišť,4104
asistenčních,9607
lhát,2281
outsourcing,9608
spali,1570
zapomněla,7080
lehká,9609
bazilika,9610
koncepcí,783
piju,4934
nebo,8560
pronajímat,5378
benefitů,9611
chystaných,5243
nejlevnější,3283
dějů,2978
tresty,9612
zkolaboval,9613
pobočkami,585
kopačky,9614
departementu,9615
černohorského,9616
frekventované,9617
pozinkované,9618
spuštěných,4736
pěstitelů,4967
segmentů,5730
jede,9619
živnostenské,9620
hlídacího,9621
křičet,6708
protokolu,9622
dřevotřískové,9623
bicí,9624
nepřijali,5175
vlhko,9625
podívám,6217
domnívali,6715
okupovaných,9626
medvědy,5280
třesku,9627
skútry,9628
džusu,2811
přestěhování,9629
tisknout,9630
účinkuje,3381
hodinou,2684
neudělala,5995
používaná,9631
najevo,9632
masné,9633
následně,9634
lesklé,9635
student,1447
selské,9636
frontu,1054
anestezii,9637
aukční,9638
nejdou,3735
zvěře,3467
mlýnky,9639
vědomě,9640
agregace,9641
renesančního,8404
termotisk,9642
pracujete,4701
blázni,6402
ledové,4598
rychtáře,9643
černoši,9644
časovačem,1189
přechylování,9645
mohly,4811
oddělena,3180
vymýšlí,9646
karosérie,9647
zablokovala,9648
třídní,9649
souvislosti,9650
nedělali,3911
zatkli,2762
zrovna,9651
cenu,4626
radili,9652
architekturou,861
klidná,9653
airbagu,9654
způsobili,4899
autorizovaný,4558
nevhodná,6151
rybka,9655
dokoupení,9656
typech,6825
bilance,9657
nezoufejte,9658
rivalem,9659
prezentuje,3427
krádeží,3500
sešly,6336
uspěli,1410
výtvarnými,1917
akvarijní,9660
masovou,2280
prohráli,5860
obalu,7967
játra,9661
švech,9662
terorista,7366
rozsudek,4540
komunitního,7287
hranolu,9663
ohlásí,1135
nejmocnější,4972
vytrhnout,9664
notifikace,9665
postmoderní,9666
spojeného,9667
skladník,9668
pojmů,9669
nechali,3282
nařídila,8928
ovládající,9670
závodník,4945
potvrdili,2155
sloupů,2159
nejí,3150
květinářství,9671
pachatel,2377
nákazy,4272
desítkami,3486
voličů,4262
jezdce,9672
zájmu,3213
pevnině,4840
zbraní,3825
výdělky,9673
hardwarových,2520
topí,9674
včelařství,9675
chystaný,5243
pořádáním,5151
splátka,4285
chirurgické,8054
udělování,9676
nohy,9677
křtu,9678
etnického,5940
řemeslná,9679
žaludku,9680
ujistil,9681
řečník,9682
tatínek,4423
přístupového,6099
povaze,2479
příhodu,4403
poklady,9683
dlažbu,2068
volitelná,9684
tragédií,938
dovolat,9685
zorganizovala,9686
působení,9687
zobrazována,9688
nabízí,2097
zdravotnickou,1523
cítění,9689
přání,9690
doporučovala,9691
vídeňského,2930
nezřídka,9692
movité,6009
povídá,2249
komunistickém,293
doporučila,9693
výsady,9694
zavře,5396
zátěž,9695
zaměřovat,9696
obyvatelům,3671
kurtů,7539
koupit,3555
prádlem,281
nabízejí,2097
vtipu,2597
požadují,2946
boxy,2652
portrétem,2853
výrobkem,2835
nejbohatší,9697
magistrát,2996
střídaly,6193
clony,9698
dečky,8682
hodláte,5988
nešli,3735
ponižování,9699
moudřejší,7224
dědického,9700
jednotná,9216
vědomosti,1671
zrakového,4342
infrastrukturu,1607
civilu,9701
místopředsedů,2979
přibyla,9702
holubi,8700
garážích,3834
vikariátu,9703
nadačního,9704
náměty,1347
nejlidnatější,9705
nauka,9706
mladších,1204
talentů,3613
rodin,567
došla,9707
zpřístupní,9708
nádor,7448
švýcarských,1624
špatného,3942
prej,1888
elektrizační,9709
kupujeme,4883
následná,9710
tančit,9711
úspěchu,9712
způsobená,9379
zazní,4068
interpret,1427
uložených,9713
živočicha,5477
stranickou,1215
okupovaném,9626
dělají,3911
drinky,9714
spojených,9667
kamarádku,771
vyskytovala,9715
vytvořená,9716
kterou,3168
odvádějí,8900
jakási,9717
neomezené,7390
pláč,6223
sova,8454
zástavbě,6905
došlo,9707
hlásal,9718
starce,9719
uherských,3882
procházení,9720
nedělala,3911
spat,9721
letovisku,9722
skladatelka,2470
házenou,2076
ušetří,6162
vysvědčení,9723
podotknout,6663
teplomilné,9724
buněčné,9056
důchodů,3238
chlazené,9725
kohouta,9726
dodávaná,9727
montáži,4739
odpověďmi,6432
novou,2294
čer,9728
stylů,9453
jugoslávský,2079
linek,1591
lukrativní,9729
citrónová,9730
klipem,595
zobrazovaných,9731
motivuje,7738
neumějí,9732
závodech,4335
konceptu,5703
štuky,9733
otravu,9240
poškozeného,6984
trpaslík,1751
porotou,737
navrhované,9563
partyzány,9734
zapojena,5629
oblékání,9735
poděla,9736
plošné,9476
dodá,5630
harmonická,9737
vypukne,4409
mapové,9738
strejda,9739
třídě,9564
kdosi,9740
dostupnosti,3460
zhroutila,9741
skály,9742
mámě,523
vlnité,9743
vanová,9744
připojeno,1603
zakázal,1050
přístavy,6801
softwarový,438
efektivnosti,6388
vzduch,9745
hlásá,9718
zločinů,5856
meteorologický,689
šířili,1349
odcházeli,5359
boulderingu,9746
modulární,9747
kabelku,2924
asistenta,2264
smutek,8671
transformuje,9748
učením,1902
optickými,1249
záchvat,9567
příležitostné,9749
pořadač,9750
síťový,1224
proslulého,5026
životnost,9751
zmíněného,4156
leteckou,912
nedovolila,4756
funkcích,1089
podivné,8947
vestavěných,1572
banda,7071
synové,6201
dveřích,3559
žaludek,9680
piráti,4803
nezůstává,9752
uveřejňuje,9753
mluvě,3601
systém,2462
konflikty,9118
společník,4369
kleci,7694
strážníci,3980
stě,9754
obzory,9755
přehlednost,9756
přítomní,4372
koupil,3555
okrouhlé,9757
bylinná,9758
zavřeli,5396
zřízené,3048
dílné,9759
šortek,2953
spolupráci,1747
nevinné,4884
zvažují,6754
vodopády,9760
zůstane,6695
náhražky,9761
nepravidelné,5176
sestavit,7063
time,9762
nejvýrazněji,9763
bankovních,3659
přítomno,4372
dovozci,4860
něčem,3691
energická,9764
obžalovaný,3663
ministerstvem,398
vzbudit,3165
diktát,9765
dominikánského,9766
tmy,3573
přáníčka,9767
tváři,619
přijímali,3364
utéct,5170
autoritu,1881
nástupiště,9768
plynoucí,9769
otevřeně,9770
střechách,1469
krátko,9771
obráběcí,9772
příjezdová,9773
řídicích,3204
katolického,924
možné,9774
vezme,2299
fondech,3899
hitem,2168
malebná,9775
snížila,9776
diskutující,7932
provinciích,794
desátou,5881
trestnímu,5956
náladou,716
zdálo,9777
ekonomy,4521
úleva,9778
pakety,9779
sázky,8023
střetnutí,9780
nejste,6557
přidala,9781
moravských,1015
jich,3227
krajinářské,9782
tajném,587
povstalců,1648
přesídlila,9783
důstojníci,7632
reálií,9784
průkopníky,6098
datle,9785
myšlence,2265
parfémů,6511
discích,5056
pravomocný,7508
připomeňme,3125
nejsilnější,9786
střešních,2964
diskuzí,5929
songy,9787
lidovci,1885
tabulek,9426
hostitelem,3016
výstupech,7585
tyčemi,3119
motorového,2716
zdobily,9788
olomouckých,3700
bolelo,5303
zařízeného,2943
konstituční,9789
průjem,9220
pravicových,731
účastnit,1584
vybíral,2092
rozhledy,9790
výslovnost,4238
šachet,9791
šití,9792
neuvažuje,5850
munice,9793
prostěradlo,2026
pohodě,2532
závod,4335
zakázaného,4853
obchodníci,9794
přístrojem,328
secese,9795
ospalost,9796
posedět,9797
porada,1067
pamatujte,7083
akcionářů,5764
pobočku,585
složila,9798
diplomata,5543
brácha,9799
vlnu,1907
radikály,7983
pojistník,4852
nevhodného,9800
kontrolního,9801
slideshow,9802
dráhu,207
děvčat,1438
autorizace,9803
milník,9804
tisíců,5406
výslech,6788
vidělo,1481
pracuje,4701
mužstvo,4162
akcích,2144
posloupnosti,6762
zásady,2174
radují,9805
generály,6540
nervová,5655
univerzitních,1053
doly,5824
přidaná,9806
hodila,6593
vychladit,9807
přesvědčený,5932
vyhledávaní,9808
odmítli,2719
chladí,9809
souostroví,9810
šílenost,9811
polena,9812
léčebně,1363
stráži,4459
přichystali,9813
výsledného,9814
vetvy,9815
samo,9816
přesvědčit,8180
studentům,1447
faktur,5047
čelila,9817
fakultách,315
elektřinou,264
kartony,9818
přehledný,8159
spalovací,9819
světově,9820
vznikly,7645
přehledná,8159
představíme,2270
osa,8549
vyvolávající,9821
konečná,7637
snímcích,1038
magistra,9822
nepřítomnosti,7156
ovlivnila,9132
tmu,3573
vyžití,9823
nějaké,1841
nosu,9824
koupené,9825
jasná,6092
zákon,2845
nastavit,9370
nezlobí,9826
dodávání,9827
planiny,9828
brankové,9829
barvené,9830
kombinéza,8377
spolku,8209
vypadnutí,9831
nestydí,7437
zpětně,9832
památkové,6404
detekce,9833
nepochopila,9100
udušení,9834
klidného,9653
nase,9835
coura,9836
domorodé,9837
rozvedená,9838
mítink,9839
pohanské,9840
montována,5445
minulostí,2047
rozloučí,4978
raketoplán,3262
organismu,5529
terminál,3352
hornické,9841
textilní,9842
zařadilo,3426
letky,8341
lyžařů,3865
onemocnění,9843
nejednoho,9844
koly,1112
čipů,5670
vyčítat,9845
nehráli,2873
nedávného,3984
bije,9846
japonského,1277
marmeládou,1314
chaotické,9847
technolog,9848
rodáci,9849
zubaři,3948
inverzní,9850
bohatší,9697
regulérní,9851
špici,9852
zabírá,9853
řezací,9854
útočníci,9301
vzdělává,9855
ložnicí,165
vařil,3921
vysvětlování,9856
rozdávání,9857
přímou,3974
mířící,9858
kariéru,2227
rozvinutá,8897
veřejným,236
uklidit,3999
kazetě,1608
národních,1399
gólman,9859
městech,529
velryby,4825
zážitků,6232
raketové,9860
specializující,9861
byrokracie,9862
automatů,4091
ztraceného,9358
zvyklé,4563
čistič,9863
bezkontaktní,9864
předmětů,5511
uskutečnila,9865
hloupí,3019
obranného,9866
pozorovali,7200
pouta,9867
strojírenského,1183
flipové,9868
bolet,5303
rozvoji,4951
zisky,9869
tísňového,9870
vlastníků,1970
virtuálně,9871
lezecké,9872
generálnímu,599
vteřinách,6930
protektora,9873
uvádělo,1772
živit,9874
slunečního,4674
nemohli,4811
apoštolové,9875
sáhla,9876
nejvíc,9877
auditorské,9878
zjistěte,2037
výhybka,9879
členů,5547
přeneseně,9020
upadne,3655
provedeních,9880
starobylé,9881
opakovaně,9882
úterním,1267
krabičkou,1391
buněčná,9056
grandmother,9883
fyzik,4193
nevhodných,6151
znala,3065
tábory,9884
stovek,5451
komunity,5528
volal,3193
nezaměstnanost,9885
středisek,2554
chod,6842
lezl,4019
chladnějších,9886
jimž,3617
zastupitelům,1311
výluky,7718
dostanou,3104
atrakci,3214
sklopení,9887
oblouku,9888
římskokatolická,3337
obnovila,9889
sveta,9890
dělostřelecká,9891
nákupem,3370
louce,9892
věřila,4854
rozjelo,9893
střídá,6193
sekretariát,2230
spotřebitelských,2359
areál,3277
komplexního,9894
grilované,9895
elektrony,9896
reklamační,9897
předvádět,7059
následovaná,9898
objevil,2429
pořízený,5144
případná,9899
tuhostně,9900
zákazníkem,2610
porcelánové,9901
výmluvy,9902
jaře,7343
vládce,9903
veškerých,6767
kontinuální,9904
svedla,9905
poslali,4550
připravoval,2407
poruch,1332
představené,6372
podobného,6116
hostovala,9906
mechanického,4801
nejchudší,7971
bloky,9907
barvách,3508
uchazeči,6056
nevyužili,4038
literaturou,590
vystřídat,4441
taktiky,9908
hořká,9909
zákazu,8568
podélníky,9910
rtěnky,9911
proboha,9912
církevních,3084
přijde,2272
zastal,9913
stěžovatel,1235
trhá,9914
historikem,2069
sázet,6850
odmítají,5907
asistenty,2264
uniformu,798
provázel,9409
tabletách,321
zkušeného,9915
prodaly,6081
astronaut,7122
kritická,9916
opěrka,9917
akorat,9918
efektivnější,5368
takříkajíc,9919
barvivo,8745
protestantů,7481
mapovat,9920
zaměřený,6660
tvrzi,3910
příprav,4926
zaráží,9921
turista,2543
instaloval,5318
brazilskou,1055
přepravě,9363
apod,9922
meditaci,9923
požární,5952
bliká,3866
preferovat,4911
zeleni,9924
mezivládní,9925
dochovaná,9926
mladší,1204
busta,9927
chatování,9928
nabídl,909
odhalení,9929
etiky,5311
klientelu,3807
koupací,9930
poutníci,9931
koutem,1145
tyčinka,6216
sládek,9932
řadu,1182
prvotřídní,9933
jasno,9934
právy,2890
rozhodují,5419
přihlašovací,9935
bráchou,9799
obviněný,5538
odcházejí,5359
přitáhne,8635
nejslavnějšího,1212
smysly,9936
učitelce,1599
hlasových,2194
kolébky,9937
hodinami,2684
maličká,9938
výboru,8675
doložky,9939
kávové,7483
zástupcům,1396
seznamy,9940
receptura,9941
ději,2978
komediálním,462
neexistovaly,8896
návrhů,6519
plavidlo,3713
neuvěřitelná,9942
vyhraje,3222
recyklační,9943
hromadu,2106
přestaly,3110
zdravotníky,9052
sluncem,2683
nejbližších,4865
aquapark,3684
subjektům,4846
drtiče,9944
všiml,2674
zle,9945
úřednické,9946
praskla,9947
zpěvaček,444
nadšenci,4105
psychiatra,3615
mnohostranné,9948
vlečky,6525
laboratorní,4990
zrcátko,9949
atraktivního,6222
česku,9950
vhodnosti,9951
realistické,9952
ukázaly,2968
poklice,9953
užitečnost,9954
vybraného,4474
zásluhou,5560
odpadků,9955
savce,8845
obstarat,5399
vstupu,6138
šly,3735
sériové,7286
neposlední,9493
utkají,9956
pokračuje,8380
jim,3227
choreografie,9957
příspěvky,9958
jídelníček,9959
drogám,2328
zastupují,3826
cookie,9960
nejedla,9961
jaderném,1873
omluvy,5597
manažerkou,9962
tudíž,9963
slyšel,1840
buňku,2199
mandarinka,3603
císařství,9964
údržby,6229
ustupují,5117
figuruje,9088
suma,9965
návštěv,941
plynulosti,9147
ofenzíva,9966
tchýni,902
rekordy,7317
hranolová,9967
minulých,4981
pořídili,3103
zmatená,6280
účes,9968
sekty,7853
jedenáct,9969
sklenku,2414
strážníků,3980
angažovat,7768
všechna,4183
výrazněji,9763
dále,9970
převzatý,3008
pěveckého,1226
nešetří,3545
zveřejňování,9971
oblastního,8520
barokní,9972
penězům,1554
nepřirozené,9973
nálože,8872
rozhořčení,9974
doufá,8715
ukradený,3954
výsuvné,9975
praci,9976
betonového,5938
rezoluce,9977
kasační,9978
skládku,5819
myslíme,4332
odpůrci,4743
dlaždic,2243
svěžest,9979
zastřihovač,9980
hospitalizace,7910
australských,1336
vyklizení,3606
výsadní,9981
návštěvností,3336
poskytující,9982
dánskou,1230
šlechtění,9983
termálních,5779
fetiš,9984
amatérských,314
bazénech,2675
průhledné,9985
červeného,6719
bydlet,9986
márnice,9987
stopu,1148
donesl,6066
pravděpodobně,9988
spisovný,3595
magická,9989
nejchudších,7971
motory,7338
hasičských,1583
vybraný,4474
okolnostech,5143
stereotyp,3514
nosila,4974
bojové,4723
nevezme,9990
nepořádek,9991
chuti,6832
přijímačky,52
plyšový,9992
blokování,9993
přívodu,9994
vybrali,5088
synagoga,5208
zodpovědností,5738
provedení,9880
probiotika,9995
republikánů,9996
bolševiků,7489
úsměvné,9997
arabštiny,9565
zaoblené,9998
rating,9999
oplocení,10000
tvrzením,8339
uchazeč,6056
bolestivá,10001
hlásek,4085
udržovala,10002
espressa,10003
intenzivně,10004
autorku,1593
ruskými,453
vznikl,7645
vyšetřováním,3423
odpovědí,6432
jezer,2317
pěší,10005
vydělávat,6061
náruči,6633
námořního,4454
plakátech,769
eskadra,7382
psychické,10006
sportech,313
vítězné,5268
hrobu,10007
kvalitních,1861
mìsta,10008
parkové,10009
tarif,2647
kolenou,10010
oddělit,6723
nezapomněli,7080
tenistou,1870
stáhl,1133
rozdělením,3313
proudu,7595
stranický,1215
meditace,9923
mladíky,4307
seřazené,10011
kompresorů,10012
liturgického,10013
singlů,10014
hubu,10015
předčasné,10016
scénáři,1811
stínící,10017
workshopy,10018
katalog,7337
skladování,10019
čípku,9304
předních,7951
živých,1978
vražd,2376
znenadání,10020
střídání,10021
pravěku,10022
den,8036
okrajové,7480
celozrnné,8842
letového,10023
ožívají,10024
fotku,4374
roztomilé,10025
účtech,6391
viditelná,9180
vidíte,1481
obsadily,5621
ministryní,412
přijatelná,9477
vloni,3843
vzniku,10026
filtry,10027
otopných,10028
řeholnice,10029
komukoli,10030
vystřídali,4441
představovala,3512
bombardování,10031
stoupnout,9540
efekty,10032
lídrem,10033
podnikatelskou,1905
předškoláky,10034
školek,986
napadají,10035
tržnici,10036
zloděj,4049
kapka,10037
způsobů,6438
expres,10038
latinky,10039
kardiovaskulárního,10040
běhá,5717
napřed,10041
tchán,10042
obnovy,10043
kooptací,10044
vyráběl,2253
nalezla,10045
průmyslník,10046
neberu,3317
prvňáčků,10047
podnikatelem,661
zrušit,2837
posuny,8379
požáru,10048
traktoru,6609
letce,10049
operetní,10050
fleky,10051
třicetiletá,10052
začátky,9021
stínidla,10053
dvanáctého,10054
nedodržování,10055
neuronů,5921
pohodlnost,10056
trpí,9170
ručička,7485
baletu,10057
zahradních,1294
hornina,10058
pluky,10059
borce,10060
doručuje,10061
pálivé,10062
listu,7495
málem,10063
spodního,4999
nominací,3701
papírového,5828
nacistů,8586
shodla,10064
slu,10065
přílohy,6017
dělali,3911
vzorové,10066
nekorektní,10067
testování,10068
struktur,4877
nevyjádřil,4100
povinné,5747
vycházejícího,10069
zaživa,10070
nachlazení,10071
dostává,5404
bednění,10072
bakalářská,10073
zvláštního,10074
vyhledávačů,10075
odvaha,10076
zakázáno,4853
zvolila,10077
užily,5434
vojáků,1728
dob,3347
neztrácí,10078
kvě,10079
sběratele,10080
stezek,4806
týkat,9026
zuří,10081
bolely,5303
manifestace,10082
čeká,5561
zapomněli,7080
ohřívač,10083
amatérů,3422
kohokoliv,10084
písková,10085
určený,9312
výletní,10086
konzol,10087
odsouzený,5950
výcvikové,10088
katalogwebových,10089
přinese,2353
spisovateli,2134
pokračování,10090
nastavení,10091
kostelů,2560
mohli,4811
grafik,10092
pejsci,6349
požádali,5571
probuzení,10093
povodňové,10094
emigraci,1670
odolná,10095
googlu,10096
nejúčinnější,10097
záměr,10098
chorvatském,672
stolním,402
dorozumívání,10099
nežijí,10100
dnešek,1922
postará,8317
motivu,7497
duševního,10101
tampony,10102
přizpůsobí,7944
děla,6647
medailon,10103
ovocná,10104
geografického,5776
fotografiích,298
umyvadlová,1423
rika,10105
svobod,3492
ledvinky,10106
obžalován,3663
vyprazdňování,10107
starých,2793
palcové,10108
poškozenému,6984
pojišťovací,10109
odběrateli,3579
rodů,8720
majitel,4325
exekutor,10110
loupež,7399
podlehla,10111
pedikúra,10112
ustupující,5117
dozor,6423
zařídí,4675
čajová,10113
bude,6557
dortu,6173
bakalářské,6909
hrozbě,2756
atentáty,5579
podniká,6115
italského,1776
mladého,1204
ordinační,10114
instalací,1679
stranami,637
vytrvalá,10115
perspektiva,10116
databázích,2982
vládnutí,10117
stěnami,979
říčky,10118
směřovala,10119
rozdělujeme,8182
vykonává,9562
centrálně,10120
poctivé,10121
večeří,623
madam,10122
poškrábání,10123
tepové,10124
radila,9652
poptávce,5909
pronajatých,3620
budoucího,10125
citlivost,10126
manža,10127
znaku,10128
omezí,8073
remízy,10129
sítnice,10130
předpolí,10131
zakoupilo,1612
hodnota,10132
nelogické,10133
unijní,10134
prvek,4421
křížku,10135
zvedne,4722
kouzelné,8946
provozována,1421
jistota,10136
vybíráme,2092
listopadu,8231
úkor,10137
restituci,3842
porušení,10138
přesvědčili,8180
chladící,10139
textový,2321
exteriérové,10140
rasismus,10141
prvé,10142
vysvětlení,10143
panenky,10144
lákavé,10145
modernizací,1947
sklepů,3962
vlasteneckých,6731
sakristii,10146
obvykle,10147
rozšíří,6025
bývalý,2372
prohrává,10148
poté,10149
vepřové,7392
ukládat,10150
zpomalení,10151
rodičia,10152
okrskové,10153
samozřejmost,8789
cedulky,10154
objekty,6553
příchutí,10155
čalouněná,10156
panna,6473
kartami,2089
notáře,10157
odděleně,10158
záštitou,10159
hlasovacích,5810
malbě,1944
draho,10160
nedělám,3911
rychlobruslařka,10161
budované,10162
zabití,10163
autorskou,1156
zjištěna,9471
překročila,10164
pořadatelům,629
transparentnost,10165
dodána,6069
kostelní,10166
opakovaná,5763
workshopů,10167
ubrousky,10168
kontrolka,4559
obávat,8064
nezměnila,10169
spotřebák,10170
znečišťujících,10171
tibetského,3254
surovina,10172
spol,10173
ikonku,10174
vnitřních,6703
zachycené,2515
letí,9470
při,10175
nepamatuje,7083
neúčastní,1584
kolečkových,10176
rovnou,10177
celokovové,10178
vidíme,1481
tropického,5781
říkal,3929
aspoň,10179
mřížce,3272
hodinku,2684
stabilita,10180
mikroskopické,10181
jídly,470
genetika,7397
jízdenky,10182
připojují,10183
poskytly,2637
manželé,2203
existovat,8896
odstartovali,1819
poctivá,10121
nadměrně,10184
subwooferu,10185
rozloučil,4978
úředník,3194
vláken,7928
pohromy,8365
knize,513
selhává,10186
monitoring,2459
kryptografie,10187
sekundu,4082
ukázali,2968
mání,10188
kouzelník,10189
fenoménem,2682
donekonečna,10190
sestrojil,10191
nadměrné,7447
vymýšlet,9646
tropy,10192
vyrovnanost,10193
pádu,8633
výzkumníků,2592
jízdné,10194
žalovaný,10195
obava,10196
převzalo,4186
devadesát,10197
líná,7706
uzavření,10198
infračerveným,2605
moudrá,7224
poznámce,7022
všímat,7897
jezdec,9672
konfigurace,10199
ochucené,10200
zvolili,10077
uměleckou,2437
federací,202
vystoupili,4150
sestav,1070
vyhlášená,8384
přemýšlí,7326
turistiku,593
změny,5108
středoevropských,2539
zrušeného,8888
námětem,1347
článku,2111
častá,6688
cestě,2608
ozývá,10201
spolu,10202
sympatičtější,3767
kolečka,4269
domky,6516
smál,3335
bulharských,1151
náhodná,10203
sondu,1663
kontinentální,10204
antiperspirant,10205
potvrdily,2155
představte,2270
protivná,10206
propustili,9263
kuchařů,1020
známosti,2786
dostal,3104
nedávala,2648
brigádu,1768
leasingu,6849
dobré,6917
jedlá,10207
povinná,5747
ovocné,10104
užité,10208
pěstují,5740
uvítá,1872
financováním,2305
týkaly,9026
ubytováníapartmánybotelchalupachatachatka,10209
koryta,7882
zmocní,10210
léčiv,10211
pravidla,7976
znalců,5391
přiveze,10212
plánovaná,8044
okrasná,10213
pojištěného,4928
předehřáté,10214
udržitelnost,10215
dostane,3104
you,10216
špagety,10217
očích,1449
humanitní,9481
opatřeními,9278
odlišnost,10218
stáhli,1133
tažné,10219
evropskou,2344
štika,10220
education,10221
rysy,10222
parfému,6511
bibliografické,10223
nejdu,3735
ostrova,2948
divím,5663
programovatelné,10224
vitaminy,10225
turistickou,2014
římsy,10226
klíčové,10227
nezapomínejte,10228
zadávací,10229
reflektoru,1162
žebříčky,10230
rádiovým,198
agend,869
obsah,4702
místopředsedou,2979
mzda,10231
víceúčelového,5959
dohání,10232
chrániče,10233
částice,10234
nenechá,3282
slezská,10235
nerozhoduje,5419
exkluzivních,3967
uložené,9713
inventarizace,10236
hravost,10237
dělníci,10238
cholery,10239
pouti,4290
prarodiči,2986
klubovou,10240
zval,7410
tuhého,9394
nezávisle,10241
podpoří,4247
písničkář,5711
sestavena,4133
intenzivněji,10004
zmínili,10242
dělníky,10238
elektrod,3716
šachovnice,10243
neskutečná,10244
bavíme,1337
úlohou,2233
podlahovou,10245
řidiči,2529
vyvážená,9468
vnímáme,6052
bála,8215
atrakcemi,3214
desítce,3486
dobrovolná,10246
legií,1193
skautského,9535
mostě,4876
ramen,5981
tibetských,3254
vyhřívání,10247
hrudníku,10248
ergonomické,10249
dohady,10250
odborový,1787
usb,10251
doznala,10252
konvertor,10253
hlídají,2704
největší,2604
restaurátorské,10254
soudních,2654
dalekohledem,2892
hravé,10255
ožije,10256
provokuje,10257
předprodej,10258
neinvazivní,10259
večeru,736
jezuity,10260
geografii,10261
prezentačních,10262
řadami,1182
servisů,5177
vytáhli,3931
krutost,7079
neduhy,10263
vystoupily,4150
dráhou,207
přihlášky,10264
těhotenství,10265
příčka,2713
zločinci,4958
dodání,10266
vstoupili,5248
chřipce,1999
předsedové,2399
velvyslancem,2066
zeleninu,2157
stopové,10267
ekvalizér,10268
konzervatoři,2888
myšlenkou,2265
znovuzrození,10269
hlas,6528
křišťálové,10270
zvolí,10077
přitažlivost,9055
statek,5755
předpovědí,2620
odděleného,3180
oslovíte,10271
smířit,10272
rozmanitá,7219
obávají,8064
asynchronní,10273
filmovým,90
multikulturní,10274
sportům,313
lištu,2228
normami,2400
omítek,4506
zabrali,5553
zubař,3948
nejíst,10275
panice,3092
softshellová,10276
třetí,8595
nezletilých,10277
friends,10278
lihovin,10279
potravinami,727
hnus,10280
místopisné,6784
zprostředkují,10281
napodobování,10282
překvapil,4655
kondomu,7923
chytne,10283
výzkumných,2295
gminy,10284
inhibice,10285
koordinační,10286
frézy,10287
odpovědného,3589
nebezpečné,6149
vzdělávají,10288
černobílých,432
zoologických,1866
generátory,10289
secesní,10290
odebrána,4924
autoritativní,10291
vyvstala,10292
postupovala,10293
popravu,2415
spojovací,10294
účelnost,10295
staročeské,10296
udržování,10297
hvězdného,5352
asijských,3201
výsledná,9814
desítkám,3486
stanovisku,6976
kdekoli,10298
soustředila,5637
zaplacené,10299
suvenýry,10300
ohrožená,10301
vzkazuje,10302
nehty,9235
revitalizace,10303
rozhovorem,611
poradenskou,2078
zápletku,10304
potravinářského,571
stojánek,2195
zrakově,10305
přenesení,10306
spíš,10307
ostrosti,3298
rozkladu,10308
bluetooth,10309
udeřil,10310
uniformách,798
tušila,8557
nejstarší,2793
kritérií,6097
jádro,3028
dekorativní,10311
struhadlo,10312
směřovalo,10119
koneckonců,10313
dospělá,1614
pochodu,10314
nerovnováha,10315
sušené,2868
kapucínů,10316
kluziště,10317
chcete,2480
things,10318
zapojeny,5629
zajisté,10319
adresát,10320
adrese,3074
vodičů,10321
chodili,5234
interpretací,4142
pomůckami,1550
pořádat,5151
kamarádem,3771
konců,6681
tvorbu,1744
resortů,4616
přihlásily,3950
státnice,10322
upravená,10323
aukcí,1577
zápěstí,10324
požár,10048
horizontální,10325
kariéře,2227
neskončila,6705
sháněl,6965
vstupenku,3444
nejdražší,5059
krávy,6255
úplatu,10326
zničeného,8668
ztuhlost,10327
potřebuje,7255
lodní,10328
doprovázela,10329
plavce,10330
zrcátek,10331
veteráni,10332
biskupského,946
křížové,9168
němu,3227
objednávala,5360
astronomický,1240
džungli,2569
rozvrhu,10333
vizitek,4502
svorky,7661
žebřík,8116
odstěhoval,8778
spotřebitelem,627
svodidla,10334
mléko,10335
atentátníka,10336
vystoupil,4150
hltanu,10337
stanů,5123
uzavřela,10338
zámková,10339
postupně,10340
kuřáků,3280
odnesli,4002
implementace,10341
osobní,10342
ilustrační,10343
lokálních,4684
zadávání,10344
srbských,576
novelizace,10345
nabídnout,909
odhlásit,10346
umučení,10347
doleva,10348
nenapadlo,5307
proběhlo,7966
mrtvé,6881
hledaly,4292
funkcionality,10349
zapomíná,10228
kavárnou,272
společně,10350
pojaté,10351
novela,3833
kam,10352
fotka,4374
kouzelníka,10189
ledacos,10353
psychotropních,10354
ohrožena,10301
vínové,10355
vypadli,2733
dostával,5404
doručí,9081
ministrem,1529
stabilně,10356
ukřižování,10357
velkých,2604
nepřátelé,7138
vůz,3618
odchylka,10358
jatka,10359
řeklo,2536
share,10360
spojení,10361
borové,10362
uzivam,10363
alobalu,10364
doběhla,10365
tréninky,10366
hinduismu,10367
kvantitativního,10368
vyhrálo,3222
pokutě,1419
koncentrace,10369
odhalil,2114
pokládání,10370
bruslení,10371
nápadem,7624
vybrány,4474
zpod,10372
skončit,6705
průkopníků,6098
oslaví,10373
užívaných,9082
vědělo,3307
přeměnu,6680
mechanice,5435
jindy,10374
chválí,10375
kolona,10376
poškozených,6984
rozdělily,6613
specialit,10377
mládí,10378
pracujících,7583
peněžence,2458
studijní,7155
příčkách,2713
přijela,10379
filozofická,10380
rozdělených,4219
solné,7979
neznáma,10381
balíčku,6449
čistící,10382
provozováno,1421
rekuperace,10383
fólii,1210
dravce,10384
praktické,10385
mitochondriální,10386
kýmkoliv,10084
soulož,10387
spor,6746
poškodily,3905
zavazadel,3013
ukradl,10388
psacím,1245
biologická,6343
zřídila,10389
kulové,6864
plot,3454
budila,10390
učinila,10391
medailistů,4654
vyhláška,10392
pochopili,9100
veverka,7046
skvrny,4370
brněnských,885
dotacemi,3474
dožívají,10393
soustavu,1460
záminkou,10394
stolech,1141
areály,3277
hutní,10395
zachytit,2515
sponzorům,1740
variace,10396
inovačního,10397
budka,2616
stáhnutí,10398
spolujezdec,3718
svaz,3384
předškolní,9123
přilehlých,7670
mobility,10399
celistvost,10400
odhalování,10401
ochutnávkou,10402
neudáno,10403
nesouvisí,10404
citlivosti,10126
námahy,8362
objednaných,5274
odpadních,7736
vyhlídky,4300
bohatá,9697
laděné,10405
dirigent,8161
termínu,10406
chlapů,3305
zvědavosti,6766
skleněných,5723
komerčnímu,372
breakfast,10407
tobolky,10408
nástrojů,8761
otočila,6880
zapalování,10409
nadšená,8886
splatit,10410
víckrát,10411
předního,7951
konektoru,10412
náhražka,9761
distribuovat,4071
nerovné,10413
vyučovat,8160
zánovní,10414
sourozenec,10415
vesty,10416
přesvědčil,8180
třídění,10417
povídek,4227
připraví,1312
záhadou,2690
vychutnejte,10418
trhání,9914
halou,1434
čtvrt,6376
nasvědčují,10419
střelby,4439
skvělé,9241
starosta,3264
automatech,4091
vnitrobloku,10420
závislé,682
smluvní,10421
měnová,8452
restauracemi,455
encyklopedické,2591
brance,4953
góly,10422
milencem,4700
line,10423
vášnivá,8770
specializovaných,1767
dárkem,1737
kupujícího,10424
suvenýrů,10300
rostlinami,2441
přehledu,4614
péči,2468
narozenin,3739
nastavte,9370
vlhčené,10425
videt,10426
inkontinence,10427
zazpívala,10428
benediktinů,10429
adresáta,10320
vyučujících,10430
produktovou,3590
omlouvat,3794
padesátce,7159
zabít,7341
brankou,4953
případů,4056
poskytne,2637
hrozilo,3036
limuzína,10431
rozhodování,10432
elektromotoru,3450
přicházela,10433
stejnojmenný,753
někdo,8685
popřál,10434
hůře,10435
nůžkami,1705
hasicí,10436
mistra,6774
nenosím,10437
lymfodrenáž,10438
svědek,1367
komunistům,1409
vybaví,5020
krmítka,10439
ordinačních,10440
lvů,1924
konec,6681
zastánce,6573
kolektorů,10441
asymetrické,10442
dokončila,10443
koncových,2115
darovala,10444
deštných,4548
rovně,10445
řadové,10446
zemský,903
chovala,10447
svinstvo,10448
argumentace,10449
papež,2331
líbila,6740
způsobilost,10450
dokazují,10451
veci,10452
objednaný,5274
vouchery,10453
teroristické,5005
sprostý,5606
olejové,10454
seznamovací,10455
zámeckém,1623
připravené,7117
nevědomky,10456
spekulace,10457
odvážnější,7972
často,6042
podavače,10458
sedmou,10459
zákonem,2845
světských,6169
potravinu,727
zahraničím,951
nechtěl,2480
dnešních,2248
elektroda,3716
pedagožka,10460
slovního,10461
korektury,10462
plané,10463
vidím,1481
převaha,10464
nákladního,5977
radosti,9501
zvýhodněnou,10465
závěs,3815
dámou,1406
zjišťujeme,10466
členy,5547
obrázcích,5140
teritoria,10467
benzin,10468
přípravou,4926
orné,10469
styl,9453
netušila,8557
kdykoliv,8052
ochránci,5640
viny,3636
zapoměla,10470
muzeem,414
obci,1315
nápadu,7624
zajišťovat,5963
symbolika,10471
upadá,10472
něčemu,3691
dohledem,4639
pečlivé,10473
jablek,3343
úlohu,2233
zvěrstva,10474
dědečkem,5195
plýtvání,10475
připomíná,10476
pronikají,10477
vítězkou,2590
čepičku,6866
pobídek,3682
mistrovstvím,671
legendu,1397
provincii,794
neotřelý,10478
holce,1168
prohlásí,1582
vybírání,10479
domluvila,10480
mítinku,9839
silikonové,10481
vinaře,10482
vybralo,5088
neslyší,1840
vyhlášením,6425
dotační,10483
prodejnosti,10484
štítnou,10485
perspektivy,10116
osobního,10342
montuje,5445
záložka,10486
neuděláte,5995
nechají,3282
nehtové,10487
stonky,10488
klubům,2609
žárovkami,936
prosince,7778
kapota,10489
vařící,10490
hrdina,2548
obcích,1315
básně,10491
květinu,1972
prostředku,2787
cyklisty,10492
petržel,10493
července,10494
uloženého,9713
atlas,10495
opozicí,186
železničních,1633
bezbariérové,10496
spojovala,10497
legionáři,10498
litoměřického,10499
pomohly,7493
stupňová,10500
čelo,2887
tendenci,7558
přizpůsobení,10501
vyslechl,3829
lešení,10502
návrhářů,2291
kulička,7782
nevhodný,6151
připojovat,3634
barokního,9972
analýze,2671
lamina,10503
chodící,10504
prestižních,5254
dopingu,10505
přečtou,5990
novostaveb,2060
vinaři,10506
torzo,10507
rozjezd,9009
kompatibilních,10508
kobercem,746
artiklem,10509
dát,4578
sériovou,7286
judikatury,10510
servisní,10511
jógy,10512
připraveného,7117
obyvatelů,3671
univerzální,10513
takovéhle,10514
týmového,4744
company,10515
ústech,6327
intelektuální,10516
protokoly,9622
voják,1728
bramborová,10517
nedělat,3911
brněnský,885
interpretaci,4142
který,3168
mletá,10518
jednotliv,10519
tekla,10520
tkáni,5613
okapů,10521
nosných,2324
stopách,1148
genů,10522
organizovaného,10523
návodů,4222
poletí,9470
napadnout,5307
boudě,2535
sestrou,1576
postihuje,10524
horníky,10525
žaludeční,10526
zavedeného,6674
dlažeb,10527
uzliny,10528
odpustí,10529
překvapena,7061
jednoznačná,10530
udrží,8018
protiprokluzový,10531
stereotypu,3514
ples,6643
nevzniká,6450
nevydržela,8337
sendviče,10532
řetězy,10533
muslimských,2759
polovině,4148
celosvětovou,2522
suverenitu,3781
partnerského,4472
stopky,10534
brada,10535
arménského,3896
strýčka,5889
propustí,9263
fondue,10536
letenek,10537
prohlásit,1582
vítězku,10538
zhubnout,10539
udělaná,10540
nemyslel,4332
omezovat,10541
ohradil,10542
ratanový,10543
linkové,10544
papírky,10545
industrializace,10546
wellness,10547
pozorovat,7200
pravomocně,10548
jednoduše,10549
hrnec,3772
galanterie,10550
akciového,3007
padesáti,7159
geografických,5776
součinnost,10551
ročně,10552
zamýšlené,10553
pevná,10554
nemocenské,10555
spolkovou,10556
prozrazuje,10557
pochoutku,10558
součástí,2877
zahrají,10559
rozdává,8463
výnosy,8466
zahlédnout,10560
nespravedlnosti,10561
svolení,10562
osmdesát,10563
zastaralých,8525
diakonie,10564
neziskovými,3550
místečko,10565
roamingu,10566
ziskovosti,4107
dynastie,10567
tazatel,10568
dopadá,10569
maďarskou,1783
obsadí,5621
dosáhla,10570
turismus,7629
pojetí,10571
hrající,10572
sklady,10573
soudně,10574
soudil,5256
inteligenci,1117
puče,10575
profesionál,2612
přivydělat,10576
dramatik,4063
hospodáře,10577
možně,10578
pojmy,9669
slabost,7530
skotského,2646
fota,10579
pekárnu,1063
čárka,7464
nevyšlo,8551
škrabka,5169
kritikou,4532
plnohodnotně,10580
zločinců,4958
vervou,10581
představujeme,3512
občanku,10582
urážel,10583
prostorného,3513
folklór,10584
strojírenských,1183
dotazníkové,10585
skalního,10586
zakázaných,4853
ergonomická,10249
výpisu,9586
strategického,6581
studující,10587
epilace,10588
terče,10589
generátor,10289
dceřinou,1810
titulkem,505
neřekl,2536
podmořský,1537
diplomy,10590
pojistek,2775
hrozí,3036
entropie,10591
nátěry,10592
stepi,10593
leckdy,10594
departement,9615
skvrn,4370
snímkem,1038
měšťanské,10595
mezinárodního,7388
koště,10596
list,7495
instrukční,10597
nástupem,9156
umřít,10598
sekcí,1713
konstruování,10599
angažovanosti,6455
výrazná,10600
nechyběl,10601
korektně,10602
postaví,2832
stínu,10603
napětí,10604
komentáře,4609
rétoriku,10605
měsíc,6213
jistí,7524
mluvený,1635
uteče,5170
slušná,10606
vždyť,10607
kontrasty,10608
potravu,3275
neobvyklého,8970
střednědobého,10609
vytržení,10610
prezentovaných,7036
likéry,10611
útěchu,10612
roty,10613
kauci,6152
zaplatili,2702
přistupují,10614
šlehačka,10615
středečním,2370
výkonnost,10616
hnusná,10617
brigád,1768
otcovství,10618
nepoznáte,6667
čtyřleté,8375
dokud,10619
přinesou,2353
politikem,147
analýzu,2671
rybář,2706
omluví,2171
nedotčené,10620
smyslů,9936
protokol,9622
hřbitova,8687
zas,10621
parťák,10622
adventu,6328
platebními,5624
neposkytne,10623
otázku,3953
ženou,875
člověku,639
financovaných,5653
dodaných,6069
nedáte,10624
laťka,10625
cloudovému,4583
pracovními,6717
tam,10626
přípravky,10627
změnila,10169
tábora,9884
mimořádná,10628
výsadkové,10629
mrazů,5093
obyčejných,2544
hornická,9841
dysfunkce,10630
čára,8963
komplexu,10631
přerušení,10632
triků,2589
zemřela,7719
přístavba,10633
fiskální,10634
neobejde,10635
profesorů,4607
blahobyt,10636
delegáty,3146
přestalo,3110
drážní,10637
tedy,10638
vozovku,9073
želva,10639
atomy,10640
plakat,5463
nehraje,2873
opravdové,4092
balit,10641
špičkami,2087
spojky,5029
džínové,10642
poslankyní,495
urbanismu,10643
přílišné,9108
smyčkou,6362
preparátu,6078
koktejl,10644
slávu,2818
roubené,10645
likvidátora,10646
zavede,4749
básniček,10647
rozsáhlé,5587
dohodě,3918
naušnice,10648
začaly,5894
řidítka,10649
horoskopy,10650
morčata,10651
odcizil,10652
přírodapopulárně,10653
připadala,8355
zátěže,9695
překvapivá,9553
šestého,6913
ošklivé,5253
udělila,10654
nestojí,2387
pilíři,4799
vymyšlené,10655
komorní,10656
hostí,1179
komfortnější,10657
náročná,3630
angličtině,2366
přehnané,9275
získávala,10658
doktorského,10659
soukromými,352
lékařských,1760
barech,3249
hnusné,10617
samotný,2013
robotů,6189
běžnější,2622
procházela,9720
kolega,2175
sousto,10660
dotačního,10483
vrchovina,7681
neboť,10661
zavedená,6674
procentních,8977
uvádí,1772
klauzule,10662
porody,10663
hardware,2183
prázdná,10664
nevěděl,3307
nůž,934
viaduktu,10665
spravovat,10666
odboje,8239
číslech,5321
nebudu,6557
děkanátu,10667
nůžek,1705
oprávněnosti,10668
přenést,9020
nevybíravě,10669
propojit,10670
okrajových,7480
ruštinu,1327
blízkými,4865
ježka,10671
kreditní,10672
diktátu,9765
pokrývky,10673
kmenové,10674
výplaty,10675
důsledku,10676
interiérových,10677
příjemce,10678
vynesení,10679
příčinami,5562
uložená,9713
odpálení,10680
prominentní,10681
standardnímu,6869
půl,10682
souborové,10683
sebevědomě,10684
shořel,10685
přírodovědec,10686
trvalky,10687
vertikálního,10688
zobrazující,9688
postavení,10689
stravu,3503
osvědčila,10690
radikálové,10691
nepomůže,7493
iontové,10692
příbuzní,10693
nedobrovolně,5771
browser,10694
sporákem,633
dočkají,8702
pěna,10695
úsporou,10696
nedávejte,10697
neochota,10698
palbou,3720
svíčkách,4804
keby,10699
existovala,8896
nahrána,5247
experimentálně,10700
formátech,10701
stříkací,10702
výměně,8447
kuličkové,10703
oděv,4018
kouře,6628
ukončeno,10704
gól,10422
zbyla,10705
vydavateli,1066
podlouhlé,10706
kontrastní,10707
panáka,10708
čelist,7753
ústrojí,10709
papírový,5828
blízkosti,10710
máslo,10711
žene,10712
pouzdra,10713
občiny,10714
investoval,1233
substráty,10715
léčiva,10211
devítiletá,10716
selhaly,10717
rodná,10718
kongresů,10719
krytá,10720
skandálu,5346
vymění,3774
nadační,10721
hromadného,6811
hrozby,2756
vedlejšího,10722
kapacitu,7342
netlačí,10723
několikrát,10724
konstrukční,10725
zámek,5733
zubaté,10726
barviv,8745
cetnost,10727
víkend,7314
obyčeje,10728
lidskost,10729
posádek,2028
nastavovat,10730
uklidnění,10731
šířky,10732
umístěná,6918
hledané,10733
hospodařením,10734
končí,9583
hojně,10735
radami,383
hokejem,239
otevřu,5882
nevedou,10736
vakcíny,10737
dosah,9600
střediscích,2554
vysavačem,641
květnového,7772
soudem,774
primárního,10738
debetní,10739
profilů,10740
pronajatém,3620
elegance,10741
snack,10742
bezplatným,1401
hledá,4292
obvyklého,8970
zahradníka,4074
vyvolené,10743
nezastaví,7596
kočičí,10744
doménou,2824
praskne,9947
hloubka,10745
penězích,1554
odnětí,10746
farníci,10747
popírá,10748
zůstávají,9752
chlóru,10749
neutrony,10750
signalizaci,3050
útlumu,10751
překladač,10752
invalidní,10753
pády,8633
pohodové,7253
návykové,10754
vybavuje,10755
levnou,3283
unikátního,10756
neschopností,3260
přiměl,6480
organizacích,560
trpasličí,10757
statistická,8814
střední,10758
hornaté,10759
preferencích,4750
kolonizace,10760
táborů,9884
nedaleko,10761
vnějšího,10762
rohlíku,2621
vzpomínkové,9228
grilem,10763
pozemkové,10764
odpadech,2726
odvody,9224
sladidla,10765
naposledy,10766
favority,10767
pohodu,2532
nasazené,10768
výchovná,6847
archive,228
imigrantů,7792
vítězně,10769
zlobit,3729
únosci,10770
užívejte,10771
produktech,3495
výstavou,2140
leden,6320
narušení,10772
mrňouska,10773
vubec,10774
tupé,10775
požádání,10776
maturitě,2898
hořčici,1835
investorem,2962
pohyblivý,3141
objednat,2455
obřadu,10777
rohlíčky,10778
nehrají,2873
uprostřed,10779
orchidej,5748
dotazníky,8359
monolog,10780
dobrodružných,1904
poštovního,2438
možností,4790
drsná,7187
fosforu,10781
obal,7967
kapky,10037
přivezou,10212
fialová,10782
kůry,10783
kotoučové,10784
tělovodavyšetřenívztahvývojzdravíčasžena,10785
facka,10786
předčasných,10016
druhů,10787
movie,10788
prostorů,3531
věštění,10789
prosazování,10790
osvícení,10791
nákupní,10792
vesta,10416
tančí,9711
výsuvnou,10793
ozdobou,10794
univerzitách,300
facilities,10795
miminko,6907
country,10796
černobíle,10797
přerozdělení,10798
uvařit,6949
školení,10799
française,10800
protinacistického,10801
řešeních,4122
převratné,10802
výtvarníků,2100
zemře,7719
oceňují,10803
držitele,10804
vyhrazeny,9199
neúspěch,10805
zůstaly,6695
asijského,3201
seria,10806
poptávkového,10807
intuice,10808
souběžně,10809
nejširší,6755
přijdou,2272
začátků,9021
raketu,1606
devadesáti,10197
křesťanskou,1884
vědeckou,1403
nadobro,10810
raketového,9860
zásobování,10811
poukazy,10812
napodobeniny,10813
mnoho,10814
přeměnou,6680
konferenčních,10815
angličtinou,2366
otevřená,8468
hygienu,1509
trávy,4395
opory,10816
naučila,10817
nenajdou,5746
vodovodních,3582
vraku,10818
stoleté,10819
výrobkům,2835
řepa,10820
scénograf,10821
dospělého,1614
uráží,10822
úrazů,5413
organizátora,2282
líbilo,6740
výborů,8675
matice,10823
muzejního,7336
dřeviny,10824
zavírá,10825
oslavila,10373
databázové,9574
kvóty,10826
čehokoli,10827
heslo,5137
připomínala,10476
vláknina,8623
hlasem,6528
geometrické,10828
technikou,464
syrové,10829
hlídali,2704
veškerý,6767
odborného,2754
sdílejí,8884
turistických,2014
čelí,9817
vyloučit,4477
motoristé,2796
lodí,2748
králíka,2696
balada,3248
hlavičkou,7839
amnestii,3338
vzdali,6221
úroková,10830
plazů,10831
zmínila,10242
hůlku,10832
otočného,10833
pojišťovnictví,10834
dřevostavba,5207
průzkumech,919
závadu,3143
zpěvákem,1631
nezávislí,682
klikou,7787
stopkaté,10835
sebevraždou,1521
zasílání,10836
existují,8896
pouzdros,10837
planině,8471
doktríny,10838
sochařské,10839
reference,10840
nástěnný,1165
tiskárnám,101
plovoucí,10841
fototapeta,8917
upozornění,10842
mrkve,6019
ostravský,700
překladače,10752
bře,10843
zvýhodněná,10844
bohatí,9697
perníčky,10845
zmenšovat,10846
psaných,10847
kojeneckých,9494
samostudium,10848
vyúčtování,10849
aplikacemi,646
právo,2890
spojila,10850
cizince,10851
vyslechne,3829
nevýhodné,10852
těšíte,4460
vycházela,8658
vystřídá,4441
nákupního,10792
důstojník,7632
kde,10853
vyhlašuje,10854
gaelštině,10855
potěší,6879
hranu,7566
páskou,2916
tekoucí,10856
propadla,9385
může,4811
rezonanci,10857
chladu,10858
pracují,4701
nepřichází,10433
nekompletní,10859
máme,5944
deodorant,10860
okolních,8851
výpůjční,10861
oblouky,9888
sdílí,8884
rozlehlé,5773
jednotný,9216
nejdřív,10862
zkontrolovat,8726
papoušek,10863
chovatelské,10864
trápí,10865
trosky,10866
stávající,7925
výroku,4546
chození,10867
oborové,10868
dřevěná,6945
asociační,10869
otopné,10870
arzenál,10871
opasky,10872
císařova,10873
drátky,10874
zastaveno,10875
připomenout,3125
sobě,4973
pasáží,3629
záhadné,10876
celosvětově,10877
potvrzena,10878
prohlašuje,6828
vrtule,10879
pozvánku,1543
mailů,10880
císařské,9164
samotní,2013
blízcí,4865
experimentech,2284
chodeb,652
šablony,9517
sladké,6888
vyhrožování,9297
nevrátí,5518
registrační,10881
světovou,1297
klávesové,10882
přistěhovalectví,10883
mouka,10884
tvořivé,10885
posledního,9493
natažené,10886
nedělá,3911
analytiků,2812
nováčka,10887
svátku,1738
kupolí,10888
válečná,7349
běžeckého,1816
člena,5547
aspektů,4847
sklepení,10889
klobouk,6128
propojovat,10670
výsledků,6498
holicí,10890
psychologické,6250
položila,10891
připomeneme,3125
obálku,2685
natahovat,10892
nenajde,5746
matce,2419
zaniklého,5408
napadá,10035
prorektor,10893
panovníci,10894
selhal,10895
proudí,10896
odmítání,10897
jinýho,10898
vila,1484
posila,10899
zámeckých,1623
trakční,10900
strávit,6365
extrémních,10901
zvoní,10902
menší,4253
vedly,8665
dostali,3104
devátou,3247
zřejmé,10903
neovlivní,9132
stejná,7235
zkoumala,10904
středa,5600
bodové,1854
nej,10905
pamatovat,7083
presbytáře,10906
výpisů,9586
stojím,2387
naschvál,10907
regulační,10908
zakoupené,10909
buditel,10910
zvonky,10911
podávají,10912
rozmnožování,10913
zářivých,6702
pachatelů,2377
protichůdné,10914
musejí,6284
bránila,10915
výstavbou,2221
veterinárního,4635
výzev,3666
cílech,5550
sklíčko,10916
sladkovodních,6600
impedance,10917
těchto,4043
kondomy,7923
podobá,10918
prémiový,9338
přidělené,8863
perutě,10919
plynový,1360
jevech,8127
siluety,5220
sond,1663
hypotetické,10920
psané,10847
punkové,10921
okupačních,10922
kartičky,10923
tají,10924
úrazového,6053
zkrátila,10925
montují,5445
nápravných,10926
italských,1776
sestru,1576
členské,10927
malovaná,10928
kartáček,10929
cvičila,4296
kohokoli,10030
bydliště,10930
vole,4918
fasád,2906
autentizace,10931
magazine,631
domorodci,10932
produkované,10933
podepsaná,10934
generací,1560
účesy,10935
angličtinu,2366
nátěrů,10592
čočku,3733
osobných,10936
věřiteli,1707
linkou,1591
repertoáru,10937
berou,3317
požadujete,2946
pokaždé,10938
předvánoční,10939
odbočka,7915
zůstalo,6695
záznamům,10940
napadlo,5307
penisem,6451
článkem,2111
dealera,10941
výzdobou,10942
ode,10943
fresek,10944
hladovku,10945
způsobech,6438
strávila,6365
zoolog,10946
ramínky,4605
fixy,10947
elektronickém,583
tady,10948
teoretik,10949
vinylové,10950
nedovede,10951
vzniká,6450
sedláci,5125
startovací,10952
nacismus,9506
sexuální,10953
dramatických,1790
odpoledním,3411
metodologie,10954
výchovného,6847
zapamatování,10955
menších,4253
slušnosti,10956
premiérovi,201
utility,10957
předkládání,10958
výnosech,8466
doposud,10959
angažmá,10960
služebně,10961
distribuován,10962
abyste,10963
alternativu,2046
zničená,8668
vrcholového,5168
patří,6209
horolezci,4485
fór,4641
potřebovali,7255
příště,10964
ztraceno,9358
mazlíčci,10965
československými,289
plechová,10966
kurýrem,8392
společného,3827
probojovala,10967
strojírna,6319
věřit,4854
rozbalení,10968
kanalizační,10969
nejžádanější,10970
splátek,4285
deku,1637
because,10971
stokrát,10972
stoupala,10973
týkalo,9026
zděného,10974
zánik,7178
násilného,4164
zaniklá,10975
jenže,10976
statistice,4531
starostí,4529
diabetiky,10977
předkole,8620
pracovaly,4701
poplatníci,3793
inzerované,10978
řídící,6943
zdech,530
případě,4056
sbírku,5599
stažen,10979
studenou,3537
nestabilita,10980
strategií,904
masivní,10981
podporovali,6619
nekonečný,7637
přihlížet,10982
sprchového,5578
symfonická,3382
soudit,5256
příjezdových,10983
pohyblivých,3141
majetkem,4980
lepenky,7353
prověřuje,8706
dobíjecí,10984
všichni,4183
chorobou,1402
běžných,2622
měnily,9528
statutárního,10985
zájemce,6926
zaměstnavatelů,2983
mrtvého,6881
uživatelské,7258
poslední,9493
mnozí,5066
milovala,6426
množení,10986
odkazů,9117
ízení,10987
nervozní,10988
funkciesklominerálnípouzdroobecný,10989
bych,6557
polárních,3323
nevolno,10990
realizované,3687
nepřála,4174
zajíci,10991
elektronicky,10992
plány,10993
duo,10994
kaktusy,10995
potravinářských,571
pololetí,10996
zařazují,7500
zkoušení,10997
šedivé,10998
misijní,10999
předvádí,7059
válí,1476
potkají,11000
zainteresované,11001
skanzen,11002
výměníku,11003
instalatérské,11004
kompas,11005
vedeme,8665
homepage,11006
chutí,6832
plánu,10993
kolektivizace,11007
neztratí,6339
dekádě,4130
čekání,11008
ohlásil,1135
prodejci,4679
ponorné,11009
nepřekvapuje,11010
zaregistrované,11011
sbírek,5599
přihlášce,11012
představenstvo,3982
alternativních,7374
nepřízni,11013
konečné,7637
zhotovení,11014
dbát,11015
autorizovaných,4558
kuřecího,11016
prírody,11017
uložiště,11018
prezentována,7036
vědomi,7270
citoval,853
vikariát,11019
leta,11020
vozovka,9073
oznámením,7780
probouzet,3181
kultur,693
vyhrát,3222
šťastná,11021
bezvadné,11022
latě,11023
pasiva,11024
upřít,11025
volají,3193
zaměstnávání,11026
opakuje,8013
nezabrání,11027
okolnosti,5143
nechtělo,2480
destinace,11028
servisního,10511
pohovory,11029
nedělo,9311
poutavé,5494
vyslání,11030
vizí,1518
sjednaná,11031
vápencové,11032
náročných,3630
nebeské,11033
nejdražším,5059
editor,3591
prodána,11034
projev,5967
kvartál,11035
trénovat,11036
řemeslné,9679
profesionalitu,5383
prodávající,11037
prodají,6081
kompresi,11038
chodily,5234
soustavou,1460
nespokojení,11039
úsvitu,11040
monitorovat,11041
militantní,11042
dívčí,11043
mrazem,5093
rozhodčí,4922
švýcarského,1624
gangy,11044
jednoduché,11045
říká,3929
dieselových,11046
módních,4909
ohebný,2219
obzoru,9755
hrazena,7217
atraktivnější,6222
probíhajícího,11047
olympionik,11048
spočívala,11049
hrůzy,3413
papírů,6739
škále,4650
nepůvodní,11050
klávesista,11051
takzvaně,11052
překladatele,11053
klinická,7465
brokolici,8652
konkrétních,6919
silikonová,10481
hruď,11054
nastala,11055
panenské,11056
davu,11057
orientací,1540
srozumitelné,5999
zachytil,2515
bohoslovecké,11058
smutní,3957
povrch,5790
radí,9652
probudí,3181
vědí,3307
náčelníka,11059
třešní,6510
svorkovnice,11060
broušená,11061
folklorní,11062
zvonek,10911
spolky,8209
folklórní,11063
desítkách,3486
bohužel,11064
diagnostiky,11065
zónu,1974
horníci,10525
spaluje,11066
věřilo,4854
zaznamenalo,2236
dodávce,4121
žádné,4447
profesionálně,11067
liberecký,677
užívala,6640
pilotních,1976
dvory,7774
zvláštnost,11068
způsobit,4899
franků,11069
ojedinělá,11070
vyžádala,11071
vyrážka,11072
mapě,2090
přebere,11073
autonomii,4350
využívané,9335
noha,9677
investicím,1030
unavení,3778
doktrína,10838
nemají,5944
krytinu,11074
expedicí,1545
živí,1978
přidružené,11075
holub,11076
císaře,11077
dostat,3104
vyloučil,4477
povrchů,5790
divně,11078
příjemná,7013
ostravském,700
připojili,3634
pravomocemi,3309
věřitelům,1707
přízně,7534
postoupily,8769
prcka,11079
monitoruje,11041
instruktoři,11080
relikvie,11081
sezoně,4442
tanec,8118
sprchový,5578
barvě,3508
jednatelem,11082
multiplayer,11083
zemřely,7719
kontrolovaných,2676
identitu,1511
tvarované,11084
mytologii,2896
síní,984
zámcích,5733
zesilovač,2952
regulované,11085
řádcích,11086
vajíčka,11087
miocénu,11088
zvou,7410
způsobu,6438
přístupdětské,11089
centrálních,1039
dopis,3703
zajišťuje,5963
nepochopili,9100
dřevozpracující,11090
pršelo,6916
modlitebna,11091
procentům,2447
plavec,10330
metropolita,46
sirotčince,11092
památka,4189
kuřák,3280
bavorského,2125
zastřelili,11093
spolužák,3873
zaujaly,5464
vodními,11094
vyd,11095
orbitální,11096
souhlasili,5037
být,6557
očekávají,5633
kontroluje,5636
akademickou,1558
kazatelem,2082
ukrytá,11097
zaujaté,11098
neomrzí,11099
čerstvá,11100
příbuzné,11101
pravidelností,5166
komisaři,4128
odpočinete,11102
brouka,9045
slušivé,11103
zážitek,6232
pět,11104
neručí,9559
geny,10522
připojeným,1603
textilu,11105
podporována,6619
národnostních,9084
kontingenční,11106
íránský,280
neznámo,2342
topologie,11107
hlavička,7839
hodnocené,7227
autobazar,11108
ploch,3568
konzervace,11109
jako,11110
zkraje,11111
příšerné,11112
odvážné,7972
tepna,8090
přiblížila,11113
vodovodů,2755
obuvi,7689
reálná,9372
nosníků,11114
predikce,11115
hrozná,7262
osnova,8993
manipuluje,11116
kruchta,11117
parašutistů,11118
prostorem,3531
naslepo,11119
klapky,4169
návštěvní,941
punčocháče,11120
přehled,4614
vteřinu,6930
mýdla,11121
sperma,11122
slezské,10235
prodávaly,7348
hned,11123
prezentují,3427
dostupností,3460
čelních,11124
kupa,11125
předn,11126
schovává,9405
dopisem,3703
neklidu,11127
levicový,1710
nepochází,11128
ovládli,3147
aku,11129
mobilizaci,9391
úplně,11130
telefonicky,11131
cestovali,7520
bibliografie,11132
parapet,8398
bowling,11133
wikipedii,704
šetrné,8984
podobná,6116
svatební,7360
kooperace,11134
prapor,9176
psech,4782
obrysy,11135
korunovaci,5589
vyvíjí,4841
bydlí,9986
genové,11136
jihoamerických,4005
elitu,1242
oblékají,11137
alkoholických,1220
multitasking,11138
stylizované,11139
pozdvižení,11140
únor,5855
strojních,1784
pořízených,5144
vyučující,11141
uvaříte,6949
habsburské,11142
soubory,9577
praskliny,11143
nikomu,8022
gramatiku,1037
následovaly,8066
výjimka,11144
ceníkové,11145
blesk,6282
protějšku,7732
nehmotné,11146
zasedá,8729
vybudovala,11147
německou,1666
vnímáte,6052
kazatel,2082
celý,2838
očko,11148
kritického,9916
ručníkem,1683
hostil,1253
mikroskopem,2231
písemné,8185
upřesnil,6948
stájí,2200
metabolismus,11149
konstruktéři,11150
připlatit,11151
horní,11152
ukazoval,2267
neuměla,9732
nekde,11153
odnesl,4002
vyčlenění,11154
novinkám,858
spirály,5920
vilové,11155
kadeřnický,11156
nimi,3227
cel,7361
řetězec,4163
škrty,11157
plynovod,4751
pomazánkou,11158
stránce,738
hotelích,1806
válcové,11159
intenzity,11160
zaručený,11161
lákavá,10145
včely,3246
odkupu,11162
smýšlení,11163
uspořádat,3377
trub,675
představitelem,1919
nabízené,8486
náboženského,7477
tekutiny,9093
zobrazovat,9688
řídila,6803
dodávaného,7809
hlasující,8144
vsadit,2410
shořela,10685
impériu,772
jas,8590
propojovací,11164
konané,11165
škálu,4650
chápali,5069
dešťovou,3191
konstruktér,11150
zimní,8604
potřebami,2369
halu,1434
výukový,4463
muzikálech,1865
autor,2788
malebné,9775
akciemi,7574
genealogické,2800
příliš,11166
řešením,4122
píšete,9347
zabudovanou,11167
vyřízení,11168
včas,11169
klaun,11170
obdivují,11171
faktickou,11172
letu,11173
očekává,5633
uvítal,1872
obrazec,7183
radi,11174
pořídíte,3103
zdůraznila,11175
otočné,11176
hojná,11177
mecenáše,11178
litinová,11179
odlišnosti,10218
baba,11180
tématem,1495
jimi,3227
všemožných,7667
uklidnit,7750
policajt,11181
reputaci,6804
nemohly,4811
talířů,4983
obohatí,11182
slunečních,4674
legitimní,11183
jelikož,11184
platnost,11185
jine,11186
mlýny,11187
zahřeje,11188
přijímá,3364
praktická,10385
ostřejší,5068
věnovat,5581
zná,3065
řádky,11189
zprovoznění,11190
vyskytla,11191
fázové,11192
nevšiml,2674
prací,1196
barvu,3508
sešli,6336
paprik,968
chopili,11193
nevyrábí,2253
byly,6557
posádkou,2028
mimosoudní,11194
boudu,2535
namáhané,11195
zaměříme,3800
uvědomuje,7150
zrna,11196
estetické,7008
vítáme,6051
triku,2124
uvnitř,11197
zdroji,1457
napadly,5307
záměru,10098
přivezla,10212
vařené,11198
nemocí,2381
showroomu,11199
nemocného,3588
produktem,3495
poddaných,11200
nenabízí,2097
rovnost,11201
druhé,5975
zásnubní,11202
spolupracovat,7791
zatím,11203
každé,5749
navrhoval,3029
šachového,4160
účelně,11204
příchutě,11205
neobejdete,10635
zavedeno,6674
várka,11206
kláštera,5366
úpravy,8645
neviditelné,4490
zimě,2767
hořícího,11207
protiponorkové,11208
nový,2294
záležitostem,1596
parapetu,8398
kalkulace,11209
vložená,11210
síťka,11211
brzy,3406
vysavači,641
předložení,11212
střežit,11213
chápeme,5069
nositelia,11214
pluků,11215
dlouhodobé,11216
unikla,6780
hubené,8712
vystěhování,11217
přihlíží,10982
neohrozí,11218
litografie,11219
počasím,5639
vestibul,11220
součástmi,2877
znám,2626
tříkolky,11221
hrdinu,2548
objevují,2170
stabilní,11222
vysouvací,11223
tvářit,11224
žlutozelené,11225
brexitu,11226
vydržela,8337
ostrahu,2016
nejvlivnějších,4844
vyfotografovat,11227
vánočních,3761
mešita,6464
totální,11228
nedokážete,7848
týdnu,5035
závěť,4900
tužka,2541
sklenici,3038
koupat,11229
pracovních,6717
ubytováníluxusní,11230
pozvání,11231
vyznavače,11232
relaxačních,11233
dělilo,11234
hlídače,11235
plechů,7941
nahradí,5559
mystika,11236
systémové,11237
komanditní,11238
prozradí,1613
únavu,2035
zapomene,7080
hrozbou,2756
nechodím,5234
horkou,2240
bráně,7711
taštička,1592
čerpala,11239
zapisování,11240
zmíní,10242
knihovního,11241
hygienickou,2641
hacker,1458
živnosti,11242
kategorii,5915
zakoupit,1612
mecenáš,11178
děláme,3911
spáchat,6160
šetrnější,8984
nadcházející,8171
uživatelem,1638
zastavit,7596
obvodová,11243
připravovaném,4873
dělily,11234
dodávají,8235
carevna,11244
odpolednev,2638
dominantou,11245
černou,6939
spjaté,11246
raketoplánů,3262
laser,11247
vyprávěl,5499
hodnostářů,11248
čtvercové,11249
mini,11250
imperiální,11251
římská,5544
používající,11252
taktika,9908
řízením,3858
podcelek,11253
háčkování,11254
akty,11255
podrobností,7812
dítko,11256
teleskopu,6281
měřič,11257
uších,1727
celiakie,11258
volná,9237
podávala,10912
punčochové,11259
španělského,3504
odmítali,5907
mezidobí,11260
nájemního,1096
dome,892
spermie,11261
cyklotrasy,11262
malou,4253
garážové,11263
přinášel,4096
pomoci,11264
orchidejí,5748
jaderný,1873
finských,742
tepelných,3558
podvodníky,11265
letoun,2758
poukázek,8721
periodicky,11266
koncertních,3366
zasažených,11267
určitých,7357
psychologii,2485
píší,9347
celou,2838
spatřil,4805
plátky,11268
tancovat,11269
výhody,4857
živin,11270
diáře,8389
zaměřující,11271
hotov,7557
porad,1067
desetitisíce,11272
dialog,5372
šalvěj,11273
odpovědností,5983
penalty,11274
korupcí,1516
ztrácela,10078
chladno,11275
zkoumá,10904
nějak,11276
psaného,10847
plánována,8044
diskriminační,11277
ochraně,6901
podřízené,6872
holocaustu,9036
vida,11278
délek,11279
inkoust,11280
podřídila,11281
dlužné,11282
starobního,11283
výbavou,3775
odsouzeni,5950
neklidní,6895
možnostech,4790
prioritu,5891
hrozbami,2756
průvodčí,11284
myšky,5049
izotopy,7937
nekompromisní,11285
ptactvo,11286
bídy,11287
uvolní,6461
platbu,4226
pálky,11288
restrikce,11289
druhy,10787
osmiletý,4375
kosmickém,465
zákazy,8568
směrová,3170
kyslíku,11290
propukla,11291
doručovat,11292
statického,3421
platí,4362
prázdninami,3108
zajímavostí,2909
ujistit,9681
bubnu,11293
pochválil,11294
cukrovkou,3417
kruté,11295
singlové,11296
certifikační,11297
oprav,11298
nemorální,11299
předplatném,3039
křeče,8003
stromové,11300
pražský,1024
trest,9612
slast,11301
nevýhody,7396
právech,2890
zaregistrovali,3680
vykreslování,11302
pršet,6916
podat,4389
pořídil,3103
svých,7991
terorismus,7330
víme,3307
hlavními,2955
novověké,11303
sta,9754
zombie,11304
zve,7410
ústředním,705
donucení,9127
zbavila,11305
dudlíky,11306
moří,1080
ropné,7297
chybu,4294
pozorovatel,2746
žáků,5870
pomoc,11264
původci,9503
šikmé,11307
prosazují,6382
patky,11308
opakovala,8013
nepsala,11309
silná,9786
věnované,6601
prohledávat,11310
vedlejší,10722
melodií,1264
zaškrtnutí,11311
někomu,8685
odnáší,11312
rezistence,11313
anovinky,11314
autonomních,6469
alkoholik,11315
německých,1666
vystupují,4898
neřeknu,2536
tajemné,8864
dramatickou,1790
teplot,2162
network,11316
věřících,5871
sankcí,4047
ţáků,11317
používala,9602
niž,3617
ovlivňoval,7761
proměnily,9218
východních,5319
severozápad,11318
vzduchu,9745
vyšel,8551
panuje,6690
vyvážet,11319
basy,11320
přilákat,3475
příčiny,5562
vymýšlejí,9646
doložka,9939
vyzvánění,11321
náklonnost,11322
husy,4512
gestapa,8539
pokrývat,8293
používaného,9631
vývojáři,11323
převodové,11324
podlimitní,11325
umístily,3876
exekuci,11326
nejpopulárnějších,492
nezvolena,11327
přihlásí,3950
cestujícími,4407
prezentované,7036
předmětové,11328
spotřebních,3198
oznámeny,4759
luštěnin,5752
procházkám,4556
atmosférického,7693
odcizení,11329
přestávají,11330
spící,11331
rozmístěny,9229
metod,6742
průvodce,11332
papírnictví,11333
křesťanských,1884
neva,11334
propast,5174
zbrusu,11335
soutěžili,6435
skutečné,10244
nepoužívají,9602
plánů,10993
vycházející,10069
úraz,5413
cvičím,4296
nepozornosti,11336
vepřového,11337
libra,11338
neúspěchu,10805
nejlepšího,11339
umře,10598
rovině,4165
přednáškami,2039
samosprávou,363
jízdního,6305
útocích,11340
náhradní,11341
kompozici,2072
skloubit,11342
terminologii,1916
žárovkou,936
dobít,11343
postavu,824
vlezl,11344
alergie,11345
trpaslíků,1751
watch,11346
vlastnictvím,2473
blokuje,11347
nezdá,9777
lásce,5024
takzvané,7849
odnese,4002
negativů,9410
pracovnících,1961
rámu,5131
nešťastné,11021
dozvědět,2008
mojho,11348
výkřik,11349
jedlé,10207
schémat,2461
připadla,9057
prozatímního,11350
vzdušných,5896
kapacita,7342
ukazatele,11351
římského,5544
přednastavených,11352
pomáhala,11353
rotačního,11354
listování,11355
končím,9583
parametry,7167
státnímu,668
duševní,10101
složená,11356
nastaví,9370
divil,5663
přesvědčená,5932
oplocené,11357
stagnující,11358
hesel,5137
mnichy,11359
jeřáb,3470
sledovaném,78
severozápadního,4987
podnože,11360
přímočaré,11361
zaznamenání,11362
změnily,10169
výpadků,11363
nížinách,11364
visel,6177
běžnou,2622
cíleně,11365
skryté,6741
parťáka,11366
odehrávající,7299
encyklopedického,2591
dovolením,11367
proslulých,5026
dostávali,5404
nerovnice,11368
vodopádů,9760
dietě,2166
tachometr,11369
vyhlášky,10392
dívčího,11043
stipendium,11370
výhodná,10852
dotčených,5697
jenom,11371
pronikala,10477
broskev,11372
kontrolor,11373
teda,11374
úspěšnost,9584
lokalit,3276
plukovník,11375
davy,11057
ocele,5245
časové,8349
oživení,11376
větvi,11377
stáhnete,1133
vesmírem,3350
opatství,11378
nervů,8826
důvodové,11379
remeslom,11380
metal,11381
kadeřnici,11382
odbor,1586
špinění,11383
filosofické,11384
představil,2270
prodloužené,11385
nenahradí,5559
prdel,5048
jista,7524
aktiva,11386
průšvih,11387
robota,6189
schodů,6490
jihozápadního,7602
odpovědích,6432
udělat,5995
variabilita,11388
pomezí,11389
vzbudily,3165
eurookna,11390
kolemjdoucí,11391
veřejnému,236
přecházení,11392
unijních,10134
členství,11393
výběrových,5487
zkratka,11394
sešitu,5459
přesměrovat,11395
šéfkuchař,11396
uvažuje,5850
vozit,11397
zbožnost,11398
řádění,11399
předpisy,11400
léčbu,3928
složí,9798
titulu,4721
uspořádaná,11401
poloostrova,11402
vyrovnané,11403
náramku,5079
problémům,11404
kulturou,693
energy,11405
soundtracku,11406
vstupovat,9166
neklid,11127
nakoupil,1238
potlačovat,11407
silničního,11408
ratanu,11409
typy,6825
notoricky,11410
figury,6951
oslavu,3066
poskytovaného,5053
nemam,11411
měřítka,11412
ukrajinském,379
doprovodí,11413
slipy,11414
iviska,11415
grafickými,1823
jednoho,4102
hraběcí,11416
nemuseli,6284
názory,5285
cholesterolu,11417
bubny,11293
špunty,11418
podavač,11419
tenkého,3822
navštívených,11420
aleje,11421
kupované,11422
uveřejněny,6311
náprav,5890
pasáž,3629
rádce,11423
cvičí,4296
líbil,6740
páčky,7246
kapradiny,11424
nastavitelné,11425
vystavená,11426
nitky,11427
přemýšlejí,7326
středoškolských,9184
manžety,11428
případem,4056
lidských,2751
svatbu,1604
sebrali,3122
konsorcium,11429
vysloužila,11430
zavázal,4731
zámečníci,11431
naučnou,11432
crossbody,11433
příležitostně,11434
nevejde,11435
prohlédnutí,11436
zahraničním,510
představeních,3726
vzdá,6221
objevuje,2170
orální,11437
přežije,11438
severovýchodního,11439
nevydrží,8337
partyzáni,9734
kůra,10783
neúmyslně,11440
chová,10447
odkázala,11441
pocházejících,11442
mladšími,1204
komoří,11443
žebříku,8116
frézovaného,11444
tělu,2513
arzenálu,10871
wattů,11445
explozi,1926
svede,11446
nafotila,11447
senzorů,11448
nezasahuje,4364
živočich,5477
uveřejnění,6311
strážce,11449
jazyk,2849
oloupeme,11450
obávám,8064
nejvlivnější,4844
usedlosti,11451
vodě,1441
vyhánět,11452
nákresy,11453
modifikace,11454
pracovištěm,1169
restaurátor,11455
chilli,11456
malička,11457
kter,11458
předčasně,11459
vděčná,11460
exotických,5060
nezabere,11461
předložka,4956
rozložené,7549
posilování,11462
prestižního,5254
upřímná,11463
srandy,4264
čerpání,11464
loajality,11465
dovoluje,11466
soundtrack,11467
sekt,7853
tropická,5781
nezabírá,11468
samohlásek,11469
povšimnutí,11470
společníků,4369
poškodil,3905
zastaví,7596
říšských,3017
optiku,1126
opakovalo,8013
dodatečná,8383
využívána,9335
mrtví,6881
přehradou,1849
uveřejnil,6311
sestrojit,11471
uchovávání,11472
drátěný,5492
krmiv,5411
obává,8064
pramenů,11473
opora,10816
zálohování,11474
minutami,2178
bohy,9209
tonerová,11475
pochlubil,2449
zůstali,6695
hodily,6593
kreslil,11476
jedinečnost,11477
časování,11478
vozidlo,1217
významná,11479
zákusek,11480
propojenými,9319
člen,5547
koně,11481
sušeného,2868
nemusím,6284
státním,668
nahrány,5247
významnost,11482
úžasná,11483
korunku,11484
přestrojení,11485
kláv,11486
čisto,11487
jesle,11488
domech,892
servírovací,11489
zůstává,9752
výhodnější,10852
létající,11490
zvonu,11491
sumy,9965
souběžné,11492
výrobcům,2173
nominována,2395
milionu,4180
popud,11493
každodenních,3608
prototypy,11494
nepřálo,11495
zaměstnavatelem,2983
čísel,5321
vlhkého,11496
přestavba,3708
domnívá,6715
prefektury,11497
pochvaloval,11498
ověřené,11499
nakladatel,2418
tmavého,6325
cítila,8881
exempláře,11500
prezentovat,3427
barů,3249
vodní,11094
sklidila,11501
podzemní,4488
fyziologické,11502
peci,1598
mrazivé,11503
plotteru,11504
pravoslaví,11505
občerstvením,6210
konkláve,11506
instalovaných,5535
posuvu,11507
přáteli,2722
apoštolské,11508
opatření,9278
zkušebního,11509
některý,1852
sloužila,11510
plesy,6643
nevolí,7790
zločinecké,4958
jisti,7524
slunečník,2393
soudců,4357
week,11511
huby,10015
škůdců,11512
poušti,1208
masáží,2583
uškodit,7268
slaná,11513
roce,3669
sním,2806
onoho,11514
získaly,8212
mimino,11515
remíza,10129
priezviska,11516
poslechněte,11517
vzduchem,9745
šok,11518
tvrdé,11519
světem,586
protiústavní,11520
syrských,1499
větry,11521
zbytečné,11522
dvouhry,11523
mřížku,3272
hořet,5016
ukazuje,2267
akreditovaný,8043
okresy,11524
pracoval,4701
stavovského,7582
skutečná,10244
plzeňský,1412
mezinárodními,7388
špinavé,4929
kongresu,11525
nejlíp,11526
sestavou,1070
nejaktuálnější,5708
bílkovin,8738
aktivujte,9126
organizacemi,560
podána,11527
obyčejného,2544
uvědomujeme,7150
tlamy,11528
hradba,11529
dolní,11530
hospodu,832
potlačení,11531
nepřišel,2272
závislá,682
turnajů,5444
formování,11532
egyptského,4058
prostudování,11533
řeknou,2536
někdy,11534
příbuznost,11535
suší,3200
nejpopulárnějším,492
učiteli,2735
řetězová,11536
nahlíží,11537
obchodníky,9794
nominaci,3701
sjednat,11538
přestěhovala,9543
nepotřebovala,7255
regionálním,299
výsadou,9694
fyziku,3727
neúspěšné,5386
antropologii,11539
spolužákům,3873
financováno,1564
arabských,9382
stěnách,979
deníčky,11540
uvěří,11541
farmacii,11542
spotřebou,2351
etapě,6896
scénářem,1811
humorem,3599
neznají,3065
komor,329
mimo,11543
nositele,11214
mrtvých,6881
připomínaly,10476
tvůrcem,572
kardiovaskulární,11544
žádném,4447
vítr,11521
vážného,5162
špinavých,4929
zapojili,3353
dánský,1230
štafety,5376
organické,11545
rozdělilo,6613
kojence,11546
zahraje,6401
suroviny,10172
kolie,11547
virové,11548
sledováni,326
totiz,11549
zjišťoval,10466
naštvaný,7653
sportovními,1309
příbuzného,10693
dluhové,11550
replikace,11551
kompenzačních,11552
připravil,1312
diagnostikována,11553
dosavadního,11554
báseň,10491
kostýmy,7553
posvátná,11555
saně,11556
omáčky,11557
fašismu,6520
praktičtější,10385
nominován,2395
teleobjektiv,11558
spadnutí,11559
takov,11560
časový,8349
červenci,10494
naslouchá,11561
přestavbě,3708
nepřátelská,7492
zeleně,11562
stěhují,6546
termostat,11563
přehřátí,11564
deště,11565
uchování,11566
láhvi,2566
magisterských,4551
nejstaršího,2793
průsvitné,11567
odložen,5441
místopředsedkyní,1969
promenáda,11568
zbrojení,11569
mrazy,5093
kolébka,9937
častého,6688
lámou,11570
hořela,5016
dvacet,11571
vyslanci,8889
nesmysl,3285
řeckou,2038
zavazadlovém,11572
křivé,11573
vyhlásili,2402
balicí,10641
směrnici,2697
šťávě,2644
rozhodčích,4922
samostatných,1305
nejsou,6557
kyslík,11290
diodové,11574
vyžadovala,11575
obilniny,11576
šperků,2129
jubileu,11577
hostujícího,6602
zabudovaných,11578
vzpomínek,9228
pověřila,11579
stagnuje,11580
lucerna,11581
obkladů,6000
srpna,4561
škodné,11582
neexistence,7367
vysvětlovat,3482
rozložit,11583
kompenzace,11584
koupíme,3555
navádění,11585
dnešním,2248
častému,6688
přepracování,11586
lámat,11570
zastupuje,3826
vyobrazení,11587
věnovalo,5581
rekordně,11588
aviváž,11589
diskutované,11590
stávají,11591
šaría,11592
náhrada,11593
emisí,4777
neukazuje,11594
omítka,4506
relations,11595
podkladové,11596
umístěny,6918
hrajícího,10572
jedinečná,11597
socialistický,681
hranaté,6375
roucha,11598
zloději,4049
bila,9846
manchesterské,11599
rodičovskou,1724
rizikové,8614
tenisových,2603
pracovníkem,1961
prodej,2070
horký,2240
pozoru,11600
vzpouře,1717
autoritní,1881
výhodné,10852
standardu,8356
zákaznická,6196
barvení,11601
uherského,3882
zvednou,4722
kritizován,3284
právům,2890
deset,11602
návrhem,6519
podmínkách,4748
laminátové,11603
kukla,11604
nemine,11605
vládnout,6259
meditační,11606
trénování,11607
odjezdu,11608
nasazena,2322
nizozemských,1104
hrabství,11609
vlnová,7616
pravosměrný,11610
chodilo,5234
prognóz,11611
skládalo,8418
vešlo,8559
nezdálo,9777
matematická,11612
koalicí,1429
prosperitu,11613
smutno,11614
řídil,6803
rodokmeň,11615
rok,3669
slzy,11616
diskusia,11617
islamisty,11618
hledali,4292
exkurzi,5112
žalob,1088
těšily,4460
nadšenec,4105
zaměstnané,4135
zažijí,11619
specifika,4127
pili,4934
odlišné,11620
jižního,3255
kamion,3287
připomínat,10476
potravě,3275
podnikového,4470
tankování,11621
informácie,11622
komodit,8012
čistoty,7199
informací,2537
divu,11623
toxická,11624
dodal,5630
sedmileté,11625
pomaleji,11626
špatně,5805
prověří,11627
jakéhokoliv,6777
cihlová,6961
doporučí,9693
holt,11628
maturitou,2898
lektoři,6485
mladík,4307
tanečníci,4998
řádků,11086
intelligence,11629
esperanto,11630
konkrétní,6919
upadl,3655
zasahují,4364
pralese,2907
přišel,2272
činitel,4303
půstu,11631
nacionalistů,11632
nule,7625
nedělejte,3911
tentokráte,3032
výjimečnosti,11633
operačním,3190
mistryň,11634
dodaného,6069
binární,11635
nevydržím,8337
dvojlůžko,11636
závažná,11637
odpočinku,2362
vyrazí,7573
komunisti,1409
podvodů,4862
kontrast,10608
kontrolní,9801
celosvětovém,2522
pilíř,4799
obdélníková,11638
vydávaných,11639
nakolik,11640
usne,3303
rusky,11641
obávali,8064
žákům,5870
občasník,11642
nevedla,8665
chmele,11643
prosperitě,11613
blízka,11644
pejskovi,6349
sezónách,1782
reprodukovat,11645
červenec,10494
schopny,4346
bazar,11646
vyřazen,7288
slíbil,5573
začla,5894
vysvětlil,9195
vědeckých,1403
rozdělit,6613
absolv,11647
doručeny,11648
korejský,1152
pleťové,11649
žárlivost,11650
chladit,11651
nablízku,11652
běžný,2622
koalici,1429
ovládnout,3147
osobnostem,548
odnoží,11653
vyhořela,11654
verzemi,901
přehlednou,8159
neobvyklá,8970
proudového,11655
stáhnout,1133
laiky,11656
svítidlo,11657
hýbou,3903
domluvené,10480
pálit,11658
mocnosti,6966
zády,6415
fotobanka,11659
závěsných,2443
starobylého,9881
vysadila,11660
svolána,11661
gastro,11662
výhodný,10852
žebříček,5004
textovou,2321
nachystané,11663
krátké,7722
můžete,4811
trestá,8547
problému,11404
odvolal,2617
věřitelem,1707
vyhlídkové,4300
instalován,5318
netopýři,8225
obrázků,5140
ostatků,11664
rodinném,1388
robotu,6671
intervenční,11665
úvodního,9158
smečka,2904
vrcholy,11666
pánů,1734
vzad,11667
společníkem,4369
islámských,2673
rolní,11668
onkologického,3120
chodíte,5234
vteřin,6930
textu,4800
písmen,5734
holek,1168
oltářní,11669
divizní,11670
studijních,7155
připravovaný,4873
taxi,11671
šikovná,11672
dvojnásobná,11673
věrohodnosti,3510
vaničky,11674
postoupí,8769
zpříjemní,11675
vyhnat,11452
kuřecí,11016
obranu,3519
motivaci,4772
koncentrovat,11676
netopýry,8225
neúspěchy,10805
outsourcingu,11677
uměleckých,2437
zahráli,6401
honosné,11678
afrických,1587
zapnutém,11679
rozhodovat,5419
delegáti,3146
usadila,11680
kapličce,7176
mobilheimu,11681
zajistí,3075
želatina,11682
nákladech,8273
primátorem,2893
přijatelnější,9477
neškodné,11683
zavolal,3187
plánovalo,4168
rychlé,4802
urazil,11684
čtyřkolky,8496
nastaly,11055
cyklické,11685
neexistují,8896
pohodlnému,3244
procesech,7127
dokořán,11686
obraně,3519
čitelné,7946
obyčejní,2544
objednávku,5949
vas,11687
migranty,11688
dřevostaveb,5207
útěku,11689
nemyslíte,11690
úschovu,2214
dráždí,11691
náhrdelníky,11692
fakultou,315
výslužby,11693
dluhopisu,2041
mocných,4972
víkendovém,5119
plánům,10993
pouzdro,10713
pravě,11694
rozhledna,2361
organizovat,4779
tvrdit,573
odhalena,11695
otcovy,8462
tribunálu,11696
probudilo,3181
pohotovostní,11697
komorního,10656
struktuře,4877
švédských,843
potápěče,11698
cukrová,11699
poskytovateli,876
asistentů,2264
poválečná,11700
dočasná,11701
stodoly,9060
odradit,11702
věková,8358
písemně,11703
napoleonských,11704
zajímat,2668
kaskády,11705
balistických,11706
špičkových,1792
obojího,11707
putovní,11708
šperkovnice,11709
technických,2025
záchraně,1938
zmínek,11710
sídel,1847
rozdá,11711
vyčítá,9845
pocul,11712
číšníka,11713
slavní,1212
známi,2626
světoznámý,1640
diskutuje,7932
autora,2788
jubilea,11577
vodohospodářských,6998
hydroizolace,11714
prezentovaný,7036
informatiku,1856
nadstandardní,11715
jazzová,11716
případ,4056
ukážou,2968
úrodná,11717
literatur,590
někým,8685
kompatibility,11718
přináší,4096
uranových,11719
etnograf,11720
nemít,5944
všimne,2674
neslyšela,1840
depilace,11721
transplantaci,2290
označilo,4914
umřela,10598
křídy,11722
elektrotechnických,990
maraton,5364
expedici,1545
topit,9674
životu,5385
vyhrožuje,9297
zavítá,11723
normálních,6392
tématických,11724
zpracovaná,11725
záležet,11726
aktivními,3963
nemocní,3588
přeměna,6680
irskou,3952
duny,11727
makat,11728
umějí,9732
začínala,11729
rozpravy,11730
právního,11731
jazzové,11716
porazily,5133
rozumné,11732
hnětací,11733
kytara,6862
kryty,11734
výstřih,11735
rozhodly,4706
běženců,11736
větrné,6241
nekoupil,3555
důležitosti,11737
vyřazovací,11738
hlasitý,2547
napomáhat,11739
sjednávání,11740
propojená,9319
nevyužité,11741
ukázce,3969
hřídel,5574
nenápadná,11742
ventilátorem,1828
sprava,11743
diskutabilní,11744
dásně,11745
neřídí,6803
mycí,11746
šnorchlování,11747
kapsičky,11748
vyhledá,11749
armádních,2846
zaměřených,6660
uznávaná,11750
jakost,11751
newyorského,3304
argumentuje,11752
jistotu,10136
milovník,3977
uvědomil,4552
folklóru,10584
hradních,2471
přihlásil,3950
metodiky,7536
prospěje,11753
druzí,5975
zapomnělo,7080
výstražné,11754
pozorovateli,2746
políbí,11755
videosekvence,5996
radovánek,3586
uvědomte,4552
spotřebního,3198
parametrů,7167
historku,2059
neuspěl,1410
klesla,11756
hornin,10058
ubytované,11757
nejbližšího,4865
některého,1852
zásluhy,5560
šalvěje,11273
sedících,11758
kompromisů,9330
konzultanta,8002
sporných,3818
bytovou,2699
buchtu,3102
ohnisková,8433
provází,9409
žluté,11759
tango,11760
proslavily,5078
bratrů,8131
nezvládla,11761
okamžik,2146
pneu,11762
krupice,11763
učenců,11764
vypustil,1632
asistentem,2264
rybolovu,11765
ovládaného,1908
odkládat,7402
kouzelného,8946
activities,11766
zásadní,11767
zaměřené,6660
močí,2653
seřadit,11768
nekonečna,11769
radonu,11770
pozoruje,7200
farníky,11771
prospívá,9089
devices,11772
dotazníkového,11773
ruchem,11774
zdrojům,1457
sporů,6746
farmáře,11775
učitelského,5096
přerozdělování,11776
příležitostech,6794
tuky,11777
zvedlo,4722
zakoupena,1612
čtvrtstoletí,11778
vakcína,10737
žákovských,5065
dlouhého,7565
letenky,10537
astronomických,1240
matematice,4966
dohled,4639
bodového,1854
prohlížet,3563
poslání,11779
nástavby,11780
baňky,11781
samovolně,11782
holčina,3256
bombardovací,11783
omyl,7958
evangelického,2336
léčebného,8740
zadávacího,11784
zklamal,5471
fungovalo,1850
násada,11785
příjezdové,11786
dorazil,5654
cestami,2608
liberálně,11787
traktorů,6609
bába,11788
interního,7078
depozitář,6839
kočičku,11789
střelec,5775
kolaudaci,11790
mně,2912
oznamuje,11791
alarmu,11792
běžnými,2622
gastronomických,11793
konzervativci,7213
zajišťovaly,5963
pečící,11794
pestřejší,6566
kvůli,11795
poruchám,1332
ultimátum,11796
hák,11797
moudrost,11798
hormony,11799
polstrovaná,11800
časem,3990
kontakktu,11801
důvěryhodný,3780
plánováno,8044
hlína,11802
milá,8856
staví,7109
citovaného,11803
jasného,6092
vybíráte,11804
nabízeného,8486
flash,11805
vzdát,6221
magnituda,11806
vyrábějí,2253
katalozích,11807
ony,3227
stavbu,1795
oprávněné,5933
počítání,11808
studiím,11809
jednotlivý,4781
nevíte,3307
vnukem,2003
přestává,11330
rozsáhle,11810
upozorňoval,5833
syntézy,11811
mapu,2090
pronájmem,7755
farář,2632
kopat,11812
závislí,682
maleb,1944
nabízíme,2097
energetických,664
pokojem,450
přesunuly,4528
lékové,11813
elektromateriál,11814
účesů,11815
mylně,11816
přálo,4174
uvádějící,11817
uvažovalo,5850
koupel,11818
mládenec,11819
příběh,3076
odkoupit,2923
jezdecké,8214
puky,11820
husitů,11821
ghetto,11822
únos,6711
osvědčenou,7181
továrnou,503
dívkami,1639
částečně,11823
schengenského,11824
aerobic,11825
skončená,11826
zveřejněno,2871
vyrobí,873
spokojena,11827
invazní,11828
víkendových,5119
obdobou,1464
ocenili,3828
školou,220
školám,220
odhalí,2114
vodních,11094
motocykl,5043
chodníků,11829
ostudu,1477
komorách,329
lípou,3522
nadchla,11830
jasněji,11831
tohle,3609
normálu,11832
opomenutí,11833
švýcarskou,1624
brigádníky,11834
zkušená,9915
zlost,11835
bojovníky,11836
objektivu,3393
spalovacího,9819
miluje,6426
odbornost,11837
šikovné,11672
nutnost,11838
nabízel,2097
padnout,5339
uskupení,11839
prioritách,5891
boxech,2652
úrody,5382
palestinského,5194
pokud,11840
začali,5894
efektivitu,4741
mikroslužeb,11841
tvarovky,11842
bohuzel,11843
šéfkuchařů,11844
sedmého,4090
vyčleněna,11845
zátiší,11846
obory,11847
techno,11848
sít,11849
společenských,2737
narušování,11850
přenesli,9020
psychowalk,11851
soběstačností,11852
plotem,3454
bunkru,11853
krytu,8476
registry,11854
jednoznačně,11855
šlapat,11856
zjištění,11857
skromně,11858
výročních,9099
autíček,11859
cihly,4106
hormonální,11860
doplňkový,3920
financovány,5653
neřeším,11861
ledovcové,11862
podivem,11863
myšlenkám,2265
příček,2713
čem,7387
hlídek,1714
prahu,11864
reprezentativních,7408
politickými,758
přesunu,11865
zdraví,4066
zaujal,5464
žito,11866
celosvětový,2522
vedená,11867
hlásky,4085
podlahová,3542
alarmující,11868
prožitků,11869
slavila,11870
pasažérů,3414
španělskou,3504
hracích,7895
vztahy,11871
ledového,4598
norem,2400
plyn,11872
èinnosti,11873
spolehlivě,11874
sazbou,4053
běloši,11875
zprostředkovat,3005
synonyma,11876
minutka,3089
optimálního,11877
porodila,11878
bývali,5072
ironie,11879
degradaci,11880
nakupujících,2220
sešlo,6336
úzkorozchodné,11881
nemusim,11882
přechází,11883
odeslaných,11884
jen,11885
způsob,6438
hřbitovní,8687
vetřelce,11886
látek,7982
pracuju,4701
porovnánízobrazit,11887
osvěží,11888
hodnocena,7227
měnili,9528
využíváním,3273
přístupem,11889
členky,7939
uniklo,6780
zápletkou,11890
pánem,1734
nájemném,11891
úkonů,11892
naplánována,8573
cizojazyčných,4927
flétny,11893
promoci,7161
pouhá,11894
přispěvatelů,3177
prvotního,11895
cílového,4619
ženskou,6004
domov,413
syntezátory,11896
autorskému,1156
ještě,11897
výhradně,11898
šachtě,4384
nevěří,4854
odcházíte,5359
výživné,11899
zájmem,3213
začlenit,11900
slušné,10606
netýkají,9026
mezinárodních,7388
středního,10758
členská,10927
students,11901
zeptala,8920
lékárnu,1462
tečka,11902
transformací,3616
rozvést,9416
hlízy,11903
lepidla,5913
optimalizované,11904
asistenti,2264
činů,2643
pleti,11905
tabulka,9426
venkovských,4243
posloužit,8698
čtyřech,7136
některými,1852
obnova,10043
objednávat,5360
externích,5158
pořádného,3743
sponzorem,1740
plodí,11906
lékárnách,1462
pokryté,11907
rikala,11908
tester,11909
plínky,11910
nahý,1216
krokodýlů,2630
subjektivního,11911
kufry,11912
saténové,11913
blogem,11914
vaničku,11674
těžby,11915
chtěl,2480
rozhodli,4706
medvěda,5280
představovali,3512
časté,6688
manželského,1967
svatořečení,11916
guvernéra,9596
úkony,11892
komponent,11917
obsadit,5621
metru,4574
orgánům,3210
domnění,11918
nevidět,1481
zdaleka,11919
čerty,11920
úsporu,3547
nesprávného,7873
identifikace,11921
zaujme,5464
klína,11922
křečové,11923
obsahové,11924
preparát,6078
rekonstruovaný,11925
plnohodnotnou,3118
poškozovat,3905
autoritě,1881
obsluhou,1414
nevidim,11926
průvan,11927
uliční,11928
arabské,9382
autorech,2788
obranyschopnosti,11929
zařazujeme,7500
zkušební,11509
zaostřovací,11930
jasnou,6092
reaktor,4875
psychiatrických,1836
téhož,8554
nemohou,4811
roka,3669
podnikům,1389
sněm,3099
rampa,11931
nezájem,9120
namířeno,11932
přísnější,11933
obdržely,6125
urážky,11934
poskytujících,9982
básníka,9401
odporné,11935
kompaktní,11936
vyvíjena,4841
naskočí,11937
spoluhráče,11938
ledaže,11939
dostávat,5404
účelu,5228
opatrní,11940
kulaté,8201
branami,7711
čtvrtého,5381
rizicích,11941
jímky,11942
postřehy,11943
slovníkem,4204
vyhlášeného,8384
projektům,592
spatřuje,11944
mapami,2090
ustavena,11945
namátkou,11946
pupek,11947
zámků,5733
dobovou,3221
připravili,1312
nepoužíváte,9602
pruhy,11948
fasádě,2906
skvrnu,4370
útočníků,9301
diplomové,7379
mixování,11949
zadek,9039
svalů,7975
jasnější,6092
historií,1258
horu,335
krůtí,11950
splachovací,11951
splnila,9080
nabízena,8486
ponožek,3106
probíhala,8530
uctívání,11952
faktů,11953
přísná,11933
nepochybně,11954
nerozumíte,8951
mnou,2912
vinice,8265
jist,7524
pokládat,10370
správního,3447
čelní,11955
kostýmní,11956
strop,3567
com,11957
píča,11958
manžely,2203
plyne,11959
dřezu,11960
nastoupí,8801
upustit,11961
nestává,11591
snů,7422
kdekoliv,11962
rolníci,6093
rezignovat,3553
snaze,6506
tras,3002
nejpoužívanější,9631
spojité,11963
zákonitosti,11964
sovětském,613
zarazilo,11965
zkreslení,11966
užije,11967
myslivci,3884
rodinný,1388
poutní,11968
trendům,11969
nemela,11970
zábrany,11971
cestovat,7520
využívalo,4495
řízený,2476
majitelům,4325
odevzdat,11972
krajanů,6535
plameny,11973
výhled,11974
rampě,11975
strouhání,11976
tchána,10042
tažení,11977
vtáhne,11978
bezpráví,11979
webovém,325
teplotou,2162
ostatn,11980
erotickou,1721
nepokojům,5480
prohlídkách,11981
energeticky,11982
hranicích,2593
nevejdou,11983
mrtvolu,3679
instalačních,5310
příjemci,10678
oddělením,3464
slunečné,11984
spojené,9667
problémů,11404
písčité,11985
kontrakce,11986
jiný,1684
blikat,3866
prodleva,11987
barvami,3508
trasou,3002
teplotě,2162
umisťuje,11988
podivného,8947
žlučník,11989
věří,4854
posouvají,8301
vychovatel,3706
lupiči,6306
pohostinství,11990
instalační,5310
podotkl,6663
zpívají,3668
farmaceutický,1061
kytaru,6862
moc,11991
výkonové,11992
jenomže,11993
postaráno,11994
parkovišť,1274
hledají,4292
protivníci,8997
pracích,1196
sestávající,11995
ves,2715
shopy,11996
přijaly,5175
následníka,11997
přesune,4528
migranti,11998
spoluvlastnictví,11999
pokladů,9683
přemístila,12000
lépe,11526
náves,9260
nekonečných,5461
milovaná,2712
recenzi,7484
osmá,2915
výdělečnou,4184
pískovců,12001
cokoliv,8794
stylový,4343
salátu,12002
musely,6284
zasunutí,12003
kosti,12004
přísně,12005
krumpolce,12006
vápník,9331
puč,10575
garsoniéra,12007
obou,7446
ním,3227
jablečný,4652
nadvládu,3158
dětskému,504
ateliér,642
stůj,2387
zajímavý,4758
básnířka,12008
převládá,8838
slovních,10461
zvažovat,6754
zachycení,12009
odebírat,8112
myslím,4332
není,6557
podali,4389
zabily,7341
vešel,8559
odvážných,7972
oceníte,3828
poštovného,12010
peče,12011
oddálit,12012
zaslouženě,12013
podporovaného,8119
intenzitou,11160
přihláška,10264
výboje,12014
chladné,9886
doručením,8689
nájemného,9157
nepřesnosti,12015
spony,7468
hloupý,3019
slupkou,5218
řetízky,12016
špičku,2087
dotklo,12017
dokoupit,9656
brigádní,12018
postižená,5527
koled,2255
těhotenské,12019
odreagování,12020
univerzálního,10513
koktejlů,12021
letité,12022
špatný,3942
robotiky,12023
kopaná,3493
dokumentem,353
zatěžovat,8748
hoří,5016
připravuji,12024
prosadí,3619
složkami,2332
působivé,12025
řešili,5874
comeback,12026
psalo,9347
zvonička,12027
pušku,2813
desetkrát,12028
náladě,716
interiér,1470
veze,9990
subjektu,4846
životopisu,12029
poznamenaly,7758
nedostal,3104
vzbouřili,12030
organismů,5529
study,12031
konverzi,5485
kuchařský,1250
pokrm,5276
kostelech,2560
znalostní,8286
integrace,12032
státník,9314
odvětrávání,12033
opereta,2320
trendu,4703
klíčů,3404
dlužníkovi,12034
náhodné,10203
zádové,12035
starou,2793
využije,4038
křečí,8003
nejednalo,7870
např,1111
poločasu,7453
stáj,2200
inclusive,12036
klec,7694
popřel,12037
dostavbě,4178
ischemické,12038
nejmodernějších,1422
palivy,4832
zvýhodněné,12039
česané,12040
šampon,12041
číslovky,12042
sestavením,3709
nasvědčuje,10419
partnerovi,1956
palác,2742
odvedli,12043
infuzní,12044
záchvatů,9567
informacím,2537
odmlce,12045
plastů,7004
akčních,3730
nápravě,5890
vybízí,12046
zápasí,12047
kosmetického,3259
nominovaný,12048
hořící,11207
hospodařit,7523
android,12049
basketbale,6503
statečných,12050
orchestrů,5350
spojená,9667
příjemné,7013
zón,1974
zátěži,9695
mikrovlákna,12051
strukturované,12052
sklokeramickou,4991
zásobuje,7855
předmět,5511
doprostřed,12053
zahnuté,12054
vzniklé,7057
obojí,12055
senátorem,2508
vřetena,12056
obléká,11137
nedílnou,12057
státními,668
nas,12058
rozlišujeme,12059
šli,3735
překvapení,12060
nastavených,8425
rezignoval,3553
všemožně,12061
sedmdesát,12062
výtvory,12063
primární,10738
sousloví,12064
chatka,1522
drápky,12065
žijeme,10100
kartáče,12066
dechberoucí,12067
symbolů,12068
poutavý,5494
rozpoutal,12069
družstev,7154
kousků,9254
americkými,401
vzít,2299
střev,4101
korunka,11484
rande,12070
úložný,12071
zpracuje,5645
napadl,5307
oné,11514
chystat,12072
dodán,5630
dospělo,6208
chybná,12073
těsné,12074
snaží,5473
jdou,3735
blázna,6402
nezákonně,12075
přenesených,12076
nádržka,12077
láme,11570
ukázku,3969
problémové,12078
kanadský,954
pamatuju,7083
obtěžovat,8991
pečlivost,12079
přát,4174
utekli,5170
nervového,5655
únavě,2035
domněnky,6135
každý,5749
arbitr,12080
absolventské,12081
kysané,12082
šatech,8034
stál,2387
nechodila,5234
řeznictví,12083
nervózně,12084
jurisdikci,12085
tematiku,3438
international,12086
předložena,12087
plánovali,4168
visací,12088
zastaralá,8525
nechá,3282
aktérů,3121
vykonání,12089
kapitol,8330
účetními,6576
stěrač,5760
hlavolam,12090
nastavené,8425
generálních,599
postoupili,8769
bonusy,12091
platebního,5624
pestrý,6566
přípravků,10627
raketách,1606
cookies,12092
motorických,12093
šňůrku,12094
kamen,747
hadřík,12095
stáhnou,1133
vypráví,5499
stylu,9453
trestance,12096
životní,3324
diagnostická,7391
zastoupeny,7351
spací,12097
ložnicemi,165
aby,10963
vodné,12098
měnilo,9528
degustační,12099
výběrů,4419
nepřišlo,2272
kontextu,12100
školící,12101
polyká,12102
nezměněné,12103
dcerou,1343
titulech,4721
nedokáže,7848
odrazy,12104
předcházela,12105
odstavení,12106
představen,6372
převážně,12107
podceňovat,12108
bazaru,12109
oznamovací,12110
pověstí,2780
borec,10060
slabiky,12111
zavedena,6674
mívala,12112
papouška,10863
užívá,6640
prvoligových,2815
píši,9347
krás,3136
nepozorovaně,12113
ikdyž,12114
èásti,12115
taktické,12116
svazku,9183
motoriky,12117
provázely,9409
profesí,765
chudé,7971
nahoře,12118
zádech,6415
objektů,6553
počká,12119
maďarských,1783
fotografický,1681
snění,12120
ionty,12121
žadatelů,4125
šípy,12122
vzteku,12123
řádí,12124
chrupavky,12125
smrky,12126
zbývajících,12127
smetana,12128
spolupracují,7791
bazénům,2675
výbavu,3775
duši,3396
lahvích,2566
ukončí,7909
kytici,8245
sexuálních,10953
mého,2681
zajistit,3075
pasivním,2994
spoluobčanům,3209
určená,9312
trendy,4703
pivních,4565
píšu,9347
štíty,8274
kolejových,12129
propouštění,12130
evoluci,1271
dotazy,12131
zobrazovány,9688
parkovišti,1274
archy,12132
jater,9661
neznámý,2626
obsazenost,5621
podávat,10912
hravě,12133
tragického,3111
vystoupilo,4150
poskytovaly,7892
fondem,3899
nejzajímavějších,4758
obřadů,10777
organizuje,4779
šíleného,5516
setmění,12134
naplánováno,8573
uspořádá,3377
veterinář,4732
nemovitá,12135
zaplatíte,2702
nevole,7790
rozdělena,4219
přísunu,12136
singly,12137
spolkový,1492
myšleno,12138
adaptéru,12139
přípravách,4926
jinými,1684
líp,11526
splatnosti,12140
zde,12141
legalizaci,12142
nakazit,12143
odměn,12144
dvoje,12145
plaveckých,8589
rozlišování,12146
předsedou,2399
přednostní,12147
manželství,12148
inkluzivní,12149
nedrží,5695
uzení,7455
hodnotí,6504
vyvíjející,4841
denních,2881
lítá,12150
geologického,1318
domovského,1316
automaticky,12151
podmínkami,4748
vzdálenější,5783
polskou,1630
samostatně,12152
nedávám,12153
vysokoškolský,2561
neurazí,12154
difuzéry,12155
dcerami,1343
spolehlivější,7007
ústních,6145
autobiografické,12156
trestnou,4663
pokojíček,12157
procedura,9537
fasádní,12158
řidičem,2529
éru,1086
obráceně,12159
zoufalé,9212
připojím,3634
řeku,3448
dela,12160
úmysl,12161
odsouzena,5950
produktůtext,12162
notace,12163
airbagů,12164
hledat,4292
síce,12165
kdokoliv,10084
elektromotor,3450
pohotovostním,11697
instalatér,12166
hrám,304
krácení,12167
podezřelá,8261
obecnímu,1793
předválečné,12168
zdánlivě,12169
disciplíně,2789
chladnější,9886
nezná,3065
odpadem,2726
malíř,4022
indicie,12170
časového,8349
hromadou,2106
letní,6219
přednášku,2039
bavím,1337
podporuje,6619
přetáhnout,12171
hlásil,2390
schvalování,12172
rozpustí,12173
konopné,12174
nedivil,5663
kybernetické,12175
inspirovaná,12176
znaky,10128
eviduje,12177
očekávat,5633
tlaková,12178
loučí,12179
předlohu,475
technology,12180
trávník,7851
medailí,3251
řeknete,2536
patriot,12181
pořádaly,5151
nestará,2793
splacení,12182
zavádí,12183
zavírat,10825
jazykových,5094
vynaložené,12184
spolehlivost,12185
volitelného,9684
zákazníkovi,2610
ukládá,10150
jinou,1684
služebních,5774
zažívání,12186
svíčkové,12187
jsem,6557
nepotvrdil,2155
pravdu,1629
týkal,9026
sjezdových,12188
dočkat,8702
inspirují,5939
spolupracuje,7791
statečnost,12189
dorazily,5654
polibek,8063
tabáku,12190
podnikateli,661
překvapující,12191
nenechají,3282
padly,5339
železné,3600
hřbitovy,8687
malířů,4022
pobyty,12192
žlaby,12193
zastoupených,7351
báje,12194
vyprávěli,5499
holčičku,1461
zůstanou,6695
artefakty,12195
karlovarský,2472
stažené,12196
uvolnilo,6461
dusíku,12197
zanedbatelná,12198
fregaty,12199
tygra,12200
tiskne,9630
rovnováha,6454
místo,2586
životy,5385
dovedla,10951
pomyšlení,12201
rozích,7144
venkově,4976
míchání,12202
podřídit,11281
neexistuje,8896
nemluví,3601
plus,12203
úhlové,6005
určené,9312
dostatečně,12204
plastovou,2488
zakoupili,1612
spamu,12205
otáčením,12206
zázemím,8695
vyhrožovat,9297
zjišťovat,10466
jsou,6557
podílů,4306
zápach,12207
katolíci,7813
zvířete,514
úchyty,12208
miláčkem,2032
příloh,6017
nejlevnějších,3283
postav,824
víc,12209
rozsvítí,7742
jezerní,12210
stavebnin,7746
neplodnost,12211
nepříjemně,12212
depresemi,5187
nebyli,6557
stipendií,11370
nežije,10100
vznikalo,6450
švédský,843
zranila,12213
postiženými,5527
tajný,587
ochotně,12214
oceánem,2209
poradku,12215
náhrobní,12216
všestrannost,12217
odešli,2467
synagoze,5208
přecházet,11883
kurva,5161
zítřek,5232
poradenského,2078
služebnosti,12218
střech,1469
vybranými,4474
piškoty,12219
zvyšovala,12220
přitažlivé,6271
rozpaky,12221
aplikacím,646
průběžných,6257
baskytary,12222
nadšené,8886
traktor,6609
pánům,1734
komerčně,12223
přichází,10433
pracuji,4701
jmenovala,12224
levněji,12225
dohlíží,12226
lovecké,12227
baletní,12228
nebudete,6557
designovou,1690
nechává,6996
okružní,12229
bludiště,12230
neznáme,3065
sloužit,11510
majetek,4980
oboru,9115
nevyšel,8551
karate,12231
účet,6391
provázejí,9409
poskytovatelem,876
horšího,12232
cloudech,12233
portu,12234
nedokázaly,7848
banánu,4513
převádět,12235
zachránila,12236
výjimkou,11144
misky,12237
odměny,12144
ozdobné,12238
další,5540
terč,10589
globální,12239
vypadají,7786
zvířátek,1903
dubna,5686
usmívat,12240
sítím,232
zakrytí,12241
vánočními,3761
nesmělo,4209
materiálu,1964
přes,12242
neoprávněné,5933
posuzována,12243
regálu,2112
pěst,12244
důstojnosti,8744
pořízen,5144
pověřena,7233
vařím,3921
šlechtična,12245
zřítilo,8439
péro,12246
chodci,6655
předváděl,12247
režisérském,12248
vyvarovat,12249
věnovaná,6601
doufala,8715
magisterské,4551
přivezli,10212
utratit,3310
zabezpečit,12250
stopou,1148
salonu,12251
fosilní,9186
samohlásky,11469
symbolickou,12252
potrpí,12253
uspořádané,11401
rodič,2530
baráž,12254
realizována,3687
kluk,3035
vrhla,12255
loňska,12256
barvou,3508
přeplněné,12257
vznikat,6450
umět,9732
místě,2586
vysavačům,641
narušené,12258
volitelné,9684
balné,12259
paprskem,12260
vlastníte,1417
třicet,12261
sáčky,12262
tenhle,3609
očekávali,5633
vypustili,1632
úvěrem,7806
trenéři,5031
vyhlásilo,2402
slepé,12263
produktivity,2900
granule,12264
dech,3651
děvče,1438
překvápko,12265
žup,3516
pomáhat,11353
kapitola,8330
areálů,3277
zvykla,4936
kalendářem,2428
určili,8600
milionář,12266
nepodporuje,12267
databázi,2982
obnovování,12268
protihráče,12269
vytahování,12270
prověřené,12271
posunem,8379
nejvhodnější,6151
teče,10520
těšila,4460
taktického,12116
názorech,5285
válce,588
sochařka,12272
dobro,12273
rovné,10177
bulharsky,12274
výškové,4195
odmítlo,2719
uložena,9713
trvání,12275
dámskou,7290
postihují,10524
simulátory,12276
akorát,12277
sendvičová,12278
odvykačce,12279
nemovitého,6009
mama,12280
vedlo,8665
jednorázová,12281
spojů,8141
několikaleté,12282
míře,7195
vystupoval,4898
krizové,12283
měřila,7522
zaznívá,12284
jubilejního,12285
nasadili,2322
mangan,12286
propuštěn,12287
nevzali,2299
záměrem,10098
zastřešené,12288
běžnému,2622
vyrozumí,12289
loajální,12290
výběrem,4419
nevěnuje,5581
dodnes,12291
chápání,12292
kategoriích,5915
hezké,9256
prezentováno,3427
receiver,12293
kontrolovali,5636
silice,12294
stonek,10488
provozovaných,6871
affiliate,12295
čtyřválec,12296
zbytečná,11522
šlechtického,4601
mastné,12297
vodivosti,12298
poznali,6667
smysluplné,12299
proudových,11655
zájemců,6926
užitečnosti,9954
rozvinutých,8897
institucemi,113
restitucí,3842
oblibou,1229
poskytl,2637
grantových,6890
vyrůstají,12300
debil,12301
deskou,2052
poskytnutého,7717
oběžné,12302
pokouší,8734
strhující,12303
spacák,4725
multimédiím,12304
přepravy,9363
výstav,2140
lodyhy,12305
muslimského,2759
zastoupena,7351
zakladatelů,6730
kouřením,923
ujistěte,9681
zabíjet,5164
používáte,9602
razantně,12306
ranních,1955
slovenském,285
podávání,12307
výtvarném,1917
překvapily,4655
obchůdky,12308
čtrnácté,5267
zesilovačů,2952
posilovací,12309
moct,4811
chudák,7854
závodníka,4945
oslavám,3066
příruček,1958
rozděluje,8182
příchodu,12310
pedagoga,6437
atd,12311
erekci,5836
bezdomovectví,12312
misi,2012
firewally,12313
zpracováno,11725
symboly,12068
sebelepší,12314
standardizace,12315
fyzice,3727
podporovat,6619
penále,12316
jak,12317
kladla,12318
myšlenkové,12319
zaveden,6674
škůdci,9041
prohnala,12320
druhotné,12321
tvaroh,12322
věčnosti,12323
střídají,6193
řešit,5874
nahradili,5559
příbor,2809
vylučovací,12324
ochrany,6901
možného,9774
adventní,12325
dílo,1569
desetinná,12326
hranou,12327
zvyklostem,5549
stěračů,5760
ochota,9033
papežský,1949
znovuzvolení,12328
soudě,5256
výpravu,1517
podrobného,5433
trasu,3002
dědečkovi,5195
strážců,11449
náhody,4696
odlišná,11620
nepřinese,2353
zanechala,12329
hezkého,9256
otevřených,8468
koláč,2242
předložit,2073
designy,4837
obdobně,12330
mateřských,1953
skupinu,1246
tóny,12331
komunálním,2600
neumí,9732
tvorbou,1744
draselného,12332
niti,12333
projevů,5967
veletrh,4298
motiv,7497
zachována,12334
dechové,5489
nepřestává,11330
tulipány,12335
bombardéry,12336
chodníku,11829
cizinců,10851
vlašské,12337
užitečná,12338
žabky,12339
neroste,12340
večírků,3711
malýho,12341
nadsázky,5038
předloženého,12087
vsechny,12342
závislých,682
vtipných,2126
sněhová,12343
tenkých,3822
konektorů,12344
nečekal,5561
výletů,7457
plaveb,4367
mířila,7509
poslušnosti,12345
kupovala,4883
hlav,600
nezažila,9376
geograficky,12346
pracovali,4701
teologická,8616
mužem,3176
uprchlíka,4711
bylinné,9758
posouvá,8301
nezískala,8212
řepy,10820
vyrobil,873
posunutí,12347
neudělali,5995
zakázkově,12348
dokonalé,8145
lístek,3799
průchozí,12349
zašel,5363
dobírky,12350
žádal,4352
ojetých,8347
dosud,12351
teplém,8241
známku,6977
horního,11152
povinnostem,2266
stejné,7235
přinášejí,4096
nadprůměrné,12352
krach,8140
nepřímé,3974
chladného,9886
článcích,2111
vytrácí,12353
vším,6934
volí,4918
svržení,12354
nevědomí,12355
rozum,12356
korunky,11484
pokrývá,12357
sestaví,7063
zlá,12358
postihující,12359
operních,4166
cable,12360
programovat,12361
mrazu,5093
cestujících,4407
žárovku,936
autorský,1156
zoufalství,12362
vývoj,4248
plynout,11959
definitivní,12363
akvárií,6838
drážka,12364
jakých,12365
diplomacii,410
vibrace,12366
kyselosti,12367
nulu,7625
širokého,6755
připojí,3634
volně,12368
doktorku,1504
rybách,4360
dali,4578
maloobchodních,8899
delegoval,12369
víte,3307
akrobacii,12370
složku,2332
podobných,6116
středověké,9343
zvonění,12371
podal,4389
inovacemi,837
chudobu,2777
gesty,12372
předkládat,12373
příčkou,2713
škodlivého,7092
hotely,1806
historických,3390
autorizovanou,12374
dorazilo,5654
podnikatelům,661
širokoúhlým,12375
pocení,12376
odpoledni,2638
bezpečnostních,4562
vlastnost,12377
nainstalovaný,12378
hostilo,1253
zaměřovala,9696
přečetl,5990
procesí,12379
slona,7081
chyběly,2466
srovnávání,12380
povětšinou,12381
určité,7357
perzekuce,12382
vybavením,1411
stadia,12383
používat,9602
vojína,12384
mezigenerační,12385
hvězdám,290
svahů,12386
zakřivení,3442
ochoty,9033
představit,2270
tunely,7704
používána,9631
protivníky,8997
obviní,2412
četných,12387
minulá,4981
přístupná,4110
transformátory,12388
šikovně,12389
prohrály,5860
ulevilo,12390
čajové,10113
obrození,12391
házení,12392
vojenskou,1746
mašle,12393
poměrů,5731
ovládaný,1908
zahajuje,12394
volajícího,12395
předpokládalo,8346
kresbu,7673
úspěších,9712
asistentek,2264
podotýká,12396
mokrá,12397
doprovodného,6315
stromech,5327
desktop,12398
nepotřebuju,12399
živiny,11270
bezpochyby,12400
trestů,9612
tříletého,9189
velcí,2604
prales,2907
škodlivin,7993
servisy,5177
stály,2387
postavíte,2832
britskými,339
nebral,3317
upadat,3655
nepracují,12401
herními,1532
motivační,12402
vyhrává,12403
stoprocentní,12404
kotli,2830
nejlevnějšího,3283
plastiku,12405
hlukem,7238
fandím,12406
byli,6557
princ,7119
dřezová,12407
synchronizaci,12408
hasičům,3233
polytechnického,3627
významně,12409
roztomilá,10025
ekosystémů,12410
neovlivňuje,12411
vymřela,12412
ustoupí,8680
založená,12413
hodlají,5988
připomínáme,10476
jízdenka,10182
třídy,9564
computing,12414
základová,12415
roztroušené,12416
drželi,5695
krajům,1171
procházek,4556
úvahách,3257
vyčistí,12417
prsty,12418
hašení,12419
sluha,2256
schůzku,2120
svobodou,3492
volá,3193
přístupný,4110
objektiv,3393
potíže,12420
pozván,9549
obslužnost,12421
pohřebiště,12422
celulitidě,12423
února,5855
audity,12424
palců,12425
mechanik,5435
objednávání,5360
tiché,4080
chlap,3305
zaměstnavateli,2983
výrobně,8877
řval,2880
namáhání,12426
lžíce,12427
vojenský,1746
takovýchto,4225
domáhá,12428
malířka,4022
fotkách,4374
střevo,4101
maskování,12429
okresu,11524
upřímně,12430
výběrovém,5487
druhou,5975
zklamaná,9317
vzkaz,3063
zavést,4749
zmocněnec,7047
bavlny,7954
kolektivně,12431
zastávala,12432
energiemi,659
benediktinského,12433
zapomínat,10228
změnu,5108
pasty,12434
docenta,12435
bída,11287
ublížit,12436
admirála,12437
instrukcí,3916
chlubit,8876
chemických,2127
prakticky,12438
vládami,87
přišlo,2272
úno,12439
vynalezl,12440
dobrovolníkům,4251
výkřiky,11349
poruchách,1332
trápit,10865
pojistitel,5379
biografii,2142
látce,7982
odsuzuje,12441
povinen,5747
výrazů,6462
pohárky,12442
zasáhli,4131
šicích,12443
čin,2643
odešlo,2467
ukončování,12444
padělání,12445
nemyslet,4332
vehementně,12446
básníky,9401
masivně,12447
obohacování,12448
pluginy,12449
palubních,2156
italštině,5393
zaměstnána,4135
nepřihlásil,12450
dodavatelům,2542
používaly,9602
soumraku,12451
zájmům,3213
lehké,9609
podpořit,4247
specialistka,8147
rozšířily,6025
přednesu,12452
jadernou,1873
faktory,12453
surovin,10172
únikům,12454
reálnost,12455
dokonalost,12456
truhly,12457
rytmu,12458
prémie,12459
analýzou,2671
likvidátor,10646
zrady,12460
průmyslových,859
tanku,2546
věcičky,12461
měsíců,6213
spoléhá,8752
spoluprací,1747
zavřel,5396
likviduje,12462
vchodem,7242
uspokojit,12463
nahlédnout,12464
vyleze,12465
objevování,12466
organizované,10523
cena,4626
izolací,3405
dělit,11234
oltář,2844
provozovány,1421
navštěvujete,12467
bohaté,9697
porodu,10663
popelem,12468
fotografem,1172
předali,6114
odlišení,12469
praskají,12470
odehrává,7299
londýnských,5130
ananasu,12471
majetkové,12472
nemožnosti,6400
kynout,12473
dona,12474
křen,12475
podvodní,12476
žactvo,12477
devět,12478
neformální,12479
státům,2387
třicetileté,10052
jevu,8127
bulletin,12480
civilního,8104
stanoviskem,6976
nbqde,12481
stydím,7437
jarního,12482
zapalovač,5505
zastupitelských,12483
pevné,10554
minerální,12484
sehrává,12485
výtisků,7900
číslic,12486
výslužbě,12487
bavlnu,7954
realizovat,4270
udržitelnosti,12488
nádrže,12489
věříme,4854
klučičí,12490
provided,12491
ananas,12471
absolventi,12492
zveřejnění,12493
dílko,12494
házet,12495
úspěchy,9712
položka,8902
krutá,11295
kaše,12496
odhalovat,12497
zaplacení,12498
postní,12499
účetního,6576
nominovat,2395
snažily,5473
pohádkový,1408
celků,5426
románská,7413
končila,9583
zakladatel,6730
souborového,10683
plátěná,12500
zopakuje,7828
zapojením,5629
naruby,12501
nepočítá,3575
světelnými,1289
nájemců,4379
automatu,4091
nepoužíváme,9602
kalendářích,2428
maličkostí,4757
spárů,12502
znamenat,9281
čekají,5561
fotografuje,8483
osmdesáti,10563
příslušnost,12503
daněmi,3397
větru,11521
barevností,12504
outfity,12505
inteligentních,4426
konvence,12506
trafí,12507
tovaru,12508
brání,10915
bílá,5806
rychlosti,8423
dopadající,10569
týkala,9026
něčí,12509
zdravotnický,1523
vrcholovou,5168
klid,9381
rozjeli,12510
daruje,10444
krom,9433
kůře,10783
zmenšila,10846
doplněk,6307
sprostě,12511
úrazu,5413
šlechtou,2389
nejvýznamnějšího,11479
potíž,12420
benzínový,1987
pohledávek,8125
uchová,12512
kořeněná,12513
logopedická,12514
neuspěli,1410
láhví,2566
metráž,12515
distriktu,12516
novelou,3833
nemáme,5944
prodává,7348
čepicí,1525
řetězu,10533
nezůstalo,6695
nucení,7720
kotoučky,12517
duchovenstva,12518
ženského,2307
hnízda,12519
podpořena,4247
plochými,525
komukoliv,10084
výhledu,11974
skauti,12520
myšlenkami,2265
snahou,6506
velmistra,12521
samostatném,1305
postranní,12522
psát,9347
moudrosti,11798
vyzvat,6167
holinky,12523
užitečné,12338
poštovné,12010
počítá,3575
lithium,12524
nezaslouží,12525
rámcových,12526
předsíní,1654
predaji,12527
tlakové,12178
cirkulaci,12528
přídě,12529
tělísko,2494
rozjíždí,12530
poněvadž,12531
filosofii,2118
produktového,12532
titulům,4721
aktualizaci,7550
synem,6201
řadou,1182
platebních,5624
přinášíme,4096
potěšit,6879
porodnost,12533
našly,5746
užíváním,2732
závažné,11637
klasikou,12534
počítali,3575
dusí,12535
termínů,10406
poptávku,5909
zdatné,12536
slunné,12537
američtí,401
namítnout,12538
šlechtice,12539
pacientem,2782
rasismu,10141
hodná,12540
přirážky,12541
pasáži,3629
zavřou,5396
chlupaté,12542
kreslí,11476
předčasného,10016
nadstandardně,12543
povodněmi,3394
rozsáhlém,5587
rozměrově,12544
chybí,2466
psího,5297
domén,12545
politickém,758
koktejly,12546
chorobě,1402
svítivost,12547
povinnostech,2266
prošla,12548
generují,12549
eukaryot,12550
užívaný,9082
krásou,3136
intenzita,11160
postarají,8317
sociologický,3217
ledu,4670
dopadl,6646
kontaminace,12551
porážku,4394
vzdělanostní,4481
pískovcová,12552
nadával,4033
pokročilé,12553
masopustní,12554
pólu,12555
klasik,7703
rozhodnutí,12556
chladná,9886
seznámili,6150
ekologického,4568
pomocná,12557
tuberkulózy,12558
osudech,4361
nacisté,8586
asociací,154
farmy,12559
pronikání,12560
izolaci,3405
vydělat,2218
úmyslné,12561
blog,12562
ramene,5981
opačná,12563
vybavit,5020
zaměstnal,8252
končetin,5148
poradenství,12564
účtovat,12565
nadvládou,3158
zvonů,11491
signatářů,12566
učivo,12567
inkubátor,12568
dělohy,12569
střechou,1469
sochaři,12272
kompenzaci,11584
trvající,12570
rozkazy,12571
samá,1565
vládnoucí,12572
snubní,12573
křesťanského,1884
vyplývá,12574
blbě,12575
potřeb,2369
povoláni,12576
nápadně,9344
užil,5434
zneužívají,12577
interakci,6737
dějinami,739
expandovat,12578
projektorům,12579
výhledy,11974
vedené,11867
golfu,12580
garantovat,12581
nutně,12582
patriarchy,12583
předešlé,12584
vedoucí,6049
sve,12585
řeckých,2038
srovnávací,12586
potravinářský,571
komorami,329
hladomoru,12587
oddanost,12588
rap,12589
nečetla,12590
zbraních,3825
hlasujících,8144
jednoduchost,12591
vinici,8265
zřízeného,3048
stačila,12592
platím,4362
prosinec,7778
mění,9528
osm,12593
krkem,4064
žraloci,12594
jemuž,3617
odstavit,12595
zpracovávání,12596
světlometů,12597
úžasné,11483
zvítězily,5172
telefonními,1912
mimozemšťané,9545
posadil,2040
vybití,12598
jednotu,3135
přerušeno,12599
hospodárnosti,12600
podané,11527
použita,12601
našli,5746
kalů,12602
maminku,1099
korunních,7843
charakteristiky,8237
naivní,12603
espresso,12604
nejnovějšíchod,2294
přepadne,12605
hudebním,435
zrcadlovek,518
stříbra,12606
sestavili,7063
matrika,8727
hru,304
zábřežsku,12607
samostatnou,1305
připravována,2407
repaktual,12608
přivedla,8292
fungujícího,7369
dílná,12609
mešitě,6464
patřily,6209
třebaže,12610
sežrat,12611
pravou,12612
vzpomněl,7506
zato,12613
nizozemský,1104
vyrobíme,873
přirozeného,12614
rozdílnost,12615
zadržených,12616
stuha,12617
atletů,5221
zůstávala,9752
navijáky,12618
kudy,12619
vzpomínky,9228
chybám,4294
podporu,2958
hnědé,12620
rumunský,477
kytiček,12621
vždy,12622
frontman,12623
rockový,580
kořínky,12624
domek,6516
radovat,12625
typické,8354
zajímavá,4758
meze,12626
předlohou,475
svalstva,12627
zla,12628
právnických,896
bývaní,12629
zmiňovala,12630
chlapík,12631
indického,1075
zemřou,7719
nepomáhá,11353
říjen,6143
řemen,12632
plno,12633
svěřence,12634
společníci,4369
inkoustových,5320
obstarání,5399
vibrátor,12635
dvojku,211
cestovatel,12636
prostornou,3513
nakrájená,12637
terapii,4321
radsi,12638
prozradit,1613
následujícího,12639
konaném,12640
probíhat,8530
otáčí,12641
turbín,3909
cokoli,10827
uvědomuji,7150
obézních,4827
kolečky,4269
dezinfekční,12642
výsledné,9814
zásad,2174
steroidy,12643
dolině,12644
kult,12645
plánují,4168
kinofilmu,12646
mizerné,12647
sestřičku,1010
zajímathttps,12648
rovinné,12649
vzešla,12650
vyvinutá,12651
povyku,12652
délky,11279
předem,12653
uzeného,7455
spojitosti,12654
názornost,12655
zločin,5856
bity,8927
podpatky,12656
končetinách,5148
dědické,12657
nakladače,12658
nesla,12659
tajnou,587
ignorovat,12660
vylepšila,12661
semínka,12662
vývojářů,12663
lilie,12664
pivu,711
zásluhu,5560
domáhat,12428
stavbách,1795
mražené,12665
hovor,1641
vlákno,7928
sloupek,8016
židovská,12666
konzulát,3898
dezinfekci,12667
plynu,11872
hospodářskou,3042
funkciepovrchová,12668
hlodavců,12669
všeobecného,4358
těsto,12670
zpříjemnit,12671
ukázal,2968
tátovi,1400
experience,12672
přibyly,9702
bouří,1542
návrhář,2291
zákoně,2845
hře,304
tolerovat,12673
vnímal,6052
naplňuje,12674
depresí,5187
dánských,1230
udání,12675
individualizace,12676
nebrání,10915
zavazadlo,3013
nikoho,8022
nepředpokládá,8346
pana,12677
odložena,5441
svrchovanost,5147
naboural,12678
soutěžních,6824
očkovací,12679
oživí,12680
připravovali,2407
nápovědu,12681
dražby,4942
západoslovenských,12682
navrhovaného,9563
předvolba,1843
napravo,12683
ofenzívy,12684
štíhlé,6236
znali,3065
diamantové,12685
dvouleté,12686
nezobrazuje,12687
padělky,12688
testované,12689
skladové,8548
obsahovou,12690
atraktivitu,12691
nejlepší,11339
přívěšky,12692
editování,12693
vlivných,4844
slečnou,1741
podél,12694
zveřejněny,2871
brala,3317
počítaly,3575
čtvrti,5954
apoštolů,12695
balistické,11706
plnili,5908
loajalitu,12696
teplých,8241
předcházet,12105
čerstvé,11100
instalovány,5535
současníků,12697
zavírání,12698
dominanci,12699
vesmírných,3069
plechové,10966
dopravců,3593
wikipedisté,12700
trhů,3623
atmosférou,1801
ukázat,2968
schvalovací,12701
mořské,5424
ránem,2135
podlahách,3542
vyloučena,12702
zvýšila,12703
neúčasti,7921
rozjede,12704
bistro,12705
poškozená,6984
životnosti,9751
keramiku,3790
překvapeni,7061
sejdou,6336
neztratila,6339
science,12706
prostírání,12707
nesmí,4209
nejmenších,4253
okolnostmi,5143
vyráběná,12708
transakce,12709
slot,12710
vzdáleného,5783
vpádu,12711
výzkumem,2717
úpravny,12712
datový,1703
kyvadlová,12713
doučování,12714
mladistvé,5460
nastoupily,8801
vyčerpaná,12715
účinnější,10097
nutnosti,11838
firmware,12716
vstávám,12717
stylovou,4343
mladočeské,12718
ústřičná,12719
věrného,5904
normalne,12720
víko,8283
italštiny,5393
vlastnického,7633
agentů,2856
zvedací,12721
elektrickými,342
protokolů,9622
doufají,8715
horniny,10058
masážní,12722
nemusí,6284
vytváření,12723
zasáhly,4131
stáhněte,1133
kraslickontakt,12724
rozzáří,12725
letošním,1805
čistících,12726
metabolické,12727
neshody,12728
laiků,12729
patentovat,12730
tím,6459
inženýrů,5979
nedokonalosti,12731
dásní,11745
bydlela,9986
skladů,10573
dováží,12732
nechápou,5069
zvlášť,12733
dárkových,12734
zkoumaných,6994
novy,684
střídavé,12735
dědu,4647
kytarou,6862
koncertuje,1428
nervový,5655
pochyby,12736
dlužníkem,2337
odměnu,12144
úzkost,12737
aktuálnost,12738
jejích,9234
sděleno,12739
nestane,2387
knižních,2798
transformována,9748
dalekých,5726
momentě,8302
setu,3144
méně,12740
hroutí,12741
tělesy,2494
špičce,2087
přednosti,4453
vznětový,12742
tornádo,12743
mrakodrapů,3612
pružiny,12744
náhlá,12745
hrálo,2873
logistická,12746
nezapsaná,12747
kterékoliv,8485
užívána,12748
představeného,12749
nepředstavuje,3512
vesnicích,2237
přírodovědných,7443
dcerku,2339
chytil,2623
náhlavní,12750
šampionátech,1259
říct,2536
důvěře,9495
problémy,11404
směřovaly,10119
bezúhonnost,12751
stáhlo,1133
akcionářem,5764
mamku,12752
vysněného,12753
živou,1978
dělám,3911
zvyku,6403
lázeňském,5067
staršími,2793
tekuté,8268
vyvolených,12754
plachtu,5292
chválím,10375
dějství,12755
prohrou,2965
svazků,9183
chránič,12756
zpochybňovat,12757
diktovat,12758
tekutin,9093
tlačítek,2784
brašnu,1644
někde,12759
uprchla,12760
odstraněna,12761
údajnou,5120
stihne,7872
putovat,12762
křižovatce,7904
kakaové,12763
spojovat,10497
vytisknout,12764
zvukovými,616
skladbu,3223
cévy,12765
dnů,8036
nočních,4644
golfového,2094
našlo,5746
teleskopickou,2731
nevědomě,12766
tobolka,10408
vlastnická,7633
přihlásilo,3950
slovy,3662
těžiště,12767
realizoval,4270
nespočívá,11049
komando,5397
oblíbili,4215
projedná,7788
papíře,6739
kufru,11912
oslavami,3066
snímkům,1038
pokryta,12768
kolos,12769
praktik,12770
vařit,3921
flašku,12771
cílovou,4619
webhosting,12772
vyráběly,2253
přístupné,4110
eidam,12773
hrajete,2873
vracela,12774
nekonvenční,4633
vzpomenu,7506
testujeme,4266
účastnících,4738
pfiedpisû,12775
temnot,6060
brutální,12776
exprese,12777
dostatečná,7491
dělící,12778
zvolených,3670
próze,3789
tlačítky,2784
oceněných,8693
svěřené,12779
hrnci,3772
odst,8153
umístí,3876
pořiďte,12780
finančně,12781
výsledkům,6498
osvědčeného,7181
neteče,12782
jednotce,1393
dortů,6173
kapitálového,9288
kóty,12783
městskými,834
rumunsky,12784
hrsti,12785
poctivého,10121
seznamu,9940
neuznává,12786
běloruský,1023
činnostmi,993
vydávání,12787
stínění,12788
nevěnoval,5581
dárců,12789
podílí,6726
otrokyně,12790
hlasovali,8144
islám,6131
prave,12791
přivítali,3250
rozšiřováním,9443
zažívacího,12792
postoupení,8769
ležérní,12793
naplánovaný,8573
fixní,12794
dlouho,12795
vyhledávačích,12796
projíždějící,12797
ovládal,4351
planetě,1653
nevešel,12798
poklesla,12799
nejrozšířenějších,3895
vlhkosti,7677
šel,3735
podkategorii,12800
pokrytá,11907
nabízení,12801
otázkách,3953
jakými,12365
záložních,12802
rejstříku,12803
odřená,12804
pytli,5817
navic,12805
prosté,12806
prostorově,1939
syrová,10829
nemilost,12807
nadpoloviční,12808
koncového,2115
bažiny,12809
dotazník,8359
room,12810
tanci,8118
puberty,12811
zkratky,11394
soli,5641
náprava,5890
nainstaloval,8244
čtyřicítce,12812
daných,5531
přespříliš,12813
slibu,9094
experimentovat,12814
špitálu,12815
mokřady,5315
sluchovým,3965
mikroorganismy,12816
přehlasované,12817
kvartálu,11035
rozkládala,12818
cestujícím,4407
čestného,5458
laky,12819
přísahu,12820
vodopád,9760
nacpat,12821
lahvi,12822
vozíku,7056
sonáta,9581
tunel,7704
ideálů,12823
celulitidy,12824
fakturu,5047
předpokládám,8346
deklarace,12825
medicínských,2149
nápisy,9390
kalifornského,1627
vyrábělo,2253
nejúspěšnějších,5386
podkategorií,12826
kole,1112
budí,10390
pozorně,12827
připojeny,3634
altány,12828
přívod,9994
šedesát,12829
plesu,6643
sněžit,8402
dovolte,4756
postihl,6585
prodat,6081
třicátých,12830
močové,12831
vzpomíná,7194
nedostatku,9462
zkrácená,12832
radovala,12625
objevu,9551
vyváží,11319
pahorkatině,7249
obvod,4366
doporučovat,9691
fakticky,12833
lidstvu,3009
podvýboru,12834
pravěké,12835
levá,12836
posílat,6631
elektrotechnický,990
ovlivněná,12837
omezená,7390
vesmírný,3069
političtí,758
praktikovat,12838
nasazování,12839
neuveden,12840
červnové,12841
přecházejí,11883
specializovala,12842
rybíz,12843
zříceniny,12844
ověřovat,12845
otevřely,5882
hovno,12846
snímače,12847
vítězství,12848
poskytovaných,5053
řádka,11189
dotyčného,3642
čtyřhra,12849
útočník,9301
nekuřácký,1796
tvárnice,12850
argumentují,11752
poskytnou,2637
kurfiřt,12851
garantovaná,12852
chovatele,12853
keř,5361
existující,6010
maršál,12854
nemohlo,4811
inkasoval,12855
ohlídat,12856
plánech,10993
lidičky,12857
klášterech,5366
muslimskou,2759
vzal,2299
helmu,2426
uvolněné,8101
nainstalovány,8244
dobře,11526
rozmach,12858
uskladnění,12859
radikální,12860
dovolí,4756
tričkem,569
nabízený,8486
jezdectví,12861
žádaných,10970
nároky,12862
zapsaná,12863
převodu,12864
sebere,3122
místapo,12865
připomínky,5997
povedené,8705
vrah,6597
módu,480
přístupových,6099
paniku,3092
vzalo,2299
přesunem,11865
ostrém,5068
píšou,9347
dìti,12866
světový,1297
šňůru,1942
horského,2368
dozvím,2008
najdou,5746
účastníkům,4738
podací,12867
mluvíte,3601
nenechává,3282
staly,2387
balík,8032
krásami,3136
vínem,956
zámečník,12868
jejíhož,12869
vévodové,9174
soupeří,12870
preciznost,12871
léty,2244
létajících,12872
pozpátku,12873
ujmout,6355
namísto,12874
bambusové,12875
slunci,2683
kojila,12876
hlásit,2390
libovolně,12877
rozdělili,6613
vyhynutí,12878
bezplatnou,1401
platící,12879
výlučné,12880
poutko,9867
procházku,4556
reformám,1006
výběr,4419
saláty,12002
zednické,12881
vojvodství,12882
dietu,2166
tristní,12883
lektorem,12884
zasažena,11267
poznání,12885
potenciálu,12886
skládat,8418
vznětové,12887
fréza,12888
dubnové,12889
bouřlivé,12890
šest,12891
světlých,8518
vrtací,12892
patnáct,12893
klíčoví,10227
vynikne,12894
hradním,2471
nesvědčí,12895
azylového,12896
přikrývku,4709
proměnné,12897
strhl,3813
logistické,12898
výhrou,4042
domem,892
nosit,4974
nika,12899
nebytových,2699
mohlo,4811
dodatečně,12900
probrali,12901
zaujali,5464
obrovského,4314
zapalovací,12902
stahovat,8898
křesťanství,12903
smysl,9936
specializovaného,1767
bývalém,2372
farností,1863
objevili,2429
dvojici,802
žraloky,12594
zpívat,3668
zavádějí,12183
tuků,11777
miniaturních,4288
teleskopický,2731
plynových,1360
starat,9451
jednací,6194
vizitkou,4502
rozjet,12704
vaši,5279
opisy,12904
pomocí,11264
efektivního,5368
klony,12905
koloně,10376
zapnuto,963
mezizubní,12906
snoubence,12907
korpusu,12908
manipulant,12909
dočká,8702
paradoxní,12910
formě,3359
nehovoří,12911
zaměstnanosti,6039
celkově,12912
náročnějších,3630
vodoznak,12913
tramvajovou,12914
postupovat,10293
částečné,12915
rozhleden,9790
nařídí,8928
sezón,1782
přiláká,3475
plavidel,3713
zúčastněných,2894
způsobilo,4899
úseky,8368
gotického,4713
modernímu,1422
vypraví,7466
stříbrné,6175
mlhoviny,12916
vyčleněny,12917
pochyb,12736
zástěra,12918
pronikat,10477
psala,9347
pozlacené,12919
účastníkem,4738
imaginární,12920
naplňování,12921
orientované,5191
auty,452
fungováním,3229
škodit,7268
granty,9389
zkoušeli,7647
nerozumím,8951
drží,5695
projektant,5741
slaniny,4155
přepínače,12922
čokoládou,670
peněžní,12923
letů,11173
samota,3850
sezónou,1782
stvořili,12924
očekáváte,5633
znaků,10128
rodinnou,1388
workshopu,12925
nepřehledné,12926
pedagogice,3968
nemocech,2381
klidně,12927
přelomu,12928
extremismus,12929
jednotliví,4781
stáhnul,12930
rozklad,10308
houpání,12931
vyhřívané,12932
spojována,8759
uvědomovali,7150
jízdárna,12933
předvedení,4198
základních,8512
rostla,12340
inspirovat,5939
vývojové,12934
vzpouru,1717
výstrahy,6002
řešeními,4122
domnělé,12935
poškozeny,6984
nemůžeme,4811
duální,12936
rozloučili,4978
legislativní,12937
pořádaná,12938
podvodné,12476
měděná,9162
odborn,12939
předky,12940
vzadu,12941
překladatelské,12942
podávaná,12943
tvůrčích,3853
porodné,12944
potěšil,6879
ověřování,12945
novostavbu,2060
chválil,10375
čerti,11920
pysky,12946
periody,7407
nepředstavitelné,12947
rodokmeňa,12948
semínek,12949
zemědělci,4494
tlakového,12178
tahal,7371
zásadě,2174
shodit,12950
podzemních,4488
spínání,12951
partnerku,2187
přístupová,6099
odkládá,7402
nejnavštěvovanějším,3757
oživit,12680
obřad,10777
poezií,780
dožívá,12952
zedník,12953
výrok,4546
zájem,3213
přičiněním,12954
zaměstnáním,2749
vyjádřili,4100
sladká,6888
zveřejnili,958
zrekonstruovaném,12955
převzít,4186
kotoučová,10784
takovouto,4225
upoutat,9487
nezabije,12956
srbskou,576
plastická,7148
testovat,4266
výjimečně,12957
deskových,12958
libovolná,6988
nejmilejší,8856
zvítězí,5172
vynese,7841
předávkování,12959
přiměly,6480
ročníků,9328
týdnem,5035
správného,7873
zbytečného,11522
hnací,12960
podepisování,12961
portfoliem,3080
nen,12962
přebytečné,12963
stipendia,11370
nenáročná,3630
srazila,12964
ekonomický,3747
profesora,4607
vydávat,5687
dodávaný,7809
uveďme,582
vznikají,6450
porodnosti,12533
přejímá,12965
dodávána,12966
sebeurčení,12967
uklidňující,12968
tučné,12969
dvorech,7774
bezkonkurenčně,12970
údaje,6329
krevního,8205
adresu,3074
pozemku,12971
pondělním,6974
studovat,10587
získá,8212
klubový,2163
památných,9322
zabývající,12972
vjem,5211
dědičnost,12973
strážci,11449
náhodně,12974
pozici,3051
obdélníkové,11638
nedojde,9707
odehrávají,7299
předělali,12975
obstrukce,12976
přivedly,8292
mléka,10335
vymření,12977
horolezec,4485
zuby,12978
spatřit,4805
krvi,6882
dalo,4578
motto,12979
páchání,12980
halového,12981
virtuálních,12982
polštiny,2821
adaptéry,12139
odhalily,2114
počítat,3575
dušení,12535
využívaly,4495
letům,12983
pletená,12984
vanička,11674
svíček,4804
vypuklo,12985
očkování,12986
zkoušce,5643
vyhrávají,12987
následujících,12639
ortopedické,12988
adjektiva,12989
střehu,12990
personálně,12991
prstenu,7723
přírodní,12992
verzích,901
publikovat,4794
povolila,12993
únavou,2035
spolkového,1492
ohniskové,8433
syntéze,11811
nestačí,12592
oplatky,12994
hutnictví,12995
kostiček,12996
noclehu,12997
nadšení,8886
rozvojem,4951
vedli,8665
sankční,12998
problematická,12999
náhodu,4696
pohřbívání,13000
vrátily,5518
střihem,4686
propustit,9263
nahrání,13001
závěrečný,6207
neztratit,6339
péct,13002
klenba,13003
připomínku,5997
výchovnou,6847
kované,13004
výbor,8675
vestavěnou,1572
konalo,13005
vymalovat,6736
donutily,3587
geomorfologické,13006
stabilitu,10180
legionářů,10498
adaptivní,13007
teoretiků,10949
dozvídá,7496
ležel,6001
oprávněnost,10668
desátého,5881
unifikované,13008
dubové,13009
svícny,13010
špehoval,13011
holku,1168
rota,10613
dva,5685
oslabila,13012
odlišovat,13013
dočíst,13014
připojenou,1603
chraňte,13015
emisní,13016
podstatná,13017
třídního,9649
dutiny,13018
velkoobchod,13019
renomovaný,1188
nečekaná,13020
článek,2111
likvidační,13021
čítající,13022
řetězců,4163
informatik,1856
prdele,5048
objevit,2429
opuštěná,7234
propustil,9263
jednotného,9216
omezit,8073
statickou,3421
dovážet,12732
technologicky,13023
kontrolu,3040
tahat,7371
nepovažuje,8531
pěveckých,1226
špatnou,3942
horlivě,13024
nasadit,2322
diagnózy,13025
zvýhodnili,13026
pečená,13027
jezdců,9672
slovesa,13028
kajka,13029
čínský,648
omamné,13030
vyčerpávající,13031
lhůtu,4868
obojku,6814
zajímáte,2668
automatického,3914
nesmyslná,7981
vyhledávané,13032
nádhera,13033
nepozná,6667
tvarovat,13034
vzdálenosti,6036
minimalistické,13035
rolovací,13036
modní,13037
navržená,13038
dudlík,11306
konceptem,5703
parádu,9192
komínů,6877
neurolog,5537
postavit,2832
slotu,12710
pozemků,12971
dlouhá,7565
miliardami,3167
malovat,9573
spalin,13039
uschovat,13040
necháte,3282
dráhách,207
investorů,2962
filantrop,13041
lyžovat,13042
každ,13043
udržet,8018
uchází,13044
znovu,13045
zaručené,11161
knedlíků,7995
postupovaly,10293
schváleného,13046
dramaticky,13047
účtů,6391
způsobeno,9379
daňového,3607
fyzických,2499
letošních,1805
stratég,13048
žádaná,10970
obytný,8581
čtyřletá,8375
těžba,11915
energetický,664
segregace,13049
dokáže,7848
vstupného,13050
vozovna,13051
poledníku,13052
molekuly,13053
lámání,13054
variantě,4489
upevnění,13055
oblibě,1229
zlomeniny,8444
zaskočit,4720
seznamů,9940
určeného,9312
bramborové,10517
trekové,13056
zavzpomínat,13057
otáčky,13058
promění,9218
raketou,1606
zřízený,3048
přátelské,7492
chlazený,13059
skončím,6705
výhrady,13060
doku,13061
nekonalo,13062
praktikám,13063
bicích,9624
bohů,9209
beru,3317
kolonie,13064
neříkal,3929
zjevné,6558
nedělají,3911
poklop,13065
klasifikace,13066
vypisovat,6190
pronajímatel,2836
stan,5123
hlasy,6528
ležely,6001
směrnicí,2697
personálního,8960
symbolu,12068
orchestrace,13067
živila,9874
ztratí,6339
rozšířeno,3895
relaxací,13068
gramatické,13069
probírat,13070
obsazuje,13071
kempu,13072
moderně,2934
zahrát,6401
držely,5695
zabývaly,4673
vyprodukovat,13073
pohánět,13074
potýkají,8802
palma,6765
lžička,13075
dokážou,7848
zaujetí,13076
pojištěn,4928
zvláštnosti,11068
křesťané,7137
kanadských,954
vzato,13077
vyráběli,2253
semnou,13078
novými,2294
můžu,4811
doveze,13079
zaměs,13080
zvenčí,13081
legendárních,4318
knoflíčky,13082
provizorní,13083
útočníka,9301
omlazení,13084
krásné,8903
nasazení,10768
podlehlo,10111
kondenzátory,13085
přírodního,12992
zaznamenává,8978
útvaru,5957
operativního,8411
funkční,5659
výrazně,9763
přečíst,5990
vyměňují,13086
řekne,13087
stromů,5327
výhodnosti,13088
zaměření,6660
zapojený,5629
přicházely,10433
luxusního,13089
milenec,1892
existuje,8896
zasouvá,13090
hrudi,11054
podíváme,6217
oběťmi,3515
výkopové,13091
social,13092
odvolacím,9593
domníval,6715
potěšení,13093
čaroděje,13094
jehličnany,13095
jiní,1684
napadení,13096
zúčastnit,7220
mnohem,13097
grilovací,13098
rozložený,7549
slevovou,13099
delších,7565
padlé,13100
přerušit,4280
popisované,13101
odběratelem,3579
blokáda,13102
výbuchem,6147
odsoudili,5083
vnitřnosti,13103
zraněno,13104
prodávají,7348
nenápadné,11742
tehu,13105
pozemky,12971
lesklého,9635
volume,13106
hráči,6171
odvezli,7591
zadávat,13107
volna,5041
zahlédl,10560
náklaďáku,13108
jmenována,493
nestandardní,13109
nedodržuje,13110
šňůra,1942
ramínko,4605
krajském,838
uvozovkách,13111
písni,1496
přibude,9702
nafty,13112
ocet,13113
obslužnosti,13114
kouknu,3101
propojí,10670
year,13115
vážně,13116
volného,9237
zřizovat,13117
mimoškolních,8089
strčil,7859
zbytků,6262
institucionální,13118
rychle,13119
vydržet,8337
fotbalistou,1968
živočišná,7427
vítají,6051
subjektem,4846
nedá,4578
předstihem,13120
jedině,13121
přestaňte,3110
šlehač,13122
účelnosti,10295
sociálními,1273
zanikl,7581
příspěvkovou,1733
přeživší,13123
tenisovou,2603
mušku,13124
vyrobeného,13125
lištou,2228
vešli,8559
přijatelnosti,13126
potýkat,8802
živo,13127
proč,13128
tkání,5613
nemá,5944
plošině,2002
hlavolamy,13129
rámů,13130
světoví,1297
konsorcia,11429
chystají,2976
tvarohové,13131
zprostředkovatel,5879
posuzovat,13132
omáčka,11557
hormonů,11799
ztratili,6339
kontejnerech,13133
dvanácté,10054
ppt,13134
brzdná,13135
vybavena,3681
hojnost,13136
svoje,7991
rychlobruslení,13137
kabáty,4258
hrozný,7262
ozdobná,12238
paket,13138
akademických,1558
obvyklé,8970
konstruktivní,13139
přistupovat,10614
vyměněna,3774
sbírkou,5599
šampón,13140
tabák,12190
nezbytnosti,7113
harmonie,13141
věrnostní,4694
užitečnější,12338
tehdejšímu,4232
chtela,13142
nynějška,13143
zaměřoval,9696
dočkaly,8702
klíčení,13144
obyvatelích,3671
dělila,11234
servo,13145
slon,7081
výprav,1517
optický,1249
nechutenství,13146
dokonalosti,12456
pánská,3138
štítků,13147
plnily,5908
tubusu,13148
bezprostřední,13149
specialisty,8147
klikat,13150
mediace,13151
silné,9786
výhonky,13152
editaci,6922
rozvozu,13153
vrásky,13154
zítřejší,13155
lázeňských,5067
osmnáctkami,13156
dodavateli,2542
nechat,3282
vydělal,2218
kolektivních,6729
rybniční,13157
milého,8856
zátoky,13158
scanned,13159
diplomatických,5750
upozorní,998
pozvolna,13160
moskevský,2308
chyb,4294
diakritiky,13161
stoupl,9540
strategických,6581
nepřístupný,13162
strávíte,6365
vypije,9177
prohlídek,3752
černošské,13163
muset,6284
povoleno,1745
zobrazují,9688
objektech,6553
pohonná,6310
nerozumí,8951
informováni,4957
chybělo,2466
nab,13164
dovědět,13165
vyskočí,7603
velkolepou,5796
jedinou,3936
osteoporózy,13166
terasou,889
nádory,7448
odmítl,2719
ekonomického,3747
nesklonné,13167
počátkem,5532
informačně,13168
přípravu,4926
stlačeného,13169
karet,2089
uprchlík,4711
spatří,4805
kravatu,645
flotila,2556
protoze,13170
dohromady,13171
pánského,3138
věřícími,13172
číslice,12486
rybníky,13173
letadlem,409
přispívá,13174
přispívat,13174
odrážedlo,4039
ústa,6327
špičkový,1792
tekutá,8268
upřímnost,13175
zaslechl,13176
origami,13177
přejdou,5230
kilogramů,13178
utká,9956
nepoškozené,6984
embrya,13179
zřizovatelem,4753
berlínském,2346
opodál,13180
vládli,6259
celoživotního,13181
jmenovat,12224
snáze,13182
exotickou,5060
arkáda,13183
vestavná,13184
vládními,618
psychika,4897
potravní,13185
substrátu,10715
souborový,10683
hymnou,929
nahradil,5559
hrajeme,2873
louhovače,13186
máte,5944
tatínkem,4423
kompatibilní,10508
ochutnání,13187
zemském,903
překročily,10164
nedokážou,7848
zajistili,3075
halogenové,6995
barvičky,13188
klasice,13189
laserem,13190
rajčatový,13191
připnout,13192
zálohu,3041
buňkami,2199
kompletně,13193
dočasného,11701
pokrmu,5276
skočit,5262
mračna,13194
islámského,2673
zdmi,530
gólu,10422
masivního,10981
klíček,13195
stáži,7490
rakouští,1000
pocházela,11128
nezvykle,13196
jmenné,13197
vyšetřit,13198
chlapců,4599
pozic,3051
dvojnásobné,11673
hlouběji,13199
kanálky,13200
slabá,13201
předškolních,9123
cenou,4626
maminek,1099
podaná,11527
přestávkou,1575
trůně,13202
boj,7886
textovém,2321
skončily,6705
pozadím,2941
přivedou,8292
čím,7387
připadám,13203
zajíce,10991
misí,2012
linkách,1591
výstavbu,2221
žaláře,13204
nejdelší,7565
zlevněné,13205
dopaden,13206
vyvolávat,13207
rozebírat,13208
pop,1894
květináčů,3297
slitiny,13209
formu,3359
kráčí,13210
slevu,13211
necítí,8881
vytištění,13212
výboj,12014
pozoruji,7200
nápisu,9390
dodávkami,4121
příslušnosti,12503
dobytí,13213
požádal,5571
poručík,13214
hadi,13215
větrání,13216
ujal,6355
odchylky,10358
předprodeji,10258
sklad,10573
mandolína,13217
družinu,1082
manipulací,2487
nerostných,13218
moje,2681
poradili,8756
východisko,13219
utíká,13220
motoristů,2796
emiráty,13221
nominovaných,13222
abychom,10963
sní,13223
folklorista,13224
kolekcí,3090
slavnostech,3054
vesničané,13225
mučedník,9200
citronová,13226
antikoncepční,13227
žalobci,568
nesprávných,7873
parazit,13228
držet,5695
nádobě,6933
přehlídkách,13229
nadčasové,13230
únosce,13231
lig,791
entity,7847
dýmek,13232
teroristů,7366
koncem,6681
eshopu,13233
vyhrajte,3222
berete,3317
hřbitovů,8687
rozsudky,4540
čert,11920
užitková,13234
vydírat,13235
jáma,13236
seznamování,13237
spokojeno,11827
proběhne,7966
verdikt,13238
návnady,13239
poválečné,11700
hrdinku,13240
něž,3617
stanu,5123
nájemcem,13241
stabilizaci,9315
nakazí,12143
podvodu,4862
zpeněžení,13242
teplou,8241
zavítali,13243
spokojeni,11827
zřídka,9692
mohutné,8024
příznaky,13244
jevů,8127
dlouhodobého,11216
bota,9019
zbylá,8648
neurčito,13245
mlýnů,11187
svádí,13246
pilu,1308
klika,7787
hrou,304
stupnici,7129
chuťové,13247
preventivní,8157
diskutovalo,7932
děkan,6248
poškozeno,6984
sud,13248
hlavn,13249
pravá,12612
vozíčkářů,8467
prémiová,13250
nešťastná,11021
skladatelé,2470
posunuje,13251
komunikativnost,13252
věrná,5904
záhlaví,13253
hledět,13254
neshodám,13255
patologické,13256
chatách,1522
probudil,3181
chrámů,7340
gravitaci,13257
pouť,4290
průběh,6637
desatero,13258
usilovala,13259
suverénní,13260
dočkáme,8702
klesá,8150
odtud,13261
známkách,6977
drahách,207
rehabilitaci,5674
relé,13262
peří,13263
jaterní,13264
humanitárních,9005
palice,13265
nemohu,4811
trhat,9914
řádil,12124
režijní,13266
posielal,13267
veselou,6545
financoval,1564
dáte,4578
naších,13268
směnky,13269
zahradnická,6629
pocházely,11128
zmenšování,13270
vhodné,6151
nejzásadnější,11767
zbrojnici,13271
bezpečnější,6149
vyrovnaná,11403
tour,13272
přebral,13273
stres,13274
jakkoli,13275
vlnových,7616
neomezeného,13276
rozumět,8951
problematické,12999
sporný,3818
integrovaný,2490
expresivní,13277
tréninku,10366
nerušený,13278
přizpůsobené,13279
kontejnery,13280
vojsku,1667
hájí,13281
provize,13282
rozvedený,9838
okamžitě,13283
obyčejnou,2544
zrození,13284
stane,2387
požadovalo,2946
melodii,1264
bedrech,13285
nepochopitelné,6806
cestu,2608
návěsy,13286
explozí,1926
požadovaného,13287
několik,13288
krosová,13289
panovníků,8825
běhají,13290
zasloužené,13291
turné,13292
obklad,6000
námrazy,13293
týmů,2723
zakoupených,10909
hodnotím,13294
síla,9273
zasahující,13295
zaměstnával,4613
chování,13296
pravidelný,5176
přibývá,13297
citlivější,9038
nemluvil,3601
přechod,8849
půlky,4994
plodnosti,13298
motocyklových,2477
scifi,13299
vojenských,1746
mlíko,13300
zabudování,13301
plán,10993
vyšetří,13198
předkládaných,13302
vybudování,13303
slovensky,13304
pedagogům,6437
obřadech,10777
malí,4253
naši,2681
ukotvení,13305
středoškolského,9184
smrk,12126
seznamech,9940
řezané,13306
minulé,4981
nechápu,5069
motocyklu,5043
daňový,3607
milníky,9804
snu,7422
věšák,1190
způsobuje,13307
bloků,9907
čínštině,13308
táhne,7055
nohavic,8232
psychoanalýzy,13309
anonymního,13310
juniorská,13311
výher,4042
nepravidelná,13312
komfortní,10657
zahození,13313
domorodců,10932
lidových,1057
zodpovědný,5306
vařili,3921
dvojic,802
údržbě,6229
nejvyšší,2908
koho,13314
kalhotami,1174
rekordu,7317
krémy,13315
botanickou,4028
pohovor,11029
obnově,10043
správných,7873
pohybového,3389
světce,2123
provázku,13316
geologii,13317
slev,13211
vlastenectví,13318
zmíněna,10242
vloupání,13319
českým,191
výtisk,7900
květnových,7772
busty,13320
severského,2960
sinic,13321
vrtání,13322
schůdky,13323
střela,9406
realizací,5122
převezmou,4186
podnikal,6115
následují,8066
novelizaci,10345
páteří,1764
obžalobou,1808
nemusely,6284
opožděné,13324
klidové,13325
vyhrávat,3222
sloužili,11510
nechová,10447
arabštině,9565
klíčového,10227
značkami,745
světu,586
laděný,13326
nadzemních,13327
posílá,6631
vyjadřování,13328
stálezelené,13329
sestavuje,8453
opraví,13330
pocházelo,11128
výrobních,9383
zevnější,13331
rotující,13332
lid,7354
třicítce,4211
vlastníkům,1970
sekne,13333
nekonečná,7637
nepojede,9619
podmět,13334
kurzů,13335
mincí,3592
využíváme,4495
ratifikaci,13336
špice,9852
bakterií,1544
finálního,13337
dálky,4735
úsměvu,9408
tenisový,2603
samotnou,2013
hutí,6718
úsporným,1668
research,13338
poklidu,13339
náhradního,11341
nakrájejte,13340
pobytové,13341
poslušnost,12345
vyučujícími,13342
etiketě,13343
eliptické,13344
sklonku,13345
protektorát,5724
miny,13346
klasicky,13347
nadprůměrně,13348
kuželek,1420
amfiteátr,13349
předními,7951
zdravě,13350
humusu,13351
story,13352
tradicí,2179
semináři,6139
historek,2059
umožnila,13353
séria,13354
automatizované,13355
drtivě,13356
tweet,13357
silniční,11408
náčelník,11059
naměřená,13358
sdělit,1791
nemusíte,6284
kontinuitu,3821
lekcí,3424
dostavbu,4178
zkázu,4497
chodila,5234
zbourání,13359
potřebě,2369
přejmenování,13360
uličkou,5530
medvídci,5722
vytlačit,13361
nejnáročnější,3630
husitských,2662
mateřskou,1953
potíží,12420
vystřídalo,4441
devátých,3247
zabránila,11027
přesvědčení,13362
poučit,13363
předběžného,13364
matrikářky,13365
vystřídal,4441
modrých,7766
festivalem,2254
sadů,13366
přijali,5175
úsecích,8368
automatickou,3914
realizačního,13367
cestováním,3955
meloun,9114
filozofa,13368
veteránů,10332
monotónní,13369
keltské,13370
plošinovka,13371
posádce,2028
celulóza,13372
otravě,9240
kněží,9154
déle,12795
výročím,7623
patronací,13373
prosazovat,6382
připojuji,13374
kódů,8110
přímých,3974
kryptě,13375
opuštěného,7234
nechodil,5234
varnou,1535
majitelkou,13376
projednat,7788
dárkové,13377
kolena,10010
lisované,13378
hudebními,435
vytáhnout,3931
malina,5885
porovnávání,13379
nestihne,13380
břehů,13381
potravinám,727
příslušník,9266
sádrokartonu,13382
čekaly,5561
plynulé,13383
labutě,13384
nejvýhodnější,10852
starostkou,2151
řev,13385
poškozenou,6984
čtveřicí,13386
zlomu,13387
jednodušší,11045
obtěžování,13388
termo,13389
homeopatika,13390
informacích,2537
používáním,3917
otočení,13391
přístupový,6099
textech,4800
příšerný,11112
klíště,5269
vařená,11198
stvořený,13392
dalš,13393
zastoupeno,13394
pardubickém,877
mezilidské,13395
titanové,13396
dalších,5540
bojového,4723
autobusovou,4099
delšího,7565
vymyslel,3079
zamčené,13397
rozhodnout,4706
tøídy,13398
pracovníkům,1961
výrobku,2835
cenám,4626
zeminy,7245
objednateli,7802
kolu,1112
zůstávali,9752
zneužití,13399
přijímal,3364
kardio,13400
pátrá,13401
sekvencí,5712
rybky,9655
drobností,8314
ucelené,7373
zhoršené,13402
poklidné,13403
slané,11513
vycházet,8658
pozinkovaného,13404
dbají,11015
tanga,13405
prosba,13406
otřesům,6290
nadřízeného,13407
chápou,5069
nepotřebných,13408
dokládat,13409
mrazáku,1150
osvěžit,11888
nadzemní,13410
vyřešili,8324
utrpení,13411
cykloturistiku,1501
trávníků,7851
vyhláškou,10392
signalizuje,13412
podobnému,6116
králů,6106
nesnaží,5473
smluv,2398
novelu,3833
zákonitostí,11964
vynakládat,13413
rádo,5403
nabízených,8486
každoročně,13414
intenzivnější,13415
božská,13416
vyklízení,13417
moduly,13418
funkcionalita,13419
operativně,13420
využíván,9335
loděnicích,2817
nedaří,13421
nedokázali,7848
posilovat,13422
vážnost,13423
bělavé,13424
proudový,11655
krbovou,978
temnota,6060
března,5989
záruce,6452
čemž,6906
vnitrozemí,13425
dohlížet,12226
skončil,6705
zbrojního,4111
cvičná,7236
nasazeny,2322
protějšek,7732
vsude,13426
závěru,9591
severovýchodních,11439
nevolnictví,13427
vyměňovat,13086
připustit,3770
zkoumající,10904
přijít,2272
kompakt,13428
bábovku,5375
zaběhnuté,13429
zachytí,2515
mělo,5944
uvažují,5850
slevomat,13430
prováděná,13431
orientují,13432
elektromagnetických,3988
dvoulůžko,8413
odznaky,13433
hřebíky,13434
vstupují,9166
jednotkami,1393
přihlásit,3950
pozemcích,12971
vybaveníkuřácká,13435
sháníte,6965
vodního,11094
konkurzní,13436
tříděného,13437
dojít,9707
kontaktovat,13438
zvyšování,13439
přeneseno,9020
popisovala,13440
zbude,10705
firmám,230
prožívala,13441
podporovaly,6619
rád,5403
tyčky,6475
zájmovou,5064
nesnižuje,13442
vzpomínce,9228
doslovně,13443
ztvárnila,13444
olomouckém,3700
polstrované,13445
příděl,13446
kofeinu,13447
individua,13448
organizovaná,10523
koše,13449
nelineární,6845
impulz,13450
umisťovat,3876
podívejte,6217
cyklotrasa,11262
ovlivnění,13451
neformálního,13452
míru,7195
pozastavil,8448
zobrazuje,9688
čten,4254
května,8636
věkových,8358
podávány,13453
vchodů,7242
členům,5547
koření,13454
libovolných,6988
nezobrazí,13455
prostřední,13456
převzata,4186
spínač,8162
gesta,12372
přibudou,9702
výdělku,9673
jistých,7524
spontánně,13457
očekávání,13458
fuk,13459
labyrintu,13460
trio,13461
vymazala,13462
generátoru,10289
hospitalizován,13463
prospekt,13464
zabránit,11027
direct,13465
zrekonstruovaný,13466
hlučínský,13467
rozumná,11732
chudých,7971
dnešními,2248
doplňování,13468
odesílání,13469
ikonou,1251
projela,13470
hořáku,13471
mód,480
jakéhosi,9717
zrušena,8888
záložku,13472
suché,13473
malých,4253
nátlak,7102
strojích,1166
skládce,13474
nemáte,5944
osvobozené,13475
uměleckého,2437
nezaměstnané,13476
zachytávání,13477
gotiky,3650
dema,13478
mšice,13479
přistoupení,13480
zadali,13481
nesmrtelnosti,13482
odrazu,13483
přispívají,13174
vzhledy,13484
zapálili,13485
obrátky,13486
obědů,3356
rozčarování,13487
průkaz,13488
opuštěných,7234
tempo,13489
skreč,13490
pozemek,12971
přesunout,4528
prospěšných,5007
strčit,13491
pojednání,13492
nemálo,13493
mezonetový,13494
prognózu,4745
abych,10963
podnikových,4470
romskou,13495
průběžná,6257
cyklista,10492
nemůžete,4811
památníku,13496
neúplná,13497
protiskluzová,13498
asfaltové,6985
června,7107
nebránil,13499
absolventa,12492
požáry,10048
provádění,13500
lina,8584
učitelům,2735
tratích,2752
kbelíky,13501
kožního,13502
dvaceti,11571
airbag,13503
katalogové,13504
minutes,13505
přinutí,7389
účtová,13506
dluhům,2534
nedorazí,13507
kvasinky,13508
výjimečného,13509
čtyř,7136
limitované,13510
zabije,7341
zpomalí,13511
vyhledáváním,5134
téměř,13512
individuality,13513
vlasovou,2260
vzaly,2299
zásahy,9374
startovat,7644
pakliže,13514
kolech,1112
mladou,1204
prokáže,3946
bukové,13515
podpořily,4247
podrobnostech,7812
zápisky,13516
idol,13517
nepočítám,3575
mozkem,1405
alpského,4324
projektanty,5741
britském,339
činům,2643
plastových,2488
parazity,13518
liberalizaci,4737
otřes,6290
bourat,13519
umožní,13353
zezadu,13520
strávili,6365
redukce,13521
nesouvisející,13522
nahráli,5247
posloužily,8698
přímý,3974
pomocníků,8025
opětovně,13523
kasárnách,6757
ptáků,5591
únik,5937
srdeční,13524
podomítková,13525
spravovala,10666
vytížení,13526
instance,13527
důvěrně,13528
rozsáhlých,5587
přebírání,13529
oblé,13530
bezdomovců,4665
sezóně,1782
nádob,6933
prostřed,13531
svit,7744
atletický,1418
odlišit,13013
jazykového,5094
vezmou,2299
dolu,13532
logiku,4632
nedostatků,9462
péřová,13533
karvinských,13534
rozesílání,13535
úředního,5456
radu,383
zabral,5553
dovozu,13536
očima,1449
vodicí,13537
neudělají,13538
dotazu,12131
specializuje,13539
třech,8989
neslouží,11510
spreje,13540
zachovaná,12334
spokojenosti,13541
inflační,13542
setů,13543
changing,13544
snadněji,13182
vyberou,5088
psychology,5867
jízdou,2197
textil,11105
přešly,5230
člunu,13545
prospěšnosti,13546
pálí,11658
zastřešující,13547
osobních,10342
bráchu,9799
jasný,6092
umísťování,13548
webovým,325
stylistické,13549
saténová,13550
gólů,10422
svislá,7682
studentovi,1447
chybějící,13551
měřených,6396
objevení,13552
cibulky,8766
poptávkou,5909
přirozenější,12614
rovnoměrné,13553
kostice,13554
peruti,10919
probíhá,8530
skleněnou,5723
rozešle,13555
vyměnili,3774
stabilitě,10180
pavuza,13556
etap,6896
zen,13557
zrekonstruovaných,13558
málo,12740
instalováno,5318
nepostoupila,13559
záchranného,6028
dobový,3221
fotografům,1172
popovídat,13560
vzdělaných,7121
náklonu,13561
úrodnou,11717
zachycen,2515
křída,11722
vyloučeni,12702
gravitačního,13562
nevíme,3307
pokusy,13563
pevného,10554
bratrstva,13564
amfiteátru,13349
mají,5944
přepětím,13565
komplikace,13566
ostřelování,13567
pravomocného,7508
čtvrtky,13568
celistvosti,13569
nedokážeme,7848
udělaly,5995
dělená,13570
ohlašovací,13571
sborů,13572
citrón,13573
koruně,1645
prodal,6081
ochladí,13574
spoluvlastnického,13575
pohledy,13576
podvazcích,13577
basketbalista,13578
opravila,13330
přehlédnout,13579
odezvu,3021
one,13580
čočkou,3733
hřeje,13581
hladomor,12587
českému,191
dočetl,13014
vypukly,4409
nestačili,12592
blahobytu,10636
citliví,9038
skrze,13582
jmelí,13583
zprostředkování,13584
liberálního,5179
neprobíhá,8530
teďka,13585
vlohy,13586
nepravidelného,13312
vrtat,13587
dokumentuje,13588
výhony,13589
tuhle,3609
jediného,3936
východě,7805
neaktivní,13590
zpěvu,13591
relevance,13592
rozjel,12704
komu,13314
externě,13593
sníh,13594
segment,5730
řídí,6803
přetečení,13595
čtvrtou,5381
pořádá,5151
dávaly,2648
postupného,13596
statických,3421
bakteriemi,1544
stezce,4806
image,13597
vpřed,13598
tajnosti,13599
závist,13600
bezlepková,13601
zájmena,13602
budeme,6557
uzený,7455
obsazenosti,13603
podporované,8119
zatáčky,13604
journal,13605
úpravoubarva,13606
federálním,1044
chodím,5234
depresivní,13607
desetileté,13608
cover,13609
medvěd,5280
spirituality,13610
zapříčinila,13611
statutární,13612
postavilo,2832
institutů,6211
pán,1734
chlup,5709
vznikaly,6450
majiteli,4325
závislosti,8775
příležitostí,6794
doutníky,13613
injekce,13614
umístěním,5799
hráčů,6171
příchodem,12310
dohadovat,13615
bezvýznamné,13616
chlebové,13617
poskytnuté,7717
vypadá,7786
letištích,3228
měřicích,4538
zkrácení,13618
levicových,1710
inkluze,13619
výstavní,13620
rostlinách,2441
originálních,7005
trápila,10865
odbornou,2754
kontraproduktivní,13621
špíny,1918
zahájit,3399
čekalo,5561
vypovědět,13622
financovaný,5653
pleťová,13623
nevidíte,1481
mzdové,13624
hlavicí,13625
inzerát,5439
nadchne,11830
podíval,6217
útočné,8704
nadávaly,4033
kandiduje,5791
zapálit,13485
vdávat,13626
rozvodového,13627
obdivuje,11171
táboření,13628
najde,5746
hřbitov,8687
nemalou,4253
nepodařilo,13629
pěstitelé,4967
čís,13630
přispělo,7142
zadního,7470
dopravil,13631
dočkali,8702
jednoduššího,11045
nevinný,8502
strýce,13632
pochutnat,13633
rodičům,2530
přiletí,13634
preferoval,13635
podbřišku,13636
ledním,7905
podpořili,4247
mučedníka,9200
příjde,13637
unikají,13638
úrokovou,10830
ušní,13639
mateřského,1953
hledejte,4292
týmu,2723
nejběžnějších,2622
pravidelném,5176
fotogalerii,2051
tabulkové,13640
počinem,5045
očím,1449
pachateli,2377
obvodech,4366
pohledová,13641
stavu,13642
zkušenost,13643
blízký,4865
horší,13644
orientovat,13432
generála,6540
spokojeně,13645
hromadně,13646
nejvýraznější,10600
dovybavení,13647
vhodný,6151
aspon,13648
výzvu,3666
povzbudit,13649
usnesením,6296
podřízených,6872
stuhy,12617
sídlilo,3242
stručné,13650
rovnoběžné,13651
technický,2025
nestihnu,13652
dramatický,1790
protiletadlový,4410
příčinou,5562
zvládla,11761
pošlou,4550
zájemcům,6926
vyhnali,11452
havarijního,13653
víkendech,7314
prostøedí,13654
vydávané,11639
manažerského,6908
touto,4043
ducha,13655
udály,13656
otázkami,3953
sluší,13657
mocného,4972
odhlášení,10346
přijede,10379
vnímáno,7419
chovat,10447
nosičem,891
maják,13658
svěřit,1929
mohou,4811
zrušeno,8888
tlaky,13659
znak,10128
trvají,8981
probírali,13070
zaznamenal,2236
úpatí,13660
vyvíjejí,4841
svobodných,1871
mraky,13661
prožívání,13441
svátkem,1738
prozkoumání,13662
zasáhne,4131
existujícího,6010
mezistátních,8596
skládek,13663
klíšťatům,5269
stati,13664
zadkem,9039
povinny,5747
poukázku,13665
soch,2573
ekologických,4568
sektu,7853
podlehly,10111
uvítají,13666
koncertem,1428
příslušníky,9266
vedou,8665
určen,9312
zbytky,6262
zmrtvýchvstání,13667
mluvíme,3601
setkávali,13668
anorganická,8361
náplně,13669
kletba,13670
uvědomí,4552
bašty,3430
respektujeme,13671
freeware,13672
přísahy,12820
kněžími,9154
princip,13673
zvedl,4722
žít,10100
napadne,5307
vakua,13674
zásadám,2174
výkon,13675
deštivé,13676
koridory,13677
rychlovka,13678
extravagantní,13679
nožů,934
foukaná,13680
zásah,9374
zřizovateli,4753
vypálení,13681
noze,9677
skloviny,13682
rychlá,4802
mušle,13683
skutečného,10244
piliny,13684
pohlaví,13685
schválených,13046
zvyklý,4563
zavádějící,13686
hodnotit,6504
kalibrační,13687
mužích,3176
odsouzených,5950
nezávislými,682
objednejte,2455
buněk,2199
talentovaného,9196
neunikne,13688
freevidea,13689
hranici,2593
obrněných,1620
pruské,6154
pravdou,1629
motorech,7338
school,13690
ozubeného,13691
počítačovým,60
stanou,2387
funkcím,1089
rotoru,13692
vyhnal,11452
stoupá,10973
červi,7295
architektonickou,2705
botanika,13693
majetky,4980
činem,2643
podvozek,13694
prezentovány,7036
reprezentantem,1959
professional,13695
elektronickým,583
nesouhlasí,5037
mci,13696
zeleného,5163
dosavadní,11554
legálně,4032
ochotny,6706
zřetelně,13697
vyloženě,13698
nevěřil,4854
ochotná,6706
frisbee,13699
nominoval,2395
pít,4934
argumentoval,11752
světlejší,8518
promyšlené,13700
bezprostředního,13149
kašel,13701
přivítají,13702
utíkat,13220
plynulá,13383
nejzajímavějším,4758
odebrali,4924
diskuzním,5226
zapojeno,5629
příslušenstvím,3403
faktuře,5047
listová,13703
algoritmu,13704
protony,13705
vyráběné,12708
obřadní,13706
jabloň,2383
zjišťování,13707
zmiňovaného,7284
konci,6681
jedů,13708
působily,8387
skládá,8418
existenci,7367
via,13709
rozhlednou,2361
převzali,4186
dobrodružný,1904
předčila,13710
nebránilo,13711
nenese,12659
přítomny,4372
autismu,13712
areálem,3277
disciplínu,2789
věřícím,5871
naznačil,7916
technikami,464
opadávají,13713
následného,9710
juniorského,7679
pohánějící,13074
dopadají,10569
nedošlo,9707
přineslo,2353
mlhovina,12916
smažení,13714
nenechte,13715
uložili,5927
rybníka,13173
příkazů,13716
schválili,4425
pomohou,7493
zavádět,12183
obdélník,13717
nepodstatné,13017
vyměnil,3774
gest,12372
ořechů,13718
sla,13719
indoor,13720
rukávů,8234
zrakem,3386
první,7760
rybolov,11765
přitáhl,8635
žijící,13721
nebezpečnější,6149
opičí,13722
využít,4038
situacích,1581
šrouby,13723
ženských,2307
hosting,13724
tisíckrát,13725
důkazy,13726
širšího,6755
zaručeno,11161
rozptýlení,13727
udržení,13728
polotovary,13729
jedine,13730
bioodpadu,13731
uměla,9732
ostření,13732
hmyzu,13733
tlaku,13659
poměru,5731
rebel,13734
ztracená,9358
vínku,13735
skřítek,13736
nezměnilo,10169
jmění,13737
použitého,12601
měřit,7522
zaznamenávat,8978
funkcionalismu,13738
egyptskou,4058
vlasech,3237
sopek,1445
zazněl,4068
váma,13739
většinovou,2274
střevíček,13740
logistiky,13741
průzkumem,919
vyprání,13742
připravenost,13743
balíky,8032
oválné,13744
stárne,13745
nevyjadřuje,13746
nežádoucího,13747
působiště,13748
nezabývá,4673
navigačním,13749
jednodílném,13750
bloku,9907
přísady,13751
nezklame,13752
zápisníky,13753
bývalo,5072
kroužky,13754
minutový,5595
havárií,833
způsobí,4899
špenát,13755
umístěte,3876
svázané,13756
zastřelí,13757
odsávače,13758
zkoumat,10904
případně,13759
hlídku,1714
obavě,10196
stovce,5451
stabilnější,11222
šipka,4020
obranyschopnost,11929
myšáci,13760
nedodržení,13761
nikde,13762
vlažnou,13763
velkém,2604
projektové,4767
pochvalu,7010
schopní,4346
vyšívané,13764
důležitý,7182
chátrat,5575
diskusním,2910
mrdání,13765
spolupracovaly,7791
metalových,13766
hlasovalo,8144
trávě,4395
oblačno,13767
rekvalifikace,13768
dopustit,2430
platbou,4226
styky,13769
konala,13005
rozumně,13770
výletech,7457
chilský,13771
úhlů,8331
kalené,13772
pozůstalosti,13773
stvořit,8507
soukromě,13774
nedokonalé,13775
říčka,10118
národem,1018
kryt,8476
otevřete,5882
stranì,13776
skládající,13777
úžasného,11483
hodinový,3326
srozumitelný,5999
slunečními,4674
krytinou,13778
setkávat,13668
objemné,13779
útvar,5957
zbývající,12127
ideály,12823
chovaných,13780
dupačky,13781
kmenová,10674
vyhodnocování,13782
vstupem,6138
atlasu,10495
obecná,13783
kompoziční,13784
britští,339
rakvi,1934
nevyhne,13785
prokázáno,13786
hubení,8712
strom,5327
uchem,1727
botel,13787
povzbuzení,13788
postovne,13789
držení,13790
datovými,1703
uskutečňování,13791
vnějšku,13792
zvycích,6403
dokázaly,7848
komína,6877
prohlédnete,13793
použitá,12601
přeměně,6680
nejlepšímu,11339
běžném,2622
nástavba,11780
pracovn,13794
odstrcilikove,13795
vyhlášena,8384
žízeň,13796
potrápit,10865
sklem,2239
bagry,13797
dožít,13798
klasickou,1609
vzezření,13799
pochvě,13800
osobu,1033
hlásiče,13801
celková,13802
probere,12901
hrad,6538
půlstoletí,13803
smyčce,13804
činky,13805
teplotách,2162
vede,8665
cest,2608
hrozit,3036
typicky,13806
přehláska,13807
prostředkem,2787
ložiska,13808
ocitly,7838
svařování,13809
dopravné,13810
zmínil,10242
vyvolaly,7189
investičního,5854
studentkou,1078
neřekne,13087
libi,13811
vyhřívaná,13812
roláky,13813
týmových,4744
bojují,13814
regulačního,10908
ručení,13815
heroin,13816
pohledávky,8125
františkánský,8949
verbální,13817
loutek,4549
nosníky,13818
kapsli,13819
zadávané,13820
vlastnil,1417
slušnost,10956
posláním,11779
stravovat,13821
diskriminaci,4433
zajišťovali,5963
táborech,9884
nespolehlivé,13822
narážky,13823
bezpečné,6149
luxusní,13089
sukni,3340
pozitiva,13824
výstupu,7585
odmění,13825
pobytech,12192
sluchátkový,456
tohodle,13826
zaručených,11161
spolehlivého,7007
demontáže,13827
kompresní,5619
utíkají,13220
typu,6825
zapojil,3353
zbylou,8648
fotce,4374
kuřete,5077
květinové,13828
bratrem,8131
esperanta,11630
poskytovali,7892
plynné,13829
objektivům,3393
kompromisní,11285
kamenné,9012
bleskem,6282
vtipně,13830
housle,13831
ustanovit,13832
doplňovacích,13833
silničních,11408
pozemkového,10764
brankáře,13834
bibli,698
recesi,1123
nebývá,5072
občanských,4984
koordinaci,6478
jednorázové,12281
předchozího,13835
chytili,2623
jeřábu,3470
nenapsala,6132
zpřístupňování,13836
dárková,13837
vyřazeny,7288
těžbě,11915
pošle,4550
rooms,13838
zkonstruována,13839
poradíme,8756
fyzikálních,7026
rozpoznávání,13840
ruský,453
trysek,13841
přichycení,13842
ohraničuje,13843
vlivný,4844
mapky,13844
zhroucení,13845
šikanu,3044
movitého,6009
bytosti,13846
žadatel,4125
organismus,5529
míčů,4768
pokožce,4079
navrhovat,3029
parčíku,13847
transparentnosti,13848
personalistiky,13849
autorova,13850
přinutil,7389
nevylučuje,13851
blízkost,10710
vířivé,13852
jednostranná,8758
svalové,13853
vesničce,4681
zodpovědně,13854
obsluhuje,4698
označili,4914
pojišťovnami,531
životopisný,13855
zneužívat,13856
stresovat,13857
továrník,13858
dáno,5531
zemřel,7719
provozoval,1421
montážního,13859
charakteristická,13860
pacientek,2782
povel,8336
vládám,87
spuštěno,485
smetanové,12128
život,5385
koňak,13861
nuceného,7720
okamžité,13862
výkony,13675
přivézt,10212
sladidlo,13863
směrnic,2697
manipulační,13864
zájmového,5064
vozík,7056
odpovědní,3589
dopustili,2430
modřín,13865
variantou,4489
padělek,12688
vyměňte,3774
březen,5989
ústavním,1610
that,13866
močového,12831
jedinečné,11597
zvedat,13867
nečeká,5561
činely,13868
makléř,13869
trávicího,13870
bylo,6557
skupinou,1246
nezjištěno,13871
orientuje,13432
poznávacích,6651
mýto,13872
litoval,4507
komunit,5528
milenkou,1892
trpělivosti,13873
nedostupný,13874
nejznámějšího,2626
pilotním,1976
stropů,3567
zoomu,13875
stálou,5046
školami,220
příměří,13876
obratlovců,13877
nejmladších,1204
běžeckých,1816
pražském,1024
ovladatelná,13878
spotřebitelském,2359
polárního,3323
škálou,4650
finančních,9134
nahodou,13879
sériového,7286
metodik,13880
vrátí,5518
umožněno,13881
vim,13882
ţivota,13883
útulku,13884
plochý,525
plnobarevných,13885
tkanin,3864
vrstvení,13886
bederní,13887
osnov,8993
transformátor,12388
nosíte,4974
symetrická,13888
hrany,7566
feature,13889
rychleji,13119
hodili,6593
přilbu,4659
četl,4254
chocholatý,13890
slaví,11870
kohoutek,9726
mrakodrap,3612
šije,13891
nepoužívá,9602
přátelská,7492
vyhýbá,7352
tónovaná,13892
nemám,5944
nejzákladnější,8512
útesu,13893
těší,4460
článkům,2111
satiry,13894
frézování,13895
podobenství,13896
vyžadovat,11575
vyživovací,13897
filtraci,13898
něčím,12509
progrese,13899
vyčleněním,11154
mořem,1080
morfologie,13900
kytička,4197
těšit,4460
váhu,6654
vycházejících,10069
štěrbiny,13901
montáží,4739
zakladatelé,6730
drogu,2328
datovou,1703
dravé,13902
dělnické,7931
okem,1449
stavové,13903
saské,13904
šikmá,11307
stavebníka,13905
oddech,13906
úryvek,2708
prostorových,4075
výplň,13907
obrábění,13908
postoupil,8769
technologických,1927
zůstávaly,9752
nepřinesl,13909
dvojnásob,13910
směřovat,10119
vlivy,13911
zdá,9777
pojatá,13912
prostorový,4075
svíčková,13913
předání,13914
nasadil,2322
pozicí,3051
opakovaném,5763
škody,4874
kostky,5851
dají,4578
průdušek,13915
žádané,10970
spokojit,13916
zasáhnout,4131
svá,7991
vašich,5279
varhany,13917
dařilo,13421
svahu,13918
štětce,13919
objednávce,5949
start,4431
pokyn,13920
nudný,4309
litevský,2064
pravidelnou,5176
vstal,4575
přistoupí,5209
hrudní,13921
počinů,5045
kompletu,8304
věnují,5581
trpět,9170
upozorněním,10842
svobodně,13922
zákazníku,2610
várku,11206
vysněnou,13923
pohrůžkou,13924
dodává,8235
porcelánová,9901
popruhu,13925
realismu,13926
prostornější,3513
absolventy,12492
způsobem,6438
přesilovku,13927
práve,13928
vozovce,9073
úkazy,13929
údržbář,13930
motorické,12093
terapeutka,13931
mastí,13932
mozkovou,3673
mrtvol,3679
smlouvu,2398
dárku,1737
absolventů,12492
dravců,10384
přizpůsobena,7944
hodnotil,6504
rozsáhlý,5587
pěkného,13933
sbírkách,5599
vydržel,8337
státem,2387
biologii,5265
nepamatuju,7083
zásobníků,13934
vyloučeno,12702
developerských,5822
předá,6114
omamných,13030
vycházka,8912
reálně,13935
standardů,8356
bylinek,13936
zastřelil,11093
hráčskou,5818
převlečení,13937
seminářích,6139
pravidel,7976
procesů,7127
tvrzeného,13938
nahraný,4889
stavy,13642
nutkání,13939
vyspělost,13940
víkendů,7314
beznaděje,13941
infrastrukturou,1607
programátorů,5625
směrem,13942
ligovém,4084
pracujícího,7583
pokladu,9683
dohodly,4190
zisku,9869
planetární,13943
letních,6219
filozofické,10380
nestrukturovaná,13944
zesílit,13945
politicky,13946
severovýchodní,11439
startupů,13947
arte,13948
nejdříve,3406
rozvádí,13949
patrony,13950
kvantitativní,10368
zámořských,5901
navíjení,13951
neplatnost,13952
tvořily,8507
útočí,13953
ohlasy,13954
vytáhne,3931
retardace,13955
draky,13956
ohýbat,5167
úrovně,9386
ustálené,13957
podřízeno,6872
vitamínu,8488
dělené,13570
šuká,13958
šperk,2129
školskou,1085
zachování,13959
pečovatelskou,4213
nesluší,13960
plní,5908
startují,7644
zabíjení,13961
třiceti,12261
nedokázalo,7848
nímž,3617
připojilo,3634
chutné,8083
vzalimuj,13962
chyběli,2466
rabína,13963
probudit,3181
příspěvkem,9958
útulné,13964
památkou,4189
orientovaných,5191
bojovníci,11836
provedené,13965
uváděná,13966
obsáhlý,6957
podvádí,13967
zákoníku,5330
batohem,2502
kříže,13968
integrovanou,2490
vyhledávanou,13969
ostrý,5068
nahráno,5247
práceje,13970
ztepilý,13971
syrskou,1499
kapsami,848
památkami,4189
vyplatí,13972
čerpá,11239
reformních,9518
zdůraznit,11175
kroky,13973
připomínají,10476
viditelné,9180
šifra,3855
lesklá,9635
zaručí,13974
pojistku,2775
zamilovaných,8750
kluka,3035
bílého,5806
vysloveně,13975
návrzích,6519
přiměřenosti,13976
leteckých,912
řešíte,5874
predátory,13977
břemena,13978
územní,8640
osmého,2915
standardní,6869
vrátilo,5518
výsadby,8651
sešit,5459
skvost,13979
zeměpisných,5994
hostitelů,3016
všudy,13980
vyplatit,13972
klubech,2609
dražební,13981
docházka,8591
uživit,13982
odrazuje,13983
přistupuje,10614
přicházejí,10433
uvádějí,1772
doktorce,1504
příslušníků,9266
obnovení,13984
kostým,7553
available,13985
chráničů,13986
podílového,13987
bezlepkové,13601
střeží,11213
beden,522
nastalo,11055
hudebnímu,435
neznámého,2626
vynesl,7841
trenérskou,13988
přebalovací,13989
moč,2653
výrobký,13990
obora,11847
řešily,5874
neobjevuje,2170
vyvolalo,7189
kraťásky,13991
smýšlející,13992
fan,13993
lovce,13994
debutové,13995
spřežení,13996
rolka,13997
přilehlého,7670
hlásící,13998
ano,13999
market,14000
platil,4362
snese,14001
proteinové,14002
svitky,14003
nezměnil,10169
blok,9907
jisté,7524
zataženo,14004
poskytuje,7892
turistům,2543
urážku,11934
ignorují,12660
rozešla,14005
náhrady,11593
vodoměrů,14006
přivítal,3250
uvidíme,2658
potápění,14007
návratu,14008
výběžku,14009
pronajatý,3620
tenčí,3822
střevní,14010
veterináři,4732
představením,3726
násilím,1092
stojíme,2387
prosazuje,6382
evidenci,7019
lokty,14011
zůstaneme,6695
způsobil,4899
kopinaté,14012
křupavé,14013
magnetických,4765
bytových,2699
nohou,9677
zpřístupněna,9708
chybách,4294
vstoupit,5248
službybezbarierový,14014
pochody,10314
bříška,14015
dýhy,14016
unikl,6780
teplomilných,9724
konkurenčním,532
léčitelství,14017
závěrce,2360
hrajou,2873
nabitá,14018
měkkýšů,14019
sestávala,14020
repliku,14021
plukovníka,11375
pachů,14022
krizového,12283
jednostranného,8758
neudělá,5995
právní,11731
vlastnili,1417
rozkladem,10308
zaujmou,5464
řazena,14023
zbytek,6262
souhlasilo,5037
matičky,14024
baby,11180
základního,8512
nedává,2648
zažloutlé,14025
poskytli,2637
salony,14026
statistického,8814
pochádzajúci,14027
kritické,9916
vyvrcholení,14028
necelá,2838
projevily,6551
vybral,5088
vernisáž,4365
labyrint,13460
integritu,14029
postiženy,5527
výstavu,2140
podrží,14030
vypracovala,14031
vyšetřován,14032
obvyklých,8970
květináč,3297
zakazují,7428
představuje,3512
čtvrtečním,2839
neplatnévše,14033
veselejší,6545
krmit,6876
rizika,11941
studentem,1447
rámcového,14034
lišt,2228
tramvajových,4465
service,14035
nemusíme,6284
korunami,1645
šlechtických,4601
pelíšek,14036
kamenného,9012
připadalo,8355
starostu,3264
anonymní,13310
požadovaná,13287
pusu,5418
ohrožuje,14037
chlebíček,1350
extremismu,14038
sacharidů,14039
nepoznala,6667
vhodných,6151
emulze,14040
předešli,8350
přechodové,14041
tušení,14042
mravenců,14043
přicházející,14044
podílem,4306
kontrolována,2676
hrazení,7217
vzali,2299
regulací,1842
záměny,14045
hvězdnou,5352
sebevědomé,14046
pájecí,14047
prchající,14048
kufřík,7459
opravená,14049
automobilem,709
uplynul,7748
alarm,14050
stranám,637
ktera,14051
zákonu,2845
sboru,13572
viadukt,14052
emirátů,14053
padlí,13100
citlivá,9038
dezert,14054
ararat,14055
odůvodněním,14056
kupón,14057
spěchat,14058
odmítá,5907
plzeňském,1412
existovaly,8896
poschodí,14059
jednáním,2889
mravenci,14043
plazy,10831
příjemnější,7013
kroutí,14060
halové,12981
dopravními,2204
nedivím,14061
házeli,12495
miloval,6426
pojistiteli,5379
překvapit,4655
individuálního,14062
putovala,14063
klidné,9653
ničit,4236
hladu,14064
zanikly,14065
překrásná,14066
drtí,14067
oblíbení,1526
koroze,14068
rozměrů,14069
slony,7081
podnět,6796
shodli,10064
kosmetikou,14070
posunulo,9072
demonstrovalo,14071
zastoupené,13394
účinnosti,7404
benefity,9611
poleva,14072
úrokové,10830
psycholog,5867
rodiči,2530
startup,14073
autosedačka,7687
podezřelé,8261
plemeno,4052
prohlíží,3563
stropem,3567
nepřijal,5175
nadpisy,14074
požádalo,5571
oslovovat,3881
slibů,9094
silnicích,3805
poslána,4550
prodán,11034
zachyceno,2515
plíce,7345
uzlin,10528
vyšly,8551
patentu,6626
lžičky,13075
hliník,14075
berní,14076
přísluší,14077
figurkami,7919
středisku,2554
povolená,1745
demonstrovat,14071
neváhala,14078
dvojlůžka,11636
aranžmá,14079
arašídy,14080
nazvala,14081
vesmírnou,3069
smrtící,14082
patřící,14083
majitelem,4325
rebelů,13734
nesměl,4209
výdejního,14084
strávených,7058
objednatel,7802
nastal,11055
pozorované,14085
rozdělíme,6613
dotýká,14086
oblíbila,4215
pětici,14087
širokou,6755
euro,5998
kategórii,14088
bývaly,5072
postiženého,5527
modrého,7766
podlaží,14089
maska,8229
katolickou,924
jezuita,4392
rozloží,11583
řetízek,12016
porcelánu,7106
wich,14090
veterány,10332
manipulativní,14091
hloupě,14092
operovat,14093
výtvorů,12063
problémem,11404
perníku,14094
silnější,9786
dohodli,4190
skleněný,5723
připadá,8355
očka,11148
aktivaci,4383
obviněn,5538
rostlinu,2441
slíbit,5573
slavnou,1212
podlah,3542
nemovitost,4333
certifikace,14095
sazeb,4053
žádostech,3295
slib,9094
záměna,14045
kufrů,11912
umělý,9550
hůl,14096
samostatný,1305
publikovaných,6013
chodník,11829
stádia,14097
ucelenou,7373
přijedou,10379
nechci,2480
srsti,14098
editační,14099
podnikají,6115
vylučují,13851
sýrů,5583
morče,10651
psali,9347
úplatek,4328
oznámit,911
načež,14100
mužské,4339
předkládají,12373
dosahem,9600
geologickou,1318
zachovali,8094
palivo,4832
zpřístupnit,9708
dílem,729
dálničních,9510
začínali,11729
kalibraci,14101
tělíska,14102
probouzí,14103
upozorňujeme,5833
kožená,14104
obavami,10196
principy,13673
monetární,14105
příloze,6017
sáhne,9876
zemědělskou,1752
obchodníků,9794
fixaci,6158
celoročního,14106
učitelek,1599
kakaa,6728
gratulace,14107
zajišťují,5963
tanečník,5193
vytahovat,8634
karosářské,14108
statutárních,14109
vejde,8559
hřejivé,14110
mylné,3922
zdát,9777
soudržnost,8511
rozsudkem,4540
důsledcích,10676
maturitní,9425
casino,14111
vyhlášených,8384
ponoří,14112
svahy,13918
testery,14113
návodu,4222
prodány,11034
sebou,4973
rozhodnou,4706
www,14114
zoom,14115
glykémie,14116
rodila,14117
kapitalismu,14118
obklopuje,14119
zůstávat,9752
volejbale,3913
úředníkům,3194
účelům,5228
vrchních,14120
provokativní,14121
podepsalo,6038
poskytovány,5053
vikariátů,14122
podkategorie,14123
složce,2332
chvilce,2984
propustnost,14124
namontovat,5445
prknech,2656
čajů,2034
dělostřelecké,9891
proslavil,5078
poznat,6667
vzpomínám,7194
dodat,5630
grafech,6959
stalo,2387
časově,14125
jednat,7870
znova,14126
mocí,11991
krokodýla,2630
starověké,14127
hořké,9909
kosmickou,465
manipulovat,11116
mouchy,14128
sekulární,14129
prospělo,14130
foťákem,14131
poskytnutí,14132
poháněná,14133
manuální,14134
oboupohlavné,14135
přistoupilo,5209
kombinování,14136
čekal,5561
podílelo,6726
zónách,1974
hospic,14137
vetší,14138
intimní,14139
brousí,14140
nepříznivého,14141
alkoholem,2997
outlooku,14142
společenskou,2737
nehodlám,5988
desetiny,4740
roláda,14143
úlovky,14144
ocasu,14145
propojením,6113
chatou,1522
rozmanitostí,5801
výhru,4042
kardinálů,8719
částku,4088
neobvyklý,8970
mocenské,14146
tyčinku,6216
sekundách,4082
cyrilici,4892
zploštělé,14147
hlasuje,8144
podílové,13987
spoustě,2823
taktéž,14148
týkají,9026
připadne,9057
promlčecí,14149
numerické,14150
spalovat,11066
poražené,8395
zařadili,3426
ekonomové,4521
vejce,14151
tým,2723
pronajem,14152
věnuje,5581
pražskému,1024
připravovaných,4873
trzích,3623
snídaní,1338
poradíte,8756
říší,1453
ránko,14153
mobile,175
zařízen,14154
divy,11623
doprovázely,10329
triumfu,14155
zákaznickou,6196
tvarovaná,14156
myší,14157
nahrán,5247
přesvědčen,5932
novodobý,5517
opakoval,8013
abecední,14158
náramků,5079
bioodpad,14159
buněčných,9056
smažený,14160
uplynulé,4829
poskytnuta,7717
zástavní,8414
zmatení,6280
odběratelům,3579
úplná,14161
mango,2847
spodky,14162
krytka,14163
direkt,14164
vinnou,4884
financován,5653
peniaze,14165
geografickou,5776
vyobrazením,11587
organizačního,14166
rozšířilo,6025
pomeranč,6377
španělštině,4353
variantu,4489
zvykem,6403
zapojen,5629
prohrál,5860
otočný,14167
jednolodní,14168
dušnost,14169
zbrojí,14170
zavěšeny,9499
míchá,14171
katalogu,7337
hrozného,7262
teplem,2454
přísné,11933
pokulhává,14172
delší,7565
ţáky,14173
pozdravil,14174
dutina,13018
svatojánské,14175
ovlivňují,7761
krytého,10720
pokrýt,8293
lodního,10328
prodejnu,981
činech,2643
historickou,3390
proniká,10477
neobvyklou,8970
vyhledat,11749
hornických,9841
zadal,14176
specialista,8147
účtem,6391
nevýrazné,10600
dohodnuté,14177
olověné,14178
pokusu,13563
zaměstnán,4135
volnější,9237
armatur,14179
kusy,6653
zeleninové,4461
pražskými,1024
posádku,2028
dvorní,14180
nepotřebujete,7255
držitelka,10804
kohouty,9726
civilizační,14181
průvodci,11332
přednášel,14182
sledovány,78
koriandr,14183
vyžadují,11575
vypověděl,13622
interně,14184
nýbrž,14185
rozvinula,14186
střeleckého,14187
energetickému,664
chirurga,14188
pokynů,13920
volitelnou,9684
talent,3613
pohony,14189
protipovodňových,4411
hygienických,2641
made,14190
odvahy,10076
limitovaná,14191
šála,7551
dotačních,10483
korpusy,12908
minišaty,14192
zatčen,14193
formuli,2273
pravděpodobnost,14194
úhel,8331
přednostně,14195
schopných,4346
počítadlo,14196
strojek,1166
ochotné,6706
pomáhaly,11353
neobyčejné,14197
ohromí,14198
menstruační,14199
oběhové,14200
mužům,3176
profi,14201
negativní,14202
safari,14203
zařazených,14204
exponát,3061
průměrná,14205
vyhrazuje,14206
unikátní,10756
azurová,14207
klávesových,10882
objevitele,14208
nebes,5564
naučil,10817
zdravotnickými,1523
potřebujeme,7255
zásadami,2174
nepříznivě,14209
výkonu,13675
slušní,10606
listí,14210
ladění,13326
přistála,14211
zavazují,14212
načase,14213
výtku,6861
kolové,14214
relační,14215
vojskům,1667
aktuální,5708
zaplaceno,10299
dědic,14216
plná,14217
destička,14218
normalni,14219
dobyla,14220
strojního,1784
dvacáté,5476
usilovně,14221
záměry,10098
lhal,2281
češtinu,3325
průhledná,9985
designem,4837
spíž,14222
ručitele,14223
úvěrech,7806
zabrat,5553
řece,3448
opatrná,11940
zlaté,14224
ročn,14225
jednotě,3135
fuj,14226
penzijním,4271
přestěhovat,9543
bordel,14227
cestovné,14228
garantujeme,12581
využívány,9335
vhodná,6151
národům,1018
kost,12004
dřeň,7077
arkády,13183
ohrožení,14229
nevyhnutelné,14230
generálním,599
záruku,6452
cviků,14231
rodové,14232
tisících,14233
soutěžilo,6435
úplné,14161
neschopenku,4346
source,14234
nemusejí,6284
vybaveny,3681
ilustrátor,14235
jednáme,7870
polopenzi,4187
vykládat,14236
podmínek,4748
nepoužitelná,14237
vyhlášeno,8384
uběhlo,14238
prsu,14239
operuje,14093
kontakty,14240
maturitních,9425
odpovídali,14241
spis,8173
hravou,10255
senátě,1995
vyzkoušeli,8681
předložil,2073
vadami,6751
podkladů,14242
vyrábíme,2253
skaut,12520
nasměrovat,14243
podstatné,13017
připravenosti,13743
jedou,9619
nevypadají,8504
prohlédli,13793
statistikách,14244
praktika,2486
končetinami,5148
posloupností,6762
francouzštině,7472
cukrové,11699
uložíte,5927
slabších,13201
vzděl,14245
stvořil,12924
středních,10758
zjevení,14246
proběhly,7966
čeleď,14247
patřit,6209
anál,14248
laserový,1060
zavřenými,6694
povzbuzuje,14249
skvrnitá,14250
léčivé,14251
manželských,1967
činžovních,14252
olympiádách,448
opřel,14253
skrytého,6741
pneumatické,14254
cukrovaru,14255
osadit,14256
tower,14257
svědčit,12895
překážky,8465
příchozí,14258
docházkové,14259
nositelky,11214
odvádí,8900
nepřístupné,13162
extraktů,14260
osobách,1033
neexistovalo,8896
jemné,14261
přízvuk,14262
připravujeme,2407
vyčíslena,14263
nově,7978
měniče,7259
uvedou,582
výdeje,14264
ortodoxní,14265
prostředkům,2787
poskytneme,2637
spojovacího,10294
odpoutat,14266
praktického,10385
lék,1909
vědomé,7270
povětří,14267
cool,14268
temnou,3795
demontovat,14269
opožděně,14270
pojištěný,4928
prohlašují,6828
vesele,14271
laboratorních,4990
řidičák,14272
kreativně,14273
informačním,845
society,14274
oblohou,925
vytvářeli,8617
portů,14275
referátů,7028
pojistitelem,5379
linii,2062
stánek,3660
behaviorální,14276
placku,5324
čteme,4254
samotěwellness,14277
viníka,14278
pomocné,12557
spáchá,6160
zadržen,12616
magor,14279
připravení,7117
blábol,6283
otravy,9240
rozvíjela,14280
dvojkolí,14281
lopatek,2304
chudá,7971
tehdejších,4232
stojícího,7486
abstrakce,14282
řešená,14283
sloupků,8016
chytlo,14284
bít,9846
ukáže,2968
nedaly,4578
představuji,3512
obyčejnými,2544
výletu,7457
svěřena,1929
usnesla,14285
zaslouží,8275
přesvědčování,14286
smrkové,14287
soše,2573
pujde,14288
nejoblíbenějším,1526
mluvících,3216
oddělující,14289
poznatky,14290
zajišťování,14291
jaro,7343
závodě,4335
počtvrté,14292
nezákonnou,14293
kritik,1207
putovali,14294
červen,7107
prodejního,14295
sekrece,14296
starobní,11283
nezasáhl,14297
interface,14298
odstrašující,14299
brzo,3406
měšťany,14300
měšťanských,10595
rostlinou,2441
poradí,8756
studena,14301
výtvarnému,1917
vinu,3636
procesy,7127
dřívější,8424
rtuti,14302
ovládacích,14303
dlouholetý,3418
špičkovou,1792
spalovacích,9819
zpomaluje,14304
čip,5670
spojit,10850
čerpali,11239
výpočty,14305
jistého,7524
odděleno,6723
potřebuji,7255
legislativního,12937
rezidenční,14306
taktická,12116
úvaze,3257
síto,11849
snáz,14307
naměřené,14308
efektivní,5368
laminované,14309
připravovaly,2407
předstírat,14310
nevěře,1130
nenásilnou,4164
ilustraci,4657
rasy,14311
zabalené,14312
původcem,9503
nepříjemnosti,14313
olověných,14178
dokonalejší,8145
zař,14314
zrcadlí,3311
znalosti,8286
objímky,14315
svést,14316
terapií,4321
palmového,14317
prodejích,2070
krajka,14318
rtuť,14302
nenechali,3282
konvenčních,4633
homosexuál,4789
arbitráži,4078
inkousty,11280
zhoršuje,14319
přinejmenším,14320
nástrojové,14321
křišťál,14322
požadovaných,13287
masový,2280
nezaznamenal,2236
obytného,14323
strážníka,3980
definice,14324
spektrální,14325
soustředili,5637
názorově,14326
hlasového,2194
zobrazena,14327
již,14328
špatnými,3942
vylepšená,12661
granátu,6034
schopni,4346
věděl,3307
šelem,2215
sanace,14329
kartonové,14330
pohladí,14331
neuvěřitelné,9942
přemýšlíte,7326
zitra,14332
narušuje,14333
nezajistí,14334
shoda,14335
hejtmanem,3126
kukuřičné,14336
proměnná,14337
prázdno,10664
obrázek,5140
převzato,4186
paměťovou,1600
změnou,5108
sídelní,14338
napomenutí,14339
dub,14340
převádí,12235
útlum,10751
vyhnula,14341
bojů,7886
soustavně,14342
nemožné,9774
táhla,7055
napodobit,14343
outfitu,14344
kontejnerů,13280
vybaveni,3681
falešné,6399
názvu,14345
dvorního,14180
couvání,14346
ovlivňována,14347
poválečných,11700
pouze,14348
radioaktivních,7686
pejsek,6349
pojede,9619
barevných,509
dít,9311
domečky,14349
žije,10100
snažili,5473
představovat,3512
mikroorganismů,12816
nebyl,6557
čítač,14350
chvění,14351
neplatnosti,14352
akustickou,6952
sexshop,14353
konělázně,14354
knižně,14355
samé,1565
sběrnici,14356
speciálních,6368
šatičky,14357
orchestrem,5350
atmosférických,7693
vidim,14358
preventivních,8157
tvůrčího,3853
vzhůru,14359
algoritmy,13704
sadu,5807
postů,7395
prohru,2965
atypické,14360
kurzy,13335
podstatně,14361
dvouhra,14362
záchvatu,9567
uskutečněných,14363
elastické,14364
koncipována,14365
chlápek,14366
nasazená,10768
ztrátu,4424
nadýchané,14367
vtipnou,2126
vinařských,2153
panoramatický,14368
připomínkování,14369
potisky,14370
komunitách,5528
archeologové,14371
těžká,14372
otvírák,14373
stíháno,5012
ostatními,4382
salón,7735
vraždil,7347
přijeli,10379
poloze,3543
muslim,7749
zapotřebí,14374
sochaře,12272
lyžař,3865
jednorázově,14375
lézt,4019
inventáře,14376
součinnosti,10551
slově,3662
orientovaného,5191
publikovány,6013
kvalifikaci,6658
mezistátním,8596
inspiraci,7586
obnoví,9889
takzvaného,7849
vybíhá,14377
stříkání,14378
předběžné,13364
obvyklou,8970
páč,14379
dinosaura,9062
opustily,7587
kázně,9384
invazivní,14380
domácím,376
nereálné,9372
dovezli,13079
porty,14381
neuvedené,12840
portálem,3055
vodící,14382
anonymních,13310
levandule,14383
výrobního,9383
perorální,14384
koupeli,14385
pesticidů,6720
dodržování,14386
tatínkovi,4423
měnou,5287
vyuţití,14387
nezávadné,3479
úzkostí,12737
rytířské,14388
pokročilejší,12553
kameník,14389
zprostředkovatelů,5879
posuvné,14390
pochybuji,14391
utkaly,9956
prioritních,14392
šikulka,14393
pokládku,14394
objímka,14395
pohybovala,14396
invalidního,10753
rozhodujícího,14397
vykořisťování,14398
agresivity,7763
závadný,3479
paláci,2742
čemuž,6906
volný,9237
vrátil,5518
vycházely,8658
překvapí,4655
duhy,5784
zácpy,7832
hádanek,3472
podalo,4389
zklamání,14399
ilegálních,8625
chystáme,2976
postojích,8934
procházející,14400
čich,14401
kvadrantu,14402
uklidnil,7750
harmoniku,8172
tyrkysové,14403
věrohodný,9570
srdíčko,5289
audi,14404
selháním,14405
prefekt,14406
židovství,14407
imagí,14408
bratry,8131
užitečného,12338
vypouští,14409
odhalili,2114
pomůžou,14410
sobotním,1597
neoprávněného,5933
riflové,14411
dezertů,14412
jedovaté,14413
učedníci,14414
zákonní,6810
sbíhají,14415
obavy,10196
pochádza,14416
skutky,14417
hodně,12209
ovlivňuje,7761
srazily,12964
obvodu,4366
mužskou,4339
nadějné,14418
směrů,13942
podstatného,13017
dojela,14419
třinácté,9393
varhanní,14420
těsta,12670
summitu,14421
fialové,10782
zapojilo,3353
odborníkům,1209
otevřena,8468
podvodníci,11265
průmyslem,1646
zlo,12628
utkala,9956
nadřízeným,13407
dělané,14422
navrhne,5736
vyřadil,2995
skutečností,2558
pravdivost,14423
netopýrů,8225
okrajovou,7480
vládci,9903
indických,1075
vyřešena,14424
hermelín,14425
podrobných,5433
nocích,3219
okamžitá,13862
boule,14426
produktu,3495
dětskými,504
pikantní,14427
výživové,14428
zasazené,14429
evropskými,2344
spusťte,485
spalování,14430
vyrůstající,14431
zopakovali,7828
řečeno,14432
biskupa,5198
přepínač,14433
napadené,13096
ptá,7099
úvěrových,3773
střelci,5775
obkladu,6000
zařazena,14204
neoprávněnému,14434
zkrácené,12832
vykoupat,14435
poznatků,14290
vycpávky,14436
cibuloviny,14437
čelem,2887
probošta,14438
brzdné,13135
vědomostí,1671
zásobě,5369
poznáte,6667
fakty,14439
lopatkami,2304
zdrojový,4499
sáhnout,9876
záhy,14440
kolaps,5185
zobrazován,9688
nedokončené,14441
předpovídá,14442
zdravotních,6332
dokumentující,13588
šlehačku,14443
pluku,14444
rovnoměrně,14445
pointy,14446
chránila,13015
brzda,14447
vypadal,7786
udržitelné,14448
nijak,14449
relevantní,14450
rekvalifikační,14451
projednalo,7788
novověku,14452
vysocí,2908
preferujete,4911
výtržnictví,14453
záblesku,14454
plevel,14455
přeneseném,9020
teroristickém,5005
hovoří,3440
konstatování,14456
retrospektivní,14457
praktikami,2486
varieta,14458
pravidelných,5176
vynáší,14459
jednali,7870
salon,14460
oznámen,4759
vyčnívá,14461
setrvání,14462
čarodějnici,6967
hrdosti,9523
textař,14463
šroubovák,6136
využitelnosti,14464
neposkytuje,7892
přechodů,8849
patřících,14083
zaslali,3951
krasové,14465
libosti,14466
přeložky,14467
lezci,14468
mimčo,14469
zpracovat,5645
zadáním,14470
odvolat,2617
dopustí,2430
hospodářského,3042
nevypadá,7786
milenců,4700
vodíku,9210
rozhodnutím,12556
pohárů,2105
přimělo,6480
nastavena,9370
sovětští,613
sklepních,7442
principu,13673
šťávou,2644
výšiny,14471
věků,14472
obranné,9866
ponižující,14473
integrovat,14474
kdokoli,10030
ničivé,14475
horších,12232
moudře,14476
astronom,14477
ocení,3828
nesnášenlivosti,7043
jedoucího,14478
zvolení,3670
spořitelní,14479
kuriozit,14480
dáváte,2648
filosofové,14481
přihlášeni,3950
vývojová,12934
disponuje,14482
mincích,3592
vzdaluje,14483
ojedinělý,11070
proudit,10896
zvedají,13867
pohybující,14484
únavy,2035
raduje,12625
zemřelo,7719
ropy,14485
vzájemně,14486
úzkosti,12737
pohlcuje,14487
odpadne,14488
plynů,11872
mušky,13124
mála,12740
krocích,13973
připevnění,14489
ústavech,6168
slovačiny,14490
směně,4969
tolik,14491
přednostního,12147
individuální,14062
text,4800
posuzování,14492
zakoupen,1612
vyplňování,14493
spokojenější,11827
plamenech,11973
léku,1909
jednalo,7870
moznost,14494
nejdůležitějšími,7182
umíme,9732
sdílel,8884
zdrželi,14495
rezervy,14496
nejzápadnější,2055
umřel,10598
závěsný,2443
proudem,7595
popsali,14497
pomocník,8025
vedl,8665
zpoplatněna,14498
míč,4768
nejrychlejší,4802
závažných,11637
cestujete,7520
popřát,14499
stříbrných,6175
kožich,14500
propastí,5174
klubových,2163
odzbrojení,14501
nevýhodou,7396
pomůže,7493
čtyřhranné,14502
plynoucích,9769
ukradne,10388
předpokládat,8346
přebírá,14503
potravinářském,571
přešel,5230
vytrvalé,10115
násobky,14504
odmítám,5907
kapitule,14505
učila,7431
ocenění,14506
dvanáct,14507
vypěstovat,14508
logistice,14509
příbuznými,10693
citát,9339
mnohdy,14510
obecné,13783
nervozitu,1867
napájením,7432
odkazování,14511
kvalitativní,14512
zatčeno,2762
opic,714
zakročit,14513
tací,14514
předpisů,11400
snažilo,5473
skladateli,2470
snažím,5473
soukromému,352
čarodějka,13094
vrchů,14515
schopno,4346
báječné,6682
fotonů,14516
dírky,14517
vědecký,1403
graf,6959
splněna,14518
zažívá,14519
účastnili,1584
následné,9710
spočívat,11049
pomocníci,8025
zahájením,5754
kolečko,4269
zácpě,7832
silnici,3805
nízkého,14520
věrných,5904
patřilo,6209
učebních,4680
kouzla,14521
aspektech,4847
přednáškový,14522
střídavého,12735
provozován,1421
dlouhých,7565
srdečního,13524
stavbou,1795
molo,14523
nezapomenutelné,14524
táhly,7055
postarat,8317
učitelkami,1599
bankám,80
hlášeno,2390
poctivost,14525
ožívá,14526
lněné,14527
nechápe,5069
reálném,9372
dopadli,6646
resuscitaci,7173
transformátorů,12388
závodem,4335
významné,11479
zodpovědní,5306
slečen,1741
oceňuji,14528
pomníku,14529
kandidátní,14530
smrtelné,14531
cloudovým,14532
zřítil,8439
same,14533
rizoto,14534
vezmete,2299
prodlužovací,14535
nazpíval,14536
energetickými,664
kvalifikačního,14537
střety,14538
zvyk,6403
důsledné,14539
polyester,14540
terária,14541
antologie,14542
žádostí,3295
hostovat,14543
vlků,14544
umývání,14545
stočného,8091
říční,14546
pokožku,4079
poševní,14547
narychlo,14548
poživatin,14549
srdečních,13524
dětma,14550
kytek,4197
kvantové,14551
personálem,8367
zoomem,14552
složit,9798
praktičnost,14553
svislých,7682
potisk,14554
aerobní,14555
spisu,8173
narozdíl,14556
hvězdičku,4491
dokončení,14557
celulózy,13372
fólií,1210
zlé,12358
portem,14558
nejprodávanějších,5115
nabízelo,2097
nohami,9677
hotovostní,14559
kupující,10424
uchycení,14560
podob,697
bratrství,14561
podstatě,5522
vzpomenout,7506
nezačal,5894
nemůžu,4811
zaútočila,14562
zadny,14563
dílčí,14564
déšť,11565
ústupky,14565
nedostupná,4517
konstrukcích,887
klikání,14566
prováděli,7164
porovnávat,13379
postihnout,6585
podezřelých,8261
prioritní,14392
prosil,6030
lisy,5786
patent,6626
metalická,14567
potenciál,12886
sirup,6523
tel,150
zákoníkem,5330
kleště,14568
zavedli,4749
akrylové,14569
nervu,8826
podcelku,14570
balíčkem,6449
moravském,1015
ocitli,7838
konstelace,14571
milionům,4180
opatřením,9278
poslouží,8698
zazpívat,10428
umělá,9550
vac,14572
nabízen,8486
etiku,5311
pořeby,14573
unést,14574
tlumičů,14575
efektně,14576
stadión,3058
nepřesnost,12015
neberte,14577
zavraždit,7096
prstence,14578
topného,6964
předmětu,5511
dynamika,14579
vyřídit,14580
objektivem,3393
vyrozumění,14581
tlačil,5580
kontaktoval,14582
všechen,4183
děsný,14583
vyznamenal,14584
diferenciální,14585
pracovněprávní,14586
encyklopedickou,2591
produkující,1430
zajímali,2668
ekonomů,4521
zvětrávání,14587
nejčastější,6688
emigrantů,14588
pozvat,1146
lovecká,12227
školském,1085
elektrickému,342
partnerskou,4472
moskevském,2308
ustoupit,8680
racionálního,14589
nástupnickou,2211
dvojicí,802
lékařskou,1760
ozvalo,3638
takoví,3536
pěkná,13933
prohlídku,3752
destrukci,6381
nepřirozeně,14590
hotové,7557
vrátili,5518
nožičky,14591
aktualizované,8457
vinic,14592
odehrávaly,7299
námitky,14593
dříví,14594
plachtění,5292
věkovou,8358
konzerva,9429
bakalářském,6909
drahami,207
veličin,5602
balíčků,6449
čtěte,4254
nadržená,14595
kabelce,2924
matematické,11612
vystavení,7433
zanedbané,14596
sourozenci,14597
kladná,14598
škálujte,14599
ostří,5068
zvedli,4722
singlem,14600
nožky,14601
odběrná,14602
vystoupí,4150
chystali,2976
jihovýchodu,6072
poputuje,14603
hradě,6538
dodáno,6069
stíhacího,8725
rezerva,14496
historickými,3390
báli,8215
dobrodruh,14604
vnutit,14605
celku,5426
klubaktual,14606
grand,14607
expanzi,4716
odpadního,7736
zásobovací,14608
poražen,8395
politickému,758
zakoupil,1612
oboje,12055
zažívají,14609
zdravotně,14610
geniální,14611
otázkou,3953
cukru,14612
mrknout,14613
prvních,7760
selského,9636
příjemců,10678
platů,8429
mezer,14614
vinný,4884
zůstanu,6695
skupinami,1246
památkového,6404
reprodukční,14615
organizační,14166
pedagog,6437
dělal,3911
nehod,1317
ubytovací,14616
nesnesitelné,14617
legalizace,14618
družstvo,7154
sil,9273
rušivých,4714
azylové,12896
dává,2648
stabilizátory,14619
love,14620
vyznamenán,14621
otočných,14622
obnoveno,4194
hlídkování,14623
nádobách,6933
svalová,13853
nepotvrzené,14624
tvory,14625
demokraticky,14626
špinavou,4929
objednána,2455
bránil,10915
pokryto,14627
years,14628
pleť,11905
různého,2578
dědice,14629
czech,14630
vyžadoval,11575
skryta,6741
deníček,520
cizojazyčný,4927
mniši,11359
předběžně,14631
zbylých,8648
měsíčního,14632
skladech,10573
zaměřil,3800
dodák,14633
dobírku,14634
dno,14635
antivirus,14636
bývalí,2372
štěně,14637
pomáhají,11353
camera,14638
favoritem,14639
rozmanitý,7219
připevnit,14489
obydlené,14640
skořápky,14641
poradnu,1374
pojistná,14642
výzvou,3666
každodennímu,3608
pokyny,13920
letové,10023
porážky,4394
vesnici,2237
mocně,14643
grandslamové,14644
nevěstě,2642
populárním,492
penízky,14645
postupujících,8207
zkoušet,7647
stříleli,14646
sovětu,14647
vadou,6751
předávají,14648
imigraci,14649
pelety,14650
filtrovat,9208
rozboru,14651
bojovat,13814
průměrně,14652
vycházel,8658
anglickou,3964
porazilo,5133
provedeného,13965
vytvářena,8617
vnímám,6052
mědi,14653
oddílů,6268
provozovali,1421
počítalo,3575
prototyp,11494
viniční,14654
dopouští,14655
miluju,6426
spoléhat,8752
problémech,11404
básní,10491
projednávat,14656
chodil,5234
průvodců,11332
závodům,4335
názvy,14345
opravou,2496
ohňů,5673
nebezpečnost,14657
bubeník,14658
revitalizaci,14659
favorita,14639
šestou,6913
emitentů,14660
ověřit,14661
naprava,14662
náledí,14663
upevňování,14664
meziválečné,14665
zeleninových,4461
základně,4567
dokázat,7848
pumpa,5481
cívkou,7060
autem,452
urážet,11684
pěstovány,5740
námi,14666
představovaly,3512
úkonech,14667
zajišťujeme,5963
jakoby,14668
stojánkem,14669
nos,9824
pravoslavnou,1615
formulování,14670
prosadit,3619
obchodem,2992
průzkumných,14671
domníváme,6715
vzhled,13484
molekulární,14672
členění,14673
kloubové,14674
stojících,7486
líbily,6740
okruhu,6240
realizováno,4270
limity,14675
deficitu,14676
rozhodoval,5419
evropský,2344
neomezený,7390
plošin,2002
emailu,14677
nedají,4578
mellitus,14678
újezdu,14679
fleece,14680
infobox,14681
bránit,10915
oprávněně,9293
představách,913
litá,14682
vámi,14683
mocní,4972
musí,6284
aktivována,9126
medvídek,5280
servisem,5177
přízni,14684
mostů,4876
udělá,5995
utkali,9956
systematické,14685
ohrozit,11218
sloveso,13028
bílou,5806
posloužil,8698
požadavky,14686
rakouskými,1000
nejčerstvější,11100
vousy,14687
příslušných,8095
kostí,12004
globálního,12239
vrba,9589
bocích,14688
zachází,14689
tmavá,6325
přístupovou,6099
chválili,10375
sdíleli,8884
bohoslužbách,1173
hraběte,14690
rozličných,7598
sýrové,14691
přeji,4174
popsala,14497
fotkou,4374
zavřený,6694
jednoduchého,11045
zakázána,4853
kvalitách,1887
lištami,2228
doktorské,10659
frází,1144
chlapec,4599
podvozky,14692
okruh,6240
nerespektuje,14693
atp,14694
důchodovou,4185
multimetr,14695
podporoval,6619
přepínačů,14696
buď,14697
pohybových,3389
směli,4209
uzavřená,8806
zabývalo,4673
východu,7805
remíze,10129
nenajdete,5746
odzkoušené,14698
pomocníka,8025
publikuje,4794
perla,7833
příběhem,3076
smůla,14699
využívaný,9335
vykonávat,9562
probíhají,8530
trestného,4663
volnosti,7209
udržované,14700
mapách,2090
židovské,12666
moderními,1422
poví,14701
fungujících,7369
nesmím,4209
odbyl,14702
rozmazání,14703
inspiroval,5939
flexibilní,14704
louky,9892
zastřelen,14705
nabídek,1115
aktualizovaného,8457
shrnula,14706
pryskyřice,14707
střídavě,14708
chodníkové,14709
obchodování,14710
vládců,9903
letá,14711
stíhacích,8725
studují,10587
dopadajícího,10569
aplikovaná,14712
výdrž,14713
rychlých,4802
způsobují,13307
pojmu,9669
litina,8008
vydaná,14714
variabilní,14715
stážistu,14716
příšerně,14717
poznala,6667
zdolala,14718
samosprávného,9243
judikatura,14719
pojištěným,4928
odlišují,14720
ministru,1529
matku,2419
podsvětí,14721
začal,5894
náramek,5079
žlutá,11759
holandský,1678
nikoli,14722
koncovky,14723
poražena,8395
ucházet,13044
kontrolují,5636
písemných,8185
vraty,4140
kokosová,14724
stresové,14725
nedostává,5404
největších,2604
vybaveností,8187
dejme,4578
bohatého,9697
naplánovat,14726
vítězi,3979
důrazně,14727
putování,14728
ubohé,14729
praskání,14730
vztahů,11871
vedru,6020
gólmana,9859
zaměstnáni,4135
zrádce,14731
župního,14732
spolupracoval,7791
vědách,635
pohlídat,2704
obleku,6605
zjistit,2037
synovi,6201
nepoužívejte,14733
nadbytku,14734
uchytit,14735
řeknu,13087
mix,14736
sestavených,4133
pořadové,14737
sedm,14738
záměrech,10098
činžovního,14739
štíhlou,6236
vyhlásit,2402
dělník,10238
mřížkou,3272
polo,14740
neobvyklých,8970
vykopávek,14741
povodni,3394
lůžku,2436
replik,14742
polemizovat,14743
emotivní,14744
postoj,8934
přemýšlela,7326
záhadu,2690
fresh,14745
staženy,12196
oblíbeném,1526
souvislost,9650
incident,9106
kaštany,14746
záporná,14747
důvěryhodnosti,4456
poučení,14748
nejnovějšími,2294
pořádají,5151
výchovou,2392
žila,10100
nevzhledné,14749
modlitba,7665
skládal,8418
lodžií,743
načtení,14750
polyuretanová,14751
zamykání,14752
přispěly,7142
oblastních,8520
zklamalo,5471
vrátit,5518
drtivou,9490
nemohl,4811
anatomické,14753
papežů,2331
motivované,14754
přibývalo,13297
asymetrická,10442
sehnala,14755
sója,14756
stydí,7437
nevydal,14757
dvacátém,5476
bombu,1695
odpružená,14758
směšné,14759
nepřímý,6759
sloužily,11510
navrhuje,3029
zpracovatelského,14760
máta,14761
rodit,14117
plátce,14762
stovku,5451
dopisech,3703
vysvětlili,9195
bezkonkurenční,14763
zmrzlé,14764
přístup,11889
čtenářského,6111
nezaměstnaní,13476
indický,1075
ránu,14765
kouzel,14521
strachu,14766
frekventovaných,9617
holandských,1678
hradební,14767
historický,3390
holuba,8700
horečku,3784
elektrokol,3871
eshopů,14768
odkladu,14769
předchozích,13835
značnou,8561
záložek,14770
enzymů,14771
řetězcích,4163
mazací,14772
příspěvcích,14773
přehlídek,2298
chráněného,14774
slevy,13211
víku,8283
podnikáním,2669
jízdenek,10182
přívěsu,14775
poptává,14776
lístku,3799
trik,2589
nacistickému,6799
patnácti,12893
plátků,11268
černého,6939
spočíval,11049
poskytují,7892
laťku,10625
orgasmus,14777
nepaměti,14778
čísle,5321
královského,3031
spěje,14779
spokojenost,13541
upečení,14780
sólová,14781
chvály,14782
rozhodce,14783
nabídnut,8505
podávali,10912
lana,14784
voňavé,14785
buddhistických,4041
dýmky,14786
cihelna,4784
vyberete,5088
dani,3397
vstřikovací,14787
ignoruje,12660
hadičky,14788
kroků,13973
kličky,14789
záhadného,10876
dějí,9311
zálibu,1594
fotografovi,1172
nevyužil,4038
pořádnou,3743
odevzdá,14790
obracejí,14791
strhne,3813
otevírat,14792
izraelští,2981
předělat,12975
zbudování,14793
požadované,13287
zpívá,3668
vypínačem,2004
časových,8349
týkající,7186
podložce,5692
pohonů,14794
líto,14795
říkají,3929
bonusů,12091
manžetové,14796
bio,14797
rozloučení,14798
zvítězil,5172
režimech,3367
symetrické,13888
potaz,14799
závodění,14800
nestandardních,13109
autonomním,6469
konzultantů,8002
slavnostně,14801
volitelných,9684
sektorem,4281
obilnin,14802
magnas,14803
oprávněným,5933
poutka,14804
odložil,3124
fans,14805
slušného,10606
žijí,10100
kurátor,6054
plesové,14806
modelům,6807
rozuměli,8951
boxerky,14807
vlnami,1907
prastaré,14808
uran,8290
předvádějí,7059
movitých,6009
alllousek,14809
trhliny,14810
stand,14811
jazykovou,5094
tranzistoru,5635
rehabilitačních,14812
plesa,14813
klukama,14814
tubus,14815
zbavuje,14816
porazil,5133
umístíme,3876
měkkého,14817
přistavěna,14818
osách,8549
utajit,14819
nebytový,8475
neomezenou,7390
misionáři,5986
ventilační,14820
ptáme,14821
čistotu,7199
čerpají,11239
polštářem,2607
polský,1630
nepřátel,7138
rituály,14822
páky,14823
získávání,14824
jednají,7870
trvat,8981
připadají,8355
stěhov,14825
vymezí,14826
mapující,14827
venkovský,4243
pastorační,14828
karcinomu,14829
vypracování,14830
mapového,9738
mýt,7034
detektor,7153
ukázkami,3969
pozoruhodně,14831
seminární,14832
tvarů,14833
dělaly,3911
potvrzeno,10878
komorník,14834
nepřestal,3110
pixelů,14835
neváží,14836
souvisela,10404
rozpadem,8376
hadic,2061
důležitých,7182
vyčnívající,14837
zapadá,14838
zavazuje,14212
generál,6540
registrována,14839
zetě,14840
modlitební,11091
přeháňky,14841
použité,12601
konzervativních,4586
líčení,14842
záhadná,10876
slečnu,1741
zbytečně,14843
blízko,14844
osušíme,14845
projevech,5967
nevěřím,4854
podpisu,14846
poukazují,14847
ustanovení,14848
pozorována,7200
hledí,13254
zahyne,14849
propojených,9319
skládají,8418
nejaktivnější,3963
slovinských,2464
hrabat,14690
ventilkách,14850
směřují,10119
izoluje,14851
prostředníka,14852
lepšího,14853
dostatečné,7491
podobnost,14854
opis,12904
album,7488
blinkry,14855
měříme,7522
sbírkami,5599
tradici,2179
mléčných,8236
požadavku,14686
začátek,9021
poměrech,5731
začínaly,11729
broušení,14856
obsažená,14857
projevili,6551
nedlouho,12795
sousedním,2816
chci,2480
mlčenlivost,14858
umístili,3876
obživu,14859
nežli,14860
ambulantních,7862
opravuje,14861
zavedený,6674
uskutečněné,14363
zakotvena,14862
hmotnosti,14863
objevena,14864
nepřízní,14865
elitních,14866
svátosti,14867
předmětem,5511
zajistilo,3075
západně,14868
separace,14869
romských,3183
nedělal,3911
mravů,14870
letecky,14871
sáně,14872
transakci,12709
důchodových,4185
cyklisté,10492
považujete,8531
vyhledávacího,14873
teroru,14874
diagnostických,7391
vládnímu,618
nabíjecích,7630
rolích,3937
kruhového,5337
přijdete,2272
norských,914
stálost,14875
zámecký,1623
modelování,14876
umístěný,6918
jela,9619
viděn,14877
hesly,5137
termostatu,14878
udržovací,14879
emitenta,14880
pancéřové,14881
seřizování,14882
brady,10535
krytin,14883
všemu,4183
bratr,8131
otázek,3953
nezvládli,11761
rasa,14311
slovní,10461
protínají,14884
mikroregionu,14885
princezen,1921
neověřené,14886
zbývá,14887
zálivu,14888
doplnily,7663
snažení,14889
zabezpečeného,14890
dobirku,14891
vaječníky,14892
nevinných,8502
dodací,14893
loďstva,14894
větrací,14895
bojovala,13814
promiňte,14896
úsudek,14897
dlouhodobou,11216
plachtou,5292
proměnili,9218
libovolné,6988
panovalo,6690
musíte,6284
klinického,7465
nápadů,7624
vyvinuta,9326
videochatování,14898
názvů,14345
prd,14899
neuvádí,1772
krytky,14900
řasenka,14901
předkupní,14902
kamenolomu,14903
nacházela,14904
prosperita,11613
laickou,5410
zvolit,10077
typové,14905
nehodovosti,14906
komplexní,9894
hlubinné,14907
osvobodí,6103
sakrální,14908
bojí,8215
kanadském,954
volat,3193
papírových,5828
duchů,13655
čínskými,648
kalich,14909
português,14910
zastavili,7596
snowboardu,14911
pozorný,14912
letounem,2758
rohovou,2413
nezávisí,14913
nepřátelského,7492
laloky,14914
neoficiálně,8035
více,12209
hodné,12540
úkolům,4137
potom,14915
instantní,14916
písních,1496
směry,13942
koordinátora,3996
koncích,6681
poruchami,1332
čeledě,14247
nebi,2206
předehra,14917
desíti,11602
komplexy,10631
odkázáni,11441
vystopovat,14918
běžní,2622
připouští,14919
prosklenou,14920
tvrz,3910
drahých,5059
tento,4043
nákladů,8273
boků,14688
nezbytností,7113
stojíte,2387
vlivu,13911
životních,3324
brankář,13834
veliké,4960
pedagogického,2501
skotských,2646
civilistů,4950
učí,7431
vyhrazeno,4057
většinovým,2274
vektorové,14921
křik,14922
umístilo,3876
rubl,14923
nezvládá,14924
ženich,9107
cílený,2903
impuls,5395
překvapuje,11010
centrům,779
nazvaný,14925
minerálních,12484
příbuzenstvo,14926
městském,834
formuláře,14927
zámeckou,14928
zaznamenaných,14929
lebka,5953
výstrahu,14930
paušální,14931
reprezentuje,14932
nakrátko,14933
intelektu,14934
mistrovstvích,671
ukládají,10150
postižený,5527
kultu,12645
osobitou,6900
podávána,14935
prameny,11473
přiklání,14936
narozky,14937
červena,14938
přílohách,6017
ucházel,13044
autorském,1156
lahvičky,14939
pokračují,8380
pěsti,12244
boky,14688
navrhovaný,9563
papoušků,10863
hrtanu,14940
průměrného,14205
různý,2578
vypovídá,7436
nejbližšími,4865
šmrnc,14941
tvrdě,14942
odolný,10095
úspěch,9712
vyhlásil,2402
vloží,9439
obvodového,11243
souvislého,14943
sympatický,3767
bilanci,9657
připadat,8355
tunelem,7704
střelivo,14944
přičemž,14945
ponechat,8501
spojena,9667
příspěvkům,9958
zorné,7149
postupů,14946
konstrukčních,10725
systémem,2462
scházela,14947
ruském,453
posoudila,14948
mozaiku,1762
nato,14949
soumrak,12451
masných,9633
reliéfu,14950
plastem,7004
rozhodnuto,14951
představeno,2270
biotopu,14952
blokaci,14953
elfy,14954
užijte,14955
krajskému,838
některém,1852
zpět,14956
diskutoval,7932
potrestáni,14957
navržení,13038
tragicky,14958
strane,14959
jakkoliv,13275
kardiovaskulárních,14960
ujali,6355
infty,14961
doktore,4467
profesní,14962
úmysly,12161
bývalých,2372
účtuje,12565
osobitne,14963
zaznamenané,14929
poznávat,8929
nezmění,10169
vleze,11344
strašidelné,14964
přerušením,10632
formičky,14965
reagovalo,6652
zbarvená,14966
přihlášku,10264
hřebík,13434
umístěného,6918
trojúhelníku,14967
udělají,5995
příl,14968
chovají,10447
neúspěšně,14969
oprávněného,5933
spoluautor,14970
maďarský,1783
eur,5998
zaparkovat,14971
omáček,11557
hojnosti,13136
představu,913
vytvářené,14972
vaky,14973
vyžadována,14974
tmavých,6325
stárnutím,14975
zdanitelné,14976
nevyjde,8551
exportovat,14977
vznikajícího,9130
umírali,9046
vady,6751
okamžiků,2146
brankářské,14978
rozhlednu,2361
zmiňována,12630
běžkách,5055
popisku,14979
reagovali,6652
mlze,5840
kopřivy,14980
sdruţení,14981
organizmu,14982
nekalé,14983
kapoty,14984
pověstné,14985
řasa,14986
otázkám,3953
finančního,9134
rozšiřovala,14987
vítám,6051
velkou,2604
pokraji,14988
opačně,14989
kanalizačních,14990
vnímáním,1812
stoupenci,14991
čistit,14992
pěvce,14993
sochami,2573
akciovou,3007
posily,10899
nevyplatí,13972
limitů,14675
neumíte,14994
protékají,14995
začínající,14996
běda,14997
společenskovědní,14998
zjistí,2037
sleziny,14999
jihu,4746
vítězném,5268
doktorovi,15000
správcovská,15001
hvězdičkou,4491
pravé,12612
neuvedl,582
divný,6532
zatčena,2762
výkonnosti,10616
nevidíme,1481
čtvrtletní,15002
nespokojená,11039
radit,9652
čelil,9817
obstojí,15003
uložením,6489
lamino,10503
autentizaci,15004
nedostatečné,7491
obléhání,15005
dostupném,4517
lovit,8813
poškozena,6984
agregátu,8879
tiskopisu,9605
stromků,5454
přežila,11438
latina,9455
naplnila,15006
mýdlo,11121
personálu,8367
přehlednosti,15007
hrstka,15008
přepólování,15009
příspěvek,9958
honění,15010
národností,5000
pulzní,15011
prodávalo,7348
podporujících,15012
pole,15013
úžasu,15014
zbavená,15015
lidského,2751
procento,2447
zděšení,15016
zradě,12460
dáme,4578
vysazena,11660
obc,15017
obživy,15018
prodloužená,15019
ropného,7297
sebevražedného,8828
teroristce,15020
kondici,6954
spinning,15021
sloužící,15022
předkové,12940
držitelé,10804
vládnoucího,12572
měnit,9528
docházet,15023
císařovnou,4533
holubů,8700
zabezpečené,14890
zdanění,15024
sprchových,5578
dovozem,13536
panáci,10708
odlehlé,7435
rychlostmi,8423
písky,15025
realizuje,4270
beztak,15026
verejná,15027
sjednaného,15028
testům,7091
kostra,15029
pominu,15030
nesrovnatelně,15031
rozvržení,15032
chytře,15033
uměli,9732
dvojitá,15034
clona,15035
privilegium,15036
úpravě,8645
punčochy,15037
kotva,15038
jabloní,2383
veterána,10332
poskytnout,2637
karbonové,15039
pořizovatel,3661
zánikem,7178
kurfiřta,15040
originálu,9048
povlaky,15041
pomocníkem,8025
šifrování,15042
odstavců,8153
salát,12002
perspektivní,15043
zahájilo,3399
kolemjdoucích,11391
algebra,15044
podezřelého,8261
čtenářský,6111
písm,15045
milosti,7542
vaječné,15046
drzost,15047
vrchovině,7681
baskytara,15048
připomínalo,10476
prvorepublikový,4689
hada,13215
útěk,11689
odmítal,5907
pokročilá,12553
překvapením,12060
výstřely,15049
jazyce,2849
editoru,3591
neutronů,10750
lexikon,15050
pásmu,3431
salátů,12002
meteoritu,15051
skladu,10573
zásadního,11767
donutí,3587
neobvyklé,8970
plotry,15052
distribuovaných,10962
house,15053
hrdinou,2548
spokojení,11827
nastavením,10091
taxonomie,15054
podávané,15055
vyplývajících,15056
ovládanou,1908
obsazené,7757
realitky,15057
vypovídají,7436
radikálních,12860
půlrok,15058
ruští,453
komunitě,5528
diametrálně,15059
stratovulkán,15060
strýc,13632
kouzelnou,8946
síťky,11211
recenzepřihlásit,15061
rádoby,15062
stahují,8898
nařídit,8928
rozsahy,15063
oblouk,9888
úhrady,15064
vyrobili,873
kojí,12876
kapelník,5103
pruhovaná,5838
všechnu,4183
spolupracovali,7791
oceněn,8693
dřevěný,6945
striktně,15065
návykových,10754
ctnost,15066
pravděpodobnější,6748
prozaik,15067
pochlubit,2449
kopanou,3493
dotacím,15068
modelovací,15069
mírového,7556
doprovodu,15070
rozpadající,15071
mladý,1204
výkop,15072
úmyslu,12161
přiliš,15073
působením,9687
červenou,6719
budiž,6557
sbírala,15074
nepřípustné,15075
mechanikou,5435
barák,4464
autorkou,1593
nemovitých,12135
omezených,7390
salám,6502
mame,15076
formulář,14927
užívali,6640
mapou,2090
zakazuje,7428
měl,5944
bakteriální,15077
náhorní,15078
uvažovali,5850
rezidenčních,15079
mísu,5598
desinfekční,15080
umí,9732
pozdější,15081
prodával,7348
pomáhali,11353
horečkou,3784
mase,3632
milovníkům,3977
chorvatsky,15082
psychická,10006
stavěli,7109
postupuje,10293
vídeňskou,2930
mohutně,15083
poslal,4550
cestujícího,4407
situacím,1581
iniciátor,15084
doplňovat,15085
citrónové,9730
přizpůsobili,7944
fregat,12199
křižovatka,7904
vysokozdvižné,15086
vytvořeného,9716
holič,15087
průzkumný,919
myšlen,4332
medailové,15088
postavil,2832
rozumnou,11732
omezují,10541
hřištěm,1508
jámy,13236
romantických,4597
svalstvo,12627
zdůraznil,11175
skalní,10586
think,15089
judu,15090
přistýlkou,2030
vedením,808
policejním,935
pochodů,10314
přijatelné,9477
prohlédněte,15091
lezu,15092
pracovněprávních,14586
antická,8669
přivedl,8292
přiznám,945
losu,15093
rekord,7317
krajky,14318
správnou,7873
umi,15094
jeskyni,4094
vydělali,2218
demokrat,3652
varovný,6989
pořádaných,12938
plenek,15095
váhat,15096
mladými,1204
onak,15097
oddělil,6723
příklady,15098
výstavního,13620
slunečného,11984
otrávit,5338
nepletu,15099
ledvinách,4161
sendvičové,15100
vchodových,15101
umělé,9550
daly,4578
zápisů,15102
implantáty,15103
regulátorem,3314
zastavovat,7596
nepraktické,15104
městy,529
přidělena,8863
jízdného,10194
aquaplaningu,15105
vyprávěním,3363
počítám,3575
postřeh,11943
překladatelé,11053
perník,14094
doporučuje,9691
natěračské,15106
vyvolal,7189
smrtelná,14531
popruhy,15107
románech,4690
kompozitní,15108
vzrostlé,15109
zanedlouho,15110
obiloviny,15111
správně,15112
sestřelit,15113
boční,15114
pozemských,1817
daří,13421
krmítko,15115
šamponem,15116
chybné,12073
nejsilnějších,9786
používá,9602
bránily,10915
biodiverzity,15117
ideu,4610
odolné,10095
bystrý,15118
trojúhelníky,14967
zamíří,8781
užitého,15119
znacích,10128
orientována,13432
rozvíjení,15120
freestyle,15121
létání,15122
mixu,14736
křídla,15123
začínalo,11729
energický,9764
bubeníka,14658
úhradu,15064
bratrovi,8131
neudrží,15124
podnětem,6796
dámský,7290
ekzém,15125
pokračovalo,8380
dovednosti,15126
dialektů,8976
vyhlídkou,4300
úředníka,3194
epidemií,2937
zesnulých,2340
travnatá,15127
uznat,5126
auditorech,15128
dvoře,7774
golf,12580
poháněl,13074
podokrsku,15129
poničené,15130
zaostává,15131
záchranu,1938
plechovou,10966
výprask,15132
vyměněny,3774
plátek,11268
kulomet,15133
zakoupíte,1612
vyvolané,15134
předpony,15135
nepořádku,9991
kempů,15136
sliznice,15137
přicházet,10433
byte,1013
bolestivé,10001
fyzikálně,15138
kojíte,12876
ukrýt,15139
složitá,15140
panovník,8825
laika,15141
rozštěpení,15142
domovských,1316
migraci,9524
spiknutí,15143
slabiny,15144
pozdějšího,15081
chrupu,15145
neprůchozí,15146
živočišného,7427
sakrálních,15147
početné,5787
houslistka,15148
vyloučeny,12702
cukrářské,15149
rodn,15150
tureckém,1472
přirovnat,15151
tajemného,8864
pohonu,15152
trestně,15153
jednající,15154
hrozil,3036
staršímu,15155
královně,2850
postupu,14946
produkoval,1430
epilepsií,3945
básníků,9401
německého,1666
splátkového,15156
zamýšlí,15157
sovětskými,613
radách,383
začínajícího,14996
měřen,7522
vím,3307
logopedické,12514
přiměřenost,13976
vážných,5162
brata,15158
shlednutí,15159
svatbou,1604
nejznámějších,2626
městskému,834
vyplácí,15160
svépomocí,15161
pavouk,5294
záběrem,276
formátování,15162
přispěje,7142
změnách,5108
neleží,6001
přívrženců,15163
císařského,9164
odkud,15164
podložku,5692
trénované,15165
hladoví,7691
regulátoru,3314
přirozené,12614
chlapci,4599
expozicí,1513
naměřili,15166
prostředím,1699
dovedu,10951
údajov,15167
generační,15168
diskutovat,7932
urážka,11934
praxi,1046
prozatímní,11350
ovulace,15169
uvědomíme,4552
střílí,14646
mívá,12112
úmrtnost,15170
sídlící,15171
přistoupit,5209
setkáváme,13668
odměna,12144
blahodárné,15172
obrovskou,4314
bilanční,15173
napadených,13096
familia,15174
slaďování,15175
podporující,15012
minerály,15176
náročném,3630
péra,12246
pokryt,8293
slim,15177
výtvor,12063
podnikový,4470
pěnového,15178
upravené,10323
hodnoty,10132
cache,15179
popírání,15180
stvořená,15181
týmovou,4744
okenních,9051
upozorňovat,5833
webdesign,15182
žilo,10100
nakoupíte,1238
zakladatelka,15183
příměstské,15184
slavnostních,3533
přilehlou,7670
kosmetickou,3259
citátů,15185
síry,15186
zpracovávat,15187
nalepovací,15188
keramického,6661
magmatu,15189
malbu,1944
pivovarem,2552
korektní,15190
soudech,774
chaos,15191
určeném,9312
slabosti,7530
obojek,6814
čtyřikrát,15192
zveřejňovány,6182
řádové,15193
nadějí,4977
rodičovských,1724
zasloužili,8275
přírodopis,4891
zveřejněn,2871
zmínku,9472
samotnému,2013
žádat,4352
štítek,7730
teraz,15194
načítání,15195
dřívějších,8424
neprojde,12548
parníku,15196
vyzkouší,8681
nevznikl,7645
listů,7495
hebrejština,15197
ilegálně,15198
tišší,4080
vyhledání,11749
rodičovského,1724
stresující,15199
kursy,15200
doping,10505
absenci,5501
využijete,4038
ženám,875
odpo,15201
proteinový,14002
podklady,14242
všecko,15202
inteligencí,1117
lovu,14620
snadno,13182
čidlem,15203
rozpustná,15204
slunečno,15205
registr,15206
přemnožení,15207
příspěvků,9958
viem,15208
předávány,15209
preferuji,15210
nevyhnutelně,15211
pojmenování,15212
komplikovanější,15213
jednorázového,12281
sen,7422
těžebních,5710
vědní,15214
nízké,14520
takový,3536
žita,11866
sladěné,15215
překvapeně,15216
vyjednávání,15217
ženský,2307
úniku,5937
roštu,4555
spáchal,6160
racku,15218
přírodních,12992
registrech,11854
dám,4578
odolného,10095
pohledů,13576
tvor,14625
horkých,2240
mezera,14614
autorce,1593
řeší,5874
diverzity,15219
pronajal,4822
fajn,15220
bojovaly,13814
podélné,9910
sdělí,1791
plísní,4418
voděodolná,15221
wrongly,15222
praporů,9176
nabízejících,8558
matkou,2419
riskuje,15223
ozve,3638
kontrastu,10608
vyrobená,13125
pohnutky,15224
čajovou,10113
bokem,14688
holčičí,15225
neinvestiční,15226
hardwarem,2183
zdůrazňovat,15227
zrada,12460
intolerance,15228
subjektivní,11911
výklopné,15229
výzkumník,2592
matrice,8727
řečtiny,15230
našem,2681
laserových,1060
vzestupu,15231
dědek,15232
zakázány,4853
příštích,2319
paralelně,15233
chcela,15234
zázvor,15235
aktuálních,5708
pojednávající,15236
hmyz,13733
květen,8636
fretky,15237
trend,4703
doteky,15238
luxusu,15239
výchovných,6847
lezení,15240
paličky,15241
znázorněna,15242
zlého,12358
posvátné,11555
pneumatika,8829
několikadenní,15243
polstrování,15244
address,15245
vítejte,6051
stěžejní,15246
předchůdce,15247
plastový,2488
prenájom,15248
hrdinské,15249
baskytarista,15250
navrhujeme,3029
nosník,15251
zahájily,3399
ptal,7099
mycích,15252
rozmanitých,7219
urgentní,15253
laureátem,15254
pokrok,9071
výpis,9586
vyřešení,15255
výměnné,15256
zničí,7705
vymyslí,15257
krystalky,15258
ago,15259
stupňů,15260
etnickou,5940
jestli,15261
třídách,9564
doplňovaly,15085
bodových,1854
dojde,9707
zajímavých,4758
tipů,15262
hrdě,15263
současnou,2478
proslulost,15264
automechanik,15265
měničů,15266
flóře,4910
otevřeli,5882
útočili,13953
integrovanými,2490
skel,2239
zátka,15267
koupíte,3555
krajinného,6024
faktické,11172
jdu,3735
eucharistie,15268
bříza,15269
útočící,15270
investorům,2962
vyšlechtěna,15271
okolnostem,5143
smíření,15272
potvrzuje,15273
plánovaném,8044
sebeovládání,15274
pochází,11128
normalizaci,3777
wellnes,15275
slunný,12537
špičkou,2087
dávku,6856
opatrnosti,15276
magnetickou,4765
přibrala,15277
plánovány,8044
nezapomíná,10228
tuningové,15278
zabita,7341
vyčistit,12417
practice,15279
farma,12559
dobra,12273
reprezentovat,14932
bienále,15280
problémových,12078
stanovila,15281
páře,15282
power,15283
pacientovi,2782
výpovědní,15284
hřídelí,15285
zavinil,15286
výhodně,15287
chovatelé,12853
nestačilo,12592
kompetentní,15288
přestavěná,15289
padesátém,8197
knihám,513
využ,15290
zárubně,15291
vynechání,15292
počkat,12119
popisujete,13440
garanční,15293
předají,6114
začíná,11729
vypuštěna,15294
navigátor,15295
přístřešky,15296
musím,6284
dynamice,14579
socialismus,5475
poděkovali,7865
rotunda,7364
závislostí,8775
jehla,5507
rozhodovací,15297
obsahovala,15298
horních,11152
léčbou,3928
palcový,10108
zeptal,8920
soucitu,15299
bombardér,12336
vybavenou,3681
nevznikne,7645
uznává,12786
blíž,14844
poklesne,12799
páry,3552
jmenovitě,15300
železárny,4760
likvidací,5813
dopravou,4462
navrhli,5736
vyzvání,15301
partyzánů,9734
jedinečného,11597
realitních,2650
neřeknou,15302
květinová,13828
ponětí,15303
sovětů,15304
župní,14732
kupce,15305
vyvolaná,15134
opevněné,15306
ligový,4084
dodali,5630
bodovat,15307
odletem,15308
prověříme,11627
živými,1978
dodával,8235
ubírá,15309
gumová,9249
směřujících,15310
nudličky,15311
věčnost,12323
přijatelnou,9477
sundat,15312
oba,7446
tržního,15313
nařídil,8928
elektrodou,3716
přepadl,15314
frustraci,15315
špenátu,13755
svíčka,4804
vol,4918
systems,15316
jiskru,7876
dna,14635
písmeno,5734
zopakoval,7828
celých,2838
saních,14872
širší,6755
spočítal,15317
migrační,15318
every,15319
spole,15320
krk,4064
vyřešit,8324
přiložené,15321
postupnému,13596
tanků,2546
zakázaný,4853
pětiletého,7992
čipovou,15322
jedenácti,9969
drážky,15323
odvolávat,15324
možnostmi,4790
akceptace,15325
odpovědně,15326
technologickou,1927
nedostanu,3104
autoritou,1881
perverzní,15327
odhalit,2114
využíval,4495
výkazy,15328
dědičkou,15329
pískovec,12001
střepy,15330
akcionářům,5764
usmívá,15331
palem,6765
přítomným,4372
mala,15332
podněcování,15333
kategórie,15334
francouzskými,1452
pietní,15335
vystupujících,6812
množí,15336
jasně,11831
četné,12387
buly,15337
diplomat,5543
geometrických,10828
přehledem,4614
docházku,8591
palety,15338
subjektivně,15339
bílkovina,8738
savci,8845
stručná,13650
sinice,13321
trubce,15340
materiálního,15341
zvládají,15342
těle,2513
tíhou,15343
obleček,6605
kurzor,8312
přetransformováním,15344
povinného,5747
područky,15345
říkám,3929
upozorňující,5833
náhradu,11593
zaměřuje,9696
disponovala,14482
wiki,15346
náplň,13669
naivně,15347
uvést,582
zdařilé,15348
pláště,15349
koníčkem,3437
výkopu,15072
kroku,13973
soukromém,352
srážkové,15350
nebylo,6557
cenovou,4505
omylu,7958
dáli,15351
deníčku,15352
nebeská,11033
ilustrované,15353
důsledky,10676
pomsty,4834
drasticky,15354
libuje,15355
zapadají,14838
přidělených,8863
maličké,9938
protivníků,8997
žadatelům,4125
týče,9026
obligátní,15356
granátů,6034
živnost,11242
vzorky,15357
dělejte,3911
návyk,5251
hřišti,1508
botách,9019
plánovanému,8044
teplejší,8241
památníky,13496
člunů,13545
nevrátil,5518
utíkal,13220
nastává,15358
kaplan,15359
detailů,8739
zajistíte,3075
trénink,10366
sluníčkem,2611
schopnosti,8431
smůlu,14699
představujete,3512
indikace,15360
křivdy,15361
stavěly,7109
uvolněna,6461
plavci,10330
vyválíme,15362
otisky,15363
proměnit,9218
připravují,2407
dobrovolník,4251
choť,15364
kompaktního,11936
duchy,13655
lívance,15365
komet,5514
působit,8387
taktických,12116
drsnější,7187
čínském,648
křičel,6708
krajským,838
trvalo,8981
využili,4038
zadních,7470
spočívající,15366
botaniky,13693
pokrývají,12357
diodou,15367
membrána,7423
jehličnanů,13095
pálené,15368
deseti,11602
zabaven,3012
zmrzlinou,1622
flexibilitu,5281
nestal,2387
poutního,15369
štafetu,5376
válkami,588
polotovarů,13729
nestačila,12592
současnému,2478
tkaničky,15370
ostřikovače,15371
amatérský,314
startér,9525
sultán,15372
požadavkem,14686
cisterciáckého,15373
vešly,8559
vyjmenovaných,15374
pozinkovaný,15375
francouzštinu,7472
registruje,14839
naskytla,15376
kazdy,15377
latinské,15378
vlastenec,15379
studni,3797
sklizně,15380
nesporné,3818
nikoliv,14722
export,7984
hustých,15381
fosílie,15382
pokrokem,9071
mistrovského,15383
sírové,15384
krčku,15385
poškrábáním,10123
tetování,15386
sklípek,15387
jednotkou,1393
zamilovali,15388
stanovování,15389
přijímáme,3364
sedáku,15390
pokochat,15391
směnku,13269
derivace,15392
podařit,13629
zastávají,12432
formace,15393
komoditní,15394
meteorit,15051
související,15395
shromažďovat,15396
temperamentní,15397
spýtať,15398
běhu,15399
napájí,7432
hrdinům,2548
krajskou,15400
iniciativou,1351
mezník,15401
jejíž,3617
střel,9406
držav,15402
uplynula,7748
nechávat,3282
zkumavky,15403
počkáme,12119
vozí,11397
mocností,6966
potrvá,15404
vanilka,15405
válečného,7349
vyřazený,7288
podzimní,8967
náboženskou,7477
management,5052
chvil,1711
šedá,8846
autosedaček,7687
evidované,15406
sdílenou,2538
hodinových,3326
šířkách,10732
rikam,15407
obrazovým,785
dní,8036
ujednáno,15408
základnu,4567
opouští,15409
facku,10786
porcí,7613
rozhoduje,5419
vhodnější,6151
stereotypní,15410
místostarosta,4585
všem,4183
umožněna,13353
zubů,12978
lodích,2748
netají,10924
zabalit,10641
textílie,15411
květináči,3297
designer,15412
kelímku,15413
vysvětluje,3482
domnívat,6715
trupu,15414
demokratický,1290
účelových,4921
komplexnost,15415
moravský,1015
středn,15416
způsobené,9379
šestkrát,15417
bojovnice,11836
hlučností,15418
disciplínou,2789
pravil,11694
varlata,15419
přenesena,9020
nohejbal,15420
antického,8669
citronové,13226
několikaměsíční,15421
pravdivě,15422
stabilizátoru,15423
nestala,2387
rolák,13813
uvádíte,15424
disciplínách,2789
keramikou,3790
podstatnou,13017
celkové,13802
dodají,5630
stojanem,2195
přileb,4659
vymyslet,3079
borci,10060
zpracovatele,15425
zrušil,2837
padákem,15426
proteinů,15427
vyprodané,15428
reditel,15429
větné,15430
měsícem,6213
edituje,12693
zvětšování,15431
vyvíjet,4841
úkol,4137
nácviku,15432
počítají,3575
horolezců,4485
hoření,5016
formálně,15433
zasažené,11267
vytvořena,9716
zemědělských,1752
čarodějnic,6967
čerta,11920
cenami,4626
nepřímým,6759
užitná,15434
klíčová,10227
založila,15435
pánský,3138
mimořádné,10628
přespat,15436
oblečením,15437
optimistické,15438
nádorových,8048
elektronů,9896
potěšující,15439
čestný,5458
vrací,12774
rozpoznání,15440
optimální,11877
úrazech,5413
ukrást,2216
rovnosti,11201
oprávněn,5933
proslul,15441
kolejnic,4622
závodit,15442
mořskou,5424
zážitcích,6232
latinu,9455
zvítězit,5172
osvojení,15443
prohrávali,10148
premonstrátů,15444
životopisy,12029
papírovou,5828
emocí,3425
potřebné,9172
přihlášek,10264
dávalo,2648
nesouhlasím,5037
věrohodných,9570
nejasné,6092
hotelnictví,15445
vrstev,6659
extrémního,10901
adrenalin,15446
prošly,12548
citátu,15447
zamítnut,15448
nebeského,11033
neslučitelné,15449
amatér,3422
plnit,5908
hadicí,2061
neřešil,5874
realizovaných,3687
milí,8856
způsobovat,13307
syrového,10829
plést,6577
výletě,7457
evangelíků,15450
sedl,1539
zachvátil,15451
patka,15452
křižuje,15453
obložené,15454
pomůcku,1550
jaksi,15455
ovčáka,15456
přidána,9781
příkazové,15457
romantickou,4597
vděčni,11460
mulčovací,15458
jezdci,9672
složkách,2332
důsledně,15459
lůžek,2436
blokovat,11347
souboji,3388
vydávaný,11639
registru,15206
nejlépe,11526
běh,15399
svatebních,7360
rozdílné,15460
vandaly,15461
cenách,4626
známa,2626
nastoupil,8801
stolet,15462
zabezpečí,15463
ustavujícího,15464
vata,15465
agregát,8879
repertoár,10937
přepisovat,15466
falešnou,6399
poplach,15467
společný,3827
balet,10057
odolných,10095
feudální,15468
dobrovolné,10246
chránili,13015
sloupku,8016
them,15469
postojem,8934
operaci,7576
barevnými,509
skříním,237
kofein,15470
rozsáhlou,5587
čtvrtletně,15471
interních,7078
inkubátoru,15472
pohár,2105
neúměrně,15473
linií,2062
hladovění,15474
obsazením,7654
těhu,15475
požadována,2946
nejmocnějších,4972
vrchol,11666
hadry,15476
elektrickým,342
arbitrů,15477
místům,2586
obřady,10777
nastane,11055
odebírá,15478
vyvolávací,15479
změnili,10169
pneumonie,15480
zavraždění,15481
svolením,10562
krizový,12283
cítí,8881
výstupního,15482
cswiki,15483
písněte,15484
obsahově,15485
uplynulý,4829
finální,13337
pohodlném,3244
publikován,4794
vycházejí,8658
living,15486
šipkami,4020
uveřejněn,6311
utopil,8033
mastných,12297
potomstvo,15487
hřích,7196
jednot,3135
zemřeli,7719
následovníci,15488
těstovinami,6409
nejdražších,8102
vážení,15489
neúčastnil,15490
sekretářem,967
korby,15491
ustanovena,15492
nesplní,9080
vytáhl,3931
střelecké,14187
oborem,9115
zaplní,15493
ztělesňuje,15494
odvolací,9593
hybnosti,15495
zkouškách,5643
svěřenci,12634
nesprávnou,7873
tepu,15496
doktorem,4467
kruhy,15497
kukly,15498
pneumatik,8829
stačilo,12592
ostrov,2948
návštěvnický,15499
vynaložit,15500
próz,15501
ptát,7099
deformaci,8788
srovnat,15502
dělby,15503
hledáte,4292
galaxií,1773
starají,9451
navrhuji,3029
balí,10641
převládající,15504
sněmů,15505
houbičky,15506
rublů,14923
odlišností,10218
přijatého,15507
rozhodnutími,12556
konventu,15508
synka,15509
blaho,15510
roste,12340
vedoucích,6049
sourozence,14597
několikáté,15511
vyrůstá,12300
home,15512
pátrají,13401
kolíky,15513
prodávali,7348
čárového,15514
ozdobu,15515
sklopné,15516
nadměrného,7447
shora,15517
primátů,15518
nechávali,6996
určena,9312
překlady,15519
kloub,4896
obnovou,10043
dobývání,15520
nížině,15521
motor,7338
zajímavou,4758
novýho,15522
květinou,1972
zápisu,15102
rostoucí,15523
místy,2586
klubovém,2163
léčit,15524
honorář,3360
vyhoštění,15525
půdní,15526
natolik,15527
tkáních,5613
upustil,11961
svítivosti,15528
těl,2513
dokumentovat,13588
průčelí,15529
etice,5311
odvolává,15324
bezpečnostními,4562
topných,6964
scházet,15530
rozlišovat,12059
asistované,15531
svobodě,3492
vesměs,15532
prodané,11034
duchovního,15533
poji,15534
skvělý,9241
americkém,401
pramení,15535
převzal,4186
alpských,4324
osady,15536
krovů,15537
konzultovat,15538
rozeznáváme,15539
klášterního,6408
poslalo,4550
obhájila,15540
napodobují,15541
ztratil,6339
rozumím,8951
doufejme,8715
inkasovali,12855
rozkládat,11583
zaslána,4593
hodnocení,15542
ambicemi,5758
nádoru,7448
přenechat,15543
zesílí,13945
dýchací,15544
marketingem,1503
dopustil,2430
znaménka,15545
medical,15546
udělalo,5995
potlačena,15547
bydlící,15548
paradigmatu,15549
softwarem,2269
hřebíček,13434
počítal,3575
pojištěním,4588
načasování,15550
revolučních,5557
domain,15551
výkazů,15328
infoboxy,15552
změnami,5108
zdravých,4066
zhoršených,13402
skýtá,15553
ekonomik,816
neslyšel,1840
vyberu,5088
zrušených,8888
obnovena,4194
ošklivý,5253
plzeňských,1412
out,15554
gregar,15555
oříšků,7201
vlákninu,8623
smíru,15556
klinickou,7465
zlepšila,15557
uveden,6616
dotknout,12017
neřeší,5874
svetřík,2285
průvodu,15558
nastupuje,15559
klonování,15560
převozu,15561
úvahu,3257
nov,15562
rodiště,15563
abdikoval,15564
písek,15025
přeložení,15565
nejmodernějšími,1422
létem,2244
odeslání,15566
infekční,15567
zkusí,9226
shromažďování,15568
svatých,3860
kvetou,15569
čtvereční,8067
táhnoucí,15570
samčí,15571
aromatické,15572
pěstoval,5740
dozvíte,2008
píchnout,15573
partě,2664
lanovkou,740
miska,12237
žula,5906
nbsp,15574
regrese,15575
services,15576
budu,6557
katastrofou,1719
štěstí,15577
masér,2188
obdob,1464
robustní,15578
násilnou,4164
nosily,4974
číšník,11713
velikosti,15579
činiteli,4303
živobytí,15580
věku,14472
zpětného,15581
ozáření,15582
rozmyslí,15583
dvacátá,5476
dokáží,7848
rozhodující,14397
vybudována,8867
hradiště,15584
vertikální,10688
uvedeme,582
olympijskou,644
spálené,15585
předstihu,13120
kilometrů,15586
horyměsíčník,15587
zmocnil,9360
sekundární,15588
teroristických,5005
syntéza,11811
zálohovat,15589
vyvinulo,9326
odevzdali,11972
traviny,15590
pojedou,9619
znalostí,8286
krabičce,1391
přestanu,3110
letci,10049
zneužívá,12577
velk,15591
zátky,15267
jezdcům,9672
zveřejněný,2871
uplatňována,15592
říkaly,3929
stojatých,15593
nejdůležitějších,7182
lože,15594
okolí,15595
chátrala,5575
rohový,2413
obdrží,6125
slunečnicový,15596
rektorem,15597
vyjmenovává,15598
history,15599
coby,15600
spíme,1570
nějací,1841
grafu,6959
opravdu,15601
shody,14335
košů,13449
here,15602
dodáván,15603
státě,2387
extrémní,10901
utečou,5170
snažíme,5473
zasněžených,5928
mívám,15604
zkazit,15605
přemýšlíme,7326
vojevůdce,15606
periodický,7831
omezovala,15607
vybavených,3681
nositelem,11214
vyvinutých,12651
hladina,15608
nemocných,3588
zoubek,15609
padne,5339
uděláte,5995
opasek,10872
touhy,5968
věčně,15610
zůstat,6695
pachatelem,2377
požití,15611
tyčí,3119
vyladit,15612
látku,7982
zacílení,15613
ovčí,15614
nákupních,10792
soubojích,3388
groše,15615
propůjčuje,15616
hlásím,2390
skle,2239
víceletá,15617
paži,8831
ekosystém,5380
potoky,15618
pevný,10554
singl,15619
nenastane,11055
odtéká,15620
shledanou,15621
ztracených,9358
variant,4489
namalovat,9573
vymizí,15622
modelu,6807
trojici,1726
snadnějšího,15623
set,15624
odmítnut,15625
vandalismu,15626
holé,15627
fyziolog,15628
zveřejňujeme,6182
žádnou,4447
smetí,15629
nečekané,15630
metodám,6742
nosný,2324
ukončit,7909
vzniknout,7645
zaznamenávají,8978
svolat,15631
začnou,5894
vyrostla,15632
organizovali,4779
zbaví,11305
toky,15633
upéct,15634
výtěžku,15635
knihovníků,8803
zlomené,15636
očividně,15637
testoval,4266
radeji,15638
nepřipouští,14919
bývají,5072
klíčových,10227
staletích,7563
hospodář,10577
oblékat,15639
vyvolává,13207
kontrolujeme,5636
šetrnost,15640
zahájeného,6090
následovat,8066
členských,10927
olejová,10454
detektorů,7153
ovlivní,9132
plánovat,4168
pojezd,15641
tréninků,15642
jednotek,1393
skvosty,13979
kusové,15643
směrech,13942
nezklamal,5471
zlevnění,15644
odjakživa,15645
píchání,15646
tenkými,3822
jméno,7936
etických,7547
kontroloval,5636
čerpat,11239
těšil,4460
proměnilo,9218
píšící,9347
faktorů,12453
vývody,15647
opěrné,15648
ohni,5673
úniků,5937
tep,15649
odbyt,15650
přidělování,15651
ztotožnit,15652
nabitý,14018
dílčích,14564
tvary,14833
došly,9707
zapůsobí,15653
nelituji,15654
nočním,4644
ležící,15655
arbitři,15656
těšte,4460
živější,1978
obilovin,15111
mostní,15657
nahlášení,15658
nebezpečí,15659
uvědomovat,7150
koupený,9825
miláček,2032
zmínění,4156
toků,15633
proběhl,7966
pozměňovací,15660
uplyne,7748
experimentoval,12814
vyjádřil,4100
zkratek,11394
svůdné,8662
vystavené,11426
mnoha,10814
vyhľadané,15661
volnostylař,15662
pomerančové,15663
římsa,10226
klenot,377
adaptér,12139
koncertovat,15664
nemění,9528
břemene,13978
rytmické,15665
účetních,6576
rozhodl,4706
doplňkem,6307
kašle,13701
dobří,6917
účinné,10097
pohyblivou,3141
zvlněné,15666
zásobení,15667
originál,9048
dřeva,9242
zaměstnaneckých,5365
zahrnutí,15668
potřetí,15669
vrchnímu,3576
vykonávané,15670
rozkroku,15671
spojily,10850
nejvýznamnějšími,11479
konstruován,10599
plachet,5292
souvisejícího,15395
chorobu,1402
zjišťuji,15672
vazební,15673
nechtě,15674
klidnější,9653
vilu,1484
kněžského,15675
roků,3669
dopravu,4462
zajatce,15676
okénkem,2119
povíme,14701
dělostřelectva,8281
slečně,1741
doplňku,6307
pracovitost,15677
kráteru,15678
kouskem,9254
vydaly,9131
přistýlce,2030
sorry,15679
náročný,3630
vaječníků,14892
čtverečky,15680
opouštět,15409
získávají,10658
drahý,5059
rozpouštědla,15681
syrský,1499
parník,15196
potraty,15682
nároží,15683
srovná,15684
pomohlo,7493
dostatek,15685
štoly,15686
registračních,10881
sankcemi,4047
čelistí,7753
nosítka,15687
zvěří,15688
připravte,1312
projektoval,15689
obědem,3356
útesů,13893
doporučují,9691
fotil,3926
nenajdeme,5746
mechanickou,4801
bytost,13846
rezervního,15690
náhrobků,15691
požárů,10048
učilišť,3731
nadřízených,13407
odborných,2754
setkala,15692
přesměrování,11395
mezi,15693
nepoužívám,9602
vynikající,15694
ozval,3638
tahací,15695
vinylu,15696
bezpečně,15697
plodnost,13298
posunuta,15698
patrná,15699
hlad,14064
topné,6964
poznamenat,7758
slunného,12537
nedělí,1588
úplnost,15700
usuzovat,15701
učiněno,15702
manuály,15703
nebrat,15704
micelární,15705
krizová,12283
opravoval,14861
nepomohl,7493
indikátory,15706
uvedené,6616
dobách,3347
zdaněním,15024
dlouholeté,3418
varných,1535
kufr,11912
propuštění,12287
optimisticky,15707
napsání,15708
grafickém,1823
zavedených,6674
charakteristice,8237
dědovi,15709
hostiteli,3016
zkoumal,10904
textilií,15710
kvantová,14551
francouzský,1452
náprsní,15711
budovali,15712
podpaží,15713
zaměřili,3800
surovinyje,10172
japonský,1277
nemělo,5944
zkrátit,10925
navštěvují,12467
výhodách,4857
sloužil,11510
happening,15714
žácích,5870
hospodářských,3042
patentovanou,15715
nemocemi,2381
volitelně,15716
přechýlení,15717
převahy,10464
rukavicích,8990
ted,15718
nestability,10980
svědomitě,15719
nastavitelnou,15720
mimořádného,10628
sloučenina,15721
dresu,3890
schválené,13046
ideální,15722
kámoše,15723
odpočívají,3548
tahání,15724
zvon,11491
zážitku,6232
ukončily,7909
řemesel,3095
dvorek,3970
horninách,10058
solidární,15725
dřevěnou,6945
autobiografii,3725
předběžných,13364
ciferníkuzelenábarva,15726
rámečků,15727
pospolu,15728
nepřihlíží,15729
mimi,15730
porušena,15731
vysazení,15732
nezastavil,7596
zpestřit,15733
nepoužívat,9602
průhlednost,15734
rozborů,14651
singlu,15735
oltářem,2844
zmást,6886
kolegovi,2175
vylučovat,13851
vyskytoval,15736
kyselost,12367
smlouvou,2398
hovořící,15737
hořkou,9909
úkaz,13929
kvóta,10826
privilegia,15036
pokusí,9413
provedená,13965
simulátoru,15738
testech,7091
nuceni,7720
adresáře,15739
obcházení,15740
vyslovení,15741
svah,13918
pokroky,9071
chudí,7971
zranit,12213
vyzkoušet,8681
přijatá,15507
pralinky,15742
železnicí,174
záhad,2690
paralelní,15743
antibiotik,7254
medová,15744
začít,5894
principů,13673
hráčích,6171
realizují,4270
krutě,15745
rejstříky,12803
dělnického,7931
knihovnických,6471
veškerou,6767
hlavicemi,4086
nepovede,15746
nařizuje,15747
fyzicky,15748
působící,15749
tunika,7469
laterální,15750
sehrály,15751
kompot,15752
biblických,2347
potřebujete,7255
dálnicí,1649
publikováno,4794
zavěšený,1864
kantonu,15753
globálních,12239
cementu,15754
holínky,15755
spektrem,1579
širokých,6755
zastupoval,3826
postavili,2832
svěřuje,15756
rukávy,8234
úseku,8368
ukáží,2968
vydatné,15757
rozpuštění,15758
samolepek,4493
klempíř,15759
brumdinka,15760
štafet,5376
slalomu,15761
hedvábí,15762
sloves,13028
chemickou,2127
otevření,15763
tvrdím,573
vitaminu,15764
kampus,15765
badatel,5100
potřebám,2369
nalezených,15766
spravedlivého,7250
milovníkem,3977
pasivních,2994
pokračovatelem,15767
bobovité,15768
mýho,2681
plese,14813
tvořit,8507
její,9234
uváděné,13966
spontánní,15769
přesná,15770
uplatňování,15771
speciálně,15772
psovi,4782
vracejí,12774
důvod,15773
zněl,9202
novu,15774
jmenujme,12224
rozšířil,6025
činnostem,993
lepšímu,14853
můţe,15775
lepší,15776
opačné,12563
karnevalu,15777
listového,15778
oddělených,3180
dobrotu,1807
souhlasí,5037
hodnotové,15779
leporelo,15780
vystupovali,4898
vodítko,5930
sociálnímu,1273
výpočetních,2181
konflikt,9118
zefektivníte,15781
loňsku,12256
stylově,15782
hrana,7566
vyprávějí,5499
vzdělaní,7121
ženatý,15783
obhajoval,15784
hlodavce,15785
rezervujete,15786
zastávek,6309
umělcem,1261
evakuace,15787
museli,6284
nezadržitelně,15788
bolestech,6206
tolerantní,15789
hrneček,3772
odklad,14769
zacatku,15790
cívka,7060
walking,15791
skromné,15792
zažijete,15793
otevírání,15794
měkké,14817
tělíčko,15795
útočit,13953
povolenky,15796
hůlka,8163
fakt,11953
kareta,15797
vita,15798
tyrkysová,14403
udělena,15799
legend,15800
inflaci,3140
nejbezpečnější,6149
polopenzí,4187
oceánské,15801
pronásledování,15802
pěnové,15178
přestupky,15803
mimča,15804
výstřihem,15805
vyvěšení,15806
ptáčky,15807
drogami,2328
řešen,15808
kulturně,15809
orientační,15810
pochopitelných,6806
zachovat,8094
překlepy,15811
porovnejte,15812
vlhké,11496
efektů,10032
výdrží,14713
nechal,3282
přichystal,9813
britskému,339
certifikacích,15813
soupeřů,6202
vyvedl,15814
zobrazených,15815
vyřadit,2995
nařízeno,15816
ovládána,4351
ukončena,10704
tejden,5035
osel,15817
vybaven,3681
vraždám,2376
požadujeme,2946
sporadicky,15818
filozof,15819
dla,15820
plyny,11872
broušeného,15821
podává,10912
přátelům,2722
samého,1565
zatížené,15822
verše,15823
pozůstatků,15824
změn,5108
náměstím,2213
cílenou,2903
dospěli,6208
kompletních,5631
odesílatel,15825
můžeme,4811
vonné,15826
knihovnami,167
zakázkou,15827
vojákům,1728
usilovali,13259
houbu,6508
vlci,14544
klukem,3035
účtenku,3792
akcelerátor,15828
nominováno,2395
převažovat,15829
chutnala,15830
nositelé,11214
kosmonaut,1310
jihlavi,15831
prohlédnout,13793
lesní,15832
zobrazil,15833
nevinně,15834
vagíny,15835
protiletadlových,4410
zdarmahttps,15836
plátnem,768
tabulkový,13640
dámských,7290
vyplatilo,13972
svoji,7991
náhonu,15837
předal,6114
setkávání,15838
nejvýš,15839
cenového,4505
hliníkového,4014
lékárníka,15840
dávné,3984
vydána,14714
zahrnuje,15841
vytrvale,15842
ukryta,15139
makroekonomických,4504
závazek,7039
božské,13416
ovládl,3147
plánovaný,8044
jednotlivého,4781
materiálně,15843
sbírce,5599
nevyplývá,12574
vyplácet,15160
podařila,13629
rozsáhlému,5587
aktivnímu,3963
rapidně,15844
napsalo,6132
pomalý,4400
redakčním,5510
sazenic,8621
několikanásobně,15845
zavírají,10825
krystalů,15258
hřebene,4621
výhodou,4857
řetěz,10533
cíli,5550
vykonané,15846
konzultačních,15847
ionizujícího,15848
odjeli,15849
sežene,14755
vzdělával,15850
ubylo,15851
naslouchat,11561
připravených,7117
vystavovatelů,7507
paleta,15338
přistání,15852
bateriový,15853
ztratily,6339
tryska,15854
vklady,15855
hadr,15476
pocty,15856
nadšením,15857
oblaků,7685
kanóny,15858
nastrouháme,15859
zlikvidovat,15860
věřitelského,15861
přístupu,11889
hnojení,15862
pohřešovaných,15863
školský,1085
ubírat,15309
popřípadě,15864
přesvědčuje,7108
dárce,12789
proudů,7595
antuce,15865
přesného,15770
sekční,15866
všimnete,2674
unášet,15867
zásadnější,11767
vpředu,15868
skleněnými,5723
linků,15869
podrobili,15870
okamžikem,2146
přívěsky,15871
výrobcem,2173
náručí,6633
iglite,15872
vyjadřovat,13746
podlouhle,15873
nahlédnutí,15874
dopřejte,15875
dotykovým,15876
připadl,9057
horou,335
okraj,8619
protáhla,15877
poznámkami,7022
pokračovali,8380
kopy,15878
věrní,5904
klesaly,8150
plošného,9476
rubrikách,686
schválí,4425
podrobně,15879
torpéd,5866
slábne,15880
výmazu,15881
slouží,11510
vláček,2325
vloženého,15882
nacistickou,6799
muslimům,7749
roztočit,15883
vrchu,14515
ďábel,15884
kolébce,9937
podivný,8947
kochat,15391
známka,6977
stálo,2387
šedesáti,12829
language,15885
colorboxu,15886
klíně,11922
odezvou,15887
slavný,1212
odhaluje,12497
rozbor,14651
lokaci,15888
špičkovými,1792
chápána,15889
pachy,14022
uskutečnilo,9865
prospěch,15890
sahají,15891
uzdě,15892
porodit,14117
hlavnímu,2955
lisovací,15893
nezviklá,15894
teplejších,8241
dotkne,12017
remizovali,15895
environmentální,15896
tabulku,9426
provázek,13316
neumožňuje,15897
černoch,8248
vznikne,7645
líčil,15898
vylučování,13851
sestřenicí,1730
najdete,5746
nervových,5655
léze,15899
umývat,15900
vhod,15901
pocházející,11442
izolovaná,15902
nejedná,7870
zvládá,15903
nenechám,13715
míry,7195
kreditních,10672
sekund,4082
směrovač,15904
zážehový,15905
projednává,14656
otevřeno,8468
bezvědomí,15906
incidenty,9106
brandy,15907
koučování,15908
akutního,15909
diferenciaci,9011
menstruaci,5570
vyndat,15910
souřadnice,15911
účastnil,1584
respirační,15912
zlínský,1026
sobectví,15913
hrál,2873
zaštiťuje,15914
geomorfologického,13006
profesionálními,4081
uděláno,5995
kapacit,7342
dělí,11234
medailista,4654
proměnil,9218
vázána,15915
vzpomínku,9228
nést,12659
vrtulníkem,2121
nepotřebovali,7255
panenku,10144
uteklo,5170
zadrželi,3908
tažením,11977
komponoval,4448
bandáže,15916
pozitivního,15917
vymáhat,15918
bedra,13285
zůstanete,6695
vytoužené,15919
nárazem,15920
cenově,15921
prožitky,11869
břichem,3878
zrekonstruován,6980
nahých,1216
ostatky,15922
cenných,15923
příchozích,14258
viditelně,15924
komentáři,4609
nabídnuto,8505
kdoví,15925
spacáku,4725
pojali,15926
spjatá,11246
bezsáčkový,15927
pohybech,9141
závodí,15442
lidskou,2751
vyrážky,11072
zahrnuté,15928
spočívá,11049
kilo,9569
slevou,13211
ozubených,15929
úředníkem,3194
zpracovávají,15187
zobrazí,15930
likvidují,12462
zvědaví,15931
požádají,5571
větu,6006
ponorkám,2864
některým,1852
spravit,15932
použitelná,15933
malinká,15934
dek,1637
vévodu,9174
plošinu,2002
napořád,15935
zvětšuje,15936
hovorově,15937
stavitele,15938
molitan,15939
nemuselo,6284
primitivní,15940
nepřiměřené,15941
vyššího,2908
soka,15942
dirigentem,8161
rekreaci,4293
dobíjený,15943
dominantu,15944
dostačující,15945
poklad,9683
kandidáta,2852
zdrobnělina,15946
protilehlé,15947
penzionů,15948
produktivitu,2900
zabývá,4673
egyptských,4058
zastávkách,6309
podlehli,10111
dospívání,15949
příjemcem,10678
připraveno,7117
louka,9892
příchuť,10155
zmíněno,4156
zákonodárství,15950
prosadili,3619
plantážích,15951
mottem,12979
dobrou,6917
zařazení,15952
soukromým,352
zvláštností,11068
pískovcové,15953
osvědčených,7181
procházet,9720
krávu,6255
neustálou,7881
kopu,15878
predstavy,15954
sexualitu,15955
přihlášené,15956
rozpory,15957
magisterský,4551
mzdy,10231
zváni,15958
ihned,15959
muselo,6284
soupeřit,12870
prozrazení,15960
zákroku,15961
zvědavá,15931
distanční,15962
hlavic,4086
kubánský,1798
nezdařilo,15963
prožívají,13441
výběžky,15964
vlhká,11496
vzniklo,7645
výzbrojí,15965
potravinovou,2727
odebere,4924
týpek,15966
manželský,1967
snadnější,15623
chráněných,14774
zachycuje,15967
artefaktů,12195
kúry,15968
napaden,5307
nezvyklé,15969
náma,14666
značkám,745
vraceli,12774
nedosáhne,10570
očista,15970
doporučili,9693
zajímal,2668
ozdobí,15971
předchůdců,15247
nejznámějšími,2626
naplánovali,15972
latinčine,15973
čtenářem,1222
ohlasu,13954
cent,15974
zděná,15975
výjimečný,13509
objekt,6553
kulomety,15133
božského,13416
aktivních,3963
dramatickém,1790
nástrahami,15976
sláma,15977
zastávku,6309
vydatně,15978
zástrčka,7133
břišní,15979
začínají,11729
podařilo,13629
neublíží,12436
praktikuje,15980
příkladem,15098
ňygto,15981
neviete,15982
koupele,11818
desítkové,3486
výhodného,10852
etiketu,15983
notářského,5725
květin,1972
nejednou,15984
vyvýšené,15985
nema,15986
nekonala,15987
janice,15988
celej,15989
kontejneru,13280
zřizuje,13117
pásků,8490
synovci,4503
sběrače,15990
zkombinovat,14136
systémům,2462
závodil,15442
současn,15991
střetli,15992
účel,5228
četnosti,15993
geografický,5776
mami,523
zahrnuta,15928
pochybné,15994
akustického,6952
riziko,11941
pamětních,15995
nepůsobí,8387
tvora,14625
ročníky,9328
zaberou,15996
aktualizováno,15997
připravit,1312
chovatelů,12853
pomohli,7493
inline,15998
příhod,4403
koncertním,3366
kupuju,4883
využit,11741
napodobovat,10282
rozmrazování,15999
spodních,4999
fúzi,3667
složili,9798
dokončování,16000
therapy,16001
připsala,16002
sebeobrany,16003
loveckého,12227
připadlo,9057
liberalismus,16004
vyloučen,12702
pohledávku,8125
odlišuje,14720
sdružuje,16005
naražená,16006
slabší,13201
vydělával,6061
dehydrataci,16007
rolníků,6093
nebrali,3317
drůbeže,4326
pořízeny,3103
teorií,5106
spoustu,2823
působí,8387
odsávačka,16008
správnost,16009
pátečním,2343
přirozená,12614
příčinu,5562
sultána,15372
vnitřní,6703
sochařská,16010
mechanismů,16011
tržní,15313
zakrátko,16012
potěšením,13093
výdělečně,16013
metadata,16014
propustnosti,16015
ohlasů,13954
faráři,2632
obklopují,14119
neuškodí,16016
sběratelské,16017
vycestovat,16018
řekami,3448
uvádíme,1772
nepatřil,6209
přístavní,16019
lahodné,16020
teplý,8241
odjela,15849
chystáte,2976
minus,16021
procházkách,4556
kanonického,16022
dojíždění,16023
proces,7127
vstoupilo,5248
využívám,16024
nepřináší,4096
skákat,7785
katolických,924
podpořil,4247
vězte,16025
kořenové,16026
muzejních,7336
rozměr,14069
odpočívá,3548
souvislostí,9650
nekončící,9583
pejsky,6349
profesionálům,2612
zásahové,16027
družičky,16028
napadal,16029
názorům,5285
výrazné,10600
nositelů,11214
zahradním,1294
volnou,9237
potravou,3275
nedařilo,13421
letenku,10537
nautického,16030
nesplnění,16031
ztratit,6339
odklon,16032
jeslí,11488
úspěšných,5386
průvodcem,11332
olova,16033
nazpět,16034
okres,11524
nejvíce,12209
marný,16035
vysvětlují,3482
nikotinu,16036
prodloužení,16037
nahrazují,16038
zpochybňují,12757
fotkám,4374
sedadlem,1121
barví,16039
transportu,16040
ztrácí,10078
přehradu,1849
pleteniny,16041
sezon,16042
spadala,16043
odvozená,16044
zastupitelem,1311
nesouhlasili,5037
přednášet,14182
akademický,1558
zřídí,10389
zdravotnictní,16045
neznámými,2342
jednotku,1393
hořel,5016
akumulátorem,3803
očkovat,16046
zmínky,9472
neříkají,3929
galaxii,1773
realizovaný,3687
vlastními,3441
komunikoval,6269
jízd,2197
panování,6690
doplatit,16047
jezdcù,16048
výtahem,3232
běžec,8956
nebem,2206
jedn,16049
trolejbusů,16050
flotile,16051
občanskou,4984
utrpěly,9400
gotických,4713
postupné,13596
závěry,9591
takřka,16052
chrám,7340
seskok,16053
metodou,6742
půjdeme,3735
mexických,2056
paprsků,2989
děkuje,16054
nativní,16055
bytovými,2699
zídky,16056
keřů,5361
úzkostné,16057
šanci,9308
předsíň,1654
zneužíváním,7950
mola,16058
kalendářní,8820
ochutnávku,16059
dámu,1406
loketní,16060
velke,16061
pohlavního,16062
konečného,7637
nacionalismu,16063
liberalismu,16004
uvěznění,16064
procedur,9537
vládním,618
náročností,5293
jenž,3617
ztracena,6339
electronic,16065
filé,16066
reakční,16067
dřez,16068
zajímám,2668
revizi,9231
sdíleny,8884
prověřit,11627
stání,16069
deklaroval,16070
dojmy,16071
užíváme,6640
houfnice,16072
dešťové,3191
vyšlo,8551
štafetě,5376
doporučil,9693
identitou,1511
traťové,16073
spektru,1579
nastaveno,9370
rozpadla,16074
netvrdím,16075
gruzínský,2314
elektromotorem,3450
ohromně,16076
autorovy,13850
nevelké,16077
mířit,8781
shodných,16078
imitace,16079
urgentně,16080
rozpad,8376
královských,3031
výpomoci,16081
výjimečná,13509
kliniku,865
společenství,16082
spínací,16083
nepřijetí,16084
dočetla,13014
strong,16085
proste,6030
dešti,11565
koncepční,16086
podejte,4389
deformací,8788
faunu,3375
popření,16087
doufám,8715
dostáváte,5404
rozdílně,16088
insolvenčního,16089
likvidovat,12462
kdyz,16090
podpůrná,16091
vypustit,1632
mexický,2056
ochutnat,13187
krypty,13375
otcem,4606
řeckého,2038
pořádalo,5151
vyučováním,16092
podnikatelských,1905
cyklo,16093
potlačuje,11407
řadový,10446
marže,16094
obslužné,16095
buďte,6557
uvolnění,16096
průplavu,16097
motivačních,12402
souvisejících,15395
pater,8040
nejvýznamnější,11479
zmocnit,9360
anexi,16098
dáváme,2648
uznání,16099
vzpomeňte,7506
krajková,16100
podstránky,16101
dražbách,4942
podlahový,4734
vyčíst,16102
autoevaluace,16103
reporty,16104
napadnou,5307
podruhé,16105
vazby,16106
třinecký,16107
odhaleno,2114
vyřazeni,16108
dopadení,13206
zdrojování,4499
požitek,16109
vir,2104
bund,4471
šoku,11518
výsledek,6498
stručnosti,16110
činný,4780
přispějí,7142
hrobů,10007
obstarává,16111
zjišťuje,10466
zebra,16112
gynekolog,16113
ověřuje,12845
polstry,16114
materiálem,1964
množiny,9541
ozvat,3638
botník,8935
nedodává,16115
řešených,15808
zničeny,8668
svazích,13918
rameni,5981
druhotně,16116
veselí,6545
casu,16117
odkládací,16118
prav,11694
zabudovaným,16119
nahraných,4889
mnohde,16120
nehrál,2873
sestavený,4133
zaregistrovat,3680
prokázali,3946
obroučky,16121
využívanou,9335
notečkou,16122
čajový,10113
občanovi,1077
polévková,5278
tlakový,12178
delat,16123
psaním,7120
stavebního,5273
návratnost,16124
popel,12468
kvalitními,1861
používané,9631
vytknout,16125
odloženo,5441
zaplatilo,2702
postupném,13596
stadionem,1103
zajištění,16126
uvedete,582
cestovatelů,4210
jazykovědec,16127
používejte,9602
přešli,5230
nasycení,16128
máje,16129
zůstal,6695
svojí,7991
vybavený,3681
hřbitově,8687
menstruačního,14199
lázeňský,5067
audit,9417
doporučeno,16130
pobírat,16131
portfeje,16132
zákroky,15961
pořádané,12938
sjezdu,16133
držel,5695
jihovýchodě,6072
alejí,11421
sopranistka,16134
tabulce,9426
používaných,9631
přátelích,2722
rozumu,12356
lákalo,4192
poskytován,7892
vůdce,16135
vylodění,16136
zajišťovalo,5963
nepamatuji,7083
zámečnictví,16137
automotive,16138
zářivá,6702
startoval,7644
zádveří,16139
odpustil,10529
podporovaných,8119
názvuv,16140
air,16141
dárci,12789
zlomila,16142
opravu,2496
kryté,10720
větě,6006
kynuté,16143
avokádo,16144
chlad,10858
ptají,7099
nakrájíme,16145
stávajících,7925
promlčení,16146
vyhodnotí,16147
chorobách,1402
specifická,16148
překročena,16149
opoždění,16150
podržte,14030
antibiotiky,7254
konaných,11165
zdarmaa,16151
schoval,5145
uvaření,16152
háky,11797
objevující,16153
řidítek,16154
trendech,4703
sto,9754
smetany,12128
účesu,16155
potvrzení,16156
obsahujících,16157
otvírání,16158
studánka,3797
soužití,16159
agresi,2588
osahat,16160
nafotit,11447
otroctví,16161
kopírují,16162
čtvrtí,5954
zlákat,16163
project,16164
úrovni,9386
nebojte,8215
vytiskne,16165
takove,16166
kolem,16167
spáchání,16168
zvyknout,4936
purpurové,16169
debut,16170
neřešíte,16171
border,16172
jaká,12365
varhan,13917
ženami,875
přicházeli,10433
všeobecnou,4358
raut,7002
absolutismu,16173
labuť,13384
docházelo,15023
stanovištích,4104
běhy,15399
petrasove,16174
propojující,16175
geometrii,3710
tyčinkami,6216
nehodám,1317
šamponu,16176
šťastnější,11021
novel,3833
vylepšování,16177
stává,11591
omezené,7390
péčí,2468
dělaj,16178
italský,1776
chladný,9886
buďto,16179
balkánských,4159
pozná,6667
lilek,16180
obsazených,7757
umístěno,6918
marně,16181
zprovozněna,16182
samými,1565
osvobozování,16183
dalšímu,5540
lidový,1057
uznávané,11750
nevede,8665
korektor,16184
slevách,13211
užitku,16185
těch,6459
působností,8835
ohnisek,8433
přispěli,7142
používajících,11252
robotický,3072
obor,9115
dieťa,16186
nezmínil,10242
přistěhovalce,16187
irských,3952
údivu,16188
seženete,16189
kontinuálně,16190
bezúplatně,16191
zábran,11971
rodí,14117
smrkového,14287
vyvrcholily,16192
planet,1653
spyware,16193
snažit,5473
soutěsky,16194
schválilo,4425
agresivní,16195
přístupnou,4110
pořádal,5151
nádorového,8048
správným,7873
predaj,16196
čluny,13545
nesrovnalosti,16197
tehdejšími,4232
zaškrtněte,16198
křehká,6294
blb,16199
konstatovat,1896
projíždějí,16200
břeh,13381
kartáčků,16201
masérek,16202
objevů,9551
severovýchodu,9346
popřít,12037
nastavili,9370
ovlivnili,9132
líčí,15898
uvozovky,16203
intoxikace,16204
položek,8902
dostaví,16205
skautek,16206
hlavičku,7839
nástupci,8936
příčin,5562
zmíněných,4156
flek,10051
čehož,6906
vsadil,2410
kurt,7539
obvyklém,8970
rozeznávat,15539
dozorem,6423
procvičovat,16207
elitou,16208
ponechání,8501
laclem,16209
samičí,16210
autoskel,16211
slovně,16212
specifické,16148
sebrat,3122
listině,5482
přívěsné,16213
vsechno,16214
umožnili,13353
spravoval,10666
faktem,11953
rozpoložení,16215
obtíže,16216
originály,9048
komisích,160
letectvem,1095
osvobození,16217
lidově,16218
souhláska,9252
strach,14766
návraty,14008
deficit,14676
poziční,16219
kontaktních,8193
turistický,2014
objev,9551
ledovec,5830
úprav,8645
pobytu,12192
odděleny,6723
ochranná,8306
duplicitní,16220
rukojeť,6482
vylepšit,12661
předložen,12087
uprchli,12760
padlo,5339
tempa,13489
nadané,16221
mnohaleté,16222
závěrečných,6207
přesunuto,4528
jedlý,10207
koncepčních,16223
metr,4574
zcela,16224
registračního,10881
vystavěna,16225
sojové,16226
velkovévoda,4770
uvěřili,11541
hlásilo,2390
termíny,10406
mléčná,8236
zakrývá,16227
zájmen,13602
nefér,16228
vnějších,10762
prominutím,16229
iniciovat,16230
ubytování,16231
nahoru,16232
rychlejšího,4802
přesouvat,8553
neztratil,6339
tryskou,16233
vzdušná,5896
replikami,8251
šťavnatá,16234
span,16235
oblečen,1131
prostaty,16236
odehrálo,9286
odvodňovací,16237
částečná,12915
tetu,1001
leží,6001
vyčerpání,16238
upírů,16239
mírou,7195
zpětné,15581
sběru,16240
kilometry,15586
zčásti,16241
nazvaná,14925
mezníky,15401
vyplula,16242
rámec,5392
přezůvky,16243
nejbohatších,9697
akváriu,6838
viditelnou,9180
stejnosměrný,6562
navrácení,16244
puse,5418
starozákonní,16245
nějaký,1841
jineho,16246
vodorovná,9432
náušnice,16247
ledvinami,4161
pozůstalost,13773
špetka,16248
učivu,12567
mužstev,4162
příklad,15098
olomouckým,3700
coal,16249
zmenšují,16250
dovednost,15126
potvrzují,15273
jednotlivými,4781
zveřejníme,16251
vymezených,16252
zpomalit,13511
obsadili,5621
otočili,6880
předešlých,12584
rituálu,16253
spíše,7260
motocyklù,5043
bezdětné,16254
generuje,16255
nejteplejší,8241
parkovištěm,1274
směrování,3170
sadech,13366
postačuje,16256
prováděcí,16257
představám,913
čitelný,7946
povedených,8705
zpívali,3668
hodí,6593
klasickými,1609
lepších,14853
inspirativní,16258
magistr,16259
odloučení,16260
mokřadní,16261
architektonických,2705
výkonem,13675
zboku,16262
neexistoval,8896
sociálně,16263
připraveny,7117
pověřeného,7233
dolary,7745
imunologie,16264
třes,16265
udrželi,8018
jednoduchá,11045
prchají,14048
nežádoucí,16266
jednostranně,16267
kontinentě,3186
navrhují,3029
provozujeme,1421
prázdné,10664
flíčky,16268
květy,16269
nabyla,16270
nohách,9677
zimu,2767
hemoglobinu,16271
organizují,4779
voláním,7697
skok,16272
tlumit,16273
ubytoven,16274
nahradit,5559
čtvrtletník,15002
poslušně,16275
dědicové,14629
něžné,16276
rychlému,4802
plnící,16277
borovic,7202
zúčastnili,7220
profesního,14962
gamy,16278
zaujímají,16279
pískovce,12001
přítelem,2722
efektní,16280
temné,3795
problematiku,3816
stávala,11591
nalepení,16281
orientovaný,5191
zvěrokruhu,16282
obsazeny,7757
zvonici,5632
lékařský,1760
nápadná,11742
automatických,3914
studovala,10587
rozvíjející,16283
srpen,4561
zavedlo,4749
prezentován,3427
pistoli,5394
pásů,4677
hratelnost,16284
mapuje,16285
výstavách,2140
bar,3249
výškového,4195
hotovou,7557
důležitost,11737
ideologicky,16286
podvod,4862
nerozeznání,16287
stavebník,13905
talentovaný,9196
zadávacích,16288
oficiálními,3301
zástupcem,1396
zhoršení,16289
jednolůžkový,16290
vzdycky,16291
vyloučí,4477
výhodu,4857
rozbalit,10968
dodáváme,16292
seznámí,6150
vyjela,16293
pamětní,15995
udeří,10310
vegetativní,16294
usmíření,16295
špatných,3942
zaniklo,7581
sbližování,16296
švadlena,16297
pytlíku,16298
luxus,16299
dlouhodobému,11216
organizována,10523
vystavených,11426
výkresové,16300
ideálního,15722
nevznikají,6450
železobetonových,6785
spoluzaložil,16301
nátěrové,16302
tolerance,16303
zpravy,16304
policy,16305
nesrozumitelné,16306
švédsky,16307
vypadám,7786
vyvíjely,4841
znělo,9202
modřiny,16308
směnu,4969
sled,16309
předpisu,11400
zachovalo,8094
měřením,4527
následovníky,16310
vylepšené,16311
desátém,5881
državy,15402
postupná,13596
maršála,12854
bůhví,16312
magisterském,4551
jely,9619
rám,5131
turistickými,2014
znamenaly,9281
vyhnout,14341
reprezentují,14932
bydlíte,9986
kdesi,16313
oddělí,6723
presbytáři,10906
srbský,576
uplynutí,16314
košťata,10596
repase,16315
zastřelit,11093
vzácné,16316
archeologického,7700
napříč,16317
označovala,16318
farmářské,16319
svolal,15631
okresních,6571
severovýchodě,9346
límcem,9227
vázne,16320
kratší,7722
držitelů,10804
agresivního,16195
postupovali,10293
šup,16321
jezdily,16322
odjede,15849
sestřelil,15113
sklíčkem,16323
rafinované,16324
pozorností,4589
střídal,6193
zničili,7705
plynech,11872
neprošlo,16325
minci,3592
pročež,16326
vývoji,4248
altán,16327
synům,6201
třešeň,16328
samotu,3850
multiinstrumentalista,16329
posla,16330
ptákem,5591
kompresorem,16331
fotečky,16332
manželskou,1967
pomáhá,11353
významní,11479
dívčích,11043
prohlídkou,16333
zapojte,3353
nakazil,12143
záslužný,16334
vchodové,15101
věnovali,5581
mohyly,16335
připomínána,10476
dešifrování,16336
vyvrací,16337
bytovém,2699
ovlivněna,12837
duchovní,15533
nechalo,3282
ústup,7473
americkému,401
rozdělil,6613
porušením,10138
střižené,16338
výchovný,6847
tematicky,16339
teroristického,5005
pohanka,16340
dokumentací,1770
vykonávající,9562
nadto,16341
spravované,16342
dary,16343
zrno,11196
propracovaná,16344
naléhání,16345
garden,16346
žití,16347
plave,16348
vlevo,16349
skrytými,6741
několika,13288
povede,16350
propracované,16344
zónami,1974
bulletinu,12480
reprodukcí,16351
stravou,16352
skladovat,16353
řízeno,6803
prstýnek,16354
cévní,16355
působil,8387
touze,5968
stručnou,13650
zprava,16356
vytvořily,9257
umožňuje,15897
nedělích,1588
raná,16357
zadržení,12616
uviděl,2658
velikonoce,16358
souhrnné,16359
pohledu,13576
výměry,16360
zlato,16361
izolované,15902
title,16362
libo,16363
celistvé,16364
měsíční,14632
umístěných,6918
metodice,16365
trval,8981
koridorů,16366
uvažování,16367
protisměru,16368
písmenu,5734
chránit,13015
zápachu,12207
lišila,16369
zavedl,4749
obchůdků,16370
třetích,8595
decentní,16371
čistá,8677
pátou,7325
podezřele,16372
ladem,16373
mrazícím,16374
nastanou,11055
tropů,16375
pusou,5418
polévek,5278
dovršení,16376
centrech,779
invazí,862
poznamenal,7758
exotický,5060
otáček,16377
zanechávají,16378
úzké,8939
posílí,16379
gender,16380
nestál,2387
vestavěnými,1572
kojím,12876
impulsů,5395
vybudované,8867
přeruší,4280
prostorných,3513
přebytek,16381
scházejí,15530
kreseb,7673
ohromné,7579
zabezpečený,14890
zvolíme,10077
dána,5531
různě,16382
reguluje,9521
dozrávají,16383
varováním,8105
docent,16384
typ,6825
nadarmo,16385
osobám,1033
vanilky,16386
sloupců,16387
vyhodnocena,16147
kryta,10720
převážné,8464
diplomu,16388
cíl,5550
nezměnily,10169
talentovaných,9196
záměrů,10098
názorně,16389
napíšete,6132
polskými,1630
poutníky,9931
výsledný,9814
přesvědčivě,16390
dobrých,6917
žadatelem,4125
spokojené,11827
všeobecných,4358
zalíbilo,16391
analysis,16392
zastrašit,16393
požádá,5571
nepsal,16394
navrhlo,5736
staletími,7563
tónů,12331
zapálení,16395
neformálně,16396
přednáškou,16397
světelný,1289
vazy,16398
předpokládaná,16399
poutních,16400
předminulých,16401
svěží,16402
nadpisu,14074
vyšívací,16403
nedávných,3984
pojezdem,16404
pohodlnou,3244
počíná,16405
pozitivně,16406
hranicí,2593
projevem,5967
navždy,16407
vyžádá,11071
pepř,16408
barman,16409
pojďte,3735
novém,2294
kapitálové,9288
zapomenout,7080
případného,9899
transparentně,16410
účinky,16411
zasraný,16412
džunglí,2569
nestihl,7872
osivo,16413
alkalických,16414
šetrný,8984
výkonů,13675
pěstován,5740
životopisů,12029
sladký,6888
prasečí,16415
padnou,5339
každýho,16416
vyzkoušeno,8681
nenašla,5746
nabrala,16417
prodaných,11034
pamlsky,16418
dopraví,13631
jednokolejná,16419
obdivovali,11171
symbolická,12252
znevýhodněné,16420
svižně,16421
vezmu,2299
omáčce,11557
rozšiřovat,14987
stavíte,7109
pupeční,16422
selektivní,16423
dokončuje,16424
šafanda,16425
nezatěžuje,16426
vezmeme,2299
menšího,4253
palestinských,5194
štíhlejší,6236
statistickou,8814
rozchází,16427
sekvenci,16428
hodnotě,10132
enzymy,16429
nevěstu,2642
hodnotící,16430
radil,9652
zvolen,3670
depozitáři,6839
oprávnění,16431
neprospěch,16432
alespoň,16433
odpovědělo,8534
vývojář,16434
udělané,10540
balené,16435
trofej,7963
bakaláře,16436
poradního,8072
pokládá,10370
mnohokrát,16437
takovou,3536
rozhodnete,4706
účtují,12565
setkáních,16438
nitě,12333
cenná,15923
menšinou,1004
převede,16439
vzbudí,3165
dámská,7290
akademickém,1558
bitvu,3750
kolektivu,9444
snáší,6118
rozšířena,3895
zistil,16440
bruslích,4430
vinného,4884
lícní,16441
soupeři,6202
zavřeno,6694
náboje,16442
inspirovalo,5939
vydávají,5687
naftových,16443
dvou,5685
božstev,9014
vyniknou,16444
indukci,16445
designů,4837
reedici,16446
reggae,16447
zrealizujeme,16448
logikou,4632
mlčenlivosti,14858
užity,16449
seberealizace,16450
ukrajinským,379
množit,15336
ustálila,16451
vyzván,9031
tlakových,12178
poločas,7453
naději,4977
výčitky,16452
úložišti,16453
prostudujte,16454
dotýkají,14086
stejných,7235
církvemi,807
kritikem,1207
nedám,4578
mathcal,16455
sehrát,7731
tužkou,2541
čemu,7387
mleté,10518
housenky,16456
obléknout,16457
vyučovacích,3819
setkání,16438
ráz,16458
zadu,16459
nejdokonalejší,8145
odvahu,10076
momentů,8302
proti,16460
vložky,16461
klasickém,1609
fórech,4641
nenechat,3282
čtyřhry,16462
přílohami,6017
lahodná,16020
odvážně,16463
lakování,16464
obohacená,11182
vytvářely,8617
plněné,16465
bosse,16466
poradenských,2078
biography,16467
hydratace,16468
osmiválec,16469
ověřili,14661
klesající,16470
přidružených,11075
sepsali,16471
strhnout,3813
významných,11479
kvalitativně,16472
utekl,5170
stálého,5046
známy,2626
škrob,16473
koncentraci,10369
opomenout,16474
rohy,7144
aktivační,16475
zákazem,8568
následnictví,16476
destičky,16477
kreslíř,16478
výčitek,16452
únikem,16479
rovnoběžně,16480
znamení,16481
insolvenčním,16482
nádobky,16483
využilo,4038
vybírány,16484
rozporu,15957
stavět,7109
očistu,15970
živili,9874
neprůhledné,16485
vzájemné,8944
pochybuju,14391
hájil,13281
vaříme,3921
akcionář,5764
právnickou,896
čelního,11124
listeny,16486
konecne,16487
pitnou,7074
termín,10406
hotova,7557
rozešel,14005
ultra,16488
blokové,16489
nainstalujte,8244
týdnů,5035
záchranář,5948
kvasinek,13508
ohrožených,10301
situovaná,16490
přesněji,16491
nosníku,16492
kombinovaných,6716
vrcholku,16493
vášni,16494
uzpůsobena,16495
opakujeme,8013
schopný,4346
omezeně,16496
jádrové,16497
figuroval,9088
hnacích,16498
panty,16499
dodržet,16500
vzrušení,16501
školku,986
present,16502
opravovat,14861
záchranných,6028
přebytky,16381
měď,14653
špičkách,2087
zbytkového,16503
zbavení,16504
okresech,11524
pujcka,16505
bouři,1542
báňský,3689
rozlišovače,16506
zápisník,16507
spojují,10497
hostitelských,5070
obecněji,6203
atomů,10640
procházely,9720
donuceni,3587
klenby,13003
doslova,16508
překrásné,14066
silného,9786
spoluhráčů,11938
dalece,16509
drát,4377
kvalifikační,14537
srážení,16510
nabitých,14018
nemusel,6284
nosiči,891
podvozků,16511
vyrobený,13125
památkových,6404
rozhodit,16512
zjistím,2037
vykonávala,9562
posbíral,16513
dílky,16514
prachu,16515
studovali,10587
paketů,16516
zbavit,11305
všestrannosti,16517
vypravili,7466
podlehl,10111
world,16518
zasílá,16519
úvěrový,3773
udržuje,10002
pták,5591
analyzátor,16520
popáté,16521
uvolněný,8101
obuvníci,16522
upekla,16523
pry,16524
předběhl,16525
odděluje,14289
arcibiskup,5197
schodku,6358
prášku,3848
facto,16526
jediní,3936
several,16527
nízká,14520
západu,6686
klíčový,10227
avizoval,16528
kanovníků,16529
nesplacených,16530
vycházeli,8658
proběhnout,7966
spolehnout,16531
postavte,2832
platilo,4362
důkladné,16532
výzbroji,16533
aktualizovat,15997
kvetoucí,16534
mužského,4339
odehrával,7299
rovinaté,16535
etického,7547
západními,2055
vyřizování,16536
mzdová,13624
bývá,5072
ukázáno,2968
polští,1630
finském,742
nevyplácí,15160
stability,10180
složitější,15140
nálepku,5462
mody,16537
vyrobené,13125
dokážeme,7848
feny,16538
posvátných,11555
popraveni,16539
proroka,16540
zatčeni,14193
vlastn,16541
doporučení,16542
pitím,2867
dorůstající,16543
připadal,8355
opustili,7587
president,205
ruzne,16544
malebného,9775
vlasových,2260
trápení,16545
předvánočním,10939
chtě,2480
orgasmu,16546
logicky,16547
zkoumají,10904
opakovat,8013
cenné,15923
kapacitních,16548
předávat,14648
test,7091
model,6807
začlenění,16549
chápán,15889
partiích,8810
modelového,5742
zabývají,4673
zákaznický,6196
vzhledu,13484
posunout,9072
výtažky,16550
modelech,6807
útoky,11340
uspořádána,11401
pozor,11600
proměnlivá,16551
stiskněte,16552
penaltu,11274
obydlených,14640
ohroženy,10301
svobodnou,1871
vesnických,3179
důsledek,10676
metodě,6742
úkolem,4137
sladění,16553
naposled,16554
vyprodáno,15428
úhlu,8331
nulové,9590
nejpravděpodobnější,6748
editorem,16555
žádných,4447
prohrát,5860
spěchu,16556
klouže,16557
mléčného,8236
zablokování,16558
koláčky,16559
děložní,4940
kurii,16560
dávám,2648
vzdání,16561
transkripci,16562
ohledech,16563
možno,9774
podřízeným,6872
zajímavými,4758
financemi,1605
umyjte,16564
odvetu,3759
deskriptivní,16565
spodu,16566
smluvního,10421
metanu,16567
neúplné,13497
přívětivé,16568
střevě,4101
uskutečnily,9865
císařskou,9164
erupcí,8816
hádat,2363
stepní,16569
zvážit,16570
využívali,4495
nahrazena,16571
formuje,16572
mna,16573
žláza,6441
debakl,16574
podmínkám,4748
ideou,4610
nechť,16575
disponují,14482
vnější,10762
stupních,15260
potrestat,8547
pruhů,11948
komunistickým,293
imobilizér,16576
příkonu,16577
výměny,8447
honem,16578
malinko,16579
vrazil,16580
mimozemšťanů,9545
převést,16439
letící,16581
telefonický,4229
věru,16582
benefiční,16583
díru,3738
prvovýroby,16584
vyřídí,14580
anglických,3964
dvacetileté,16585
ohrožují,14037
udělaný,10540
sporům,6746
vícekrát,16586
hliníku,14075
porazí,5133
chápu,5069
slavit,11870
sdílený,2538
kvete,15569
stihnu,16587
příčestí,16588
sadě,5807
přechody,8849
navrhovaných,9563
rozdělený,4219
očekávám,5633
zajatců,15676
oblíbil,4215
přirovnání,16589
střelbou,4439
nacistickém,6799
pánských,3138
ojedinělých,11070
klon,16590
válečnou,7349
nepřijatelný,9477
používaný,9631
profily,16591
zanikají,14065
nabídnuty,8505
opékání,16592
ucelených,7373
přečtete,5990
strukturální,16593
rezervací,7531
nebojí,8215
jury,16594
hrubého,16595
přecházející,11883
dorazí,5654
rozlišují,12059
netradičně,9399
královstvím,5422
nakládat,16596
řidičské,16597
guma,16598
sekundy,4082
odpadkový,16599
řešené,15808
předložené,12087
výztuže,16600
umisťují,16601
přednes,16602
louku,9892
hráčkou,3549
kartách,2089
prosklení,16603
putují,12762
vakcín,16604
nasnadě,16605
kloubů,4896
najít,5746
žlučníku,11989
městu,529
nezaměstnanosti,9885
zabezpečuje,16606
celer,16607
hnětení,16608
zpracované,11725
linkami,1591
splatné,16609
charakteristické,13860
přítomný,4372
též,16610
nováček,10887
rezervačních,16611
předpokládáme,8346
koncentračních,8456
vínu,956
hříchem,7196
vyráběných,12708
zazpíval,10428
dospěl,6208
vyobrazen,16612
dialektech,8976
rozhodčím,4922
dokonalého,8145
chráněné,14774
náhrdelníku,11692
kohout,9726
neodpovídá,14241
ještěrka,7890
postavám,824
italskými,1776
udělované,16613
ovlivňujících,16614
tučňáků,16615
přesouvání,8553
snažil,5473
nastolení,16616
vést,8665
sprej,16617
trable,16618
pneumatikách,8829
útoku,11340
kol,1112
vzdělávacím,2186
funkčního,5659
byť,16619
otevřelo,5882
přibývat,13297
generátorů,10289
kombi,16620
distribučním,269
jednohlasně,16621
milionem,4180
zvoleného,3670
skvělého,9241
plátku,11268
repre,16622
kartáč,12066
prvcích,4421
paláců,2742
přínosné,16623
přeměňuje,16624
vlivů,13911
stejného,7235
trápiť,16625
hlady,14064
ironicky,16626
pokročilých,12553
navržena,13038
záměně,14045
doplněná,16627
zaměstnaných,4135
občanský,4984
brán,16628
uvažujete,5850
spojoval,16629
zapálil,13485
principiálně,16630
rano,16631
černých,6939
nim,3227
zahrnující,16632
vítěznou,5268
máty,14761
oddělovat,6723
institut,6211
položená,16633
vybojovala,16634
uniká,13638
vinicích,14592
rozdával,16635
varhaníka,16636
dolech,5824
oddělování,16637
malwaru,16638
zelení,5163
položené,16639
půvabné,6709
proběhlýchvyber,16640
dlažbou,16641
basketbalový,1021
pacientům,2782
opakovací,16642
citlivého,9038
auditorů,16643
hnusně,16644
semínko,12662
metabolických,12727
dluhopisech,2041
probíhajících,11047
vystavování,16645
konektor,16646
vyrobce,16647
hraničního,8363
vzejít,12650
usedlost,11451
odstraněno,12761
kosmetický,3259
symbolické,12252
personalizaci,16648
pilířem,4799
subjektivity,16649
paveljirsa,16650
vyzkoušejte,8681
důvody,15773
katastrálního,16651
zastřešuje,16652
děs,6083
vyprodukuje,13073
paranoidní,16653
sondou,16654
recenzní,16655
praktičnosti,14553
angličtí,3964
zbylo,10705
dědičnou,5057
posuvných,16656
zasahovaly,4364
králové,6106
řečtina,15230
dokázali,7848
totožnosti,5715
dohodu,3918
produktový,12532
městem,529
plechových,10966
dražších,5059
karton,16657
naléhavě,16658
udržitelného,14448
destinacích,16659
skupinku,4207
ustavičně,16660
stavení,16661
skutků,14417
kulometu,15133
filtrů,10027
potoků,15618
australský,1336
mlčky,16662
nastávající,16663
tichou,4080
dodržení,16664
horníků,10525
řádném,7048
vyráběného,12708
závodnic,1675
svateb,1604
šxvxh,16665
dort,6173
baráži,16666
darů,16343
přípravka,4926
hesle,5137
jedinými,3936
nastat,11055
vyspělosti,13940
obličejový,8605
ukončeného,10704
sám,1565
sloupcích,8016
jógu,16667
rozpustné,16668
baterku,1551
nastartování,16669
navštívila,16670
sběratelů,10080
organizovanou,10523
pravděpodobná,6748
naprogramovat,16671
slevových,16672
chlebem,3451
ryb,4360
obyčejný,2544
nepíše,9347
pavilony,16673
chlupatá,12542
omezeno,7390
legislativou,1304
nejlevnějšíhood,3283
krvavého,7590
ostřím,16674
devizové,16675
povodí,16676
rybářského,2886
notář,10157
prodejcům,4679
grupa,16677
zábrana,11971
sněhu,13594
osobnostních,16678
jádru,3028
fyziologických,11502
vtipem,2597
zlatnictví,16679
uzamčení,16680
sdílejte,8884
analogii,3043
knihovní,11241
podléhající,16681
darovat,10444
nenáročný,5642
dějinám,739
posílají,6631
svěřených,12779
štěpí,16682
letišti,3228
nekdy,16683
špínou,1918
community,16684
mraků,13661
rozhled,9790
odpovědný,3589
diet,2166
sladu,16685
zahájili,3399
rozšířili,6025
motocyklový,2477
cosi,16686
technicky,16687
bit,8927
snoubenci,12907
uklidní,7750
mistr,6774
čerstvost,16688
strojku,16689
udržovali,10002
kněžské,16690
prosperující,16691
teror,14874
bezchybné,16692
strávený,7058
nabité,14018
přivedli,8292
lenní,16693
odpálit,16694
hvězdičky,4491
ukončením,8405
oceňuje,10803
autoradiím,16695
imitaci,16696
dav,11057
aktuálně,16697
vytvořili,9257
infostránce,16698
považuje,8531
nosností,8332
vedu,16699
podpůrné,16091
neměl,5944
ochoz,8135
celoživotní,13181
seznam,9940
hlasový,2194
hradech,6538
závažného,11637
měkkýši,16700
specifikované,16701
rajónu,16702
přídi,12529
nadčasový,13230
výkonnými,1262
míti,5944
hostel,16703
sběrné,16704
osudu,4361
španělských,3504
protiklady,16705
zřetelná,16706
zvenku,16707
pomalu,16708
filozofií,3341
přísného,11933
pujdu,16709
autobusových,4099
nevidím,1481
vlky,14544
doklady,16710
sýpky,16711
nejslabší,13201
mizerně,16712
changes,16713
nasekané,16714
zobrazení,16715
samička,16716
smetanová,12128
imunitního,16717
sjezdovkách,1319
veta,16718
novomanželé,16719
euforii,3875
ponejvíce,16720
vyřídíme,14580
rozvedli,9416
krvinek,7285
pokusům,13563
vrcholného,16721
alergii,11345
dotaz,12131
zub,12978
bezdrát,16722
nepoužité,12601
nástavbového,16723
ukončené,10704
plochách,3568
quot,16724
otevřeme,5882
importu,16725
etnických,5940
dres,3890
vychovat,16726
kouli,5483
bližší,4865
rozpočtovou,6603
obhajobě,5082
specializoval,16727
permanentně,16728
čoček,3733
navštěvovali,12467
palivového,9388
početných,5787
herecký,1011
čistotě,7199
mořeplavec,16729
zavítají,16730
development,16731
sporem,6746
upálili,16732
negativního,14202
klimatických,5671
instalovaný,5535
kanoista,16733
házel,12495
navrch,16734
napadání,10035
infekci,4826
osudem,4361
antireflexní,16735
hardwarovou,2520
neudělal,5995
navržené,13038
podnítil,16736
stroužek,8133
spatřili,4805
stavění,16737
příznivého,14141
překládání,16738
evakuaci,15787
bojišti,5076
pětkrát,16739
použitelnost,16740
kružnici,6771
ţivotní,16741
prodavači,5751
zrealizovat,16742
předvedli,4198
zaregistrována,3680
ozubení,16743
legitimitu,16744
ženijní,16745
uskutečnění,16746
zachce,16747
prvně,16748
včerejším,5820
jejíchž,3617
cmdélka,16749
smyčcové,16750
podmínku,4748
malware,16638
koncepčně,16751
hypotečních,5156
oktáva,16752
přivedlo,8292
řešíme,5874
perspektivě,10116
zemního,16753
usmrcení,16754
negativně,16755
zpracujeme,5645
udělení,16756
zkusili,9226
vyslána,16757
technickými,2025
popeloviny,16758
nohu,9677
vyplatila,13972
zámoří,16759
pixel,16760
dortem,6173
sklápěcí,16761
nespokojených,11827
upravovat,16762
vyhodnocovat,16147
identit,1511
nalezení,16763
nekompatibilní,16764
mechanicky,16765
tamních,1739
svatí,3860
hřeben,4621
zbytkové,16503
prostorný,3513
plicní,16766
bunkr,16767
oplechování,16768
garáží,3834
využita,11741
mívají,12112
hmot,7301
růženec,8815
formách,3359
plevelů,16769
stagnaci,8797
pomalejší,4400
přemýšlel,7326
usiluje,13259
trojúhelníka,14967
inspirovaných,12176
zúčastnil,7220
žiju,10100
unikne,6780
sledky,16770
diagnózu,1712
martina,16771
děloha,12569
cihlového,6961
příbuzenstva,14926
celému,2838
patřičné,16772
pěstovaných,16773
omylů,7958
postu,7395
kupte,16774
hnedka,16775
aktivizační,16776
reálné,9372
horizontu,16777
extrém,5873
ověřovací,16778
zemětřesením,1348
přesné,15770
vousů,14687
penzí,1507
manzel,16779
přítomností,5719
nápovědě,16780
lávy,16781
přejezd,8915
zpochybňuje,12757
klávesovou,10882
různí,2578
uvědomění,16782
nákladové,16783
germánské,16784
dok,13061
vejčité,16785
používáme,9602
poskytnut,2637
listové,16786
mesice,16787
zápalu,16788
paluba,5335
diagnóz,16789
požádat,5571
rozmachu,12858
nať,16790
motivují,7738
pracovníkovi,1961
penziony,16791
povolí,12993
podobat,10918
dokazovat,10451
natrvalo,16792
nejmladším,1204
milou,16793
výstřel,15049
milf,16794
soudruh,3852
uživatelského,7258
nerovnost,11201
trefila,16795
popraven,16796
evangelických,2336
zařídil,4675
obsahoval,15298
recenzích,7484
obával,8064
experimentálních,4299
dávající,16797
doživotně,16798
chystal,2976
gesci,16799
podpoříte,4247
žadateli,16800
skoky,16272
lyžařský,1379
odlet,15308
jakýkoli,7541
pociťují,16801
zavítal,16802
upoutá,9487
provinciemi,794
olomoucký,3700
trosek,10866
příbuzný,10693
širým,16803
porážkou,4394
poskytnuty,7717
výraznější,10600
podhůří,16804
nejnebezpečnější,6149
darovali,10444
měrou,7195
ošetřovatelské,9274
provizi,13282
vrcholky,16805
autentických,7206
ulicemi,3027
malířskou,4482
hodit,6593
spojenec,16806
sonoma,16807
háčku,7001
nenecháme,13715
katolíků,7813
rozvrh,10333
olovo,16033
zakázkovou,16808
doložená,16809
zaskočil,16810
tuny,16811
infekcí,4826
vjemů,5211
požadavkům,14686
tvrdá,11519
čokoládovou,8751
staráme,9451
nápravu,5890
noty,16812
nikým,8022
příštím,2319
filtrační,16813
vrtáky,16814
koncentrované,16815
obložení,16816
opravdových,4092
zadaných,16817
stabilního,11222
klasický,1609
nereaguje,16818
zazářil,16819
nenechal,3282
tradicích,2179
spravedlivý,7250
klesají,8150
sádla,8747
zaplacením,12498
přírodou,989
vášnivě,16820
sepsala,16821
masivních,10981
většího,2604
důležitou,7182
načas,16822
kombinuje,14136
zakysané,16823
občasného,9407
nejhorších,3942
temna,16824
poučí,16825
nepřetržitým,3097
nárazníky,16826
vyžadující,16827
křestního,16828
jakmile,16829
románek,16830
měřeno,6396
uličkách,5530
tloušťky,16831
mobilitu,16832
kulatiny,16833
zaznamenán,14929
bráno,7711
debutoval,16834
mrazech,5093
nadbytek,14734
uvedená,6616
flexibility,16835
pochutnáte,16836
vysoko,15839
diplomatického,5750
pitný,7074
angažoval,7768
fyzioterapeut,16837
nenacházejí,16838
zisků,9869
kázat,16839
pánskou,3138
fluorescenční,16840
zmenšuje,16250
pojištěnců,16841
nepoužívané,16842
spravovali,10666
přihlašovat,16843
dodatečného,8383
všelijak,16844
kelímek,16845
průvody,15558
dealer,10941
gangů,16846
radikálního,12860
smažené,14160
přizpůsobit,7944
trvalou,7016
chráněn,14774
přípravných,16847
organizátorem,2282
řízeným,2476
lomy,16848
hravá,10255
prodáváme,7348
řešilo,5874
napoví,16849
svéprávnosti,16850
přijímán,6354
ekonomickou,3747
dlaně,16851
ohniskem,8433
rozválíme,16852
usilovat,13259
dražeb,4942
moniotry,16853
jízdách,2197
koordinátorem,3996
vyvolávají,13207
filtr,10027
pustá,16854
razítek,8703
nenávratně,16855
uplatňovat,15592
šlehačkou,16856
zpracovali,5645
aneb,16857
realizovali,4270
zapadnout,16858
nohama,9677
začnete,5894
drogou,2328
prosadil,3619
vnáší,16859
stanul,16860
hluboko,16861
hodnot,10132
splní,9080
tvořivě,16862
nehne,16863
hroty,16864
spisovatelem,2134
přivrácené,16865
chalup,663
jakou,12365
výstižné,16866
otevírají,14792
hadů,13215
požadavek,14686
trávicí,13870
orientovány,13432
kombinovat,14136
jakosti,11751
porušuje,16867
obličej,3330
půdorys,16868
svou,7991
vinylových,16869
hony,16870
modra,16871
komorních,10656
zasílat,16519
řízek,4869
životně,16872
spáchané,16873
prsten,7723
zjištěním,11857
rychlejší,4802
osvědčilo,10690
hájit,13281
ořechové,16874
brzdy,14447
benzinový,2444
záblesk,14454
komplexních,9894
letecký,912
předpovídat,14442
mléčný,8236
reformátor,16875
trefa,16876
jelenů,16877
uplynulém,4829
kras,6417
nezvládne,16878
zdatnost,16879
párou,16880
naplánoval,16881
počas,16882
rezistentní,16883
cukrovar,14255
ochutnali,13187
pocházejí,11128
zanechali,12329
velkoobchodu,13019
virových,11548
hořčicí,1835
smrdí,16884
nabídkám,1115
navrhnout,5736
podělí,16885
mrtvou,6881
slalom,15761
splátkový,15156
řazené,16886
podpořilo,4247
dubnem,5686
zaváděním,6855
ligou,791
mořích,1080
událo,13656
ujímá,16887
klavírní,16888
částek,4088
kapsičkou,16889
zábavným,2024
nějakou,1841
nezařazené,16890
objednatelem,7802
čtrnáct,16891
počkám,12119
živnostenský,9620
požádejte,5571
kulturách,693
uplatňují,15592
barbarů,16892
podílových,13987
zatáčce,13604
odměrky,16893
dražbu,4942
polypropylenu,16894
tohto,16895
huť,6718
kašlu,16896
akcemi,2144
pujcky,16897
doložit,13409
kazí,15605
potažená,16898
dospívají,15949
vyšetřují,4894
skákací,16899
začátečníky,16900
kvalifikované,16901
otazníky,16902
patříte,6209
odpověd,16903
perkuse,16904
odvezl,7591
interpretační,16905
nezaměstnaných,13476
zraněná,16906
mocnostmi,6966
frantiska,16907
proveditelnosti,16908
lexikální,16909
váhové,16910
jícnu,16911
metodami,6742
rozdělen,4219
slevami,13211
očního,16912
veden,11867
kurzech,16913
jse,16914
zvolilo,10077
těšili,4460
pokračovaly,8380
teritorií,10467
pomáhalo,11353
plemen,4052
řidičů,2529
projede,13470
předával,14648
všestranné,16915
plynných,13829
zadečku,16916
zaplacena,10299
rekreační,16917
moudrý,7224
zátah,16918
číslo,5321
jmenovitá,16919
japonskými,1277
klíční,16920
porušen,5240
havarijní,16921
obnovit,9889
miminku,6907
určovat,16922
nástroj,8761
skleníkových,16923
převeden,16924
záchranou,1938
tretry,16925
pochvaly,7010
ukládáním,16926
neformálních,13452
holkama,16927
mírových,7556
nepovažují,8531
žák,5870
ochotni,6706
trvalého,7016
listin,5482
tekutého,8268
dýchání,16928
pálka,11288
šťastné,11021
kyvadlové,12713
rozhodne,4706
lahvička,16929
zádový,12035
pás,4677
napevno,16930
most,4876
oživuje,16931
veterinárních,4635
vycházelo,8658
korzety,16932
vícenásobné,16933
osvědčí,10690
chirurg,14188
okraji,8619
každou,5749
portugalský,1132
train,16934
šířce,10732
vážnější,5162
rozdělovníku,16935
epické,16936
výkresů,5941
sráží,16937
nekoná,13005
ochlazení,16938
bestsellerů,16939
ploutev,16940
nahrazení,16941
falešného,6399
dutá,16942
přežití,16943
lítat,12150
souřadnicích,16944
nakupuji,2220
mandátů,16945
portugalsky,16946
šlehačky,16947
svolává,16948
filozofii,3341
výfukové,16949
tyčový,16950
stolec,4124
přidaly,9781
sehnat,14755
nahradilo,5559
celní,16951
poraden,16952
pohlavní,16062
přesčas,16953
emisního,13016
ski,16954
městečku,3026
látkové,16955
schovaný,9531
kabátek,16956
zabralo,16957
slibuji,2391
kapalného,8994
oddálení,16958
tarifem,16959
dýně,16960
jeskyních,4094
přístupy,11889
faru,16961
nástupišti,9768
výcvikového,16962
začneme,5894
zazitku,16963
nadačních,16964
nedocházelo,15023
schodišti,5548
skupinový,4935
uniknout,6780
bubnů,11293
ozbrojených,5436
propojena,10670
vyvrcholila,16192
generacích,1560
vyvolat,7189
mlýna,11187
provokovat,10257
adaptérů,12139
datech,5334
sklizeň,15380
uvažujeme,5850
hypotéz,4975
icq,16965
heroinu,13816
kravského,16966
potřebovat,7255
znam,16967
připomínám,10476
snah,6506
výživného,16968
nenávidět,6041
drogových,7025
strávené,7058
technickou,2025
grateful,16969
věcem,897
skauting,6614
řvát,2880
musel,6284
mrazícího,16970
opatřit,16971
magické,9989
vyhlíží,16972
sjednává,16973
humanismu,16974
vam,16975
poprosil,5520
pochválit,11294
stěrky,7617
rozlišovač,16976
smluvně,16977
sněhem,13594
poklesly,12799
dýchejte,16978
přestěhuje,9543
nákladům,8273
pan,12677
zajetí,16979
mezníkem,15401
přepravovat,16980
praporu,9176
opakováním,7829
prověřil,16981
vdala,16982
bombou,1695
rampu,16983
zavedením,6477
půlroční,16984
dentální,16985
alej,11421
červených,6719
duben,5686
desátky,16986
ekonomickými,3747
dostavit,8495
přátelství,16987
ultrazvukem,4718
zdály,9777
snižování,16988
nevhodným,6151
kojit,12876
šuplík,6533
katastrální,16989
devizových,16675
výsadbu,8651
otroci,12790
hody,16990
stanovišti,4104
vynachválit,16991
ponorek,2864
relevantních,14450
nečekejte,16992
bombardéru,12336
lyrika,16993
podnikem,1389
zkoumali,10904
boku,14688
bezproblémové,16994
samých,1565
sere,16995
tygr,12200
jogurtem,625
https,16996
měřený,6396
velkostatku,16997
najme,16998
dospělými,1614
dalšími,5540
ostrůvky,16999
statečně,17000
japonštině,7088
daním,3397
slušných,10606
vystavit,7433
vykonávají,9562
uspořádáním,6239
albánský,1136
předána,17001
angažuje,7768
kotvy,15038
trolejbus,17002
předchozí,13835
okapat,17003
zřídit,10389
sestupně,17004
předpokládá,8346
rovníku,17005
budovat,15712
selže,5903
příbuzná,10693
nejkrásnější,8903
nepostradatelné,17006
předkládá,12373
míň,12740
kibucu,17007
eskortní,17008
vyjímatelné,17009
best,17010
věnován,6601
provokaci,4867
klášterních,6408
obhajovat,15784
vejcem,14151
počkala,12119
osud,4361
otěhotnět,17011
odehrály,9286
sehnání,17012
marie,17013
zaplatil,2702
dotazů,12131
zákrok,15961
invalidy,17014
makléři,13869
připraven,7117
slabinou,15144
izraelských,2981
uzemnění,17015
vdávala,13626
ubytovacího,14616
dynamiku,14579
obohatit,11182
hledal,4292
prach,16515
zastřeleni,14705
sezónu,1782
polka,17016
nedosáhla,10570
guláš,17017
sicilské,17018
nereagoval,6652
striktní,17019
zahradou,880
hroznů,9457
objemech,17020
houbou,6508
objasňuje,17021
stárnutí,17022
kolen,10010
děťátko,17023
hloubky,10745
zastaralý,8525
opojení,17024
reagovaly,6652
rebely,17025
humus,13351
následovalo,8066
výborného,7620
zvolna,17026
vzduchového,3457
biochemických,6185
broušené,15821
ubytovacích,14616
zavedou,4749
ocas,14145
přesnost,17027
jedinec,5765
delty,17028
výstřední,17029
farmář,11775
jedinečnosti,11477
ztratilo,6339
statistických,8814
spal,1570
tvoří,8507
novorenesanční,17030
rodící,17031
přečtěte,5990
zváží,16570
raketě,1606
kazit,15605
motivací,4772
nezvládl,11761
spolupracovníkům,1390
límec,9227
brali,3317
klesly,11756
řadič,17032
účastníkovi,4738
čtvercová,11249
obsahovaly,15298
velkostatek,16997
zaznamenána,14929
liší,16369
nice,12899
úvodu,17033
paradox,17034
kontejner,13280
vrátím,5518
pečené,13027
budoucí,10125
letců,10049
orientoval,13432
pyšná,17035
ojedinělé,11070
obvejčité,17036
větrných,6241
linkový,17037
místnímu,2386
pekáčku,17038
minulému,4981
pořádně,17039
obyvatel,3671
publikovali,4794
ředění,17040
kolony,10376
bočnici,17041
padáku,17042
posun,8379
ponechá,8501
prožívali,13441
účastnily,1584
aglomerací,17043
oblaka,7685
významech,17044
normou,2400
chlapecká,4385
ocelového,3018
zabýval,4673
jednoduchých,11045
dávejte,2648
zavřít,5396
průměru,17045
husté,15381
oddělen,6723
zalíbil,16391
plusjednicka,17046
sushi,17047
sam,17048
odjezdem,11608
trestu,9612
eleganci,17049
zabil,7341
útlaku,17050
prožitek,11869
rukávech,8234
nejvýznamnějších,11479
vzejde,12650
recenzí,7484
točivého,17051
češtinou,3325
přenese,9020
zdlouhavé,17052
krátkodobé,17053
modlí,17054
lem,17055
nedostatečně,12204
obzvláště,17056
senzor,17057
kopcovité,17058
stezkou,4806
rozdílná,15460
vyzkoušel,8681
malin,5885
přijme,5175
zamilovaná,8750
bojových,4723
dorazit,5654
držené,17059
ukážeme,2968
sortiment,8233
mládežnický,6314
zoufale,17060
vzdálenou,5783
systémových,11237
vyhrál,3222
důvěrné,17061
líný,7706
způsobenou,9379
získali,8212
darování,10444
stříkající,17062
zvažoval,6754
svaloviny,17063
geologických,1318
trvalé,7016
podepisují,12961
rakouský,1000
sehrálo,17064
variantách,4489
steaky,17065
důkladná,16532
zdržet,14495
bezproblémový,16994
vyjádřilo,4100
mašlí,17066
lužní,17067
pomníků,17068
ehm,17069
pontifikátu,17070
drcený,17071
zločinem,5856
poškozují,8461
padl,5339
frontální,17072
obojživelníci,17073
šampion,17074
buffa,17075
mozne,17076
vykázat,2217
písemnou,8185
míchat,17077
přitahují,17078
opatřená,17079
neauditované,17080
kterýkoli,7592
kolíčky,17081
fázích,3436
kladou,12318
dolních,11530
bližšího,4865
pohotově,17082
skoku,16272
rozhodneme,4706
operují,17083
ušima,1727
nenáleží,17084
přikazuje,17085
víře,4181
otevřený,8468
zpracovává,15187
dvoupodlažní,17086
princeznu,1921
zřizovací,17087
lůžkem,2436
kbelík,13501
vrásek,13154
krokem,13973
bleskově,17088
arabskou,9382
fascinující,17089
stojí,2387
říkáme,3929
sejít,6336
kořeny,17090
určeno,9312
soustřeďuje,17091
trubkou,2714
odpisy,17092
vynést,7841
hromadnou,6811
sumu,9965
podepsat,6038
moto,17093
zahrnovaly,15841
palačinky,17094
tříd,9564
stresem,13274
sacharidy,14039
hypotézu,4975
vznik,10026
vyučují,17095
retardací,17096
mele,17097
zapomínají,10228
tyči,3119
kompozicí,2072
zabíjejí,5164
clanku,17098
váhou,6654
zapomenutý,7479
přenechal,15543
automatizovaný,17099
natáhl,10892
reliéf,17100
bleskové,17101
pohání,13074
cyklech,4704
poskytoval,7892
onkologických,3120
donést,6066
potkávat,11000
prováděly,7164
ledovci,5830
radostí,9501
certifikací,17102
celostátním,3991
díky,17103
rokem,3669
skloňovat,17104
výlet,7457
plošných,9476
zasílány,17105
stovkami,5451
užitkové,13234
tituliek,17106
nacionální,17107
genetickou,7256
radiační,17108
usazení,17109
vězením,2202
zadne,17110
stouply,9540
misku,12237
signalizací,17111
postupují,10293
nezbytná,17112
řádu,7699
souhlasíte,5037
představující,17113
vstupoval,9166
větrný,6241
tvořené,17114
zaniká,14065
ministerský,3787
pluk,14444
londýnském,5130
krizí,744
usoudil,17115
zavražděn,6220
ztrácejí,10078
novému,2294
shánění,17116
slušnou,10606
elektrickém,342
dovedli,10951
lze,17117
bitvou,3750
dost,17118
toxické,11624
uvěznit,17119
daňovou,3607
nedochází,15023
nejúžasnější,11483
ledovou,4598
stol,17120
narušena,17121
krátkými,7722
nejhorší,3942
sebevíc,17122
účinků,16411
lyžařském,1379
krmivem,5411
víkem,17123
přežít,11438
veličinu,5602
obviněním,6134
nepovedlo,16350
neplatná,17124
společenský,2737
dvì,17125
hranoly,17126
môžete,17127
krypta,13375
toneru,17128
rasové,17129
zúčastněnými,2894
samotnými,2013
rozloučenou,17130
úspěchů,9712
oválná,17131
rozběhu,17132
kostku,5851
vypsaných,17133
vzdáleností,6036
seriózně,17134
upravených,10323
kruhu,15497
patrné,15699
bulharský,1151
kapitolách,8330
starými,2793
výbušné,17135
spálit,17136
zámečku,17137
realizován,3687
hráč,6171
špatní,3942
soudním,2654
znemožní,17138
hybridnímu,2033
tvarovou,17139
zajistil,3075
trénovali,11036
nejjednodušší,11045
legendami,1397
front,1054
čerstvého,11100
nepotřeboval,7255
navenek,17140
prodejnou,981
estetickou,7008
rigorózní,17141
konfrontaci,6370
litrů,17142
střevech,4101
zasloužený,13291
nepříjemnou,17143
nepřineslo,2353
sudetských,17144
považují,8531
převrácení,17145
nit,12333
dílčího,14564
přímce,7350
kombinovaný,6716
mohl,4811
akciový,3007
úchvatné,17146
zakládání,17147
vyžaduje,11575
zapomenutých,7479
jihovýchodního,6188
praví,12612
krovy,15537
maluje,9573
manželů,2203
předpis,11400
hrazeny,17148
jedl,3150
hebkost,17149
zorganizovat,9686
tělesnou,4886
korytem,17150
udržely,8018
finálních,13337
nebála,8215
napětím,10604
map,2090
krevních,8205
elementy,17151
překračující,17152
fyzického,2499
úhrada,15064
účelově,17153
odjezd,11608
krátký,7722
kvalit,1887
modelových,5742
ergonomii,17154
jmenování,17155
vysadit,11660
marketingovým,559
hranatých,6375
převezli,17156
kilogramy,13178
ušité,17157
nositel,11214
rozpoznat,17158
vycházíme,8658
woman,17159
unikli,6780
táhnou,7055
vzdělaný,7121
zavázali,4731
rýžové,17160
nadřazenost,17161
shodují,17162
název,14345
bezva,17163
paragrafy,17164
neplodnosti,12211
people,17165
zhoubné,17166
hvězdokupy,17167
nárocích,12862
neúspěšný,5386
nejjednodušších,11045
prodyšné,17168
žákyň,17169
studuje,10587
prokazující,17170
vyskočit,7603
udržovaná,14700
podělili,16885
sloužících,15022
kdyţ,17171
rukách,3664
suchu,17172
příručku,1958
skupinek,4207
živočišných,7427
ročního,17173
dělalo,3911
vyráběný,12708
horečce,3784
jezdila,16322
posuďte,14948
nenašlo,17174
široce,17175
dechovou,5489
nekoho,17176
neosobní,17177
přednáší,14182
death,17178
vpravo,17179
výborné,7620
slotem,17180
hudebníkem,2093
vezměte,2299
fouká,6991
dočkal,8702
neobsahuje,15298
reagoval,6652
vlásky,17181
niekde,17182
nebezpečím,15659
textovými,2321
absolutní,17183
celoročně,17184
poškozením,9015
kladky,17185
hodnotíme,6504
moučník,8228
zasadit,17186
dochází,15023
odesílat,15825
ţáci,17187
nebývale,17188
vyučujícím,17189
vyjde,8551
konfliktů,9118
živnostenského,9620
tuhý,9394
helium,17190
návazných,17191
nemluvím,3601
pořizovací,17192
optickým,1249
mokro,17193
ovladatelné,13878
někdejších,3025
aktů,11255
konvertoval,17194
profilech,17195
uložíme,5927
destinací,17196
styku,13769
příkopů,17197
obři,6071
kartograf,17198
dochované,17199
hybridy,17200
rozkazu,12571
škodám,4874
nejmíň,12740
nehledejte,17201
hostingu,17202
chybami,4294
poskytlo,2637
fixací,17203
oddělený,3180
silných,9786
koňské,17204
hellspy,17205
intervalech,17206
životnímu,3324
příjemnému,7013
doplatí,16047
příď,12529
jsouangličtina,17207
rytířského,14388
auditů,17208
skoro,17209
protivník,8997
prstýnky,16354
oněch,11514
ose,8549
simulovat,17210
chystaném,5243
nedorozumění,17211
výdělek,9673
běžícím,4993
eliminace,17212
odezní,17213
genetických,7256
nedostaví,17214
popruhů,17215
čakry,17216
porazili,5133
plánoval,4168
porovná,17217
bližšie,17218
rozhodujících,14397
hotovo,7557
karlina,17219
lide,17220
klapne,17221
čisté,8677
moţnosti,17222
uličce,5530
zkontroluje,8726
vychladnout,17223
umělých,9550
konečky,17224
napovídá,17225
kontrolách,3040
kritériích,6097
větší,2604
napadli,5307
rys,10222
šťáv,2644
dodatečný,8383
obsahovat,15298
nezávidím,17226
nohavicemi,8232
konfiguraci,17227
králíků,2696
důstojníků,7632
nejhezčí,9256
nadpřirozených,17228
úředních,5456
zastavte,7596
akryl,17229
samu,1565
customers,17230
tuhé,9394
rohože,17231
historicky,17232
trénuje,11036
získají,8212
chrání,13015
nářadím,2729
doložku,9939
nařízení,17233
necelý,2838
didaktický,5592
nazouváky,17234
hady,13215
dodatku,17235
tyčinek,6216
přislíbil,17236
kandidátovi,2852
namaloval,17237
hájovny,17238
dominikánský,9766
kapucí,17239
vyžadovaly,11575
posílila,16379
dopravci,3593
samolepicí,17240
konstruktéra,11150
autorit,1881
pokusech,13563
nejistoty,8755
víza,17241
hororový,3902
snížily,9776
zavolá,3187
vyzkoušené,17242
reprezentující,17243
spadající,17244
dotčena,12017
odvodu,9224
kostýmu,7553
nesporně,17245
nastavují,17246
ochlazuje,17247
převislé,17248
opláchněte,17249
dvoru,7774
poměrům,17250
vyskytly,11191
administrativní,17251
necelých,2838
kopírovat,16162
pravdě,1629
pomáháme,11353
vyhlašují,10854
obličejem,3330
zpětná,15581
školními,496
výjimky,11144
prchá,14048
jezerech,2317
substituce,17252
mexického,2056
rysem,10222
přicházejících,14044
odbojář,17253
zřídili,17254
položku,8902
neskutečné,10244
permanentní,17255
doručit,9081
vlastni,1417
vydrží,8337
náhradních,11341
tyčku,17256
resort,4616
astrologii,5180
kamenných,9012
finančními,9134
pěšího,10005
really,17257
zdržuje,17258
ideologických,3830
ořechy,13718
izraelském,2981
nedáme,17259
dochovala,17260
zkonstruoval,13839
neber,17261
jejichž,3617
listových,17262
blond,17263
otočit,6880
profesorkou,3614
napadat,5307
pravidlech,7976
rozeznat,17264
klavírista,7899
umístil,3876
sfér,890
řepky,7631
jednorázový,12281
hvězdných,5352
sjednané,15028
zahájeném,6090
rysech,10222
postoupilo,8769
tibetský,3254
cípu,17265
synů,6201
údery,17266
členek,7939
uvážení,17267
prosazení,17268
chodíme,5234
nejpřesnější,15770
středověku,17269
bankrot,4904
přepraví,17270
povrchu,5790
psychologického,6250
řekneme,17271
vedený,11867
uchovávají,17272
nečetl,17273
expresní,17274
ergonomickou,10249
přijal,5175
rozruch,17275
naznačuje,17276
závad,3143
jakoukoli,7541
dobrodružnou,1904
hřebenu,4621
razítko,8703
řeholníků,17277
kontury,17278
neznalosti,7265
pojmům,9669
vyskytovat,11191
domluvili,10480
znalostmi,8286
dostání,17279
zacházení,17280
loňský,2585
zásoby,5369
opatrnější,11940
sahat,15891
kotlety,17281
kata,17282
šablon,9517
demonstruje,14071
švagrem,5438
rozšířenou,3895
pravděpodobností,14194
abatyše,17283
operním,4166
jízdenku,10182
imigrační,17284
parkovacího,9509
nebezpečného,6149
pánví,4498
napít,17285
senzoru,17286
používali,9602
velikého,4960
katastrof,1719
architektem,4240
nepoužitelné,15933
úpravu,8645
ničím,5316
omezil,8073
švédském,843
favoritů,14639
talentu,3613
kteř,17287
opěrkou,17288
rozpuštěné,17289
snadné,15623
synchronizovat,17290
setkají,15692
vřesoviště,17291
dodržovat,13110
kolektivů,9444
písemný,8185
zpracovaného,11725
hovoříme,3440
kontaktuje,14240
úrazem,5413
záložníka,17292
tmavými,6325
rozvoz,13153
startující,7644
zajistíme,3075
hodný,12540
snižovat,13442
pohyblivými,3141
přímými,3974
nasazen,10768
nejrychleji,13119
odboji,8239
kulovitý,4947
náboru,17293
významů,17044
proměnou,17294
docházce,17295
dodáme,17296
uložil,5927
vyrobených,13125
propadli,9385
latinská,15378
absorpční,17297
miniatur,17298
skladatelem,2470
vytváříme,8617
azyl,17299
strojírenský,1183
lesního,15832
dioptrické,17300
lakované,17301
větrem,11521
kvót,10826
odradí,11702
nemožná,9774
čerpal,11239
zachovaly,8094
normalizovaný,17302
ergonomický,10249
stávat,11591
zasáhlo,4131
páskem,8490
standardech,17303
chloupek,17304
diabetické,17305
nedostanete,3104
jahodami,1914
absolvent,12492
slovanských,6530
temperované,17306
sezonou,4442
známek,6977
letohrádku,17307
mimochodem,17308
vyhlášek,10392
klenbě,13003
privilegií,15036
elit,1242
porodí,11878
rybářských,2886
plánek,17309
pískové,17310
ztuhnout,17311
uskutečňuje,17312
okolo,17313
přebytku,16381
normu,2400
žlabu,17314
příplatkovou,17315
tlačítkem,2784
žlutého,11759
zbavíte,11305
hříchů,7196
váš,5279
kombinující,14136
spálí,17136
nasazovat,2322
přejeme,4174
chorvatský,672
elektronu,9896
vozil,11397
představují,3512
významnější,11479
ochránit,17316
spr,17317
vedeni,17318
lesoparku,17319
grantu,9389
pokusů,13563
kolísání,17320
užívalo,17321
standardně,17322
závěr,9591
stráních,6795
vkusem,6903
sliznic,15137
polštářek,2607
monumentální,17323
cla,17324
hudebně,17325
spokojená,11827
zahájil,3399
sloužícího,15022
ochrannou,8306
zahrajete,6401
postupy,14946
škrábance,17326
nejprodávanějším,5115
předcházející,17327
fromulář,17328
doprovodných,6315
zemědělců,4494
pravosti,17329
plastický,7148
rozšiřuje,14987
tvářenky,17330
podnájem,6644
šikovného,11672
otevře,5882
sběratel,10080
odumřelé,17331
odborně,17332
jev,8127
šité,17333
doplňována,15085
problematických,12999
branku,4953
trpím,9170
povinný,5747
kontaktovanie,17334
výměnu,8447
ovlivnily,9132
pneuservisu,17335
požadováno,13287
doufam,17336
vstřícní,7279
zločinec,4958
domnívám,6715
pokoušejí,8734
rozběhla,17337
dědičných,5057
snahu,6506
bolestí,6206
osamělé,17338
navržený,13038
rozúčtování,17339
pomoct,7493
objektem,6553
rychlík,6200
naučí,10817
oděrky,17340
blíže,14844
nemalý,17341
jahod,1914
anonym,17342
zdůrazňoval,15227
motorest,17343
ventily,17344
odhaduji,17345
odkazu,9117
kvítky,17346
zapadne,16858
povšiml,17347
čekáte,5561
dusík,12197
seřizovač,17348
encyklopedický,2591
reflexní,17349
odnímatelná,17350
vyčkat,17351
jestliže,17352
zrnka,17353
vzoru,17354
nahlásí,15658
hnojiv,6636
táto,1400
svoz,17355
klukovi,3035
rozlehlý,5773
prodlužování,17356
prodalo,6081
nepříjemného,7013
znečištěním,7537
vstřícnost,17357
nátěru,10592
mluvím,3601
panenství,17358
liber,11338
vyfotil,5567
vztazích,11871
píše,9347
zajděte,5363
rekordman,17359
napoprvé,17360
spojující,17361
sloh,17362
bradu,10535
vymezil,17363
katedrálou,1109
nestálo,2387
inventarizaci,10236
těžké,14372
definovaná,17364
pokládám,10370
stopkou,17365
zuřivě,17366
královen,2850
konceptuální,17367
nezahrnuje,15841
lisování,17368
spekulovat,17369
strašidel,8211
hrobka,8179
farmářů,11775
nepřístupná,13162
síra,15186
rybníku,13173
potyčce,17370
šokem,11518
zatěžování,17371
zaznamenaný,14929
insolvenční,17372
procentní,8977
bílém,5806
dokážete,7848
číselných,7229
vyžádat,11071
plánem,10993
uvidím,2658
propůjčil,17373
advokátem,1200
sionistické,17374
povedla,16350
bezdůvodně,17375
strávení,7058
klozet,17376
zvaná,17377
profesních,14962
frontou,1054
doplňován,15085
strážní,17378
najmout,16998
startovali,7644
point,17379
pač,17380
vymizení,17381
indiánské,17382
reportu,17383
nelze,17117
region,365
vyvinutý,12651
svěže,17384
šlapání,17385
dec,17386
psích,5297
osvícenství,17387
slabých,13201
zakoupeny,1612
požárních,5952
básničky,17388
všimněte,2674
bezhotovostní,17389
vážím,14836
elektricky,17390
homosexuálních,7634
plátěné,12500
zničit,7705
pokec,17391
neomezuje,10541
odpustit,10529
přizpůsobivost,17392
důvodů,15773
dovedou,10951
lítosti,17393
těm,6459
zničil,7705
znalecký,9575
potížích,12420
povětrnostních,17394
šesti,12891
mixérem,1475
nepřáteli,7138
útesy,13893
nepřihazuje,17395
proudící,17396
vytvoření,17397
hrána,2873
drtič,17398
girl,17399
opravdovou,4092
prezentoval,3427
nenesou,17400
změnám,5108
hodil,6593
vyloučené,12702
system,17401
volil,4918
starověkého,14127
nedovoluje,11466
autorizaci,17402
zvraty,17403
zisk,9869
plynou,11959
krmení,17404
bojím,8215
řádově,17405
sortimentem,8233
hodinovou,3326
očekával,5633
mamutů,17406
vlivem,13911
příkazy,13716
kosa,17407
souvisel,10404
dopady,17408
slezského,10235
německými,1666
osmou,2915
předpokládají,8346
provozního,17409
remízou,10129
pobřežních,5244
různorodých,4320
polském,1630
přednostou,2378
kůži,8627
splátku,4285
tvořili,8507
odnesou,4002
orientačního,15810
řízeny,2476
hostinci,6732
nejnižší,14520
růžových,4327
nosní,17410
posuvný,17411
švagr,5438
krátkodobého,17053
kůru,10783
zařazovány,7500
dimenzi,5252
pěstováním,3001
pupínky,17412
pšeničné,9171
poznámku,7022
zateplení,17413
fil,17414
lesklých,9635
hrabata,14690
hodnocených,7227
obrátilo,9104
vápenců,17415
poskytováním,6672
rozpracování,17416
štiky,10220
pytlů,5817
aktualizací,17417
pastí,2901
návod,4222
obětí,3515
uznali,5126
zářezy,17418
ocasní,17419
muffiny,17420
šťastní,11021
česneku,6018
změnilo,10169
projektového,4767
museum,17421
hrozbu,2756
pestrou,6566
zohledňovat,17422
množstevní,17423
rovnic,6931
větví,5132
popisoval,13440
rtěnka,17424
protržení,17425
nevšední,4393
pochována,17426
vstup,6138
opravách,2496
povinni,5747
milovat,6426
hotelem,1806
čtvercového,11249
nedalekých,17427
adventních,12325
dožití,17428
poddanství,17429
nesprávně,15112
laik,17430
setrvat,17431
přestupku,15803
zápasníků,17432
domečku,14349
parkem,2018
rupie,17433
vokální,17434
stanovami,17435
přístupném,4110
nedokážu,7848
plamene,11973
pouto,9867
pájení,17436
tušil,8557
odběry,17437
vyprodánopodívejte,17438
boxer,17439
chráněná,14774
šasi,17440
vodách,1441
tudy,17441
dvouhru,17442
budil,10390
podléhají,17443
zveme,7410
silnějších,9786
samolepící,17444
firewall,17445
vyjmout,17446
dělostřeleckého,9891
vyhlášeny,8384
oddělují,14289
rozumíme,8951
mezních,17447
švýcarský,1624
bočního,15114
existujících,6010
přehřívání,17448
přídavných,9135
dalekého,5726
zdokonalování,17449
notebookům,146
inzerátu,5439
publikovaný,6013
propojuje,17450
peněžitá,17451
mingské,17452
intuitivní,17453
dodavatelských,4399
obdélníku,13717
odkoupil,17454
názvech,14345
koncipován,17455
utrpí,9400
perského,5087
poukázka,8721
nepřátelství,17456
mrtev,6881
adaptovat,17457
napadena,17458
znásilnil,17459
přežijí,11438
mechanickému,4801
předsedal,17460
podléhá,17443
zásahem,9374
užijeme,5434
porušit,5240
vulkanického,6781
četná,12387
abecedně,17461
podivnou,8947
vhodného,6151
neručíme,17462
jakési,9717
kurzu,13335
uváděno,17463
blokují,11347
adresách,3074
zvětšovat,17464
zní,9202
predátorů,17465
pracího,17466
pokládal,10370
buňkách,2199
kontroverzních,5051
lebo,17467
ručiček,7485
poznamenává,17468
zjišťují,10466
děcko,2504
zdanitelného,14976
dálce,4735
procvičí,16207
optimálně,17469
brázdy,17470
založili,15435
užívám,6640
padně,17471
diplomových,7379
měřítko,11412
vsí,2715
prokázána,13786
peněžního,12923
prodlouženou,15019
nepřesností,12015
čárový,15514
plně,17472
tetou,1001
dosavadních,11554
oprávněni,5933
uhlím,5620
cenový,4505
elektron,9896
nouzové,17473
pohlížet,17474
nutné,17475
postavena,7907
výkladu,17476
podřízenosti,17477
ponechává,17478
results,17479
takovýto,4225
schopného,4346
obnoveného,4194
částce,4088
ponese,12659
lázeňskou,5067
paty,17480
klientovi,1910
rozšířit,6025
pojmenovana,17481
mačkat,17482
osmnáct,5490
palmový,14317
organizacím,560
křižácké,17483
zrušením,6953
nejblíže,14844
odraz,13483
shrnuje,17484
smutný,3957
zámečnické,17485
autorizovaným,4558
stoupne,9540
kresbami,7673
kompozic,2072
kapalina,17486
neviditelný,9180
editovat,12693
užitek,16185
udělal,5995
vyjměte,17446
zdůrazňuje,15227
nastavil,9370
výdaj,1181
ovlivnil,9132
volejbalový,1994
zřízených,3048
ohlásit,1135
doporučených,16130
zadaného,17487
stříbrném,6175
rozumíte,8951
sloučila,6612
ozdravné,17488
zúčastnění,7220
tenkém,3822
večerem,736
popruh,17489
správnímu,3447
jasnost,17490
velitel,8805
ekonomických,3747
zvedání,17491
míčku,17492
nejvyspělejší,4855
odborný,2754
farnostech,1863
třináct,17493
zdravotníků,9052
námořních,4454
uvítání,17494
blatníky,17495
umístěnými,6918
střele,9406
gesto,12372
uplatňuje,15592
respondent,1435
mokré,12397
finančnictví,17496
génius,8169
vánočním,3761
používalo,9602
nedobrovolné,17497
elfové,14954
semeno,6596
foukat,6991
nastoupit,8801
jednoznačné,10530
částem,2250
poražený,8395
čtvrtích,5954
škůdcům,17498
snažící,17499
zadržování,17500
doupě,17501
množství,17502
sněžení,17503
umírá,9046
vyslovilo,7985
vlastnosti,12377
zaručen,11161
usmrtil,17504
intenzitu,11160
ženskost,17505
stavitelný,15938
zadržuje,17506
uchazečům,6056
atomovou,2686
námořníky,6915
nákupnímu,10792
zapomenu,7080
určo,17507
evropském,2344
oblíbenými,1526
průběžném,6257
strmě,17508
prožila,17509
stepí,17510
jiném,1684
nylonu,17511
dopátrat,17512
konáním,7996
nejprestižnějších,5254
meta,17513
korunou,1645
úředním,5456
poskytujeme,7892
upraví,6818
vyvrcholí,16192
netrpí,9170
důvěry,9495
folii,17514
měnového,8452
koníka,17515
okamžiku,2146
maximum,17516
uprchl,12760
chodníky,11829
nepřetržitém,3097
přivolal,17517
clovek,17518
odstranili,9482
odebral,4924
pohybujících,14484
komunikačním,782
porod,10663
železných,3600
inovativních,17519
nerostů,17520
adresou,3074
máj,16129
zlepšování,17521
migrantů,17522
nedochovala,17523
receptur,17524
spirální,17525
offroadových,17526
názvosloví,17527
konsolidaci,17528
explicitní,17529
kmeny,17530
zastupiteli,1311
solárním,1530
reakcích,9515
koupáním,17531
dutině,13018
zázraků,17532
motivováni,7738
náloží,8872
zatraceně,17533
zlatá,14224
královskou,3031
hodnotíte,6504
definování,17534
prokázaly,3946
četnost,15993
popisu,17535
držící,17536
využívaných,9335
prochází,9720
dědeček,5195
skloňování,17104
krovu,15537
objasní,17537
hliníkovou,4014
protiútoku,17538
metla,17539
protéká,17540
svěřeno,12779
ohlas,13954
zhroutil,9741
kovy,17541
zakryté,17542
zděný,17543
mandátu,16945
bonusový,17544
dávkování,17545
mailu,17546
spolupracujeme,7791
turbodmychadlem,17547
prorazil,17548
střelbě,4439
geograf,17549
sochu,2573
přijetí,17550
legionář,10498
prstů,12418
obchodními,2258
výšek,7160
úbočí,17551
široký,6755
devatenáct,17552
použ,17553
poručíka,13214
víceméně,17554
univerzálnost,17555
zimních,8604
pečením,17556
zdědila,17557
hľadáte,17558
dividendu,3409
pokračoval,8380
socialisty,6345
min,13346
francouzští,1452
granulí,17559
jediný,3936
vyčerpané,12715
řešena,15808
některou,1852
hlodavci,15785
mezerami,14614
přezkoumání,17560
koupím,3555
pekař,17561
asijskou,3201
chrpa,17562
symboliku,17563
vyvinuté,12651
zapamatovat,10955
tajit,10924
výklopný,17564
volebním,1686
skvěle,17565
šálku,17566
podtext,17567
sklony,17568
vrak,10818
spekulací,10457
připravovanou,4873
dvůr,7774
statický,3421
malířem,4022
koženka,17569
provozní,17409
pleso,14813
úklidem,17570
výsledkové,17571
dáreček,1737
místem,2586
dočasně,17572
pravidelnému,5176
surovinami,10172
nabízeny,8486
řetízku,17573
reprezentovala,14932
depo,17574
dojíždět,17575
problematikou,3816
vnikl,17576
obdobími,17577
svědectvím,3900
křesťany,7137
mazec,17578
provozními,17409
potlesk,17579
útlého,17580
zastávat,12432
spatne,17581
broskve,11372
mříží,1698
nerozuměl,8951
plazi,10831
následuje,8066
náplast,17582
nedal,4578
váleční,7349
systematicky,17583
návratnosti,16124
napájecím,17584
udržovat,10002
doplňkovou,3920
femme,17585
látkový,16955
odměnách,12144
vyřeší,8324
chráněna,14774
chemický,2127
odvézt,7591
osvěžující,17586
sandále,17587
standardizované,17588
příjezdu,17589
partii,8810
zničilo,7705
absolutně,17590
ohřát,17591
zachycování,17592
zkoušel,7647
obrácené,17593
náhod,4696
nudlemi,4688
demontáž,17594
využitím,5470
zemědělského,1752
intervencí,3801
přesilové,17595
zapomněl,7080
břemeno,13978
podaných,17596
parních,6068
příslib,17597
medvědů,5280
příčině,5562
světelnost,17598
vymýtit,17599
letohrádek,17600
barokních,9972
banjo,17601
podpisy,14846
převážet,17156
zákonech,2845
cyklem,4704
konfigurovat,17602
vozíků,7056
stopku,17603
ušetřil,6162
ara,17604
jednoznačnou,10530
polskému,1630
těmi,6459
stíhán,17605
erupci,17606
molekulárních,14672
vlastnímu,3441
odstěhovali,8778
vybaveno,3681
nejeví,17607
probereme,12901
rybízu,12843
nadměrný,7447
more,17608
odrůd,3675
nastaveného,8425
vznikem,10026
přede,17609
artritida,17610
řádně,17611
podlahových,4734
vzrostla,17612
systémového,11237
dějištěm,2145
velký,2604
registrovaná,17613
pětadvacet,17614
věnujete,5581
øízení,17615
stahovací,17616
kořeněné,12513
ohřevem,17617
zdůvodňuje,17618
nejzávažnější,11637
zásilce,820
obnovovat,9889
halových,17619
brazilských,1055
nalevo,17620
programovací,17621
ověří,14661
potrestán,17622
národními,1399
armádním,2846
bramborami,6889
časovce,17623
rotačních,17624
minimalizace,17625
pravy,17626
odolnější,10095
opravit,13330
copyvio,17627
předběhne,16525
matkám,2419
blokem,9907
hrozbám,2756
koncovými,2115
jednotných,9216
břehu,13381
podílející,6726
bezvýhradně,17628
fucking,17629
připravený,7117
holení,17630
učence,17631
náušníky,17632
řízenou,2476
kus,6653
interiérem,1470
kaprů,7475
production,17633
chlorid,17634
stíhačů,17635
uzavřelo,10338
sourozenců,14597
kulový,6864
včasná,17636
žraloka,12594
drancování,17637
výtvarným,1917
avšak,17638
lekci,3424
císařů,11077
hrozne,9457
trvanlivé,17639
chladiče,17640
buky,17641
přednesl,16602
současném,2478
došel,9707
levhart,17642
pokládají,10370
organická,11545
variantami,4489
souvislostech,9650
praha,17643
dostavil,8495
talíř,4983
objasnil,17537
dynamiky,14579
doprovázená,17644
detailní,17645
misionář,5986
antice,8138
výmysl,17646
miminek,6907
políček,17647
nevídané,17648
takto,17649
formálního,12479
požehnání,17650
pevnou,10554
řádnou,7048
hlubinných,14907
zabráněno,11027
zvířetem,514
palici,13265
proděkan,17651
hospodářský,3042
dýchat,16978
okresů,11524
transformátoru,12388
nepovedl,17652
naprázdno,17653
vyvážení,17654
leté,14711
standardních,6869
operatorname,17655
obálkou,2685
lekcích,3424
pokazí,17656
protonů,13705
puk,17657
vyzkoušení,17658
technologický,1927
sousoší,17659
vstřícnosti,17357
ono,17660
kapalné,8994
příležitostný,9749
minulou,4981
rezidencí,17661
poskytnutých,7717
týdenní,9365
bohatých,9697
innosti,17662
vypravování,17663
příbalové,17664
samostatným,1305
obvodové,11243
zopakování,7828
schválení,17665
oceněna,8693
efektivně,6172
rakouském,1000
brat,17666
cestoval,7520
narazila,17667
párek,3714
létech,2244
odeslány,17668
suspenze,17669
olivové,17670
prohlášeno,1582
potah,3904
hrazených,17148
zničily,7705
železitý,17671
dveřních,17672
výsuvný,17673
utváření,17674
trojku,388
vkládání,17675
nepříjemných,7013
rychlý,4802
doktorkou,1504
závislý,682
nìkterých,17676
gusta,17677
rodinnými,1388
výloh,4836
chromové,17678
slušný,10606
lux,17679
result,17680
splnilo,9080
deaktivovat,17681
demografických,4083
zažilo,17682
nápadné,11742
zůstávalo,9752
specializací,8779
lesnických,5250
janinka,17683
obrázku,5140
luxusních,13089
stehů,17684
připomínek,5997
stačí,12592
zabijáka,17685
předzvěstí,17686
multifunkčním,3278
odmítnout,2719
popela,12468
dopravit,13631
posune,9072
kouřem,17687
jeans,17688
pracujeme,4701
patřil,6209
tvrdého,11519
nenošená,17689
plných,14217
zasazena,17186
předcházejícího,17327
genomu,17690
pruty,17691
odrůdu,3675
páček,7246
různ,17692
rutinní,17693
ilustrovaný,17694
vliv,13911
ztvárňuje,17695
dokázáno,17696
česání,17697
stačit,12592
zvukově,17698
kladného,14598
nástup,9156
skála,9742
návrhům,6519
hodnotné,17699
domluvy,17700
seznamka,17701
sirotky,17702
společném,3827
vytvořilo,9257
likvidita,17703
plátců,14762
měřidel,17704
netuším,17705
vchází,17706
tip,4762
ústrojím,17707
starokatolické,17708
murynka,17709
přesměruj,11395
přejmenovala,17710
zasáhl,4131
mrknu,17711
marek,17712
závodně,17713
nenašly,5746
vyberte,5088
vytvořené,9716
táboře,9884
dotčeno,12017
pěnová,15178
vodivost,12298
předsudků,17714
virus,2104
podložek,17715
čtyřicátých,17716
vyzvednout,17717
párkrát,17718
foukací,17719
skrz,13582
nezpůsobí,4899
kotouče,17720
provádějící,17721
růží,5111
zmiňovaných,7284
trubkami,2714
chromatičnosti,17722
stabilizátor,15423
kostní,17723
australském,1336
zakončí,17724
poznámek,7022
inventář,17725
vzdálený,5783
krajní,17726
nepočítají,3575
častém,6688
věznění,17727
souhlásek,9252
podobný,6116
přibral,17728
violoncellista,17729
nestabilní,11222
ojediněle,17730
prostudovat,16454
pohřbít,17731
komárů,8684
bylinných,9758
ruským,453
terapeutická,17732
zřízen,3048
rozumného,11732
poskytnutý,7717
leštění,17733
kojenecké,9494
průhledného,9985
onemocněními,9843
rezervační,16611
vakcinace,17734
vinen,4884
obranná,9866
vrátka,17735
sídlí,3242
rybářský,2886
slepic,3863
uvedených,6616
planetu,1653
převažuje,15829
nevhodně,17736
špatnému,3942
dnešnímu,2248
zpracována,11725
izotopu,7937
hotelů,1806
přehnaně,17737
chromovaná,17738
upright,17739
spojovacích,10294
specifik,17740
mikrofiltru,17741
průtoky,17742
odejmout,17743
informován,4957
účinná,10097
vyučovalo,8160
otestování,17744
zhoršující,17745
levé,12836
dával,2648
informativní,17746
romantického,4597
riziky,11941
přímým,3974
štola,15686
spálení,17747
oblíbí,17748
nejsložitější,15140
opustil,7587
zvonku,10911
vymýšlel,9646
rozebírá,13208
asistoval,17749
zemědělcům,4494
vzduchových,3457
uspokojí,12463
neměnil,9528
experimentálním,4299
devátého,3247
seznámení,17750
strukturní,17751
doprovázel,10329
nebezpeční,17752
panovaly,6690
vyjadřovali,13746
připojte,3634
neuměli,9732
podtitulem,17753
satyyy,17754
plošně,17755
nejmodernějším,1422
organizovány,4779
užíval,6640
odjíždějí,17756
zobrazená,17757
unikátních,10756
vypukl,4409
učily,7431
letectvu,17758
působivá,12025
cirkulární,17759
zahynulo,14849
vyplňují,17760
hrůzu,3413
musíme,6284
eso,17761
kronikář,17762
stanoví,15281
litovat,4507
hodnotilo,6504
otevřít,5882
kovů,17541
sólisty,17763
svatosti,17764
štítě,8274
klimatickými,5671
hlášeny,17765
face,17766
krásného,8903
stanovené,17767
vrátíte,5518
šroubové,17768
užitkovou,13234
alegorie,17769
barevném,509
zahrnujících,16632
samotném,2013
zvyšovat,12220
záplav,3218
nedostatek,9462
indiáni,17770
přípravná,16847
hledaného,10733
krátkodobá,17053
procházeli,9720
známou,17771
just,17772
kanonýr,17773
ktery,17774
chrup,15145
sucho,17172
zrušen,8888
ohnisku,8433
sádrokartonových,3867
černochů,9644
zadostiučinění,17775
nezáleží,11726
vracet,12774
perspektivu,10116
nastavuje,17776
mixovací,17777
teplotní,17778
dírou,3738
kompenzovat,17779
jízdu,2197
držitel,10804
nakloněn,17780
certifikovaný,17781
hodnotících,16430
ujasnit,17782
magnetů,17783
kojení,12876
obecním,1793
upozorněn,998
kvasnice,17784
probíhal,8530
certifikované,17785
svozu,17786
probíhaly,8530
vložené,15882
zkušené,9915
kaček,17787
bez,17788
dělíme,11234
ukoncení,17789
řádů,7699
zajistěte,3075
nadměrnou,7447
pomyslný,4030
kopání,11812
dekrety,17790
uskuteční,9865
petruszkaa,17791
nástupišť,9768
munulosti,17792
principech,13673
závazná,17793
fyzickou,2499
indiánů,17770
nepomohlo,7493
trestem,9612
cembalo,17794
slasti,11301
zřízeny,3048
nataženo,17795
nechával,6996
nalezená,15766
vyznání,17796
markraběte,17797
ilustracemi,4657
líhnou,17798
dvakrát,17799
užitnou,17800
šikmých,11307
rozkládající,17801
dvoulůžkový,4114
závažnosti,17802
ocenil,3828
přidalo,9781
senátem,1995
průřezu,17803
takovy,17804
vidno,17805
kupy,11125
agregátní,8879
napojení,8870
sounáležitosti,17806
tvarovaných,11084
sejdeme,6336
instruktory,17807
nejvyspělejších,4855
chlapečka,17808
aromatická,15572
zazpívali,10428
vajíček,11087
stejnojmennou,753
ušlechtilá,17809
zvony,11491
sovětským,613
proběhnou,7966
kojenců,11546
náročnou,3630
získána,8212
úpravách,8645
substrát,10715
měchýř,9267
nasekanou,16714
sedmdesáti,12062
absencí,5501
svýho,7991
časovou,8349
orientačních,15810
bianocz,17810
posudku,17811
měřím,7522
odletu,15308
plášť,15349
výprodeje,17812
nahrazovat,16038
kyselina,17813
hrozící,17814
postavíme,2832
hromadných,6811
tranzistor,5635
panský,9121
naučili,10817
vztahu,11871
označil,4914
litru,17142
podáno,11527
takovém,3536
belgických,980
startéru,9525
obytných,8581
afektivní,17815
ovlivňující,16614
přeshraničních,6897
vyhořel,11654
volejte,3193
evidenční,17816
trénoval,11036
area,17817
prošlo,12548
odpalovací,17818
přerušen,12599
netušil,8557
představami,913
žijete,10100
nízkoenergetických,4221
životním,3324
miluješ,6426
vychází,8658
těžbu,11915
rabín,17819
vzhledů,13484
postihlo,6585
potřebovalo,7255
oratorium,17820
rodinám,567
mravní,17821
posedmé,17822
rostoucího,15523
doznal,17823
zřetelné,16706
nakupujte,2220
památce,4189
urazí,11684
keramickými,6661
kužely,17824
vystouplá,17825
zapsali,5978
necháváme,6996
přetrvává,17826
ambici,5758
nápojem,1407
dokazuje,10451
slanině,4155
chatovat,17827
obohacené,11182
úvahami,3257
čáp,17828
pohnout,17829
posuvnými,17830
chůzi,2961
respektování,17831
africký,1587
bordelu,14227
oběžná,12302
spínacích,17832
učinili,10391
určit,8600
alkapinka,17833
zastaven,10875
nezlepší,17834
neočekávané,17835
synonymum,11876
pětadvaceti,17614
access,17836
systémová,11237
nejméně,12740
plynem,11872
obav,10196
neliší,16369
hektolitrů,17837
ledě,4670
melodické,17838
spraví,15932
autentický,7206
znázornění,15242
obrací,14791
běžte,836
materiální,15341
roztažení,17839
opravené,14049
dokázalo,7848
plné,14217
štítů,8274
zužitkovat,17840
zmiňoval,12630
zamyslet,15157
podmínkou,4748
klíč,3404
srdcí,5289
ochranu,6901
podezřelý,8261
trvá,8981
omezuje,10541
skrytou,6741
ohledně,17841
korozi,14068
rozpočtových,6603
zachraňují,17842
regulačních,10908
kulturními,2367
výškou,7160
zesilovači,2952
okrajově,17843
bočních,15114
zapadl,16858
lest,17844
motivující,7738
hrnek,6468
železnou,3600
systémový,11237
odlišného,11620
řadí,14023
důstojné,17845
bolení,5303
častý,6688
nainstalován,8244
pérování,17846
samopal,8933
výkladů,17476
danou,5531
kratších,7722
benzinu,17847
kultivarů,7649
poutavě,17848
šlape,17849
průjezdu,17850
nepůjdu,3735
stanovisek,6976
váza,5219
zdála,9777
účtování,17851
obejde,10635
přepadli,15314
vozidlem,1217
podtitul,17753
odsavače,17852
zobáku,17853
kočárku,5014
telefonickém,4229
nost,17854
zajdu,5363
pomyslnou,4030
útoků,11340
nějakém,1841
nevím,3307
směsné,17855
mistrovská,15383
doufáme,8715
růži,5111
líné,7706
klášteře,5366
démoni,17856
zjednodušené,9302
vsetko,17857
prohrálo,5860
plánovaných,8044
rozšířený,3895
leader,17858
nemožný,9774
ingrediencí,17859
námořnictvu,5196
dávného,3984
laků,17860
ohmů,17861
čtvrtý,5381
válkou,588
tuto,4043
nejodolnější,10095
nožiček,14591
chrámy,7340
naskočil,17862
dávkovací,17863
prožívat,13441
vztahujících,17864
morfologické,17865
dvouletého,12686
příbuzných,10693
bezlepkovou,13601
dolního,11530
napøíklad,17866
favorit,14639
lunární,8442
hodnotách,10132
pohodovou,7253
přebytkem,16381
zefektivnit,15781
duch,13655
důchodový,4185
nachystáno,17867
práh,11864
důkaz,13726
poddruhu,17868
vymanit,17869
bajtů,17870
fantazií,1743
integrovaným,2490
podáním,6412
vidle,17871
velky,17872
antioxidantů,17873
inspirované,12176
obrovský,4314
povolal,12576
pěších,10005
zabývali,4673
rozumných,11732
zkoušek,5643
nesmyslný,17874
posledni,17875
kostelíku,17876
budete,6557
hloubce,10745
počínaje,16405
doprovázejí,10329
kůň,11481
bojovníků,11836
autorem,2788
cenný,15923
neočekává,5633
likvidity,17703
prostředník,14852
rukáv,8234
průmyslovými,859
rozpoznávat,17158
hornatina,8860
studní,3797
zákonnou,6810
lese,6057
patronkou,17877
zjistíme,2037
považovalo,8531
skončili,6705
mínus,17878
state,17879
předpokladů,17880
vrcholech,11666
publikoval,4794
nebýt,6557
jemu,3227
vydá,9131
opata,17881
léčí,15524
hráze,17882
anální,17883
vodotěsná,17884
napodobující,10282
odpověděli,8534
blížila,17885
terénu,17886
odvedl,12043
škodlivý,7092
světlomet,4134
emisních,13016
incest,17887
uvedeného,6616
vstupující,17888
odhalenými,11695
bělící,17889
krvavý,7590
akustických,6952
kozu,4964
přivodit,17890
dortík,17891
sklonu,17568
dostupnými,4517
vzpomínají,7194
pařížských,5223
ohromující,17892
chlapem,3305
skladovací,17893
záloze,3041
inspirovali,5939
šachových,4160
vojny,17894
příkopu,17197
jmenovaného,493
viditelných,9180
čáru,8963
zvykl,4936
hrobek,8179
mockrát,17895
věnoval,5581
utajovaných,7162
šedou,8846
biftek,17896
informovaný,4957
rodáka,17897
výzkumný,2295
středověkého,9343
kouzlo,14521
stárnoucí,17898
řadového,10446
inovačních,17899
neuvedeno,12840
nezapomene,7080
mechanismus,7885
partou,2664
voucherů,10453
realizujeme,4270
vzácněji,17900
potřebách,2369
zamyslel,17901
prudkého,17902
konstrukčního,10725
účinného,10097
odpovídala,14241
svahem,17903
turnaji,5444
tíha,15343
ozdobené,17904
belgický,980
punku,17905
splnily,9080
samice,17906
zmatek,17907
případné,9899
postrádají,17908
nepřesné,15770
povrchové,17909
unikat,13638
traduje,17910
použitému,12601
vyrovnaný,11403
tvrzí,3910
purpurová,16169
dostávalo,5404
prcek,11079
zhotovené,17911
mohu,4811
sopečných,7251
uchovat,12512
emigrovali,17912
důleţité,17913
svůj,7991
vyhoření,17914
podskupin,17915
tří,8989
šancí,9308
kvalitně,17916
upravení,10323
rádius,17917
přivádí,17918
obalových,17919
game,17920
kolego,2175
aktivuje,9126
číselnou,17921
porudí,17922
chaosu,15191
vypsání,17923
kováři,17924
přídavné,9135
orientální,17925
taktiku,9908
dostupnou,4517
postoji,8934
krucifix,17926
meziroční,17927
předstírá,14310
létá,6252
měřitelné,17928
plátci,17929
obrubníky,17930
sklon,17568
učedníky,14414
potkávají,17931
instruktora,17932
přicházel,10433
jit,3735
kreativním,3410
meditací,9923
vydáním,5160
vůči,17933
zatáhnout,14004
přednastaveny,17934
sem,17935
nezapomenutelných,14524
zapálí,13485
záchranném,6028
chatek,17936
pečeme,12011
improvizaci,17937
posilovač,17938
tlak,13659
zejm,17939
trámů,17940
poradcem,5812
roztoky,17941
kdo,13314
zradu,12460
kolik,17942
lítost,17393
obracet,14791
fialky,17943
řemeslníka,5973
těžko,17944
výsledkem,6498
vzdálena,5783
tytéž,7560
králík,2696
incidentů,9106
masovým,2280
jedny,4102
kočárek,5014
přemýšlím,7326
krav,6255
vystaveni,11426
poměrem,5731
neudělám,5995
významy,17044
kamínky,17945
zlepšilo,15557
notu,16812
realizační,17946
originálů,9048
začlo,17947
převodovkou,6752
meho,17948
obousměrný,17949
jakým,12365
odpis,17092
kresbě,7673
honu,16870
člověkem,639
potratila,17950
věrný,5904
zahrnula,17951
chleby,17952
vesmírném,3069
studený,3537
uvolňuje,17953
alespon,17954
nelegálním,17955
odstínech,17956
spárování,17957
odlehčení,17958
posuzuje,13132
aktivují,9126
roční,17173
kempy,17959
učiní,10391
jistoty,10136
obcházet,10635
kolikrát,17960
interpreta,1427
suspensions,17961
zasahovali,4364
hagusy,17962
sbory,13572
okrajích,8619
křivek,4783
nezaručuje,17963
aranžér,17964
jasných,6092
adresní,17965
etnický,5940
neodolala,17966
autorským,1156
vylepšuje,17967
denním,2881
převahu,10464
pronájmů,7755
zúčastnilo,7220
nedopustil,17968
remix,17969
přebalu,17970
zázraku,17532
proxy,17971
osazena,14256
definic,14324
planetek,17972
partnerský,4472
záhony,17973
přeplatek,17974
diferenciálních,14585
úvod,17033
produktys,3495
modlitbě,7665
veterán,10332
izolovaných,15902
bydlíme,9986
uliček,5530
cizinci,10851
přestěhovali,9543
kapuci,17975
pociťuje,16801
vejdou,8559
poděkoval,7865
obžalobu,1808
referent,17976
obydlí,17977
poblíž,17978
vynoří,17979
přepsal,15466
specifického,16148
událostem,2493
lite,17980
upravujícího,17981
konsolidace,17528
detailních,17645
průkazy,13488
rybníce,13173
diecézi,17982
zmiňují,12630
hladinou,15608
následky,17983
uchovává,17272
dřevěných,6945
stupňuje,17984
variability,17985
chromozomu,17986
zaměňovat,17987
naučily,10817
sériových,7286
prvotina,17988
neda,17989
směs,17990
popírají,10748
stravného,6245
vršku,17991
zlatého,14224
detailech,8739
pokryty,11907
nevyžadují,11575
alergická,17992
druhý,5975
choreografii,17993
dutin,13018
předně,17994
vysokoškolsky,17995
přistěhovalců,16187
banner,17996
porodů,10663
zelenině,2157
vypravit,7466
rustikální,17997
heterosexuální,17998
raketových,9860
hranami,7566
stěhoval,6546
vrtá,13587
zkušenější,9915
lišit,16369
jiskry,7876
nastěhovali,17999
meč,18000
vévodů,9174
senior,1432
byl,6557
odveze,7591
provázet,9409
tématicky,18001
talířky,18002
tajemníkem,3049
chodbou,652
kterýkoliv,8485
designovým,1690
vypálili,18003
pevně,18004
rýmu,4279
složené,11356
výskytu,18005
předmětech,5511
praze,17643
odstupu,18006
občasnou,9407
ovlivněné,12837
sedlo,1539
předpokladu,17880
zkopírovat,18007
prodali,6081
větších,2604
újmu,8798
probíhající,11047
triviální,18008
administrátor,18009
mrazící,18010
stvoření,18011
nastoupili,8801
prezentovali,3427
horkém,2240
holding,8334
každému,5749
literárně,18012
složitého,15140
oheň,5673
veletrhů,4298
zapuštěné,18013
kulatý,8201
zadními,7470
vzdáleno,18014
souviselo,10404
plnohodnotného,3118
průběžný,6257
odchody,3628
ramenní,18015
prožívá,13441
prověření,12271
obsazeno,5621
připojuje,10183
zničený,8668
pavel,18016
dovezené,18017
konfliktní,18018
věhlasu,18019
screeningu,18020
lékařem,2303
studijním,7155
patrové,18021
ochrannými,8306
zimou,2767
lineárních,6845
dostatečný,7491
nastavitelnými,18022
jezerem,2317
daleký,5726
zhoršování,14319
frakce,18023
klidných,9653
věst,18024
rozmrzá,18025
kroužků,13754
mesta,18026
postavením,10689
mem,18027
pravd,1629
zrodil,8834
polykarbonátový,18028
bezešvé,18029
chladičů,18030
výrazu,6462
dělníků,10238
vážená,15489
plemenné,18031
svědčí,12895
nekdo,18032
objednáno,2455
nadšený,8886
koncovka,14723
prevencí,18033
poplatkem,1049
spo,18034
prstíky,18035
slonů,7081
přiděluje,18036
přístrojovou,3585
ligových,4084
podléhat,17443
koši,13449
gramáže,18037
požadavků,14686
vyrůstala,12300
zdají,9777
stodola,9060
rozcestníku,18038
odeslané,11884
udělovat,18039
mládě,18040
drůbeží,4326
klimatem,3197
vitro,18041
přítomných,4372
serotoninu,18042
kupujících,10424
vyráží,18043
dance,18044
opevnění,18045
usoudit,17115
zavolám,3187
pravdivosti,14423
rekordem,7317
fyzickými,2499
metrické,18046
poptávaný,18047
chóru,18048
falešných,6399
sestaven,4133
nadkolenky,18049
odpočinkem,2362
přijímána,3364
přísun,12136
cyklostezek,5217
stoupenců,14991
plněná,16465
taje,18050
uchovávány,17272
našimi,2681
inkasuje,18051
koridoru,18052
hrajte,2873
skupince,18053
dobru,12273
vlivům,13911
projednán,18054
učitelkou,1599
zdaňovacího,18055
krajkové,16100
slavnými,1212
vylezl,12465
selekce,18056
věnce,18057
vyhotovená,18058
přívrženci,15163
zdobí,9788
vadu,6751
vyhotovení,18059
stromořadí,18060
než,18061
napíšu,6132
viditelnosti,9083
kovového,5720
přílohu,6017
zřekl,18062
mládežnických,6314
skly,2239
estonský,4348
srážce,18063
kolonu,10376
obsažených,14857
ilustrovat,18064
poznají,6667
naleznou,10045
obratlovci,13877
kyčelního,18065
neznámou,5370
idejí,4610
rajón,16702
regeneraci,8639
version,18066
pamlsek,18067
zesilovačem,2952
touží,18068
poslanecký,1306
fyzikou,3727
momentální,18069
kapitolu,8330
řídké,18070
doladění,18071
nejpozději,5684
kolizi,6843
kopr,18072
adekvátní,18073
koš,13449
podržel,14030
vyzvedne,18074
komisařem,4128
skupinových,4935
čárkovité,18075
spojenými,9667
mista,18076
nájmů,18077
archeologů,14371
gumu,16598
výslovností,4238
přerušena,12599
synodu,18078
oázy,9332
smyslové,18079
nakládání,18080
doporučeními,16542
tréningu,18081
umělými,9550
maďarském,1783
nakrmit,6876
zachyceny,8489
životů,5385
nejrozsáhlejší,5587
pohlíží,17474
setkaly,15692
úsilí,18082
propočty,18083
poznal,6667
písmu,1269
aktualizovaný,8457
hlavách,600
drobnější,8329
přepravou,9363
konstruována,10599
vejít,8559
obývá,18084
jídelním,2627
zvětšit,17464
nadmořské,18085
onemocněla,18086
různém,2578
největšími,2604
nástavců,18087
těžištěm,12767
otravovat,5338
přípona,18088
dvojčat,8381
náklaďák,13108
vytěžit,18089
izraelskou,2981
nakládá,16596
databázový,9574
omlouvám,3794
stavíme,7109
připomínal,10476
delegátem,3146
záchrannou,6028
symbolizující,18090
kusem,6653
posílit,16379
přesný,15770
anonymně,18091
jakémkoliv,6777
autismus,18092
rozšířen,3895
mlýnku,9639
vzbuzuje,18093
dlouhý,7565
uměním,1617
obvyklým,8970
nezbytné,17112
citelně,18094
dařit,13421
opustit,7587
kvalitativních,14512
peklo,9272
závažnější,11637
pobytových,18095
ručit,9559
dealerem,10941
nejužší,8939
automobilovém,358
věrnostního,18096
hydrataci,18097
ručních,3844
metrech,4574
vyzvednutí,18098
vodojemu,18099
porodní,18100
mimořádném,10628
lehkost,18101
graficky,18102
kulatými,8201
nejpodstatnější,13017
vydán,14714
pozměněné,18103
hodnocený,7227
polévkové,5278
sester,1576
chudobou,2777
naslouchání,11561
milicí,3339
nesmyslně,18104
nalezli,10045
kondenzace,18105
blízkém,4865
dejte,4578
nástrahy,15976
temeni,18106
ulevit,12390
zaplatím,2702
kapitolou,8330
náhrobku,18107
vozovek,9073
výměra,16360
posoudit,14948
trocha,18108
lanka,18109
písemná,8185
právních,11731
spolužačku,3093
jakož,18110
neznal,3065
osad,15536
připevněna,14489
literárními,3154
žádný,4447
nemocenskou,18111
bídu,11287
ověřená,11499
ploutve,16940
oxidace,18112
cysty,18113
ojeté,8347
míči,4768
členkou,7939
skřítků,13736
latexové,18114
demografický,4083
porovnání,18115
navrženého,13038
přístřeší,18116
počala,18117
nepřítelem,7138
applications,18118
oválného,18119
způsobující,18120
poskytnutou,7717
podepsána,10934
hliněné,18121
písmene,5734
zasedal,18122
will,18123
katolický,924
logice,4632
povinno,5747
pozoroval,7200
mapových,9738
zavedeným,6674
zkomplikovala,18124
seřízení,18125
poctivě,18126
rybáři,2706
horoskop,10650
pocitů,18127
malířská,4482
koníček,3437
focením,18128
redaktorská,18129
klidnou,9653
dlouhodobém,11216
následovali,8066
sopečného,7251
jednolůžko,7683
zatáčení,18130
psychice,4897
odevzdal,11972
psychologických,6250
budoval,15712
esence,18131
leštěná,18132
kožené,14104
křemen,18133
prohlížel,3563
rozvaha,18134
mastnotu,18135
jedná,7870
hraničních,8363
oživování,18136
kořenům,17090
mám,5944
vašimi,5279
znalý,18137
bojuje,13814
poznáváme,8929
memorandum,18138
rostlinných,5205
alpském,4324
omítku,4506
masek,8229
průvodní,18139
nejpoužívanějších,9631
připojil,3634
občanem,1077
přitahuje,17078
olejomalba,18140
atypických,14360
doprovodnou,6315
naměřených,18141
nakažených,18142
nejčastějších,6688
důkladně,18143
rozšířených,3895
určenou,9312
juniorky,18144
členité,18145
soustruh,4212
matné,18146
využijeme,4038
vokály,18147
parketu,5212
želé,18148
nakreslil,8641
jmen,7936
nejvyšších,2908
pastelových,18149
dopadů,17408
formám,3359
výborech,8675
partnerských,4472
travel,18150
ozvláštnit,18151
moderním,1422
jednotnou,9216
evidencí,18152
parfémová,18153
pokoušeli,8734
rizikových,8614
oslavili,10373
prostorovou,4075
přistáli,14211
splňovat,18154
jedinému,3936
zanedbatelné,12198
nezbude,10705
dopouštějí,18155
pardubický,877
částečky,18156
rozmyslel,18157
seznamovat,18158
planetou,1653
momentu,8302
alternativně,18159
citronu,8223
počítejte,3575
renovací,18160
metodické,18161
topy,18162
identifikační,18163
odkladem,18164
povedly,18165
odlišný,11620
zvláštní,10074
nositeli,11214
docílit,18166
dvoumotorový,18167
loučení,18168
režíruje,7820
shromažďuje,15396
kdežto,18169
výtisku,18170
výstražného,11754
upozornit,998
přizpůsobený,13279
slunečný,11984
vyjma,18171
přípravného,16847
hliníkový,4014
zmocnění,18172
věkem,14472
jedný,18173
učiva,12567
korespondenční,18174
ekolog,18175
úzkého,8939
vůli,8644
hustá,15381
filosof,15819
zablokuje,18176
putuje,12762
guru,18177
prospěšnou,5007
trpělivost,13873
uváděný,13966
výklad,17476
teritorium,10467
silových,6048
růžičky,18178
libovolnou,6988
chutnají,15830
certifikovaná,18179
kategorizaci,18180
neměnila,18181
napsali,6132
renesančních,8404
smazané,18182
rozhodnu,4706
snášejí,6118
vynesly,7841
porci,7613
teroristům,7366
přesnější,15770
obchodně,18183
světlu,717
prso,18184
vybereme,5088
radno,18185
otec,4606
fenomenální,18186
juniory,18187
oslabené,18188
šampiona,18189
uzpůsobené,18190
stali,2387
zdůrazňují,15227
žily,10100
zhotovování,18191
dlouhodobá,11216
omezený,7390
eposu,18192
béžové,18193
kompost,9466
souvisejí,10404
měnu,5287
vyrobena,13125
obchodnímu,2258
zpracovával,15187
získává,10658
diskových,9475
chladných,9886
kámen,18194
zdiva,18195
nadledvin,18196
střeleckou,14187
užitečných,12338
světovými,1297
konkrétnější,6919
porazit,5133
kvést,15569
fiktivních,5388
log,6676
oponenta,18197
cennější,15923
přilehlý,7670
anotaci,18198
vydané,14714
střetů,14538
nejlepších,11339
postavené,7907
stahováním,5753
zlacené,18199
sahající,15891
navštívené,16670
desetinu,4740
panovníkem,8825
horkými,2240
jakýsi,9717
přibyl,18200
ovládáte,4351
výzkumnou,2295
resit,18201
toužíte,18068
jmenovaných,493
vrstvené,13886
skalky,18202
vyhovět,18203
veselých,6545
silikonu,18204
přistěhovalci,16187
vyhodnocení,18205
roč,9328
geolog,18206
doplnil,7663
pláčem,6223
přikoupit,18207
přirozeně,14590
skupinám,1246
svadba,18208
otestovat,4266
usmíval,15331
zařadit,3426
siluetu,5220
developeři,18209
neadekvátní,18210
ošetřovatel,18211
nedokáží,7848
hrdinovi,18212
podstavec,18213
zvolené,3670
mněli,18214
načíst,18215
dohodnutém,14177
schvalovat,18216
zbudována,18217
děsně,18218
labelu,18219
inkluzivního,18220
pokušení,18221
viru,2104
obhajobu,5082
velikostí,15579
běhů,15399
majetkovou,12472
řemeslník,5973
zoznamu,18222
anal,18223
nejvýraznějších,10600
tajemných,8864
zkušenosti,13643
obdržené,18224
průmyslovém,859
mužských,4339
světlého,8518
středisky,2554
evropskému,2344
trefí,16795
budem,18225
majetkového,12472
rozchodu,18226
náhrobek,18227
stovkách,5451
pěkné,13933
činžovní,18228
jednu,4102
vnitrostátních,18229
bakalářskou,18230
hrazen,7217
vrcholu,11666
vymřel,12412
dua,10994
přerušil,4280
trenérem,5031
rozděleny,4219
pil,1308
ostrůvek,16999
bratranec,18231
osmnáctiletý,18232
hovězího,18233
obličeji,3330
neustálému,7881
obdobích,17577
vynaložení,18234
hybnost,15495
závidí,18235
předpovědět,18236
odletí,18237
dotáhli,18238
rozumnější,11732
získávat,10658
nejkvalitnějších,1861
léčitel,18239
každých,5749
žně,18240
přídavky,18241
jižně,18242
zhotoven,7385
termínech,10406
předešlého,12584
přepracovat,18243
beauty,18244
pokazit,17656
zažili,9376
netkané,18245
nezbývá,14887
kudrnaté,18246
močových,12831
klasifikovat,18247
spokojí,13916
ročník,9328
uskutečněno,14363
uvedený,6616
rajčaty,932
vydat,9131
odstupné,18248
zrakovým,4342
platily,4362
dotkl,12017
mrtvý,6881
toužili,18068
vyhýbal,7352
nastavitelný,18022
mých,2681
výhřevnost,18249
podobnosti,14854
leskle,18250
diskontní,18251
doladit,18252
zahájena,6090
barevně,18253
použitých,12601
zjednoduší,18254
naučit,10817
špiček,2087
holkám,1168
odhalují,12497
přísada,13751
turnajích,5444
dělaný,18255
vážíme,14836
tepelnými,3558
ekologickou,4568
misích,2012
eobchod,18256
vedeno,11867
podskupiny,18257
vytvářejí,8617
nevim,18258
poukázat,9456
výrazný,10600
určování,18259
otáčkách,18260
parapetů,8398
zajištěné,18261
chudších,7971
uměleckými,2437
kopií,2182
songu,18262
situacemi,1581
nuceně,18263
udělám,5995
krycí,18264
prodáván,7348
novodobých,5517
zubních,4946
náhodného,10203
budit,10390
překonávání,18265
ukončilo,7909
smluvními,10421
konstantní,18266
provedených,13965
kmitání,18267
prepsat,18268
zvětšená,18269
účtovány,12565
slovinský,2464
spoluautoři,14970
dotykem,18270
seznámil,6150
nesouhlasu,18271
výnos,8466
benzínu,18272
pěny,10695
schválením,17665
tmely,18273
poradit,8756
plyš,8824
seznámíme,6150
odsouzen,5950
prvními,7760
dole,5824
operující,18274
spolužákem,3873
zlodějů,4049
plánováním,5118
projížďky,18275
vejčitá,18276
tvarosloví,18277
pedikúru,10112
buněčnou,9056
intenzivní,18278
boží,18279
nejjednodušším,11045
legendou,1397
třísetovém,18280
příznačné,18281
černém,6939
torpédo,5866
přesných,15770
jejímiž,12869
vrácené,18282
lékařům,2303
ohrožené,10301
popisován,13440
kupóny,14057
tajemstvím,9345
pařížském,5223
družstevních,6493
rozpisu,18283
současnými,2478
upraveného,10323
individuálních,14062
nízkopodlažní,18284
příznak,13244
neutuchající,18285
zavražděni,6220
motorovými,2716
špinavý,4929
matoucí,18286
chyběl,2466
dbáme,11015
dostupným,4517
respektovat,13671
elektrokolo,3871
zpřístupňuje,18287
nevzpomínám,7194
erozi,18288
poražení,8395
teroristickou,5005
vybavil,5020
kamarádům,3771
podkolenky,18289
cviky,18290
výdej,18291
školnímu,496
zaslal,3951
varu,18292
chronické,18293
umisťování,18294
květinovou,13828
zbožnosti,11398
pořádaného,12938
uspořádali,3377
trvanlivost,18295
rozuměj,8951
modelem,6807
propustné,18296
novorozence,18297
rozrušení,18298
lidovými,1057
elegantního,18299
vzrostl,17612
svátost,18300
doporučit,9693
kapacitě,7342
proužků,18301
budováním,7203
splnit,9080
majestátní,18302
rošt,4555
stroji,1166
zátoka,13158
napodobil,14343
vyjít,8551
intimních,14139
vodotěsné,17884
diabetem,18303
ručením,13815
solutions,18304
vyzdvihuje,18305
zápustná,18306
omezili,8073
teplotních,17778
lhůtou,4868
smaltovaný,18307
krám,7860
slitina,13209
jeli,9619
srovnali,18308
testem,7091
dózy,18309
zespodu,18310
nabídněte,18311
substance,18312
břehy,13381
planetky,17972
vystupováním,9169
obsahující,16157
báze,18313
kritérium,6097
aspirace,18314
kompromisy,9330
potahu,3904
blues,18315
nedával,2648
interpretuje,18316
převzaty,4186
kapitalismus,14118
zápis,15102
balvany,18317
moment,8302
pojem,9669
čelili,9817
metalické,18318
jednotlivcům,6692
rozdělte,6613
rozchod,18226
zabili,7341
tihle,3609
dlaních,16851
zaregistrujte,3680
vázání,18319
kvapem,18320
vat,15465
diagonální,18321
doprovází,10329
průchody,18322
testovaných,18323
flétna,11893
křenem,18324
současný,2478
překladatel,11053
formují,16572
vytrvalost,18325
jakýchkoli,7541
activity,18326
přesilovce,13927
střídající,18327
způsobeného,9379
střetu,14538
patentem,18328
uznávám,12786
obojživelníky,18329
štěňata,14637
říčních,14546
potírání,18330
přebytečnou,12963
hřištích,1508
společnému,3827
připraveni,7117
prodloužíte,9206
nadlouho,18331
virtuálním,18332
obzor,9755
rozmanitou,7219
uchopení,18333
hrozně,9557
najal,16998
uctily,18334
slovenským,285
větami,6006
stěží,18335
souvisí,10404
smysluplně,18336
zasloužil,8275
průliv,18337
slovníček,18338
cysta,18339
odprodej,18340
příspěvku,9958
pláně,18341
café,18342
předvedly,4198
hebké,18343
postaveného,7907
pojetím,10571
značné,8561
týmech,2723
oborových,10868
přizpůsobeny,7944
odesílá,13469
nejčistší,18344
neděláme,3911
brouků,9045
hlavičce,7839
kondiční,18345
navrženo,13038
nechte,3282
nevzdává,18346
groteskní,18347
omezenou,7390
hloubkou,10745
vášní,2293
příznivá,14141
svíčkovou,13913
neziskovým,3550
zaměřena,6660
zbavili,11305
nabití,18348
setrvala,18349
implementaci,10341
carem,18350
pořídím,18351
pořádný,3743
vyjednat,18352
sčítání,18353
sudů,13248
boom,18354
scan,18355
navržen,13038
započato,18356
ekonomicky,18357
klást,12318
boby,18358
nálepek,5462
nezachrání,18359
vkládat,18360
tachometru,11369
kousek,9254
zkusit,9226
zbytečný,11522
skoda,18361
výhodných,10852
čerpadlem,18362
skladem,10573
průletu,18363
poměrně,18364
úrodné,11717
kulturnímu,2367
zabrání,11027
kolagenu,18365
odbytu,15650
rytmická,15665
komentářů,4609
metodická,18161
epidemii,2937
uchováním,11566
zbytečnému,11522
investičních,5854
zaměřujeme,9696
nástavbové,11780
botami,9019
songů,18366
hlasoval,8144
pružina,12744
použít,8961
narušit,18367
zápasům,1211
afrického,1587
páně,18368
uskutečňují,17312
navýšil,18369
latenci,18370
funkčností,18371
karma,18372
fit,18373
pohodlný,3244
naprosté,9325
probírá,13070
polí,15013
dvojicích,802
zahrál,6401
podřízeny,6872
západě,6686
pojízdný,4304
profesionálnímu,4081
mravy,14870
dán,4578
lékárník,15840
poradci,5812
tavení,18374
přicházím,10433
pružin,12744
mladším,1204
akčním,3730
nepřímou,6759
pracovalo,4701
míček,7170
genu,10522
týhle,18375
zajištěna,18261
geneticky,18376
dýky,18377
rozluštit,18378
pevnému,10554
náhradníka,18379
závazku,7039
počkejte,12119
vypadali,7786
křestní,18380
doprovod,15070
zásobníku,13934
tramvajový,4465
pochybnost,18381
spinká,18382
aretace,18383
provádět,7164
doporučíme,9693
krátkosti,18384
dvorů,7774
prosazovali,6382
hnout,18385
košíčky,18386
ztvárnil,13444
zaniklých,5408
ohlédnutí,18387
stávaly,11591
náboženstvím,3901
prachového,18388
šunkou,920
zdrojem,1457
vodného,18389
vztažné,18390
drobní,8329
domků,6516
irský,3952
promyslet,18391
konzultací,18392
nedochoval,17523
júl,18393
řetízkem,18394
periodou,7407
obhájci,9214
zaměřením,18395
navštěvované,3757
stať,13664
symbolizovat,18396
hlediska,18397
přístřešek,15296
nevyhovuje,18398
nepřehlédněte,18399
myslim,18400
miluji,6426
dudy,18401
mírné,18402
migrantům,18403
grupy,16677
neúspěšných,5386
podotýkám,12396
pokrytectví,18404
úmrtím,5960
nezmiňuje,18405
obdélníkového,11638
rychlostí,8423
plastických,7148
matrik,8727
zakončila,17724
sjednáno,15028
ochrnutí,18406
pásu,4677
dal,4578
nepodléhá,17443
obsáhnout,15298
přispět,7142
napodruhé,18407
elegantní,18299
jižanského,18408
skutečných,10244
plošinou,2002
teprve,18409
dokladů,16710
zaručená,11161
věnovány,5581
převedl,16439
odpovědných,3589
soustavách,1460
propagátorem,6937
ust,18410
potřebných,9172
změní,10169
daňovém,3607
jedinců,5765
rozbory,14651
úspěšném,5386
důvěřovat,18411
usmívající,18412
vyhlídkovou,18413
stanovených,17767
odporný,11935
ekonomickému,3747
neaktuální,18414
zajíc,10991
složena,11356
řezník,18415
zvládnou,18416
přesunuta,4528
sirupu,6523
předcházel,12105
zlomenin,8444
hroznech,9457
obdržel,6125
dřevin,8566
úsudku,14897
gamma,18417
sloužilo,11510
přihlášených,15956
vypuštěn,1632
stabilizací,9315
komplikovaná,15213
garantuje,12581
umělecký,2437
nevydržel,8337
pohárech,2105
nesouhlasíte,5037
eventuálně,18418
rozměry,14069
jasnými,6092
přizpůsobeno,7944
zaměřeném,6660
čtyřjádrovým,18419
obrácení,17593
dodáním,10266
katastrofu,1719
přenesen,9020
londýnský,5130
jdeme,3735
podvozkových,18420
společenském,2737
vytrvalostní,18421
církvím,807
praxí,1046
cukrář,18422
nevlastního,3441
ubrousek,10168
uspořádalo,3377
rozšíření,18423
čarodějnictví,18424
odvrátit,4072
založí,15435
vypsané,18425
božího,18279
zevní,18426
lamelové,18427
mocenského,14146
pověřený,7233
ptejte,18428
přirození,12614
dušené,18429
soudím,5256
anémie,18430
opěrných,18431
stejnou,7235
polohu,3543
odpůrcem,18432
roztomilý,10025
vícevrstvé,18433
platného,17124
uzavřením,10198
nemocen,3588
přibližování,18434
vyvíjen,18435
prototypů,11494
morálce,5735
plechový,10966
chápe,5069
stařec,9719
obtížná,18436
nacistických,6799
bílky,18437
pod,18438
městům,529
rozděleno,4219
vzdal,6221
organického,11545
koncipovány,17455
střevních,14010
kameny,18194
kosmodromu,18439
nerezového,5073
vazbě,16106
odrůdou,18440
vyhodnocuje,18441
předností,4453
sekerou,7770
úsek,8368
myslitele,18442
projevilo,6551
devátém,3247
přesvědčí,8180
štípací,18443
maskovací,18444
strýcem,13632
jednodušších,11045
rukavičky,18445
naznačit,7916
vlastnoručně,18446
prvotřídního,9933
kabátku,16956
papírem,6739
obyčejně,18447
duelů,18448
smrku,12126
vyprší,18449
oboustranné,18450
byzantské,9349
řeholních,18451
pohlavním,16062
kontext,12100
pěti,11104
modifikované,18452
překážkou,8465
areas,18453
svalech,7975
papežem,2331
člun,13545
palbě,3720
pronájmy,7755
jihoafrický,18454
výztuhy,18455
kdepak,18456
projížďka,18275
jakémkoli,7541
zazpívá,10428
dojem,16071
poradil,8756
výpočtu,14305
dekory,18457
vycházková,18458
psům,4782
převedeno,16924
cyklistickou,3345
vyroben,873
nastartovat,16669
hebrejštiny,18459
stanov,18460
oprávněno,5933
formovat,16572
obnovu,10043
tvoření,18461
netuší,8557
lednem,6320
titanu,18462
komických,2483
správními,3447
jablkem,3343
surovinu,10172
rodinami,567
jin,18463
opírat,18464
nabírat,18465
navzdory,18466
zleva,18467
vystavena,11426
dýchají,16978
maligní,18468
regionem,365
carského,8492
podstatou,5522
obrazců,7183
parcelu,9165
gólem,10422
continue,18469
nelehké,9609
žádoucí,16266
obavu,10196
jednotlivec,6692
originalitu,18470
poháry,2105
manévry,18471
zdravotnímu,6332
zvedá,13867
lišily,16369
turnajovou,18472
jděte,3735
mokrý,12397
logy,752
ověřte,14661
řízen,2476
dobrovolnických,4175
apoštol,18473
navštíví,16670
uváděn,13966
argumenty,18474
zkušení,9915
vezl,9990
šířku,10732
drtivé,9490
starobylých,9881
vzájemnému,8944
sexuálně,18475
nádobka,6933
rodné,10718
zabiják,17685
šetrných,8984
zranil,12213
napíši,6132
vývojového,12934
navyšování,18476
vyslanec,8889
představeny,6372
vyžadováno,11575
opravdového,4092
podněcuje,15333
doplňují,15085
odrazí,18477
anglického,3964
nožem,934
ohnivé,18478
pruhu,11948
násady,11785
klíčovou,10227
vyrůst,15632
poválečného,11700
vrahů,6597
zastavena,18479
kladen,18480
údržbu,6229
dílnou,1673
divů,18481
hluboké,18482
memoriam,18483
předškolnímu,9123
přístavu,6801
galaxy,18484
různými,2578
roštů,4555
tito,4043
krvavou,7590
šera,18485
osnovu,8993
nechápal,5069
odstřel,18486
výhrad,13060
úvahám,3257
kočkám,407
molekula,13053
ping,18487
agresivně,18488
dospět,6208
zraněni,13104
stavebně,18489
zbudovat,18217
uvažoval,5850
rekordní,18490
balíkem,8032
opačný,12563
druh,10787
dělením,7131
nadýmání,18491
lano,14784
nevztahuje,18492
držte,5695
cílový,4619
kovový,5720
loďstvo,14894
začínáme,11729
referenční,18493
zúčastnily,7220
utrpělo,9400
omezeného,7390
zopakovat,7828
hostování,18494
král,6106
provinění,18495
učinily,10391
mezinárodně,18496
pojistnými,5190
altánu,18497
osobne,18498
příchod,12310
kuše,18499
dávkovač,18500
prasknutí,18501
relativity,18502
zdržovat,14495
uspokojivé,18503
hýždě,18504
zvýšená,18505
intenzitě,11160
následující,12639
možnému,9774
pusté,16854
řidičský,16597
jééé,18506
svatebni,18507
org,18508
myšlenkách,2265
diakritikou,13161
vyzvedl,17717
střelných,6387
energetickém,664
nedostatečnou,7491
špatným,3942
osobnostní,16678
sesadil,18509
milující,18510
garážového,18511
zboţí,18512
zátěžové,18513
přispíval,13174
brněnským,885
obdobných,8039
přirovnává,18514
kantor,18515
vyrazit,7573
snazší,15623
anděl,18516
nahodilé,18517
octa,13113
skladbou,3223
ponechána,18518
delta,17028
zimni,18519
fakturační,18520
případům,4056
poválečném,11700
údajných,5120
odbornými,2754
učenci,17631
doviedel,18521
mák,18522
cihlovém,6961
kněz,9154
čeledi,14247
československým,289
aparátem,2973
důvodu,15773
rozteč,18523
zmáčknout,18524
víně,956
ochrání,17316
pověřil,11579
zaváděcí,18525
pochvy,13800
loňských,2585
exkluzivním,3967
sídlem,1847
tloušťku,16831
každoroční,18526
šlachy,18527
srozumitelnou,5999
nevedlo,8665
brazilský,1055
překročení,18528
sousedními,2816
dohodl,4190
etapách,6896
nerovnosti,18529
přijel,10379
úvodních,9158
přispívání,13174
poprat,18530
projevují,18531
užovka,18532
snadného,15623
taktice,18533
mravence,14043
předjíždění,18534
papírově,18535
zachraňuje,17842
antisemitismu,18536
adresář,15739
bazální,18537
rozvíjet,14280
supposedly,18538
terapeut,13931
jedinečnou,11597
vkládal,18360
jakýkoliv,6777
postačí,18539
zplodin,18540
připomínající,18541
zvracením,2128
lysá,18542
metodách,6742
rýži,3602
kladka,17185
mailového,18543
pilířích,4799
dým,18544
device,18545
neoficiální,3301
upevněn,18546
dotyčný,3642
plati,18547
eshop,18548
nabyté,18549
nápojům,1407
archeology,14371
přizval,18550
zřídkakdy,18551
sjednanou,15028
dohodou,3918
nastudování,18552
citované,11803
odrazila,18477
znázorněno,18553
povídku,4227
usazeniny,18554
turbo,18555
prodávajícího,11037
ponecháno,8501
papoušky,10863
oběžnou,12302
schopen,4346
pokynu,13920
plamenů,11973
jednom,4102
využíváno,9335
přirovnal,15151
ukryt,15139
monstrum,18556
nástupnických,2211
koordinuje,18557
cappuccino,18558
zaklínadlo,18559
pytlík,18560
prototypu,11494
názor,5285
noví,2294
hořák,8585
kresbou,7673
site,18561
setkat,15692
inženýrem,5979
modulu,18562
veliký,4960
narovnání,18563
daru,16343
držiteli,10804
měšťanů,18564
kostry,15029
skálou,9742
uchovávat,12512
multi,18565
methods,18566
integraci,12032
zahřátí,18567
nepoškozená,18568
pohon,15152
obklopené,18569
transformovat,9748
rostlině,2441
bučiny,18570
herním,1532
střešními,2964
městečkem,3026
podobnými,6116
zobrazíte,15930
vzorků,15357
japonském,1277
zasvěcené,18571
rozvinutý,8897
tanečních,4998
bájné,18572
čka,18573
kovaného,18574
sankci,4047
vnese,7987
oltáři,2844
drcení,18575
výmaz,18576
necháme,3282
otevírá,14792
hrachu,18577
zasloužilý,18578
horník,10525
rostou,12340
urbanistické,18579
asi,18580
organizátorům,2282
pletiv,8654
sdílet,8884
otevřenými,8468
podporují,6619
zvykne,4936
potleskem,17579
referencí,18581
předcházely,12105
odznak,13433
nejlepšími,11339
záhadně,18582
wireless,18583
roky,3669
odstranění,18584
grafickým,1823
zrekonstruována,6980
brilantní,18585
mega,18586
prachem,16515
plnější,14217
vlhkostí,7677
přípravek,10627
převedena,16924
konstruktérů,11150
xenony,18587
sloučeniny,15721
sapiens,18588
evropští,2344
èást,18589
neuvěřitelných,9942
ubytovány,18590
finsky,18591
podnikatelský,1905
rodičovský,1724
vylézt,12465
asistenci,3766
kooperativní,18592
kytaristy,18593
nejnáročnějších,3630
extrakce,18594
tezí,5993
výdrže,14713
božskou,13416
replaced,18595
pražené,18596
náklonnosti,11322
středového,9146
navštívilo,16670
prohřešek,5283
koncový,2115
potvrzujete,15273
revír,18597
juniorek,18598
zodpovídat,18599
píchá,15646
měnící,18600
plat,8429
nižší,14520
střílení,18601
antických,8669
temných,3795
vyvolávání,18602
jednoleté,18603
vydržely,8337
přesunuli,4528
exekuční,18604
povoláním,8527
úzce,18605
stejne,18606
touhle,3609
spoluautorem,14970
mohutnou,8024
pedagogiku,3968
lepidlo,5913
hospodařící,18607
dodány,6069
absolutoriu,18608
pomstě,4834
obavám,10196
zohlednit,17422
komplikované,15213
kanovníkem,18609
formami,3359
zápasník,17432
setkává,13668
hrdla,18610
kravské,16966
hotový,7557
nerezovou,5073
nádržích,12489
zárodky,18611
válečný,7349
balzámy,18612
pevnější,10554
předává,14648
markantní,18613
matematického,11612
hnojivo,6636
civilních,8104
injekci,13614
konektorem,18614
sestoupila,18615
jelo,9619
doutníků,18616
zpochybnění,18617
bolavé,18618
naplánován,14726
oplodnění,18619
důvodem,15773
narůstající,18620
sendvič,10532
diesely,18621
domníváte,6715
vrtulí,18622
syn,6201
schodištěm,5548
uchopit,18623
situována,18624
naloží,18625
znamenala,9281
spisovatelkou,1276
dorazili,5654
zhoršují,14319
ironií,11879
jednoduchý,11045
comment,18626
látkách,7982
mlhy,5840
dárcům,12789
dle,18627
kusech,6653
taktikou,18628
potřebná,9172
dlouholetým,3418
uhrazena,18629
poèasí,18630
kontrolovány,5636
drobných,8329
předkládané,13302
nedávném,3984
surového,18631
akutně,18632
koncertoval,18633
zveřejněním,12493
zaručující,18634
zaměřeným,6660
pane,12677
předat,6114
obtížné,18436
procházejí,9720
following,18635
pokládali,10370
klinických,7465
nošená,18636
udělují,18039
pokračováním,10090
platbě,4226
vynikajícího,15694
rámem,18637
bytostně,18638
podniknout,18639
zbrani,3825
dobírkou,18640
existovalo,8896
přibližuje,18641
zrod,6008
samosprávných,9243
brněnští,885
pruh,11948
půvab,18642
pečlivě,18643
uzavřely,10338
lezce,18644
pobyt,12192
hedvábné,18645
slepá,12263
maminkám,1099
čáře,8963
nemuze,18646
vítězstvím,12848
půdorysu,16868
invalidity,18647
stvořen,12924
pronikne,18648
územím,7612
marné,16035
troskách,10866
žebra,18649
rodového,14232
hledající,18650
sýrem,5583
zřizovány,13117
benzín,18272
website,18651
němčině,5313
věcný,8646
dlouze,18652
přídomek,18653
dlouhému,7565
získaných,18654
diplom,10590
bratrance,18231
zapsal,5978
rozkládají,12818
vyslal,2779
stavěné,18655
uvolnit,6461
řízeních,3858
uloženy,9713
propracovanější,16344
zdržují,17258
postoupit,8769
vzděláním,9398
kapalných,8994
náhledů,18656
nesouhlasil,5037
zadni,18657
víčka,18658
členem,5547
times,18659
diabetes,18660
svírá,18661
přisuzuje,18662
basa,11320
stealth,18663
ztracen,9358
automatickému,3914
delka,18664
nastrouhanou,18665
pedagogem,6437
zachycující,18666
radovali,12625
zatížení,18667
zdůvodnil,18668
nedostačující,15945
administrativního,17251
skupinách,1246
snahám,6506
rovinách,4165
přízemní,18669
kolaudace,11790
staral,9451
zmateně,18670
salašnický,18671
argentinský,3505
použity,12601
kontrolám,3040
nadějný,14418
výklady,17476
vedených,11867
oddanosti,12588
spoluzakládal,18672
uložte,5927
meli,18673
pohodový,7253
výstupní,18674
dveřím,3559
látkou,7982
nadrobno,18675
respektuje,13671
zahynula,14849
fází,3436
prvkem,4421
zena,18676
odmítnutí,18677
žraloků,12594
nutností,11838
celosvětovým,2522
nenašli,5746
uzavřených,8806
zdržoval,17258
vola,18678
zrychlí,18679
parádní,18680
svazek,9183
růžici,18681
nanečisto,18682
láva,18683
geniálního,14611
kapelami,893
podepsaný,10934
responzivní,18684
prostupuje,18685
tradičními,3163
trup,15414
vyšli,8551
sekáče,18686
pečený,13027
rychlostní,18687
bejt,6557
střet,14538
zastavil,7596
přijatý,15507
neobvyklým,8970
vízum,17241
obstarávání,18688
citrónu,13573
povrchová,17909
modifikaci,11454
metaforou,2636
léčivých,14251
desetinné,12326
stav,13642
uznal,5126
jesenický,18689
vrhá,18690
nájemní,1096
plavou,16348
úzkých,8939
umístěn,6918
silách,9273
geodetických,8128
doplácí,18691
skrýval,18692
cedrové,18693
prolínání,18694
pletu,6577
pomníky,14529
ponechali,8501
odkrývá,18695
náhodný,10203
zaručují,17963
nutriční,18696
předposlední,18697
poptavky,18698
palcích,12425
brankářů,13834
zakoupeno,1612
zhodnotit,18699
katolictví,18700
zamítl,6793
výjimečných,13509
rozmnožovat,18701
věrným,5904
regál,2112
odborníkem,1209
nezúčastnil,18702
kytičku,6650
některému,1852
dodám,5630
závodních,7084
ské,18703
odebrány,4924
sáhněte,9876
zámkové,18704
mávnutím,18705
přepravu,9363
pocit,18127
textem,4800
hospodářskému,3042
obklíčení,18706
vazba,16106
zastupitelstvem,812
znovuobnovení,18707
přijatých,15507
povinnému,5747
kostel,2560
proslulou,5026
osvobozeni,13475
rict,18708
předků,12940
zabere,5553
výhod,4857
spád,18709
bronzová,18710
výšivkou,18711
garanci,7773
turbodiesel,18712
jóséph,18713
struna,18714
vystavěná,16225
jezdící,18715
ukryté,11097
ukončen,10704
ušetřete,6162
integrovaného,2490
párové,18716
pomník,14529
vědeckými,1403
prokázat,3946
expanzní,18717
funkcionalitu,18718
ukázkové,18719
studnu,3797
platnéjen,18720
vzdálen,5783
zkracování,18721
zbarvené,14966
pilířů,4799
dokončena,14441
nezískali,8212
prodělal,8181
tvarohu,12322
předložený,12087
zmínit,10242
rozsáhlejší,5587
vojenskými,1746
vytažení,18722
vyprovokovat,18723
projevovala,18531
videím,69
pádů,8633
obešla,10635
výběhu,18724
nezkoušela,18725
propadl,9385
distribuovány,10962
argumentaci,10449
výchozího,18726
kontaktujte,13438
ranním,1955
svěžesti,9979
andělé,18516
energetickým,664
rozmezí,18727
síranu,18728
zpřístupněn,9708
oblaku,7685
nepodléhají,17443
zúčastněným,2894
toku,15633
vrchním,3576
vyjmutí,18729
hotelovým,282
vítězný,5268
problém,11404
kolík,15513
nedožitých,18730
detekcí,18731
produktům,3495
dominoval,2651
přiletěl,13634
miamia,18732
klavír,7280
odvolán,18733
bìhem,18734
chlebu,17952
norský,914
odhadl,18735
pomstu,4834
specializaci,8779
půjdete,3735
dia,18736
kapotu,18737
potkala,11000
bazénem,2675
tíživé,18738
nesnese,18739
injekční,18740
reakcemi,9515
gymnaziální,18741
přechodem,8849
přibylo,9702
sněhové,12343
docílíte,18166
ovčák,18742
zboření,18743
ptactva,18744
neutrální,18745
nestačily,12592
tvořená,17114
velikost,15579
fyziologii,6610
surovinou,10172
zlepšily,15557
sakra,18746
neproměnil,9218
vzpěra,18747
polystyren,18748
sep,18749
plánován,8044
letenka,10537
sleduj,326
zákrokem,15961
podstatu,5522
aftermarket,18750
spravuje,10666
vyvinuli,9326
arcidiecézi,18751
prohlížené,3563
koláčů,2242
pečovat,18752
mrak,13661
sochou,2573
věk,14472
fotbalovým,93
nepostradatelnou,17006
nebezpečně,15697
patrno,15699
směřující,15310
srážka,18063
spatřen,4805
čekáme,5561
oranžovou,5545
čtyřlůžkových,18753
zemskému,903
vyráběn,2253
posunuly,9072
hořáků,18754
rituálů,18755
jejími,9234
rámcový,14034
znázorňuje,18756
patrona,13373
okvětních,18757
kusu,6653
zeminu,7245
vyhovuje,18398
výstup,7585
střeliva,14944
vozový,8077
dělníka,10238
vhodnejšie,18758
nejjižnější,3255
chytrým,332
semestrální,18759
beránka,18760
nebezpečnou,6149
zhoršily,18761
předáno,17001
ekologickém,4568
jedeme,9619
strachem,14766
dospěje,6208
ukrajinsky,18762
kontinentálního,10204
citlivých,9038
primitivních,15940
hub,6508
pen,18763
našemu,2681
voděodolné,15221
jednomotorový,18764
akutní,15909
synek,15509
racionálně,18765
pomůckou,1550
torpédoborce,18766
nerovný,10177
zažít,9376
tuňáka,18767
duchovních,15533
užíván,9082
listopadem,8231
standard,8356
vyrovnávání,18768
omezena,7390
komunikativní,18769
živoucí,18770
pojistkou,2775
hvězdicový,18771
antibakteriální,18772
údajnému,5120
pres,18773
zkušenostmi,13643
zákonům,2845
zavedenou,6674
ověřil,14661
sebral,3122
bývalými,2372
cílovém,4619
zvládneme,11761
pocházejícího,11442
kloubu,4896
zajatci,15676
pracemi,1196
kněžiště,18774
spoluzakladatelem,6683
předpokládali,8346
tygři,12200
rozlišovací,18775
výbornou,7620
smí,4209
krok,13973
domeček,14349
beton,18776
štětiny,18777
osvětlit,18778
strašně,18779
bezdětný,16254
využiji,18780
úspěchům,9712
svědkem,1367
decentně,18781
geometrického,10828
should,18782
rakví,1934
připravenou,7117
nákladních,5977
svalu,7975
paleontolog,18783
omezeným,7390
prvku,4421
směšně,18784
podmíněného,18785
ráj,7898
uvítáme,1872
výkonech,13675
nápis,9390
pozorovatelné,18786
spojilo,10850
zásluze,18787
vystavovat,18788
zlatou,14224
nemocem,2381
souhlasem,8607
poddruh,18789
nájezdy,18790
fantastickou,3723
iontů,12121
záchranný,6028
záloh,3041
umožnit,13353
umělou,9550
stoupence,14991
prózu,3789
odmítne,2719
dráždit,11691
povolenek,15796
krátery,18791
preview,18792
lhůt,4868
plynule,18793
poddaní,11200
čtverečního,8067
ochranného,8306
zamýšlený,10553
předevš,18794
mír,18795
spolufinancována,18796
bolestmi,6206
útočníkem,9301
zatočit,18797
doplňuje,15085
běžci,18798
stromem,5327
bilaterální,18799
izolačního,18800
modlit,17054
kolonisté,18801
dom,18802
uvažovat,5850
manuálního,14134
can,18803
vzdává,18346
adware,18804
požádáni,18805
zasaženy,11267
vykládal,14236
kompaktních,11936
hippies,18806
provaz,5521
objevená,18807
vzestupně,15231
postihu,18808
plující,18809
nezávislém,5821
zasáhnou,4131
nadpis,14074
vyrazím,18810
atmosférický,7693
vstupních,18811
manžeta,18812
vycházku,8912
normálnímu,6392
dohodnout,4190
čest,18813
nezbylo,10705
tkví,18814
napsal,6132
zacházením,17280
zákna,18815
kredit,18816
nezapomenutelnou,14524
ubytovat,18590
fóru,18817
čínští,648
grandslamu,18818
rozhodnutích,12556
rezervaci,7531
nábojů,16442
jmenován,493
pavouků,5294
stýská,18819
vyžadován,11575
šestinedělí,18820
potlačit,15547
but,18821
velitelé,8805
krytý,10720
zápatí,18822
hladem,14064
seřazeny,18823
hrubý,16595
vyžadujících,16827
velkolepý,5796
managementem,5052
zahrnuty,15928
lesem,6057
milostná,18824
zařazeny,14204
období,17577
mnohým,5066
jedlou,10207
inovacím,18825
mešit,6464
vymezený,16252
úspěšný,5386
obíhající,18826
nove,18827
kousnutí,18828
nationale,18829
vybranou,4474
využito,11741
nevyřeší,8324
spalováním,14430
přívěsů,14775
odmrazování,18830
jedinečných,11597
nahrál,5247
zvrátit,18831
drazí,5059
zaručit,13974
zbyl,10705
řídili,6803
průsvitný,11567
opatrovníka,18832
příplatek,18833
endokrinní,18834
vzácně,17900
bramborový,10517
bylinkami,7953
délce,11279
slunovratu,18835
kamenité,18836
zánět,18837
slevový,18838
smyslu,9936
chlazením,6770
vstřícnými,7279
rovného,10177
fázi,3436
baleríny,18839
zátoce,13158
líbat,11755
kritériem,6097
sulinekmaster,18840
chválit,10375
urážlivé,18841
náplastí,17582
hřídeli,18842
poháněné,18843
pochybovat,14391
terénní,8953
posudek,17811
potřebnosti,18844
jazykům,2849
zavěšen,18845
umožnilo,13353
přijaté,15507
balvan,18317
ocitnou,7838
pistolí,5394
masku,8229
pedagogickou,2501
zástupy,18846
podobal,10918
náležité,18847
plyně,18848
ztrátou,4424
poukazů,10812
milovanou,2712
tuhých,9394
peněžních,12923
historickém,3390
strasne,18849
administrátory,18850
pedagogických,2501
palubním,2156
nečistotami,18851
zabilo,7341
posta,18852
zápisy,15102
liturgických,10013
nerovností,18529
zatáčkách,13604
biskup,5198
protipožární,18853
leváky,18854
vyvíjel,4841
motorový,2716
pohyby,9141
střetly,18855
odstraní,9482
soukolí,18856
démony,17856
zašpičatělé,18857
hnát,10712
vážnému,5162
škodlivými,7092
misto,18858
fíky,18859
dějem,2978
brzkých,18860
vychladnutí,18861
příkonem,18862
plášti,15349
místním,2386
bestselleru,16939
újezd,14679
přistávání,18863
chviličku,18864
obléct,11137
dodávány,18865
chorobami,1402
neříkej,18866
změřit,18867
vývoz,8300
klávesu,4937
vzpomínkách,9228
atentát,5579
zlomil,16142
biotopů,18868
mobilheimy,18869
tropický,5781
uměle,18870
vinných,4884
pokročilou,12553
získat,8212
před,17609
egyptský,4058
email,18871
pochován,17426
vodotěsnost,18872
nákaze,18873
zakrýt,18874
věřím,4854
ubrus,3745
flétnu,11893
vrcholné,16721
kapalinou,17486
dovedností,15126
nárazů,15920
ozývají,10201
splněných,14518
pražským,1024
činných,4780
robustnější,15578
umožňují,15897
zraněné,13104
sedu,18875
harmonii,13141
školním,496
křesťanstvím,18876
obdobném,8039
italští,1776
nástavci,18877
zajímavě,18878
neprospěl,18879
generacemi,1560
western,18880
kalendářotvorce,18881
příkladu,15098
typického,8354
nevytváří,8617
seznámit,6150
lenbur,18882
chovech,18883
beat,18884
ustoupil,8680
přípravné,16847
získaná,18654
zamilovala,15388
přestupků,15803
travnaté,15127
vozem,3618
želvy,10639
plaku,18885
přísnou,11933
stavitelné,15938
smluvních,10421
výkonným,1262
nadstavba,18886
sjednána,15028
zobrazením,16715
organizovaný,10523
kódu,8110
volených,8042
podílel,6726
flexi,18887
zahrnovala,15841
přesvědčte,8180
zabarvení,18888
konečnou,7637
průměrný,14205
trny,18889
another,18890
statcích,5755
kvartet,6198
ochranářské,18891
fantastický,3723
uhlovodíky,18892
hlášených,17765
těsném,12074
odstíny,8148
spravnom,18893
dožil,13798
nejvyššími,2908
velkými,2604
netrvalo,8981
vyvolají,7189
transparentní,18894
životopisem,12029
notářem,10157
peruť,10919
vrahem,6597
nevyhovující,18895
pravdepodobné,18896
depa,18897
pedagogičtí,2501
charakterizovat,18898
řazených,18899
dvoumístný,18900
dánském,1230
odehraje,9286
ponorkou,2864
zákonodárný,5323
represí,6763
jeví,17607
hektarů,18901
zastat,18902
hypotečním,5156
plnil,5908
osmi,12593
rostlinnou,5205
obsahují,15298
raritou,18903
pašování,18904
lůžkový,3930
vysok,18905
předsedkyní,2618
vyměnit,3774
navazujícího,18906
osobními,10342
draci,18907
legislativních,12937
plemene,4052
módů,18908
stříška,1469
záhonů,17973
naléhavé,18909
látková,18910
marginální,18911
stavitelé,15938
splatný,16609
shodou,14335
předu,18912
bola,18913
zašli,5363
žláz,6441
darovací,18914
omezenými,7390
odesláno,18915
pergola,18916
tuk,11777
chloridu,18917
štít,8274
mastná,12297
pohlednici,1821
říkalo,3929
odkup,11162
zvolením,18918
deportace,18919
odležet,18920
čistotou,7199
koloběh,6292
hlavici,13625
matčiny,18921
důležitém,7182
inženýrských,7184
napomoci,18922
konaná,18923
perspektivou,10116
jednou,4102
každej,18924
cyklostezce,5217
prázdnotou,18925
sestavil,7063
obhajuje,15784
přivezl,10212
pořádána,5151
zdravou,4066
multiwatt,18926
tunelů,7704
použitý,12601
sílí,18927
předcích,12940
napsané,18928
obalené,18929
opisu,12904
teritoriální,18930
uslyšel,8210
prováděných,13431
motá,18931
lišejníky,18932
aminokyseliny,18933
opakovanému,5763
popsaná,18934
dovézt,13079
vyhledávači,18935
působilo,8387
rodinnému,1388
automat,4091
rozlišit,18936
zpíval,3668
podporovaný,8119
zálohy,3041
vlek,18937
jaký,12365
řekněte,2536
identifikovat,18938
rybníček,13173
západním,2055
příkazu,13716
ucpaný,18939
vyplácení,18940
odstup,18006
nákladu,8273
způsobilá,18941
třinácti,17493
přijalo,5175
klukům,3035
středoškolský,9184
uhlíkové,18942
nepoznání,12885
vyletí,18943
třikrát,18944
vymazat,13462
fermentace,18945
vypuknutí,18946
nánosy,18947
vyráběna,2253
živil,9874
oslabuje,18948
přivítáme,3250
ftp,18949
last,18950
zasažen,11267
velkoobchodní,18951
stavebních,5273
otrokem,12790
uložený,9713
pokračujte,8380
považujeme,8531
rybníků,13173
jednolůžky,7683
německý,1666
okamžitému,13862
výkyvy,18952
průměrné,14205
nepovažuji,8531
popsal,14497
složitý,15140
volen,8042
palbu,3720
rozmarýn,18953
nebeských,11033
přihlásíte,3950
size,18954
pánovi,1734
uloženými,9713
vzrušující,18955
mateřství,18956
rozdíly,18957
snažíte,5473
úspěšnými,5386
sudetoněmeckého,18958
řádech,7699
zřízeno,10389
nálezy,18959
pahýly,18960
nacházely,14904
šrotu,18961
eacute,18962
mentální,18963
čekám,5561
počítáme,3575
výpisem,9586
holokaust,9036
reflektovat,18964
křížů,18965
slovinsky,18966
značný,8561
dlouhodobější,11216
žárlivosti,11650
překážkami,8465
quiet,18967
zachránit,12236
domněnku,6135
zaplnit,15493
ovesné,18968
přestavbou,3708
borců,10060
přísavkou,18969
doktorát,18970
nezapře,18971
lednovém,5825
vlnovou,7616
zlepšit,15557
narozeninový,3116
hřib,18972
whirlpool,18973
našim,2681
zrušený,8888
přetrvávají,17826
zákazů,8568
závěsem,3815
údělu,18974
pokusily,9413
bydlením,8175
toužila,18068
souhlas,8607
patentovaný,18975
trojúhelníkové,18976
spáchali,6160
stažení,18977
levným,3283
navěky,18978
závoje,18979
stříšky,18980
potřebným,9172
pohybů,9141
virem,2104
potvory,3215
vyhledal,11749
využitelné,18981
vícedenní,18982
pokožkou,4079
neptal,7099
nádherné,18983
orchestrální,18984
severním,5965
tuku,11777
mramor,18985
prijde,18986
kúra,15968
koncovek,14723
nepoužitelný,14237
nejpříjemnější,7013
nedoporučuje,9691
tanců,8118
zaujatý,11098
keramickou,6661
seminář,6139
udělejte,5995
opakující,18987
firemním,2872
štíhlý,6236
výtažek,18988
pózy,18989
tajů,18990
zažívat,14519
vypátrat,18991
ideálem,12823
chován,10447
taktiež,18992
obohacují,18993
rukávem,8234
sexuálního,10953
podporovalo,6619
stejný,7235
pracovním,6717
pedagogickými,2501
odeslán,18994
územích,7612
opačném,12563
brunette,18995
prožití,18996
trestání,18997
hraju,2873
povlaku,15041
pilového,18998
olej,18999
mužský,4339
vystačí,19000
database,19001
adoptivní,19002
vydařila,19003
prvočíslo,19004
využitelnost,19005
zkusil,9226
povrchovou,17909
hodilo,6593
dokončovací,19006
vzájemného,8944
povodním,3394
řepkový,19007
vzpomínkami,9228
tlakem,13659
sametovou,9247
upíři,19008
modální,19009
čipu,5670
přepracovaný,19010
jevem,8127
master,19011
hojné,11177
snech,7422
nejslavnějších,1212
motivem,7497
lásku,5024
poli,15013
bezprostředním,13149
chmel,11643
faktu,11953
venkovním,1891
otvory,19012
rozlišuje,12059
současností,2316
zjištěné,9471
drobného,8329
zemědělsky,19013
pověřit,11579
manuálu,19014
potencionální,19015
surovinách,10172
semínky,12662
povím,14701
prac,8570
zdrojovém,4499
válečných,7349
pouhých,11894
parťákem,19016
mnohonásobně,19017
stisknutí,19018
neb,19019
monde,19020
opačného,12563
pudy,19021
vyložil,19022
mnohém,5066
nerad,5403
náhrobky,19023
iniciace,19024
nuuna,19025
tepelnou,3558
zajišťujících,7734
zachováno,12334
šťavnaté,16234
hodného,12540
povinnostmi,2266
úmyslem,12161
kávovarům,1286
peču,19026
schváleno,13046
zkoušku,5643
elastan,19027
básnických,6990
motivován,14754
voskových,19028
protáhlé,19029
přesile,19030
otvírat,5882
váze,6654
celokrajné,19031
prodloužen,11385
košíky,19032
nesoucí,19033
zasazení,19034
kurzorem,8312
másla,10711
šátkem,8659
učitelském,5096
protoţe,19035
potřebou,2369
kupujíkód,19036
komín,6877
hráčům,6171
slovům,3662
památkovou,6404
dešťový,3191
autodoprava,19037
skrýt,19038
vysokou,2908
business,19039
opustí,7587
udělili,10654
přesídlení,19040
kluzáky,19041
častých,6688
kontaktování,19042
jakože,19043
posoudí,14948
plavbu,4367
spokojen,11827
prohlášena,1582
povedlo,16350
družstevním,6493
pokrájíme,19044
kartiček,19045
omezily,8073
uzná,5126
intenzivního,13415
záslepky,19046
okamžitou,13862
koženou,14104
vzniklého,7057
oceněny,8693
znaleckého,9575
významu,17044
padák,15426
nahrazující,19047
kulturním,2367
spínačem,8162
konečný,7637
chlor,9049
ohrožovat,14037
šlehače,19048
upgradu,19049
přežívá,19050
syst,19051
setkávají,13668
filosofa,19052
koncovkami,14723
podvozku,19053
vakuum,19054
porážkách,4394
obsažené,14857
zlomení,15636
vse,19055
kvìtna,19056
nabije,19057
stálý,5046
znemožnit,19058
staticky,19059
roh,7144
vyměníme,3774
postřehů,11943
vyrovnala,19060
poradců,5812
rozprostírá,19061
rozrostla,19062
podílový,13987
spojeni,9667
těžní,19063
otcově,8462
mio,19064
změněné,12103
vydáme,9131
vyznívá,19065
snížená,19066
zázraky,17532
což,6906
říčního,14546
sezonu,4442
zničena,8668
uvedena,6616
zabývajících,12972
vážnosti,13423
nepoužitý,19067
slz,11616
kytar,6862
přenesl,9020
mimořádně,19068
střílet,14646
mletí,10518
sleva,13211
trestným,4663
zubu,12978
šňůrkou,19069
stehenní,19070
dotkla,12017
kontaminaci,19071
otevřou,5882
přívěsek,15871
kompatibilitu,19072
věnována,6601
upřímný,11463
žlutých,11759
pohořím,4001
zdravotními,6332
týlu,19073
šíře,1349
stálém,5046
pravidly,7976
devatenáctém,9004
zkoušíme,7647
přechodná,19074
souviset,10404
výztuž,19075
odběrných,19076
můstku,19077
soudku,19078
přívěsy,14775
kouřovodu,19079
těžkého,14372
kosmetických,3259
nasazením,19080
používám,9602
přiblížil,11113
vaty,15465
nacionalismus,16063
dělnice,19081
lovci,13994
ikarkulka,19082
hladce,19083
bojích,7886
nějakých,1841
potřeboval,7255
only,19084
rodného,10718
přezdívky,19085
podepsání,19086
položení,19087
odehrát,7299
přítomného,4372
česnekem,6018
podlahou,3542
zavolejte,3187
velikou,4960
diagnózou,19088
emigrovat,17912
certifikátů,19089
křesťanský,1884
vak,14973
oázu,9332
nadstandardních,11715
agresivních,16195
bránou,7711
královnu,2850
pravní,19090
určíte,8600
výpočtů,14305
nerv,8826
teplu,2454
zmiňovat,10242
milimetrů,19091
nepříznivých,14141
pochádzam,19092
příplatky,18833
databázových,9574
zmenšení,19093
atom,10640
kafi,2117
rozdíl,18957
vývozní,19094
pátrat,18991
střed,19095
filtrací,19096
nosil,4974
dýchacího,15544
vkladů,15855
přechodného,19074
atypický,14360
enormní,19097
šílenec,19098
míval,12112
transakční,19099
muzete,19100
rozpočtovém,6603
posunul,9072
počty,19101
dotčeny,12017
odběrů,17437
olivový,17670
podnikovou,4470
poho,19102
zemědělec,4494
analyzovat,19103
obsahujícího,16157
členského,10927
froté,19104
kousku,9254
konvencí,12506
průmyslový,859
vrahovi,6597
ošetřena,19105
vypil,9177
velkoform,19106
manuál,19107
zvětšují,15936
otočným,19108
bezproblémová,16994
byzantskou,9349
ulicí,3027
spjatých,11246
petras,19109
normál,11832
významného,11479
pohárem,2105
židů,19110
konkrétními,6919
children,19111
styk,13769
brouk,9045
příjemní,7013
dvoulůžkových,4114
brzdění,19112
vyzdvihnout,18305
podrobnou,5433
dodržen,16500
vzácná,16316
realistický,9952
tělesného,4886
nechám,3282
podrobněji,15879
činka,13805
nejhezčích,9256
nejrozšířenějším,3895
pořádaný,12938
potomka,19113
polyesteru,19114
zmiňovány,12630
chvili,19115
následnému,9710
uvěřit,11541
jednoduchými,11045
typický,8354
kázal,16839
procvičení,16207
pramene,11473
nástupnictví,19116
desetiletý,13608
nájezdů,18790
praktických,10385
středověkou,9343
security,19117
majáku,13658
lymfatických,8521
nečistot,18851
kolektiv,9444
zakládali,19118
navýšení,19119
prestižním,5254
bourací,19120
clonou,19121
hluboká,18482
vzetí,19122
penál,19123
můstky,19077
ústeckém,19124
sarinka,19125
složité,15140
rezervačního,16611
pruhovaný,5838
závažnost,17802
tónování,19126
prospektu,19127
závisti,13600
nevyhovují,19128
plnohodnotný,3118
tučňák,16615
podrobnější,5433
projde,12548
boss,19129
umím,9732
flotilu,2556
minulém,4981
tržišti,7956
zavítat,11723
používán,9631
megapixelů,19130
krnovský,19131
setkali,15692
doktorském,10659
vlka,14544
kmenových,10674
schopnou,4346
postaral,8317
objevem,9551
zaniklý,5408
občasný,9407
výstupem,7585
účtům,6391
emočně,19132
mlíčko,10335
pohonných,6310
referenčních,18493
certyk,19133
různou,2578
harmonické,9737
prokazuje,19134
zaměřenou,6660
použili,8961
chybně,19135
týmový,4744
obvyklý,8970
zvýšily,12703
osamostatnil,19136
kapry,7475
medvědem,5280
agentem,2856
spojnice,19137
prát,3641
pažní,19138
náskok,19139
nějakému,1841
chodnících,11829
administrátora,19140
spodku,14162
zastávám,19141
leteckými,912
cara,18350
panující,19142
starověku,19143
trvalému,7016
obklopující,19144
jakýmkoli,7541
nitru,3705
statistiku,4531
odvoz,19145
kněžím,9154
externími,5158
jehličkovým,4129
hmotě,7301
vrácena,19146
podepíše,6038
ženském,2307
předepsané,19147
neštovice,19148
úspěšnému,5386
postrádá,17908
mírná,18402
podpořen,19149
starém,2793
vyrazilo,19150
chvála,14782
top,9674
konfliktům,9118
munici,9793
archived,19151
změnil,10169
přiveďte,8292
čerpány,19152
masážních,12722
vůdců,16135
tiskař,19153
provedeném,13965
kultem,12645
nejdelších,7565
horskou,2368
hordy,19154
nepochybuje,14391
indikátor,15706
volných,9237
vůdci,16135
učím,7431
dohodneme,4190
drink,19155
napjaté,19156
blbej,19157
cítit,8881
zdobit,15971
předepsat,19158
skvrnami,4370
čelit,9817
nepředvídatelné,19159
nezíská,8212
úsměv,9408
vybírána,19160
dělostřeleckou,9891
projednána,18054
pečte,12011
rostly,12340
autobusový,4099
sladit,19161
nesli,12659
lemují,19162
intelekt,14934
křídel,15123
spojence,16806
parcela,9165
vyniká,19163
destinaci,19164
produktovými,19165
skladný,19166
nehodnoceno,19167
rozvíjíme,14280
totožné,19168
místně,19169
nynějších,6063
náboženských,7477
uzavře,10338
homogenní,19170
prospěšný,5007
všecky,15202
úložným,19171
textura,19172
odhalených,11695
zkráceně,19173
pobytem,12192
nevyrovná,19060
aplikovaného,14712
bojovalo,13814
fasádou,2906
nádherná,18983
skandinávský,2506
vysychání,19174
těsná,12074
končit,9583
vztahovat,18492
lécích,1909
viditelném,9180
dynamického,5300
královnou,2850
vybaveným,3681
odhaleny,11695
zkouškou,5643
proslulý,5026
zlepšuje,19175
dvouměsíční,19176
podpor,2958
nožičkami,14591
navštívili,16670
jedinečný,11597
nehnuteľností,19177
klesl,11756
založení,19178
architektonický,2705
litoměřický,1568
sušenými,2868
rest,19179
dodržena,19180
specializovanou,1767
vysoký,2908
spadaly,16043
vysvětlením,10143
křemene,18133
labutí,13384
sjednotit,19181
zobrazily,19182
kamenný,9012
beta,19183
nevyžaduje,11575
vítězům,19184
prokázání,19185
original,19186
rozložením,6333
rozměrům,14069
poddaným,11200
vypracovat,14031
zanechal,12329
vstupné,13050
odlétá,19187
zastáncem,6573
produktových,19188
slepého,12263
potiskem,19189
spálil,17136
koupeno,3555
zamezit,19190
pololetní,19191
kbit,19192
potreba,19193
stravitelné,19194
ochotníků,19195
přísudku,19196
duchové,13655
čtyřmi,7136
zhotovitelem,19197
hodnocením,15542
bílků,18437
doplní,7663
registrované,17613
stresu,13274
biografií,2142
tělová,19198
cílem,5550
slzami,11616
čtyřhr,19199
shodil,8506
znepokojení,19200
souvětí,19201
skalární,19202
předchozími,13835
systematická,14685
vysvětlena,19203
ovladatelnost,19204
napsaných,18928
polních,6840
zaměnitelné,19205
okvětní,19206
modelovou,19207
zasílají,19208
tekutý,8268
souhrnný,16359
stisknutím,19018
věcných,8646
odebrané,19209
přesvědčily,8180
posuzují,13132
palce,12425
jménu,7936
pří,6817
jader,3028
vesnický,3179
práškový,19210
psychickou,10006
momentálně,19211
chovné,19212
pevninou,4840
chemikálií,3220
rovná,10177
filosofií,2118
výhledem,11974
sejmutí,19213
dosáhli,10570
týž,8554
polski,19214
pra,19215
nákladového,16783
vedlejších,10722
soustavnou,8830
škodlivých,7092
dýchá,16978
jeden,4102
symbolizuje,18396
přidělit,19216
shromáždili,19217
fenka,19218
pozdějších,15081
silnými,9786
challenge,19219
povrchových,17909
minimálního,19220
kooperaci,11134
rotací,19221
věcné,8646
konverzí,19222
příslušný,8095
převzetím,8005
promile,19223
formální,12479
varujeme,2972
varhaník,16636
potomkov,19224
edition,19225
významový,19226
vedeném,11867
rozety,19227
zdobení,19228
zobrazené,19229
uškodí,19230
tajným,587
předchozímu,13835
básník,9401
nejsnáze,13182
dřevního,19231
masivními,10981
super,19232
exotického,5060
přechodech,8849
dárkový,19233
čímkoliv,8794
originality,19234
dosaženo,19235
obráběcích,9772
zobrazeny,19236
simulaci,19237
řádem,7699
poutí,4290
ochlupení,19238
znamená,9281
vlněný,5114
dokážu,7848
palivových,9388
obnovovací,19239
vyvolaných,15134
nerozhodně,5443
tmou,3573
nafta,13112
formulaci,8352
našel,5746
kriticky,19240
mající,19241
chránených,19242
nepostrádá,19243
předkládám,12373
zasvěcena,19244
tmavší,6325
pohřbena,17731
pojmenovala,19245
zastavuje,19246
sníží,9776
usazenin,18554
lepicí,19247
francouzském,1452
description,19248
zašle,3951
výlučně,19249
blbou,2827
kontrolován,2676
sborníku,19250
ukončil,7909
emigrovala,17912
chronického,18293
okrajů,8619
vynaložených,12184
propojují,19251
neomezeně,19252
tolerantnější,15789
nahrazovány,16038
protáhnout,15877
porostů,19253
civilizačních,14181
boli,19254
svátostí,19255
přibližovat,11113
spotř,19256
lines,19257
neprobádaných,19258
strojem,1166
zamýšlel,15157
povstalcům,1648
náhrobních,12216
jihozápadu,8318
provádělo,7164
obsadilo,5621
kardinál,8719
čeza,19259
bavlněný,5910
oficiálním,3301
poddané,19260
staří,2793
odkázán,19261
optimalizovaný,19262
srovnání,19263
přízemních,18669
kamarádovi,3771
přizpůsobovat,19264
konvexní,19265
uchvátí,19266
směru,13942
zvířecích,9187
opětovné,19267
počátek,5532
bielizeň,19268
zdravém,4066
hmotné,19269
polohách,3543
duševních,10101
vyveden,15814
svými,7991
vestavěným,1572
upozorněni,19270
životopis,12029
oranžových,5545
poskytnem,2637
radostně,19271
vzpěry,19272
nechtěnému,19273
respektuji,13671
mety,17513
mladým,1204
pálil,11658
výšku,7160
přísluš,19274
klesal,8150
vyžádalo,11071
složitě,19275
punk,19276
polypropylen,19277
krásnější,8903
osedlosti,19278
dolar,7745
šermu,19279
trestním,5956
klávesou,4937
obdarovaného,19280
bohoslovce,19281
prokázané,13786
nefiguruje,19282
vylepšení,19283
otevřel,5882
odpovědnou,3589
zvýšit,12703
drsně,19284
upevnit,18546
blokády,13102
chutnat,13187
určeným,9312
čepy,19285
client,19286
specializovaným,1767
přepracované,19010
čistí,8677
asijský,3201
hodlal,5988
odstupem,18006
dokládá,19287
vyprodaný,15428
pyšnit,19288
undergroundu,19289
hypo,19290
faktech,11953
vlastnických,7633
zachovaný,12334
přijet,10379
reálnou,9372
nadpřirozené,17228
balanční,19291
úplnou,14161
koupelí,11818
množině,9541
žíla,8480
nalezeny,15766
nesprávným,19292
souboru,9577
chuťově,19293
uspokojivě,19294
mnišské,19295
obratu,19296
akceptovat,19297
očekáváním,13458
kopaček,9614
sultánem,15372
neprodejné,19298
branou,7711
emisích,4777
zlém,12358
peer,19299
opakovaný,5763
stáří,19300
uplatní,7642
omítkou,4506
zdatnosti,16879
judaismu,19301
výzkumnými,2295
mladej,1204
vypít,9177
spočítána,15317
klame,19302
stříkačky,19303
severozápadě,11318
zahřívání,19304
trpěli,9170
léčivech,10211
krátí,19305
plánujeme,4168
nátěr,10592
rozvíjejících,16283
kalifornském,1627
jeskynní,19306
uctívali,19307
ptáte,7099
způsobeným,9379
červeno,14938
testována,4266
pomáhající,11353
platná,17124
paletu,15338
izraelský,2981
dopise,3703
normalisovaný,19308
představovalo,3512
svérázně,19309
akné,19310
drak,19311
zapomeňte,7080
domovu,413
návěštími,19312
odměňování,19313
došlých,19314
rovněţ,19315
teba,19316
ušetříte,6162
přehodnocení,19317
sepsání,19318
natažení,10886
pozorováním,6313
produktivní,19319
zpoplatněno,19320
pozorováno,7200
pocítí,19321
prokázal,3946
výpustí,19322
onemocněním,9843
dovolují,11466
můţeme,19323
negace,19324
obnoveny,4194
arménský,3896
klády,19325
využitelná,18981
střetnou,19326
připravován,2407
neskončil,6705
zapsána,19327
uložen,9713
inspirována,5939
románem,4690
teplotně,19328
podřízen,6872
nádražím,3439
následování,8066
prohlubuje,19329
zaplacených,10299
radostné,19330
objasnit,17537
nějakej,19331
závidět,18235
realitce,19332
opačnou,12563
tebe,4387
subjektivitu,19333
zastává,12432
vyrovnání,19334
dbá,11015
kandidátem,2852
uvolněných,8101
uplynutím,16314
alternativou,2046
přestěhoval,9543
lepsi,19335
solí,5641
začínal,11729
přehledných,8159
trhem,3623
odškodnění,19336
obviněného,5538
nespornou,19337
jódu,19338
nedostavil,19339
tanečníků,5193
podrobný,5433
smrkový,14287
účelem,5228
užitkových,13234
početnější,5787
vandalů,19340
vyvrcholilo,16192
zážitkem,6232
vybrán,4474
vskutku,19341
doporučen,9693
cyklistu,10492
ukazatelů,11351
púzěti,19342
daty,5334
položený,16639
marxismu,19343
běžců,8956
zhroutí,19344
svrchního,19345
esa,17761
skluz,19346
plný,14217
současníky,12697
eko,19347
vodič,10321
dámského,7290
mùže,19348
vypočítána,19349
nebezpečných,6149
zhotovený,17911
porovnává,13379
zklamat,5471
vedeného,11867
nedovedu,10951
phone,19350
vadný,8068
trenérovi,5031
cihlový,6961
tuhost,19351
dotýkat,12017
sruby,19352
podpořené,19149
zvýší,12703
zelenými,5163
nečekanou,15630
loket,14011
účinností,7404
námořnictvem,5196
elastanu,19353
spisech,8173
košer,19354
pozdních,19355
běžecký,1816
postiženým,5527
studuji,10587
vypršení,19356
položit,10891
lesích,6057
přivítání,3250
jedněmi,19357
odnímatelné,17350
přiděleny,8863
bránili,10915
účtováno,12565
mostecka,19358
snem,7422
omyvatelné,19359
konat,13005
kombinovanou,19360
březích,13381
základě,19361
dokončí,10443
balerínky,18839
fondům,3899
vážný,5162
uzpůsobeny,19362
rozšiřujeme,14987
rybí,19363
objeven,14864
moukou,10884
pseudonymy,19364
formulářů,14927
předchůdcem,15247
fotkami,4374
zbourána,19365
těhotných,5420
kruhovou,5337
spojitá,11963
kýta,19366
seznamuje,18158
žaludečních,10526
pól,12555
povinnou,5747
rovných,10177
navštívit,16670
interpersonální,19367
napomáhá,11739
obtížnost,19368
zprovozněn,19369
brusné,19370
složitosti,19371
hemží,19372
zraní,12213
racionální,14589
slovanskou,6530
potkali,11000
pokusili,9413
snadná,15623
nedožil,19373
hází,12495
vzorců,19374
sídelních,14338
poloostrov,11402
subjektivních,11911
přesvědčivé,19375
souhrnu,19376
vyvrátil,19377
písku,15025
schodišť,5548
oběh,5841
partií,8810
patron,13950
skryty,19378
představený,6372
držitelem,10804
vymezená,16252
orientován,5191
doplňující,19379
rybníčku,19380
zabalíme,19381
prodloužit,9206
splnil,9080
vypovídací,19382
přínosy,19383
nalít,19384
charakterizují,18898
beztrestně,19385
jejímž,12869
aglomeraci,19386
nenávistí,4428
spojením,10361
cizincům,10851
stimulovat,19387
usadí,11680
logického,7157
zápory,19388
měsíčku,19389
úsekem,8368
zkontroloval,19390
dirigování,19391
sundal,15312
jednomyslně,19392
zadaří,19393
kamarádství,19394
kapitálu,19395
nástavec,19396
uživatelských,7258
spásu,7263
odůvodnění,14056
přivolání,17517
zastávkami,6309
romantický,4597
knížecího,8308
podivně,19397
situované,19398
povznesení,19399
výkaznictví,19400
úlohách,2233
vysvětlit,9195
nastavíme,9370
navrhovatelem,5785
důsledků,10676
pěvci,14993
měníme,9528
listnaté,19401
citlivostí,10126
odinstalovat,19402
pasují,19403
mokrou,12397
neustálém,7881
doplňovací,19404
ruskému,453
dell,19405
puls,19406
umožňující,19407
dve,19408
volím,4918
stavěl,7109
porušují,16867
regulována,11085
bufetovou,19409
vypravil,7466
nevýznamné,19410
slušelo,13657
ověřovatelů,19411
odlesky,19412
dozajista,19413
komínu,6877
povětrnostními,8522
vlnou,1907
strukturu,4877
svícen,5027
paragraf,17164
diskrétní,19414
vystřelila,19415
přebalování,19416
žákovi,5870
návratem,14008
vozovny,19417
kantáta,19418
stop,1148
provede,5893
rozměrech,14069
vyčerpat,19419
přítomen,4372
kliknout,19420
mať,19421
řízků,4869
původních,7818
plnohodnotným,3118
zřídil,10389
strojový,6564
bojovali,13814
diskvalifikován,19422
představoval,3512
chromu,19423
předcházelo,12105
nadhledu,19424
povolení,19425
postihly,6585
břichu,3878
rozvíjí,14280
moče,8699
druhém,5975
rodák,17897
uchazečem,6056
loktů,14011
nejdůležitějším,7182
mùžete,19426
vejcích,14151
přepsat,15466
pořádali,5151
symbol,12068
poškozený,6984
horizontálně,19427
opatrnost,15276
ohodnotil,19428
čepel,19429
chutnalo,15830
polobotky,19430
přihlašování,19431
briket,19432
nepostoupil,13559
výšin,19433
délku,11279
švy,19434
obsluhují,4698
vydalo,9131
místními,2386
nadřazenosti,17161
loděmi,2748
nenapadá,19435
tvrdší,11519
věnujeme,5581
rovnováze,6454
sdružování,19436
projevuje,18531
ukažte,2968
válec,19437
ohledu,16563
přijelo,10379
nadřízený,13407
zřídilo,10389
nastolit,19438
souhrnně,19439
vrazi,6597
zklamán,9317
zip,19440
vápence,17415
chodec,19441
požárním,5952
nechapu,19442
probírané,19443
vložených,15882
reportů,19444
zamčení,13397
učili,7431
nadprůměrný,12352
wave,19445
objevíte,2429
schválen,13046
rozmyslet,19446
nerosty,17520
pekaři,17561
vysněný,19447
bezbariérový,10496
odchovanec,19448
plynovou,1360
inspirovaný,12176
známým,2626
dopravcům,3593
grant,9389
prokazují,19449
zeměpisná,3088
vzrůstající,19450
úředně,19451
klad,19452
demo,19453
osvobozena,13475
kritérii,19454
papírek,19455
kyvadlo,12713
zajišťoval,5963
bot,9019
pohrát,19456
korporacích,259
partnerskými,4472
přepážkou,5512
druky,19457
čárku,7464
hydraulického,9560
zabijí,7341
minu,11605
bublin,6434
ctí,19458
doprovázející,19459
vracel,12774
zasvěcená,18571
přesunul,4528
nepříjemný,7013
rekonstruován,8628
zmenšit,10846
výhodami,4857
daňovému,3607
řešil,5874
sbalit,10641
alternaci,19460
složitých,15140
rybu,4360
přemístění,19461
zahrnuto,15928
svobodném,1871
hezký,9256
sporech,6746
vrcholových,5168
němčinu,5313
citlivý,9038
indikátoru,15706
dosáhly,10570
zákaznických,6196
provedly,5893
pozoruhodných,6534
montážní,13859
vyjmeme,17446
malty,19462
pudry,19463
tiše,19464
pokryl,19465
seznamují,18158
zpracováváme,15187
podroben,19466
stopami,1148
zažily,9376
dědici,14629
krotit,19467
zbylí,8648
vedlejšími,10722
zvětšené,19468
chodidla,19469
stanoveného,17767
řetězové,19470
propadne,9385
standardem,8356
naplňují,12674
aug,19471
pojištěnému,4928
centů,15974
ghettu,11822
pobývá,19472
rozhodovacích,15297
sdělíme,1791
oznamovat,911
kulometů,15133
firewallu,19473
rohovky,19474
navržených,13038
důchodovém,4185
příslušnými,8095
ramenech,5981
sesazení,19475
zvolte,10077
nastupují,15559
zaručuje,17963
drahými,5059
akustický,6952
následovník,16310
sexuálnímu,10953
dlouhodobých,11216
látkami,7982
červ,7295
trackbally,19476
lahvičku,16929
zpestřením,9000
rodinní,1388
posledn,19477
vajec,14151
styčné,19478
zařazen,14204
příjemně,12212
patříme,6209
účinně,19479
teroristický,5005
zanedbání,19480
dřevěném,6945
snížit,9776
vlasům,3237
zámožné,19481
vzdáleny,5783
ztracený,9358
syfilis,19482
vajíčko,11087
atraveo,19483
pohodlných,3244
zaregistroval,3680
putoval,12762
živel,7221
odepínací,19484
zmapovat,19485
ocitne,7838
zhotovit,7385
stačili,12592
rytiny,19486
trestních,5956
vědních,15214
okrsku,19487
hleděl,13254
povzbudí,13649
karoserií,19488
vařte,3921
fakultativní,19489
unikát,19490
gramů,19491
játrech,9661
cvičením,6094
stavitel,15938
smyček,6362
věnujte,5581
zavolat,3187
mějte,5944
lodyha,12305
lupič,6306
drsných,7187
spravedlivě,19492
nakl,19493
prodejní,14295
pohybovali,14396
nežádoucích,16266
rozkládá,12818
ústním,6145
psychologem,5867
přinucen,7389
svetlo,19494
chápány,15889
užívány,9082
dopravním,2204
hranicím,2593
separaci,14869
posudky,17811
zaujíma,19495
pevných,10554
utržil,19496
borůvek,7609
požárem,10048
domluvit,10480
vědom,7270
adoptovat,19497
nebeský,11033
zdravotnickém,1523
bral,3317
vyvolána,7189
tarifní,19498
projíždí,19499
kapitole,8330
častým,6688
obranou,3519
sjezdy,16133
otřesů,6290
maršálem,19500
elán,19501
krví,6882
neměnné,19502
neúplných,13497
misce,12237
objetí,19503
vydrželi,8337
softshell,19504
panenský,11056
pořadí,19505
šipku,4020
jiny,19506
způsobený,9379
nazí,1216
přistoupil,5209
matematiku,4966
dnešku,1922
zahrádkou,830
bitu,8927
hodnotných,17699
ropných,7297
výplata,10675
náležitě,19507
neni,19508
přijdeme,2272
dosažitelné,19509
stvořené,19510
svévolně,19511
tušit,8557
náhlého,12745
seznámeni,6150
laktózu,19512
the,19513
převážnou,8464
stylech,9453
prospěl,19514
spadat,6561
byzantského,9349
původními,7818
horizont,16777
uvedením,19515
účastnilo,1584
broskví,11372
zbytečných,11522
konče,9583
cite,19516
vyskytl,11191
klíčí,19517
vědeckém,1403
podrobil,15870
kari,19518
uskutečněn,14363
nepostradatelný,17006
pozemský,1817
vysvobození,19519
zalesněná,19520
vyhlášce,10392
povedený,8705
buben,11293
budována,15712
přisedlé,19521
prodl,19522
velšského,19523
jmenoval,12224
holocaust,9036
hledačů,19524
algoritmus,13704
sebevědomí,14046
podmiňuje,19525
měděných,9162
letmo,19526
náležitosti,19527
dekretu,17790
nepíšu,19528
ekologický,4568
klonů,19529
seřazen,11768
záhonu,17973
naleznete,10045
nedokázal,7848
podělíte,16885
ofenzívu,12684
skvele,19530
vystavět,16225
výplatu,10675
vitální,19531
špatném,3942
obilí,19532
příznivou,14141
načte,18215
symptomů,19533
nebezpečný,6149
bytí,19534
sítko,19535
rozehřejeme,19536
topol,19537
komfortně,19538
consenting,19539
obsahovalo,15298
rytíři,19540
restaurant,19541
přiložit,19542
neopustí,7587
napodobuje,15541
bránu,7711
cyklistů,10492
činění,19543
odráží,19544
hroby,10007
vyvinutým,12651
vystihuje,19545
bran,7711
očekávané,17835
hodlám,19546
bezpartijní,19547
památkový,6404
letových,10023
stoupenec,19548
obsažena,14857
zbyly,10705
opláštění,19549
citační,19550
sokol,19551
slušel,19552
pochopí,9100
nosti,19553
vyřizuje,19554
úchytem,19555
příletu,19556
tříměsíční,19557
pouzder,10713
přikázání,19558
plech,7941
obecnému,13783
těhotenstvím,10265
splnění,19559
zabezpečují,19560
souhlasit,5037
následkem,17983
vzorkování,19561
scházeli,15530
zjištěná,9471
what,19562
zázračné,19563
našima,19564
narušují,14333
fázemi,3436
zachované,12334
výběžek,15964
četností,19565
skoncovat,19566
stupně,15260
zlepšují,19175
obcím,1315
provedlo,5893
ceduli,3976
dvoulůžkovém,4114
vleklé,19567
svézt,19568
zastavilo,7596
vylepší,12661
kodex,19569
doufal,8715
diskriminací,19570
ing,19571
uspořádaných,11401
inzulinu,19572
háčků,7001
příjemného,7013
podstoupit,19573
posunuli,9072
ghetta,11822
trvale,19574
dohodnou,4190
řemeny,19575
přenesou,9020
vítězem,3979
podával,10912
zaručena,11161
nestraník,19576
zrušeny,8888
pozoruhodný,6534
vypadající,19577
poprsí,19578
modulů,19579
experimentům,2284
blížit,17885
docházejí,15023
livescore,19580
šílených,5516
synonymem,11876
inspirací,7586
diference,19581
opomíjet,19582
strojům,1166
podepsali,6038
hadříkem,19583
újmy,8798
mechanických,4801
imunitu,8167
příčně,19584
bariéry,7378
nemaji,19585
pravdivý,5040
použit,12601
choti,15364
procházel,9720
spoluhráči,11938
porozumí,19586
rezervou,14496
uzly,19587
přepínačem,19588
ročních,17173
založena,12413
nádhernou,18983
román,4690
postižením,19589
iluzí,1128
rovinou,4165
zařízených,2943
pýchou,4573
sběrných,16704
bradavky,19590
stádiích,19591
sóji,14756
obdrželi,6125
zastoupen,13394
faktorech,19592
obklopena,19593
dověděl,13165
průplav,16097
systémovou,11237
přestavuje,19594
povídkách,4227
vítána,19595
vztahům,11871
živ,1978
urazit,11684
šátek,8659
libretista,19596
instant,19597
slabé,13201
souhlasil,5037
toleruje,12673
průběžnou,6257
zlikvidoval,15860
propojen,10670
podezření,19598
filozofů,15819
diplomatickou,5750
oxidy,19599
známkami,6977
tlapky,19600
paží,8831
barona,19601
vynutil,19602
prošel,12548
pracujícím,7583
zaměřen,6660
pohode,19603
zaměřují,9696
jihočeském,1321
magického,9989
proužek,7504
pravidelnými,5176
úpravám,8645
sýpka,16711
vznešené,19604
datace,19605
úlet,19606
odolávají,19607
laně,19608
vyřešen,14424
nesou,12659
oxidu,19609
uvězněni,17119
odevzdání,19610
night,19611
dobovými,3221
posledními,9493
odlišně,19612
deskách,2052
dosti,17118
kostenloser,19613
hybridním,2033
kvalifikačních,14537
zhodnotí,18699
splátkách,4285
gymplu,19614
stínů,10603
koncentrovaný,16815
utvořila,19615
mnicha,11359
ostatním,4382
žralok,12594
vykopávky,19616
stanovit,15281
platu,8429
soupeřem,6202
obsáhlou,6957
založené,12413
drželo,5695
nárok,12862
headset,19617
řekou,3448
středními,10758
hydraulický,9560
podepsán,10934
monografií,19618
každodenním,3608
venkovském,4243
vysunutí,19619
kokosové,14724
uvolňování,19620
výklenku,19621
vložili,9439
doprovodil,11413
kulatou,8201
pověřené,7233
projíždět,19499
hasičský,1583
masiv,3362
zelím,3880
obřím,1946
zátěží,9695
učíme,7431
kuponu,19622
účinku,16411
switch,19623
svatyni,5780
kolečkem,4269
kokosový,14724
otevřeném,8468
čekající,19624
parametrem,7167
magnetu,19625
pastvin,19626
pronásledováni,15802
jakémukoliv,6777
typických,8354
nedovolil,4756
uděláme,5995
kvalifikoval,4603
eliminovat,19627
volám,3193
dotčený,5697
náhodnou,10203
figurek,7919
hráček,3549
zásadních,11767
ala,19628
charakteristických,13860
klenbu,13003
prováděné,13431
performance,19629
příchozího,14258
oponenty,18197
žádní,4447
urychleně,19630
bomb,1695
zdálky,19631
nepřesná,19632
močový,12831
prožít,17509
shodně,19633
čety,5847
podstavci,19634
veškerými,6767
vodorovných,9432
porušil,5240
délka,11279
přihrávky,19635
sídelního,14338
nažky,19636
prokrvení,19637
bakalář,16436
vzpomínal,7194
pochopit,9100
prominutí,16229
pocházet,11128
schválený,13046
přineste,2353
pokutou,1419
frajer,19638
vyčnívají,14461
rekondiční,19639
pomůžeme,14410
nálety,19640
doporučené,16130
splatná,16609
bojem,7886
patrný,15699
strategicky,19641
menšímu,4253
vyjádřit,4100
způsobům,6438
provždy,19642
iniciály,19643
povedou,16350
copyright,19644
podpůrnou,16091
bodu,19645
eventuelně,19646
cukr,14612
hydroxidu,19647
příběhům,3076
podávejte,19648
kmínu,19649
půd,973
necítila,8881
optimalizovat,19650
předáním,13914
potenciální,19651
obecného,13783
kachní,19652
výživou,2257
dobrý,6917
pobývat,19653
prosby,13406
auditor,19654
dítěti,699
přípravami,4926
pověděl,14701
vysokoškolským,2561
potok,15618
bagr,13797
vojenskému,1746
krytých,10720
znít,9202
zalesněné,19520
bohatými,9697
uleví,12390
spolehlivý,7007
vzdálenostech,6036
složitějších,15140
dodatečných,8383
vyjádřením,7215
zkušeností,13643
úpravami,8645
vírou,4181
krupobití,19655
dojmu,16071
principem,13673
gotickém,4713
stykem,13769
terčem,10589
symbolizují,19656
tragických,3111
kompromisem,9330
active,19657
rolemi,3937
opravený,14049
schází,15530
minute,19658
stavů,13642
obrátil,9104
pekle,9272
síťovým,1224
důstojníkem,7632
mezní,17447
ocitl,7838
úkonu,19659
příslušníkem,9266
kalkulaci,11209
zaprvé,19660
nouzi,7041
rozběhl,17337
okrsek,19661
věřil,4854
cti,18813
presenční,19662
motorkářů,6274
pivoňka,19663
třebas,19664
chronická,18293
jezeře,2317
samozøejmì,19665
olympijským,644
dokládající,19287
noir,19666
ohromný,7579
abysme,19667
zažije,9376
zařadil,3426
složený,11356
format,19668
ustanovením,14848
umělecky,19669
intervalu,17206
daný,5531
postup,14946
nejproduktivnější,19319
zoubků,19670
kope,15878
zvláštních,10074
elastická,14364
nádrž,12489
určitou,7357
střelcem,5775
spoilery,19671
jezeru,2317
metrem,4574
dívkám,1639
centry,19672
přitahovat,17078
dite,19673
vzbuzují,18093
programovacího,17621
rohovém,2413
skola,19674
přidávat,19675
rozšířeny,3895
módními,4909
potrestání,19676
bahenní,19677
důvěru,9495
postupnou,13596
kompetencí,4525
ubodal,19678
hezkých,9256
tranzitní,19679
odlévání,19680
označené,19681
jakémukoli,7541
současným,2478
mýlil,19682
dekoltu,19683
kvalifikovat,4603
zemědělský,1752
rozumný,11732
leželo,6001
nejčastějším,6688
zlepšili,15557
řádnému,7048
zahlen,19684
takze,19685
podřízený,6872
hrudník,10248
opìt,19686
loňskému,2585
vítězných,5268
někom,8685
přijmou,5175
identické,19687
kovovou,5720
navštěvovat,12467
reading,19688
sucha,17172
otočí,6880
všeobecný,4358
nastalé,19689
nažka,19636
důsledkem,10676
převaze,10464
oteplení,19690
železného,3600
víceúčelový,5959
přímému,3974
hrobce,8179
úsměvem,9408
koleni,10010
orel,3211
termostatem,19691
tichém,4080
děťátka,17023
roztrhl,19692
základce,19693
dosažena,19694
ropa,14485
vyrovná,19060
turnaj,5444
přidané,9806
postupem,14946
vstupního,18811
zbyde,10705
překonala,19695
zamítnuta,15448
příčinách,5562
pětičetné,19696
nukleotidů,19697
sloní,19698
alpha,19699
přiděleno,8863
uvolněnou,8101
pokolení,19700
soupeř,6202
krystalu,15258
vkusně,19701
jazzu,6567
měsíčních,14632
skrytých,6741
skútru,19702
vyučován,8160
bus,19703
nespadá,19704
nejjemnější,14261
pramenech,11473
uvědomoval,7150
oklikou,19705
pružné,19706
předveden,4198
zvládat,15903
kvalitnímu,1861
spolufinancován,18796
nepřísluší,19707
nadcházejícím,8171
pozorován,14085
mld,3167
příkazového,15457
content,19708
losos,19709
pokémonů,19710
body,19645
recept,3096
fotografiím,298
nováčky,10887
pokaždý,19711
krajana,6535
unese,14574
laloku,19712
působíme,8387
skate,19713
stanem,5123
adresářů,15739
nerovnoměrně,14445
lyžařským,1379
zvířatům,514
zubech,12978
prodám,6081
zpěv,13591
ocenit,3828
doušky,19714
uvolňují,17953
konfliktních,18018
šupiny,19715
najdeme,5746
vykonával,9562
tygrů,12200
pilou,1308
usilují,13259
mitote,19716
zadané,16817
cholesterol,11417
zkrotit,19467
vodopádu,9760
zvládám,19717
smažíme,19718
vytéká,19719
nahlásit,15658
cítíme,8881
nalezne,10045
expoziční,19720
cituji,853
spolehlivosti,12185
odborníkovi,1209
zajištěno,18261
povlak,15041
dětským,504
odstaven,19721
zabýváme,4673
odsoudil,5083
surové,18631
zamířit,7509
rozhodnutá,14951
jedoucí,14478
zprostil,19722
titaničitý,19723
ztroskotala,19724
stříbro,12606
zapsaného,19327
tria,19725
spokojeného,11827
výnosu,8466
mimoúrovňové,19726
nádobou,6933
zřícenina,12844
hrozeb,2756
polykarbonát,19727
zásobami,5369
nepoužil,19728
růžovou,4327
šetrně,19729
čínským,648
památný,9322
éček,19730
vývojem,4248
tomhle,3609
tuším,8557
teplotám,2162
precizní,19731
nejasných,19732
bereme,3317
opce,19733
vinyl,19734
upozorňuji,19735
závazkům,7039
zahnutý,19736
bojujících,7132
položkou,8902
nespočet,19737
hodnocen,7227
syntézu,11811
mez,12626
reserved,19738
uváděna,13966
pozitivní,15917
neučiní,10391
compliance,19739
půjdu,3735
přidělen,8863
bungalov,19740
dokazování,19741
jihoslovanských,19742
korunách,1645
svedl,14316
mírový,7556
maximálně,19743
výjezdy,19744
postižení,5527
tyden,19745
komínem,6877
čistý,8677
neco,19746
odmítat,5907
hodní,12540
kostru,15029
posil,16379
vytvářet,8617
katalyzátor,19747
cmšířka,19748
řecký,2038
výjimku,11144
makra,19749
mírovou,7556
neodvolá,19750
odpovídajícího,19751
jed,13708
sacího,19752
myslitelů,18442
uzavřou,10338
vylepšovat,19753
splnili,9080
receptory,19754
snášet,6118
navigation,19755
stávajícímu,7925
nezbytný,19756
navštěvuje,12467
svěřen,1929
obchodních,2258
barvám,3508
řídím,6803
quattro,19757
slezských,10235
pružná,19706
ojedinělou,11070
zrcadlově,354
troufám,19758
zlikvidována,15860
básni,10491
změnit,10169
esej,8878
reader,19759
lyrické,19760
evakuovat,19761
kameniva,19762
pád,8633
počtu,19101
starším,2793
stolci,4124
ornamenty,19763
věcná,8646
popisy,17535
přebytečného,12963
červeném,6719
oplátku,19764
těží,19765
chodem,6842
opravil,13330
sportovnímu,1309
vládl,6259
beze,17788
přistoupili,5209
popravit,16539
komponentu,19766
odvodnění,19767
strategický,6581
předškolním,9123
plynulou,13383
kinobox,19768
následovníků,16310
uváděných,13966
trvaly,8981
uskutečnit,9865
mohutného,8024
empatie,19769
podporovány,6619
kyvné,19770
nemalé,4253
problemy,19771
novým,2294
nakonfigurovat,19772
odmalička,19773
maximalizovat,19774
vedena,11867
doktorátu,19775
platností,11185
href,19776
dočkalo,8702
ccm,19777
premium,19778
naftu,13112
trpíte,9170
vandalismus,19779
uzamykatelné,19780
schvaluje,18216
zavolání,19781
enzymu,19782
dospělou,1614
anti,19783
vypovězení,19784
přitažlivý,6271
dodavatelský,4399
navýšit,19785
ukončuje,19786
zatlačit,19787
kasha,19788
ubytován,18590
sbírají,15074
uměleckém,2437
jedinci,5765
primát,19789
case,19790
urovnání,19791
posmrtné,19792
solidaritu,7276
nastaveny,9370
dlouholetých,3418
zvládnu,19793
trojúhelníků,14967
střílel,14646
dar,16343
církevními,3084
minerálů,19794
katastr,7561
postupujeme,10293
vysledovat,19795
rozkládacím,19796
jaky,12317
smazána,19797
hatchback,19798
vyšetřením,7126
cyklistický,3345
přežívají,19050
netřeba,19799
prosbu,13406
zranitelné,19800
veselý,6545
spouštěcí,2050
ledových,4598
vec,19801
zdokonalit,19802
staci,19803
sbírání,19804
připravovány,2407
příkladů,15098
poškozen,6984
psychologickou,6250
vyjmenovat,19805
zast,19806
starému,2793
zřizovaných,19807
komfort,19808
tvorové,14625
abstraktního,19809
řezy,19810
manuálně,19811
nápravou,5890
pojednává,19812
průhlednou,9985
kyselou,7143
zraněného,13104
datům,5334
rozcestí,19813
oddenky,19814
havarijním,19815
sebepojetí,19816
milovaný,2712
chloroform,19817
záložník,17292
nose,9824
čestnou,5458
severně,19818
rudou,6691
krys,4378
koukněte,3101
víceletých,19819
syntaktické,19820
stačily,12592
zadáte,19821
hranolovou,19822
nádorem,7448
optimista,19823
tkané,19824
přepravních,8419
mladšímu,1204
považuji,8531
haha,19825
klášterním,6408
hormonu,11799
světech,586
batůžek,2502
ochotní,6706
indiány,17770
tenkou,3822
stromě,5327
vévodou,9174
divokou,2991
omezení,19826
kontaktech,14240
obrátí,9104
učitelem,2735
vytváří,8617
dohodnutých,14177
nebezpečnosti,19827
vybraném,4474
fotečku,19828
prázdných,10664
kemp,13072
uvádím,1772
vkládají,18360
oceněni,3828
postrádal,19829
hierarchii,8184
opustilo,7587
toto,4043
složitost,19371
nejblíž,14844
silnicí,3805
spojuje,10497
dogma,19830
hmotností,14863
živností,11242
skladbě,3223
gramatických,13069
malebnou,9775
ohněm,5673
přeju,4174
poptávek,5909
dovoluji,11466
zástavbu,6905
spolupracujících,8348
závin,19831
atlet,5221
středovou,19832
pokročilého,12553
shopping,19833
emeritní,19834
trvajícím,12570
židovských,12666
rovnocenné,19835
sólovou,14781
nezaměstnaný,13476
největš,19836
rozvine,14186
pozemkový,10764
had,13215
italiano,19837
požehnal,19838
food,19839
projdou,12548
simuluje,17210
přesně,16491
pas,19840
sídlištěm,1621
neschopný,4346
dojede,19841
hodnoceny,7227
zvládání,19842
exkurzí,5112
přísných,11933
klidném,9653
známému,2626
zapisovat,11240
redukční,19843
doručeno,9081
mouky,10884
doprovázené,17644
řetězů,10533
touhu,5968
chut,19844
branek,4953
korunovat,19845
svazem,3384
encyklopedicky,19846
zasílám,19847
podložkou,19848
soustředěna,8075
vážnými,5162
odpružení,19849
násilným,4164
sekací,19850
přesáhne,7067
ošetřování,19851
kroj,4755
odhalen,11695
přestavěno,19852
dobýt,14220
rodinných,1388
přidaných,9806
zaznamenáno,14929
naživu,19853
nechejte,3282
poděkovat,7865
jehličnaté,19854
zbraněmi,3825
upřímné,11463
feb,19855
nastávají,15358
dosazení,19856
magnetickém,4765
listech,7495
slušet,13657
krvavých,7590
too,19857
výškově,19858
vyniknout,12894
deklaruje,19859
babe,19860
štětců,13919
bojovou,4723
získané,18654
vrch,14515
úplnosti,15700
provizí,13282
předpokládal,8346
ztratíte,6339
křoví,19861
nastaven,9370
liturgickém,10013
voděodolný,15221
vzdělávacímu,2186
chladně,19862
zhoubný,17166
litry,17142
pøedevším,19863
nesrovnalostí,16197
sedmi,14738
flíček,19864
gravitační,13562
hřejivá,14110
volilo,4918
důvodům,15773
zproštění,19865
zpěvy,13591
minimum,19866
novej,19867
popisují,13440
rozkoše,19868
terénních,8953
loňskou,2585
kuskus,19869
zadává,19870
otvor,19012
trefili,16795
navštěvovala,12467
rozumějí,8951
dočasnému,11701
dovede,10951
parkovat,19871
sílící,19872
stromu,5327
zvětšila,17464
nejcennější,15923
vzešel,12650
předřadného,19873
čestným,5458
prožitku,11869
jednoduchosti,12591
osada,15536
peněžité,19874
nerez,19875
kloboukem,6128
řidičům,2529
způsoben,9379
výsledných,9814
sezonní,19876
obléci,15639
využil,4038
insolvenčních,19877
vyskytovaly,9715
kotlem,2830
brožuru,19878
mimořádnou,10628
kovaných,19879
založeného,12413
daňových,3607
zaznamenány,14929
sbohem,19880
nezískal,8212
sjíždění,19881
ztroskotání,19724
nenápadný,11742
vápna,19882
hřebenem,4621
změří,18867
bezchybný,16692
terapeuta,13931
rybího,19363
petrželkou,19883
hranatý,6375
esejů,8878
nacistický,6799
jemná,14261
slupce,5218
podráždění,19884
nepodaří,13629
sociálním,1273
jakého,12365
vyžádal,11071
současní,2478
koučem,19885
zamezení,19886
uzavřeli,10338
běhal,5717
dokončen,14441
tun,16811
rozhraním,19887
tkaní,19824
nejake,19888
obřadem,10777
chudého,7971
tragickou,3111
nevýhodu,7396
roztoků,17941
potvrdit,2155
odstraníte,9482
magnetickými,4765
kámoš,19889
obyvateli,3671
diferenciálu,19890
polesí,19891
výši,19892
poslán,19893
mail,17546
ozbrojeného,5436
navštívily,16670
partu,2664
poznejte,6667
pletené,19894
debutového,13995
lenka,19895
obchodníka,9794
přijďte,2272
filtru,10027
polojasno,19896
individuálně,19897
omezeni,8073
němý,19898
úvodem,17033
rychlostech,8423
charakterizoval,18898
drogově,19899
vracíme,12774
astmatu,19900
výraznou,10600
necelými,2838
erbu,19901
čtyřhru,19902
vstřebávání,19903
lososa,19709
vestu,10416
zasmál,19904
nedoporučuji,19905
pomerančů,6377
zobák,17853
oboře,11847
přispěl,7142
hezčí,9256
work,19906
buďme,6557
uděluje,18039
kreatin,19907
nedávný,3984
udržel,8018
vzrůstá,19908
pocta,15856
potřebuju,7255
manifest,19909
benefit,9611
maje,5944
vzniklých,7057
hrníček,6468
rozpozná,19910
dividend,3409
kvalifikovaného,16901
jedy,13708
průduchy,19911
úmrtnosti,15170
dráž,19912
obchvat,19913
datovém,1703
stale,19914
klecí,19915
poctivou,10121
populárníblížící,19916
zprostředkovateli,5879
kaktusů,10995
paragrafů,17164
kopíruje,16162
dur,19917
tématického,11724
nakažení,18142
nebudem,6557
klávesami,4937
anděly,18516
maziva,19918
zdaňovací,19919
odemykání,19920
stadiu,12383
koženého,14104
popáleniny,19921
kosterní,19922
studoval,10587
sedmnáct,19923
životech,5385
osobnímu,10342
věneček,18057
umožnil,13353
rovni,10177
právními,11731
skryt,19924
chladnou,19925
údržbou,6229
startovního,19926
lordů,19927
infekčních,15567
operacích,7576
stihl,7872
bližších,19928
vyjednávací,19929
druzích,10787
nanovo,19930
náboženský,7477
jakousi,9717
tieto,19931
vystaví,16225
paralelního,15743
vyrovnali,19060
mechanizmus,19932
trpící,19933
jistou,7524
zachováním,13959
ešení,19934
odborném,2754
usazené,19935
leštěné,19936
relativně,19937
jet,9619
zapříčinilo,13611
nějakýho,19938
lízání,19939
cítil,8881
uvolnil,6461
násilně,19940
zodpoví,19941
nádobu,6933
stehno,19942
konektorům,19943
nedávnou,3984
nedostatkem,9462
chráněny,14774
náhlé,12745
nem,19944
omyjeme,19945
jemnější,14261
zvládnout,11761
uzavřeném,8806
příklon,19946
využity,11741
chemik,19947
projects,19948
kytarista,19949
proměnlivé,16551
vynětí,19950
kolonizaci,10760
pestře,19951
zahrnovat,15841
prutu,17691
odeslána,19952
vážit,14836
šipek,4020
kohezní,19953
nějakým,1841
zásahů,9374
pramen,11473
postroje,19954
registrovaného,17613
rokle,19955
populací,695
znázorňující,19956
kvintet,19957
ušlechtilých,17809
specifických,16148
držadlem,5612
doložené,19958
úkonům,11892
bombardérů,12336
uspokojuje,19959
opírající,19960
příručkou,1958
poslat,4550
nažloutlé,19961
dodržuje,13110
mladíkovi,4307
detekci,9833
výkupné,19962
kukuřičná,14336
carte,19963
voucher,10453
policistovi,2286
křesťan,7137
jasem,8590
nesmyslných,7981
bavlněného,5910
označení,19964
insolvenčnímu,17372
směřoval,19965
širokými,6755
plodů,9337
indikátorů,15706
povolen,1745
zneužitím,13399
pěvec,3392
dosazen,19966
vrstvou,6659
střelného,6387
protažení,19967
pojišťovacích,10109
smazáno,19797
kandidátku,1339
national,18829
důmyslně,19968
šestistupňovou,19969
naučení,19970
diabetu,19971
vyústit,19972
listinou,5482
bene,19973
zdánlivá,19974
dohodlo,19975
písmeny,5734
končily,9583
matematiků,19976
vlastnostech,12377
rakousko,19977
zakládat,19118
mauzoleum,19978
árie,19979
komunitním,7287
rozkaz,12571
pěstí,12244
přebal,19980
zkrátí,10925
kapitál,19395
pochopíte,9100
toxiny,19981
zbavovat,11305
rozhodnuti,14951
povětrnostním,19982
specialistů,8147
nebezpečnými,17752
skvělém,9241
revíry,18597
krajinných,6024
úžasných,11483
značené,19983
popruhem,19984
darem,16343
instinkt,19985
bezprostředně,19986
knihovních,11241
libry,11338
dokonalou,8145
litinový,19987
chloupky,17304
chápete,5069
severozápadu,11318
vyjet,16293
jdoucí,19988
starostou,3264
pojme,15926
dvojčátka,19989
dispoziční,19990
antispamového,19991
pridala,19992
hlíny,11802
shledal,19993
kladivem,7759
pojednávají,19994
jakoukoliv,6777
uniklých,19995
skutečnostech,2558
vychoval,16726
navýší,19996
pytlíky,19997
přihlásitpřihlášení,19998
cívku,7060
příjezd,17589
theory,19999
exekučního,20000
bláznivý,3924
odvést,12043
karabiny,20001
dvere,20002
rysů,10222
zadat,14176
vyšší,2908
koleček,4269
nepravidelný,5176
nikterak,20003
zajímavým,4758
tonikum,20004
křivku,20005
nejezdí,16322
poražených,8395
spodek,14162
bohatý,9697
trestný,4663
překročí,10164
generálporučík,20006
français,20007
přehoz,20008
kovaná,20009
odvaze,10076
významnými,11479
pekáč,20010
střetla,20011
opatřena,16971
průkazu,13488
příměstských,15184
jmenuji,12224
zdrží,20012
obytnou,20013
vypracuje,14031
bombardováním,10031
mzdu,10231
zůstával,9752
dovezl,13079
integrovaných,2490
oslavil,10373
laskavé,20014
vzniklý,7057
renesančním,8404
přesuňte,4528
opet,20015
borovicového,20016
dvouletá,12686
naznačují,17276
pobírá,20017
ptačích,20018
vsítil,20019
prázdného,10664
kmín,20020
vysloužil,11430
žili,10100
rázu,16458
nejlepsi,20021
pediatr,20022
oboustranná,18450
zapomenou,7080
pohonnou,6310
totéž,7560
značně,20023
zbavil,11305
hrobě,10007
získávali,10658
juniorském,7679
prováděný,13431
založily,15435
vyčerpaný,12715
kmdo,20024
okolnímu,8851
těžší,14372
nosili,4974
okrese,11524
položce,8902
suite,20025
antologii,14542
křišťálově,20026
zářivou,6702
cas,20027
tkaninou,3864
výsadku,20028
ové,20029
motýlek,20030
určí,8600
vyvrátit,19377
plen,6288
navázala,20031
přežily,11438
polevou,20032
nošené,20033
spekulacím,10457
sítnici,10130
zeptá,8920
příznivější,14141
zkratce,11394
testosteronu,20034
vozovkou,9073
boji,7886
slovanského,6530
rozporuplné,20035
školkou,986
doménám,20036
vzduchový,3457
pleistocénu,20037
výjimečné,13509
chladič,17640
odvozený,16044
reakci,9515
zachránilo,12236
workflow,20038
vlákny,7928
prodáno,11034
získanou,18654
uvedenými,6616
mantinelu,4015
dány,5531
transfery,20039
chladným,9886
krásných,8903
zalít,20040
spadalo,16043
garant,20041
distribuovanou,20042
výslednou,9814
knižním,2798
bezodkladně,20043
strašlivé,20044
identifikátor,20045
startovní,19926
uskutečněna,14363
kosmopolitní,20046
listem,7495
specialistou,8147
mechanismu,7885
certifikátu,19089
těsně,20047
přehodit,20048
cením,7808
samostatne,20049
obešel,10635
ozvěte,3638
testovaného,20050
teoreticky,20051
účelovou,4921
neochotně,12214
rozpouštědel,20052
objektům,6553
obdržených,20053
kapičky,20054
vyrobenou,13125
toužící,20055
archeologických,7700
stoper,20056
teologii,20057
rozsahu,20058
plánuju,4168
zefektivnění,20059
výrazných,10600
prodlužuje,20060
ujme,6355
směřuje,10119
startování,20061
pročíst,20062
akumulaci,20063
vítaným,19595
obtíží,16216
vytrvalosti,18325
křemičitý,20064
neutrálních,18745
stejny,20065
zbarvuje,20066
nízkou,14520
jmenovaný,493
poctivý,10121
hod,20067
vykašlat,20068
muslimský,2759
zepředu,20069
ošetření,20070
potkám,11000
přepracoval,18243
nedokončil,20071
docela,20072
ražby,20073
jedno,4102
tímto,4043
inkluzi,20074
zachovávat,8094
pokorně,20075
zásadu,2174
znaménko,15545
jihozápadním,7602
přidají,9781
silami,9273
dilema,20076
vážném,5162
emailem,20077
kovu,17541
kurátorem,6054
ozdobnou,12238
operací,7576
investorovi,2962
zpracovány,11725
očekávaná,17835
směle,20078
zbytkem,6262
prostředníkem,14852
odstrcilikovi,20079
sólisté,17763
hlupák,20080
omezeny,7390
popraskané,20081
textilního,9842
křižníku,20082
sušený,2868
náchylnější,20083
tok,15633
hradeb,11529
oslavovat,10373
vyhlášen,8384
vydáno,14714
snést,14001
čítala,20084
funkcionářem,2633
fosfor,10781
výjezdů,20085
korálků,6574
hráčem,6171
spravována,10666
smlouvách,2398
naplněna,20086
suverénně,20087
dovoz,13536
jezdeckého,8214
nespokojí,13916
židé,20088
mocný,4972
číhá,20089
hrozen,9457
zak,20090
testováním,10068
zralé,7815
jakýmkoliv,6777
hrášek,20091
nedostupné,4517
tadeas,20092
morálně,20093
reakcí,9515
stezkách,4806
poukazuje,14847
nejlepším,11339
vévodovi,9174
ausgewählten,20094
zvítězilo,5172
větvené,20095
abstraktní,19809
rozrůstá,20096
substituční,20097
hlídkových,20098
duhovky,20099
horším,12232
stanovovat,15281
spojenců,16806
leteckém,912
nejvýchodnější,5319
řádek,11189
hlavním,2955
rýžová,17160
biologickou,6343
vážené,15489
obyč,20100
metadat,20101
ponesou,12659
termínem,10406
crash,20102
distance,20103
kořením,13454
štítku,20104
opravami,2496
detektorem,7153
výřezu,20105
předčasnému,10016
připisována,20106
vyjasnit,20107
prodlužovat,20060
vodn,20108
obecnější,13783
diagnostikovat,11553
nuly,7625
úročení,20109
dlouhými,7565
zklamaný,9317
moku,20110
dosadil,19966
poutkem,20111
výpravách,1517
stráží,4459
napíšeme,6132
organizačně,20112
nutný,17475
udržitelnou,14448
pozůstatky,15824
možných,9774
ouška,20113
postupům,14946
vnitrostátní,18229
zakázán,4853
karcinogenní,20114
pøímo,20115
pražští,1024
prken,2656
kontraindikace,20116
vyřešené,14424
modlitbu,7665
krychlových,20117
specializují,13539
pocasi,20118
zdravému,4066
levně,12225
přirozenou,12614
svérázný,20119
skútr,20120
blonde,20121
políčka,17647
povrchem,5790
vstupní,18811
působivý,12025
detoxikaci,20122
císař,11077
dopravcem,3593
nomenklatury,20123
výška,7160
ekologickými,4568
praktickou,10385
cévnatých,20124
nepočítal,3575
východem,7805
britským,339
dohodnuto,14177
keři,5361
přínos,19383
kostelíka,17876
odstrčil,20125
sites,20126
odrážet,19544
pórek,20127
oběžných,12302
zářivě,20128
kabriolet,20129
slaných,11513
chůzí,20130
životními,3324
zdatní,12536
krasne,20131
existencí,7367
razantní,20132
náběhu,20133
nepříznivé,14141
krátkodobou,17053
podobném,6116
vahou,6654
vytvářející,20134
zásob,5369
kvašení,20135
table,20136
učinilo,10391
zpracovanný,20137
rozcestník,18038
zaplacenou,10299
brno,20138
zkoumaného,6994
upraveno,10323
bratrstvo,13564
rovnováhu,6454
územími,7612
předešlý,12584
vojnu,17894
zámkem,5733
spojován,8759
vytvoříte,9257
mořského,5424
víru,4181
poddruhy,20139
nazvaného,14925
písním,1496
detekovat,20140
ležících,15655
přípustná,15075
charakter,20141
velitelské,20142
nehmotného,19269
poskytováno,7892
prokazování,20143
částic,10234
výkladový,20144
neustálý,7881
kolísá,20145
lunetami,20146
pasážích,3629
portugalském,1132
příjemnou,7013
nejhoršího,12232
vybudováním,13303
napravit,20147
instrumenty,20148
třílůžkových,20149
rázem,16458
jižním,3255
exteriér,20150
zůstatku,20151
podepsal,6038
žhavý,6670
rum,20152
zkratu,20153
úchyt,20154
chladem,10858
parkováním,4196
vhodn,20155
světovým,1297
vodopádem,9760
sejmenoval,20156
plechovce,2559
podkožní,20157
dobytka,20158
hledám,4292
zástup,18846
myšlením,8096
sebehodnocení,20159
opatřil,16971
brzké,18860
vlažné,13763
býval,5072
ohroženi,10301
předvedou,4198
válkám,588
lemuje,20160
neteří,5416
irského,3952
činidla,20161
palečky,20162
odsouzeno,5083
bezpečnou,6149
hořečnatý,20163
pozastavena,8448
pracovitý,20164
převodovek,6752
renomé,20165
uloženo,9713
podpůrných,16091
trosku,10866
důtky,20166
nejvýraznějším,10600
nucen,7720
pařížskou,5223
nature,20167
progressive,20168
zajímavém,4758
pair,20169
úcty,6826
připomínán,10476
vytáhnu,3931
řečiště,20170
obtížemi,16216
neznám,3065
uznávaného,11750
pozdravy,20171
uchránit,20172
ohnisko,8433
přihodit,20173
izolovat,14851
jediným,3936
namočíme,20174
algebry,15044
kte,20175
vaz,20176
krémů,20177
odvar,20178
předním,7951
chycen,2623
statut,20179
úrovních,9386
žalmů,20180
betonových,5938
rozpouštění,20181
starej,9451
palustris,20182
kapitálový,9288
nejnutnější,17475
jún,20183
oční,16912
duté,16942
správcem,8277
standardizaci,20184
kontrolních,9801
opodstatnění,20185
zvýhodněných,12039
zamknout,14752
registraci,8694
surrealismu,20186
hostuje,20187
medvídků,5722
porušili,5240
jazykový,5094
řídícím,6943
vyváženou,9468
projevovat,18531
zivot,20188
perem,4510
absorpce,20189
rasových,17129
konaly,13005
znatelně,20190
remizoval,20191
pozorovány,7200
zabránily,11027
příčná,20192
naplňovat,12674
zalesněných,19520
morálního,11299
jalovec,20193
překročili,10164
zavázat,4731
charismatický,20194
písemným,8185
jménech,7936
kachních,20195
pěknou,13933
obyčejným,2544
kursu,15200
tech,20196
vypočítává,20197
mali,20198
soustředil,5637
užší,8939
casto,20199
zněly,9202
fleku,10051
uvařil,6949
znal,3065
šikmo,20200
smazal,19797
nakrájené,20201
zorganizovali,9686
probojovali,20202
šarm,20203
obousměrně,20204
mňa,20205
edicí,20206
hříchu,7196
kvetoucích,16534
životem,5385
přezdívkou,19085
nesly,12659
ukázkou,3969
odkazem,9117
podobným,6116
vypršel,18449
výfuk,20207
vstřícné,7279
dosažená,19235
snesla,14001
koni,11481
chybějících,13551
shodné,16078
druha,10787
lužních,17067
vykazuje,20208
svěří,1929
neumím,9732
necelou,20209
základními,8512
používány,9631
lýtka,20210
vystavěné,16225
určitý,7357
oceněno,8693
setrvačník,20211
pojí,20212
potratů,15682
aktivum,11386
biologických,6343
potomkům,19113
mezích,12626
osobitý,6900
tahy,20213
kupu,11125
vágní,20214
obnoven,4194
zakoupeného,10909
dvorem,7774
schválená,13046
čerstvý,11100
snadnému,15623
zasazený,20215
zkvalitňování,20216
koncovce,14723
lhář,20217
komplexně,20218
napsaná,18928
předány,17001
datovým,1703
nejrychlejších,4802
známkou,6977
členovi,5547
slabý,13201
skvělých,9241
analyzuje,19103
haléřů,20219
přiloženého,15321
upuštěno,20220
zejtra,20221
náhledy,20222
jazykovými,5094
železný,3600
replikáto,20223
administrativních,17251
indikativní,20224
šrot,18961
arabského,9382
vně,20225
statisticky,20226
trubku,2714
problémová,12078
nepřežila,11438
nezávislým,682
příbuznému,10693
sjednocené,20227
transakcí,12709
jednorázovou,12281
přivede,8292
nálev,20228
ratan,20229
měkká,14817
ozdobit,15971
zábal,9268
pomohl,7493
rozrostl,19062
čištěním,8854
pocházejícími,11442
utahování,20230
vzpomínat,7194
srazilo,12964
sahá,15891
jihovýchodním,6188
book,20231
nadaný,16221
kondenzátor,20232
nátlakem,7102
přeložena,20233
dovezeme,13079
intuitivně,20234
nastavitelných,20235
soutokem,20236
čemkoliv,8794
months,20237
vyžadovány,11575
zkomplikovat,18124
pěchotní,20238
spadá,16043
vetřelci,20239
ekzémy,20240
katalyzátory,20241
alergenů,20242
vojenském,1746
application,20243
vyjížďky,20244
rybnících,13173
podporován,8119
uzavřenou,8806
uplatnit,7642
potěšen,20245
pohybují,14396
mrtvými,6881
nutričních,20246
nábř,20247
vývojářům,20248
donucen,9127
vodotiskem,20249
uzavírané,20250
víly,6923
plodu,9337
oblékl,3123
svobodný,1871
jazyku,2849
objímá,20251
lehkého,9609
možn,20252
users,20253
sušených,2868
císaři,11077
průřezového,20254
tekutinou,9093
šachový,4160
bodově,20255
domovem,413
totožná,19168
odlitky,20256
italsky,20257
postarali,8317
nárazy,15920
razí,20258
aerodynamické,20259
jejímu,9234
netriviální,20260
zavazadlového,11572
krvácení,20261
vrhli,12255
solid,20262
potápěčů,20263
universální,20264
upřesňuje,20265
povzbuzující,20266
smrtelný,14531
zasvěcených,18571
uvězněna,17119
odvážný,7972
kapelníkem,5103
šlechtici,12539
povrchní,20267
nedočkal,20268
biblického,2347
garážových,20269
freevideo,13689
zamlouvá,20270
sádry,20271
náš,2681
léčení,20272
církvích,807
standardním,6869
neodpovídají,14241
dodržováním,14386
kapaliny,17486
vyrazíme,20273
vyráběny,12708
dotkly,12017
modulem,20274
pramenící,20275
opakujte,8013
řítí,20276
rozebrána,20277
žárlí,20278
ejhle,20279
křídlo,15123
sloučil,6612
brazilském,1055
vyhlazování,20280
sériově,20281
zónou,1974
bohatě,20282
archu,12132
standardními,6869
prostých,12806
matného,18146
mnichů,11359
povoleny,1745
tmavém,6325
detoxikační,20283
setkáme,15692
světlá,8518
busem,20284
rukavic,8990
plastickou,7148
šabloně,9517
tvarovaný,11084
řádný,7048
unesli,14574
zvýšil,12703
úrokem,8713
rozmnožuje,20285
předčí,20286
bývalému,2372
freskami,20287
rolník,6093
hmyzem,13733
dlouhodobý,11216
okamžitý,13862
chlapeckými,4385
dohod,3918
rychtář,9643
chytal,7675
přesáhl,7067
obdržení,20288
písků,15025
krůčky,20289
prosazoval,6382
dechových,5489
jezdili,16322
jméně,7936
lazury,20290
lounský,20291
záleží,11726
volitelný,9684
odstavcích,8153
odbourávání,20292
srazil,12964
letadlovou,3798
stavitelů,15938
nejvzácnější,16316
městě,529
vložíte,9439
srovnal,15502
vytáčení,20293
zabitých,20294
klade,12318
příruby,20295
mocenských,14146
jehož,3617
odbočkou,7915
nadšených,8886
nepřesáhne,20296
bouřlivý,12890
lidovém,1057
žilky,20297
dobití,20298
nevyhrál,3222
lepené,20299
jejich,9234
citlivou,9038
náhodě,4696
hrádku,20300
úplnému,14161
urychlit,20301
cviku,18290
pokecat,20302
sdružením,6065
reklamací,6120
zkušený,9915
východním,5319
podzimních,8967
snímač,20303
zážitkům,6232
měkký,14817
upravuje,16762
jsouněmčina,20304
obchvatu,19913
interpretovat,18316
vytvořit,9257
chátral,20305
spadajících,17244
kontrol,3040
dynamický,5300
snížena,19066
pastýř,7771
odletět,9470
stupínek,20306
tímhle,3609
námitka,14593
klíčovými,10227
gelu,20307
vyvíjeny,4841
vyzdobit,20308
podnikla,18639
tank,2546
započalo,20309
vzrostlo,17612
spánkem,2042
setrvá,17431
obecném,13783
vyučuje,8160
velryb,4825
vtipným,2126
navštivte,16670
projektovou,4767
přeplňovaný,20310
kladnou,14598
známém,2626
emailová,20311
mobilheimů,20312
nejak,20313
dovolujeme,11466
uspořádal,3377
začnu,5894
podrobeny,15870
zadá,20314
nenásilně,20315
škrobu,16473
přiblížit,11113
převezen,20316
moučka,20317
označovat,16318
čechách,20318
pojatý,10351
udržována,10002
posudků,17811
jakýchkoliv,6777
tolika,14491
lokálně,20319
komentovanou,20320
vstoupíte,5248
stěžejních,15246
zna,20321
předkládáme,12373
vyžadovalo,11575
nástupcem,8936
přízvisko,20322
domům,892
severoamerických,8926
příruba,20323
neprodleně,20324
mramoru,18985
bojovník,11836
podaří,13629
prolomit,20325
zasahoval,4364
svatou,3860
zatykač,20326
mon,20327
citací,6547
minimalistický,20328
poddruhů,20329
engineering,20330
zakončení,20331
zakončená,17724
letého,14711
brutálně,20332
dodávkou,4121
dubu,14340
bývalým,2372
vyjdou,8551
potrubím,2993
zradil,20333
těžkou,14372
rozešli,14005
šálkem,17566
závěrečnou,6207
nároku,12862
specifikovat,20334
poklicí,20335
originálně,20336
nečistoty,18851
sila,20337
stimulační,20338
zabezpečena,20339
vyřizovat,19554
osvědčil,10690
spotřebním,3198
stoupají,10973
rozvázání,20340
evokuje,20341
světovém,1297
řadovým,10446
preventivním,8157
tělem,2513
biolog,20342
dochoval,20343
chrámových,9366
obdobný,8039
matek,2419
chirurgického,8054
aplikační,20344
zbořena,20345
morové,20346
hangár,20347
tréninkových,8857
cívek,7060
pečivem,3224
přistálo,14211
dovolil,4756
prvn,20348
znehodnocení,20349
pokory,20350
převedeny,16924
úměrná,20351
radostnou,19330
zahynul,14849
zareaguje,5155
domluvě,17700
věrohodně,20352
kalendářních,8820
dílců,20353
etiket,20354
hledisko,18397
pohyblivost,20355
přidávají,19675
přínosná,16623
třídenní,20356
chrámech,7340
zvířeti,514
prodiskutovat,7932
nymfy,20357
závan,20358
hnízdo,12519
laku,20359
patriarcha,12583
nováčci,10887
ivzez,20360
rotaci,20361
vozidlu,20362
naoko,20363
spojích,8141
nemocenském,10555
korytě,20364
vystavěli,16225
workshop,20365
vínová,20366
brankáři,13834
vráceny,19146
vzrostly,17612
náznaků,20367
břišních,15979
ventilů,20368
vyspělou,4855
zaděláno,20369
založit,15435
going,20370
tuhnutí,20371
návrší,20372
překvapivou,9553
netroufám,20373
nejjasnější,6092
nazvaném,14925
narostla,20374
ztěžuje,20375
doporučím,9693
vertikálně,20376
sklíčidlo,20377
zabezpečením,7198
psychického,10006
zhodnocení,20378
dočtete,13014
opakovaným,5763
neexistenci,7367
vyhřívaný,20379
laděných,20380
dědičnosti,12973
uspokojení,20381
splývají,20382
evoluční,20383
chrupavek,20384
procházkou,4556
kondenzátoru,20232
obhajobou,5082
kategoriemi,5915
spojenci,16806
světe,586
podán,11527
zajišťována,20385
klady,19452
dam,1406
předcházejících,17327
naplněná,20086
šílený,5516
letadly,409
dohlížel,12226
přirozených,12614
pobytů,12192
odvodňuje,20386
ohromnou,7579
předložením,11212
vazne,20387
technologickém,1927
neposkytují,7892
zaměstnavatelům,2983
posuvným,20388
bruslí,4430
najdu,5746
zázvorem,15235
cukrovou,11699
pásem,3431
rozbít,2296
nemuzu,20389
nastavený,8425
odhady,8774
zajištěná,18261
pasu,19840
substantivem,20390
stovkám,5451
případové,20391
studeného,3537
malovaný,20392
jmenovalo,12224
proroctví,20393
rekonstruována,8628
ministerským,3787
dezénu,20394
vrcholných,16721
přespání,20395
stopových,10267
protestantských,5991
vesnicemi,2237
ocelových,3018
zbývají,14887
humanismus,20396
označovaná,20397
odjíždí,17756
mletou,10518
provádí,7164
doplnění,20398
little,20399
povahu,2479
čokoládový,8751
reaguje,6652
kalendáři,2428
výchovnými,6847
svém,7991
odehrají,9286
sesazen,18509
spojí,10850
man,20400
vzešly,12650
vibrátorem,20401
dobe,20402
strukturami,4877
zhoršila,18761
skupenství,20403
zvedava,20404
hop,20405
doplňovány,15085
vymazání,20406
svržen,20407
plavat,16348
šátku,8659
markýze,20408
zdařilý,15348
sehnal,14755
prozkoumal,20409
mathbf,20410
poznámkového,20411
neméně,12740
postavený,7907
správním,3447
nadměrnému,7447
dostavili,8495
týkajícím,7186
náklad,8273
loci,20412
kritických,9916
traktu,20413
edge,20414
tečky,11902
květenstvích,20415
přijat,15507
needs,20416
zahřát,11188
panstvím,5647
dolina,12644
čtyřku,20417
dodatečnou,8383
profilu,16591
větvemi,5132
zakazující,20418
logistiku,20419
tehdejším,4232
vyřešíme,8324
bolestivých,10001
nárazu,15920
potkaly,11000
řadičů,20420
laktózy,20421
leva,20422
smečky,2904
oxidů,19609
ztrácet,10078
žádnému,4447
necelé,2838
rytmus,12458
zaplnění,20423
větných,20424
abstraktních,19809
created,20425
ochran,6901
sepsal,20426
vláhy,20427
doprovázet,11413
vyvinuly,9326
faul,20428
souběhu,20429
nálepkou,5462
alla,20430
vtisknout,20431
přeskočit,20432
vyvinutou,12651
zachraňoval,17842
psychicky,20433
hlínu,11802
vyhrazujeme,14206
obcemi,1315
pozítří,20434
vůl,18678
hrdá,20435
odsávání,20436
smetl,20437
spjata,11246
palet,15338
věrnou,5904
jednopatrová,20438
pneuservis,17335
listinu,5482
charakteristik,8237
ucelený,7373
krouží,20439
určuje,16922
opouštějí,15409
prázdnou,10664
poroste,19253
hloubku,10745
závěrům,9591
dopraven,13631
nejpřísnější,11933
malířských,4482
prudká,17902
dbejte,20440
nizozemském,1104
drsnou,7187
revíru,18597
zažil,9376
poč,20441
útokům,11340
zamířil,8781
rtg,20442
sotva,20443
reálnými,9372
zdůraznění,20444
jdoucích,19988
šikovnou,11672
bitev,3750
nejeden,20445
delegátů,3146
nedůvěry,8250
pyré,20446
komplexnější,9894
emo,20447
chránily,13015
povahou,2479
vydávali,5687
kompozitních,15108
opřít,14253
odstraněny,12761
učil,7431
přijely,10379
odpracovaných,20448
admirál,12437
výtvorem,12063
vytvořený,9716
zahynuly,14849
zaujímá,16279
skutečnou,10244
šířkou,10732
okouzlí,20449
položena,16639
zadařilo,20450
chromované,17738
křemíku,20451
čípek,9304
metodu,6742
přestupek,15803
indickém,1075
selen,20452
vysušené,20453
očkováním,12986
válečníci,7349
porodních,18100
autohifi,20454
buduje,15712
treba,20455
napojena,20456
třpytivé,20457
pátý,7325
výkonových,20458
žijících,13721
ulovit,20459
dosáhnout,10570
částečného,12915
skluzavkou,1682
přihlášení,3950
úskalí,20460
uzpůsoben,16495
bránění,20461
ceněné,20462
výjimkami,11144
organizoval,4779
zhoubných,17166
ležícího,15655
solution,20463
výsadek,20464
předhůří,20465
značení,20466
ukončených,10704
nota,16812
hybridů,17200
rozpadají,15071
extra,20467
dosadit,19966
antropolog,20468
nepřátelskou,7492
oznamují,11791
výtvarný,1917
generování,20469
hasič,3233
měřeny,7522
zámeček,17137
sklízet,20470
nepatrná,20471
zavražděna,7096
vnitřními,6703
způsobilosti,10450
porážek,4394
pletený,20472
mojí,2681
náhrdelník,11692
ubrat,20473
chudý,7971
hubený,8712
sádrové,20474
uzavíratelné,20475
paletka,20476
postupovalo,10293
souřadnic,20477
nepoužíval,9602
hustého,15381
bezmála,20478
žlutou,11759
pochybností,18381
poznává,8929
violu,20479
citováno,853
jam,13236
zbarvený,14966
zainteresovaných,11001
výměnou,8447
rezerv,14496
ozbrojenými,5436
vyzkoušíme,8681
muzikolog,20480
oleje,18999
meeting,20481
plného,14217
vyjadřoval,13746
respektována,20482
lebku,5953
vykazují,20208
zesílená,20483
mluvích,20484
jiným,1684
podnětné,20485
zřízenou,3048
stopera,20056
autovraků,20486
rapper,20487
gestapem,20488
vyhlášku,10392
nepříliš,20489
magnet,20490
zapsané,19327
ubytováni,20491
připsaly,20492
zkusím,9226
vektorového,14921
standartní,20493
pohanských,9840
odlišných,11620
raketový,9860
požadovaný,13287
dočasné,11701
uvedenému,6616
houbami,6508
jistý,7524
dědičný,5057
opakovaných,5763
zvané,17377
základy,19361
obdivovat,11171
levý,12836
ocitnete,7838
structure,20494
podloží,20495
otazník,16902
bonus,12091
podmíněně,20496
obohacuje,20497
spadají,16043
výuční,20498
vakcínu,20499
zahrnují,15841
zastavily,7596
náplni,13669
prosím,6030
setkalo,15692
balení,20500
nároků,12862
směn,4969
paradigma,20501
vsech,20502
maskou,8229
light,20503
magii,5857
dekretů,17790
ověření,20504
dálničního,9510
jmenovali,12224
smrkových,14287
konsole,20505
zanechat,12329
spravují,10666
nazývala,20506
nabízeno,8486
tlakovou,12178
tags,20507
modul,20508
etiologie,20509
jezdíme,16322
trochu,18108
baroka,9418
šířka,10732
řídká,18070
intencích,20510
nařízením,17233
řetězci,4163
priateľov,20511
maličko,11457
plnicí,20512
analytickou,7163
nezbytně,20513
zaběhla,13429
kouzlem,14521
slabého,13201
prorazit,17548
nejnovějším,2294
nezahrnují,15841
projeví,6551
šestnácti,20514
nejasnosti,20515
pasiv,11024
římští,5544
dvouletou,12686
utrpěl,9400
vybudovat,11147
konfigurací,20516
exponenciální,20517
židovského,12666
výletům,7457
zdokumentovat,20518
obnovuje,20519
kuličku,20520
nadějně,20521
pražce,20522
zesílené,20523
použitím,8191
nosím,4974
nejistý,7524
řídících,6943
neprokázal,20524
apr,20525
generátorem,10289
těsnícího,20526
psychickými,10006
slučuje,20527
nejkratší,7722
zapíše,5978
utz,20528
políčko,17647
agresivnější,16195
sloučena,6612
tloušťce,16831
nadpisů,14074
alergeny,20242
rouškou,20529
gotickou,4713
hygienický,2641
gumovými,9249
uskutečňovat,17312
těmito,4043
dodáváno,20530
španělsky,20531
nedosáhli,10570
řeším,5874
okamžitého,13862
nezletilý,10277
panují,6690
hafo,20532
upíry,20533
zdejších,8569
používanými,9631
tažného,10219
mate,19421
profilovou,20534
zvolený,3670
bezcenné,20535
otevřenou,8468
bitevních,8602
potvrdí,2155
vzorů,17354
sklářský,2744
schválit,4425
zakládal,20536
inkoustu,11280
realismus,13926
příslušnou,8095
variaci,10396
neomezeným,7390
zachovává,20537
doporučeného,16130
narušovat,18367
ztvárnili,13444
řezivo,20538
vědcem,2507
velikonočního,20539
motýly,20030
lokací,20540
přiblíží,11113
tvořící,20541
vynechat,9516
kráter,15678
hotovostí,6430
určeny,9312
zkratkou,11394
trojicí,1726
cyklů,4704
včelařů,20542
příležitostných,9749
projít,12548
weldon,20543
dosahování,20544
cizími,5699
obyvatelstvem,2947
předvést,4198
bavorském,2125
vyloučením,8924
sklizni,15380
hoc,20545
pročtěte,20062
párů,20546
vyskytovalo,20547
spojitost,12654
identifikaci,11921
jistější,7524
maximálního,20548
lidskosti,10729
stíny,10603
brázda,17470
charakteristickou,13860
vídeňských,2930
tøeba,20549
sucking,20550
předsedá,17460
sukýnka,3340
vztek,12123
padesátku,20551
sloty,12710
nejobsáhlejších,6957
metodologii,10954
snížil,9776
stoupencem,14991
přehodnotit,20552
obtížně,20553
domluva,17700
položkách,8902
táhnout,7055
vyvolá,7189
lotyšský,3321
pokusil,9413
úmluv,20554
plodnice,20555
rybou,4360
výtvarně,20556
links,20557
modrými,7766
závěrečném,6207
zajet,20558
global,20559
právníkem,2875
úchvatný,17146
neuměl,9732
vojně,17894
krmné,20560
poskytnutím,14132
novozélandský,20561
nahlásil,15658
zdržení,20562
odlišném,11620
poučil,13363
vzorovaná,20563
pošlu,4550
poprve,20564
implantátů,15103
nemaj,20565
masakr,8575
nezastihne,8988
jarní,12482
uplně,20566
zakoupením,7710
zadána,20567
stoletou,20568
pobývala,19472
rekordních,18490
tutéž,7560
posty,7395
poutník,9931
knedlíkem,7995
řekněme,13087
přicházelo,10433
barákem,4464
vystavují,18788
agregátů,8879
hezky,20569
cenného,15923
šestnáct,20514
zeptat,8920
objasnění,20570
biopsie,20571
dostupnostks,3460
dvoukolově,20572
plamen,11973
patřím,6209
převodníku,20573
hvězdný,5352
potížemi,12420
konkrétnímu,6919
porostou,20574
polsky,20575
niečo,20576
špičaté,20577
motorovém,2716
vykonali,20578
poptat,20579
môžu,20580
kvádrů,20581
skákání,20582
odrazem,13483
sebedůvěry,20583
rozvahy,18134
oblíben,20584
centimetry,6764
ošetřené,20585
uvedeno,6616
horském,2368
nalezena,15766
součtu,20586
sekcích,1713
pamatoval,7083
zálivku,20587
zbraním,3825
zkušenostech,13643
světci,2123
sněhových,12343
skutečnými,10244
pěkně,20588
skalnaté,20589
nádrží,12489
splatností,12140
řadíme,14023
rostl,12340
získalo,8212
bylinný,9758
vybudováno,11147
kupuji,4883
koronární,20590
výzvám,3666
skrývat,18692
najemno,20591
odbočení,20592
sladkých,6888
těžkosti,20593
žáru,20594
určují,16922
potratu,15682
obývané,20595
poskytnuto,7717
bolestivost,20596
vrhne,12255
zápisech,15102
meziročním,17927
citrusy,20597
zamítnutí,15448
kompenzuje,20598
alokace,20599
investičními,5854
zpřístupněny,9708
plynně,20600
inzerujete,20601
dietou,2166
politickým,758
rámců,5392
bukového,13515
výborem,8675
materiálového,20602
jubileum,11577
profil,16591
lecitin,20603
pochybuje,14391
kódechv,20604
pilně,20605
důkladném,16532
bezproblémově,20606
zručnost,20607
vstřebává,20608
exemplář,11500
prostá,12806
dvorec,20609
nenošené,20610
přílivu,20611
hradby,11529
telefonním,1912
kinetické,20612
aktivním,3963
čárkami,7464
kliku,7787
přesunovat,4528
droždí,20613
vzdor,20614
neznámým,2626
moll,20615
sedlák,5125
neúspěchem,10805
vzorku,15357
vykouzlit,20616
otvírá,20617
panem,12677
porovnávací,20618
pověřuje,20619
vysokými,2908
teček,11902
obrys,11135
ego,20620
vzorované,20621
půdních,15526
podanou,11527
přílišnou,9108
nálezu,18959
kiwi,20622
vypada,20623
hebrejského,20624
markets,20625
předpověděl,18236
čilý,20626
absolutního,17183
narušen,12258
růžový,4327
reálných,9372
chovali,10447
konečných,7637
ochotou,9033
vymezeného,16252
zasíláme,20627
fregata,12199
gang,11044
message,20628
article,20629
jižněji,18242
pronásleduje,15802
ověřena,14661
zvládnete,11761
korekcí,20630
svému,7991
křižovatek,7904
there,20631
jednotně,20632
zpracovatel,15425
sepsána,20633
srdci,5289
žádnými,4447
modliteb,7665
důkazů,13726
zvládly,20634
předurčuje,20635
plantáží,20636
kožní,13502
pomocného,12557
vyhlížející,20637
kombinují,14136
dokončeno,14441
společenskými,2737
rozpáleném,6275
sezonách,20638
farem,12559
číslicemi,12486
komplikovaných,15213
dávkami,6856
držíte,5695
organizovaných,10523
vzděláváním,20639
betonový,5938
upsal,20640
růžového,4327
lidma,639
inspirující,20641
hladiny,15608
projděte,12548
dosahovala,20642
obsáhlém,6957
nepravidelných,13312
nástupců,8936
pokračujeme,8380
tendencí,7558
rizikového,8614
vyměněn,20643
tělové,19198
výčtu,20644
lhůtách,4868
staveništi,8010
kořenů,17090
pánvi,4498
tukové,20645
nechávám,6996
rukama,3664
získával,10658
narostl,20646
podrobit,15870
velikonoční,20539
přemístěna,12000
nesetkali,15692
nejznámějším,2626
dobrodružstvích,8762
vibrační,20647
upír,20648
osvědčily,10690
pasy,19840
rudy,6691
ingredienci,20649
trojské,20650
pohodlným,3244
talentem,3613
předsudky,17714
hrdlo,18610
stejnojmenném,753
volném,9237
metly,17539
minimálně,20651
tloušťkou,16831
řeckokatolický,7358
zralost,20652
vašem,20653
ohraničená,20654
ovládán,4351
vosy,20655
odpočtu,20656
modlitbou,7665
šlechticů,12539
parking,20657
terapeutických,17732
bezpodmínečně,20658
onemocněních,9843
ukázkový,18719
princem,7119
plodech,9337
nevyhovujících,20659
raného,16357
islandský,7114
excelence,20660
prachové,18388
velkokníže,20661
wikipedisty,12700
jezuitský,3744
mírnější,18402
charge,20662
mop,20663
kritický,9916
kontaktním,8193
vţdy,20664
zvýraznění,20665
označuje,16318
starostovi,3264
sloučen,6612
reprezentativním,7408
kyslíkem,11290
pověřenců,7233
platpředevčírem,20666
dřevní,20667
soudcem,4357
kyseliny,17813
shrnutí,20668
šetrnou,8984
vyústil,19972
bříškem,14015
zodpovíme,20669
kostelu,2560
soustružení,20670
oplocený,20671
povolené,1745
odpůrcům,20672
měsícůtyp,20673
zvednutí,20674
sochařů,12272
možnostem,4790
dynamickou,5300
arbitrážní,20675
sňatku,20676
sýru,5583
bariérou,7378
vèetnì,20677
vystaveny,11426
obranných,9866
třídními,9649
nez,20678
narazí,17667
zvýšené,18505
naráží,20679
zavedeny,6674
vyrovnávají,20680
šachovnici,10243
útulně,20681
závěrek,2360
objednám,2455
totožného,19168
uznávaný,11750
uprchnout,12760
usmála,12240
tloušťka,16831
vystihnout,20682
pošlete,4550
pochopitelný,6806
podržet,5695
ryze,20683
přeložený,20684
tonerů,20685
puvodni,20686
prohloubení,20687
unixových,20688
doménových,20689
botky,20690
předhradí,20691
doporučováno,9691
naprosto,20692
antukových,20693
adres,3074
musi,20694
rekreačního,16917
ovu,20695
nesetkala,15692
městys,3137
nadmořská,18085
skúste,20696
vyplňovat,17760
friendly,20697
šlechtický,4601
expresionismu,20698
kožešin,7101
max,20699
náhradou,11593
posilou,10899
nadchnou,11830
němečtí,1666
rizik,11941
organickou,11545
přidělil,19216
vzácnější,16316
kapslí,20700
uličkami,5530
nevlastním,20701
mazu,20702
křesťanům,7137
lípu,3522
nejtěžší,14372
okruhem,6240
měnil,9528
rohů,7144
trojúhelník,14967
nácvik,15432
léčebných,8740
vyvěrá,20703
zraněn,13104
registrovat,14839
vícero,20704
básničku,10647
vyzrazení,20705
revizní,20706
soustřeďují,17091
puškou,2813
syntezátor,20707
zrychlit,18679
souhlasím,5037
bývalou,2372
patogenní,20708
pejsků,6349
blatníku,17495
vest,10416
recenzemi,7484
solidní,20709
aktualizuje,15997
družičku,16028
vztahem,11871
citrusů,20597
psal,9347
skále,9742
nebojím,8215
nespokojený,11827
neinvestičních,20710
zlepšení,20711
vzdušnou,5896
stud,20712
zavraždil,7096
přednostmi,4453
klesnout,11756
excurrendo,20713
tka,20714
narůstá,20715
akumulace,20716
snídaněmi,1338
promyšleně,20717
zvyšováním,13439
kundičku,20718
vyvážit,20719
potvrzením,16156
překlep,20720
rendys,20721
dovednostem,15126
slavném,1212
odběru,17437
opasku,10872
monografii,7664
vegetaci,6868
spotřebovat,4522
úlevy,9778
bandáž,20722
dlouhou,7565
proteinu,15427
typickými,8354
pohledem,13576
pol,4148
ubývá,20723
patřili,6209
hrazené,17148
projevil,6551
prémii,12459
torpédomety,20724
klidný,9653
určitému,7357
head,20725
nacistickým,6799
neočekávaně,20726
zdivo,18195
zaslán,4593
skutek,14417
výsadbou,8651
netradičním,3163
inzulínu,20727
doložil,13409
zvolíte,10077
dílce,20353
nabírá,20728
vládcem,9903
bezpečný,6149
tvořeny,17114
krůček,20289
měn,5287
environmentálního,15896
transporty,16040
vyvést,15814
roztroušeně,20729
vystačit,19000
všemi,4183
chopil,11193
řádným,7048
konečném,7637
laminát,20730
úhradou,20731
panenek,10144
mlynář,20732
vruty,20733
neskutečně,20734
zablokovat,9648
crazy,20735
tříkrálová,20736
nacházet,14904
záhon,17973
napájen,7432
jeste,20737
nepřidá,20738
specifikací,4127
republikáni,9996
hraji,2873
binárních,11635
naznačeno,20739
omlouváme,3794
vesnicí,2237
vyřizujeme,19554
nejdéle,12795
zlem,12628
full,20740
odstraněn,12761
smrtelnou,14531
zachovalá,20741
mimořádný,10628
kočárkům,5014
definované,17364
korek,20742
nejtvrdší,11519
pocity,18127
zranitelnosti,20743
dědiců,14629
esejista,20744
čárových,20745
rodokmenu,20746
vyrostly,15632
komplex,10631
jmenovité,20747
lehkostí,18101
vyzívám,20748
lžičku,13075
malbou,1944
líčením,14842
nazvali,14081
manganu,12286
motýlů,20030
generované,20749
ověřeno,14661
věky,14472
utáhnout,20750
stávalo,11591
lithia,12524
vylepšenou,12661
dvanácti,14507
skladbách,3223
vzniknou,7645
rezoluci,9977
doom,20751
člověče,639
anglicky,20752
nastartuje,16669
osvědčený,7181
kamaradku,20753
provádíme,7164
krásnou,8903
daňovými,3607
nezůstal,6695
kolonii,13064
vžil,20754
taxa,20755
polovinou,4148
roštem,4555
srovnává,12380
vrozená,20756
systematického,14685
rostlinného,5205
človek,20757
akcím,2144
kruhovém,5337
musim,20758
skuteční,10244
rubové,20759
nezakrývá,20760
zklamáním,14399
náplasti,17582
luxusními,13089
deklarované,20761
převodů,12864
vhazování,20762
oblastem,4199
vpadl,20763
vytvořených,9716
abecedu,1323
featuring,20764
žijícími,20765
ucpání,20766
posílal,6631
nadhledem,20767
pusinky,20768
vhodným,6151
džbán,20769
zdrojových,4499
zakladatelem,6730
odpruženou,20770
press,20771
privátním,2926
měřítek,11412
povoluje,20772
rozpadlo,16074
odešle,15825
odesláním,15566
vědeckým,1403
mlýnek,9639
spjatý,11246
určení,20773
očekávaného,17835
záštitu,10159
úderu,17266
stuhu,12617
vývarem,20774
éterické,20775
tvářích,619
věnuji,5581
tomto,4043
polévku,5278
košíčků,20776
pouhé,11894
uzavřeno,8806
nalijte,20777
narukoval,20778
skořicí,9078
důkladnou,16532
keramický,6661
doprovodný,6315
věhlas,20779
eventuální,20780
žilách,20781
snížené,19066
devíti,12478
severovýchodně,20782
opeření,20783
příznivě,14209
jedete,9619
doporučuji,9691
interakcí,6737
rudého,6611
porozumět,19586
spletl,20784
odpuštění,20785
náchylná,20083
přejděte,5230
lepšími,14853
pachu,14022
úlevu,9778
neváhejte,20786
stoupající,20787
řezníci,18415
padnoucí,20788
svítání,20789
česky,20790
standardům,8356
dobrodružstvím,8762
developer,18209
základnou,4567
výstražných,11754
vyznavači,11232
provedena,13965
verš,15823
stéká,20791
poklesu,20792
zápisem,15102
ramenem,5981
protein,15427
propuštěni,12287
ohraničení,20654
supersportech,20793
poukaz,10812
čiré,20794
hledej,4292
celoroční,14106
jaterních,13264
nadporučík,20795
obsazený,7757
tlačné,20796
works,20797
realizovány,3687
přihlédnout,20798
čistou,8677
nepřežil,11438
zamilovaný,8750
výstavních,13620
silnějšího,9786
obejít,10635
majetkových,12472
cítím,8881
srub,20799
zachovaných,12334
odpálil,20800
nejsevernější,5965
úrokových,10830
vděčí,20801
pláty,20802
prost,12806
srážek,18063
severozápadním,4987
květní,20803
protektor,20804
vráceno,5518
povlakem,15041
figurku,7919
vyvozovat,20805
ušetřili,6162
etapou,6896
genetiku,7397
houbách,6508
maybe,20806
zbavte,11305
navození,20807
vyplacení,20808
přijmout,5175
membránu,7423
vysušení,20453
rytířů,19540
kmenového,10674
vonných,15826
hodinářském,20809
rostlinnými,5205
sedanu,20810
prosit,6030
šablonu,9517
postupové,20811
ponořit,14112
koncernem,4274
hraběnka,7986
prodloužený,11385
znevýhodněných,16420
trial,20812
vertikálních,10688
knowledge,20813
cartridge,20814
rozumem,12356
rozhodovalo,5419
přiblížení,20815
boha,9209
kšeft,20816
odvede,12043
přílohou,6017
následný,9710
konají,13005
reliéfní,20817
hrůzné,20818
obchůdku,20819
ještěr,20820
mířil,7509
pozdìji,20821
podšívka,20822
ovlivnilo,9132
materiálních,15341
zeť,14840
pohybovou,3389
převodem,12864
zasažení,11267
vratná,20823
úplného,14161
rostlinný,5205
vylíčil,20824
truhláři,6112
půdního,15526
královský,3031
jaké,12365
rozcestníky,18038
vydány,14714
vyrostli,15632
napomáhají,20825
vložena,15882
vůní,5947
vydělané,20826
vrcholů,11666
typem,6825
celkovou,13802
vklad,15855
elánu,20827
horský,2368
příslibem,17597
garantem,20041
kusů,6653
lehčí,9609
datován,20828
významný,11479
přesuny,11865
transplantací,2290
pánevního,20829
předvídat,20830
působili,8387
potu,20831
zalíbení,20832
ocelovou,3018
učilišti,3731
vyhledejte,11749
logistického,12746
hereckým,1011
ošetřujícího,20833
složení,20834
jednoznačný,10530
zateplený,20835
jehlu,5507
nejdelším,7565
nezní,9202
hodinkám,666
stylových,4343
stezku,4806
častou,6688
nasekáme,20836
zesiluje,20837
navštěvovalo,12467
zvykat,20838
třísky,20839
překvapen,7061
klasifikována,18247
books,20840
odkázal,11441
implementována,20841
zdědili,17557
protikladu,16705
rukojetí,6482
vcelku,20842
zvýšeného,18505
zvládne,11761
cílům,5550
jehličnatých,19854
kterýho,20843
onemocní,18086
bledě,20844
baskytaru,20845
spoustou,2823
procesních,20846
věcně,20847
chlapeček,17808
poradenstvím,12564
soudům,774
lodičky,20848
paletě,15338
zpaměti,20849
vzory,17354
prováděn,20850
baziliku,20851
ohniskovou,20852
necítím,20853
protiklad,16705
shop,20854
pětiletou,7992
získal,8212
slámy,15977
pověřen,7233
zasnoubení,20855
maďarsky,20856
pracné,20857
čtverec,8839
polích,15013
doporučujeme,9691
pískovišti,3316
zadáváním,20858
podělila,16885
kantonů,15753
inicioval,20859
jízdními,6305
udělené,20860
pohodlím,20861
rezervovat,20862
zářící,20863
vyrazily,7573
stáčení,20864
reverty,20865
zřejmá,10903
přestavbu,3708
potýkal,20866
naturální,20867
liniemi,2062
odměnou,12144
přívoz,9469
uvedu,582
zůstavitele,20868
uvedeném,6616
maxima,17516
podlažích,14089
odloučené,16260
evidována,12177
dochovaly,20869
přihodí,20173
takovými,3536
amp,20870
neumíme,9732
dalsi,20871
obvodovou,11243
úžasně,20872
nutno,17475
disponibilních,20873
evidují,20874
vymezenou,16252
krajních,17726
nunacek,20875
tihla,20876
nepřekročí,10164
kyselý,7143
zkontrolovali,8726
rosa,20877
přezkumu,20878
pokrytý,11907
skriptů,20879
utkalo,9956
zacházet,14689
titulární,20880
potkalo,11000
výkonnostních,20881
kloubní,20882
neprávem,20883
popudu,11493
kopců,6367
velkoryse,20884
ostrově,2948
vyhnanství,20885
naskladňujeme,20886
bezpočet,20887
překážku,8465
obranný,9866
akciových,3007
scedíme,20888
pozemkových,10764
seznamem,9940
nenáročnou,5642
nejmenším,4253
velkostatkářskou,20889
bakteriálních,20890
běhounu,20891
odeslal,20892
sousedících,8880
předložených,12087
pohřben,20893
nejel,9619
výprodej,17812
třemi,8989
výrazného,10600
zdokonalení,20894
zúčtovací,20895
přeměnit,20896
zorientovat,20897
vybudovány,11147
zahrnul,17951
skripty,20898
snít,13223
kongres,11525
každodenními,3608
popálení,20899
kapotou,20900
komentářem,4609
hostinu,5042
viskózy,20901
souzen,5256
třetími,8595
získáváte,10658
tvého,20653
vrstvu,6659
semeny,6596
žádaný,10970
vypracována,20902
zatáček,13604
potížím,12420
uvolněním,16096
podnos,20903
mořských,5424
navrátit,20904
dávek,6856
vyhlídku,4300
založených,12413
odhadována,20905
tvrdosti,20906
nevyskytují,9715
smíšená,20907
vysazen,11660
mezilidském,13395
pátral,13401
podivných,8947
bilionu,20908
skrytě,20909
řidičského,16597
vodičem,10321
klesat,8150
jednotlivě,20910
ritu,20911
dispozic,6238
vyrobeno,13125
jehel,5507
entomolog,20912
doufat,8715
zvažte,16570
textilních,9842
tragický,3111
civilním,8104
potápět,20913
změněna,12103
zkrácen,10925
dráždění,20914
toxicita,20915
mistrem,6774
mletých,10518
výsadkových,20916
klenbami,13003
zmiňováno,12630
tiskopis,9605
posiluje,13422
podobají,10918
přidáte,9781
vysídlení,20917
ženskosti,17505
symbolicky,20918
zhoršilo,18761
prožíval,13441
výdejní,14084
dopadu,17408
blízkým,4865
kopírována,16162
číslování,20919
ilustrací,4657
cizinec,10851
okrasný,20920
proteiny,15427
sjet,20921
opotřebení,20922
krátkém,7722
pozdního,19355
úspěšnou,5386
sbírá,15074
choreograf,20923
sekundárně,20924
míčků,20925
kanón,15858
belgickém,980
léčivo,10211
vzdy,20926
integrován,14474
vrstvami,6659
shrnul,14706
přírodními,12992
vyčleněno,20927
udávaná,20928
mimosezóna,20929
přestupcích,15803
hladinu,15608
výtečné,20930
rané,16357
přivítat,6051
kov,17541
vyvolaný,15134
kapři,7475
vědomím,5727
jednoruční,20931
vážila,14836
opadavé,20932
report,20933
vyvrcholil,16192
považovat,8531
učebnímu,4680
rýsuje,20934
hlubší,18482
sekundárního,15588
nestačil,12592
adapter,20935
procesní,20846
zpracovaný,11725
víz,17241
sim,20936
suchem,17172
uzavřena,8806
vyhlazení,20937
usnadnění,20938
vymyká,20939
laskavě,20940
agresivitu,7763
přistávací,20941
tělesně,20942
vymezené,16252
čolek,20943
denne,20944
válců,19437
oprávněný,5933
generálů,6540
bílí,5806
příkaz,13716
upravili,6818
lávovými,20945
nutná,17475
čerstvém,11100
strýci,13632
stech,9754
výložky,20946
rozmnožují,20947
komplikuje,20948
touhou,5968
zaměňuje,17987
stejnými,7235
pouhou,11894
zformovala,20949
uvidim,20950
přídavného,9135
exemplářů,11500
conditions,20951
motýla,20030
robotům,6189
dobre,20952
hloubkách,10745
zablokovali,9648
obklopená,18569
klany,20953
zkrat,20153
přijímány,6354
blízkou,4865
křídlech,15123
výživný,11899
návrat,14008
pečování,18752
spojkou,5029
basu,11320
obsahuje,15298
příklepu,20954
záložce,20955
učeň,20956
maskách,8229
lahodný,16020
americkým,401
poháněna,13074
pevnost,20957
napojit,20456
osvojit,20958
not,16812
marná,16035
vosky,20959
růžovými,4327
kedy,20960
hrubé,16595
èíslo,20961
prodejních,14295
háček,7001
celkových,13802
křídle,15123
středověkém,9343
přírodovědného,7443
latexu,20962
vyjede,16293
užitečný,12338
souhvězdí,20963
osolte,20964
dvojnásobnou,11673
důvěrou,9495
průjezd,17850
shopu,20965
čítá,20966
máchání,20967
náchylnost,20968
temného,3795
destiček,20969
nocí,3219
chýlí,20970
spokojený,11827
šedých,8846
kamennou,9012
zkonstruován,13839
náhradními,11341
tvar,14833
vysvětlí,9195
věnováno,6601
patogeny,20971
tempem,20972
ověřených,11499
totalitním,2356
italském,1776
vrcholům,11666
centimetr,6764
zarážky,20973
administrator,20974
vyhýbají,7352
alternativním,7374
vozidly,1217
ilustruje,18064
garažévých,20975
zničeno,8668
navrženým,13038
klam,19302
zmáčknutí,20976
zachovávají,20537
odolnost,20977
jdete,3735
ste,6557
překládat,20233
fleků,10051
nejmenšího,4253
nepředstavují,3512
som,20978
zadávacím,20979
posílení,20980
pátým,7325
překonán,19695
památkám,4189
útočiště,20981
kladeny,18480
dvojnásobek,20982
rytmy,12458
oproti,20983
rozumí,8951
diagnostiku,20984
klíny,20985
markýz,20986
pojďme,3735
temnější,3795
ptákům,5591
pruského,6154
odlišnou,11620
navrhl,5736
věžích,1062
prahy,11864
nádech,20987
rámečkem,20988
významnou,11479
poradenský,2078
kávových,7483
svrchní,20989
medvědí,20990
přezdívka,19085
zapečené,20991
interdisciplinární,20992
doliny,12644
nádherného,18983
popravených,16796
opadavý,20993
policistou,2286
dobì,20994
hrazeno,7217
svazcích,9183
útěkem,11689
znamenalo,9281
vydařil,20995
usedlostí,11451
turba,20996
původu,20997
sekvenční,20998
dokázal,7848
vzdělávacími,2186
rezonanční,20999
vyhodnotit,16147
pravidlo,7976
uplatnění,21000
compile,21001
nacházelo,14904
zmapování,19485
vytvoří,9257
protáhne,21002
zjednodušeně,21003
harfa,21004
stoupat,10973
psychosociální,21005
matriční,21006
nese,12659
tou,6459
post,7395
takovýho,3536
sestával,14020
důvodech,15773
silikonovou,10481
obratle,21007
strojkem,21008
specifickou,16148
integruje,14474
nevyznám,21009
materiálové,20602
anamnéze,21010
existoval,8896
umožňovala,15897
předchůdci,15247
diferenciál,19581
medové,15744
nečekaného,13020
mechu,21011
vzácného,16316
celostátně,21012
zvětšený,18269
objevené,21013
vyjednávat,18352
rozšiřte,6025
instruktorů,21014
pohybovaly,14396
měří,7522
dlouhém,7565
upřímnou,11463
chemickými,2127
podla,21015
dómu,21016
jezírek,6621
nadržený,14595
metalíza,21017
instruktor,21018
kočičích,10744
řádných,7048
podporujeme,6619
předán,17001
obsadil,5621
vyznat,21019
dekorativních,10311
pohlavnímu,16062
posílejte,6631
nárazníku,16826
membráně,7423
osídlené,21020
pravidlem,7976
takovému,3536
svisle,21021
neopakovatelné,21022
odčítání,21023
prudké,17902
poškozeným,6984
nastudovat,10587
citrusové,21024
vetsinou,21025
namíchat,14171
výsměch,21026
vystaveno,11426
pyramid,4761
zodpovídá,18599
soubojů,3388
mužstvu,4162
veslař,21027
hrajících,10572
logickou,7157
nižšího,14520
indiánského,17382
ambra,21028
předchází,12105
ohrožen,10301
určitými,7357
šikovní,11672
univerzálních,10513
kalibru,21029
bodě,19645
uacute,21030
obíhá,21031
nedostatečnost,21032
nalezišť,21033
chováním,13296
cast,21034
prenájmy,21035
hladový,7691
patě,17480
zajali,21036
kůží,8627
poprosit,6030
povolit,12993
zač,7387
tuberkulózu,12558
kovářství,21037
jedenáctý,7456
ochranou,6901
paletou,15338
soutěžním,6824
smrtelných,14531
exponovaných,21038
ovulaci,21039
ješte,21040
náhradníků,18379
stabilních,11222
aspektu,4847
vyskytující,21041
tercie,21042
potenciálně,21043
nastínil,21044
motocyklem,5043
udělil,10654
vepředu,21045
hýčkání,21046
mìsto,21047
usazování,21048
citovaných,11803
záporné,14747
prsy,5582
katastrofální,21049
včasné,17636
šikmou,11307
různorodý,4320
draze,21050
dni,8036
alkaloidy,21051
úpravou,8645
perfektní,21052
východiska,13219
detoxikace,21053
slavili,11870
vyjádří,4100
mezinárodnímu,7388
oslavují,21054
mnohý,5066
vysoce,21055
zabalený,14312
vyhnán,11452
činidlo,21056
chápáno,15889
bezpečí,21057
cem,21058
postaráme,8317
označovalo,16318
níže,21059
provozně,21060
použitelného,15933
stráni,6795
cvičiště,21061
plynovým,1360
důležitými,7182
oslavit,10373
udržitelnému,14448
gumičkou,21062
předvedl,4198
tuší,21063
obrázkem,5140
červeně,21064
sloupce,21065
prohraje,5860
nepřátelských,7492
naučte,10817
převoz,15561
tis,21066
spádové,21067
podmětu,13334
ukryl,15139
krátkodobý,17053
pojmout,15926
určenému,9312
fashion,21068
letadlových,3798
styků,13769
nakoupím,1238
stehna,19942
vztahuje,18492
vybudovali,11147
optimismem,21069
zván,7410
věžemi,1062
rychlostních,18687
vespod,21070
gramáž,21071
analogicky,21072
činila,21073
mýlí,19682
jód,21074
podnikatelském,1905
chápat,5069
pilotem,5844
nepravidelnou,13312
prenájmu,21075
advent,6328
akumulační,21076
koncovému,2115
dotáhnout,21077
hravý,10255
vařených,11198
plníme,5908
čtrnácti,16891
podívejme,6217
pekelně,21078
širšímu,6755
naprostou,9325
převažují,15829
výkresu,5941
sodný,21079
jediném,3936
zbavíme,11305
referenčního,18493
trávil,1952
protějším,21080
dostát,21081
požadovanou,13287
rozvíjejí,14280
cement,15754
otroků,12790
rovnici,6931
centrem,779
zachrání,12236
hvězdičkami,4491
převod,12864
okrasných,21082
čerpáním,21083
kořenového,16026
dovodit,21084
opravte,13330
počítáno,3575
takzvaných,7849
dochovalo,21085
tucet,21086
převézt,17156
zdokonalil,21087
paprikou,968
překladatelem,11053
zbavena,11305
čárkou,7464
uloženou,9713
přízí,9527
zlata,16361
táboru,9884
začleněna,21088
neúčinné,10097
totožný,19168
řadit,14023
brand,21089
nenachází,14904
opíral,18464
výhodě,4857
doplatil,16047
now,21090
háčkem,7001
dokládají,19287
atributy,21091
epos,18192
představeným,6372
úder,17266
opravili,13330
příbalová,21092
závitky,21093
pirát,4803
vlastne,21094
málokterý,21095
tábor,9884
hnědého,12620
započata,21096
dobrovolnou,10246
vyslovil,7985
inovovaných,21097
předurčen,21098
tichý,4080
listinách,5482
navštívil,16670
dostáváme,5404
výztuží,21099
stavím,7109
úplný,14161
atributů,21100
nízkými,14520
srovnávat,12380
dosaženého,19235
neustálým,7881
odstraníme,9482
technickému,2025
platové,21101
struny,21102
zamiloval,15388
plugin,21103
mechanickými,4801
spojený,9667
absolventům,12492
chronologicky,21104
kolonky,21105
výměnnými,15256
pahýl,21106
vyrazili,7573
poruší,5240
speciálním,6368
slíbí,5573
tvořilo,8507
rozloha,9566
odstavci,8153
dovedl,10951
větš,21107
cizímu,5699
úctě,6826
pohybuje,14396
objemem,17020
rozpuštěna,12173
dlani,16851
udržují,10002
doplňujících,19379
melír,21108
obzvlášť,21109
vyvstává,21110
vyměřovacího,21111
vyřízena,14580
použijí,8961
vyrazil,7573
zaměřeno,6660
mísí,21112
odstranit,9482
dědictvím,6300
rychlejšímu,4802
okouzlující,21113
píšeme,9347
duchu,13655
početně,21114
tvořeného,17114
většímu,2604
vodítku,5930
statutu,20179
kandidátům,2852
chudým,7971
válcovou,21115
prožíváme,13441
dildo,9222
horšímu,12232
květované,21116
křesťanští,1884
regenerační,21117
rybník,13173
obratnost,21118
očistit,21119
zpracovaných,11725
žaludkem,9680
zúčastňují,21120
nezaměstnaností,9885
course,21121
pohyb,9141
betonu,18776
výraz,6462
vydaného,14714
vozům,3618
mešitu,6464
ransomware,21122
rázně,21123
střelbu,4439
horizontálních,10325
pohybový,3389
citlivě,21124
zlom,13387
závoj,18979
očekáváme,5633
mouku,10884
africkém,1587
znalostech,8286
interním,7078
fúzí,3667
cenových,4505
intuici,21125
připravíte,1312
upravíte,6818
brankami,4953
příkon,21126
nepohodlí,21127
podíleli,6726
použito,12601
bakalářský,6909
asymetrický,10442
obdrželo,6125
účtové,13506
vyskočil,7603
chápal,5069
průtahů,21128
skot,21129
věrně,21130
opírá,18464
patřičně,21131
květnový,7772
pocitu,18127
atak,21132
skokan,21133
obsahem,4702
empirické,21134
nezávadný,9603
manažerem,1973
označovaly,16318
poranil,21135
legislativně,21136
vynikají,21137
přihlášením,3950
oblíbíte,21138
podpořených,19149
kaplí,3566
zmatky,17907
tradičnímu,3163
startovalo,7644
olejový,10454
nezakládá,19118
magnetický,4765
vyžádejte,11071
nemovitostmi,4333
zasazuje,21139
zbroje,14170
čaroděj,6967
ozdobíme,15971
ledy,4670
odstraňovat,21140
závidím,18235
epitelu,21141
průměrných,14205
aktuálnědostupné,21142
insurance,21143
šťastný,11021
provázanost,21144
smazány,19797
citovat,853
přijati,15507
přeletu,21145
bydlel,9986
přetrvávat,21146
words,21147
nemocnou,21148
does,21149
podvodník,11265
spočítat,15317
dokonalý,8145
vědou,635
vykládá,14236
spermií,11261
provizorních,13083
podávaný,15055
dokončená,14441
mohutnější,8024
řešený,15808
jevit,17607
břity,21150
zajištěných,18261
tipovací,21151
otevřením,15763
vyrůstat,12300
košíku,19032
náležela,17084
aktualizován,15997
načerpat,21152
dokončil,10443
průser,21153
zklidnění,21154
pluje,21155
prozatím,21156
tim,21157
dočkáte,8702
asfaltových,6985
neprojeví,6551
ozbrojený,5436
stoletích,7563
ježek,10671
vyloučených,12702
větvích,5132
sdružují,16005
prvkům,4421
trojnásobek,21158
formuloval,21159
mušlí,13683
stlačený,21160
vzdoru,20614
učinit,10391
příznaků,13244
perfektně,21161
zachraňovat,17842
jednodušeji,10549
nezapočítává,21162
odběrem,17437
potomky,19113
nepochopil,9100
reprezentovali,14932
adopci,3234
dítětem,699
prokazatelně,21163
použitými,12601
nastěhování,21164
mezd,10231
nespravedlivě,19492
rukám,3664
dělové,21165
vaječníku,14892
navrhovány,3029
laminátu,21166
udělilo,10654
čistě,21167
znakem,10128
vázací,21168
vevnitř,21169
pozvednout,21170
absolventem,12492
růstového,21171
vyjímečně,21172
odsavač,21173
poskytovalo,7892
freevideí,13689
zvyšují,12220
mrazení,21174
zástavních,8414
opraveno,13330
related,21175
kovových,5720
kontrakty,21176
účtována,12565
dvorci,20609
flétnista,21177
modus,21178
diecézí,21179
rozeznává,17264
vysloví,7985
identifikací,21180
schváleným,13046
upravit,6818
výměnných,15256
náhradě,11593
tvá,20653
vydaných,14714
bezprecedentní,21181
dopad,17408
doprodej,21182
brouci,9045
nam,21183
středem,19095
převáží,21184
obětech,3515
ponechal,8501
pomáhal,11353
vrstvě,6659
vyhlášenou,8384
průhledný,9985
ozdobený,17904
ztotožňuje,21185
úrodou,5382
odchylkou,10358
splněny,14518
klavírních,16888
pokutového,21186
založte,15435
kterémkoli,7592
vzešlo,12650
decembra,21187
ukládána,21188
výhradním,4715
domlouvat,21189
vemte,21190
vidinou,7454
východiskem,13219
lhostejný,6572
narazilo,17667
nade,21191
celního,16951
základnímu,8512
kolonií,13064
reagují,6652
nakrájený,21192
zabalení,21193
postaveny,7907
zateplené,21194
dávkách,6856
vázány,15915
přeneseny,9020
referenci,21195
dvojité,15034
lokalitou,3276
naboso,21196
pluginů,21197
nástrojům,8761
mistrovské,15383
prim,21198
popisů,17535
ohodnotit,19428
vyskytují,9715
naložit,16596
základem,19361
dokončené,14441
mìli,21199
srazit,12964
žloutky,21200
sójový,7294
závodì,21201
udělit,10654
optimalizaci,21202
zachovány,12334
paragrafu,17164
gumovou,9249
kladn,21203
promítlo,1549
úplaty,21204
chovatelských,10864
nalačno,21205
komunitu,5528
disponující,14482
vedeným,21206
certifikovaných,21207
explicitně,21208
nosí,4974
nejisté,7524
následovně,21209
připraveným,7117
složil,9798
čtyřletou,8375
hodím,6593
islámský,2673
omáčku,11557
útvarech,5957
mečů,18000
zbytkových,16503
obtíž,16216
měšťané,18564
aloe,21210
prohlédl,13793
tónu,12331
křivce,4783
obdobným,8039
nasi,21211
taveniny,21212
rozpadá,15071
tvrdý,11519
výměník,11003
rozpouští,21213
doobjednat,21214
úrok,8713
zareagoval,5155
parádně,21215
tentýž,7560
levém,12836
kladli,12318
uzavírání,21216
dřevitá,21217
nadšen,8886
lákavě,21218
devatenácti,17552
obdobím,17577
orál,21219
zmíněný,4156
začleněno,21220
odeslat,15825
hýčkat,21221
zkvalitnit,21222
pochod,10314
babes,21223
vež,21224
izraelskými,2981
odlišnými,11620
jednak,21225
patram,21226
polohou,3543
zanechá,12329
posbírat,21227
kdejaký,21228
vlasový,2260
šachista,21229
omezeném,7390
kování,21230
teoretická,21231
konzervaci,11109
utkal,9956
dorůstají,21232
textům,4800
kapelách,893
ešte,21233
krivošová,21234
děkují,16054
chorobám,1402
kaši,12496
guvernérem,9596
srazí,12964
přihlašte,3950
posunut,21235
částkou,4088
jihovýchodně,6072
santalové,21236
nezbývalo,14887
nečistotám,18851
překladů,15519
výskyt,18005
lepit,21237
dobrovolného,10246
skořici,9078
stálým,5046
tečku,11902
kroužek,13754
zářil,21238
grandslam,21239
cukrů,14612
triumfovala,21240
klášter,5366
obohacení,21241
masu,3584
ovocných,10104
jaderným,1873
zakoupený,10909
embryo,13179
šlehání,21242
nájemních,1096
filosofických,11384
sklepem,3962
hájení,21243
hmotu,7301
topinek,9548
odjel,15849
mastný,12297
stručně,21244
škálovatelné,21245
podtrhuje,21246
uhlík,21247
zalíbí,16391
lví,21248
stáčí,21249
dlouholetou,3418
hmotnost,14863
vypínací,21250
odkvětu,21251
přemostění,21252
základové,21253
výfuky,20207
klepe,21254
řádku,11189
značená,21255
jakožto,21256
řečtině,15230
golfových,2094
travnatých,15127
kilometru,15586
sprchovým,5578
divokého,2991
barely,21257
pánevní,20829
kukuřici,6348
port,21258
dojdete,9707
psaníčko,7120
bud,2535
referátu,7028
dotváří,21259
dražba,4942
sandálky,21260
slibně,21261
veselými,6545
lehký,9609
střídavými,12735
sochařskou,21262
křídly,15123
doplněna,7663
doložení,21263
každém,5749
použitelnosti,16740
vlk,14544
zlu,12628
proměnnými,21264
nevrací,21265
obtížnější,18436
hotovy,7557
hrnku,6468
zneužil,13856
odvíjet,21266
nepředpokládal,8346
přeložila,20233
opatřen,16971
fér,21267
zjeví,21268
najlepšie,21269
chráněný,14774
řepu,10820
vyjímatelná,17009
objemy,17020
spravovaných,16342
pohlazení,21270
nezapomněl,7080
bohyní,3605
layer,21271
plantáže,21272
oběma,7446
spreji,21273
ktere,21274
léčivá,14251
uspokojovat,19959
ozvučnice,21275
provoní,21276
tisíci,5406
sáčků,21277
bojovníka,11836
válečném,7349
integrity,14029
atomu,10640
architektonickým,2705
vrtáků,16814
objevte,2429
lebek,5953
ideálu,12823
španělští,3504
párování,21278
otci,4606
odkazující,14511
odchylku,10358
troškou,21279
výměr,21280
snížilo,9776
maškarní,21281
silný,9786
osmnácti,5490
anděla,18516
skupinovou,4935
protivníkem,8997
čteš,4254
podzemními,4488
napadeného,13096
měs,21282
životností,9751
obětovat,21283
umístěnou,6918
vrták,16814
integrovány,14474
hyaluronová,21284
obrátit,9104
zápalem,16788
materi,21285
klanů,21286
přidány,9781
námitku,14593
základům,19361
malo,15332
připomínkou,5997
rozpoznává,21287
divadelním,3459
nádrži,12489
zárukou,6452
indikací,21288
eště,11897
definována,17364
přináším,21289
rodičích,2530
přejít,5230
žádáme,4352
zničených,8668
obecnými,13783
oscilátor,21290
peso,21291
samičích,16210
genetického,7256
váleček,19437
vyplňuje,21292
klacky,21293
crew,21294
přesností,17027
pravo,21295
nástrojem,8761
pohybujete,14396
implementací,10341
dalekém,5726
pomerančovou,15663
vztahující,17864
smysluplný,12299
úderem,17266
rozměrem,14069
etapu,6896
gelové,21296
komplikací,13566
hotového,7557
výstupních,21297
ekokůže,21298
bramborovou,10517
obdivuju,11171
podpisem,14846
rezervovaného,21299
nadání,21300
military,21301
wikipedistů,12700
girls,21302
poskytovanou,5053
joint,21303
národnostně,5000
slide,21304
fantasticky,21305
ustavující,21306
zatížen,15822
uzavřete,21307
copy,21308
vkládá,18360
vrcholný,16721
bilionů,20908
stříbrnými,6175
pěkný,13933
paralelních,15743
slevě,13211
vetsi,21309
člení,21310
udeřit,10310
španělský,3504
lodyhou,12305
bydlištěm,10930
klesne,11756
starým,2793
prvotní,11895
přemístit,21311
ohrožujících,21312
uhlíku,21247
zvýšilo,12703
nevoní,21313
dies,21314
postaven,7907
celních,16951
upřesnění,21315
arogantní,21316
pečující,18752
krizových,12283
sestává,14020
prováděno,13431
vybrať,21317
nespokojen,21318
týmem,2723
těžila,19765
tepelně,21319
dorostenci,21320
zřetelný,16706
opakuji,8013
zahájen,6090
pronásledoval,15802
nárůstu,21321
dekolt,21322
přiměřená,15941
olejů,18999
prodávány,5115
postavenou,7907
nabít,8764
trajekt,21323
podobne,21324
blatníků,17495
dojeli,14419
filipovi,21325
naznačovat,17276
reagující,6652
jací,12365
sloučením,8892
mono,21326
postřik,21327
šupinami,21328
doprovázena,10329
uchycením,21329
upevňuje,21330
potápějí,21331
srážky,18063
nadchl,11830
lovec,13994
mrkněte,17711
published,21332
spojili,10850
argument,18474
neplatné,17124
lepící,21333
přistál,14211
zmiňovanou,7284
nač,21334
uvolněn,8101
pořadím,19505
zkušebních,11509
experts,21335
přidanou,9806
hal,1434
uherský,3882
chlapcem,4599
ligovou,4084
articles,21336
zamlouvat,20270
sálem,21337
potažena,21338
zbourat,19365
úchytu,21339
chutný,8083
pum,21340
poradním,8072
motorem,7338
zranitelnost,20743
pečetí,4913
proroků,16540
skalních,10586
přibrat,21341
čar,8963
dosažené,19235
vymezit,17363
odpověděl,8534
možném,9774
pozdní,19355
tofu,21342
funkčně,21343
draselný,21344
obstát,15003
chirurgickou,8054
zvukovým,616
rozdílných,15460
automatický,3914
vyplnit,21345
holí,14096
štěněte,14637
probíhajícím,11047
klíči,3404
samotným,2013
rodu,8720
druhu,10787
trošku,21346
zkvalitnění,21347
dýchacích,15544
obnovením,13984
hnacím,21348
probrat,12901
výber,21349
vrcholí,21350
tamějších,7208
rozsah,20058
velitelů,8805
zázrak,17532
průměry,17045
albem,7488
arabsky,21351
certifikačních,21352
kontaktují,14240
svody,21353
možný,9774
zedníků,12953
otisk,15363
vyplývající,15056
květnem,8636
milimetry,19091
noži,934
hlubokého,18482
sis,4973
osidlování,21354
hliněných,18121
skvělou,9241
nalepit,21355
výchozí,18726
označena,19681
katolík,21356
pigmentace,21357
neudržel,8018
následoval,8066
aranžování,21358
spojeným,9667
vřetene,21359
pouhého,11894
ověřovatele,21360
rozcházejí,21361
nejednu,20445
špitál,21362
ukrývá,21363
desítku,3486
kterémkoliv,8485
keratin,21364
vyústila,19972
vzrůst,17612
zpracováním,8065
kuliček,7782
svalového,13853
sudé,21365
pojmenováním,15212
rodine,21366
nee,21367
křesťanskými,1884
redigoval,21368
úspěšně,14969
gramáži,21369
obývající,18084
seberealizaci,16450
rozvinul,14186
startů,4431
migrací,9524
vicemistr,21370
nad,21191
motoriku,21371
nulou,7625
hledalo,4292
impozantní,21372
tocích,15633
zkušenou,9915
kéž,21373
rytíře,19540
houslí,13831
romantismu,21374
ušlechtilé,17809
procházíte,9720
neuvěřitelnou,9942
pyramidu,4761
šroubení,21375
označeného,19681
majetků,4980
name,21376
vsichni,21377
uživatelskou,7258
utrpením,13411
vyvinout,9326
považována,21378
nedosahuje,20642
sepnutí,21379
obdarovat,21380
přijata,15507
báječný,6682
proměnlivý,16551
della,21381
nakrájenou,21382
stavělo,7109
vyplývají,12574
potkáváme,17931
okomentoval,21383
vyučení,21384
zeptejte,8920
info,21385
prosperity,11613
pojmenovaný,15212
propojený,9319
hlásku,4085
obhospodařování,21386
ochoten,6706
originálním,7005
jizva,21387
odpovídal,14241
neváhal,21388
pracně,21389
kapacitně,7342
kaviár,21390
nadaného,16221
splatnost,12140
oknům,317
chráněnými,14774
potká,11000
jasnosti,17490
vyvine,9326
hradbou,11529
dostavěna,21391
černě,21392
přívěs,14775
mláďata,18040
nemocenského,10555
vhodně,17736
udržitelný,14448
prodlouží,9206
nožní,21393
mystiky,21394
množstvím,17502
zvyšuje,12220
pěvecký,1226
sexta,21395
hadem,13215
brzdami,14447
pochopil,9100
napůl,21396
omezeními,19826
pravěkého,12835
bronzu,21397
prováděl,7164
vidlic,21398
kladnými,14598
řazen,14023
získaný,18654
vnuk,2003
zavání,21399
hard,21400
could,21401
vykazovat,20208
ajka,21402
dodalo,5630
nastavenou,8425
pátých,7325
ostrahou,2016
vyučoval,8160
krátkou,7722
územně,21403
obrannou,9866
neprosadil,3619
stín,10603
příjmení,21404
fuška,21405
bankovním,3659
malý,4253
zajištěný,18261
definovala,21406
zipy,21407
seznámíte,6150
nezkoušel,21408
vzhledově,21409
naskytne,15376
těhotenský,12019
potrestal,14957
přizpůsobuje,19264
ses,4973
odevzdaných,21410
les,6057
hromadění,21411
podány,11527
pase,19840
dolování,21412
podobní,6116
regresní,21413
mailem,21414
kolektoru,21415
úrodu,5382
děkujeme,16054
nosnosti,8332
rybářů,2706
nastupoval,15559
odvádění,21416
příjemný,7013
okrajem,8619
stal,2387
inhibitory,21417
příslušníka,9266
speciálními,6368
walk,21418
teamu,21419
muka,21420
judaismus,21421
růstové,21171
křest,9678
orientačně,21422
zlatém,14224
podkladech,21423
předvede,4198
akrylát,21424
upravil,6818
dně,14635
vývod,21425
makléře,13869
intro,21426
motivech,21427
sumce,20978
rozpustit,12173
měsíci,6213
judem,21428
vrcholem,11666
načítá,21429
použil,8961
kladně,21430
shodneme,10064
normách,2400
táhlo,7055
obnáší,21431
storno,21432
prožili,17509
podpořeno,4247
identifikuje,18938
shodná,16078
klapek,4169
požádán,18805
neon,21433
kazu,21434
modrou,7766
nejsi,6557
zpracován,11725
potřebného,9172
okouzlit,20449
nevzdal,21435
dobyli,14220
převelen,21436
bolestivý,10001
určitém,7357
objemu,17020
bydlišti,10930
čipových,21437
expedujeme,21438
lití,21439
obklopen,18569
umožnily,13353
plněním,8753
deklaraci,12825
neurčité,7357
dochovaný,17199
odchozí,21440
autorizovaném,4558
uzavřený,8806
trojlodí,21441
stýkat,21442
blížící,21443
kousíček,21444
filtračního,21445
určenými,9312
pozdravit,14174
projektový,4767
zamykat,14752
general,21446
podpis,14846
anglickými,3964
pectoris,21447
patria,21448
institucionálních,13118
rezervní,15690
dodržují,13110
umělým,9550
uhlovodíků,18892
sedlové,21449
stehy,21450
odebíráte,21451
těsnění,21452
motýli,20030
nedostatečný,7491
výjimek,11144
vystavěn,16225
mezery,14614
moudrostí,11798
urban,21453
plukovníkem,11375
stanovil,15281
trakt,21454
složen,11356
zodpovězení,21455
technikách,464
ohled,16563
závazný,17793
nevykazuje,21456
přibývají,13297
celkový,13802
odbočuje,21457
vypsal,6190
detailně,21458
polystyrenu,18748
náležely,17084
pastor,21459
význačné,21460
skvrnitý,21461
počít,16405
period,7407
odstranil,9482
význam,17044
nalézá,21462
dodacích,14893
nejrůznějším,2578
sebevražedný,8828
bosých,21463
sval,7975
otroka,12790
postiženo,5527
sbíral,15074
souhra,21464
patronem,21465
vyučil,21466
hlubšího,18482
mapování,21467
přikládáme,21468
latině,9455
odebrat,4924
duší,3396
památník,13496
omyvatelný,21469
zemským,903
found,21470
tedka,21471
gangu,21472
místostarostou,4585
ohroženo,10301
neobyčejnou,2544
imunitou,8167
tomtéž,7560
splývá,20382
zažádat,21473
jehněčí,21474
holá,15627
zakryje,18874
podélných,9910
nejuznávanějších,11750
rakouským,1000
usneslo,21475
krásne,21476
úchopu,21477
výkres,5941
místodržící,21478
projevující,21479
zkouším,7647
jezdí,16322
kováře,17924
bližnímu,21480
alokaci,21481
official,21482
doprovázeli,10329
odličovací,21483
západem,6686
opylovány,21484
prvnímu,7760
včasného,17636
nezaměnitelnou,21485
příplatku,18833
stimulaci,9232
ponechány,8501
klesnou,11756
adaptérem,12139
nazvané,14925
stavebními,5273
poznáme,6667
onom,11514
profesně,21486
zrychlil,18679
důkazní,21487
půvabnou,6709
pastvy,21488
křemík,20451
vodami,1441
pečuje,18752
davem,11057
nadšeným,8886
nesmrtelnost,13482
nápisem,9390
těším,4460
pohanství,21489
maps,21490
uhrazeny,6340
procentuální,21491
zhorší,18761
shodnou,10064
administrační,21492
laserovým,1060
dosažitelná,19509
krátkodobě,21493
kouzelných,8946
vypravuje,21494
kat,17282
poloh,3543
sestoupily,18615
budují,15712
rejstřík,12803
úkryt,21495
odvozena,16044
stoletím,7563
písmem,1269
následek,17983
průlet,21496
oddíl,6268
byrokracii,9862
neúspěšném,21497
minima,19866
zasadil,17186
faraona,21498
nevratná,21499
přeložené,20684
kmenový,10674
orientalista,21500
létat,6252
váhá,21388
vyzkoušíte,8681
smírčí,21501
obětem,3515
otočením,21502
mohutnými,8024
indikaci,21503
letěli,9470
područkami,21504
newsletter,21505
kondenzátu,21506
diskem,5056
bažant,21507
vášnivý,8770
předčasný,10016
měkčí,21508
balíků,8032
obkladům,21509
prstu,12418
izolačních,18800
ležák,21510
prolomení,20325
kroužku,13754
zavražděných,6220
prix,21511
placebo,21512
samozrejme,21513
průvod,15558
vývodů,21514
bojujeme,13814
vektoru,21515
prostředním,13456
zaregistrován,3680
pussy,21516
roztok,17941
statkem,5755
mys,21517
uvaříme,6949
vracení,21518
spolehlivou,7007
obdobnou,8039
letec,10049
kondicionér,21519
link,21520
moja,21521
vídeňský,2930
přívětivý,16568
vkladanie,21522
cihel,4106
nájezdech,21523
nejaky,21524
diamanty,21525
nadhled,20767
evidovat,12177
smíchat,14171
odolnosti,20977
kočáru,21526
zbořen,21527
krizovou,12283
korýši,21528
památkově,21529
střednědobé,10609
sraženiny,21530
masem,3632
systémově,21531
autosedačku,7687
oceněním,14506
vyběhl,21532
sledu,16309
patronát,21533
omáčkou,11557
vypovídající,7436
kapacitou,7342
vystihují,21534
snažte,5473
náchylné,20083
pozoruhodnou,6534
ušila,21535
theta,21536
univerzitním,1053
komparativní,21537
zřetel,8536
lidovým,1057
finančním,9134
vystřelí,19415
hmmm,21538
vlhkých,11496
náramně,21539
magnitudy,21540
drobnějších,8329
představím,2270
patrem,8040
intenzívní,18278
zelenac,21541
koloidní,21542
nasazených,10768
jednostranný,8758
fragmentů,9270
generacím,1560
pupeny,21543
krátce,21544
spoji,21545
mělké,21546
propozice,21547
podobnou,6116
milostí,7542
probošt,21548
řasy,14986
sad,13366
černí,6939
vyčerpáním,16238
označované,21549
moţné,21550
používal,9602
nepřesně,16491
soundtrackem,11406
přesahují,21551
humánní,21552
opuštěný,7234
minimalizovat,21553
podšívkou,21554
kolonistů,21555
deštěm,11565
jmenují,12224
nákres,11453
spojil,10850
hledači,21556
pokračující,21557
objeveno,14864
zdravý,4066
zesílení,21558
miminkem,6907
archeolog,21559
plodové,21560
citrónem,13573
ebook,21561
výprodejizboží,21562
vhled,21563
proniknout,2143
enduro,21564
přírůstky,21565
vyjímat,17446
hořce,21566
potkat,11000
variabilitu,21567
cévních,21568
fox,21569
úhradě,15064
divoký,2991
obdržet,6125
předešlo,8350
mírného,18402
dechem,3651
mícháme,14171
vyhnáni,11452
zjištěných,9471
doživotní,21570
stripes,21571
technickém,2025
rozdal,11711
realisticky,21572
vdechla,21573
genetický,7256
vždyt,21574
zhodnotil,18699
reprezentačním,3348
obětoval,21283
výdejních,14084
admin,21575
nejlevněji,12225
nařízeních,17233
race,21576
polním,6840
lehkomyslný,21577
ocelí,5245
kulových,6864
bažin,12809
pohřbeny,21578
dorostenců,21579
básnickou,6990
zvaný,17377
sportovně,21580
převezeno,20316
neformálním,12479
výraznému,10600
jarmarku,21581
tvořena,17114
způsobených,9379
hostinec,6732
sbírat,15074
nevýhod,7396
ušít,21535
těhotnou,5420
tez,21582
vibracemi,21583
septima,21584
přezkumného,21585
středověkých,9343
šestý,6913
pul,21586
mužstvem,4162
závažnými,11637
pokusit,9413
kupujícímu,10424
obměnách,21587
rovnat,21588
nižšími,14520
náležitostí,19527
zjednodušit,18254
křižník,20082
rituál,21589
loděnicí,2817
fixační,21590
stavem,13642
provázání,21591
souběh,20429
postranních,12522
románského,7413
správný,7873
rozšiřující,21592
sílu,9273
diskutována,7932
voucheru,10453
plnosti,21593
napospas,21594
hradbách,11529
vyvlastnění,21595
svedena,21596
bříšku,14015
důležit,21597
kaţdý,21598
danými,21599
reliéfy,21600
obratně,21601
poloměr,21602
zadaná,21603
malinké,15934
testovacích,21604
světlý,8518
kancelářím,145
hněvu,21605
příbuzenské,21606
zářivý,6702
uzavřen,8806
imunní,21607
plodné,21608
mocnou,4972
zařazujte,7500
elegantních,18299
šálků,17566
dynastií,10567
geometrií,3710
kartám,2089
uhasit,21609
orientačním,15810
benediktinský,12433
oddenku,21610
ptačího,20018
mikrovlákno,12051
odehráli,9286
opatřeno,16971
zlepší,15557
dubový,13009
rizikem,11941
plicích,7345
náměstkem,6648
čtvrtku,13568
příteli,2722
svědí,21611
vázáno,15915
volený,8042
larvy,21612
podvodům,4862
unisex,21613
partnerském,4472
statí,21614
externím,5158
žlutými,11759
testo,21615
rozliší,18936
přezdívaný,21616
dojel,14419
pulovry,21617
designově,21618
strávil,6365
klasicistní,21619
pláni,18341
znamenal,9281
postiţením,21620
zhoršil,18761
opačným,12563
zajištěného,18261
skočil,5262
datovat,20828
neznam,21621
srovnatelná,21622
obočí,21623
manipulačních,13864
příkopy,17197
vlhku,9625
motorkář,6274
perel,7833
zhostí,21624
bůh,9209
lakovaná,21625
vidličkou,5536
kombinační,21626
quad,21627
stavbami,1795
napojeny,20456
pomstít,21628
stimulují,21629
salátem,12002
lepším,14853
vrácen,19146
stavěna,7109
množné,21630
sound,21631
vystudovala,21632
zásobu,5369
uhličitanu,21633
názvem,14345
jednomu,4102
zobrazen,21634
držitelům,10804
odpov,21635
kardinálem,8719
zakotvení,21636
slavíme,11870
zkouškami,5643
pojedeme,9619
neuvěřitelně,21637
administrativně,21638
přechodně,21639
položte,10891
uživatelský,7258
karneval,15777
jednacím,21640
alpský,4324
zaměřeny,6660
úměrně,15473
melo,21641
kupní,21642
nafotil,11447
zádi,21643
oficialne,21644
akcentem,21645
košíků,21646
přistane,14211
zasazen,20215
vznikajících,9130
cyklotras,21647
řidičských,16597
proudění,21648
presbytářem,10906
konzervanty,21649
stabilizační,21650
zhotoveny,7385
ochráncem,5640
zachránil,12236
vzdalo,21651
integrální,21652
kakaem,6728
postačující,21653
konstanta,21654
kluzák,21655
hrubě,21656
postavených,7907
zatknout,2762
keltského,13370
délkou,11279
zmírní,21657
daroval,10444
nemovitostem,4333
mžiku,21658
million,21659
doporučován,9691
vrtuli,21660
pšeničného,9171
alianci,4146
pětiletý,7992
nádržky,21661
splněním,21662
získanými,18654
propracovaný,16344
přibližně,21663
následných,9710
provádějí,7164
intenzivních,13415
úspěšností,9584
srst,14098
silikon,21664
naš,21665
zaoblenými,9998
nebývají,5072
prověřených,12271
zohledňuje,21666
výskyty,21667
odeznění,21668
kovpovrchová,21669
polyuretanu,21670
dojíždějí,21671
lifting,21672
hořlavých,21673
mas,3584
loučím,21674
motorovou,2716
hybrid,21675
renovaci,2774
probral,12901
kartáčkem,21676
hnědou,12620
melounu,9114
schopností,8431
extrémním,10901
opuštěn,7587
randit,21677
hladkého,21678
dobøe,21679
nález,18959
chi,21680
absolvování,21681
boří,21682
polyamidu,21683
nucených,7720
sepsat,16471
estonském,4348
podmíněný,18785
spojeny,9667
dýl,21684
zahodit,21685
doktorských,10659
hangáru,21686
úhrad,21687
nastaveném,8425
hloubení,21688
vystavený,11426
konzervantů,21689
nepatrnou,15699
přizpůsobil,7944
netrvá,8981
důvodné,21690
ozvu,3638
dubového,13009
products,21691
existenční,21692
vyhýbat,7352
ulehčuje,21693
obdivuhodné,21694
zahuštění,21695
peněžitou,21696
vymezuje,21697
kopec,6367
posílám,6631
zbývalo,14887
imisní,21698
kulatých,8201
uživatelsky,21699
nacházejících,21700
větvení,21701
překladu,15519
benátský,2797
členu,5547
stáním,21702
otvírají,20617
zbaven,15015
uspořádány,11401
pružného,19706
mulče,21703
partyzánům,9734
zařazeno,14204
oddílech,6268
kloubem,4896
ostrovu,2948
vztyčen,21704
clanky,21705
ukazateli,11351
sales,21706
ocelový,3018
nabízenou,8486
pokladem,9683
nalezen,15766
jistotou,10136
nalezl,10045
zabezpečen,20339
přijíždějí,21707
vůdčí,21708
výborně,21709
podpisů,14846
tomuto,4043
dobrému,6917
obuví,7689
podřebuje,21710
major,8938
popíše,14497
sedlová,21711
prst,12418
opuštěném,7234
přibližují,18641
holou,15627
kuchyňským,415
individuálními,14062
válečník,21712
skvělí,9241
stádo,21713
podčeleď,21714
jel,9619
zdolal,14718
tažná,10219
používanou,9631
primárních,10738
vyskytnout,11191
voní,21313
vepřový,7392
dobrými,6917
uplatnil,7642
převažující,21715
někdejším,3025
profesionála,2612
šlechtic,12539
impaktní,21716
nejhorším,3942
obutí,21717
získáte,8212
zdokonalovat,21718
odznaku,21719
pětku,1234
hnůj,21720
selekci,21721
embryí,21722
pohlavně,21723
sanační,21724
přejel,21725
titul,4721
clusterů,21726
ložné,21727
martin,21728
tiez,21729
zpevnění,21730
kleští,14568
letět,9470
kuličkami,7782
krásní,8903
přidání,21731
baram,21732
pohonem,15152
operoval,21733
keď,21734
platidlo,21735
potvrzeny,2155
egovernmentu,21736
růstu,12340
výplatě,10675
takovýhle,10514
pernerova,21737
teroristickým,5005
rizikům,11941
započal,21738
paměťový,1600
proboštství,21739
větách,6006
zaevidovat,21740
psychologicky,21741
portal,21742
zpochybnil,21743
říšský,3017
koordinovat,18557
vodotěsný,17884
nepoužitá,21744
nejlehčí,9609
nekladou,21745
minula,11605
tejto,21746
právu,2890
průběhem,21747
farmě,12559
pastorky,21748
volní,9237
charakteristikou,8237
podnož,11360
sáhl,9876
zlomit,21749
povinných,5747
vyhovující,18895
nerozlišuje,21750
odbornému,2754
svet,21751
odvedené,21752
hledáme,4292
prováděcích,16257
slanou,11513
spolek,8209
nachádzať,21753
oblázky,21754
odletěl,18237
vjezdu,21755
again,21756
odstraňte,9482
potoka,15618
uzavřít,10338
iniciátorem,15084
nedochovalo,17523
gothic,21757
vydával,5687
činitelem,4303
knězem,9154
deutschen,21758
báječnou,6682
alergií,11345
skutečný,10244
srážku,18063
odsouhlasení,21759
diamantu,21760
položených,16639
náhledu,21761
provedením,9880
nepřetržitou,3097
roztečí,21762
jubilejní,12285
věčný,5325
duševně,21763
inspirován,12176
lysé,18542
pot,20831
generálmajora,21764
výjezdu,20085
zvládli,11761
nulovou,9590
šíji,8564
zlepšovat,19175
závazné,17793
islámem,6131
lásko,5024
tvaru,14833
basů,21765
teoretické,21231
útokem,11340
vypořádat,21766
chemickém,2127
skóroval,21767
síle,9273
úmoří,21768
krajkou,14318
industrial,21769
pravý,12612
doraz,5654
kovaný,21770
dostihu,5961
vlasce,21771
prodyšného,17168
řemeslníků,5973
krokům,13973
žiji,10100
reprezentoval,14932
přípravcích,21772
smazat,21773
udržoval,10002
prasat,6747
nahrazování,16038
tezi,5993
estetických,7008
nejnebezpečnějších,17752
projížďku,18275
vyústění,21774
naplní,15006
prvovýrobu,16584
still,21775
předčasném,10016
sodného,21079
pokrájenou,21776
dýmu,18544
libovolný,6988
tlaků,13659
drakem,8526
automatickém,3914
překračování,21777
other,21778
bacha,21779
hledáním,9336
manévrování,21780
environment,21781
nacházím,14904
difuzní,21782
uznávají,12786
stay,21783
palivový,9388
předčasným,10016
křesťanském,1884
pouštní,21784
učiněné,15702
vrhnout,12255
řemene,21785
pečlivostí,12079
řezu,19810
stávali,21786
neumožňují,21787
uhrazení,21788
porušovat,5240
plánujete,4168
převezena,17156
králi,6106
hledaný,10733
hustota,21789
nabytých,18549
rozstřelu,21790
elegantně,21791
nečiní,21073
vyskytne,11191
oslabit,13012
rozptýlené,13727
sériový,7286
remízu,10129
rozebrat,21792
ječmene,21793
společným,3827
smutnou,3957
nažloutlá,21794
dávce,6856
laskavost,21795
řešeno,15808
pojal,15926
neolitu,21796
zvolil,10077
vyústily,19972
jinej,21797
mode,21798
rozepisovat,21799
opravňuje,21800
délkách,11279
předpisům,11400
překonávají,21801
účinný,10097
charisma,21802
nejšťastnější,11021
domluvil,10480
vyskytnou,11191
křesťana,7137
stup,21803
začínáte,11729
opravena,13330
samém,1565
řiďte,6803
hospodářskými,3042
pankreatu,21804
sloučeny,6612
jeruzalémského,21805
zranili,12213
chutně,21806
vévoda,1775
projevům,5967
přiléhají,21807
oštěp,21808
bod,19645
žactva,21809
lvem,1924
psychických,10006
usnadňuje,21810
patients,21811
zobrazený,15815
zlikviduje,15860
vytvořeno,9716
opatřené,21812
rámcově,21813
stanovená,17767
poloosy,21814
utéci,5170
vyléčení,21815
group,21816
příbalovou,21817
skript,21818
aplikačního,20344
daném,5531
must,21819
neklikejte,21820
přátelském,7492
barevným,509
vzestupněod,21821
tuze,21822
cvičeních,6094
tržbu,4241
výborný,7620
omezujících,21823
parkovacích,9509
levého,12836
antický,8669
přijatou,21824
nejděsivějších,7676
prázdný,10664
přeložen,20233
byrokrata,21825
tvořících,21826
pochopení,21827
mnich,11359
přístupů,11889
gumový,9249
výkonům,13675
sídlech,21828
žár,20594
ostrými,5068
účelů,5228
sbormistr,21829
otevřeny,8468
ustanoveními,14848
přípravkem,21830
rychlými,4802
kanadským,954
místotř,21831
pronájmům,7755
přikládá,21468
úspěchem,9712
zkrácený,12832
oceněný,8693
odvahou,10076
profesorem,4607
podezřením,19598
resp,5797
csfd,21832
prokázán,3946
vyvinuty,12651
listnatých,21833
ohrožující,21312
vloženy,15882
vytvořeny,9716
příp,21834
nebývalý,2372
mlhu,5840
dravých,13902
báječně,21835
tučně,21836
hněv,21605
jetel,21837
pověření,21838
hnědými,12620
přihlásitpřihlásit,21839
přílet,19556
syntézou,21840
administraci,21841
grošů,21842
aji,21843
rozděleni,4219
nekonal,13005
sestřelen,15113
ústavodárný,21844
překladatelů,11053
parfemace,21845
bájí,21846
ujel,21847
biologického,6343
přizpůsoben,7944
inspirovány,5939
konzistence,21848
vydají,9131
kompenzací,21849
vzájemných,8944
hromadným,6811
vstřikování,21850
dutinu,13018
nepřesna,21851
cibulku,8766
profík,21852
jednoletá,18603
tribu,21853
začátečníci,16900
povolán,21854
mezilidských,13395
month,21855
nejistotu,8755
mýlím,19682
stráň,6795
považovaná,21856
vrácení,21857
nejúspěšnějším,5386
programovatelných,10224
závazkem,7039
rozšiřoval,14987
podrobnými,5433
encyclopedia,21858
potenciálního,19651
estetického,7008
doporučoval,9691
podmíněna,18785
předběžná,13364
anaerobní,21859
charakterizuje,18898
etický,7547
prefix,21860
řetězcem,4163
zabit,20294
způsobilé,18941
opaku,21861
milostnou,18824
konstrukčně,21862
bylin,7953
vtéká,21863
genius,21864
celým,2838
mudrců,21865
měkkost,21866
formiček,21867
semišové,21868
skladových,8548
vyhodnocují,18441
odcestovat,21869
opravné,21870
platné,17124
havloicich,21871
protiskluzové,21872
živlů,7221
slotů,21873
potopila,20913
připojovací,21874
omotávky,21875
válcovitý,21876
juniorskou,21877
údajný,5120
kteøí,21878
trávou,4395
vázané,15915
snesou,14001
polyuretanové,14751
přivolat,17517
reflektuje,21879
change,21880
účincích,16411
přesah,21881
ulehčit,21882
vyprázdnění,21883
platnosti,11185
jazzového,11716
zproštěn,19865
rumem,21884
družstvu,7154
znějící,21885
pociťovat,19321
dokumentují,13588
děsivý,7676
papírovým,5828
působivou,12025
označující,21886
kvalifikačním,14537
vloženou,21887
vyplní,21345
faceliftu,21888
urychlí,20301
takzvaný,7849
nejpočetnější,5787
factory,21889
hnízdění,21890
skladbami,3223
kopcích,6367
patřičnou,16772
biotopy,21891
výraznými,10600
ofenzivu,9966
saského,13904
botanických,4028
kotníky,21892
jmenuje,12224
závaží,21893
trojlodní,21894
vypršela,18449
vyplacena,13972
pokoušet,8734
pomůžu,7493
záleželo,11726
lepení,21895
vytvořte,9257
kvantitativních,10368
šikovných,11672
uskutečnili,9865
ráfky,21896
vložit,9439
sestupněod,21897
dph,21898
tělesem,2494
vrozené,20756
arbitrážního,20675
zarovnání,21899
prováděním,13500
nazev,21900
sed,21901
ložisek,13808
saty,21902
souvisejícími,15395
odedávna,21903
pružnost,21904
sněhový,12343
postupech,14946
utváří,21905
tlakům,13659
tolerancí,21906
ptačí,20018
poněkud,21907
lord,19927
nástin,21908
poznatek,14290
srdečně,21909
vyrovnávat,20680
zásobníky,13934
doplňuji,15085
betony,21910
měrná,21911
ten,6459
individualitu,13513
depu,17574
vyzrát,21912
podělit,16885
odolávající,19607
tuning,21913
přejet,21725
pohybovat,14396
zahrnout,17951
delším,7565
členech,5547
pocházel,11128
mosazné,21914
procedurami,9537
duchem,13655
půlmaraton,21915
mluvíš,3601
algoritmů,13704
záminku,10394
klasickému,1609
bojim,21916
aplikačních,20344
všetky,21917
nezpůsobuje,21918
uplatněna,7642
garantované,21919
teorii,5106
obránce,21920
rozvětvené,21921
bydlím,9986
získaného,18654
vředy,21922
bahno,21923
poklesem,20792
dorůstá,21924
neupravené,21925
spoj,10850
zpracovatelů,15425
velikostní,21926
kulturami,693
prvotřídních,9933
umělém,9550
want,21927
zralý,7815
iacute,21928
výhrách,4042
upraveny,10323
seženu,14755
přáním,9690
písemném,8185
útočný,8704
spočívají,11049
vašemu,5279
situovaný,19398
zdobeného,19228
územnímu,8640
stanech,5123
radiální,21929
obalem,7967
prototypem,11494
jarem,7343
ukazatel,11351
zeleninou,2157
příkladech,15098
ženskými,2307
imunitní,16717
bleskům,6282
převzat,3008
sejmout,21930
rozpouštědlo,21931
uctívají,21932
zlepšil,15557
kapitánem,8410
přizná,945
platném,17124
kontrastem,10608
božství,21933
přesnými,15770
zastoupením,5698
poznám,6667
rezistor,21934
trojboj,21935
měř,7522
tříděný,21936
regulují,9521
dobytek,20158
přesunut,4528
přispívající,21937
sborník,19250
štěrk,21938
jmenného,21939
zachoval,8094
zdatný,12536
hospodářském,3042
zmiňuje,12630
požitků,21940
vyrážejí,21941
nič,4236
přístav,6801
oslabení,21942
two,21943
drobnými,8329
teoretického,21231
odborem,1586
sedle,7296
odhadu,8774
nebát,21944
autům,452
zdravotním,6332
blocích,9907
kytaristu,18593
překrytí,21945
zastoupený,7351
cnc,21946
vhodnými,6151
površích,5790
únosnosti,21947
odvrátil,4072
argumentu,18474
lekníny,21948
berte,3317
ramenou,5981
strukturálních,16593
prsů,14239
přezky,21949
dodělat,21950
dolarech,7745
sedimenty,21951
ošklivě,21952
disponovat,14482
odlehčený,7947
suti,21953
kvásek,21954
odváží,21955
zamířili,8781
dostatku,15685
chtěj,2480
přechodné,19074
šálky,21956
koncil,21957
kužele,17824
alu,21958
nalézt,21959
zasíláním,21960
sportovním,1309
dovednostmi,15126
obětní,21961
zdobené,19228
jasne,21962
podvojného,21963
mandátní,21964
odpoved,21965
antioxidanty,17873
pozdějšímu,15081
pravých,12612
zařazením,15952
vyhodnoceny,16147
brzd,14447
zakončené,17724
vrty,21966
řas,14986
kaskádových,21967
mastnou,12297
směl,4209
oceňování,21968
sáček,12262
rodičák,21969
karbonovými,15039
kým,13314
leštěnou,21970
povolený,1745
lemované,21971
slavnostním,3533
ohřátí,21972
astma,21973
ochranných,8306
výčet,20644
šeky,21974
průjezdné,21975
vùbec,21976
karabina,21977
šťastného,11021
usilující,21978
oponentů,18197
podmínce,4748
verších,15823
údajným,5120
jeslti,21979
larva,21612
bolestné,21980
proměnných,21981
náležitostech,19527
chemicky,21982
referát,7028
spolehlivých,7007
škálovatelných,21245
válečnými,7349
připisuje,20106
zachycují,15967
bezvadně,21983
harmonizace,21984
poměr,5731
sázce,8023
sklonem,17568
dosažení,21985
zeleným,5163
aktu,11255
výšce,7160
skloňuje,21986
atraktivním,6222
zastával,12432
studených,3537
posílilo,16379
reflexy,21987
víkendový,5119
nečekaný,15630
gumy,16598
otiskl,21988
celoplátěná,21989
peníz,21990
dobrovolných,10246
protestantský,5991
vydařené,21991
procestoval,21992
překážek,8465
slavil,11870
knedlíčky,21993
poštovným,12010
tajemný,8864
kádru,21994
give,21995
aktivován,9126
zvážení,21996
podstoupila,19573
prodlužte,9206
sochař,12272
zablokoval,9648
vší,6934
pojiva,21997
průmyslově,21998
kanónem,15858
trénují,21999
škáluje,22000
podkladem,14242
matná,18146
pokles,20792
dravci,10384
gel,22001
přívěšek,22002
fyzikálními,7026
navozuje,22003
předmostí,22004
sběr,16240
zahrnovalo,15841
obraty,19296
inzulín,20727
omezen,7390
oxid,19609
big,22005
vystavuje,18788
uvedeny,6616
opírají,18464
úvazky,22006
pochybnosti,18381
propadnutí,22007
off,22008
zeptám,8920
samým,1565
snadný,15623
junioři,8438
zavírací,22009
odpařování,22010
zpochybnit,21743
ozdobnými,12238
koncentráty,22011
utrpěli,9400
notně,22012
dosáhne,10570
kolenní,22013
francouzsky,22014
analyzoval,19103
zpětných,15581
zákonného,6810
pooperační,22015
konzervační,22016
změníte,10169
umožňoval,15897
pěstičky,22017
matici,10823
halovém,12981
výpady,22018
tobolek,10408
plc,22019
posuv,22020
rozpočtovým,6603
zasluhují,22021
valník,22022
potopit,21331
ujet,21847
uveďte,582
stíněný,22023
ergonomicky,22024
oprávněním,16431
rychlém,4802
bronzové,18710
pradávna,22025
povolte,12993
kešu,22026
nechme,3282
tmavou,6325
modelovat,22027
závaznými,17793
přetaktování,22028
control,22029
aorty,22030
neopustil,22031
procvičit,16207
držitelkou,22032
řadových,10446
šestém,6913
nejkrásnějším,8903
umíte,9732
mnoţství,22033
stávajícími,7925
spam,22034
stonků,10488
svalových,13853
plánovanou,8044
římskou,5544
španělském,3504
abnormální,22035
obdarovaný,22036
pronásledují,15802
currendo,22037
použitou,22038
opětovného,19267
plout,21155
pomocných,12557
označovali,16318
podoblasti,22039
centralisticky,22040
efektivnímu,5368
nejkrásnějších,8903
vrhl,12255
fluktuace,22041
prodam,22042
nářez,22043
uznávaných,11750
objevitel,14208
severovýchodním,11439
hledisek,18397
břemen,13978
registrovalo,22044
zmatku,17907
spatřovat,11944
hojný,11177
ohledy,16563
rychleschnoucí,22045
vyřešil,8324
vloženo,9439
infekcím,4826
turisticky,22046
úbytku,22047
nekonečno,11769
vyhoví,18203
jedne,22048
dvorce,20609
závisí,14913
riskovat,15223
přihrádek,7212
inovativním,22049
náminfo,22050
semestru,22051
výjimečnou,13509
koní,11481
zánětech,18837
potvrzené,10878
koloniálních,9008
poctu,15856
čtyřletý,8375
ponořené,22052
nedochovaly,17523
připrav,1312
opravdový,4092
pigmenty,22053
kovovými,22054
dojdou,9707
řekách,3448
framework,22055
receptorů,22056
bránící,22057
učinil,10391
drobnou,8329
odpočet,20656
snižuje,13442
ukončeny,10704
křižovatkou,7904
zpevněná,22058
seržant,22059
brzdové,22060
tau,22061
parametru,7167
nedosahují,22062
rozvíjel,14280
zdráv,4066
jarmark,21581
regent,22063
začleněn,22064
tetě,1001
snížili,9776
nedoporučujeme,9691
redukci,13521
došli,9707
modifikací,11454
settings,22065
farmářských,16319
střetům,14538
přísný,11933
odměně,12144
atestační,22066
nešťastný,11021
vyhláškách,22067
hraběcího,11416
hliníkových,4014
držením,13790
růžově,22068
položili,10891
polykarbonátu,22069
korelace,22070
různorodou,4320
ideál,12823
rekreačních,16917
ideálních,15722
zařaďte,3426
vítání,22071
perský,5087
případnému,9899
mentálních,18963
revolver,22072
patách,17480
vůlí,8644
dodani,22073
takovým,3536
provedený,13965
blíží,17885
turistickém,2014
zlomí,16142
starali,9451
pomalou,4400
ţivot,22074
výškách,7160
nadměrným,7447
překračují,17152
chodidel,19469
vývar,20774
nejstarších,2793
nekonečným,5461
sbírkových,22075
koncentrací,10369
uvedeným,6616
koncipient,22076
prof,22077
jezdit,16322
originálem,9048
dominantním,8962
zvonicí,5632
dánským,1230
roztoče,22078
podlimitním,22079
kajsav,22080
farmáři,11775
houslista,22081
zásobníkem,13934
alibi,22082
oslavuje,21054
podšité,22083
pravém,12612
povědět,14701
ctnosti,15066
vůni,5947
vonící,22084
nepřilnavý,22085
layout,22086
stromům,5327
draftu,22087
farním,2516
sanatorium,22088
hezkou,9256
vzroste,17612
ručně,22089
nárůst,21321
slušně,22090
řeholní,22091
chybějí,2466
šablonách,9517
vypracované,20902
jem,22092
tónovanými,22093
doplnili,7663
cvičných,7236
vyměnitelné,22094
perlami,7833
továrních,9044
atentátník,10336
domluví,10480
kolmé,22095
navštívíme,16670
nahrazen,16571
rozvedl,9416
dozrávání,22096
nechráněný,22097
hmotnostní,22098
vzorce,19374
dědičně,22099
ever,22100
stabilitou,10180
čtverců,8839
pasů,19840
svý,7991
possible,22101
korzetu,16932
nehnutelnosti,22102
měšťanskou,10595
oprávněnou,5933
administrátorů,22103
irelevantní,22104
meziválečného,14665
vaku,14973
zvýraznit,20665
odbornosti,11837
listovou,22105
jihozápadně,22106
pařížský,5223
dokončit,10443
hnusný,10617
výkladem,17476
kompromis,9330
vyrovnanou,11403
svěření,12779
bitvách,3750
xxx,22107
přiklonil,22108
vybudoval,11147
logický,7157
poukazem,10812
testík,22109
upravenou,10323
vyprodání,22110
akutních,15909
karoserii,22111
zahnat,22112
neskrývá,18692
křižáci,22113
sedmý,4090
dynastii,10567
pohřbeni,20893
kříž,13968
vázáni,15915
sborový,6265
centre,19672
přísným,11933
křižníky,20082
liché,22114
oprávněných,5933
umožnuje,22115
posvátnou,11555
liniích,2062
obeznámen,22116
hotových,7557
tvorů,14625
nedalekém,5726
okresním,6571
zněním,9354
vitality,22117
latinského,15378
výplatou,10675
stabilizovat,22118
tvarohový,22119
zakotvil,14862
krajpřed,22120
tropickou,5781
falešný,6399
akát,22121
protějškem,7732
plánuji,4168
rostoucími,15523
blány,22122
prázdninových,8203
zkuste,9226
polymerové,22123
skutkové,22124
anatomii,22125
zmenšil,10846
protíná,22126
prarodičích,22127
vlhkém,11496
rehabilitován,22128
posouzení,22129
nešťastných,22130
next,22131
maticí,10823
maturoval,22132
malému,4253
klepněte,22133
paktu,22134
zanechává,16378
doloží,13409
dnehttps,22135
stržena,3813
tradicím,2179
rozpadat,15071
slovanskej,22136
víčko,18658
uvařené,16152
vrub,22137
zjevil,21268
zásadou,2174
navrácen,20904
vykreslení,22138
póly,12555
arts,22139
stanoveny,17767
nylonové,22140
akt,11255
předkrm,22141
ciferníku,22142
dvacátých,5476
pásmem,3431
viskóza,22143
smetanu,12128
zmiňován,12630
námořník,6915
změněn,10169
plátcem,14762
rizikový,8614
nalezené,15766
auditorem,19654
garantovanou,22144
xxxx,22145
dnu,14635
druhým,5975
kadence,22146
sázku,8023
místechpo,2586
věnovanou,6601
jan,22147
zvaní,17377
lan,22148
významově,22149
sběrem,16240
jedovatá,14413
zabránili,11027
zvýšení,22150
narozeninami,3739
límci,9227
nerezu,22151
match,22152
vybraní,4474
nepodložené,22153
zrychlený,22154
lidskými,2751
započítává,22155
hlasuji,8144
upnutí,22156
call,22157
juniorských,7679
doložena,13409
získání,22158
vestavný,22159
emigroval,17912
recirkulace,22160
stupnicí,22161
vymezena,22162
tréninkový,8857
kánonu,22163
mandlí,9353
lom,16848
opakujících,18987
pojmech,9669
vytočit,22164
nerostou,22165
zralosti,20652
oporu,10816
složených,11356
působících,15749
nositelu,22166
nepříteli,7138
osvobodit,6103
pneumatikou,8829
pokorou,20350
zabránil,11027
jednorázových,12281
populační,22167
features,22168
nabízeným,8486
íslo,22169
upřesnit,6948
klapkou,4169
závažnou,11637
antikvariát,22170
otrok,12790
oddělenými,3180
narazíme,17667
vlašských,12337
řidčeji,22171
učenec,17631
ostrůvku,16999
proveden,13965
územních,8640
testováno,4266
tvrdost,20906
formulářem,14927
cév,12765
postupoval,10293
definicí,14324
ublížení,22172
slunečnější,11984
nepovinné,22173
narušil,22174
situováno,18624
demokratickým,1290
center,779
cedulí,3976
kuřecích,11016
nesmíme,4209
soupisu,22175
identifikačních,22176
poloviční,22177
lihovar,22178
says,22179
přečtení,22180
antibiotikum,7254
účinek,16411
právnickým,896
beautiful,22181
netrpělivě,22182
hnědě,22183
okrsky,19661
moučkový,22184
kruhů,15497
mar,22185
prošívaná,22186
ekologicky,22187
turnajové,22188
vedlejším,10722
výší,19892
uhlíky,21247
kultovním,4276
izolován,14851
úpletu,22189
pečlivý,10473
pidi,22190
zachránce,3806
prosbou,13406
rozpustnost,22191
pozitiv,22192
vložení,22193
osvobozen,6103
původnímu,7818
different,22194
konsolidované,22195
smrad,22196
hostoval,22197
strukturou,4877
použije,8961
oznamte,911
rozpustil,12173
kapsou,848
tlumič,22198
přibírá,22199
páka,14823
původním,7818
vrchem,22200
tvořený,17114
intenzívně,22201
směsi,17990
chodců,6655
hranách,7566
vysvěcena,22202
novembra,22203
gen,10522
hodnì,22204
plánovaným,8044
vyvážený,9468
francouzským,1452
škrábanci,22205
přiloží,19542
limitována,22206
spokojeny,13916
barelů,22207
procesem,7127
centr,19672
považované,21378
pepře,16408
kožovité,22208
tvrdých,11519
odtoku,22209
opravují,14861
školským,1085
nazvat,14081
složeného,11356
osvobozeny,13475
táhli,7055
ruiny,22210
obnovte,9889
kalendářním,8820
vyřešíte,8324
ptám,7099
nazýváme,20506
příbalový,22211
klubem,2609
posvátného,11555
origo,22212
sestoupilo,18615
potažené,22213
důraz,22214
pojmem,9669
ciferník,22142
táhl,7055
těhle,3609
zahajovacím,8784
podepsáno,6038
open,22215
vřed,22216
hodící,22217
neviem,22218
odveden,12043
středně,22219
zařazený,14204
nutného,17475
psaný,10847
geologický,1318
sdružovat,16005
rovna,10177
sjednotil,19181
podtrženo,22220
ustanoven,22221
podepisovat,6038
umožnění,22222
upevňovací,22223
nevyhověl,22224
migotati,22225
odběr,17437
dokonale,22226
servisních,10511
léčebnou,1363
kolektivním,6729
synovcem,4503
oblek,6605
silver,22227
soustrast,22228
translation,22229
rýmy,4279
nevyskytuje,9715
sklidil,11501
orientovanou,5191
narazím,17667
křížem,13968
rty,22230
trip,22231
zákonnými,6810
focus,22232
uznatelné,22233
metodického,18161
metalový,22234
docházel,22235
pojmenovává,22236
strategickou,6581
vydaný,14714
jedovatých,14413
handicap,22237
dobrat,22238
reálný,9372
arkádami,13183
červenohnědé,22239
zajištěny,18261
malta,19462
odůvodněné,22240
útvarem,5957
řazeny,22241
pokusem,13563
zubním,4946
uchýlit,22242
spojenectví,22243
way,22244
pátrám,22245
implementován,20841
náplní,13669
topný,6964
vynikal,19163
vyškrtnutí,22246
přetížení,22247
suchá,13473
psychologický,6250
patou,17480
soft,22248
tomuhle,3609
povolil,12993
rozkvětu,22249
kořenech,17090
odborným,2754
velikých,4960
dýha,14016
přístřešku,15296
přilehlém,7670
ukládány,22250
odjet,15849
náleží,17084
nadešel,22251
poměrnou,22252
výfuku,20207
dojdu,9707
overaly,22253
podtrhují,21246
pripadne,22254
vodotěsnosti,22255
nouzový,17473
celkem,22256
připisují,20106
řapíku,22257
vychvalovaný,22258
poznámkový,7022
urovnat,22259
křehkou,6294
ubytovaní,20491
řazení,22260
proplacení,22261
zmíněnou,4156
strasti,22262
nìco,22263
countries,22264
zachovalé,20741
budovám,422
since,22265
bolo,22266
pokutový,21186
potkává,17931
pozůstalým,7085
navštívíte,16670
sedmnáctiletý,22267
živnostenském,9620
náskokem,19139
pozdrav,14174
zabaleno,19381
dědicem,14629
zadržet,3908
bič,22268
dekor,22269
tón,12331
osvobozeno,6103
octem,13113
navazujících,18906
setrval,22270
jakém,12365
usnadní,22271
kurz,15200
neprošla,22272
brzdových,22060
přepravit,22273
datuje,20828
evidenčního,17816
náušnic,16247
mechanismem,22274
zánětů,18837
padlých,13100
chránil,13015
zvratu,17403
upravena,10323
jazykově,22275
obvodě,4366
přebití,22276
vyřešeny,14424
nima,3227
zvu,22277
poháněny,13074
zjištěny,9471
vyslovili,7985
dlaní,16851
pěknej,22278
vzpřímený,5493
ubytovaných,20491
rozezní,22279
výkaz,15328
vylučuje,13851
sprintu,22280
jeţ,22281
potenciálem,12886
statusu,22282
tvárnic,12850
oddílu,6268
závazně,22283
implicitně,22284
maly,22285
umožňujeme,15897
newsletteru,22286
vytvářel,8617
bravurně,22287
hmotou,7301
menšími,4253
kapku,10037
neprojevuje,18531
zákonný,6810
připravíme,1312
přizpůsobují,19264
myslitel,18442
situován,18624
projektových,4767
situovány,18624
dobrovolný,10246
středový,9146
bohyni,3605
přidali,9781
meziobecní,22288
plevele,22289
účinnými,10097
vzájemném,8944
simulací,22290
lov,14620
vyřazeno,22291
parcele,9165
zobrazit,15930
úplňku,22292
trpících,19933
příslušníkům,9266
skutečnostem,2558
nìkolik,22293
účtujeme,12565
trimestru,22294
pravidlům,7976
print,22295
konstruovány,10599
něžná,16276
dobr,22296
certifikát,19089
vyřešilo,8324
významnějších,11479
korene,22297
protiskluzovou,22298
usadili,11680
nepřátelům,7138
narůstat,20715
kouřové,22299
setkal,15692
maďarským,1783
řeziva,20538
hodnotný,17699
národním,1399
nadlimitní,22300
chráněno,14774
mém,2681
nenasycených,22301
tekutinu,9093
matematických,11612
vane,418
nárůstem,21321
držím,5695
nesl,12659
zadáno,14176
převyšující,22302
největším,2604
rezistenci,22303
bočními,15114
znemožňuje,19058
misek,12237
výhodnou,10852
odjížděl,17756
opačných,12563
přípony,18088
citačních,22304
podčeledi,22305
kdož,13314
specifický,16148
povedl,22306
čekejte,5561
nejslavnějším,1212
poklesl,12799
znamének,15545
výrobními,9383
dostaneme,3104
stonku,10488
kořínků,22307
powered,22308
zbarvení,22309
zdola,22310
absorbuje,22311
ovlivněny,12837
námitek,14593
zpracoval,5645
vyznačení,22312
rodě,14117
jednodenní,22313
propad,22314
květů,16269
medián,22315
brzdí,22316
tajemnou,8864
klidne,22317
spojku,5029
červený,6719
kladné,14598
jakž,22318
vypisuje,22319
chotí,15364
uznané,22320
uvězněn,22321
vyhne,14341
nepromokavého,22322
lichá,22114
příkrmy,22323
položen,16639
stlačení,22324
napsáno,18928
hlenu,22325
jádře,3028
komp,22326
výkonnostní,10616
prosíme,6030
horoskopu,10650
samý,1565
heslem,5137
expanzí,4716
příbuzným,10693
dìtí,22327
smaže,19718
vzniklým,22328
alexandra,22329
zachránili,12236
cukry,14612
nesprávný,7873
vstřícný,7279
znemožnil,17138
předpokladům,17880
šitá,22330
srstí,14098
dekretem,17790
ovladatelnosti,22331
ippon,22332
slin,8271
dotáhl,21077
palcem,12425
skupinkách,4207
jedni,4102
dosedací,22333
rytířských,14388
vyžádaly,11071
ideálně,22334
následník,11997
nakladač,22335
also,22336
nárokům,12862
pečlivou,10473
půdorysem,16868
dobovým,3221
bože,9209
platinovou,22337
dvoudenní,22338
obytným,22339
odpovědným,3589
tíži,22340
lesku,22341
excelentní,22342
leto,22343
opel,22344
význačných,21460
základech,19361
útrapy,22345
nenahrazuje,22346
zmiňovaný,7284
baron,19601
pfii,22347
devětkrát,22348
nabízím,2097
ehealth,22349
stářím,19300
označeni,4914
kvalifikací,6658
stylovém,4343
nadpisem,14074
vysvětil,22350
nejvýznamnějším,11479
evangeliu,22351
prsní,22352
knížetem,3497
doběhl,10365
rostoucímu,15523
dějově,22353
vnějšími,10762
výživových,22354
výhodám,4857
žlázu,6441
zničen,7705
bezpečných,6149
franc,22355
instrumentální,22356
pravěkých,12835
lahviček,22357
přiložených,15321
odpovídaly,14241
povstal,3995
municí,9793
edit,22358
svršku,22359
průchod,18322
chlupatý,12542
náležející,17084
silou,9273
latinských,15378
vděční,11460
trauma,22360
severozápadně,22361
platný,17124
břiše,3878
zázračně,22362
palec,12425
otisku,22363
violoncello,22364
březnovém,6379
správcovských,22365
norském,914
potomek,19113
organizmus,14982
květinovými,13828
kód,8110
financial,22366
mentálně,22367
smazání,19797
ovoci,7599
možnou,9774
přísl,22368
papírech,6739
tělních,22369
odhadnout,18735
epub,22370
zářez,17418
připevněny,14489
císařem,11077
následném,9710
ostrůvků,16999
masti,22371
kanálový,22372
spádu,18709
proslulým,5026
nylon,17511
zakořenili,22373
řešeny,15808
válečníka,21712
viditelný,9180
zapsat,5978
sáčku,12262
dudák,22374
zjevuje,22375
zlých,12358
odkapávací,22376
memory,22377
vyvíjený,18435
bramborem,9424
doplatek,22378
echo,22379
svorek,7661
after,22380
průběhový,22381
nemocnými,3588
zřiď,22382
nejasný,6092
pojmenována,22383
dostatečnou,7491
placičky,22384
stanovuje,22385
přetrvávající,22386
doplním,7663
kamene,18194
sloučenin,15721
vtom,22387
bratru,8131
skelet,22388
podepsanou,10934
sníženy,19066
mazání,22389
splynutí,22390
vyústí,19972
noh,9677
vjel,22391
šedém,8846
pohyblivosti,20355
filolog,3562
chřestu,22392
církevním,3084
zipem,22393
speciálnímu,6368
hotově,22394
odolává,19607
nepromokavé,22395
pozůstatkem,15824
rovince,22396
častými,6688
skipas,22397
plovací,22398
tìchto,22399
chráněnou,14774
přiblížili,11113
ozdoben,15971
silně,22400
luxusně,22401
útočných,8704
nejlevnějším,3283
přestoupit,22402
poutníků,9931
hostujícím,6602
krůt,22403
záboru,22404
aktualizována,15997
funkčních,5659
odkazech,9117
odřené,22405
posel,16330
mletým,10518
případných,9899
organizován,4779
jmena,22406
evangelií,22407
dvojče,8381
roztoku,17941
tancích,8118
sešel,6336
zúčastňuje,22408
volíme,4918
nky,22409
emailovou,22410
vdaná,22411
vedeny,11867
stabilizované,22412
stavějí,7109
vnitřnímu,6703
japonským,1277
určil,8600
sesuvy,22413
pout,9867
aroma,22414
přezdívku,19085
starověkém,14127
inu,22415
stálými,5046
poděkování,22416
jmenováni,493
shromáždil,19217
přiléhající,22417
rozpustíme,12173
myšlenkový,12319
cihelnu,4784
nenasycené,22418
šílenou,5516
lanový,22419
dochovaných,17199
potažený,22213
úrovní,9386
uvidime,22420
podporováno,6619
apoštolský,11508
zvoleno,10077
pokoušel,8734
vyrobek,22421
stylem,9453
nesplňuje,18154
arms,22422
vyrovnává,20680
nouzového,17473
aminokyselin,18933
neobvykle,10147
mam,22423
vyzkouším,8681
variací,10396
překonaly,19695
živým,1978
uctění,22424
provizorně,22425
ohybu,22426
naleziště,21033
nezbytnou,17112
žlučových,22427
tělesných,4886
přepínací,22428
farářem,2632
ubytovani,22429
vyzdvihl,22430
karcinom,22431
temperamentu,22432
halogen,22433
řasenku,22434
zarostlý,22435
výkonností,10616
iure,22436
bál,8215
odpoví,8534
zvítězili,5172
zastoupeni,7351
témže,8554
zavazování,22437
total,22438
vykresluje,22439
odpovídat,14241
joo,22440
chutnal,15830
definovat,21406
vysvětlující,22441
hrdlem,18610
povolenou,1745
námahu,8362
oščiatková,22442
zaútočili,14562
tož,22443
kortikoidy,22444
vypracovali,14031
postaveném,7907
odporem,22445
naučíme,10817
hustý,15381
onen,11514
znázorňují,22446
úžasný,11483
hořkost,22447
zaúčtování,22448
taburet,7356
car,18350
red,59
odhodlání,22449
návaly,22450
vánek,22451
editoval,12693
nieco,22452
strašný,5768
parametrům,7167
extrému,22453
programovacích,17621
pár,20546
vydejte,9131
subsp,22454
bíle,22455
obdivu,22456
stanovách,17435
syrovátkový,6727
saxofonista,22457
barokními,9972
vypíše,6190
dosahují,20642
mužete,22458
odvozu,19145
zřeteli,8536
samce,22459
vložek,16461
mýdel,11121
příbuzném,10693
nabíjením,5744
odstraňování,22460
éterických,22461
dolaru,7745
šít,22462
ústavně,22463
vyhodnotil,16147
byzantských,9349
víček,18658
platinové,22337
sněhovou,12343
vydává,5687
nory,22464
skálu,9742
letištěm,3228
útulek,13884
městským,834
hrobem,10007
šíleně,22465
dostupnýprodukt,22466
usiloval,13259
zdánlivý,19974
akademickým,1558
vypracovaný,20902
koridor,18052
balance,22467
odpaliště,22468
sedimentů,21951
stejném,7235
koncentrační,8456
záhadných,10876
podpořený,19149
nabíječ,22469
spojeno,9667
ethanolu,22470
skotském,2646
injekcí,13614
nežádoucímu,13747
křovin,22471
tabulkami,9426
bezhlavě,22472
nazvána,22473
dělil,11234
kočovných,22474
přívlastkem,22475
pečují,18752
testován,4266
chutnou,8083
širokém,6755
standart,22476
osmkrát,22477
rozd,22478
katastrálních,22479
úzká,8939
elementární,22480
bubínek,22481
podm,22482
přehledně,22483
bázi,18313
nedat,4578
kališní,22484
charakteristiku,8237
efektivních,5368
spojencům,16806
zastavením,6972
uspokojování,22485
zmíněném,4156
pata,17480
přičíst,22486
krejčí,22487
sestupující,22488
administrací,22489
erb,22490
nejvýkonnějších,1262
označte,4914
oholení,22491
libreto,4536
hřbitovu,8687
zadej,22492
přesnosti,17027
ušitý,22493
zaoblený,9998
odůvodněných,22240
dotek,15238
nevztahují,22494
vložený,15882
unikátnímu,10756
prediktivní,22495
skladovacích,22496
magyar,22497
sezónních,22498
nabýt,16270
dotisk,22499
vyhodnocením,18205
chovy,18883
bike,22500
stahy,22501
pravoslavný,1615
error,22502
stacionář,22503
unikátními,10756
pořádáme,5151
samolepkami,4493
přídavek,18241
zvýšili,12703
posilu,10899
markery,22504
předkrmy,22505
kněžství,22506
posuzovány,13132
stoji,22507
skotu,21129
seznamte,22508
odpadá,22509
udělovaná,22510
vibrací,22511
kliknete,22512
skladováním,10019
otevřen,8468
young,22513
hon,16870
jihočeští,1321
osolíme,20964
pohlavních,16062
ulehčí,21882
transferu,20039
zjednodušení,22514
začleněny,22515
pobírání,22516
zápornou,14747
dřevěnými,6945
literárním,3154
figuru,6951
členěna,21310
postaveno,7907
přilijeme,22517
upevní,18546
vymezují,21697
zaujímali,22518
skriptu,22519
spolubojovníky,22520
řešeného,22521
teritoriu,10467
krytí,22522
skutečném,10244
průměrnou,14205
svíčku,4804
řemenů,22523
vzhledem,22524
zlomek,22525
nominální,22526
kůl,22527
předpisech,11400
aktuálními,5708
dubnovém,12889
označujeme,16318
zemědělském,1752
chlupů,5709
létajícím,22528
postih,18808
vyskytuje,9715
stáží,22529
kadetů,22530
jest,6557
stáda,21713
che,22531
záměnou,22532
středových,9146
nejbohatším,9697
stanovy,18460
jelen,16877
dočasný,11701
odborní,2754
typograf,22533
střelami,9406
důlního,22534
kníže,3497
culture,22535
strachy,14766
předpisem,11400
uváděny,13966
evidujeme,12177
získáváme,10658
otroky,12790
okvětí,22536
korkové,22537
detailnější,17645
jedinej,3936
významnosti,11482
šikovný,11672
vypsat,6190
propojeny,9319
smír,15556
tumor,22538
výrazem,6462
náležící,22539
orla,22540
mladému,1204
týmům,2723
dlouhodobým,11216
vyřazovacích,22541
vydali,9131
step,22542
vybráni,5088
časovým,8349
tenisovém,2603
terén,17886
upravovány,16762
mračen,22543
čili,22544
vypsána,6190
koná,13005
tůně,22545
sono,22546
příležitostem,6794
osudové,22547
papírování,5828
prošli,12548
správnosti,16009
vychovávali,6431
psanou,10847
průtoků,22548
dědičného,5057
pohled,13576
nevýrazný,22549
týdenním,9365
mandát,16945
patek,15452
sehrál,7731
dohodne,4190
souborům,9577
přestavěna,19852
madlem,3985
nosem,9824
podélná,9910
uzivane,22550
lakována,22551
rozpis,18283
klimatickým,5671
začínajících,14996
nesmírně,22552
podporuji,6619
správném,7873
extrakty,22553
tempu,13489
jazykem,2849
návodem,4222
rozhodné,22554
narazil,17667
mezerník,22555
ráže,22556
pojmenovaná,22557
nepochopí,9100
mouce,10884
sušších,13473
tělesný,4886
lomu,16848
ráji,7898
tříletý,9189
údajích,6329
propadá,22558
transport,16040
duet,22559
nešťastně,22560
malebném,9775
vznést,22561
prohlubování,22562
uplatněny,22563
nedělalo,3911
vyvíjelo,4841
přistáním,15852
střídáním,10021
negativních,14202
zastaveny,10875
svíce,22564
soutoku,22565
vcard,22566
velkému,2604
vrstvám,6659
izolační,18800
zkusíme,9226
ozdobných,12238
vzorový,10066
bohatstvím,8519
dog,22567
stálých,5046
úplnì,22568
integrovaném,2490
zarudnutí,22569
naruší,18367
čaji,2034
označen,19681
nestaví,22570
dobývat,7272
členstvím,11393
oblékali,11137
odpočtem,22571
nedostatečného,7491
způsobilostí,10450
zredukovat,22572
celkovém,13802
chráněným,14774
opak,21861
amatérským,314
zabránění,22573
dnem,8036
větou,6006
tribunál,22574
obchůdek,2992
povodňových,10094
popsat,14497
angl,22575
límečkem,22576
pozlacený,12919
výbušnin,7834
počkal,12119
zákal,22577
nenašel,5746
lékárníkem,15840
sehráli,7731
strukturách,4877
normám,2400
chirurgickém,8054
starověkých,14127
kruh,15497
platpřed,22578
perfektního,21052
očištění,22579
psán,22580
podstatných,13017
přiměřené,15941
uherským,3882
rozloze,9566
mast,22581
vyrobeny,13125
leteckým,912
editována,12693
údaj,6329
jack,22582
válcový,22583
zaměstnáno,4135
zdolali,14718
ovlivněno,12837
prvotních,11895
vymyšlený,10655
rychlou,4802
implementuje,20841
prodloužením,16037
následkům,17983
chrámem,7340
učitelský,5096
navazující,18906
zkrátil,10925
jednotlivou,4781
trefně,22584
obchodním,2258
odolávat,19607
děkovat,7865
kotoučů,22585
eurech,5998
lahodnou,16020
budován,15712
průtoku,22586
opepříme,22587
neobsahují,15298
upovídaný,22588
ostatni,22589
jidiš,22590
zásobovaná,22591
léger,22592
syté,22593
subjektivitou,22594
třísloviny,22595
šedého,8846
kamínkem,22596
varlat,15419
záviset,14913
odliv,22597
triddlerů,22598
přibývajícími,22599
normal,22600
náhodným,10203
upřesněno,6948
rozlohou,9566
klíčem,3404
přípravku,10627
umožňujících,19407
přívlastku,22475
user,22601
přijaty,15507
halový,12981
stavebnímu,5273
ukrytý,11097
bulbapedia,22602
spojte,10850
kombinací,9526
píchat,15646
domorodých,9837
podpořeny,4247
týdenních,9365
sněmem,22603
jednotkové,22604
mikroklima,22605
neopakovatelnou,21022
silní,9786
moooc,22606
reflex,21987
sebedůvěru,20583
vrcholový,5168
podepsány,10934
rychlým,4802
lokte,14011
prostým,12806
setkávám,13668
vyplnění,22607
obdivoval,11171
dírku,22608
zdrželo,14495
opatřený,21812
tuňák,18767
ošetřovat,18211
plnost,22609
ročníkové,22610
následován,8066
steak,17065
kolekcích,3090
protection,22611
hodnoceno,7227
držíme,5695
napsat,6132
product,22612
údolích,22613
králem,6106
lakovaný,17301
převyšuje,22614
citronovou,13226
ked,22615
revolucionář,22616
karmelitánek,22617
povolených,1745
výstižný,16866
board,22618
humanista,22619
záplaty,22620
podtrhne,22621
omezením,19826
účinosti,22622
hliníkovými,4014
hlídač,11235
botičky,22623
vlastnostmi,12377
tělech,2513
potvrzující,22624
objevených,14864
zákonných,6810
označených,19681
zadáváte,22625
rodičem,2530
spřízněných,22626
tělní,22369
omezovač,22627
aplikovány,22628
břidlic,5728
jednal,7870
snižují,13442
sloučeno,6612
fusak,22629
umožňovaly,15897
likér,22630
zastávkou,6309
voj,22631
interwiki,22632
vsak,22633
pozdně,22634
překlad,15519
autoimunitní,22635
raných,16357
velmi,22636
pušek,2813
úplněk,22292
obrněný,1620
pronásledovat,15802
cam,22637
bezbarierový,22638
mistryní,22639
dokonalých,8145
složeny,11356
platvčera,22640
odborností,11837
šestiválec,22641
nabývat,22642
real,22643
provedeno,13965
přijedete,10379
svrhnout,22644
vybráno,4474
dřevinami,8566
podmíněno,18785
vzrůstem,17612
robotem,6189
osedlostí,22645
výfuků,20207
tram,22646
porodem,10663
uzdu,15892
širších,6755
basová,22647
optimismus,21069
nazval,14081
uvolňovat,17953
hodnotu,10132
rumu,20152
plan,22648
přesnou,15770
gregoriánského,22649
podezřelým,8261
provedl,5893
mikrofiltr,17741
vývojovou,12934
fucked,22650
předčil,22651
růstem,12340
objezdu,22652
vyšších,2908
jednoduchou,11045
odemčení,22653
položkami,8902
zhluboka,22654
dvojitého,15034
přesahy,22655
růst,12340
ledem,4670
proutí,22656
hmotná,19269
stehen,19942
semen,6596
přijatelný,9477
jakostní,22657
chytání,22658
dospělý,1614
emoční,22659
ledový,4598
vybraným,4474
nesouhlas,18271
podepsané,10934
králičí,22660
poradte,22661
lokalite,22662
sestaveny,4133
podmíněné,18785
učni,20956
dopátral,17512
kouzelný,8946
tréninkem,10366
úměrný,20351
imitací,16079
kopulí,22663
štěstím,15577
bezpečného,6149
zasazeny,17186
optimálních,11877
zoubky,22664
masce,8229
raketoví,9860
vytvořil,9257
otvoru,19012
snížení,22665
přistát,14211
silnému,9786
analytický,7163
kon,22666
upgradovat,22667
kruhový,5337
princeznou,1921
mlékem,10335
uzavřel,10338
hlasů,6528
letový,10023
ignoroval,12660
podstavcem,22668
rozpustný,16668
ocitá,22669
vzájemnou,8944
konkrétním,6919
blízkému,4865
pletí,22670
bezvadný,11022
handicapem,22237
zemních,22671
úvazek,22672
typickou,8354
vymezeno,22673
velšský,19523
rozborem,14651
participation,22674
silnou,9786
jámu,13236
kliknutí,22675
milostného,18824
nalezeno,15766
oživil,12680
nesmírnou,22676
pnutí,22677
užitím,2829
horkým,2240
dlouhotrvající,22678
zkonfiskován,22679
korba,15491
postupujte,10293
manželstvím,12148
odsoudit,5083
kombinaci,9526
krytím,22522
trupem,15414
asistencí,3766
mažu,21773
zvoleným,3670
potomků,19113
hot,22680
předpoklady,17880
slibné,22681
magnetem,22682
pátém,7325
houslový,8049
nachází,14904
posvětil,22683
otěhotněla,17011
nedůvěru,8250
omyjte,22684
zastávali,12432
konanou,22685
javoru,22686
nepřesahující,22687
sbor,13572
standardizovaných,17588
rituální,22688
nárazník,16826
správci,8277
úhlem,8331
maturitním,9425
obecnou,13783
svým,7991
nehtu,9235
vztah,11871
zaútočit,13953
uzavírají,22689
pracím,1196
cupu,22690
knihe,22691
gelová,22692
pojištěných,4928
vkládáme,22693
vázaný,15915
aktivací,22694
rohem,7144
strašnou,5768
odhaduje,20905
nepatrné,20471
garsoniery,22695
dešťových,3191
povídce,4227
vzácnou,16316
páru,3552
prašníky,22696
zdrav,13350
rozebrání,22697
třílůžkový,22698
nástaveb,11780
přímluvu,22699
poptávkua,5909
iné,22700
cestovním,6514
skvělými,9241
osobitým,6900
uskutečnil,9865
mazlení,22701
stručným,13650
židovskou,12666
toleranci,16303
porovnat,22702
location,22703
ofenzivní,9966
schopnostmi,8431
vracíte,12774
buxusy,22704
příkazům,13716
zajištěn,18261
garancí,7773
modern,22705
podélně,22706
ovládacím,22707
vanilkové,22708
vzorně,22709
prodávám,7348
spadal,16043
výletem,7457
konal,13005
dohodnutý,14177
ochránil,17316
dobrém,6917
kontaktu,14240
dodrženy,22710
vyslovuje,22711
vystaven,11426
průchodnost,22712
císařský,9164
příčného,20192
tetanu,22713
krásnými,8903
dobrovolní,10246
použijete,8961
dvěma,5685
enjoying,22714
bílých,5806
niklu,22715
peklem,9272
vyznávají,22716
prokazovat,19134
zaostal,22717
souborné,22718
hyaluronovou,21284
ztracenou,9358
sympatií,22719
uzlu,19587
which,22720
nejbližším,4865
hmotného,19269
pneumatice,8829
přeložených,20684
tmavý,6325
jeho,9234
lorda,19927
snažší,22721
obtížnosti,19368
palivem,4832
podprogramu,22722
počkej,12119
podvojné,21963
nejedno,22723
domluvte,10480
niva,22724
černými,6939
váhání,22725
rovinatý,22726
obvodem,4366
nedaleký,17427
genocidu,22727
několikátý,22728
výhledově,22729
zázračný,19563
hodnosti,22730
hmm,22731
dostatkem,15685
odměněni,13825
filtrem,10027
gelových,22732
nenapsal,6132
patice,22733
písečných,5761
narodily,22734
póry,22735
koresponduje,22736
kvalifikovaných,16901
milostné,18824
sedmkrát,22737
občanském,4984
sladkou,6888
střediskem,2554
kvalitním,1861
events,22738
tradičním,3163
květnovém,7772
výplně,22739
potvrzovací,22740
vytvořením,17397
nosnostní,8332
obdélníkový,11638
srdcem,5289
rovný,10177
měnovou,8452
navrací,22741
přeživších,22742
udrželo,8018
odd,22743
mlíka,13300
prosklenými,22744
roztočů,22745
dodržujte,13110
tamním,1739
přiložte,19542
telecí,22746
zpřísnění,22747
plodolistů,22748
optimalizuje,19650
sprinter,22749
příměs,22750
rozpadne,16074
pověřených,7233
překročit,10164
pojedu,9619
udržován,10002
nabírají,22751
sňatky,20676
penis,6451
trojí,22752
slonoviny,22753
označovaného,21549
pancíř,22754
vystudoval,21632
drsným,7187
překladech,15519
definici,14324
podstatný,13017
úměrné,20351
heřmánku,22755
založil,15435
srdcích,5289
filozofickou,10380
pěstounů,22756
podrážky,22757
námořníků,6915
zděnou,22758
tucích,11777
popisné,22759
delšími,7565
ewa,22760
oranžově,22761
výzkumném,2295
obdivuji,11171
moření,22762
leq,22763
časovém,8349
baroku,9418
vylepšený,16311
zhola,22764
hloubi,22765
havaroval,22766
zásobní,22767
přepisováno,22768
krystaly,15258
zjevný,6558
obnovený,4194
obr,22769
setkáním,16438
podšívku,22770
osádky,22771
klesání,8150
certifikaci,14095
rtěnku,22772
romantismus,21374
komentář,4609
mezzosoprán,22773
giveaway,22774
povídkou,4227
obohatil,11182
počkání,22775
veliteli,8805
nástrojích,8761
odpor,22445
shrnující,22776
bronzového,18710
trek,22777
vlastností,12377
specifikuje,22778
předcházení,22779
můstků,19077
extrémně,22780
řečtí,2038
recenzovanými,22781
loukách,9892
kolových,14214
syndromu,22782
přesměrováni,11395
vázaná,15915
květenství,22783
vitalitu,22784
impregnace,22785
hradbami,11529
adrenalinu,15446
clip,22786
pilastry,22787
neho,22788
vyšplhala,22789
netvoří,8507
poohlédnout,22790
početnou,5787
ukrýval,21363
skocích,16272
oxidaci,22791
plošný,9476
přihlášený,15956
příznakem,13244
váží,14836
indikuje,22792
nahlížet,22793
přípustné,15075
sedláků,5125
pokusím,9413
určující,22794
samou,1565
bohatou,9697
věnec,18057
přejmenována,22795
invalidním,10753
přídavkem,18241
filosofů,22796
doplněné,16627
diagnostikou,22797
strašlivě,22798
generovat,16255
terorismem,22799
sólista,22800
gramu,19491
oříšek,7201
šitý,22801
měnový,8452
neprošel,12548
ochranářskou,22802
náchylný,20083
výhradou,13060
strukturovaných,12052
roztroušenou,12416
plastovými,2488
krytem,8476
utvářejí,21905
léčebný,8740
středním,10758
povinným,5747
porovnáváme,13379
vznikli,22803
záď,21643
ukrývají,22804
původem,20997
slovním,10461
toliko,22805
cyklistům,10492
vyhověno,22806
kolektor,22807
protlak,22808
zrcadlový,22809
respektovali,13671
odvozených,16044
gotický,4713
zakysanou,22810
communis,22811
sypané,22812
šipkou,4020
arch,22813
http,22814
kontrakt,21176
doteku,15238
sídlil,3242
přejete,22815
koncovým,2115
vyhověl,18203
aplikované,14712
stisku,22816
bydli,9986
vystavil,7433
vyvodit,22817
ročníkem,9328
vybuduje,11147
společensky,22818
semene,6596
vitamín,8488
snoubí,22819
převodníky,22820
zásobník,13934
zkušených,9915
dvouhře,22821
pálením,22822
identická,19687
klasickým,1609
vystavěný,16225
celokovový,10178
léno,22823
doklad,16710
limitu,14675
uctíván,22824
propracovanou,16344
snadnou,15623
starověk,19143
dojmů,16071
sebevědomý,14046
výsadbě,8651
zlomeninu,8444
note,22825
použitelné,15933
nezažil,9376
tvarovanou,22826
punc,22827
vážící,22828
biskupem,5198
účetním,6576
stručný,13650
záložním,22829
nevyhnuli,22830
zaregistrováno,22831
zareagovat,5155
centrálním,1039
ras,14311
tónem,12331
půjdem,22832
toner,22833
zvoleni,3670
neúplný,13497
estetický,7008
osobním,10342
fair,22834
malými,4253
indiánských,17382
akcelerace,22835
nepříznivými,22836
považovali,8531
hroznou,7262
tema,22837
minul,11605
reverzní,22838
prohlubují,22839
osamělý,17338
hebrejské,20624
předloženy,12087
prvém,10142
vrat,4140
krystalem,15258
prolíná,18694
horolezecký,4485
pohladit,22840
takovémto,4225
ženat,15783
smazaných,22841
dusit,22842
albech,7488
jablky,3343
viděním,3748
vládnoucích,12572
kritickou,9916
ustanoveních,14848
institutem,6211
zdarmakód,22843
jasmínu,22844
nasazenou,10768
jooo,22845
sestrami,1576
nevýznamný,19410
sběrný,16704
sadou,5807
popálenin,19921
oslavující,22846
vajíčkem,11087
vytvářeny,14972
podélnými,9910
odkaz,9117
kartonů,22847
běžným,2622
lišící,22848
lumenů,22849
debutu,16170
maximalizaci,22850
sklízí,20470
úctu,6826
cupuje,22851
komplikovat,20948
komfortu,22852
zasaženo,11267
přesunuty,22853
letěl,9470
trojnásobný,22854
nepoznal,6667
tra,22855
obracím,22856
argumentem,18474
trvalém,7016
pružnosti,21904
atelier,22857
charakterů,20141
pokročilými,12553
patní,22858
lékárníkovi,22859
přínosu,19383
snow,22860
nul,7625
vic,22861
trvanlivosti,18295
potomstva,15487
přijedu,10379
nějakými,1841
najit,5746
přátelskou,7492
přeřazen,22862
lokalitu,3276
pocházeli,11128
milých,8856
zakládající,22863
spermatu,11122
diskutovaných,11590
vymezení,22864
zapisují,11240
emocionálně,22865
těžký,14372
morální,11299
sukní,3340
sólové,14781
ztrátách,4424
mostem,4876
paždí,22866
zachovalou,20741
terény,22867
přemění,20896
mikro,22868
severněji,19818
výtečný,20930
odebraných,22869
služebním,5774
zabývajícím,12972
ověřenou,11499
aspekt,4847
mandáty,16945
prostého,12806
propojeno,10670
datum,5334
proškolení,22870
zraněných,13104
přenocování,22871
napsán,18928
obrat,19296
dutého,16942
západnímu,2055
zapsaný,19327
očekávanou,17835
gumových,9249
socket,22872
přesahuje,21551
úplném,14161
klitoris,22873
prod,22874
optimalizací,22875
dvacetiletý,16585
trumpetista,22876
přestavět,22877
dominant,22878
programovatelný,10224
veršů,15823
čtyřhře,12849
zlým,12358
obchodník,9794
dobrem,12273
okt,22879
kteri,22880
položil,10891
škrábanců,22881
skautský,9535
velmistr,12521
jiz,22882
pístu,22883
pláštěm,15349
hrával,22884
panoval,6690
lahvičce,22885
kontě,8474
nestanoví,22886
ropný,7297
aerodynamický,20259
zhotovena,7385
závěrem,9591
křižáků,22113
zjištěn,9471
kotníků,21892
žádným,4447
ozubený,22887
vymezen,22888
křižáky,22113
tepelný,3558
příjemném,7013
snižoval,13442
oslabenou,13012
ověřovaných,22889
umožňovalo,15897
občasným,9407
kloubech,4896
skotský,2646
palácem,2742
příhodné,22890
schváleny,13046
vad,6751
podělil,16885
erozí,22891
anorganických,8361
bysme,6557
údolí,22613
nováčků,10887
příchozím,14258
práškem,3848
obecných,13783
důstojně,22892
markrabě,17797
ech,22893
clonu,15035
působištěm,22894
levou,12836
pověstný,14985
pomerančový,15663
udávají,22895
akordeon,22896
zdění,22897
kids,22898
suchého,13473
odcestoval,21869
pomůžete,7493
zavraždili,7096
blahodárně,22899
pastu,12434
udržovaný,14700
jakému,12365
spodním,4999
doplatku,22900
dílek,12494
vyšplhal,22789
esencí,22901
volnými,9237
zaslány,22902
montážních,13859
krajně,22903
umožňovat,13353
teprv,22904
doporučena,9693
navýšením,19119
doplňoval,15085
doplnit,7663
vyrostou,15632
jednotném,9216
integrací,22905
intravilánu,22906
ostny,22907
kožených,14104
vytvářením,12723
čertem,11920
poznámkou,7022
nahrazuje,16038
typově,22908
vanilkový,22708
dotazem,12131
bajonetem,8440
naprostý,9325
stejn,22909
látkovou,16955
kostkou,5851
without,22910
flex,22911
otvorem,19012
rozšířeným,3895
narazili,17667
rozšiřují,14987
over,22912
mořskými,5424
lamely,22913
podmíněná,18785
odchylek,10358
dělostřeleckých,9891
shodu,14335
zaslání,22914
odnímatelný,17350
klín,11922
nerezovém,5073
královskému,3031
potkávám,22915
znějí,9202
zkamenělin,22916
dosahuje,20642
blokován,11347
loukami,9892
dojíždí,17575
opuštěna,7587
platebním,5624
nacházejí,14904
roucho,11598
modlili,17054
křečových,11923
tropickém,5781
ojedinělým,11070
vnitřku,22917
review,22918
obraťte,9104
zvládnutí,22919
chybného,12073
testovacím,22920
mokru,22921
psáno,10847
hnízdní,22922
toast,22923
fialovou,10782
jasným,6092
označovaných,21549
neurčitý,22924
oku,1449
ohromujících,17892
cez,22925
rekreačnímu,16917
vyhlídkový,4300
označována,21549
basové,22647
vyhotoven,22926
vysokým,2908
početí,22927
smyslné,17874
vzdelání,22928
betonovou,5938
jezírku,6621
nábor,17293
devátým,3247
probojovat,22929
celkového,13802
šálu,7551
syntaxi,22930
poraďte,8756
implementovat,20841
malbami,1944
synovec,4503
měkkými,14817
světelným,1289
píst,22931
odlehčovací,22932
předběžnou,13364
part,2664
voděodolnost,22933
grapefruit,22934
dirigoval,19391
hromadný,6811
lepku,22935
germánských,16784
biskupovi,5198
průměrem,17045
stavbám,1795
špičkovým,1792
konvenčním,4633
jemného,14261
koz,4964
klášteru,5366
korekční,22936
nedalekou,17427
vpád,22937
historickému,3390
kovovém,5720
cdot,22938
onu,11514
nouzových,17473
smyslnost,22939
charakteru,20141
globálním,12239
znevýhodnění,16420
umístěným,6918
mechanizmů,22940
slovesu,13028
impulsem,5395
prodyšná,17168
těsný,12074
protékající,22941
mezerou,14614
kostmi,12004
náhodném,10203
temném,3795
vzlétly,22942
krýt,22943
dávnou,3984
tiež,22944
dosáhl,10570
bojům,7886
mletého,10518
památku,4189
onemocněl,18086
clubu,22945
věčnou,5325
pancéřování,22946
porostlá,22947
znamenají,9281
zamilujete,15388
dotyk,18270
praktickými,10385
hmotných,19269
mašličkou,22948
sedmnácti,19923
sigma,22949
košík,19032
připevněn,14489
štípané,22950
nutričně,22951
aplikovaný,14712
argumentovat,11752
udělována,18039
přežili,11438
prozkoumat,20409
žel,22952
velikostech,15579
forum,22953
tvoje,20653
vzat,13077
kladů,22954
lisu,5786
dosáhlo,10570
nabývá,22642
opraveny,13330
trénincích,22955
hlasům,6528
opor,10816
příslušnému,8095
zapsání,22956
krásný,8903
natřít,22957
tisícům,5406
mor,17608
bojoval,13814
revertoval,22958
středověkým,9343
marcipán,22959
agility,22960
pastviny,19626
závažný,11637
vice,22961
příslušném,8095
víš,3307
napínací,22962
zvratů,22963
pobřežím,4667
přiznána,22964
vidlici,22965
levo,22966
sjednaných,15028
usnadňují,22967
lékařským,1760
překonali,19695
napsána,18928
kolizí,6843
netriviálních,22968
rozkol,22969
územními,8640
konečným,7637
přikládám,21468
třetím,8595
nezbytného,19756
rozumové,22970
zvrat,17403
vyložit,19022
použitelný,15933
aktualizovány,15997
pohybem,9141
vonná,15826
charaktery,20141
kořistí,8757
uspořádán,11401
zasílejte,16519
domluvu,17700
kotvení,22971
ledovcem,5830
polstrováním,22972
jmenovitý,20747
prutů,17691
globálnímu,12239
folií,22973
posoudil,14948
jednoduchostí,12591
emigrací,22974
krajinný,6024
prohlašuji,6828
kužel,17824
bla,22975
hraješ,2873
skoků,16272
none,22976
neskutečný,10244
ohodnocení,22977
údaji,6329
bílými,5806
mokrého,12397
esteticky,22978
posvěcení,22979
plechu,7941
kapitálových,9288
distanci,22980
bílkovinu,8738
choval,10447
dvojlůžkem,11636
ochranný,8306
překládá,16738
válečky,22981
gram,19491
revizí,9231
hold,22982
shodě,14335
přežívat,11438
živočišnou,7427
souvislé,14943
praktický,10385
syndromem,22782
vstřícně,22983
čile,22984
interier,22985
hurikánu,22986
sousedí,22987
potomci,19113
cestovatelé,4210
obětuje,21283
prověřeno,22988
jihozápadě,8318
lanko,22989
issue,22990
tyfus,22991
potřebný,9172
vyhovoval,18398
buku,22992
elegancí,22993
pojmenovat,22383
usměje,12240
zakládají,19118
vyčíslit,14263
jezu,22994
popsána,14497
pasta,12434
miluse,22995
osazeny,14256
žádám,4352
transportních,22996
převodovku,6752
vyhlášený,8384
vydávána,11639
kyčle,22997
mnohými,5066
dvojnásobně,22998
kontrastuje,22999
vzdorovat,23000
keramických,6661
románských,7413
velice,23001
použitým,23002
těžbou,11915
zázvoru,15235
přínosný,16623
členskými,10927
vykonán,23003
přijíždí,21707
převyšují,22614
čerstvě,23004
náboženském,7477
nabytím,23005
prokletí,23006
přistěhoval,23007
smlouvám,2398
vzácných,16316
usadil,11680
smlouvami,2398
hnutím,4413
zdržel,14495
kontroverzním,5051
podrobným,5433
srážkou,18063
merino,23008
popsané,18934
poloostrovem,11402
upravující,17981
špenátem,13755
označená,19681
odměnit,13825
dimenzí,5252
disertační,23009
intervaly,17206
dvorním,14180
luku,23010
our,23011
nezapomeňte,7080
otevřeným,8468
časopisecky,23012
dialogovém,23013
osvojí,20958
sedimentech,23014
uděleno,15799
etnicky,23015
superior,23016
uschovejte,23017
dekorů,23018
ukončenou,10704
typovou,23019
zvoleny,10077
slo,23020
free,23021
ostřikovačů,23022
lidství,23023
šípů,12122
andelka,23024
nejv,23025
chtel,23026
ční,23027
vynutit,19602
verzím,901
sólových,14781
žal,23028
překl,23029
prvním,7760
procedurální,23030
nejstarším,2793
klikový,23031
neoprávněný,14434
přepočtu,23032
jednoduchému,11045
sandály,17587
cannot,23033
velkej,23034
lisovaný,23035
slohu,17362
nárazům,15920
podstatným,13017
těžit,19765
kvalifikovaní,16901
letním,6219
učebním,4680
rybami,4360
tri,23036
minerál,15176
přel,23037
nevratné,21499
nanejvýš,23038
přidám,9781
mírnému,18402
ujede,21847
lehkosti,23039
krutou,11295
rozběh,17132
zeleném,5163
doprovázen,17644
věkově,23040
glovers,23041
single,23042
vzdáleném,5783
hydroizolační,23043
škod,4874
vrátíme,5518
podařil,13629
fyzický,2499
pozůstatek,15824
bonusu,12091
hrst,12785
aspektům,4847
pořadovým,14737
bariéru,7378
opsat,23044
členskou,10927
přerušeny,12599
slad,16685
výtěžek,15635
dostanu,3104
kšiltem,23045
netkaná,23046
přiložen,19542
nemocnému,3588
přicházíme,10433
hrubší,16595
stanovena,17767
dvorcích,20609
aplikována,22628
lehkých,9609
narůst,20646
feed,23047
ztvární,13444
přívěsku,15871
bídě,11287
khaki,23048
objednací,23049
skalách,9742
touch,23050
vídeňském,2930
sira,23051
definováno,21406
vyzdoben,23052
navázaly,23053
rozvaze,18134
vikářem,23054
statečný,12050
sme,6557
vysvětlíme,9195
překrývají,23055
nezapomenout,9595
drátem,4377
registrovány,17613
viz,23056
vytrvalou,10115
křestním,23057
jevil,17607
jezdil,16322
židům,19110
ustanovil,23058
mateřský,1953
zamilují,15388
skokem,16272
hebrejštině,23059
testovaný,23060
břevno,23061
výnosem,8466
čeledí,14247
přez,23062
polstrovaný,23063
vyvinut,12651
výběrový,5487
čist,23064
uděleny,15799
hvězdiček,4491
dynamikou,14579
trpěl,9170
skeptický,23065
doporučuju,9691
kolene,10010
splňoval,18154
zdvojené,23066
tagu,23067
gramy,23068
nejvyšším,2908
přesun,11865
milými,8856
drobně,23069
definovaný,17364
uzdraví,23070
řadil,14023
prováděna,13431
následníkem,11997
popisuje,13440
doplňováno,15085
duševním,10101
dvacátý,5476
bavorský,2125
příjmeními,21404
obdélná,23071
vykonal,20578
povstáním,6792
pouzdře,10713
druhými,5975
rychloupínací,23072
škálováním,23073
registrováno,17613
rotor,13692
hřbetní,23074
starty,4431
soul,23075
mechanický,4801
mýlit,19682
pozbývá,23076
rudých,6611
faktor,12453
profesionálním,4081
obdankovany,23077
štětinami,18777
dojmem,16071
kombo,23078
kanovník,23079
divnej,23080
příkrm,23081
studiemi,1219
certifikáty,19089
příliv,20611
značného,8561
information,23082
francouzskému,1452
odpadovému,9316
aplikovat,22628
komunitou,5528
začínat,11729
tvých,20653
elementárních,22480
stavům,13642
kristi,23083
podtextem,17567
mihotat,23084
úděl,18974
shoduje,17162
obránci,21920
jezdcem,9672
vydanou,14714
závitem,23085
krov,15537
důlních,23086
vložka,16461
povrchově,23087
sbírali,15074
čestně,23088
tvořil,8507
květ,16269
vaginální,23089
zvaného,17377
rodáků,23090
pocitem,18127
chřest,22392
lodních,10328
vyrovnaném,11403
skrývá,18692
puku,23091
originálními,7005
vytvořen,9716
symbolem,12068
vysvětleno,9195
věcnou,8646
náznaky,20367
děkuji,16054
zraje,23092
diabetiků,10977
bílo,23093
skromný,15792
hurá,23094
nižších,14520
posíláme,6631
vyjel,16293
infikovaných,23095
vyhýbání,23096
konstanty,21654
obale,7967
odpuzuje,23097
rozuměl,8951
doporučená,16130
pokládán,10370
totálně,23098
katolickém,924
kladl,12318
vydrželo,8337
kaly,12602
zúčtování,23099
středověk,17269
rekordním,18490
kráterů,23100
vlas,3237
zasvětil,19244
horninami,10058
oborům,9115
členským,10927
teolog,23101
výkupu,23102
silněji,22400
vyneslo,7841
komunitně,23103
narodili,22734
library,23104
zatouží,23105
kapitalizace,23106
vložím,9439
plnou,14217
lady,23107
aplikovanou,14712
biochemik,23108
šestým,6913
cyklostezku,5217
přestoupil,22402
sbíráme,15074
hrubá,16595
based,23109
novějším,2294
zajišťovány,20385
midi,23110
informujte,224
spěchá,14058
přispění,23111
utm,23112
modifikovat,23113
křižovatku,7904
vydal,9131
shodného,16078
dochovanou,23114
nasycené,16128
vyhynulý,23115
zjednodušuje,23116
vašim,5279
létal,23117
olivového,17670
ještì,23118
mělkých,21546
nákupním,10792
brzdou,14447
organicky,23119
vloček,7193
papa,23120
kruhových,5337
bobkový,23121
teriér,23122
zachován,12334
básních,10491
matnými,18146
copak,23123
klepnutím,22133
vyústilo,19972
završení,23124
zneužít,13856
sanaci,14329
pověřeným,7233
human,23125
náleželo,17084
přebytečný,12963
problematickou,12999
stisknout,23126
mus,23127
nezávaznou,23128
mystické,23129
prstenec,14578
vzácný,16316
plovoucích,10841
nadčasovým,13230
předepsaného,19147
dostanete,3104
otevírací,23130
nalezneme,10045
hraničí,23131
nacházeli,14904
přátelský,7492
souhrnná,16359
vytvořeným,9716
organických,11545
nezareaguje,23132
osamělých,17338
kalu,12602
vyslán,2779
správců,8277
intrik,8780
přecitlivělosti,23133
náhodných,10203
šatům,23134
obvodovými,11243
zvládl,11761
hlavne,23135
granát,6034
radoval,12625
provedeme,5893
vizte,1481
teologických,8616
ovocnými,10104
sladkým,6888
členský,10927
projetí,23136
zhruba,23137
svazkem,9183
přirozený,12614
krátkosrstý,23138
navyšuje,23139
kolektivem,23140
čtyřem,7136
storage,23141
jakýchsi,9717
křížence,23142
kokos,23143
kartičku,23144
vločkami,7193
utvářet,19615
snímačů,23145
peněžním,12923
klarinetista,23146
arteriální,23147
rozchodem,18226
nebudeš,6557
vykonávali,9562
pevnosti,20957
přesahovat,21551
náporu,23148
většími,2604
gratulujeme,23149
vyjížděli,23150
pojmenovány,22383
terapeutické,17732
vážným,5162
nedej,23151
mozna,23152
lepí,21355
světec,23153
rozvinout,14186
svete,23154
jednotkách,1393
kopci,6367
překonává,23155
prožije,17509
konvoj,6829
těsnost,23156
nelegitimní,23157
zkameněliny,22916
zapínáním,23158
vyhodnocen,16147
střídavý,12735
členěním,14673
švýcarském,1624
integrační,23159
latte,23160
obsaženo,14857
měděný,9162
řešitel,23161
posledně,23162
kapitálovém,9288
zabito,20294
intenzivnímu,13415
aplikovaných,14712
ústavem,6168
větviček,9440
půdách,973
smyslových,18079
ochotu,9033
náročnějším,3630
černo,23163
schválil,4425
zakončena,17724
rozptylu,23164
dírek,23165
biblický,2347
slepých,12263
akov,23166
zkouškám,5643
pozvolný,23167
zajištěnou,18261
přídavný,9135
normativní,23168
shodný,16078
stovkou,5451
ovčího,15614
hattrick,23169
stával,11591
použiju,8961
letními,6219
lakovány,22551
ptáček,7754
slepou,12263
vyrovnávací,23170
německém,1666
nenastoupil,8801
poznámkách,7022
komplikacím,13566
antisemitismus,18536
dláta,23171
nazývána,20506
dárkovém,19233
omlazující,23172
prachových,18388
měrné,21911
kredity,23173
klikne,23174
uzavírá,22689
sestávají,14020
příbuznou,10693
tagů,23175
maj,5944
zářím,8369
cvočky,23176
pahorkatina,7249
konfliktem,9118
andělů,18516
dovednostech,15126
zoznam,23177
hopu,23178
kwh,23179
voleni,4918
vera,23180
vaničkou,11674
bláto,23181
kroutící,23182
vyhovovala,18398
trojúhelníkový,18976
dokončili,10443
ježdění,23183
zdál,9777
tygří,23184
jezdíte,16322
svádět,13246
pokořit,23185
upravujících,17981
instancí,13527
navštěvoval,12467
ohroženého,10301
posílily,16379
status,22282
bazalkou,7241
užíváno,23186
kozačky,23187
peřeje,23188
slibem,9094
určite,23189
pěnou,10695
praporem,9176
vyvolán,15134
užším,8939
sena,6463
elfů,14954
souvisejícím,15395
great,23190
obloukem,9888
souvrství,23191
ekvivalenty,23192
problem,23193
označovaný,21549
podrostu,23194
měřil,7522
vázat,23195
přitéká,23196
prorok,23197
spoluhráčem,11938
lesklý,9635
napište,6132
zlikvidován,15860
vektorový,14921
končící,23198
základ,19361
žebro,18649
nejistotě,8755
nadzemním,23199
bestseller,16939
strategickém,6581
records,23200
otěhotnění,23201
osvobodili,6103
jmenovaní,493
průměrů,17045
poraněním,23202
základů,19361
rozhodného,22554
manažerských,6908
konzervativně,23203
osadníci,23204
hnědá,12620
zřejmý,10903
můstek,19077
postřelen,23205
čínsky,23206
popisovat,13440
komplikují,20948
skialpy,23207
potkal,11000
vozíkem,7056
tradicemi,2179
přejmenoval,17710
zaslat,3951
rovnými,10177
bil,9846
končil,9583
trestných,4663
provést,5893
nezapomenutelný,23208
ovlivněn,12837
zasvěcený,18571
rýnský,23209
naplnit,15006
technickým,2025
cípy,23210
dějstvích,12755
nábojem,16442
čísly,5321
přelom,12928
lipidů,23211
utajení,23212
tesař,23213
niekto,23214
objemů,17020
cyrilicí,4892
vycházek,23215
ohraničené,23216
porozumění,23217
nehtech,9235
způsobilých,18941
tankový,2138
protiprávně,23218
svezení,23219
templářů,23220
výplatní,23221
připsat,16002
odešlete,23222
trofejí,23223
vyměřovací,23224
jezery,2317
těmto,4043
supr,23225
účinnou,10097
řapíkaté,23226
storag,23227
přesvědčením,13362
provedli,5893
nadechnout,23228
hele,23229
rozhodnut,14951
vojskem,1667
rozšířením,18423
ovladatelný,13878
flitry,23230
obnovují,23231
molekul,13053
koncentrátu,23232
severojižním,23233
kom,13314
porostu,19253
úroku,8713
pokládána,10370
anglickém,3964
platových,21101
nevhodnou,9800
funkčními,5659
limit,14675
přiměřenou,15941
povedenou,8705
pořádány,5151
přeložili,20233
překročil,10164
expedičním,7908
vážou,23195
trošičku,23234
velením,4923
opravám,2496
prospěchu,15890
pianista,23235
univerzálně,23236
výkyvů,18952
otěhotněním,23237
třídních,9649
založeny,12413
skryto,23238
zahrnoval,15841
útulný,13964
kopyta,23239
snadným,15623
jedu,9619
zakončeno,17724
úhrnu,23240
přeřazení,23241
opatrně,23242
leč,23243
turecky,23244
dojezdu,23245
makro,23246
strmé,23247
aktuálnímu,5708
session,23248
diplomovou,7379
manko,23249
ního,23250
ostění,23251
poslednímu,9493
vyroste,15632
vykouzlí,23252
prostý,12806
reagovat,6652
marii,17013
vlčí,23253
vyhovují,18398
draků,23254
částečnou,12915
zvláštními,10074
využijte,23255
coz,23256
kursů,15200
piknik,23257
obrovskými,4314
kamení,23258
nepovinných,23259
health,23260
čirá,20794
velkýma,2604
pramálo,23261
bestsellerem,16939
přihodilo,20173
jubilejním,12285
respektoval,13671
nízkých,14520
odstraňovač,23262
upraven,10323
pasuje,19403
podáváme,10912
složkám,2332
tools,23263
směr,13942
spáchán,6160
lékem,1909
držen,5695
kalíšek,23264
sjednocení,23265
objem,17020
rodném,10718
pokračovací,23266
kartáčem,12066
nalézáme,21462
hle,23267
budovány,10162
mile,23268
bezchybně,23269
rus,23270
sibiřský,23271
tělese,2494
výkupní,23272
členitý,23273
míčkem,23274
odvíjí,21266
cim,23275
odvětil,23276
nevelký,2604
skvrnám,4370
nákladem,8273
zvyšující,23277
pavla,18016
kontaktů,14240
tipické,23278
kostelem,2560
dílků,23279
zvedák,23280
těstíčku,23281
nanášení,23282
matematickou,11612
soulad,23283
přirozenými,12614
následnou,9710
přikázal,19558
hladině,15608
překládal,16738
růžovém,4327
samců,22459
vazbami,16106
škodlivým,7092
střelu,9406
zmíněnými,4156
předepsaných,19147
štěňátka,23284
odporuje,23285
udělením,23286
thrash,23287
klenbou,13003
pelet,23288
vložíme,9439
chronickou,18293
uznávána,12786
přisypeme,23289
rozpadl,16074
vaj,23290
lak,23291
sójové,7294
pásový,4708
drahým,5059
navazování,23292
organizmů,14982
metodickou,18161
mazat,19797
cizinou,2808
left,23293
tvořen,17114
hydraulických,9560
diskrétnost,23294
syndrom,22782
označit,4914
definitivním,12363
nelékařských,23295
with,23296
motýl,20030
usadit,11680
věno,23297
sací,23298
švýcarským,1624
konaný,11165
collen,23299
milimetrech,19091
snižováním,16988
přejmenovali,17710
považováni,21378
šen,23300
průtokem,23301
cílovým,4619
pokus,13563
útok,11340
mlýn,11187
sytě,23302
propuknutí,23303
matter,23304
citrónovou,9730
podepisujeme,12961
docílil,18166
krásně,23305
koněm,11481
líci,23306
malým,4253
přijetím,17550
kupónu,23307
činní,4780
rozpoznal,23308
odporují,23285
pravoúhlý,23309
stříškou,23310
specialistu,8147
ujetých,23311
vrstvách,6659
nepoškozený,23312
provdala,23313
till,23314
life,23315
neprovádí,7164
mléku,10335
samičky,16716
pokusilo,9413
princi,7119
nepřechýleně,23316
strážný,17378
navodit,23317
neuvěřitelný,23318
zpětnou,15581
aacute,23319
van,1413
stavitelem,15938
rase,14311
ponížení,23320
máku,18522
vyššími,2908
světle,717
býka,23321
dekret,17790
přihlášeno,3950
ventilu,17344
kamínek,23322
předběžný,13364
podnikatelským,1905
bambusu,23323
osazené,23324
vstřelil,23325
gripy,23326
probojoval,23327
moji,2681
demontu,23328
varhaníkem,16636
pocitově,23329
narození,23330
porostech,19253
označují,16318
vyvrcholením,14028
třtiny,23331
hmyzí,23332
existenciální,23333
úžasném,11483
ovocný,10104
navodí,23334
zdravotnickým,1523
slunečním,4674
namístě,23335
pedálů,23336
přesídlil,9783
horním,11152
vydáváme,5687
studu,20712
sjeli,23337
dojet,14419
odvozen,16044
pokání,23338
dusíme,12535
posvátný,11555
zápočtu,23339
kamenném,9012
výcviku,23340
jemnosti,23341
přidávání,23342
podlijeme,23343
rytíř,19540
vykoupení,23344
never,23345
datování,20828
dotyku,18270
pravidelným,5176
průchodu,18322
dóm,21016
loveckých,12227
abuse,23346
jmenováním,17155
průkazů,13488
pěknému,13933
přihlášen,3950
plísním,4418
kdybys,6105
varepsilon,23347
nejpřesněji,16491
posílili,16379
rotačním,23348
vystavoval,18788
oltářů,2844
ohledání,23349
zušlechtěním,23350
stanovený,17767
odmítnuta,15625
stanoveno,17767
přírodnímu,12992
bodový,1854
suchý,13473
čerstvou,11100
nošený,23351
pomozte,14410
enwiki,23352
personálním,8960
ošetřovatelství,23353
velikostně,15579
mňam,23354
chráněném,14774
všetko,23355
zklidní,23356
podstupovat,19573
implementační,23357
zvyšoval,12220
zvědav,23358
nepříjemnému,17143
časných,23359
čtvrtém,5381
produktivním,19319
křížový,9168
frekvenčním,7528
deals,23360
emocemi,23361
zemřelých,7032
výskytů,23362
naozaj,23363
vylepšil,12661
zkracuje,23364
unesen,14574
happy,23365
prožité,23366
optimismu,21069
účtován,12565
míchané,23367
dobry,12273
environmentálních,15896
brnění,23368
chodidlo,19469
pyšní,17035
předposledním,18697
zmenší,10846
inspirovanou,23369
vyslancem,8889
vazbu,16106
hydratuje,23370
slovanský,6530
skrývají,18692
zásobou,5369
srozumitelně,23371
pokročilém,12553
nežil,10100
pozdějším,15081
uzeným,7455
statutem,20179
kmitů,23372
kříži,13968
přehlédl,13579
obelisk,23373
dopadem,17408
zájmeno,13602
výhodným,10852
popisující,13440
pekne,23374
úžasnou,11483
otáčkami,23375
řeckými,2038
kotouč,17720
golfový,2094
topnou,6964
proc,2447
proměnlivou,16551
zúžené,23376
odvrácení,23377
nekonečnou,7637
čerstvými,11100
popisována,13440
pobývali,19472
maker,23378
zabývám,4673
snižující,23379
pump,5481
titulem,4721
dvojnásobný,11673
slovem,3662
keltských,13370
dámském,7290
oštěpem,21808
správcům,8277
naprostého,9325
zranění,13104
utřeme,23380
vaječný,15046
číselníku,23381
různým,2578
posledním,9493
tuberkulózou,12558
registroval,23382
pripade,23383
gradolabz,23384
kvinta,23385
morálních,11299
vracející,23386
společenstev,23387
potopena,20913
startujících,23388
vzniklou,7057
podhradí,23389
charakterizován,23390
prázdninový,8203
hrdí,20435
playoff,23391
vysvětlen,9195
započítá,23392
jaki,23393
šperku,2129
provedou,5893
následujícími,12639
vzdáleným,5783
jistém,7524
rozkolu,22969
emocionální,23394
nesmírné,22676
mimořádným,10628
nepochopení,23395
rozprašovačem,23396
thesis,23397
zemní,16753
tíží,23398
potvrďte,2155
modelový,5742
kolagen,23399
magnetickým,4765
deskami,2052
zateplená,23400
výpočtech,14305
respektují,13671
vyhráno,23401
využitelný,18981
trefit,16795
nesouhlasit,5037
svatý,3860
živočišný,7427
překrásný,14066
časné,23359
niky,12899
better,23402
zvolenou,3670
hlubších,18482
přepravovaných,23403
vyvinul,9326
kukuřičný,14336
překonal,19695
spokojenej,11827
archanděla,23404
koleno,10010
půjdehledání,23405
revmatoidní,23406
léčivými,14251
asfalt,23407
číslům,5321
vydáte,9131
dot,23408
pozn,7022
děsivých,7676
členěny,21310
elastického,14364
přiřazena,23409
hřbitovem,8687
spočítá,15317
výš,15839
drahokamy,23410
trakci,23411
tzv,7849
army,23412
dopadech,17408
kopí,23413
krémové,23414
logických,7157
dodržovali,13110
platdnes,23415
tøi,23416
sérum,23417
vynechal,9516
rates,23418
charakterizována,23390
těžilo,23419
zatim,23420
deltě,17028
svislými,7682
jevům,8127
správnému,7873
souhrn,19376
ošetřující,18211
surově,23421
pouhý,11894
srazu,23422
inak,23423
plicních,16766
překvapivý,9553
mořský,5424
delikátní,23424
vyrazíte,23425
vystoupat,23426
říkáš,3929
dramatickým,1790
zvládnuté,23427
krapet,23428
morálkou,23429
poranění,23202
řadicí,23430
lila,23431
stanoven,17767
pilin,23432
bandu,7071
norským,914
svádění,23433
mikrofiltrem,17741
splňuje,18154
saldo,23434
přikládat,21468
spravovány,10666
laskavý,20014
planetách,1653
úplet,23435
nezbyde,23436
nesuplují,23437
bas,11320
spirituální,23438
emisemi,4777
přeměněn,20896
vyplatil,13972
zdolání,23439
need,23440
doktorský,10659
help,23441
přebývá,23442
chcem,23443
mléčnou,8236
snil,13223
větrů,11521
fyzickým,2499
lemu,23444
hrob,10007
žádostem,3295
zaváhání,23445
považovaný,21378
tankových,2138
vysokému,2908
převezeny,20316
mečem,18000
převahou,10464
pochopením,21827
cibulkou,8766
smícháme,23446
potřebnou,9172
definoval,21406
čistého,8677
urychlení,23447
dostávám,5404
doporučeně,9693
závislou,682
lesních,15832
win,23448
druhům,10787
uplne,23449
charakterem,20141
ložisko,13808
zakončenou,17724
mjr,8938
operacemi,7576
severojižní,23233
relativní,23450
soustředěn,8075
bezpečnostním,4562
krystal,15258
akceptuje,19297
kmenů,17530
zpomalil,13511
úhony,23451
čerstvých,11100
street,23452
výjde,23453
oboustranně,23454
dvoupatrový,23455
prsou,5582
dosáhnete,10570
vyjadřujete,13746
colspan,23456
hnízdiště,23457
šroubky,23458
odvedenou,12043
zástavbou,6905
jiţ,23459
zrání,23460
record,23461
přejmenovat,17710
pocitům,18127
nemocným,3588
popis,17535
penaltovém,23462
club,23463
manželi,2203
principům,13673
šťastnou,11021
odpovědět,8534
padli,5339
odkazovat,11441
deblové,23464
spravne,23465
charakterizovány,23390
adekvátně,23466
smluvním,10421
finálním,13337
souznění,23467
kilometrech,15586
zrychluje,23468
problematický,12999
hustší,15381
psána,9347
much,14128
prenatální,23469
vyrostlo,15632
botanik,23470
vedenou,11867
cvičný,7236
osazená,23471
pøi,23472
skóre,23473
mírně,23474
použitelných,15933
naženou,23475
potopen,20913
takticky,23476
русский,23477
zasvěcen,19244
odvezen,7591
dospívá,15949
psychoterapii,6448
popište,14497
vyrovnal,19060
pohledný,23478
odvětrání,23479
upravoval,23480
trestán,8547
pejskem,6349
poháněn,13074
stříkačku,23481
mzdových,13624
úspěšným,5386
průměrnými,14205
jazýčky,23482
bodů,19645
nesnázích,23483
disponibilní,23484
horizontem,16777
přijato,15507
cennou,15923
doporučením,16542
podstatnější,13017
líc,23485
odpovíme,8534
para,23486
antigeny,23487
příměsi,22750
sání,23488
stejnì,23489
předpoklad,17880
rodnou,10718
kořene,17090
vyplněn,21345
negativními,14202
mravenčí,23490
svislou,7682
petr,23491
předchozím,13835
sterilní,23492
been,23493
ztrácel,10078
svobodným,1871
vynikl,12894
pokusíme,9413
varphi,23494
manželům,23495
tabulkou,9426
sti,23496
spolcích,8209
divoce,23497
fun,23498
zachráněn,12236
přejmenován,17710
spojovány,10497
machine,23499
vyhovovat,18398
poloměru,21602
okolím,15595
instrukcemi,3916
malém,4253
pískem,15025
podklad,14242
případný,9899
question,23500
pøípadì,23501
naším,2681
bojový,4723
stříbrný,6175
old,23502
setí,23503
lité,23504
očistí,21119
počtů,19101
vkladem,15855
would,23505
potvrzený,10878
založeném,12413
arcibiskupem,5197
kumulativní,23506
pahýlů,23507
vyrovnat,19060
index,23508
tolikrát,23509
hnízdí,23510
ppm,23511
vězněn,23512
bavlněnou,5910
letou,14711
výtěžnost,23513
jedinečném,11597
sexuálním,10953
samouk,23514
srubu,23515
přístavů,6801
náhon,23516
tranzitu,19679
právem,2890
převody,12864
zdobena,9788
kostkami,5851
stupeň,15260
vznikajícím,9130
koncentračním,8456
slunečnímu,4674
kloboučky,23517
krásnej,23518
odstín,8148
vášnivým,8770
ţáka,23519
zmatený,6280
přidáváme,19675
stabilizátorem,15423
vodiči,10321
kultivar,23520
doloženy,13409
zkrácena,12832
holý,15627
nejnižších,14520
vyzbrojena,23521
neklade,23522
nepatrně,9431
patentovaným,23523
spekulativní,23524
filiální,23525
formuluje,21159
tříletou,9189
zaběhl,13429
hrotu,16864
riskantní,23526
jazzových,11716
novorozenců,18297
bránilo,10915
rýhy,23527
stylus,23528
normálním,6392
about,23529
provedete,5893
náporem,23148
prořezávání,23530
šerm,19279
vlasu,3237
veľa,23531
přeloženo,20233
vidíš,1481
zbořeny,23532
doprovodem,15070
nepromokavá,23533
zpevněné,23534
modře,23535
přežil,11438
potrebné,23536
bronzovou,18710
tatarák,23537
úzkými,8939
osou,8549
přilne,23538
nastavitelným,23539
kytarových,6123
bibliografických,10223
patchwork,23540
opylení,23541
protiútok,17538
zánětu,18837
bezu,17788
postupujícím,8207
vracím,12774
nekonečně,8479
kontrabas,23542
řez,19810
údajům,6329
good,23543
najděte,5746
sblížení,23544
úrovněmi,9386
tóma,23545
probl,23546
izraelským,2981
mletý,10518
zařazené,23547
kilogramech,13178
stihli,7872
korespondovat,22736
sobe,23548
provozních,17409
nitro,3705
vyplníte,21345
detekuje,20140
vyskytujících,21041
transparent,3166
tvarově,23549
prostupu,23550
moučkového,22184
skleněným,5723
garantují,12581
vyšš,23551
dynamických,5300
krajan,6535
ocasem,14145
kvuli,23552
enginu,23553
parc,23554
kvalifikovaný,16901
ozdob,15971
nízkém,14520
rytmů,12458
románský,7413
zastavují,23555
symbolický,12252
plněn,5908
milimetru,19091
systematickou,14685
pohlavím,13685
zbožím,9568
považuju,8531
hran,7566
hodnotou,10132
stuhou,12617
pojmenované,23556
pomyslel,23557
přezka,21949
uzavřeny,8806
spjato,11246
sečení,23558
hrobech,10007
zaměnit,17987
toxinů,19981
use,23559
organizačních,14166
prodloužil,9206
přesahem,23560
vizuálním,2027
koleny,10010
zahynuli,14849
výřezy,20105
hazard,5814
případnými,9899
konfliktech,9118
platných,17124
několikanásobný,23561
uměleckým,2437
ošetřen,19105
zhoršovat,14319
jmenný,23562
meči,18000
budoucími,10125
vyjadřuje,13746
půst,23563
křižáckých,23564
sedmém,4090
kapalin,17486
chiptuning,23565
obohacený,23566
hodnotám,10132
jednotným,9216
odpovídám,14241
pošleme,4550
požadovaném,13287
světovému,1297
kontraktu,21176
nauku,9706
nynějším,6063
brožovaná,23567
horskými,2368
kyselině,17813
železem,4317
zvoleném,3670
faraon,21498
nosným,2324
dosáhnou,10570
následované,9898
přihrávek,19635
výměru,16360
kódové,23568
doplňujeme,15085
nováčkem,10887
váže,23195
odhadovat,20905
dokladu,16710
způsobeny,9379
římsou,10226
tvarohem,12322
nehmotný,11146
poučen,23569
trefil,16795
husí,23570
zárubní,15291
ochranném,8306
vápně,19882
prohlášen,23571
tancem,8118
hlubokých,18482
titulárním,23572
odstavec,8153
otvorů,19012
cisterciácký,23573
servisním,10511
uni,23574
wikipedista,23575
olše,23576
obsažený,14857
vyplnil,21345
vybudovaný,8867
klarinet,23577
spojeneckých,8397
položí,10891
skvělému,9241
sólového,14781
jaru,7343
přídavnými,9135
vyspělý,4855
vnitřně,23578
vhodnou,6151
kompatibilním,10508
cihlových,6961
vítanou,19595
ráně,14765
sháním,6965
zvýšenou,18505
reálným,9372
spjat,11246
náruč,6633
chováme,10447
narazit,17667
zlatíčko,23579
nameilu,23580
konečnému,7637
charakteristický,13860
formálních,12479
započaté,23581
ega,20620
občánků,23582
deň,23583
ovlivňován,7761
nehledě,23584
šlehací,23585
připadající,23586
žádnej,23587
doručíme,9081
pádech,8633
hej,23588
obrovském,4314
vypsány,6190
obohacen,11182
rozporů,15957
kotevní,23589
pomalým,4400
vektory,21515
příčné,20192
kapacitní,16548
kombinovaném,6716
zpracovanou,11725
třetímu,8595
odmaturoval,23590
diagramy,23591
neznámém,2626
milosrdenství,23592
železničním,1633
zbroj,14170
prostorovým,4075
autorově,13850
úctyhodných,23593
bláznů,6402
bobů,18358
skladovou,8548
psychický,10006
diesel,23594
chronicky,23595
edém,23596
hrášku,20091
pohyboval,14396
ocitají,22669
download,23597
střelců,5775
řasami,14986
poklopem,13065
bezchybnou,16692
podzemním,4488
vyztužená,23598
přijímáni,6354
vyznamenáním,3779
minulým,4981
pocitech,18127
tvoříme,8507
objevený,14864
opálení,23599
poklademe,9683
vyššímu,2908
chatová,23600
bariér,7378
obýval,18084
orient,23601
tahačů,23602
děloze,12569
brzdit,22316
infos,23603
amour,23604
bezobratlých,23605
kapilární,23606
dodatek,17235
wikicitáty,23607
neuvěřitelným,23318
ovou,23608
navrátil,20904
neporadím,23609
vůdcem,16135
scriptstyle,23610
oves,23611
všestranně,23612
diskrétně,23613
panen,6473
skvělej,23614
sladce,23615
cedr,23616
hrabě,14690
ustájení,23617
svědomím,7989
značených,23618
pohybujeme,14396
stavěn,7109
tureckým,1472
vápencových,23619
číselník,23381
zabiti,20294
průchodem,18322
pojmenuje,23620
mořském,5424
kostelík,17876
fantastických,3723
vegetací,23621
see,23622
břehem,13381
iba,23623
sudu,13248
suchými,13473
virům,23624
napojením,8870
molekule,23625
jmény,7936
útočnou,8704
zapsaných,19327
pídím,23626
společnými,3827
rozptyl,23164
zinku,23627
kterej,23628
arcivévoda,23629
band,7071
teoretickou,21231
vděčný,11460
zvaným,17377
automatem,4091
překontrolovat,23630
èas,23631
perfect,23632
setkáte,15692
obezřetně,23633
použijte,8961
nap,23634
vedoucímu,6049
kterym,23635
korzet,16932
půdním,15526
považoval,8531
navrženy,13038
předepsal,23636
money,23637
piny,23638
druhe,23639
spojek,5029
ukážu,2968
zapsán,5978
karosérií,9647
osvědčení,23640
flexibilně,23641
hávu,23642
opětovném,19267
trpělivě,22182
viditelným,9180
seskupení,23643
nejtěžších,14372
generálem,6540
viď,23644
uchýlil,22242
say,23645
stačil,12592
mladistvý,5460
vybojovali,16634
zvětšil,17464
perlou,7833
pouzdrem,10713
duchovními,15533
zakládá,19118
summit,14421
zamilovat,6426
internován,23646
shromáždit,19217
významným,11479
won,23647
vedoucím,6049
písmenko,23648
očekávaný,17835
anglický,3964
izolát,23649
metodikou,23650
kupujícím,10424
konfigurační,23651
postupných,13596
realitním,2650
příjezdem,17589
hip,23652
považovány,21378
pedály,23653
blistru,23654
zdvojnásobil,23655
klokan,23656
síran,18728
zásadách,2174
pekel,9272
očištěna,21119
nabytí,23005
moravským,1015
klesajícím,16470
jedním,4102
kupci,15305
augustiniánů,23657
vysvětlivky,23658
vyřízen,14580
popisná,22759
schopným,4346
dobrej,6917
reprezentovalo,14932
širokému,6755
hotfix,23659
veľmi,23660
šíři,23661
věčným,5325
jdem,23662
zelený,5163
fena,16538
celoživotním,13181
fyzickému,2499
osídlení,23663
výměnný,15256
otok,23664
mužov,23665
obchází,23666
modř,23667
korunován,19845
hektarech,18901
úzkém,8939
identifikována,23668
may,23669
štítkem,23670
modrý,7766
léčebným,8740
přivedeme,8292
odhodlal,6249
geomorfologický,13006
dodatky,17235
dočasnou,11701
položeny,16639
obvodových,11243
obrácený,17593
narodila,22734
administrátorem,23671
nejrychlejším,4802
redigován,23672
projet,13470
otoků,23673
event,23674
zdědil,17557
testovány,4266
stanoveném,17767
druhotných,12321
registrovaném,17613
jejím,9234
hvězdokupa,17167
přikláním,14936
uzavírat,22689
dozrává,23675
uměl,9732
sweet,23676
procentem,2447
dostatečného,7491
triumf,14155
objemových,23677
poháněný,23678
homosexuálním,7634
unesena,14574
smyku,23679
nastartoval,16669
ludický,23680
osídlovali,23681
oicialni,23682
datumovka,23683
citové,23684
posílena,23685
překážkám,8465
júna,23686
nejakou,23687
zkr,23688
ustojí,23689
pravého,12612
řemínek,23690
doložen,13409
nacházející,21700
stisknete,23691
hodů,23692
umožňujícím,19407
nakládací,23693
vdát,16982
přidávány,19675
vypouštěcí,23694
ilustrativní,23695
podnikl,18639
revolučním,5557
lisů,5786
změněno,12103
vrších,23696
vytrvalý,10115
váhám,6654
největšímu,2604
kalkul,23697
prošití,23698
uznán,23699
eliminaci,23700
záliv,14888
ubytovacím,14616
odebrání,23701
datem,5334
živlu,7221
tvořeno,8507
klinický,7465
běž,836
přijedeme,10379
léčených,23702
antickém,8669
self,23703
souvislá,14943
majetkový,12472
prudce,23704
matrikách,8727
vonět,21313
oblouků,9888
neváhá,21388
pomocní,12557
ásti,23705
kontaktům,14240
position,23706
ohrožoval,14037
obtížných,18436
měkkých,14817
láskou,5024
modulech,23707
sochařem,12272
srazy,23422
vrtů,21966
družstvech,7154
postižen,5527
erbem,23708
naj,23709
specializačního,23710
vydávány,11639
útočníkovi,9301
využitelných,18981
nápor,23148
žraločí,23711
gentleman,23712
samci,22459
zkrácenou,12832
oparu,23713
sedák,23714
zastavěného,23715
dokončením,14557
sliznici,15137
jámě,13236
fest,23716
zdůvodnění,23717
rodokmen,20746
myšlenkových,12319
společenskému,2737
gepe,23718
spojíme,10850
modifikovaných,23719
pokročilý,12553
debutem,23720
měřítkem,11412
užitečnou,12338
chybných,12073
průřezové,23721
makléřů,13869
výpusti,23722
mezipředmětové,23723
kdyžtak,23724
židovskými,12666
stím,23725
odpovídalo,14241
vyléčit,23726
importovat,23727
rány,14765
čarou,8963
zříceninou,12844
nepovinný,23259
lomech,16848
zmrazení,23728
přibližná,23729
důkazem,13726
sestřelů,23730
bujení,23731
dospělým,1614
potlačují,23732
this,23733
červnovém,12841
naučíte,10817
bohatém,9697
kouzlu,14521
stélkou,23734
odnětím,10746
duvodu,23735
objeveny,14864
členěn,21310
vystavěno,16225
transfer,20039
aha,23736
línat,23737
posilují,13422
zručný,23738
vojensky,23739
mal,23740
nadřazené,23741
matematik,19976
nocleh,12997
rovném,10177
místu,2586
burzách,3288
porostlé,23742
problemu,23743
emulgátor,23744
renální,23745
rodech,8720
průřezových,23746
efekt,10032
vápno,19882
zarostlé,22435
dorost,23747
lní,23748
obrubník,23749
neodkladné,23750
naviják,12618
slabém,13201
dýcháním,16928
rodných,10718
označeny,19681
posudkem,17811
kaplanem,15359
obratem,19296
podlehne,10111
oddaný,23751
náboj,16442
usnadnit,22271
žákem,5870
přesvědčivý,19375
zlatých,14224
složením,23752
bitevním,8602
semestr,22051
vznáší,22561
stellen,23753
ražení,23754
ujde,23755
znatelné,23756
úplne,23757
udělí,10654
plastovém,2488
komínový,23758
náhradník,18379
pravděpodobnosti,14194
přínosů,19383
vyhovovalo,18398
přemístěny,12000
amoniak,23759
identifikoval,18938
vypálit,18003
doslovný,23760
penisu,6451
rezervujte,15786
formuláři,14927
měřítku,11412
námahou,8362
svalovou,13853
nahrazeno,5559
absolvovala,23761
registrován,17613
bezpečnému,6149
ověřený,11499
ilustroval,18064
zrušuje,23762
uvěřil,11541
předpokládaných,16399
vybíjení,23763
přestavěny,19852
měšťan,18564
zodpovědět,23764
taxony,23765
návaznosti,23766
náznak,20367
krmných,20560
poctě,15856
mil,3082
zašlu,23767
nordic,23768
ozbrojeným,5436
vzrostlých,15109
learning,23769
zátěžových,23770
spojen,9667
aktiv,11386
navýšena,23771
naplnil,15006
selský,9636
lepek,22935
mimořádných,10628
for,23772
právním,11731
prolínají,18694
počátečních,23773
všestranný,16915
nazor,23774
cestám,2608
nasazovány,23775
milým,8856
vezu,23776
zohledňující,23777
letý,14711
zkušebním,11509
kapitálem,19395
potkáme,11000
překrásném,14066
opakem,21861
dovolím,4756
kolika,17942
jsi,6557
ohrožením,14229
spjaty,11246
daňovým,3607
upíra,23778
sčítají,23779
budoucímu,10125
vyjíždí,23780
náraz,15920
rájem,7898
léčil,15524
butt,23781
generálmajor,21764
poznáš,6667
rýžový,17160
dvojího,12145
vrcholným,16721
ohlasem,13954
zaútočí,14562
dohodnutou,14177
patřičný,16772
zvl,23782
spojováno,10497
vybudovaných,8867
průtok,22586
čelním,11124
plátů,20802
seš,23783
uloženým,9713
rekuperací,23784
vzrůstu,17612
zvlášt,23785
překračuje,17152
sběrači,15990
popisováno,13440
mooooc,23786
vybudován,11147
âástka,23787
hemžilo,23788
môže,23789
zakladateli,6730
důrazem,22214
celeru,16607
pojistných,5190
obtížný,18436
zahrnujícím,16632
lepidlem,5913
objemové,23677
famózní,23790
léčivý,14251
luxusním,13089
formulovat,21159
regulovaných,11085
respektu,23791
pokynům,13920
vyjadřující,23792
černý,6939
majících,19241
stanovenými,17767
vrtu,21966
pohybovým,3389
second,23793
mesic,23794
ctít,19458
nepřímých,3974
jedinečnému,11597
narozené,23795
trefu,23796
služebník,23797
vinutí,23798
basovou,22647
quo,23799
kvalifikovanou,16901
hliníkovém,4014
implicitní,23800
případném,9899
květech,16269
docentem,23801
přirozeným,12614
nepříznivý,14141
předmětům,5511
kostrou,15029
ztrácím,10078
kyselin,17813
podpatku,23802
oříškem,7201
můžem,4811
rodový,14232
ulož,5927
projevoval,18531
lidsky,23803
udržovány,10002
loňským,2585
průlivu,18337
all,23804
počtem,19101
sty,9754
protokolem,9622
soustavná,8830
cizím,5699
výkup,23102
přidává,19675
draku,23805
raz,20258
titan,18462
blazena,23806
travní,23807
mohutných,8024
frantisku,23808
váhal,23809
temperament,23810
umožněn,13353
maximální,20548
úkon,11892
mokasíny,23811
přivedena,8292
litr,17142
řadící,23812
časného,23359
zvláštně,23813
nastupovat,15559
rozvinutí,23814
žampiony,23815
vzpomínkou,9228
trading,23816
alergický,17992
metodicky,23817
třpytí,23818
jedenkrát,23819
požadavcích,14686
pronést,9287
zralých,7815
zkomponoval,23820
svislý,7682
zadním,7470
římských,5544
srovnatelnou,21622
odměněn,23821
obtížích,16216
subjektech,23822
dílčím,14564
osadě,15536
syntetická,23823
narazíte,17667
popsaných,18934
ást,23824
zateplovací,23825
ubránit,23826
klidem,9381
silový,6048
přihlédnutím,23827
orientálních,17925
stiskem,23828
vyp,23829
únorem,5855
pište,9347
sjednocování,23830
získáme,8212
postiženou,5527
kuřat,5077
lipidy,23831
zapsány,5978
hrubém,16595
testových,23832
získáváním,14824
popisupouze,23833
pocítíte,19321
nezapsaný,23834
dolinou,12644
pohyblivým,3141
upravují,16762
cibulí,2084
znázorněny,15242
hodne,23835
podlepené,23836
zaútočily,14562
významem,17044
search,23837
registrujte,14839
ratings,23838
kruzích,15497
analytických,7163
kapkou,10037
potřebnými,9172
osvobodil,6103
čchi,23839
ropě,14485
prstnatec,23840
toužím,18068
přátelských,7492
javascript,23841
kurtech,7539
konající,13005
plynulý,13383
early,23842
lesk,22341
čirou,20794
oleji,18999
zasláno,23843
hnízdě,12519
pet,23844
ekonomickým,3747
zodpovězených,23845
parním,6068
podkovy,23846
hajní,23847
heřmánek,22755
destruktivní,23848
souborech,9577
pojistným,5190
zadejte,14176
šerif,23849
přírůstku,21565
napravil,20147
nutných,17475
tebou,4387
růstových,21171
się,23850
zasvěcení,18571
geometrický,10828
původ,20997
pásech,4677
opětovnému,19267
vstřebat,20608
uzavírka,23851
vyber,5088
krátkodobém,17053
statutárním,23852
sezónní,22498
obchoduje,23853
frac,23854
dosavadním,11554
mírný,18402
napíše,6132
obnovili,9889
voňavý,14785
nek,23855
ječmen,21793
háje,23856
vlévá,23857
tabulkách,9426
rozpuštěn,17289
rokov,23858
zvyklostech,5549
ďáblem,7883
vyhněte,14341
podkoží,23859
dovést,10951
polohrubé,23860
potrzují,23861
přimícháme,23862
spamboty,23863
vnitřek,22917
tlačítku,2784
sofistikovaný,7518
koulí,5483
dosáhneme,10570
započítáním,23864
klacek,21293
otevíráním,15794
hooodně,23865
turnajem,5444
samému,1565
heavy,23866
romanopisec,23867
charakteristikami,8237
náboženskými,7477
page,23868
požehnáním,17650
potvrzen,10878
zavazadlový,11572
chirurgický,8054
odpověz,8534
tlumiči,23869
vstřikováním,21850
změňte,10169
přepracován,19010
pozitivních,15917
krasny,23870
odrážejí,19544
vzletová,23871
razit,20258
křížových,9168
nerezových,5073
vydáváním,12787
kněžištěm,23872
obojživelníků,23873
uznána,23874
wikipedistu,12700
taurin,23875
ktorej,23876
zvaných,17377
dosažen,19235
těly,2513
request,23877
nádherně,23878
výučním,23879
křížení,23880
kryje,22943
zorganizoval,9686
hlase,6528
zeleninový,4461
mláďat,18040
zásadnímu,11767
receptor,23881
zdrcující,23882
cross,23883
bujný,23884
evropským,2344
obchodníkům,9794
násl,23885
pozemkům,12971
polymery,23886
muzu,23887
dcl,23888
urcite,23889
rekonvalescence,23890
psu,4782
relativního,23450
naleznout,10045
benigní,23891
démon,17856
karbon,23892
naložené,23893
právnímu,11731
nazývaná,23894
vychován,16726
habilitační,23895
porosty,19253
stanovili,15281
nazývali,20506
štětec,13919
šavlí,23896
kočár,21526
hráz,23897
biologický,6343
análek,23898
použiť,23899
vedet,23900
výřez,20105
tvořenou,17114
vinařem,23901
biotop,23902
oženil,23903
pedagogický,2501
eco,23904
elasticitu,23905
srdíčky,7305
vzplanutí,23906
dávkou,6856
zraněný,13104
podplukovníka,23907
paleolitu,23908
come,23909
příměstský,15184
úzký,8939
vodním,11094
schopnostech,8431
who,23910
deportován,23911
bronz,21397
syntetických,23823
investičním,5854
definiční,23912
započaly,23913
vyjádřená,23914
zmírnit,21657
vegetačního,23915
vložením,23916
loubí,23917
implementovány,20841
ohrožený,10301
odlitek,20256
obránců,21920
vzestupnědle,23918
mansardovou,23919
nárokem,12862
nanesení,23920
vyrostl,15632
nie,23921
ústící,23922
spojencem,16806
odolat,17966
kožený,14104
dokladem,16710
square,23923
hlubokými,18482
opracovaného,23924
přeměněny,20896
vzdušným,5896
vlhkou,11496
ztělesněním,23925
vložte,9439
kříženec,23142
množinu,9541
oblékal,11137
opatřeny,21812
krajním,17726
přemístěn,12000
vid,23926
vykoupit,23927
navázalo,20031
samici,17906
zneškodnit,23928
zápise,15102
lehkou,9609
přehledným,8159
zmíním,10242
hodnou,12540
jemnost,23929
pižmo,23930
včel,3246
tečkou,11902
kybníku,23931
slabým,13201
schválenou,13046
nátěrových,23932
potenciálními,19651
důležitým,7182
vložil,9439
označovány,21549
uchycen,23933
šálek,17566
vyšplhat,22789
nízký,14520
děláš,3911
můžes,23934
celkovými,13802
šroubování,23935
šablonami,9517
výrobním,9383
polohrubá,23860
velikým,4960
pôvodní,23936
nepatrný,15699
břízy,15269
kladené,23937
krát,23938
hráno,2873
těžkými,14372
chybný,12073
vdovec,23939
strouhaným,23940
úchytů,23941
dem,23942
opečeme,23943
spasení,23944
čekací,23945
děkanem,6248
alergické,17992
šupin,23946
andělem,18516
trápil,10865
protizánětlivé,23947
věnců,18057
poraženo,5133
kosterních,19922
staňte,23948
šťastnými,11021
rybám,4360
dánsky,23949
maxi,23950
špalky,23951
posts,23952
srovnatelné,21622
druhému,5975
odporu,22445
nepříznivém,22836
bobulí,4415
skalními,10586
projednal,7788
ponechán,8501
polynomu,23953
legislativním,12937
ochotný,6706
symetrický,13888
vystavěny,16225
šestidenní,23954
napojeno,20456
jednoletou,18603
předák,23955
převýšení,23956
vyznačuje,23957
zat,23958
patriarchou,12583
májový,23959
doplněno,7663
pigmentu,23960
zamícháme,23961
přibližné,23729
skeletu,23962
ošetřit,19105
uhlíkový,18942
uzavírky,23963
maličký,9938
working,23964
osazení,23965
kánon,23966
mlýně,11187
those,23967
praktickému,10385
předpokládanou,16399
fiktivním,5388
kosticemi,13554
zap,23968
skutku,14417
autismem,23969
tøetí,23970
líh,23971
cvik,18290
ekzému,23972
podplukovník,23907
rádcem,23973
track,23974
junior,8438
získejte,8212
zásadním,11767
modlil,17054
dřevě,9242
pastýři,7771
upraveném,10323
zákalu,23975
zlý,12358
červenými,6719
figur,6951
onomu,11514
návaznost,23766
zadaný,16817
příval,23976
částečnému,12915
lysý,18542
příměsí,22750
prahem,23977
vrcholně,23978
hradem,6538
viola,20479
syntetika,23979
potkáte,11000
přezkoušení,23980
zraněními,23981
zapletl,23982
znáš,3065
přírůstek,21565
zpěvem,13591
potopil,20913
zaručujeme,17963
neboli,23983
zajištěním,16126
vydaném,14714
rybníkem,13173
textury,23984
rostlo,12340
intervalů,17206
duby,14340
poškozeném,6984
hojném,11177
specifikaci,4127
širokým,6755
dobyl,14220
okolními,8851
staženo,23985
blízce,23986
měkce,23987
fontsize,23988
obývali,18084
datu,5334
promiň,14896
klasicismu,23989
plod,9337
aaa,23990
propustností,23991
photo,23992
lehko,23993
zabraňuje,23994
nádherných,18983
she,23995
prihlásený,23996
oponent,18197
obíhají,21031
vzdlávání,23997
vojenským,1746
zahrnut,15928
modlitbách,7665
dobyt,14220
odrážející,23998
roll,23999
author,24000
oválu,24001
udělen,10654
medium,491
textur,24002
přemístil,12000
chromozomů,17986
přívěskem,15871
pastevecký,24003
zotavení,24004
fyzikálním,7026
zeminou,7245
sníženým,19066
německému,1666
doprovodným,6315
spalovacím,9819
far,24005
lusk,24006
ergonomickým,10249
přirozenému,12614
uzel,19587
přípustný,15075
kotníková,24007
bubeníkem,14658
projevit,6551
verši,15823
pocítil,19321
latentní,24008
botu,9019
when,24009
trpělivostí,13873
hormon,11799
nešikovný,24010
dekuji,24011
jezdeckých,8214
hřebeni,4621
ženským,2307
spise,24012
freeride,24013
coming,24014
trhuhttps,24015
chladném,9886
odblokování,24016
vyznačeny,24017
nepříjemným,7013
vliesové,24018
pestrých,6566
pevnými,10554
odvod,9224
absolvovaly,23761
nežádoucími,13747
transportem,16040
alfa,24019
stádiu,14097
javor,22686
kladným,14598
champmd,24020
obuvník,16522
překladem,15519
lomů,16848
vystřelil,19415
pozemkem,12971
mými,2681
juniorský,7679
nepovažoval,8531
souladu,23283
úkrytu,21495
rangle,24021
zdánlivé,19974
zasláním,24022
vynikajícími,15694
efektu,10032
tvarem,14833
dvojnictví,24023
strojním,1784
úbytek,22047
vypracoval,14031
grafit,24024
nalijeme,24025
pozitivnímu,15917
důkazu,13726
metodický,18161
nahrazeny,16571
tlustou,2527
krevním,8205
order,24026
zvědavý,15931
kladných,14598
dolem,13532
navi,24027
strie,24028
stínem,10603
jménem,7936
řádových,15193
konzervativním,4586
obecný,13783
ekonomickém,3747
vyjeli,16293
maximálnímu,20548
faktický,11172
zárodek,18611
english,24029
pronásledován,15802
zlehka,24030
osazen,14256
osmém,2915
poskytuji,24031
kariérní,24032
žijícího,13721
poštovním,2438
kompaktním,11936
vyplněné,24033
brankářem,13834
postranními,12522
nivě,22724
příznivé,14141
schválena,13046
označený,19681
výchozím,18726
vykazování,24034
rostoucích,15523
katastrálním,24035
nedráždí,24036
strání,6795
nakreslit,11476
komplikovaný,15213
fyzickém,2499
utvořit,19615
polyamid,24037
zužuje,24038
vzestup,15231
narozených,23795
startovné,24039
wikipedistou,12700
jádry,3028
zvětší,17464
slitin,13209
podrážka,22757
nadmíru,24040
pach,14022
měnových,8452
nasazený,10768
ostrou,5068
ševci,24041
oplývá,24042
vyhnuli,14341
klasy,24043
stat,24044
symbolických,12252
bytostí,13846
složeném,11356
označí,4914
ovesných,18968
doplňte,7663
dedo,24045
včasnou,17636
zális,24046
posypeme,24047
býti,6557
rejstříků,12803
nazývaného,23894
matnou,18146
ene,24048
puntíky,24049
typům,6825
kachen,3385
předloktí,24050
mimořádnými,10628
iracionální,24051
vyústěním,21774
nastínit,21044
svůdný,8662
botě,9019
rozsáhlým,5587
proužkem,24052
archeologický,7700
code,24053
ctností,15066
připouštějí,14919
príbuzných,24054
sjezd,16133
ústí,24055
záporný,14747
průlom,24056
chia,24057
takovej,24058
hradci,24059
zanedbatelný,12198
fire,24060
měnících,18600
vytvářen,8617
otočil,6880
bydleli,9986
prosklením,16603
užitné,17800
sek,24061
odstraňuje,21140
navijáku,12618
okrsků,19661
převodovce,6752
poničen,24062
zahájeny,6090
knížeti,3497
harmonizaci,21984
visačkou,24063
fuck,24064
královském,3031
hypoalergenní,24065
zlepšující,24066
zajati,21036
omega,24067
pokuste,9413
šroub,13723
designed,24068
mírných,18402
nigra,24069
bok,14688
dávných,3984
naprostém,9325
můžetemít,24070
děly,6647
overal,22253
pohrdání,24071
něni,24072
vydáván,11639
zahradami,880
medu,24073
přesuneme,4528
porovnáním,24074
růžova,24075
otevíráme,14792
vyhledávaným,24076
přesnému,15770
desátý,5881
továrním,9044
budoucím,10125
paper,24077
začněte,5894
adventním,12325
ponoření,22052
odstraněním,18584
price,24078
plném,14217
sypkých,24079
zástavním,8414
promoval,24080
funk,24081
instrumentů,24082
štítem,8274
obtížněji,20553
zabránilo,11027
napsaný,18928
skalnatých,20589
rozměru,14069
platem,8429
albu,7488
konkávní,24083
měkka,24084
nizozemsky,24085
than,24086
odchovancem,19448
pruský,6154
dešťů,11565
záporných,14747
sakristií,24087
biskupský,946
dvouletý,12686
prameniště,24088
pružný,19706
předpokládaného,16399
umístěni,6918
vyjádřena,23914
částečný,12915
opatrný,11940
šev,9662
náhlou,12745
nezapomenu,7080
odlivu,22597
léčivou,14251
nasbíral,24089
púza,24090
znalcem,5391
dóza,24091
nutn,24092
syntetickou,23823
uzdravil,23070
files,24093
vyplněno,21345
začínám,11729
velel,24094
komentářu,4609
propracovaným,16344
určitým,7357
legal,24095
zříceninu,12844
zavináč,24096
style,9453
dekoru,24097
únorovém,7283
hospodářsky,24098
lomítko,24099
vodorovnou,9432
vychytal,24100
identifikují,18938
piercing,24101
bezproblémovou,16994
opálový,24102
rate,24103
odrazilo,18477
přechodných,19074
ztrátám,4424
přestupní,24104
tvářenka,17330
potrat,15682
odbočit,24105
plnému,14217
minimalizaci,24106
zvýrazňuje,24107
membrán,7423
předepisuje,24108
hrubých,16595
kokosového,14724
dokonalým,8145
drsný,7187
nafukovacím,24109
enzym,19782
vniknutí,24110
dispozicí,6238
nosních,17410
klášterem,5366
uvádějte,24111
válcem,24112
rezervu,14496
uznávanou,11750
přidaný,9806
bliznou,24113
volnému,9237
napojen,20456
vypracovány,20902
drážkami,24114
myslíš,4332
doplněnou,16627
zničující,24115
molekulami,13053
založený,12413
registrací,8694
ovocem,7599
spojem,24116
slavným,1212
atestaci,24117
has,24118
hlasitým,2547
výjimečným,13509
mužském,4339
formulované,24119
dělnických,7931
spojenou,9667
velkým,2604
smazán,19797
treatment,24120
zapisuje,11240
námořnickém,24121
stanovení,24122
zápachem,12207
překrývá,24123
trikot,24124
rámcem,5392
bruslaře,24125
opatrností,15276
technologickým,1927
stíhač,17635
štěrku,21938
potlačeno,15547
spray,24126
zvýrazní,20665
antioxidační,24127
živnostenských,9620
vyrůstal,12300
přestavěn,3110
členěné,24128
pravými,12612
žaludu,24129
poměrné,22252
euru,5998
shodnout,10064
zručnosti,20607
předpokladem,17880
čipem,24130
nahromadění,24131
faktorem,12453
návleky,24132
katolickým,924
luk,9892
přítoky,24133
slut,24134
přínosem,19383
březí,24135
uznáním,16099
split,24136
cons,24137
čarodějnický,6967
saxofon,24138
stélky,24139
faktorům,12453
léčivého,14251
mokrých,12397
kapek,10037
raw,24140
snížený,19066
podstoupil,19573
záhadný,10876
příznivých,14141
nerezový,5073
ranou,16357
obtéká,24141
chystám,2976
formulí,2273
taxonomii,24142
hrdle,18610
registrovaný,17613
blatník,17495
udržovaném,14700
stříbrnou,6175
svrchu,24143
revertováno,24144
definovaných,17364
ekologickým,4568
vyztužené,24145
nízko,24146
nezanechává,24147
stanoveným,17767
forall,24148
hořlavé,21673
mandlový,24149
vyhovovaly,18398
pomocnými,12557
ryzí,24150
křidélka,24151
ozdobný,12238
doporučený,16130
zdůrazní,11175
šťastně,22560
lemování,24152
komfortem,24153
sníženou,19066
plášťů,15349
přidejte,9781
kil,9569
chovu,18883
zápal,16788
hrázi,17882
položenou,16639
nivou,22724
provide,24154
průřezová,24155
kamenech,18194
buk,22992
ropou,14485
argumentů,18474
speed,24156
litého,24157
spoiler,24158
slepě,24159
drobným,8329
vedoucími,6049
ekvivalentem,23192
odehrál,9286
lidský,2751
upravován,16762
hřbety,24160
nejnižším,14520
propadu,22314
autorových,13850
rozsáhlými,5587
upcr,24161
zbourán,19365
přeměněna,20896
přidělí,24162
započítávají,22155
zdobený,19228
pouzdru,10713
toužil,18068
torpédoborců,18766
end,24163
pneumatikami,8829
lžíci,12427
zhoršit,18761
easy,24164
slaninou,4155
your,24165
vcítit,24166
eau,24167
hodnost,22730
odlitků,20256
helem,24168
srovnáním,19263
adaptační,24169
endemit,24170
aplikován,22628
hygienicky,24171
rovnoměrný,13553
symptomy,19533
doplněný,16627
pension,24172
ploutví,16940
zaškolení,24173
vkladu,15855
rovnovážné,24174
započetím,24175
poločasem,7453
shodným,16078
raněných,24176
patologických,13256
vyplněna,21345
uživatelském,7258
pstruh,24177
zlou,12358
statkář,24178
persons,24179
sebepoznání,24180
sionismu,24181
amoniaku,23759
postupný,13596
slabik,12111
základním,8512
výše,24182
uznány,5126
říčce,10118
plněný,16465
skutečnému,10244
flat,24183
rozsahem,20058
nejvyššímu,2908
dohrál,24184
hydroxid,19647
pøed,24185
nezlob,3729
popraveno,16539
cizincem,10851
lihu,24186
ach,24187
dvojitými,15034
kapalinu,17486
jeji,24188
kozáků,24189
vzácnými,16316
zpětném,15581
snížením,22665
odečíst,24190
osadníky,23204
vědecky,24191
kritickém,9916
důvodně,24192
ako,24193
anomálií,8030
retenční,24194
odvozené,16044
doprovázeno,17644
ethanol,24195
neodpověděl,8534
chloupků,17304
oválný,17131
občanskému,4984
lehce,24196
podkladě,14242
provádějte,24197
zklidnit,24198
fatální,24199
onou,11514
vandal,24200
působícími,15749
vazbou,16106
solidně,24201
vyznává,24202
kopečku,24203
sklíčidla,20377
psány,9347
modrým,7766
zvolenému,3670
nepřesahuje,21551
zametací,24204
těžil,19765
charakterizované,23390
křížkem,10135
prvni,24205
měnách,5287
zalidnění,24206
nanáší,24207
viac,24208
takzvanou,7849
podhorských,24209
trvalý,7016
budoucích,10125
obdržíte,6125
kamenů,18194
bum,24210
fagot,24211
jemnými,14261
hmotnostních,22098
mzdou,10231
sňatků,20676
uhličitan,24212
pobýval,19472
gets,24213
prohnal,24214
notes,24215
kanónu,15858
následovaný,9898
odlišným,11620
arabském,9382
alias,24216
hnízd,12519
lineárně,24217
tónech,12331
nebál,8215
dynamicky,24218
bytem,1013
mzdový,13624
stadium,12383
osadách,15536
tukových,20645
společenstva,24219
obsažen,14857
syntetické,23823
zbytečnou,11522
samosprávný,9243
dvouhr,24220
rodišti,15563
kováním,24221
vyplaceno,24222
podnikli,24223
mateřském,1953
náležitou,18847
rozkoš,19868
žiješ,10100
účinném,10097
chemickým,2127
mákem,18522
jojo,24224
klasifikací,13066
aromatických,15572
klik,7787
uvedeni,6616
nálevu,24225
zkušenými,9915
hřbetů,24160
působišti,24226
kotníkové,24007
distrikt,24227
keramickým,6661
anatomických,14753
hejno,24228
tvrdou,11519
přepadu,24229
věnné,24230
připsali,24231
polygonální,24232
zbývajícím,12127
květinových,13828
prov,24233
continuo,24234
important,24235
místì,24236
tuhosti,24237
was,24238
jizvu,21387
diagnostický,7391
blížícím,21443
orná,10469
čestných,5458
marca,24239
preto,24240
bodem,19645
uzdravit,23070
vykonat,20578
vcetne,24241
opar,23713
hladké,21678
zobrazeno,24242
posilující,24243
ukazatelem,11351
výměn,8447
lim,24244
střelecky,24245
villa,24246
filozofických,10380
nástroji,8761
vršek,17991
točivý,17051
inteligentním,4426
překrásnou,14066
typickém,8354
nastudoval,24247
obrovsky,24248
smyslem,9936
scull,24249
nádržemi,12489
nesoulad,24250
uvažuji,24251
navazují,24252
obdobnými,8039
slabou,13201
rozdílem,18957
begin,24253
hodnotami,10132
nazdar,24254
řemínky,24255
pískovcový,24256
neuplatní,24257
historickým,3390
vznesl,24258
zrcátkem,24259
usídlili,24260
cash,24261
doporučenou,16130
ktorá,24262
vedenými,11867
šíp,12122
lambda,24263
záruk,6452
ztraceny,6339
pudr,19463
početní,24264
ťuk,24265
vygeneruje,24266
momentem,8302
přítok,24133
zájemcem,24267
vystihl,20682
zdobená,19228
ohraničený,23216
přepsání,24268
dechový,5489
tvůrčím,3853
well,24269
sídlili,3242
upravený,10323
nalezený,15766
wikipedistům,12700
překročen,16149
zlomky,22525
stanete,2387
daným,5531
incidence,24270
dosahující,24271
stavech,13642
nováčkům,24272
patre,24273
rozmícháme,24274
nešťastnou,11021
snazšího,24275
pneumatiku,8829
dozlatova,24276
tobě,4387
výzkumným,2295
key,24277
údolní,24278
císařských,9164
zděných,24279
jiste,24280
enter,24281
třídu,9564
sestupuje,22488
omezující,21823
možnými,9774
filosofický,11384
sun,24282
zmíněny,10242
vakuu,24283
odpadovém,9316
kolikátého,24284
tvořených,17114
tvrdostí,20906
negativním,14202
splňují,18154
vìtší,24285
nepřilnavým,24286
přesáhnout,7067
beznadějně,24287
trsy,24288
mechanickým,4801
ztížení,24289
krvácením,20261
podepisuje,12961
rostoucím,15523
lícové,24290
módním,4909
postroj,19954
propracoval,24291
zámeckým,1623
vysvěcení,24292
přiřazeny,23409
dojetí,24293
parcelní,24294
vstřelit,23325
within,24295
průkazem,13488
mzdě,10231
náročným,3630
nabývají,22642
hebkou,18343
nástupní,24296
značí,24297
spa,24298
křižníků,20082
stádium,14097
výtečnou,20930
vibracím,24299
hlaveň,24300
odolnou,10095
plk,24301
modrém,7766
stávajícím,7925
volnoběh,24302
zjemňuje,24303
mosazi,24304
barokně,24305
pórů,24306
namazat,21773
oddíle,6268
listovými,24307
hracím,7895
praktikující,12838
disponoval,14482
poradím,8756
kulatým,8201
lingvista,24308
prodlužují,20060
nádherný,18983
romanticky,24309
hands,24310
odkazoval,14511
rozmixujeme,24311
dorostu,23747
galvanicky,24312
údiv,16188
ukončili,7909
chránící,24313
čtvrtým,5381
zábranou,11971
náhlém,12745
plným,14217
travních,23807
manévr,18471
vyřešeno,8324
jemný,14261
krémový,23414
elementů,17151
vnitřním,6703
brzdnou,13135
chirurgických,8054
nákladním,5977
vyživuje,24314
popř,15864
přívlastek,22475
raketami,1606
budes,24315
hladší,21678
zkusim,24316
zbozi,24317
nezávazné,23128
polárním,3323
přeložit,20233
nieto,24318
absolvuje,23761
zušlechtění,23350
klasifikačního,24319
ostrých,5068
dělený,13570
naučím,10817
obrovských,4314
přiměřeně,8388
indexu,23508
vraťte,5518
stimuluje,24320
maže,21773
protilátek,24321
přechodný,19074
uzdravení,24322
plec,24323
lusky,24006
lesklou,9635
ska,24324
used,24325
beach,24326
pedagogickým,2501
hydratační,24327
zdolat,14718
potenciálních,19651
povinném,5747
statusem,22282
krutý,11295
torpédoborec,18766
zarazil,11965
odpisů,17092
pověřenou,7233
zásahům,24328
curil,24329
opakovanou,5763
zvýšený,18505
uhlíkových,18942
parou,24330
indikátorem,15706
datována,20828
rozlohu,9566
hraběti,14690
specifickými,16148
zdvojnásobit,23655
usazovat,11680
promíchejte,24331
stick,24332
nazývat,20506
značením,24333
obratů,19296
plochým,525
odpovídá,14241
povýšení,24334
pinyin,24335
provedeny,13965
přiložený,15321
porozuměním,23217
arabskými,9382
priori,24336
kamínků,24337
proher,2965
grandslamový,24338
nedělej,3911
laskavým,20014
nebot,24339
building,24340
zarezervovat,20862
měnícím,18600
přihrávku,19635
ocelovými,3018
světelností,24341
akcii,7574
průčelím,15529
absolvovali,23761
dočasných,11701
vypočtené,24342
ktorý,24343
offroad,24344
kriteria,24345
potencionálních,19015
zásobách,5369
poznávacím,6651
označíme,4914
uplatňoval,15592
věrnostních,24346
možným,9774
bratranci,18231
stastnanevesta,24347
znalostem,8286
sušší,13473
prokazatelné,24348
definuje,21406
harfu,21004
průměrným,14205
pravému,12612
autu,452
košem,13449
uspořádaný,11401
artefakt,12195
object,24349
pise,24350
neobviklé,24351
textilním,9842
formací,15393
ostrým,5068
zpáteční,24352
hvězdičkový,24353
tenkým,3822
nazývaný,23894
obohacena,11182
žlab,24354
nečekaných,13020
očekávaných,17835
nemel,24355
tokem,15633
drápy,24356
debutovalo,24357
jizvy,21387
vyznačovala,23957
pěnu,10695
nízkým,14520
útes,13893
klasifikovány,18247
činily,21073
veskrze,24358
doplníme,7663
příslušným,8095
ztrátami,4424
oblak,7685
zdání,24359
poznáním,12885
chceš,2480
kapalný,8994
setká,15692
přísadou,13751
umocňuje,24360
vypořádání,24361
stejnej,24362
přebalem,24363
zhudebnil,24364
srovnatelný,21622
kyselinu,17813
sestupnědle,24365
odhad,8774
unikátním,10756
navýšen,24366
nádechu,20987
koních,11481
nechceš,2480
vanilkového,22708
kilometr,15586
množstvích,17502
pokřtil,24367
náhonem,24368
dávnějších,3984
riziku,11941
alma,24369
polymerů,24370
séra,23417
vybojovat,16634
zkusenosti,24371
opravdovým,4092
kotníčkové,24372
kladu,19452
uvolňováním,19620
nástavbou,11780
dvojí,12145
vyrážíme,24373
precizně,24374
poúnorový,24375
záněty,18837
úbytkem,22047
patøí,24376
čajových,10113
rozmlouvám,24377
padlým,13100
oblíbeným,1526
četnými,12387
smyslná,17874
jednotlivým,4781
knězi,9154
vitaminem,24378
final,24379
bambus,24380
spojce,5029
krytkou,24381
hierarchicky,24382
případným,9899
purkrabí,24383
osídlili,24384
bergamot,24385
píšeš,9347
azylu,24386
rozvíjely,14280
mathrmx,24387
coffee,24388
vypálen,24389
pojmenovali,22383
metodiku,24390
kolenem,10010
pokřtít,24391
domluvíte,10480
zdvih,24392
arabští,9382
hmotnou,19269
artist,24393
pupíku,24394
želv,10639
sou,24395
promícháme,24331
neuznal,5126
registrovaných,17613
osmažíme,24396
pojmenujete,24397
homologace,24398
bahně,21923
engine,24399
poh,24400
jednoroční,24401
takž,24402
považováno,21378
přehledném,8159
přepracováno,18243
packy,24403
pozdějšími,15081
chronickým,18293
získaným,24404
ocásek,24405
asteroidu,24406
nádhernými,18983
otiskům,24407
pocítit,19321
setin,24408
počtech,19101
kupec,15305
rapid,24409
vektor,21515
zvolal,24410
pečícím,24411
øíká,24412
důstojný,17845
dáváno,2648
jamky,24413
topným,6964
střetl,24414
úderů,17266
číslem,5321
clean,24415
chrom,19423
dpi,24416
outfit,24417
clanek,24418
těšim,24419
ubytováním,16231
hrádek,20300
označování,24420
vlhký,11496
zánětlivých,24421
imho,24422
květinový,13828
povaříme,24423
reakcím,9515
reporting,24424
smalt,24425
průhledným,9985
výměníkem,11003
zavolej,3187
táborem,9884
požadovány,2946
můstkem,19077
založenou,12413
uvidíš,2658
defenzivní,24426
kaz,21434
těžších,14372
symetricky,24427
útočil,13953
uznávat,5126
vymezeny,24428
genom,17690
pohřbeno,24429
sebemenší,24430
pramenům,11473
interval,17206
změněny,10169
vladimiru,24431
naskladněn,24432
veškerým,6767
lstí,17844
nejcennějších,15923
živelní,24433
závazných,17793
počátečního,23773
vytváram,24434
kolonce,24435
odtahu,24436
vsem,24437
vítìzství,24438
zvonem,11491
březosti,24439
kostek,5851
rozkvět,22249
násobek,14504
netrefil,16795
konzervačních,24440
zalezi,24441
klinicky,24442
stínování,24443
římský,5544
leštěného,24444
odsunu,24445
balzám,18612
půjdeš,3735
section,24446
odkazují,14511
roveň,24447
postgraduální,24448
specializační,24449
posedlý,8107
kterýž,3168
orange,24450
založilo,15435
zlatými,14224
povýšil,24451
neobyčejně,18447
stejným,7235
dokončených,14441
vyhladit,24452
rights,24453
pořádanou,12938
nalézají,21462
pojmenovanou,24454
vojákem,1728
najdi,5746
nálezů,18959
navazovala,24252
zdrobnělá,24455
resources,24456
vysvětlím,9195
závažným,11637
nesetkal,15692
úžasným,11483
aretací,24457
špetku,16248
násobení,24458
officinalis,24459
odečtena,24460
prosim,24461
doloženo,24462
povýšen,24463
vzorníku,24464
slušným,10606
mořským,5424
odpovídají,14241
vazeb,16106
noclehů,12997
katalyzátoru,19747
pustý,16854
additional,24465
náležel,17084
ostrovem,2948
švédským,843
zalijte,20040
upravte,6818
kožních,13502
potoční,24466
bys,6557
úvodním,9158
těžce,24467
zrychlení,24468
křížovou,9168
spojovacím,10294
nepřátelský,7492
sčítat,24469
kolům,1112
posláni,4550
zašlete,24470
moru,24471
přidávám,24472
definují,21406
podrážděnou,19884
skrývání,24473
kyselých,7143
pěkných,13933
dovozní,24474
poctou,15856
maiden,24475
příjemným,7013
mel,24476
nutným,17475
splněn,14518
neodolatelnou,24477
vráskám,13154
starověký,14127
proceduru,9537
leštěný,24478
podélný,9910
poraženi,5133
krátkodobých,17053
takzvaném,7849
zatížením,18667
starobylý,9881
znevýhodněním,16420
vykoná,20578
shrnout,14706
vůdčích,21708
březnem,5989
newyorském,3304
slovesem,13028
special,24479
vyráběno,2253
kontrabasista,24480
pokročilým,12553
nukleových,24481
skal,9742
dezén,24482
poustevník,24483
prut,17691
napiš,6132
směřujte,10119
popsání,24484
řeckým,2038
gallery,24485
udávána,24486
otvírací,24487
spolehlivostí,12185
vázán,15915
jdeš,3735
pdf,24488
sestupnězboží,24489
neoprávněným,5933
nadaných,16221
znázorněn,24490
ovlivněný,12837
absorpci,20189
vmícháme,24491
formulací,8352
přiřazení,23409
překonávat,23155
šafránu,24492
definován,17364
dum,24493
base,11320
příkazem,13716
son,24494
účinných,10097
kanálků,24495
mělce,24496
magnolia,24497
vlastním,3441
zachovalý,20741
příklepem,24498
drážkou,24499
zobákem,17853
čepelí,19429
profitovat,24500
šroubem,13723
vyložené,24501
neurčitou,7357
letem,24502
zmírnění,24503
zlí,12358
toxicity,20915
rekreačním,16917
mája,24504
stavěny,16737
těhotným,5420
řezné,24505
spolehlivým,7007
praváky,24506
nasypeme,24507
značnému,8561
kluzáků,24508
flow,24509
rychlejším,4802
lesíku,24510
kalkulací,11209
podělím,16885
lokálními,4684
current,24511
braní,24512
přilehlými,7670
los,15093
virtuos,24513
vyhl,24514
teï,24515
studeným,3537
opravný,21870
přežilo,11438
červnem,7107
zklidňující,24516
zajel,20558
pastou,12434
samohlásku,11469
jake,24517
smetanou,12128
rovnicí,6931
náhrad,11593
potřeme,24518
lesními,15832
pov,24519
vyjasnění,24520
saténu,24521
měkkou,14817
evidovaných,24522
seniorát,24523
hřbetem,24160
welcome,24524
paralelním,15743
receptu,24525
nadporučíka,20795
přestupu,24104
nazývaných,23894
card,24526
komplexním,9894
hlen,24527
nulový,9590
přijatým,24528
zničením,8572
naplněný,20086
odpovídajících,19751
rozvor,24529
pilník,24530
regentem,24531
žloutek,21200
svatebním,7360
tržním,15313
jednoduchým,11045
dobytkem,20158
predem,24532
odpisování,24533
nárožní,24534
nezbytných,17112
ryzího,24150
trefou,24535
jezdectva,24536
inspirováno,5939
krému,24537
pěvců,14993
pravostranný,24538
anatomický,14753
navrženou,13038
nesmíš,4209
podíváš,6217
druhej,5975
látkám,7982
bajonet,8440
minimálních,19220
vektorů,21515
bed,24539
detailem,8739
kryjí,22943
italskému,1776
trade,24540
pokořil,23185
doletem,24541
dinosaur,9062
term,24542
pravděpodobný,6748
stejnému,7235
motúčko,24543
milostný,18824
vybarvení,24544
znatelný,23756
puchýře,24545
corporate,24546
doprovázeny,10329
prošívané,24547
doměkka,24548
safírové,24549
vitamin,24550
měsíčním,14632
mazivo,24551
světlou,8518
specific,24552
řemenu,24553
povolením,19425
skluzu,24554
obzorem,9755
druhem,10787
řemeslných,9679
zvýšením,22150
přesahující,24555
rodilý,14117
krátkým,7722
kind,24556
celými,2838
přátelští,7492
protáhlý,24557
vývojový,12934
hrobku,8179
kuřecím,11016
pružně,24558
pruzích,11948
ventil,17344
závitů,23085
označením,19964
souši,24559
pruhem,11948
přidáno,9781
osolené,24560
koňských,17204
parcel,9165
procesům,7127
eine,24561
každým,5749
romantickém,4597
vře,24562
kolenům,10010
barel,22207
prodloužena,11385
kratším,7722
nabrat,16417
zbudován,18217
kartuše,24563
ověřen,14661
vyprostit,24564
latex,24565
blistr,24566
dosahovaly,20642
lemováním,24567
zdolávání,24568
opraven,13330
váčky,24569
zkoumáním,24570
care,18350
údolím,22613
členském,10927
upečeme,24571
překonání,24572
odsun,24445
plavecký,8589
frameworku,24573
srnčí,24574
stresových,24575
náhled,24576
nohám,9677
desetin,4740
příbuzenství,24577
zdaru,24578
kokosu,23143
temně,24579
finančnímu,9134
milostných,18824
kritériím,6097
směnný,24580
osmahneme,24581
guide,24582
průměr,17045
podáván,24583
čelně,24584
přidal,9781
otoky,24585
kopeček,6367
dvanáctý,10054
parfémovaná,24586
dokladech,16710
výběh,18724
odhadován,24587
sbíráte,15074
neplatný,24588
závorek,24589
frank,11069
šlach,18527
sirotek,17702
označováno,16318
podložené,22153
nábožensky,24590
vystřelit,19415
koncovku,14723
nezištně,24591
zvětšení,24592
vypracujeme,14031
mnichem,11359
rozeta,24593
nesplňují,18154
rak,24594
soupeřům,6202
elastický,14364
pojmenoval,24595
kariérového,24596
zesílenou,13945
značných,8561
zklidňuje,24597
střelecký,14187
vydávám,24598
brutálním,12776
modu,24599
složitým,15140
přidá,9781
vápenec,17415
chip,24600
odebírání,24601
vyučovacím,3819
obnos,24602
přírůstkem,21565
světlým,8518
jednotkám,1393
receptoru,24603
zašleme,24604
rezervovalo,15786
projížděl,19499
pěkném,13933
odpovídáme,14241
komplexů,10631
pre,24605
odhadují,20905
odolností,20977
potoku,15618
měním,9528
rudý,6611
okresem,11524
křehký,6294
sadách,5807
obtížností,19368
spáry,24606
řezů,19810
bronzový,18710
pack,24607
kaší,12496
ročním,17173
dash,24608
zinek,23627
danému,5531
pracovnímu,6717
stojícím,24609
smíšený,20907
matným,18146
citronem,8223
převodník,24610
plnými,14217
odštěpný,24611
arach,24612
přiměřený,15941
dialekt,8976
čistými,8677
srážkách,18063
zaměňován,17987
hovězí,18233
kontraktů,21176
popsaného,18934
procesního,20846
korálek,6574
těsnou,12074
celkom,24613
dopsat,24614
plamenem,11973
jarních,12482
citově,24615
window,24616
broušený,15821
kosticí,24617
consulting,24618
říz,24619
architektonicky,24620
celoročním,14106
bohu,9209
lubrikační,24621
vegetační,23915
pred,24622
školením,10799
usvětši,24623
krémově,24624
osadu,15536
mimozemským,3270
zdůvodněním,23717
stimulující,24625
exaktní,24626
kompilátor,24627
začátečníků,16900
yacute,24628
pekny,24629
řešící,24630
slet,24631
makeup,24632
samí,1565
rubu,24633
černým,6939
projdete,12548
kolonku,24634
vřele,24635
prvotřídním,9933
soklu,24636
lně,24637
zanechalo,12329
zipu,24638
letopočtu,24639
čárou,8963
koloniích,13064
ekvivalence,24640
mistrně,24641
zakládací,24642
divokými,2991
zamku,24643
smrtelně,24644
uznáno,24645
dosahoval,20642
sloupec,21065
vývojově,24646
dvojitý,15034
fragment,9270
rohož,17231
vyčerpány,12715
town,24647
tanker,24648
sítem,11849
drobný,8329
trvalejší,7016
odkázat,11441
příjemných,7013
silikonový,10481
aktem,11255
sborech,24649
materiálových,20602
výjezd,19744
skutečným,10244
usídlil,24650
zápornými,14747
závěrečným,6207
nasbírané,24651
upravenými,10323
hrdý,20435
zapište,5978
lokálním,4684
formaci,15393
založením,19178
sraz,23422
shromažďují,15396
vpichu,24652
podnoží,11360
ražba,24653
snížíme,9776
matematický,11612
zaregistrovaný,22831
skvělým,9241
odemknout,19920
kočárem,21526
andílek,24654
matematicky,24655
nepřátelskými,24656
výbrusů,24657
zdejším,8569
přeměnil,20896
extrakt,24658
pouhými,11894
individuálním,14062
žilek,24659
jedovatý,14413
ošetřeno,19105
kapkami,10037
soubor,9577
prostém,12806
radkaja,24660
shledán,24661
narodilo,22734
oliv,8227
tržních,15313
zoufalý,9212
velí,24094
defekty,24662
zvnějšku,24663
základen,4567
výstupky,24664
výrazném,10600
předepsaném,19147
lamelový,24665
obchodníkovi,9794
zák,24666
flakonu,24667
akceleraci,22835
maximálních,20548
ušleháme,24668
vyzbrojené,24669
very,24670
magický,9989
udělených,15799
pri,24671
smíšenou,20907
evropsky,24672
začátečník,16900
kontrastním,10707
example,24673
vyznačené,24017
zpřesnění,24674
falešným,6399
svěcení,24675
vepřovým,11337
sjednocuje,24676
utkat,9956
harmonický,9737
ford,24677
útočištěm,20981
masivním,10981
promyšlený,13700
nepoužije,8961
bergamotu,24678
tea,24679
zakončuje,24680
odnímatelnou,17350
tahů,24681
souhrnem,19376
coţ,24682
přirozeném,12614
žlutým,11759
těšíme,4460
zalesněný,19520
úsilím,18082
kem,24683
neskutečnou,24684
dalším,5540
korekci,9193
rod,8720
odnímatelným,17350
počínající,16405
raném,16357
rytířský,14388
ukončený,10704
sezapomněli,24685
bratrům,8131
poukazu,24686
nasazeno,2322
sóla,24687
pevností,20957
lehčích,9609
kilogram,13178
výpočtem,14305
třpytky,24688
pastvinách,19626
perských,5087
přelijeme,24689
zálivkou,24690
přidáme,9781
typových,24691
dlouhým,7565
vie,24692
jednoduchém,11045
draft,22087
patu,17480
prevalence,24693
výstavním,13620
homologaci,24398
rozjasňující,24694
šťastným,11021
prohloubit,24695
hladká,21678
nálezem,18959
efektivním,5368
očkem,24696
toxických,11624
like,24697
nepostradatelným,17006
vjezd,21755
plastik,24698
odolným,10095
dávkových,24699
chráněni,14774
křídlu,15123
contact,24700
písty,24701
přílivem,20611
povadi,24702
vyváženým,9468
odpovím,8534
úzkou,8939
porostem,19253
výšinách,19433
fialově,24703
lemy,24704
mou,2681
kouzelným,8946
true,24705
svršek,24706
rozdílnou,15460
jantar,24707
antracit,24708
čtvercový,11249
kvasnic,17784
pozvedne,24709
groups,24710
dubem,14340
protiskluzovým,24711
lesklým,9635
tfuj,24712
rozebrán,24713
hat,24714
řečený,14432
uvolňující,17953
šroubovací,24715
pad,5339
mohutný,8024
autorův,13850
neprodává,7348
krém,24716
prvého,10142
vodnímu,11094
řídce,22171
střeleckých,14187
eliminuje,19627
stříbrným,6175
esenciální,24717
regulačním,10908
uvažuju,5850
ukulele,24718
vroucí,24719
syndromy,24720
dolním,11530
nejhlubší,18482
factor,24721
chladičem,17640
korbu,15491
osadami,15536
mag,24722
pročištění,24723
hodností,22730
doplněny,16627
zřetelem,8536
šroubu,13723
přidat,9781
komorním,10656
četným,12387
závorce,24589
měsícům,6213
registračním,10881
neobyčejný,2544
korpus,12908
ošetřuje,18211
odstraňují,24724
kryl,22943
trochou,18108
svenska,24725
sepsán,24726
maji,24727
vyrobeným,13125
pomocnou,12557
nacházel,14904
samčích,15571
vyznačena,22312
reflektují,24728
pou,24729
kozí,24730
klen,24731
poloostrově,11402
blahopřejeme,24732
vnějšímu,10762
vitamínem,8488
devátý,3247
hladin,15608
nezávazně,22283
krásnému,8903
počet,19101
shodovat,10064
allow,24733
these,24734
dosažených,19235
úvazků,24735
obnovil,9889
bob,18358
kartáčovaný,24736
subjektivním,11911
způsobilý,18941
nabude,16270
anyone,24737
vynikajících,15694
spolkem,8209
mírnou,18402
projeli,13470
domovském,1316
vítáni,6051
vodítkem,5930
absorbovat,22311
ušlechtilý,17809
upevnil,18546
esenci,24738
šik,12443
olivově,24739
včelích,24740
zákroků,24741
storna,24742
používáno,9631
přibližnou,23729
birth,24743
náčelníkem,11059
zapsanou,24744
suchou,13473
přibývajícím,22599
úvazku,22672
odhadem,24745
bin,24746
having,24747
primárním,10738
zvláštním,10074
polským,1630
sedan,20810
mocným,4972
nízkému,14520
přátelsky,24748
váz,5219
vádí,24749
křídlem,15123
rýží,3602
spermatem,11122
lanem,24750
city,19516
down,24751
using,24752
lidském,2751
barokni,24753
lázněmi,24754
začarovaným,24755
průřez,17803
určoval,16922
zašlou,24756
odečtení,24757
započtení,24758
říjnem,6143
zdokonaluje,24759
dvojitým,15034
použitém,24760
cechu,24761
uhrát,24762
řidší,18070
komplikacemi,13566
poznamenána,24763
rychlí,4802
přísad,13751
dokončeny,14441
prováděny,13431
číslu,5321
zemědělstvím,2021
proboštem,24764
míjí,24765
antioxidant,17873
ventilem,24766
psč,24767
udaje,24768
neváhej,24769
křesťanským,1884
požadovaným,13287
sídly,24770
převrátil,17145
plastovým,2488
semeník,24771
high,24772
kvetení,24773
fps,24774
presnejší,24775
nadmořskou,18085
bodnutí,24776
šarže,24777
prodejním,14295
odrazit,18477
dutých,16942
uvedenou,6616
obsahujícím,16157
membránou,7423
matný,18146
homo,24778
bytovým,2699
fetish,24779
definovány,17364
zastarale,24780
grup,16677
automatickým,3914
válci,19437
bronzových,18710
nano,24781
čepů,24782
zkušenostem,13643
nezapomenutelným,14524
šťastných,11021
teóma,24783
čistých,8677
proudovým,11655
předpokládaný,16399
jiří,24784
rtech,22230
obyv,24785
poválečný,11700
bílý,5806
zvýšena,18505
pojmenován,15212
zkráceném,12832
jakémsi,9717
výměře,16360
team,24786
magickou,9989
mech,21011
doplněných,16627
ciferníkem,22142
autorovi,2788
upgrade,24787
klepnutí,24788
míčem,4768
řapíky,24789
zmírnil,21657
suchých,13473
meziválečném,14665
básníkem,9401
schne,24790
osu,8549
ohraničen,20654
moj,24791
zemin,7245
dialektu,8976
jemně,24792
rasově,24793
procentuálním,24794
naváže,24795
trav,4395
řekneš,13087
emitent,14660
nouzově,24796
vyvázl,24797
textilem,11105
konzistentní,24798
používaným,9631
přízi,9527
pupenů,21543
vymezením,22864
hydrofobní,24799
bek,24800
mokrém,12397
diky,24801
jehlou,5507
římskými,5544
obratlů,21007
motorovým,2716
společenstvím,16082
posílen,23685
kolář,24802
vypočítat,19349
číselný,7229
kariérního,24032
předci,12940
obecným,13783
uplatněn,7642
lineárním,6845
izolovaný,15902
mater,24803
bohatým,9697
podtlak,24804
sedmým,4090
stejnojmenným,753
obsaženy,14857
atolu,24805
takzvaným,7849
chovů,24806
průměrném,14205
dopravně,24807
býk,23321
une,24808
ohne,24809
nor,22464
zajišťovací,24810
sbormistrem,21829
have,24811
kartonu,24812
smetaně,12128
poklidný,13403
kladný,14598
provedenou,13965
minimalizuje,21553
zimním,8604
rozvodí,24813
rozšiřujících,21592
ráfků,21896
oporou,10816
protected,24814
narodit,22734
sevření,24815
vybrání,24816
japonsky,24817
jednorázovým,12281
fast,24818
čepu,24819
psím,5297
sestrám,1576
předpokládané,16399
hledána,4292
konstrukčním,10725
stanovují,22385
prokázány,3946
klasifikaci,13066
arabský,9382
absolvovalo,23761
posmrtně,24820
doletu,24541
kajetan,24821
golfky,24822
tree,24823
rouna,24824
nevíš,3307
aditiva,24825
bodovým,1854
ropu,14485
vrcholnou,16721
škálovatelným,21245
minout,11605
listě,7495
kolonisty,24826
obchodovat,23853
určíme,8600
dusíkem,12197
páku,14823
kontrolním,9801
naplnění,24827
naneste,24828
kladení,24829
založen,12413
pozměnit,18103
žijícím,13721
gravitačním,13562
fazolí,8540
brejku,24830
anglickému,3964
drive,24831
kvalifikován,4603
hladkých,21678
vazů,24832
tupý,10775
prodyšnost,24833
respektující,24834
navazuje,24252
peřím,13263
žebry,18649
odiv,24835
mahagon,24836
odpovídající,19751
podkladu,14242
limitem,24837
kůrou,10783
sňatek,20676
zacházeno,14689
jemností,24838
saje,24839
dobrovolným,10246
množin,9541
ball,24840
rouno,24824
významnému,11479
stisk,23828
proniknutí,24841
vyplněnou,21345
okamžitým,13862
rovným,10177
svobodna,24842
pomocný,12557
toxický,11624
naplněné,20086
kanton,15753
použijeme,8961
děkuju,16054
kmen,17530
žení,24843
farářovi,2632
painting,24844
mob,24845
sojový,16226
smyčcový,24846
skrytý,6741
výprodejidle,24847
micro,24848
mercedes,24849
kombinacích,9526
označeno,19681
mrtvým,6881
manžetou,24850
přejmenováno,17710
aktuálním,5708
souborem,9577
obklopený,18569
větším,2604
parciální,24851
trpělivý,24852
mlýnu,11187
výrazným,10600
tej,24853
process,24854
podáváním,12307
ban,24855
diamant,21525
svitek,14003
napr,24856
trusu,24857
dej,4578
property,24858
přezdívá,24859
letopočet,24639
rozpínání,24860
libovolném,6988
below,24861
vztahují,18492
roztokem,17941
územním,8640
řazeno,14023
cukrem,14612
inkubační,24862
profit,24863
pobytový,18095
čítal,24864
úzkým,8939
jedem,13708
este,24865
žetony,24866
typový,24867
kožním,13502
simple,24868
výfukových,24869
závity,23085
preferenčních,24870
faktoru,12453
pomáhajících,24871
nedokončený,24872
přídavku,18241
rozvíjelo,14280
rozpacích,12221
malej,24873
těsnící,20526
pískovci,12001
views,24874
falešně,24875
zpolatněno,24876
sestupu,24877
vajíčky,11087
pepřem,16408
fdb,24878
definujeme,21406
kočárkem,5014
jedinečnými,11597
pěnový,15178
vložku,24879
diamantem,21525
pøes,24880
apoštolským,11508
jednotlivkyň,24881
piš,24882
label,24883
démonů,17856
přiměřeného,15941
pojistnou,5190
amore,24884
bulou,15337
výslovného,24885
zhotovil,7385
hraničním,8363
kořen,17090
vhodném,6151
týmovým,4744
zakládajících,22863
odehraných,24886
combi,24887
položeným,16639
úhrnem,24888
mark,24889
dívčím,11043
ových,24890
přihlášeným,15956
evangelický,2336
slitování,24891
košíček,24892
radikálním,12860
dans,24893
pryže,24894
výchozích,18726
přestupném,24895
pákou,14823
vyznačují,23957
dodatkem,17235
tesim,24896
zajíždí,24897
oščiatku,24898
leskem,22341
hair,24899
přiřazuje,24900
podkladového,24901
prstech,12418
kulometem,15133
oboustrannou,18450
hranol,17126
okolním,8851
koncentrát,24902
bezpečném,6149
výtečně,24903
pac,24904
krycím,18264
třídami,9564
souvisle,24905
korály,24906
deštích,11565
užitečným,12338
divokých,2991
velikonočních,20539
kyčlí,22997
vytvořím,9257
specificky,24907
samic,17906
žes,24908
vyhnete,14341
turistickým,2014
židovskému,12666
římským,5544
against,24909
činí,21073
náhradách,11593
blue,24910
zlomků,22525
nejsilnějším,9786
ostřice,24911
vzdálení,5783
tmavým,6325
chov,18883
mužským,4339
udelat,24912
mužu,24913
oženit,24843
odolal,17966
odolá,17966
taxonů,24914
cherry,24915
zdárně,24916
přestavěl,3110
následujícím,12639
senzorem,24917
trans,24918
valčík,24919
kreditu,18816
šroubů,13723
průsmyku,24920
nástavcem,24921
římském,5544
hloubkově,10745
dojezd,24922
diagramu,23591
zdravím,24923
private,24924
vápenatého,24925
zadrží,3908
revertovat,24144
průřezem,24926
rozhodujícím,14397
zůstatek,20151
diamantů,21525
vzorech,17354
důrazu,22214
zpracovávány,15187
dekorem,24927
návrhové,24928
pohne,17829
bodům,19645
obrysu,11135
pigmentů,24929
bonusem,12091
neslo,12659
připisováno,20106
tání,24930
odesíláme,13469
šek,21974
int,24931
nápadný,11742
králův,7920
vyplacených,24222
něžně,24932
dvouletém,12686
hurikán,22986
ozaslání,24933
pozvolným,23167
their,24934
překoná,19695
fusion,24935
pořádán,5151
výčtem,20644
kritickým,9916
klikněte,13150
tymián,24936
zvaném,17377
dostavěn,24937
přiřazen,23409
celním,16951
platnými,17124
dvousetovém,24938
tvrdém,11519
ring,8837
společenským,2737
náletů,19640
construction,24939
side,24940
legendárním,4318
exlibris,24941
sídelním,14338
sladší,6888
zatáčkou,13604
veľké,24942
považován,21378
údajem,6329
očištěné,24943
ích,24944
kokosem,23143
farou,24945
male,24946
odvozeno,16044
nemůžeš,4811
kop,15878
store,24947
zánětlivé,24948
občanským,4984
detailním,17645
popsán,18934
rowspan,24949
udává,22895
ohraničena,20654
bakteriím,1544
římskokatolický,3337
sedákem,24950
proužku,24951
stříkačka,23481
necítil,8881
dřevem,9242
nahrubo,24952
vyztužený,24953
seznámen,24954
odchytal,24955
splněno,9080
logistických,12746
vlhkým,11496
dotčen,12017
popisem,17535
žádaným,10970
toy,24956
primo,24957
poslušný,24958
nedosáhl,10570
hladký,21678
decentním,16371
nedostatečným,7491
nižším,14520
granitový,24959
sob,23548
rostlinám,2441
ohroženým,10301
sinus,24960
redukovat,24961
nádr,24962
pahýlu,24963
důsledkům,10676
vytvořenou,9716
ligovým,4084
začátečníka,16900
škrtící,24964
personal,24965
korigovat,24966
stupni,15260
function,24967
všema,24968
obchodují,23853
smíchejte,24969
mine,11605
zavody,24970
asfaltu,23407
zkracují,24971
nemáš,5944
prožil,17509
částicemi,10234
oddaných,23751
registrovanou,17613
praktickém,10385
činil,21073
many,24972
reflexními,17349
evidenčních,17816
including,24973
šablonou,9517
faulu,20428
volným,9237
přeslenech,24974
vypadáš,7786
vystřídán,4441
vyhnání,11452
kliknutím,24975
směsí,17990
jmeno,24976
daj,24977
ktoré,24978
dostatečném,7491
ustát,24979
element,17151
bodech,19645
nech,3282
tvarovaným,11084
koncovkou,14723
pokapeme,24980
html,24981
soustředěny,8075
kcal,24982
vystavěl,16225
dodávkových,24983
sloupci,21065
smíšené,20907
monster,24984
voci,24985
ahojte,24986
odhadované,24587
duchovně,24987
ověřeny,14661
příčném,20192
podzimním,8967
aplikuje,22628
odstínu,8148
unesl,14574
pratelný,24988
následků,17983
diagram,23591
hejna,24228
rytí,24989
démona,17856
výplní,24990
menším,4253
zápočet,23339
příčnými,20192
začínajícím,14996
ochutíme,24991
webmaster,24992
hustoty,21789
chrámový,9366
dnům,14635
soucit,15299
vzor,17354
kožíšek,24993
vývojových,12934
hlavnì,24994
cordata,24995
individual,13448
béžová,18193
levelů,24996
nacházíte,14904
navázána,24997
vyjadřují,13746
facelift,24998
srostlý,24999
vpravdě,25000
osadníků,23204
obrázkům,5140
regeneruje,25001
tužší,9394
nastoupilo,8801
pylu,25002
nacházeji,14904
brzdový,22060
zohlednění,17422
zálivem,14888
nabral,16417
shromážděním,7319
odřený,12804
užitných,17800
neobhájil,25003
vydobyl,25004
hledáš,4292
zlomenou,15636
jezdilo,16322
získáním,22158
nasucho,25005
božský,13416
ztotožnění,25006
hustě,25007
migati,25008
posílil,16379
they,25009
duplex,25010
nelehký,25011
vypálil,18003
vynikajícím,15694
opište,25012
šípem,12122
dvoukolovým,25013
nacházejícího,21700
pevném,10554
gelem,25014
řazením,25015
zasluhuje,22021
třásněmi,25016
safety,25017
racionálních,14589
pěším,10005
nahlášen,15658
dobrým,6917
srov,15502
popsaný,18934
přestup,24104
klasifikační,25018
jakododavatel,25019
his,25020
kódovým,25021
vyznačující,23957
editací,6922
men,25022
vyjely,25023
jednoznačným,10530
optimistický,15438
napsány,6132
žst,25024
aplikoval,22628
muzes,25025
habr,25026
srozumitelným,5999
mit,25027
esenciálních,25028
nádherném,18983
tamtéž,25029
str,637
reset,25030
charakterizující,25031
vyměním,3774
výcvikový,16962
děsivě,25032
časně,25033
brusný,19370
dělnickou,7931
nejproduktivnějším,19319
pozink,25034
konzistenci,21848
narozenou,23795
hlubokou,18482
zadán,14176
bereš,3317
geologicky,25035
uznáván,25036
celkovým,13802
nejkratším,7722
histoire,25037
věnování,5581
redukcí,13521
předepsán,25038
ochranným,8306
herminka,25039
provozním,17409
zamezí,19190
sirupem,6523
trvalým,7016
datadisk,25040
notnou,25041
typickým,8354
takovýmto,4225
day,25042
plodný,21608
vine,5357
buddhistický,4041
přecenění,25043
staff,25044
krytou,10720
texturu,25045
tylu,25046
přilnou,25047
dynamickým,5300
plne,25048
dráždivý,25049
ospravedlnění,25050
lichý,22114
přesným,15770
vyplněním,21345
zapracovat,25051
formulovány,21159
farmách,12559
dovršil,25052
age,25053
výprodeji,17812
ovací,25054
bohem,9209
pomýšlet,25055
black,25056
úctou,6826
vlasem,3237
bílek,18437
vrcholek,11666
provdána,25057
konstantu,21654
přihlaste,3950
označován,21549
answers,25058
udělován,18039
searching,25059
nejstaršíchdle,25060
bližším,4865
strun,25061
bird,25062
obhájcem,25063
zlomku,22525
kolmo,25064
septembra,25065
dojdeme,9707
nazýváni,20506
celostní,25066
osmým,2915
velitelem,8805
širším,6755
toť,25067
prohlubovat,24695
židovském,12666
rtů,22230
vysvětleny,9195
hloubek,10745
konali,13005
kilogramu,13178
zdaňovacím,25068
infekčním,15567
nacházíme,14904
elegantním,18299
náboženským,7477
tanečním,4998
nežádoucím,13747
pevným,10554
sdílej,8884
příkopem,17197
inkoustem,11280
kou,25069
background,25070
abys,10963
šermíř,25071
ţák,25072
kaštan,14746
instanci,13527
being,25073
zamezuje,25074
stabilizuje,22118
dřívějším,8424
rozvahovému,25075
chodíš,5234
másle,10711
přítoků,24133
topic,25076
lol,25077
reaktivní,25078
ideálním,15722
kinetickou,20612
category,25079
rytířem,19540
konsensus,25080
div,11623
opravných,21870
rozpětí,25081
svírají,18661
chán,25082
por,25083
vykazoval,20208
pískovcových,25084
duchovnímu,15533
default,25085
náletu,19640
klasifikován,18247
each,25086
latinským,15378
páření,25087
pochybách,12736
running,25088
vydaným,25089
přihrávce,19635
parametr,7167
vaků,14973
rekonvalescenci,25090
sky,25091
klikni,25092
povýšena,24451
nebezpečným,6149
village,25093
olejem,18999
vážil,14836
uzavřeme,25094
minimalistickým,20328
rozdílný,15460
vývaru,20774
použiji,8961
catf,25095
vacat,25096
hus,4512
kup,3555
vřelý,25097
trail,25098
príspevkov,25099
množinou,9541
regulovatelný,25100
mýdlem,11121
vroubkování,25101
rozkošný,25102
příčnou,20192
rodinným,1388
požadován,2946
zlepšením,20711
nazývalo,20506
kteroukoli,7592
zákonným,6810
shrnuty,14706
nejasností,20515
zpevněných,23534
karamel,25103
mìl,25104
feeder,25105
upsaný,25106
tepelným,25107
rozvíjejícím,16283
vhodnej,25108
dávný,3984
any,25109
vylepšením,19283
kamenným,9012
obalíme,25110
kotouči,25111
zakládajícím,22863
vyznačených,24017
křížením,25112
jazzový,11716
ovocným,10104
ldots,25113
chválu,14782
podmíněn,18785
božích,18279
polymeru,25114
vrt,21966
vyplňte,21345
hrotů,16864
zadeček,9039
mezinárodním,7388
vypočte,25115
mod,25116
skladě,10573
dokážeš,7848
učiněn,15702
pahorku,25117
výtok,25118
žil,10100
kojením,25119
hebká,18343
snímači,25120
summer,25121
vosku,20959
radím,9652
patrový,18021
commons,25122
zvýrazněny,20665
pojď,3735
rue,25123
nečekaným,13020
prodávajícímu,11037
obrovskému,4314
číslicí,12486
osvědčuje,25124
růžovým,4327
označenou,19681
kloubních,25125
dos,25126
zastavěná,25127
očistíme,21119
dýni,16960
pečoval,18752
michal,25128
lat,25129
zralou,7815
osvědčeným,7181
silničním,11408
vykázání,25130
kontaktem,14240
vykoupil,23927
vyučen,25131
výtlak,25132
logickým,7157
sqrt,25133
povrchového,17909
zvýšenému,18505
bohoslovců,19281
zařazeni,14204
person,25134
přiřadí,23409
hektaru,18901
německým,1666
zemědělskými,1752
pojedete,9619
činit,21073
sílou,9273
užitný,17800
vlastnostem,12377
lemem,25135
vyvinuto,9326
through,25136
lázeňským,5067
profesním,14962
molekulu,13053
povýšeno,24451
jilm,25137
sjednocením,23265
obrů,6071
dělostřelecký,9891
třídním,9649
nelepí,25138
pleťový,25139
karcinomem,25140
ení,25141
pristehovali,25142
sifon,25143
detailu,8739
porcelánový,9901
blížil,17885
rozdílnými,15460
nití,12333
oním,11514
časovému,8349
nazvanou,14925
značným,8561
připsání,25144
sepsané,25145
lehu,25146
zásluh,5560
ložisky,13808
výborném,7620
srostlé,24999
odměnil,13825
pages,25147
provdaná,25148
vymezeném,16252
výbornými,7620
kanónů,15858
popisuješ,13440
čistým,8677
obrovským,4314
hladkém,21678
svuj,25149
zlatý,14224
značena,24297
vložen,9439
tvářenku,17330
docíleno,18166
zárodku,18611
zastavěné,23715
zajal,21036
vývojovými,12934
orig,25150
popisovány,13440
oranžovým,5545
sec,25151
gotickým,4713
přiloženém,15321
spojnici,19137
přijmeme,5175
secesním,10290
zmíněn,10242
cennými,15923
kteroukoliv,8485
pravým,12612
závorkách,24589
vytvoříme,9257
smetanový,12128
zvýšených,18505
document,25152
navazovat,24252
zdobeny,9788
zranitelný,19800
kotvící,25153
platným,17124
zakončeny,17724
výšlap,25154
nejširším,6755
trávicím,13870
dvojitě,25155
images,25156
options,25157
hnoje,25158
check,25159
mláďaty,18040
augusta,25160
zdobením,25161
odvodit,25162
zpětný,15581
bor,25163
nicht,25164
mic,25165
povolování,25166
mléce,10335
prodlouženým,11385
bradavek,25167
avec,25168
olivovém,17670
vítány,6051
výstižně,25169
odvozeny,16044
regulární,25170
lakem,25171
sedlovou,25172
řemínku,25173
háji,23856
čet,5847
přidaného,9806
kity,25174
med,24073
neutrálně,25175
cítíte,8881
zpětnému,15581
přelet,21145
vzorec,19374
lodím,2748
celkovému,13802
stažením,18977
vyčnívali,14461
elastickou,14364
rekvalifikaci,13768
draftován,25176
screening,25177
platnou,17124
kurzívou,25178
rtu,22230
sounds,25179
collection,25180
script,25181
referenčním,18493
ztrát,4424
horizontálním,10325
parfemovaná,25182
matně,25183
hustou,15381
klínu,25184
žeber,18649
zapsáno,5978
můj,2681
shluky,25185
mošavu,25186
najetých,25187
právì,25188
vyzná,21019
intuitivním,17453
alergických,17992
tvé,20653
future,25189
odrazil,18477
zdvihem,25190
frame,25191
kontakt,14240
kal,12602
jištění,25192
parts,25193
objektivním,3934
core,25194
napsanou,25195
combo,25196
řec,25197
modro,16871
nabylo,16270
heart,25198
vyklube,25199
singlový,25200
axiální,25201
cdots,25202
přiřadit,23409
dekorativním,10311
sametový,9247
koník,17515
between,25203
war,25204
samec,17906
kopcem,6367
zraněním,23981
planetka,17972
jezdecký,8214
šedý,8846
očních,16912
hygienickým,2641
gumovým,9249
sum,25205
jistému,7524
tlačítkům,2784
zmírňuje,25206
hrubou,16595
složitou,15140
else,25207
zdoben,9788
programovacím,17621
identifikován,18938
nazýval,20506
takt,25208
španělským,3504
got,25209
kurs,15200
detailněji,21458
odkazov,25210
mandlemi,9353
zpevňuje,25211
stylovým,4343
třem,8989
hodu,20067
tlumí,16273
rozdílu,18957
kaňonu,25212
označoval,16318
pačuli,25213
výdejním,25214
dubových,13009
dokončený,14441
kompletním,5631
monument,25215
kamenem,18194
určována,25216
vinným,4884
zateplením,25217
sbírejte,15074
proveďte,5893
nahore,25218
neţ,25219
těsněním,25220
sát,25221
zvětšenou,18269
případnou,9899
bočním,15114
neutrálního,18745
veselým,6545
ponoru,25222
rozdílů,18957
pojistný,5190
oslabil,13012
předkem,12940
bojovým,4723
percentil,25223
výstřelu,25224
výchovným,6847
chronický,18293
složenou,11356
chronických,18293
treter,16925
tichým,4080
tečkami,11902
training,25225
vír,25226
podepsáním,19086
sudy,13248
poutním,25227
prstem,12418
lymfocytů,25228
prováděcím,16257
protáhl,15877
naplněn,20086
biologicky,25229
jakej,25230
citlivým,9038
volitelů,25231
strategickým,6581
završil,25232
diagramů,23591
udelal,25233
jelení,25234
každoročním,18526
podusíme,25235
květu,16269
včelí,24740
hlubokém,18482
kameni,18194
prodyšný,17168
atribut,21091
uplatněním,21000
nasbírat,24089
svalový,13853
náhlý,12745
dokonalému,8145
působícím,15749
instruktorem,25236
obětování,21283
pečujících,18752
patnáctý,7434
litý,21439
obývají,18084
similar,25237
předešlém,12584
dřevěným,6945
obklopeno,19593
čsfd,25238
krásném,8903
srovnatelných,21622
know,25239
pšenici,6656
tření,25240
gumou,16598
židovský,12666
tajemným,8864
intenzivním,13415
formálním,12479
dlouhodobými,11216
dark,25241
průlivem,18337
read,25242
kódem,8110
enable,25243
těžkých,14372
střelou,9406
potenciálním,19651
prodlouženo,9206
kytaristou,18593
křivkou,25244
náboji,16442
predikát,25245
vodíkem,9210
závislým,682
špetkou,25246
zobecnění,25247
teoretických,21231
kmene,17530
vosk,20959
navázat,20031
español,25248
ohnivý,18478
náhradníkem,18379
triumfoval,25249
dokonalém,8145
souvislý,14943
sekrecí,25250
sprint,25251
hľadám,25252
ktorom,25253
maximem,17516
vyškolení,25254
deluxe,25255
upsání,25256
slepičí,25257
sdelit,25258
blokádu,13102
opracování,25259
pryž,25260
párům,20546
obdiv,22456
organický,11545
hřbetu,24160
minimální,19220
buňkám,2199
chovných,25261
brzdového,22060
satén,24521
budeš,6557
slepý,12263
nárt,25262
volitelným,9684
statistickým,8814
párech,20546
kladě,25263
block,25264
take,25265
naplníme,15006
dolet,24541
zbytečným,11522
srážkami,18063
udávané,25266
kříží,23880
paticí,22733
náhodnému,10203
dlaň,16851
říznutý,25267
member,25268
own,25269
chondroitin,25270
židovští,12666
řetězem,25271
přilnavost,25272
obhájil,15540
hezkém,9256
uzlů,19587
třídou,9564
prameni,11473
url,25273
pošli,4550
upisování,25274
entit,7847
raně,25275
vzájemným,8944
vidlicový,25276
oplození,25277
hrot,16864
výškových,4195
lehkém,9609
vyplněným,24033
points,25278
označovanou,25279
ostrovům,2948
přečteno,5990
židy,19110
photos,25280
terapeutický,17732
anatomicky,25281
spřátelil,25282
nápěv,25283
ošetřeny,19105
nearabské,25284
elixír,25285
shell,25286
cínu,25287
značném,8561
obnovující,25288
bičem,25289
mariánský,7003
přeslici,25290
narozená,23795
hospodářským,3042
vratné,20823
prudkému,17902
estonsky,25291
sblíží,25292
průnik,25293
lidskému,2751
kibuc,25294
zjednodušeném,9302
rightarrow,25295
tělový,19198
number,25296
urychluje,25297
pink,25298
vis,6177
vypálena,25299
hoci,25300
upínací,25301
rafinovaný,16324
pros,25302
vzorek,15357
hnědých,12620
smíšených,20907
vyslovit,7985
zánětem,18837
vysvěcen,25303
můžeš,4811
stoupání,25304
jedincům,25305
stélka,25306
třináctý,9393
type,6825
ebay,25307
zakončit,17724
strojově,25308
družstvem,7154
operacím,7576
pružných,19706
pumpu,5481
stíhacím,25309
pls,25310
kruhovým,5337
cenným,15923
alergickou,17992
editačním,25311
nabývání,25312
nazývají,20506
pružinami,12744
tvarech,14833
dívčími,11043
dosahovat,20642
sie,25313
brzdu,14447
kašli,13701
překvapený,7061
dochutíme,25314
bahna,21923
krémem,25315
hlavni,24300
hours,25316
oboustranný,18450
rybích,19363
císařským,9164
brož,25317
popsány,14497
app,25318
vrtáku,16814
mat,25319
transparentním,18894
rozhodný,22554
nasbírali,24089
slabším,13201
mezí,12626
svažitý,25320
karbonu,23892
smekám,25321
metodických,18161
jez,22994
důl,5824
nehet,9235
kořenem,17090
vyjímatelný,17009
dračí,25322
znamenající,9281
kamennými,9012
zlatem,16361
ovocnou,10104
přiléhá,25323
vybudovanou,25324
prudkou,17902
účinným,10097
agens,25325
neučinil,10391
splněný,14518
mírem,18795
driver,25326
nektar,25327
dík,25328
srdečním,13524
jemných,14261
absolvují,23761
nazývány,20506
oranžový,5545
užij,25329
střídavým,12735
dělej,3911
mooc,25330
tbl,25331
pour,25332
optimálním,11877
shift,25333
local,25334
during,25335
ních,25336
recorded,25337
respekt,23791
klikneme,25338
minimu,19866
mathrm,25339
sest,25340
hebký,18343
zaschnutí,25341
vyplul,25342
uzavíracího,25343
vyznačeno,22312
einer,25344
žlutě,25345
funkčním,5659
nepříznivým,14141
vyjádřen,23914
děr,3738
přilnavosti,25346
sekundárních,15588
doplnky,25347
psychickým,10006
rozpor,15957
nasazeným,10768
tíhu,15343
odhodláním,22449
okr,25348
delle,25349
score,25350
dopl,25351
založeno,12413
magických,9989
počeštěno,25352
kmenech,17530
zakončen,17724
vředů,25353
vypracován,20902
ňom,25354
break,25355
ráži,22556
lišil,16369
color,25356
profilem,16591
raněn,25357
strádání,25358
citů,19516
situ,25359
přítokem,24133
valu,25360
žab,4363
skrytým,6741
absolvoval,23761
odkazuje,14511
job,25361
roje,25362
registrovaným,17613
zjistíš,2037
mno,25363
jantaru,25364
release,25365
ručním,3844
absolutních,17183
založeným,12413
pokédexu,25366
nìkolika,25367
panu,12677
sjelo,25368
vniknutím,25369
levoruký,25370
popsaným,18934
gratuluji,23149
erby,25371
konvent,25372
skalnatém,20589
empirických,21134
jos,25373
změním,10169
výpletu,25374
jedinečným,11597
stoupal,10973
hmotný,19269
odvozují,25375
novelizováno,25376
vagína,15835
desátým,5881
činili,21073
jsu,25377
certifikátem,19089
slabě,25378
přivlastňovací,25379
rozbaleno,10968
tah,20213
brownfields,25380
šroubek,13723
povrchový,17909
sponou,7468
transferů,20039
vrozených,20756
lososem,19709
done,12474
pružnější,19706
levely,25381
záporně,25382
hřbetě,24160
hektar,18901
oček,25383
obrobku,25384
klíčovým,10227
prostou,12806
tzn,25385
průvodem,15558
poporodní,25386
dostřel,25387
kněžském,15675
tys,4387
svrhl,25388
červeným,6719
pát,25389
pseudonymem,25390
soupis,25391
vychováván,25392
svatým,3860
pyl,25002
máslem,10711
mým,2681
freefoto,25393
plameni,11973
vypočítá,19349
luční,25394
nadmořských,18085
příčných,20192
výcvik,23340
vypuknutím,25395
přezkum,25396
stanovenou,17767
find,25397
zpětvzetí,25398
tku,25399
ných,25400
ios,25401
zabraňují,23994
nezdrobnělá,25402
zakotveno,25403
minimem,19866
letopočtem,24639
závorky,24589
narazíš,17667
počáteční,23773
null,25404
námořním,4454
odvozuje,25375
zal,25405
plni,14217
jasmín,25406
rovno,25407
plát,20802
filtračních,25408
čirého,20794
libovolným,6988
bezbarvé,25409
zablokována,9648
clo,17324
rizikovým,8614
swing,25410
vláknem,7928
tepen,8090
vděčnost,25411
tahač,23602
ohledem,16563
předepsanou,19147
výpočet,14305
bilancí,9657
sokl,24636
phi,25412
nekolik,25413
nabyl,16270
taxon,25414
flip,25415
vsunutím,25416
liberálním,5179
zevně,25417
zvýšeným,18505
btw,25418
nanášet,24828
žlutý,11759
stěžejním,15246
kořenový,16026
pojmenováno,22383
středověký,9343
zpevnit,25419
chlopně,25420
závazného,17793
ostrohu,25421
úplným,14161
peáž,25422
potoce,15618
skalním,10586
manévru,18471
vanilkovým,22708
potřebuješ,7255
complete,25423
zdvořile,25424
spojnicí,19137
vyznačením,22312
opevněním,18045
stanovujeme,22385
zablokován,9648
limitovanou,25425
vozidlům,25426
zavíráním,10825
vygenerovat,25427
nazývá,20506
dosažením,21985
doložený,24462
sup,25428
kyrysar,25429
are,25430
řasu,14986
pozitivními,15917
sólo,24687
synagogu,5208
citrusových,25431
třmenu,25432
regulovaném,11085
přírubou,25433
projel,13470
peeling,25434
narozeného,23795
dočasným,11701
pudink,25435
hrubosrstý,25436
rychlobruslař,25437
extraktem,24658
napojuje,25438
hrází,17882
hoch,8871
proměnlivým,16551
four,25439
ořechu,13718
přijdeš,2272
závodním,7084
zlatě,16361
potahem,3904
náběh,20133
nýty,25440
řict,25441
force,25442
evidenčním,17816
kotníku,21892
očním,16912
opěrný,25443
stříbrem,12606
effect,25444
basic,25445
mírném,18402
daňově,25446
evidováno,12177
středovým,9146
rozmarýnu,18953
návazností,23766
lovecký,12227
úlovek,25447
přípravném,16847
jemnou,14261
lovců,13994
zkušeným,9915
rasou,14311
back,25448
vyplněný,24033
limitován,22206
levostranný,25449
kor,25450
pyšný,17035
svùj,25451
kto,25452
nezaměnitelný,21485
náznaku,20367
žlutém,11759
srdíčkem,7305
zrn,11196
křížek,10135
extraktu,25453
teplotním,17778
mému,2681
vyprázdnit,25454
nowrap,25455
výběrovým,5487
aspektem,4847
dostatečným,7491
nejníže,24146
efektem,10032
absolvovat,23761
nemusíš,6284
sulfát,25456
kostech,12004
oděru,25457
nazývané,23894
pam,25458
určením,20773
dvojnásobným,11673
usnadňující,25459
mikrogramů,25460
bytostmi,13846
systematický,14685
následovanými,9898
sňatkem,20676
lžičkou,13075
gramáží,25461
víceboji,25462
mbox,25463
šampionem,25464
výplet,25465
zalijeme,20040
naprostým,9325
domluvíme,10480
doprovázený,17644
stavebním,5273
under,25466
look,25467
obklopeny,19593
cca,25468
vyléčí,23726
kmenu,17530
dodatků,17235
staročesky,25469
ošetřujícím,18211
výskytem,18005
ohm,25470
objezd,25471
ustálil,16451
rytmicky,25472
strukturovaný,12052
odkryté,25473
harmonicky,25474
třením,25475
tuhostí,25476
přilehlým,7670
nikl,22715
zpevňující,25477
písmenem,5734
vyjádřené,23914
antikorozní,25478
spoluhráč,11938
přechodnou,19074
podivným,8947
cín,25287
zdar,24578
malinký,15934
příznivý,14141
podpůrný,16091
témuž,8554
jezdím,16322
vlijeme,25479
cost,25480
lžící,12427
vzájemný,8944
vyznačen,22312
aplikují,22628
dkg,25481
don,12474
nákyp,25482
trhlin,14810
ová,25483
temný,3795
překonat,19695
sign,25484
asteroidů,24406
háku,11797
potlačil,15547
silikonovým,10481
hustém,15381
mrkví,6019
německy,25485
výr,25486
biologickým,6343
osídlen,25487
troše,18108
naložení,23893
přestupy,25488
včelstva,25489
přispěním,23111
jdi,3735
shodném,16078
modifikovaný,25490
sériovým,7286
kytarový,6123
dvoukřídlé,25491
bezpečným,6149
řazeni,14023
chris,25492
proměnnou,25493
přírodním,12992
zkratku,25494
italským,1776
přestupem,24104
alebo,25495
cislo,25496
zamiluje,15388
pilový,18998
ráží,22556
ide,25497
porost,19253
romantickým,4597
poin,25498
jádrem,3028
morem,25499
příkop,17197
prosincem,7778
nuceným,7720
lidským,2751
zábradlím,8971
road,25500
redukované,25501
doplň,7663
obtížnou,18436
dobyta,14220
krémovou,25502
vintage,25503
hoboj,25504
stabilizovaný,25505
razítkem,8703
vil,1484
vysláni,25506
černému,6939
uznávání,25507
lumen,22849
vyživující,25508
útlém,17580
zajatých,25509
stád,21713
zrušují,25510
ocelovým,3018
complex,25511
silném,9786
osobni,25512
řeckém,2038
včelstev,25489
osazený,25513
kpt,25514
poznamenáno,24763
věnováním,5581
mmol,25515
palisty,25516
pojmenovaných,15212
where,25517
obráncem,21920
tlumení,25518
následným,9710
frosted,25519
královským,3031
details,25520
číslici,12486
odplul,25521
specifickým,16148
keep,25522
main,25523
břehům,13381
júla,25524
přírodně,25525
tunu,16811
uzávěry,25526
vzorcích,19374
októbra,25527
silám,9273
usnesl,25528
zabraňující,25529
hluboce,13199
válečníků,21712
vem,25530
tmel,25531
mladém,1204
vztaženy,25532
champwd,25533
vložkou,25534
oldid,25535
hořký,9909
objet,25536
srpnem,4561
nástřik,25537
root,25538
krásným,8903
pravidlu,7976
krémová,23414
údolími,22613
ožení,23903
mol,25539
gestem,12372
víčkem,18658
akutním,15909
pasem,19840
sin,25540
neptá,7099
vývin,25541
narodí,22734
levým,12836
oxidační,25542
teplým,8241
očekávaným,17835
spokojených,11827
run,25543
krajanem,6535
sypké,24079
klanu,25544
sudech,13248
sedcard,25545
beránek,18760
vzorem,17354
kosatec,25546
svýma,7991
sit,25547
upload,25548
rem,25549
griddlerů,25550
osídlena,25551
výborných,7620
zku,25552
horským,2368
zdůvodnit,18668
vah,6654
dřev,9242
vygenerování,25553
basový,22647
čep,25554
tvrdými,11519
získáno,8212
párem,20546
vítězným,5268
registrovaní,17613
validní,25555
živinami,11270
nožkách,14601
točivým,25556
součet,20586
eanu,25557
nabere,25558
usr,25559
podělte,16885
šedě,25560
sdělte,1791
lamelami,22913
olivovým,17670
oxidací,25561
řekni,13087
smrtícím,14082
prodávajícím,11037
výcvikem,23340
těma,6459
aplikátor,25562
dobyto,14220
přeložil,20233
smíšeného,20907
ansámbl,25563
vaším,5279
indexem,23508
saský,13904
ročníkový,25564
čtrnáctý,5267
sestoupil,18615
předjíždí,25565
přístavem,6801
zadanou,25566
přiměřeným,15941
una,25567
rasu,14311
osazeno,14256
tymiánu,24936
zinečnatý,25568
celkovy,25569
trvalých,7016
cos,25570
pinů,25571
even,25572
zaplať,2702
umíš,9732
ucítíte,25573
projdeme,12548
anglickým,3964
zeptej,8920
označováni,16318
vděčnosti,25411
doplněním,20398
čau,25574
silným,9786
spravován,10666
narozeni,22734
vous,14687
rabi,25575
zvýšeném,18505
uzlem,19587
traumatu,22360
přepadem,25576
kluzáku,25577
its,25578
separační,25579
růstový,21171
crostini,25580
rozpětím,25581
významném,11479
ovál,25582
cock,25583
druhové,25584
okoli,25585
příjmením,21404
meste,25586
člunem,13545
přesném,15770
vyplněných,24033
floor,25587
tym,25588
vázaných,15915
vyhnul,14341
kotník,21892
procesním,20846
dvojitých,15034
gelový,25589
hoden,12540
questy,25590
lovem,14620
awesome,25591
administrativním,17251
článok,25592
getting,25593
náznakem,20367
tmavě,25594
lehkými,9609
pružnou,19706
domovským,1316
jakýmsi,9717
pramenem,11473
přidáním,21731
hnědý,12620
přídavným,9135
výstupním,25595
příjmeních,21404
tits,25596
zakončili,17724
datují,20828
částečným,12915
upravíme,6818
osudným,25597
manuálním,14134
vejci,14151
pozoun,25598
dekuju,25599
vyhlazuje,25600
zam,25601
přečti,5990
věkový,8358
nádechem,20987
questions,25602
objektově,25603
ohař,25604
suchém,13473
těžkém,14372
requested,25605
žid,19110
hraběnkou,7986
egyptským,4058
three,25606
magdu,25607
uzlech,25608
suchým,13473
glukosamin,25609
odebrán,22869
řemeslu,3095
polem,15013
terénem,25610
vyplněny,21345
dual,25611
dan,25612
nehodnotil,25613
rozdil,25614
poptávajícíz,25615
stř,25616
komfortním,10657
dotekem,15238
skinny,25617
tahu,20213
zjednodušený,9302
zohledněny,17422
zbarvením,22309
von,3227
byrokrat,21825
zdivu,18195
fleretem,25618
deblový,25619
závaznou,17793
mistrovských,15383
bulk,25620
potřebném,9172
farmu,12559
der,4377
natalis,25621
čirým,20794
bohům,9209
boilies,25622
hustotu,21789
trus,25623
styling,25624
roklí,19955
činilo,21073
klademe,12318
germánského,16784
integrál,25625
redirect,25626
pláň,18341
query,25627
monohydrát,25628
úchop,25629
vertikálním,10688
bridge,25630
prvorozený,25631
ivf,25632
minimálními,19220
apartment,25633
věř,4854
svatém,3860
nickem,25634
praktickým,10385
vzorci,19374
asteroid,24406
rytec,25635
definovanou,17364
připsal,16002
splňující,18154
doc,25636
lososový,25637
divokým,2991
průmyslovým,859
ratio,25638
převis,25639
apps,25640
dochovaným,17199
chlapecký,4385
opus,25641
neboj,8215
kupců,15305
duchovním,15533
wenge,25642
řídký,18070
žilnatinou,25643
zajat,21036
vítán,6051
najdte,25644
částečném,12915
cell,25645
rez,25646
nanést,24828
křiž,23880
heterogenní,25647
komplikovanou,15213
tek,25648
protilátky,24321
charakteristickými,13860
presbytář,10906
lip,3522
štěňat,14637
and,25649
snímačem,25650
oacute,25651
součinitel,25652
nepřekonatelný,25653
kvalifikovaným,16901
noky,25654
zakládány,19118
válečným,7349
zúžení,25655
update,25656
samovolnému,25657
origins,25658
šál,7551
nalezneš,25659
chu,25660
chces,25661
padding,25662
ustavil,25663
čtv,25664
vdovou,8164
then,25665
měj,5944
výraznějších,10600
nivy,25666
mentálním,18963
děd,4647
pos,25667
zázrakem,17532
atributem,21091
jmenujeme,12224
součtem,20586
sypaný,22812
vjezdem,21755
podrážku,22757
pony,25668
valenou,25669
burger,25670
fot,25671
steel,25672
přestavěný,25673
zajmout,2668
drum,25674
třtina,25675
minimis,25676
pool,25677
subpahýl,25678
how,25679
kovovým,5720
charakteristickým,13860
dramma,25680
rozvahu,18134
lamel,22913
sparen,25681
jseš,6557
sarkazmus,25682
latinsky,25683
nick,25684
základu,19361
agresivním,16195
silente,25685
mesto,25586
vložce,25686
tác,25687
import,16725
elementu,25688
bodù,25689
byzantský,9349
máš,5944
divokém,2991
předek,12940
classic,25690
přetlak,25691
spravnej,25692
xml,25693
cech,24761
bílým,5806
ang,25694
startovním,19926
dutinách,13018
exit,25695
inch,25696
sir,23051
polyuretan,25697
taktem,25208
capáčky,25698
sanskrtu,25699
vzd,25700
obdélný,25701
into,25702
upon,25703
cat,25704
dvojitou,15034
součinitele,25705
ice,25706
pon,25707
císařském,9164
aqua,25708
tandem,25709
předka,12940
ziskem,9869
evidován,12177
kernel,25710
push,25711
usmál,12240
ahojky,25712
blan,22122
lupus,25713
zesílený,25714
krytým,10720
brod,25715
magií,5857
vonný,15826
kádr,21994
iii,25716
podľa,25717
stanovením,24122
zakončil,17724
per,4510
valem,25360
make,25718
entry,25719
respektem,23791
target,25720
vrozenou,20756
ich,25721
dutý,16942
output,25722
všeobecným,4358
čerstvým,11100
složeno,11356
antuka,15865
ohroženými,10301
podsklepený,25723
hlínou,11802
řezem,19810
začneš,5894
baryton,25724
položíme,10891
odtok,25725
zaútočil,14562
snížen,19066
odesláni,25726
výkazu,15328
uzavřeným,8806
nártu,25262
olivami,8227
zdravým,4066
příponou,25727
hluboký,18482
pozdravem,20171
vokál,25728
click,25729
jízdním,6305
přeloženy,20233
příkladě,15098
nutnou,17475
vyložený,24501
čti,4254
vstřelených,25730
chovatel,12853
lení,25731
ekvivalent,23192
limitní,25732
obi,25733
lymfocyty,25734
citu,19516
znamením,16481
vápenatý,24925
oky,1449
čistém,8677
narozením,23330
ret,22230
surname,25735
identický,19687
pudu,19021
právně,25736
řezbář,25737
vnějším,10762
valy,25360
hebrejský,20624
das,25738
skalami,9742
con,25739
úplných,14161
option,25740
lžic,12427
imail,25741
družinou,1082
narodil,22734
nulovým,9590
pozdním,19355
říšským,3017
předepsaný,19147
jazykovým,5094
bronzovým,18710
utěsnění,25742
mieste,25743
jistým,7524
kolmá,22095
hliníkovým,4014
násobí,25744
rho,25745
rud,6691
odstínem,25746
pólů,12555
tag,25747
drž,5695
len,25748
sborem,13572
připíšeme,16002
sic,25749
tab,25750
hřbet,24160
comfort,25751
organizačním,14166
odvození,25752
fundamentální,25753
vyjádřený,23914
získej,8212
ass,25754
naplněny,15006
rodný,10718
looking,25755
chovám,10447
suk,25756
dýní,16960
příponu,25757
izolačním,18800
middle,25758
smazáním,25759
ekvivalentu,23192
aplikujte,22628
dvouděložných,25760
metu,17513
kovem,25761
ninja,25762
pánu,1734
form,25763
šikmý,11307
nejvýše,15839
přibližný,23729
syntetického,23823
úlu,25764
opevněný,25765
strmý,23247
mrtvém,6881
zmíněným,4156
mezeru,14614
pin,25766
mysu,21517
soutok,25767
frakci,18023
ozdobným,12238
sjel,23337
žilní,25768
jemném,14261
obchodovatelných,25769
ranami,14765
indexy,23508
tělesným,4886
souvislou,14943
zakončením,20331
snaž,5473
hráškem,20091
sjezdem,16133
mlýnem,11187
zvanou,17377
šestihran,25770
patch,25771
please,25772
předpokládaném,16399
strmých,23247
kariérním,24032
prudký,17902
vyznačí,22312
grácií,25773
stavěný,16737
naplňte,15006
svatému,3860
úžlabí,25774
snažíš,5473
ponor,25775
cit,19516
koeficientů,25776
nátěrem,10592
hrabětem,14690
navazujícím,18906
jazýček,2849
vyzbrojen,23521
koženým,14104
pln,14217
vek,25777
ryzosti,25778
dtí,25779
new,25780
alt,25781
jersey,25782
jasan,25783
výměnným,25784
chick,25785
nesouladu,24250
input,25786
stahujte,8898
jedeš,25787
osadou,15536
sein,25788
taktu,25208
pěšce,25789
lesním,15832
strike,25790
přihrál,25791
nazýváno,23894
vybereš,5088
tuhou,25792
zirkon,25793
kroužkem,13754
oboustranným,18450
zplodil,25794
uchy,1727
dosažený,19235
prudkém,17902
tvoji,20653
antigenu,23487
kyselinami,17813
ování,25795
potomkem,19113
zvětšením,17464
jemným,14261
osmý,2915
opatem,17881
novelizován,25376
vybojoval,16634
přívěsem,14775
dáváš,2648
nazývanou,23894
uživatelským,7258
kit,25796
pouhým,11894
koupíš,3555
short,25797
mozno,25798
milý,8856
did,25799
krupobitím,19655
závazným,17793
nazván,25800
ned,25801
some,25802
vlásti,25803
hedvábně,25804
komplexem,10631
nezbytným,17112
identifikovány,18938
svrškem,25805
jarním,12482
plechem,25806
necháš,3282
barokním,9972
nedáš,25807
otisků,15363
zpětným,15581
vyšleháme,25808
sub,25809
tvojí,20653
ved,25810
ein,25811
sólový,14781
vlasec,21771
neo,25812
strašidelných,14964
cup,22690
kvk,25813
vylepšeným,16311
roj,25814
najdeš,5746
from,25815
bad,25816
pakt,22134
obepíná,25817
bronze,21397
rodokmenem,20746
around,25818
zachovalých,20741
kaňon,25819
detail,8739
lesu,6057
vzlétl,25820
jmenném,25821
diamantový,25822
prudkých,17902
souhlasim,8607
redukuje,24961
účinkům,16411
koukni,3101
osídleno,25823
závitu,23085
hodnoceni,7227
bordó,25824
dir,25825
uznaných,25826
měkkým,14817
opat,17881
otěru,25827
non,25828
existujícím,6010
náhradním,11341
dodatečným,8383
sameček,25829
bgcolor,25830
koncentracích,10369
zirkony,25831
levelu,25832
cartr,25833
approx,25834
vyjímkou,25835
upraveným,10323
vzlet,25836
navázání,25837
obhájit,15540
obchodníkem,9794
navázali,20031
hydrochloridum,25838
pevnostní,20957
ben,25839
udáván,25840
přidán,9781
support,25841
působícího,15749
zvýšen,18505
account,25842
rzi,25843
pedál,25844
tuba,25845
elastickým,14364
dřevu,9242
klan,25544
balením,20500
výborným,7620
postupným,13596
drahokamů,23410
jednokřídlé,25846
arabským,9382
doplněn,16627
včelího,24740
tvému,20653
najel,25847
vyšším,2908
nerezovým,5073
odsazení,25848
bezejmenný,25849
úte,25850
třtinový,25851
hoď,6593
perfektním,21052
součinu,25852
jelena,16877
valign,25853
skloňováním,25854
prvotním,11895
variabilním,14715
kožíškem,25855
jizev,21387
skalnatý,20589
nazýván,23894
vážený,15489
vylíhnutí,25856
zusammen,25857
action,25858
boot,25859
spár,25860
add,25861
kóta,25862
par,25863
tukem,11777
nálet,19640
hrubým,16595
include,25864
vřelé,25097
bass,25865
prvovýstup,25866
výškový,4195
bezpečněji,15697
nádherným,18983
tan,25867
předpokládaným,16399
cum,25868
ochraňuje,25869
oxidem,25870
lit,25871
játry,9661
robustním,15578
vybroušeným,25872
prizmatický,25873
land,25874
few,25875
stélku,25876
slezský,10235
latinský,15378
über,25877
kombinovaným,6716
odtah,25878
ďakujem,25879
řecky,25880
podpatek,12656
hovězím,18233
podélnou,9910
popisek,9324
vezmi,2299
omak,25881
zapsaným,25882
medem,24073
přezkou,25883
hedvábný,18645
gratuluju,23149
vyznačoval,23957
bring,25884
klobouček,23517
univerzálním,10513
doi,25885
water,25886
muj,25887
ledovým,4598
příčný,20192
potokem,15618
popsáno,18934
shrnutím,20668
písčitých,11985
patina,25888
res,25889
prázdným,10664
nepoškozeném,6984
soprán,25890
zakončený,25891
béžový,18193
meziválečný,14665
společenstvo,23387
texturou,25892
náhlým,12745
zkus,9226
ozvi,3638
používáš,9602
popisných,22759
follow,25893
trnem,25894
zemním,16753
rómadži,25895
vetiver,25896
podvozkem,25897
pigment,25898
důkazech,13726
matic,10823
dev,25899
larev,21612
hustým,15381
shluk,25900
try,25901
narozený,23795
muškátový,25902
days,25903
obj,25904
narozen,23795
solo,25905
pplk,23907
smyk,25906
žalud,24129
hnědým,12620
plul,21155
pseudonym,25907
židovským,12666
basso,25908
ustaven,25663
wie,25909
evidovány,12177
pahorek,25910
obráběním,25911
pokročilí,12553
pøíspìvkù,25912
bratrancem,18231
nejzapeklitějších,25913
sestup,24877
třecí,25914
minor,25915
vzácným,16316
pud,19021
first,25916
que,25917
vzletu,25918
baleno,10641
upřesňují,25919
women,25920
imdb,25921
rej,25922
img,25923
udělej,5995
přiznán,945
necgtěj,25924
view,25925
pěkným,13933
oktávu,16752
bavlnou,7954
koním,11481
shall,25926
orestujeme,25927
clear,25928
sedlem,7296
postranním,12522
both,25929
řemínkem,25930
seo,25931
přilnavostí,25932
počest,25933
mistrovský,15383
rozdílům,18957
přípravný,16847
tvůj,20653
build,25934
bází,18313
koeficient,25776
prve,25935
ořech,13718
nezapomeň,9595
postaveným,7907
brzdný,13135
švů,25936
pěn,10695
nepřátelským,24656
předlitavský,25937
vyjádřeno,23914
login,25938
tyrkys,25939
navazoval,24252
předáme,25940
průtahu,25941
auf,25942
základì,25943
rub,24633
tvém,20653
dvěmi,25944
dědí,25945
kovář,17924
hustotě,21789
tie,25946
provdat,23313
danem,25947
konstant,21654
were,25948
opětovným,19267
bottom,25949
atributu,25950
stromečkovým,25951
dress,25952
zkomplikuje,18124
koeficientu,25776
úhrn,23240
datumu,25953
něžný,16276
průniku,25954
stupněm,15260
flag,25955
sezónně,25956
nur,25957
štětcem,13919
užívej,25958
approach,25959
absolutním,17183
before,25960
rodem,8720
křestních,25961
rodným,10718
výstražný,11754
vál,25962
near,25963
mírným,18402
etc,25964
hash,25965
schopnostem,8431
osvědčením,23640
ležícím,25966
závit,23085
wikipedistovi,12700
začátečníkům,16900
dei,25967
law,25968
riding,25969
započatý,25970
width,25971
uns,25972
unit,25973
koňmi,11481
pižma,25974
stabilním,11222
dezénem,25975
uděláš,5995
dáš,4578
přátelským,7492
klidným,9653
float,25976
abs,25977
sudetoněmecký,18958
vyzkoušenírok,25978
kruhem,15497
navázal,20031
hojení,25979
trn,18889
stoupáním,25304
auch,25980
zvládneš,25981
pohanů,25982
konsensu,25080
květinovým,13828
zlatým,14224
rostlinným,5205
načítám,25983
mosaz,25984
close,25985
magenta,25986
zájmovém,5064
maxim,17516
hadí,25987
bezbarvá,25409
while,25988
koeficienty,25776
php,25989
method,25990
předcházejícím,17327
ryzost,25991
zapracování,25051
hčp,25992
uzávěru,25993
defekt,25994
věncem,18057
chór,18048
musíš,6284
podívej,6217
pozitivním,15917
přechodový,14041
přijď,2272
such,17172
indexů,23508
číslovaných,25995
dates,25996
derivátů,25997
hlubokým,18482
mathbb,25998
nav,25999
hladkou,21678
del,26000
hrotem,16864
druhově,26001
citem,19516
away,26002
příbytek,26003
yardů,26004
vydrž,8337
snadne,26005
white,26006
uzavírací,26007
skills,26008
podešev,26009
roven,10177
kouřovým,22299
cui,26010
lnu,25748
mohutným,8024
habilitoval,26011
polynom,26012
tenor,26013
třmeny,26014
mir,26015
vstupním,18811
etue,26016
účinkem,16411
frakcí,18023
ovsem,23611
diff,26017
séru,23417
camp,26018
převýšením,26019
josefka,26020
rozená,26021
minerálu,26022
file,26023
pdle,26024
pom,26025
mrkni,17711
king,26026
myším,26027
mmmk,26028
nájezdu,18790
konstantním,18266
voskem,20959
dispozičně,26029
hand,26030
nude,26031
kurzem,13335
uznávaným,11750
oddílem,6268
dubů,14340
reliéfem,26032
mateřským,1953
ráfku,21896
příznivým,14141
pružinou,12744
lang,26033
roz,26034
rodokmeni,26035
und,26036
molární,26037
průsmyk,24920
červencem,10494
vyjádřeny,23914
sekundárním,15588
kilometrový,26038
plodem,9337
spp,26039
vit,26040
steh,26041
born,26042
nou,26043
piosenatore,26044
ubytovacími,14616
vývojovým,12934
fix,26045
bicolor,26046
swap,26047
presne,26048
nástrah,15976
doslov,26049
tlumící,26050
hřejivý,14110
hvězdičkyz,4491
terénním,8953
symbolickým,12252
dunamů,26051
silnějším,9786
revertů,26052
ukaž,2968
čirý,20794
forte,26053
wir,26054
zvol,10077
váček,24569
vzorkem,15357
vitae,26055
brutto,26056
medzi,26057
cítíš,8881
mělký,21546
prospěchem,15890
material,26058
dimorfismus,26059
najetím,26060
kandži,26061
výpad,22018
bláta,23181
víčku,18658
milostivý,26062
jeruzalémský,21805
pat,26063
field,26064
odečteno,26065
rozumném,11732
prudkým,17902
maximu,17516
coated,26066
ústím,24055
inge,26067
tvou,20653
filter,26068
ter,26069
mokra,26070
vel,24094
die,26071
reg,26072
získán,8212
als,26073
zdvihu,26074
template,26075
dostaneš,3104
hcg,26076
pedálu,26077
zlaťáků,26078
skus,26079
met,17513
poly,26080
eds,26081
bluesový,26082
šedým,8846
víl,6923
podrážkou,22757
tahem,20213
jíl,26083
minim,19866
semi,26084
umu,26085
hladkým,21678
redukují,26086
ran,14765
upínání,26087
foot,26088
deriváty,25997
feat,26089
attached,26090
path,26091
bug,26092
teoretický,21231
plexi,26093
kreditů,26094
hlubším,18482
put,26095
helpdesk,26096
hezkým,9256
long,26097
dry,26098
vázáním,26099
adresáři,15739
šat,8034
risk,26100
napíšeš,6132
počátečním,23773
ekvivalentní,23192
morálním,11299
raný,16357
vatě,15465
rpm,26101
qui,26102
mass,26103
poznamenán,7758
vyložení,24501
vývrt,26104
koeficientem,25776
citový,23684
najeto,26105
ask,26106
date,26107
aka,26108
pružným,19706
skore,26109
nacházejícím,21700
synovský,26110
ztroskotal,19724
precizním,19731
cart,26111
false,26112
prům,26113
sind,26114
plurál,26115
oil,26116
připište,26117
říčním,14546
pocet,26118
chytalo,26119
load,26120
musite,26121
nájezd,18790
výraznějším,10600
kod,26122
přep,26123
above,26124
kmenem,17530
teměř,26125
ist,26126
návlek,24132
měr,7195
podkrovím,8458
hustotou,21789
char,26127
val,25360
ahoj,26128
akordy,26129
sametově,26130
lege,26131
rozdílným,15460
konsenzu,26132
get,26133
chovem,26134
bol,5303
ráfek,21896
aus,26135
exp,26136
součin,25852
svěžím,16402
bezbarvý,25409
range,26137
hebrejsky,26138
brždění,26139
escort,26140
přepočet,23032
zvyšujícím,23277
tvuj,26141
těžkým,14372
vor,26142
peptidy,26143
vulgaris,26144
fin,26145
proměnným,26146
ref,26147
mág,26148
začni,5894
oxidačním,26149
šatu,8034
řezný,24505
für,26150
betonem,18776
fialový,10782
syntetický,23823
antigen,23487
ver,26151
neutrálním,18745
tvrdým,11519
opcí,19733
najet,25847
proražení,26152
nastřílel,26153
revert,26154
získány,18654
svoj,26155
kap,26156
spřátelí,26157
rozenou,26021
determinováno,26158
bold,26159
klasicistním,26160
klínový,26161
odpovídajícími,19751
imbus,26162
eines,26163
vrhu,26164
species,26165
kyselinou,17813
smíšeným,20907
vyzkoušej,8681
rytmem,12458
ber,26166
value,26167
kordem,26168
bis,26169
return,26170
round,26171
lehkým,9609
visit,26172
odpovídajícím,19751
květem,16269
height,26173
profile,26174
drop,26175
des,26176
šípu,12122
yes,26177
disease,26178
cap,26179
tool,26180
uzávěr,25526
ložiskem,13808
lehčím,9609
minerálním,12484
šněrování,26181
nedoporučená,26182
rozené,26021
church,26183
týmto,26184
maximálním,20548
pokřtěn,26185
prvý,10142
grip,26186
beim,26187
mlpozítří,26188
rose,20877
vítej,6051
zemědělským,1752
level,26189
deep,26190
bal,10641
ahref,26191
zur,26192
natural,26193
uje,26194
mošav,26195
teoretickým,21231
create,26196
nar,23795
female,26197
žetonů,26198
vzorcem,19374
tky,26199
najetí,26200
acid,26201
brown,26202
valivý,26203
nil,26204
dick,26205
manual,26206
bag,26207
konsenzus,26132
futures,26208
durch,26209
popisilustrační,26210
třmen,26211
cream,26212
zjedodušili,26213
derivát,25997
kaučuk,26214
prumer,26215
háj,23856
pomocným,12557
skin,26216
gold,26217
lock,26218
klínku,26219
green,26220
sich,26221
item,26222
zlk,26223
low,26224
src,26225
pravotočivým,26226
minimálním,19220
common,26227
aux,26228
jílu,26229
thumb,26230
smiluj,26231
přítoku,24133
kmeni,26232
pattern,26233
san,26234
tvým,20653
stocking,26235
zohledněn,17422
šněrováním,26236
length,26237
navy,26238
odchov,26239
cze,26240
sea,26241
proof,26242
zum,26243
var,18292
dvojím,12145
tem,3573
uzávěrem,25526
est,26244
due,26245
las,26246
sur,26247
přidej,9781
valley,26248
mes,26249
těžším,14372
jpg,26250
tax,26251
defektu,26252
akord,26129
blank,26253
jamek,24413
ordo,26254
cyan,26255
nach,26256
sol,26257
dik,26258
ibn,26259
string,26260
vrh,26164
lib,6740
wild,26261
small,26262
right,26263
class,26264
large,26265
yellow,26266
získáš,8212
align,26267
catsuit,26268
void,26269
mph,26270
neregistrovaný,26271
kaučuku,26214
oder,26272
degli,26273
řkm,26274
och,26275
lot,26276
narozena,22734
hojí,25979
select,26277
vom,26278
nultý,26279
eng,26280
double,26281
grey,26282
api,26283
bei,26284
líbíly,26285
použij,8961
synu,6201
netto,26286
odstraň,9482
beige,26287
tex,26288
