slovo,poradi
pták,1
papoušek,2
holub,3
vrabec,4
zobák,5
peří,6
křídlo,7
hnízdo,8
vejce,9
sova,10
dravec,11
savec,12
kachna,13
plaz,14
racek,15
čáp,16
mládě,17
rybák,18
hnízdící,19
samec,20
ocas,21
hnízdit,22
hlodavec,23
žába,24
káně,25
samička,26
ptactvo,27
dravý,28
cvrček,29
hnízdní,30
hejno,31
strakapoud,32
ještěrka,33
ptačí,34
samice,35
sameček,36
krkavec,37
opeřený,38
zvíře,39
slípka,40
pěnkava,41
slepice,42
papouščí,43
ještěr,44
rezavý,45
volavka,46
hnízdění,47
sýček,48
kolibřík,49
hmyz,50
tvor,51
potrava,52
trus,53
hnízdiště,54
lovit,55
tučňák,56
krmit,57
plameňák,58
ušatý,59
moták,60
páv,61
šelma,62
had,63
poštolka,64
koroptev,65
živočich,66
srnec,67
dospělý,68
motýl,69
bažant,70
špaček,71
netopýr,72
želva,73
všežravec,74
kormorán,75
dospělec,76
mravenec,77
krocan,78
žrát,79
krůta,80
ledňáček,81
koroptví,82
pštros,83
výr,84
datel,85
ulovit,86
rybka,87
zavalitý,88
kousat,89
kachní,90
drozd,91
jídelníček,92
bělohlavý,93
opeření,94
klíště,95
ryba,96
strakatý,97
tlapka,98
pejsek,99
labuť,100
moucha,101
linduška,102
rákosník,103
vážka,104
jezevec,105
stěhovavý,106
kachnička,107
prase,108
orel,109
mršina,110
korýš,111
hraboš,112
zbarvení,113
tuňák,114
čenich,115
morče,116
zadeček,117
kachně,118
plazí,119
chaluha,120
antilopa,121
kakadu,122
krmítko,123
zpěvný,124
zátylek,125
krajta,126
klokan,127
ptáče,128
kukačka,129
obojek,130
štír,131
plachý,132
poletující,133
holubí,134
predátor,135
jestřáb,136
netopýří,137
norek,138
dráp,139
voliéra,140
leguán,141
opice,142
kudlanka,143
tlama,144
srnčí,145
aligátor,146
užovka,147
sežrat,148
psík,149
krysa,150
štíhlý,151
pštrosí,152
krokodýl,153
chocholatý,154
hruď,155
straka,156
vrána,157
létat,158
krk,159
zbarvený,160
sumec,161
mýval,162
obratlovec,163
obojživelník,164
krtek,165
hříva,166
rejnok,167
larva,168
králíček,169
huňatý,170
pěvec,171
nápadný,172
lejsek,173
krmení,174
břicho,175
ocásek,176
páření,177
zobáček,178
čmelák,179
zajíc,180
sýkora,181
masožravec,182
žížala,183
rypák,184
brouk,185
ptáček,186
beruška,187
parazit,188
králík,189
šváb,190
pohrdnout,191
pískomil,192
křeček,193
pochop,194
klepeto,195
žíhaný,196
veverka,197
paví,198
pírko,199
pruhovaný,200
vosa,201
krab,202
proužkovaný,203
dravě,204
slepička,205
myšák,206
vylíhnutí,207
potáplice,208
pavián,209
housenka,210
hnědý,211
jedinec,212
činčila,213
motýlek,214
pestře,215
pernatý,216
žralok,217
sojka,218
hroch,219
čejka,220
dospělák,221
nozdra,222
šídlo,223
popelavý,224
ibis,225
pěnice,226
jaguár,227
liška,228
svišť,229
kohoutek,230
divočák,231
holubičí,232
kulík,233
zimoviště,234
sršeň,235
včela,236
dikobraz,237
líhnout,238
dorůstat,239
drůbež,240
kousnutí,241
krůtí,242
budka,243
hvízdání,244
ocasní,245
perlička,246
ploutev,247
žirafa,248
lachtan,249
mrož,250
tetřev,251
pozřít,252
chovaný,253
mravenečník,254
chřestýš,255
zvěř,256
klec,257
čolek,258
čtyřnohý,259
plavý,260
bříško,261
pulec,262
blecha,263
skvrnitý,264
hmyzí,265
tuleně,266
tmavý,267
drápky,268
končetina,269
oko,270
sleď,271
mazlíček,272
hroznýš,273
roztoč,274
bělavý,275
hyena,276
čumák,277
ovce,278
buvol,279
vlaštovka,280
nožka,281
potkan,282
mlok,283
sup,284
vole,285
ropucha,286
zvířátko,287
sýkorka,288
ježek,289
kořist,290
šedý,291
samotářský,292
saranče,293
zdechlina,294
zebra,295
bezobratlý,296
snůška,297
koza,298
daněk,299
plejtvák,300
chápavý,301
bradavka,302
rak,303
ulovený,304
vak,305
tuleň,306
střízlík,307
hrdlička,308
boltec,309
komár,310
labutí,311
béžový,312
kulíšek,313
smečka,314
luňák,315
líheň,316
skvrnka,317
lovící,318
bažantí,319
požírat,320
motýlí,321
strnad,322
hravý,323
vnímavý,324
drak,325
nosorožec,326
bubák,327
tažný,328
výkal,329
humr,330
kuřátko,331
mrchožrout,332
pusa,333
krokodýlí,334
krunýř,335
ochočit,336
holubice,337
platýs,338
zob,339
doupě,340
krasavec,341
jikra,342
vylíhnout,343
pestrý,344
chmýří,345
ucho,346
úlovek,347
vousatý,348
krovka,349
blána,350
chov,351
prokousat,352
sosák,353
chovatel,354
pelikán,355
stádo,356
krmivo,357
kopytník,358
líhnutí,359
skvrna,360
andulka,361
drobný,362
orlí,363
suchozemský,364
monogamní,365
bobule,366
dinosaur,367
ptakopysk,368
kondor,369
bělásek,370
hojný,371
nakrmit,372
terárium,373
žihadlo,374
pakůň,375
křepelka,376
lebka,377
pes,378
živící,379
duhovka,380
kočka,381
odchov,382
řasa,383
rosomák,384
masožravý,385
parazitující,386
jelen,387
pralesní,388
pavouk,389
vydra,390
stříbřitý,391
lenochod,392
čížek,393
skořápka,394
pařát,395
slepičí,396
krmící,397
havran,398
hnijící,399
paroží,400
kalous,401
bezzubý,402
spářit,403
tykadlo,404
husa,405
škeble,406
chutný,407
výrůstek,408
lesklý,409
lovec,410
čeleď,411
šakal,412
myška,413
límec,414
slon,415
dutina,416
kočkovitý,417
hbitý,418
důlek,419
rybička,420
vajíčko,421
roztomilý,422
kapr,423
křídelní,424
lelek,425
kráva,426
bělouš,427
fretka,428
mraveniště,429
hrudí,430
rosnička,431
úl,432
štěkat,433
nápadně,434
srst,435
hříbě,436
hnědě,437
listí,438
harpyje,439
sloní,440
víčko,441
zmije,442
hrdlo,443
peříčko,444
ušní,445
bodlák,446
chrobák,447
tygr,448
sršní,449
čich,450
velryba,451
králičí,452
mořský,453
noha,454
záda,455
zlatavý,456
kuře,457
osel,458
obratel,459
úhoř,460
hrbolek,461
varan,462
kopýtko,463
chobotnice,464
nosní,465
kreveta,466
chameleón,467
druh,468
holubička,469
kohout,470
kur,471
lvíček,472
šplhat,473
kukaččí,474
býček,475
hebký,476
plzák,477
štika,478
infekce,479
létající,480
tenký,481
modřina,482
malý,483
stromeček,484
poník,485
samotář,486
červ,487
hrudník,488
divoce,489
plemeno,490
sysel,491
černobíle,492
roztočit,493
stromový,494
hrbolatý,495
kukla,496
letět,497
levhart,498
losos,499
sníst,500
panenka,501
losí,502
mimikry,503
růžek,504
zadek,505
pijavice,506
delfín,507
střevo,508
černobílý,509
zahnutý,510
dvoukřídlý,511
modrásek,512
kobylka,513
holohlavý,514
letec,515
lovný,516
tlapa,517
pokousat,518
hrabání,519
kotě,520
plazící,521
vlk,522
oliheň,523
bělmo,524
dudek,525
pysk,526
plazit,527
muška,528
slizký,529
lov,530
koník,531
škubat,532
jedlý,533
makrela,534
tygří,535
žirafí,536
inkubační,537
černě,538
ibišek,539
ulovení,540
chovný,541
řitní,542
zahrabat,543
husí,544
potěr,545
hroší,546
prát,547
jepice,548
medúza,549
kojot,550
štěňátko,551
vráska,552
dožívat,553
lasice,554
šeď,555
žaludek,556
býložravec,557
plch,558
mlíčko,559
parazitovat,560
sladkovodní,561
holubinka,562
obývák,563
pářit,564
vačice,565
medvěd,566
okřídlený,567
kuřecí,568
drop,569
masíčko,570
vousky,571
bublat,572
větvička,573
štíhle,574
myš,575
lovení,576
špičatý,577
skřivan,578
požírání,579
výběh,580
tupý,581
tyrkysový,582
kůzle,583
můra,584
uhynout,585
orangutan,586
slunéčko,587
jícen,588
rozmnožování,589
plazení,590
pižmo,591
tyranosaurus,592
lesknout,593
stromoví,594
pojídat,595
paroh,596
holubník,597
knírek,598
hlava,599
hřbetní,600
maso,601
prskavec,602
drůbeží,603
pohlavní,604
hubený,605
albatros,606
anakonda,607
řvát,608
kosatka,609
párek,610
stéblo,611
želví,612
šat,613
měkkýš,614
pstruh,615
chrt,616
gepard,617
kousnout,618
vábit,619
štěně,620
bůvolí,621
křídelník,622
supí,623
keř,624
mšice,625
brko,626
světlý,627
chapadlo,628
sob,629
spodina,630
vyklubat,631
vycpaný,632
kousání,633
okrasný,634
štěkání,635
svalnatý,636
chutnat,637
zakulacený,638
klokánek,639
členovec,640
krotký,641
říje,642
spárkatý,643
pako,644
vrabčí,645
vráně,646
odchyt,647
treska,648
leskle,649
sépie,650
tlouci,651
stonožka,652
chytat,653
strašit,654
štěkot,655
bobr,656
pářící,657
světluška,658
krysí,659
tesařík,660
uhynulý,661
akvárium,662
rostlina,663
skřek,664
kanec,665
kvočna,666
hnít,667
stromek,668
plavat,669
plod,670
lusk,671
ouško,672
bledý,673
plec,674
sluka,675
duhový,676
vorvaň,677
leopardí,678
podsaditý,679
uletět,680
poletovat,681
žábra,682
roztažený,683
vytírat,684
vorvaně,685
ornitolog,686
slimák,687
kresba,688
rous,689
divoká,690
vábení,691
čivava,692
kocour,693
tukový,694
syčet,695
koště,696
kůže,697
fenka,698
živočišný,699
březost,700
špinavě,701
rostlinka,702
zdivočelý,703
letka,704
květák,705
skus,706
přívěšek,707
kudrnatý,708
dingo,709
průjem,710
tuk,711
nasát,712
malinký,713
chlamydie,714
hřebec,715
knír,716
plovací,717
tulení,718
herpes,719
tur,720
klokaní,721
mihule,722
vystlaný,723
modrooký,724
rozpětí,725
číhat,726
lín,727
krakatice,728
úhyn,729
lepkavý,730
tlející,731
vlhký,732
vosí,733
slavík,734
tělní,735
surikata,736
vzácný,737
slina,738
pupík,739
kamzík,740
kokršpaněl,741
šnek,742
exotický,743
nosík,744
pohlavně,745
opička,746
keřík,747
ukousnout,748
lapat,749
vyhubit,750
hlasitý,751
snést,752
candát,753
přikrmovat,754
námluvy,755
masitý,756
zoologický,757
medvídek,758
jedovatý,759
přikrmování,760
pach,761
koala,762
kohoutkový,763
lalůček,764
běhat,765
nosnice,766
babočka,767
houba,768
koneček,769
hřbet,770
skákat,771
nakrmení,772
křoví,773
grizzly,774
biceps,775
divoký,776
nahánět,777
rákosí,778
vyhynulý,779
panda,780
křiklavý,781
žláza,782
stehlík,783
potravní,784
infikovaný,785
bělohlávek,786
prstýnek,787
srnka,788
ostrovid,789
kapří,790
pudl,791
chodidlo,792
plž,793
čelist,794
krční,795
hříbek,796
játra,797
roztomile,798
líný,799
chovat,800
roztřepený,801
okoun,802
stehno,803
klus,804
lidoop,805
potápět,806
mamut,807
kosík,808
klacek,809
skokan,810
srna,811
sát,812
velký,813
špenát,814
býk,815
ploštice,816
hrbol,817
puchýř,818
oříšek,819
člověk,820
pavučina,821
hlemýžď,822
jednorožec,823
vyplašený,824
jezevčík,825
vylétat,826
bufa,827
zvířecí,828
proužek,829
holý,830
včelí,831
lori,832
nos,833
akvarijní,834
lemur,835
bublání,836
tesák,837
rys,838
semeno,839
hlučný,840
plankton,841
primát,842
knírač,843
sokolí,844
našlapovat,845
strniště,846
lysý,847
motat,848
letící,849
zubr,850
rostlinný,851
kačer,852
maxipes,853
fík,854
kůň,855
kytovec,856
rajče,857
tlouštík,858
hrudní,859
rezavě,860
tyrkysově,861
svrchu,862
mamba,863
pozření,864
požírající,865
ohrožený,866
chlup,867
babka,868
vyrušení,869
prskavka,870
matně,871
podobat,872
kohoutí,873
cejn,874
človíček,875
tasemnice,876
hynout,877
hák,878
vrčení,879
násada,880
kos,881
kopřivka,882
žraločí,883
bodlina,884
inkubace,885
polák,886
perníček,887
páníček,888
březí,889
šplhání,890
žrádlo,891
květ,892
týl,893
kobra,894
mucholapka,895
pichlavý,896
lovecký,897
žijící,898
otvor,899
prokousávat,900
přežvýkavec,901
lůj,902
ostruha,903
bůček,904
tmavě,905
koníček,906
zaměnitelný,907
kokon,908
početný,909
šupina,910
nora,911
žabka,912
nektar,913
kožní,914
dospělost,915
střevní,916
vonět,917
límeček,918
souš,919
buldočí,920
mléko,921
ovoce,922
rohatý,923
plíce,924
statný,925
dorůst,926
trávicí,927
kuří,928
přilétat,929
vylézat,930
rvát,931
spatřit,932
žloutek,933
chodící,934
prsní,935
pupek,936
černý,937
slepec,938
dorůstající,939
jeseter,940
kosatec,941
termit,942
krémový,943
hýždě,944
zespoda,945
vrásčitý,946
štětec,947
rodit,948
holoubek,949
slepý,950
vyvádět,951
vajgl,952
netvor,953
bizon,954
středně,955
návnada,956
malíček,957
kočičí,958
olivově,959
pásovec,960
syčení,961
rozmnožovat,962
bukač,963
kozel,964
lesák,965
sádlo,966
hustý,967
čichový,968
kopyto,969
ohnivák,970
chobot,971
rybí,972
jeřáb,973
sytě,974
ostříž,975
kamínek,976
ohnivý,977
trup,978
konzumovat,979
bylina,980
hnědo,981
zvířectvo,982
chcípnout,983
avokádo,984
líbat,985
vyhubení,986
kameňák,987
jeřábek,988
vyhrabat,989
teriér,990
chlapík,991
pohlaví,992
mrštný,993
ulita,994
poskakovat,995
křepel,996
krkavčí,997
strašák,998
medvídě,999
pokousání,1000
stonek,1001
dinosauří,1002
nutrie,1003
zrníčko,1004
vepř,1005
kousíček,1006
tráva,1007
osten,1008
jednobarevný,1009
vetřelec,1010
jehně,1011
biotop,1012
lví,1013
sežrání,1014
křupavý,1015
matný,1016
plazivý,1017
vemeno,1018
pokožka,1019
tele,1020
primitivní,1021
ústa,1022
kost,1023
chroust,1024
skunk,1025
obláček,1026
usměvavý,1027
vtipálek,1028
škůdce,1029
šourek,1030
pěnový,1031
sluníčko,1032
jehličnatý,1033
fešák,1034
kulatý,1035
žako,1036
vážit,1037
zmijí,1038
vlasec,1039
kožich,1040
červenka,1041
škvor,1042
kout,1043
okusovat,1044
vlhko,1045
ozývat,1046
svěšený,1047
poddruh,1048
strašidlo,1049
šupinatý,1050
svrab,1051
lišák,1052
děloha,1053
trubec,1054
hnědák,1055
kostlivec,1056
březňák,1057
vyhynutí,1058
pacholek,1059
ovčák,1060
bůžek,1061
kostra,1062
kvést,1063
stařík,1064
luční,1065
soví,1066
bílý,1067
vyhublý,1068
lužní,1069
polykat,1070
chloupek,1071
juvenilní,1072
nádech,1073
košíček,1074
nemotorně,1075
tvrdohlavý,1076
mech,1077
vousy,1078
rtěnka,1079
kvásek,1080
dortík,1081
namodralý,1082
váček,1083
opičí,1084
prales,1085
tropický,1086
kočička,1087
ňadra,1088
kráska,1089
nažloutlý,1090
pestrobarevný,1091
gazela,1092
korály,1093
pachový,1094
kohoutkův,1095
mravenčení,1096
bát,1097
neškodný,1098
retrívr,1099
kašel,1100
cvrlikání,1101
kuřačka,1102
kačenka,1103
živý,1104
kolie,1105
mlíko,1106
tělo,1107
robustní,1108
holka,1109
pozorovat,1110
chodbička,1111
vzteklina,1112
dráček,1113
hadí,1114
obrovitý,1115
hnout,1116
přítulný,1117
havraní,1118
loviště,1119
kostička,1120
trdlo,1121
organismus,1122
plavec,1123
vypouklý,1124
mužíček,1125
veš,1126
komárek,1127
mládenec,1128
brodit,1129
sekret,1130
kmínek,1131
hlíza,1132
vršek,1133
nakažený,1134
velbloud,1135
strava,1136
pudr,1137
dřevina,1138
ořešák,1139
hrášek,1140
husička,1141
exkrement,1142
šiška,1143
zarudlý,1144
plíseň,1145
roztáhnout,1146
rohlík,1147
křik,1148
křovina,1149
chobotnička,1150
bolavý,1151
prst,1152
pokojíček,1153
vystrnadit,1154
oslí,1155
volák,1156
chrup,1157
semínko,1158
jezírko,1159
vepředu,1160
šedivý,1161
stýskat,1162
nezmar,1163
meloun,1164
hbitě,1165
pepř,1166
přilétající,1167
nažrat,1168
kocourek,1169
sliznice,1170
štvát,1171
létací,1172
parazitický,1173
klíček,1174
zkonzumovat,1175
cikáda,1176
žlutý,1177
brokolice,1178
bolet,1179
virus,1180
bajka,1181
peřina,1182
čelenka,1183
blonďatý,1184
pohlavek,1185
lalok,1186
plyšák,1187
špic,1188
vířit,1189
kurník,1190
bodec,1191
přisát,1192
stařec,1193
agama,1194
bahno,1195
pyžamo,1196
oválný,1197
chytání,1198
myšička,1199
blbý,1200
kel,1201
kosa,1202
ptačinec,1203
bestie,1204
kapička,1205
hračka,1206
migrující,1207
kroužkování,1208
zelený,1209
infekční,1210
kulička,1211
masný,1212
líhně,1213
upír,1214
odchytit,1215
piraňa,1216
celoročně,1217
oranžový,1218
onemocnění,1219
klacík,1220
podkoží,1221
infikovat,1222
chytající,1223
fauna,1224
škubání,1225
kuna,1226
voňavý,1227
vzpřímený,1228
krysař,1229
velkochov,1230
jednohubka,1231
hlasitě,1232
hemžit,1233
chlapeček,1234
jehněčí,1235
stádní,1236
pobíhat,1237
včelstvo,1238
pronikavý,1239
sračka,1240
zespodu,1241
páchnout,1242
přilba,1243
výměšek,1244
lahůdka,1245
odhánět,1246
jiřička,1247
tučný,1248
obecný,1249
orchidej,1250
bígl,1251
štětina,1252
slezina,1253
splašený,1254
steak,1255
spolknout,1256
brada,1257
klubíčko,1258
paruka,1259
hlavatý,1260
tělesný,1261
prasečí,1262
dírka,1263
myší,1264
dobytek,1265
číro,1266
křivohlavý,1267
ohnivě,1268
nemotorný,1269
opar,1270
ozdoba,1271
zakousnout,1272
přísavka,1273
stopka,1274
mrak,1275
temeno,1276
kanárek,1277
abnormálně,1278
zub,1279
šatní,1280
plavky,1281
obočí,1282
síťka,1283
obličej,1284
hnis,1285
plachta,1286
zakrslý,1287
jíst,1288
hospodyňka,1289
vybarvení,1290
vaječník,1291
ptákovina,1292
zoubek,1293
zářivě,1294
řízek,1295
ohníček,1296
pasoucí,1297
vločka,1298
párky,1299
oslík,1300
mléčný,1301
suchý,1302
hřebínek,1303
světák,1304
kulovitý,1305
mravenčí,1306
houští,1307
lvice,1308
chlupatý,1309
bizoní,1310
sekáček,1311
křehký,1312
mohutný,1313
nehet,1314
předek,1315
kartáček,1316
prsa,1317
káča,1318
buldok,1319
útes,1320
kačírek,1321
lízat,1322
stolek,1323
stolička,1324
kabelka,1325
obývající,1326
černoušek,1327
teritorium,1328
nafukovací,1329
dýně,1330
medvědí,1331
myslivec,1332
havěť,1333
hovězí,1334
rotvajler,1335
ježiš,1336
meruňka,1337
obloha,1338
okrový,1339
skřítek,1340
skákající,1341
tělíčko,1342
tečkovaný,1343
krmný,1344
bazilišek,1345
žíněnka,1346
vyhynout,1347
hub,1348
strom,1349
majka,1350
zoolog,1351
zahlédnout,1352
jemný,1353
zvědavý,1354
měchýř,1355
růžový,1356
tmavohnědý,1357
příbuzný,1358
sněhulák,1359
puchýřek,1360
plnovous,1361
šakalí,1362
kroužkový,1363
vlčák,1364
pavouček,1365
rákos,1366
zvěřina,1367
zkamenělý,1368
mokřadní,1369
pyl,1370
savana,1371
koutek,1372
vyhlížet,1373
visící,1374
listnatý,1375
bakterie,1376
kapradina,1377
miláček,1378
zornička,1379
zajíček,1380
smrdět,1381
obývat,1382
ředkvička,1383
odletět,1384
tekutina,1385
podivný,1386
šatník,1387
protáhlý,1388
zatoulaný,1389
průsvitný,1390
dálka,1391
přívěsek,1392
molice,1393
barevný,1394
přemnožení,1395
nafouknutý,1396
modravě,1397
octomilka,1398
pojídání,1399
výživný,1400
chochol,1401
kožešina,1402
roháč,1403
sasanka,1404
gigantický,1405
šedomodrý,1406
smrdutý,1407
modravý,1408
nadýchaný,1409
hostitel,1410
náhrdelník,1411
špičák,1412
opičák,1413
setmění,1414
gorila,1415
pečený,1416
tlupa,1417
kropení,1418
podkožní,1419
šíp,1420
siamský,1421
troufnout,1422
zimák,1423
zámotek,1424
uzlíček,1425
vaječný,1426
předkus,1427
kořínek,1428
blankytně,1429
bahenní,1430
ohař,1431
šípek,1432
křidélko,1433
shora,1434
kytka,1435
sobí,1436
můj,1437
vystrčit,1438
péci,1439
zvoneček,1440
pud,1441
řezák,1442
mrkev,1443
jed,1444
pavoučí,1445
postavička,1446
krotit,1447
horečka,1448
bedra,1449
hnát,1450
chlápek,1451
jehličnan,1452
hřát,1453
nazelenalý,1454
odchovat,1455
plachtění,1456
sekáč,1457
hnisavý,1458
výlov,1459
korál,1460
chovatelský,1461
lapání,1462
hejnový,1463
předkrm,1464
houska,1465
štípnutí,1466
vonný,1467
deštný,1468
biftek,1469
tlustý,1470
šimpanz,1471
ďáblík,1472
zimování,1473
načervenalý,1474
pytlák,1475
sednout,1476
dozadu,1477
toulavý,1478
křída,1479
líce,1480
bublinka,1481
ústřice,1482
ohryzek,1483
mouka,1484
šťavnatý,1485
polapit,1486
krteček,1487
švestka,1488
žluto,1489
drobné,1490
motolice,1491
oblak,1492
trakt,1493
kaktus,1494
pupen,1495
výtěr,1496
ryzec,1497
pažní,1498
fíkovník,1499
pečivo,1500
vyhledávat,1501
chytit,1502
třást,1503
amazonský,1504
datle,1505
lákat,1506
orlík,1507
pohybovat,1508
bodnout,1509
vyskytovat,1510
velbloudí,1511
slunný,1512
dotek,1513
obora,1514
zdobený,1515
neohrabaně,1516
exemplář,1517
křížit,1518
háček,1519
hajní,1520
bobřík,1521
najíst,1522
zápach,1523
běžec,1524
morek,1525
zrak,1526
ramínko,1527
korálový,1528
chvost,1529
pískavice,1530
pěnička,1531
světélkující,1532
odřený,1533
tobolka,1534
spát,1535
vyletět,1536
brouček,1537
bělostný,1538
onemocnět,1539
pardál,1540
bodnutí,1541
dobrman,1542
kozoroh,1543
dáseň,1544
šátek,1545
srdíčko,1546
strašný,1547
skot,1548
stříbřitě,1549
tůně,1550
oblázek,1551
panák,1552
ptát,1553
repelent,1554
chřest,1555
špalek,1556
sušenka,1557
chladný,1558
prospat,1559
vypadávat,1560
rozmnožovací,1561
slávka,1562
honit,1563
podrost,1564
víla,1565
skořicový,1566
ústrojí,1567
kolečko,1568
trávící,1569
langusta,1570
ret,1571
rváč,1572
zlatovláska,1573
doga,1574
útlý,1575
kousací,1576
voděodolný,1577
ubrousek,1578
kštice,1579
oblý,1580
ornitologický,1581
zornice,1582
vzácně,1583
pampeliška,1584
fena,1585
slůně,1586
masa,1587
moč,1588
vzdáleně,1589
hrb,1590
válet,1591
polštářek,1592
mladý,1593
špekáček,1594
chomáč,1595
vzpřímeně,1596
chryzantéma,1597
obličejový,1598
sliz,1599
hálka,1600
lýtko,1601
lvíče,1602
napořád,1603
rýma,1604
nástraha,1605
šupinka,1606
přichytit,1607
kovařík,1608
pohladit,1609
pravěký,1610
nádherně,1611
zelenina,1612
mávnutí,1613
snědek,1614
kýbl,1615
klad,1616
kavka,1617
maskovaný,1618
natáhnout,1619
mražený,1620
batole,1621
čepička,1622
hlady,1623
prasátko,1624
roj,1625
lapák,1626
klást,1627
cvakání,1628
přiletět,1629
velrybí,1630
plemenný,1631
škrábanec,1632
dutý,1633
mák,1634
předevčírem,1635
potmě,1636
šev,1637
nahý,1638
mávat,1639
lanýž,1640
posedávat,1641
měkký,1642
žalud,1643
míza,1644
živůtek,1645
kotec,1646
spár,1647
klaun,1648
světélko,1649
sobol,1650
bramborový,1651
vanilka,1652
vlézt,1653
nandu,1654
kejklíř,1655
bombarďák,1656
ublížit,1657
kuskus,1658
špice,1659
pleťový,1660
čepec,1661
liščí,1662
smaragdový,1663
dvorek,1664
záhyb,1665
klín,1666
hlíva,1667
modrý,1668
mortalita,1669
leopard,1670
beran,1671
mělký,1672
parazitární,1673
embryo,1674
týlní,1675
nádivka,1676
zaoblený,1677
šedě,1678
kančí,1679
odlétat,1680
vlas,1681
péro,1682
škádlit,1683
plachtit,1684
feromon,1685
něžný,1686
kvítek,1687
svědění,1688
bylinka,1689
světýlko,1690
prostředníček,1691
příšera,1692
nosník,1693
vzduch,1694
pást,1695
nafouklý,1696
teritoriální,1697
vylučovat,1698
houkání,1699
nachový,1700
plodnice,1701
pigmentovaný,1702
uštknutí,1703
bílek,1704
štiplavý,1705
lopatka,1706
hrdý,1707
plochý,1708
nitka,1709
povlečení,1710
arktický,1711
stojatý,1712
sladký,1713
zvláštně,1714
proutek,1715
vorel,1716
výjimečně,1717
rybníček,1718
vodit,1719
fuška,1720
červík,1721
oříškový,1722
kanibalismus,1723
domeček,1724
subsaharský,1725
medový,1726
učenlivý,1727
polštář,1728
varle,1729
okurka,1730
slavíkový,1731
svině,1732
pistácie,1733
máslo,1734
vroubkovaný,1735
snílek,1736
moudrý,1737
vyrušit,1738
obézní,1739
nádherný,1740
samota,1741
plátek,1742
jiný,1743
žebro,1744
zjev,1745
mávnout,1746
odstín,1747
jitrocel,1748
zrnko,1749
sedět,1750
mamka,1751
piják,1752
buřt,1753
letuška,1754
paroháč,1755
merlík,1756
třes,1757
parukářka,1758
slepit,1759
monstrum,1760
natažený,1761
zavěsit,1762
červenohnědý,1763
bábovka,1764
pochutnat,1765
lezoucí,1766
vypadající,1767
kobliha,1768
čert,1769
smažený,1770
bojovnice,1771
skákavý,1772
funění,1773
bradka,1774
fousek,1775
výhonek,1776
hranolky,1777
břišní,1778
vzlétnout,1779
běloch,1780
mastný,1781
kudla,1782
schovaný,1783
teple,1784
mozeček,1785
porost,1786
kufr,1787
vyskytující,1788
plakat,1789
lézt,1790
korálek,1791
včelka,1792
zimolez,1793
odehnat,1794
záď,1795
granule,1796
kapuce,1797
naklást,1798
vlnitý,1799
dlaň,1800
africký,1801
rád,1802
zajetí,1803
plotice,1804
véčko,1805
citronový,1806
plachetka,1807
skrytě,1808
druhově,1809
nákaza,1810
bublina,1811
hřib,1812
odpadky,1813
vejcovod,1814
chrupavka,1815
strašidelný,1816
ostražitý,1817
krček,1818
koupat,1819
sperma,1820
sněžný,1821
stočený,1822
opuštěný,1823
zápřah,1824
potní,1825
napít,1826
smradlavý,1827
sval,1828
vir,1829
siréna,1830
taťka,1831
zedníček,1832
jaguar,1833
balónek,1834
dáreček,1835
šlechtit,1836
panáček,1837
štěnice,1838
bubínek,1839
lem,1840
nafukovat,1841
ptáčník,1842
porostlý,1843
perleťový,1844
hubnout,1845
žíně,1846
pletí,1847
mazlení,1848
much,1849
chutně,1850
voňavka,1851
chovanec,1852
slunko,1853
ráz,1854
přeháňka,1855
mívat,1856
příušnice,1857
množit,1858
hloupý,1859
žít,1860
tkáň,1861
darebák,1862
ořech,1863
kaštanový,1864
řezníček,1865
konečník,1866
ovocný,1867
kousavý,1868
jamka,1869
moučník,1870
krást,1871
křehce,1872
jmelí,1873
srpek,1874
řev,1875
třáseň,1876
nebeský,1877
pastva,1878
anémie,1879
sytý,1880
kámoš,1881
kaluž,1882
lícní,1883
fenykl,1884
žlutohnědý,1885
zdobit,1886
hrabal,1887
tajga,1888
tupě,1889
rousek,1890
kovový,1891
baobab,1892
žilka,1893
nafouknout,1894
káčátko,1895
mazlit,1896
lebeční,1897
trubač,1898
kloub,1899
úkryt,1900
kostěný,1901
šťáva,1902
poupě,1903
rohovka,1904
snový,1905
řídký,1906
být,1907
rojit,1908
loketní,1909
vašek,1910
třásnit,1911
rod,1912
pařez,1913
mokřad,1914
variabilní,1915
mrkání,1916
moruše,1917
stélka,1918
domestikace,1919
trávit,1920
kapka,1921
vrh,1922
kostival,1923
prasnice,1924
lidský,1925
čau,1926
úsměvný,1927
jestřábí,1928
užitkový,1929
překousnout,1930
dužina,1931
vegetace,1932
mírumilovný,1933
proudící,1934
klíšťový,1935
viditelný,1936
vodní,1937
střevíček,1938
spaní,1939
špička,1940
kožešinový,1941
šašek,1942
bambus,1943
bičík,1944
rajský,1945
zavalit,1946
malík,1947
prohánět,1948
viset,1949
zazimování,1950
viděný,1951
bobří,1952
štětka,1953
labužník,1954
fígl,1955
maličký,1956
dýchat,1957
jepičí,1958
hladit,1959
sladce,1960
lump,1961
chiméra,1962
drsňák,1963
košilka,1964
kapoun,1965
květináč,1966
ančovička,1967
stravenka,1968
pochoutka,1969
hojnost,1970
inteligentní,1971
zlatíčko,1972
šlahoun,1973
pigment,1974
oteklý,1975
špendlík,1976
penis,1977
pohyblivý,1978
anus,1979
jehličí,1980
oplodnit,1981
plamínek,1982
dlouhý,1983
nehnutě,1984
copánek,1985
tyčinka,1986
něco,1987
vyskakovat,1988
kaviár,1989
holčička,1990
virový,1991
silák,1992
stravitelný,1993
zvonek,1994
madlo,1995
očnice,1996
horníček,1997
úlet,1998
kontaminovaný,1999
oplození,2000
odlet,2001
píča,2002
violka,2003
vepřové,2004
doušek,2005
ozdobný,2006
kočičky,2007
opylování,2008
pláštěnka,2009
svlékání,2010
papája,2011
šlápnout,2012
gram,2013
saň,2014
rybník,2015
slinný,2016
závoj,2017
instinkt,2018
něžně,2019
parazitování,2020
lžíce,2021
plazma,2022
osika,2023
lesní,2024
vletět,2025
houpačka,2026
pískot,2027
střeh,2028
hnůj,2029
vyrážka,2030
ospalý,2031
kosí,2032
streptokok,2033
spadlý,2034
klobouk,2035
druhový,2036
tundra,2037
slézt,2038
česnek,2039
letoun,2040
zlatavě,2041
paprika,2042
žabí,2043
puma,2044
klisna,2045
rámus,2046
kapsička,2047
brambora,2048
kobka,2049
rýha,2050
dceruška,2051
zrnitý,2052
šedo,2053
žabák,2054
malajský,2055
goliáš,2056
skalní,2057
gorilí,2058
svítivě,2059
párový,2060
kra,2061
plavající,2062
rohlíček,2063
mýlka,2064
samičí,2065
rostlinstvo,2066
účes,2067
šnečí,2068
klouzat,2069
rybář,2070
jelení,2071
piskoř,2072
lilek,2073
spokojeně,2074
muškátový,2075
zduření,2076
výdech,2077
příst,2078
vztyčený,2079
spodek,2080
kožíšek,2081
lišejník,2082
chuchvalec,2083
uzpůsobený,2084
prostorný,2085
kůrovec,2086
klidný,2087
mozol,2088
já,2089
přitom,2090
revír,2091
mašle,2092
táhnout,2093
pasažér,2094
svalovina,2095
hluchý,2096
kostrč,2097
spánek,2098
hladký,2099
prach,2100
cestička,2101
hubit,2102
agresivní,2103
zploštělý,2104
korálovec,2105
tygřice,2106
nakrájený,2107
průhledný,2108
uzené,2109
pozorný,2110
mandle,2111
vlče,2112
grilovaný,2113
vytí,2114
brabec,2115
divočina,2116
zrzavý,2117
pusinka,2118
bledule,2119
přiměřeně,2120
obluda,2121
líc,2122
potažený,2123
tušit,2124
trávení,2125
zabíjet,2126
mazlavý,2127
jednokřídlý,2128
hnusný,2129
mlžit,2130
rodič,2131
bič,2132
naháč,2133
kráčející,2134
prachový,2135
kovově,2136
smaragdově,2137
abnormální,2138
hloh,2139
pudink,2140
jednotvárný,2141
nízko,2142
sléz,2143
pozorování,2144
dužnatý,2145
malér,2146
vidět,2147
pelíšek,2148
sklípek,2149
jihoamerický,2150
šálek,2151
tvrďák,2152
andělíček,2153
fazolka,2154
kraťasy,2155
hubnutí,2156
kalhotky,2157
vařený,2158
vývar,2159
usmívat,2160
piškot,2161
žlutozelený,2162
bzučení,2163
canis,2164
medově,2165
línání,2166
kbelík,2167
les,2168
páchnoucí,2169
bolestivý,2170
hrabat,2171
říční,2172
kopřiva,2173
macek,2174
koniklec,2175
ochlupení,2176
příroda,2177
maňásek,2178
vůl,2179
roubený,2180
vyskočit,2181
dýchající,2182
prsteníček,2183
choutka,2184
křičet,2185
pokojový,2186
písečný,2187
jetel,2188
opadavý,2189
obvyklý,2190
legíny,2191
feťák,2192
blbec,2193
krátkosrstý,2194
bzučák,2195
miska,2196
severský,2197
listonoš,2198
stresující,2199
novorozenec,2200
burčák,2201
sobecký,2202
ošklivý,2203
oční,2204
krvinka,2205
vystrašený,2206
lesk,2207
vodník,2208
kočárek,2209
kvetoucí,2210
cibule,2211
drops,2212
klopit,2213
tichý,2214
korálky,2215
šeřík,2216
novorozeně,2217
vrabčák,2218
pozorovatel,2219
slunění,2220
kůl,2221
odlesk,2222
brambořík,2223
hmatový,2224
felis,2225
sláma,2226
kříženec,2227
václavka,2228
bledě,2229
pískání,2230
potulovat,2231
australský,2232
kluzký,2233
průšvih,2234
pruh,2235
květina,2236
smrtelník,2237
křeč,2238
zabiják,2239
instinktivně,2240
kocovina,2241
vidlička,2242
kráčet,2243
blednout,2244
tulák,2245
skrblík,2246
chřipka,2247
ochlupený,2248
zloděj,2249
hadry,2250
skousnout,2251
vepřový,2252
koliba,2253
omáčka,2254
zhubnout,2255
vystrkovat,2256
toxin,2257
polokoule,2258
deštník,2259
týpek,2260
kabátek,2261
polibek,2262
pokrm,2263
telecí,2264
dvoubarevný,2265
obydlí,2266
pastinák,2267
ťuk,2268
paprsek,2269
ojediněle,2270
alka,2271
lžička,2272
chytnout,2273
brečet,2274
svítit,2275
střílet,2276
perlový,2277
flíček,2278
chápavě,2279
přílet,2280
odporný,2281
odchovanec,2282
vidlák,2283
brousit,2284
trhat,2285
pero,2286
čapí,2287
šelest,2288
výstavní,2289
ďas,2290
hrníček,2291
jateční,2292
kuřák,2293
vodnář,2294
ježdík,2295
kura,2296
barva,2297
dron,2298
dušený,2299
drdol,2300
krátkozraký,2301
zlý,2302
obratný,2303
pivoňka,2304
nepřítel,2305
snášet,2306
stepní,2307
teplý,2308
tmavnout,2309
korunka,2310
hemoglobin,2311
věneček,2312
komůrka,2313
květenství,2314
miminko,2315
lůno,2316
provázek,2317
napadat,2318
zubatá,2319
alergický,2320
slinění,2321
chřtán,2322
jabloň,2323
lupínek,2324
večerníček,2325
šnorchlování,2326
výrazný,2327
pánevní,2328
pyšný,2329
zapáchat,2330
vzduchoprázdno,2331
zašpičatělý,2332
jít,2333
přežívat,2334
ujít,2335
moloch,2336
kapavka,2337
kyčel,2338
zbarvit,2339
vzdušný,2340
slepota,2341
on,2342
šlapat,2343
škvíra,2344
vnímavost,2345
zrní,2346
sání,2347
sněženka,2348
cukroví,2349
oloupaný,2350
letadlo,2351
fotopast,2352
čapka,2353
bambusový,2354
ozdobený,2355
shlukovat,2356
pastvina,2357
pohovka,2358
přezimovat,2359
růžice,2360
kláda,2361
saténový,2362
popelka,2363
červený,2364
potvora,2365
ledvina,2366
žlázka,2367
příšerně,2368
lákavý,2369
pevnina,2370
kupka,2371
tchoř,2372
pohybující,2373
zástupce,2374
fosilie,2375
vlnka,2376
brousek,2377
zvědavec,2378
děsit,2379
dosyta,2380
zarudnutí,2381
kůstka,2382
hledět,2383
sekačka,2384
pokrytý,2385
bestiář,2386
vroubek,2387
plavčík,2388
špejle,2389
vraní,2390
imunní,2391
hudec,2392
měděný,2393
skákání,2394
neohrabaný,2395
krabička,2396
ananas,2397
stíhačka,2398
klobouček,2399
beránek,2400
krémově,2401
bytost,2402
sedací,2403
hlasivka,2404
kanár,2405
lenoch,2406
hmotnost,2407
kdepak,2408
soudek,2409
snědý,2410
přehlédnout,2411
šperk,2412
obejmout,2413
myslet,2414
harlekýn,2415
bumerang,2416
rudý,2417
gauč,2418
zvěří,2419
dlouhosrstý,2420
škodit,2421
tvarohový,2422
vzlétat,2423
písčitý,2424
bratříček,2425
škrábat,2426
toxický,2427
svítící,2428
zatoulat,2429
vytrvalý,2430
smrkový,2431
oranžovo,2432
kalorie,2433
figura,2434
hubení,2435
svěže,2436
těstovina,2437
dermatitida,2438
častý,2439
termoregulace,2440
psí,2441
chůze,2442
houf,2443
nafouknutí,2444
děsivý,2445
mračno,2446
půvabný,2447
klitoris,2448
holeň,2449
elegantní,2450
nadechnutí,2451
knedlík,2452
kojení,2453
klepat,2454
blonďák,2455
kapota,2456
bíle,2457
zasmání,2458
spojivka,2459
plyšový,2460
živit,2461
hedvábný,2462
škubnutí,2463
skála,2464
smrťák,2465
čirý,2466
haraburdí,2467
vzezření,2468
červenat,2469
tvaroh,2470
kapradí,2471
tykev,2472
zahánět,2473
běloba,2474
líní,2475
potěšit,2476
lesknoucí,2477
některý,2478
kojit,2479
chytrý,2480
račí,2481
šlechtění,2482
vzrušení,2483
kriticky,2484
ara,2485
kukátko,2486
nakazit,2487
tření,2488
mušle,2489
zdržovat,2490
vraný,2491
respirační,2492
špetka,2493
žízeň,2494
útočit,2495
rezervoár,2496
dřevo,2497
táhlý,2498
náušnice,2499
sedmikráska,2500
ostrov,2501
živný,2502
průdušnice,2503
téci,2504
zvukovod,2505
podhoubí,2506
ladit,2507
krátký,2508
beraní,2509
polknutí,2510
tvarovaný,2511
posed,2512
hlídací,2513
struna,2514
listnáč,2515
sucho,2516
sušený,2517
podpaží,2518
veselý,2519
mandarinka,2520
komáří,2521
štíhlost,2522
nakažlivý,2523
tlukot,2524
pára,2525
stopky,2526
sršet,2527
ohnout,2528
dračí,2529
obří,2530
pytel,2531
mráz,2532
robustně,2533
napovídat,2534
závěs,2535
pitomec,2536
vážící,2537
černo,2538
osaměle,2539
tatínek,2540
akácie,2541
planě,2542
pospolu,2543
klapat,2544
inteligentně,2545
zvyknout,2546
nemocná,2547
kovaný,2548
tuřín,2549
řapík,2550
klopa,2551
protáhnout,2552
centimetr,2553
podkroví,2554
ranč,2555
klíčit,2556
velikostně,2557
louka,2558
vojtěška,2559
hrouda,2560
zranitelný,2561
podivně,2562
přelet,2563
uchvacovat,2564
sedící,2565
žlučník,2566
snubní,2567
střevíc,2568
nápadník,2569
kýla,2570
kostní,2571
zavěšený,2572
kuželovitý,2573
epidermis,2574
pařit,2575
flóra,2576
nymfa,2577
stříkání,2578
albín,2579
čumět,2580
sousto,2581
usnout,2582
parazitní,2583
podlouhlý,2584
bručoun,2585
příšeří,2586
autíčko,2587
pasťák,2588
houbař,2589
slinivka,2590
lokalita,2591
vějíř,2592
vědět,2593
podbřišek,2594
proporce,2595
ovečka,2596
vypouštět,2597
zahřívat,2598
bláto,2599
hovno,2600
náplavka,2601
mňau,2602
namlouvat,2603
nahánění,2604
vzhledný,2605
vylézt,2606
mužík,2607
štítný,2608
borelióza,2609
fuchsie,2610
soumrak,2611
krov,2612
divný,2613
tetanus,2614
narůžovělý,2615
stařenka,2616
červíček,2617
rakytník,2618
ostrý,2619
slyšitelný,2620
těstíčko,2621
nasávat,2622
dužnina,2623
příležitostně,2624
zelenáč,2625
vyvrhel,2626
prapodivný,2627
maskování,2628
pažitka,2629
salamandr,2630
hnus,2631
hravě,2632
válečník,2633
topit,2634
slídit,2635
prvok,2636
typický,2637
dýchací,2638
bérec,2639
kapsa,2640
chytlavý,2641
ty,2642
válcovitý,2643
cožpak,2644
hájíček,2645
ostružina,2646
koňak,2647
všechen,2648
temenní,2649
zánět,2650
vlašský,2651
hadřík,2652
blátivý,2653
rozletět,2654
plenka,2655
živina,2656
nestvůra,2657
odpadkový,2658
maskovat,2659
píce,2660
kýta,2661
žloutnout,2662
ploška,2663
zralý,2664
fosilní,2665
kliďas,2666
přespávat,2667
koťátko,2668
vyšlechtěný,2669
hlídač,2670
taška,2671
roztahovat,2672
oholit,2673
svlékat,2674
brontosaurus,2675
tůňka,2676
zastižení,2677
léze,2678
bludiště,2679
mikroorganismus,2680
brambor,2681
lidičky,2682
líh,2683
malinko,2684
rozeklaný,2685
polévka,2686
klobása,2687
alergen,2688
závaží,2689
klinický,2690
rohovina,2691
sebezáchova,2692
předloktí,2693
libový,2694
řiť,2695
vír,2696
perný,2697
podkova,2698
světlonoš,2699
osladit,2700
mělčina,2701
třpytivý,2702
zima,2703
želé,2704
kretén,2705
bazální,2706
svislý,2707
kiwi,2708
podřep,2709
kilogram,2710
špek,2711
zkamenělina,2712
zahnat,2713
vybledlý,2714
hýřit,2715
vybíravý,2716
fialový,2717
přízrak,2718
dovezený,2719
patogenní,2720
trpaslík,2721
krájet,2722
smát,2723
vzduchový,2724
světle,2725
kulka,2726
karas,2727
líčko,2728
recesivní,2729
vodorovný,2730
hlen,2731
nárt,2732
včelín,2733
hospoda,2734
samčí,2735
dama,2736
pohádkový,2737
dančí,2738
žvýkací,2739
chlapec,2740
jasan,2741
krém,2742
líbezný,2743
odpuzovat,2744
spermie,2745
tetka,2746
malovaný,2747
palma,2748
jedle,2749
mízní,2750
užitkovost,2751
růžovka,2752
kravata,2753
děravý,2754
charakteristický,2755
strašidelně,2756
habr,2757
bystrozraký,2758
koňský,2759
borka,2760
hruška,2761
vertikálně,2762
hrnec,2763
zarostlý,2764
čelo,2765
rozšířený,2766
kukuřičný,2767
tipnout,2768
kečup,2769
bílo,2770
živoucí,2771
lahodný,2772
šotek,2773
plodný,2774
různobarevný,2775
metabolizmus,2776
slunečnice,2777
kobyla,2778
hrnek,2779
travička,2780
roztát,2781
chlopeň,2782
chrápání,2783
puškvorec,2784
regenerační,2785
sexuálně,2786
červeňák,2787
vetchý,2788
vytahovat,2789
křivka,2790
populace,2791
chůva,2792
bukový,2793
hadr,2794
drbání,2795
vypustit,2796
oplodnění,2797
zastrašit,2798
farma,2799
rulík,2800
slunečnicový,2801
uzlík,2802
míček,2803
sluch,2804
šunka,2805
pozorovaný,2806
objemný,2807
genitálie,2808
hmat,2809
harém,2810
většinou,2811
palec,2812
špunt,2813
horák,2814
doutník,2815
zlatý,2816
albicans,2817
strkat,2818
nudle,2819
hřivna,2820
hrábě,2821
nasátí,2822
akné,2823
cenit,2824
modro,2825
ten,2826
kýchání,2827
krajina,2828
občas,2829
skleník,2830
oddenek,2831
zvědavě,2832
kravský,2833
lapálie,2834
hodný,2835
plevel,2836
domorodec,2837
ťukání,2838
roháček,2839
přeletět,2840
zvyklý,2841
svetr,2842
pupínek,2843
popruh,2844
čatní,2845
svatozář,2846
mozek,2847
vykoupat,2848
melanom,2849
kontryhel,2850
nožík,2851
dokonalý,2852
prvý,2853
obrovský,2854
početnost,2855
chlap,2856
cizokrajný,2857
kostkovaný,2858
liduška,2859
vous,2860
ušít,2861
stvořit,2862
sáček,2863
sukulent,2864
palačinka,2865
škodná,2866
nehybně,2867
rýt,2868
závidět,2869
popsaný,2870
plachost,2871
povlak,2872
ohon,2873
vrtule,2874
pleť,2875
orgazmus,2876
blondýna,2877
rodička,2878
maminka,2879
šarlatový,2880
vzrostlý,2881
ubrus,2882
řapíkatý,2883
třešně,2884
žluť,2885
olivový,2886
alergie,2887
klinicky,2888
černokněžník,2889
inkoust,2890
peritoneální,2891
odnést,2892
škrábání,2893
pít,2894
kopinatý,2895
krutý,2896
zřetelný,2897
pískat,2898
trubice,2899
námaha,2900
rez,2901
průvan,2902
vepřín,2903
opečený,2904
hlína,2905
hůlka,2906
výskyt,2907
ovulace,2908
pověsit,2909
naštvaný,2910
chlad,2911
modrozelený,2912
klásek,2913
řvaní,2914
jednotlivě,2915
poplašný,2916
holčičí,2917
štěk,2918
bernardýn,2919
fádní,2920
nakažení,2921
fazole,2922
střecha,2923
kozí,2924
opuncie,2925
přístřešek,2926
černočerný,2927
potit,2928
krámek,2929
vyvrbit,2930
upřený,2931
dělnice,2932
pleva,2933
vrcholek,2934
lahodící,2935
přezimování,2936
brzlík,2937
banán,2938
kroupa,2939
spolknutí,2940
osamělý,2941
jemně,2942
pytlík,2943
jezevčí,2944
krasavice,2945
nízce,2946
tiše,2947
sojový,2948
potřísněný,2949
poschodí,2950
dívka,2951
bojácný,2952
dřevěný,2953
hrtan,2954
příbytek,2955
plížit,2956
planý,2957
pastelový,2958
útulek,2959
lodyha,2960
mládek,2961
pochva,2962
syrový,2963
loďka,2964
vlhkost,2965
močový,2966
kartáč,2967
žvýkat,2968
hladový,2969
chatka,2970
vyholený,2971
viscerální,2972
kudrnáč,2973
tma,2974
přilepený,2975
máma,2976
bažantnice,2977
vodák,2978
sítnice,2979
rozlousknout,2980
voda,2981
zverimex,2982
kápnout,2983
kroužit,2984
šmoula,2985
včelička,2986
hulit,2987
roh,2988
prvosenka,2989
šťovík,2990
poranit,2991
igelit,2992
vanilkový,2993
zahrádka,2994
tulipán,2995
moci,2996
zjara,2997
polykání,2998
okus,2999
gumička,3000
záclona,3001
máčet,3002
širý,3003
trvalka,3004
ohrožovat,3005
rohový,3006
zdravý,3007
rasa,3008
klusák,3009
porce,3010
vystrašit,3011
létání,3012
klenutý,3013
akrobatický,3014
vytírání,3015
svalstvo,3016
zpestření,3017
šíje,3018
opál,3019
circus,3020
přikrýt,3021
opylení,3022
skřet,3023
hýbat,3024
indián,3025
horizontálně,3026
výživné,3027
lívanec,3028
žvýkačka,3029
drát,3030
zlodějíček,3031
bříza,3032
kontrastní,3033
spára,3034
placka,3035
potomstvo,3036
úlomek,3037
rozeta,3038
slanina,3039
vykastrovat,3040
angrešt,3041
začátečník,3042
mourek,3043
oblek,3044
zapáchající,3045
zlehka,3046
olše,3047
pohromadě,3048
víko,3049
mávání,3050
luštěnina,3051
lastura,3052
osolený,3053
ďábel,3054
spodní,3055
okrasa,3056
obyčejně,3057
trnitý,3058
tropy,3059
tmavomodrý,3060
bonobo,3061
vřed,3062
borovice,3063
marináda,3064
vybarvovat,3065
dýmka,3066
česat,3067
pohádka,3068
bezmasý,3069
přitisknout,3070
jídlo,3071
venkovní,3072
rovný,3073
péřový,3074
krůpěj,3075
sinice,3076
stálezelený,3077
posetý,3078
poměrně,3079
umět,3080
mlít,3081
stromovka,3082
zaječí,3083
žluč,3084
maringotka,3085
pálený,3086
skalisko,3087
mramorový,3088
trčet,3089
paštika,3090
drobně,3091
lepek,3092
fosílie,3093
postižení,3094
strnule,3095
hovado,3096
smích,3097
mazák,3098
trouba,3099
luk,3100
blondýnka,3101
návštěvník,3102
arktida,3103
melanin,3104
řidičák,3105
otěž,3106
vlásek,3107
bývat,3108
upřeně,3109
žbluňk,3110
krása,3111
cvok,3112
netečný,3113
schovávat,3114
ohnutý,3115
pohnout,3116
pepík,3117
přikrytý,3118
pružný,3119
dieta,3120
vítat,3121
ale,3122
oslunění,3123
node,3124
pracka,3125
škádlení,3126
infikování,3127
noční,3128
bleší,3129
svrchní,3130
korýtko,3131
vrták,3132
blízce,3133
skořice,3134
podobný,3135
pivko,3136
přidržovat,3137
rozmanitý,3138
vrhnout,3139
přítmí,3140
mléčně,3141
přisednout,3142
dřina,3143
sokol,3144
pláštík,3145
stodolní,3146
hlavový,3147
nakrájet,3148
krpec,3149
díra,3150
jurský,3151
smaragd,3152
vlkodlačí,3153
chaloupka,3154
fantastický,3155
trám,3156
kreslený,3157
balerína,3158
protažený,3159
fous,3160
málokdy,3161
brloh,3162
líbající,3163
dredy,3164
ekosystém,3165
skalnička,3166
barevně,3167
překvapovat,3168
rýhování,3169
seno,3170
doširoka,3171
štědrovečerní,3172
ulpívat,3173
páska,3174
lámat,3175
figurka,3176
vegetarián,3177
brčko,3178
maska,3179
recentní,3180
jantar,3181
pohlazení,3182
baňka,3183
zamlžený,3184
stavení,3185
zahradníček,3186
stráň,3187
zelí,3188
hlad,3189
plovák,3190
sklíčko,3191
hltan,3192
vřes,3193
ramenní,3194
obojživelný,3195
vlasatý,3196
kouzelný,3197
splést,3198
atrofie,3199
zpestřit,3200
knížka,3201
asijský,3202
halušky,3203
symptom,3204
koš,3205
ekzém,3206
zásnubní,3207
zavřený,3208
tento,3209
drobnohled,3210
střep,3211
čarovat,3212
věšák,3213
lesík,3214
dokolečka,3215
barvínek,3216
prosluněný,3217
hemoroidy,3218
nahánějící,3219
rolní,3220
kormidlo,3221
milimetr,3222
dýchání,3223
převislý,3224
ubývat,3225
plácnutí,3226
jehla,3227
slunečník,3228
mrcha,3229
opouštět,3230
kecat,3231
talíř,3232
laboratorní,3233
přezrálý,3234
trakař,3235
slupka,3236
plastový,3237
ubikace,3238
částečka,3239
spánkový,3240
náprsní,3241
vyhřívaný,3242
tyran,3243
kouzelník,3244
smrtelný,3245
vysoko,3246
písek,3247
jednobuněčný,3248
přirozený,3249
modřín,3250
plodina,3251
rolnička,3252
onyx,3253
kaše,3254
pověra,3255
slamák,3256
kaňka,3257
pekáč,3258
tuna,3259
foukat,3260
rašeliniště,3261
kakao,3262
meduňka,3263
chycený,3264
pískovec,3265
proudění,3266
agresivita,3267
žár,3268
bezhlavý,3269
rouška,3270
slivoň,3271
klystýr,3272
bystrý,3273
čéška,3274
opěrka,3275
tvář,3276
anorexie,3277
nažka,3278
kývat,3279
zkažený,3280
bílkovina,3281
bouřka,3282
dvořák,3283
bederní,3284
nať,3285
dotčený,3286
honič,3287
očko,3288
zákal,3289
voskový,3290
šlapání,3291
travní,3292
usmát,3293
ustrašený,3294
kobylí,3295
pata,3296
chtěný,3297
šikovný,3298
teritoriálně,3299
čelistní,3300
šlapka,3301
oleandr,3302
chléb,3303
ryšavý,3304
společník,3305
hospodář,3306
pylový,3307
lesník,3308
cedulka,3309
zoopark,3310
chodec,3311
máť,3312
vykvést,3313
pokoutně,3314
ztmavení,3315
perleť,3316
droby,3317
škodní,3318
lékořice,3319
akutní,3320
lavička,3321
patrný,3322
vakcinace,3323
skalák,3324
anální,3325
štěrbina,3326
vosk,3327
stodola,3328
vylučování,3329
houbový,3330
vlkodlak,3331
zřídka,3332
mrav,3333
sundávat,3334
sójový,3335
vzorek,3336
chilli,3337
artritida,3338
abnormalita,3339
snadný,3340
ovčáček,3341
kravina,3342
bočně,3343
štěknout,3344
huba,3345
pantofle,3346
horalka,3347
čistokrevný,3348
padák,3349
překližka,3350
synek,3351
kašpárek,3352
koloušek,3353
přisátí,3354
rusalka,3355
odolný,3356
plavovláska,3357
lanko,3358
vyčnívat,3359
letnička,3360
maminčin,3361
tvůj,3362
stín,3363
med,3364
vyběhnout,3365
bahnitý,3366
migrace,3367
studený,3368
bolehlav,3369
bezpohlavní,3370
muškaření,3371
vzhledově,3372
hrátky,3373
oplodněný,3374
skřínka,3375
hrot,3376
korále,3377
pegas,3378
šála,3379
zabarvení,3380
lopata,3381
baktérie,3382
džungle,3383
muchomůrka,3384
vejražka,3385
bráška,3386
poznat,3387
dravost,3388
cizrna,3389
borovička,3390
obrazec,3391
ojedinělý,3392
strčit,3393
muškát,3394
akrobat,3395
poraněný,3396
pukat,3397
dosahovat,3398
koření,3399
napnutý,3400
poušť,3401
želízka,3402
všivák,3403
dospět,3404
zemina,3405
snít,3406
nepozorovaně,3407
prodloužený,3408
bobík,3409
lupénka,3410
bércový,3411
rybíz,3412
matonoha,3413
prokouknout,3414
túje,3415
strýček,3416
týpí,3417
ukazováček,3418
švihadlo,3419
příšerný,3420
třešeň,3421
překrásný,3422
ovčí,3423
kapesník,3424
nalézat,3425
zaměnit,3426
blázinec,3427
plodit,3428
ptaní,3429
řetízek,3430
gigant,3431
vyvinout,3432
svačina,3433
máslový,3434
vypadat,3435
krev,3436
nožička,3437
koka,3438
hospodyně,3439
povyrůst,3440
karmínový,3441
nebe,3442
uhlíř,3443
píchnout,3444
dovést,3445
pokojík,3446
tlumený,3447
chodba,3448
klíční,3449
předvádět,3450
kokpit,3451
trychtýř,3452
kejvat,3453
různorodý,3454
kolonie,3455
vesele,3456
potkat,3457
slepený,3458
milovaný,3459
vstát,3460
paprička,3461
otírat,3462
vakcína,3463
cysta,3464
krajíček,3465
přeslička,3466
zasmát,3467
eskymák,3468
námořník,3469
viróza,3470
keratin,3471
ocet,3472
sametový,3473
exoticky,3474
dračice,3475
vonící,3476
houpací,3477
šilhavý,3478
pigmentový,3479
průduška,3480
nemoc,3481
klanět,3482
vize,3483
tácek,3484
oceán,3485
malovat,3486
plout,3487
bělka,3488
puberťák,3489
stanoviště,3490
nasytit,3491
dozlatova,3492
obvykle,3493
hlupák,3494
výskok,3495
salát,3496
oděný,3497
svět,3498
zamotat,3499
igelitový,3500
kloubní,3501
lákadlo,3502
léčený,3503
sádka,3504
svižný,3505
krásně,3506
kmín,3507
viditelně,3508
neandrtálec,3509
ponožka,3510
hortenzie,3511
bít,3512
nutriční,3513
leporelo,3514
svalový,3515
céva,3516
kyblík,3517
dvouhlavý,3518
samet,3519
nočník,3520
zvědavost,3521
šlechtěný,3522
balón,3523
člun,3524
hýčkat,3525
mozkovna,3526
ztvrdnout,3527
teplo,3528
ráj,3529
krůček,3530
hrneček,3531
slintavka,3532
vertikální,3533
kozlík,3534
natahovat,3535
dlouze,3536
samotka,3537
zvětšený,3538
bláha,3539
meruňkový,3540
veliký,3541
šatna,3542
říkanka,3543
možná,3544
chladič,3545
nebohý,3546
kopřivový,3547
kostice,3548
umýt,3549
troufat,3550
osamotit,3551
podkolenka,3552
milenec,3553
přitažený,3554
zoologie,3555
lumpárna,3556
bodlo,3557
hřmění,3558
mlhovina,3559
jablko,3560
hledící,3561
temperament,3562
bizarně,3563
pigmentace,3564
hubička,3565
napnout,3566
majoránka,3567
marmeláda,3568
padající,3569
činka,3570
nadechnout,3571
mást,3572
klapka,3573
kouřový,3574
zahřát,3575
princ,3576
vysávat,3577
váleček,3578
kučera,3579
košile,3580
štítek,3581
přichycení,3582
dvířka,3583
konvalinka,3584
rozzářit,3585
pračka,3586
se,3587
přesýpací,3588
spodu,3589
přiléhavý,3590
sérum,3591
nakyslý,3592
mateřídouška,3593
bystrouška,3594
povyk,3595
mladík,3596
hřeben,3597
louže,3598
koloděj,3599
bojovný,3600
skopové,3601
mustang,3602
sůl,3603
přenašeč,3604
povědět,3605
píď,3606
bakteriální,3607
vodorovně,3608
instinktivní,3609
kanibal,3610
červeno,3611
rajčatový,3612
máťuška,3613
kamenitý,3614
plísňový,3615
vyhřívat,3616
mimotělní,3617
cihlově,3618
váhat,3619
ohniště,3620
potoční,3621
zticha,3622
děvka,3623
bedna,3624
čepice,3625
vrhat,3626
vývojově,3627
táhle,3628
saně,3629
pastevecký,3630
tlachání,3631
relativně,3632
cop,3633
pěkně,3634
spadaný,3635
bláhový,3636
sympaťák,3637
budík,3638
karibu,3639
pandemie,3640
líčidlo,3641
bučení,3642
neslyšně,3643
polobotka,3644
stvoření,3645
prášek,3646
cokoli,3647
tuhý,3648
klidně,3649
jehlice,3650
prohnutý,3651
přiživovat,3652
respirátor,3653
prkénko,3654
hon,3655
sibiřský,3656
vlohy,3657
brácha,3658
miniaturní,3659
tuček,3660
vojt,3661
příznak,3662
zorný,3663
spáč,3664
mikina,3665
jelínek,3666
čokoládový,3667
tyčka,3668
travina,3669
smyslový,3670
hrozný,3671
uvázat,3672
pískový,3673
roznášet,3674
lítat,3675
vlček,3676
doletět,3677
taxon,3678
nechutenství,3679
plašit,3680
promyslet,3681
dosahující,3682
tíknout,3683
radovánky,3684
dětinský,3685
skrýše,3686
slabý,3687
vibrace,3688
měřit,3689
vrzání,3690
moučka,3691
snesení,3692
tělísko,3693
bojler,3694
mimika,3695
kolouch,3696
líska,3697
kedluben,3698
úkaz,3699
hřmít,3700
těsto,3701
nigrum,3702
košík,3703
upírka,3704
patka,3705
sněhový,3706
procházka,3707
směrovka,3708
zrzka,3709
zeleninový,3710
pór,3711
kouknout,3712
genotyp,3713
lepicí,3714
obroučka,3715
lízátko,3716
polní,3717
sklovina,3718
proutí,3719
epitel,3720
říci,3721
migrovat,3722
prdel,3723
převážně,3724
zářící,3725
rozeznat,3726
unikat,3727
domek,3728
černoch,3729
chráněný,3730
sporýš,3731
očkovaný,3732
přátelský,3733
dělat,3734
bunda,3735
šeptat,3736
vylovit,3737
podprsenka,3738
vláknina,3739
často,3740
vlněný,3741
borový,3742
plivat,3743
bronzový,3744
konzumace,3745
podhorský,3746
fialka,3747
džíny,3748
milá,3749
eldorádo,3750
vyjímat,3751
vyvinutý,3752
úsměv,3753
trapně,3754
úmrtnost,3755
vydechnout,3756
okvětní,3757
sedávat,3758
skleněný,3759
družka,3760
dožít,3761
posedět,3762
sestřička,3763
kladka,3764
odpočívat,3765
vychutnat,3766
pozorovatelný,3767
hormon,3768
podmáčený,3769
teplomilný,3770
třezalka,3771
bájný,3772
měsíček,3773
cihla,3774
smrk,3775
průměrně,3776
slunečný,3777
bramborák,3778
mlha,3779
dřep,3780
rozesmát,3781
obezita,3782
chrlič,3783
mamutí,3784
napodobovat,3785
skřivánek,3786
lodička,3787
plešatý,3788
hrudka,3789
kosit,3790
hypochondr,3791
potok,3792
brejle,3793
hbitost,3794
poševní,3795
představitelný,3796
vít,3797
léto,3798
loučit,3799
vozíček,3800
pozoruhodný,3801
bolestivě,3802
kakaový,3803
prostrčit,3804
choulostivý,3805
kabát,3806
ucítit,3807
utíkat,3808
býčí,3809
zářivý,3810
smutný,3811
máta,3812
bizarní,3813
jejda,3814
úbor,3815
lapit,3816
kaštan,3817
koukat,3818
pastevec,3819
husky,3820
strojek,3821
krb,3822
dospívat,3823
psaníčko,3824
škodolibý,3825
čerň,3826
mrkvička,3827
lata,3828
natřený,3829
jakýsi,3830
chytač,3831
bábovička,3832
kánoe,3833
lednice,3834
erytrocyt,3835
škrabka,3836
embryonální,3837
středomořský,3838
zřejmě,3839
dětský,3840
kukuřice,3841
trpasličí,3842
dudlík,3843
špinavý,3844
poutko,3845
chodit,3846
smeták,3847
rosol,3848
rybařit,3849
pelyněk,3850
držadlo,3851
mlejnek,3852
nůžky,3853
šuplík,3854
plechovka,3855
divý,3856
brk,3857
chycení,3858
blázen,3859
drtit,3860
kustovnice,3861
vícebarevný,3862
obratně,3863
hodit,3864
drobnost,3865
koriandr,3866
lajk,3867
přilepit,3868
prostý,3869
věžák,3870
piha,3871
mnohý,3872
strnulý,3873
ručník,3874
kancl,3875
umřít,3876
hřejivý,3877
letenka,3878
chutnající,3879
střelec,3880
hemžení,3881
věrný,3882
flek,3883
hubník,3884
namočit,3885
puška,3886
dysplazie,3887
psovod,3888
knedlíček,3889
lhát,3890
budit,3891
buben,3892
sněžit,3893
elegantně,3894
emu,3895
trubička,3896
agresivně,3897
utažený,3898
světelný,3899
hromový,3900
zamotávat,3901
šaty,3902
podélný,3903
lipan,3904
rybářský,3905
kontinent,3906
kýchnutí,3907
novorozený,3908
barborka,3909
plodící,3910
krytý,3911
drzý,3912
šesták,3913
opatřený,3914
bombardér,3915
pokrčit,3916
kysaný,3917
písmenka,3918
nafukování,3919
kominík,3920
celý,3921
písařík,3922
maličko,3923
mrtvý,3924
pravděpodobný,3925
domov,3926
školka,3927
kočár,3928
sklidit,3929
pouštní,3930
držák,3931
takovýhle,3932
pasáček,3933
přenášet,3934
lupen,3935
svléknout,3936
vysloveně,3937
podpatek,3938
snášející,3939
zadní,3940
obalený,3941
pečení,3942
zašpinit,3943
zvídavý,3944
slyšet,3945
tančící,3946
mletý,3947
šortky,3948
spokojený,3949
básník,3950
přelud,3951
škleb,3952
žiletka,3953
krejčík,3954
nesený,3955
polárka,3956
mnohdy,3957
buchta,3958
vyvýšený,3959
zřídkakdy,3960
pálivý,3961
zmetek,3962
vlnění,3963
líčit,3964
zvěřinec,3965
baterka,3966
smrž,3967
máloco,3968
volat,3969
odvážný,3970
zkroucený,3971
kojenec,3972
slonice,3973
jahoda,3974
majestátní,3975
klobás,3976
hejkal,3977
vitamín,3978
šplh,3979
sedačka,3980
angína,3981
slabina,3982
ozimý,3983
ježíšek,3984
zástup,3985
kácet,3986
nížinný,3987
zakletí,3988
mdle,3989
inseminace,3990
velikán,3991
vítaný,3992
poněkud,3993
hrůzostrašný,3994
peckovina,3995
zálivka,3996
subtropický,3997
pilota,3998
uvěřitelně,3999
ukrytý,4000
bouračka,4001
senilní,4002
nahnat,4003
nymfomanka,4004
démonický,4005
opasek,4006
pilovitý,4007
buňka,4008
sklopený,4009
zvracení,4010
hustě,4011
laň,4012
šňůrka,4013
vzácnost,4014
aljaška,4015
velikost,4016
tah,4017
uvidět,4018
skrytý,4019
evoluční,4020
tračník,4021
zrno,4022
otok,4023
výborný,4024
nádrž,4025
namočený,4026
kvetení,4027
krabí,4028
bobek,4029
urodit,4030
obušek,4031
osvěžení,4032
sklenka,4033
bezdomovec,4034
tornádo,4035
atrapa,4036
penízek,4037
slza,4038
postel,4039
trubka,4040
nejspíš,4041
oblečený,4042
dlouhověkost,4043
vyvést,4044
panter,4045
klubko,4046
cévnatý,4047
osička,4048
trocha,4049
štěrk,4050
vystouplý,4051
plovoucí,4052
vzrušující,4053
posvátný,4054
nečistota,4055
jindy,4056
zjevovat,4057
pravděpodobně,4058
partnerka,4059
farmář,4060
letový,4061
proso,4062
korpulentní,4063
dovézt,4064
plavání,4065
ředkev,4066
čeledín,4067
sluha,4068
píchat,4069
pokrytec,4070
zápraží,4071
komínek,4072
úzký,4073
vykrojený,4074
zpříma,4075
idylka,4076
vzteklý,4077
akrobacie,4078
skuhravý,4079
hlavolam,4080
panelák,4081
ospalost,4082
fauně,4083
báječně,4084
prohlubeň,4085
proměnlivý,4086
příšerka,4087
scénka,4088
vlnit,4089
zlověstný,4090
připomínat,4091
pásek,4092
najemno,4093
rybaření,4094
protilátka,4095
muffin,4096
mrtvola,4097
paluba,4098
povahově,4099
impala,4100
vidění,4101
pitoreskní,4102
všímat,4103
palička,4104
absces,4105
živel,4106
vystřelit,4107
uplavat,4108
trn,4109
cikán,4110
spalničky,4111
vystačit,4112
andula,4113
zpívat,4114
nadzvednout,4115
natřít,4116
vílí,4117
záhada,4118
básnička,4119
pijící,4120
aport,4121
vítr,4122
vyhlížející,4123
uchytit,4124
stres,4125
vrozený,4126
jedlička,4127
strašpytel,4128
šikmý,4129
šlehačka,4130
vnímat,4131
vnady,4132
šťastný,4133
vztlak,4134
překypovat,4135
bulteriér,4136
chodníček,4137
žebrák,4138
brusinka,4139
vznášedlo,4140
stydký,4141
zužovat,4142
chudokrevnost,4143
mikádo,4144
bůhví,4145
obléci,4146
velikostní,4147
slavíček,4148
domácí,4149
vodopád,4150
blbě,4151
perla,4152
přitahovat,4153
pacient,4154
křídový,4155
působivý,4156
chlívek,4157
předmět,4158
svítivý,4159
plát,4160
dorozumívat,4161
éčko,4162
lev,4163
svítání,4164
vitrína,4165
tužka,4166
mrknout,4167
tunika,4168
bylinný,4169
španěl,4170
kluk,4171
dojemný,4172
zrcátko,4173
divoch,4174
opatrný,4175
tušení,4176
humno,4177
chladno,4178
dýka,4179
guláš,4180
kroutit,4181
hnedka,4182
nálev,4183
hangár,4184
geneticky,4185
skalka,4186
zažívací,4187
stvol,4188
ráfek,4189
mikroflóra,4190
pobíhající,4191
janek,4192
spodky,4193
strop,4194
stehenní,4195
tleskat,4196
posezení,4197
poutavý,4198
dobrák,4199
točený,4200
plechový,4201
vznášet,4202
potah,4203
chlouba,4204
zámeček,4205
vibrátor,4206
sok,4207
ocelový,4208
strašení,4209
shazovat,4210
louskáček,4211
orgán,4212
lupič,4213
koupání,4214
severka,4215
leknín,4216
způsobovat,4217
ohromný,4218
pupeční,4219
ozvat,4220
rex,4221
opatřit,4222
švec,4223
skleníkový,4224
loupat,4225
volánek,4226
děvčátko,4227
trošičku,4228
pobíhání,4229
mdlý,4230
tvarovat,4231
vejčitý,4232
doskákat,4233
honička,4234
rýč,4235
kabina,4236
gryf,4237
vyzařovat,4238
mýlit,4239
běhání,4240
říkávat,4241
alergik,4242
bažina,4243
pršet,4244
proutěný,4245
chodívat,4246
kg,4247
milý,4248
sytost,4249
kokoška,4250
ubližovat,4251
zpozorovat,4252
písnička,4253
krotitel,4254
zámecký,4255
mrholení,4256
slzení,4257
zamilovaný,4258
bazének,4259
jesličky,4260
měsíčky,4261
lišta,4262
záchranář,4263
vytočený,4264
odpadávat,4265
kovbojka,4266
čípek,4267
vočko,4268
močál,4269
bongo,4270
plech,4271
prokrvení,4272
vibrovat,4273
limetka,4274
přízemní,4275
tetování,4276
sít,4277
nervozita,4278
plést,4279
letectvo,4280
jílec,4281
hoblina,4282
žemlička,4283
baletka,4284
bombička,4285
osvěžující,4286
opilec,4287
sklápět,4288
hádanka,4289
málo,4290
sněžník,4291
obchoďák,4292
spása,4293
kus,4294
závažný,4295
toulat,4296
dcerka,4297
délka,4298
oslepující,4299
komiks,4300
uzpůsobit,4301
čekanka,4302
nízkotučný,4303
uzlina,4304
tepelně,4305
návštěvní,4306
kyčelní,4307
kříž,4308
ekologický,4309
mikroskopický,4310
mňam,4311
koupací,4312
krvelačný,4313
vysát,4314
koupaliště,4315
vagína,4316
figurína,4317
odlišovat,4318
jalovec,4319
brouzdání,4320
smrtka,4321
vyživující,4322
palice,4323
edém,4324
špageta,4325
kůlna,4326
nádor,4327
sníh,4328
štípat,4329
vojáček,4330
brouzdaliště,4331
roztočení,4332
indiánský,4333
kamufláž,4334
vybarvený,4335
horký,4336
paží,4337
křížek,4338
brouzdat,4339
houština,4340
kapusta,4341
humanoidní,4342
temný,4343
zbožňovat,4344
horizontální,4345
užitek,4346
líbit,4347
sklep,4348
odplouvat,4349
ostrovní,4350
smetanově,4351
žitný,4352
úbytek,4353
spirálovitě,4354
slizniční,4355
společenský,4356
stromořadí,4357
řepka,4358
vadit,4359
žloutnutí,4360
příživník,4361
paže,4362
otrava,4363
kamenný,4364
žárovka,4365
znečištěný,4366
vzdálený,4367
vlach,4368
karotenoid,4369
děsivě,4370
strejda,4371
pohmožděnina,4372
trdelník,4373
cár,4374
sklenice,4375
kajmanský,4376
plodový,4377
pointa,4378
šípkový,4379
škatulka,4380
namlouvání,4381
kamarád,4382
děcko,4383
motorový,4384
smekat,4385
pepřový,4386
holínka,4387
sýr,4388
kápě,4389
ehm,4390
hornina,4391
vypadnout,4392
klouzavý,4393
hadička,4394
dílek,4395
blíženec,4396
chyt,4397
celulitida,4398
čerstvý,4399
prášit,4400
prosvítat,4401
neurotoxin,4402
vědecky,4403
kopeček,4404
burák,4405
květní,4406
líně,4407
zeleno,4408
dinopark,4409
pitomý,4410
oběť,4411
vyděsit,4412
pepka,4413
bárka,4414
ústní,4415
hmota,4416
schránka,4417
členitý,4418
tvar,4419
sapiens,4420
čilý,4421
zabořit,4422
ošklivě,4423
setý,4424
vada,4425
sezení,4426
slečna,4427
mdloba,4428
pýcha,4429
uchycení,4430
příjemný,4431
hrochův,4432
brokovnice,4433
zepředu,4434
přisedlý,4435
anděl,4436
zakysaný,4437
flitr,4438
výživa,4439
pařeniště,4440
sráz,4441
cpát,4442
helma,4443
blízký,4444
spící,4445
proměna,4446
animovaný,4447
ukrývat,4448
vyrušování,4449
prosklený,4450
píšťalka,4451
pracovitý,4452
setřít,4453
mykóza,4454
ozdobit,4455
mera,4456
škvarek,4457
zahálka,4458
kryt,4459
tančit,4460
ubohý,4461
uběhnout,4462
pasta,4463
jednoletý,4464
migrační,4465
zahalený,4466
hňup,4467
koronavirus,4468
močení,4469
rošt,4470
ukulele,4471
repete,4472
andílek,4473
cirkus,4474
nosný,4475
bedýnka,4476
vánek,4477
bělo,4478
příčný,4479
připlouvat,4480
zelenka,4481
středozemní,4482
smutně,4483
bouda,4484
trochu,4485
kachel,4486
strachovat,4487
bubeníček,4488
zdát,4489
kanárský,4490
široký,4491
kolitida,4492
dřevní,4493
živelní,4494
maltézský,4495
upéci,4496
pobřeží,4497
struhadlo,4498
bazalka,4499
lajka,4500
kdopak,4501
hermelín,4502
vypuštěný,4503
zřítit,4504
plachetnice,4505
guinea,4506
horal,4507
příď,4508
morous,4509
tvarovka,4510
hlaveň,4511
zakletý,4512
šup,4513
helikoptéra,4514
zaživa,4515
káď,4516
jeskynní,4517
zatáhnout,4518
popínavý,4519
hlazení,4520
hniloba,4521
ostnatý,4522
jinak,4523
skvostný,4524
duch,4525
kubánský,4526
částice,4527
perorálně,4528
miligram,4529
hrozen,4530
kejkle,4531
dospívající,4532
neštovice,4533
ušák,4534
krčit,4535
lilie,4536
zlodějka,4537
stoka,4538
kokosový,4539
slunce,4540
dávný,4541
vyvádění,4542
lampička,4543
nápaditý,4544
minerál,4545
chovatelství,4546
alpaka,4547
panna,4548
zahrada,4549
zavěšovat,4550
peřej,4551
medvědín,4552
maskot,4553
sací,4554
vrba,4555
vyhřívání,4556
střípek,4557
rus,4558
kosmopolitní,4559
malba,4560
řídítko,4561
rámeček,4562
ilustrace,4563
který,4564
jasný,4565
pecka,4566
brok,4567
kuchyňský,4568
lišit,4569
pantofel,4570
dřeň,4571
vínečko,4572
déšť,4573
pěstovaný,4574
blond,4575
školák,4576
vzrušovat,4577
kotrč,4578
koráb,4579
tkanička,4580
ohebný,4581
hřebíček,4582
přirozeně,4583
postižený,4584
chovající,4585
laguna,4586
obrys,4587
obrazně,4588
zavírat,4589
medvědice,4590
hřebík,4591
úplněk,4592
víření,4593
hospodin,4594
kalný,4595
vesmír,4596
proletět,4597
báječný,4598
prasklina,4599
zamlklý,4600
mahagon,4601
vdolek,4602
zblízka,4603
forman,4604
vybírat,4605
rezervace,4606
genetický,4607
obludný,4608
hovadina,4609
kámen,4610
krásný,4611
zkurvený,4612
sporák,4613
vyčnívající,4614
dopředu,4615
uchvátit,4616
submisívní,4617
cirrus,4618
tečka,4619
zasněžený,4620
jet,4621
návyk,4622
vzhůru,4623
perníkový,4624
tepelný,4625
ovčácký,4626
celozrnný,4627
vejít,4628
říkadlo,4629
přijímat,4630
tobogan,4631
sundat,4632
batoh,4633
narval,4634
kostým,4635
otřít,4636
herkules,4637
běžný,4638
majonéza,4639
cirkusový,4640
terč,4641
stíhací,4642
azurový,4643
schytat,4644
smrad,4645
vyhledávající,4646
perník,4647
tryska,4648
hořec,4649
satén,4650
krajíc,4651
výjimečný,4652
tkanice,4653
zavadit,4654
tvářit,4655
šlacha,4656
zálesák,4657
nepořádek,4658
římsa,4659
chorý,4660
dítě,4661
salaš,4662
šperkovnice,4663
smažit,4664
tvorstvo,4665
jizva,4666
pilka,4667
obětovat,4668
choroba,4669
stavěný,4670
unášet,4671
třešnička,4672
potůček,4673
odkvět,4674
veselo,4675
oblíbení,4676
vrátka,4677
světlo,4678
slíva,4679
sterilní,4680
větvený,4681
jedovatě,4682
řepa,4683
rašící,4684
rozličný,4685
stresovat,4686
fantasticky,4687
vát,4688
všimnout,4689
oblačno,4690
kačka,4691
přizpůsobený,4692
kopnout,4693
mladíček,4694
steh,4695
výměnek,4696
okenice,4697
severák,4698
unést,4699
zahradní,4700
urazit,4701
koryto,4702
hospůdka,4703
palmový,4704
agáve,4705
kamna,4706
šprt,4707
okrást,4708
kosmický,4709
tlačenka,4710
liána,4711
vyplivnout,4712
hobit,4713
šnorchl,4714
dešťový,4715
borůvka,4716
brašna,4717
borec,4718
hrana,4719
vláček,4720
cikánka,4721
trapný,4722
myslivost,4723
vyhledávaný,4724
ledabyle,4725
ukrajinec,4726
kusý,4727
honzík,4728
chutě,4729
trhák,4730
kalorický,4731
záškub,4732
obávaný,4733
škodlivý,4734
opravdu,4735
drahý,4736
možný,4737
solený,4738
oheň,4739
ozubený,4740
barák,4741
pšeničný,4742
parapet,4743
řezník,4744
vulgaris,4745
placenta,4746
náručí,4747
milovník,4748
pozdě,4749
nachlazení,4750
pouzdro,4751
trápení,4752
karanténa,4753
pítko,4754
klidový,4755
symbióza,4756
denní,4757
školačka,4758
zamotaný,4759
hoch,4760
třešňový,4761
světlomet,4762
horko,4763
sýpka,4764
hibernace,4765
mikrometr,4766
nemocný,4767
synáček,4768
altán,4769
exteriér,4770
suť,4771
pohrudnice,4772
hrubý,4773
potkání,4774
vstávat,4775
šmak,4776
laskavý,4777
partner,4778
tažený,4779
mezidruhový,4780
ovzduší,4781
koláček,4782
klepnout,4783
tenhle,4784
umírat,4785
okénko,4786
výjev,4787
jezdec,4788
trojzubec,4789
rozpálený,4790
růžova,4791
porod,4792
kolík,4793
usmrcování,4794
podobně,4795
přilákání,4796
zpravidla,4797
polyp,4798
stařena,4799
oblíbený,4800
pochopitelný,4801
vlastimil,4802
mísa,4803
solitéra,4804
broskev,4805
natvrdlý,4806
znečištění,4807
raněný,4808
hedvábně,4809
horský,4810
variabilita,4811
labyrint,4812
konga,4813
airbus,4814
radostný,4815
říkat,4816
překvapený,4817
psoriáza,4818
praštit,4819
stafylokok,4820
zdobný,4821
atopický,4822
vzlet,4823
čínský,4824
šero,4825
mast,4826
slzička,4827
břeh,4828
akutně,4829
vhodný,4830
flight,4831
skřípání,4832
boháč,4833
pletivo,4834
turek,4835
pastel,4836
zatažený,4837
mandlový,4838
široko,4839
sedadlo,4840
adaptovat,4841
vitální,4842
bochník,4843
praporek,4844
vodící,4845
stesk,4846
troška,4847
sluneční,4848
nehybný,4849
skupinka,4850
lehnout,4851
rodičovský,4852
cihlář,4853
příležitostný,4854
pomalý,4855
nocovat,4856
chalupa,4857
opálka,4858
opadávat,4859
plky,4860
vyklíčit,4861
citron,4862
vznášející,4863
severoamerický,4864
fantaskní,4865
uvařený,4866
švih,4867
sopka,4868
rozmazlený,4869
vcelku,4870
přistávat,4871
netýkavka,4872
milující,4873
čirok,4874
krevní,4875
rytíř,4876
rozevřený,4877
sedlák,4878
mrazák,4879
soška,4880
kutil,4881
otáčet,4882
připomínající,4883
zeleň,4884
bestiální,4885
čočka,4886
jinačí,4887
upřímný,4888
balit,4889
rozkošný,4890
šlapací,4891
posel,4892
napuštěný,4893
hermafrodit,4894
odlákat,4895
včelař,4896
krajka,4897
podobající,4898
holení,4899
uschnout,4900
chronický,4901
potápějící,4902
zase,4903
vynořit,4904
směšný,4905
pění,4906
domovina,4907
kosterní,4908
oves,4909
vichr,4910
decentně,4911
bohudík,4912
zvláště,4913
bázlivý,4914
dvořit,4915
zabít,4916
salónek,4917
evolučně,4918
slaný,4919
biologický,4920
žíla,4921
uslyšet,4922
stydět,4923
jakoby,4924
kšanda,4925
kov,4926
vedro,4927
látkový,4928
peruť,4929
tetra,4930
líbání,4931
vyvrhnout,4932
pěna,4933
zahradník,4934
krytka,4935
svalovec,4936
kuklík,4937
karkulka,4938
ztěžka,4939
vyšlechtit,4940
panský,4941
vyhazovat,4942
sokolnice,4943
venkovan,4944
čepel,4945
kalich,4946
socha,4947
kamerunský,4948
ježdění,4949
azurově,4950
tekoucí,4951
altánek,4952
žilkový,4953
shluk,4954
krám,4955
sprška,4956
tábořiště,4957
záchod,4958
zakalený,4959
pazourek,4960
zavlečení,4961
děložní,4962
bůh,4963
přistát,4964
stíhat,4965
lístek,4966
kluzák,4967
odporně,4968
smíšek,4969
červinka,4970
meluzína,4971
zajímavý,4972
poprašek,4973
pláž,4974
citrónový,4975
svižně,4976
auťák,4977
vykvétat,4978
živo,4979
zelný,4980
tříska,4981
mungo,4982
chuďas,4983
chrlící,4984
havelka,4985
trsátko,4986
urvat,4987
kloubit,4988
obávat,4989
souhvězdí,4990
mosazný,4991
zaklínadlo,4992
děvče,4993
omotat,4994
postihovat,4995
žampion,4996
amerika,4997
píchnutí,4998
chlebíček,4999
anatomicky,5000
kulový,5001
imunitní,5002
usušený,5003
past,5004
mlýnek,5005
skákací,5006
vápník,5007
bolení,5008
ořechový,5009
schválně,5010
omračující,5011
hlídaný,5012
pohyblivost,5013
dolet,5014
sadistický,5015
pohybový,5016
nádržka,5017
zesvětlení,5018
věšet,5019
něha,5020
padací,5021
chýše,5022
škrtit,5023
usnutí,5024
vycvičený,5025
bečka,5026
kouřit,5027
vyndat,5028
drsný,5029
váha,5030
kapalina,5031
mlhavý,5032
jinoch,5033
zvon,5034
pouštět,5035
hrozit,5036
naviják,5037
puk,5038
zasněný,5039
ukolébavka,5040
grilování,5041
oranžově,5042
sedátko,5043
višně,5044
přehlédnutelný,5045
atraktivní,5046
aerosol,5047
zledovatělý,5048
vědec,5049
vzorník,5050
koukání,5051
kladivo,5052
bonbón,5053
labrador,5054
přilákat,5055
mžik,5056
australis,5057
zjevný,5058
stadium,5059
zářivka,5060
čarovný,5061
stálý,5062
tymián,5063
odcházet,5064
nervový,5065
děs,5066
palouk,5067
rýžový,5068
šarmantní,5069
snídat,5070
malátný,5071
komanč,5072
jumbo,5073
zapuštěný,5074
lákající,5075
grapefruit,5076
hromadit,5077
prstenec,5078
ochutnání,5079
unesený,5080
chatrč,5081
lemovaný,5082
hladina,5083
polobůh,5084
slonovina,5085
podložka,5086
mrkvový,5087
hezký,5088
silný,5089
zřetelně,5090
klenot,5091
dobrý,5092
zalesněný,5093
narůst,5094
rozmazaný,5095
rouno,5096
mít,5097
rozptylovat,5098
padat,5099
kolář,5100
doplavat,5101
zateplení,5102
póza,5103
otravovat,5104
žito,5105
pokoj,5106
pochutina,5107
dragoun,5108
dort,5109
chlupáč,5110
kreatura,5111
kukat,5112
pokrčený,5113
rodeo,5114
pórek,5115
mýdlo,5116
staveniště,5117
povedený,5118
pohledný,5119
omámit,5120
přítel,5121
kozák,5122
výtrus,5123
dokázat,5124
svatební,5125
ucpávat,5126
poklička,5127
vyzáblý,5128
démon,5129
vizuálně,5130
azalka,5131
hrdelní,5132
úchop,5133
ozvučnice,5134
roztomilost,5135
indický,5136
vdechnutí,5137
záhuba,5138
citlivý,5139
záhadný,5140
hliníkový,5141
těžkopádný,5142
céčko,5143
čarodějka,5144
přizpůsobivý,5145
malebný,5146
uvařit,5147
tchýně,5148
očkovat,5149
interiérový,5150
flétna,5151
buš,5152
vojtka,5153
časný,5154
chasa,5155
vzteky,5156
cestující,5157
schovat,5158
proudit,5159
encefalitida,5160
lymfa,5161
shledávat,5162
nádoba,5163
však,5164
otlak,5165
triko,5166
javor,5167
konzument,5168
kovář,5169
kořenící,5170
vánice,5171
zemní,5172
zmatený,5173
preparát,5174
hmotný,5175
ceněný,5176
jásat,5177
mikrobiální,5178
napovědět,5179
dudák,5180
růžově,5181
kyselý,5182
rozevřít,5183
nález,5184
vepřová,5185
odolatelně,5186
trs,5187
hora,5188
krýt,5189
samočistící,5190
kálet,5191
nugát,5192
objevovat,5193
kdosi,5194
experimentálně,5195
pánvička,5196
anýz,5197
beton,5198
bludička,5199
roztok,5200
přát,5201
nevěsta,5202
mutant,5203
přikrývka,5204
stvůra,5205
hrbáč,5206
držet,5207
motyčka,5208
sloup,5209
ostřice,5210
destička,5211
sinus,5212
lymfatický,5213
potápění,5214
jídelní,5215
ztvrdlý,5216
šedozelený,5217
kuchtík,5218
mrknutí,5219
imitující,5220
cholesterol,5221
zvonit,5222
nějaký,5223
došek,5224
ženich,5225
zúžený,5226
faun,5227
případ,5228
maják,5229
amazonka,5230
polární,5231
zapadající,5232
temperamentní,5233
ohavný,5234
obtížný,5235
agresívní,5236
hranatý,5237
typicky,5238
vycpávka,5239
semenáček,5240
rozhlédnout,5241
svěží,5242
nutričně,5243
chalupář,5244
zjišťovat,5245
turista,5246
filtr,5247
kontrastně,5248
uzený,5249
kapary,5250
hýření,5251
sítko,5252
ostražitě,5253
boeing,5254
našinec,5255
vzducholoď,5256
přirozenost,5257
kelímek,5258
uživit,5259
arašíd,5260
vydržet,5261
hadice,5262
utrhnout,5263
radit,5264
tleskání,5265
množení,5266
vjem,5267
síto,5268
bůhvíjak,5269
lama,5270
kynutý,5271
dvůr,5272
světlík,5273
poprsí,5274
příliš,5275
palátum,5276
stařeček,5277
kašlání,5278
dotěrný,5279
proudnice,5280
kulhavka,5281
vyplazený,5282
betonový,5283
vyplavat,5284
holeně,5285
noc,5286
neplecha,5287
snášení,5288
foťák,5289
pilot,5290
vykazovat,5291
plicní,5292
láskyplně,5293
šaman,5294
vejška,5295
skalnatý,5296
prérie,5297
patro,5298
dohola,5299
přípitek,5300
zjevit,5301
dáma,5302
pešek,5303
výkyv,5304
vláknitý,5305
taštička,5306
genom,5307
krájení,5308
lávový,5309
opatrně,5310
jitrnice,5311
čermák,5312
řepík,5313
maliník,5314
desátník,5315
potěcha,5316
adolescent,5317
rčení,5318
věštec,5319
spóra,5320
sandál,5321
urostlý,5322
řád,5323
žloutenka,5324
dorozumívání,5325
povidla,5326
vlasový,5327
loutka,5328
světnice,5329
třpytit,5330
nezbedný,5331
vyrůstající,5332
zajít,5333
bublifuk,5334
čaroděj,5335
rozpoznat,5336
zevní,5337
máj,5338
natírat,5339
kravaťák,5340
homo,5341
tvrdnout,5342
špína,5343
ruka,5344
nechávat,5345
starostlivě,5346
přiběhnout,5347
lepidlo,5348
postava,5349
vůně,5350
pitný,5351
monogamie,5352
zpěv,5353
pilulka,5354
skulina,5355
přehlušit,5356
pečeně,5357
majáček,5358
zabitý,5359
okrouhlý,5360
lahvička,5361
kopule,5362
dávat,5363
zelení,5364
paralýza,5365
bujný,5366
solitér,5367
peníz,5368
mechový,5369
číhající,5370
tloustnout,5371
laik,5372
šunkový,5373
sirup,5374
prostěradlo,5375
lečo,5376
medovina,5377
kondom,5378
šampon,5379
legrace,5380
proměnit,5381
udusit,5382
zpívající,5383
hepatitida,5384
výška,5385
tarzan,5386
filuta,5387
spadnout,5388
smetí,5389
smrtonosný,5390
upřímnost,5391
chrpa,5392
kapku,5393
podpírat,5394
pytláctví,5395
dalekohled,5396
hrozivý,5397
svěrák,5398
naříkat,5399
exot,5400
řemen,5401
kořen,5402
sourozenec,5403
spacák,5404
pocení,5405
vyloženě,5406
paleta,5407
zakřivený,5408
nátěr,5409
uvědomovat,5410
opracovaný,5411
loket,5412
hlavička,5413
mizet,5414
škrábnutí,5415
podvozek,5416
vrak,5417
zapadlý,5418
zachovaný,5419
znak,5420
pískoviště,5421
přizpůsobovat,5422
nedopalek,5423
vyvážený,5424
mycelium,5425
napití,5426
klaustrofobie,5427
šťastně,5428
taxík,5429
roznášení,5430
to,5431
sladkost,5432
kombinéza,5433
bronchitida,5434
přistávací,5435
kamení,5436
někdo,5437
celokrajný,5438
thajský,5439
nalezený,5440
pokroucený,5441
petúnie,5442
fibróza,5443
porozhlédnout,5444
puding,5445
koláč,5446
chlubit,5447
oukej,5448
odpad,5449
džus,5450
vodič,5451
mimický,5452
všecek,5453
višeň,5454
podlý,5455
uchopit,5456
pozorovací,5457
zkrotit,5458
plášť,5459
malíř,5460
novotný,5461
mokřina,5462
husinec,5463
vyčesat,5464
encefalopatie,5465
listen,5466
idiot,5467
biomasa,5468
makat,5469
židle,5470
představit,5471
balkón,5472
pečovat,5473
vápenatý,5474
rám,5475
trofejní,5476
vyhýbat,5477
převis,5478
jílek,5479
zpěvník,5480
šatstvo,5481
nafoukaný,5482
ušlechtilý,5483
růženec,5484
kuřivo,5485
třesk,5486
mako,5487
kotník,5488
napodobit,5489
záležet,5490
regulus,5491
principál,5492
prdelka,5493
potrhaný,5494
linda,5495
káva,5496
zvát,5497
pánbůh,5498
zkušený,5499
facka,5500
roba,5501
iglú,5502
jatky,5503
nobilis,5504
prostřední,5505
bezbranný,5506
osma,5507
kondice,5508
mrštnost,5509
obr,5510
důvěřivý,5511
marš,5512
aura,5513
skálopevně,5514
průduch,5515
kachlový,5516
nauzea,5517
pacifik,5518
také,5519
mimozemšťan,5520
veganský,5521
výborně,5522
drátek,5523
představitelně,5524
ostříhat,5525
táta,5526
otesánek,5527
vykouzlit,5528
anatomický,5529
anebo,5530
margarín,5531
bohéma,5532
skříňka,5533
ničit,5534
kolek,5535
našlápnout,5536
bezpilotní,5537
donést,5538
zvonec,5539
švejk,5540
prokletí,5541
volně,5542
vřesoviště,5543
rudo,5544
uvěřitelný,5545
souostroví,5546
zmizet,5547
sekat,5548
hrdina,5549
cítit,5550
cvoček,5551
žvýkání,5552
podsklepený,5553
stříhání,5554
raný,5555
štrůdl,5556
zrůda,5557
akát,5558
penetrace,5559
spleť,5560
wing,5561
hostitelský,5562
rukáv,5563
drobek,5564
jilm,5565
hrdě,5566
ježibaba,5567
vrzal,5568
podpaždí,5569
kanálek,5570
slečinka,5571
holit,5572
bloček,5573
amulet,5574
bezpečný,5575
překvapit,5576
štípání,5577
říčka,5578
listoví,5579
trofej,5580
kačena,5581
hledáček,5582
nosící,5583
popelník,5584
řepkový,5585
kadeř,5586
invazivní,5587
pitevní,5588
rozmarýn,5589
mol,5590
domyslet,5591
nudit,5592
anténa,5593
imitovat,5594
zemědělec,5595
nadrobno,5596
vzdálit,5597
personál,5598
úhledný,5599
budíček,5600
jeviště,5601
nasládlý,5602
švestkový,5603
řinčení,5604
cola,5605
tloustnutí,5606
pól,5607
hlávka,5608
bavit,5609
stáj,5610
naříkání,5611
dbát,5612
látka,5613
záletník,5614
dušení,5615
začarovaný,5616
balet,5617
mlžení,5618
moře,5619
omítka,5620
rozplakat,5621
přizpůsobit,5622
chvějící,5623
pavilon,5624
dohonit,5625
basa,5626
zabloudit,5627
potulný,5628
vegetariánství,5629
majzlík,5630
ulpět,5631
normálně,5632
poplach,5633
makeup,5634
zaschlý,5635
průzračný,5636
sklenička,5637
evoluce,5638
nakopnout,5639
ztuhlý,5640
daleký,5641
štít,5642
vlnový,5643
hokejista,5644
kontaminovat,5645
chvění,5646
vchod,5647
hašteření,5648
oteplování,5649
blbnout,5650
kajakář,5651
kalíšek,5652
sukně,5653
listový,5654
kravička,5655
podráždění,5656
shlédnout,5657
popadaný,5658
výčnělek,5659
přijít,5660
chladit,5661
ostrůvek,5662
blondýn,5663
přistání,5664
spací,5665
dožínky,5666
křivák,5667
stěna,5668
nácek,5669
kočí,5670
mumie,5671
bejby,5672
odlišit,5673
křesadlo,5674
dezinfekce,5675
soumar,5676
krajní,5677
kalhoty,5678
kulhat,5679
vybarvit,5680
vlnící,5681
zdvořilý,5682
nebezpečí,5683
zářit,5684
protinožec,5685
adaptace,5686
paseka,5687
kostka,5688
bezostyšně,5689
matka,5690
šoupnout,5691
čtvrtníček,5692
hlaváček,5693
znát,5694
tvrz,5695
zákusek,5696
imunita,5697
hodící,5698
dno,5699
početně,5700
onen,5701
esenciální,5702
blábol,5703
kytička,5704
rozpoznatelný,5705
polámaný,5706
arkáda,5707
vystavovat,5708
vlčí,5709
jednat,5710
cihlový,5711
hodně,5712
takový,5713
slušet,5714
inkubátor,5715
rozeznatelný,5716
svůj,5717
smetanový,5718
barbar,5719
kopec,5720
podvečer,5721
přední,5722
výstelka,5723
umývat,5724
bezčasí,5725
frantík,5726
vypít,5727
strupovitost,5728
smaltovaný,5729
žlábek,5730
kastrace,5731
porézní,5732
deprimující,5733
šavle,5734
flákač,5735
maceška,5736
přemokření,5737
orlice,5738
zdravě,5739
úzus,5740
zvednout,5741
opus,5742
párat,5743
veganství,5744
žínka,5745
hojně,5746
živořit,5747
stůl,5748
velmi,5749
divně,5750
tanec,5751
bušení,5752
zahnání,5753
dotknout,5754
švihák,5755
pěšina,5756
manéž,5757
zdivo,5758
posedlý,5759
okno,5760
záření,5761
vztek,5762
hranolek,5763
hospodský,5764
orion,5765
rozměr,5766
modlit,5767
vrub,5768
obletět,5769
zabarvený,5770
přilehlý,5771
duše,5772
poustevník,5773
rokoko,5774
ostýchavý,5775
vlasta,5776
mámení,5777
zajímavě,5778
agilita,5779
bránice,5780
osina,5781
sténání,5782
mango,5783
bavič,5784
váza,5785
pochopitelně,5786
samolepka,5787
poškrábání,5788
žáček,5789
cifra,5790
páteř,5791
lední,5792
odležet,5793
staromódní,5794
svatebčan,5795
malátnost,5796
zdálky,5797
pozorovatelna,5798
rozlehlý,5799
ovál,5800
hajný,5801
želízko,5802
poznatek,5803
spider,5804
lakomec,5805
voříšek,5806
letorost,5807
prý,5808
poseroutka,5809
mlžný,5810
lesnatý,5811
mýtický,5812
genitální,5813
aerobní,5814
teleskopický,5815
prádlo,5816
kazit,5817
zálusk,5818
sbírat,5819
introvert,5820
pohlédnout,5821
dršťkový,5822
řebříček,5823
rozkvetlý,5824
zlaťák,5825
outfit,5826
blb,5827
kontaminace,5828
zkazit,5829
obyčejný,5830
spropitné,5831
salón,5832
pousmání,5833
barový,5834
husák,5835
stříhat,5836
princezna,5837
loubí,5838
smrtelně,5839
svůdný,5840
zástěra,5841
pozemský,5842
lidovec,5843
nadváha,5844
valit,5845
zazvonit,5846
rezavějící,5847
stříbrně,5848
skvěle,5849
mýtus,5850
nevrlý,5851
fér,5852
mokrý,5853
škrtič,5854
nouze,5855
klíčenka,5856
fobie,5857
květena,5858
sluchátko,5859
třpytící,5860
bordel,5861
lustr,5862
jasnovidec,5863
potápěč,5864
upozorňovat,5865
ohřát,5866
humózní,5867
pěně,5868
dřívko,5869
dospívání,5870
strach,5871
krumpáč,5872
zčistajasna,5873
běl,5874
omdlít,5875
trávník,5876
toulka,5877
arab,5878
lyra,5879
omalovánky,5880
sněžnice,5881
vevnitř,5882
váhavě,5883
hlubina,5884
novozélandský,5885
protisměr,5886
naznačovat,5887
infračervený,5888
vánočka,5889
objímat,5890
medovník,5891
stravovat,5892
zavazadlo,5893
řídce,5894
kompliment,5895
naopak,5896
národ,5897
sluchový,5898
dívenka,5899
zkroutit,5900
jevit,5901
způsobující,5902
ručička,5903
zalitý,5904
komín,5905
královna,5906
zdobení,5907
kulhavý,5908
stříkat,5909
brýle,5910
obživa,5911
starostlivý,5912
vostrý,5913
deka,5914
lynx,5915
dobrota,5916
nestydatě,5917
kubík,5918
pravěk,5919
komoda,5920
stát,5921
žánr,5922
kapénkový,5923
úsudek,5924
kopnutí,5925
sunna,5926
divák,5927
dominantní,5928
lichotit,5929
hastrman,5930
lehce,5931
povařit,5932
moa,5933
vycvičit,5934
pronikavě,5935
vodicí,5936
šlehání,5937
vdovec,5938
mírný,5939
kroužek,5940
útočný,5941
mihnout,5942
serpentina,5943
nádvoří,5944
dům,5945
božský,5946
drb,5947
výdrž,5948
břečka,5949
čtenář,5950
myslivecký,5951
tonoucí,5952
strkání,5953
ručka,5954
rampouch,5955
olizovat,5956
rovnováha,5957
váhavý,5958
předkožka,5959
výhon,5960
šelak,5961
přízemí,5962
chápat,5963
sprej,5964
topol,5965
výstupek,5966
strakový,5967
nekuřák,5968
vodný,5969
hlasový,5970
sokl,5971
kajak,5972
oblačnost,5973
ohrada,5974
monstrózní,5975
vznešený,5976
sál,5977
rvačka,5978
dobře,5979
žádoucí,5980
útočiště,5981
nebesa,5982
zvykat,5983
mokasín,5984
okurkový,5985
lít,5986
růžovo,5987
lotosový,5988
stopování,5989
kožený,5990
opadaný,5991
rameno,5992
pošetilý,5993
stisk,5994
čertův,5995
poskakování,5996
plácat,5997
královský,5998
samozřejmě,5999
spíš,6000
radostně,6001
úplně,6002
mlsat,6003
naučit,6004
vykašlávání,6005
ruční,6006
zaklínač,6007
obligátní,6008
vymizet,6009
achát,6010
zakrytý,6011
kolotoč,6012
milovat,6013
projevovat,6014
hloupě,6015
zombie,6016
ladný,6017
booklet,6018
pozorně,6019
výplach,6020
cinkání,6021
pavéza,6022
ostrost,6023
valoun,6024
červí,6025
vrazit,6026
meč,6027
bláznivý,6028
walking,6029
moučkový,6030
četný,6031
mlýn,6032
cibulka,6033
dvoreček,6034
vazivo,6035
zvyk,6036
hlediště,6037
chtěně,6038
brávat,6039
otazník,6040
skutek,6041
krystalek,6042
běs,6043
plamen,6044
kuka,6045
žertík,6046
kněžice,6047
dozrávat,6048
usednout,6049
kónický,6050
spoiler,6051
ekologicky,6052
skrýt,6053
překypující,6054
barvení,6055
borax,6056
úměrně,6057
nápodobně,6058
vdechnout,6059
optický,6060
znehybnit,6061
nábojnice,6062
figurální,6063
únava,6064
čtyřlístek,6065
věž,6066
hábit,6067
jednotlivec,6068
netečnost,6069
mimino,6070
nadpřirozený,6071
vybíjet,6072
vystavovatel,6073
orca,6074
namočení,6075
pachuť,6076
spatření,6077
hrůza,6078
telátko,6079
němý,6080
škarohlíd,6081
mohutně,6082
odlupovat,6083
vynikat,6084
měšťák,6085
dlask,6086
hvězdice,6087
pitva,6088
detektiv,6089
nachytat,6090
vychovávat,6091
sibiř,6092
zhubnutí,6093
beetle,6094
hřích,6095
štěp,6096
klouzání,6097
lyže,6098
nadosmrti,6099
políbit,6100
dvojník,6101
narozený,6102
ametyst,6103
škodící,6104
koule,6105
morový,6106
kraul,6107
početní,6108
páka,6109
obrazovka,6110
furiant,6111
nadlidský,6112
displej,6113
zadušení,6114
leckdo,6115
sladko,6116
sýrový,6117
deštivý,6118
podélně,6119
větroň,6120
hlinka,6121
totem,6122
přece,6123
zimnice,6124
rotující,6125
šňůra,6126
čidlo,6127
puntík,6128
tvarově,6129
papírový,6130
kras,6131
ananasový,6132
vybít,6133
eurasijský,6134
svíčka,6135
tkanina,6136
zhoubný,6137
potácet,6138
pípání,6139
okraj,6140
migrant,6141
sklepní,6142
těleso,6143
řez,6144
čokoládově,6145
machr,6146
rozkoš,6147
pustit,6148
kůrka,6149
kladení,6150
šáteček,6151
hluboký,6152
manžeta,6153
pozlacený,6154
trapas,6155
lepivý,6156
řezat,6157
křemílek,6158
pomlázka,6159
bourec,6160
poranění,6161
vývin,6162
probouzet,6163
princeznička,6164
zahojit,6165
pilař,6166
ložnice,6167
jak,6168
přihlouplý,6169
chybět,6170
hanba,6171
prožít,6172
kvasinka,6173
zvrhlý,6174
kruhový,6175
locika,6176
zalévat,6177
nábytek,6178
šíleně,6179
kašlat,6180
zařvat,6181
naštvaně,6182
louhovat,6183
mříž,6184
dech,6185
vrch,6186
zasychat,6187
jinovatka,6188
pirát,6189
potopa,6190
cvičit,6191
schopný,6192
bok,6193
vydechnutí,6194
lhář,6195
pískovna,6196
přiměřený,6197
atrakce,6198
hudeček,6199
ochrnutí,6200
upravený,6201
nosohltan,6202
opodál,6203
muzikant,6204
rovník,6205
ohrožení,6206
zatočit,6207
strachy,6208
lucifer,6209
smajlík,6210
vibrační,6211
sekera,6212
kadlec,6213
osvětlený,6214
fošna,6215
klikatý,6216
činžák,6217
polanský,6218
barvivo,6219
koleno,6220
trosečník,6221
delikátní,6222
pant,6223
snížený,6224
parčík,6225
kletba,6226
lebeda,6227
bodný,6228
charakteristicky,6229
odumřelý,6230
velehory,6231
tuhnout,6232
český,6233
kostrbatý,6234
tabletka,6235
obkročmo,6236
moudro,6237
vesmírný,6238
postřeh,6239
bdělý,6240
kopačka,6241
tuš,6242
útroby,6243
cholerik,6244
distální,6245
zabijácký,6246
vetřít,6247
borealis,6248
akorát,6249
hrádek,6250
polka,6251
mířit,6252
vazivový,6253
oplývat,6254
fasáda,6255
protein,6256
sika,6257
střílející,6258
lačný,6259
krámy,6260
osivo,6261
zázvor,6262
močopudně,6263
parchant,6264
odchytat,6265
shánět,6266
hodnotný,6267
cédéčko,6268
hospodářský,6269
plastika,6270
bubnování,6271
svítivost,6272
šlapák,6273
hej,6274
macbook,6275
skluzavka,6276
vodoznak,6277
konopiště,6278
umíráček,6279
sněť,6280
bukvice,6281
tekutý,6282
stříška,6283
peřinka,6284
udělat,6285
plnokrevník,6286
shlédnutí,6287
migréna,6288
srostlý,6289
viktorie,6290
lízal,6291
pohyb,6292
kojící,6293
zídka,6294
hajzl,6295
skříň,6296
odolatelný,6297
vzrušený,6298
snídaně,6299
klid,6300
vektor,6301
kovboj,6302
citový,6303
frak,6304
zahřívání,6305
odbahnění,6306
spálený,6307
poetický,6308
obložený,6309
nádorový,6310
zatoužit,6311
sen,6312
herec,6313
trnka,6314
chvět,6315
věřit,6316
podobenství,6317
dívat,6318
předjaří,6319
kravín,6320
deníček,6321
líto,6322
pomeranč,6323
pony,6324
leccos,6325
chtít,6326
přeskakovat,6327
dámský,6328
zavazadlový,6329
vytažený,6330
odeznít,6331
ohrožování,6332
umístit,6333
ulcerózní,6334
andělský,6335
šál,6336
jáma,6337
místnost,6338
inkontinence,6339
milenka,6340
pokročilý,6341
vyprat,6342
ohniskový,6343
inka,6344
tampon,6345
stopař,6346
štítit,6347
švanda,6348
kobereček,6349
hvizd,6350
podívaná,6351
temně,6352
ornice,6353
nit,6354
bezmocný,6355
vynořovat,6356
šlehat,6357
spokojení,6358
usínat,6359
lepenka,6360
udušení,6361
čistit,6362
opravdový,6363
toaletní,6364
vlčice,6365
utéci,6366
vyrůstat,6367
vtírat,6368
procházkový,6369
společenstvo,6370
kališní,6371
snítka,6372
kašpárkový,6373
šumák,6374
původce,6375
banánový,6376
požití,6377
slovíčko,6378
zahubit,6379
rozkvétat,6380
klenba,6381
hřebenovka,6382
ryška,6383
bolševník,6384
fantom,6385
stíhač,6386
maličkost,6387
rozpustný,6388
rezonanční,6389
fotbálek,6390
vztekle,6391
špalíček,6392
probodnout,6393
rarita,6394
porodní,6395
vystopovat,6396
knoflíček,6397
studna,6398
ochladit,6399
lehký,6400
tuberkulóza,6401
řvoucí,6402
podvodník,6403
prostranství,6404
tahání,6405
zavřít,6406
zátoka,6407
jehňátko,6408
malárie,6409
pozdní,6410
hlaváč,6411
zaschnutí,6412
imitátor,6413
agresor,6414
stáří,6415
lichořeřišnice,6416
napadající,6417
fontána,6418
přílivový,6419
stádium,6420
šlachta,6421
parťák,6422
obývací,6423
opěradlo,6424
předklon,6425
kolemjdoucí,6426
komik,6427
hvězdokupa,6428
tričko,6429
těžkopádně,6430
obutí,6431
krabice,6432
závěsný,6433
háj,6434
strávený,6435
rozmnožit,6436
pokryv,6437
ubožák,6438
cholera,6439
nebesky,6440
suvenýr,6441
šťastlivec,6442
notebook,6443
nebo,6444
třímetrový,6445
přítěž,6446
totiž,6447
včelaření,6448
prosvětlený,6449
zabijačka,6450
překrvení,6451
čaloun,6452
proto,6453
stěhovat,6454
diblík,6455
kůra,6456
dýňový,6457
pronásledovat,6458
tloušťka,6459
podkrovní,6460
píchání,6461
puklina,6462
zahynout,6463
celer,6464
peklo,6465
předsvatební,6466
láskyplný,6467
hořící,6468
šprýmař,6469
omeleta,6470
prasknutí,6471
kuriozita,6472
eben,6473
krápník,6474
klonování,6475
housličky,6476
kloudný,6477
přežívající,6478
bočnice,6479
přemoci,6480
hedvábí,6481
ironický,6482
dárek,6483
ryska,6484
dým,6485
toužit,6486
šmrnc,6487
čpavek,6488
atlantik,6489
obliba,6490
tajemný,6491
valach,6492
sněhově,6493
překvapivě,6494
talířek,6495
talentovaný,6496
plodnost,6497
hypofýza,6498
materiál,6499
tvrdohlavost,6500
jasmín,6501
říman,6502
axis,6503
humus,6504
epidemie,6505
umyvadlo,6506
čus,6507
zrakový,6508
zbytečně,6509
tryptofan,6510
korelovat,6511
zaplavat,6512
průřez,6513
krvavý,6514
sekání,6515
koloběžka,6516
diagnóza,6517
brambůrek,6518
levandule,6519
střela,6520
výjimka,6521
stříbrný,6522
rebarbora,6523
napajedlo,6524
tancovat,6525
různý,6526
kašpar,6527
rozumět,6528
děťátko,6529
vědomý,6530
končina,6531
pohárek,6532
aorta,6533
prorok,6534
nekróza,6535
zespod,6536
sodoma,6537
hnaný,6538
pozpátku,6539
uniforma,6540
průhlednost,6541
jen,6542
přepážka,6543
vyřezávaný,6544
osteoporóza,6545
vodnatý,6546
vlnobití,6547
uzení,6548
vyniknout,6549
trpělivý,6550
jazýček,6551
zaskakovat,6552
česko,6553
husarský,6554
rašení,6555
vtom,6556
idylický,6557
kdokoli,6558
cereálie,6559
představivost,6560
pobavit,6561
ingredience,6562
shnilý,6563
proboha,6564
slaměný,6565
vynalézavý,6566
lupus,6567
divit,6568
čítat,6569
trhlina,6570
bloudící,6571
přilétnout,6572
půlměsíc,6573
koblih,6574
ukázat,6575
prokrastinace,6576
porodit,6577
puškohled,6578
panička,6579
punčocha,6580
peněženka,6581
zbláznit,6582
žídek,6583
ostatní,6584
galaxie,6585
krvácení,6586
příště,6587
ňadro,6588
hejl,6589
rašelinný,6590
smršť,6591
uhlík,6592
hobití,6593
činit,6594
potěšení,6595
piercing,6596
květinový,6597
fekální,6598
stěžeň,6599
ostřící,6600
těžiště,6601
major,6602
rychlík,6603
džbánek,6604
pamatovat,6605
klep,6606
kroutící,6607
sklízet,6608
roztahování,6609
biolog,6610
droždí,6611
kotlík,6612
pustý,6613
riskantní,6614
šumění,6615
oblíbit,6616
světlice,6617
komplikovaný,6618
náročný,6619
přenosný,6620
myčka,6621
zvedat,6622
gril,6623
bezbarvý,6624
rakev,6625
citoslovce,6626
scéna,6627
stíhaný,6628
upovídaný,6629
zaznamenat,6630
fantazie,6631
vychutnávat,6632
kontrastovat,6633
princův,6634
vyčarovat,6635
škrob,6636
oblouk,6637
číhal,6638
doporučovat,6639
dar,6640
rozkrok,6641
májka,6642
bomba,6643
spála,6644
popelář,6645
imitace,6646
objetí,6647
předstírat,6648
reprezentativní,6649
skalník,6650
peroutka,6651
vnitřnost,6652
podstavec,6653
lano,6654
stvořený,6655
trefit,6656
nasávání,6657
perorální,6658
král,6659
zírat,6660
truhlík,6661
střílení,6662
žití,6663
ententýky,6664
svačinka,6665
trávníček,6666
láska,6667
tvrdohlavě,6668
méďa,6669
budova,6670
vymýšlet,6671
umístěný,6672
bezlepkový,6673
stvořitel,6674
aleluja,6675
světec,6676
preclík,6677
hřeb,6678
dvoupatrový,6679
písknout,6680
vlákno,6681
pleš,6682
kamkoli,6683
jídelna,6684
tetička,6685
svítidlo,6686
vymyslit,6687
autismus,6688
sprostý,6689
sklopit,6690
pylori,6691
cestovatel,6692
orálně,6693
náruč,6694
laboratorně,6695
vystřelený,6696
vrážet,6697
smažení,6698
ruleta,6699
tondo,6700
dít,6701
představa,6702
nepříliš,6703
blízkost,6704
americký,6705
vracet,6706
radovat,6707
úchyt,6708
ohřívat,6709
ustájení,6710
křivý,6711
purpurový,6712
sládek,6713
hospodářsky,6714
cíp,6715
rybářství,6716
železný,6717
ledvinka,6718
letmý,6719
usedat,6720
potomek,6721
latrína,6722
otevřený,6723
stylizovaný,6724
parketa,6725
honem,6726
souček,6727
turban,6728
sinensis,6729
fanynka,6730
zlobit,6731
rulandský,6732
přemet,6733
škála,6734
oštěp,6735
pořád,6736
šipka,6737
omámení,6738
vybouchnout,6739
spíše,6740
rojení,6741
uzda,6742
kebab,6743
mantisa,6744
vysedávat,6745
bohyně,6746
matrace,6747
muž,6748
fjord,6749
rozpaky,6750
půllitr,6751
rozsívat,6752
koblížek,6753
velice,6754
pokolení,6755
dokonale,6756
pokrytectví,6757
bolestivost,6758
úd,6759
pochutnávat,6760
plození,6761
blažit,6762
pootevřený,6763
lehátko,6764
ráže,6765
větraný,6766
línek,6767
kuba,6768
horor,6769
luh,6770
posuzovat,6771
bouchání,6772
přivázat,6773
předsíň,6774
stinný,6775
dietní,6776
obnažený,6777
diamant,6778
kalifornský,6779
popovídat,6780
jaterní,6781
hledat,6782
neruda,6783
podotýkat,6784
poživatelný,6785
tyč,6786
pestrost,6787
náprstek,6788
vegetariánka,6789
kmitání,6790
skočit,6791
vdechování,6792
nervozní,6793
zahnout,6794
život,6795
snad,6796
kosmos,6797
řítit,6798
rebelka,6799
zadem,6800
vzhled,6801
floutek,6802
dodo,6803
jakýkoli,6804
fousy,6805
ohnisko,6806
motto,6807
klika,6808
rybolov,6809
rychlý,6810
rozeznání,6811
holenní,6812
kleč,6813
nádhera,6814
hynoucí,6815
druhotný,6816
nosítka,6817
yetti,6818
biopsie,6819
tarantule,6820
hnusně,6821
plátěný,6822
otočený,6823
realistický,6824
arašídový,6825
laický,6826
odchylka,6827
intuitivní,6828
osamoceně,6829
jediný,6830
kolíček,6831
kvintet,6832
řidítko,6833
obilný,6834
vypouštěný,6835
koliště,6836
teď,6837
gotický,6838
barvit,6839
mus,6840
buněčný,6841
pádlo,6842
koleda,6843
prostě,6844
termoregulační,6845
složitý,6846
uhrančivý,6847
prášil,6848
pěšec,6849
celodřevěný,6850
ďábelský,6851
chování,6852
aureus,6853
mizející,6854
zvuk,6855
ejakulace,6856
chlorofyl,6857
jasně,6858
mateří,6859
ráčit,6860
pumpovat,6861
čítající,6862
jírovec,6863
přelézt,6864
krčma,6865
nespavost,6866
přicházet,6867
areál,6868
mrazík,6869
nezvykle,6870
pevný,6871
průčelí,6872
nalít,6873
réva,6874
ukrást,6875
štoček,6876
amor,6877
vyptávat,6878
pustina,6879
houpat,6880
kulovnice,6881
buřič,6882
mužný,6883
věk,6884
hlavně,6885
zemanův,6886
vdechovat,6887
efektní,6888
padlí,6889
tabák,6890
obžerství,6891
silueta,6892
prsten,6893
padlý,6894
pálka,6895
rámovat,6896
prkno,6897
nosit,6898
přivézt,6899
hořký,6900
soudobý,6901
fara,6902
hnojník,6903
sestřelený,6904
žolík,6905
vymizení,6906
mlží,6907
bradavice,6908
tlačit,6909
sladidlo,6910
párátko,6911
obecně,6912
převlek,6913
ledovec,6914
ucpaný,6915
plocha,6916
sedlový,6917
fénix,6918
majestátně,6919
špatný,6920
hromada,6921
jedlík,6922
podoba,6923
panenský,6924
obtěžovat,6925
šrapnel,6926
ochoz,6927
herecký,6928
horkokrevný,6929
vyprávět,6930
nasucho,6931
mechanický,6932
hučení,6933
klíčivost,6934
kokos,6935
masivní,6936
kudlička,6937
sklo,6938
uležet,6939
oděv,6940
záplava,6941
psanec,6942
absurdní,6943
klepání,6944
tahat,6945
bungalov,6946
pozor,6947
ornament,6948
vřít,6949
mlhovka,6950
posrat,6951
skolit,6952
stejnoměrně,6953
kát,6954
hladovět,6955
nahořklý,6956
zámek,6957
pěkný,6958
sedláček,6959
orlický,6960
košt,6961
sklepení,6962
žárlivý,6963
kleště,6964
napouštět,6965
vor,6966
březový,6967
dekorativní,6968
vápno,6969
kývání,6970
strašlivý,6971
titán,6972
jednoduchý,6973
středomoří,6974
ostražitost,6975
chvilka,6976
čalouněný,6977
vývrtka,6978
ukazovák,6979
vrtulník,6980
historka,6981
balzám,6982
vojsko,6983
dotýkat,6984
ječmen,6985
drn,6986
jantarový,6987
usušení,6988
řezáč,6989
pasák,6990
výtvarník,6991
řemínek,6992
přihnat,6993
skřípat,6994
ztepilý,6995
až,6996
amoniak,6997
rodový,6998
akvaristika,6999
kojenecký,7000
maskovací,7001
pochytat,7002
hláška,7003
kyj,7004
chránění,7005
škuner,7006
natahování,7007
lodivod,7008
holička,7009
lítostný,7010
volek,7011
klimatizovaný,7012
pohledět,7013
pojmout,7014
modrobílý,7015
letecký,7016
křiklavě,7017
vyvolávat,7018
vegetariánský,7019
rýže,7020
ubývající,7021
mrzák,7022
žádaný,7023
co,7024
fanoušek,7025
manévrování,7026
agrese,7027
toreador,7028
roztroušeně,7029
upečený,7030
strouhanka,7031
ulitý,7032
měřící,7033
kování,7034
odbýt,7035
anaerobní,7036
docela,7037
honitba,7038
podvodní,7039
pramínek,7040
uhodit,7041
zpěvák,7042
směšně,7043
divoška,7044
ponocný,7045
ohromně,7046
léčka,7047
kamínka,7048
prorostlý,7049
hydra,7050
komický,7051
zahalit,7052
čarodějnice,7053
superman,7054
půdní,7055
pláč,7056
anafylaktický,7057
tanečník,7058
věžní,7059
stravovací,7060
lysina,7061
přebývající,7062
píka,7063
usmrtit,7064
pohlavár,7065
slepenec,7066
hororový,7067
šířit,7068
včerejšek,7069
stálice,7070
betlém,7071
snadno,7072
zmutovaný,7073
kladívko,7074
vypouštění,7075
nalákat,7076
barvitý,7077
svitek,7078
propletený,7079
glukóza,7080
přírůstek,7081
známý,7082
bodat,7083
přivázaný,7084
výtažek,7085
dolanský,7086
masážní,7087
vůbec,7088
kytice,7089
nejapný,7090
bojácně,7091
odhodit,7092
kultivar,7093
chmura,7094
chladnokrevně,7095
zamoření,7096
hodina,7097
opilý,7098
posadit,7099
ohrozit,7100
sněžení,7101
nazpátek,7102
zápletka,7103
nabubřelý,7104
vejdělek,7105
nadělat,7106
pokojská,7107
hravost,7108
seshora,7109
šerý,7110
adéla,7111
vyhraněný,7112
řeřicha,7113
ropák,7114
froté,7115
mletí,7116
lněný,7117
šašlik,7118
drolit,7119
próza,7120
šít,7121
ilustrační,7122
osádka,7123
kupole,7124
aljašský,7125
kóma,7126
okruží,7127
chovatelka,7128
kužel,7129
bokem,7130
trpět,7131
zatahovat,7132
avšak,7133
proměňovat,7134
zavítat,7135
přeplavat,7136
okap,7137
nehlava,7138
mánička,7139
nahota,7140
únosce,7141
karneval,7142
vážný,7143
větrací,7144
věštit,7145
zákazník,7146
pálenka,7147
smetana,7148
šmoulí,7149
nadávat,7150
liják,7151
střelit,7152
domorodý,7153
ledový,7154
ohánět,7155
sejít,7156
pálit,7157
gen,7158
emil,7159
pozoruhodně,7160
zvracet,7161
otisk,7162
introvertní,7163
poezie,7164
syndrom,7165
cigareta,7166
chřipkový,7167
bijící,7168
kora,7169
smetiště,7170
děvkař,7171
vzadu,7172
spirála,7173
porcování,7174
kšiltovka,7175
vomáčka,7176
čalounění,7177
titulek,7178
glóbus,7179
kupec,7180
hříčka,7181
bubu,7182
čertí,7183
hloupost,7184
elf,7185
div,7186
druhohory,7187
podzimní,7188
modrák,7189
autorův,7190
čistý,7191
jinam,7192
prosťáček,7193
poklop,7194
papírek,7195
šepot,7196
hlučně,7197
žíhání,7198
alela,7199
okouzlující,7200
rozmyslet,7201
mutace,7202
vězeň,7203
hlíznatý,7204
rituál,7205
roztrhaný,7206
specializovaný,7207
infantilní,7208
těšit,7209
bdít,7210
průkaz,7211
pravidelně,7212
zabodnout,7213
zavěšení,7214
intimita,7215
autoimunitní,7216
vyprahlý,7217
oslňující,7218
doopravdy,7219
mim,7220
sexuální,7221
projímadlo,7222
vytahování,7223
družina,7224
objekt,7225
tříšť,7226
pouto,7227
pobřežní,7228
gumový,7229
tatík,7230
dovnitř,7231
podloží,7232
metr,7233
nastražit,7234
vřelý,7235
oltář,7236
dvanáctník,7237
tlustě,7238
vzduchovka,7239
zlomený,7240
podlaha,7241
lákání,7242
výprask,7243
matěj,7244
zraněný,7245
kanady,7246
šmejd,7247
kousek,7248
kaňon,7249
takhle,7250
záběr,7251
muset,7252
sádra,7253
pohrdat,7254
potichu,7255
otrávený,7256
kompot,7257
polostín,7258
zjistit,7259
pomocník,7260
představovat,7261
klestí,7262
poskok,7263
zeleně,7264
nadýmání,7265
mramor,7266
skřetí,7267
ševčík,7268
uschlý,7269
snění,7270
báje,7271
rovně,7272
pelargonie,7273
zjištěný,7274
přívěs,7275
splývat,7276
potravina,7277
zapadnout,7278
odlehlý,7279
síra,7280
publikum,7281
umělec,7282
nebožtík,7283
indonéský,7284
nepatrně,7285
plážový,7286
přemýšlení,7287
magický,7288
škorpion,7289
prohlédnout,7290
foukání,7291
ležérně,7292
rádoby,7293
žvatlání,7294
sirka,7295
kal,7296
vařící,7297
douglaska,7298
rozbřesk,7299
nalézt,7300
chemicky,7301
dubový,7302
měnit,7303
výkonný,7304
kontejner,7305
puberta,7306
rytmus,7307
dopít,7308
senzor,7309
vnitrozemí,7310
rozmělnit,7311
energický,7312
opticky,7313
vytrhnout,7314
odlepit,7315
karibský,7316
prosklení,7317
přebývat,7318
libra,7319
zmrzlina,7320
pojivový,7321
podivín,7322
žhavý,7323
zásek,7324
vykřičník,7325
skromný,7326
citově,7327
motorka,7328
pedikúra,7329
hipík,7330
paleontolog,7331
gejzír,7332
piroh,7333
poněvadž,7334
sobecky,7335
sympatický,7336
lom,7337
vsedě,7338
náměstíčko,7339
voják,7340
hřídel,7341
jeřabina,7342
vichřice,7343
rákoska,7344
napodobování,7345
nika,7346
řípa,7347
bioodpad,7348
vápenec,7349
hromádka,7350
drábek,7351
rozinka,7352
provaz,7353
popelnice,7354
vejpůl,7355
kytara,7356
červeně,7357
pletky,7358
humanoid,7359
upoutat,7360
úchytka,7361
vodka,7362
chuťově,7363
bojový,7364
píšťala,7365
blažený,7366
dopřát,7367
přetlak,7368
všetečka,7369
černá,7370
pastelka,7371
sbohem,7372
pojatý,7373
žranice,7374
přečíst,7375
oteplovat,7376
bouchnout,7377
přežít,7378
poradit,7379
houbařský,7380
zasít,7381
nablízku,7382
napůl,7383
uspěchaný,7384
velicí,7385
přilnout,7386
kapesní,7387
kopr,7388
prostora,7389
vlající,7390
teplota,7391
úhel,7392
zasklení,7393
prašný,7394
trápit,7395
chuligán,7396
povětšinou,7397
zapečený,7398
špachtle,7399
hromotluk,7400
proudový,7401
blaťák,7402
emoce,7403
usuzovat,7404
kašička,7405
šištice,7406
otava,7407
obětní,7408
batát,7409
naštvat,7410
dychtit,7411
septik,7412
uvázaný,7413
lak,7414
atrium,7415
vlétnout,7416
sopečný,7417
zapadat,7418
lejno,7419
námraza,7420
sokolnictví,7421
vyvedený,7422
žert,7423
potáhnout,7424
rána,7425
vyznačovat,7426
vampola,7427
brát,7428
jarní,7429
hormonální,7430
cévní,7431
handicap,7432
tak,7433
evropsky,7434
hliněný,7435
soudit,7436
ohlušující,7437
představitel,7438
blbost,7439
tůň,7440
tmel,7441
oceňovat,7442
políbení,7443
stýkat,7444
plexisklo,7445
hrad,7446
ledacos,7447
obtloustlý,7448
sobectví,7449
zlacený,7450
molekulární,7451
zakrýt,7452
rozlišit,7453
vizáž,7454
mrazivý,7455
sako,7456
vtipkovat,7457
detekovat,7458
atypický,7459
vylekat,7460
tlačítko,7461
produkovat,7462
strašně,7463
mord,7464
námět,7465
domnívat,7466
takže,7467
bytostně,7468
vozit,7469
flaška,7470
sekrece,7471
dvořiště,7472
dobrodružství,7473
lajna,7474
liposukce,7475
tok,7476
fízl,7477
zředěný,7478
tvářící,7479
lapka,7480
zuřivě,7481
impozantní,7482
děvečka,7483
rybniční,7484
přiblížit,7485
obratnost,7486
plyn,7487
trojúhelník,7488
cuketa,7489
divadélko,7490
mimozemský,7491
temnota,7492
génius,7493
vždycky,7494
výtok,7495
křečovitě,7496
vtípek,7497
nanočástice,7498
rušit,7499
permafrost,7500
dudy,7501
delikatesa,7502
trojobal,7503
popostrčit,7504
výložky,7505
osrdečník,7506
koberec,7507
jihovýchodní,7508
citrus,7509
růžička,7510
ulička,7511
mastnota,7512
eukalyptus,7513
purpurea,7514
pýr,7515
trojnožka,7516
kudrna,7517
jizerský,7518
krajnice,7519
obývaný,7520
celokovový,7521
paření,7522
kvítí,7523
výstaviště,7524
hlučnost,7525
táborák,7526
prachař,7527
ochutnat,7528
pupečník,7529
pramice,7530
svíce,7531
bačkora,7532
lednička,7533
elfí,7534
volský,7535
štvanice,7536
masturbovat,7537
vykrvácet,7538
vděčný,7539
zaklepat,7540
loučka,7541
ká,7542
potvrzený,7543
sprcha,7544
zamilovat,7545
rozednění,7546
zlo,7547
rýsovat,7548
posměšek,7549
týrat,7550
vypuštění,7551
výstřih,7552
botka,7553
kefír,7554
zbytečný,7555
gólman,7556
cigáro,7557
adaptovaný,7558
protizávaží,7559
popsat,7560
mariňák,7561
rošťák,7562
sráč,7563
bilirubin,7564
ostění,7565
popřát,7566
věžička,7567
jura,7568
tahák,7569
brzy,7570
nebel,7571
podloubí,7572
mračit,7573
kulhání,7574
žárlivost,7575
políček,7576
lískový,7577
artróza,7578
příboj,7579
unikát,7580
filtrovat,7581
karosérie,7582
kurkuma,7583
upozornit,7584
podšívka,7585
borek,7586
dávivý,7587
komunikovat,7588
laso,7589
kšeft,7590
hospodinův,7591
usoudit,7592
vodotěsný,7593
probudit,7594
jezero,7595
prožívat,7596
jakýpak,7597
intenzívní,7598
poutník,7599
antimikrobiální,7600
zakrývat,7601
bezděčně,7602
přešlap,7603
vtipný,7604
nalákání,7605
upřímně,7606
topinka,7607
přehánět,7608
rušný,7609
napodobující,7610
plátno,7611
řádit,7612
paraple,7613
turnus,7614
den,7615
čerstvě,7616
barča,7617
leknout,7618
nápadnost,7619
ukrýt,7620
výrobek,7621
házet,7622
dálkový,7623
vyvážit,7624
ústrk,7625
sfinga,7626
rekvizita,7627
teploměr,7628
pobavení,7629
hluk,7630
perforace,7631
experimentální,7632
vrtačka,7633
hliník,7634
dochucení,7635
zvýšený,7636
zamořený,7637
iluze,7638
štědrý,7639
postihnout,7640
pánev,7641
renezanční,7642
dobromysl,7643
jogurt,7644
ztopoření,7645
zlatožlutý,7646
zeman,7647
vesničan,7648
zavléci,7649
rohatec,7650
morbidní,7651
ekolog,7652
stárek,7653
izolovat,7654
dření,7655
smutno,7656
šarvátka,7657
repertoár,7658
pár,7659
hrom,7660
slovenský,7661
spad,7662
kamélie,7663
prachy,7664
šejdrem,7665
pohozený,7666
vývojový,7667
pastýř,7668
rudě,7669
zarůstat,7670
nápad,7671
nástěnný,7672
slet,7673
především,7674
veselíčko,7675
červeň,7676
vyrovnaný,7677
přecitlivělý,7678
vpřed,7679
jiřina,7680
suchar,7681
levák,7682
dávka,7683
aklimatizace,7684
náraz,7685
někdy,7686
reflektor,7687
sedák,7688
pohodlný,7689
štvaní,7690
detektivní,7691
rašit,7692
vidle,7693
kadeřník,7694
stroj,7695
obilovina,7696
babinec,7697
vyměšování,7698
povaha,7699
lakovaný,7700
letadlový,7701
šenkýř,7702
sacharid,7703
dokonce,7704
hostitelka,7705
jablíčko,7706
vyhledávač,7707
odrůda,7708
hrozivě,7709
obíhat,7710
rozsáhlý,7711
dojnice,7712
černoška,7713
hotýlek,7714
namalovaný,7715
nádobka,7716
pacovský,7717
nasáklý,7718
mýt,7719
vytetovaný,7720
opulentní,7721
hrušeň,7722
meningitida,7723
polévkový,7724
kec,7725
mara,7726
záložník,7727
žal,7728
močovina,7729
kometa,7730
dres,7731
podnikavý,7732
sám,7733
vzad,7734
handicapovaný,7735
najít,7736
mlhavě,7737
ozdobně,7738
posazený,7739
jeho,7740
roztrhnout,7741
mícha,7742
půda,7743
zbraň,7744
sed,7745
středozemí,7746
zabíjející,7747
potucha,7748
albus,7749
hádat,7750
dřevorubec,7751
autoportrét,7752
kreslit,7753
tinktura,7754
vzorný,7755
jumper,7756
běda,7757
dusík,7758
krajinný,7759
chuťový,7760
přátelsky,7761
výrostek,7762
objektiv,7763
vyztužený,7764
řádek,7765
plytký,7766
široce,7767
projektor,7768
čokoláda,7769
nutkání,7770
přírodovědec,7771
stmívat,7772
maximálně,7773
operní,7774
pravák,7775
zahřátí,7776
detektor,7777
vířivka,7778
rozevírat,7779
vlastně,7780
žhnoucí,7781
pekelný,7782
zaujatý,7783
povídat,7784
ubíhat,7785
komediální,7786
rafat,7787
orientální,7788
buk,7789
jev,7790
ranvej,7791
křičící,7792
valný,7793
úžasný,7794
cukr,7795
bula,7796
zaklít,7797
zárodek,7798
chválit,7799
laktace,7800
pošta,7801
vana,7802
zachovalý,7803
pletený,7804
hmoždíř,7805
jinan,7806
tyfus,7807
zlatokop,7808
baldachýn,7809
endokrinní,7810
ruda,7811
jezerní,7812
přísloví,7813
obálka,7814
kumpán,7815
detektivka,7816
různě,7817
cizinec,7818
brnění,7819
nuda,7820
biologicky,7821
myslit,7822
hořlavý,7823
vrtět,7824
ohňový,7825
intoxikace,7826
pověrčivý,7827
macecha,7828
zaujmout,7829
rokle,7830
mlátit,7831
chlév,7832
primabalerína,7833
uhličitan,7834
natrhat,7835
zkroucení,7836
svítat,7837
nutit,7838
kremrole,7839
monarcha,7840
bufet,7841
zastrašující,7842
bombardovací,7843
sebevíc,7844
legrační,7845
odstrašující,7846
varovat,7847
vychytralý,7848
lampa,7849
citrusový,7850
dopadající,7851
oblačný,7852
zářič,7853
pokrývka,7854
štěpka,7855
atropin,7856
starostlivost,7857
parkovat,7858
trní,7859
stříkačka,7860
splachovací,7861
karafiát,7862
odplavit,7863
půlka,7864
točit,7865
jihoafrický,7866
výčitka,7867
ploténka,7868
packa,7869
biom,7870
beskyd,7871
pěstovat,7872
zralost,7873
plesnivý,7874
stoper,7875
milostný,7876
ocelově,7877
otrok,7878
smysl,7879
pobřišnice,7880
prasknout,7881
poledne,7882
shromaždiště,7883
překrásně,7884
artefakt,7885
kombo,7886
takovýto,7887
dovezení,7888
lísteček,7889
ředění,7890
udobřit,7891
výměra,7892
dálný,7893
generační,7894
dolů,7895
hlídání,7896
ochlazení,7897
trestat,7898
výdej,7899
pohybově,7900
boa,7901
srní,7902
masér,7903
hodnotit,7904
mravní,7905
rovnou,7906
čára,7907
dilema,7908
napadnout,7909
kapsář,7910
zas,7911
břevno,7912
šplíchat,7913
ilustrátor,7914
náklaďák,7915
redukovaný,7916
komnata,7917
spasitel,7918
slad,7919
rododendron,7920
poloostrov,7921
obydlený,7922
hornatý,7923
drcený,7924
crazy,7925
utopit,7926
donošený,7927
krusta,7928
poklad,7929
prérijní,7930
dýha,7931
binec,7932
javorový,7933
ovladatelný,7934
mluvící,7935
kóje,7936
tvarůžek,7937
klas,7938
doteď,7939
fekálie,7940
rozměrný,7941
přizpůsobení,7942
bobrovský,7943
pong,7944
odiv,7945
lemovat,7946
kuchyň,7947
creek,7948
či,7949
dojatý,7950
užitečný,7951
plukovník,7952
střídat,7953
mráček,7954
stejnokroj,7955
zastihnout,7956
zasmušilý,7957
kontrast,7958
dítko,7959
pružina,7960
nanuk,7961
orat,7962
volání,7963
fixovaný,7964
starý,7965
konopný,7966
příjemně,7967
přiživit,7968
chtíč,7969
letecky,7970
přemáhat,7971
pokládat,7972
sprchový,7973
hloubka,7974
kropáček,7975
vybíhat,7976
paragliding,7977
rozvířit,7978
kafe,7979
porovnání,7980
molekula,7981
hula,7982
připevněný,7983
zdravíčko,7984
rubín,7985
spodem,7986
sestřelit,7987
fotka,7988
superhrdina,7989
všelijaký,7990
chuť,7991
čelní,7992
canaria,7993
dočíst,7994
pojízdný,7995
férový,7996
kamera,7997
exteriérový,7998
symetrický,7999
roztrhat,8000
rituálně,8001
letargie,8002
pojítko,8003
zařádit,8004
vychovatel,8005
rekonvalescence,8006
radost,8007
maligní,8008
projektil,8009
okusit,8010
prostředí,8011
vždy,8012
temno,8013
pochopit,8014
surový,8015
kliknout,8016
ryzlink,8017
kule,8018
stropní,8019
věštba,8020
kulomet,8021
rozveselit,8022
venuše,8023
naučený,8024
řadit,8025
hudebník,8026
skopec,8027
chrlit,8028
nudný,8029
servítky,8030
bacil,8031
zakončený,8032
kup,8033
vyrušovat,8034
celoroční,8035
čtverec,8036
nastrouhaný,8037
vycházka,8038
přiučit,8039
tajit,8040
teďka,8041
záměrně,8042
tretra,8043
drahokam,8044
tuniský,8045
hlídka,8046
sazenice,8047
ráhno,8048
propiska,8049
roubenka,8050
přenášený,8051
usmívající,8052
zadu,8053
ryzí,8054
nový,8055
františek,8056
nůž,8057
dezinfikovat,8058
omotaný,8059
chladnokrevný,8060
odhadnout,8061
sloh,8062
mírumilovně,8063
protéza,8064
fibrilace,8065
tryskový,8066
klubový,8067
stočit,8068
zemitý,8069
háv,8070
mávající,8071
bloudit,8072
optimistický,8073
vodík,8074
zbít,8075
stavět,8076
dramatický,8077
bouřkový,8078
remorkér,8079
schodiště,8080
vymrštit,8081
skokanský,8082
střílečka,8083
hnusit,8084
vokřát,8085
hokejka,8086
plující,8087
velet,8088
dostihnout,8089
průchozí,8090
zdvořile,8091
hnilička,8092
zahrát,8093
skoro,8094
pánský,8095
skrýš,8096
rádius,8097
příslušník,8098
ctnost,8099
vykašlat,8100
džbán,8101
plast,8102
veterinář,8103
prcek,8104
nepřeberný,8105
výt,8106
uzrát,8107
pravda,8108
hřebčín,8109
kolmý,8110
zčernalý,8111
větévka,8112
žena,8113
rozlišovací,8114
zábavný,8115
hledí,8116
odstavec,8117
postřehnout,8118
pstruží,8119
zpestřovat,8120
tající,8121
slať,8122
mazaný,8123
hnojivo,8124
utváření,8125
způsobit,8126
strup,8127
zbabělec,8128
štěstí,8129
dát,8130
cukrovka,8131
servus,8132
vidlice,8133
mlýnský,8134
ča,8135
nástěnka,8136
aktovka,8137
vychloubání,8138
okrádat,8139
svízel,8140
položený,8141
stavění,8142
přenášení,8143
otočný,8144
ozbrojený,8145
krejčí,8146
ochlazovat,8147
řečiště,8148
vloni,8149
nahoru,8150
oholení,8151
lotr,8152
střapec,8153
vepřo,8154
perlit,8155
verš,8156
vzdálenost,8157
kyslík,8158
dnešek,8159
poštovné,8160
talisman,8161
utratit,8162
draselný,8163
žebrování,8164
toxicita,8165
rosický,8166
jehlička,8167
veterinární,8168
stah,8169
přít,8170
bolest,8171
magnólie,8172
blýskat,8173
oběhový,8174
manévrovat,8175
kopretina,8176
dioptrie,8177
černík,8178
náladový,8179
obalit,8180
předvánoční,8181
banální,8182
pohrdavě,8183
přecitlivělost,8184
oliva,8185
kabel,8186
osamělost,8187
múza,8188
teplovzdušný,8189
opracování,8190
vetešník,8191
rozbitý,8192
oblékání,8193
letectví,8194
sanitka,8195
otupělost,8196
pohmoždění,8197
koupel,8198
přípravek,8199
přenocování,8200
pomyslet,8201
hořepník,8202
zato,8203
uzel,8204
sázet,8205
převtělování,8206
vědecký,8207
sváteční,8208
udice,8209
chránič,8210
jeskyně,8211
kyselina,8212
vyspělý,8213
přehnaný,8214
křečovitý,8215
kosočtverec,8216
cesmína,8217
chřadnout,8218
okapový,8219
prototyp,8220
zlákat,8221
servírovat,8222
krvetvorný,8223
oživlý,8224
kozinec,8225
optimismus,8226
travnatý,8227
deformace,8228
vodnice,8229
metafora,8230
semenný,8231
roztodivný,8232
přízračný,8233
nápoj,8234
mula,8235
hrdinský,8236
pláně,8237
překvapeně,8238
potrubí,8239
sjezdovka,8240
dvoupokojový,8241
zaoblení,8242
zátiší,8243
nosívat,8244
fazolový,8245
výtěžnost,8246
vzoreček,8247
přibližovat,8248
zedník,8249
měď,8250
parapetní,8251
způsobený,8252
provázet,8253
vystát,8254
bonsaj,8255
stažený,8256
skutečně,8257
padouch,8258
ohromující,8259
dostih,8260
salto,8261
egyptský,8262
schovávaná,8263
skafandr,8264
průzračně,8265
makrofág,8266
bylinkový,8267
mumraj,8268
křížený,8269
bouček,8270
mluvení,8271
inteligence,8272
buffa,8273
trasa,8274
bál,8275
střelba,8276
aerodynamický,8277
korba,8278
vířící,8279
sebemenší,8280
fatra,8281
oáza,8282
opadat,8283
nechuť,8284
navlečený,8285
posměch,8286
střežený,8287
výheň,8288
substrát,8289
hlasitost,8290
zeměkoule,8291
islandský,8292
zkusit,8293
lapač,8294
erectus,8295
dopadat,8296
extrémně,8297
pilina,8298
blatník,8299
vozka,8300
doufat,8301
štamgast,8302
násep,8303
šarlatán,8304
izolační,8305
korán,8306
palác,8307
tuzemský,8308
vysazovat,8309
nevídaný,8310
rozložený,8311
linoryt,8312
osolit,8313
závitek,8314
jenom,8315
vniknutí,8316
měděnec,8317
boule,8318
sodný,8319
prokazatelně,8320
běžně,8321
mykolog,8322
napnutí,8323
arzenál,8324
makový,8325
kraví,8326
kontura,8327
dozajista,8328
kvílení,8329
symetricky,8330
nošený,8331
zastrčit,8332
patrový,8333
úplný,8334
nadmořský,8335
dunění,8336
chutnost,8337
pravý,8338
vypěstovat,8339
bábi,8340
pexeso,8341
zaparkovaný,8342
deformovaný,8343
porozumět,8344
intimní,8345
potřít,8346
brdečka,8347
sacharóza,8348
ztvárnit,8349
osobitý,8350
supermarket,8351
nálada,8352
větrný,8353
podmořský,8354
plněný,8355
schod,8356
prosvětlení,8357
chromý,8358
skřípění,8359
orný,8360
napadený,8361
paradox,8362
kuchař,8363
vytočit,8364
uhličitý,8365
náletový,8366
chvátat,8367
pravděpodobnost,8368
náchylný,8369
jednotvárnost,8370
soubojový,8371
abrakadabra,8372
bradáč,8373
placička,8374
chybička,8375
obléknout,8376
chudáček,8377
zbýt,8378
konektor,8379
verunka,8380
hematom,8381
intenzita,8382
přidržet,8383
záludný,8384
vstupenka,8385
pavlač,8386
kávový,8387
dokola,8388
kamarádit,8389
ideálně,8390
sebejistý,8391
vyžívat,8392
balon,8393
přistávání,8394
odtokový,8395
zajisté,8396
kordula,8397
burza,8398
půst,8399
změněný,8400
zajímavost,8401
odpadní,8402
dochutit,8403
kovbojský,8404
přejet,8405
adaptivní,8406
pan,8407
zvlněný,8408
sousedka,8409
písmeno,8410
rovnoměrně,8411
pískovcový,8412
postroj,8413
sparťanský,8414
mohykán,8415
kanystr,8416
heřmánek,8417
reproduktor,8418
vícegenerační,8419
kofein,8420
troubení,8421
zavzpomínat,8422
dobrosrdečný,8423
beztíže,8424
ranit,8425
babyka,8426
mezek,8427
zhasnout,8428
chomout,8429
bezbolestně,8430
vodotrysk,8431
kupovat,8432
pištět,8433
přečnívající,8434
donedávna,8435
bobkový,8436
houbaření,8437
klasický,8438
vyčkávat,8439
uvěřit,8440
ačkoli,8441
mínit,8442
popel,8443
ideální,8444
nebojsa,8445
mikrob,8446
badyán,8447
komedie,8448
závodiště,8449
vyplouvat,8450
karafa,8451
bdění,8452
přeložit,8453
apnoe,8454
karamel,8455
stravování,8456
pásový,8457
ostří,8458
mutagenní,8459
zevnějšek,8460
naběračka,8461
svršek,8462
uzdravit,8463
sametově,8464
promokavý,8465
omak,8466
zbláznění,8467
plastický,8468
neškodně,8469
sádrokartón,8470
usínání,8471
ozdobení,8472
těkavý,8473
trojúhelníkový,8474
stužka,8475
usmrcení,8476
rozeznávat,8477
pořekadlo,8478
zkoušet,8479
škárka,8480
mřížka,8481
žaludeční,8482
vymlouvat,8483
muzikál,8484
korec,8485
reprodukční,8486
hať,8487
toaleta,8488
croissant,8489
apis,8490
prut,8491
kontrastující,8492
líbánky,8493
háčkování,8494
chození,8495
přežití,8496
malus,8497
odnášet,8498
osázený,8499
vlkový,8500
groteskní,8501
babička,8502
mechanicky,8503
malina,8504
náznak,8505
upnutý,8506
zezadu,8507
kořeněný,8508
omyl,8509
vyhovovat,8510
stříkací,8511
mikroklima,8512
melancholický,8513
zrodit,8514
umělohmotný,8515
otočit,8516
hájenka,8517
zapíchnout,8518
taneček,8519
velorex,8520
družička,8521
hygiena,8522
oteplení,8523
valtický,8524
vytvářet,8525
oddaný,8526
ohromit,8527
bodák,8528
míč,8529
trilobit,8530
zprvu,8531
přehnat,8532
předzahrádka,8533
zželet,8534
tesař,8535
odlišný,8536
duha,8537
malířský,8538
vykřiknout,8539
rej,8540
oblečení,8541
horečnatý,8542
hodinka,8543
pomaličku,8544
realisticky,8545
falafel,8546
jánský,8547
reprezentant,8548
zlozvyk,8549
připomínka,8550
bubeník,8551
penny,8552
zabíjení,8553
vzdalovat,8554
přenos,8555
pesticid,8556
hájek,8557
konzumní,8558
vodné,8559
kurátor,8560
balada,8561
rozrazil,8562
cela,8563
titanový,8564
problematický,8565
jedlový,8566
posypat,8567
rukojeť,8568
lipový,8569
křemen,8570
záhlaví,8571
vyloučit,8572
nabíječka,8573
upečení,8574
značit,8575
divadýlko,8576
fén,8577
drahoušek,8578
let,8579
ošklivka,8580
reprodukce,8581
bezedný,8582
mys,8583
čepelka,8584
těsný,8585
romský,8586
masiv,8587
vegetační,8588
nemluvně,8589
koruna,8590
mor,8591
stresový,8592
vpředu,8593
bota,8594
setmět,8595
lůžko,8596
vysoký,8597
uškodit,8598
trestanec,8599
vestibul,8600
prodejna,8601
týrání,8602
broskvoň,8603
mrva,8604
záliv,8605
předloni,8606
aminokyselina,8607
podrážděný,8608
skupenství,8609
svisle,8610
gravidní,8611
příchuť,8612
čitelný,8613
slitina,8614
plíšek,8615
fajfka,8616
moudrost,8617
zejména,8618
čistící,8619
uzenina,8620
účinný,8621
náledí,8622
slivovice,8623
animace,8624
popisovaný,8625
napřed,8626
stísněný,8627
vcházet,8628
vltavín,8629
volant,8630
šťourat,8631
mířící,8632
kašna,8633
filtrovaný,8634
lucerna,8635
nitrooční,8636
prohnat,8637
taktický,8638
djembe,8639
houser,8640
zkumavka,8641
úsvit,8642
ples,8643
tepláky,8644
zrnitost,8645
sídlit,8646
lávka,8647
odhadovat,8648
odeznívat,8649
mapka,8650
kurva,8651
ostrovan,8652
vegetativní,8653
rafnout,8654
realita,8655
ďáblův,8656
navenek,8657
pronikat,8658
tapeta,8659
vúdú,8660
kakat,8661
tichomořský,8662
vyděšený,8663
kněžna,8664
držený,8665
kasta,8666
koukej,8667
báň,8668
bezmoc,8669
svažující,8670
loď,8671
zaslechnout,8672
zátěž,8673
chinensis,8674
oplocený,8675
vyladit,8676
kajuta,8677
konvice,8678
povahový,8679
hlasovat,8680
mýtina,8681
kouř,8682
polívka,8683
cvik,8684
bojovník,8685
nadčlověk,8686
duma,8687
utahovat,8688
přesazování,8689
určitý,8690
vyhrožování,8691
životaschopný,8692
klesnout,8693
zmrzlý,8694
hlídat,8695
úchvatný,8696
spoušť,8697
zobrazovat,8698
dochovaný,8699
lavice,8700
červenkový,8701
trpělivě,8702
vidlicový,8703
pacientka,8704
představující,8705
močit,8706
evropský,8707
načase,8708
ponurý,8709
křehkost,8710
pohlcovat,8711
kupodivu,8712
ověřený,8713
hořčice,8714
přemýšlet,8715
skok,8716
extravagantní,8717
oběžný,8718
účelný,8719
paparazzi,8720
křen,8721
komodor,8722
předváděcí,8723
prázdný,8724
namluvit,8725
kořínkový,8726
skrývat,8727
tryskat,8728
povrch,8729
požít,8730
nadměrný,8731
obzvláště,8732
soukolí,8733
sečtělý,8734
aurora,8735
drobeček,8736
větrák,8737
asi,8738
bušit,8739
blikající,8740
vláčet,8741
líbivý,8742
zužující,8743
trošku,8744
bába,8745
pokorný,8746
vyhánět,8747
posmívat,8748
pólo,8749
všední,8750
napíchnout,8751
přejídání,8752
arma,8753
výběžek,8754
havíř,8755
uspat,8756
koupelna,8757
puštěný,8758
upozornění,8759
obtížně,8760
kapitán,8761
hledání,8762
březina,8763
sejmout,8764
přepravní,8765
souboj,8766
izolovaný,8767
vyšetřit,8768
zataženo,8769
úpon,8770
safír,8771
tříkolka,8772
pálení,8773
vnouče,8774
propíchnout,8775
urážka,8776
hráč,8777
unavit,8778
pak,8779
jasnost,8780
pomerančový,8781
zřejmý,8782
brániční,8783
vyrašit,8784
představitelka,8785
mytologie,8786
odysea,8787
hledající,8788
guma,8789
nikl,8790
kosení,8791
propuknutí,8792
stravné,8793
smršťování,8794
barmanka,8795
pryskyřice,8796
vyleštit,8797
organický,8798
jednolitý,8799
skutečný,8800
střízlivý,8801
vytrvalost,8802
přespat,8803
zdvižený,8804
stoupnout,8805
seriózní,8806
tykat,8807
vyzdobený,8808
vinně,8809
padnout,8810
houpání,8811
odpuzující,8812
myslící,8813
melasa,8814
šílenec,8815
náves,8816
vytříbený,8817
věnec,8818
korek,8819
imponovat,8820
poporodní,8821
spanilý,8822
pozdrav,8823
elektrický,8824
kostelíček,8825
potlesk,8826
sklopný,8827
posádka,8828
zákoutí,8829
peckový,8830
prosit,8831
třeba,8832
hospodařit,8833
éterický,8834
poplužní,8835
jitřenka,8836
spirální,8837
broskvový,8838
bavlněný,8839
barevnost,8840
věřící,8841
prospívat,8842
podtrhnout,8843
kdoule,8844
lamela,8845
reflex,8846
knoflík,8847
experiment,8848
trikot,8849
antigen,8850
rozplývat,8851
rypadlo,8852
sokolský,8853
kněz,8854
ječmínek,8855
smrtící,8856
polít,8857
vesnička,8858
zvonění,8859
žula,8860
vlast,8861
serval,8862
hráz,8863
splašit,8864
pošťák,8865
vyzařování,8866
sloupec,8867
demo,8868
žaluzie,8869
zločinec,8870
sněhurka,8871
pachatel,8872
večírek,8873
havránek,8874
vídat,8875
papá,8876
tradovat,8877
kavalír,8878
čárka,8879
uvážit,8880
zvláštnost,8881
hvězdný,8882
promyšlený,8883
vyschnutí,8884
krvácet,8885
rozeznít,8886
anatomie,8887
připevnit,8888
tlakový,8889
nesvůj,8890
odpouštět,8891
namáhavý,8892
nářez,8893
vyklopit,8894
elixír,8895
orální,8896
objevující,8897
pódium,8898
senzitivní,8899
zvěrokruh,8900
povznášející,8901
vyzařovaný,8902
obleček,8903
jestlipak,8904
nazad,8905
nabrat,8906
vysloužit,8907
karoten,8908
klip,8909
bokovka,8910
jednomotorový,8911
pecky,8912
zdeformovaný,8913
churavý,8914
mosaz,8915
městec,8916
mlsný,8917
oplocení,8918
rozsvítit,8919
podklad,8920
ostříhaný,8921
dříví,8922
humorný,8923
utajený,8924
nomád,8925
typový,8926
umírající,8927
lakomý,8928
škaredý,8929
odstát,8930
stopa,8931
upadnout,8932
myslivna,8933
hrdlořez,8934
rašelina,8935
ponorka,8936
urputně,8937
petržel,8938
vylučovací,8939
bránit,8940
berkovec,8941
jíl,8942
tryskající,8943
ulehnout,8944
podtón,8945
barokní,8946
solitérní,8947
mikrofon,8948
lumen,8949
osvěžit,8950
hned,8951
šrámek,8952
válečný,8953
křižák,8954
síň,8955
robustnost,8956
minout,8957
natahovací,8958
sebestředný,8959
salám,8960
úzkost,8961
pokrevní,8962
kapat,8963
obrněný,8964
rozhodně,8965
nenávidět,8966
upřednostňovat,8967
bedrník,8968
půvab,8969
decentní,8970
loňsko,8971
forma,8972
litr,8973
přilepení,8974
pečinka,8975
vozík,8976
stříkající,8977
nefér,8978
odění,8979
zateplování,8980
spořádaný,8981
halas,8982
nezvěstný,8983
celosvětově,8984
host,8985
clona,8986
přinášet,8987
přenocovat,8988
draca,8989
primitivně,8990
prkenný,8991
podpalubí,8992
namazaný,8993
pospíšit,8994
veslování,8995
ekologie,8996
postní,8997
spálit,8998
víska,8999
vysněný,9000
zpracovávat,9001
útočící,9002
vinný,9003
traktor,9004
rolka,9005
vztyčit,9006
těhotný,9007
skřipec,9008
přemýšlivý,9009
bankovka,9010
natožpak,9011
bezstarostný,9012
mikroskop,9013
výron,9014
havel,9015
stopovat,9016
bezbolestný,9017
hnojení,9018
houbička,9019
pasení,9020
vyhnat,9021
selský,9022
fénixův,9023
berle,9024
subwoofer,9025
lipka,9026
ztěží,9027
zvednutý,9028
sezónně,9029
olejový,9030
blind,9031
oběd,9032
inu,9033
odborník,9034
popletený,9035
delirium,9036
chládek,9037
filipínský,9038
karásek,9039
dobytčí,9040
pracný,9041
nasvítit,9042
haf,9043
básnický,9044
potřebovat,9045
překvapující,9046
nadsázka,9047
postřik,9048
spořič,9049
drápat,9050
uživatel,9051
matčin,9052
letiště,9053
mach,9054
zavalený,9055
fata,9056
natáčet,9057
zasychání,9058
vyčítat,9059
ultrazvukový,9060
archa,9061
zakrvácený,9062
týn,9063
penzión,9064
nahřát,9065
hukot,9066
kropáč,9067
zádrhel,9068
čína,9069
děkovat,9070
vápencový,9071
rozumný,9072
bill,9073
chemikálie,9074
namyšlený,9075
planeta,9076
chudák,9077
karikatura,9078
otvírák,9079
fotr,9080
sauna,9081
málem,9082
tác,9083
támhle,9084
prázdniny,9085
filé,9086
eee,9087
půvabně,9088
dotyk,9089
chróm,9090
úraz,9091
protkaný,9092
harmonický,9093
mudrc,9094
evokovat,9095
vyfotit,9096
žlutě,9097
dřín,9098
kostelík,9099
pořádně,9100
pacifický,9101
roleta,9102
krátit,9103
gravitace,9104
muka,9105
smyslově,9106
přílišný,9107
ves,9108
sedlo,9109
podvědomě,9110
nanic,9111
báseň,9112
dovážet,9113
abstraktní,9114
opuštěně,9115
monumentální,9116
domovnice,9117
žák,9118
invazní,9119
sedat,9120
smyčec,9121
připadat,9122
oxid,9123
vymykat,9124
pubertální,9125
kynologický,9126
přistihnout,9127
žasnout,9128
žně,9129
krátkozrakost,9130
amfora,9131
požitek,9132
opláchnout,9133
kompas,9134
krystal,9135
břidlice,9136
interiér,9137
gorilla,9138
strážmistr,9139
zlatě,9140
javůrek,9141
nacpat,9142
vylít,9143
zařazovat,9144
křídlový,9145
dřík,9146
vytvářený,9147
potichoučku,9148
světnička,9149
nitroděložní,9150
čtvrtka,9151
turbulence,9152
splašky,9153
sirotek,9154
kapalný,9155
hrdinka,9156
věkový,9157
spolehlivě,9158
představení,9159
svítilna,9160
náhodný,9161
prolézačka,9162
afta,9163
bidlo,9164
výtvor,9165
kupředu,9166
paleček,9167
antarktický,9168
kalamita,9169
zezdola,9170
monitor,9171
draslík,9172
že,9173
šoumen,9174
laní,9175
divergentní,9176
přežívání,9177
přetlakový,9178
pankreas,9179
evidentně,9180
tříslo,9181
namáčet,9182
vymírání,9183
autorčin,9184
smrček,9185
tatínkův,9186
střešní,9187
zázvorový,9188
romantický,9189
statečný,9190
velkoměsto,9191
osamění,9192
veleba,9193
rodinný,9194
kopí,9195
lať,9196
neštěstí,9197
ibiza,9198
podrážka,9199
led,9200
čistě,9201
vietnamský,9202
pozlátko,9203
trenýrky,9204
riskovat,9205
kapající,9206
latentní,9207
leták,9208
všelijak,9209
lidstvo,9210
naskočit,9211
dráždivý,9212
pamlsek,9213
trajektorie,9214
sousoší,9215
vulkán,9216
vyzbrojený,9217
nakreslit,9218
bezmocně,9219
baletní,9220
roztažení,9221
uniformní,9222
vzduchotěsný,9223
báchorka,9224
objektivní,9225
protizánětlivě,9226
sladit,9227
podstatný,9228
strouhaný,9229
anomálie,9230
kroj,9231
diverzita,9232
beseda,9233
hrbáček,9234
kvašený,9235
rotor,9236
proklatě,9237
trestaný,9238
zůstávat,9239
něčí,9240
grafik,9241
bazén,9242
veslo,9243
lýtkový,9244
brdo,9245
prokázat,9246
krvetvorba,9247
tlumení,9248
podchlazení,9249
pulsující,9250
nějak,9251
stejně,9252
lotos,9253
tofu,9254
mnich,9255
lucius,9256
střemhlav,9257
filipíny,9258
vypozorovat,9259
borůvkový,9260
pobýt,9261
obdivovat,9262
zevnitř,9263
návlek,9264
prorůstat,9265
rozčilovat,9266
vykrvácení,9267
genofond,9268
spletený,9269
podobnost,9270
chytrák,9271
čišet,9272
kára,9273
půlnoční,9274
setkat,9275
jatečné,9276
žleb,9277
autobus,9278
chlorid,9279
šlechetný,9280
workoholik,9281
plejáda,9282
zabydlet,9283
soulož,9284
bydlet,9285
tréma,9286
třtina,9287
škopek,9288
perský,9289
kdo,9290
napoprvé,9291
ostříhání,9292
cukrový,9293
apartmá,9294
zranit,9295
nuance,9296
zora,9297
výšivka,9298
meteorický,9299
odít,9300
planoucí,9301
adaptér,9302
meteorit,9303
úpal,9304
zvukový,9305
prohnutí,9306
odolat,9307
klient,9308
protizánětlivý,9309
ochrnutý,9310
lítostně,9311
břit,9312
zadák,9313
neurotický,9314
rezek,9315
zadobře,9316
protože,9317
úroda,9318
somálský,9319
vínově,9320
ticho,9321
smeč,9322
země,9323
roura,9324
hrabovský,9325
subjektivní,9326
sběr,9327
oměj,9328
nápěv,9329
zalepit,9330
stoh,9331
omýt,9332
cizí,9333
rybárna,9334
rubáš,9335
lomený,9336
dekagram,9337
kdovíjak,9338
klatovský,9339
křížení,9340
cibulovina,9341
přednostně,9342
plichta,9343
obarvit,9344
výsadba,9345
opít,9346
vtip,9347
propíchnutí,9348
řezaný,9349
podtlak,9350
hrozně,9351
úzkostlivě,9352
podzim,9353
zpracovaný,9354
déčko,9355
škodlivina,9356
opojný,9357
blahodárně,9358
omlouvat,9359
vstřícný,9360
ponětí,9361
nálet,9362
ergonomicky,9363
srp,9364
levý,9365
jaký,9366
kupa,9367
přístavek,9368
hlouček,9369
ztracený,9370
kolečkový,9371
přinejmenším,9372
byt,9373
pečující,9374
pravítko,9375
soužití,9376
strhující,9377
případný,9378
občasný,9379
dělo,9380
výlet,9381
proud,9382
sličný,9383
loňský,9384
entomolog,9385
podstatně,9386
vybrat,9387
odpadat,9388
slehnout,9389
podsvětí,9390
záchvat,9391
výtvarný,9392
případně,9393
mina,9394
přesahovat,9395
polínko,9396
boří,9397
podtext,9398
lentilka,9399
napodobenina,9400
objevit,9401
potkávat,9402
ležák,9403
taxus,9404
skvělý,9405
vyložený,9406
minerální,9407
pokrýt,9408
vybraná,9409
překupník,9410
vespod,9411
popálenina,9412
lepící,9413
farský,9414
přistávající,9415
konvenční,9416
víra,9417
pohonný,9418
dědek,9419
podiv,9420
dotyčný,9421
remízek,9422
čtvercový,9423
zatraceně,9424
pozítří,9425
středohoří,9426
genitál,9427
kouzlo,9428
přespání,9429
radix,9430
náramek,9431
číše,9432
bujně,9433
ostrostřelec,9434
maňas,9435
vyzkoušet,9436
krupobití,9437
skelet,9438
fylogenetický,9439
energie,9440
spona,9441
vypití,9442
obarvení,9443
indium,9444
růst,9445
diagnostikovat,9446
ledovka,9447
exponát,9448
počítač,9449
doplňovat,9450
tank,9451
proměněný,9452
solárium,9453
patrně,9454
cystický,9455
interval,9456
reprodukovat,9457
zemědělský,9458
hrozba,9459
hříšník,9460
ležet,9461
květnice,9462
stožár,9463
parkoviště,9464
ochlazování,9465
směs,9466
výstražný,9467
snímací,9468
bek,9469
vypadávání,9470
božstvo,9471
skládka,9472
metabolický,9473
strhnout,9474
kurýr,9475
hořčík,9476
bosý,9477
surovina,9478
vysychání,9479
téměř,9480
paradoxně,9481
safírový,9482
patřit,9483
někam,9484
robot,9485
pobaveně,9486
kradený,9487
včelnice,9488
pyramida,9489
kešu,9490
rizikový,9491
saze,9492
vikýř,9493
náboženský,9494
dýmovnice,9495
doplout,9496
napsat,9497
smršťovat,9498
dekorace,9499
civilizovaný,9500
lezec,9501
otvírat,9502
blatnice,9503
výsev,9504
sezónní,9505
lpět,9506
nářek,9507
projevující,9508
potěšující,9509
kmen,9510
vyšetřovatel,9511
rukavice,9512
postoj,9513
možně,9514
přísně,9515
šišák,9516
čížkový,9517
zástupný,9518
mobiliář,9519
zastrašení,9520
povstalec,9521
policajt,9522
rezistentní,9523
kyklop,9524
převažovat,9525
strejček,9526
štuk,9527
obstarožní,9528
čtečka,9529
kolagenní,9530
provrtat,9531
prskat,9532
vánoční,9533
kvádr,9534
náruživý,9535
problém,9536
pastička,9537
dorost,9538
prozradit,9539
vcítit,9540
výrazně,9541
hmatník,9542
sentimentální,9543
oprátka,9544
konstrukce,9545
větry,9546
radiace,9547
islámský,9548
objevený,9549
kodiak,9550
upravovat,9551
nedopatření,9552
posluchač,9553
šalvěj,9554
glaukom,9555
překvapení,9556
všehochuť,9557
pádný,9558
těžký,9559
osedlat,9560
láva,9561
uchlácholit,9562
tenhleten,9563
pohroma,9564
dovědět,9565
dilatace,9566
zpovědnice,9567
trčící,9568
stuha,9569
chips,9570
ratolest,9571
tvořit,9572
specifický,9573
mytologický,9574
přípustný,9575
nahmatat,9576
protahovat,9577
patologický,9578
provokovat,9579
stolový,9580
důvěřivě,9581
mindrák,9582
dioptrický,9583
vyklíčení,9584
nevědomky,9585
dostaveníčko,9586
zánětlivý,9587
bison,9588
potopit,9589
jednomístný,9590
odpíchnout,9591
nesmyslný,9592
corsa,9593
poručík,9594
doprovázet,9595
telepaticky,9596
mazanec,9597
autor,9598
dezinfekční,9599
zazpívat,9600
zdařilý,9601
přivolat,9602
žlučový,9603
neckař,9604
verva,9605
kopanina,9606
vytékat,9607
koláž,9608
dobrodinec,9609
kemp,9610
útočník,9611
dřevitý,9612
kempování,9613
písničkář,9614
zavazadelník,9615
rozhlížet,9616
webkamera,9617
promlouvat,9618
uhnout,9619
bělošský,9620
kamarádka,9621
pizza,9622
šalamoun,9623
hutný,9624
bílkovinný,9625
klimatický,9626
havajský,9627
upnout,9628
uzavřený,9629
áčko,9630
táhlo,9631
postesknout,9632
oběsit,9633
úmyslně,9634
způsob,9635
pražený,9636
předsudek,9637
operovat,9638
režisér,9639
cval,9640
regenerace,9641
utvářet,9642
bezcílně,9643
klavír,9644
sója,9645
obelisk,9646
přepětí,9647
aspoň,9648
tělesnost,9649
mozkový,9650
insomnie,9651
poštovní,9652
blůza,9653
mašinka,9654
sbalený,9655
popěvek,9656
sklopení,9657
cylindr,9658
poklesnout,9659
chladící,9660
hezky,9661
uctívat,9662
vyšitý,9663
copak,9664
psát,9665
třecí,9666
tkaný,9667
spotřebovat,9668
postihující,9669
klíčení,9670
desinfekce,9671
pohoda,9672
prapůvodní,9673
ukazovat,9674
ožívat,9675
buran,9676
zaútočit,9677
prašivý,9678
veronika,9679
srát,9680
údajně,9681
olej,9682
červánek,9683
zobrazit,9684
erekce,9685
vraštit,9686
tajfun,9687
teta,9688
vyrážet,9689
opékání,9690
sádrokartónový,9691
sládeček,9692
kurděje,9693
lepit,9694
odpočívadlo,9695
tip,9696
snímač,9697
soucit,9698
vysvětlovat,9699
nízký,9700
náhlý,9701
průtok,9702
služka,9703
zpevněný,9704
sekunda,9705
kravař,9706
velikonoční,9707
dečka,9708
tropit,9709
navštěvovat,9710
rozvor,9711
melodie,9712
skořepa,9713
xylofon,9714
napustit,9715
podpěra,9716
záviset,9717
dívčina,9718
česání,9719
vzbuzovat,9720
příčně,9721
různorodost,9722
relaxovat,9723
pevninský,9724
najet,9725
dahlie,9726
cink,9727
zapřít,9728
zásaditý,9729
obilnina,9730
mluva,9731
vanoucí,9732
insekticid,9733
buckinghamský,9734
smazat,9735
mlčet,9736
práškový,9737
idyla,9738
zabalený,9739
náruživě,9740
definitivní,9741
balený,9742
dojení,9743
únikový,9744
zahalovat,9745
hůl,9746
punčocháče,9747
dlažební,9748
stojánek,9749
ostuda,9750
hydroplán,9751
vařečka,9752
prohlašovat,9753
dílo,9754
zahrádkářský,9755
tápat,9756
spasení,9757
ohrožující,9758
venušin,9759
zasluhovat,9760
nerudný,9761
štípek,9762
miliardář,9763
pozabíjet,9764
předvádění,9765
kunětický,9766
převážet,9767
zastřelit,9768
nasvícení,9769
přehledný,9770
míšenec,9771
pyšně,9772
výduť,9773
orloj,9774
árie,9775
vesměs,9776
vyrůst,9777
léčivka,9778
soudruh,9779
namrzlý,9780
tep,9781
přizpůsobivost,9782
sebejistě,9783
kouzlit,9784
posypaný,9785
plácek,9786
akvapark,9787
korunní,9788
stěhovací,9789
konstantní,9790
variace,9791
nákladní,9792
zrcadlo,9793
čekat,9794
nutkavý,9795
rozmyslit,9796
romantika,9797
pražec,9798
tón,9799
upřít,9800
acer,9801
posvítit,9802
gympl,9803
dočinění,9804
písmo,9805
výklenek,9806
dřeně,9807
vylučující,9808
zjevně,9809
ověřit,9810
klička,9811
horňák,9812
bohatě,9813
trabant,9814
banda,9815
tříválec,9816
stisknout,9817
přezka,9818
dvořákův,9819
pupečníkový,9820
ne,9821
prohledávat,9822
obytný,9823
pied,9824
potíž,9825
čnít,9826
pěvkyně,9827
solární,9828
zatahovací,9829
nanést,9830
pérování,9831
prameniště,9832
klouček,9833
kadeřnice,9834
ladění,9835
šrám,9836
montovaný,9837
arabský,9838
výpar,9839
laděný,9840
spotřebovávat,9841
vysílačka,9842
oxytocin,9843
strmý,9844
respondent,9845
cože,9846
tonus,9847
parket,9848
cosi,9849
probádaný,9850
vyšetření,9851
tady,9852
ublížení,9853
alexandr,9854
vytápěný,9855
candida,9856
manévrovací,9857
vrah,9858
jatka,9859
motiv,9860
ruský,9861
ultrafialový,9862
vybavit,9863
tyranie,9864
najednou,9865
erb,9866
vzpomenout,9867
proklínat,9868
kávovník,9869
mluvit,9870
přirození,9871
fakt,9872
vytvarovat,9873
kanón,9874
zakoušet,9875
obměňovat,9876
intelekt,9877
svah,9878
rozostřený,9879
prudký,9880
duet,9881
výprodej,9882
krucifix,9883
metro,9884
prohnaný,9885
stop,9886
daleko,9887
nouzový,9888
kouzelnický,9889
mumlání,9890
sebrat,9891
určitě,9892
neklid,9893
heliport,9894
načerno,9895
pohádkově,9896
zásilka,9897
příhodný,9898
optimista,9899
jalovice,9900
kyselost,9901
odpovědět,9902
text,9903
obal,9904
hostinec,9905
rub,9906
odkazovat,9907
nehledě,9908
sezóna,9909
zatloukání,9910
ředidlo,9911
pot,9912
jedinečný,9913
smůla,9914
dvoudomý,9915
plácání,9916
věc,9917
znásilnit,9918
biodiverzita,9919
shon,9920
břitva,9921
dotažený,9922
vrtoch,9923
odshora,9924
tíseň,9925
stigma,9926
žáha,9927
proximální,9928
hvězda,9929
prostata,9930
veltlínský,9931
týraný,9932
diamantový,9933
růstový,9934
mág,9935
leknutí,9936
vznášení,9937
vášeň,9938
poleva,9939
věstonický,9940
chladně,9941
uznávat,9942
vodivý,9943
obložit,9944
viditelnost,9945
uškrtit,9946
buddha,9947
vlna,9948
paličák,9949
násilník,9950
sedma,9951
spasit,9952
latinský,9953
praporčík,9954
dezert,9955
počít,9956
sporadicky,9957
tahový,9958
zhoršený,9959
sardinka,9960
prohlížeč,9961
mysteriózní,9962
vybraný,9963
rohož,9964
porvat,9965
údiv,9966
kuše,9967
masopust,9968
fůra,9969
zamyšlení,9970
epický,9971
rezonovat,9972
zlato,9973
junák,9974
roucho,9975
číst,9976
přeučit,9977
lyrický,9978
ultrazvuk,9979
uvíznout,9980
vizuální,9981
nálepka,9982
výživový,9983
dojem,9984
společensky,9985
opora,9986
ženíšek,9987
manekýn,9988
sněžka,9989
sodík,9990
absolutně,9991
kajda,9992
elegán,9993
hybrid,9994
nadevše,9995
kombinovaný,9996
vyzrálý,9997
osamocený,9998
omezený,9999
zaleknout,10000
zapamatovat,10001
podlitina,10002
odhazovat,10003
zrající,10004
ledvinový,10005
setr,10006
sluchadlo,10007
zastrašovat,10008
převážný,10009
litý,10010
zažít,10011
vysokohorský,10012
odspoda,10013
dveře,10014
přestupek,10015
nadzemní,10016
vzkaz,10017
legionář,10018
natural,10019
nabírat,10020
jamajský,10021
povšimnout,10022
vždyť,10023
požár,10024
karetní,10025
čapkový,10026
vůkol,10027
zranitelnost,10028
brďo,10029
falešný,10030
růže,10031
bezva,10032
turbína,10033
česnekový,10034
příkop,10035
postříkat,10036
dengue,10037
hodlat,10038
neomaleně,10039
směrový,10040
kocourkov,10041
jistě,10042
potravinový,10043
snažit,10044
vyhledávací,10045
rover,10046
klikání,10047
vytetovat,10048
ornamentální,10049
vysušený,10050
znečistit,10051
cimbuří,10052
dopadnout,10053
měknout,10054
divokost,10055
vnímaný,10056
pancíř,10057
přístaviště,10058
chytrost,10059
thriller,10060
gula,10061
zachraňovat,10062
manko,10063
kornout,10064
intubace,10065
držící,10066
pistole,10067
kladina,10068
smutek,10069
dívčin,10070
turistický,10071
sonar,10072
zrcadlovka,10073
semafor,10074
ochutnávka,10075
záhon,10076
samotný,10077
dostihový,10078
janský,10079
pilotní,10080
vzrůst,10081
rizoto,10082
jakpak,10083
dřez,10084
školník,10085
kořalka,10086
odcizit,10087
napodobení,10088
mexický,10089
palebný,10090
vrtat,10091
odlesňování,10092
slzný,10093
zastínění,10094
letohrádek,10095
slovníček,10096
túra,10097
kazatel,10098
seslat,10099
dalmatin,10100
podložený,10101
naznačit,10102
klišé,10103
zateplený,10104
projevit,10105
diadém,10106
stopařův,10107
extrakt,10108
veselí,10109
přechovávat,10110
ostatně,10111
strážník,10112
od,10113
praštěný,10114
namáhat,10115
flám,10116
obraz,10117
namalovat,10118
žánrový,10119
klimatizace,10120
hoblík,10121
argentinský,10122
prohlížet,10123
robinson,10124
skiareál,10125
panovat,10126
jedináček,10127
svícen,10128
nošení,10129
jemnost,10130
běžet,10131
angličan,10132
dopravce,10133
vnímání,10134
nasednout,10135
vychlazený,10136
kamarádský,10137
příběh,10138
uříznout,10139
jasno,10140
poháněný,10141
dršťka,10142
topič,10143
laťka,10144
unikátní,10145
tržiště,10146
vzdušně,10147
aero,10148
stěží,10149
jablečný,10150
frontální,10151
vzít,10152
podřezat,10153
špatně,10154
obdélníkový,10155
žlab,10156
ženská,10157
podomácku,10158
vodička,10159
hořejší,10160
jachtař,10161
valášek,10162
kroužící,10163
přetáhnout,10164
pohledávat,10165
peroxid,10166
efekt,10167
eliptický,10168
trik,10169
zuzka,10170
objektivně,10171
švindl,10172
poukazovat,10173
závodník,10174
zbraňový,10175
rozlet,10176
vyhledání,10177
příměs,10178
kápí,10179
katapult,10180
přijatý,10181
světadíl,10182
kentaur,10183
napospas,10184
prso,10185
nepřízeň,10186
kuřácký,10187
setkávat,10188
drť,10189
vyleštěný,10190
lup,10191
strašlivě,10192
výcvik,10193
hřiště,10194
vodňanský,10195
mikrogram,10196
zachytit,10197
jez,10198
hologram,10199
udatný,10200
mm,10201
doubrava,10202
zaznamenaný,10203
akcent,10204
vsáknout,10205
neřád,10206
tvarování,10207
saudský,10208
potupa,10209
nadměrně,10210
kuklový,10211
spotřebič,10212
béčkový,10213
střídmě,10214
hrůzný,10215
přejetí,10216
hnedle,10217
hromadění,10218
spaliny,10219
vysavač,10220
plivání,10221
bitevní,10222
hradní,10223
jistý,10224
abiotický,10225
sortiment,10226
kovadlina,10227
islám,10228
postrčit,10229
blahodárný,10230
kterak,10231
oltářní,10232
odlišující,10233
back,10234
skladovat,10235
placák,10236
statek,10237
kaprál,10238
madam,10239
pohon,10240
honění,10241
obrátka,10242
antický,10243
netolický,10244
gratulovat,10245
zdobící,10246
vernisáž,10247
málokdo,10248
sága,10249
dub,10250
kterýkoli,10251
večernice,10252
dupání,10253
celovečerní,10254
zemřelý,10255
nezkrotný,10256
namazat,10257
hele,10258
knot,10259
obtíž,10260
ciferník,10261
nadaný,10262
montérky,10263
geometrický,10264
vnikat,10265
masokostní,10266
napáchat,10267
převrátit,10268
vstřebávat,10269
opatrovník,10270
oslepnutí,10271
raritní,10272
střežit,10273
omráčit,10274
pohánět,10275
vojna,10276
křemičitý,10277
useknout,10278
krbový,10279
venčení,10280
písmenko,10281
shrnutí,10282
mechanismus,10283
smetáček,10284
předpokládat,10285
kreslíř,10286
tragický,10287
loutkový,10288
kuchyňka,10289
dřít,10290
zahrádkář,10291
podávat,10292
rakovina,10293
hádka,10294
exotika,10295
polstrovaný,10296
celoživotní,10297
podivínský,10298
středoafrický,10299
torzo,10300
abraxas,10301
raketoplán,10302
expresivní,10303
dramatik,10304
halucinogenní,10305
zácpa,10306
zabírat,10307
vtáhnout,10308
vylétnout,10309
science,10310
halíř,10311
přehodit,10312
trefovat,10313
trhání,10314
zmocňovat,10315
mrazuvzdorný,10316
niacin,10317
zbloudilý,10318
krupička,10319
skaut,10320
vybojovat,10321
časně,10322
baba,10323
důvod,10324
přísný,10325
baby,10326
pospíchat,10327
pokora,10328
bojácnost,10329
někde,10330
ctít,10331
uspokojení,10332
bleskurychle,10333
podkolenní,10334
rozmanitost,10335
nadejít,10336
šířený,10337
dvojhvězda,10338
vyzbrojit,10339
kněžiště,10340
zámečník,10341
stlačený,10342
karambol,10343
divadlo,10344
vlídný,10345
celodenní,10346
sarkasmus,10347
přivolávat,10348
kupříkladu,10349
otáčka,10350
ozubení,10351
večer,10352
spilka,10353
cívka,10354
přesazovat,10355
troufalost,10356
vrtkavý,10357
uvědomit,10358
vyobrazení,10359
vodítko,10360
barbecue,10361
lahev,10362
duna,10363
podvečerní,10364
kolenní,10365
kondiční,10366
žilní,10367
vlastenec,10368
doktor,10369
obránce,10370
zvěřinový,10371
vévoda,10372
detoxikace,10373
vzbudit,10374
fermentovaný,10375
atribut,10376
postrádat,10377
lunapark,10378
vstřebávání,10379
samopal,10380
spolubydlící,10381
disk,10382
povoz,10383
gouda,10384
beránky,10385
vázat,10386
kontrolovatelně,10387
baktericidní,10388
rataj,10389
king,10390
prominout,10391
vyjít,10392
octový,10393
vejvoda,10394
prozkoumávat,10395
ocenit,10396
protivný,10397
step,10398
jezdecký,10399
očistec,10400
perex,10401
hádek,10402
trhací,10403
psychologický,10404
ven,10405
soutěžící,10406
kolega,10407
vřetenní,10408
kameraman,10409
citrón,10410
rekordman,10411
ustálený,10412
arboretum,10413
paella,10414
dusičnan,10415
cestovatelský,10416
mongolský,10417
ježkův,10418
pokřivený,10419
ač,10420
fotit,10421
sbírající,10422
zasněžování,10423
spotřeba,10424
vymyslet,10425
naleziště,10426
rustikální,10427
natočit,10428
hypotéza,10429
počkat,10430
úzkostný,10431
inkognito,10432
strž,10433
zkrocení,10434
nesmysl,10435
podmáslí,10436
policista,10437
muslim,10438
vyvážení,10439
polysacharid,10440
apollo,10441
zničitelný,10442
protivník,10443
zděný,10444
zastoupený,10445
dobírka,10446
statečně,10447
pokraj,10448
vrstevník,10449
palácový,10450
jupí,10451
přirovnání,10452
uvaření,10453
směr,10454
jé,10455
vlasovec,10456
hanácký,10457
tržnice,10458
hulvát,10459
afrodiziakum,10460
houšť,10461
přespříliš,10462
přebal,10463
drsně,10464
pisoár,10465
espresso,10466
nástavec,10467
polekat,10468
šťovíček,10469
sdělovat,10470
vteřina,10471
glosa,10472
hulk,10473
vydávat,10474
zaschnout,10475
podtrhovat,10476
prodloužená,10477
luna,10478
otáčející,10479
rozjímání,10480
výzdoba,10481
klan,10482
pozůstatek,10483
lymfocyt,10484
alibisticky,10485
překrytý,10486
želatina,10487
podhůří,10488
obrazový,10489
ochraňovat,10490
kmitat,10491
odpustit,10492
československý,10493
zálety,10494
prolétat,10495
bití,10496
řeka,10497
režný,10498
vokální,10499
stupidní,10500
překvapivý,10501
mok,10502
plavidlo,10503
psaný,10504
skalistý,10505
kliknutí,10506
pumpování,10507
originál,10508
angel,10509
práskání,10510
zvoník,10511
volní,10512
zamrzlý,10513
zamaskovaný,10514
uznaný,10515
narážka,10516
měšťanský,10517
pohodlí,10518
nazdařbůh,10519
pula,10520
tělesně,10521
podotknout,10522
dárkový,10523
užít,10524
zajatec,10525
boxerka,10526
nahrubo,10527
indiánka,10528
charakterizovat,10529
specializovat,10530
hmm,10531
pšenice,10532
zatopený,10533
hlas,10534
bobby,10535
valivý,10536
talár,10537
rozervaný,10538
empírový,10539
čp,10540
nerudův,10541
tupec,10542
rozesetý,10543
vysoce,10544
papír,10545
probrat,10546
zasunout,10547
obklad,10548
čerpadlo,10549
smíchy,10550
psychopat,10551
škorpil,10552
manžetový,10553
dna,10554
sochař,10555
obložení,10556
vytrvat,10557
válec,10558
antikoncepce,10559
nohavice,10560
knedlo,10561
barman,10562
vůz,10563
hromnice,10564
obecenstvo,10565
stihnout,10566
tigris,10567
klima,10568
podzemí,10569
masivně,10570
srdce,10571
snesitelný,10572
mat,10573
podstata,10574
skvostně,10575
spláchnout,10576
utáhnout,10577
základna,10578
úspora,10579
opačný,10580
brunetka,10581
sporný,10582
jaro,10583
ukojení,10584
mumifikovaný,10585
didgeridoo,10586
záhadně,10587
jízdárna,10588
přístupný,10589
lodní,10590
hmatatelný,10591
fólie,10592
zvratky,10593
mazat,10594
zpodobnění,10595
výborná,10596
atlantský,10597
útěk,10598
průlet,10599
hájit,10600
činžovní,10601
napravitelný,10602
mrzet,10603
nálož,10604
zubatý,10605
ponaučení,10606
purpura,10607
hlásit,10608
mluvený,10609
prožívání,10610
uhranutí,10611
hola,10612
konev,10613
stavba,10614
kluziště,10615
kraťas,10616
sprint,10617
kopcovitý,10618
závadný,10619
zakouřený,10620
hobby,10621
kabinka,10622
vlak,10623
fantazírování,10624
návštěvnický,10625
dárce,10626
kaskadér,10627
uhel,10628
omamný,10629
májový,10630
vyvažovat,10631
šílený,10632
žebrat,10633
využitelný,10634
intenzivně,10635
dozrání,10636
rukavička,10637
ukradený,10638
lymfom,10639
klarinet,10640
dozorčí,10641
výstraha,10642
rafinovaný,10643
frisbee,10644
beztrestně,10645
honosit,10646
ohromený,10647
pult,10648
obchůdek,10649
páčka,10650
kalibr,10651
obklopovat,10652
kvítko,10653
písecký,10654
vytéci,10655
přehnaně,10656
hrobař,10657
drcení,10658
puls,10659
vykrást,10660
sálat,10661
kinský,10662
motorek,10663
bičovat,10664
klinika,10665
fascinovat,10666
hyacint,10667
kreslení,10668
veka,10669
mamma,10670
sad,10671
kytarista,10672
náročnost,10673
stočení,10674
karbanátek,10675
podvádět,10676
rozlučka,10677
mateřský,10678
výkřik,10679
ranař,10680
trosky,10681
sledovaný,10682
obsedantně,10683
pixel,10684
akustický,10685
odraz,10686
hyzdit,10687
viď,10688
holomek,10689
optimální,10690
podrážděnost,10691
latex,10692
skromnost,10693
vyprazdňovat,10694
egypt,10695
náboj,10696
pas,10697
atlantický,10698
střepina,10699
střídavý,10700
prospěšný,10701
pamětník,10702
strip,10703
vrcholný,10704
sklizeň,10705
přetočit,10706
kryjící,10707
předvést,10708
selka,10709
dědina,10710
vyděšeně,10711
dostat,10712
podchytit,10713
designový,10714
klesat,10715
zbroj,10716
oholený,10717
grál,10718
putování,10719
vykoukat,10720
podraz,10721
přelstít,10722
zmlazení,10723
dlouho,10724
rozptýlit,10725
věrně,10726
relevantní,10727
sbírka,10728
vychovaný,10729
brož,10730
zbojník,10731
plak,10732
akvarel,10733
dařit,10734
satan,10735
novorozenecký,10736
lehko,10737
celkově,10738
experimentovat,10739
krádež,10740
vínový,10741
zaběhat,10742
duda,10743
samočisticí,10744
zápěstí,10745
chvojka,10746
přítok,10747
nárožní,10748
rozhledna,10749
dorota,10750
zamanout,10751
uzpůsobení,10752
talián,10753
syrovo,10754
anamnéza,10755
palubka,10756
aspekt,10757
dánský,10758
klení,10759
posmrtný,10760
převlékání,10761
holice,10762
vázaný,10763
mansardový,10764
kyprý,10765
štukový,10766
hydratační,10767
hle,10768
změnit,10769
škrabal,10770
zábradlí,10771
zinek,10772
smysluplný,10773
pitomost,10774
autorský,10775
uniknout,10776
zmatek,10777
šířka,10778
erbovní,10779
čtyřkolka,10780
zkoumaný,10781
slalom,10782
praktický,10783
skulptura,10784
scházet,10785
devastující,10786
středověký,10787
polívkový,10788
chvála,10789
sokolovský,10790
úmyslný,10791
kritik,10792
čisticí,10793
znepokojující,10794
kuželka,10795
obnovitelný,10796
imunoglobulin,10797
obstát,10798
efektivní,10799
úžasně,10800
dvoření,10801
rozmezí,10802
chorobný,10803
frekvence,10804
ledecký,10805
sir,10806
zadina,10807
trýzeň,10808
zbývat,10809
psací,10810
erotický,10811
venkovský,10812
paličkování,10813
teplotní,10814
slavný,10815
kardamom,10816
muzika,10817
zánovní,10818
lady,10819
pneumonie,10820
pletka,10821
vlastenecký,10822
přenosový,10823
připouštět,10824
vzrušeně,10825
lípa,10826
vzhledem,10827
tepový,10828
překyselení,10829
čtvereční,10830
plížení,10831
uvažovat,10832
nakrásně,10833
nabíledni,10834
čeština,10835
herbář,10836
dvoumetrový,10837
hole,10838
vypravěč,10839
taky,10840
ovladač,10841
lékařka,10842
chronicky,10843
radar,10844
vševědoucí,10845
čelit,10846
svažovat,10847
prozrazovat,10848
sportovec,10849
nastražený,10850
námořnictvo,10851
spolužák,10852
zvětšovat,10853
vířivý,10854
zaskočit,10855
obranný,10856
přitažlivý,10857
malaga,10858
revizor,10859
kurdský,10860
zásuvka,10861
slabě,10862
milota,10863
plynový,10864
chán,10865
šílet,10866
mikrosvět,10867
svalit,10868
melodický,10869
kung,10870
moudře,10871
šlápnutí,10872
přebytek,10873
fronta,10874
prořezávat,10875
tuning,10876
tasit,10877
rozbíjet,10878
vysoká,10879
volný,10880
výjimečnost,10881
každý,10882
halucinace,10883
zlobivý,10884
lakovat,10885
hnojiště,10886
vzkazovat,10887
svoboda,10888
cedule,10889
vnuknutí,10890
orba,10891
občerstvení,10892
hmmm,10893
kolovat,10894
prostitutka,10895
pouhý,10896
ohřev,10897
ahoj,10898
hostina,10899
uličník,10900
nastavitelný,10901
třípatrový,10902
svažitý,10903
vláha,10904
autorka,10905
ilustrovat,10906
pryč,10907
dynamický,10908
komodita,10909
večerní,10910
fosfor,10911
broušený,10912
zalít,10913
léčivý,10914
vyhlídkový,10915
tendence,10916
nadosah,10917
milka,10918
oklamat,10919
modlitební,10920
zakřičet,10921
středoasijský,10922
veselka,10923
inscenace,10924
ostřikovač,10925
vlkův,10926
paráda,10927
jahodník,10928
nalezenec,10929
vyřezaný,10930
karton,10931
nerezový,10932
kilo,10933
pectoris,10934
zasedací,10935
vhodně,10936
jaře,10937
dramaticky,10938
křesťan,10939
kulečník,10940
ať,10941
optimisticky,10942
blížit,10943
ctitel,10944
tolerovat,10945
nenuceně,10946
vzpomínat,10947
utržený,10948
středověk,10949
pomočování,10950
prehistorický,10951
vazelína,10952
ironicky,10953
vtipkování,10954
zábal,10955
hrát,10956
gastronomický,10957
fajn,10958
nýt,10959
bojovnost,10960
spáleniště,10961
záchodek,10962
naturalistický,10963
nepohodlí,10964
bláhově,10965
bubble,10966
usušit,10967
pirátský,10968
úhledně,10969
odpočinout,10970
třmen,10971
zarazit,10972
nadbytek,10973
samozřejmý,10974
zmást,10975
stačit,10976
přistěhovalec,10977
jury,10978
nechat,10979
pekelně,10980
druhotně,10981
předsálí,10982
hraný,10983
mezilidský,10984
zakřivení,10985
pilný,10986
zdraví,10987
shodit,10988
milenecký,10989
pošťuchování,10990
hlavice,10991
ovládání,10992
trefný,10993
palcát,10994
přehoz,10995
uživatelský,10996
žertovný,10997
kreace,10998
křivda,10999
proslulý,11000
odměřeně,11001
fiala,11002
smést,11003
terpentýn,11004
ručně,11005
lektvar,11006
nános,11007
skin,11008
kvapně,11009
freska,11010
zpětný,11011
dráždění,11012
komediant,11013
nároží,11014
unavený,11015
ručení,11016
vyhledávání,11017
textový,11018
odpuzování,11019
vestoje,11020
rosolový,11021
značený,11022
intuice,11023
pohltit,11024
poslíček,11025
připsat,11026
krkonošský,11027
vyvedení,11028
vyhnout,11029
per,11030
studně,11031
dědeček,11032
pohlednice,11033
povídka,11034
praskat,11035
vstávání,11036
lidový,11037
pomůcka,11038
venku,11039
vařič,11040
vlečný,11041
zachovat,11042
čistička,11043
eso,11044
vhánět,11045
vědro,11046
tudíž,11047
vymírat,11048
opakovat,11049
trajler,11050
otřelý,11051
odhadem,11052
soucítit,11053
tolerantní,11054
alej,11055
fňukat,11056
vyplavit,11057
posoudit,11058
android,11059
hrádeček,11060
latexový,11061
umělý,11062
hůrka,11063
jankovský,11064
kulich,11065
narvat,11066
zmateně,11067
řetěz,11068
výchova,11069
zákonný,11070
studánka,11071
pranostika,11072
kouzelnice,11073
zvenku,11074
zkřížený,11075
nejen,11076
živost,11077
dneska,11078
cenný,11079
týkat,11080
torpédo,11081
urozený,11082
frajer,11083
vrstvička,11084
ubrat,11085
poštvat,11086
scenérie,11087
barma,11088
chvojí,11089
určit,11090
nahlásit,11091
strnulost,11092
zvrácený,11093
venkov,11094
štola,11095
cylindrický,11096
neutuchající,11097
odznáček,11098
furt,11099
flinta,11100
surrealistický,11101
otravný,11102
umělecký,11103
laser,11104
dvoumístný,11105
vymřít,11106
jogín,11107
plynatost,11108
kardiovaskulární,11109
terasa,11110
zvlhčení,11111
vytápění,11112
modř,11113
malování,11114
zavařenina,11115
blanka,11116
kutilství,11117
sdružovat,11118
spoutat,11119
pravit,11120
love,11121
poddajný,11122
předvídatelný,11123
slůvko,11124
penetrační,11125
kývnout,11126
popový,11127
španělský,11128
workout,11129
zrození,11130
fyziologický,11131
gondola,11132
holandský,11133
komunistický,11134
ukrajinský,11135
chromozom,11136
rovníkový,11137
přitažlivost,11138
přebytečný,11139
podnebí,11140
obden,11141
nejenže,11142
vdova,11143
skladování,11144
flotila,11145
vytáhnout,11146
otruby,11147
odmítat,11148
oregano,11149
textura,11150
kácení,11151
navěky,11152
mačkat,11153
vylíčit,11154
třetihorní,11155
kraj,11156
raketa,11157
strážce,11158
zařazený,11159
kočovník,11160
zvětšení,11161
lékárnička,11162
vycvičení,11163
norský,11164
pravčický,11165
lego,11166
ebola,11167
čakra,11168
lehkost,11169
pozdravit,11170
solný,11171
průzkumný,11172
prochladnutí,11173
střelný,11174
nahrávka,11175
vzpěra,11176
leckdy,11177
bezohledný,11178
mimořádně,11179
pečlivý,11180
lokalizovat,11181
proč,11182
klávesa,11183
membrána,11184
vyživovat,11185
aperitiv,11186
nádražní,11187
maděra,11188
nakreslený,11189
poctivý,11190
dřívějšek,11191
šmudla,11192
vyvolený,11193
odněkud,11194
hlídkový,11195
vyšívání,11196
břidlicový,11197
nalepit,11198
prodaný,11199
náčelník,11200
mladistvý,11201
brusle,11202
ulít,11203
sbalit,11204
láhev,11205
příze,11206
citovat,11207
pospolitost,11208
odnímatelný,11209
udivovat,11210
nadšenec,11211
elektromagnetický,11212
slabost,11213
testovaný,11214
blízko,11215
výstřední,11216
parádní,11217
úvoz,11218
sdělení,11219
obrácený,11220
ochucovadlo,11221
další,11222
vskutku,11223
posuvný,11224
spolucestující,11225
slitování,11226
tedy,11227
hydroxid,11228
samostatný,11229
účel,11230
dobrodruh,11231
sirovodík,11232
font,11233
empatický,11234
sečení,11235
stárnutí,11236
babiččin,11237
hostinný,11238
vykřikovat,11239
folikul,11240
doběhnout,11241
jenž,11242
zářez,11243
panický,11244
steeplechase,11245
hradčanský,11246
londýnský,11247
doplnit,11248
masák,11249
taurus,11250
agilní,11251
lán,11252
špinit,11253
nervózní,11254
rozvinutý,11255
fantastika,11256
přijímaný,11257
gyps,11258
severovýchodní,11259
tragikomický,11260
falklandský,11261
vypěstovaný,11262
hyperaktivní,11263
životně,11264
kompost,11265
zamyslet,11266
otočka,11267
dovážený,11268
jezení,11269
emoční,11270
zubní,11271
vybíjení,11272
čistění,11273
nesmírný,11274
jogging,11275
reptání,11276
zvedák,11277
fotoaparát,11278
orámování,11279
vězeňský,11280
zvěstování,11281
splín,11282
klečet,11283
loto,11284
produkovaný,11285
panenství,11286
umírání,11287
antibakteriální,11288
vlastnoručně,11289
kilometr,11290
botanický,11291
přátelit,11292
květnatý,11293
vyloučený,11294
cvičitel,11295
škodolibě,11296
fialově,11297
ráno,11298
vytápět,11299
kroucení,11300
svádět,11301
vývozní,11302
otcovský,11303
okružní,11304
hrst,11305
černocký,11306
rozparovač,11307
naivní,11308
újezd,11309
višňový,11310
vstřikovat,11311
halenka,11312
útržek,11313
zatmění,11314
ucpávka,11315
komínový,11316
praskání,11317
plotna,11318
svěžest,11319
zastřešený,11320
usadit,11321
krásno,11322
divizna,11323
zakrývající,11324
symptomatický,11325
férově,11326
konvalinkový,11327
předhodit,11328
povětrnostní,11329
oběh,11330
smýšlení,11331
vytékající,11332
nanejvýš,11333
šíře,11334
marihuana,11335
zalíbení,11336
stojící,11337
epos,11338
kdoví,11339
večeřet,11340
kupé,11341
trvat,11342
astigmatismus,11343
emblém,11344
vypočitatelný,11345
kladoucí,11346
ukřižovaný,11347
mg,11348
uvolňovat,11349
skládkování,11350
počasí,11351
hvozd,11352
svést,11353
odvar,11354
kurt,11355
ragú,11356
spotřebitel,11357
směska,11358
přinášení,11359
výplň,11360
houslista,11361
kazajka,11362
určený,11363
vtahovat,11364
dokonalost,11365
vyšplhat,11366
antivirus,11367
stopový,11368
obrobek,11369
rolník,11370
vládnout,11371
vibrující,11372
špás,11373
pyré,11374
doplněný,11375
riziko,11376
palubní,11377
plácnout,11378
aróma,11379
preferovat,11380
pištění,11381
rozpuk,11382
nijak,11383
nákladný,11384
plastik,11385
brazilský,11386
přízeň,11387
narušitel,11388
podezřele,11389
tuba,11390
těžko,11391
surfování,11392
spam,11393
povodeň,11394
rošáda,11395
bublinkový,11396
pohanka,11397
jihomoravský,11398
whisky,11399
palouček,11400
pikantní,11401
červenobílý,11402
pozorovatelský,11403
namontovat,11404
účinkovat,11405
odběr,11406
vyskytnout,11407
nanášení,11408
vyhloubený,11409
mírně,11410
sponka,11411
ošetřovatel,11412
použitelný,11413
zmáčknout,11414
míjet,11415
vyjadřovat,11416
rozloha,11417
shlížet,11418
meziročně,11419
přeplněný,11420
spád,11421
marianum,11422
pochybovat,11423
alegorie,11424
olivovník,11425
obrázek,11426
proniknout,11427
dosah,11428
příjezdový,11429
přívalový,11430
rodiště,11431
stezka,11432
silně,11433
šum,11434
citlivost,11435
jack,11436
zimní,11437
hatchback,11438
baroko,11439
živnostník,11440
laktóza,11441
nevýhoda,11442
kratochvíle,11443
shánění,11444
ztuhlost,11445
pěvecký,11446
vnucovat,11447
posunutý,11448
plošný,11449
vnitrozemský,11450
ztenčovat,11451
poházený,11452
sakrální,11453
voskovka,11454
motor,11455
spávat,11456
odsud,11457
řízený,11458
prak,11459
konžský,11460
manžel,11461
suterén,11462
rodící,11463
nic,11464
příhoda,11465
odpařovat,11466
akr,11467
pekelník,11468
bednář,11469
slezský,11470
pokrývat,11471
vysávání,11472
branka,11473
orlův,11474
anglický,11475
pavilón,11476
kuks,11477
kartuš,11478
hvězdář,11479
zrát,11480
navigátor,11481
drzost,11482
zaměřovač,11483
obklopený,11484
všeuměl,11485
přísada,11486
brabenec,11487
stájový,11488
orodovat,11489
bravurně,11490
bourat,11491
dopsat,11492
obarvený,11493
kdejaký,11494
zařadit,11495
prostornost,11496
stěhování,11497
loučení,11498
zoom,11499
hojit,11500
dýchánek,11501
řevnice,11502
dovolovat,11503
slámový,11504
webovka,11505
hořečnatý,11506
amputovat,11507
klíčník,11508
příbuzenstvo,11509
miniatura,11510
poselství,11511
aerolinie,11512
hoj,11513
znetvořený,11514
milovnice,11515
zmizení,11516
nášivka,11517
sklenář,11518
břečťan,11519
zápisník,11520
jistota,11521
várka,11522
aparát,11523
amur,11524
veledílo,11525
pomyšlení,11526
dozvědět,11527
hra,11528
skeptický,11529
doložit,11530
krušný,11531
ovládací,11532
hasit,11533
druhdy,11534
dychtivě,11535
pedagog,11536
jin,11537
dohledávat,11538
pekingský,11539
sušení,11540
lesopark,11541
mešita,11542
pokrytecký,11543
kostelní,11544
poslepu,11545
jakkoliv,11546
lodžie,11547
cabernet,11548
zazářit,11549
bóje,11550
zkreslený,11551
knihkupectví,11552
uvažování,11553
úsměvně,11554
gluma,11555
lékař,11556
vyžadovat,11557
nota,11558
studniční,11559
věšení,11560
rozptyl,11561
jednooký,11562
vybavený,11563
znatelně,11564
vrhací,11565
algoritmus,11566
točivý,11567
dědův,11568
vykládat,11569
hypotéka,11570
lež,11571
sušit,11572
dotykový,11573
mama,11574
období,11575
alimenty,11576
kulatina,11577
cvičený,11578
pleskot,11579
nahlédnout,11580
trumfnout,11581
blíž,11582
zakopnout,11583
vysloužilý,11584
zužitkovat,11585
pravdivý,11586
poleptání,11587
inkluze,11588
zplození,11589
fascinující,11590
nejspíše,11591
přijet,11592
pomatený,11593
světice,11594
smolař,11595
dostávat,11596
faraón,11597
jarka,11598
sahat,11599
krvácející,11600
naslouchat,11601
tvrdý,11602
míra,11603
chlazení,11604
dělený,11605
dopravit,11606
korzet,11607
křeslo,11608
veselost,11609
opovrhovat,11610
ohlížet,11611
nejenom,11612
zájemce,11613
nastávat,11614
zatloukat,11615
pročpak,11616
honosný,11617
vrt,11618
mstitel,11619
sprostě,11620
českomoravský,11621
vystřelovat,11622
sele,11623
zvětšit,11624
zatančit,11625
báze,11626
boxer,11627
píseček,11628
mísit,11629
odřenina,11630
ohroženě,11631
důstojný,11632
testosteron,11633
ďolíček,11634
čapnout,11635
agar,11636
rozvážný,11637
odrážet,11638
dostavovat,11639
zcela,11640
úložiště,11641
válení,11642
pozemní,11643
obilí,11644
spitfire,11645
přepychový,11646
panelový,11647
ustavičně,11648
seník,11649
vychladnout,11650
souměrný,11651
sloupový,11652
hrávat,11653
klik,11654
přepadnout,11655
majestát,11656
cibulový,11657
hrací,11658
bezmyšlenkovitě,11659
dlažba,11660
stávat,11661
papež,11662
rytířský,11663
ringo,11664
truhlář,11665
síran,11666
tuhost,11667
pláň,11668
poznávat,11669
vypouštěcí,11670
zatím,11671
vážní,11672
omega,11673
asfaltový,11674
předloha,11675
parker,11676
ztuhnout,11677
parta,11678
rozlitý,11679
výloha,11680
vyhrávat,11681
hraní,11682
košťál,11683
ploše,11684
dík,11685
topeniště,11686
větev,11687
reprosoustava,11688
rekordní,11689
vyvstávat,11690
jedení,11691
zřídlo,11692
poučit,11693
střední,11694
los,11695
kalifornie,11696
úložný,11697
skútr,11698
zapomenout,11699
ladně,11700
louda,11701
hala,11702
vypraný,11703
pocestný,11704
růžičkový,11705
stýblo,11706
půlnoc,11707
ohyb,11708
nana,11709
díkybohu,11710
velvyslanec,11711
radioaktivní,11712
kolagen,11713
skladiště,11714
pěšák,11715
zušlechtění,11716
povolený,11717
když,11718
psychický,11719
teleobjektiv,11720
převažující,11721
pozadu,11722
rozloučit,11723
primář,11724
ucpat,11725
zeď,11726
jednovaječný,11727
bezdůvodně,11728
sólový,11729
obrážet,11730
přibrat,11731
oblékat,11732
uspávací,11733
ztělesnění,11734
axiální,11735
odlišnost,11736
podívat,11737
biják,11738
vychovatelka,11739
strávit,11740
vsadit,11741
cynický,11742
zasloužit,11743
pokles,11744
těžítko,11745
záchranný,11746
vybití,11747
western,11748
zeštíhlení,11749
bohatý,11750
publicista,11751
zbrklý,11752
dvojče,11753
melancholicky,11754
týden,11755
vyrvat,11756
obzvlášť,11757
trezor,11758
matoucí,11759
dost,11760
vlek,11761
neznámá,11762
námořnický,11763
půdorys,11764
prýštit,11765
sbírkový,11766
rekord,11767
víceletý,11768
prostřený,11769
vysazený,11770
rezerva,11771
kormidelník,11772
prodavač,11773
komiksy,11774
zákonodárce,11775
letokruh,11776
zažívat,11777
brzdění,11778
záchranářský,11779
sólo,11780
vyvrtat,11781
členský,11782
zachránce,11783
směnka,11784
vařit,11785
žehlička,11786
nandat,11787
mitochondriální,11788
cizina,11789
book,11790
čuba,11791
salátový,11792
ilustrovaný,11793
odstup,11794
trnkový,11795
skořepina,11796
vytratit,11797
tchán,11798
zinečnatý,11799
naštěstí,11800
horda,11801
těhotenství,11802
nalétat,11803
svit,11804
hygienický,11805
únik,11806
drobet,11807
ženění,11808
dosud,11809
modlení,11810
nádobí,11811
jihočeský,11812
smetaně,11813
čnící,11814
devatero,11815
přepravka,11816
považovat,11817
pořídit,11818
pololetí,11819
chladicí,11820
bezradný,11821
kadidlo,11822
středa,11823
čmáranice,11824
probuzení,11825
nahrát,11826
čtvero,11827
zábranský,11828
kolosální,11829
hvězdička,11830
boršč,11831
mládí,11832
drátěný,11833
sázka,11834
obezřetnost,11835
stařičký,11836
úměra,11837
cedr,11838
zištně,11839
prodavačka,11840
pokorně,11841
záliba,11842
suita,11843
nést,11844
efektivně,11845
striptýz,11846
mini,11847
jezdit,11848
odpovídat,11849
skalský,11850
tlačenice,11851
věrohodně,11852
hardware,11853
kolový,11854
palivo,11855
bučet,11856
naléhavý,11857
materiální,11858
vymírající,11859
hostie,11860
zvlášť,11861
dekorační,11862
hákový,11863
chemoterapie,11864
aortální,11865
služebník,11866
truchlící,11867
putovat,11868
elfka,11869
vznítit,11870
úplatek,11871
připravený,11872
šafrán,11873
rýžoviště,11874
středový,11875
čistírna,11876
psycholog,11877
vyschlý,11878
vzorec,11879
imaginární,11880
kajakářka,11881
emocionálně,11882
úloha,11883
nenadálý,11884
munice,11885
povrchový,11886
množství,11887
šindelář,11888
polojasno,11889
jang,11890
proplouvat,11891
turisticky,11892
tipovat,11893
prokletý,11894
pohárový,11895
rozestup,11896
kasa,11897
viděná,11898
hříšný,11899
signál,11900
stahovatelný,11901
fuks,11902
placatý,11903
afro,11904
přenést,11905
cukrovinka,11906
libovolný,11907
bezpečí,11908
polom,11909
postarat,11910
pochmurný,11911
shazování,11912
pečlivě,11913
spořádaně,11914
zapomínat,11915
bezvědomí,11916
aromatický,11917
kotouč,11918
odlitek,11919
tendle,11920
subtilní,11921
zmýlit,11922
ztratit,11923
vžít,11924
bandita,11925
záplavový,11926
znuděný,11927
keš,11928
chlapcův,11929
lemování,11930
odchozí,11931
dupat,11932
pylon,11933
aquapark,11934
respekt,11935
páže,11936
píseň,11937
zastoupit,11938
spíž,11939
společnice,11940
nestyda,11941
hranol,11942
brázdit,11943
zmocnit,11944
přiznávat,11945
pěstitel,11946
svíčková,11947
nazdar,11948
vyplakat,11949
zvládnout,11950
plivnout,11951
asteroid,11952
utracení,11953
hammond,11954
kat,11955
úměrný,11956
dokráčet,11957
aktuálně,11958
splachování,11959
žactvo,11960
nemohoucí,11961
sešít,11962
celulóza,11963
zaklínání,11964
pečovatelský,11965
blata,11966
spoj,11967
moped,11968
skvost,11969
motorkář,11970
loupežník,11971
intravenózně,11972
nudně,11973
komerční,11974
otevírat,11975
tuzemák,11976
přehoupnout,11977
náčiní,11978
receptura,11979
terén,11980
argus,11981
gravidita,11982
kolovrátek,11983
hrozinka,11984
ohleduplný,11985
přesný,11986
eshop,11987
odpočívající,11988
kněží,11989
modlitba,11990
sputnik,11991
osa,11992
horizont,11993
balvan,11994
anatom,11995
suk,11996
zvučný,11997
nakládat,11998
pepa,11999
oslepnout,12000
okolí,12001
datový,12002
bulimie,12003
novoročenka,12004
cerevisiae,12005
výstižný,12006
ikonka,12007
péče,12008
ubít,12009
sepnutý,12010
trpělivost,12011
argentina,12012
komiksový,12013
závodit,12014
prokazovat,12015
pojíst,12016
sdílet,12017
obalovat,12018
květinářství,12019
sebeklam,12020
blatný,12021
kdekdo,12022
nástupiště,12023
konec,12024
upínat,12025
sudička,12026
humor,12027
skelný,12028
skácet,12029
vytesaný,12030
pán,12031
vytknout,12032
prozatím,12033
znenadání,12034
faraon,12035
skloněný,12036
maskulinní,12037
alibismus,12038
vyhlídka,12039
samý,12040
projížďka,12041
ohebnost,12042
mandarín,12043
tankování,12044
prohřátí,12045
závit,12046
transplantace,12047
hurá,12048
zacházet,12049
detekční,12050
běžecký,12051
chladnička,12052
libovat,12053
zvonkohra,12054
přivydělat,12055
cvičný,12056
učitel,12057
vystřelující,12058
damašek,12059
loupání,12060
sdělit,12061
parádně,12062
dlaždice,12063
roček,12064
rým,12065
kovářík,12066
smět,12067
kopat,12068
krajinka,12069
tichomoří,12070
dehydratace,12071
faux,12072
rozcestí,12073
obstarat,12074
plánek,12075
minimalistický,12076
gentleman,12077
pojetí,12078
hlásek,12079
slamník,12080
kurzor,12081
uhelnatý,12082
micka,12083
sněmovna,12084
populační,12085
spěchat,12086
protivzdušný,12087
ješitný,12088
spalování,12089
občanský,12090
zapracovat,12091
comeback,12092
macho,12093
sláva,12094
merino,12095
nikdo,12096
bezdrátový,12097
hotový,12098
kosmo,12099
receptor,12100
ruina,12101
valník,12102
cedrový,12103
záložka,12104
řidič,12105
oblíbenec,12106
tvarový,12107
extraliga,12108
oslovit,12109
zesílený,12110
sídliště,12111
pažba,12112
zakázka,12113
hraně,12114
síťový,12115
petrželka,12116
astma,12117
povšimnutí,12118
tempera,12119
dozrát,12120
šumavský,12121
uprostřed,12122
sobota,12123
jezulátko,12124
výsost,12125
optimálně,12126
zabydlovat,12127
elegance,12128
průměrný,12129
škrtící,12130
například,12131
roztrhání,12132
strategie,12133
ztráta,12134
odtáhnout,12135
soukromý,12136
vzduchotechnika,12137
menšina,12138
enzym,12139
zachycený,12140
haluz,12141
zřícenina,12142
odhlučnění,12143
soused,12144
ochucený,12145
vrbka,12146
obchůzka,12147
špeh,12148
mixér,12149
přejít,12150
narážet,12151
činění,12152
dik,12153
rázný,12154
diskriminace,12155
jednopatrový,12156
zklamaný,12157
fetiš,12158
pokusný,12159
počítačový,12160
následovat,12161
libovolně,12162
řídnutí,12163
fráze,12164
rovnátko,12165
čaj,12166
ochotný,12167
ořezávátko,12168
koupající,12169
střídavě,12170
špalík,12171
zuzana,12172
maketa,12173
středoevropský,12174
teatrálně,12175
znalec,12176
střelecký,12177
rázem,12178
lubrikant,12179
zvedací,12180
příliv,12181
kognitivní,12182
ušitý,12183
čistič,12184
spodnička,12185
honba,12186
hlášený,12187
provinile,12188
natočený,12189
kolmo,12190
barokně,12191
markantní,12192
lepený,12193
meandr,12194
cyklus,12195
fen,12196
kanadský,12197
karanténní,12198
ujasnit,12199
truchlit,12200
režisérka,12201
práh,12202
území,12203
soutěživý,12204
trefa,12205
zápal,12206
vzpruha,12207
kdyby,12208
píst,12209
point,12210
starobylý,12211
bičování,12212
volací,12213
rozpadající,12214
velrybářský,12215
happyend,12216
srazit,12217
formace,12218
nabarvený,12219
vpravdě,12220
parkovací,12221
pobít,12222
maz,12223
svozit,12224
ušlechtilost,12225
arogantní,12226
fritový,12227
nutný,12228
hrnout,12229
vzhlížet,12230
alan,12231
useknutý,12232
nastěhovat,12233
schopnost,12234
vysadit,12235
zvedání,12236
závětří,12237
závrať,12238
pila,12239
pravidelný,12240
apoštol,12241
civilizační,12242
vysychat,12243
zadat,12244
vyplněný,12245
objímající,12246
ložisko,12247
emocionální,12248
troják,12249
psychotropní,12250
podobizna,12251
keramika,12252
údaj,12253
smyslný,12254
krychlový,12255
přeplňovaný,12256
rituální,12257
tibetský,12258
ubíhající,12259
seriózně,12260
elastický,12261
mentálně,12262
parma,12263
spalovat,12264
graficky,12265
dostatek,12266
dohnat,12267
střelivo,12268
sedmero,12269
srozumitelný,12270
vřískot,12271
columbium,12272
jeptiška,12273
současník,12274
familiární,12275
přeladit,12276
karaoke,12277
lichý,12278
ječet,12279
konkávní,12280
kopáč,12281
origami,12282
mezihvězdný,12283
důmyslný,12284
šok,12285
vystřílet,12286
ponor,12287
obhlédnout,12288
příznivý,12289
hlídkovat,12290
prapor,12291
slast,12292
slech,12293
postavit,12294
úhlopříčka,12295
krutost,12296
prvotřídní,12297
indikátor,12298
těžit,12299
grilovací,12300
mandragora,12301
šamanka,12302
garáž,12303
mana,12304
čep,12305
americko,12306
formát,12307
dřevěnice,12308
vysévat,12309
zelinka,12310
úponek,12311
mířidlo,12312
znamenitý,12313
promluvit,12314
ceník,12315
ohřátý,12316
přírodní,12317
aby,12318
pochvalovat,12319
ukřižování,12320
hodiny,12321
tkvět,12322
piškvorka,12323
přijímací,12324
posít,12325
ostřílený,12326
volit,12327
macík,12328
odhalený,12329
mrtvě,12330
obrna,12331
autobusový,12332
kabaret,12333
protivit,12334
bageta,12335
zahřívací,12336
výhrada,12337
odvážlivec,12338
výsledný,12339
napouštění,12340
fialkový,12341
mediálně,12342
náramně,12343
zdůrazňovat,12344
erupce,12345
štekl,12346
extrovertní,12347
dobrodružný,12348
ukládat,12349
granát,12350
prožitek,12351
neboť,12352
vřava,12353
hořet,12354
pardon,12355
přesilovka,12356
rozčilení,12357
balistický,12358
vzletový,12359
nadživotní,12360
čud,12361
znamení,12362
dechový,12363
lila,12364
pověšený,12365
zvonice,12366
polyester,12367
projev,12368
šafářová,12369
sexualita,12370
liduprázdný,12371
důsledně,12372
magor,12373
látat,12374
tenor,12375
surfovat,12376
zdroj,12377
opodstatněný,12378
dlužník,12379
rozmnožení,12380
navrhovatel,12381
populárně,12382
sloučenina,12383
morfologicky,12384
ukrajina,12385
prstoklad,12386
vaření,12387
kdykoli,12388
mód,12389
jaktože,12390
jedoucí,12391
kostelník,12392
zábava,12393
soucitný,12394
činohra,12395
rebel,12396
malířství,12397
loutkář,12398
jihozápadní,12399
dráždivě,12400
emo,12401
pomluva,12402
mistrovský,12403
křtitel,12404
vydělávat,12405
podium,12406
bavlna,12407
zaklepání,12408
táborský,12409
definovaný,12410
nátura,12411
zazvonění,12412
doba,12413
energeticky,12414
rozkvést,12415
jenže,12416
sestava,12417
mateřství,12418
minus,12419
hrdinný,12420
hrnčíř,12421
čtvereček,12422
naplněný,12423
obětina,12424
adrenalin,12425
pochvala,12426
produkt,12427
odběhnout,12428
uzdravovat,12429
martinka,12430
spontánně,12431
oligarcha,12432
poloha,12433
molo,12434
záloha,12435
hájovna,12436
štítový,12437
mládkův,12438
upírat,12439
ozvěna,12440
učesat,12441
vyvíjet,12442
plakát,12443
zabití,12444
kritický,12445
hudson,12446
zpracovat,12447
působivě,12448
eskalátor,12449
prosvětlovat,12450
angličtina,12451
předkládat,12452
přenesený,12453
šerif,12454
diskotéka,12455
piktogram,12456
výhradně,12457
objem,12458
mambo,12459
pronásledovatel,12460
jižní,12461
centr,12462
čištění,12463
pokojně,12464
chianti,12465
splynout,12466
důkladně,12467
hospodařící,12468
zeměpisný,12469
prvorozený,12470
životní,12471
vraždící,12472
obdobný,12473
provinění,12474
trest,12475
prostor,12476
harmonika,12477
minule,12478
rozteč,12479
klasicistní,12480
naschvál,12481
hustota,12482
nasvědčovat,12483
bouře,12484
ziskový,12485
senegalský,12486
kasička,12487
otrávit,12488
exorcista,12489
benjamínek,12490
vraždit,12491
neutrino,12492
úbočí,12493
textilie,12494
obchod,12495
převyšovat,12496
mink,12497
barmský,12498
všude,12499
smrčina,12500
zdatný,12501
chránit,12502
donášet,12503
napršet,12504
hladovka,12505
vtipně,12506
vedví,12507
vyjížďka,12508
zhlédnout,12509
družice,12510
sériový,12511
zástrčka,12512
pneumoniae,12513
takříkajíc,12514
regál,12515
pesto,12516
srážka,12517
odmalička,12518
světový,12519
smíchaný,12520
klávesnice,12521
teleskop,12522
signální,12523
rokokový,12524
dorostenec,12525
fermentace,12526
měďnatý,12527
nadát,12528
dramatizace,12529
vstřelený,12530
koutecký,12531
potloukat,12532
vybíjená,12533
brzký,12534
vyznat,12535
bermudský,12536
sypaný,12537
shledání,12538
zastrčený,12539
navíc,12540
dozrávání,12541
paní,12542
vřeteno,12543
atol,12544
přesto,12545
splývající,12546
šafránek,12547
vzdělaný,12548
spisovatel,12549
plačka,12550
mykologický,12551
vyváznout,12552
kuchařka,12553
promiskuitní,12554
korumpovat,12555
penicilin,12556
fialovo,12557
tolik,12558
zákeřný,12559
přijatelný,12560
endoskopický,12561
pardubický,12562
přiléhající,12563
barbarský,12564
mrazit,12565
monopost,12566
směřovat,12567
swing,12568
dispečer,12569
meditace,12570
vznešeně,12571
opomenout,12572
ježiši,12573
zmoci,12574
zapamatovatelný,12575
kopka,12576
záchytný,12577
vnitřek,12578
oblouček,12579
nadzvukový,12580
holina,12581
vratný,12582
jestli,12583
snop,12584
uctívaný,12585
vyprávění,12586
nalačno,12587
subjekt,12588
vrhání,12589
přehlédnutí,12590
polepšit,12591
přijímačka,12592
toť,12593
forex,12594
male,12595
katolický,12596
zoufalý,12597
kontroverzní,12598
potyčka,12599
brzda,12600
stroze,12601
což,12602
chlazený,12603
pracovník,12604
grafika,12605
lítý,12606
kroucený,12607
livia,12608
bohém,12609
vánočně,12610
aréna,12611
naživo,12612
prodělávat,12613
přehřívání,12614
farář,12615
injekční,12616
doubek,12617
bal,12618
omdlení,12619
napájet,12620
naturalisticky,12621
políčko,12622
připomenout,12623
doprava,12624
ostroh,12625
zloduch,12626
shůry,12627
komentovat,12628
dorážet,12629
oděrek,12630
kolísavý,12631
vřídelní,12632
formulář,12633
přijímač,12634
lept,12635
doposud,12636
rubat,12637
orientovat,12638
ženský,12639
dril,12640
letitý,12641
znetvoření,12642
mužský,12643
posouvat,12644
tepna,12645
konvička,12646
inhalace,12647
lék,12648
šroub,12649
sledovat,12650
rtuť,12651
bonanza,12652
tejden,12653
dvě,12654
zuřit,12655
odlišně,12656
vysoušení,12657
živený,12658
nášlapný,12659
levný,12660
panoptikum,12661
svědit,12662
zlíbit,12663
bezvadně,12664
frekventovaný,12665
zešílet,12666
jazyk,12667
extrémní,12668
zabrat,12669
rozptýlený,12670
přibýt,12671
bochánek,12672
převládat,12673
zženštilý,12674
vokál,12675
nevěřícně,12676
turbulentní,12677
metan,12678
zásluha,12679
pouze,12680
směle,12681
chvilička,12682
postrach,12683
validní,12684
pařízek,12685
kořenový,12686
samostatně,12687
poklice,12688
připnout,12689
nanášet,12690
trakční,12691
přirůst,12692
minimalizovat,12693
spoluhráč,12694
přebrodit,12695
železo,12696
vinobraní,12697
meteor,12698
souprava,12699
chata,12700
vesnický,12701
příjem,12702
vložit,12703
ekonomicky,12704
klientela,12705
polepšovna,12706
seknout,12707
neonový,12708
striptérka,12709
čupr,12710
úder,12711
havarovat,12712
symbiont,12713
svěřenec,12714
tramp,12715
zpověď,12716
airbag,12717
ledovcový,12718
bučina,12719
trůn,12720
sranda,12721
šlapadlo,12722
udát,12723
smartphone,12724
impulzivně,12725
pákový,12726
havárie,12727
kam,12728
dabing,12729
nížina,12730
řádově,12731
kogenerační,12732
světský,12733
mesa,12734
katetr,12735
značný,12736
zapeklitý,12737
polovina,12738
úvod,12739
přístroj,12740
varovný,12741
rytí,12742
přijímající,12743
souzvuk,12744
vklad,12745
odvrhnout,12746
odumření,12747
kontraproduktivní,12748
sáhnout,12749
konstatovat,12750
konvexní,12751
naležato,12752
prodejný,12753
zametání,12754
konfliktní,12755
kmotr,12756
spolehlivý,12757
pluh,12758
zápasící,12759
blaho,12760
letovisko,12761
smýšlející,12762
eroze,12763
dvoučlenný,12764
billboard,12765
severozápadní,12766
údolní,12767
nastudovat,12768
sofistikovaný,12769
cizorodý,12770
přepravovat,12771
dovádět,12772
skládací,12773
mušketýr,12774
pieta,12775
oslepit,12776
soudný,12777
prozaický,12778
šestka,12779
vozovka,12780
diář,12781
oživit,12782
ochránce,12783
romantik,12784
vystřízlivět,12785
medailón,12786
potápěčský,12787
průliv,12788
doktorka,12789
myeloidní,12790
plavecký,12791
příbor,12792
vrata,12793
vybitý,12794
gestikulace,12795
sesednout,12796
zásnuby,12797
popcorn,12798
bílkový,12799
studnička,12800
bicí,12801
expedice,12802
partie,12803
sentimentálně,12804
pozdně,12805
jednolůžkový,12806
vřele,12807
etický,12808
přesáhnout,12809
nasákavost,12810
docházet,12811
zamluvit,12812
oddělený,12813
podvýživa,12814
říznout,12815
šept,12816
unavení,12817
drink,12818
španělka,12819
indikovat,12820
vyřezat,12821
taký,12822
nesmlouvavý,12823
vozítko,12824
faul,12825
tvořený,12826
nespoutaný,12827
léčba,12828
empatie,12829
porovnávat,12830
vaginální,12831
výmluva,12832
dráždit,12833
ohrádka,12834
nežli,12835
zamrzat,12836
odhalit,12837
hospodářství,12838
zištný,12839
potrat,12840
předstírání,12841
poslouchání,12842
popeleční,12843
plot,12844
monolog,12845
plzeňský,12846
metrový,12847
hroutit,12848
krčmář,12849
gravitační,12850
fotbalista,12851
zážitek,12852
vaskulární,12853
energetický,12854
přemluvit,12855
magie,12856
spřežení,12857
natírání,12858
ocitat,12859
tatíček,12860
bača,12861
přestávat,12862
odpoledne,12863
účinek,12864
podzemní,12865
usmrcený,12866
obratiště,12867
rozpouštět,12868
jód,12869
osvítit,12870
vyjádřit,12871
pozdravovat,12872
civilizace,12873
kazatelna,12874
elektroda,12875
úprk,12876
rozlišovat,12877
čtvrteční,12878
soupeřův,12879
kráter,12880
orbita,12881
zlikvidovat,12882
konzerva,12883
nabíhat,12884
housle,12885
alobal,12886
nováček,12887
hematit,12888
pokřik,12889
večeře,12890
povstat,12891
hromadně,12892
sutina,12893
podzimek,12894
uchopení,12895
zazděný,12896
redukovat,12897
rozložitý,12898
naturel,12899
napínavý,12900
zápalka,12901
valící,12902
minuta,12903
namáhání,12904
čistota,12905
výstřik,12906
mozaika,12907
obstojně,12908
letištní,12909
hydrofobní,12910
destinace,12911
svatyně,12912
znít,12913
toulání,12914
ranger,12915
všelék,12916
větrovský,12917
irský,12918
zázrak,12919
poptat,12920
odborný,12921
krejčíř,12922
manželský,12923
ohlas,12924
tancování,12925
zdůraznit,12926
mše,12927
přímořský,12928
přebrat,12929
likvidovat,12930
dostát,12931
návštěva,12932
místo,12933
zakopnutí,12934
fórum,12935
fáma,12936
sedle,12937
dojet,12938
zapíjet,12939
apetýt,12940
alpa,12941
zakázaný,12942
konvergence,12943
pantomima,12944
společný,12945
lahoda,12946
majstrštyk,12947
kouřící,12948
útvar,12949
bezstarostně,12950
beletrie,12951
hladomor,12952
jinudy,12953
dotáhnout,12954
hrdinně,12955
plavit,12956
rockový,12957
buď,12958
pohoří,12959
zchladit,12960
zádový,12961
mikrobus,12962
turbo,12963
parafín,12964
složenka,12965
skener,12966
zaprášený,12967
muk,12968
tříčtvrteční,12969
margarita,12970
bankomat,12971
dostatečně,12972
zamaskovat,12973
zasklený,12974
úspěšný,12975
zahřátý,12976
zamčený,12977
emigrovat,12978
odumírání,12979
the,12980
přeřadit,12981
komorový,12982
soužit,12983
německý,12984
mužstvo,12985
realismus,12986
frontman,12987
jenomže,12988
pískování,12989
rudný,12990
kostel,12991
pracně,12992
domovní,12993
obsáhlý,12994
estráda,12995
reflexní,12996
odumírat,12997
holič,12998
přepravce,12999
stovka,13000
odvažovat,13001
useknutí,13002
převlečený,13003
slunovrat,13004
radimský,13005
proporčně,13006
story,13007
slovo,13008
lesba,13009
příčina,13010
pilát,13011
kruh,13012
politik,13013
vysázený,13014
zboku,13015
naladit,13016
ztvárnění,13017
plynný,13018
grunt,13019
rámování,13020
bob,13021
nehybnost,13022
grilovat,13023
řecký,13024
dějství,13025
zabavit,13026
výdejní,13027
ham,13028
merkur,13029
spokojit,13030
vytrvalostní,13031
karnevalový,13032
nesmírně,13033
výstřel,13034
reliéf,13035
vdát,13036
objednat,13037
řazený,13038
rozmýšlení,13039
písňový,13040
elektricky,13041
dotazník,13042
pomodlit,13043
sekretářka,13044
lamborghini,13045
přivýdělek,13046
kaz,13047
karikaturista,13048
avatar,13049
rozšiřovat,13050
přebírat,13051
pitka,13052
konkurent,13053
únavný,13054
kuriózní,13055
chamtivost,13056
uhlířský,13057
poptávka,13058
živák,13059
dveřní,13060
uzdravení,13061
malostranský,13062
kopice,13063
barel,13064
přenášející,13065
zahodit,13066
útěcha,13067
strohý,13068
mha,13069
laptop,13070
krocení,13071
přimhouřit,13072
dokreslení,13073
kobalt,13074
krejčová,13075
máchat,13076
spočítat,13077
nač,13078
měšec,13079
dvoulitrový,13080
zachránit,13081
jílkový,13082
morálně,13083
nevěstinec,13084
malibu,13085
varieta,13086
horník,13087
srub,13088
veselský,13089
postřílet,13090
zavrtat,13091
byte,13092
rodilý,13093
hm,13094
posunek,13095
výsadek,13096
vyprazdňování,13097
zračit,13098
medium,13099
pokleknout,13100
béčko,13101
páčidlo,13102
činorodý,13103
klíč,13104
hledaný,13105
vyplývat,13106
dovolená,13107
bulva,13108
foyer,13109
symbol,13110
milodar,13111
triumf,13112
ovum,13113
ponořit,13114
stínítko,13115
tahací,13116
pátek,13117
ozářit,13118
otevřít,13119
špýchar,13120
clausus,13121
ejakulát,13122
nedorozumění,13123
občan,13124
bezvětří,13125
schůdky,13126
performer,13127
teplovodní,13128
šípový,13129
apartmán,13130
klikatící,13131
mizerně,13132
návykový,13133
precizní,13134
podvést,13135
čile,13136
srůst,13137
benigní,13138
souška,13139
zvonící,13140
extáze,13141
vleže,13142
nadledvina,13143
otrokyně,13144
panikařit,13145
prs,13146
výukový,13147
šapitó,13148
přiléhat,13149
minimálně,13150
spin,13151
chlast,13152
tence,13153
konzistentní,13154
dušnost,13155
koloběh,13156
upřesnit,13157
akademický,13158
slunečno,13159
gynekolog,13160
toustovač,13161
mumlal,13162
skýtat,13163
božství,13164
pernod,13165
kornatění,13166
telomera,13167
přítlak,13168
záživný,13169
očkování,13170
záře,13171
trampolína,13172
pitínský,13173
ovládat,13174
častokrát,13175
měsíc,13176
pekař,13177
vroucí,13178
opaření,13179
tatra,13180
cyklista,13181
zachovávat,13182
zneškodnit,13183
hop,13184
buďto,13185
zpředu,13186
díkůvzdání,13187
pojít,13188
harmonicky,13189
relax,13190
epidurální,13191
domyslit,13192
biologie,13193
darwinismus,13194
mailový,13195
vypnout,13196
fragment,13197
současný,13198
kaplička,13199
zhlaví,13200
jih,13201
šofér,13202
humorně,13203
čtyřválec,13204
kulinářský,13205
paradoxní,13206
modla,13207
náhled,13208
vyřádit,13209
inteligent,13210
diverze,13211
rázový,13212
citlivka,13213
instalatér,13214
estetický,13215
výstroj,13216
titan,13217
zčervenání,13218
sedačkový,13219
marcipán,13220
hučet,13221
tchyně,13222
vládce,13223
ničí,13224
porcelánový,13225
ujmout,13226
paleontologický,13227
hostinský,13228
víšek,13229
plavba,13230
živoření,13231
emočně,13232
zhouba,13233
jednoduše,13234
kutný,13235
olovo,13236
průhled,13237
nadávka,13238
rozsypat,13239
reagovat,13240
trpící,13241
park,13242
kamýk,13243
náhodně,13244
sotva,13245
přesnost,13246
popsatelný,13247
uvítat,13248
sítí,13249
kterýž,13250
zaplétat,13251
onak,13252
balík,13253
výletní,13254
pojímat,13255
výstav,13256
kotel,13257
prarodič,13258
mentální,13259
šereda,13260
sud,13261
kolísat,13262
popřípadě,13263
maškarní,13264
nerost,13265
vypětí,13266
úrokový,13267
pomalovaný,13268
velvyslanectví,13269
meditativní,13270
leštěný,13271
odložený,13272
strážní,13273
konkrétní,13274
početí,13275
posunovat,13276
generál,13277
hlinitý,13278
sekaná,13279
náměstí,13280
sek,13281
unášení,13282
přestože,13283
nosnost,13284
vyřezávat,13285
kondolence,13286
melancholie,13287
osvětlení,13288
republika,13289
vysvětlený,13290
iphone,13291
zabraňovat,13292
tříslovina,13293
sportoviště,13294
zrovna,13295
vkládat,13296
vycouvat,13297
mystický,13298
rekreant,13299
dojmout,13300
rozumně,13301
škodlivost,13302
načerpat,13303
mlejn,13304
zvolat,13305
zločin,13306
pyšnící,13307
blikat,13308
pitbul,13309
osvojit,13310
track,13311
trvanlivý,13312
roklina,13313
antioxidant,13314
klubovna,13315
přívoz,13316
margareta,13317
postřelit,13318
ventilační,13319
sparťan,13320
apatický,13321
povětšině,13322
západoafrický,13323
nasávací,13324
most,13325
potřeba,13326
stud,13327
kompostování,13328
percepce,13329
soustava,13330
brouzdal,13331
popraskaný,13332
učit,13333
ambrož,13334
alarm,13335
rozmazávat,13336
důraz,13337
parmezán,13338
kop,13339
přikládat,13340
šílenství,13341
konírna,13342
mýdlový,13343
vstřebat,13344
všemohoucí,13345
hausbót,13346
zaspat,13347
opakovaný,13348
přednemocniční,13349
moc,13350
aerodynamicky,13351
klam,13352
imaginace,13353
karát,13354
poločas,13355
přehřátí,13356
zpočátku,13357
pivo,13358
měřítko,13359
bělohradský,13360
doskok,13361
prostorový,13362
polonahý,13363
primitiv,13364
ovladatelnost,13365
středem,13366
ničitel,13367
protitankový,13368
sendvič,13369
místečko,13370
kapucín,13371
vznikat,13372
vytrpět,13373
opatrovat,13374
onehdy,13375
šroubovák,13376
fantasy,13377
tvořivý,13378
diabetik,13379
vyšetřovat,13380
brutus,13381
chuťovka,13382
přepnout,13383
taškařice,13384
dvoumotorový,13385
pohár,13386
filmový,13387
dostání,13388
earl,13389
naměkko,13390
naváděcí,13391
vydatný,13392
olejomalba,13393
chvíle,13394
zážitkový,13395
zdáli,13396
čí,13397
tváření,13398
podomní,13399
zárodečný,13400
zastřešení,13401
ročně,13402
ubránit,13403
úžina,13404
sitcom,13405
ostatky,13406
terapie,13407
bytí,13408
rybný,13409
jóga,13410
pohled,13411
památkově,13412
námitka,13413
mořeplavec,13414
kolem,13415
rádce,13416
asexuální,13417
benešovský,13418
nahrávat,13419
potřást,13420
bat,13421
chmurný,13422
průvod,13423
kladrubský,13424
poznání,13425
abdominální,13426
zvaný,13427
jaksi,13428
vysazení,13429
canisterapie,13430
ořechovka,13431
stíhání,13432
prevence,13433
převýšení,13434
pergamen,13435
spektrum,13436
takto,13437
zkrácený,13438
vodoměr,13439
frej,13440
džem,13441
četnost,13442
chodník,13443
převozník,13444
lezení,13445
pulpa,13446
kojná,13447
sestřenice,13448
kombi,13449
škvára,13450
fondue,13451
pastorkyně,13452
násilí,13453
masáž,13454
učivo,13455
dostřel,13456
karavana,13457
utajit,13458
gynekologický,13459
nutně,13460
vysušování,13461
mostek,13462
organizátor,13463
přeprava,13464
róba,13465
pomněnka,13466
schéma,13467
obřad,13468
koketní,13469
rezistence,13470
chrastina,13471
začínat,13472
uzavírat,13473
sírový,13474
asertivní,13475
vyhostit,13476
parodie,13477
lanový,13478
velkorysý,13479
pletení,13480
fasádní,13481
nesmyslně,13482
zoofilie,13483
slovanský,13484
mošna,13485
znamenat,13486
zvěst,13487
zasáhnout,13488
sloka,13489
zvolit,13490
nahoře,13491
ligový,13492
pocházející,13493
překladatel,13494
mníšek,13495
arytmie,13496
deficit,13497
ústupek,13498
obětavý,13499
pacientův,13500
navrchu,13501
tanečnice,13502
alibi,13503
unavovat,13504
polárník,13505
vyhodit,13506
děj,13507
hamerský,13508
mačeta,13509
klenotník,13510
kuželový,13511
medaile,13512
fréza,13513
legie,13514
mravný,13515
přehřívat,13516
záskok,13517
dovoz,13518
stékat,13519
opak,13520
minipivovar,13521
webový,13522
bujarý,13523
vlastenectví,13524
určovat,13525
delta,13526
mazánek,13527
upoutávat,13528
chlapecký,13529
atraktivita,13530
množící,13531
ambit,13532
tam,13533
pažit,13534
plíživě,13535
superb,13536
sakristie,13537
naslouchání,13538
suis,13539
minutě,13540
vkus,13541
sešívaný,13542
mermomocí,13543
ozařování,13544
opomíjený,13545
kuse,13546
chátrající,13547
scorpio,13548
šachovnice,13549
remíza,13550
mlékárna,13551
vyvažování,13552
proměnlivost,13553
stěžovat,13554
opozdit,13555
kýl,13556
četník,13557
odznak,13558
sklánět,13559
tišící,13560
motoráček,13561
šerpa,13562
uklouznutí,13563
narušovat,13564
čedič,13565
tlumič,13566
zhluboka,13567
postřelený,13568
zakusit,13569
kunda,13570
rozpoložení,13571
knap,13572
pročistit,13573
svěrač,13574
výstava,13575
kulečníkový,13576
břímě,13577
dungeon,13578
průzračnost,13579
ztrapnit,13580
okrsek,13581
šibeniční,13582
dorostenka,13583
moderně,13584
kompozice,13585
smělý,13586
vyorat,13587
cílený,13588
nesení,13589
strádání,13590
pořádný,13591
problémový,13592
souložit,13593
gól,13594
olověný,13595
skromně,13596
koridor,13597
podříznout,13598
ekvádor,13599
šelf,13600
úzkostně,13601
habitat,13602
estrogen,13603
sima,13604
posuzování,13605
účelově,13606
marný,13607
životaschopnost,13608
rychlebský,13609
zvěrolékař,13610
legenda,13611
odvážně,13612
porážka,13613
neznámý,13614
zdůvodnit,13615
slibovat,13616
březovský,13617
komplikace,13618
minomet,13619
zběžně,13620
žemle,13621
rozevření,13622
hnojit,13623
napájení,13624
sběrač,13625
hladovějící,13626
starodávný,13627
koktání,13628
vzpurný,13629
socialistický,13630
spatřovat,13631
leucin,13632
chlebový,13633
vytvarovaný,13634
kvalitní,13635
detekce,13636
přichystat,13637
oslava,13638
náležet,13639
zjevení,13640
černínský,13641
šikovně,13642
pohanský,13643
manévr,13644
dušička,13645
rosa,13646
ústraní,13647
subjektivně,13648
rentgenový,13649
popadnout,13650
přílep,13651
přelétnout,13652
fyziologicky,13653
označený,13654
důchodce,13655
újma,13656
roubík,13657
výluh,13658
stařešina,13659
levitující,13660
pitvat,13661
protijed,13662
utnout,13663
kolorit,13664
hladovění,13665
rytmický,13666
detail,13667
piknik,13668
bubnový,13669
přesvědčený,13670
nadhled,13671
dostavník,13672
soupeř,13673
zvídavost,13674
vyznání,13675
laciný,13676
ruml,13677
přednosta,13678
ostentativně,13679
komplikovat,13680
hana,13681
silový,13682
podrobný,13683
diabetický,13684
hlídkující,13685
přerušovaný,13686
čin,13687
reprezentovat,13688
brutálně,13689
nadchnout,13690
crash,13691
zaprvé,13692
filtrace,13693
vlažný,13694
gastrointestinální,13695
obsadit,13696
transfúze,13697
chorchoj,13698
naložený,13699
odreagovat,13700
žárlit,13701
nastavovat,13702
úplavice,13703
prokázání,13704
burka,13705
kliment,13706
zalití,13707
labský,13708
fixovat,13709
podvod,13710
solení,13711
obraně,13712
pérák,13713
bedlivě,13714
zastiňovat,13715
štěstěna,13716
daný,13717
zeptat,13718
drážka,13719
dokumentární,13720
sochor,13721
testovat,13722
úvaha,13723
dunět,13724
obdivně,13725
servilní,13726
vyšívaný,13727
restaurace,13728
udržovat,13729
dragon,13730
rostoucí,13731
glorie,13732
kalit,13733
kapsle,13734
sledovací,13735
plný,13736
stráž,13737
tandemový,13738
konzervovaný,13739
točení,13740
kino,13741
slot,13742
bonton,13743
sonda,13744
hradecký,13745
záhonek,13746
videoklip,13747
chytře,13748
správný,13749
pařba,13750
žádný,13751
desítka,13752
barbie,13753
plíživý,13754
humoreska,13755
libyjský,13756
klátit,13757
řezbářský,13758
svrhnout,13759
šatičky,13760
strojovna,13761
svézt,13762
vysušovat,13763
poškozovat,13764
ocel,13765
podrazit,13766
zarůstající,13767
mandel,13768
vkusný,13769
lulo,13770
kníže,13771
mlácení,13772
botička,13773
komfortní,13774
spoření,13775
portugalský,13776
dekor,13777
dělník,13778
groteska,13779
losovat,13780
new,13781
zdravotník,13782
krychle,13783
konverzace,13784
nitrožilně,13785
pasovat,13786
sokolovna,13787
navštěvovaný,13788
vzor,13789
ohlašovat,13790
plasticky,13791
vizitka,13792
bezhlavě,13793
rekonstrukce,13794
obřadní,13795
přičemž,13796
terorista,13797
komicky,13798
orchestr,13799
petrklíč,13800
meditovat,13801
ovšem,13802
klap,13803
rozrušený,13804
napravitelně,13805
tragedie,13806
vstupovat,13807
štěrbinový,13808
otáčení,13809
fascinovaný,13810
rozestavěný,13811
velkolepý,13812
blížící,13813
chvilkový,13814
lilium,13815
tatar,13816
arteriální,13817
prosakovat,13818
pelech,13819
adventní,13820
komunista,13821
dojít,13822
zvážit,13823
třímat,13824
valbový,13825
vojín,13826
pobývat,13827
realista,13828
nesmrtelnost,13829
hruškový,13830
saxofon,13831
matrix,13832
filtrování,13833
shovívavý,13834
omrzlina,13835
bohatýr,13836
tvoření,13837
kačerův,13838
kosíř,13839
instalace,13840
jachta,13841
zručný,13842
kúra,13843
zastrašování,13844
nárožný,13845
žonglování,13846
objet,13847
ježíškův,13848
studeno,13849
opilost,13850
tajuplný,13851
plantáž,13852
vesta,13853
improvizace,13854
čtecí,13855
novodobý,13856
premiérový,13857
převyprávět,13858
nerostný,13859
antikrist,13860
dozrávající,13861
zkřížit,13862
stříbrno,13863
firewall,13864
astronaut,13865
specializace,13866
papa,13867
obsluhovat,13868
nepochybně,13869
degenerativní,13870
spořitelní,13871
skopičina,13872
brusný,13873
vyobrazený,13874
perspektiva,13875
řešený,13876
rozměrově,13877
stínit,13878
volejbal,13879
vnějšek,13880
naivně,13881
kauce,13882
nádraží,13883
inspirující,13884
taktika,13885
tvrdit,13886
nesporně,13887
gangster,13888
oplechování,13889
důstojnost,13890
opad,13891
vlastnost,13892
vítězit,13893
příležitost,13894
dílko,13895
slabika,13896
ležící,13897
míle,13898
produkující,13899
užitný,13900
interakce,13901
nestor,13902
mytí,13903
prozkoumat,13904
zhojit,13905
doprostřed,13906
vystřelení,13907
odlehčený,13908
film,13909
plynulý,13910
klamat,13911
odeznění,13912
pečínka,13913
okolo,13914
václavský,13915
původní,13916
znečistění,13917
zaostřit,13918
hurikán,13919
bon,13920
svolávat,13921
ošemetný,13922
navrátit,13923
chilský,13924
zahradit,13925
peptid,13926
pokácet,13927
rozmělnění,13928
právě,13929
přetrvávat,13930
odkládat,13931
originální,13932
sloupek,13933
přinášející,13934
obsluha,13935
bezvládně,13936
etnický,13937
prostudovat,13938
kolegyně,13939
šmejkat,13940
zrzek,13941
spalovací,13942
přezdívaný,13943
myšlení,13944
ponořený,13945
albína,13946
podhled,13947
přívětivý,13948
touchpad,13949
výsměch,13950
silikonový,13951
peprný,13952
drastický,13953
mile,13954
exil,13955
rohanský,13956
nešvar,13957
strast,13958
civilista,13959
úžeh,13960
narkóza,13961
většina,13962
propukat,13963
uživatelsky,13964
téma,13965
nořit,13966
patolog,13967
identifikovat,13968
zastavovat,13969
vajda,13970
zemřít,13971
přivést,13972
negr,13973
obsah,13974
nouzově,13975
strouha,13976
turba,13977
radista,13978
úryvek,13979
překlopit,13980
cimbál,13981
nálevka,13982
přetřes,13983
povětří,13984
tucet,13985
uchylovat,13986
jízdenka,13987
prázdninový,13988
rozsah,13989
alarmující,13990
cikánský,13991
básníkův,13992
přitahující,13993
pokud,13994
fontánka,13995
toufar,13996
chopit,13997
lecco,13998
napadení,13999
zaskočený,14000
panel,14001
nastudování,14002
rozčilený,14003
tělocvična,14004
majetek,14005
zajet,14006
každopádně,14007
iridium,14008
dělnictvo,14009
sgrafito,14010
palivový,14011
vrchovina,14012
poslušný,14013
dělající,14014
sklon,14015
zabalit,14016
nepříjemnost,14017
pohrdání,14018
barvířský,14019
kotva,14020
alkaloid,14021
paleontologie,14022
vnouček,14023
proteinový,14024
border,14025
gramotnost,14026
zdokumentovaný,14027
kýč,14028
dabér,14029
stínící,14030
bronz,14031
extrém,14032
aklimatizační,14033
sebevědomý,14034
lenka,14035
pi,14036
obsáhnout,14037
lucinka,14038
poprat,14039
kauza,14040
pohoštění,14041
polykarbonát,14042
octnout,14043
čtyřjádrový,14044
zdánlivě,14045
bojiště,14046
několikadenní,14047
vladyka,14048
psychika,14049
svatojánský,14050
dávno,14051
cartridge,14052
soul,14053
kmotra,14054
kana,14055
mizení,14056
peleta,14057
léčit,14058
vybíhající,14059
statický,14060
závazný,14061
úmorný,14062
úval,14063
dělnický,14064
sešlápnutí,14065
drtič,14066
foxtrot,14067
ztrácet,14068
dakota,14069
kilokalorie,14070
vyhláška,14071
objev,14072
encyklopedie,14073
rosný,14074
gramofon,14075
hojení,14076
roubování,14077
telka,14078
světově,14079
roklinka,14080
tíha,14081
podhoří,14082
dekorovaný,14083
uher,14084
vyznačující,14085
strpení,14086
poryv,14087
navštívit,14088
pohodlně,14089
revmatoidní,14090
vrakoviště,14091
proroctví,14092
fantazijní,14093
seržant,14094
zvětralý,14095
ungelt,14096
mejdan,14097
nožní,14098
znečišťovat,14099
populární,14100
granátový,14101
inspirovaný,14102
vybíravě,14103
myšlenka,14104
lůza,14105
aerobik,14106
výměník,14107
včasný,14108
japonský,14109
načíst,14110
sušička,14111
telepatický,14112
geotermální,14113
osvětlovat,14114
panoš,14115
dvorec,14116
rodičovství,14117
lesbička,14118
postačit,14119
pentagram,14120
samospád,14121
živobytí,14122
rozprostírat,14123
prvotina,14124
úředník,14125
pohodový,14126
znalý,14127
majitel,14128
žalář,14129
diskuse,14130
prokázaný,14131
havarovaný,14132
lep,14133
změknutí,14134
recyklovaný,14135
česaný,14136
průzkumník,14137
etuda,14138
koledník,14139
hit,14140
barvička,14141
srdcový,14142
spolehnout,14143
zčervenat,14144
železa,14145
brod,14146
reggae,14147
oddělit,14148
vyobrazit,14149
letenský,14150
bouřlivák,14151
symetrie,14152
polstrování,14153
zívání,14154
rynek,14155
kdes,14156
alt,14157
komentovaný,14158
zloba,14159
personifikace,14160
nacista,14161
dvoulitr,14162
rozmar,14163
svatý,14164
satelit,14165
zásoba,14166
sňatek,14167
vyvíjející,14168
vyložit,14169
oslnivě,14170
mocný,14171
kamelot,14172
navlékání,14173
korkový,14174
našetřený,14175
vypařovat,14176
zajímat,14177
úcta,14178
bratránek,14179
stavitel,14180
vyschnout,14181
zastřelený,14182
naráz,14183
uvolněně,14184
přizpůsobování,14185
palečka,14186
rytmicky,14187
ventilátor,14188
příčka,14189
taxikář,14190
kvalita,14191
pražit,14192
dráb,14193
úžlabí,14194
figurovat,14195
zoomování,14196
procházet,14197
vložka,14198
doják,14199
opatův,14200
dálkově,14201
rekordně,14202
světlost,14203
vyměňovat,14204
koženky,14205
odplout,14206
žitě,14207
sukničkář,14208
vystoupat,14209
rozmlouvat,14210
pokušení,14211
šrot,14212
antiseptický,14213
mozkomíšní,14214
etnikum,14215
hydratovaný,14216
existenciální,14217
he,14218
kolíbat,14219
krvácivý,14220
výzbroj,14221
tužkový,14222
severoafrický,14223
bluetooth,14224
přívodní,14225
zazdít,14226
koloidní,14227
zničený,14228
zet,14229
podhájí,14230
poslouchat,14231
přístav,14232
bar,14233
provazník,14234
odsouzenec,14235
pomazánka,14236
potopený,14237
éter,14238
idea,14239
skalice,14240
infiltrovat,14241
tlumit,14242
obíhající,14243
kufřík,14244
sklápění,14245
vymluvit,14246
lákavě,14247
potenciální,14248
nářadí,14249
výchylka,14250
sakura,14251
příchozí,14252
než,14253
ženšen,14254
platan,14255
protiletadlový,14256
vzepřít,14257
uhasit,14258
práskač,14259
buket,14260
procitnutí,14261
odstřel,14262
holba,14263
kapitánský,14264
přítlačný,14265
vokálně,14266
konstruktér,14267
visací,14268
opotřebení,14269
značně,14270
butik,14271
chabý,14272
rozbouřený,14273
pracoviště,14274
natrefit,14275
lanovka,14276
aerolinka,14277
gradient,14278
parašutista,14279
pospěch,14280
opotřebovaný,14281
jakože,14282
novoroční,14283
egoistický,14284
obklopit,14285
doladit,14286
roztažnost,14287
třít,14288
nasazovat,14289
tušený,14290
užasle,14291
odcházející,14292
rozpadat,14293
psychiatr,14294
protihráč,14295
charakterní,14296
vypovídat,14297
pianista,14298
kilt,14299
pasivní,14300
gotika,14301
řemeslo,14302
mimochodem,14303
konstituce,14304
jiskřivý,14305
dolina,14306
oslovení,14307
styk,14308
metabolit,14309
zasahovat,14310
jakkoli,14311
spoutaný,14312
prohnilý,14313
ovesný,14314
scrabble,14315
nájemce,14316
kysličník,14317
hort,14318
lumbální,14319
polodrahokam,14320
ošklivost,14321
manipulovat,14322
otrávení,14323
kontraindikace,14324
stratég,14325
slonovinový,14326
pokochat,14327
severní,14328
dóza,14329
kriminalista,14330
náplň,14331
chlór,14332
hospodaření,14333
soukromí,14334
nocturno,14335
majitelka,14336
zhotovený,14337
kriminálka,14338
můstek,14339
ischemický,14340
párování,14341
vzdušnost,14342
magnetický,14343
stárnout,14344
porodnice,14345
nejistota,14346
vitro,14347
desatero,14348
napínat,14349
rozpoznání,14350
čarování,14351
prachovský,14352
sepnout,14353
zdánlivý,14354
čajka,14355
mince,14356
lupina,14357
editovat,14358
erotogenní,14359
zoubkový,14360
pojezd,14361
humbuk,14362
horkovzdušný,14363
menstruační,14364
věrohodný,14365
přepad,14366
uprchlík,14367
smoking,14368
soběstačný,14369
explodovat,14370
kopáček,14371
sex,14372
úvěr,14373
kamión,14374
točna,14375
posilovna,14376
jednodílný,14377
točně,14378
chrámový,14379
naštvání,14380
fair,14381
kvapit,14382
papírově,14383
oborový,14384
besídka,14385
odletový,14386
zadnice,14387
vinárna,14388
oř,14389
exodus,14390
lyžař,14391
sekyra,14392
pošetilost,14393
objednávat,14394
průvodčí,14395
plazmový,14396
ztvárňovat,14397
tristní,14398
zulíbání,14399
mizerný,14400
long,14401
kolová,14402
noblesní,14403
superhrdinský,14404
protažení,14405
keňa,14406
trvalý,14407
rovnice,14408
parník,14409
bezvodý,14410
podnět,14411
důvěrně,14412
rozsekat,14413
prostřelit,14414
vědomě,14415
okr,14416
mezera,14417
nabíjet,14418
dělání,14419
reklama,14420
bagr,14421
vydělat,14422
vyznívat,14423
zasypaný,14424
přivítat,14425
kavkazský,14426
zarůstání,14427
pentle,14428
kolonizátor,14429
učinit,14430
okolní,14431
napájecí,14432
ochucení,14433
vyplatit,14434
smetánka,14435
zastavěný,14436
nulový,14437
dočkat,14438
vězet,14439
kobercový,14440
pomníček,14441
vlakový,14442
reum,14443
nakladatel,14444
intersticiální,14445
rampa,14446
znečišťující,14447
výmysl,14448
článek,14449
lednický,14450
vida,14451
spojenec,14452
určování,14453
vysvětlení,14454
vymýšlení,14455
zanedlouho,14456
běžkař,14457
vinnost,14458
kasat,14459
zaparkovat,14460
vodovodní,14461
žádat,14462
výbojka,14463
citlivě,14464
oslavovat,14465
obuv,14466
mela,14467
zmražený,14468
honěný,14469
cíleně,14470
absurdně,14471
bengálský,14472
wikipedie,14473
čestný,14474
slušný,14475
sebevíce,14476
princip,14477
westernový,14478
uvedený,14479
pantáta,14480
genius,14481
stylový,14482
veranda,14483
sužovat,14484
pěšky,14485
vyvolat,14486
fatální,14487
jitro,14488
dostavit,14489
skladatel,14490
nosič,14491
úžas,14492
ohýbat,14493
sochařství,14494
zmizelý,14495
přídavný,14496
třicátník,14497
pat,14498
sixtinský,14499
vycítit,14500
nápaditě,14501
rasista,14502
zdůvodnění,14503
oslnit,14504
opatrnost,14505
prakticky,14506
kostelecký,14507
zachycení,14508
cigaretový,14509
spojenecký,14510
navštěvující,14511
seskok,14512
sádrový,14513
pokazit,14514
obtěžování,14515
pahorkatina,14516
nestoudný,14517
rozříznout,14518
trpišovský,14519
vina,14520
zhasínat,14521
utrpení,14522
multimediální,14523
zařídit,14524
pustošit,14525
vhazování,14526
vysvětlit,14527
léčivo,14528
zbavovat,14529
příbuznost,14530
mikrovlnný,14531
pití,14532
kotlina,14533
našetřit,14534
mlynář,14535
jednotný,14536
loch,14537
vložený,14538
logo,14539
tabu,14540
strážný,14541
nicméně,14542
slovní,14543
asfalt,14544
zčernat,14545
národní,14546
koncentrace,14547
plamenný,14548
hovorový,14549
portrét,14550
vynikající,14551
protivítr,14552
tančení,14553
pyšnit,14554
strakonický,14555
fylogeneze,14556
župan,14557
reálný,14558
přetahovat,14559
televizor,14560
přijmout,14561
trauma,14562
himálajský,14563
polička,14564
seveřan,14565
vynést,14566
brázda,14567
napočítat,14568
místy,14569
špalkový,14570
tabule,14571
unikající,14572
karamelový,14573
entropie,14574
lek,14575
roztroušený,14576
shodnout,14577
polotmavý,14578
lstivý,14579
obdařený,14580
loajální,14581
medailonek,14582
intravenózní,14583
žďárský,14584
fanda,14585
uvolněný,14586
čekárna,14587
obnošený,14588
vypuknout,14589
vývoz,14590
nerv,14591
scenárista,14592
pracovnice,14593
šenk,14594
gastro,14595
šarm,14596
zastřený,14597
tábořit,14598
terra,14599
jumping,14600
závodní,14601
bos,14602
žokej,14603
podfuk,14604
ošacení,14605
glykemický,14606
využívat,14607
triáda,14608
demokrat,14609
svědek,14610
škop,14611
zveřejňovat,14612
prvek,14613
humánní,14614
přiblížení,14615
medikamentózní,14616
intermediální,14617
zlodějský,14618
soukmenovec,14619
obviněný,14620
ukrývající,14621
simplex,14622
propracovaný,14623
přebor,14624
bobtnání,14625
utržit,14626
křest,14627
slušně,14628
projekce,14629
podfukář,14630
objednávka,14631
odměna,14632
outsider,14633
suverénně,14634
vévodkyně,14635
traumatizující,14636
romance,14637
samorost,14638
přívod,14639
olizování,14640
chudoba,14641
fiber,14642
únos,14643
ikona,14644
prezentovat,14645
operátor,14646
ohřívač,14647
balení,14648
archanděl,14649
crack,14650
chrastí,14651
stereotypní,14652
gong,14653
uvnitř,14654
pivovar,14655
tání,14656
zneužít,14657
uvést,14658
týniště,14659
zapít,14660
uklízet,14661
semlít,14662
povolenka,14663
střílna,14664
břemeno,14665
juniorka,14666
výraz,14667
okenní,14668
magma,14669
nula,14670
velkoklub,14671
anonym,14672
vychovat,14673
chinin,14674
tomka,14675
intelektuál,14676
kokot,14677
stánek,14678
výtvarně,14679
vyzpytatelný,14680
truhla,14681
přímka,14682
gang,14683
střed,14684
niterný,14685
točitý,14686
souvrství,14687
římský,14688
ubýt,14689
úspěch,14690
modus,14691
ztroskotanec,14692
vozidlo,14693
blanský,14694
lidově,14695
výprava,14696
troll,14697
odklidit,14698
šindel,14699
emociální,14700
subkontinent,14701
desetiletí,14702
prodat,14703
liz,14704
filipovský,14705
hongkongský,14706
vysmívat,14707
mimopracovní,14708
nevěra,14709
drasticky,14710
úchylka,14711
oděr,14712
markový,14713
majestátnost,14714
zemědělsky,14715
arch,14716
odkrytý,14717
hošek,14718
inzulín,14719
vrchol,14720
náhodou,14721
štafeta,14722
komplet,14723
armáda,14724
styl,14725
klasicky,14726
rozum,14727
žoldnéř,14728
roztáčet,14729
výšlap,14730
pekárna,14731
svršky,14732
zhostit,14733
primářka,14734
pořízený,14735
hlavinka,14736
zaseknout,14737
pyrenejský,14738
rozlévat,14739
višňovský,14740
gel,14741
stěrka,14742
underground,14743
filmař,14744
bombardovat,14745
levice,14746
nadílka,14747
připlout,14748
sonický,14749
krasový,14750
přestavěný,14751
průměr,14752
přírodovědecký,14753
připevňovat,14754
renální,14755
návěs,14756
lepení,14757
malůvka,14758
mnohočetný,14759
zuřivý,14760
šíření,14761
zaměstnanec,14762
třtinový,14763
masérka,14764
umývač,14765
monotónní,14766
zplodit,14767
seřídit,14768
ochranářský,14769
křížovka,14770
sezamový,14771
dvouletka,14772
okouzlit,14773
vzorový,14774
zabíhat,14775
zemánek,14776
úleva,14777
nadšený,14778
ordinace,14779
atraktivně,14780
katapultovat,14781
retriever,14782
narušený,14783
šetrný,14784
liberecký,14785
vniknout,14786
setrvačník,14787
zahradníková,14788
bor,14789
vytvářející,14790
vyhrožovat,14791
morfologický,14792
upravit,14793
smějící,14794
příloha,14795
vrátný,14796
důstojník,14797
diabet,14798
zavrhnout,14799
orlovský,14800
diskusní,14801
vznešenost,14802
surfař,14803
útulný,14804
antikvariát,14805
kaspický,14806
dramaturgie,14807
jas,14808
prchnout,14809
konto,14810
novinář,14811
čekající,14812
switch,14813
zábrana,14814
věcný,14815
zákoník,14816
střídající,14817
podvědomí,14818
katastrofa,14819
dláto,14820
krokus,14821
ohřívání,14822
stupačka,14823
remizovat,14824
bázeň,14825
pěstování,14826
kochat,14827
odpařování,14828
podlaží,14829
vítězný,14830
táboření,14831
zásadně,14832
myšlený,14833
změřit,14834
napomáhat,14835
hyaluronový,14836
amatérský,14837
demence,14838
turmalín,14839
pinďa,14840
čtenářka,14841
talířový,14842
zodpovědět,14843
šamanismus,14844
vyplnit,14845
porcelán,14846
zákryt,14847
zdržet,14848
jedině,14849
taxi,14850
lovkyně,14851
formaldehyd,14852
černošský,14853
stahovat,14854
hovor,14855
příjemce,14856
monzunový,14857
vysušit,14858
usazenina,14859
zlínský,14860
kriminálník,14861
binární,14862
křesťanský,14863
odradit,14864
ani,14865
odvážit,14866
mangan,14867
rozdílný,14868
sběratel,14869
krystalický,14870
vypíchnout,14871
fyzický,14872
fanfára,14873
aron,14874
bezpečně,14875
quercus,14876
madona,14877
relikviář,14878
výhradní,14879
proklít,14880
klamný,14881
kontrolovaný,14882
skutečnost,14883
party,14884
ložní,14885
záměna,14886
vézt,14887
předně,14888
pradávný,14889
alfa,14890
rozpouštědlo,14891
vybírání,14892
laskavě,14893
nastupovat,14894
rytina,14895
rozpuštěný,14896
napohled,14897
stoupenec,14898
momentálně,14899
mikrovlna,14900
trojče,14901
prohřešek,14902
hotelový,14903
zničit,14904
alkoholický,14905
zádveří,14906
ostudný,14907
fotbalový,14908
nocleh,14909
vydedukovat,14910
obdiv,14911
vytočení,14912
experimentování,14913
sběratelský,14914
přitlačit,14915
kolo,14916
škoda,14917
primárně,14918
prám,14919
pře,14920
slohový,14921
rande,14922
pasivně,14923
všehomír,14924
šumět,14925
provedený,14926
lože,14927
černokostelecký,14928
řemeslník,14929
ustlat,14930
středočeský,14931
vydávající,14932
sestřelení,14933
bivak,14934
sledování,14935
domýšlivý,14936
pomalu,14937
parcela,14938
viďte,14939
skryt,14940
bratranec,14941
opona,14942
poslání,14943
učeň,14944
měnící,14945
guvernér,14946
vypařit,14947
přístřeší,14948
zaměření,14949
zastupovat,14950
přemísťovat,14951
provozovna,14952
říše,14953
kuráž,14954
příkrý,14955
neuróza,14956
hokejový,14957
jackpot,14958
imaginativní,14959
přemalovat,14960
žánrově,14961
stan,14962
harfa,14963
amatér,14964
kavárna,14965
krupice,14966
medik,14967
vypláchnout,14968
chrlení,14969
jakto,14970
rébus,14971
celistvý,14972
dopracovat,14973
slipy,14974
dominovat,14975
jícha,14976
crossover,14977
skotský,14978
krytina,14979
mylný,14980
monokultura,14981
kadmium,14982
norton,14983
motel,14984
probíhat,14985
částicový,14986
základně,14987
odkudkoli,14988
viník,14989
soutok,14990
mysl,14991
uhlíkový,14992
rychle,14993
pospas,14994
přínosný,14995
člen,14996
ochromující,14997
draze,14998
komorní,14999
vodárna,15000
topný,15001
hradiště,15002
upoutaný,15003
postřikovač,15004
hodnocený,15005
šlechta,15006
leukémie,15007
ujímat,15008
srdcovka,15009
koupit,15010
sprchování,15011
formulace,15012
shlukování,15013
studie,15014
víno,15015
slovíčkaření,15016
sediment,15017
syrovátka,15018
odliv,15019
sklouznout,15020
názorný,15021
olejný,15022
groš,15023
přístavba,15024
aktivita,15025
trolejový,15026
šetrně,15027
narazit,15028
systolický,15029
chirurg,15030
relativní,15031
malířka,15032
plecháč,15033
učitelka,15034
pohádkář,15035
podvazkový,15036
cukrárna,15037
dural,15038
kaliště,15039
záškrt,15040
nalepený,15041
poeticky,15042
odvaha,15043
fenomén,15044
kolísání,15045
chucpe,15046
bojar,15047
přecházet,15048
vodění,15049
hrách,15050
videorekordér,15051
komplic,15052
zdrženlivý,15053
lučina,15054
kdekoli,15055
sárí,15056
hrabůvka,15057
groteskně,15058
nashledanou,15059
dramaturg,15060
přeneseně,15061
prchavý,15062
lord,15063
žumpa,15064
výhled,15065
nakousnout,15066
napuštění,15067
řezný,15068
tříbodový,15069
babi,15070
scénický,15071
morana,15072
rozepnout,15073
ochotně,15074
mizící,15075
patologicky,15076
kuchařský,15077
zoufalec,15078
zobrazování,15079
strukturovaný,15080
muzikálový,15081
leckde,15082
severoatlantický,15083
narcis,15084
svěrací,15085
odbývat,15086
koroze,15087
závěr,15088
trénink,15089
dovolit,15090
okysličení,15091
kotevní,15092
tango,15093
zařízený,15094
rezidence,15095
přihodit,15096
kontinentální,15097
plynout,15098
útočně,15099
karcinom,15100
výbor,15101
kosmonaut,15102
prudce,15103
afghánský,15104
bohatství,15105
rozléhat,15106
kaple,15107
pokání,15108
instalovaný,15109
uchopitelný,15110
uvítaný,15111
cappuccino,15112
hostování,15113
antonov,15114
atmosféra,15115
záblesk,15116
již,15117
opuštění,15118
gulag,15119
soupeření,15120
vývod,15121
sněmovní,15122
vyhledat,15123
dispečink,15124
žebřík,15125
obořit,15126
kádr,15127
kompresor,15128
týž,15129
zmlátit,15130
dýmějový,15131
železitý,15132
hodovní,15133
senzace,15134
slanost,15135
uspokojivě,15136
seznámit,15137
souhlasit,15138
podávání,15139
fyzicky,15140
mariáš,15141
štěpit,15142
odmítání,15143
ozón,15144
předejít,15145
komandér,15146
čiperný,15147
páleník,15148
ronově,15149
drahocenný,15150
opřený,15151
popisný,15152
střežení,15153
servírka,15154
veselice,15155
diskutovat,15156
vstřelit,15157
kulisa,15158
vyplachování,15159
biblický,15160
podaný,15161
koma,15162
rukopis,15163
povznášet,15164
štáb,15165
vystřelovací,15166
rodný,15167
vychrlit,15168
odtud,15169
trnový,15170
tušící,15171
rafinovaně,15172
pykat,15173
specialita,15174
eskymo,15175
zpátky,15176
junior,15177
provazec,15178
slepě,15179
mačkání,15180
opozdilec,15181
ucpání,15182
utíkající,15183
slídil,15184
romantizmus,15185
škrt,15186
vaz,15187
zranění,15188
simulovat,15189
doplněk,15190
lada,15191
fetální,15192
kovárna,15193
man,15194
znepokojení,15195
smyčka,15196
gripen,15197
naivita,15198
mitochondrie,15199
vynalézavost,15200
son,15201
druhak,15202
zmenšený,15203
mlčky,15204
snižovat,15205
bezpočet,15206
bonboniéra,15207
rozvojový,15208
porážet,15209
opláštění,15210
znepokojovat,15211
husitský,15212
rozseknout,15213
sehnání,15214
postapokalyptický,15215
uložit,15216
poslanec,15217
makro,15218
barvený,15219
větrání,15220
lid,15221
zastávka,15222
bližní,15223
podceňovat,15224
nákupní,15225
masový,15226
kombinovat,15227
taneční,15228
zavalení,15229
odpočinek,15230
herink,15231
reprezentace,15232
plen,15233
manévrovatelnost,15234
vyčistit,15235
nakřivo,15236
svátek,15237
milosrdně,15238
přikývnout,15239
fanklub,15240
širokoúhlý,15241
parkování,15242
vágní,15243
civilní,15244
včelařství,15245
přeměňovat,15246
paliativní,15247
pradávno,15248
důsledný,15249
pustevna,15250
stereotyp,15251
inspirovat,15252
nacházet,15253
kotviště,15254
atlas,15255
vyrobený,15256
stále,15257
považovaný,15258
parný,15259
rokenrol,15260
mariánský,15261
dyslexie,15262
příbuzenský,15263
zamést,15264
uhánět,15265
utišit,15266
zával,15267
uměle,15268
outdoorový,15269
máje,15270
nasedat,15271
podsvícení,15272
koutský,15273
výletník,15274
opěvovat,15275
flegmatik,15276
začít,15277
ustání,15278
la,15279
halit,15280
obdělávaný,15281
spatra,15282
králův,15283
stylizace,15284
nízkonákladový,15285
air,15286
zamaskování,15287
biopalivo,15288
románek,15289
úhlový,15290
stékající,15291
názor,15292
dřevostavba,15293
veškerý,15294
laskomina,15295
vlát,15296
odebraný,15297
ledově,15298
žalm,15299
sousedství,15300
pochodeň,15301
podplukovník,15302
polednice,15303
beranidlo,15304
následek,15305
nečekaný,15306
pleso,15307
podzámčí,15308
zdevastovaný,15309
hormonálně,15310
router,15311
periskop,15312
drama,15313
ozařovat,15314
bláznivě,15315
vyhozený,15316
rozbít,15317
náměstek,15318
přivítání,15319
živě,15320
činoherní,15321
vyvážet,15322
marina,15323
tahač,15324
koks,15325
lahůdkářství,15326
potrestat,15327
odejít,15328
malíkový,15329
příznivec,15330
vpravit,15331
publikovaný,15332
znaménko,15333
prenatální,15334
komfort,15335
prozkoumání,15336
zachtít,15337
vysmát,15338
replika,15339
saloon,15340
detailně,15341
parafráze,15342
srandovní,15343
parlament,15344
click,15345
minerálka,15346
vedrat,15347
folk,15348
posunout,15349
krátkost,15350
namáčení,15351
myslitel,15352
mužův,15353
abstrakce,15354
přídatný,15355
javorský,15356
čekání,15357
kapotáž,15358
stodůlka,15359
webdesign,15360
pomsta,15361
oplývající,15362
troubit,15363
síla,15364
kreativní,15365
gambit,15366
vloupat,15367
farmářský,15368
lékárna,15369
vyměnit,15370
misantrop,15371
obzor,15372
proplétat,15373
katar,15374
niva,15375
překladiště,15376
carský,15377
šutr,15378
tvárný,15379
příznačný,15380
udávat,15381
slavit,15382
vysvětlitelný,15383
opera,15384
xenofobie,15385
propagační,15386
nasekaný,15387
odhalovat,15388
designer,15389
použitý,15390
zamířit,15391
pečicí,15392
křivě,15393
zájem,15394
badlands,15395
maturant,15396
měch,15397
surrealizmus,15398
hamr,15399
zkáza,15400
oscilovat,15401
blahopřát,15402
všímavost,15403
mall,15404
pluk,15405
profesor,15406
zlámat,15407
terorizmus,15408
podvrh,15409
klasicismus,15410
robotický,15411
plastikový,15412
bubník,15413
rodinka,15414
prohlídka,15415
přechodný,15416
zlomyslný,15417
klesání,15418
dvěstě,15419
celofán,15420
stylově,15421
dula,15422
opat,15423
neurvale,15424
rozrůst,15425
přečkat,15426
ručit,15427
potisk,15428
podnož,15429
připoutat,15430
raper,15431
kupón,15432
dav,15433
svatost,15434
buchtička,15435
orkán,15436
běsnící,15437
fotograf,15438
septima,15439
ochabnutí,15440
předškolní,15441
neslyšící,15442
jistojistě,15443
poslechnout,15444
vyhrát,15445
instalovat,15446
hemisféra,15447
přilepšení,15448
překlad,15449
vědění,15450
zásobárna,15451
krajkový,15452
pica,15453
vytrhávat,15454
kvalitativní,15455
kolos,15456
zpívání,15457
kružítko,15458
vilka,15459
saturn,15460
cukernatost,15461
církev,15462
hosteska,15463
nacvičit,15464
povzdálí,15465
folkový,15466
prokopský,15467
obyvatelstvo,15468
úsečka,15469
linoleum,15470
mystérium,15471
posloužit,15472
hodnota,15473
kredit,15474
korouhev,15475
adoptivní,15476
odolnost,15477
manýry,15478
evangelium,15479
konzistentně,15480
minigolf,15481
slízat,15482
lyžovat,15483
patní,15484
poválečný,15485
pístní,15486
ocelář,15487
průkazný,15488
sono,15489
šarlatánství,15490
porozumění,15491
zdrojový,15492
karcinogenní,15493
smilstvo,15494
převlékat,15495
sever,15496
ničema,15497
náprava,15498
kameník,15499
důmyslně,15500
valčík,15501
pomáhat,15502
věštění,15503
vytoužený,15504
diferenciální,15505
autofokus,15506
uzdravující,15507
psychosomatický,15508
litovat,15509
hydraulický,15510
korejec,15511
teenager,15512
snowpark,15513
trust,15514
italský,15515
šejk,15516
turbodmychadlo,15517
šicí,15518
pobývající,15519
očkovací,15520
podtitul,15521
masív,15522
unikátně,15523
ventilace,15524
rozebrat,15525
poziční,15526
účelový,15527
navečer,15528
stadión,15529
malicherný,15530
nevidomý,15531
dražit,15532
hodovat,15533
trpký,15534
briliant,15535
nečas,15536
palubovka,15537
melatonin,15538
setí,15539
negližé,15540
obstarávat,15541
tragicky,15542
chod,15543
dotaz,15544
přinést,15545
záchrana,15546
zachránění,15547
golem,15548
pusto,15549
chorus,15550
saponin,15551
strpět,15552
rovnítko,15553
podnos,15554
kdyžtak,15555
dojemně,15556
namáhavě,15557
špehovat,15558
stolice,15559
velitel,15560
odborně,15561
modul,15562
údajný,15563
vadný,15564
konkurence,15565
předběhnout,15566
kolika,15567
dcera,15568
cenový,15569
zubří,15570
precizně,15571
kavčí,15572
popisek,15573
žonglovat,15574
hrdinství,15575
erotika,15576
shozený,15577
kajícník,15578
zpěvačka,15579
pac,15580
chladnutí,15581
fatálně,15582
kotrmelec,15583
nanometr,15584
ubývání,15585
papírování,15586
ebenový,15587
adolescence,15588
egoismus,15589
food,15590
zvětšování,15591
diskutující,15592
glosovat,15593
šetřit,15594
lůžkový,15595
dostatečný,15596
zmíněný,15597
nástavba,15598
tahoun,15599
dodneška,15600
revolver,15601
protagonista,15602
výběr,15603
missa,15604
pronajímatel,15605
dávkování,15606
zbořit,15607
interpretovat,15608
vystavěný,15609
lyžování,15610
elektron,15611
atmosférický,15612
vyklouznout,15613
vysunout,15614
pružně,15615
prysk,15616
zdravotně,15617
choť,15618
kašmírový,15619
přidat,15620
kreml,15621
ryze,15622
odspodu,15623
pocit,15624
vinice,15625
zdaleka,15626
advokát,15627
virtuální,15628
kalamitní,15629
miliónový,15630
prošek,15631
odpradávna,15632
chvályhodný,15633
nahlas,15634
předvádějící,15635
sprinter,15636
komika,15637
vysvobodit,15638
vyluštit,15639
degenerace,15640
dopoledne,15641
pyramidální,15642
ergonomický,15643
kalina,15644
šlágr,15645
parenterální,15646
brankový,15647
pobídka,15648
blouznit,15649
rozbrečet,15650
kynolog,15651
propuknout,15652
hořák,15653
teroristický,15654
mrakodrap,15655
pronajmout,15656
wang,15657
otestovat,15658
sahara,15659
levačka,15660
hluchota,15661
symbolizovat,15662
kyvadlo,15663
darovat,15664
překládat,15665
marka,15666
chápající,15667
epopej,15668
přehlížet,15669
kloboučník,15670
překřížený,15671
kvašení,15672
unaveně,15673
akusticky,15674
červenání,15675
amfiteátr,15676
svobodomyslný,15677
estragon,15678
úrodný,15679
bitka,15680
ignorovat,15681
brankoviště,15682
nasbírat,15683
mažoretka,15684
uvadat,15685
zahálet,15686
chmel,15687
podchlazený,15688
žid,15689
vítání,15690
osamocení,15691
identifikovaný,15692
doňa,15693
náplast,15694
aktivista,15695
znásilňovat,15696
bolestné,15697
samovolně,15698
zapomenutý,15699
přístavní,15700
opovržení,15701
falšovaný,15702
manipulace,15703
přesunout,15704
sklápěcí,15705
pocitově,15706
keramický,15707
pohovor,15708
přiložit,15709
pohledávka,15710
děsný,15711
poprosit,15712
osevní,15713
osvětlit,15714
poctivě,15715
moravský,15716
uklízečka,15717
stínový,15718
obdélník,15719
naložit,15720
přesvědčení,15721
povědomý,15722
uskladnění,15723
navrhnout,15724
lipid,15725
královnin,15726
písař,15727
páchat,15728
stoupat,15729
superstar,15730
rezonátor,15731
hořce,15732
přistižení,15733
dominanta,15734
zachráněný,15735
přehřátý,15736
střelecky,15737
žihle,15738
oběhnout,15739
laicky,15740
leštit,15741
zamazat,15742
perverzní,15743
kalý,15744
přeložený,15745
manželství,15746
generačně,15747
nervózně,15748
intelektuálně,15749
podlahový,15750
nahození,15751
mohutnost,15752
caesar,15753
svícení,15754
bortit,15755
pozornost,15756
europoslanec,15757
únavně,15758
zřícení,15759
spirituální,15760
buldozer,15761
zesláblý,15762
převrácený,15763
sexuolog,15764
natvrdo,15765
nevolnost,15766
mongolsko,15767
plovárna,15768
domovský,15769
vlajka,15770
snob,15771
čtvrtek,15772
optimalizace,15773
grejhund,15774
chen,15775
denně,15776
jílovitý,15777
bankovní,15778
unce,15779
tumor,15780
vyhraný,15781
nedočkavě,15782
císařský,15783
řeháček,15784
spletitý,15785
rozehřátí,15786
chápání,15787
cestovat,15788
ponechávat,15789
heterosexuální,15790
auto,15791
terapeut,15792
dohánět,15793
radiátor,15794
lukostřelec,15795
návštěvnost,15796
zvenčí,15797
hybnost,15798
kvalitativně,15799
náhradní,15800
touha,15801
šikmo,15802
afrodisiakum,15803
chirurgický,15804
zasvěcený,15805
vyhlédnout,15806
tik,15807
uvědomění,15808
severně,15809
prosciutto,15810
předvídatelně,15811
poslušně,15812
nárazník,15813
konvoj,15814
vystřihovánka,15815
korzár,15816
škrtil,15817
divadelník,15818
přírodně,15819
bratrstvo,15820
ochrnout,15821
odpadlík,15822
transportní,15823
předtucha,15824
stisknutí,15825
topidlo,15826
letošek,15827
trubadúr,15828
přichystaný,15829
navíjení,15830
provokativní,15831
jižně,15832
trestání,15833
socialismus,15834
famózní,15835
poklidný,15836
pulsar,15837
nemocniční,15838
pinzeta,15839
dealer,15840
zmenšit,15841
zbytek,15842
ovlivňovat,15843
přezdívka,15844
zorientovat,15845
důvěřovat,15846
antivirový,15847
nóbl,15848
dekorovat,15849
showbyznys,15850
odhodlaný,15851
smíšený,15852
odyssea,15853
přepravit,15854
rolička,15855
doporučit,15856
boží,15857
rozdílně,15858
pípa,15859
domýšlivost,15860
rubínový,15861
přednost,15862
propast,15863
samonosný,15864
tonga,15865
levicový,15866
trojlístek,15867
nepohoda,15868
uvěření,15869
pastorek,15870
barvíř,15871
veselohra,15872
přeživší,15873
ulomit,15874
hovořit,15875
kritizovat,15876
stříbro,15877
navádět,15878
concorde,15879
renáta,15880
cep,15881
skalický,15882
náhražka,15883
zástěrka,15884
posměšně,15885
prolézt,15886
malta,15887
obdobně,15888
ponechat,15889
nezbytně,15890
brána,15891
ochranář,15892
úspěšnost,15893
vsuvka,15894
přicházející,15895
ukázka,15896
azyl,15897
trumpeta,15898
dvouděložný,15899
zrána,15900
dirigent,15901
dotvářet,15902
strmě,15903
dialýza,15904
povídání,15905
uplatňovat,15906
keltský,15907
rozžhavený,15908
převládající,15909
reflektovat,15910
bohémský,15911
tachykardie,15912
popálení,15913
přihlášený,15914
dosažitelný,15915
vyhovující,15916
zvonový,15917
petrovický,15918
závod,15919
nabýt,15920
zahrávat,15921
nepoznání,15922
inspirační,15923
prozaik,15924
obrana,15925
superpohár,15926
odstavení,15927
poklidně,15928
ranní,15929
rychtář,15930
hrající,15931
tajemství,15932
epileptický,15933
bezdomovectví,15934
uhýbat,15935
stabilizátor,15936
dorazit,15937
monumentálně,15938
pohnutý,15939
ferrari,15940
čest,15941
tesat,15942
veslovat,15943
kvasnice,15944
spořádat,15945
balancovat,15946
jakýs,15947
rekordmanka,15948
pěchota,15949
vytrvalec,15950
stmívání,15951
kudy,15952
aeroklub,15953
vnímající,15954
rozložit,15955
překážka,15956
hradba,15957
protikorupční,15958
památka,15959
omlazující,15960
ar,15961
tramín,15962
vznést,15963
skladovací,15964
tibet,15965
elektromotor,15966
sladěný,15967
uváděný,15968
minimalizmus,15969
novomanžel,15970
odkázat,15971
zbabělost,15972
běhací,15973
zhruba,15974
nenasytný,15975
archaický,15976
saxofonista,15977
obtěžující,15978
opíjet,15979
svatostánek,15980
koloniální,15981
kočovný,15982
zaměstnaný,15983
bratr,15984
volno,15985
úmor,15986
tunel,15987
diplomka,15988
spinning,15989
orákulum,15990
nicnedělání,15991
srozumitelně,15992
vynoření,15993
nahrazovat,15994
plac,15995
menopauza,15996
donosit,15997
pletenina,15998
padnoucí,15999
imperátor,16000
přisluhovač,16001
konkurovat,16002
léčitelný,16003
celospolečenský,16004
namontovaný,16005
podlehnout,16006
vzdech,16007
měrný,16008
ještě,16009
tvůrčí,16010
libo,16011
výtka,16012
skeptik,16013
lehkomyslně,16014
pozemšťan,16015
dolar,16016
zanést,16017
lustrace,16018
ruch,16019
strojvedoucí,16020
zašít,16021
dusit,16022
centrifuga,16023
součástka,16024
opsat,16025
úpěnlivě,16026
sebevrah,16027
hypermarket,16028
milionář,16029
pohrávat,16030
bradlo,16031
náboženství,16032
něžnost,16033
popíjení,16034
členěný,16035
běžkování,16036
kafko,16037
startovat,16038
deformovat,16039
doklad,16040
krizový,16041
panovník,16042
šibenice,16043
rozehrávač,16044
argumentovat,16045
muší,16046
myslitelný,16047
jiskření,16048
vyladěný,16049
tis,16050
molekulárně,16051
šikovnost,16052
nedohledno,16053
lakování,16054
ověření,16055
extraligový,16056
úhona,16057
trénovaný,16058
sledovanost,16059
pramenit,16060
kladený,16061
letní,16062
dávnověk,16063
záměrný,16064
trombóza,16065
upoutávka,16066
ledoborec,16067
přikázání,16068
sousloví,16069
odmítavý,16070
harant,16071
nábřeží,16072
viktorián,16073
pronásledování,16074
pesimista,16075
přihlásit,16076
muslimský,16077
podivovat,16078
závěj,16079
pergola,16080
nikoli,16081
narozeninový,16082
jelikož,16083
překonávat,16084
náklad,16085
hodinky,16086
chaos,16087
iris,16088
odsouzený,16089
rozdávat,16090
mlýnice,16091
vyslovení,16092
vystoupení,16093
zakončení,16094
činidlo,16095
sněm,16096
vesnice,16097
vyzbrojení,16098
slábnout,16099
lešení,16100
důl,16101
oživovat,16102
patologie,16103
šmahem,16104
naneštěstí,16105
herečka,16106
kinosál,16107
položka,16108
zeširoka,16109
newton,16110
roomster,16111
ohnutí,16112
obrázkový,16113
křížovník,16114
čtyřhranný,16115
dražitel,16116
křtitelnice,16117
rušivý,16118
titulní,16119
prožití,16120
netřeba,16121
vdávat,16122
topičův,16123
leviatan,16124
bloudění,16125
pomíjivý,16126
vítězka,16127
pí,16128
záznamník,16129
obracet,16130
bojující,16131
pražský,16132
vzkříšení,16133
cvičení,16134
prodloužit,16135
tablet,16136
kolektiv,16137
trombón,16138
sjízdný,16139
okov,16140
přesahující,16141
bujení,16142
prodejce,16143
podat,16144
mainstream,16145
zaslepený,16146
sapa,16147
zázračný,16148
doložený,16149
leasing,16150
pootočit,16151
zajmout,16152
ochranka,16153
bubnovat,16154
argentinec,16155
zastupitelstvo,16156
nastat,16157
přibývající,16158
urážet,16159
cyklostezka,16160
přemítat,16161
zakládat,16162
hlasující,16163
úmrtní,16164
globálně,16165
bezbřehý,16166
závist,16167
prostředník,16168
vzdávat,16169
pokoušet,16170
prevalence,16171
horem,16172
volejbalista,16173
pair,16174
korunovaný,16175
vyprodukovaný,16176
kašmír,16177
zdar,16178
počkání,16179
filozof,16180
zakazovat,16181
grafický,16182
nazpívat,16183
zkrátka,16184
reálie,16185
vybočení,16186
odstěhovat,16187
superobří,16188
houfnice,16189
poznaný,16190
kvinta,16191
šternberský,16192
rentgen,16193
automobil,16194
exploze,16195
nehoda,16196
prodejně,16197
teatrální,16198
stěrač,16199
počitadlo,16200
ocitnout,16201
symbolicky,16202
dharma,16203
saunování,16204
nadat,16205
samozřejmost,16206
tankovací,16207
patřičný,16208
jeřábník,16209
dětství,16210
zapnout,16211
příklad,16212
validita,16213
vymalovat,16214
prodyšný,16215
prostřít,16216
zboží,16217
ambulantní,16218
intelektuální,16219
investor,16220
trhový,16221
pizzerie,16222
vyzdobit,16223
dysfunkce,16224
silnička,16225
tvořící,16226
zpívaný,16227
ostrovský,16228
brodění,16229
kamerový,16230
tancovačka,16231
zničehonic,16232
koncový,16233
hřbitov,16234
beztak,16235
vyjmout,16236
slalomářka,16237
pink,16238
prahnout,16239
omytí,16240
trolejbus,16241
potenciálně,16242
tankový,16243
romanticky,16244
lítost,16245
mam,16246
ovládnout,16247
nonstop,16248
předělat,16249
vikingský,16250
jasnovidectví,16251
brzdný,16252
celoplošný,16253
aldrin,16254
nepatrný,16255
ústrety,16256
hipster,16257
informovaný,16258
naskytnout,16259
svědčit,16260
dokazovat,16261
otřes,16262
přestání,16263
chystat,16264
altruismus,16265
nadmíru,16266
argument,16267
spínač,16268
derrick,16269
bednění,16270
perkusní,16271
hráčka,16272
vodivost,16273
cesta,16274
garnitura,16275
zareagovat,16276
nejinak,16277
ohled,16278
bojovat,16279
sestra,16280
kojený,16281
patřičně,16282
novotvar,16283
nadporučík,16284
stopnout,16285
vodojem,16286
na,16287
trol,16288
rozšířit,16289
zařazení,16290
částečně,16291
strejc,16292
ideál,16293
zábavní,16294
broušení,16295
politický,16296
čtyřka,16297
vysílač,16298
zápas,16299
chladnout,16300
zrcadlový,16301
rozvážně,16302
domů,16303
odtažitě,16304
načeradský,16305
působit,16306
osada,16307
mání,16308
chudý,16309
balast,16310
natolik,16311
vpich,16312
vštípit,16313
uspět,16314
dočista,16315
osídlit,16316
objímání,16317
orchestrální,16318
přihlížející,16319
klub,16320
bezproblémový,16321
korejský,16322
paralyzovat,16323
mostní,16324
mysliveček,16325
ikonický,16326
zavádějící,16327
systémový,16328
paranoidní,16329
popravdě,16330
domácnost,16331
mizérie,16332
zhřešit,16333
zač,16334
renezance,16335
linka,16336
fax,16337
soukromník,16338
fakultní,16339
odreagování,16340
horní,16341
posuv,16342
droid,16343
namířit,16344
bohužel,16345
zapínat,16346
srážlivost,16347
fotografování,16348
přepracovaný,16349
rožeň,16350
kosmodrom,16351
pronikající,16352
amorfní,16353
chamtivý,16354
utonutí,16355
varianta,16356
pravicový,16357
axon,16358
namáhaný,16359
blud,16360
dancing,16361
srdeční,16362
podej,16363
autosalón,16364
nasycený,16365
řezbář,16366
flavonoid,16367
usedlost,16368
povel,16369
mantra,16370
škatulkování,16371
pijan,16372
zaznít,16373
zmatení,16374
kreativita,16375
narozdíl,16376
celosvětový,16377
kvasit,16378
humorista,16379
veřejnost,16380
klavírista,16381
hmotnostní,16382
výdělek,16383
aerodrom,16384
omráčení,16385
zorka,16386
kontrabas,16387
docházka,16388
celkový,16389
tse,16390
svěcený,16391
sice,16392
vnuk,16393
zastupitel,16394
fraška,16395
soundtrack,16396
čarodějův,16397
rámec,16398
záruba,16399
sborový,16400
dok,16401
turecký,16402
svinstvo,16403
hermína,16404
zalesnění,16405
hlídkování,16406
vandr,16407
regenerovat,16408
detailní,16409
bas,16410
kevlar,16411
vymření,16412
úklidový,16413
tatarský,16414
vyslovený,16415
kompaktní,16416
vášnivý,16417
školní,16418
náhon,16419
podivuhodný,16420
vyhloubit,16421
modřice,16422
odpočinkový,16423
pohodit,16424
naruby,16425
ničivý,16426
prodávat,16427
restaurátor,16428
informace,16429
poučný,16430
seslání,16431
dnešní,16432
levicově,16433
zředění,16434
složený,16435
páteční,16436
pojivo,16437
podvědomý,16438
karavan,16439
mučit,16440
sebevědomí,16441
bouchat,16442
pilastr,16443
ano,16444
tung,16445
trable,16446
zklamat,16447
podnájem,16448
prd,16449
chybující,16450
skamarádit,16451
konzum,16452
svrchně,16453
ukazatel,16454
přelom,16455
synovec,16456
podezřelý,16457
prodávaný,16458
dotýkání,16459
impulsivní,16460
provozovatel,16461
pojištěnec,16462
palba,16463
ostřit,16464
vypínač,16465
vyžádat,16466
obalení,16467
krajový,16468
věcně,16469
finta,16470
motyka,16471
judo,16472
sundání,16473
družstvo,16474
nepřátelství,16475
zahrnout,16476
rotace,16477
tu,16478
vrátek,16479
nemocnost,16480
popílek,16481
element,16482
hozený,16483
smířit,16484
předem,16485
kecal,16486
mrazící,16487
monitoring,16488
zkrocený,16489
pacifista,16490
zahradnický,16491
ozáření,16492
domýšlet,16493
očistit,16494
panic,16495
orgánový,16496
vzorně,16497
štístko,16498
utahování,16499
ruština,16500
obdélný,16501
barvicí,16502
střídmý,16503
odlétnout,16504
kokain,16505
costa,16506
zášť,16507
výstavka,16508
úhybný,16509
potrefený,16510
otevřenost,16511
konstruktivní,16512
padělek,16513
okouzlený,16514
nacvičovat,16515
koupený,16516
prognóza,16517
doleva,16518
herák,16519
do,16520
sarkofág,16521
zanechávat,16522
program,16523
proniknutelný,16524
vyváženě,16525
půldruhý,16526
talent,16527
jitřní,16528
obsese,16529
španělština,16530
odstředivý,16531
peruánský,16532
odrazovat,16533
mantinel,16534
násilný,16535
normalizace,16536
krimi,16537
strana,16538
výrazový,16539
megafon,16540
modulace,16541
jednoznačný,16542
izolace,16543
vykloubení,16544
význam,16545
odevšad,16546
regulovat,16547
ofsajd,16548
bruneta,16549
dojezd,16550
přeřeknutí,16551
cimbálový,16552
středozápad,16553
svědomí,16554
přeskakování,16555
zpanikařit,16556
čtveřice,16557
splav,16558
dlít,16559
tenorista,16560
editor,16561
město,16562
tzn,16563
přehánění,16564
pojezdový,16565
císař,16566
trenažér,16567
letohrad,16568
vila,16569
mimořádný,16570
senzační,16571
sepětí,16572
britský,16573
ninja,16574
bída,16575
navést,16576
tuhle,16577
chrudimský,16578
borovicový,16579
záchvěv,16580
genový,16581
skluz,16582
navádění,16583
silvestr,16584
kapitánka,16585
odpařit,16586
vzdutí,16587
zasednout,16588
nalezení,16589
kouč,16590
poohlédnout,16591
chybný,16592
vstřikování,16593
starání,16594
odstavit,16595
čurda,16596
telefonát,16597
rovenský,16598
volvo,16599
odděleně,16600
nahromaděný,16601
skoupý,16602
povstalecký,16603
gauner,16604
laparoskopický,16605
opruz,16606
bluesový,16607
diplomat,16608
třetihory,16609
zkažení,16610
antropolog,16611
dobití,16612
kladný,16613
odříkání,16614
studio,16615
garda,16616
letošní,16617
masopustní,16618
dlouhán,16619
pružnost,16620
opevněný,16621
rapidně,16622
staroměstský,16623
znovuzrození,16624
posedlost,16625
odstřihnout,16626
stanový,16627
mytický,16628
senior,16629
závadnost,16630
mikron,16631
irelevantní,16632
slovenština,16633
pokec,16634
bezmocnost,16635
kdeco,16636
prozkoumaný,16637
palcový,16638
útrapa,16639
moravskoslezský,16640
ochutnávat,16641
satira,16642
morgan,16643
nachystat,16644
pravdivě,16645
pitevna,16646
déletrvající,16647
konzervovat,16648
střídačka,16649
receptář,16650
redakce,16651
vavřín,16652
křivolaký,16653
nabývat,16654
nerušený,16655
vyvažovací,16656
faleš,16657
lora,16658
mezigenerační,16659
transparentní,16660
dopamin,16661
probírat,16662
kvantový,16663
trhavina,16664
uhlazený,16665
wait,16666
vykopat,16667
telefon,16668
podělit,16669
prezidentův,16670
ruksak,16671
východně,16672
soustředěný,16673
psychiatrický,16674
štábní,16675
hranolový,16676
omluva,16677
přiznat,16678
spektrální,16679
proměnná,16680
slevový,16681
oligosacharid,16682
převlečení,16683
kratičký,16684
seznamka,16685
your,16686
řezbářství,16687
rozmístěný,16688
kinetický,16689
pokojný,16690
šifrování,16691
foukací,16692
zahrnující,16693
vyzvednout,16694
montovat,16695
vybuchnout,16696
twingo,16697
tištěný,16698
zaměřit,16699
potrpět,16700
rozzuřený,16701
krejčovský,16702
spratek,16703
sto,16704
tvorba,16705
tvůrce,16706
vyhodnocovat,16707
kovářův,16708
severozápad,16709
doznat,16710
znásilnění,16711
oddechový,16712
počátek,16713
kolonizovat,16714
řidičský,16715
sestřel,16716
povodí,16717
pošetile,16718
rohozec,16719
mlátička,16720
horolezec,16721
pěstounský,16722
smíchat,16723
internetový,16724
zkontrolovat,16725
výhřevnost,16726
vsunout,16727
přijíždět,16728
vyvalit,16729
zlacení,16730
projít,16731
šéfkuchař,16732
kabriolet,16733
příplatek,16734
zítřek,16735
obezřetně,16736
upnutí,16737
supernova,16738
filtrační,16739
všeliký,16740
přespávání,16741
ilegálně,16742
veletrh,16743
očekávat,16744
anoda,16745
situovat,16746
odpudivý,16747
barvitě,16748
houslový,16749
snížit,16750
večerka,16751
girl,16752
mnohem,16753
francouzský,16754
výhoda,16755
aceton,16756
antibiotický,16757
po,16758
životnost,16759
náborový,16760
ústavní,16761
zodpovězený,16762
dojit,16763
okrádání,16764
stručný,16765
obdivovatel,16766
dozorce,16767
plačící,16768
rušení,16769
diagnostikovaný,16770
obveselení,16771
platový,16772
naklánět,16773
kriminalita,16774
zabodovat,16775
album,16776
sklání,16777
neúprosně,16778
senzorický,16779
fregata,16780
cirhóza,16781
zdání,16782
nedozírný,16783
znázorňovat,16784
pečeť,16785
nanesení,16786
hřebíčkový,16787
vzdorovat,16788
bludný,16789
expoziční,16790
vyplňovat,16791
homosexuální,16792
postmoderní,16793
sypat,16794
kněžka,16795
karabina,16796
multiplayer,16797
travertin,16798
haló,16799
znečišťování,16800
pistolník,16801
stání,16802
zahanbení,16803
opodstatnění,16804
ostraha,16805
smog,16806
nedaleko,16807
vyšetřovaný,16808
záhy,16809
vstupní,16810
sulfát,16811
souznít,16812
olympijský,16813
předení,16814
minimalisticky,16815
siřičitý,16816
zakopat,16817
soutěžit,16818
zármutek,16819
esteticky,16820
lídr,16821
limonádový,16822
provokace,16823
antiseptikum,16824
hybernský,16825
vykácet,16826
vědomost,16827
vyhazovač,16828
rasismus,16829
hypoteční,16830
repríza,16831
přírodnina,16832
lemující,16833
národnost,16834
zvrtnout,16835
štípaný,16836
úskok,16837
důtky,16838
terorizovat,16839
vypravěčka,16840
domněnka,16841
spalující,16842
úřednický,16843
přepadový,16844
soutěžní,16845
bezúhonný,16846
sherry,16847
rádža,16848
učebna,16849
skautský,16850
golfský,16851
pacht,16852
dovednost,16853
zvedající,16854
přemíra,16855
chodský,16856
packy,16857
osoba,16858
přelití,16859
spinální,16860
švorc,16861
song,16862
váhový,16863
bašta,16864
vyžádaný,16865
horácký,16866
vietnamka,16867
vystavovaný,16868
léčitelství,16869
polopatě,16870
udírna,16871
tramvajový,16872
apod,16873
jonák,16874
preventivní,16875
procitnout,16876
úmysl,16877
alpinum,16878
obelstít,16879
náhle,16880
umisťovat,16881
napravovat,16882
spravedlnost,16883
píle,16884
dělaný,16885
potravinářský,16886
převyprávění,16887
odvolávat,16888
chlum,16889
vydražit,16890
matiné,16891
naučný,16892
rýpat,16893
vyprostit,16894
cirkulovat,16895
špičkový,16896
předhánět,16897
sebeúcta,16898
podivit,16899
trolej,16900
kanyla,16901
tercie,16902
ohromení,16903
navzájem,16904
partička,16905
bourák,16906
braní,16907
fosforečnan,16908
přestárlý,16909
dopravní,16910
ostrožně,16911
dolní,16912
vprostřed,16913
okres,16914
roubíček,16915
architektonický,16916
herectví,16917
multižánrový,16918
incidence,16919
krutě,16920
dosednutí,16921
odstrčit,16922
reliéfní,16923
il,16924
podél,16925
konstrukční,16926
nikterak,16927
scénograf,16928
pec,16929
vektorový,16930
alpský,16931
protřelý,16932
odskočit,16933
přidaný,16934
bosák,16935
zkrášlovat,16936
elektrárna,16937
prodejní,16938
somatický,16939
zobrazený,16940
svěřit,16941
výtahový,16942
starat,16943
výhra,16944
grácie,16945
karosářský,16946
laboratoř,16947
bola,16948
vizuál,16949
zavinění,16950
emigrace,16951
osadit,16952
sezam,16953
popelářský,16954
odeslání,16955
vloudit,16956
myšlenkový,16957
uznávaný,16958
patchwork,16959
podrážděně,16960
vrtání,16961
sólista,16962
malinový,16963
relativita,16964
cvičitelka,16965
embolie,16966
vzpomínka,16967
nakládání,16968
dvorana,16969
rozruch,16970
účelně,16971
anglicky,16972
hou,16973
taoismus,16974
snící,16975
náběh,16976
výsek,16977
ohňostroj,16978
odtažitý,16979
sekundárně,16980
hnací,16981
účinkující,16982
zvěstovat,16983
pilotovaný,16984
házenkář,16985
spotřebovaný,16986
odnepaměti,16987
zapírat,16988
stařecký,16989
světelnost,16990
cynicky,16991
půjčit,16992
modifikovaný,16993
houževnatý,16994
cín,16995
všeobecně,16996
obchodovat,16997
kynologie,16998
vystupovat,16999
sebevětší,17000
otrokář,17001
pouť,17002
sražený,17003
slavnost,17004
recyklovat,17005
odcházení,17006
hyperaktivita,17007
pořádek,17008
svatba,17009
nasadit,17010
prastarý,17011
nabitý,17012
zalévání,17013
počítačově,17014
eko,17015
simulátor,17016
odpadnout,17017
pístový,17018
najevo,17019
postřižiny,17020
světoběžník,17021
aneurysma,17022
tržba,17023
ztělesňovat,17024
bodání,17025
vyhovět,17026
neurologický,17027
replikace,17028
instantní,17029
mediální,17030
šikula,17031
nápověda,17032
orientovaný,17033
medián,17034
popálený,17035
vystřihnout,17036
důkladný,17037
zmínit,17038
už,17039
brejk,17040
oloupit,17041
elán,17042
problematika,17043
monotónně,17044
postupný,17045
volič,17046
převrhnout,17047
atlant,17048
jahodový,17049
vzruch,17050
viskozita,17051
trajekt,17052
puzzle,17053
jinde,17054
otčenášek,17055
jelito,17056
průvodní,17057
sorry,17058
tříválcový,17059
dynamicky,17060
poroučet,17061
hrubě,17062
móda,17063
balkónový,17064
studiový,17065
sebekriticky,17066
nechť,17067
přítomný,17068
intuitivně,17069
spárovat,17070
bolero,17071
branec,17072
cyklistický,17073
hemofilie,17074
vyprávěný,17075
kapela,17076
choreograf,17077
pětka,17078
oddanost,17079
opředený,17080
angelika,17081
spot,17082
zobrazení,17083
osadník,17084
pirueta,17085
táborový,17086
hrubec,17087
výstupní,17088
halucinogen,17089
opěrný,17090
krapet,17091
olšový,17092
připoutaný,17093
nylon,17094
zákeřně,17095
diverzifikace,17096
zadržitelně,17097
nápaditost,17098
holičství,17099
upouštět,17100
vztáhnout,17101
maturovat,17102
volnost,17103
instrumentální,17104
galerista,17105
bittorrent,17106
idol,17107
řazení,17108
tendr,17109
lazar,17110
strýc,17111
stínování,17112
vyvézt,17113
alžírský,17114
likvidita,17115
impozantně,17116
prostřílet,17117
škola,17118
titaničitý,17119
chladivo,17120
vyvarovat,17121
mademoiselle,17122
vyplavování,17123
rotunda,17124
kotleta,17125
madame,17126
hluboko,17127
koncepce,17128
svůdce,17129
bezpráví,17130
perspektivní,17131
festivalový,17132
mušketa,17133
požadovaný,17134
bažinatý,17135
proklatý,17136
textař,17137
vychladnutí,17138
útočnice,17139
aktér,17140
galerie,17141
předstírající,17142
lest,17143
prodávající,17144
minimalizace,17145
měnič,17146
přestat,17147
ředitelka,17148
řídicí,17149
vybočovat,17150
převzít,17151
zisk,17152
bodovat,17153
malebně,17154
vybavovat,17155
krajnost,17156
deodorant,17157
nerušeně,17158
epizodní,17159
analýza,17160
hlávkový,17161
mega,17162
opravovat,17163
škrcení,17164
update,17165
naživu,17166
přírodopis,17167
libido,17168
cloudový,17169
hrabě,17170
průjezd,17171
bendžo,17172
mužnost,17173
laskání,17174
pochopený,17175
kamsi,17176
cit,17177
ironie,17178
jihočínský,17179
trimestr,17180
kortikoid,17181
klášter,17182
zrádný,17183
meteorolog,17184
interpret,17185
pervitin,17186
zalíbit,17187
vykrádač,17188
erektilní,17189
blog,17190
francium,17191
výklopný,17192
sklonit,17193
lido,17194
vykročit,17195
ječný,17196
anketa,17197
panamský,17198
safari,17199
reklamní,17200
obsluhující,17201
spolkový,17202
turbodiesel,17203
chorvatský,17204
třesení,17205
organizovaný,17206
byť,17207
přistupovat,17208
dosahovaný,17209
sáňky,17210
sebeuvědomění,17211
debata,17212
brožka,17213
definovat,17214
odřezek,17215
zamlouvat,17216
oč,17217
vychýlení,17218
výslužba,17219
nahraditelný,17220
strunný,17221
hydratace,17222
sovětský,17223
začínající,17224
nákup,17225
vystavování,17226
mučivý,17227
list,17228
stavitelství,17229
nasazený,17230
doručit,17231
mbit,17232
kavalerie,17233
kok,17234
hypertenze,17235
přeliv,17236
vztahovat,17237
ponižovat,17238
zmáčknutí,17239
lipovský,17240
scanování,17241
odkud,17242
šestiletý,17243
hodinový,17244
dílem,17245
odměnit,17246
slovosled,17247
vyspat,17248
anténní,17249
plenér,17250
autopilot,17251
environmentální,17252
pneumatika,17253
poslech,17254
restaurant,17255
vrcholně,17256
položit,17257
statečnost,17258
zip,17259
cvičenec,17260
kaleidoskop,17261
parkový,17262
kimono,17263
zatáčka,17264
obskurní,17265
hydrant,17266
úhrn,17267
synonymum,17268
skrývající,17269
soutěživost,17270
středoamerický,17271
napínací,17272
oživený,17273
poutavě,17274
názorně,17275
uspokojit,17276
azimut,17277
želatinový,17278
odrazující,17279
provdat,17280
cirka,17281
narodit,17282
málokterý,17283
bláznovství,17284
zpáteční,17285
popichování,17286
bezcitný,17287
luminiscence,17288
enormní,17289
rozházený,17290
stanout,17291
bezejmenný,17292
svírat,17293
buchar,17294
email,17295
svařený,17296
rychlost,17297
troska,17298
volej,17299
dekontaminace,17300
zůstat,17301
dokoupit,17302
rozmazání,17303
roznést,17304
připevnění,17305
ochotník,17306
lehkovážně,17307
flirtovat,17308
patřící,17309
vytržený,17310
osud,17311
pilates,17312
bodejť,17313
varování,17314
hydrogenuhličitan,17315
protrhnout,17316
alkoholik,17317
rozejít,17318
odehrát,17319
homolka,17320
nicotný,17321
rekonstruovat,17322
vymyšlený,17323
přeplout,17324
instruktor,17325
opuka,17326
dosáhnout,17327
ošetřený,17328
umrlčí,17329
mainframe,17330
zestárnout,17331
ajťák,17332
exorcizmus,17333
epopeje,17334
prudit,17335
gatě,17336
dikce,17337
osvědčený,17338
medicína,17339
století,17340
demokracie,17341
chevrolet,17342
ukřižovat,17343
aerodynamika,17344
nesoucí,17345
zaznamenání,17346
atomový,17347
akord,17348
rozprostřený,17349
díkuvzdání,17350
exhalace,17351
atom,17352
pocházet,17353
odsávat,17354
chtění,17355
střelnice,17356
tuzemsko,17357
měkce,17358
viktoriánský,17359
hemeroidy,17360
odstávka,17361
protějšek,17362
masturbační,17363
prohrát,17364
zaříkávač,17365
minor,17366
motocykl,17367
rada,17368
hrobka,17369
fuksa,17370
nov,17371
roadster,17372
tvrzení,17373
ústecký,17374
vestavěný,17375
zámoří,17376
pietní,17377
potajmu,17378
armádní,17379
vyjádřený,17380
pohlídat,17381
zubožený,17382
klepnutí,17383
kvapem,17384
budský,17385
měřitelný,17386
posílat,17387
odhadovaný,17388
přítomnost,17389
pilotovat,17390
lokalizovaný,17391
decibel,17392
bravo,17393
zátěžový,17394
svorník,17395
stáčet,17396
konkubína,17397
doutnající,17398
monitorovat,17399
artikl,17400
bořit,17401
diagnostický,17402
objasněný,17403
mobil,17404
diktovat,17405
monitorování,17406
šampón,17407
dílně,17408
stručně,17409
poznámka,17410
taxonomie,17411
náklon,17412
udeřit,17413
děda,17414
tonutí,17415
ateliér,17416
trumpetista,17417
znehybnění,17418
vrátit,17419
palčivý,17420
překlep,17421
snímat,17422
posazení,17423
hinduistický,17424
showman,17425
bonus,17426
playa,17427
diagnostika,17428
plesat,17429
vlídně,17430
povrchní,17431
dojetí,17432
přesvědčivý,17433
přes,17434
rok,17435
pověstný,17436
shift,17437
stanovený,17438
dobýt,17439
reflektující,17440
uran,17441
deska,17442
milosrdný,17443
kancelářský,17444
zažitý,17445
soustruh,17446
paralyzovaný,17447
hovorka,17448
vyhnanec,17449
cítění,17450
odpočet,17451
opačně,17452
epochální,17453
sexy,17454
ukrutně,17455
vévodit,17456
zastíněný,17457
kladenský,17458
stanovit,17459
slopestyl,17460
nastřílet,17461
ozbrojit,17462
rotovat,17463
předávkování,17464
start,17465
zálohování,17466
nadprůměrně,17467
rozhled,17468
ml,17469
částka,17470
snášenlivost,17471
hody,17472
zanedbaný,17473
přemítání,17474
odrazový,17475
hokej,17476
recyklace,17477
draga,17478
zachytávat,17479
artyčok,17480
uměleckoprůmyslový,17481
aplaus,17482
skepticky,17483
spočetný,17484
bezbrankový,17485
ohradní,17486
pozemek,17487
teror,17488
mrzutý,17489
pověšení,17490
tvárnice,17491
striktně,17492
přibývat,17493
rušno,17494
souhláska,17495
květný,17496
zítra,17497
sídlo,17498
vzepětí,17499
tentýž,17500
tvořivě,17501
náskok,17502
ohlašovací,17503
typ,17504
hodnotitel,17505
knižní,17506
oštěpař,17507
zbrkle,17508
kvůli,17509
odvrácený,17510
lineární,17511
romana,17512
vál,17513
zlomyslně,17514
takřka,17515
broker,17516
odstřelovač,17517
kvadratický,17518
sevřený,17519
směna,17520
legend,17521
plošně,17522
trestající,17523
producent,17524
usedlý,17525
použít,17526
táborník,17527
prokazatelný,17528
při,17529
triangl,17530
emotivní,17531
nikam,17532
euroasijský,17533
takticky,17534
manažer,17535
veletržní,17536
modelka,17537
nainstalovat,17538
vhazovat,17539
nástroj,17540
román,17541
skrupule,17542
prosakující,17543
posudek,17544
mann,17545
účtenka,17546
šachta,17547
bungee,17548
klempíř,17549
natankovat,17550
lecitin,17551
atypicky,17552
základ,17553
dodržovat,17554
loupit,17555
odvázat,17556
nespravedlnost,17557
poslat,17558
házená,17559
narozeniny,17560
přesouvat,17561
chatový,17562
půl,17563
mlhový,17564
vývěsní,17565
diametrálně,17566
činely,17567
hrob,17568
pramáti,17569
vychytávka,17570
ekonomický,17571
ozónový,17572
poliklinika,17573
kopaná,17574
kolejový,17575
ustávat,17576
načasování,17577
emirát,17578
omezovat,17579
kotouček,17580
boční,17581
vyznávat,17582
skutkový,17583
přivezený,17584
prostupný,17585
rozpoznávání,17586
of,17587
kupující,17588
serena,17589
přeskáčka,17590
zatřetí,17591
počítadlo,17592
stlačit,17593
správně,17594
ředitel,17595
infarkt,17596
upevněný,17597
dnes,17598
poslušnost,17599
tým,17600
bydlení,17601
přezdívat,17602
obezřetný,17603
nástropní,17604
zapínání,17605
transformátor,17606
shledat,17607
senegal,17608
dobro,17609
praní,17610
sultán,17611
trampoty,17612
nabíječ,17613
věru,17614
džínový,17615
počínat,17616
vidina,17617
tentokrát,17618
takzvaně,17619
sebejistota,17620
odsávání,17621
obor,17622
trysk,17623
závin,17624
turismus,17625
polyesterový,17626
oslnění,17627
polední,17628
skladba,17629
přirovnávat,17630
dočasný,17631
trojský,17632
magnet,17633
sedan,17634
li,17635
psychologicky,17636
přitáhnout,17637
síť,17638
divadelní,17639
kniha,17640
odbavovací,17641
rozptylování,17642
prožitý,17643
paket,17644
probuzený,17645
navrhovat,17646
přijímání,17647
pročíst,17648
ovládaný,17649
polský,17650
navštívení,17651
umění,17652
kolovrat,17653
zdokumentovat,17654
španělsky,17655
vůdčí,17656
opřít,17657
smuteční,17658
sestrojit,17659
alois,17660
sanita,17661
dráha,17662
vysokofrekvenční,17663
dvoupodlažní,17664
virtuálně,17665
zvítězit,17666
alma,17667
upálit,17668
doslovný,17669
sušina,17670
zvukově,17671
razítko,17672
expozice,17673
jízda,17674
časoprostor,17675
buggy,17676
droga,17677
hlídající,17678
pomník,17679
trestný,17680
zjištění,17681
pastor,17682
zhotovit,17683
vystavení,17684
prozření,17685
vřídlo,17686
zvýrazňovat,17687
intrika,17688
polívčička,17689
individuum,17690
apostrof,17691
kilotuna,17692
white,17693
soprán,17694
rozbor,17695
krasobruslař,17696
pakliže,17697
krsek,17698
rozmístit,17699
montážní,17700
kompletní,17701
zopakovat,17702
secesní,17703
ustupovat,17704
mimosmyslový,17705
rating,17706
spořitelna,17707
funk,17708
ochromovat,17709
svatá,17710
popularita,17711
perverze,17712
juniorský,17713
odjíždět,17714
křižovník,17715
východní,17716
krveprolití,17717
štolba,17718
pronásledovaný,17719
čarodějný,17720
tankodrom,17721
probouzení,17722
náklonnost,17723
rytec,17724
rota,17725
vyjadřování,17726
lupa,17727
vzejít,17728
ventil,17729
mates,17730
zajda,17731
přemisťovat,17732
dohlédnout,17733
nirvana,17734
dvojitě,17735
samo,17736
průchod,17737
uskladněný,17738
mlčenlivost,17739
ztroskotání,17740
herně,17741
odlišený,17742
modlitebna,17743
naznačený,17744
podolí,17745
potvrzovat,17746
hněv,17747
odmyslitelně,17748
defilé,17749
vyzařující,17750
karpat,17751
otčím,17752
psychicky,17753
výdejna,17754
výškový,17755
vytasit,17756
pahýl,17757
osvědčit,17758
kriminální,17759
lamino,17760
pasáž,17761
hlášení,17762
mohavský,17763
republikán,17764
rozvoz,17765
všestranný,17766
veprostřed,17767
umělecky,17768
ošetřovat,17769
blaženost,17770
směřující,17771
kdys,17772
zpoza,17773
zadávat,17774
uštědřit,17775
vyplavovat,17776
přesvědčovat,17777
španělsko,17778
zdolat,17779
skórovat,17780
rap,17781
paso,17782
hotel,17783
zhlédnutí,17784
sbor,17785
ministerstvo,17786
živnost,17787
dvorní,17788
západně,17789
kašperský,17790
vyčkat,17791
řemeslný,17792
zatopit,17793
představenstvo,17794
sedmička,17795
děsně,17796
půlkruh,17797
prohlídnout,17798
závažnost,17799
žárlivě,17800
iont,17801
objemový,17802
vrbový,17803
odstřelit,17804
klen,17805
lhaní,17806
zastřílet,17807
antisociální,17808
odlehčení,17809
kóta,17810
psychopatický,17811
konečný,17812
neustále,17813
brovnink,17814
málokde,17815
kasino,17816
porušovat,17817
členka,17818
koncert,17819
stejný,17820
poddaný,17821
spěšný,17822
balkánský,17823
vyzývavě,17824
majlant,17825
ocenitelný,17826
defenzivní,17827
izotop,17828
potěšený,17829
získávat,17830
ginkgo,17831
počítat,17832
uklouznout,17833
čtyřicátník,17834
kopírovat,17835
pracovna,17836
hladce,17837
šuhaj,17838
konstatování,17839
zlostně,17840
zapalovač,17841
vyslovit,17842
dopravovat,17843
šablona,17844
tisknout,17845
kód,17846
snímek,17847
účinnost,17848
dívčí,17849
nátěrový,17850
islamista,17851
brahma,17852
obětovaný,17853
odnaučit,17854
trénovat,17855
vítězoslavně,17856
fuj,17857
scanner,17858
lhotský,17859
šik,17860
pochyba,17861
pediatr,17862
ověnčený,17863
generovat,17864
vojenský,17865
poškození,17866
křtiny,17867
speciál,17868
funky,17869
vycházet,17870
víkend,17871
komunikující,17872
poradní,17873
průběh,17874
rab,17875
těžba,17876
šlechtic,17877
holešovický,17878
katolík,17879
hromadný,17880
cítící,17881
impulzívní,17882
oplotit,17883
klasika,17884
potištěný,17885
blaster,17886
spolehnutí,17887
chrudit,17888
spoluvězeň,17889
standardně,17890
spoléhat,17891
chýlit,17892
hapat,17893
elysium,17894
pesimistický,17895
zájezd,17896
jednoznačně,17897
inspirativní,17898
hasič,17899
zbohatlík,17900
maximální,17901
zvrhnout,17902
doputovat,17903
apendix,17904
specialista,17905
rotační,17906
obětování,17907
hypnóza,17908
uniformovaný,17909
lučištník,17910
reaktor,17911
přetrpět,17912
benefit,17913
trollí,17914
pláteník,17915
ambra,17916
hledač,17917
pedagogický,17918
představovaný,17919
utřít,17920
blýsknout,17921
kapelník,17922
konzole,17923
zkreslení,17924
zahrnovat,17925
fluorescenční,17926
superpočítač,17927
popředí,17928
neodbytný,17929
stopáž,17930
přemístit,17931
comics,17932
pulzující,17933
provozovat,17934
obrábění,17935
flastr,17936
krátko,17937
papírnictví,17938
lidství,17939
shrnout,17940
mučení,17941
nasypat,17942
přehrávač,17943
kontrolka,17944
udivit,17945
prodírat,17946
passo,17947
fitness,17948
přihnojování,17949
udržitelný,17950
lokomotiva,17951
kouzlení,17952
pilíř,17953
mladě,17954
rabbi,17955
postranní,17956
bravurní,17957
umožňovat,17958
usměrnění,17959
poškodit,17960
ovčárna,17961
otužování,17962
rekonstruovaný,17963
jarmark,17964
ragby,17965
poskvrněný,17966
výbuch,17967
porouchat,17968
běhounek,17969
mulčování,17970
íránský,17971
odvézt,17972
blues,17973
kaňkovský,17974
bajer,17975
osení,17976
výtisk,17977
joystick,17978
čtyřmístný,17979
havarijní,17980
sekvoje,17981
carevna,17982
válčit,17983
zmenšování,17984
srbský,17985
zúžit,17986
kontrolní,17987
skríning,17988
cloud,17989
vnučka,17990
ujišťovat,17991
odhození,17992
zvládat,17993
propustný,17994
odstínění,17995
sakra,17996
promluva,17997
výpravný,17998
rubl,17999
rozrušení,18000
jednokomorový,18001
minaret,18002
věřitel,18003
řešení,18004
dědit,18005
kyselo,18006
zmrhat,18007
přehledně,18008
přemožitelka,18009
střídmost,18010
zlomit,18011
falc,18012
zle,18013
vydat,18014
pozvánka,18015
nepomucký,18016
vaňkovka,18017
jmenovatel,18018
zasvětit,18019
cestování,18020
stigmatizace,18021
nava,18022
holicí,18023
dorozumívací,18024
rozzlobený,18025
bídně,18026
mistrně,18027
seskupení,18028
seriál,18029
ohledání,18030
torzní,18031
vznikající,18032
farnost,18033
šach,18034
současnost,18035
rozběhnout,18036
tyčový,18037
porucha,18038
pás,18039
učiliště,18040
vřelost,18041
čelně,18042
zlomek,18043
ochromit,18044
recese,18045
kochleární,18046
popisovat,18047
přidělávat,18048
frankovka,18049
naplňovat,18050
silo,18051
lánský,18052
neziskovka,18053
otroctví,18054
nevěstka,18055
výřez,18056
alkalický,18057
nastavení,18058
popularizátor,18059
siločára,18060
laserový,18061
velkokapacitní,18062
kápo,18063
doubravka,18064
limitující,18065
plat,18066
recept,18067
maršál,18068
mumifikace,18069
zapadákov,18070
poskytující,18071
znesnadňovat,18072
čestně,18073
pesimisticky,18074
krkolomný,18075
dlaha,18076
velitelství,18077
ras,18078
zásobník,18079
hattrick,18080
vystavit,18081
asymetrický,18082
dvoujádrový,18083
dvojka,18084
odbavení,18085
zakázat,18086
sloužit,18087
karosa,18088
revmatismus,18089
výčet,18090
neon,18091
homogenní,18092
spustitelný,18093
přerostlý,18094
zvěd,18095
ponížit,18096
kopání,18097
adventura,18098
polovička,18099
vyvodit,18100
luštit,18101
propouštět,18102
vrtný,18103
soustrast,18104
poškozený,18105
vysvětlitelně,18106
tematický,18107
šalamounův,18108
neuron,18109
klučičí,18110
údolí,18111
svěřovat,18112
podniknout,18113
pohledání,18114
vladař,18115
ošetřovatelka,18116
novorenesanční,18117
spět,18118
udržovaný,18119
doupovský,18120
rozpadnout,18121
zkoumání,18122
hidžáb,18123
autogram,18124
dominantně,18125
švýcarský,18126
námořní,18127
jehlový,18128
role,18129
korelace,18130
vylomenina,18131
prchající,18132
banner,18133
spektakulární,18134
jihovýchod,18135
vyhladit,18136
chybějící,18137
baryton,18138
pohrát,18139
věznitel,18140
hybatel,18141
rozzlobit,18142
rezonance,18143
kmit,18144
lekce,18145
vysvobození,18146
sklouznutí,18147
procvičovat,18148
dioda,18149
prohlížení,18150
zahajovat,18151
schodek,18152
gratulace,18153
toužící,18154
borovský,18155
negativní,18156
záporný,18157
žárlil,18158
úpatí,18159
vyřídit,18160
uzavírka,18161
vypravovat,18162
balanční,18163
kartónový,18164
komediálně,18165
vyvracet,18166
krajinář,18167
waltz,18168
mistr,18169
bolestný,18170
chandra,18171
citovaný,18172
čipera,18173
kázání,18174
zkouška,18175
štochnout,18176
ztělesněný,18177
symbolismus,18178
cílový,18179
ochutnávání,18180
závrt,18181
záchranka,18182
jmenovat,18183
leda,18184
přetrvávající,18185
sosna,18186
dráždivost,18187
nitro,18188
obdělávat,18189
fox,18190
bilión,18191
jaderný,18192
chrabrý,18193
pózovat,18194
zacházení,18195
předjíždění,18196
havířovský,18197
klučina,18198
žadatel,18199
náhrobek,18200
basketbalista,18201
brodský,18202
pivovarský,18203
zahradnictví,18204
prstový,18205
zpracovávání,18206
tápání,18207
palea,18208
žoldák,18209
topení,18210
pozitivní,18211
prchat,18212
debut,18213
udělaný,18214
klimaticky,18215
sheet,18216
smrt,18217
povídkový,18218
cypřiš,18219
duchaplný,18220
vstupné,18221
rozostření,18222
hračkářství,18223
vinit,18224
nájemník,18225
výsluní,18226
tlak,18227
přihlížet,18228
bariérový,18229
výfukový,18230
singl,18231
formovat,18232
snoubenec,18233
trestně,18234
servírování,18235
příslovce,18236
lis,18237
poničený,18238
zmenšovat,18239
převléknout,18240
tříletý,18241
poloviční,18242
wellness,18243
stlačovat,18244
válka,18245
upadat,18246
naprostý,18247
výuka,18248
zalehnout,18249
deklinace,18250
end,18251
vyhnutelně,18252
městečko,18253
nádeník,18254
starověký,18255
pálivost,18256
úctyhodný,18257
shromažďovat,18258
krajský,18259
uchránit,18260
nemístný,18261
dilatační,18262
spekulovat,18263
rachot,18264
turner,18265
vděčnost,18266
persona,18267
ježit,18268
bolševický,18269
movitý,18270
shořet,18271
kontraband,18272
hydraulicky,18273
obžalovaný,18274
lhostejný,18275
naběhnout,18276
nacionalistický,18277
zúžení,18278
pulsovat,18279
manželka,18280
ouředník,18281
car,18282
obchodník,18283
aktivně,18284
neteř,18285
kolbiště,18286
obývání,18287
zpola,18288
zklamání,18289
skopat,18290
exilový,18291
badatel,18292
reneta,18293
hlubinný,18294
bejvávat,18295
ergonomie,18296
opoziční,18297
aga,18298
editace,18299
spalovač,18300
sesypat,18301
zkosený,18302
zaručeně,18303
pilně,18304
protiletecký,18305
jízdní,18306
protestující,18307
khaki,18308
principiálně,18309
uf,18310
vyvinutí,18311
hanza,18312
sourodý,18313
dramaturgický,18314
původ,18315
onkologický,18316
tábor,18317
časosběrný,18318
cup,18319
zřízenec,18320
jednolodní,18321
chemický,18322
povzdech,18323
výlučně,18324
rozvětvený,18325
třídit,18326
publikovat,18327
kacíř,18328
obsažený,18329
vypařování,18330
adamský,18331
hlasově,18332
trh,18333
hyperprostor,18334
doma,18335
invalidní,18336
karta,18337
ničení,18338
rybníkářství,18339
vyplutí,18340
dopravník,18341
zvěrstvo,18342
ukořistit,18343
vstřebání,18344
resekce,18345
poříčí,18346
mimoto,18347
identický,18348
vybroušený,18349
známka,18350
nazca,18351
přihnojovat,18352
kanonýr,18353
obyvatel,18354
punk,18355
velitelský,18356
probojovat,18357
ohřátí,18358
stavitelný,18359
smalt,18360
nikol,18361
plzeň,18362
přestřelka,18363
porovnat,18364
páter,18365
flickr,18366
služebnictvo,18367
trop,18368
aukční,18369
střízlivost,18370
obdařit,18371
buzerovat,18372
kundaliní,18373
vzdor,18374
milování,18375
zatracený,18376
nucený,18377
band,18378
okomentovat,18379
litinový,18380
zdráhat,18381
přeložka,18382
domlouvat,18383
importovat,18384
charakterový,18385
sociální,18386
oproti,18387
sbírání,18388
doléhat,18389
mezihoří,18390
libý,18391
spárování,18392
plánovaný,18393
aloe,18394
kanout,18395
gastronomie,18396
relaxace,18397
žebrota,18398
autobaterie,18399
jednací,18400
pánův,18401
dolomit,18402
dusíkatý,18403
pupa,18404
virtuózní,18405
azbest,18406
pravice,18407
předsednictvo,18408
březinový,18409
vratký,18410
choreografie,18411
změknout,18412
nastávající,18413
nanebevzetí,18414
koaliční,18415
malo,18416
přesazení,18417
polystyren,18418
správce,18419
bavorský,18420
honda,18421
beznaděj,18422
soběstačnost,18423
tematicky,18424
zplodina,18425
chyba,18426
využívaný,18427
nákupčí,18428
steroidní,18429
opírat,18430
halama,18431
průrva,18432
ochutit,18433
strastiplný,18434
dlouhodobý,18435
exhibiční,18436
volejbalistka,18437
členitost,18438
ozvláštnění,18439
tanker,18440
odehrávat,18441
megapixel,18442
skautka,18443
roztříštěný,18444
alkohol,18445
přepracovat,18446
jezdívat,18447
bolševik,18448
part,18449
rovnovážný,18450
nocování,18451
vyladění,18452
akryl,18453
zapomenutelný,18454
vrchem,18455
sekretář,18456
ostych,18457
zachycovat,18458
nájemné,18459
revize,18460
snesitelně,18461
publikace,18462
cera,18463
deformita,18464
orientační,18465
syrově,18466
produktivní,18467
opouštějící,18468
měšťan,18469
převtělení,18470
interaktivní,18471
dělostřelectvo,18472
odsuzovat,18473
kolejnice,18474
mimoděk,18475
rudoarmějec,18476
charakterizovaný,18477
charakteristika,18478
vtisknout,18479
mínění,18480
ďáblice,18481
odmítnout,18482
hodnostář,18483
ozbrojenec,18484
napájený,18485
zavařování,18486
opel,18487
omluvit,18488
rozsudek,18489
incident,18490
uspořádaný,18491
promile,18492
bomber,18493
neměnný,18494
separatista,18495
opět,18496
osíci,18497
návrat,18498
ekonom,18499
fotografovat,18500
příčetnost,18501
vyzkoušený,18502
parabola,18503
upřesnění,18504
uloupit,18505
dosednout,18506
přestěhovat,18507
určitost,18508
pop,18509
tsunami,18510
glazura,18511
komando,18512
ošetřovatelský,18513
vybavení,18514
obvaz,18515
sestřih,18516
dechberoucí,18517
srovnávat,18518
bowl,18519
tuze,18520
tempo,18521
zrozený,18522
vracející,18523
his,18524
přesvědčit,18525
ach,18526
skanzen,18527
advent,18528
dukát,18529
opožděný,18530
podmínka,18531
goticky,18532
anthrax,18533
dozvídat,18534
refrén,18535
šeptání,18536
kolumbijský,18537
oblast,18538
rozloučený,18539
ego,18540
znepokojivý,18541
kostkový,18542
nazvat,18543
jazzový,18544
pokrytecky,18545
lapis,18546
rozdrtit,18547
nach,18548
rozhazovat,18549
běžící,18550
zavolat,18551
racionální,18552
slaboch,18553
zanedbání,18554
rekordér,18555
cínový,18556
rozhodit,18557
moskvič,18558
expediční,18559
máry,18560
utopický,18561
tabákový,18562
dvojitý,18563
atakovat,18564
třicetiletý,18565
totalita,18566
swingový,18567
hello,18568
antika,18569
rámový,18570
kontrolovat,18571
kasovní,18572
kvantitativní,18573
vychytat,18574
žulový,18575
kultivovaný,18576
deflektor,18577
běhoun,18578
žebrání,18579
koledovat,18580
nálezce,18581
zavináč,18582
zasraný,18583
optimalizovat,18584
utopie,18585
galanterie,18586
zumba,18587
prosedět,18588
haha,18589
baret,18590
zvýrazněný,18591
oprávněně,18592
kastelán,18593
kontext,18594
koledování,18595
najmout,18596
úvodní,18597
vymítání,18598
asketický,18599
zatímco,18600
znějící,18601
porota,18602
utajení,18603
vytrvale,18604
irácký,18605
uchovávat,18606
mnoho,18607
chaloupkový,18608
živitel,18609
doprovázený,18610
ozvučení,18611
margita,18612
rozdělený,18613
vyžití,18614
celonoční,18615
severovýchod,18616
shledaný,18617
solidní,18618
sekvence,18619
průmyslově,18620
narůstající,18621
zrekonstruovaný,18622
postarší,18623
divácký,18624
řečený,18625
zkoumat,18626
japonka,18627
železnatý,18628
slávista,18629
krokoměr,18630
potud,18631
syrský,18632
přehrada,18633
sourozenecký,18634
elektroodpad,18635
akumulace,18636
setrvávat,18637
kaftan,18638
žertovat,18639
dozor,18640
našeptávat,18641
divergence,18642
dorozumět,18643
bodování,18644
bikiny,18645
náhoda,18646
otčenáš,18647
bel,18648
commonwealth,18649
cent,18650
houfně,18651
podnoží,18652
blahobyt,18653
stimulovat,18654
prkotina,18655
spirituál,18656
kreacionista,18657
čárový,18658
nadpřirozeno,18659
existovat,18660
sekundární,18661
radiační,18662
napínání,18663
bělat,18664
pater,18665
jásot,18666
nezbeda,18667
zvladatelný,18668
připravovaný,18669
rozpačitý,18670
grafička,18671
pojišťovna,18672
humanismus,18673
konvenčně,18674
cestopis,18675
nevídaně,18676
pomstít,18677
obeplout,18678
očista,18679
kartička,18680
odhad,18681
mamá,18682
be,18683
endorfin,18684
aktivní,18685
indigo,18686
citát,18687
okatě,18688
vulkanický,18689
svatovavřinecký,18690
přestavět,18691
klenový,18692
babí,18693
smysluplně,18694
záviděníhodný,18695
přetočení,18696
memorování,18697
vyvolávající,18698
majáles,18699
hostit,18700
plno,18701
novela,18702
krystalizovat,18703
dohodnout,18704
přidávat,18705
školící,18706
neúprosný,18707
kantýna,18708
místně,18709
starožitný,18710
náhradník,18711
naprosto,18712
výpěstek,18713
valašský,18714
zápisek,18715
míchaný,18716
účinně,18717
kontrolovatelný,18718
způsobilý,18719
klání,18720
inzerát,18721
vyhořet,18722
podlesí,18723
strojně,18724
argumentace,18725
komora,18726
důsledek,18727
sestavovat,18728
ovlivnitelný,18729
závada,18730
neutronový,18731
poslanecký,18732
vševěda,18733
pokaždé,18734
gladiátor,18735
retardovaný,18736
vyrobit,18737
harmonie,18738
zřícený,18739
zemědělství,18740
liga,18741
sket,18742
adopce,18743
zlobil,18744
knížečka,18745
biopotravina,18746
návštěvnice,18747
živnostenský,18748
jednoduchost,18749
obyvatelný,18750
přečtení,18751
pilotáž,18752
zobcový,18753
nabízet,18754
ztěžovat,18755
platonicky,18756
opadnout,18757
větrno,18758
zbylý,18759
plazmatický,18760
drogerie,18761
facebookový,18762
cynik,18763
uchvácení,18764
poděkovat,18765
důvěryhodný,18766
procvičování,18767
bělský,18768
kostýmní,18769
hogo,18770
přízvuk,18771
přímočarý,18772
zázračně,18773
opotřebování,18774
paintball,18775
orient,18776
zhola,18777
praktik,18778
cannabis,18779
zjemňovat,18780
výsadkový,18781
svátost,18782
fiktivní,18783
depresivní,18784
slávistický,18785
všudypřítomný,18786
profese,18787
průjezdný,18788
úsporný,18789
kdeže,18790
šroubek,18791
zpustlý,18792
vyšinutý,18793
podvodnice,18794
družstevní,18795
souputník,18796
služebná,18797
ráž,18798
část,18799
kalo,18800
alegorický,18801
chlapectví,18802
vzedmutí,18803
zajatý,18804
rakovinný,18805
svobodně,18806
lze,18807
páchání,18808
konstrukčně,18809
oprávněný,18810
navigační,18811
dluh,18812
nastavit,18813
vdaný,18814
kvalitně,18815
fi,18816
bambino,18817
efektně,18818
legendární,18819
izraelita,18820
stoupání,18821
halí,18822
vyprodat,18823
pobočník,18824
silice,18825
knížecí,18826
biometrický,18827
identifikovatelný,18828
seřízení,18829
specifikovaný,18830
zpříjemnit,18831
psýché,18832
měkota,18833
kultivovat,18834
otázka,18835
lát,18836
amplituda,18837
hlasování,18838
sochařský,18839
nuže,18840
kytarový,18841
amputace,18842
kastovní,18843
laminátový,18844
sopranistka,18845
přestavovat,18846
zirkon,18847
zoufalství,18848
kromě,18849
archetypální,18850
šou,18851
pahorek,18852
zapletený,18853
oslovovat,18854
výtah,18855
zbožný,18856
vyzývat,18857
bodyguard,18858
samoobsluha,18859
periferie,18860
hrachový,18861
výmalba,18862
premiérově,18863
napjatý,18864
zvláštní,18865
pochybnost,18866
vyškolený,18867
akční,18868
saský,18869
předimenzovaný,18870
tréninkový,18871
oscarový,18872
psycholožka,18873
vlastnit,18874
odstrašit,18875
volaný,18876
postit,18877
graham,18878
startující,18879
virolog,18880
zdomácnět,18881
pokrývající,18882
oštěpařka,18883
otcův,18884
vážený,18885
angažmá,18886
finálový,18887
poradna,18888
odebrat,18889
reminiscence,18890
vlachův,18891
míšní,18892
poradce,18893
smolně,18894
pokořit,18895
číselný,18896
brankář,18897
striktní,18898
oslnivý,18899
zapovězený,18900
squash,18901
ha,18902
chápaný,18903
izabela,18904
elektronový,18905
magnolie,18906
běh,18907
beach,18908
rozdělat,18909
švédský,18910
zažívání,18911
běžka,18912
oslabený,18913
termovize,18914
dopad,18915
glykosid,18916
vízum,18917
kotelna,18918
hysterický,18919
pohádat,18920
skoba,18921
inteligenční,18922
výbušnina,18923
largo,18924
snížek,18925
zmatenost,18926
dřímat,18927
namítnout,18928
postavení,18929
poznávání,18930
my,18931
horlivý,18932
putující,18933
šalotka,18934
nacistický,18935
exportní,18936
zpráva,18937
sériově,18938
mop,18939
traktorista,18940
odrazit,18941
prověřit,18942
hrazda,18943
server,18944
očividně,18945
kar,18946
protékat,18947
chlorovaný,18948
obdivuhodný,18949
vyžít,18950
smyšlený,18951
chip,18952
psychoaktivní,18953
masturbace,18954
dauphin,18955
aha,18956
amputovaný,18957
velebný,18958
závora,18959
počty,18960
lazarský,18961
uctivě,18962
pochopení,18963
průbojný,18964
poltergeist,18965
dehet,18966
klakson,18967
viola,18968
ozbrojení,18969
zde,18970
nastejno,18971
aviso,18972
křižník,18973
anime,18974
zátka,18975
víkendový,18976
kreditní,18977
proniknutí,18978
odbavit,18979
zlámaný,18980
tuplem,18981
nápis,18982
cudný,18983
magicky,18984
dennodenně,18985
korbel,18986
pesimizmus,18987
prozkoumávání,18988
putovní,18989
vynahradit,18990
komponovaný,18991
ztvárněný,18992
procento,18993
kompromisní,18994
humoristický,18995
spolužačka,18996
opakovatelný,18997
injekčně,18998
výchovné,18999
slovensko,19000
důležitý,19001
snížení,19002
nákladový,19003
realitní,19004
ochablý,19005
difuzní,19006
fór,19007
absolvent,19008
cíl,19009
sebepoškozování,19010
podráždit,19011
předmostí,19012
chalupový,19013
abstinenční,19014
šířící,19015
jezdící,19016
relikvie,19017
hrotit,19018
sečíst,19019
usnadňovat,19020
snímkování,19021
bratrský,19022
petrolejový,19023
zárubeň,19024
zarážet,19025
brůna,19026
poustevna,19027
design,19028
utopený,19029
obráceně,19030
zájmový,19031
elementární,19032
napsaný,19033
šek,19034
předběžně,19035
umísťovat,19036
odpaření,19037
horninový,19038
vládkyně,19039
hektický,19040
sypký,19041
mrznout,19042
jmenovaný,19043
rozdělaný,19044
reálně,19045
plavkyně,19046
provokující,19047
netrpělivost,19048
složka,19049
zdvojený,19050
letý,19051
samurajský,19052
pověrčivost,19053
arkádový,19054
protihlukový,19055
kondenzátor,19056
gynekologie,19057
orgie,19058
uražený,19059
mezipřistání,19060
speleolog,19061
praktikovat,19062
elektronický,19063
obvodový,19064
zmiňovat,19065
švagr,19066
srubový,19067
provádět,19068
uctívač,19069
selekce,19070
melodicky,19071
laskavost,19072
bezcenný,19073
mýtinka,19074
hydrometeorologický,19075
soulový,19076
prostituce,19077
běženec,19078
ban,19079
glycerol,19080
paskvil,19081
presbytář,19082
mraznička,19083
směrování,19084
vymalovaný,19085
homosexuál,19086
ošetřování,19087
vytváření,19088
vyprodukovat,19089
triumfální,19090
tankovat,19091
logický,19092
opustit,19093
óda,19094
topolový,19095
tonikum,19096
trýznivý,19097
samohláska,19098
kolébka,19099
atletický,19100
lenit,19101
tenisový,19102
bezmezně,19103
evangelický,19104
počínání,19105
vedený,19106
prozatímní,19107
port,19108
stoprocentně,19109
rýmovat,19110
marťanský,19111
semeniště,19112
sáňkování,19113
reprezentační,19114
vyznačený,19115
medikament,19116
řeholní,19117
uspokojovat,19118
závodění,19119
rekreační,19120
invalidita,19121
prašnost,19122
vchodový,19123
mobilní,19124
kdežto,19125
atlet,19126
únavový,19127
prezident,19128
vypovídací,19129
zapojit,19130
nadhazovač,19131
proměnění,19132
uložený,19133
toužimský,19134
petrovský,19135
osvojení,19136
zubař,19137
prodyšnost,19138
likér,19139
čtvrthodina,19140
horror,19141
dodržování,19142
zraňovat,19143
oj,19144
císařovna,19145
aniž,19146
civil,19147
úsek,19148
samozvaný,19149
povážený,19150
vulgární,19151
zvonař,19152
přestavba,19153
tuctový,19154
kamikadze,19155
centrum,19156
umrtvení,19157
milostivý,19158
vykupovat,19159
spočívat,19160
graf,19161
rasistický,19162
fungovat,19163
ředit,19164
vakuum,19165
symfonie,19166
antihmota,19167
přikázat,19168
avantgardní,19169
obejít,19170
mars,19171
kontakt,19172
blesk,19173
zbytečnost,19174
vysazování,19175
věta,19176
dokládat,19177
koncentrovaný,19178
brzdící,19179
měrka,19180
runa,19181
lyžařský,19182
taka,19183
hasičský,19184
pěstoun,19185
přivádět,19186
suši,19187
slez,19188
rozmýšlet,19189
fiat,19190
exulant,19191
začátek,19192
romanopisec,19193
chatrný,19194
zvyšovat,19195
orientace,19196
přeměnit,19197
vinklář,19198
drtivý,19199
útlak,19200
procházející,19201
kouření,19202
přetékající,19203
ohromovat,19204
klávesový,19205
železník,19206
green,19207
plavení,19208
frank,19209
okatý,19210
propadák,19211
peněžní,19212
legislativa,19213
pooperační,19214
sem,19215
spojovat,19216
věčný,19217
systematicky,19218
prostorově,19219
kosmonautika,19220
beznadějný,19221
mimo,19222
ubírat,19223
bruslení,19224
kapesné,19225
ochránit,19226
interpretka,19227
kapilára,19228
výhodný,19229
utopenec,19230
vykácení,19231
otáčivý,19232
výmol,19233
čajový,19234
dědičný,19235
budovaný,19236
adresát,19237
zjednodušeně,19238
nakupovat,19239
přebíjet,19240
vyjádření,19241
přítelkyně,19242
poplatník,19243
jezdkyně,19244
jednotlivý,19245
astra,19246
doprovod,19247
dobový,19248
bývalý,19249
zapotřebí,19250
lenost,19251
závodnice,19252
sklad,19253
kybernetický,19254
odedávna,19255
zamezení,19256
hektolitr,19257
nezvyklý,19258
konzola,19259
deprese,19260
volnočasový,19261
nájem,19262
herna,19263
přátelství,19264
disperzní,19265
motivující,19266
zaseknutí,19267
nelson,19268
akt,19269
ochromení,19270
důrazně,19271
krasobruslení,19272
evergreen,19273
mluvčí,19274
vyhořelý,19275
natáčení,19276
kubismus,19277
srdnatě,19278
parkur,19279
zákonodárný,19280
rozvedený,19281
status,19282
sraženina,19283
mládežnický,19284
kvarteto,19285
západ,19286
dobrodiní,19287
narůstat,19288
zářný,19289
odstraňovat,19290
žhář,19291
dej,19292
hrnčířský,19293
dětinsky,19294
bezohlednost,19295
absorbovat,19296
inertní,19297
dtest,19298
projekt,19299
vypěstování,19300
odehraný,19301
dokumentarista,19302
dál,19303
grosso,19304
vzkřísit,19305
vysouvací,19306
neustálý,19307
přistěhovalectví,19308
úmluva,19309
padrť,19310
dohrát,19311
house,19312
obdarovaný,19313
součinitel,19314
srdečný,19315
hodování,19316
promiskuita,19317
odjakživa,19318
tříčlenný,19319
riskování,19320
promyšleně,19321
předcházet,19322
tematika,19323
uctívání,19324
dmychadlo,19325
prazvláštní,19326
rekviem,19327
duševní,19328
finský,19329
manganatý,19330
přetvařovat,19331
obava,19332
geniální,19333
umělkyně,19334
nabuzení,19335
makromolekulární,19336
konkurs,19337
sešlost,19338
recidiva,19339
axel,19340
zařízení,19341
uhodnout,19342
zviditelnit,19343
připadající,19344
výslech,19345
návěstidlo,19346
vylepšit,19347
ustřihnout,19348
hot,19349
valkýra,19350
jár,19351
společenství,19352
tržní,19353
pašování,19354
dopřávat,19355
kvalifikovaný,19356
posbírat,19357
sadista,19358
spousta,19359
každoročně,19360
grandslam,19361
piano,19362
chatař,19363
bukovský,19364
plena,19365
jeep,19366
sedliště,19367
převézt,19368
krize,19369
návrší,19370
rolls,19371
světelně,19372
balíček,19373
otěhotnět,19374
interference,19375
zrazovat,19376
mnohostranný,19377
montáž,19378
nadčasový,19379
popularizační,19380
východ,19381
dvojnásobně,19382
daviscupový,19383
uhlí,19384
reprezentantka,19385
bohoslužba,19386
samolibost,19387
maškaráda,19388
gramofonový,19389
mařit,19390
momentální,19391
elektřina,19392
ověřovat,19393
tazatel,19394
sympaticky,19395
maskér,19396
psyché,19397
krédo,19398
uvrhnout,19399
hraběnka,19400
prostředek,19401
teniska,19402
ohradit,19403
vybočit,19404
zastavitelný,19405
herbicid,19406
teplotně,19407
basový,19408
odívání,19409
nabíjení,19410
pravidelnost,19411
pozvat,19412
klesající,19413
předpokládaný,19414
znělka,19415
kris,19416
cejch,19417
ilegální,19418
business,19419
pohotovostní,19420
ochránkyně,19421
kabelový,19422
devon,19423
seřadit,19424
odtok,19425
profesorka,19426
spotřebitelský,19427
hrobník,19428
katastrofický,19429
konstruovat,19430
vepsat,19431
vyhnání,19432
ukončený,19433
porůznu,19434
student,19435
explozivní,19436
solnice,19437
husita,19438
dekorativně,19439
dvojnásobek,19440
křížový,19441
střežící,19442
obhospodařovaný,19443
komunismus,19444
oprášit,19445
marketing,19446
zaříkávání,19447
krasobruslařka,19448
ideologický,19449
astronom,19450
rozlišování,19451
srdečně,19452
půjčovat,19453
stacionární,19454
vztyčení,19455
věrozvěst,19456
zpracovatelský,19457
mnohde,19458
kriket,19459
nemocnice,19460
vlečka,19461
neduh,19462
burcovat,19463
vyhnutelný,19464
spisovatelka,19465
záchyt,19466
nalíčení,19467
dubský,19468
jednající,19469
zkazka,19470
pumpa,19471
pátrat,19472
dřevák,19473
ecce,19474
windsurfing,19475
hornický,19476
obratem,19477
zástěna,19478
hrdost,19479
obvinění,19480
zkoušený,19481
zjistitelný,19482
parfém,19483
tkáňový,19484
chromový,19485
mesiáš,19486
aba,19487
zahalení,19488
trhovec,19489
průkazka,19490
totálně,19491
poutní,19492
zábrodský,19493
mercedes,19494
dekorování,19495
žernosek,19496
spolek,19497
kompenzovat,19498
podvádění,19499
výtržník,19500
uvěznit,19501
geologický,19502
an,19503
zemětřesení,19504
snižování,19505
mauritius,19506
rozkládat,19507
ryzost,19508
věčně,19509
postupovat,19510
nohejbal,19511
časově,19512
diskutabilní,19513
upozorňující,19514
zobrazovaný,19515
zrychlovat,19516
serpentin,19517
útok,19518
potvrzení,19519
dominikánský,19520
brus,19521
ateista,19522
řeznický,19523
znecitlivění,19524
nasimulovat,19525
jednotně,19526
úzko,19527
efektivita,19528
akordeon,19529
zčásti,19530
konspirační,19531
vandal,19532
uragán,19533
zaopatřený,19534
panoráma,19535
provinilec,19536
terapeutka,19537
pašerák,19538
bruslař,19539
bazar,19540
ložný,19541
bezohledně,19542
slitek,19543
pravidlo,19544
metastáza,19545
řeznictví,19546
sleva,19547
třebaže,19548
skipper,19549
vysušení,19550
kancelář,19551
nedělní,19552
bělení,19553
ledaže,19554
řádka,19555
koudel,19556
snoubit,19557
amonný,19558
petunie,19559
blackjack,19560
prelát,19561
remise,19562
ski,19563
bacha,19564
symbolický,19565
začátkem,19566
halibut,19567
lehkomyslný,19568
zápěstní,19569
vymezený,19570
nositel,19571
stojan,19572
zjišťování,19573
klasik,19574
omezit,19575
zneklidňovat,19576
ohraničený,19577
adrenalinový,19578
konceptuální,19579
restaurovaný,19580
odtékat,19581
uprchnout,19582
keňský,19583
zvonička,19584
hunt,19585
odjezd,19586
zámořský,19587
přistěhovat,19588
střednědobý,19589
bit,19590
slavící,19591
přiženit,19592
potrubní,19593
fotbal,19594
trenérka,19595
iniciála,19596
skládačka,19597
hypoteticky,19598
nábytkářský,19599
telefonování,19600
berounský,19601
pozoun,19602
všemocný,19603
ježto,19604
karate,19605
hromosvod,19606
mrtvo,19607
českobratrský,19608
lesnický,19609
provoz,19610
kypící,19611
štědrost,19612
výpusť,19613
konformní,19614
databáze,19615
famfrpál,19616
významný,19617
podavač,19618
osvojovat,19619
simulace,19620
tragikomedie,19621
senátor,19622
vyplout,19623
sudoku,19624
jízdné,19625
rozdělovat,19626
combo,19627
pociťovat,19628
zlidovět,19629
gramodeska,19630
drze,19631
jmenovitý,19632
kvocient,19633
kata,19634
nenasytnost,19635
shromáždění,19636
asfaltka,19637
nabídnout,19638
dvoukomorový,19639
apatie,19640
mlčenlivý,19641
výtlak,19642
lavina,19643
pátrací,19644
památkový,19645
zvětšující,19646
spolubojovník,19647
adekvátní,19648
francouzština,19649
minula,19650
opojení,19651
pancéřovaný,19652
věčnost,19653
uvádět,19654
rovinatý,19655
fanatismus,19656
architekt,19657
bezkonkurenčně,19658
stlačení,19659
buddhistický,19660
slide,19661
visutý,19662
reprezentativně,19663
asymetricky,19664
vyříkat,19665
heřmánkový,19666
prefrontální,19667
limonáda,19668
teoreticky,19669
benefice,19670
pilotka,19671
antrax,19672
legálně,19673
pedál,19674
eskadra,19675
opomíjet,19676
přepočet,19677
stupeň,19678
brutální,19679
potřebný,19680
bujón,19681
selhávat,19682
casus,19683
míčový,19684
výplod,19685
tanout,19686
vycházkový,19687
forbes,19688
posunutí,19689
celník,19690
přírodovědný,19691
chloroform,19692
úložné,19693
veličina,19694
pravicově,19695
opevnění,19696
švorcový,19697
entita,19698
reedice,19699
příslušet,19700
radarový,19701
zasílat,19702
balanc,19703
hoře,19704
objevení,19705
vznícení,19706
dělit,19707
bariéra,19708
giro,19709
vřetenový,19710
bydlící,19711
vystěhovat,19712
bystrost,19713
zasloužený,19714
ukrutný,19715
bunkr,19716
mírotvůrce,19717
úsloví,19718
parsek,19719
protahování,19720
individuálně,19721
jihozápad,19722
renesančně,19723
drbna,19724
uspokojivý,19725
daňový,19726
marketingový,19727
expresivně,19728
linie,19729
newsletter,19730
vodácký,19731
transfuzní,19732
ropa,19733
vymítač,19734
nadání,19735
vylepšený,19736
odpružení,19737
dražba,19738
brzdový,19739
apríl,19740
robota,19741
brojit,19742
všudy,19743
kolísající,19744
přejezd,19745
jestliže,19746
nastavený,19747
nájemní,19748
vyráběný,19749
závažně,19750
urychlovač,19751
ubližování,19752
zkoušení,19753
přeběhnout,19754
dokument,19755
hraběcí,19756
obepínat,19757
ostro,19758
vševěd,19759
zmapovat,19760
naposled,19761
zdravotnický,19762
rovněž,19763
celoplošně,19764
kanoista,19765
básnířka,19766
bisexuál,19767
real,19768
couvání,19769
upoutání,19770
oboustranně,19771
vzbouřenec,19772
standard,19773
lokaj,19774
obsahující,19775
prolétnout,19776
eventuálně,19777
šance,19778
finka,19779
kasárna,19780
šestiválec,19781
programování,19782
kabinet,19783
kultovní,19784
arnika,19785
konfekce,19786
marnivost,19787
válek,19788
bezelstně,19789
nacházející,19790
orbitální,19791
mnichův,19792
kýčovitý,19793
bombový,19794
záložní,19795
brigáda,19796
vidoucí,19797
neznámo,19798
ztělesnit,19799
kontra,19800
odpověď,19801
hřbitovní,19802
návratně,19803
nehorázný,19804
vysokoškolačka,19805
postradatelný,19806
kult,19807
střízlivě,19808
zavraždit,19809
jednatel,19810
rozprostřít,19811
omlazení,19812
hlásič,19813
transparentně,19814
beat,19815
zmocnění,19816
usilovný,19817
krabicový,19818
manda,19819
tíhnout,19820
potírat,19821
polyuretan,19822
propůjčovat,19823
otec,19824
jednoruční,19825
vodárenský,19826
osvobodit,19827
přehlednost,19828
vstřikovací,19829
překrýt,19830
leckterý,19831
cibulkový,19832
kontrakce,19833
chlumský,19834
rozverný,19835
křišťálový,19836
léčitel,19837
závodský,19838
sběrný,19839
zasazený,19840
hinduismus,19841
prvoplánově,19842
cyklotrasa,19843
pozměněný,19844
utažení,19845
bystřina,19846
petrolej,19847
kynout,19848
mistryně,19849
navýšit,19850
bezdrátově,19851
kopie,19852
pečovatel,19853
charisma,19854
rozjezd,19855
manželčin,19856
převážení,19857
předložka,19858
vzniknout,19859
krycí,19860
tomato,19861
chór,19862
slánský,19863
zděšený,19864
traumatický,19865
marodka,19866
spolujezdec,19867
parter,19868
rozehrát,19869
bleskový,19870
methionin,19871
gurmán,19872
zátah,19873
triatlon,19874
tkaní,19875
zrakově,19876
platný,19877
stínadlo,19878
svahilsky,19879
lanza,19880
nakládaný,19881
kombinace,19882
geniálně,19883
plnicí,19884
fruktóza,19885
františkán,19886
mikrobiologie,19887
brilantní,19888
porodník,19889
sebevražda,19890
pramenitý,19891
inspirace,19892
prohledávání,19893
dluhopis,19894
kávovar,19895
průstřel,19896
šokující,19897
novinka,19898
rýžování,19899
hasicí,19900
mlčící,19901
vývozce,19902
narovnat,19903
prvotní,19904
jako,19905
proplout,19906
vyléčit,19907
aditivní,19908
kárat,19909
tequila,19910
stojka,19911
trafika,19912
soustředění,19913
kadeřnictví,19914
soudce,19915
výlohy,19916
přepadávat,19917
neurotransmiter,19918
rozbíjení,19919
předstíraný,19920
prohodit,19921
ošálit,19922
nitrožilní,19923
namítat,19924
přihrádka,19925
označit,19926
zasažený,19927
lukostřelba,19928
zastávat,19929
fixa,19930
nablízko,19931
obdoba,19932
epilepsie,19933
placebo,19934
mayský,19935
originálně,19936
přechodně,19937
ethernet,19938
vypudit,19939
výpravní,19940
věrnost,19941
dodělat,19942
přisoudit,19943
koncertní,19944
konzervace,19945
zatahování,19946
výdobytek,19947
obloukový,19948
cirkulární,19949
drážkování,19950
opakování,19951
chan,19952
ubytovat,19953
ožít,19954
ejhle,19955
ztroskotat,19956
vyrovnanost,19957
studijní,19958
tvrzený,19959
tepenný,19960
jezdectví,19961
šití,19962
marjánka,19963
dialog,19964
jordánský,19965
objednaný,19966
ateliérový,19967
rámě,19968
poleno,19969
slazený,19970
struktura,19971
mocnost,19972
bitcoin,19973
důvtip,19974
kroupový,19975
obleva,19976
nácvik,19977
vystupující,19978
spojovací,19979
prázdnota,19980
kanada,19981
zakrytí,19982
odkládací,19983
vystavený,19984
plenit,19985
stotisíc,19986
chvatně,19987
amen,19988
stoják,19989
zpomalovat,19990
nářečí,19991
prorokovat,19992
pomazaný,19993
jistěže,19994
alba,19995
sjíždění,19996
vyhnanství,19997
předobraz,19998
vydaný,19999
racionálně,20000
třebas,20001
zastřít,20002
přiměřenost,20003
nahodilý,20004
snadně,20005
čokoládovna,20006
materiálový,20007
kritérium,20008
exkurze,20009
šestinedělí,20010
přibližně,20011
makovský,20012
proslout,20013
infúze,20014
vystupování,20015
přibít,20016
ilustrátorka,20017
kloubový,20018
jazz,20019
šokovaný,20020
panama,20021
nadějný,20022
jevištní,20023
kondenzační,20024
vystřídat,20025
změna,20026
polnice,20027
masově,20028
organicky,20029
mžít,20030
rezervovaný,20031
glutamát,20032
řadící,20033
kamenice,20034
beskydský,20035
omluvitelný,20036
celibát,20037
záchodový,20038
filatelista,20039
kališník,20040
dobrovolník,20041
autistický,20042
výtěžek,20043
situovaný,20044
panika,20045
gobelín,20046
kosmetický,20047
lustrační,20048
výkop,20049
koaxiální,20050
propašovat,20051
posilovat,20052
epicentrum,20053
objektivita,20054
vyřazovat,20055
vrcholový,20056
libeňský,20057
demolice,20058
zjednodušený,20059
uzdravování,20060
řídící,20061
seč,20062
sebevražedný,20063
estrádní,20064
tágo,20065
předskokan,20066
vandalismus,20067
insert,20068
osobně,20069
bytná,20070
impresionismus,20071
stávající,20072
koktavost,20073
tradičně,20074
ihned,20075
nadhoz,20076
rouhání,20077
posuvník,20078
minimální,20079
trenér,20080
ideologie,20081
kazeta,20082
expres,20083
skokový,20084
rozutéci,20085
zajišťovat,20086
periferní,20087
lichnovský,20088
darovaný,20089
souborový,20090
parametr,20091
ukazovátko,20092
navzdory,20093
konopí,20094
tíže,20095
nacionalizmus,20096
segment,20097
skupinový,20098
abeceda,20099
stupínek,20100
odesílatel,20101
utajovaný,20102
km,20103
rozhodnout,20104
scénárista,20105
modelový,20106
number,20107
západní,20108
pel,20109
sinusový,20110
sociálně,20111
interferon,20112
rozehrávat,20113
přispívat,20114
kysele,20115
upírský,20116
cuprum,20117
odrazivost,20118
vražda,20119
zásobní,20120
ampule,20121
zaměstnání,20122
kritika,20123
vanička,20124
excelovat,20125
frekvenční,20126
servisní,20127
dramaturgicky,20128
otočení,20129
výpad,20130
popíjet,20131
palestinský,20132
výklad,20133
nevědomost,20134
potrápit,20135
středoškolačka,20136
zvonařka,20137
životospráva,20138
vyznění,20139
snoubenka,20140
portýr,20141
obklopující,20142
digitálně,20143
prádelna,20144
oznámení,20145
trafostanice,20146
platonický,20147
šachový,20148
totožný,20149
režie,20150
satirický,20151
hujer,20152
protržení,20153
příděl,20154
tý,20155
nadnášet,20156
kondicionér,20157
pružinový,20158
vláčení,20159
dekoratér,20160
havířův,20161
solit,20162
smrkovský,20163
panovnice,20164
nabízený,20165
hodnocení,20166
procházení,20167
olympionik,20168
přetahování,20169
gesto,20170
učarovat,20171
degustace,20172
vyztužit,20173
vyřadit,20174
výstřelek,20175
toust,20176
fotosyntéza,20177
ohleduplně,20178
zvolený,20179
onanie,20180
etiketa,20181
zdvihnout,20182
svépomoc,20183
pack,20184
působivost,20185
popřemýšlet,20186
průzkum,20187
uznat,20188
cheng,20189
belveder,20190
plebs,20191
zůstavitel,20192
přeceňovat,20193
prásk,20194
punčochář,20195
vyloďovací,20196
poklepání,20197
teorie,20198
hloub,20199
usednutí,20200
vypočítat,20201
dílna,20202
vnést,20203
vydařený,20204
žitná,20205
stratosféra,20206
přednes,20207
perkuse,20208
pravdivost,20209
flirtování,20210
vyměnitelný,20211
buch,20212
startovní,20213
nalevo,20214
úprava,20215
označovat,20216
xenofobní,20217
povyražení,20218
liberálně,20219
zbrojnice,20220
časový,20221
odpůrce,20222
zmínka,20223
trio,20224
potvrdit,20225
rekreace,20226
aneb,20227
pootočení,20228
podřídit,20229
pedofil,20230
přisuzovat,20231
porada,20232
zatajit,20233
dvorský,20234
rádiový,20235
adoptovat,20236
kancléř,20237
viskózní,20238
anta,20239
memento,20240
smolný,20241
jek,20242
hledisko,20243
lišící,20244
ostře,20245
urychlovat,20246
zaplést,20247
stoupající,20248
předzvěst,20249
tin,20250
vygooglit,20251
múzický,20252
budící,20253
přehmat,20254
krystalový,20255
zápětí,20256
pákistánský,20257
novinový,20258
hydroizolační,20259
royal,20260
poražený,20261
hradit,20262
účet,20263
nazírání,20264
komtesa,20265
objízdný,20266
zacpat,20267
import,20268
petra,20269
paleolit,20270
vychýlit,20271
bolestně,20272
přepsat,20273
prasklý,20274
letopočet,20275
duchovní,20276
trap,20277
přechovávání,20278
kaligrafie,20279
určení,20280
ovšemže,20281
strojní,20282
svezení,20283
sesbírat,20284
subatomární,20285
naběhat,20286
dorostenecký,20287
poznávací,20288
přelidněný,20289
leč,20290
vytáčet,20291
sobotní,20292
helium,20293
vědma,20294
adept,20295
pinka,20296
nýbrž,20297
procvičit,20298
hlohovec,20299
zapouzdření,20300
soupeřka,20301
odpovídající,20302
opatření,20303
sdružující,20304
přesunovat,20305
úrok,20306
spodně,20307
zmrtvýchvstání,20308
diverzifikovat,20309
anomální,20310
prostudování,20311
pořezat,20312
shodný,20313
dovedně,20314
cílit,20315
souviset,20316
halv,20317
inženýr,20318
pletací,20319
pásmo,20320
křesťanství,20321
klasa,20322
odpadový,20323
odboj,20324
nešika,20325
vykořisťování,20326
sudí,20327
křížkový,20328
judita,20329
pohoršovat,20330
pochytit,20331
zvětšovací,20332
krajinářský,20333
cenzura,20334
show,20335
zpevňovat,20336
směrově,20337
plnoletý,20338
coura,20339
definice,20340
ztroskotaný,20341
rozdělávat,20342
lino,20343
natažení,20344
zradit,20345
sezona,20346
muzejní,20347
pohodlnost,20348
udržování,20349
kradení,20350
transsexuál,20351
klingonský,20352
pornohvězda,20353
úplnost,20354
morfologie,20355
náhrobní,20356
prohrávat,20357
průpovídka,20358
učebnice,20359
bandáž,20360
jump,20361
kapitalismus,20362
vybízet,20363
lokalizace,20364
ješitnost,20365
neděle,20366
hem,20367
peníze,20368
obdržený,20369
dejvický,20370
prezidentský,20371
monk,20372
porotce,20373
pochválit,20374
loďstvo,20375
spokojenost,20376
průlez,20377
ohavnost,20378
guru,20379
vpád,20380
ošetřit,20381
krokev,20382
šifrovaný,20383
textil,20384
utrpět,20385
puč,20386
galeje,20387
otáčkoměr,20388
pomlouvat,20389
apokalyptický,20390
srovnatelně,20391
dálkoměr,20392
stříbrnice,20393
vysokoškolák,20394
bioplyn,20395
restaurování,20396
nábytkový,20397
všeobjímající,20398
hloubit,20399
mostecký,20400
pohledově,20401
kuličkový,20402
zasloužilý,20403
nepaměť,20404
kvíz,20405
zametat,20406
parkour,20407
zahraný,20408
jablonský,20409
duševně,20410
stínění,20411
ochranný,20412
zaujímat,20413
vzplanout,20414
propojený,20415
panská,20416
obsahovat,20417
znepokojit,20418
poutat,20419
muzeum,20420
kolonáda,20421
registrovaný,20422
požádat,20423
vyhodnotit,20424
lstivě,20425
farní,20426
ochrana,20427
dochovat,20428
spřátelit,20429
jičínský,20430
budovat,20431
flashback,20432
fanatik,20433
ulevit,20434
poblíž,20435
zvažovat,20436
bleskově,20437
výzkumný,20438
lidskost,20439
pagoda,20440
využití,20441
ubodat,20442
milo,20443
práce,20444
donutit,20445
tunga,20446
litrový,20447
přivolání,20448
ušlý,20449
ženit,20450
černice,20451
rozdělávání,20452
rodák,20453
filip,20454
impedance,20455
roční,20456
zatížení,20457
návod,20458
modře,20459
farmaření,20460
brokát,20461
kreslící,20462
fuga,20463
vyrýt,20464
sekretariát,20465
nahodit,20466
pikový,20467
trumf,20468
kulometný,20469
povolovat,20470
trubkový,20471
chirurgicky,20472
korzo,20473
pouštění,20474
monzun,20475
špionážní,20476
trvanlivost,20477
lisovaný,20478
fašistický,20479
výhružka,20480
seberealizace,20481
přepadat,20482
programátor,20483
výsledkový,20484
předjetí,20485
chromozomální,20486
zastínit,20487
literatura,20488
povaleč,20489
salónní,20490
rupie,20491
game,20492
úkol,20493
získávání,20494
konfigurace,20495
prostřelený,20496
charakter,20497
vínko,20498
hanzl,20499
posyp,20500
buggyra,20501
absorpční,20502
kovářství,20503
přemlouvat,20504
lakota,20505
dynastie,20506
nukleus,20507
výrobní,20508
specificky,20509
mulčovací,20510
zběsile,20511
syrovost,20512
nakupování,20513
bylinkářství,20514
procesor,20515
dohra,20516
póvl,20517
útrata,20518
antuka,20519
pomatení,20520
navodit,20521
hospodárně,20522
šikanovat,20523
pobírat,20524
demokratický,20525
stanovisko,20526
vytisknout,20527
zákon,20528
ala,20529
vloupání,20530
doplnění,20531
řezivo,20532
pípal,20533
přitížit,20534
procesí,20535
zasahující,20536
rozeznávání,20537
uklidit,20538
strategický,20539
poklid,20540
rozhněvaný,20541
vykopnout,20542
syn,20543
molybden,20544
kůr,20545
protimluv,20546
laminát,20547
vyděšení,20548
rušivě,20549
obrazotvornost,20550
staročeský,20551
koupě,20552
komunikativní,20553
nicneříkající,20554
doručování,20555
diskrétní,20556
skloubení,20557
zaměřovat,20558
střetnutí,20559
implantát,20560
prezentace,20561
osvětový,20562
včelařský,20563
kriminalistický,20564
parafrázovat,20565
eden,20566
průser,20567
směrovat,20568
zamilovanost,20569
napálit,20570
zapustit,20571
prohlásit,20572
lunární,20573
barista,20574
zásadový,20575
logopedie,20576
restaurační,20577
přetvářka,20578
zahazovat,20579
pohřešovaný,20580
pracovitost,20581
svátečně,20582
notně,20583
řádový,20584
stáhnout,20585
zaregistrovat,20586
kostnice,20587
molární,20588
promítat,20589
disproporce,20590
podávaný,20591
ubytovna,20592
krvavě,20593
golfista,20594
zázemí,20595
zdravotní,20596
předjet,20597
kvantita,20598
ho,20599
oddací,20600
imise,20601
individuální,20602
asistentka,20603
vběhnout,20604
velekněz,20605
vrhač,20606
nekonečno,20607
mora,20608
svěřenský,20609
přimět,20610
holistický,20611
několikerý,20612
youtuber,20613
pátrající,20614
soustřeďovat,20615
ron,20616
skříňový,20617
holandsko,20618
komponování,20619
inscenovat,20620
primátor,20621
čas,20622
převodovka,20623
bezstarostnost,20624
charismatický,20625
disperze,20626
záklon,20627
zalednění,20628
podrobně,20629
vyhodnocení,20630
synapse,20631
váh,20632
maloměsto,20633
zdržování,20634
pohan,20635
interpelace,20636
ampulka,20637
muzikantský,20638
súdánský,20639
slabikář,20640
užitečnost,20641
výchovný,20642
okamžik,20643
lubrikační,20644
komerčně,20645
cvičiště,20646
diakritika,20647
kde,20648
vyřešený,20649
desetitisíce,20650
zúčastněný,20651
důrazný,20652
zatykač,20653
uhašení,20654
řešit,20655
šňupání,20656
geocaching,20657
úderný,20658
flat,20659
generace,20660
hamburger,20661
zušlechťování,20662
skica,20663
postrádající,20664
vroucně,20665
strádající,20666
výkupné,20667
hluchoněmý,20668
zavázaný,20669
otěhotnění,20670
moderátor,20671
přinesený,20672
vyfotografovat,20673
možnost,20674
vést,20675
excentrický,20676
prodražovat,20677
zaznamenávat,20678
trojka,20679
třpyt,20680
mlado,20681
přistoupit,20682
haiku,20683
fořt,20684
stránka,20685
prostupovat,20686
diagonálně,20687
zavírací,20688
usnesení,20689
celodenně,20690
badminton,20691
převléci,20692
konkurenceschopnost,20693
skandinávský,20694
vymodelovat,20695
smil,20696
zaplavovat,20697
truc,20698
slepo,20699
překonat,20700
opravený,20701
insolvenční,20702
janovský,20703
těsnící,20704
odsudek,20705
výdaj,20706
plomba,20707
zvěčnit,20708
tělový,20709
truchlivý,20710
krátkodobý,20711
zobecňovat,20712
adorace,20713
věznit,20714
stúpa,20715
profil,20716
cestovní,20717
upíří,20718
pálenice,20719
kava,20720
kamaše,20721
poptávaný,20722
destilát,20723
maximalizovat,20724
milostivě,20725
povýšit,20726
tamní,20727
záhrobí,20728
modelovat,20729
znepříjemňovat,20730
tramvaj,20731
dubina,20732
občánek,20733
polep,20734
celebrita,20735
kmitočet,20736
procestovat,20737
šitý,20738
plánovat,20739
žezlo,20740
odpal,20741
zkapalněný,20742
emailový,20743
vymýt,20744
rozptýlení,20745
zaměňovat,20746
nadšení,20747
dohledat,20748
kombajn,20749
zkracovat,20750
sehnat,20751
stavějící,20752
pohřešovat,20753
osázet,20754
pochybný,20755
emigrant,20756
zamezovat,20757
srážet,20758
proseknout,20759
poplatek,20760
vynaložený,20761
spontánnost,20762
music,20763
berlínský,20764
pouliční,20765
psychedelický,20766
udržet,20767
zrekonstruovat,20768
zakopaný,20769
sociolog,20770
deviace,20771
pejorativní,20772
taxislužba,20773
buzerace,20774
vyslat,20775
povýšený,20776
protivenství,20777
vytvořit,20778
vyhlášený,20779
obousměrně,20780
cak,20781
loupež,20782
vytušit,20783
stolování,20784
odsedět,20785
etiopie,20786
dostatečná,20787
navýšení,20788
kvadrant,20789
oplátka,20790
harley,20791
smyčcový,20792
vypilovat,20793
mise,20794
přepravovaný,20795
dobrotivý,20796
pouťový,20797
architektonicky,20798
zadaný,20799
hašiš,20800
histologický,20801
odvěký,20802
otálet,20803
koncovka,20804
vinoucí,20805
překladač,20806
středobod,20807
vlečení,20808
odkaz,20809
palný,20810
skóre,20811
multitasking,20812
setřást,20813
zvolna,20814
kontrovat,20815
proslavit,20816
závodící,20817
box,20818
sebevědomě,20819
medikace,20820
množina,20821
dlouhodobě,20822
kaplice,20823
orientačně,20824
sebelítost,20825
odmítající,20826
lobbista,20827
kankán,20828
čtyřhra,20829
ztotožňovat,20830
fil,20831
reference,20832
čtyřdobý,20833
nebezpečnost,20834
dělostřelecký,20835
šéfovat,20836
kódování,20837
kolejiště,20838
směnit,20839
oddělovat,20840
zdařile,20841
plnit,20842
brand,20843
fascie,20844
cenově,20845
patnáctistovka,20846
rukojmí,20847
provozní,20848
médium,20849
nacizmus,20850
operovaný,20851
cynismus,20852
výše,20853
hrstka,20854
značkování,20855
povídačka,20856
posvátnost,20857
mazel,20858
používaný,20859
podsouvat,20860
regulovaný,20861
trojdílný,20862
testování,20863
úklid,20864
domino,20865
znásilňování,20866
ponížený,20867
vlastizrada,20868
smýt,20869
smýšlet,20870
fuk,20871
organizovat,20872
šoupátko,20873
přihlášení,20874
radno,20875
vléci,20876
naklánění,20877
mezikruží,20878
splněný,20879
přerůstat,20880
ctěný,20881
zprava,20882
forhend,20883
telefonovat,20884
uvažující,20885
donekonečna,20886
mechanik,20887
bezvadný,20888
vyprávějící,20889
rozsvěcet,20890
kredenc,20891
kortizol,20892
zaujetí,20893
rozhřešení,20894
cap,20895
žehlit,20896
podlézání,20897
stojací,20898
stejnak,20899
divácky,20900
maštal,20901
vracení,20902
úředně,20903
režírovat,20904
stropnice,20905
starostka,20906
respektive,20907
vysokoškolský,20908
pepito,20909
homole,20910
dixieland,20911
deskový,20912
teflon,20913
zaujatost,20914
mizera,20915
telepatie,20916
vyvýšenina,20917
ustálit,20918
odmyslit,20919
makléř,20920
mládež,20921
zdvih,20922
blinkr,20923
zděšeně,20924
trestanecký,20925
dohledný,20926
konzervatizmus,20927
provokatér,20928
mangold,20929
bezcharakterní,20930
rozvést,20931
vytrácet,20932
uspokojující,20933
spojený,20934
rozpadlý,20935
naslepo,20936
zájezdní,20937
povýšeně,20938
uspořádání,20939
navrátilec,20940
poučení,20941
postupně,20942
odbornost,20943
pocta,20944
špión,20945
vyučovat,20946
literární,20947
hodnotící,20948
strážkyně,20949
převážit,20950
mír,20951
všehovšudy,20952
diverzní,20953
památník,20954
investiční,20955
navigace,20956
analogový,20957
trať,20958
biosférický,20959
sounáležitost,20960
rodina,20961
klarinetista,20962
zapříčiňovat,20963
znehodnocení,20964
favorit,20965
výškař,20966
řádění,20967
mechtle,20968
vyhazování,20969
disident,20970
potupný,20971
posila,20972
zvýraznit,20973
zkrátit,20974
spouštět,20975
podvodný,20976
odvolat,20977
vyptávání,20978
svorka,20979
archetyp,20980
císařův,20981
fragmentace,20982
zdolný,20983
metanol,20984
parkující,20985
výhrůžka,20986
vyplnění,20987
radioaktivita,20988
informovat,20989
rozpustit,20990
školné,20991
zarážející,20992
riviéra,20993
upotřebení,20994
zchlazení,20995
urputný,20996
koncem,20997
primární,20998
vrtulníkový,20999
napevno,21000
fagot,21001
rytý,21002
zbrusu,21003
plnohodnotný,21004
spoře,21005
unesení,21006
vyslanec,21007
polygamie,21008
bruslit,21009
piccolo,21010
osvícení,21011
sjet,21012
premiér,21013
parabolický,21014
osobní,21015
vznětový,21016
přívětivě,21017
tuhnutí,21018
naprogramovaný,21019
kelt,21020
sovět,21021
systematický,21022
manévry,21023
pomyslný,21024
výrok,21025
odhodlaně,21026
sklizený,21027
otevírající,21028
kružnice,21029
saturace,21030
vlákat,21031
odvést,21032
generovaný,21033
fan,21034
kyanid,21035
boj,21036
vydří,21037
kolabovat,21038
progesteron,21039
standardní,21040
blanický,21041
zacelit,21042
generátor,21043
infuzní,21044
preventivně,21045
východisko,21046
přepravník,21047
stětí,21048
útržkovitý,21049
varující,21050
vymknout,21051
náchylnost,21052
vagón,21053
výhybka,21054
vyhodnocování,21055
umývárna,21056
opakující,21057
habanera,21058
přistavět,21059
schizofrenie,21060
prodej,21061
ford,21062
ústup,21063
uzavřít,21064
přetrhnout,21065
hystericky,21066
pecháček,21067
odrážející,21068
jinakost,21069
polesný,21070
klerik,21071
kolmice,21072
závislý,21073
povinně,21074
štěpení,21075
export,21076
certifikát,21077
zhasnutí,21078
toast,21079
pivnice,21080
exponovaný,21081
vpravo,21082
vyrazit,21083
datovaný,21084
výfuk,21085
vyplynout,21086
truck,21087
připravit,21088
absurdita,21089
oběšený,21090
promíchat,21091
velkoformátový,21092
instituce,21093
kord,21094
programovat,21095
šéfka,21096
čečenský,21097
ionizující,21098
nadarmo,21099
předvolební,21100
zpět,21101
jednohlasně,21102
cisterna,21103
seance,21104
kationt,21105
geometricky,21106
holdovat,21107
protilehlý,21108
mez,21109
snídaňový,21110
vyslechnout,21111
přehlídka,21112
gelový,21113
rozdíl,21114
prosazovat,21115
nadpozemský,21116
uzdravený,21117
přinesení,21118
soustředěně,21119
láz,21120
vika,21121
týdně,21122
vypuknutí,21123
pevně,21124
užitý,21125
zářivost,21126
barytonista,21127
portál,21128
deprivace,21129
umbra,21130
kolize,21131
slyšení,21132
uctivý,21133
prehistorie,21134
vytlačovat,21135
pořešit,21136
starobní,21137
souznění,21138
přehlížený,21139
rapidní,21140
čtyřdenní,21141
stabilita,21142
socializace,21143
replikovat,21144
podnik,21145
spolupracovník,21146
milión,21147
konzultace,21148
panoramatický,21149
přesně,21150
rozprchnout,21151
porušený,21152
dialyzační,21153
invence,21154
potaz,21155
dvojice,21156
prazdroj,21157
odpolední,21158
vyprodaný,21159
datovat,21160
ambice,21161
grandslamový,21162
moralizující,21163
baskytarista,21164
uklidňovat,21165
narovinu,21166
bytelný,21167
tutoriál,21168
aukce,21169
pořízek,21170
pole,21171
panovačný,21172
epizoda,21173
zanesený,21174
lokálně,21175
vypočítavý,21176
pik,21177
zastoupení,21178
žákyně,21179
uspořádat,21180
vyrojit,21181
přelít,21182
fašismus,21183
nainstalovaný,21184
silenka,21185
tetovací,21186
příležitostní,21187
zkorumpovaný,21188
zbrojení,21189
přelidnění,21190
prohlídkový,21191
office,21192
nabytý,21193
zpracovatel,21194
jméno,21195
vyřešit,21196
vydělaný,21197
intenzifikace,21198
nenávist,21199
jímka,21200
potom,21201
čtivý,21202
lidsky,21203
tatarka,21204
dabovat,21205
verze,21206
bodovací,21207
osmiválec,21208
videokamera,21209
sahající,21210
pronášet,21211
omývat,21212
jízlivý,21213
trans,21214
bezdotykový,21215
pohlcování,21216
slap,21217
velebit,21218
bankovnictví,21219
společně,21220
přestrojení,21221
error,21222
předvídat,21223
vinutí,21224
doporučovaný,21225
stará,21226
podkladový,21227
přeborník,21228
dvojit,21229
přecházející,21230
ropný,21231
chmelový,21232
předkládání,21233
zřizovatel,21234
pohoršení,21235
vykoupit,21236
zavření,21237
směsice,21238
exoplaneta,21239
buddhův,21240
zpevnit,21241
pohlcující,21242
hýbnout,21243
vysílat,21244
zamýšlet,21245
harašení,21246
prospět,21247
vyrovnat,21248
slatinný,21249
pruský,21250
spojit,21251
rozvádět,21252
hratelnost,21253
zastřelení,21254
stalker,21255
sladění,21256
dolejší,21257
ovládající,21258
pomyslit,21259
přispěvatel,21260
genus,21261
vyklidit,21262
roll,21263
žerď,21264
delikvent,21265
udivující,21266
mající,21267
faktum,21268
rozhlasový,21269
zhoršení,21270
zbaběle,21271
předhazovat,21272
šampionát,21273
uskladnit,21274
zadostiučinění,21275
radikálně,21276
vinohrad,21277
vrcholící,21278
vybuchovat,21279
monolit,21280
pravoslavný,21281
husákův,21282
potenciál,21283
doceněný,21284
zmrznout,21285
domnění,21286
nabrání,21287
hejtman,21288
schůze,21289
resort,21290
výpravčí,21291
seskočit,21292
zatáčet,21293
odhazování,21294
help,21295
vynechat,21296
parní,21297
pěst,21298
ocenění,21299
začleňování,21300
překrývat,21301
bytovka,21302
úkon,21303
organizace,21304
průmyslový,21305
kdysi,21306
obdivovaný,21307
sebedůvěra,21308
dořešit,21309
paracetamol,21310
protestovat,21311
materiálně,21312
punč,21313
zatemnit,21314
usídlit,21315
tkadlec,21316
vězení,21317
projíždět,21318
bowling,21319
transsibiřský,21320
utěšit,21321
městský,21322
arogantně,21323
zabojovat,21324
pracovat,21325
těhotenský,21326
partitura,21327
mocenský,21328
singapurský,21329
elektroinstalace,21330
zjednodušit,21331
facelift,21332
simulovaný,21333
papežský,21334
sestup,21335
retardace,21336
dvouválec,21337
adresář,21338
klávesista,21339
heroin,21340
záludnost,21341
povinný,21342
konzultant,21343
nábojový,21344
mladičký,21345
mamina,21346
měna,21347
rozdrcený,21348
takž,21349
legislativní,21350
omrzet,21351
autogramiáda,21352
květen,21353
kuk,21354
zasadit,21355
motolský,21356
písničkářka,21357
třídní,21358
nedostatek,21359
pořádat,21360
výčepní,21361
napalm,21362
prostup,21363
letnice,21364
předčasný,21365
plamenomet,21366
bečvář,21367
narušení,21368
trýznění,21369
rek,21370
předešlý,21371
rovnoměrný,21372
vysvětlování,21373
výstižně,21374
najetí,21375
hádání,21376
devětsil,21377
nízkoenergetický,21378
podložit,21379
radiální,21380
příchod,21381
žvanění,21382
soužení,21383
nestranný,21384
populizmus,21385
zpevnění,21386
sebekontrola,21387
sazba,21388
alternativa,21389
překrývající,21390
svolit,21391
klečící,21392
žeň,21393
ateroskleróza,21394
zkrášlení,21395
exhibice,21396
čedar,21397
contact,21398
poklona,21399
rutinní,21400
devítka,21401
klikat,21402
dopouštět,21403
odesílat,21404
zábavně,21405
korupce,21406
gajdoš,21407
sarkasticky,21408
řezba,21409
milosrdenství,21410
odpaliště,21411
spustit,21412
doubí,21413
brožový,21414
feminismus,21415
čarodějnictví,21416
rozdat,21417
spadající,21418
nikotin,21419
exprezident,21420
čepovat,21421
uskutečňovat,21422
komunikátor,21423
nečekaně,21424
nakladatelství,21425
sešit,21426
filament,21427
kopací,21428
otisknout,21429
přemožitelný,21430
brigádní,21431
vačka,21432
chátrání,21433
nazývat,21434
citace,21435
hoření,21436
bingo,21437
zvednutí,21438
jdoucí,21439
zalomení,21440
pendrek,21441
abstraktně,21442
nevázaný,21443
banka,21444
zlomenina,21445
odkrývat,21446
draha,21447
sparta,21448
šermíř,21449
vzniklý,21450
avízo,21451
zhojení,21452
měkkost,21453
číslicově,21454
emitor,21455
šafář,21456
košer,21457
parkán,21458
turecko,21459
rozpočet,21460
protijedoucí,21461
stejnosměrný,21462
gilotina,21463
konsensus,21464
opravdově,21465
integrovaný,21466
odstavný,21467
jindřišský,21468
inspektor,21469
vznětlivý,21470
přesvědčivě,21471
předkupní,21472
newyorský,21473
obsahový,21474
mělce,21475
inspekce,21476
psychóza,21477
hlasatel,21478
cider,21479
vydobýt,21480
vyživovací,21481
jojo,21482
bijec,21483
faktura,21484
oceňovaný,21485
tribuna,21486
vystřižený,21487
zvýšit,21488
nadšeně,21489
potravinářství,21490
přečerpávací,21491
domnělý,21492
dozorkyně,21493
nafotit,21494
ubíjející,21495
ledek,21496
pleticha,21497
mimoškolní,21498
skalný,21499
simulující,21500
naplnit,21501
brav,21502
iluzorní,21503
vyváženost,21504
meditační,21505
texaský,21506
svěřený,21507
zakořeněný,21508
veterinářka,21509
naboso,21510
emise,21511
jednak,21512
psychologie,21513
srovnání,21514
domluvit,21515
esej,21516
nalézání,21517
leukocyt,21518
kramle,21519
sifon,21520
kari,21521
montana,21522
jaderský,21523
rozšíření,21524
sokolův,21525
astronomický,21526
zapálit,21527
pozorující,21528
výpočetní,21529
kadeřávek,21530
poslankyně,21531
setrvačnost,21532
bytový,21533
korpus,21534
brusnice,21535
kinematografie,21536
zvukař,21537
raubíř,21538
rozčílit,21539
důstojně,21540
vata,21541
artikulace,21542
královéhradecký,21543
metafyzický,21544
specifikovat,21545
donna,21546
optika,21547
segway,21548
nadbytečný,21549
znakový,21550
funkcionář,21551
anabáze,21552
vnitroblok,21553
patron,21554
dobrá,21555
hec,21556
hieroglyf,21557
rozehraný,21558
totožně,21559
zpevňující,21560
stejnojmenný,21561
seřazený,21562
zachvátit,21563
hřešit,21564
kickbox,21565
otopný,21566
zákrok,21567
pozměnit,21568
otřásat,21569
poskrovnu,21570
obecní,21571
duel,21572
run,21573
vyplácet,21574
magistrála,21575
jachting,21576
vystižení,21577
vděčit,21578
navracet,21579
vypořádat,21580
reziduum,21581
plnící,21582
názorový,21583
nevděk,21584
přihláška,21585
prvoligový,21586
sféra,21587
proporcionálně,21588
jednoválec,21589
okrajový,21590
výsledek,21591
povolit,21592
nejprve,21593
žeton,21594
designově,21595
duchovno,21596
prodělat,21597
situace,21598
pohřbívat,21599
monoklonální,21600
zdramatizovat,21601
hoboj,21602
převracet,21603
oceněný,21604
radniční,21605
vlastní,21606
vzájemně,21607
uchýlit,21608
zuřivost,21609
skotská,21610
rozběh,21611
tao,21612
obepínající,21613
pinta,21614
pověst,21615
pence,21616
porodnost,21617
průtrž,21618
matador,21619
mail,21620
univerzální,21621
barometr,21622
tex,21623
kabaretní,21624
katolička,21625
osídlení,21626
morálka,21627
salva,21628
přepadení,21629
odpuštění,21630
ostravský,21631
podatelna,21632
zabezpečený,21633
vyklápěcí,21634
čtyřdílný,21635
souvětí,21636
odvodit,21637
napotřetí,21638
vláda,21639
římskokatolický,21640
mazal,21641
hollywoodský,21642
struska,21643
prosakování,21644
test,21645
plato,21646
mrhání,21647
page,21648
rotmistr,21649
povést,21650
bohatost,21651
muzicírování,21652
lithium,21653
podivnost,21654
kompromitující,21655
senát,21656
odchod,21657
lékařský,21658
pocítit,21659
bisexuální,21660
internet,21661
monastýr,21662
potají,21663
sebezničení,21664
provedení,21665
řešitelný,21666
vyplavení,21667
netbook,21668
samovyšetření,21669
žel,21670
obrátit,21671
skrovný,21672
respektovat,21673
věda,21674
rozmarný,21675
špehování,21676
chybovat,21677
existující,21678
bombardování,21679
obruba,21680
varhany,21681
cetkovský,21682
volený,21683
rozvinout,21684
týt,21685
olympiáda,21686
brut,21687
sadismus,21688
vyřazovací,21689
ohlédnout,21690
přihlašovací,21691
zemský,21692
příval,21693
strhávat,21694
nevkus,21695
stínání,21696
vyvrátit,21697
čip,21698
překážet,21699
myrha,21700
služební,21701
zaslepení,21702
tož,21703
nazpět,21704
integrující,21705
fuka,21706
disponovat,21707
lezecký,21708
notes,21709
stabilní,21710
dřevoryt,21711
poté,21712
předcházející,21713
nakouknout,21714
švadlena,21715
eskapáda,21716
ovar,21717
florbal,21718
fyziologie,21719
tata,21720
didaktický,21721
pálkař,21722
eunuch,21723
připlést,21724
odumřít,21725
gusto,21726
aplikace,21727
absorpce,21728
útočení,21729
blokovat,21730
riff,21731
panství,21732
zároveň,21733
kompatibilní,21734
spěch,21735
grande,21736
leasingový,21737
výkonový,21738
boloňský,21739
charta,21740
výměna,21741
velmistr,21742
triumfovat,21743
meteorologický,21744
trek,21745
rallye,21746
snímání,21747
nevina,21748
doprovodný,21749
azovský,21750
nadpis,21751
rozstřel,21752
opium,21753
evidentní,21754
allen,21755
podesta,21756
držení,21757
poskládat,21758
mali,21759
firemní,21760
seřizovač,21761
diapozitiv,21762
připravovat,21763
rozpoznávat,21764
funkcionalistický,21765
přiložený,21766
halloweenský,21767
vydavatelství,21768
mnohonásobně,21769
portugalština,21770
vykonávat,21771
provalit,21772
pauza,21773
californium,21774
lihovina,21775
přednést,21776
podepřít,21777
šlechtický,21778
dioxin,21779
opereta,21780
rozmluva,21781
větrat,21782
akrylový,21783
doporučený,21784
používat,21785
uklízení,21786
genetika,21787
volající,21788
zobrazovací,21789
dekadentní,21790
pokutový,21791
nýtování,21792
předpis,21793
totalitní,21794
hašení,21795
vdavky,21796
poručit,21797
náhorní,21798
doslova,21799
mošt,21800
termostat,21801
saab,21802
korektní,21803
výstup,21804
kárný,21805
vztah,21806
adjektivum,21807
obruč,21808
shop,21809
nikde,21810
otevřeně,21811
příspěvkový,21812
mazivo,21813
boom,21814
prázdno,21815
vyhlásit,21816
aniont,21817
podnikat,21818
trénování,21819
blamáž,21820
znehodnocovat,21821
justiční,21822
sonáta,21823
rozebraný,21824
rozpínat,21825
protinádorový,21826
tatranský,21827
obstarání,21828
zohledňovat,21829
zbabělý,21830
sublimace,21831
licence,21832
uvážení,21833
blogger,21834
kulič,21835
převratný,21836
rozpor,21837
brak,21838
lakýrník,21839
obsahově,21840
modelování,21841
fidlovačka,21842
obřízka,21843
vstoje,21844
školský,21845
kandidát,21846
cashback,21847
manipulační,21848
vyprovokovat,21849
feeling,21850
rapový,21851
kostarický,21852
násilně,21853
zásilkový,21854
spravedlivý,21855
vyzkoušení,21856
ambasáda,21857
houstnout,21858
limitovaný,21859
cella,21860
zjednodušovat,21861
meziroční,21862
tázat,21863
požívání,21864
zahledět,21865
punkový,21866
mistrovství,21867
podezření,21868
filmování,21869
teoretik,21870
sedlář,21871
zvaní,21872
policistka,21873
severočeský,21874
řezačka,21875
stylizovat,21876
vytvořený,21877
ukládání,21878
odlehčit,21879
video,21880
potrestaný,21881
žehnat,21882
vymstít,21883
karburátor,21884
klanění,21885
ředitelství,21886
přesah,21887
oblet,21888
rozluštit,21889
vysypat,21890
pozadí,21891
počítání,21892
upálení,21893
plk,21894
elektromechanický,21895
každodenní,21896
tanka,21897
ozdravění,21898
pozvaný,21899
scestí,21900
vigilie,21901
zaplavený,21902
živitelka,21903
poskočit,21904
nemocenské,21905
složitost,21906
mačka,21907
geometrie,21908
svérázný,21909
vzdělávat,21910
rozený,21911
gospel,21912
strojit,21913
vyvozovat,21914
provozování,21915
cello,21916
posléze,21917
potížista,21918
kama,21919
lázeňský,21920
tamten,21921
vylákat,21922
soudnost,21923
zkušená,21924
žací,21925
libovůle,21926
kontaktní,21927
sžít,21928
zhoršit,21929
ustavičný,21930
aerosalon,21931
eucharistie,21932
krematorium,21933
hybridní,21934
gymnastika,21935
sesterský,21936
rozhraní,21937
zakoupit,21938
ústupný,21939
zděsit,21940
mukl,21941
silvestrovský,21942
drenážní,21943
soukat,21944
komunikace,21945
úderník,21946
trestní,21947
vnikání,21948
pokrývač,21949
televize,21950
vyžadující,21951
mikulášský,21952
popraskání,21953
počet,21954
utišující,21955
koncept,21956
příjezd,21957
rosení,21958
lidovecký,21959
usedlík,21960
přeplňování,21961
oxidovat,21962
numerický,21963
haleluja,21964
fond,21965
vodáctví,21966
extempore,21967
sklený,21968
kopilot,21969
hláska,21970
defibrilátor,21971
anorganický,21972
zohlednit,21973
číšník,21974
baron,21975
mrštit,21976
překrytí,21977
páteřní,21978
abstrakt,21979
otevírací,21980
podepřený,21981
impérium,21982
zapojovat,21983
litina,21984
egyptolog,21985
kroužení,21986
tenista,21987
koncipovat,21988
železobetonový,21989
soupiska,21990
přehradní,21991
elektromagnet,21992
keks,21993
horolezectví,21994
caballero,21995
masala,21996
expresionismus,21997
fotografický,21998
kancléřka,21999
id,22000
atletka,22001
zemanovec,22002
vsakovat,22003
ukrajinština,22004
and,22005
ofenzivní,22006
doplatek,22007
panelákový,22008
lenora,22009
půlstoletí,22010
vzorovaný,22011
kovářský,22012
nicka,22013
branný,22014
coupe,22015
bránící,22016
severovýchodně,22017
chybka,22018
autentický,22019
ztlumit,22020
těžební,22021
stativ,22022
rychlobruslařka,22023
rámcový,22024
pobyt,22025
vyučit,22026
zda,22027
tématický,22028
bible,22029
putna,22030
větvení,22031
zásobovat,22032
rock,22033
naskýtat,22034
energicky,22035
rabování,22036
kompetentní,22037
márnice,22038
improvizovaný,22039
aliance,22040
rozplynout,22041
úschovna,22042
kurátorka,22043
metaforicky,22044
dieselový,22045
nakolik,22046
sunnita,22047
militantní,22048
platidlo,22049
hradební,22050
učební,22051
půjčovna,22052
pozitivum,22053
vranovský,22054
nabourat,22055
většinový,22056
telekomunikační,22057
urážlivý,22058
cluster,22059
neopren,22060
jalový,22061
cicero,22062
průvodkyně,22063
gambrinus,22064
pasé,22065
protéci,22066
registrovat,22067
obec,22068
dopolední,22069
zastupitelství,22070
usazený,22071
přehození,22072
uvolnit,22073
tyl,22074
formalita,22075
metalový,22076
servis,22077
oponent,22078
chudě,22079
politicky,22080
poblouznění,22081
vítěz,22082
obhlídka,22083
dlouhotrvající,22084
bourbon,22085
vyděrač,22086
dentální,22087
mecenáš,22088
relaxační,22089
kázat,22090
menhir,22091
terrible,22092
nizozemský,22093
rival,22094
velkoplošný,22095
bigbít,22096
vystoupit,22097
dějiny,22098
slapský,22099
milost,22100
rozbití,22101
cyklobus,22102
elektronicky,22103
odměřený,22104
románský,22105
sugestivní,22106
naskládat,22107
vizualizace,22108
vypjatý,22109
výsostně,22110
anekdota,22111
kamenivo,22112
bulka,22113
radní,22114
kondenzovat,22115
okál,22116
regenerativní,22117
snažící,22118
svatomartinský,22119
čáry,22120
dimenze,22121
vyčištěný,22122
socialista,22123
moderní,22124
et,22125
zaměřený,22126
generálmajor,22127
pravoslaví,22128
malichernost,22129
dovídat,22130
unešený,22131
spřádat,22132
platón,22133
ultimátní,22134
reagující,22135
kompletně,22136
natruc,22137
intonace,22138
zanedbávaný,22139
geostacionární,22140
izraelský,22141
povolání,22142
ohořelý,22143
zeslábnout,22144
transport,22145
celoživotně,22146
všemožný,22147
vývojář,22148
vyhrocený,22149
mandolína,22150
křemík,22151
vychování,22152
potopení,22153
vystihnout,22154
soudní,22155
technicky,22156
díky,22157
filatelie,22158
vážnost,22159
příkon,22160
osazenstvo,22161
sesuv,22162
vytažení,22163
laterna,22164
doplňování,22165
přednášející,22166
utrum,22167
naproti,22168
pagan,22169
sestavit,22170
nok,22171
tetovat,22172
dopustit,22173
dechovka,22174
připustit,22175
přerušovaně,22176
dovolení,22177
prováděcí,22178
zarmoutit,22179
spočinout,22180
zamýšlený,22181
prořezávání,22182
kontrabasista,22183
starosta,22184
modelář,22185
daň,22186
naváděný,22187
pedant,22188
znepokojivě,22189
rozštěp,22190
produkce,22191
výpadek,22192
uklidňující,22193
rubový,22194
vhodit,22195
zřetel,22196
přísun,22197
tělocvik,22198
prezentovaný,22199
jsoucí,22200
internátní,22201
drážďanský,22202
barikáda,22203
mul,22204
advokátka,22205
daktyloskopie,22206
dluhový,22207
hysterie,22208
motorický,22209
souvislý,22210
získávaný,22211
okouzlovat,22212
rozjetí,22213
smontovat,22214
alespoň,22215
narušit,22216
váhající,22217
prosperovat,22218
abstinent,22219
shození,22220
hlavičkovat,22221
hlavní,22222
planetka,22223
charterový,22224
ležérní,22225
chlorovodíkový,22226
trapnost,22227
křtít,22228
kaskáda,22229
zajetý,22230
radnice,22231
lživý,22232
programovací,22233
gymnázium,22234
rezistor,22235
samosvorný,22236
úročit,22237
přestávka,22238
individualita,22239
hrázděný,22240
fikce,22241
machovský,22242
vysokozdvižný,22243
odnětí,22244
megalitický,22245
pointer,22246
znění,22247
konstruovaný,22248
zanícený,22249
zalidnění,22250
piniový,22251
ping,22252
osudný,22253
dosažení,22254
díl,22255
urgentní,22256
prosperující,22257
dokovací,22258
přihrávka,22259
vikář,22260
lágr,22261
návratnost,22262
vysočina,22263
přesun,22264
revival,22265
řidička,22266
melanž,22267
tísňový,22268
diagnostikování,22269
basketbalistka,22270
valdštejnský,22271
podnikatel,22272
manažerský,22273
granit,22274
skupina,22275
baltský,22276
přivydělávat,22277
interpretace,22278
bělidlo,22279
podnikatelský,22280
uklidnit,22281
letos,22282
relé,22283
záporák,22284
hypotetický,22285
odchýlit,22286
bu,22287
režim,22288
agens,22289
chátrat,22290
maskérka,22291
termální,22292
aktualizovat,22293
zvýraznění,22294
plnění,22295
chlubil,22296
samara,22297
massa,22298
porušování,22299
kontejnerový,22300
vulgarismus,22301
nicota,22302
incest,22303
systém,22304
bioložka,22305
gestapo,22306
hnutí,22307
nedbalost,22308
švédsko,22309
zápalný,22310
blikání,22311
cizinka,22312
kabeláž,22313
přehodnotit,22314
soustředit,22315
plzeňsko,22316
vodičkově,22317
sniper,22318
akumulátor,22319
penaltový,22320
pominout,22321
aromaterapie,22322
střelka,22323
kariéra,22324
vydařit,22325
sládková,22326
úterý,22327
komorník,22328
trenérský,22329
vyčerpatelný,22330
operační,22331
make,22332
korupční,22333
kladský,22334
dokumentovat,22335
bug,22336
čerpat,22337
imigrační,22338
součet,22339
provokativně,22340
mířený,22341
balancování,22342
modem,22343
ovlivnit,22344
občerstvovací,22345
nealko,22346
členit,22347
soucítění,22348
unisono,22349
vydělávání,22350
emulze,22351
antologie,22352
vyčíst,22353
zásobit,22354
značkový,22355
bus,22356
porodnický,22357
oslabit,22358
bdělost,22359
liberka,22360
youtube,22361
extenzívní,22362
doplňkový,22363
ukvapený,22364
sevřít,22365
postavený,22366
zápolení,22367
freestyle,22368
obrubník,22369
menstruace,22370
dillí,22371
nízkofrekvenční,22372
hudba,22373
lití,22374
rozhovor,22375
vnášet,22376
dokončený,22377
vodovod,22378
spálenina,22379
melodrama,22380
konzervatoř,22381
opětovat,22382
pohovořit,22383
telekineze,22384
exponenciální,22385
polotovar,22386
ústřední,22387
zápasník,22388
ponížení,22389
vědomí,22390
vyznavač,22391
televizní,22392
umytí,22393
hendikepovaný,22394
škodovka,22395
gigolo,22396
bej,22397
chvalozpěv,22398
maďarský,22399
kodek,22400
střih,22401
moka,22402
převážející,22403
zodpovědně,22404
nezbytný,22405
samovznícení,22406
zdvořilostní,22407
vyjet,22408
benzín,22409
tramtárie,22410
volejbalový,22411
doskočit,22412
naskrz,22413
portoriko,22414
vyvolení,22415
švadlenka,22416
crr,22417
přibíhat,22418
dezolátní,22419
zdvihový,22420
micro,22421
mezi,22422
dispoziční,22423
lokace,22424
klavírní,22425
dodávat,22426
komponent,22427
roztavit,22428
protektorát,22429
ušetřit,22430
zasunutí,22431
navýsost,22432
odbytiště,22433
till,22434
nuselský,22435
výzkumník,22436
vydavatel,22437
protiatomový,22438
terakotový,22439
polypropylen,22440
náročně,22441
portugal,22442
zanedbávat,22443
svázaný,22444
neutron,22445
anestezie,22446
vcítění,22447
integrál,22448
nedávno,22449
implementace,22450
komplex,22451
technik,22452
hojivý,22453
hudebně,22454
výtoň,22455
luxusní,22456
globální,22457
převzatý,22458
pultový,22459
podhradí,22460
arogance,22461
truhlářství,22462
transportovat,22463
dojezdový,22464
profilovaný,22465
zabavený,22466
zrcadlit,22467
unáhlený,22468
školený,22469
nepokrytě,22470
štěrkový,22471
zaostřování,22472
čtenářský,22473
dermatolog,22474
převyšující,22475
verbální,22476
uherský,22477
postih,22478
punkce,22479
kuku,22480
arginin,22481
hořický,22482
zkrášlit,22483
recitovat,22484
polarizační,22485
projíždějící,22486
očekávaný,22487
odsun,22488
pařížský,22489
zachování,22490
komisař,22491
sebezapření,22492
okázalý,22493
napodruhé,22494
sbíhat,22495
prokazování,22496
odběratel,22497
režisérský,22498
zdrobnělina,22499
záležitost,22500
nazvaný,22501
podstava,22502
dvojnásobný,22503
alias,22504
trikový,22505
ujíždět,22506
resumé,22507
potratit,22508
číselník,22509
sebereflexe,22510
štafle,22511
vygenerovat,22512
komponovat,22513
platící,22514
international,22515
krážem,22516
iracionální,22517
strukturální,22518
provázený,22519
kampelička,22520
skinheads,22521
transatlantický,22522
odklízení,22523
svévolně,22524
končit,22525
adekvátně,22526
náprstkově,22527
aberace,22528
zpoždění,22529
vytrhávání,22530
občerstvit,22531
navozovat,22532
šperkařství,22533
zpětně,22534
charleston,22535
betlémský,22536
belgický,22537
zpracování,22538
provdaný,22539
umocňovat,22540
koupelnový,22541
bioplynový,22542
produkční,22543
platit,22544
extravagance,22545
zaznívat,22546
mainstreamový,22547
zvyšující,22548
modelace,22549
pohánějící,22550
mrznoucí,22551
architektura,22552
klonit,22553
pnutí,22554
slaňování,22555
pokažený,22556
sebeuspokojení,22557
ulevovat,22558
skalpel,22559
separovat,22560
inventář,22561
lipnice,22562
bulharský,22563
zchátralý,22564
porouchaný,22565
primus,22566
vydržovat,22567
výherce,22568
hymna,22569
sloveso,22570
tajemník,22571
přejíždění,22572
kamenický,22573
schodišťový,22574
přírodověda,22575
chromovaný,22576
dokreslovat,22577
hypotenze,22578
kvartet,22579
katedrála,22580
konzul,22581
srážkový,22582
spisovný,22583
vystřízlivění,22584
třídílný,22585
parka,22586
tipování,22587
garden,22588
seznamovat,22589
zrání,22590
zákonitost,22591
zahustit,22592
buddhismus,22593
odvádět,22594
metalíza,22595
internát,22596
ošidný,22597
památný,22598
vykupitel,22599
vyznít,22600
náramkový,22601
uhradit,22602
hindština,22603
pojišťovnictví,22604
zabírající,22605
brdský,22606
ženskost,22607
vafle,22608
ztuhnutí,22609
obohacený,22610
jesle,22611
vyhrazený,22612
sebelepší,22613
policejní,22614
uhelný,22615
fanouškovský,22616
double,22617
tales,22618
giga,22619
nábožensky,22620
prohlédnutí,22621
curling,22622
příkrov,22623
rozdělit,22624
hydroizolace,22625
pokusit,22626
pogo,22627
dramaturgyně,22628
twitterový,22629
vystihovat,22630
filozofický,22631
stav,22632
zdražování,22633
třebízský,22634
prověřený,22635
elektrikář,22636
dvouletý,22637
raketový,22638
potrestání,22639
oplakávat,22640
vykreslit,22641
myokard,22642
naostro,22643
recenze,22644
odstrašení,22645
zákonitě,22646
krok,22647
automatizovaný,22648
ad,22649
vyčerpaný,22650
přípravný,22651
uvězněný,22652
opočenský,22653
dlážděný,22654
zalhat,22655
vytrhat,22656
vozový,22657
zvrácenost,22658
duchovně,22659
identifikace,22660
luxus,22661
skepticismus,22662
znázornění,22663
představený,22664
odposlech,22665
žebrácký,22666
spočetně,22667
starost,22668
shoz,22669
basák,22670
vykreslení,22671
odeslat,22672
naházet,22673
zastat,22674
rekreačně,22675
vyvrcholení,22676
březinka,22677
svrchovaný,22678
vášnivě,22679
secese,22680
radikální,22681
gran,22682
zámožný,22683
obchodování,22684
vrchní,22685
vypravit,22686
zneužívat,22687
flexibilní,22688
vltavský,22689
postaru,22690
zosobnění,22691
žebříček,22692
gemini,22693
optimalizovaný,22694
znalost,22695
okouzlení,22696
bezprostřední,22697
lóže,22698
kolonista,22699
zahrnutí,22700
surově,22701
poloprázdný,22702
namále,22703
polemizovat,22704
požehnaný,22705
pojištění,22706
vytyčený,22707
stolař,22708
osvěta,22709
disciplína,22710
šetřící,22711
promítací,22712
posouzení,22713
konflikt,22714
vžitý,22715
vid,22716
oznámit,22717
jednomyslně,22718
podstrčit,22719
režijní,22720
usmyslet,22721
baskytara,22722
využívání,22723
sexizmus,22724
hypnotický,22725
nezaměstnanost,22726
tajemno,22727
passat,22728
brzdit,22729
oživující,22730
upevnit,22731
kéž,22732
odtrhnout,22733
propadliště,22734
žíznivý,22735
odplutí,22736
citigo,22737
magna,22738
obehnaný,22739
kapverdský,22740
zesnulý,22741
serotonin,22742
větrník,22743
přejatý,22744
trpce,22745
odbočit,22746
nostalgický,22747
vstup,22748
cirkulace,22749
dominikán,22750
obrození,22751
vymykající,22752
nařizovat,22753
odcizený,22754
křižovatka,22755
nominovaný,22756
opis,22757
srážení,22758
hexadecimální,22759
odstředivka,22760
smola,22761
vážně,22762
kontaktovat,22763
úmrtí,22764
příjmení,22765
bouřlivý,22766
šéf,22767
přitahování,22768
cosa,22769
folklórní,22770
dirka,22771
specializující,22772
japonsko,22773
poradně,22774
horoucí,22775
domácký,22776
zdlouhavý,22777
moment,22778
smrtelnost,22779
výtečně,22780
objasnit,22781
fotogenický,22782
střet,22783
konzultovat,22784
automatický,22785
prius,22786
arbor,22787
antikoncepční,22788
antikorozní,22789
vyslovovat,22790
suverénní,22791
vztahový,22792
meziříčí,22793
zárubní,22794
koncentrovat,22795
konstelace,22796
nostalgie,22797
usměrňovat,22798
zpovzdálí,22799
posměšný,22800
nerovnováha,22801
absolvovat,22802
zatlačit,22803
minisérie,22804
monolitický,22805
opěra,22806
umlátit,22807
asistent,22808
plenění,22809
maršálek,22810
kargo,22811
norimberský,22812
transit,22813
dosluhující,22814
víceméně,22815
odmítnutí,22816
diskrétnost,22817
exhibicionismus,22818
koalice,22819
kapitalistický,22820
faulovat,22821
patos,22822
ucelený,22823
dokončit,22824
poupravit,22825
krouticí,22826
dědička,22827
stabilizovaný,22828
obyčej,22829
konzistence,22830
házení,22831
patník,22832
sushi,22833
smíchání,22834
prokop,22835
zaostávat,22836
eurokomisař,22837
kramář,22838
vybuchující,22839
výběrový,22840
spáchání,22841
obouruč,22842
podstupovat,22843
oslabovat,22844
horšovský,22845
malajsijský,22846
parfumerie,22847
pořizovat,22848
konvent,22849
dosažený,22850
vytržení,22851
kolekce,22852
zpříjemňovat,22853
narovnání,22854
tlakoměr,22855
protistátní,22856
pašovat,22857
váhání,22858
súra,22859
vinohradský,22860
tudor,22861
navození,22862
vyhazov,22863
nindža,22864
vstříc,22865
předělávat,22866
středoškolák,22867
povolat,22868
objezd,22869
rozjet,22870
dovolený,22871
rozrůstající,22872
multikino,22873
luka,22874
piáno,22875
uboze,22876
snowboarding,22877
odložit,22878
plzeňské,22879
plochodrážní,22880
užívat,22881
venčí,22882
obhospodařovat,22883
patálie,22884
vyvěšený,22885
multiinstrumentalista,22886
přibližování,22887
vyjma,22888
biedermeier,22889
nahraný,22890
natržení,22891
nedostatkový,22892
překonaný,22893
beta,22894
zaslat,22895
panteon,22896
dárkyně,22897
měřený,22898
rozptylový,22899
lpění,22900
posun,22901
výsostný,22902
zatracení,22903
senátní,22904
navrátivší,22905
chmelař,22906
mauzoleum,22907
provést,22908
našeptávač,22909
vyhánění,22910
laterální,22911
výuční,22912
ušetřený,22913
confer,22914
ustávající,22915
prostoj,22916
colt,22917
zvnějšku,22918
přívětivost,22919
věrouka,22920
vnější,22921
habsburský,22922
usmyslit,22923
pepina,22924
sanatorium,22925
kultivace,22926
požívat,22927
odpovědnost,22928
původně,22929
pobuda,22930
lotyšský,22931
primárky,22932
kreativně,22933
premiéra,22934
výkonnost,22935
zanechat,22936
lékový,22937
workshop,22938
narušování,22939
roztleskávačka,22940
importovaný,22941
zamyšlený,22942
virtuos,22943
tavení,22944
projetí,22945
čerpací,22946
thrash,22947
dóm,22948
théta,22949
ble,22950
ujetí,22951
strádat,22952
marker,22953
bydliště,22954
čertově,22955
brejkbol,22956
benzínový,22957
známkování,22958
odmlka,22959
skeč,22960
rutina,22961
zahuštěný,22962
dlaždič,22963
napravit,22964
debetní,22965
prorazit,22966
spontánní,22967
čáslavský,22968
zkušenost,22969
photoshop,22970
kanalizace,22971
kubický,22972
realizovat,22973
skinhead,22974
zabránění,22975
oktáva,22976
mezzosopranistka,22977
zhudebněný,22978
navržený,22979
přístojný,22980
dřevozpracující,22981
vybuchlý,22982
bla,22983
přeřazení,22984
zatékání,22985
dostačující,22986
vytesat,22987
podmět,22988
chalífa,22989
lukavský,22990
fungující,22991
monarchie,22992
vyprání,22993
tudy,22994
adoptovaný,22995
libreto,22996
karbon,22997
obranyschopnost,22998
osudový,22999
histologie,23000
cílevědomý,23001
nalodění,23002
společnost,23003
analyzovat,23004
úzce,23005
obrat,23006
zrcadlení,23007
normál,23008
balkán,23009
audience,23010
odjet,23011
stagnující,23012
včera,23013
vlajkový,23014
důlní,23015
katalogový,23016
zřizovat,23017
nepravda,23018
listovat,23019
udat,23020
nukleární,23021
temporální,23022
před,23023
požární,23024
soutěska,23025
působiště,23026
smyslnost,23027
vymýtit,23028
říkající,23029
nahromadění,23030
užívaný,23031
přetéci,23032
tkát,23033
přerůst,23034
labilní,23035
stoupací,23036
mitrální,23037
bezpochyby,23038
družit,23039
modlitebně,23040
metla,23041
dalton,23042
předmluva,23043
pracovně,23044
zleva,23045
mravnost,23046
novověk,23047
zetor,23048
natrhnout,23049
nenáviděný,23050
dvoulůžkový,23051
bídník,23052
tera,23053
vkročit,23054
zdůraznění,23055
regulátor,23056
likvidní,23057
vyhladovělý,23058
dong,23059
vyléčený,23060
nesnáz,23061
odměňovat,23062
diagram,23063
seriálový,23064
plynoucí,23065
prohra,23066
majetkový,23067
vyznamenání,23068
počin,23069
shromáždit,23070
zhrzený,23071
klamavý,23072
markantně,23073
zlevněný,23074
instalační,23075
irsko,23076
přilnavost,23077
bodamský,23078
chystaný,23079
hostovat,23080
množstevní,23081
pohostinnost,23082
osídlený,23083
hymnus,23084
harmonikář,23085
ftalát,23086
nevědomí,23087
věznice,23088
závodně,23089
překladatelka,23090
přiřazovat,23091
smrštění,23092
performance,23093
makovice,23094
likvidace,23095
devastace,23096
podržet,23097
vrut,23098
vlevo,23099
kondenzace,23100
srbsko,23101
občasník,23102
single,23103
rigidní,23104
napříč,23105
zamyslit,23106
lipský,23107
recepční,23108
sympatie,23109
zaujatě,23110
zotročit,23111
basista,23112
hacker,23113
přisvětlovací,23114
sinajský,23115
dekomprese,23116
odběrný,23117
zlost,23118
sango,23119
vyvolaný,23120
dominus,23121
zužitkování,23122
rozpustnost,23123
kypět,23124
hafo,23125
tlumící,23126
podmíněný,23127
anotace,23128
závorka,23129
konzervant,23130
docent,23131
příměstský,23132
ministr,23133
zamítnout,23134
vyšle,23135
obohatit,23136
rozmluvit,23137
muzikální,23138
turné,23139
odcizení,23140
ustavující,23141
stahovací,23142
zamknout,23143
adaptační,23144
jazykový,23145
brožovaný,23146
soutěž,23147
skandál,23148
složit,23149
scénář,23150
panin,23151
nadjezd,23152
absence,23153
depo,23154
synodní,23155
třicítka,23156
cystein,23157
zasypat,23158
srovnat,23159
zdědit,23160
director,23161
zapsat,23162
nanečisto,23163
včerejší,23164
jazzman,23165
vyložení,23166
čapkově,23167
zvyklost,23168
lesbický,23169
seznámení,23170
obeznámit,23171
kurzíva,23172
externí,23173
oh,23174
ovace,23175
pojistka,23176
sepsat,23177
kandidovat,23178
latence,23179
bitva,23180
koktejlový,23181
rolba,23182
paranormální,23183
zpravodajský,23184
pronajmutí,23185
enormně,23186
řídit,23187
sáčko,23188
maximalizace,23189
surf,23190
povinnost,23191
usilovat,23192
svařovaný,23193
galea,23194
obdržet,23195
velitelka,23196
vyznačit,23197
házenkářský,23198
trestuhodný,23199
kazetový,23200
nalepení,23201
chránící,23202
poledník,23203
koželuh,23204
trula,23205
nazítří,23206
rovina,23207
demontovat,23208
remake,23209
euroskeptický,23210
trojice,23211
upadající,23212
progresivní,23213
zklidňující,23214
nahrávací,23215
výsada,23216
řehole,23217
smísit,23218
pejorativně,23219
objednání,23220
učený,23221
taxis,23222
kompetitivní,23223
diferenciál,23224
konzervativní,23225
herní,23226
sarkastický,23227
vůdce,23228
zanedbatelný,23229
napařování,23230
senzačně,23231
ultralight,23232
epitaf,23233
příslušenství,23234
prima,23235
lub,23236
evangelista,23237
faktor,23238
zmar,23239
nynější,23240
kamenolom,23241
grand,23242
pořizovací,23243
náležitě,23244
non,23245
autorádio,23246
přinejlepším,23247
odsoudit,23248
fyzikální,23249
chybně,23250
občanka,23251
čítanka,23252
vrtací,23253
naprogramovat,23254
zbrojovka,23255
obecnost,23256
pathfinder,23257
žehlicí,23258
dopis,23259
opozice,23260
programový,23261
vilový,23262
teolog,23263
pět,23264
utkvělý,23265
vykazující,23266
plsť,23267
železniční,23268
platba,23269
studnice,23270
marasmus,23271
krátkometrážní,23272
zhodnocení,23273
software,23274
vyříznout,23275
charakterově,23276
invaze,23277
zámezí,23278
druid,23279
zamrzání,23280
paradigma,23281
recyklovatelný,23282
počínající,23283
břidličný,23284
příbuzenství,23285
zavinit,23286
povyšovat,23287
obráběcí,23288
glykémie,23289
debutový,23290
podřízený,23291
epsilón,23292
couvnout,23293
doladění,23294
kalený,23295
imunologický,23296
zabavení,23297
kompromisně,23298
transplantovat,23299
odstartovat,23300
enfant,23301
šílenost,23302
místostarosta,23303
zvědy,23304
škrticí,23305
orchestra,23306
povídal,23307
ekonomika,23308
chudá,23309
dynamika,23310
projet,23311
brněnský,23312
přiřadit,23313
za,23314
tabulka,23315
výlisek,23316
rádio,23317
příbuzná,23318
rozložení,23319
izolovaně,23320
zmrznutí,23321
hajdy,23322
tónovaný,23323
čínsky,23324
procentní,23325
přikazovat,23326
drážní,23327
poukázat,23328
kurýrní,23329
fungicid,23330
vdovský,23331
zanedbat,23332
vykreslený,23333
smolka,23334
preciznost,23335
sebekázeň,23336
coververze,23337
zklamaně,23338
převrat,23339
výspa,23340
che,23341
bezpředmětný,23342
stať,23343
stimulující,23344
expert,23345
etiopský,23346
dirigovat,23347
iontový,23348
radil,23349
výkres,23350
věštírna,23351
nestraník,23352
třídenní,23353
spřízněný,23354
neurolog,23355
tremolo,23356
volha,23357
přepych,23358
reál,23359
vytýkat,23360
moderna,23361
apex,23362
koordinátor,23363
podnes,23364
věštkyně,23365
proklouznout,23366
truhlářský,23367
chorobně,23368
vybrání,23369
ozvláštnit,23370
vykreslovat,23371
zmrzlinový,23372
spalovna,23373
designovaný,23374
violeta,23375
elektrospotřebič,23376
projektant,23377
takzvaný,23378
pochybit,23379
okamžitý,23380
rozbíhat,23381
okamžitě,23382
rozestavení,23383
pracnost,23384
moderátorka,23385
pojmenovat,23386
sklízení,23387
sílit,23388
záhoří,23389
cik,23390
dobytný,23391
tažení,23392
rozsvícení,23393
zneklidňující,23394
zprostředkovávat,23395
předložit,23396
rozloučení,23397
znepokojený,23398
experimentátor,23399
nezměrný,23400
sepse,23401
tisíc,23402
prodejnost,23403
odcestovat,23404
play,23405
poddajnost,23406
inerciální,23407
severozápadně,23408
pravoúhlý,23409
softwarový,23410
houslistka,23411
odkrýt,23412
skládat,23413
postoupit,23414
dodat,23415
prostírat,23416
výztuha,23417
jezdectvo,23418
zaváhání,23419
tichost,23420
dálnice,23421
rakovnický,23422
rozmíška,23423
artikulovat,23424
uličný,23425
gravitačně,23426
fraktura,23427
strojově,23428
obhospodařování,23429
novostavba,23430
podhodnocený,23431
kompresní,23432
ideologicky,23433
žalobce,23434
polesí,23435
retenční,23436
tvrdnutí,23437
obsazovat,23438
předesílat,23439
diktátor,23440
podnájemník,23441
krytí,23442
rozumový,23443
molekulový,23444
vládnoucí,23445
substance,23446
strážnice,23447
druhorozený,23448
stavový,23449
manželův,23450
zadavatel,23451
zmiňovaný,23452
biatlon,23453
individualismus,23454
splátkový,23455
etiologie,23456
fabulace,23457
praktikující,23458
tvarosloví,23459
roztřídit,23460
frustrovaný,23461
typizovaný,23462
startovací,23463
vytlačit,23464
nadpraží,23465
poskytovatel,23466
kapacita,23467
industriální,23468
veřejný,23469
čtvrtfinále,23470
leptání,23471
monument,23472
kvóta,23473
pražan,23474
církevní,23475
důvěrný,23476
mysticky,23477
genialita,23478
obdarovat,23479
vyčkávání,23480
vytřídit,23481
čtyřválcový,23482
federální,23483
zvolání,23484
ramadán,23485
predispozice,23486
zobecnění,23487
poloměr,23488
infiltrace,23489
předsunutý,23490
sovereign,23491
zrůdný,23492
sloužící,23493
pyrotechnika,23494
holt,23495
restaurovat,23496
hradec,23497
výnos,23498
vrbice,23499
zpomalení,23500
snaha,23501
přetížení,23502
syndikát,23503
redaktor,23504
prvenství,23505
uraženě,23506
strávení,23507
zahraničí,23508
ohýbání,23509
zahrnutý,23510
internista,23511
třípodlažní,23512
slovinský,23513
lídryně,23514
rozhodčí,23515
islandština,23516
oddaně,23517
vytížený,23518
sklonek,23519
bídný,23520
západoevropský,23521
příjmový,23522
retro,23523
měření,23524
negativně,23525
splátka,23526
piedestal,23527
replikátor,23528
lampionový,23529
sejf,23530
odstraňovač,23531
bermudy,23532
felicia,23533
mikroskopie,23534
nápor,23535
legální,23536
polyamid,23537
vstřícně,23538
vyhradit,23539
pomezní,23540
bezbariérový,23541
reportér,23542
ošetřovna,23543
koženkový,23544
vyzrání,23545
přecenění,23546
soud,23547
obrovsky,23548
všednost,23549
obchvat,23550
ostrožský,23551
pronajatý,23552
bradavický,23553
zahladit,23554
autonehoda,23555
pulpit,23556
poničit,23557
právník,23558
beduín,23559
klonovat,23560
republikánský,23561
neapolský,23562
městys,23563
lícový,23564
kompozit,23565
medailista,23566
ušlechtile,23567
kuloár,23568
kompoziční,23569
kvark,23570
imunoterapie,23571
písemný,23572
au,23573
zasedání,23574
ohleduplnost,23575
náležící,23576
březen,23577
těžní,23578
rozsoudit,23579
domluva,23580
epocha,23581
nirvána,23582
předložený,23583
zařazování,23584
trefně,23585
portrétní,23586
členění,23587
šestadvacetiletý,23588
defektní,23589
zdravit,23590
koktejl,23591
krumlovský,23592
odposlouchávat,23593
šestnáctiletý,23594
rokenrolový,23595
nabití,23596
zkresleně,23597
docílit,23598
vypínat,23599
nylonový,23600
db,23601
popsání,23602
vrchovatě,23603
proměňující,23604
penále,23605
kurs,23606
vyzdvihnout,23607
učedník,23608
frk,23609
výsuvný,23610
nahrávač,23611
odsouzení,23612
bezútěšný,23613
mezinárodní,23614
rozřezaný,23615
slavkovský,23616
restaurátorský,23617
jižanský,23618
euforie,23619
evangelík,23620
vavřinec,23621
popálit,23622
osmifinále,23623
poštmistr,23624
odpor,23625
zaostření,23626
kite,23627
konstruktivně,23628
stoj,23629
pohrobek,23630
zlomyslnost,23631
sebepoznání,23632
zdrženlivost,23633
chm,23634
zveřejňování,23635
nimbus,23636
tisícovka,23637
padesátka,23638
odolávat,23639
součin,23640
strategicky,23641
svatoušek,23642
velkolepost,23643
předvečer,23644
výherní,23645
lidumil,23646
combi,23647
splývání,23648
protikomunistický,23649
bilaterální,23650
ošetření,23651
rezervovat,23652
pokladna,23653
dispozičně,23654
znejistit,23655
vyřezávání,23656
bodový,23657
kongresman,23658
neskonale,23659
partnerství,23660
zbožně,23661
asociální,23662
vlakvedoucí,23663
svolný,23664
civilizovaně,23665
beatbox,23666
rozhodovat,23667
oklamání,23668
fokus,23669
zákop,23670
soustavně,23671
populistický,23672
svodidlo,23673
šovinizmus,23674
ředitelna,23675
mycí,23676
probůh,23677
guano,23678
zájmeno,23679
jedinečnost,23680
přístrojový,23681
zhodnotit,23682
vkusně,23683
lob,23684
stanice,23685
komunita,23686
kolektor,23687
zklidnit,23688
pozice,23689
oblíbenost,23690
vrátnice,23691
negevský,23692
dopodrobna,23693
polština,23694
country,23695
akcie,23696
veveří,23697
natož,23698
bloumat,23699
finančník,23700
měnový,23701
inkasovat,23702
důvěra,23703
rejstřík,23704
datadisk,23705
věstník,23706
juan,23707
zjednodušení,23708
samuraj,23709
míchat,23710
telenovela,23711
prosadit,23712
lux,23713
vyučený,23714
studovat,23715
načas,23716
rozlícený,23717
psaní,23718
propastný,23719
ujet,23720
znemožňovat,23721
sebevyjádření,23722
přinutit,23723
maturitní,23724
pošpinit,23725
normální,23726
postřelení,23727
rozstřílet,23728
prestižní,23729
zavčasu,23730
juka,23731
převoz,23732
filharmonie,23733
lisovat,23734
injekce,23735
připodobnit,23736
trend,23737
sluchově,23738
jednosměrně,23739
pobrat,23740
burzovní,23741
svatodušní,23742
advokátní,23743
obviňovat,23744
rozpůlit,23745
monogram,23746
zapnutý,23747
nad,23748
džíp,23749
košťálový,23750
koprodukční,23751
bezproblémově,23752
víceúčelový,23753
undergroundový,23754
mechanika,23755
proruský,23756
glamour,23757
otop,23758
zkopírovat,23759
blank,23760
respektovaný,23761
vyhladovět,23762
elektromobil,23763
nezájem,23764
jáhen,23765
rank,23766
kodex,23767
odnikud,23768
švagrová,23769
čtverečný,23770
zdařit,23771
středopolař,23772
elektronika,23773
flirt,23774
vyrovnaně,23775
zodpovídat,23776
pojistné,23777
narození,23778
žádostivost,23779
don,23780
avantgarda,23781
převlékárna,23782
uzemit,23783
patrola,23784
obtékání,23785
futuristický,23786
fandit,23787
bod,23788
vlastnoruční,23789
záplata,23790
dvoudílný,23791
vynález,23792
vítězství,23793
obírat,23794
kodein,23795
manažerka,23796
namnožit,23797
zpracovávaný,23798
rozhazování,23799
zobrazující,23800
reorganizace,23801
antisemitismus,23802
zmocněnec,23803
zmenšující,23804
prchlivý,23805
vyvěsit,23806
poradkyně,23807
přidání,23808
duben,23809
těsnění,23810
vysázet,23811
hostující,23812
ukazující,23813
rumunsko,23814
podivuhodně,23815
podbarvení,23816
konrád,23817
zlovolný,23818
rozšiřující,23819
medailový,23820
playstation,23821
přepínač,23822
bukowsky,23823
suverenita,23824
trojrozměrný,23825
zjizvení,23826
dědičnost,23827
cedník,23828
velvyslankyně,23829
zdržení,23830
šetřil,23831
zablokovat,23832
ztotožnit,23833
převor,23834
promítnout,23835
hodža,23836
jakžtakž,23837
vykloubit,23838
zásobený,23839
čajovna,23840
lyrika,23841
obsloužit,23842
načasovat,23843
ortopedie,23844
dvoustovka,23845
desetiletý,23846
zpomalený,23847
marnotratný,23848
dědic,23849
výtečný,23850
cepín,23851
prezídium,23852
dekovat,23853
milice,23854
fakultativní,23855
provázaný,23856
hack,23857
všestranně,23858
cement,23859
čingischán,23860
němčina,23861
odvozený,23862
režisérův,23863
nárazový,23864
kyselka,23865
investice,23866
kiosek,23867
nezvratný,23868
pramálo,23869
neúcta,23870
instrukce,23871
představování,23872
posttraumatický,23873
var,23874
scifi,23875
židovský,23876
podnětný,23877
litera,23878
zjemnit,23879
podvozkový,23880
proměňování,23881
vjet,23882
nitroglycerin,23883
zesílit,23884
průvodce,23885
sdílený,23886
výseč,23887
uliční,23888
velení,23889
soukromě,23890
odročit,23891
parciální,23892
šamanský,23893
čarodějnický,23894
krátkodobě,23895
obměnit,23896
zatknout,23897
vápenka,23898
hippies,23899
pátrač,23900
indukovaný,23901
ojnice,23902
uschovat,23903
vyučující,23904
produktivita,23905
favoritka,23906
zavařovací,23907
pozoruhodnost,23908
fotografie,23909
punkevní,23910
menu,23911
vlčkový,23912
zlom,23913
najatý,23914
dynamit,23915
markýz,23916
namátkově,23917
profesní,23918
krajan,23919
fascinace,23920
nabíjecí,23921
napětí,23922
majda,23923
splatit,23924
poklesek,23925
uspokojování,23926
modernizovaný,23927
stahující,23928
pozlacení,23929
zmrzlinář,23930
přetažení,23931
kotvící,23932
zhoršovat,23933
nárůst,23934
talkshow,23935
torpédoborec,23936
navždy,23937
západka,23938
martini,23939
jednodenní,23940
kvantitativně,23941
zaběhnout,23942
prvně,23943
domovník,23944
modlící,23945
rukodělný,23946
novoměstský,23947
cracker,23948
působící,23949
franco,23950
přehazovat,23951
rozřezat,23952
hovořící,23953
harampádí,23954
hasící,23955
řádný,23956
přejímat,23957
kadeřnický,23958
transsexuální,23959
kompromis,23960
dotisk,23961
naučení,23962
mazový,23963
emisní,23964
záložna,23965
lampion,23966
reflexe,23967
švagrovský,23968
splňovat,23969
příběhový,23970
navždycky,23971
mononukleóza,23972
důkaz,23973
bižuterie,23974
uspěchat,23975
sled,23976
dvouhra,23977
zavátý,23978
svoz,23979
nazmar,23980
hlavičkový,23981
virtuóz,23982
graffiti,23983
rondo,23984
slavnostní,23985
vážení,23986
berla,23987
halový,23988
světoznámý,23989
zavírání,23990
absolutní,23991
deviantní,23992
veličenstvo,23993
oslavenec,23994
renesance,23995
osmiletý,23996
diskutovaný,23997
prodyšně,23998
jemenský,23999
rozpouštění,24000
art,24001
předsevzetí,24002
politolog,24003
vinařství,24004
identifikátor,24005
věrohodnost,24006
dvacetiletý,24007
popmusic,24008
slovácký,24009
přitékat,24010
torpédový,24011
anestetikum,24012
doslov,24013
scénografie,24014
stylisticky,24015
minulost,24016
termický,24017
mohyla,24018
rozházet,24019
vícero,24020
pohřebiště,24021
capoeira,24022
sazka,24023
deratizace,24024
bezduchý,24025
dílec,24026
důvodně,24027
stahování,24028
vyvadit,24029
žatec,24030
hostýnský,24031
průsečík,24032
hú,24033
komentář,24034
miliarda,24035
švihově,24036
předkolo,24037
vápenný,24038
shareware,24039
nehorázně,24040
hrnčířství,24041
pokyn,24042
umývání,24043
hrk,24044
intimně,24045
rozehrávka,24046
ředitelně,24047
špatnost,24048
katarze,24049
popáleninový,24050
karmelitánský,24051
pohřbít,24052
nadoraz,24053
láznička,24054
izolant,24055
švýcar,24056
splavný,24057
dohad,24058
elita,24059
poskytovat,24060
půlhodina,24061
debil,24062
utrácet,24063
marnost,24064
observatoř,24065
dostupný,24066
ponižování,24067
umně,24068
zpovídat,24069
proton,24070
vyřizování,24071
zanikat,24072
reinkarnace,24073
připravení,24074
zobrazovač,24075
spáchat,24076
smeknout,24077
četa,24078
difúzní,24079
historik,24080
exekuce,24081
taro,24082
průchodnost,24083
houževnatost,24084
hráčův,24085
tajemně,24086
vyzývavý,24087
básnictví,24088
windsorský,24089
předpotopní,24090
dekret,24091
navštěvování,24092
příruční,24093
dohled,24094
alternativní,24095
pečlivost,24096
stírat,24097
odloučení,24098
kompozičně,24099
bezvládný,24100
návrh,24101
blok,24102
nabídka,24103
slyšící,24104
nadneseně,24105
studentka,24106
tenis,24107
sobeckost,24108
dění,24109
ju,24110
fluktuace,24111
automaticky,24112
posvěcený,24113
iluzionista,24114
chrabrost,24115
skrz,24116
seismický,24117
zabudovaný,24118
varhaník,24119
kaolín,24120
končící,24121
občasně,24122
denník,24123
znásilněný,24124
posluchačka,24125
zotročování,24126
spotřebování,24127
probouzející,24128
cennost,24129
tiket,24130
přespolní,24131
přímý,24132
slibovaný,24133
psychotický,24134
investovat,24135
zběsilý,24136
širokospektrální,24137
pojíždění,24138
typově,24139
bachař,24140
inženýrství,24141
svobodník,24142
uzávěr,24143
pohledový,24144
moto,24145
konkurenční,24146
uskutečnit,24147
partyzán,24148
charita,24149
rozvod,24150
komplikovaně,24151
přísaha,24152
výsadkář,24153
tvořivost,24154
kopírka,24155
zeť,24156
impuls,24157
roztříštit,24158
tikat,24159
alchymista,24160
jidáš,24161
řezací,24162
utlačovat,24163
naturální,24164
fort,24165
kobza,24166
toto,24167
blouznění,24168
dělový,24169
pokročit,24170
příhodně,24171
středoškolský,24172
pořízení,24173
znepřátelit,24174
klimatizační,24175
akumulovat,24176
směrnice,24177
kolona,24178
jihovýchodně,24179
autodoprava,24180
stupnice,24181
biatlonista,24182
proběhnout,24183
fotografka,24184
jmění,24185
vodíkový,24186
dodávka,24187
job,24188
akceptovat,24189
předpoklad,24190
známá,24191
dotahovat,24192
skalp,24193
poznamenat,24194
minimum,24195
noclehárna,24196
planina,24197
edukační,24198
vršit,24199
bělohorský,24200
přibližující,24201
přemyslovský,24202
pediatrický,24203
nakoupit,24204
moskevský,24205
metoda,24206
hutník,24207
područí,24208
vymezení,24209
korelační,24210
nával,24211
zabrzdění,24212
prorocký,24213
důchod,24214
kulturista,24215
venezuelský,24216
viniční,24217
anonymní,24218
silnice,24219
vzkříšený,24220
len,24221
akcentovat,24222
shodovat,24223
instrumentálně,24224
formování,24225
petit,24226
notářsky,24227
relikt,24228
výslužka,24229
stoletý,24230
porovnávání,24231
uprchlý,24232
privatizace,24233
tisíciletí,24234
pointe,24235
anabolický,24236
zkolabovat,24237
lochkov,24238
nakládací,24239
posuzovaný,24240
focení,24241
prci,24242
dožití,24243
muslimka,24244
teoretický,24245
kolej,24246
asistenční,24247
pětidveřový,24248
otřesný,24249
metal,24250
během,24251
sekce,24252
izolátor,24253
dotázaný,24254
mefisto,24255
zuřící,24256
čtyřicítka,24257
benedikt,24258
poutnice,24259
nalévat,24260
viadukt,24261
mezzoforte,24262
slovensky,24263
olomoucký,24264
kateřinský,24265
jedinečně,24266
uchovat,24267
autorita,24268
věžnice,24269
přicestovat,24270
almara,24271
zakódovaný,24272
alkoholička,24273
sekta,24274
jednička,24275
pobízet,24276
klipr,24277
vsazený,24278
spravovat,24279
předhradí,24280
bistro,24281
tvrdost,24282
signalizovat,24283
zesilovač,24284
dobrovolný,24285
signum,24286
rozsít,24287
vykrýt,24288
display,24289
závazně,24290
lhostejně,24291
vyzrát,24292
zavděčit,24293
úvěrový,24294
přistavení,24295
vzpoura,24296
usazovat,24297
pokleslý,24298
léčení,24299
vyrytý,24300
suše,24301
pirátství,24302
stranou,24303
intolerance,24304
pozdravení,24305
beznadějně,24306
sešle,24307
malebnost,24308
klon,24309
nikdy,24310
úchyl,24311
vicemistr,24312
partaj,24313
grimasa,24314
džentlmen,24315
následně,24316
taking,24317
knihkupec,24318
restauratér,24319
zaslíbení,24320
vzdát,24321
koloseum,24322
magika,24323
humanista,24324
vyškovský,24325
strukturálně,24326
maki,24327
uvolňování,24328
poníženě,24329
spadat,24330
vylodění,24331
adresa,24332
sokyně,24333
zástavba,24334
identifikační,24335
charitativní,24336
odbor,24337
zakoupený,24338
exemplární,24339
prostírání,24340
aktualizovaný,24341
inhibitor,24342
přívlastek,24343
přispěchat,24344
finsko,24345
pokrytí,24346
brtnice,24347
magnituda,24348
kdy,24349
radlický,24350
osmička,24351
stanovovat,24352
zvětšenina,24353
akcelerometr,24354
devítiletý,24355
ideový,24356
přednášet,24357
ošetřovatelství,24358
polopravda,24359
samouk,24360
savo,24361
esence,24362
opravit,24363
podezírat,24364
zásah,24365
prodlení,24366
terénní,24367
údržba,24368
nyní,24369
méněcennost,24370
zbavit,24371
vietnamština,24372
val,24373
osvojování,24374
poctivost,24375
monsieur,24376
objektově,24377
vybudovaný,24378
prvopočátek,24379
sebehodnocení,24380
několikanásobně,24381
předražený,24382
kontroverze,24383
poetika,24384
navrch,24385
spolehlivost,24386
aristokracie,24387
ponorný,24388
galaktický,24389
přepracování,24390
aféra,24391
paranoia,24392
předseda,24393
pokácení,24394
basketbal,24395
smluvní,24396
kongres,24397
řečník,24398
geolog,24399
avium,24400
fluorid,24401
zaplavit,24402
dominující,24403
placený,24404
rusky,24405
přijatelně,24406
bazénový,24407
naskládaný,24408
bestseller,24409
happening,24410
exprese,24411
ukořistěný,24412
cihelna,24413
budovatel,24414
bum,24415
řemeslně,24416
grep,24417
čedičový,24418
elektrokolo,24419
sedativum,24420
zaplavení,24421
odpykávat,24422
hopem,24423
výmluvný,24424
pohřbený,24425
pojmenovaný,24426
totožnost,24427
velkorysost,24428
pořad,24429
finále,24430
umožňující,24431
přestup,24432
přehršel,24433
skomírající,24434
zahajovací,24435
zavézt,24436
tortilla,24437
kyjevský,24438
level,24439
nezaměstnaný,24440
dramatika,24441
uplynout,24442
zadržet,24443
vakuový,24444
srozumitelnost,24445
maraton,24446
nu,24447
hup,24448
konektivita,24449
přenechat,24450
držitel,24451
kapilární,24452
piko,24453
valem,24454
zanášení,24455
vložení,24456
kamarádství,24457
sedimentace,24458
rozvodí,24459
skončit,24460
odkladný,24461
postindustriální,24462
upload,24463
sestupovat,24464
mezitím,24465
psychopatologie,24466
arabica,24467
vystavět,24468
religiozita,24469
posvícení,24470
prošlý,24471
ubytovací,24472
pobodat,24473
kultura,24474
imunologie,24475
vyjasněný,24476
poslední,24477
výpočet,24478
vratně,24479
biochemický,24480
vzestup,24481
deklarovaný,24482
chopper,24483
urna,24484
cizojazyčný,24485
svázat,24486
generálka,24487
shakespearovský,24488
foot,24489
radioterapie,24490
uvézt,24491
bubenický,24492
povědomí,24493
varieté,24494
zasažení,24495
dekontaminační,24496
svijanský,24497
osadní,24498
mystik,24499
citelně,24500
zrychlování,24501
zajistit,24502
průstřelný,24503
požadovat,24504
ambiciózní,24505
histogram,24506
odpalovat,24507
sára,24508
půlroční,24509
aristokrat,24510
prim,24511
nadprůměrný,24512
záslužný,24513
agregát,24514
naho,24515
debutovat,24516
řada,24517
risk,24518
bé,24519
zveřejnění,24520
úřední,24521
biosféra,24522
pozvání,24523
zamíchat,24524
pokládání,24525
cizoložství,24526
rapper,24527
královsky,24528
karvinský,24529
ambulantně,24530
zábor,24531
eufemismus,24532
prvočíslo,24533
číslo,24534
zaváhat,24535
sympatizant,24536
kvartál,24537
zavádět,24538
groove,24539
animátor,24540
zavazovat,24541
kotoučový,24542
archeolog,24543
archeologický,24544
rtg,24545
cena,24546
nadpoloviční,24547
odfiltrovat,24548
vbrzku,24549
zazdění,24550
klenotnictví,24551
zrychlit,24552
bezúročný,24553
šanson,24554
uvíznutí,24555
astmatický,24556
předobjednávka,24557
příručka,24558
uloupený,24559
pracovněprávní,24560
oslavovaný,24561
polohový,24562
předběžný,24563
přepínat,24564
osvětlovací,24565
bekhend,24566
pad,24567
svastika,24568
účelnost,24569
prorůstání,24570
načasovaný,24571
studentský,24572
čtyřčlenný,24573
mixážní,24574
trampský,24575
pramen,24576
mýto,24577
botanicky,24578
korporátní,24579
teletext,24580
rozepře,24581
letmo,24582
triatlonista,24583
optimum,24584
starožitnictví,24585
sušárna,24586
závan,24587
klientelizmus,24588
spolupracovat,24589
přihlédnout,24590
popiratelně,24591
oslabení,24592
znevýhodněný,24593
náčrtek,24594
taktéž,24595
sestříhaný,24596
základka,24597
levitace,24598
vzájemný,24599
vytápěcí,24600
utábořit,24601
svěřenkyně,24602
důvodný,24603
aerobic,24604
remíz,24605
využívající,24606
maškara,24607
caravan,24608
státník,24609
menšinový,24610
osvobozený,24611
slum,24612
larsen,24613
glazovaný,24614
oddech,24615
pedagogika,24616
nukleotid,24617
onehdá,24618
stranit,24619
vyztužení,24620
znázornit,24621
zdůvodňovat,24622
důtka,24623
destilovaný,24624
materie,24625
cvičně,24626
nukleový,24627
předbíhat,24628
ostravsko,24629
disko,24630
ulice,24631
naklonovat,24632
porter,24633
špitál,24634
tlusťoch,24635
how,24636
středisko,24637
číslice,24638
věnovat,24639
drbat,24640
rozehrání,24641
komárův,24642
zážehový,24643
neviňátko,24644
spínací,24645
protipožární,24646
zatažení,24647
anonymita,24648
kalendář,24649
závazek,24650
skeleton,24651
zregenerovat,24652
fanatický,24653
uvažovaný,24654
veskrze,24655
knif,24656
exit,24657
tělocvičně,24658
svědectví,24659
mokro,24660
computer,24661
segmentový,24662
biskupský,24663
referenční,24664
pracovní,24665
obměna,24666
rozrušit,24667
šikanování,24668
poškozování,24669
podkrkonošský,24670
kilometrový,24671
zesměšňovat,24672
odbočování,24673
ještědský,24674
získat,24675
snažení,24676
zahanbit,24677
vlastenecky,24678
phishing,24679
čajovník,24680
odklonit,24681
escort,24682
dovolat,24683
výtržnictví,24684
van,24685
markýza,24686
přechodový,24687
nova,24688
coul,24689
znamenitě,24690
namátkou,24691
zamykat,24692
plenární,24693
ženství,24694
centurion,24695
pneumatický,24696
audio,24697
škrtnout,24698
vylepšení,24699
smíchovský,24700
zevně,24701
kaplický,24702
oboustranný,24703
přejíždět,24704
premonstrát,24705
shell,24706
místopředseda,24707
klukovský,24708
světit,24709
šokovat,24710
rázně,24711
odjinud,24712
rumunský,24713
zřízený,24714
znovuzrozený,24715
proletariát,24716
pastýřský,24717
norma,24718
reputace,24719
tiskací,24720
korunovat,24721
případový,24722
skloňovat,24723
broumovský,24724
planetární,24725
příčit,24726
renomé,24727
zbití,24728
akceptovatelný,24729
půjčka,24730
formule,24731
opovrhování,24732
týmový,24733
dále,24734
osiřelý,24735
zvládání,24736
turistika,24737
vzdělávací,24738
unikátnost,24739
ortel,24740
hitparáda,24741
poradenství,24742
násobek,24743
výlev,24744
komprese,24745
vůči,24746
hippie,24747
předchůdce,24748
rozmysl,24749
peršan,24750
kající,24751
herecky,24752
výroba,24753
swamp,24754
synaptický,24755
disneyland,24756
sportovně,24757
ústně,24758
cessna,24759
akciový,24760
zesměšnit,24761
alžír,24762
slogan,24763
jistící,24764
rozpoznávací,24765
předjímat,24766
váznout,24767
titanium,24768
nostalgicky,24769
macha,24770
stalinizmus,24771
cukrář,24772
drancování,24773
finance,24774
střihač,24775
vyústění,24776
nostra,24777
trvale,24778
klikový,24779
obdělávání,24780
pojem,24781
special,24782
sterling,24783
azur,24784
zdecimovaný,24785
utkání,24786
anarchista,24787
mojito,24788
formulovat,24789
eroticky,24790
originalita,24791
nákladně,24792
oženit,24793
vinař,24794
příkazový,24795
starověk,24796
sdělování,24797
nerozlučný,24798
úskalí,24799
vyšetřování,24800
souměrnost,24801
trunk,24802
robin,24803
vrstevnice,24804
katedra,24805
tlačení,24806
řetězec,24807
svobodný,24808
dreamliner,24809
aplikovaný,24810
přehrávání,24811
frézování,24812
siesta,24813
koprodukce,24814
rozchod,24815
schůzka,24816
vysvětlující,24817
leone,24818
mýtné,24819
nakonec,24820
terminátor,24821
ubytování,24822
výlučný,24823
výkvět,24824
pronajímat,24825
zapůsobit,24826
mravně,24827
sabat,24828
falešně,24829
ozev,24830
tuner,24831
příměr,24832
rezignovat,24833
razance,24834
ch,24835
reparát,24836
hlušina,24837
nahrávání,24838
spadnutí,24839
zpravodaj,24840
zletilý,24841
následný,24842
odstřelovací,24843
evakuace,24844
ochota,24845
kingston,24846
geologicky,24847
rozprašovač,24848
červen,24849
pročištění,24850
česky,24851
sjetí,24852
baterie,24853
vypracovat,24854
vylepšovat,24855
slitovat,24856
kolektivní,24857
dohledání,24858
kalendárium,24859
pronést,24860
přilnutí,24861
ustoupit,24862
revoluční,24863
utonout,24864
priorita,24865
podřadný,24866
uzavíratelný,24867
zálesí,24868
mapovat,24869
nominovat,24870
louč,24871
dominance,24872
dodatek,24873
lamelový,24874
entuziasmus,24875
humanistický,24876
nadobro,24877
zítka,24878
svolat,24879
dvojrole,24880
vyčištění,24881
spiklenec,24882
zkombinovat,24883
kahánek,24884
knipl,24885
bard,24886
leštění,24887
zírání,24888
ústí,24889
záhorský,24890
squat,24891
lawson,24892
dusný,24893
žalovat,24894
fixační,24895
konverzační,24896
dvanáctiletý,24897
zlatnictví,24898
vlastník,24899
citelný,24900
zvětrávání,24901
paša,24902
loci,24903
hardwarový,24904
pantheon,24905
salsa,24906
zácvik,24907
řeholník,24908
propagátor,24909
roztavený,24910
klávesák,24911
pranýř,24912
posilovač,24913
užití,24914
starající,24915
plus,24916
bratrův,24917
přeměněný,24918
rozpačitě,24919
retuš,24920
penalta,24921
pátrání,24922
dohrávka,24923
tesařství,24924
leader,24925
dovádění,24926
filet,24927
dobíjet,24928
zdola,24929
karcinogen,24930
tandem,24931
chanel,24932
kdesi,24933
udavač,24934
upravovaný,24935
dvojboj,24936
vsítit,24937
splutí,24938
obstarávání,24939
dudový,24940
bezinka,24941
poselstvo,24942
spálení,24943
název,24944
propadlina,24945
formálně,24946
ukotvení,24947
proporcionální,24948
jakostní,24949
většinově,24950
řečička,24951
roztavení,24952
rovnodennost,24953
komunikační,24954
alternativně,24955
výměnný,24956
haléř,24957
zrychlení,24958
argo,24959
topka,24960
předvedený,24961
odvolání,24962
dělicí,24963
dovolávat,24964
skladový,24965
vzchopit,24966
odchýlení,24967
přiznaný,24968
veslař,24969
ateismus,24970
panstvo,24971
zakončit,24972
stydlivý,24973
zafungovat,24974
osmnáctiletý,24975
soustrojí,24976
golfový,24977
přemrštěný,24978
antropologie,24979
dosahování,24980
floridský,24981
plavební,24982
pověřit,24983
skladatelka,24984
nájezdník,24985
rozuzlení,24986
boss,24987
dada,24988
index,24989
poměřovat,24990
nashle,24991
ambulance,24992
morální,24993
inkvizitor,24994
bobista,24995
sázení,24996
mečbol,24997
přemísťování,24998
henry,24999
vzrůstající,25000
pochlubit,25001
ranění,25002
odlehčovací,25003
jonathan,25004
předmětný,25005
stator,25006
zveličovat,25007
pravobok,25008
nutnost,25009
sebepojetí,25010
kurtizána,25011
gólově,25012
odhalení,25013
samizdat,25014
elegie,25015
rajón,25016
spojující,25017
lhostejnost,25018
model,25019
vyrovnávat,25020
islamistický,25021
kódovaný,25022
opakovaně,25023
prvořadý,25024
evidovat,25025
plynovod,25026
kuan,25027
mond,25028
infocentrum,25029
odrůdový,25030
rozšiřitelný,25031
freeware,25032
šílení,25033
inovace,25034
předělávka,25035
europarlament,25036
parlamentní,25037
pulzní,25038
nálepkování,25039
bulvární,25040
přívrženec,25041
vyprchat,25042
důvěryhodně,25043
obrazárna,25044
poučka,25045
doživotí,25046
rovnající,25047
platební,25048
textově,25049
částečný,25050
čtvrt,25051
získaný,25052
ministerský,25053
průtah,25054
překopat,25055
dalajlama,25056
pěchotní,25057
katastrofální,25058
ničící,25059
fotovoltaický,25060
negativum,25061
benátský,25062
šarže,25063
zodpovědnost,25064
psychoterapie,25065
de,25066
chebský,25067
sehnutý,25068
skotsko,25069
porodnictví,25070
děkan,25071
ozdravný,25072
automat,25073
prádelní,25074
stabilizovat,25075
nuzný,25076
poškozující,25077
obdivuhodně,25078
voličský,25079
usilovně,25080
oxidace,25081
změť,25082
vděk,25083
takt,25084
radikál,25085
gender,25086
zákonně,25087
piknikový,25088
nasi,25089
autorsky,25090
braun,25091
křišťál,25092
kremelský,25093
nacionalista,25094
zaslíbený,25095
okradení,25096
moralista,25097
benzinový,25098
převychovat,25099
překřížení,25100
naklonit,25101
diferencovat,25102
zapojený,25103
povýšení,25104
zaručovat,25105
přístupnost,25106
surovinový,25107
ztrestat,25108
publikační,25109
seběhnout,25110
parašutismus,25111
řecko,25112
selhat,25113
liturgický,25114
udělit,25115
tetralogie,25116
recidivista,25117
doplácet,25118
nedostatečná,25119
nabít,25120
nemístně,25121
zatýkání,25122
klinik,25123
národnostní,25124
zjemnění,25125
úschova,25126
tonik,25127
klášterní,25128
sčítání,25129
bolid,25130
stacionář,25131
dobyvatel,25132
zástavní,25133
revizní,25134
podmanivý,25135
ohlásit,25136
piccola,25137
norština,25138
obklíčit,25139
krypta,25140
rychta,25141
zrcadlově,25142
egejský,25143
data,25144
perština,25145
tlačící,25146
vykazování,25147
komplexní,25148
ospravedlnit,25149
písemnost,25150
ohlédnutí,25151
podmanit,25152
glykogen,25153
technika,25154
porušit,25155
agrární,25156
dohadovat,25157
soustavný,25158
oznamovat,25159
rakovinotvorný,25160
přísudek,25161
dole,25162
předoperační,25163
zašifrovaný,25164
urgentně,25165
šifra,25166
lucky,25167
rozhodnutí,25168
realizovaný,25169
jockey,25170
matice,25171
závěť,25172
ústava,25173
neřest,25174
příslovečný,25175
obětavě,25176
idealistický,25177
čtenářsky,25178
jmout,25179
nedostižný,25180
neblahý,25181
rocker,25182
stolní,25183
albumin,25184
žlutice,25185
iljušin,25186
obout,25187
oslavit,25188
emotikon,25189
léčitelka,25190
ztížený,25191
duo,25192
východoevropský,25193
realizace,25194
překonatelný,25195
vynesení,25196
sirotčinec,25197
motivovat,25198
fotomontáž,25199
čtyřletý,25200
galon,25201
kubistický,25202
pohostinství,25203
zádušní,25204
podvodně,25205
globalizace,25206
skateboard,25207
slíbit,25208
vimperk,25209
cudnost,25210
draft,25211
moll,25212
exportovat,25213
čtyřdveřový,25214
zaměstnat,25215
seskupovat,25216
bitter,25217
důvěryhodnost,25218
hermeticky,25219
grandhotel,25220
vozíčkář,25221
přeměna,25222
mezinárodně,25223
zlepšit,25224
přepis,25225
vyvážející,25226
protržený,25227
vyrábět,25228
objížďka,25229
monitorovací,25230
zásadní,25231
yard,25232
arbitr,25233
mandl,25234
prapůvod,25235
považování,25236
souzený,25237
pradědeček,25238
skepse,25239
tradiční,25240
gamepad,25241
vyhlašovat,25242
konsens,25243
nedbalý,25244
vynášení,25245
koordinace,25246
kopa,25247
fit,25248
přetnout,25249
vyplývající,25250
rozhodce,25251
notoricky,25252
osnova,25253
odhlédnout,25254
terapeutický,25255
žižkovský,25256
přesadit,25257
uveřejnit,25258
mstít,25259
sólově,25260
přivážet,25261
vyhoštění,25262
fenol,25263
nahlížet,25264
napravo,25265
mrtvice,25266
anton,25267
propustit,25268
dojíždění,25269
znalecký,25270
reverzibilní,25271
logicky,25272
nedbale,25273
scanovat,25274
vyřešení,25275
rozhodnutý,25276
mítink,25277
konaný,25278
ambientní,25279
říjen,25280
pomazánkový,25281
příhradový,25282
zdvořilost,25283
imigrant,25284
červenec,25285
záštita,25286
hospitalizovat,25287
multifunkční,25288
dlouholetý,25289
zarezervovat,25290
dvanáctiválec,25291
vliv,25292
střetnout,25293
syntetizovat,25294
arte,25295
demonstrovat,25296
překonávání,25297
pajero,25298
biskup,25299
zdrávas,25300
vyšetřující,25301
uhrát,25302
aktuální,25303
jezuita,25304
un,25305
bokový,25306
provozovaný,25307
zotavovat,25308
zápolí,25309
sběrnice,25310
předák,25311
zednář,25312
cech,25313
zamlada,25314
transparent,25315
zkaženost,25316
fikční,25317
emír,25318
rozvíjet,25319
endokrinologie,25320
lohnout,25321
připlatit,25322
razantní,25323
vtělit,25324
bojeschopný,25325
pevnost,25326
chudina,25327
zneužití,25328
hoteliér,25329
odhodlání,25330
dovozce,25331
posílit,25332
derniéra,25333
okresní,25334
starousedlík,25335
dokořán,25336
optik,25337
semifinále,25338
plynně,25339
rakouský,25340
hradisko,25341
skateboarding,25342
okolky,25343
zločinecký,25344
vyjíždět,25345
dvojnice,25346
hematologie,25347
průchodný,25348
zadarmo,25349
odměňování,25350
spořící,25351
bidet,25352
kotlářka,25353
drancovat,25354
ověřitelný,25355
exponenciálně,25356
tisk,25357
petřínský,25358
rozkládající,25359
odpovědný,25360
výcvikový,25361
vytipovat,25362
kyberprostor,25363
rezident,25364
belgičan,25365
starozákonní,25366
kdež,25367
apelovat,25368
sunnitský,25369
videohra,25370
toyota,25371
manifestace,25372
reverzní,25373
vkládání,25374
poukázka,25375
zbožňování,25376
tarif,25377
interpunkce,25378
vyplenit,25379
flexibilita,25380
prováděný,25381
nastupující,25382
geograficky,25383
naléhavě,25384
zapřáhnout,25385
society,25386
loterie,25387
vodohospodářský,25388
foton,25389
maxima,25390
riskantně,25391
přímo,25392
transformace,25393
pašije,25394
složení,25395
projektový,25396
razantně,25397
chrysler,25398
ministryně,25399
rušička,25400
stavbyvedoucí,25401
řad,25402
výkopový,25403
zodpovědný,25404
dotknutelný,25405
definiční,25406
obžaloba,25407
inverzní,25408
sanitace,25409
vlastizrádce,25410
odborový,25411
ztrácející,25412
plémě,25413
prospěšnost,25414
směrovač,25415
vypovídající,25416
veleúspěšný,25417
superfinále,25418
hroznový,25419
odbourávat,25420
databázový,25421
způsobení,25422
preference,25423
hergot,25424
oddalovat,25425
tolerance,25426
anarchistický,25427
loretánský,25428
bonmot,25429
lítání,25430
hamižnost,25431
řečtina,25432
tajný,25433
hokejistka,25434
wifi,25435
hutní,25436
zasedat,25437
francouzsky,25438
vyprošťování,25439
heterosexuál,25440
zvlnění,25441
novinářský,25442
byrokracie,25443
jubileum,25444
paralympijský,25445
panorama,25446
elipsa,25447
ska,25448
oscilátor,25449
samba,25450
zveřejněný,25451
lichotivý,25452
vyloučení,25453
zvolení,25454
popřít,25455
polda,25456
nastavování,25457
usmířit,25458
čtvrtletí,25459
demagogie,25460
sílící,25461
odlít,25462
teda,25463
řevnivost,25464
bilance,25465
hloubení,25466
černovský,25467
bruska,25468
vynahrazovat,25469
dokud,25470
prosba,25471
vizionář,25472
textilní,25473
demonstrant,25474
pavlovský,25475
přihlédnutí,25476
transcendentální,25477
vrstva,25478
otupit,25479
papežův,25480
povzbuzovat,25481
magnetofon,25482
pěvecky,25483
obnos,25484
léčebný,25485
statisticky,25486
prodražit,25487
rozjížďka,25488
přímočaře,25489
palestina,25490
domácku,25491
válcový,25492
lok,25493
antropogenní,25494
teleportovat,25495
zajedno,25496
naměřený,25497
kontrakt,25498
imunolog,25499
šiškový,25500
vlaječka,25501
jakž,25502
basketbalový,25503
rozesílat,25504
zdravotnictví,25505
padesátník,25506
upínací,25507
těžkooděnec,25508
rozmístění,25509
obnažení,25510
capa,25511
úplatný,25512
vpustit,25513
ošetřující,25514
choreografka,25515
sekulární,25516
luza,25517
požadavek,25518
investování,25519
zpravodajec,25520
harakiri,25521
zdemolovat,25522
závislost,25523
přestupní,25524
bakalářský,25525
výčep,25526
předčit,25527
počátkem,25528
benefiční,25529
gynekoložka,25530
preferovaný,25531
dobývat,25532
publicistický,25533
hrozící,25534
vykoupení,25535
vyjasnit,25536
kompozitní,25537
pomíjivost,25538
destrukce,25539
tyčící,25540
staropramen,25541
dříč,25542
copyright,25543
nahodile,25544
stanovy,25545
zavrženíhodný,25546
znechutit,25547
fyzik,25548
zklidňovat,25549
sklolaminát,25550
fašista,25551
masochismus,25552
ston,25553
ponoření,25554
ujetý,25555
vinš,25556
požehnání,25557
školit,25558
rozprostírající,25559
sekundovat,25560
uctít,25561
procvičení,25562
zaměstnanost,25563
zapříčinit,25564
dřevořez,25565
peněžitý,25566
boxerský,25567
nástřik,25568
dědictví,25569
nepálský,25570
prořídlý,25571
satanizmus,25572
elektrolyt,25573
plán,25574
zakrývání,25575
tříkrálový,25576
oslabující,25577
napadání,25578
rozpolcený,25579
předehra,25580
přenesení,25581
oddat,25582
natáčený,25583
převelice,25584
tříštivý,25585
setkání,25586
svolení,25587
navazovat,25588
těžce,25589
odsunout,25590
odporovat,25591
impotentní,25592
probíhající,25593
zatajovat,25594
amnestie,25595
krupka,25596
podle,25597
navrhovaný,25598
kmenový,25599
rozcestník,25600
jednosměrný,25601
rozhlas,25602
hvězdárna,25603
metodický,25604
kultivační,25605
průjezdní,25606
dolem,25607
pendolino,25608
scan,25609
chrást,25610
meta,25611
spojenectví,25612
sicilský,25613
rozjímat,25614
plnohodnotně,25615
konfident,25616
očitý,25617
zaslepit,25618
lékárník,25619
tužba,25620
čelný,25621
journal,25622
spočívající,25623
neúspěch,25624
mikrobiologický,25625
švýcarsko,25626
vjezd,25627
smírčí,25628
rasový,25629
jr,25630
zadruhé,25631
klenotnice,25632
regiment,25633
rozlišení,25634
situační,25635
dopadení,25636
sociologický,25637
amok,25638
osvícený,25639
zorganizovat,25640
regulatorní,25641
propaganda,25642
zjizvený,25643
novátorský,25644
překlopení,25645
detox,25646
chrom,25647
obvinit,25648
star,25649
psychosociální,25650
želivský,25651
pomálu,25652
zrušit,25653
přebývání,25654
jistič,25655
zamlčovat,25656
bazilika,25657
dalece,25658
vytištěný,25659
chirurgie,25660
zahradnice,25661
inverze,25662
přepravený,25663
zkušeně,25664
kolaps,25665
ms,25666
šíitský,25667
setkávání,25668
doprovodit,25669
dotčení,25670
maximum,25671
vypracovaný,25672
odražený,25673
ořechově,25674
nastrčený,25675
zasnoubený,25676
delegace,25677
sazebník,25678
podceňovaný,25679
neomylný,25680
schválit,25681
kabuki,25682
mezní,25683
rozhodný,25684
zeměplocha,25685
destruktivní,25686
zpátečka,25687
fixace,25688
zamezit,25689
pokulhávat,25690
slovutný,25691
diuretikum,25692
pamětní,25693
vymýcení,25694
august,25695
zatékat,25696
utržení,25697
úřednice,25698
splatnost,25699
intelektuálka,25700
sprite,25701
kasematy,25702
aktivum,25703
publicita,25704
nabytí,25705
grahamový,25706
vzpírání,25707
samovolný,25708
vzývat,25709
doručení,25710
styling,25711
nadužívání,25712
zásyp,25713
přelíčení,25714
motejl,25715
elektrobus,25716
křivice,25717
návrhář,25718
zasvěcení,25719
stomatologický,25720
sudetský,25721
dražební,25722
obsluhovaný,25723
překrucovat,25724
eman,25725
pornografie,25726
měřidlo,25727
luxusně,25728
značení,25729
lázně,25730
učitelský,25731
tubus,25732
reklamace,25733
uhlídat,25734
kick,25735
odbočka,25736
protestantský,25737
improvizovat,25738
podjezd,25739
autorství,25740
strávník,25741
hodinář,25742
koenzym,25743
police,25744
výtvarnice,25745
frustrující,25746
klínový,25747
umučení,25748
šampaňské,25749
nexus,25750
nahromadit,25751
vadnout,25752
podskalí,25753
inkasní,25754
avion,25755
narcisizmus,25756
zajištěný,25757
listina,25758
akad,25759
bránění,25760
rozkvět,25761
darling,25762
polsko,25763
přetváření,25764
symbolika,25765
utvořit,25766
poučovat,25767
ucházet,25768
sada,25769
oběživo,25770
závratný,25771
dekompresní,25772
vynadat,25773
nárameník,25774
krupiér,25775
odbornice,25776
okysličování,25777
výbušný,25778
jedenáctka,25779
ztužený,25780
sprinterský,25781
vzápětí,25782
liberální,25783
řadový,25784
flash,25785
zahození,25786
biotin,25787
hospodárnost,25788
zlepšovat,25789
zkrácení,25790
lednový,25791
court,25792
cukat,25793
frustrace,25794
cizinecký,25795
café,25796
planetárium,25797
balič,25798
lock,25799
turnovský,25800
zbožnost,25801
uznání,25802
zamrznout,25803
mešní,25804
mezičas,25805
stylistický,25806
revmatický,25807
vykonat,25808
restituce,25809
namíchat,25810
clo,25811
fortuna,25812
výkon,25813
zdanitelný,25814
mozaikový,25815
protizákonný,25816
fyzikálně,25817
zelinář,25818
redaktorka,25819
předjíždět,25820
protékající,25821
nadlimitní,25822
zalesňování,25823
pozdvižení,25824
posmrtně,25825
stream,25826
obalový,25827
trojlodní,25828
řadič,25829
dinár,25830
hlásná,25831
hybný,25832
protiimigrační,25833
sedmiletý,25834
progres,25835
rezervační,25836
kantor,25837
ústící,25838
peloton,25839
přednáška,25840
zapřisáhlý,25841
křivoklátský,25842
povalit,25843
granátomet,25844
doplatit,25845
škrtat,25846
poukaz,25847
kázeň,25848
odzadu,25849
uchazeč,25850
konstrukt,25851
prověřovat,25852
organizační,25853
učebně,25854
odmontovat,25855
tar,25856
maturita,25857
hodnost,25858
vitalita,25859
jihozápadně,25860
identita,25861
zavražděný,25862
osvobození,25863
renault,25864
zajíždět,25865
vyžádání,25866
konzervativec,25867
nanebevstoupení,25868
sensus,25869
defekt,25870
podporučík,25871
sadba,25872
sarkom,25873
vystartovat,25874
poměr,25875
jó,25876
výtečná,25877
peugeot,25878
účastník,25879
olympionička,25880
ochotnický,25881
výsledkově,25882
poutač,25883
cyklokros,25884
předtím,25885
zápatí,25886
martyrium,25887
vizážista,25888
příspěvek,25889
jednota,25890
nachystaný,25891
antikomunista,25892
slam,25893
hluboce,25894
pololetní,25895
férovost,25896
diskař,25897
staniční,25898
právnička,25899
interface,25900
usměrňovač,25901
jarl,25902
empire,25903
výřečný,25904
rozšiřování,25905
oběšení,25906
aktivovat,25907
brigádník,25908
koordinovaný,25909
spojitý,25910
nastudovaný,25911
propuštěný,25912
report,25913
přidělat,25914
tančírna,25915
šot,25916
násobit,25917
albový,25918
slušnost,25919
cudně,25920
necesta,25921
znázorňující,25922
perfektní,25923
uranový,25924
ba,25925
moneta,25926
otrokářství,25927
biřmování,25928
zdatnost,25929
zvládnutý,25930
výstavnictví,25931
branže,25932
buzerant,25933
digitální,25934
dvojtečka,25935
sestříhat,25936
příčetný,25937
hélium,25938
konstantně,25939
radiálně,25940
neutralizovat,25941
přerušovat,25942
vykopaný,25943
pochybení,25944
odvoz,25945
hláskování,25946
disketa,25947
soda,25948
akce,25949
zdolávat,25950
uzavírání,25951
odklad,25952
fleret,25953
libost,25954
aranžmá,25955
schvalovat,25956
františkánský,25957
výstřižek,25958
smluvený,25959
pětistovka,25960
vynechávat,25961
ohodnocení,25962
snacha,25963
funkcionalismus,25964
neochvějný,25965
ztišení,25966
odpírat,25967
komoditní,25968
proveditelný,25969
abstinence,25970
interagovat,25971
diskvalifikovat,25972
opatství,25973
filosofický,25974
překládání,25975
shakespearově,25976
prolínání,25977
coca,25978
únor,25979
trip,25980
umístění,25981
orbital,25982
samostatnost,25983
maniak,25984
naměřit,25985
zasílání,25986
měsíční,25987
plýtvat,25988
pořadatel,25989
vyvěrat,25990
šikana,25991
zaostalý,25992
pro,25993
veterán,25994
vzdělanost,25995
nazpaměť,25996
vyhasnout,25997
vzkázat,25998
křetínský,25999
oslovený,26000
buly,26001
mnišský,26002
prior,26003
statutární,26004
podobojí,26005
zaslepenost,26006
fázový,26007
předávat,26008
cowboy,26009
purkrabí,26010
obohacovat,26011
reaktivní,26012
galerijní,26013
mikrokosmos,26014
příznačně,26015
publikování,26016
sudový,26017
feministický,26018
složitě,26019
freon,26020
předcházení,26021
činný,26022
ventilovat,26023
mira,26024
minutový,26025
skatepark,26026
konfrontovat,26027
panovnický,26028
dlužit,26029
zdrženlivě,26030
diakonie,26031
rozlehlost,26032
odvětit,26033
ambivalentní,26034
panování,26035
zavděk,26036
tempomat,26037
popírat,26038
karma,26039
přirovnat,26040
gambler,26041
pobídnout,26042
super,26043
vybudovat,26044
bezdětný,26045
pojmenování,26046
kategorie,26047
zakomponovat,26048
včetně,26049
koncertovat,26050
buffer,26051
maloobchodní,26052
vyměněný,26053
propagace,26054
vyhýbání,26055
zasazení,26056
zanícení,26057
loupeživý,26058
autodopravce,26059
zhotovení,26060
podepisovat,26061
zbývající,26062
lokálka,26063
oděvní,26064
taktovka,26065
zbytkový,26066
vyučování,26067
triptych,26068
podrobnost,26069
prokluz,26070
šoltys,26071
pravopis,26072
zákaz,26073
handsfree,26074
bond,26075
pořizování,26076
gerila,26077
demise,26078
autohavárie,26079
záměr,26080
srovnatelný,26081
sombrero,26082
okupace,26083
žalovaný,26084
srpen,26085
honorář,26086
benjamín,26087
spod,26088
pastorační,26089
dávající,26090
nasazení,26091
psychiatrie,26092
přepravující,26093
nespočet,26094
evakuovat,26095
hodonínský,26096
výzkum,26097
drsnost,26098
zbourat,26099
bezhotovostně,26100
rozkrývat,26101
přistěhovalecký,26102
skupovat,26103
regulace,26104
pomazání,26105
spuštěný,26106
koncentrát,26107
tenzid,26108
virgo,26109
vrcholit,26110
naladěný,26111
traverz,26112
tribun,26113
florbalista,26114
pětipodlažní,26115
květinářka,26116
uplatnit,26117
správa,26118
schylovat,26119
křestní,26120
líčení,26121
stamilión,26122
zaslouženě,26123
lampión,26124
oddálit,26125
breakout,26126
ztížit,26127
naznačující,26128
sdružování,26129
vynášet,26130
šáh,26131
implantovat,26132
desky,26133
meziplanetární,26134
boy,26135
vzpírat,26136
natočení,26137
primadona,26138
uvítání,26139
penzijní,26140
zlotý,26141
plošina,26142
kurfiřt,26143
odpálit,26144
pojednávat,26145
okultismus,26146
karlovarský,26147
exmanžel,26148
rýnský,26149
uvolňující,26150
popisování,26151
inzerce,26152
off,26153
žačka,26154
vražedný,26155
slavně,26156
sprinterka,26157
ozářený,26158
námezdní,26159
vtrhnout,26160
parkovné,26161
pročež,26162
ostření,26163
jedenáctky,26164
lihový,26165
septum,26166
pnoucí,26167
protentokrát,26168
vycestovat,26169
vydírat,26170
nasměrovat,26171
opisovat,26172
recesistický,26173
střídání,26174
metropole,26175
cestopisný,26176
sídlící,26177
nominální,26178
vyšehrad,26179
mateřština,26180
přezbrojení,26181
samoobslužný,26182
nasekat,26183
solar,26184
anestézie,26185
impregnace,26186
odpočinutí,26187
zastupitelka,26188
vzplanutí,26189
přechod,26190
průběžně,26191
odkládání,26192
propočet,26193
zrychlený,26194
roztrousit,26195
zaslaný,26196
štafetový,26197
kapitál,26198
tóra,26199
fix,26200
probít,26201
vykrádat,26202
saldo,26203
pomoci,26204
ukvapeně,26205
chudobinec,26206
pročítat,26207
galavečer,26208
horlivě,26209
školicí,26210
okupovaný,26211
herold,26212
kličkování,26213
makroekonomický,26214
naběhaný,26215
frame,26216
uzemnit,26217
wad,26218
maxi,26219
vedení,26220
skandální,26221
mamon,26222
lazaret,26223
zítřejší,26224
disharmonie,26225
pěstní,26226
protlak,26227
distributor,26228
mudra,26229
zhotovovat,26230
očistný,26231
rozjetý,26232
přemisťování,26233
bulharština,26234
spis,26235
bezúhonnost,26236
varietní,26237
skloubit,26238
okupant,26239
gameplay,26240
udělovat,26241
linkový,26242
přijíždějící,26243
přičinění,26244
příští,26245
kasační,26246
nově,26247
pdf,26248
konče,26249
prvorepublikový,26250
minimal,26251
admirál,26252
kartářka,26253
přibírat,26254
pravě,26255
kaplan,26256
vyloupit,26257
mentol,26258
vypadnutí,26259
vlastnictví,26260
převaha,26261
ubrání,26262
menza,26263
nudistický,26264
angažovat,26265
riga,26266
podací,26267
běloruský,26268
urbánní,26269
jádrový,26270
power,26271
vypnutý,26272
kvadrát,26273
tónina,26274
rozvážnost,26275
pivní,26276
spádový,26277
homeopatický,26278
ce,26279
trojskok,26280
pětičlenný,26281
uruguayský,26282
termonukleární,26283
derivace,26284
animální,26285
protkat,26286
gill,26287
výstřednost,26288
roztržitý,26289
podařit,26290
omezenost,26291
nízkoteplotní,26292
perioda,26293
kryogenní,26294
prosperita,26295
nucení,26296
trojrozměrně,26297
hotovost,26298
koordinovaně,26299
vádí,26300
letniční,26301
zásobení,26302
gloria,26303
delikt,26304
kódovat,26305
dějový,26306
dorozumění,26307
metrický,26308
metál,26309
proviant,26310
nanus,26311
spaghetti,26312
mentalita,26313
dotankování,26314
skiatlon,26315
singulár,26316
strojník,26317
famílie,26318
genderový,26319
sumárum,26320
promítaný,26321
grantový,26322
zahradničení,26323
zlosyn,26324
polo,26325
nó,26326
předkapela,26327
teprve,26328
mikro,26329
věnovaný,26330
puch,26331
jednostranný,26332
dabingový,26333
mj,26334
pražení,26335
vypovědět,26336
prodělaný,26337
bicykl,26338
kubatura,26339
učiněný,26340
převést,26341
patriotismus,26342
úpadek,26343
velkoryse,26344
sesunout,26345
vyvraždit,26346
konfiskace,26347
dosedat,26348
prořezat,26349
propracovat,26350
zveřejnit,26351
socket,26352
vystříhat,26353
samosoudce,26354
záškoláctví,26355
driving,26356
odbojový,26357
extremismus,26358
vyprávěčský,26359
zavorat,26360
korintský,26361
aplikovat,26362
sugestivně,26363
barbarství,26364
režijně,26365
zazší,26366
spolupracovnice,26367
odložení,26368
byznys,26369
mystifikace,26370
prokurátor,26371
neslýchaný,26372
přehrávat,26373
aktualita,26374
předměstí,26375
checkpoint,26376
odpracovaný,26377
imigrace,26378
exmanželka,26379
dvojkolí,26380
zapsaný,26381
ujasnění,26382
bytostný,26383
stran,26384
dokdy,26385
podílet,26386
měsíčně,26387
barrandovský,26388
promýšlet,26389
detoxikační,26390
vypůjčit,26391
továrna,26392
oživení,26393
padání,26394
tříhvězdičkový,26395
velšský,26396
výhružný,26397
bezradnost,26398
jihlavský,26399
zápasení,26400
propít,26401
hygienik,26402
mašina,26403
alkoholismus,26404
volnoběh,26405
bajonet,26406
křemelina,26407
vyhraněně,26408
kandidátka,26409
probační,26410
evokující,26411
almužna,26412
vnitřní,26413
plošinovka,26414
stranově,26415
hvězdně,26416
medailistka,26417
seznamování,26418
klamání,26419
vykládka,26420
generální,26421
snímající,26422
odůvodněný,26423
kuča,26424
dodnes,26425
prověření,26426
donaha,26427
rezidenční,26428
peripetie,26429
předepsat,26430
logistický,26431
uno,26432
levně,26433
černomořský,26434
navedení,26435
následník,26436
zápor,26437
tříděný,26438
omezení,26439
zneužívání,26440
novopečený,26441
pick,26442
negativ,26443
personální,26444
učenec,26445
zříci,26446
domluvený,26447
čitelně,26448
splnit,26449
sbalení,26450
projití,26451
přesměrování,26452
disciplinovaný,26453
behaviorální,26454
fyzička,26455
pancéřování,26456
únorový,26457
staticky,26458
přístup,26459
vabank,26460
donucení,26461
vizita,26462
nešťastník,26463
plynule,26464
uváznout,26465
přínos,26466
zatravněný,26467
vyzvedávat,26468
praotec,26469
radiožurnál,26470
nakročit,26471
rand,26472
signalizace,26473
rozpínání,26474
dokonat,26475
vytopení,26476
opalování,26477
polehčující,26478
genetik,26479
poděkování,26480
diagonální,26481
šperkařský,26482
kvalifikace,26483
konfekční,26484
nakládka,26485
schování,26486
válčení,26487
eticky,26488
pozůstalý,26489
náčelnice,26490
slibný,26491
slučovat,26492
estonský,26493
zaniknout,26494
zvrat,26495
kolonka,26496
baronet,26497
sporadický,26498
výpověď,26499
konvence,26500
čítač,26501
environmentálně,26502
teenagerský,26503
smír,26504
chvalně,26505
talon,26506
inovativní,26507
korporace,26508
tématicky,26509
odebrání,26510
dodavatel,26511
mandala,26512
posouvání,26513
poker,26514
červnový,26515
nasazování,26516
větný,26517
lyžařka,26518
pomáda,26519
ospravedlňovat,26520
informátor,26521
obydlet,26522
sportovat,26523
ustanovení,26524
přesčas,26525
krátce,26526
vlastivěda,26527
činnost,26528
jodid,26529
přikoupit,26530
pietně,26531
diesel,26532
vyklízení,26533
heterogenní,26534
praktika,26535
pěší,26536
patrona,26537
proslov,26538
oris,26539
idealista,26540
hacienda,26541
normálnost,26542
žalostný,26543
unie,26544
startup,26545
ovocnářství,26546
směnárna,26547
nápojový,26548
předvolat,26549
panictví,26550
džin,26551
arcivévoda,26552
ethernetový,26553
zbožní,26554
rozzuřit,26555
otravování,26556
vzdálení,26557
vyčkávací,26558
speciálně,26559
spočinutí,26560
zakořenění,26561
draho,26562
klánovický,26563
protestant,26564
vězněný,26565
zavedený,26566
poradenský,26567
vykládání,26568
pocitový,26569
echt,26570
střižený,26571
skličující,26572
protinacistický,26573
předkladatel,26574
stranický,26575
pěticípý,26576
ekvalizér,26577
zdejší,26578
luneta,26579
vytížení,26580
obstrukce,26581
obnášet,26582
ct,26583
nasycení,26584
využitý,26585
nátlak,26586
cisterciácký,26587
obětavost,26588
vícha,26589
zrádce,26590
okolnost,26591
fakulta,26592
odhodlat,26593
infrastruktura,26594
smířený,26595
interceptor,26596
vymezovat,26597
registrující,26598
geopark,26599
sodovka,26600
pohřbívání,26601
browser,26602
kardinál,26603
pondělek,26604
jam,26605
marketingově,26606
hanlivý,26607
celoevropský,26608
paragraf,26609
pilník,26610
inhalační,26611
pověřenec,26612
kontingent,26613
nissan,26614
schnout,26615
slup,26616
severojižní,26617
svědomitý,26618
injektor,26619
pětikilometrový,26620
léčebna,26621
latinsky,26622
stavidlo,26623
přející,26624
cyklón,26625
vystavující,26626
pisatel,26627
koketovat,26628
milicionář,26629
oběžník,26630
přebít,26631
namístě,26632
poměrný,26633
zabarvit,26634
extrémista,26635
upgrade,26636
kalibrace,26637
zastaralý,26638
rozklad,26639
taktak,26640
hotelnictví,26641
trvající,26642
deviant,26643
oman,26644
informační,26645
přecházení,26646
evidenční,26647
palach,26648
husitství,26649
rozhodování,26650
diskžokej,26651
pech,26652
českolipský,26653
pediatrie,26654
uveřejňovat,26655
pečetní,26656
dur,26657
pistol,26658
nude,26659
ojetý,26660
marže,26661
rozhněvat,26662
rovnoběžný,26663
sentiment,26664
rozrůstat,26665
diletant,26666
prostoročas,26667
rozesílání,26668
čepování,26669
jesenický,26670
administrátor,26671
desátek,26672
přemožitel,26673
pokuta,26674
prorážet,26675
podjatost,26676
verdikt,26677
projekční,26678
polnost,26679
animační,26680
rotný,26681
račice,26682
redukční,26683
odebírat,26684
kapitálový,26685
překážkový,26686
kraslice,26687
usměrnit,26688
předškolák,26689
homosexualita,26690
eminence,26691
prezidentka,26692
magistrát,26693
flip,26694
prokopat,26695
iracionálně,26696
sedativní,26697
tiskový,26698
zbrojní,26699
naložení,26700
dan,26701
kose,26702
royce,26703
pětatřicátník,26704
starožitnost,26705
nárokovat,26706
praděd,26707
zesílení,26708
antihistaminikum,26709
producentka,26710
masívní,26711
spekulace,26712
pakt,26713
fotografovaný,26714
bystřický,26715
zašlý,26716
stěžovatel,26717
potýkat,26718
hygienicky,26719
soubor,26720
poučený,26721
splácet,26722
pobuřující,26723
delegát,26724
toxikologie,26725
lihovar,26726
bloger,26727
americky,26728
přetěžování,26729
statut,26730
brilantně,26731
protiraketový,26732
samoděržaví,26733
dvojmo,26734
akademie,26735
incisit,26736
zavlažování,26737
kona,26738
operatér,26739
liberál,26740
brauna,26741
pokřtít,26742
zásada,26743
technologicky,26744
soupeřit,26745
obhajovat,26746
zavrhovat,26747
reakce,26748
toxikologický,26749
vůdkyně,26750
míněný,26751
brutalita,26752
poklepat,26753
polyethylen,26754
datace,26755
navalit,26756
promítání,26757
textilka,26758
vstoupit,26759
vyklízet,26760
etanol,26761
mysterium,26762
lot,26763
povraždit,26764
překonání,26765
triumfálně,26766
abbé,26767
dětsky,26768
corpus,26769
ropovod,26770
transportér,26771
operetní,26772
afektivní,26773
zbořený,26774
grafit,26775
feministka,26776
hydrofilní,26777
berní,26778
studovna,26779
zmrzačený,26780
naplánovaný,26781
soudkyně,26782
pivečko,26783
patnáctiletý,26784
telefonicky,26785
dcl,26786
oblíbenkyně,26787
ouzo,26788
jú,26789
opavský,26790
začáteční,26791
tkalcovský,26792
úhlavní,26793
leukemie,26794
výsadní,26795
holding,26796
tampón,26797
judaismus,26798
limitovat,26799
bakalář,26800
almanach,26801
arteterapie,26802
šéfredaktor,26803
celorepublikový,26804
jota,26805
raně,26806
sjezdový,26807
oplatek,26808
memoriál,26809
tabasko,26810
kortikosteroid,26811
rež,26812
kauzální,26813
překlenout,26814
osový,26815
antikomunismus,26816
nenadále,26817
turnaj,26818
odchylovat,26819
tajnost,26820
zapamatování,26821
akropole,26822
projevený,26823
nařídit,26824
aj,26825
synchronizovaný,26826
rozvíjející,26827
radiostanice,26828
rhodium,26829
truchlení,26830
odpalovací,26831
dotýkající,26832
propůjčit,26833
evangelikální,26834
alkoholový,26835
sklouzávat,26836
sodomie,26837
cvičící,26838
stereotypně,26839
posvětit,26840
odstranit,26841
gramatický,26842
sexistický,26843
gastroenterologie,26844
skalární,26845
plánovaně,26846
ponejvíce,26847
lékařství,26848
sadový,26849
sedmičlenný,26850
smlouva,26851
desktopový,26852
budování,26853
zabránit,26854
senna,26855
podnikající,26856
idealismus,26857
právnický,26858
meniskus,26859
najisto,26860
modifikace,26861
lhostejno,26862
aberdeen,26863
proliferace,26864
burgundský,26865
ronit,26866
závlaha,26867
koncil,26868
pozvednout,26869
taj,26870
blacklist,26871
marocký,26872
vděčně,26873
podnikový,26874
kosovský,26875
steroid,26876
partikulární,26877
diskový,26878
sprosťárna,26879
hříšnice,26880
výnosný,26881
dovětek,26882
dekadence,26883
prasárna,26884
novinářka,26885
snímaný,26886
noviny,26887
expertní,26888
sexuologie,26889
patice,26890
návratový,26891
debatovat,26892
strojový,26893
katolicizmus,26894
startér,26895
průtokový,26896
harddisk,26897
nařízení,26898
perfektně,26899
osobnost,26900
spotřební,26901
zář,26902
odklon,26903
křečový,26904
kadence,26905
depozitář,26906
záminka,26907
kale,26908
přípojný,26909
ponorkový,26910
zatemnění,26911
templ,26912
několikahodinový,26913
apokalypsa,26914
nori,26915
vylíčení,26916
kalba,26917
změřený,26918
čekací,26919
polymer,26920
nerez,26921
aztécký,26922
praktikování,26923
triviální,26924
entrée,26925
plesový,26926
prověrka,26927
integrální,26928
akademik,26929
zatajování,26930
loa,26931
imperiální,26932
plurál,26933
kosův,26934
chalífát,26935
plně,26936
akademicky,26937
smyk,26938
tatér,26939
dokumentace,26940
spořit,26941
filmovat,26942
lapidárium,26943
řezání,26944
uplynulý,26945
právem,26946
náctiletý,26947
šlechtitelský,26948
rozbalit,26949
ladem,26950
developer,26951
najímat,26952
bluegrass,26953
butan,26954
míchání,26955
návrhářka,26956
shakespearový,26957
nositelka,26958
využít,26959
obohacení,26960
předstih,26961
safra,26962
nynějšek,26963
cykloturistika,26964
dusnatý,26965
odloučit,26966
resetovat,26967
tapiserie,26968
odkazující,26969
oz,26970
cukrovar,26971
výbava,26972
bankéř,26973
vlivný,26974
korigovat,26975
naplat,26976
nitrolební,26977
zoufale,26978
náměstkyně,26979
koeficient,26980
poručník,26981
materialismus,26982
mazec,26983
druhořadý,26984
existenčně,26985
bysta,26986
osmnáctka,26987
pomalovat,26988
urychleně,26989
pojištěný,26990
truhlice,26991
reprezentující,26992
zinkový,26993
kralický,26994
volán,26995
výplata,26996
lomský,26997
informovanost,26998
polygonální,26999
přečin,27000
atestace,27001
seniorský,27002
symfonický,27003
úročení,27004
třináctiletý,27005
uzamčený,27006
reportážní,27007
předvídatelnost,27008
wimbledonský,27009
definitivně,27010
sebeprezentace,27011
informatika,27012
silk,27013
rozlomit,27014
lobby,27015
partyzánský,27016
nalézající,27017
vstřikovač,27018
legitimní,27019
zručnost,27020
nalodit,27021
uvozovka,27022
podlost,27023
kyslíkový,27024
burrito,27025
učení,27026
čtený,27027
domácky,27028
lepenkový,27029
stavebník,27030
certifikovaný,27031
přednádraží,27032
lhůta,27033
dalajláma,27034
posilování,27035
zahloubení,27036
coup,27037
diva,27038
pekařka,27039
para,27040
vysypání,27041
vítězně,27042
omezeně,27043
idnes,27044
reset,27045
brutto,27046
superhrubý,27047
opilecký,27048
zmeškat,27049
desertní,27050
popraviště,27051
durman,27052
tónování,27053
poptávkový,27054
velehrad,27055
podít,27056
zklidnění,27057
gigabyte,27058
výboj,27059
rozmyšlený,27060
rozmrazování,27061
diskutér,27062
přispět,27063
marně,27064
bezdůvodný,27065
současně,27066
přetvářet,27067
značkovač,27068
krejcar,27069
satelitní,27070
lichvář,27071
videonahrávka,27072
lidskoprávní,27073
vyslyšet,27074
vytěžit,27075
zastřešit,27076
řeč,27077
hulvátství,27078
šíita,27079
odmítavě,27080
desktop,27081
šermovat,27082
bustr,27083
sférický,27084
tučně,27085
nate,27086
clam,27087
ohodnotit,27088
propadlý,27089
nábor,27090
pobožný,27091
vykořenění,27092
účinkování,27093
gejša,27094
knižně,27095
bypass,27096
motorika,27097
inferno,27098
radiový,27099
třídveřový,27100
vzorkování,27101
odehrávající,27102
gamblerství,27103
onkologie,27104
couvat,27105
skialpinizmus,27106
bývale,27107
rozhýbat,27108
sebeobětování,27109
svazovat,27110
juta,27111
štěpný,27112
vývoj,27113
bezprostředně,27114
naděje,27115
ziskovost,27116
slavení,27117
odtéci,27118
doslech,27119
minometný,27120
alternátor,27121
drogový,27122
příhoz,27123
muniční,27124
přepnutí,27125
přimlouvat,27126
průprava,27127
matematik,27128
singularita,27129
dělba,27130
zúčastnit,27131
předvedení,27132
jednání,27133
vitis,27134
odstraňování,27135
vyražený,27136
odstavený,27137
novogotický,27138
nativní,27139
inflace,27140
region,27141
vlastivědný,27142
bolševismus,27143
streamování,27144
promíchání,27145
přivolaný,27146
it,27147
druholigový,27148
urození,27149
neurčito,27150
osobitost,27151
umožnit,27152
subkultura,27153
výšina,27154
obnovený,27155
prací,27156
svébytný,27157
sportování,27158
prioritní,27159
coby,27160
cvičební,27161
prosazení,27162
zmasakrovat,27163
serverový,27164
histamin,27165
ambo,27166
sebeupálení,27167
morfin,27168
německy,27169
prožívaný,27170
formátování,27171
redakční,27172
přednostní,27173
rozvinutí,27174
skipark,27175
zabavovat,27176
teenagerka,27177
mírnost,27178
uveřejnění,27179
četnický,27180
heslo,27181
volume,27182
stavebnictví,27183
galantní,27184
zadávání,27185
prozřetelnost,27186
certifikace,27187
smazání,27188
nej,27189
smiřovat,27190
farník,27191
endoskopie,27192
paduánský,27193
předvolání,27194
dia,27195
mužství,27196
build,27197
specifikace,27198
firmware,27199
sídelní,27200
vedle,27201
smělost,27202
osmanský,27203
porevoluční,27204
korekce,27205
headset,27206
jádro,27207
intravilán,27208
antropologický,27209
vyřizovat,27210
těžkost,27211
rychlíkový,27212
názornost,27213
root,27214
utkat,27215
zhuštěný,27216
nonverbální,27217
vypálený,27218
nehoráznost,27219
přivodit,27220
kyvadlový,27221
služba,27222
níže,27223
půdorysně,27224
serióznost,27225
kriminalistika,27226
žalostně,27227
upalovat,27228
pádlování,27229
učebnicový,27230
pyrotechnik,27231
zahýbat,27232
dodaný,27233
doručovat,27234
tělovýchova,27235
marginální,27236
evidovaný,27237
pájka,27238
předepsaný,27239
betonáž,27240
oříznout,27241
provincie,27242
antukový,27243
věkově,27244
koncepční,27245
nazbyt,27246
homofobní,27247
bruselský,27248
řízení,27249
louh,27250
protokol,27251
stavebně,27252
zavládnout,27253
uvádění,27254
preferenční,27255
třída,27256
fotogalerie,27257
točící,27258
univerzálně,27259
uvolnění,27260
činitel,27261
weber,27262
osvědčení,27263
namířený,27264
odklízet,27265
sebeobrana,27266
extrahovat,27267
antikomunistický,27268
servírovací,27269
vysnít,27270
památkář,27271
sběratelství,27272
ctihodný,27273
vynalézat,27274
imám,27275
děčínský,27276
směsný,27277
ohýbaný,27278
stolec,27279
úpravna,27280
klát,27281
celkem,27282
tramping,27283
dvanáctka,27284
konkurující,27285
broadwayský,27286
penze,27287
pokračovat,27288
rovnat,27289
úporně,27290
rytmika,27291
zahltit,27292
propadnout,27293
připravenost,27294
statika,27295
červenohorský,27296
lehkomyslnost,27297
prominutí,27298
rebelie,27299
odškodné,27300
méněcenný,27301
chanuka,27302
bezpečnost,27303
krajně,27304
mitsubishi,27305
nacvičování,27306
zapovědět,27307
bobový,27308
zapomnění,27309
rozmáhat,27310
koroner,27311
udolat,27312
podnapilý,27313
záznam,27314
testovací,27315
zadání,27316
zakódovat,27317
podezřívavý,27318
firma,27319
spojka,27320
cestovatelka,27321
vylévat,27322
projednání,27323
vydávaný,27324
vědomostní,27325
recepce,27326
vyjmenovat,27327
pětiletý,27328
reflexivní,27329
vtělení,27330
pohotovost,27331
pečovatelka,27332
omladit,27333
koneckonců,27334
vinutý,27335
soutěžení,27336
mísení,27337
templář,27338
rychlostní,27339
nahlášený,27340
oznamující,27341
kumite,27342
shodně,27343
komfortně,27344
železnice,27345
cele,27346
vykolejit,27347
verna,27348
protest,27349
aplikační,27350
lineárně,27351
sáh,27352
pád,27353
principiální,27354
šestičlenný,27355
fotodokumentace,27356
losování,27357
šermířský,27358
naklápěcí,27359
korektnost,27360
zděšení,27361
rozšifrovat,27362
sbormistr,27363
institute,27364
naléhavost,27365
sexta,27366
zásobování,27367
značkovací,27368
očividný,27369
improvizační,27370
povolávat,27371
filozofování,27372
nojo,27373
tryzna,27374
pokřikovat,27375
voucher,27376
zvonkový,27377
vyřazený,27378
líšeň,27379
zkušební,27380
sebedestruktivní,27381
svár,27382
zprostředkovat,27383
legion,27384
deficitní,27385
netolerance,27386
synův,27387
tyčit,27388
zbudovat,27389
teologický,27390
vecpat,27391
analytik,27392
najezdit,27393
barracuda,27394
přelévat,27395
svědecký,27396
opiát,27397
dezorientovaný,27398
en,27399
vyvolit,27400
jedenáctiletý,27401
pověřený,27402
představená,27403
autoservis,27404
exekutor,27405
lahvový,27406
série,27407
cekat,27408
chorál,27409
motoristický,27410
učňovský,27411
zachycování,27412
vražedkyně,27413
nadřazenost,27414
přetečení,27415
podnikavost,27416
zavčas,27417
čínština,27418
trpkost,27419
subjektivita,27420
erozní,27421
postkomunistický,27422
tlumočník,27423
šilink,27424
kopírování,27425
antropoložka,27426
předstihnout,27427
kontrolovaně,27428
změkčení,27429
osudí,27430
vysílení,27431
buzení,27432
pohánění,27433
verbálně,27434
papyrus,27435
slavnostně,27436
refinancování,27437
ctnostný,27438
konat,27439
podařený,27440
porno,27441
promrhat,27442
podřizovat,27443
tunelový,27444
twist,27445
úplata,27446
kvantum,27447
violoncello,27448
elefant,27449
udatně,27450
navazování,27451
pošle,27452
diplomatka,27453
půlmaraton,27454
modernismus,27455
outdoor,27456
neprodleně,27457
provždy,27458
jištění,27459
zachytávání,27460
pulsní,27461
letáček,27462
objasnění,27463
muzeální,27464
křišťálově,27465
malířův,27466
diplomatický,27467
produkování,27468
docenit,27469
topmodelka,27470
četba,27471
zadržitelný,27472
reliktní,27473
thread,27474
mnohoženství,27475
užitečně,27476
doručitel,27477
ponechání,27478
časovač,27479
provázanost,27480
podkarpatský,27481
modulační,27482
vnitrostátní,27483
odlévání,27484
spjatý,27485
individualizace,27486
přehodnocovat,27487
připomenutí,27488
velkomoravský,27489
vystudovat,27490
služebnice,27491
sun,27492
rafinerie,27493
halal,27494
vršovický,27495
zdokonalovat,27496
programově,27497
příkladný,27498
vectra,27499
proděkan,27500
pentagon,27501
obuvník,27502
arizonský,27503
splynutí,27504
využitelnost,27505
závěrečný,27506
podmíněně,27507
telekomunikace,27508
golanský,27509
objíždění,27510
sestavený,27511
rychlobruslení,27512
zaháňský,27513
boromejský,27514
vhled,27515
sportovní,27516
odkaliště,27517
motorkářský,27518
opravář,27519
gymnasta,27520
odezva,27521
impresionista,27522
aranžér,27523
třídění,27524
financování,27525
věštecký,27526
razit,27527
rekonstrukční,27528
vysocký,27529
sjíždět,27530
vyobrazovat,27531
partnerský,27532
zmeškání,27533
termín,27534
slatina,27535
korespondence,27536
enzymatický,27537
vládní,27538
presso,27539
porubský,27540
snowboard,27541
instruktorka,27542
rasisticky,27543
zvýšení,27544
setup,27545
čistka,27546
akcionář,27547
znepříjemnit,27548
soustružení,27549
překotný,27550
asistovaný,27551
bezmezný,27552
domněle,27553
spojení,27554
vyburcovat,27555
splnitelný,27556
drtina,27557
vodičkový,27558
hratelný,27559
pojistitel,27560
sdružení,27561
kandovaný,27562
ambiciozní,27563
upevnění,27564
aktivace,27565
sborník,27566
tenistka,27567
xenonový,27568
natáčecí,27569
elektro,27570
učitelství,27571
bádání,27572
von,27573
polohování,27574
opisování,27575
kondenzovaný,27576
pekařův,27577
soustředěnost,27578
domažlický,27579
sebeovládání,27580
nauka,27581
vinařský,27582
otřást,27583
míjení,27584
board,27585
zaplatit,27586
bio,27587
svědkyně,27588
poskvrna,27589
nato,27590
transplantační,27591
farářka,27592
uložení,27593
dotace,27594
fluór,27595
vymývání,27596
slovník,27597
volta,27598
vzorkovací,27599
luhanský,27600
automobilka,27601
pohlížet,27602
řádně,27603
skrývání,27604
večerník,27605
pozitiv,27606
opoždění,27607
pomáhající,27608
nízkopodlažní,27609
vezdejší,27610
technický,27611
třetinový,27612
heuréka,27613
dispozice,27614
předstoupit,27615
intrikán,27616
železářství,27617
time,27618
přibližovací,27619
alternace,27620
dějiště,27621
seznam,27622
rytířství,27623
nazaretský,27624
botanik,27625
vojevůdce,27626
polohovací,27627
tribute,27628
tracker,27629
vypočtený,27630
hořčičný,27631
ústav,27632
víceboj,27633
sanitář,27634
zpracovávající,27635
lužický,27636
slábnutí,27637
hořčina,27638
oblastní,27639
doména,27640
supervizor,27641
bezhotovostní,27642
objevování,27643
vplout,27644
odesílání,27645
nahlédnutí,27646
dohledatelný,27647
počínaje,27648
upadnutí,27649
skibus,27650
náchodský,27651
vyzvánění,27652
zabezpečit,27653
kompenzátor,27654
financovat,27655
interview,27656
odbojář,27657
srovnávací,27658
tiskovka,27659
mapový,27660
přestavení,27661
armatura,27662
binder,27663
tvrdě,27664
dolehnout,27665
zprostředkovaný,27666
dvojalbum,27667
vykradení,27668
bezmála,27669
začátečnický,27670
flétnista,27671
modulární,27672
hospodárný,27673
doněcký,27674
komplexnost,27675
matematický,27676
opomíjení,27677
notářský,27678
yen,27679
pozastavení,27680
pobuřování,27681
jednopodlažní,27682
vysvědčení,27683
porazit,27684
bridž,27685
prefabrikovaný,27686
filmařka,27687
koncertování,27688
silikon,27689
kabinový,27690
kazašský,27691
beroucí,27692
pěstounství,27693
autokemp,27694
vídeňský,27695
vyškolit,27696
výztuž,27697
vůle,27698
romka,27699
řeholnice,27700
zděděný,27701
revers,27702
glycin,27703
op,27704
handrkování,27705
hrazený,27706
aranžování,27707
příkrasa,27708
teleport,27709
antidiskriminační,27710
zpříjemnění,27711
stagnace,27712
adresní,27713
odblokovat,27714
oslepení,27715
fiasko,27716
pokus,27717
zlatník,27718
katastr,27719
jakmile,27720
malorážka,27721
pokrokový,27722
radlice,27723
osvětlovač,27724
podepsat,27725
ppm,27726
opatrovnictví,27727
doložení,27728
vozovna,27729
zapírání,27730
hlásat,27731
vydírání,27732
svádění,27733
úřad,27734
přesila,27735
vyšetřovatelka,27736
pit,27737
usazování,27738
cytologie,27739
příslušný,27740
zvládnutí,27741
rýsování,27742
vzpamatovat,27743
sluj,27744
buničina,27745
kumulovat,27746
trvání,27747
autostop,27748
rozbuška,27749
encyklopedický,27750
squaw,27751
pojímání,27752
alanin,27753
odpracovat,27754
skate,27755
hostel,27756
dopisní,27757
zanášet,27758
včas,27759
cab,27760
přídavek,27761
projíždění,27762
popiratelný,27763
následovaný,27764
tovární,27765
diplomacie,27766
dárcovství,27767
logika,27768
přetékat,27769
zjednodušování,27770
dělící,27771
dávkovat,27772
upínání,27773
publicistka,27774
připlutí,27775
krejčovství,27776
sebezdokonalování,27777
honor,27778
zamykací,27779
torpédomet,27780
zručně,27781
fanaticky,27782
stometrový,27783
rutinně,27784
nejmenovaný,27785
suterénní,27786
tala,27787
manifestovat,27788
spořitelně,27789
polis,27790
dodělaný,27791
žehlení,27792
chmelnice,27793
následování,27794
osamostatnění,27795
filharmonický,27796
gradovat,27797
kadet,27798
calta,27799
trojlodí,27800
plugin,27801
sestavování,27802
lidovka,27803
banský,27804
ručitel,27805
šindelový,27806
grandiózní,27807
patentovaný,27808
cherokee,27809
hnědouhelný,27810
velkoobchod,27811
sázkový,27812
dostavěný,27813
obnovovat,27814
odvracet,27815
kontrola,27816
tisky,27817
povodňový,27818
mimomanželský,27819
operativní,27820
hráčský,27821
oprava,27822
dceřin,27823
zřídit,27824
litanie,27825
zahořklý,27826
prosazování,27827
hercův,27828
váhavost,27829
jíloviště,27830
zatopení,27831
schematicky,27832
charm,27833
tradice,27834
oděsa,27835
drahanský,27836
indukční,27837
znovu,27838
sebeurčení,27839
roaming,27840
fiesta,27841
řečnický,27842
voj,27843
velebnost,27844
ohlášený,27845
jmenovec,27846
propagovat,27847
motocyklový,27848
né,27849
vypracovávat,27850
zálohovat,27851
nodus,27852
štětit,27853
škálovatelnost,27854
gymnastka,27855
pozvolně,27856
rozbalení,27857
zosobňovat,27858
pobouření,27859
dialekt,27860
odvod,27861
výluka,27862
oplakávání,27863
přežitek,27864
osvobozující,27865
market,27866
urolog,27867
regent,27868
ukazování,27869
inscenování,27870
reprezentovaný,27871
aqua,27872
utajeně,27873
ortopedický,27874
kunratický,27875
dokladovat,27876
úsporně,27877
lacino,27878
okopírovat,27879
oscilace,27880
bloggerka,27881
zdění,27882
nájemný,27883
pracující,27884
ra,27885
vydání,27886
skládání,27887
lesnictví,27888
halda,27889
galský,27890
devíza,27891
kongresový,27892
zamilování,27893
sanskrt,27894
konsensuální,27895
analgetikum,27896
loutkářský,27897
přeskočit,27898
doporučení,27899
potupně,27900
tesla,27901
různost,27902
helix,27903
směřování,27904
personalista,27905
zákup,27906
tíživý,27907
vázání,27908
vydavatelský,27909
protonový,27910
výrobce,27911
vraždění,27912
mormon,27913
implementovat,27914
dusitan,27915
stevard,27916
jsoucno,27917
pseudonym,27918
neoblomný,27919
nájezd,27920
třemešný,27921
zaopatřit,27922
jiskra,27923
dopravně,27924
životodárný,27925
pochod,27926
obchodní,27927
utěšovat,27928
neuropatie,27929
zpovědník,27930
sdílení,27931
hardcore,27932
rektální,27933
držitelka,27934
vyléčitelně,27935
net,27936
kabinetní,27937
minibus,27938
dopracování,27939
všeobecný,27940
družba,27941
atentát,27942
bentley,27943
šém,27944
cílevědomě,27945
nebytí,27946
základový,27947
napřesrok,27948
mzdový,27949
vynálezce,27950
nadělit,27951
zastupitelský,27952
obzvláštní,27953
zaparkování,27954
diferenciace,27955
lacině,27956
zařizovat,27957
zabezpečovací,27958
primátorka,27959
kanál,27960
ultra,27961
indicie,27962
foukaná,27963
spoutání,27964
vortex,27965
tritium,27966
inventární,27967
periodický,27968
falzifikát,27969
zákaznický,27970
přikládání,27971
protifašistický,27972
načítat,27973
velkopopovický,27974
mátový,27975
mystika,27976
zjednodušující,27977
zachycující,27978
trombon,27979
gag,27980
rebelující,27981
sesterstvo,27982
přístupový,27983
úspěšně,27984
loutkářství,27985
horákův,27986
opuštěnost,27987
zadržovat,27988
bratru,27989
ponižující,27990
prolis,27991
dvojskif,27992
varhanní,27993
zeslabení,27994
balzamování,27995
technologický,27996
vari,27997
zastupování,27998
diplom,27999
lazy,28000
novina,28001
levotočivý,28002
ukojit,28003
pětibojař,28004
provizorní,28005
předválečný,28006
fejeton,28007
halogenový,28008
nadnárodní,28009
vítkovický,28010
jer,28011
ověřování,28012
fotograficky,28013
kumulativní,28014
předkládaný,28015
přijetí,28016
použití,28017
zavát,28018
poznámkový,28019
gólový,28020
garantovaný,28021
marketér,28022
zařizování,28023
nimrod,28024
předčítat,28025
osazený,28026
multimédium,28027
dlouhohrající,28028
tchajwanský,28029
rozprášit,28030
pozitronový,28031
rozhodovací,28032
přísedící,28033
utěsnit,28034
robur,28035
reverend,28036
inovátor,28037
zaokrouhlování,28038
čtvrtfinálový,28039
počáteční,28040
vykladač,28041
velmoc,28042
mlčení,28043
osvobozenecký,28044
náležející,28045
uschovaný,28046
ateistický,28047
nultý,28048
změření,28049
vyházet,28050
vybíraný,28051
žaloba,28052
cytokin,28053
nebezpečenství,28054
staroegyptský,28055
zneškodnění,28056
desetibojař,28057
bolivijský,28058
ting,28059
bordeaux,28060
dusičný,28061
pub,28062
zápasit,28063
pet,28064
zpravodajství,28065
konkurenceschopný,28066
kotrba,28067
udělátko,28068
vnitro,28069
celoevropsky,28070
raft,28071
rovinný,28072
inženýrka,28073
špion,28074
superhvězda,28075
bezvýchodný,28076
diskriminující,28077
pozitivně,28078
há,28079
použitelnost,28080
sémě,28081
aikido,28082
příkoří,28083
osvobozovat,28084
průkopník,28085
spika,28086
cha,28087
náčrt,28088
důležitost,28089
daně,28090
vychvalovat,28091
novota,28092
aula,28093
fosfát,28094
bostonský,28095
endogenní,28096
vytěžený,28097
uvítací,28098
postmoderna,28099
italsky,28100
pyramidový,28101
specifika,28102
jmenný,28103
portálový,28104
zajíždění,28105
ilustrativní,28106
zastánce,28107
top,28108
vystrojit,28109
zenový,28110
kompetence,28111
odročení,28112
budvar,28113
chráněnec,28114
opencard,28115
funkční,28116
bohemka,28117
dirigování,28118
gemma,28119
vzdělávání,28120
plátce,28121
zrod,28122
čočkový,28123
ovlivňování,28124
pochůzka,28125
bezplatně,28126
oratorium,28127
soma,28128
spon,28129
ortodoxní,28130
radiolokační,28131
mount,28132
závisle,28133
peso,28134
řetězový,28135
odpoutávat,28136
ročník,28137
překotně,28138
podmiňovat,28139
urychlit,28140
mírový,28141
rezervní,28142
otestování,28143
sierra,28144
vykání,28145
přivaděč,28146
odvislý,28147
investovaný,28148
zástupkyně,28149
kardiomyopatie,28150
instruktážní,28151
katastrální,28152
enkláva,28153
jednotnost,28154
revoluce,28155
zapalovat,28156
směnný,28157
latinskoamerický,28158
vyhaslý,28159
zdvihací,28160
pochodit,28161
koulař,28162
par,28163
zmrzačit,28164
morfium,28165
levobok,28166
osamostatnit,28167
věchet,28168
velkopavlovický,28169
mizivý,28170
protiprávní,28171
schválnost,28172
přihlašování,28173
saké,28174
odbourávání,28175
zadržený,28176
niklový,28177
podíl,28178
bundle,28179
artista,28180
nugget,28181
kódovací,28182
perm,28183
swift,28184
spouštění,28185
raketomet,28186
chat,28187
nakloněný,28188
smazaný,28189
oddávat,28190
vitráž,28191
zalidněný,28192
generování,28193
transpondér,28194
lámání,28195
canto,28196
budiž,28197
diskriminovat,28198
obnažování,28199
odbyt,28200
průběžný,28201
horolezecký,28202
senec,28203
vpodstatě,28204
podpořit,28205
slang,28206
drenáž,28207
přivlastnit,28208
distanční,28209
narkoman,28210
nahlášení,28211
holografický,28212
přibližný,28213
příměří,28214
exposlanec,28215
hloubkový,28216
zahušťovat,28217
dobson,28218
nalévání,28219
schovávání,28220
elasticita,28221
zásobovací,28222
pastorální,28223
zakročit,28224
zmenšení,28225
zpřehlednit,28226
multikulturalizmus,28227
sprovodit,28228
načítání,28229
volební,28230
nestranně,28231
brama,28232
vyznamenat,28233
vyhoření,28234
šustnout,28235
kolonizace,28236
platforma,28237
pěstební,28238
celostátní,28239
rozdávání,28240
facto,28241
podnikatelka,28242
projednávání,28243
kelvin,28244
zabraňující,28245
vista,28246
semtam,28247
sklářský,28248
podružný,28249
paranoidně,28250
uživení,28251
alchymie,28252
září,28253
zobecnit,28254
odtamtud,28255
pustošení,28256
hypo,28257
zdrcený,28258
předčasně,28259
inscenační,28260
mzda,28261
standarta,28262
zkonstruovat,28263
radegast,28264
přesunutí,28265
theta,28266
přednáškový,28267
závratně,28268
funus,28269
zakrátko,28270
bitový,28271
titul,28272
přepadávání,28273
superlativ,28274
bienále,28275
paměťový,28276
imprese,28277
cyklon,28278
žilina,28279
och,28280
svatokrádež,28281
kosmetička,28282
zapálený,28283
míření,28284
otevření,28285
projektovat,28286
šabat,28287
honosně,28288
remix,28289
dánština,28290
kuplířství,28291
položení,28292
kontokorent,28293
ceremoniál,28294
potlačovat,28295
bujet,28296
vhození,28297
inklinovat,28298
perpetuum,28299
mazání,28300
připomínání,28301
defakto,28302
odříkávat,28303
biotechnologie,28304
vyfasovat,28305
fáro,28306
tehdy,28307
plaketa,28308
porodné,28309
sblížit,28310
dvojnásob,28311
vzývání,28312
těsnicí,28313
divo,28314
portugalsky,28315
celní,28316
pasívní,28317
autoritativní,28318
přisvojit,28319
centilitr,28320
zahrání,28321
hard,28322
černohorský,28323
bezcitnost,28324
gramotný,28325
materiálově,28326
několikatýdenní,28327
havana,28328
raport,28329
výjezdový,28330
xenon,28331
ustat,28332
chrast,28333
zaprodat,28334
zarytě,28335
kami,28336
přistavit,28337
grant,28338
přeběhlík,28339
vypálit,28340
úděl,28341
ni,28342
blob,28343
věrnostní,28344
jihokorejský,28345
fedcupový,28346
vysílací,28347
ostudně,28348
vích,28349
iniciativa,28350
johanita,28351
znechucení,28352
přípojka,28353
optat,28354
aparatura,28355
čitelnost,28356
šuej,28357
linea,28358
viceprezident,28359
gymnastický,28360
instalátor,28361
superkombinace,28362
hanebný,28363
vyhlášení,28364
carpaccio,28365
sražení,28366
republikový,28367
poptávat,28368
prohledat,28369
beranův,28370
rámcově,28371
intermezzo,28372
příkladně,28373
přetáčení,28374
lucemburský,28375
eskortní,28376
přídomek,28377
eh,28378
poddůstojník,28379
armageddon,28380
vzkvétající,28381
zlít,28382
retardér,28383
severokorejský,28384
formovaný,28385
zatčený,28386
operující,28387
zůstatek,28388
dovybavení,28389
obslužnost,28390
nafilmovat,28391
konvergenční,28392
schwarzenberský,28393
založit,28394
šaráda,28395
překladatelský,28396
humanita,28397
bugatti,28398
vlévat,28399
sympatizovat,28400
dívání,28401
minorita,28402
rasově,28403
mazda,28404
průmysl,28405
seniorka,28406
rozkliknutí,28407
vynaložit,28408
úspornost,28409
norsky,28410
osobitě,28411
rubrika,28412
vyléčitelný,28413
pradlena,28414
cukrářský,28415
promyšlení,28416
předprodej,28417
dárcovský,28418
pickup,28419
testující,28420
suzuki,28421
bastard,28422
imperialismus,28423
odbavovat,28424
zoufat,28425
poskládaný,28426
dostupnost,28427
zákaznice,28428
tvrdošíjně,28429
naplnění,28430
sedmnáctiletý,28431
doznání,28432
proříznout,28433
apoštolský,28434
štramberský,28435
registrace,28436
institut,28437
celistvost,28438
obklíčení,28439
magisterský,28440
komentování,28441
putyka,28442
zaměstnávat,28443
horoskop,28444
spor,28445
tržné,28446
sylvánský,28447
protiúder,28448
porušení,28449
shrnovat,28450
twister,28451
paškál,28452
umlčet,28453
odbočovat,28454
zaručit,28455
pelhřimovský,28456
odůvodnit,28457
trilogie,28458
spiknutí,28459
bank,28460
postup,28461
ibidem,28462
citační,28463
pohrozit,28464
tuto,28465
kličkovat,28466
arcibiskup,28467
pohořet,28468
svědčící,28469
kupní,28470
sebraný,28471
arciděkanství,28472
konstanta,28473
prolaktin,28474
doživotní,28475
pravděpodobnostní,28476
plagiát,28477
krystalizace,28478
vyhnaný,28479
karpatský,28480
uzavření,28481
imisní,28482
muftí,28483
opalovací,28484
sraz,28485
gama,28486
jankův,28487
karlovský,28488
časopis,28489
průvodcovský,28490
vyproštění,28491
doprovázející,28492
pedofilie,28493
bona,28494
bezplatný,28495
dohodnutý,28496
oddělování,28497
vjezdový,28498
zapovídat,28499
zhroutit,28500
mongol,28501
kadetka,28502
kladně,28503
kacířství,28504
časovka,28505
zahraniční,28506
kaskadérský,28507
povstání,28508
skloňování,28509
pornografický,28510
dramatičnost,28511
sklář,28512
impulsní,28513
modernizace,28514
týdenní,28515
terminál,28516
limuzína,28517
aktivační,28518
hospic,28519
napojit,28520
italština,28521
vystrojení,28522
sugesce,28523
federace,28524
interpretovaný,28525
zeměpis,28526
přeprogramování,28527
ignorant,28528
vpadnout,28529
fluidní,28530
tát,28531
oddíl,28532
stoprocentní,28533
prozrazení,28534
wolfram,28535
ave,28536
doslechnout,28537
přehled,28538
suezský,28539
okupovat,28540
trojitý,28541
zmínění,28542
hore,28543
zodpovězení,28544
dostavba,28545
problematicky,28546
ztížení,28547
termoska,28548
katalog,28549
analgezie,28550
epilace,28551
astronomicky,28552
formující,28553
komplementární,28554
segmentace,28555
kavárenský,28556
pogratulovat,28557
výzva,28558
radiokomunikace,28559
výběrčí,28560
šedesátka,28561
polyfonie,28562
vzpomínkový,28563
výkonnostní,28564
obeznámený,28565
lakovna,28566
rovinka,28567
rivalita,28568
přitvrdit,28569
literát,28570
českobudějovický,28571
tradovaný,28572
dunajský,28573
telefonní,28574
odevzdat,28575
hubertus,28576
zkoušející,28577
zdarma,28578
komunitní,28579
ústředí,28580
vysunutí,28581
vespolek,28582
plagiátorství,28583
zvážení,28584
hroutící,28585
playback,28586
konotace,28587
převrácení,28588
nastěhování,28589
albánský,28590
vyjadřující,28591
přerovský,28592
upsat,28593
pá,28594
usazení,28595
rozpínající,28596
vykonaný,28597
lounský,28598
nabírání,28599
protější,28600
košíková,28601
očišťovat,28602
policie,28603
nesčetný,28604
matematicky,28605
souhrn,28606
etnicky,28607
usmíření,28608
cb,28609
protichůdný,28610
zapůjčený,28611
žákovský,28612
směrovací,28613
filozofie,28614
odbavený,28615
životopis,28616
pětiletka,28617
anti,28618
florbalový,28619
tektonický,28620
zničení,28621
vojensky,28622
dálniční,28623
britka,28624
zabývat,28625
napovrch,28626
scientologický,28627
toluen,28628
zánik,28629
dožitý,28630
praxe,28631
zablokovaný,28632
nikotinový,28633
privatizovat,28634
kroket,28635
přidělit,28636
setnout,28637
latina,28638
daňově,28639
ostřelovat,28640
legionářský,28641
diferencovaný,28642
popularizovat,28643
napomenutí,28644
symbolizující,28645
loupežný,28646
odvrátit,28647
casting,28648
sirota,28649
vybavenost,28650
snižující,28651
anál,28652
odskok,28653
nastínit,28654
manipulativní,28655
blízkovýchodní,28656
mocnina,28657
talentový,28658
kosmetika,28659
plýtvání,28660
pluralizmus,28661
vycházení,28662
rapovat,28663
gáže,28664
supersport,28665
privátní,28666
favorizovaný,28667
soudnictví,28668
demonstrace,28669
čipový,28670
neboli,28671
pondělí,28672
slýchávat,28673
odůvodnění,28674
aktivátor,28675
přihlašovatel,28676
anglofonní,28677
katr,28678
cash,28679
buddhista,28680
šerm,28681
pokrevně,28682
poražení,28683
právní,28684
módní,28685
odmala,28686
chudinský,28687
kritizovaný,28688
majetný,28689
rozladěný,28690
rozproudit,28691
zdali,28692
komenda,28693
napomoci,28694
občanskoprávní,28695
prestiž,28696
kvasný,28697
zaniklý,28698
odkladně,28699
mrazení,28700
washingtonský,28701
sanitní,28702
girlanda,28703
povolení,28704
vyprázdnit,28705
hazardní,28706
fernet,28707
patový,28708
provádění,28709
vypočítávat,28710
alianční,28711
widget,28712
svržený,28713
olé,28714
odposlouchávací,28715
přestupkový,28716
šifrovací,28717
evangelijní,28718
multikulturní,28719
federativní,28720
terezínský,28721
rovnoběžně,28722
koučink,28723
zosnovat,28724
setrvat,28725
přeformulovat,28726
písemnictví,28727
stanovení,28728
tolar,28729
detonace,28730
prolít,28731
kotvit,28732
voyeur,28733
podtržení,28734
sofistikovaně,28735
garrigue,28736
rito,28737
neurologie,28738
obsazený,28739
japonština,28740
sáňkař,28741
hodnotový,28742
vyjevit,28743
vyhnutí,28744
ud,28745
fyzioterapeut,28746
chřibský,28747
zkrášlování,28748
západočeský,28749
listování,28750
ansámbl,28751
kolaudace,28752
označení,28753
odvrácení,28754
zapnutí,28755
generálporučík,28756
pager,28757
naprogramování,28758
case,28759
interpersonální,28760
domobrana,28761
regresní,28762
komentátor,28763
knihovník,28764
freeride,28765
niagarský,28766
absolutorium,28767
aktualizace,28768
schengenský,28769
středník,28770
ohlídat,28771
prohlášení,28772
know,28773
převozní,28774
šampion,28775
brožura,28776
dovozní,28777
zástava,28778
podpis,28779
coach,28780
románový,28781
dotazování,28782
datum,28783
svazový,28784
arabština,28785
odvykání,28786
pobytový,28787
sexteto,28788
paralela,28789
dezorientace,28790
vyprávěcí,28791
hu,28792
tomografie,28793
příbramský,28794
filantrop,28795
cílení,28796
rychnovský,28797
vazba,28798
inhibovat,28799
majordomus,28800
vyplňování,28801
těsnost,28802
lidický,28803
live,28804
podnikání,28805
vhodnost,28806
liberalismus,28807
kolínský,28808
catcher,28809
divotvorný,28810
prezenční,28811
vyhození,28812
odmocnina,28813
dotažení,28814
jáhla,28815
kyjovský,28816
kerberos,28817
odpovědně,28818
insolvence,28819
kyberšikana,28820
protnout,28821
četnictvo,28822
tiskovina,28823
čtoucí,28824
projevení,28825
designérka,28826
selektivní,28827
upravující,28828
důvodový,28829
eidam,28830
kompars,28831
folklór,28832
zvrátit,28833
korytář,28834
tantra,28835
volatilní,28836
nesouhlas,28837
prokládat,28838
stonásobně,28839
transparentnost,28840
heparin,28841
dotovaný,28842
odevzdaný,28843
baseballový,28844
údržbář,28845
vé,28846
jakost,28847
těšínský,28848
nafta,28849
funkcionalita,28850
přistoupení,28851
vnitropodnikový,28852
litomyšlský,28853
vytvoření,28854
modifikovat,28855
vlídnost,28856
otřesený,28857
mater,28858
jednotřídní,28859
liptovský,28860
tykání,28861
závěrka,28862
naznačení,28863
pronikání,28864
planout,28865
eufemisticky,28866
paušálně,28867
ražený,28868
zavánět,28869
zdokonalený,28870
revírní,28871
virtualizace,28872
prohledání,28873
pohraniční,28874
napsání,28875
vyspělost,28876
kalendářní,28877
nezvratně,28878
manifest,28879
pohnutka,28880
předvoj,28881
základní,28882
motivační,28883
hall,28884
válečnický,28885
podávající,28886
mezibankovní,28887
deuterium,28888
metropolitní,28889
sklárna,28890
mafie,28891
spolčit,28892
architektka,28893
popis,28894
absurdum,28895
adamovský,28896
měřicí,28897
korunový,28898
vetešnictví,28899
lei,28900
pr,28901
vzpamatovávat,28902
finština,28903
dermatologie,28904
ostatek,28905
sedlecký,28906
rozkaz,28907
předpovídat,28908
ztracení,28909
upřesňovat,28910
jednotkový,28911
lázeň,28912
vydatně,28913
veršovaný,28914
dvacetiletí,28915
zafixovat,28916
monsignore,28917
membránový,28918
drobit,28919
odloučený,28920
konice,28921
pedofilní,28922
pragmatizmus,28923
blokování,28924
legislativně,28925
predikce,28926
laborka,28927
reportérka,28928
vyřknout,28929
zz,28930
pin,28931
načrtnout,28932
oceánský,28933
pěstitelský,28934
předpovědět,28935
nasázet,28936
štěrkopísek,28937
okrajově,28938
upustit,28939
napojovat,28940
otevírání,28941
vyzvat,28942
pohřeb,28943
snobský,28944
továrník,28945
tapisérie,28946
reportáž,28947
vylosovat,28948
robotika,28949
potlačit,28950
vyjetí,28951
kaučuk,28952
prvomájový,28953
rozprava,28954
zprostředkovatel,28955
vkrádat,28956
smlouvat,28957
dumat,28958
uzavřenost,28959
halogen,28960
žargon,28961
superliga,28962
východočeský,28963
čerpání,28964
buržoazní,28965
fun,28966
listovní,28967
pragmaticky,28968
prodrat,28969
naturálie,28970
boxovat,28971
činovník,28972
šturm,28973
pašerácký,28974
odlišení,28975
ubytovaný,28976
podlehnutí,28977
opsaný,28978
heraldický,28979
ester,28980
mezičlánek,28981
zhotovitel,28982
lisabonský,28983
odbavování,28984
sportovkyně,28985
strážit,28986
pionýrský,28987
domina,28988
obrněnec,28989
vinylový,28990
školení,28991
vyzvednutí,28992
msta,28993
ikonografie,28994
souřadnice,28995
stlačování,28996
produktový,28997
záporně,28998
čtyřtaktní,28999
železobeton,29000
říšský,29001
vynaleznout,29002
valašsko,29003
podléhat,29004
svod,29005
vypomáhat,29006
běsnění,29007
separatizmus,29008
nanovlákno,29009
medicínský,29010
sestoupit,29011
pozemkový,29012
způsobilost,29013
podložení,29014
huť,29015
videozáznam,29016
počestnost,29017
vyzdvihovat,29018
dostavět,29019
nadřízený,29020
pneumaticky,29021
osvoboditel,29022
objednatel,29023
pronájem,29024
pragmatický,29025
multimilionář,29026
spravedlivě,29027
črta,29028
polabský,29029
pěstounka,29030
konzervativně,29031
sloučit,29032
recitál,29033
thajsky,29034
zrada,29035
farmaceutický,29036
úrada,29037
multiplikátor,29038
medina,29039
nervově,29040
štace,29041
členství,29042
budovatelský,29043
spojovaný,29044
zajišťování,29045
balicí,29046
nakladatelský,29047
zaníceně,29048
chvat,29049
vypuzení,29050
souhra,29051
jakož,29052
spektrometr,29053
vysílaný,29054
concord,29055
prodlužovat,29056
spojitost,29057
nominace,29058
korveta,29059
cyklistika,29060
následovník,29061
lexus,29062
všemožně,29063
mučící,29064
karolina,29065
proslavený,29066
existenční,29067
ochraňující,29068
nákres,29069
promazat,29070
vydolovat,29071
zatčení,29072
řízeně,29073
kalibrační,29074
axiom,29075
brainstorming,29076
anketní,29077
překontrolovat,29078
oligarchie,29079
protislužba,29080
odhodlanost,29081
rozpad,29082
minoritní,29083
odvykací,29084
karbid,29085
vysokotlaký,29086
přehazování,29087
spořilův,29088
sekvenování,29089
vysledovat,29090
vykonstruovaný,29091
vypnutí,29092
sestávat,29093
komplexně,29094
znehodnotit,29095
zaměřování,29096
out,29097
biatlonistka,29098
transcendentní,29099
zfilmování,29100
působnost,29101
zpackaný,29102
zasypání,29103
vyhlazení,29104
džihád,29105
znehodnocování,29106
madonna,29107
odmyslitelný,29108
automatizace,29109
statistický,29110
krypton,29111
engine,29112
intervence,29113
spolupracující,29114
zprostit,29115
uhádnout,29116
pohraničí,29117
charakterizace,29118
vulgárně,29119
jednatřicetiletý,29120
zastavit,29121
spolu,29122
místní,29123
soustředný,29124
zapůjčit,29125
anglikánský,29126
zraňující,29127
degenerovat,29128
horečně,29129
dotazovat,29130
libris,29131
přehlasovat,29132
protipól,29133
taktik,29134
bez,29135
obvod,29136
jugoslávský,29137
srovnávání,29138
vyvstat,29139
polistopadový,29140
deklarovat,29141
kódový,29142
atraktivnost,29143
zvelebení,29144
magnát,29145
kupčení,29146
korozní,29147
energetika,29148
slučitelný,29149
frakce,29150
přenastavit,29151
vymámit,29152
pravomocně,29153
nedůvěra,29154
mono,29155
zadržení,29156
vyslýchat,29157
zatrhnout,29158
zhudebnit,29159
kubo,29160
katan,29161
zhusta,29162
krát,29163
návaznost,29164
skrytí,29165
taser,29166
doznívat,29167
vznik,29168
elektrozařízení,29169
pomezí,29170
sol,29171
ořez,29172
výstavba,29173
paladin,29174
pódiový,29175
defenestrace,29176
zúčastnění,29177
kalení,29178
speciální,29179
cache,29180
koncentrační,29181
uvědoměle,29182
notorický,29183
epidemiologický,29184
opce,29185
vysvětlivka,29186
vařeka,29187
niveum,29188
vzestupný,29189
šedesátiletý,29190
kombinující,29191
statkář,29192
prostřih,29193
šachista,29194
ustát,29195
longa,29196
magneticky,29197
rozebírat,29198
nigerijský,29199
lukrativní,29200
vojsky,29201
despekt,29202
výdělečný,29203
potažmo,29204
ořezat,29205
umělcův,29206
etika,29207
pnout,29208
odvíjet,29209
mimoúrovňový,29210
běžkařský,29211
festival,29212
předchozí,29213
psychoterapeut,29214
dekáda,29215
mobilita,29216
amorální,29217
třetice,29218
uspání,29219
stimulace,29220
malomocný,29221
disonance,29222
harmonium,29223
rožmberský,29224
kandidující,29225
denim,29226
nedodělek,29227
barbiturát,29228
spravit,29229
protekční,29230
extremistický,29231
tavit,29232
mechanizace,29233
přemlouvání,29234
likérka,29235
skonat,29236
tiskárna,29237
statistik,29238
velící,29239
obměněný,29240
dezinformace,29241
obvodní,29242
napojení,29243
obědvat,29244
rozporný,29245
baseball,29246
okultní,29247
pikantnost,29248
hudební,29249
diplomový,29250
protistrana,29251
finální,29252
separatistický,29253
nesvoboda,29254
periodicky,29255
violoncellista,29256
semifinálový,29257
potření,29258
hierarchie,29259
vadis,29260
zóna,29261
pozměňovací,29262
popravit,29263
preferující,29264
premiant,29265
zápotocký,29266
povážlivě,29267
salut,29268
zlomení,29269
chi,29270
doping,29271
znepřátelený,29272
postěžovat,29273
zásahový,29274
globalizovaný,29275
aktiv,29276
zavést,29277
kandidatura,29278
threshold,29279
výmluvně,29280
politováníhodný,29281
zběhlý,29282
telemetrický,29283
bund,29284
oprávněnost,29285
bim,29286
bela,29287
valcha,29288
mocně,29289
zaměstnavatel,29290
vycházející,29291
kajetán,29292
tú,29293
patriarchální,29294
dezertér,29295
odpouštění,29296
přehodnocení,29297
zdrcující,29298
časomíra,29299
zpěvaččin,29300
splatný,29301
opadnutí,29302
kvartýr,29303
konkrétně,29304
kalkulačka,29305
páčit,29306
main,29307
rekuperační,29308
indukce,29309
front,29310
podcenit,29311
ctižádostivý,29312
vyrovnávací,29313
registrační,29314
staronový,29315
najíždění,29316
sonet,29317
burácení,29318
opouštění,29319
vyvlastnění,29320
bipolární,29321
puštění,29322
fabia,29323
bootovací,29324
popularizace,29325
futsal,29326
neonacista,29327
mikulovský,29328
strůjce,29329
prostoupit,29330
aranž,29331
osvobozování,29332
funkčnost,29333
politika,29334
hospitalizace,29335
expresní,29336
žalobkyně,29337
arabsky,29338
opravdovost,29339
zborcení,29340
upřednostnit,29341
požehnaně,29342
logopedický,29343
arabista,29344
soudně,29345
brnět,29346
pochvalný,29347
ball,29348
otcovství,29349
bol,29350
provize,29351
inscenovaný,29352
úsilí,29353
zviditelnění,29354
zpomalit,29355
stálost,29356
eurozóna,29357
komprimovaný,29358
epidemiolog,29359
lisování,29360
retence,29361
gilda,29362
restriktivní,29363
proc,29364
šetření,29365
životopisný,29366
podrobit,29367
kalypso,29368
kralovat,29369
rozchodit,29370
sudý,29371
fotokniha,29372
zaplněný,29373
odklánět,29374
viceguvernér,29375
bop,29376
lichotivě,29377
vykreslování,29378
gramaticky,29379
horlivost,29380
silniční,29381
paralelní,29382
mandát,29383
netknutý,29384
znárodnění,29385
hajduk,29386
znamenající,29387
vládnutí,29388
májová,29389
choromyslný,29390
velkoobchodní,29391
zatížený,29392
zábavnost,29393
dovolání,29394
ibn,29395
ped,29396
ztrátový,29397
bazický,29398
odpálení,29399
recyklační,29400
třífázový,29401
uvážlivě,29402
grid,29403
dobytý,29404
agonie,29405
náladovost,29406
obscénní,29407
kuchta,29408
fyzioterapie,29409
ilustrující,29410
nene,29411
chomutovský,29412
inventarizace,29413
vzdání,29414
plukovní,29415
litice,29416
polygon,29417
toner,29418
zakořenit,29419
chlumecký,29420
přímost,29421
červencový,29422
integrovat,29423
naplňování,29424
zaběhnutý,29425
caddy,29426
vrchnost,29427
devatenáctiletý,29428
tavicí,29429
politbyro,29430
kronika,29431
vynakládat,29432
přičítat,29433
přijmutí,29434
odstavování,29435
potřesení,29436
zpochybňovat,29437
sužovaný,29438
protektor,29439
vybudování,29440
modelářství,29441
vietnamsky,29442
stěžejní,29443
homosexuálně,29444
parodovat,29445
nedejbože,29446
břevnovský,29447
vyjetý,29448
zkracování,29449
zlehčovat,29450
výroční,29451
napojený,29452
obsazenost,29453
útisk,29454
oleum,29455
probírání,29456
dceřiný,29457
převládnout,29458
komorná,29459
bulletin,29460
gin,29461
concerto,29462
gala,29463
zabrání,29464
deflace,29465
ruzyňský,29466
vydědění,29467
liž,29468
informativní,29469
zajišťující,29470
fixní,29471
odplata,29472
importní,29473
souhrnný,29474
bruslařský,29475
zrušený,29476
odemknout,29477
směrodatný,29478
prizma,29479
nadřazený,29480
sváření,29481
singltrek,29482
středovýchodní,29483
zatáčení,29484
motivovaný,29485
maloobchod,29486
postačovat,29487
frekvenčně,29488
vydělávající,29489
talk,29490
stabilizační,29491
obrazově,29492
podvolit,29493
emeritní,29494
elektrostatický,29495
nacismus,29496
utápět,29497
rozmrzelý,29498
popleta,29499
instalatérství,29500
leh,29501
koncipovaný,29502
oznámený,29503
aktivistka,29504
onkolog,29505
vměšování,29506
žertovně,29507
vystěhování,29508
recitace,29509
permanentně,29510
vysekat,29511
promýšlení,29512
lipenský,29513
kterýžto,29514
peer,29515
odpovědní,29516
odhalující,29517
offo,29518
vypsat,29519
výškoměr,29520
dláždění,29521
nemilost,29522
dvoukolový,29523
svářeč,29524
chemik,29525
sumerský,29526
strojvůdce,29527
pekařství,29528
anticena,29529
komercializace,29530
zkonstruovaný,29531
provinit,29532
předat,29533
incestní,29534
smazatelně,29535
katechismus,29536
odvolatelně,29537
transcendence,29538
objednávání,29539
bezvýznamný,29540
práv,29541
odinstalovat,29542
studium,29543
nahradit,29544
publicistika,29545
zachraňování,29546
garantovat,29547
controller,29548
antioxidační,29549
odezírání,29550
kvarta,29551
blahosklonně,29552
pokračující,29553
dvouválcový,29554
zkreslovat,29555
arcidiecézní,29556
bróm,29557
jazykově,29558
trojnásobný,29559
zapečetěný,29560
mimoevropský,29561
synchronizovat,29562
udržitelnost,29563
routing,29564
účetnictví,29565
šestistupňový,29566
nevadský,29567
naposledy,29568
mineralizace,29569
předpověď,29570
kupování,29571
avenida,29572
povstávat,29573
ricin,29574
požádání,29575
materialistický,29576
extremista,29577
derby,29578
alzheimer,29579
dg,29580
automobilový,29581
subaru,29582
běloruština,29583
četař,29584
makléřka,29585
pé,29586
větvit,29587
vrácený,29588
ns,29589
doučování,29590
pendant,29591
akustika,29592
kovat,29593
prohloubit,29594
flak,29595
fluorescence,29596
průnik,29597
mellitus,29598
vyšvihnout,29599
aktivismus,29600
samizdatový,29601
odpadlictví,29602
osvícenství,29603
pořadník,29604
strašnický,29605
laurin,29606
strahovský,29607
shromážděný,29608
spouštěč,29609
svírající,29610
shovívavě,29611
zednický,29612
středeční,29613
dobrovolně,29614
poddat,29615
zeměpisně,29616
trakce,29617
naplánovat,29618
trůnit,29619
zpustošený,29620
zmatečný,29621
přeložení,29622
zakládací,29623
činně,29624
exekutorský,29625
zápočet,29626
zesměšnění,29627
venture,29628
vyčerpávat,29629
propásnout,29630
usnadnit,29631
spekulativní,29632
kentucky,29633
paušální,29634
zřizování,29635
poplést,29636
kremace,29637
adié,29638
dohodit,29639
probíjet,29640
etc,29641
nippon,29642
erbový,29643
fireball,29644
hození,29645
revue,29646
odpalovaný,29647
bělorus,29648
spinner,29649
vulgarita,29650
mstivý,29651
kardiostimulátor,29652
předčítání,29653
playboy,29654
duplikát,29655
zbohatnout,29656
definování,29657
podezřívat,29658
předepisovat,29659
zakládající,29660
anihilace,29661
omezující,29662
pochovaný,29663
rozehnat,29664
vizovický,29665
šoubyznys,29666
velebení,29667
hlukový,29668
aktivovaný,29669
podstoupit,29670
ugandský,29671
odpojit,29672
lexikon,29673
pumový,29674
vykolejení,29675
motokára,29676
připojovat,29677
živelný,29678
mánie,29679
hebrejský,29680
syntetický,29681
podpálit,29682
prokazující,29683
zastupitelný,29684
nuncius,29685
koncipient,29686
velín,29687
kozlovice,29688
vitae,29689
extra,29690
specializační,29691
vyjevovat,29692
kinematika,29693
týdeník,29694
nadvláda,29695
vezoucí,29696
establishment,29697
nařčení,29698
objemově,29699
factum,29700
ladící,29701
vyvolávání,29702
zúčastňovat,29703
územní,29704
očekávaně,29705
přestát,29706
stárnoucí,29707
elektronka,29708
pomazat,29709
korunovační,29710
vilemína,29711
žabovřesky,29712
aditivum,29713
zmapovaný,29714
ukrytí,29715
vylodit,29716
specifikum,29717
zabezpečení,29718
vyslechnutí,29719
zachraňující,29720
najetý,29721
taras,29722
průplav,29723
spartakiádní,29724
astronautka,29725
pueblo,29726
pobírání,29727
zaplňovat,29728
poodhalit,29729
naň,29730
odbočení,29731
mnichovský,29732
bowlingový,29733
spřátelený,29734
zhoršující,29735
ekumenický,29736
překračovat,29737
semknout,29738
obnovit,29739
vystihující,29740
účetní,29741
svržení,29742
stomatolog,29743
omezování,29744
divadelně,29745
dvoudenní,29746
vrácení,29747
lidnatý,29748
rozprostření,29749
vinotéka,29750
zahájit,29751
znovuobjevení,29752
projednat,29753
zprostředkovaně,29754
notář,29755
stavovský,29756
klientský,29757
bebop,29758
zemek,29759
euro,29760
rožnovský,29761
zahrávání,29762
vyznamenaný,29763
selhávání,29764
proces,29765
funkce,29766
poopravit,29767
zesilovat,29768
zavlažovací,29769
odhadní,29770
rabí,29771
fant,29772
protiva,29773
nepokoj,29774
suverén,29775
exemplárně,29776
zaskvět,29777
fyzioterapeutka,29778
doraz,29779
hrdinsky,29780
obíhání,29781
nesrovnalost,29782
připomínkování,29783
zužování,29784
cembalo,29785
vytipovaný,29786
fyzika,29787
web,29788
turniket,29789
právo,29790
zfilmovat,29791
motivace,29792
hasnout,29793
ustupující,29794
tracking,29795
předhůří,29796
stagnovat,29797
humanitní,29798
vypalování,29799
papírna,29800
zámečnický,29801
inovační,29802
federalizace,29803
adventista,29804
zatroubit,29805
maniodepresivní,29806
příslušnice,29807
vhod,29808
rozporuplný,29809
pozastavovat,29810
stáhnutí,29811
dvojzápas,29812
dobrat,29813
psycho,29814
módně,29815
přestoupit,29816
cca,29817
hořkost,29818
školství,29819
vinyl,29820
kór,29821
umučit,29822
emancipace,29823
pyrotechnický,29824
mikve,29825
roztržka,29826
koronární,29827
označovaný,29828
jižan,29829
zmnožení,29830
melamin,29831
geografický,29832
pořádání,29833
načtení,29834
mil,29835
atentátník,29836
vypalovat,29837
vykompenzovat,29838
diktatura,29839
integrita,29840
protiřečit,29841
absolventka,29842
ferdinand,29843
domáhat,29844
krokem,29845
množný,29846
vyvěšení,29847
přetížený,29848
sjednocený,29849
zatěžovat,29850
čili,29851
dogma,29852
logaritmický,29853
revitalizace,29854
rozvalina,29855
socialisticky,29856
matematika,29857
shoda,29858
personálně,29859
disciplinární,29860
egyptologie,29861
zbraslavský,29862
kolektivně,29863
oprostit,29864
přiznání,29865
pontiac,29866
estetika,29867
ghanský,29868
skon,29869
vzrůstat,29870
šasi,29871
chaotický,29872
lektor,29873
token,29874
skladovaný,29875
germánský,29876
povolování,29877
management,29878
hrubka,29879
kolaborant,29880
nasměrování,29881
walkman,29882
doručovatel,29883
zpravodajka,29884
deformační,29885
vykrádání,29886
rozdílnost,29887
sehrát,29888
hip,29889
pepsi,29890
délkový,29891
vysilující,29892
destilace,29893
všanc,29894
švédština,29895
otrocký,29896
věžový,29897
samospráva,29898
náležitost,29899
polar,29900
ghetto,29901
kyborg,29902
urbanismus,29903
turečtina,29904
sepsání,29905
blogerka,29906
eminent,29907
mnout,29908
snadnost,29909
protiútok,29910
úporný,29911
potírání,29912
propagandistický,29913
novodvorský,29914
ilegalita,29915
čtyřkoalice,29916
samostudium,29917
zanesení,29918
národně,29919
dosáhnutí,29920
kolt,29921
klanový,29922
poeta,29923
loajalita,29924
rolování,29925
record,29926
líčící,29927
kombinování,29928
sestupně,29929
string,29930
textařka,29931
defender,29932
hlasatelka,29933
vkladní,29934
seskupování,29935
sestávající,29936
žehnání,29937
makedonie,29938
aristokratický,29939
diskriminační,29940
kognitivně,29941
vývěva,29942
asistence,29943
svévole,29944
zaručený,29945
vr,29946
vykupování,29947
development,29948
miniseriál,29949
vychytávání,29950
nashromáždit,29951
čtyřpodlažní,29952
hrušovský,29953
věhlas,29954
výrazově,29955
aktuálnost,29956
centrálně,29957
upřednostňování,29958
udatnost,29959
krušina,29960
zákopový,29961
patetický,29962
zadržování,29963
oprávnit,29964
výkonnostně,29965
programovatelný,29966
postprodukce,29967
zahalování,29968
vymezit,29969
navracení,29970
adopční,29971
derivát,29972
zapisovat,29973
vyfocený,29974
pobaltský,29975
interna,29976
heroický,29977
kněžský,29978
scenáristka,29979
chtivost,29980
metodika,29981
antisemitský,29982
waldorfský,29983
rozvodnice,29984
suma,29985
label,29986
amfetamin,29987
zábřežský,29988
osmadvacetiletý,29989
zlepšený,29990
nárok,29991
dohlížet,29992
objevný,29993
přesídlit,29994
báňský,29995
českokrumlovský,29996
přeprogramovat,29997
osvětlování,29998
depeše,29999
pohodnout,30000
odvolací,30001
austin,30002
matura,30003
sídlištní,30004
sousedská,30005
gulfstream,30006
kusový,30007
prodiskutovat,30008
úterní,30009
rozhořčení,30010
pianistka,30011
protipovodňový,30012
mincovna,30013
kvantifikovat,30014
sdělovací,30015
teleportace,30016
odepsat,30017
přesouvání,30018
steward,30019
uvědomělý,30020
interspar,30021
rozdělování,30022
exaktní,30023
častit,30024
homerun,30025
známost,30026
reduta,30027
steradián,30028
stimulant,30029
vivo,30030
dolarový,30031
marsovský,30032
hůra,30033
underwood,30034
uhořet,30035
konfigurační,30036
odvozovat,30037
rozeštvat,30038
běžkyně,30039
taekwondo,30040
dbalý,30041
regulující,30042
linuxový,30043
komisařka,30044
mrzačení,30045
obtékat,30046
destilační,30047
schizofrenní,30048
odmítnutý,30049
vázací,30050
totalitarismus,30051
vesna,30052
družicový,30053
diecézní,30054
léčebně,30055
polonium,30056
kit,30057
zohnout,30058
zatelefonovat,30059
urologický,30060
herma,30061
masakr,30062
hájemství,30063
oklika,30064
vyvolání,30065
opatrování,30066
ccm,30067
monografie,30068
centrovaný,30069
neomylně,30070
odvléci,30071
vysílání,30072
místokrál,30073
tender,30074
pionýr,30075
soustružník,30076
nerozlučně,30077
systémově,30078
apriorní,30079
sázkař,30080
podkrušnohorský,30081
výkladní,30082
čt,30083
nevolno,30084
nt,30085
katastrofálně,30086
multiplatformní,30087
pomocí,30088
dodací,30089
čtyřhvězdičkový,30090
ken,30091
shromažďování,30092
prostřed,30093
provinční,30094
maďarština,30095
pravomoc,30096
bezkonfliktní,30097
mučírna,30098
smíření,30099
zabrzdit,30100
studování,30101
uvážený,30102
hlásící,30103
hlasovací,30104
dle,30105
holický,30106
obřadně,30107
zkoumající,30108
raketově,30109
unikání,30110
messenger,30111
zátaras,30112
kol,30113
sociologie,30114
odsouzená,30115
smilování,30116
rozvážet,30117
diskurs,30118
ukrajinsky,30119
rozjíždět,30120
vzdělanec,30121
rozdrobený,30122
tišení,30123
thalium,30124
rozjezdový,30125
zmírnit,30126
ponk,30127
nahrazující,30128
hodson,30129
změkčovat,30130
jezuitský,30131
iritovat,30132
promlčecí,30133
humanitární,30134
odstranění,30135
resuscitační,30136
vzbuzující,30137
zajištění,30138
schizofrenik,30139
zlepšující,30140
středostavovský,30141
libero,30142
laborant,30143
grupa,30144
obcházet,30145
farizeus,30146
zřizovaný,30147
jednomyslný,30148
normalizační,30149
zlepšení,30150
bezkonkurenční,30151
opožděně,30152
svaz,30153
rozvoj,30154
srovnaný,30155
zamítnutí,30156
airsoft,30157
výškově,30158
štrbský,30159
sebedestrukce,30160
kariérní,30161
skleróza,30162
genocida,30163
svěření,30164
čís,30165
roztříštěnost,30166
trigger,30167
averze,30168
emitovat,30169
bydžovský,30170
udavačství,30171
označování,30172
zamrznutí,30173
literárně,30174
nastřádat,30175
výkonově,30176
debutující,30177
komunální,30178
vmísit,30179
podřízení,30180
odpočítávání,30181
vyústit,30182
recenzent,30183
počítaně,30184
bilancování,30185
holokaust,30186
třebíčský,30187
katarský,30188
pětihvězdičkový,30189
směně,30190
ženatý,30191
šlechtična,30192
ideolog,30193
signalizační,30194
patentovat,30195
šestice,30196
utečenec,30197
ujistit,30198
sdružit,30199
petarda,30200
slevomat,30201
informování,30202
bezesporu,30203
snowboardista,30204
strouhat,30205
zející,30206
tuzex,30207
ekvivalent,30208
variantní,30209
manuální,30210
kteréž,30211
vyléčení,30212
dobíjení,30213
přestavit,30214
naladění,30215
breakdance,30216
přečíslení,30217
pobožnost,30218
rozvolnění,30219
horentní,30220
judista,30221
propojit,30222
atak,30223
bezúplatně,30224
multiplex,30225
chátra,30226
maratón,30227
spoléhání,30228
bezvýhradně,30229
target,30230
katakomby,30231
kampaň,30232
odvedený,30233
rozkazovat,30234
chybovost,30235
kvas,30236
rostovský,30237
zmírnění,30238
klasifikovat,30239
mizina,30240
nesmyslnost,30241
zmražení,30242
plnoletost,30243
inkarnace,30244
pohřbení,30245
dividenda,30246
výřečnost,30247
odpovídač,30248
odpalovač,30249
pevnostní,30250
mlynářský,30251
univerziáda,30252
rozpracovaný,30253
přehrát,30254
protokolární,30255
ovládnutí,30256
čeka,30257
drátový,30258
mls,30259
sou,30260
surfing,30261
registr,30262
mašinerie,30263
protiústavní,30264
svědomitě,30265
signovat,30266
rozkládací,30267
plánovitě,30268
vtékat,30269
zdvihat,30270
drahota,30271
dodávkový,30272
ou,30273
galium,30274
homilie,30275
profesionál,30276
autobazar,30277
významnost,30278
opatrovnice,30279
odteď,30280
stránkování,30281
zastupující,30282
didaktika,30283
uhlovodík,30284
číslovka,30285
vyjití,30286
útlum,30287
pořádající,30288
poskytovaný,30289
dip,30290
probošt,30291
šéfová,30292
nízkotlaký,30293
odevzdání,30294
novomanželka,30295
nízkoprahový,30296
biker,30297
tutor,30298
promenáda,30299
otázat,30300
pedagožka,30301
zadávací,30302
relativismus,30303
kronikář,30304
nájezdový,30305
dějepis,30306
ink,30307
moderovat,30308
neodvratně,30309
setsakra,30310
abdikovat,30311
formulovaný,30312
jílový,30313
implantace,30314
pozbývat,30315
pobočný,30316
rozrůstání,30317
finanční,30318
mazací,30319
turistka,30320
zákrut,30321
sémantika,30322
nadhodit,30323
šaría,30324
násobně,30325
bavor,30326
věznění,30327
uposlechnutí,30328
předsezónní,30329
tribunál,30330
dobytí,30331
agent,30332
stimulátor,30333
kampus,30334
mafián,30335
vyšetřovací,30336
vymazat,30337
duplex,30338
zhmotňovat,30339
formální,30340
poděbradský,30341
podřízenost,30342
sdružený,30343
sosnový,30344
pravotočivý,30345
epidemiologie,30346
křesťanka,30347
prababička,30348
klauzule,30349
výdělečně,30350
vyjíždění,30351
represivní,30352
pozvolný,30353
posílání,30354
přezkoumání,30355
challenger,30356
judikatura,30357
regulérně,30358
pramenící,30359
osazení,30360
zaznamenávání,30361
vyvěšování,30362
spartak,30363
odvážet,30364
očištěný,30365
exministr,30366
založený,30367
nadělovat,30368
bonusový,30369
prázdně,30370
prolínat,30371
jedličkový,30372
kanalizační,30373
rakousko,30374
premisa,30375
dosvědčovat,30376
ceremonie,30377
ustanovit,30378
stomatologie,30379
zkratka,30380
vycestování,30381
senátorský,30382
hejtmanka,30383
pryžový,30384
budoucno,30385
rumunština,30386
úhrada,30387
elektrika,30388
losangeleský,30389
paměť,30390
děkanský,30391
kumulace,30392
zaobírat,30393
ležení,30394
turn,30395
tyrolský,30396
paf,30397
nomen,30398
postupový,30399
bohorodička,30400
teplárenský,30401
věno,30402
planda,30403
oxidační,30404
kozácký,30405
přímluva,30406
dřívější,30407
restartovat,30408
pomaturitní,30409
povzbuzující,30410
kompatibilita,30411
europoslankyně,30412
sestavení,30413
započít,30414
glycerin,30415
angažovaný,30416
podkopávat,30417
zdárně,30418
odvodní,30419
vymáhání,30420
efedrin,30421
nabídkový,30422
dislokace,30423
videokazeta,30424
akreditovaný,30425
area,30426
píšící,30427
jednorázový,30428
inzertní,30429
důslednost,30430
hlásání,30431
vyzrálost,30432
vyjadřovací,30433
protektorátní,30434
udělený,30435
yperit,30436
brigita,30437
babice,30438
vyhladovění,30439
vyvrcholit,30440
byrokrat,30441
pokárat,30442
přísahat,30443
ranka,30444
polepšení,30445
petice,30446
demoverze,30447
skládající,30448
neochvějně,30449
stok,30450
totální,30451
enigma,30452
zdárný,30453
diner,30454
kuš,30455
splnění,30456
generický,30457
plynojem,30458
osmitisícovka,30459
suplovat,30460
významově,30461
zápis,30462
účelovost,30463
emotivně,30464
anthem,30465
dekodér,30466
ca,30467
aktivistický,30468
čtyřicetiletý,30469
restrikce,30470
tonální,30471
navazující,30472
tělocvikář,30473
vnutit,30474
corolla,30475
zaokrouhlení,30476
plánování,30477
odpískat,30478
pilotování,30479
tapa,30480
protiklad,30481
skip,30482
bratislavský,30483
demografický,30484
mixovat,30485
zadlužený,30486
indikace,30487
bojeschopnost,30488
zpustošit,30489
vstřícnost,30490
protiproud,30491
depresivně,30492
etnograf,30493
exkluzivně,30494
inspekční,30495
senovážný,30496
konfiskovat,30497
zelinářství,30498
strojař,30499
vyřízení,30500
zakomponování,30501
perimetr,30502
ordo,30503
vynalézt,30504
normovaný,30505
manuálně,30506
projednávat,30507
biotechnologický,30508
amatérsky,30509
používání,30510
podchod,30511
nabízející,30512
odvodnění,30513
opomenutí,30514
bom,30515
bystře,30516
připojený,30517
prémie,30518
nabádat,30519
fet,30520
strýcův,30521
soft,30522
vnitrostranický,30523
nona,30524
dozvuk,30525
satisfakce,30526
podědit,30527
fabrika,30528
japonsky,30529
rozsáhle,30530
opálit,30531
odposlouchávání,30532
podněcovat,30533
pozastavit,30534
křesťanskosociální,30535
mistral,30536
taxativně,30537
souhlas,30538
vymoci,30539
vyhasnutí,30540
míšení,30541
prezidentování,30542
kapalinový,30543
nakrátko,30544
najmutí,30545
rang,30546
vzbouřit,30547
vicemistryně,30548
souručenství,30549
předvídavost,30550
break,30551
culpa,30552
aut,30553
motorest,30554
přehršle,30555
kontrolor,30556
dědič,30557
manuál,30558
oprávnění,30559
děkovný,30560
kazimír,30561
efektivnost,30562
stabilně,30563
resocializace,30564
potřebnost,30565
novic,30566
hosting,30567
kurikulum,30568
nazývaný,30569
expertka,30570
křižácký,30571
metaforický,30572
židovka,30573
tester,30574
vyčerpávající,30575
supermodelka,30576
převodník,30577
nasbíraný,30578
nákladově,30579
apt,30580
navázaný,30581
výpůjční,30582
odkázaný,30583
vynásobit,30584
litvínovský,30585
distribuční,30586
kalašnikov,30587
velezrada,30588
honorace,30589
proškolení,30590
přemostění,30591
exekuční,30592
hotovostní,30593
lavinový,30594
deziluze,30595
bossa,30596
anarchie,30597
oslavující,30598
poměry,30599
rozdrcení,30600
pornoherečka,30601
editační,30602
kulturně,30603
dosadit,30604
koexistovat,30605
tempus,30606
inovovaný,30607
obrácení,30608
modernizovat,30609
accord,30610
zabalení,30611
tachometr,30612
zrealizovat,30613
dekódovat,30614
dvoutaktní,30615
taxa,30616
doplňující,30617
babylon,30618
mírnit,30619
audiovizuální,30620
nadloží,30621
ratingový,30622
scirocco,30623
funkčně,30624
césar,30625
audit,30626
dostavění,30627
zprůhlednění,30628
pravdomluvnost,30629
odborář,30630
osově,30631
set,30632
invertní,30633
hydraulika,30634
augustiniánský,30635
joint,30636
propouštění,30637
modernistický,30638
unijní,30639
vybourat,30640
zahájení,30641
odvodňovací,30642
nesoulad,30643
ukradení,30644
svazování,30645
překážkář,30646
prus,30647
nevidomá,30648
ultimátum,30649
nástupní,30650
pověření,30651
dokazování,30652
dezertovat,30653
zřízení,30654
polyfonní,30655
blackout,30656
omilostnění,30657
skript,30658
utlačovaný,30659
renovace,30660
bezbariérově,30661
protiteroristický,30662
přísnost,30663
ombudsman,30664
šifrovat,30665
erós,30666
koloniál,30667
lichva,30668
svéprávnost,30669
dodávaný,30670
dohlížející,30671
sirotčí,30672
recenzovaný,30673
zveřejňovaný,30674
hermetizmus,30675
vymáhat,30676
potencionálně,30677
tenkrát,30678
obsazení,30679
znovuoživení,30680
hostivařský,30681
zredukovat,30682
pivot,30683
obsazování,30684
radon,30685
rehabilitace,30686
proporcionalita,30687
vytlačení,30688
siemens,30689
vykonavatel,30690
nascanovat,30691
columbijský,30692
vměstnat,30693
botanička,30694
plnost,30695
vyrozumět,30696
krokový,30697
dekorum,30698
čítárna,30699
okruh,30700
sjezd,30701
předěl,30702
urychlený,30703
provenience,30704
sčítat,30705
porcelánka,30706
setbol,30707
licenční,30708
jednou,30709
prémiový,30710
zkrat,30711
proveditelnost,30712
zkolaudovat,30713
uzemnění,30714
klientka,30715
soukromoprávní,30716
referát,30717
distribuovat,30718
vyznávající,30719
autenticky,30720
tehdejší,30721
minulý,30722
loucký,30723
papežství,30724
budějovický,30725
jamboree,30726
purkmistr,30727
tlumočnice,30728
skokově,30729
fakticky,30730
udávaný,30731
regionální,30732
jednostranně,30733
uveřejněný,30734
uzavírající,30735
napříště,30736
přizvat,30737
beztrestnost,30738
přednastavený,30739
determinace,30740
logisticky,30741
politý,30742
bin,30743
scientologie,30744
mělnit,30745
telegram,30746
jistit,30747
napjatě,30748
gay,30749
dobrodružně,30750
souzení,30751
spiknout,30752
monopol,30753
korektně,30754
dostatečnost,30755
panující,30756
dovolací,30757
realizovatelný,30758
allegro,30759
sypání,30760
světonázor,30761
pont,30762
svařit,30763
natrvalo,30764
podrobovat,30765
přihrát,30766
vědní,30767
volitelný,30768
vyslaný,30769
rozlučkový,30770
vyfocení,30771
hod,30772
otrokářský,30773
přírodovědně,30774
označující,30775
dědění,30776
jubilejní,30777
banket,30778
přebírání,30779
narkotikum,30780
avenue,30781
exkluzívní,30782
akumulační,30783
nadvakrát,30784
sehraný,30785
univerzita,30786
rychlostně,30787
autoritářský,30788
smluvně,30789
bag,30790
rodačka,30791
vyvolávací,30792
ohlašování,30793
odpykání,30794
dolce,30795
rektor,30796
pic,30797
zlevnit,30798
zakládání,30799
pobouřit,30800
zbožštění,30801
vytipování,30802
koordinátorka,30803
konvičkový,30804
wrestling,30805
dašický,30806
pornoherec,30807
komparativní,30808
sdílející,30809
zprostředkování,30810
reformní,30811
zařezávat,30812
ozdravení,30813
dysfunkční,30814
leninismus,30815
ospravedlnitelný,30816
sankce,30817
dohromady,30818
vypínání,30819
andragogika,30820
vyprošťovací,30821
ignorace,30822
úřadující,30823
vatikánský,30824
nakladač,30825
sendvičový,30826
příslušnost,30827
debakl,30828
prostná,30829
edice,30830
fis,30831
železničář,30832
hranice,30833
neolit,30834
hrabství,30835
pokračování,30836
svrchovanost,30837
lékárenský,30838
předurčovat,30839
vyzrávání,30840
afterparty,30841
zkomponovat,30842
kobo,30843
zdokonalit,30844
rozdávající,30845
pomilovat,30846
hospicový,30847
francouzsko,30848
opalovat,30849
pipina,30850
rizikovost,30851
mulla,30852
nástřel,30853
spiritualita,30854
přečtený,30855
trojnásobek,30856
blahopřání,30857
určující,30858
feudální,30859
zaregistrovaný,30860
benelux,30861
genderově,30862
metodicky,30863
pojmenovávat,30864
pojednání,30865
multidisciplinární,30866
uklízeč,30867
institucionální,30868
prostota,30869
supersportovní,30870
nakupující,30871
sečský,30872
průmět,30873
quintana,30874
anonymně,30875
prosazující,30876
místostarostka,30877
samočinně,30878
síťování,30879
úzkokolejka,30880
ofenzíva,30881
poločasový,30882
obžalovat,30883
vyhoupnout,30884
čtení,30885
zotavit,30886
prorektor,30887
vypsaný,30888
proslýchat,30889
připoutání,30890
afekt,30891
příslib,30892
plynulost,30893
žádání,30894
zaměstnanecký,30895
přípravka,30896
podprůměrně,30897
guvernérka,30898
privilegium,30899
výplatní,30900
třináctka,30901
rozlít,30902
velodrom,30903
zatvrzelý,30904
pohov,30905
smilovat,30906
zdatně,30907
spříznit,30908
techno,30909
nákladnost,30910
čísi,30911
braillův,30912
životopisec,30913
finiš,30914
zakarpatský,30915
autobiografický,30916
nastřílený,30917
matrice,30918
medializace,30919
kategorizace,30920
čekatel,30921
financovaný,30922
dlužný,30923
parte,30924
nastolit,30925
overdrive,30926
bundesliga,30927
nadefinovat,30928
lanceta,30929
státní,30930
svéráz,30931
konzervační,30932
bezkontaktní,30933
chybový,30934
propojovat,30935
zablokování,30936
zvyšování,30937
měšťanstvo,30938
vyvracení,30939
nepřesnost,30940
lékárnice,30941
zotročení,30942
teplárna,30943
teplický,30944
stížnost,30945
zapudit,30946
fungování,30947
přenastavení,30948
lužný,30949
byzantský,30950
konkláve,30951
rezignovaně,30952
čj,30953
elko,30954
pomátnout,30955
rovno,30956
rup,30957
chatovací,30958
runtime,30959
rozdání,30960
vodstvo,30961
rozprášení,30962
tříměsíční,30963
magnezium,30964
předložení,30965
předsedající,30966
dobíhající,30967
udání,30968
sambo,30969
matení,30970
okleštěk,30971
renomovaný,30972
soudržný,30973
bodově,30974
kondenzát,30975
podvracení,30976
shovívavost,30977
kvalifikovat,30978
akupunktura,30979
semestr,30980
periférie,30981
vstřelení,30982
sebevzdělávání,30983
skladník,30984
analog,30985
oxford,30986
neuronový,30987
čtenost,30988
vypořádání,30989
hic,30990
mimosoudní,30991
půjčování,30992
obcházení,30993
kultivovaně,30994
kolonialismus,30995
názvosloví,30996
pohoršit,30997
státnost,30998
vězeňkyně,30999
vyhýbavý,31000
log,31001
tlo,31002
kulturní,31003
okopávání,31004
zdokumentování,31005
dobíhat,31006
statistika,31007
napomáhání,31008
sekvenční,31009
poznamenaný,31010
znova,31011
urážející,31012
pózování,31013
antimonopolní,31014
znevýhodnění,31015
cyklicky,31016
žalující,31017
indoktrinace,31018
pokladní,31019
věnování,31020
pool,31021
mašinérie,31022
sold,31023
konstábl,31024
potvrzující,31025
futsalový,31026
bouřit,31027
klavíristka,31028
protivládní,31029
nadávání,31030
koordinovat,31031
následující,31032
motorizmus,31033
fifty,31034
předstupeň,31035
ztotožnění,31036
ukázkový,31037
animum,31038
odkopnout,31039
transpozice,31040
seskupit,31041
svéprávný,31042
hum,31043
výchozí,31044
foneticky,31045
smlouvání,31046
elfský,31047
rozvaha,31048
ohrazení,31049
telemetrie,31050
pound,31051
protipohyb,31052
petlice,31053
zpřístupnit,31054
strojírenský,31055
praktičnost,31056
navigovat,31057
sálový,31058
perón,31059
uklidnění,31060
avizovaný,31061
obnovovací,31062
přidružený,31063
puf,31064
skif,31065
rezortní,31066
předpřipravený,31067
povznést,31068
vedoucí,31069
lomový,31070
redundantní,31071
etapový,31072
botanika,31073
drc,31074
továrně,31075
koncern,31076
pod,31077
gem,31078
upozorňování,31079
idealizovaný,31080
teplice,31081
paměti,31082
della,31083
lámaný,31084
umírněný,31085
úrodnost,31086
rovnostářství,31087
basta,31088
souvisle,31089
brankářský,31090
emancipovaný,31091
doslovně,31092
vyvíjený,31093
mikroregion,31094
pudit,31095
aaa,31096
ah,31097
mn,31098
nymburský,31099
pochvalně,31100
průlom,31101
násilnost,31102
uniklý,31103
účastnit,31104
vyjmenovávat,31105
zahanbující,31106
půdorysný,31107
motorista,31108
transakční,31109
operativně,31110
polevit,31111
psychofarmakum,31112
češství,31113
briketa,31114
interpolace,31115
historizující,31116
připojit,31117
propadat,31118
acidum,31119
kvalifikační,31120
objednavatel,31121
načež,31122
difrakce,31123
loděnice,31124
získání,31125
deadline,31126
hokejbal,31127
sólistka,31128
bezchybně,31129
uzmout,31130
razie,31131
přesilový,31132
dohlednost,31133
tóga,31134
předsedkyně,31135
zhodnocovat,31136
chairman,31137
neúroda,31138
dokumentaristka,31139
sestupný,31140
nemálo,31141
gymnaziální,31142
zpytování,31143
samosebou,31144
nenásilí,31145
ukrývání,31146
autodrom,31147
urychlování,31148
platinový,31149
rozkrádání,31150
vypočíst,31151
jmenovka,31152
štěpánský,31153
občanství,31154
ostřelování,31155
zastřešovat,31156
pohanství,31157
centrální,31158
říjnový,31159
promarnit,31160
operandi,31161
kolektivizace,31162
nadsazený,31163
přirážka,31164
playlist,31165
banalita,31166
mylně,31167
odemykat,31168
instalatérský,31169
zostřený,31170
normativní,31171
zneuctění,31172
zastavovací,31173
cihelný,31174
zhroucení,31175
flanel,31176
metamfetamin,31177
esoterický,31178
herz,31179
padla,31180
zhotovování,31181
nezkušenost,31182
osočování,31183
válcovaný,31184
profesionálně,31185
obměkčit,31186
holocaust,31187
dux,31188
davisový,31189
organizovaně,31190
lancer,31191
netto,31192
bodovaný,31193
koncentrák,31194
rafinovanost,31195
interrupce,31196
horce,31197
thorium,31198
rozpočtový,31199
opříst,31200
heydrichiáda,31201
propojovací,31202
cadillac,31203
rumba,31204
externista,31205
pájení,31206
magazín,31207
ts,31208
synagoga,31209
zasazovat,31210
spolumajitel,31211
prohloubení,31212
blockbuster,31213
průkopnický,31214
desetiboj,31215
legitimita,31216
jod,31217
osudově,31218
spolčení,31219
mučedník,31220
sjednotit,31221
harvardský,31222
sterilizace,31223
driver,31224
výpůjčka,31225
sycený,31226
přednášení,31227
odstupné,31228
odčítání,31229
odblokování,31230
procesní,31231
propadnutí,31232
paci,31233
vícečetný,31234
nenávistný,31235
chatovat,31236
připravující,31237
radiologie,31238
likvidátor,31239
resuscitace,31240
chicagský,31241
zevrubně,31242
telefonický,31243
navázat,31244
kamenování,31245
vztahující,31246
optimalizační,31247
zorganizovaný,31248
charakterizující,31249
lanoví,31250
všestrannost,31251
zdlouhavě,31252
dlužní,31253
zkomplikovat,31254
islamizmus,31255
připojištění,31256
aglomerace,31257
inventura,31258
zpovědní,31259
význačný,31260
zrůdnost,31261
interaktivně,31262
oktáv,31263
čtrnáctiletý,31264
pohlcení,31265
embargo,31266
distribuovaný,31267
filosoficky,31268
kambodžský,31269
ypsilon,31270
nadstandardní,31271
lékařsky,31272
felicie,31273
regionálně,31274
signora,31275
zpod,31276
startovné,31277
cyrilometodějský,31278
zastírat,31279
ostřelovač,31280
reakční,31281
přinejhorším,31282
pětatřicetiletý,31283
vinout,31284
zakotvení,31285
poklonit,31286
kursový,31287
nečlen,31288
přehlížení,31289
obousměrný,31290
velkostatek,31291
usnadňující,31292
stavební,31293
osvětlující,31294
revolucionář,31295
nacentrovat,31296
zvýhodněný,31297
zavolání,31298
rezervovaně,31299
sociálnědemokratický,31300
sten,31301
okrašlovací,31302
nepoměr,31303
zout,31304
šetrnost,31305
udržení,31306
dont,31307
přeposílat,31308
zaslání,31309
telematika,31310
zaplnit,31311
anšlus,31312
dotazovaný,31313
vznesený,31314
lesný,31315
zastavárna,31316
pravost,31317
monokl,31318
úřednictvo,31319
fentanyl,31320
přestěhování,31321
vyučovací,31322
anglo,31323
analogie,31324
senátorka,31325
shrnující,31326
dubstep,31327
výročí,31328
šumný,31329
návěští,31330
vyškolení,31331
apoštolát,31332
sken,31333
hostinská,31334
relace,31335
kyvadlově,31336
protialkoholní,31337
převýchova,31338
spořicí,31339
kapitalista,31340
desítkový,31341
elitářství,31342
portské,31343
přemístění,31344
dějově,31345
ef,31346
just,31347
mimopražský,31348
národnostně,31349
převádět,31350
instance,31351
hrubost,31352
platinum,31353
redukce,31354
osmatřicetiletý,31355
iron,31356
nasít,31357
zaměstnávání,31358
vyřazení,31359
zadařit,31360
upravení,31361
připisovat,31362
doručený,31363
darování,31364
odhlasovat,31365
premiérka,31366
bondovka,31367
komoří,31368
tripartita,31369
absolvování,31370
tylově,31371
oplatka,31372
pořadový,31373
prokládaný,31374
půjčený,31375
vyslanectví,31376
oborově,31377
souběh,31378
zapalování,31379
oddělení,31380
stručnost,31381
mistress,31382
rozepisovat,31383
ukončit,31384
studentstvo,31385
jindřichohradecký,31386
navyšovat,31387
odtěžení,31388
astrofyzik,31389
odvděčit,31390
projektování,31391
akviziční,31392
masokombinát,31393
racionalita,31394
konstituční,31395
urbanizace,31396
záští,31397
narukovat,31398
intervenovat,31399
legranda,31400
tableta,31401
splácení,31402
akvadukt,31403
prohlubovat,31404
pneu,31405
korespondovat,31406
několikaletý,31407
výkaz,31408
brandy,31409
mladost,31410
kardinální,31411
zvládnutelný,31412
mediace,31413
government,31414
manipulátor,31415
polévání,31416
celnice,31417
sponzor,31418
signifikantní,31419
notifikace,31420
polyfunkční,31421
osvědčovat,31422
loutna,31423
vyučení,31424
katalánský,31425
zainteresovaný,31426
úroveň,31427
knihovna,31428
rozvracet,31429
folie,31430
prognostický,31431
liturgie,31432
zkreslit,31433
důkazní,31434
kontroverzně,31435
uzbecký,31436
outsourcing,31437
východoněmecký,31438
poprask,31439
trutnovský,31440
vykládaný,31441
frázování,31442
cenzurovat,31443
krasobruslařský,31444
konzolový,31445
přečerpávání,31446
vychytaný,31447
rychlovlak,31448
pozdržet,31449
moralizování,31450
ekvádorský,31451
post,31452
přecenit,31453
omílat,31454
přetěžovat,31455
přízvisko,31456
kamenec,31457
trolejbusový,31458
zmítat,31459
mahátma,31460
sběratelka,31461
měřič,31462
výrobna,31463
žurnalistika,31464
transakce,31465
též,31466
přeposlat,31467
popkultura,31468
sport,31469
taverna,31470
sochorový,31471
rovnocenný,31472
dotknutelnost,31473
regresivní,31474
zdražení,31475
genocidium,31476
neurochirurg,31477
reboot,31478
přestřelit,31479
rozvracení,31480
zhmotnit,31481
prostřednictvím,31482
poněkolikáté,31483
positivní,31484
nepřetržitě,31485
medica,31486
elektrošok,31487
přihlašovat,31488
pokladnice,31489
propan,31490
internovat,31491
předposlední,31492
zdolávání,31493
kineziologie,31494
uzávěra,31495
vztažený,31496
mnohonárodnostní,31497
banskobystrický,31498
mix,31499
přeplnit,31500
cc,31501
muzikantka,31502
handle,31503
omlazovací,31504
čtyřiadvacetiletý,31505
přečerpání,31506
šťáhlavský,31507
pohřební,31508
elektrizující,31509
bene,31510
islamizace,31511
mapa,31512
alokace,31513
agentka,31514
mezopotámie,31515
únosnost,31516
postačující,31517
veřejnoprávní,31518
agentura,31519
zaskočení,31520
ždímání,31521
zanedbávání,31522
dědičně,31523
mikroprocesor,31524
zapravdu,31525
novinařina,31526
gramatika,31527
převýšit,31528
zločinný,31529
modulátor,31530
unix,31531
sladovna,31532
kánon,31533
nanejvýše,31534
náhrada,31535
hornictví,31536
absolventský,31537
čestnost,31538
rodokmen,31539
mezipatro,31540
omezovač,31541
analogově,31542
převodový,31543
urbanistický,31544
prohození,31545
setření,31546
ceremoniální,31547
faktický,31548
umisťování,31549
pomyslně,31550
rúf,31551
přezkoumávat,31552
camembert,31553
trigon,31554
piaristický,31555
nastoupit,31556
profitovat,31557
dukelský,31558
labouristický,31559
adheze,31560
slož,31561
represe,31562
lingvistický,31563
zásobující,31564
asymetrie,31565
inženýrský,31566
vynaložení,31567
vylití,31568
polymerní,31569
ignorování,31570
vězeňství,31571
karbonový,31572
pojistit,31573
restart,31574
fenomenální,31575
holdingový,31576
saúdskoarabský,31577
plusový,31578
slib,31579
rafinérie,31580
viewer,31581
foto,31582
příplatkový,31583
inkriminovaný,31584
modernost,31585
puta,31586
násilnický,31587
zamknutí,31588
korektura,31589
pašijový,31590
larisa,31591
rekuperace,31592
konečnost,31593
pravnuk,31594
bezchybný,31595
namyslet,31596
podílový,31597
simultánně,31598
dopisovatel,31599
plutonium,31600
vypůjčený,31601
gratis,31602
reklamovat,31603
severo,31604
bartolomějský,31605
ort,31606
vytáčení,31607
milénium,31608
přiřazení,31609
celek,31610
fojt,31611
maltský,31612
siena,31613
přenechávat,31614
odpoutat,31615
porazitelný,31616
referendum,31617
zopakování,31618
vyčlenit,31619
synergie,31620
záhodno,31621
skončení,31622
adhezní,31623
svízelný,31624
memoriam,31625
lakros,31626
ex,31627
třeštit,31628
outlet,31629
antisemita,31630
vzetí,31631
hlahol,31632
proradný,31633
zdolání,31634
odvětví,31635
rozbořit,31636
vlažně,31637
dovozovat,31638
pandur,31639
vykonávání,31640
sochařka,31641
emulátor,31642
duchovenstvo,31643
opevnit,31644
enduro,31645
prvotně,31646
samonabíjecí,31647
ionosféra,31648
zákonodárství,31649
uchovávání,31650
kádrový,31651
impotence,31652
úchylný,31653
mošnově,31654
rozvrhnout,31655
znojemský,31656
urologie,31657
žurnalista,31658
tamější,31659
náležitý,31660
tělovýchovný,31661
roztřídění,31662
boromejka,31663
valový,31664
doporučující,31665
bionafta,31666
zabezpečovat,31667
dvoudveřový,31668
bourání,31669
výkladový,31670
rozluštění,31671
převodní,31672
zjevený,31673
převálcovat,31674
expanze,31675
prezidentství,31676
opilství,31677
jablonecký,31678
repatriace,31679
konšel,31680
dovalit,31681
rozvíjení,31682
doložka,31683
umakart,31684
poprava,31685
předsednictví,31686
očekávání,31687
kalvárie,31688
raz,31689
rozsvěcení,31690
finalista,31691
obeznámení,31692
augustinián,31693
vykázat,31694
finda,31695
přidělený,31696
připadnout,31697
písemně,31698
usilující,31699
prolhaný,31700
summit,31701
ovocnářský,31702
traktorový,31703
skupování,31704
progresivně,31705
farmakoterapie,31706
zpaměti,31707
záruka,31708
tajně,31709
odpružený,31710
aristokratka,31711
vně,31712
ustrnout,31713
dosavadní,31714
bosky,31715
doktorský,31716
pronásledující,31717
kernel,31718
sedmdesátiletý,31719
posvěcení,31720
volby,31721
srpnový,31722
oddálení,31723
vyvěšovat,31724
sorta,31725
vokalista,31726
zdvojnásobit,31727
topas,31728
přetrvat,31729
zanikající,31730
semtex,31731
jednotka,31732
narativní,31733
demokraticky,31734
trial,31735
obohacování,31736
sterilizovat,31737
pluralita,31738
organizačně,31739
team,31740
přepočítat,31741
zapůjčení,31742
odvodňovat,31743
terapeuticky,31744
zapojení,31745
přiklánět,31746
dočasně,31747
budující,31748
žárový,31749
pořádaný,31750
modlářství,31751
developerský,31752
rabín,31753
download,31754
žertování,31755
automechanik,31756
trojmezí,31757
vojtův,31758
příčinný,31759
válečnictví,31760
posluchárna,31761
přestupný,31762
cayenne,31763
zborovský,31764
diskvalifikace,31765
transfer,31766
implicitně,31767
tenze,31768
zaostat,31769
konstitutivní,31770
mechanizovaný,31771
psychoterapeutka,31772
přepínání,31773
odepřít,31774
nabyvatel,31775
psychotest,31776
přesměrovat,31777
pamětihodnost,31778
vysokorychlostní,31779
historický,31780
rozeslat,31781
cyklistka,31782
referent,31783
selen,31784
ohraničení,31785
bonita,31786
indo,31787
pardo,31788
šejkr,31789
mírově,31790
spřízněnost,31791
vyměřit,31792
návladní,31793
grog,31794
kompilace,31795
vyvrácený,31796
mnohaletý,31797
skauting,31798
slučování,31799
persky,31800
garanční,31801
pesach,31802
omilostnit,31803
vkv,31804
analogický,31805
otvírání,31806
rozprodat,31807
provozně,31808
schůdný,31809
vznesení,31810
bulharsko,31811
oderský,31812
utkvět,31813
rozvodněný,31814
stírání,31815
letnit,31816
chelčický,31817
uposlechnout,31818
oplatit,31819
namísto,31820
pryž,31821
rovnost,31822
porovnatelně,31823
šajch,31824
laureát,31825
bark,31826
probíraný,31827
příznivě,31828
echo,31829
zrestaurovat,31830
stážista,31831
superior,31832
souvislost,31833
rima,31834
protiopatření,31835
smysluplnost,31836
rozštěpení,31837
poloosa,31838
konfeta,31839
durový,31840
měsíčník,31841
zastavování,31842
předání,31843
dovršení,31844
narůstání,31845
kolaborace,31846
platně,31847
chien,31848
papírenský,31849
demokratizace,31850
protetický,31851
expřítelkyně,31852
atletika,31853
zasnoubit,31854
dokumentující,31855
zletilost,31856
uzavírací,31857
ej,31858
eskalovat,31859
levitovat,31860
regium,31861
distribuce,31862
futurum,31863
výhodně,31864
devizový,31865
založení,31866
rozcházet,31867
lživě,31868
psychoanalýza,31869
editování,31870
út,31871
naplno,31872
politologie,31873
rukověť,31874
vyvraždění,31875
protiprávně,31876
kontextový,31877
provádějící,31878
keyboard,31879
každodenně,31880
datsun,31881
izolování,31882
makarský,31883
přehrání,31884
uvalit,31885
prodloužení,31886
chef,31887
vysvětit,31888
presumpce,31889
analytický,31890
konzervování,31891
království,31892
ranhojič,31893
konečná,31894
zmrzačení,31895
baseballista,31896
kosovo,31897
zpevňování,31898
bezúspěšně,31899
domoci,31900
kolizní,31901
angažovanost,31902
propracovanost,31903
křesťanstvo,31904
odpírání,31905
loupnout,31906
kulminovat,31907
přičíst,31908
stavebnice,31909
směřovaný,31910
bohnický,31911
provozující,31912
překrucování,31913
půlhodinový,31914
nevole,31915
progrese,31916
sabotovat,31917
dvoutřetinový,31918
maloměstský,31919
profilovat,31920
odpovídání,31921
prostějovský,31922
poukazující,31923
sado,31924
diplomovaný,31925
podcenění,31926
rozřešení,31927
bezprecedentní,31928
průmyslovka,31929
značka,31930
odlehčovat,31931
harmonogram,31932
šestitýdenní,31933
severomoravský,31934
šéftrenér,31935
ovlivněný,31936
aktivizační,31937
odstupovat,31938
alokovat,31939
vyjmutí,31940
investigativní,31941
rozmyšlení,31942
asociace,31943
dějinný,31944
vykopávka,31945
kupónový,31946
magnetismus,31947
pročítání,31948
jednoúčelový,31949
tilda,31950
přesídlení,31951
retrográdní,31952
obchodovatelný,31953
limita,31954
odečítat,31955
inkluzívní,31956
provizorně,31957
transmutace,31958
tržně,31959
posledně,31960
nešpory,31961
stoke,31962
schválený,31963
cirk,31964
uzamknout,31965
majoritní,31966
palla,31967
exlibris,31968
automobilismus,31969
garážový,31970
sabotáž,31971
specialistka,31972
oslavný,31973
čtyřhodinový,31974
vyhotovení,31975
šéfkonstruktér,31976
whirlpool,31977
sousední,31978
pašeráctví,31979
korejština,31980
modelářský,31981
vzdělání,31982
skoncovat,31983
frontový,31984
omluvný,31985
doktorát,31986
katolictví,31987
utěsnění,31988
curriculum,31989
dekódování,31990
klonový,31991
uprchlický,31992
tranzistor,31993
astrolog,31994
demilitarizovaný,31995
objektový,31996
povrchově,31997
donucovací,31998
archiválie,31999
ohlašující,32000
stáž,32001
terminální,32002
banderovec,32003
vlastněný,32004
objevitel,32005
řadicí,32006
skladatelův,32007
směšovací,32008
rozhořčený,32009
vlastnění,32010
očernit,32011
překazit,32012
perfekcionista,32013
těžkotonážní,32014
placení,32015
omladina,32016
odvádějící,32017
budínský,32018
nacionální,32019
důstojnický,32020
petanque,32021
přesvědčivost,32022
nastalý,32023
procedura,32024
mentor,32025
howgh,32026
dořešení,32027
protestantismus,32028
kompaktně,32029
lomítko,32030
vazební,32031
novoluní,32032
povděk,32033
pojišťovací,32034
myšlenkově,32035
promenádní,32036
subdodavatel,32037
plynárenský,32038
obléhání,32039
výslovně,32040
pochovat,32041
dopravení,32042
podsekce,32043
služebna,32044
sterilita,32045
excelentní,32046
bulvár,32047
opravný,32048
eliminovat,32049
buffet,32050
rešerše,32051
kvórum,32052
posilující,32053
rozšiřitelnost,32054
upravování,32055
odříznout,32056
assembler,32057
právně,32058
analyzátor,32059
dosvědčit,32060
ženevský,32061
týkající,32062
otextovat,32063
datově,32064
balící,32065
samočinný,32066
brífink,32067
matrika,32068
pondělní,32069
narychlo,32070
bukovina,32071
uvěznění,32072
zaběhlý,32073
související,32074
vynutit,32075
rin,32076
těžař,32077
limitní,32078
litevský,32079
rozmetat,32080
překročit,32081
logos,32082
blokovaný,32083
poodhalovat,32084
marxizmus,32085
eternit,32086
podnikatelsky,32087
wehrmacht,32088
patronka,32089
přestupový,32090
znárodnit,32091
požehnat,32092
archeoložka,32093
nadále,32094
dojíždět,32095
dodržet,32096
pozdvihnout,32097
rozvážení,32098
rastr,32099
repro,32100
danit,32101
ksicht,32102
harissa,32103
kriminalistka,32104
kandidátní,32105
svatováclavský,32106
zkvalitnění,32107
pluralitní,32108
sukový,32109
frontier,32110
varný,32111
vystavění,32112
spolupráce,32113
očištění,32114
existence,32115
konzulát,32116
roubat,32117
br,32118
propadání,32119
propojení,32120
poskytnout,32121
info,32122
podpůrný,32123
martinský,32124
přerušování,32125
přetvořit,32126
dynamo,32127
dvourychlostní,32128
sousedit,32129
spisovatelův,32130
rozzuření,32131
ludlov,32132
regulérní,32133
nedoplatek,32134
výmarský,32135
znesvářený,32136
završit,32137
imobilní,32138
seřazení,32139
kolegiální,32140
rozvaděč,32141
indiferentní,32142
stylista,32143
ujištění,32144
konsenzuální,32145
burger,32146
astronomie,32147
seminář,32148
iluminát,32149
deblový,32150
rally,32151
komunikačně,32152
kibuc,32153
hifi,32154
kena,32155
vyvázat,32156
uhrazení,32157
podporovat,32158
čelící,32159
normálka,32160
místopředsedkyně,32161
cyklický,32162
svolání,32163
čtvrtstoletí,32164
cukrářství,32165
zaoceánský,32166
východo,32167
příprava,32168
navštívený,32169
regulární,32170
poctít,32171
zapracování,32172
mezník,32173
novozákonní,32174
nástup,32175
golf,32176
stack,32177
oddělující,32178
šestiválcový,32179
holešovský,32180
sektor,32181
libanonský,32182
domlouvání,32183
zameknout,32184
sukno,32185
dostup,32186
zarputile,32187
bohumínský,32188
hmotně,32189
traťový,32190
podepsaný,32191
klasifikace,32192
offset,32193
da,32194
dávkovač,32195
tělocvičný,32196
svor,32197
odvysílat,32198
patience,32199
znevýhodňovat,32200
bugy,32201
labourista,32202
kustod,32203
výpis,32204
žhářství,32205
klientův,32206
nástrojař,32207
rozložitelný,32208
osmiválcový,32209
desetikilometrový,32210
provázat,32211
profilový,32212
polsky,32213
novo,32214
vyznačení,32215
vyděračský,32216
ovlivnění,32217
vysvítat,32218
šroubovice,32219
zaměřovací,32220
bosenský,32221
motorizovaný,32222
zápasový,32223
vdávání,32224
insignie,32225
dobově,32226
pozměnění,32227
popravčí,32228
zbavení,32229
uplatnění,32230
centrála,32231
zatížit,32232
zabarikádovat,32233
trojnásobně,32234
miss,32235
soudcovský,32236
link,32237
polarizovaný,32238
trendy,32239
glanc,32240
vlastnický,32241
odčerpávat,32242
naspořený,32243
vyčerpat,32244
user,32245
proletář,32246
odpočítávat,32247
modřanský,32248
předehnat,32249
kompaktnost,32250
dohledávání,32251
marxistický,32252
navrácení,32253
reb,32254
znehodnocený,32255
nenávistně,32256
rastrový,32257
připomínkový,32258
pomlouvání,32259
prozíravý,32260
zvůle,32261
vedlejší,32262
odbočující,32263
pokládka,32264
inkasovaný,32265
volkswagen,32266
výslovný,32267
kamaz,32268
přimíchat,32269
znevažování,32270
estonština,32271
pranic,32272
odsloužit,32273
substantivum,32274
rafting,32275
vysočanský,32276
dohoda,32277
casino,32278
zpožděný,32279
obstrukční,32280
saz,32281
dřevařský,32282
předpojatost,32283
syntezátor,32284
iluzívní,32285
správnost,32286
podporovaný,32287
císařství,32288
ukamenování,32289
sak,32290
siro,32291
odesilatel,32292
řešící,32293
zvelebování,32294
rozvržení,32295
streamovací,32296
ulehčení,32297
uznávání,32298
zastavení,32299
nihilismus,32300
zmenšenina,32301
zpřesnění,32302
implicitní,32303
zhodnocování,32304
kosmeticky,32305
souběžně,32306
akreditace,32307
synchronizace,32308
maďarsko,32309
wok,32310
tabulový,32311
odbočovací,32312
počestný,32313
trestněprávní,32314
zkonfiskovat,32315
hierarchický,32316
vysídlení,32317
akcelerace,32318
převod,32319
krajanka,32320
zadlužit,32321
obhájce,32322
záznamový,32323
realizační,32324
rebelský,32325
dešifrovat,32326
rozepsat,32327
branding,32328
pojistný,32329
zmrazování,32330
doznívající,32331
mluvnice,32332
formalismus,32333
porotkyně,32334
kapitola,32335
sestrojení,32336
ovlivňující,32337
zarovnání,32338
ponechaný,32339
getsemanský,32340
roztříštění,32341
opětovný,32342
vypovězení,32343
konečně,32344
automatizovat,32345
radiologický,32346
oddělovač,32347
epilog,32348
utvrzovat,32349
dokázaný,32350
secí,32351
pokerový,32352
rozmach,32353
přesvědčování,32354
signalizující,32355
podskupina,32356
reformace,32357
právoplatný,32358
povzbudit,32359
absolutismus,32360
meziválečný,32361
ověřovací,32362
následovně,32363
vyzvání,32364
vodoprávní,32365
inzerovat,32366
technolog,32367
termínovaný,32368
diference,32369
navrhování,32370
externě,32371
dešifrování,32372
vedeta,32373
invenční,32374
protidrogový,32375
nanovo,32376
reální,32377
garde,32378
cuc,32379
bezletový,32380
masmédium,32381
identicky,32382
zastavění,32383
obyvatelka,32384
safe,32385
pomlčka,32386
zaškrtnout,32387
zatěžující,32388
poruchový,32389
telegrafní,32390
anesteziolog,32391
jednotlivost,32392
videohovor,32393
divizní,32394
popořadě,32395
rozladění,32396
vypisovat,32397
protekce,32398
zlepšování,32399
baronka,32400
začlenit,32401
vypočítaný,32402
padesátiletý,32403
vychylovat,32404
kant,32405
okultista,32406
jednomandátový,32407
laktační,32408
tutti,32409
stabilizace,32410
nakoupený,32411
autodíl,32412
uznale,32413
velkoprostorový,32414
značící,32415
profit,32416
čtyřnásobný,32417
odbourat,32418
plenta,32419
nadprodukce,32420
špionáž,32421
mezistupeň,32422
uchování,32423
re,32424
dálnopis,32425
zmapování,32426
streamovat,32427
pancéřový,32428
ortoped,32429
povolební,32430
nováčkovský,32431
působení,32432
prostupnost,32433
despotický,32434
nadbytečnost,32435
perzekuce,32436
frankový,32437
vyprovodit,32438
studovaný,32439
těsně,32440
mon,32441
esejista,32442
zmařený,32443
soulad,32444
mafiánský,32445
odbory,32446
ubohost,32447
forte,32448
evangelizace,32449
spříznění,32450
průsmyk,32451
jímat,32452
auditor,32453
stávkovat,32454
frater,32455
zaškolení,32456
povyšování,32457
zpřístupněný,32458
vypracování,32459
telegraficky,32460
výjezd,32461
informačně,32462
sborově,32463
zdůrazňující,32464
pokřivení,32465
sos,32466
kopřivnický,32467
baráž,32468
zdržovací,32469
rozprodávat,32470
battle,32471
promotér,32472
třídicí,32473
doložitelný,32474
nahrazování,32475
reformátor,32476
zasnoubení,32477
drift,32478
zahlazení,32479
aktivizovat,32480
nápravný,32481
obnova,32482
cenzurovaný,32483
zajatecký,32484
orbit,32485
abdikace,32486
vydatnost,32487
uplatňování,32488
obuvnický,32489
vyzdvižení,32490
unit,32491
fáze,32492
retrospektiva,32493
názorově,32494
vylidněný,32495
odnož,32496
každoroční,32497
sepsaný,32498
předělání,32499
filantropie,32500
zvýrazňující,32501
ranec,32502
nastupování,32503
zlatka,32504
mogul,32505
nízkoemisní,32506
vyvěrající,32507
gardista,32508
transformovat,32509
anarchismus,32510
anagram,32511
licencovaný,32512
prostitut,32513
třítýdenní,32514
zúročit,32515
no,32516
snažně,32517
kapitulovat,32518
sjednocení,32519
vyučovaný,32520
válcování,32521
charitní,32522
hackování,32523
arbitrážní,32524
vysokoteplotní,32525
sjednaný,32526
spektrometrie,32527
doplňkově,32528
zarytý,32529
lingvista,32530
padre,32531
patriarcha,32532
guta,32533
korona,32534
dědický,32535
perestrojka,32536
zaznění,32537
zpacifikovat,32538
nahrání,32539
relevance,32540
karlínský,32541
won,32542
skriptum,32543
interní,32544
zmrazit,32545
podporovatel,32546
plánovač,32547
trojkoalice,32548
žensky,32549
vrýt,32550
zesměšňování,32551
transevropský,32552
plénum,32553
pošramocený,32554
výmaz,32555
prozíravost,32556
synchronní,32557
kanálový,32558
upřednostnění,32559
odklonění,32560
hmotněprávní,32561
uskutečnění,32562
loreta,32563
oddávající,32564
výhledově,32565
namnoze,32566
kroměřížský,32567
kanoistika,32568
gogo,32569
úřadovat,32570
mikročip,32571
listinný,32572
zveličování,32573
rozdvojení,32574
časoprostorový,32575
mapování,32576
tavící,32577
lexikální,32578
aspirin,32579
rozumově,32580
balistika,32581
projektovaný,32582
dolovat,32583
přivlastňovací,32584
motokros,32585
vyprovokování,32586
strhávání,32587
napasovat,32588
obehnat,32589
zapálení,32590
protestní,32591
rozebrání,32592
eskorta,32593
benetton,32594
hlásající,32595
ob,32596
propuštění,32597
důchodkyně,32598
slangový,32599
sbližovat,32600
naléhat,32601
falzum,32602
kosmologie,32603
samohybný,32604
rozestavění,32605
ulehčit,32606
vniveč,32607
pětiminutový,32608
agenda,32609
porto,32610
calvados,32611
národopisný,32612
zasvěceně,32613
vypravování,32614
prekérní,32615
nashromážděný,32616
převaděč,32617
zdymadlo,32618
znemožnit,32619
sázavský,32620
nárazově,32621
zabývající,32622
neonacistický,32623
zakázkový,32624
svahový,32625
zviditelňovat,32626
benediktin,32627
kompetenční,32628
únosný,32629
zadlužování,32630
navléknout,32631
bezesný,32632
utišení,32633
zpronevěra,32634
otvírací,32635
cytostatikum,32636
pobočka,32637
roveň,32638
regata,32639
křižovat,32640
mailer,32641
mnohost,32642
ideově,32643
konkursní,32644
důchodový,32645
správcová,32646
elektrum,32647
dokončení,32648
ústavně,32649
vysílající,32650
předvídání,32651
astmatik,32652
zajímající,32653
acetát,32654
elektrárenský,32655
pokoušení,32656
oslabování,32657
lobkovický,32658
finančně,32659
templářský,32660
hydroxy,32661
brief,32662
odhadování,32663
purim,32664
rest,32665
kapacitní,32666
kytaristka,32667
kvantifikace,32668
svařování,32669
udělování,32670
biatlonový,32671
nezaměstnaná,32672
abatyše,32673
becherovka,32674
tržný,32675
tylový,32676
imperialistický,32677
vyprosit,32678
mobilizovat,32679
výňatek,32680
kořenově,32681
kompenzační,32682
slavice,32683
hold,32684
neporazitelnost,32685
revma,32686
popravený,32687
roudnický,32688
těžící,32689
upgradovat,32690
obchodnice,32691
šéfdirigent,32692
dělostřelec,32693
kutna,32694
vynucovat,32695
japan,32696
slovesnost,32697
rozpuštění,32698
pohasnout,32699
nastálo,32700
dohadování,32701
zpustnout,32702
zmanipulovaný,32703
podkopat,32704
převelet,32705
vazal,32706
spolufinancování,32707
najíždět,32708
proražení,32709
kauzalita,32710
teologie,32711
signor,32712
rozhodnost,32713
tambor,32714
usmířený,32715
očíslovaný,32716
donucování,32717
předávání,32718
klíčový,32719
pokoření,32720
tantiéma,32721
ubezpečit,32722
passé,32723
významně,32724
zjednat,32725
zarputilý,32726
obtížnost,32727
květnový,32728
deklarace,32729
prosincový,32730
nestrannost,32731
mravnostní,32732
pobořit,32733
umprum,32734
jo,32735
odrážení,32736
nedílný,32737
držba,32738
notový,32739
velkolepě,32740
remedium,32741
čtenářství,32742
bankrot,32743
benediktinský,32744
expozitura,32745
proprieta,32746
vidno,32747
ženijní,32748
portrétování,32749
benchmark,32750
zabudovat,32751
interest,32752
jive,32753
azylový,32754
posloupnost,32755
filmově,32756
zakazující,32757
semestrální,32758
finalistka,32759
minový,32760
kvestor,32761
požívající,32762
rapsodie,32763
zavázat,32764
břeclavský,32765
lemma,32766
intenzívně,32767
mělnické,32768
boulevard,32769
duální,32770
rýna,32771
zatajení,32772
okupační,32773
shopping,32774
mandatorní,32775
margo,32776
udělení,32777
odkdy,32778
zpeněžení,32779
kýžený,32780
fí,32781
zaměstnankyně,32782
garant,32783
zdvojení,32784
stírací,32785
dvoutýdenní,32786
recitační,32787
hodinářství,32788
přádelna,32789
multiplayerový,32790
triangulace,32791
vyhýbavě,32792
psychoanalytik,32793
velkosklad,32794
travesti,32795
pozůstalost,32796
škálování,32797
tahanice,32798
odpalování,32799
boskovický,32800
zvažování,32801
prodigo,32802
ignorance,32803
debatní,32804
nezdar,32805
vykořenit,32806
odvát,32807
penalizace,32808
znechucený,32809
propustnost,32810
vychodit,32811
hraničář,32812
požárník,32813
audi,32814
nástin,32815
prolog,32816
vyhlašování,32817
posilový,32818
vyšebrodský,32819
montér,32820
brooklynský,32821
abecedně,32822
paušál,32823
vehementně,32824
interpretační,32825
prudérní,32826
odveta,32827
chemicko,32828
civic,32829
margin,32830
oživování,32831
urážlivě,32832
storno,32833
upevňovat,32834
spalinový,32835
dotlačit,32836
maření,32837
zakonzervovat,32838
neexistence,32839
obligace,32840
akreditační,32841
závaznost,32842
oddělitelný,32843
začlenění,32844
intervenční,32845
benzen,32846
zatýkat,32847
hrazení,32848
guide,32849
protiruský,32850
analogicky,32851
bezpartijní,32852
kendo,32853
pa,32854
dosažitelnost,32855
eutanazie,32856
vydávání,32857
definitiva,32858
prohlášený,32859
připočítat,32860
luft,32861
nemovitost,32862
dvaatřicetiletý,32863
hitlerovský,32864
ozdravovna,32865
opakovací,32866
vymalování,32867
concertino,32868
přestupovat,32869
raut,32870
odstoupit,32871
vybídnout,32872
invalida,32873
stalinský,32874
organizátorka,32875
uzávěrka,32876
rum,32877
účtovat,32878
prostupující,32879
odstěhování,32880
odpykat,32881
vymínit,32882
podoblast,32883
vyčerpání,32884
konfrontace,32885
excelence,32886
nejasnost,32887
lokací,32888
kabinkový,32889
budoucnost,32890
zamykání,32891
konkretizovat,32892
pořízená,32893
spoluobčan,32894
canal,32895
filozoficky,32896
posuzující,32897
někdejší,32898
standardizovaný,32899
veta,32900
primátorky,32901
mezistátní,32902
uvedení,32903
prezentující,32904
přenechání,32905
autoklub,32906
ketamin,32907
nadcházející,32908
disent,32909
pochodovat,32910
joj,32911
podání,32912
retrospektivní,32913
pomeje,32914
spolujezdkyně,32915
vytlačování,32916
inkaso,32917
lakonicky,32918
importér,32919
poskytování,32920
vědkyně,32921
dušní,32922
vylepšování,32923
flexibilně,32924
logistika,32925
rozvědka,32926
sedmadvacetiletý,32927
pětice,32928
naftový,32929
zbohatnutí,32930
dung,32931
dobývání,32932
objíždět,32933
oplácet,32934
loajálně,32935
zářijový,32936
shromažďovací,32937
nevolník,32938
matička,32939
tematizovat,32940
zatýkací,32941
součinnost,32942
zakladatelka,32943
turnajový,32944
astrologický,32945
šestnáctka,32946
salam,32947
propagandisticky,32948
zbavený,32949
flamenco,32950
renovovaný,32951
normalizovat,32952
jednadvacetiletý,32953
demagog,32954
roztržení,32955
straník,32956
stanování,32957
nejasný,32958
biochemie,32959
prvovýstup,32960
postgraduální,32961
predikovat,32962
sionistický,32963
boxový,32964
psychiatrička,32965
přiřazování,32966
sekt,32967
pokrok,32968
sirný,32969
zlatnický,32970
vikomt,32971
tie,32972
drogově,32973
povolaný,32974
muzikolog,32975
komerce,32976
kryptografie,32977
zbourání,32978
ekonomie,32979
obchodovaný,32980
třicetidenní,32981
aprílový,32982
nastartovat,32983
zpochybnění,32984
lomný,32985
spolupachatel,32986
edukativní,32987
snowboardistka,32988
biometrie,32989
zdravotnice,32990
vágně,32991
kotvení,32992
napomenout,32993
downtown,32994
odpadnutí,32995
iso,32996
svěcení,32997
cechovní,32998
obohacující,32999
košický,33000
kapitulace,33001
obsáhle,33002
komplikovanost,33003
tísnivý,33004
porsche,33005
evakuační,33006
objasňovat,33007
ulehčovat,33008
posílený,33009
zadost,33010
naverbovat,33011
spekulant,33012
latinka,33013
dodržení,33014
tyrosin,33015
hereze,33016
ring,33017
tolerovaný,33018
odejmout,33019
zcizení,33020
obhajující,33021
buržoazie,33022
streamovaný,33023
depot,33024
ředitelský,33025
rokycanský,33026
klaret,33027
barcelonský,33028
debl,33029
ucházející,33030
lokalizační,33031
učednice,33032
návrhový,33033
třídírna,33034
těžení,33035
vyčerpanost,33036
misijní,33037
autonomní,33038
vyhrazovat,33039
pravopisný,33040
správní,33041
modální,33042
uzamykatelný,33043
chromatografie,33044
diktafon,33045
dodatečně,33046
biskupství,33047
odpis,33048
kolokvium,33049
sevření,33050
babský,33051
místenka,33052
rozvázat,33053
demoliční,33054
zadatelný,33055
přistěhování,33056
sinat,33057
kerberův,33058
izolovanost,33059
svrchovaně,33060
uskutečněný,33061
klastr,33062
zahušťování,33063
anglosaský,33064
patriot,33065
springfieldský,33066
tatami,33067
nasrat,33068
detonační,33069
kanovník,33070
konferenční,33071
ferrata,33072
dorovnání,33073
zdiskreditovat,33074
slovinec,33075
neonacismus,33076
ořezávání,33077
spínání,33078
rozhořet,33079
zmanipulovat,33080
cihelně,33081
autenticita,33082
padnutí,33083
vatra,33084
proletářský,33085
gaudium,33086
autonomie,33087
ospravedlnění,33088
nařízený,33089
hrr,33090
schema,33091
obdarování,33092
rozkol,33093
bojůvka,33094
doktrína,33095
franko,33096
rozbalovat,33097
zprostředkující,33098
konající,33099
inovovat,33100
maratónský,33101
srbština,33102
vyřazování,33103
term,33104
zavlažovat,33105
sousedící,33106
navyšování,33107
odečíst,33108
pokoušející,33109
respektující,33110
odemčení,33111
eventuální,33112
metafyzika,33113
penthouse,33114
filmografie,33115
sebrání,33116
bezodkladně,33117
odčinit,33118
prosinec,33119
dopočítat,33120
gyroskop,33121
zaplacení,33122
leden,33123
uváženě,33124
dezerce,33125
kněžství,33126
stereo,33127
vyvražďování,33128
dispečerský,33129
strukturní,33130
milník,33131
zruinovat,33132
úrazový,33133
poskytnutí,33134
erární,33135
přiložení,33136
absolutno,33137
bateriový,33138
zkvalitňování,33139
tázací,33140
bezpečnostní,33141
jednotící,33142
randit,33143
inkvizice,33144
dostačovat,33145
brexit,33146
dohrávat,33147
zinscenovat,33148
kancionál,33149
prolitý,33150
nanotechnologie,33151
uvědomování,33152
poustka,33153
deal,33154
advokacie,33155
překryv,33156
znásobit,33157
seznamovací,33158
protikladný,33159
zpeněžit,33160
precedens,33161
reziduální,33162
dokládající,33163
bezcelní,33164
monopolní,33165
romština,33166
odmlčet,33167
bouchal,33168
bratrství,33169
babybox,33170
rozvodný,33171
tesařský,33172
podunajský,33173
umísťování,33174
roztržený,33175
dvaadvacetiletý,33176
ustavení,33177
madridský,33178
rychlobruslař,33179
draftovat,33180
prokurista,33181
přenositelnost,33182
prioritně,33183
kaťuša,33184
sémantický,33185
selekční,33186
zápůjčka,33187
sběrna,33188
interdisciplinární,33189
čipset,33190
nahrazení,33191
liberalizace,33192
převzetí,33193
tvrdící,33194
renta,33195
měnění,33196
zplnomocnění,33197
deviza,33198
navolit,33199
korejsky,33200
surovost,33201
znovuzvolení,33202
křemíkový,33203
vyrovnání,33204
polknout,33205
indikující,33206
přesvatý,33207
horna,33208
evidence,33209
vyznávání,33210
směšování,33211
elitní,33212
technologie,33213
šroubování,33214
zavraždění,33215
pohraničník,33216
softwarově,33217
ekonomka,33218
muzikoterapie,33219
slabozraký,33220
pekařský,33221
satanský,33222
kobos,33223
momentka,33224
homeopatie,33225
pankrácký,33226
antifašista,33227
sblížení,33228
knockout,33229
insider,33230
sumární,33231
snaživý,33232
reformista,33233
pokárání,33234
kulak,33235
bezezbytku,33236
argon,33237
zmírňovat,33238
nabourávat,33239
oficiální,33240
předvídaný,33241
spravovaný,33242
zločinnost,33243
vícedenní,33244
odhlášení,33245
semifinalista,33246
mapující,33247
psychedelie,33248
persio,33249
vykopání,33250
haram,33251
zkompletovat,33252
urbanisticky,33253
vymyšlení,33254
východoindický,33255
motocyklista,33256
zrychleně,33257
tavený,33258
peeling,33259
postupující,33260
znevýhodnit,33261
oponovat,33262
vypínací,33263
definovatelný,33264
papírně,33265
důvěrnost,33266
banking,33267
odešle,33268
chaoticky,33269
strojírenství,33270
zaviněný,33271
cílevědomost,33272
přitěžující,33273
gradace,33274
dementi,33275
vyrovnávání,33276
synchronně,33277
imperativ,33278
segregace,33279
utěšený,33280
dialogový,33281
affaires,33282
viz,33283
vybourání,33284
obžalovaná,33285
zapříčiněný,33286
osmdesátiletý,33287
dema,33288
bezpečno,33289
vypátrat,33290
vis,33291
nativně,33292
krach,33293
visnout,33294
naražení,33295
teleshopping,33296
softball,33297
kompakt,33298
manipulující,33299
předělaný,33300
komsomolec,33301
feedback,33302
zámečnictví,33303
nekázeň,33304
dokupovat,33305
spojnice,33306
hutnictví,33307
rozvodový,33308
krácení,33309
ultrapravicový,33310
cesium,33311
disponibilní,33312
zdražit,33313
univerzálnost,33314
integrační,33315
tlumočení,33316
union,33317
odříkat,33318
manila,33319
toskánský,33320
chorvatsky,33321
legitimace,33322
babylonský,33323
nefrologie,33324
archeologicky,33325
ročenka,33326
fotovoltaika,33327
veslařský,33328
polarizace,33329
katalánština,33330
gladiátorský,33331
probrání,33332
dělitelný,33333
rabovat,33334
rychloměr,33335
hypotéční,33336
tag,33337
nabízení,33338
agregátní,33339
ementál,33340
sic,33341
sjednocovat,33342
hospitalizovaný,33343
vzdorující,33344
oceňování,33345
tajemnost,33346
zdanění,33347
posudkový,33348
ohledně,33349
investičně,33350
patent,33351
odkrývání,33352
slíbený,33353
prominentní,33354
kalcium,33355
zohlednění,33356
přímočarost,33357
farmacie,33358
zpřehlednění,33359
podepisování,33360
rehabilitační,33361
utajování,33362
zvrácení,33363
zastřešující,33364
pediatrička,33365
hantýrka,33366
ionizace,33367
fotoateliér,33368
permanentní,33369
útulno,33370
zpomalující,33371
strukturování,33372
albánština,33373
dimenzionální,33374
velkofilm,33375
bohorodice,33376
editorka,33377
religionista,33378
zarovnaný,33379
bah,33380
ustanovený,33381
fik,33382
dopátrat,33383
rekultivace,33384
historicky,33385
pětistupňový,33386
autentizace,33387
deklasovat,33388
blahoslavený,33389
křesťansko,33390
časopisecky,33391
osazovat,33392
empirický,33393
gubernátor,33394
denár,33395
nadčasovost,33396
bigotní,33397
knihomol,33398
splacení,33399
žatecký,33400
pokračovatel,33401
odkrytí,33402
neoliberální,33403
zmodernizovat,33404
lomit,33405
živelně,33406
badatelský,33407
člověčenství,33408
věcnost,33409
kapitula,33410
devítičlenný,33411
rozpoutat,33412
edukace,33413
narativ,33414
layer,33415
rozbroj,33416
doprovázení,33417
zkušebně,33418
stáčení,33419
přerušit,33420
havlíčkobrodský,33421
koexistence,33422
vyjednávat,33423
korespondent,33424
dovršit,33425
dvouhodinový,33426
arménský,33427
portfolio,33428
autorizovaný,33429
zpozdit,33430
kulma,33431
osobnostní,33432
vývojářský,33433
šampión,33434
extrakce,33435
akcelerátor,33436
protínat,33437
napravování,33438
promeškat,33439
vzpomínání,33440
dořešený,33441
odzbrojit,33442
suburbanizace,33443
recenzní,33444
vysokopevnostní,33445
stolit,33446
setrvávání,33447
zámkový,33448
vyzpovídat,33449
dvouměsíční,33450
rezort,33451
titulovat,33452
flamengo,33453
neřku,33454
interkulturní,33455
nakonfigurovat,33456
provázející,33457
hurda,33458
střelkyně,33459
implementovaný,33460
završovat,33461
noblesa,33462
vyžadovaný,33463
premiérův,33464
etna,33465
selektivně,33466
stejno,33467
vzdělat,33468
prefix,33469
ablace,33470
zlepšovák,33471
bódhi,33472
inspektorát,33473
mek,33474
vandalství,33475
svévolný,33476
celonárodní,33477
ohm,33478
volatilita,33479
studující,33480
pohotový,33481
perspektivně,33482
křenový,33483
jednoznačnost,33484
lithiový,33485
zařeknout,33486
stipendium,33487
hardwarově,33488
upomínka,33489
stabilizující,33490
nadace,33491
spouštěcí,33492
komanditní,33493
soustátí,33494
octavia,33495
konání,33496
střetávat,33497
organizování,33498
kryptografický,33499
helm,33500
astrální,33501
koproducent,33502
bezbožný,33503
družstevnictví,33504
četně,33505
kamenictví,33506
seminární,33507
kapitalizace,33508
zhoršování,33509
kritička,33510
gulden,33511
ediční,33512
byrokratický,33513
portland,33514
podprogram,33515
přibývání,33516
diaspora,33517
přihrávat,33518
indukčnost,33519
bianco,33520
anulovat,33521
léčící,33522
rozčarovaný,33523
vstupující,33524
zformovat,33525
legát,33526
tavenina,33527
rifle,33528
listopad,33529
odkazování,33530
komise,33531
autoškola,33532
produkčně,33533
lozit,33534
pohorský,33535
utvoření,33536
magazine,33537
asistovat,33538
auditorium,33539
sledující,33540
šampionka,33541
odehrání,33542
profesně,33543
bagatelizovat,33544
listopadový,33545
datování,33546
povznesení,33547
brankářka,33548
souborně,33549
utlumení,33550
příkaz,33551
bojovně,33552
načít,33553
zprovoznit,33554
scilicet,33555
vztažný,33556
disociativní,33557
layout,33558
děkanství,33559
mapping,33560
apartheid,33561
vyčleňovat,33562
spřáhlo,33563
rav,33564
obracení,33565
vyřízený,33566
významový,33567
proti,33568
jednatelka,33569
zadlužení,33570
svazek,33571
chevalier,33572
reaktivita,33573
protinávrh,33574
mezzopiano,33575
kooperativní,33576
úměrnost,33577
kvantově,33578
dotační,33579
půle,33580
setrvalý,33581
rozřešit,33582
vyvrácení,33583
nápomocný,33584
třídící,33585
rozumnost,33586
narušující,33587
rozmoci,33588
popírání,33589
neotřesitelný,33590
saxon,33591
úvazek,33592
zamlčet,33593
schematický,33594
prokuratura,33595
širokopásmový,33596
dokonání,33597
neutralizace,33598
dentista,33599
důstojnice,33600
nevraživost,33601
sezvat,33602
lad,33603
hyperinflace,33604
tiskař,33605
zaplacený,33606
umírněnost,33607
pokladnička,33608
vladislavský,33609
vymoženost,33610
zakladatel,33611
kinofilm,33612
léčitelský,33613
vyhotovit,33614
bourací,33615
nábřežní,33616
vyrozumění,33617
vertex,33618
depozitum,33619
bunker,33620
nomenklatura,33621
dolování,33622
skládaný,33623
radiofrekvenční,33624
matriční,33625
stalinistický,33626
používající,33627
překlenovací,33628
přezkoušení,33629
cholin,33630
vepsaný,33631
networking,33632
povolávací,33633
sklářství,33634
astrologie,33635
goniometrický,33636
motoricky,33637
hranický,33638
promlčení,33639
gourmet,33640
výdajový,33641
amin,33642
věnující,33643
lomnický,33644
oddych,33645
komponenta,33646
exaktně,33647
politička,33648
podceňování,33649
zhatit,33650
civilně,33651
půlrok,33652
dosloužit,33653
benevolentní,33654
závodnický,33655
excelsior,33656
zaopatření,33657
úvodník,33658
výtopna,33659
trafo,33660
kofola,33661
poničení,33662
emitent,33663
baran,33664
jakožto,33665
právoplatně,33666
justice,33667
arzén,33668
dokumentování,33669
neodvratný,33670
vyjednávání,33671
oficiálně,33672
supermoderní,33673
nadějně,33674
ben,33675
přeposílání,33676
pacientský,33677
jurisdikce,33678
elektrifikovaný,33679
ponton,33680
stmelit,33681
dokázání,33682
utopení,33683
kapitulní,33684
ukotvený,33685
nasnadě,33686
uhájit,33687
sarajevský,33688
haj,33689
impakt,33690
in,33691
vnuknout,33692
základnový,33693
usvědčit,33694
utvrdit,33695
naoko,33696
uplynutí,33697
hazard,33698
úpis,33699
dokončovat,33700
pevnůstka,33701
desetiminutový,33702
grata,33703
markrabě,33704
psávat,33705
jazykovědec,33706
celostátně,33707
regule,33708
ražba,33709
čtvrtletník,33710
propříště,33711
hájení,33712
versus,33713
překračující,33714
uražení,33715
batalion,33716
environment,33717
milánský,33718
operačně,33719
jagellonský,33720
stavitelský,33721
zprovoznění,33722
krásnohorský,33723
předstartovní,33724
odpojovat,33725
dobíjecí,33726
vyplacení,33727
šumivý,33728
kontinuálně,33729
expremiér,33730
ústavněprávní,33731
žold,33732
emitovaný,33733
sáňkařský,33734
popisující,33735
kabala,33736
preambule,33737
ústředně,33738
nebrasky,33739
speaker,33740
uctění,33741
svrhnutí,33742
obslužný,33743
zachytat,33744
pontifikát,33745
rozeslání,33746
přerušený,33747
židovství,33748
neoliberalizmus,33749
logaritmus,33750
apel,33751
výlučnost,33752
litoměřický,33753
zachovávání,33754
arcibiskupský,33755
jónský,33756
beztřídní,33757
přetržení,33758
destinační,33759
výrobně,33760
akta,33761
nastřelit,33762
odpustek,33763
éra,33764
vyhovění,33765
startování,33766
portfej,33767
supervelmoc,33768
baton,33769
znalostní,33770
ohraničit,33771
sjízdnost,33772
kaskádový,33773
kolegium,33774
sbližování,33775
ujišťování,33776
kazan,33777
přeplnění,33778
mysticismus,33779
vynucený,33780
boulder,33781
násobení,33782
separace,33783
aktivizace,33784
defenzivně,33785
svatovítský,33786
herc,33787
fluidum,33788
go,33789
italsko,33790
záruční,33791
mezinárodněprávní,33792
ministrant,33793
zviklat,33794
vyměňování,33795
kongregace,33796
repo,33797
přejímání,33798
předpovídání,33799
solidarita,33800
metronom,33801
mejt,33802
lichtenštejnský,33803
ustálení,33804
flux,33805
lecha,33806
spoluvlastnictví,33807
padělání,33808
rozpolcenost,33809
operátorka,33810
vyhrotit,33811
ozařovací,33812
srozuměná,33813
reforma,33814
harvard,33815
popravovat,33816
resuscitovat,33817
šedesátiny,33818
vícenásobný,33819
hraniční,33820
zaváděč,33821
zdokonalování,33822
hebrejština,33823
volga,33824
punc,33825
procentuální,33826
sionismus,33827
hotově,33828
korunovace,33829
swap,33830
pohana,33831
rovnoprávnost,33832
pe,33833
iniciovat,33834
država,33835
zboření,33836
fiktivně,33837
vyslýchání,33838
předvolba,33839
duplicitní,33840
sjednat,33841
eskortovat,33842
lůžkovina,33843
letopis,33844
doplacení,33845
nabývání,33846
přelomový,33847
sedmdesátiny,33848
odvysílání,33849
úplatkářství,33850
odhlásit,33851
vzešlý,33852
třenice,33853
popření,33854
sanitární,33855
zotavovací,33856
vkladatel,33857
odkup,33858
tunelování,33859
digest,33860
odštěpný,33861
notářka,33862
rétorika,33863
tříhodinový,33864
opírající,33865
cenzor,33866
kafr,33867
nezávislý,33868
tokijský,33869
protekcionizmus,33870
strojírna,33871
slovanství,33872
primer,33873
oppidum,33874
klasifikovaný,33875
silově,33876
verbovat,33877
sbormistryně,33878
desetinásobně,33879
maestro,33880
deník,33881
namalování,33882
zatlačení,33883
pozvolna,33884
výchovně,33885
vyjmenovaný,33886
zapletení,33887
svatopetrský,33888
exkluzivní,33889
metamorfóza,33890
otrocky,33891
toužebně,33892
arcidiecéze,33893
vyčleněný,33894
odevzdávat,33895
předplatné,33896
podnítit,33897
licencování,33898
laktát,33899
florentský,33900
podezírání,33901
slábnoucí,33902
varšavský,33903
omen,33904
záložně,33905
vydržení,33906
udržující,33907
pacem,33908
konstruování,33909
neutrální,33910
duchcovský,33911
rozštěpit,33912
spojování,33913
exekutivní,33914
obedience,33915
dé,33916
protiváha,33917
zbudovaný,33918
sejmutí,33919
kriminál,33920
exekutiva,33921
archív,33922
napravení,33923
propagující,33924
očišťování,33925
toliko,33926
výslovnost,33927
brožurka,33928
prachatický,33929
devalvace,33930
jebnout,33931
zapomenutí,33932
certifikovat,33933
zanalyzovat,33934
odsunutí,33935
spektroskopie,33936
distance,33937
pojistník,33938
kacířský,33939
spočítaný,33940
znesvěcení,33941
script,33942
zprostředkovatelský,33943
katolicky,33944
sečtení,33945
torr,33946
nástrojový,33947
milený,33948
předrevoluční,33949
tablo,33950
pascal,33951
implikovat,33952
nacionálně,33953
podílející,33954
černobylský,33955
samosprávný,33956
vzatý,33957
blokace,33958
priori,33959
tiskařský,33960
níž,33961
zdařený,33962
odečítání,33963
ohrazovat,33964
neshoda,33965
rozhořčeně,33966
infinitiv,33967
napoleonský,33968
národohospodářský,33969
kombinační,33970
padělatel,33971
biografický,33972
šabatový,33973
zavádění,33974
přepisovat,33975
inter,33976
filharmonik,33977
fundovaně,33978
stažení,33979
rukopisný,33980
metalický,33981
celebrovat,33982
tovaryš,33983
umožnění,33984
arcibiskupství,33985
zednářství,33986
anesteziologie,33987
poukázání,33988
podlomit,33989
um,33990
podvratný,33991
znavit,33992
hiphopový,33993
integrace,33994
chargé,33995
porušující,33996
čtyřnásobně,33997
zpřísnění,33998
homeopatik,33999
číselně,34000
starostování,34001
několikanásobný,34002
vyjíždějící,34003
prolomit,34004
předplatitel,34005
dopisovat,34006
švédsky,34007
odevzdanost,34008
administrovat,34009
volba,34010
připočíst,34011
porta,34012
akčně,34013
poukazování,34014
radiála,34015
dohrání,34016
respektování,34017
univerzitní,34018
degradovat,34019
demograficky,34020
přesvědčovací,34021
prohraný,34022
biena,34023
udržovací,34024
teze,34025
centralizovaný,34026
doručovací,34027
poslaný,34028
vypáčit,34029
baptista,34030
misionář,34031
sesbíraný,34032
oddlužení,34033
navozující,34034
pikle,34035
soupeřící,34036
trucker,34037
vstupně,34038
pravo,34039
odvětrávání,34040
šéfredaktorka,34041
počítající,34042
akumulátorový,34043
citadela,34044
promoce,34045
vyřčený,34046
nabídnutý,34047
odebírání,34048
zoufalost,34049
zpopelnění,34050
purkrabství,34051
incký,34052
zálohovací,34053
bohatnout,34054
regulační,34055
fotoalbum,34056
vtěsnat,34057
sabotážní,34058
stávka,34059
autoritářství,34060
vykonávaný,34061
ultimo,34062
rozkrást,34063
typografie,34064
natisknout,34065
podepření,34066
skórování,34067
operace,34068
resonance,34069
souborný,34070
informující,34071
palírna,34072
mik,34073
ofenzivně,34074
rolovací,34075
typologicky,34076
licencovat,34077
klimatolog,34078
hraničit,34079
vypořádávat,34080
pedagogicky,34081
zavržení,34082
alexandrův,34083
boxing,34084
stáčírna,34085
mimořádnost,34086
příklon,34087
vyměřený,34088
ústupnost,34089
analyzovaný,34090
zamítat,34091
improvizovaně,34092
penzista,34093
znázorněný,34094
finančnictví,34095
docílení,34096
zakreslit,34097
kment,34098
expanzivní,34099
kvalifikovaně,34100
vlastnící,34101
donátor,34102
nastolení,34103
účast,34104
zmařit,34105
kriminalizace,34106
schválení,34107
turkyně,34108
junta,34109
rockově,34110
stavící,34111
vyjasnění,34112
krnovský,34113
počest,34114
předurčit,34115
anachronismus,34116
pekárenský,34117
nositelný,34118
supervize,34119
protizákonně,34120
pětadvacetiletý,34121
propad,34122
revidovat,34123
difuzor,34124
puritán,34125
arbitráž,34126
výslechový,34127
přeceňování,34128
čtvrtinový,34129
údržbářský,34130
determinant,34131
neprospěch,34132
zanechání,34133
maratonec,34134
propojující,34135
zcestný,34136
deportovat,34137
jmenovitě,34138
rozpustilý,34139
aria,34140
spoluhráčka,34141
runový,34142
worker,34143
neurochirurgický,34144
rift,34145
povzbuzení,34146
koordinační,34147
alpinismus,34148
radová,34149
zdůrazňování,34150
modernita,34151
hebrejsky,34152
podepsání,34153
soupis,34154
odsíření,34155
otištěný,34156
napěťový,34157
společenskovědní,34158
docházkový,34159
čtyřnásobek,34160
jmenování,34161
válčící,34162
charvátština,34163
dobírat,34164
satanův,34165
noxa,34166
petiční,34167
číslovaný,34168
číšnice,34169
údobí,34170
vyvlastňování,34171
odstraněný,34172
vkrást,34173
habaděj,34174
sáhodlouhý,34175
kanta,34176
třísetový,34177
rušený,34178
pomocný,34179
znevažovat,34180
vyzvědač,34181
doživotně,34182
styčný,34183
vyhlašovaný,34184
kontrarevoluční,34185
znovuotevření,34186
as,34187
fotoreportér,34188
vyvození,34189
vykonání,34190
trud,34191
karban,34192
odhalování,34193
pomoc,34194
chalet,34195
internační,34196
spišský,34197
neřkuli,34198
osmifinálový,34199
zkoordinovat,34200
fotogrammetrie,34201
oddělitelně,34202
upřesňující,34203
podněcování,34204
franchising,34205
událost,34206
svar,34207
limit,34208
šestiměsíční,34209
podplatit,34210
poobědvat,34211
angloamerický,34212
bilanční,34213
mimojiné,34214
přezkoumat,34215
selhání,34216
spoluzakladatel,34217
míchačka,34218
svědomitost,34219
rozpoutání,34220
kohezní,34221
nastiňovat,34222
poster,34223
vystudovaný,34224
knihovnice,34225
gesce,34226
kolaborovat,34227
přibrzdit,34228
dodavatelský,34229
pravomocný,34230
taktizovat,34231
zdokonalení,34232
konzultační,34233
ukončení,34234
čtvrtletní,34235
palisáda,34236
zneškodňování,34237
prostřednictví,34238
profilace,34239
pohříchu,34240
obklíčený,34241
svornost,34242
periodikum,34243
lektorka,34244
fundovaný,34245
diplomaticky,34246
videoprojekce,34247
expanzní,34248
rotta,34249
dodání,34250
zteč,34251
zahlcení,34252
řetězení,34253
vyprázdnění,34254
dvojdílný,34255
padělaný,34256
režírování,34257
svolávání,34258
forenzní,34259
dolby,34260
tabletový,34261
vědeckotechnický,34262
rozpracovávat,34263
patricius,34264
pojit,34265
regentka,34266
corner,34267
zničující,34268
pětisetový,34269
magistra,34270
nadhodnocený,34271
kicker,34272
syntéza,34273
katalyzátor,34274
uvozovat,34275
internacionála,34276
neurochirurgie,34277
line,34278
odzkoušet,34279
podprůměrný,34280
uspíšit,34281
koncertně,34282
acetyl,34283
prověřování,34284
šestidenní,34285
páchaný,34286
výkup,34287
účastnice,34288
kultivovanost,34289
svérázně,34290
řemeslnický,34291
kontinuální,34292
zažádat,34293
empiricky,34294
krajanský,34295
akvizice,34296
třiadvacetiletý,34297
formativní,34298
inspektorka,34299
zachovávající,34300
mýtný,34301
kontinuum,34302
vermut,34303
kontinuita,34304
počítací,34305
millenium,34306
sedmidenní,34307
sympózium,34308
vodárenství,34309
runda,34310
beryl,34311
odvádění,34312
čtyřměsíční,34313
odvození,34314
žádost,34315
poruchovost,34316
děva,34317
cockpit,34318
připojení,34319
přepočítání,34320
pacifikace,34321
luštění,34322
demontáž,34323
šlépěj,34324
gola,34325
přiklonit,34326
přetížit,34327
obhájit,34328
dokazující,34329
responsibilita,34330
mmm,34331
knihovní,34332
pap,34333
obléhací,34334
pornofilm,34335
poohlížet,34336
spuštění,34337
princetonský,34338
videokonference,34339
zdevastovat,34340
telegraf,34341
sympatizující,34342
certifikační,34343
flop,34344
obležení,34345
fuzzy,34346
podmíněnost,34347
krušnohorský,34348
poměřit,34349
hierarchicky,34350
transporter,34351
inhibiční,34352
vetovat,34353
vera,34354
editorial,34355
knížectví,34356
elektroměr,34357
dráhový,34358
kolaudační,34359
hi,34360
zájemkyně,34361
radikalizmus,34362
juice,34363
kordon,34364
vypsání,34365
služebně,34366
prezentování,34367
kasárny,34368
rolnický,34369
oddalování,34370
zhmotnění,34371
profi,34372
rozvedení,34373
usnadnění,34374
sentinel,34375
přivlastnění,34376
pozvedat,34377
odeslaný,34378
poměřování,34379
simultánní,34380
ria,34381
vygenerování,34382
otálení,34383
rozeběhnout,34384
methyl,34385
braniborský,34386
nervní,34387
zformulovat,34388
řešitel,34389
mobilizace,34390
archeologie,34391
socioložka,34392
depozit,34393
ctění,34394
lingvistika,34395
kybernetika,34396
kurikulární,34397
martel,34398
nařknout,34399
geometr,34400
technoparty,34401
hamburský,34402
otáčecí,34403
kursovní,34404
cirkulační,34405
platnost,34406
rození,34407
odvezení,34408
petrochemický,34409
potlačený,34410
výtržnost,34411
zkvalitnit,34412
časování,34413
politikaření,34414
anesteziologický,34415
jímání,34416
vyzradit,34417
vyzváněcí,34418
hořlavina,34419
historie,34420
umírnění,34421
sanace,34422
degradace,34423
ukazovací,34424
meteorologie,34425
neutrálně,34426
výsypka,34427
neměnnost,34428
ln,34429
wrestler,34430
humánně,34431
utěšeně,34432
vrstvení,34433
výměr,34434
exportér,34435
prodleva,34436
focus,34437
metrika,34438
didaktik,34439
synteticky,34440
odsunutý,34441
vyrabovat,34442
detašovaný,34443
pokřtěný,34444
pečetit,34445
spoluautor,34446
platina,34447
zakoupení,34448
misie,34449
sjednocování,34450
zahraničně,34451
načisto,34452
zdravice,34453
umučený,34454
slalomový,34455
techtle,34456
čap,34457
telefonie,34458
lech,34459
podržení,34460
validace,34461
spolčování,34462
veřejně,34463
knihovnička,34464
protiválečný,34465
manipulování,34466
kapacitně,34467
přenositelný,34468
svébytnost,34469
džihádista,34470
podpořený,34471
hermetický,34472
ovdovělý,34473
zkreslování,34474
nelibost,34475
odstoupení,34476
prolamovat,34477
simulování,34478
tajná,34479
překlenutí,34480
lobbování,34481
skupinově,34482
mezikulturní,34483
visegrádský,34484
starostův,34485
výnosnost,34486
výbušnost,34487
basket,34488
output,34489
pravobřežní,34490
úděsný,34491
hovorově,34492
povinovat,34493
překrývání,34494
euthanasie,34495
přislíbit,34496
atd,34497
výnosový,34498
vzestupně,34499
přidávání,34500
parametrický,34501
protlačit,34502
dvoukolově,34503
nákladovost,34504
obviňování,34505
bundesligový,34506
zaštítit,34507
disidentka,34508
památeční,34509
superbike,34510
nacházení,34511
prefektura,34512
branický,34513
portable,34514
škrtnutí,34515
vyslání,34516
splavnění,34517
sekanina,34518
kuřimský,34519
odjíždějící,34520
vodohospodářství,34521
přesedlat,34522
ukotvit,34523
patentní,34524
nejmenovaná,34525
napomínat,34526
litografie,34527
zdicí,34528
předmětový,34529
nadnesený,34530
chemička,34531
cordoba,34532
honorární,34533
terciární,34534
dodatečný,34535
zpustošení,34536
zpochybnit,34537
pětiprocentní,34538
rozvodna,34539
abecední,34540
tartan,34541
polohově,34542
lari,34543
udílení,34544
ájurvéda,34545
vjíždět,34546
massachusettský,34547
psychoterapeutický,34548
zákulisí,34549
patnáctka,34550
litevština,34551
zpomalování,34552
prohlubování,34553
třinecký,34554
patentový,34555
zakotvit,34556
lucký,34557
avizovat,34558
citroen,34559
hudebnice,34560
odsuzující,34561
výpovědní,34562
hornový,34563
modeling,34564
militarismus,34565
patina,34566
staroslověnština,34567
lékárnický,34568
dekódovací,34569
mezirezortní,34570
přezkum,34571
opominout,34572
infinitum,34573
rozzlobení,34574
plano,34575
artis,34576
provolání,34577
bath,34578
strojnický,34579
vyzyvatel,34580
přimluvit,34581
mluvnický,34582
likvidační,34583
povrchnost,34584
bastion,34585
kutat,34586
serverovna,34587
překonávající,34588
grenadina,34589
ergoterapie,34590
ukázání,34591
solidně,34592
participace,34593
ženista,34594
pochybování,34595
kádí,34596
pattern,34597
sázející,34598
přeorientovat,34599
kompenzace,34600
syntaktický,34601
revidovaný,34602
děd,34603
er,34604
rovnoprávný,34605
dedukce,34606
desetinásobek,34607
schizma,34608
inzerent,34609
průjezdnost,34610
dojíždějící,34611
winchester,34612
žurnalistický,34613
kosový,34614
usvědčený,34615
popud,34616
databanka,34617
mladoboleslavský,34618
podvýbor,34619
přípona,34620
kooperovat,34621
moderování,34622
přibírání,34623
signatář,34624
vypálení,34625
přeskok,34626
uskutečňování,34627
prospěch,34628
provládní,34629
fasit,34630
politologický,34631
milionářka,34632
protirežimní,34633
výkaznictví,34634
licenčně,34635
machinace,34636
analytička,34637
utkávat,34638
vrstvený,34639
podpůrčí,34640
zahuštění,34641
kontemplace,34642
uzákonění,34643
osídlování,34644
prefabrikát,34645
propagovaný,34646
vyzbrojování,34647
jednorázově,34648
elév,34649
povzbudivý,34650
geologie,34651
meziknihovní,34652
lokální,34653
předpremiéra,34654
překlenovat,34655
vyčíslitelný,34656
pomalost,34657
zesnout,34658
normalita,34659
nestabilita,34660
pronajímání,34661
šaríf,34662
desetinný,34663
dněpropetrovský,34664
department,34665
zbudování,34666
nizozemština,34667
zkopírování,34668
benzína,34669
relační,34670
citování,34671
rabat,34672
capella,34673
lira,34674
lvův,34675
plynárna,34676
vlámský,34677
předplacený,34678
continuo,34679
regrese,34680
vizualizovat,34681
dandy,34682
nezbytnost,34683
zevrubný,34684
setrvání,34685
postsovětský,34686
diecéze,34687
zarážka,34688
šanghajský,34689
prospekt,34690
zacílení,34691
synkopa,34692
léno,34693
investorský,34694
několikaměsíční,34695
nahlížení,34696
vynucení,34697
tj,34698
znechuceně,34699
scestný,34700
nadační,34701
přinucení,34702
st,34703
dovednostní,34704
kupecký,34705
zmobilizovat,34706
zpoplatněný,34707
urychlení,34708
manufaktura,34709
diskontní,34710
yamaha,34711
podprahový,34712
zažehnout,34713
předmanželský,34714
evangelizační,34715
externalita,34716
topologie,34717
tendenčně,34718
videoherní,34719
vyšehradský,34720
převedení,34721
účastenství,34722
decentralizovaný,34723
prozatímně,34724
propos,34725
remeš,34726
knihovnický,34727
železárna,34728
explodující,34729
pyren,34730
podpora,34731
započítání,34732
regina,34733
zakotvený,34734
zkritizovat,34735
slibně,34736
sarin,34737
zbankrotovat,34738
cize,34739
sektářský,34740
páli,34741
přítrž,34742
komunard,34743
výpalné,34744
přispění,34745
boření,34746
lá,34747
tell,34748
dávání,34749
drtivě,34750
dvojutkání,34751
dovolující,34752
odstupující,34753
šiřitel,34754
gis,34755
zrestaurování,34756
archivní,34757
direktiva,34758
zrovnoprávnění,34759
computing,34760
započítat,34761
provázání,34762
bundeswehr,34763
následnictví,34764
vzdalování,34765
volitelně,34766
defenziva,34767
stavař,34768
oslavování,34769
tarifní,34770
polarita,34771
urážení,34772
paragon,34773
vykonávající,34774
rovnocenně,34775
traumatologie,34776
vypískat,34777
typografický,34778
zřeknutí,34779
ionizační,34780
kartel,34781
prosecký,34782
nastolovat,34783
dohledový,34784
vyhrocení,34785
interně,34786
vyzvedávání,34787
instrument,34788
zrušení,34789
profesionalita,34790
proložený,34791
ražení,34792
doktorandský,34793
zefektivnění,34794
nehodovost,34795
blanket,34796
konverze,34797
hodinářský,34798
agónie,34799
provider,34800
nadací,34801
vznikání,34802
pohnutí,34803
brněnsko,34804
vyčíslit,34805
policejně,34806
střihnout,34807
biomedicínský,34808
supersonic,34809
mnohonásobný,34810
odvodňování,34811
support,34812
kanton,34813
udaný,34814
dvoubodový,34815
rezidentní,34816
sesadit,34817
přidělování,34818
natřikrát,34819
vyzývající,34820
neochota,34821
evakuovaný,34822
protiplnění,34823
pětiboj,34824
kritizující,34825
dílčí,34826
schvalování,34827
mladoboleslavsko,34828
káznice,34829
třetiligový,34830
ukládaný,34831
autentičnost,34832
expandovat,34833
obhájkyně,34834
povrchně,34835
stránkový,34836
administrativně,34837
diazepam,34838
meziměstský,34839
memoáry,34840
novicka,34841
odpoutání,34842
vytištění,34843
instrukční,34844
zotavení,34845
dobročinný,34846
řecky,34847
utřídit,34848
akontace,34849
přivedení,34850
kern,34851
zatěžko,34852
mladina,34853
limba,34854
dělení,34855
proprietární,34856
užívání,34857
předepisování,34858
rwandský,34859
posilnění,34860
pravnučka,34861
dvojkový,34862
balboa,34863
specifičnost,34864
synopse,34865
nascanovaný,34866
naléhání,34867
spisovatelský,34868
školitel,34869
upomínat,34870
vynechání,34871
anexe,34872
vyšlý,34873
přepojování,34874
odvedení,34875
opravna,34876
pozměňování,34877
vicemiss,34878
celorepublikově,34879
odkoupit,34880
slangově,34881
prolínající,34882
demonstrující,34883
pranice,34884
ztrojnásobit,34885
dožadovat,34886
patriarchát,34887
aritmetický,34888
pohotově,34889
sestupový,34890
showroom,34891
diskreditovat,34892
podřadit,34893
odklizení,34894
dotvořit,34895
archiv,34896
penzionovaný,34897
zproštění,34898
bující,34899
nepřetržitý,34900
salesiánský,34901
zastání,34902
projednávaný,34903
biochemik,34904
separační,34905
vysokoškolsky,34906
odečet,34907
zakončovat,34908
vyčlenění,34909
zastavět,34910
nekropole,34911
fakturační,34912
array,34913
dovodit,34914
svatojakubský,34915
utlumit,34916
timing,34917
keton,34918
novověký,34919
majetkoprávní,34920
lázeňská,34921
obuvnictví,34922
implikace,34923
přejmenovat,34924
sehrávat,34925
rovnání,34926
katalánsko,34927
farmaceut,34928
referovat,34929
prolomení,34930
absint,34931
fotbalistka,34932
akreditovat,34933
tónový,34934
elektrotechnika,34935
vyhlazování,34936
souběžný,34937
zaevidovat,34938
stratifikace,34939
podvržený,34940
posílení,34941
violoncellistka,34942
chatování,34943
rozpis,34944
předávající,34945
hodnověrný,34946
aférka,34947
odsouhlasit,34948
tendenční,34949
lepšit,34950
farmakologický,34951
prve,34952
exces,34953
majetkově,34954
návratný,34955
svépomocný,34956
kolující,34957
sponzorský,34958
dodávající,34959
fotokopie,34960
juliana,34961
interpol,34962
houževnatě,34963
internace,34964
revolučně,34965
precedent,34966
správkyně,34967
admiralita,34968
poučování,34969
přerozdělování,34970
rewind,34971
sociokulturní,34972
grémium,34973
frýdecký,34974
intranet,34975
upalování,34976
svařovací,34977
vyčíslení,34978
dekolonizace,34979
dobít,34980
proboštství,34981
osmidenní,34982
zneužívaný,34983
promoční,34984
desetiprocentní,34985
vyhnutelnost,34986
palladium,34987
kriminologie,34988
stávkující,34989
prodávání,34990
akceptace,34991
umazat,34992
jistina,34993
online,34994
svazující,34995
hanobení,34996
deci,34997
navrhující,34998
inhibice,34999
výkupní,35000
defacto,35001
inflační,35002
úřadovna,35003
erudice,35004
monacký,35005
protikandidát,35006
stimul,35007
spediční,35008
astrofyzika,35009
pompézní,35010
vícevrstvý,35011
asociovat,35012
osmdesátiny,35013
mediační,35014
mincovní,35015
diferenční,35016
elevace,35017
jadranský,35018
jednoroční,35019
nuceně,35020
racionalizace,35021
ukázkově,35022
asasín,35023
polovojenský,35024
vydavatelka,35025
řezně,35026
rozklíčovat,35027
vykročení,35028
špičkově,35029
autoritativně,35030
vyhodnocovací,35031
vymazaný,35032
income,35033
průměrnost,35034
mezikontinentální,35035
gaelština,35036
bojkot,35037
časovaný,35038
překladatelství,35039
redakčně,35040
administrativní,35041
liberace,35042
pivovarnictví,35043
vtažení,35044
úhrnný,35045
ambasador,35046
vydělit,35047
fondový,35048
excel,35049
nafocený,35050
zformovaný,35051
lutz,35052
makedonský,35053
input,35054
kampak,35055
povznesený,35056
termo,35057
sankční,35058
zpoplatnění,35059
poplatný,35060
disponující,35061
odpojení,35062
čtvrť,35063
vesecký,35064
fakturace,35065
zmrazený,35066
cestovné,35067
vyklizení,35068
pořezání,35069
motorizace,35070
divize,35071
fojtství,35072
samoúčelný,35073
mělnicko,35074
personalistika,35075
exhumovat,35076
dotovat,35077
konvertor,35078
galakoncert,35079
majorita,35080
manchesterský,35081
rychlobruslařský,35082
mučednice,35083
polemika,35084
direkt,35085
scud,35086
chemie,35087
sdruženář,35088
instalování,35089
novelizace,35090
tori,35091
zlomový,35092
tul,35093
příhraniční,35094
povzbuzování,35095
arsenál,35096
znevážení,35097
pojednou,35098
intence,35099
zapsání,35100
franšíza,35101
přídělový,35102
eponymní,35103
obklopení,35104
prostějovsko,35105
bouřící,35106
zahájený,35107
kyperský,35108
státně,35109
vyzvánět,35110
th,35111
velo,35112
zapátrat,35113
gate,35114
exhumace,35115
tranzitní,35116
výběrově,35117
přijatelnost,35118
ohlášení,35119
utlačování,35120
trafikant,35121
opravňovat,35122
zaostávání,35123
pětidenní,35124
dostudovat,35125
blitzkrieg,35126
pomáhání,35127
fundamentalismus,35128
fest,35129
industrializace,35130
diskreditace,35131
úklon,35132
decilitr,35133
hanebnost,35134
zaměřující,35135
taktizování,35136
obléhat,35137
ospravedlňování,35138
odporový,35139
cenzurní,35140
samaritán,35141
zakotvovat,35142
kumšt,35143
rozbalování,35144
promo,35145
testament,35146
staletý,35147
asynchronní,35148
mototechna,35149
blogovat,35150
zabudování,35151
zasvěcovat,35152
kbit,35153
nastoupený,35154
nepřipravenost,35155
zpochybnitelný,35156
proslulost,35157
poloautomatický,35158
utrpěný,35159
zohledňující,35160
komunistka,35161
tent,35162
přání,35163
pořádkový,35164
notný,35165
numerologie,35166
lamač,35167
contra,35168
řež,35169
spěšně,35170
hospital,35171
departement,35172
popkulturní,35173
učící,35174
zotavování,35175
parking,35176
ututlat,35177
cé,35178
horolezkyně,35179
profesionální,35180
pamětnice,35181
subvence,35182
dobrovolnický,35183
vylidňování,35184
dílenský,35185
moratorium,35186
vzbouření,35187
přejmout,35188
dezinformační,35189
kickstarter,35190
rozběhnutí,35191
dovoleně,35192
instruktáž,35193
notabene,35194
znemožňující,35195
posud,35196
propagátorka,35197
oživovací,35198
programátorský,35199
soustřeďování,35200
geografie,35201
distancovat,35202
autobiografie,35203
archivář,35204
předchůdkyně,35205
makroekonomie,35206
rozpolcení,35207
administrativa,35208
katedrální,35209
rozvětvení,35210
procentuálně,35211
loajálnost,35212
arkus,35213
pokusně,35214
podplácení,35215
indexace,35216
blahoslavení,35217
profilování,35218
lokál,35219
součást,35220
politruk,35221
obchodující,35222
zacílit,35223
taktně,35224
umoření,35225
souhlasný,35226
vynětí,35227
plynutí,35228
koktal,35229
partyzána,35230
blokující,35231
lvově,35232
profesorský,35233
naklonění,35234
autentizační,35235
důvěrník,35236
zákonnost,35237
přípis,35238
stržení,35239
nástavbový,35240
bilingvní,35241
agnostik,35242
župa,35243
stanný,35244
dobrozdání,35245
rozvrat,35246
sesazení,35247
rapl,35248
pragmatik,35249
helsinský,35250
pokrývání,35251
etapa,35252
okázale,35253
etan,35254
teologicky,35255
podkategorie,35256
deregulace,35257
přelévání,35258
galvanický,35259
odčerpávání,35260
okázalost,35261
pídit,35262
bezvládí,35263
zažehnutí,35264
mezioborový,35265
spurt,35266
chtě,35267
vkládaný,35268
naprázdno,35269
hind,35270
koučování,35271
převezení,35272
podléhající,35273
každotýdenní,35274
porub,35275
termodynamika,35276
prahový,35277
etalon,35278
biograf,35279
kurie,35280
kompletace,35281
elektrotechnický,35282
přináležet,35283
makedonština,35284
úřadování,35285
tvůrkyně,35286
iks,35287
fotobanka,35288
toleranční,35289
bouldering,35290
rezolutně,35291
korekční,35292
antipatie,35293
číslování,35294
automatika,35295
vyžadování,35296
vévodství,35297
tlumočit,35298
přihlížení,35299
odolávající,35300
argentum,35301
předávkovat,35302
emulace,35303
kontrolující,35304
dopingový,35305
neutralita,35306
bádat,35307
kardiolog,35308
zastávající,35309
analytika,35310
přispívající,35311
promptně,35312
přiřazený,35313
utilita,35314
nekompetentnost,35315
kontrarozvědka,35316
mladický,35317
servat,35318
koncepčně,35319
polovice,35320
dualismus,35321
tabula,35322
rovnoběžka,35323
komisařství,35324
nesčetně,35325
miliardový,35326
autorizační,35327
dopadový,35328
mučednický,35329
slibující,35330
padesátiny,35331
sepisovat,35332
započítávat,35333
uvádějící,35334
staro,35335
vendeta,35336
linout,35337
udílet,35338
impeachment,35339
akceschopnost,35340
legalizace,35341
spolupůsobení,35342
mezidobí,35343
předsedat,35344
rozvrh,35345
blokáda,35346
syntaxe,35347
degustační,35348
přezkumný,35349
oznamovací,35350
ložiskový,35351
vynulovat,35352
kutnohorský,35353
najímání,35354
request,35355
prastrýc,35356
snowboardový,35357
povolný,35358
tříštění,35359
imperium,35360
přidělovat,35361
aspirovat,35362
mistrovsky,35363
prohibice,35364
durch,35365
religiózní,35366
zpřístupnění,35367
vrchlabský,35368
zlikvidování,35369
sigma,35370
opravování,35371
michelinský,35372
slévárna,35373
camp,35374
senzorový,35375
deaktivovat,35376
gruzínský,35377
žádající,35378
obhajoba,35379
pořadatelský,35380
protireformace,35381
místodržící,35382
rekapitulovat,35383
odsuzování,35384
diktátorský,35385
lynčování,35386
defenzíva,35387
duster,35388
ážio,35389
odzbrojení,35390
bouřlivě,35391
skoupit,35392
turecky,35393
cognac,35394
hokejbalový,35395
pokladník,35396
těsno,35397
charkovský,35398
dominion,35399
komparace,35400
vyrábějící,35401
tiráž,35402
víceúrovňový,35403
průmyslník,35404
inventor,35405
poskytnutý,35406
geneze,35407
azbuka,35408
zapalovací,35409
drive,35410
uvolněnost,35411
pominutí,35412
burgundsko,35413
promítnutí,35414
vicepremiér,35415
mandátový,35416
biografie,35417
metodologie,35418
encyklika,35419
rekrutovat,35420
chrnout,35421
pořadí,35422
odsouvat,35423
kytlice,35424
odčerpat,35425
vrbný,35426
nástupce,35427
konglomerát,35428
renovovat,35429
zinscenovaný,35430
pohostit,35431
ministrův,35432
nadregionální,35433
padesátiprocentní,35434
rabi,35435
sjednocující,35436
dopisování,35437
chystající,35438
vypátrání,35439
fúzní,35440
protínající,35441
znárodňování,35442
lima,35443
gerbera,35444
lokátor,35445
znemožnění,35446
retrospektivně,35447
strand,35448
generálův,35449
spolujízda,35450
bootování,35451
evaluace,35452
rezignace,35453
falšování,35454
pasově,35455
malost,35456
juke,35457
ústředna,35458
odškodnění,35459
multilaterální,35460
vyškrtnout,35461
porovnávací,35462
zlehčování,35463
liniový,35464
odvedle,35465
handling,35466
sudetoněmecký,35467
ovdovět,35468
patch,35469
náhradnice,35470
okruhový,35471
opětovně,35472
socioekonomický,35473
utichnout,35474
terminologie,35475
odvětrání,35476
sesazený,35477
hanebně,35478
spolufinancovat,35479
nástupnictví,35480
vice,35481
posilovací,35482
frankofonní,35483
zostření,35484
privilegovaný,35485
šluknovský,35486
vzbuzení,35487
mediátor,35488
solventní,35489
fotbalově,35490
přispívání,35491
vojvodství,35492
zákonní,35493
urovnat,35494
upuštění,35495
trestnost,35496
ponte,35497
přeběhnutí,35498
eugenika,35499
metodologický,35500
dement,35501
vymanit,35502
smířlivý,35503
vleklý,35504
nainstalování,35505
potvrzování,35506
lobbing,35507
poet,35508
prodlužující,35509
prolamování,35510
farmakologie,35511
osmičlenný,35512
splňující,35513
durum,35514
penne,35515
stylistka,35516
členstvo,35517
ekvivalence,35518
nekrolog,35519
panevropský,35520
podmínit,35521
spoluúčast,35522
vyjednavač,35523
kingův,35524
svitnout,35525
telekom,35526
nadprůměr,35527
angažování,35528
spravující,35529
hackerský,35530
upevňování,35531
podlažní,35532
složenina,35533
knihovnictví,35534
slévat,35535
bam,35536
apriori,35537
výzvědný,35538
cornwall,35539
celostní,35540
generalizace,35541
přesycení,35542
ido,35543
transformační,35544
sedmiměsíční,35545
vale,35546
rozlosování,35547
broadcasting,35548
xerox,35549
zabezpečující,35550
acta,35551
přebudovat,35552
podmanění,35553
ekvivalentní,35554
úvěrní,35555
kulturologie,35556
dobrovolnictví,35557
direktivní,35558
vůdcovský,35559
prozíravě,35560
chair,35561
apeninský,35562
usměrňování,35563
handheld,35564
křižující,35565
kolonizační,35566
ultimativní,35567
rekvalifikace,35568
předurčený,35569
proluka,35570
úkladně,35571
vzdělanostní,35572
nadřízení,35573
levanta,35574
zabraný,35575
západoněmecký,35576
kompilátor,35577
pronesený,35578
mocnářství,35579
atp,35580
stefan,35581
bezpodmínečně,35582
profesionálka,35583
laborantka,35584
spáchaný,35585
bezprostřednost,35586
šroubový,35587
neutralizační,35588
industrie,35589
hrůzovláda,35590
provizórium,35591
dokončovací,35592
sestupující,35593
faksimile,35594
zpochybňování,35595
zastarávání,35596
uzákonit,35597
etnografický,35598
vnucování,35599
asimilovat,35600
zintenzivnění,35601
proklamace,35602
velmož,35603
notace,35604
tarot,35605
packard,35606
polostátní,35607
cenina,35608
maastrichtský,35609
dánsky,35610
repositor,35611
rozehnání,35612
prolévat,35613
negace,35614
skriptování,35615
odemykání,35616
každodennost,35617
formulování,35618
vyříznutí,35619
konzultantka,35620
křižování,35621
doléčení,35622
fundamentální,35623
michiganský,35624
potlačující,35625
vědeckovýzkumný,35626
odůvodňovat,35627
zednářský,35628
zesilující,35629
rentabilní,35630
kardiologie,35631
rekrut,35632
zpopelnit,35633
identifikování,35634
koherentní,35635
odtržení,35636
počtení,35637
spřátelení,35638
jeruzalémský,35639
těžařský,35640
institucionálně,35641
okrskový,35642
zatraktivnění,35643
ctižádost,35644
modelingový,35645
přepsání,35646
trasování,35647
uplatit,35648
geodézie,35649
dup,35650
utvořený,35651
zpřesnit,35652
studijně,35653
briga,35654
delegátka,35655
výtvarnictví,35656
stavit,35657
atika,35658
tiebreak,35659
obdivování,35660
doinstalovat,35661
adresovat,35662
vyplácení,35663
nadlouho,35664
zámostí,35665
kalinový,35666
očerňování,35667
povědomost,35668
hodnotově,35669
zvýhodnění,35670
golfistka,35671
kategorický,35672
teroristka,35673
geopolitický,35674
ergo,35675
napřímo,35676
usvědčení,35677
učinění,35678
signatura,35679
toolkitu,35680
karosárna,35681
medicínsky,35682
brum,35683
boleslavský,35684
vytěžení,35685
rozvlnit,35686
zanechaný,35687
konfese,35688
dobročinnost,35689
automobilní,35690
proplácet,35691
přetaktování,35692
statik,35693
slovesný,35694
zkreslující,35695
dichotomie,35696
diskrétně,35697
kontrarevoluce,35698
atašé,35699
poznaně,35700
esperanto,35701
utrácení,35702
klimatologie,35703
úvěrování,35704
komentující,35705
příhraničí,35706
algebra,35707
anektovat,35708
zabavování,35709
potlačení,35710
tabulkový,35711
pojednávající,35712
volení,35713
polovodičový,35714
historička,35715
odvysílaný,35716
dotázat,35717
místopis,35718
znovunabytí,35719
urbanista,35720
povolovací,35721
levobřežní,35722
mansion,35723
spisový,35724
kardiologický,35725
vyražení,35726
polymerový,35727
nechtě,35728
demokratka,35729
vytíženost,35730
zenit,35731
zpomalovací,35732
biomedicína,35733
mailing,35734
zanevřít,35735
plánovací,35736
návrhářství,35737
českobudějovicko,35738
propracování,35739
bonding,35740
dvacetiprocentní,35741
vzkvétat,35742
villa,35743
wartburg,35744
poloprofesionální,35745
indispozice,35746
omývání,35747
suspenze,35748
nadržení,35749
umocnit,35750
fúze,35751
agregace,35752
odtah,35753
obchodně,35754
podřízená,35755
volyňský,35756
brusič,35757
instruovat,35758
traktát,35759
parlamentarizmus,35760
prognostik,35761
destabilizovat,35762
překročení,35763
caesarův,35764
viceprezidentka,35765
doposavad,35766
konfigurovat,35767
grafový,35768
šampiónka,35769
despota,35770
kancléřství,35771
dorovnat,35772
divin,35773
juknout,35774
odvolávání,35775
štýrský,35776
nadržování,35777
věhlasný,35778
povzbudivě,35779
veteránka,35780
nárazníkový,35781
kolejní,35782
komuniké,35783
konexe,35784
óm,35785
onde,35786
destrukční,35787
uplatňující,35788
kanonický,35789
projevování,35790
oxygen,35791
desetidenní,35792
emancipační,35793
marx,35794
kamiónový,35795
obnovující,35796
boson,35797
blahoslavit,35798
prateta,35799
pozvednutí,35800
rehabilitovat,35801
uznatelný,35802
osiřet,35803
ontologie,35804
forvard,35805
ppp,35806
vymezování,35807
dvacetiminutový,35808
paralen,35809
úkor,35810
scanovací,35811
šroubovací,35812
definující,35813
dol,35814
reálka,35815
libě,35816
invest,35817
komplot,35818
šle,35819
revmatologie,35820
suplující,35821
zasílaný,35822
manet,35823
analyticky,35824
vytyčení,35825
odvetný,35826
zkušebna,35827
půjčení,35828
uhersko,35829
vyvíjení,35830
teplárenství,35831
spisovně,35832
tuha,35833
úkolový,35834
kardiochirurg,35835
devatenáctka,35836
hráčství,35837
dotvoření,35838
strohost,35839
vyrábění,35840
vyměření,35841
pornoprůmysl,35842
zpopularizovat,35843
pojišťování,35844
bilancovat,35845
teraz,35846
pres,35847
stupňovitý,35848
mimosoudně,35849
dm,35850
výpomoc,35851
zelo,35852
ss,35853
kategoricky,35854
genocidní,35855
asanace,35856
rejstříkový,35857
nevolnictví,35858
zpronevěřit,35859
zahraničněpolitický,35860
spolupořádat,35861
blaze,35862
úklad,35863
odbourání,35864
konspirace,35865
grind,35866
zasahování,35867
podněcující,35868
šos,35869
srovnávač,35870
ataka,35871
ceremoniář,35872
konverzovat,35873
slosování,35874
neurověda,35875
informatický,35876
svitavský,35877
mobilizační,35878
sjednání,35879
udělovaný,35880
zrenovovaný,35881
umocněný,35882
předměstský,35883
intifáda,35884
odstupňovaný,35885
zajišťovaný,35886
konsorcium,35887
proaktivní,35888
gratias,35889
zrežírovat,35890
faktografický,35891
přetvoření,35892
baf,35893
bis,35894
sucre,35895
zfalšovaný,35896
konfederační,35897
floating,35898
metodik,35899
amino,35900
etnografie,35901
plynofikace,35902
prokurátorka,35903
davový,35904
usmiřování,35905
dávkový,35906
proplatit,35907
sadský,35908
rutin,35909
knihtisk,35910
receiver,35911
zážeh,35912
bohosloví,35913
image,35914
giorno,35915
prosazovaný,35916
dacia,35917
carina,35918
lázeňství,35919
převorství,35920
deníkový,35921
nátlakový,35922
itinerář,35923
eliminace,35924
střediskový,35925
uprchlice,35926
podílník,35927
jho,35928
zápasnice,35929
vnitropolitický,35930
zkorigovat,35931
ps,35932
sionista,35933
dobudování,35934
vynucování,35935
managing,35936
byznysmen,35937
identifikující,35938
aluminium,35939
stipendijní,35940
ethyl,35941
equity,35942
škodový,35943
multi,35944
filmařský,35945
ázerbájdžánský,35946
operát,35947
explicitně,35948
čerpající,35949
zašle,35950
reparace,35951
tutte,35952
vytyčit,35953
vůdcovství,35954
zajišťovací,35955
potlačování,35956
viceadmirál,35957
moštárna,35958
rozvrstvení,35959
hejtmanství,35960
uzavíraný,35961
ustavený,35962
expertiza,35963
nastoupení,35964
blokový,35965
nadstandardně,35966
zběhnout,35967
zor,35968
vojenství,35969
předznamenat,35970
zvelebovat,35971
vpuštění,35972
zpoplatnit,35973
vyloupení,35974
hr,35975
předsednický,35976
síci,35977
salina,35978
dram,35979
přeskupení,35980
dupnout,35981
odřeknout,35982
pádit,35983
přepustit,35984
motta,35985
zpečetit,35986
garance,35987
privatizační,35988
transformovaný,35989
tečovat,35990
tool,35991
saúdský,35992
odrat,35993
trigonometrie,35994
shader,35995
badatelka,35996
polygrafický,35997
sui,35998
kopírovací,35999
amsterdamský,36000
převádění,36001
srozumět,36002
realizátor,36003
klasifikační,36004
vysvěcení,36005
výhledový,36006
sjezdař,36007
dějepisectví,36008
přerušení,36009
varta,36010
octavie,36011
rozpojení,36012
invalidovna,36013
archivovat,36014
odemknutí,36015
notářství,36016
urovnání,36017
předsevzít,36018
prezentační,36019
podpoření,36020
decentralizace,36021
spoluautorka,36022
magenta,36023
přerod,36024
inicializace,36025
veto,36026
vytížit,36027
proběhlý,36028
udávající,36029
stockholmský,36030
zacílený,36031
dojednat,36032
zpřesňovat,36033
konvertovat,36034
hraničící,36035
kartograf,36036
dualita,36037
elektrifikace,36038
černouhelný,36039
akupunkturní,36040
fingovaný,36041
rozdělující,36042
znovuzískání,36043
smiřitelný,36044
zkrachovat,36045
propojování,36046
pokračovací,36047
pokutovat,36048
velkoněmecký,36049
vizionářský,36050
zvýhodňovat,36051
křesťansky,36052
podmínečně,36053
pomýšlet,36054
převedený,36055
duce,36056
falšovat,36057
harmonizovat,36058
diktát,36059
explicitní,36060
infrastrukturní,36061
adresovaný,36062
vojvoda,36063
taktovací,36064
magistrátní,36065
zdvojnásobení,36066
vnitřně,36067
nadiktovat,36068
předpona,36069
zapomínání,36070
controlling,36071
generalizovat,36072
espada,36073
budget,36074
přikročit,36075
osidlování,36076
obroda,36077
kalkulátor,36078
kaliningradský,36079
uskutečnitelný,36080
simulační,36081
dusno,36082
benátsko,36083
debutantka,36084
dobudovat,36085
árijský,36086
kontemplativní,36087
utilitární,36088
proplacení,36089
expirace,36090
zřizovací,36091
dakarský,36092
zvelebit,36093
doktorand,36094
proděkanka,36095
imperialista,36096
bezvýsledně,36097
stereofonní,36098
zběsilost,36099
rekapitulace,36100
oftalmologie,36101
zklidňování,36102
vyplňující,36103
kappa,36104
eska,36105
územně,36106
legitimně,36107
sponzoring,36108
moldavský,36109
nízkorozpočtový,36110
limo,36111
skladatelský,36112
pomíjet,36113
stupňovat,36114
uplatňovaný,36115
digitalizace,36116
vlajkonoš,36117
blokátor,36118
deportace,36119
slovně,36120
zkrachovalý,36121
printer,36122
hopový,36123
prolnutí,36124
kooperativa,36125
dopnout,36126
tovaryšstvo,36127
fl,36128
julský,36129
tisícina,36130
přepočítávat,36131
výzkumnice,36132
distrikt,36133
obnovení,36134
elaborát,36135
ověřující,36136
magneto,36137
frakční,36138
svorně,36139
ambasadorka,36140
informatik,36141
afroamerický,36142
poručnictví,36143
pájecí,36144
pořadatelství,36145
vyměřovací,36146
container,36147
bílinský,36148
neomylnost,36149
padova,36150
utichat,36151
shrnutý,36152
federalista,36153
sloučení,36154
děkanka,36155
předplatní,36156
zaslíbit,36157
předpolí,36158
semifinalistka,36159
absolvovaný,36160
legacy,36161
jukebox,36162
auditorský,36163
tonout,36164
zneužívající,36165
vivat,36166
frýdlantský,36167
handbal,36168
rekodifikace,36169
odtržený,36170
zkraje,36171
rezoluce,36172
sportka,36173
charter,36174
geograf,36175
zapochybovat,36176
rozřezání,36177
mistrův,36178
kordový,36179
instrumentace,36180
indexový,36181
prodlužování,36182
dosazení,36183
uzamčení,36184
rozdmýchat,36185
rozdrobení,36186
přípustnost,36187
vsak,36188
zefektivnit,36189
uherskohradišťsko,36190
kompromitovat,36191
bezpečnostně,36192
religionistika,36193
monitorující,36194
obdržení,36195
svatořečení,36196
iniciační,36197
typologie,36198
osvobozovací,36199
organizující,36200
deportovaný,36201
diskutování,36202
revolta,36203
přezkoumávání,36204
reálnost,36205
odtažení,36206
event,36207
pětinásobný,36208
reciproční,36209
cisternový,36210
betaverze,36211
úpravně,36212
numero,36213
flag,36214
užívající,36215
duplexní,36216
aukro,36217
internacionální,36218
účetně,36219
opanovat,36220
kontrašpionáž,36221
konverzní,36222
pohrůžka,36223
etablovaný,36224
prošetřovat,36225
ústavnost,36226
ožehavý,36227
moderovaný,36228
reformovat,36229
nominační,36230
levo,36231
připuštění,36232
provozuschopný,36233
vysídlený,36234
rozkrýt,36235
státnice,36236
mikroekonomie,36237
odražení,36238
fermi,36239
univerzum,36240
iniciativně,36241
zamčení,36242
zaváděcí,36243
dokumentační,36244
generující,36245
zkouškový,36246
posilnit,36247
liaz,36248
valuta,36249
spoluvlastník,36250
psycha,36251
lifestylový,36252
sepisování,36253
praktikant,36254
galilejský,36255
státoprávní,36256
novelizovat,36257
chodovský,36258
rafinace,36259
vykonatelnost,36260
usvědčovat,36261
podkopání,36262
výrokový,36263
mučednictví,36264
bór,36265
vicekancléř,36266
lenní,36267
přejití,36268
ustavit,36269
uplácení,36270
dobrovolnice,36271
navázání,36272
zmrazení,36273
burgr,36274
šestinásobný,36275
přiřknout,36276
nominálně,36277
vinohradnictví,36278
doběh,36279
knuta,36280
frustrovat,36281
zainteresovat,36282
holandsky,36283
odevzdaně,36284
intra,36285
rušící,36286
petrohradský,36287
doznávat,36288
spolutvůrce,36289
procedurální,36290
vyplácený,36291
direktor,36292
šumperský,36293
zběhnutí,36294
rentabilita,36295
rula,36296
kolektivizmus,36297
kros,36298
nižní,36299
parita,36300
borský,36301
reformovaný,36302
konsolidovaný,36303
rozdělení,36304
triple,36305
bibliografie,36306
sponzorovat,36307
připsání,36308
cementový,36309
sjednávání,36310
vyhlazovací,36311
dvoustupňový,36312
dien,36313
zabírání,36314
appeal,36315
pozdržení,36316
katův,36317
movitostní,36318
pozastavený,36319
vypisování,36320
zpřístupňovat,36321
opční,36322
vymahatelnost,36323
udávání,36324
vyprázdněný,36325
iniciativní,36326
frankfurtský,36327
vyslyšení,36328
odříznutý,36329
dock,36330
banát,36331
matiční,36332
internovaný,36333
odluka,36334
nastolený,36335
iniciátor,36336
leva,36337
reaktorový,36338
rýmařův,36339
bělorusky,36340
nakázat,36341
cyklo,36342
únosně,36343
zapojování,36344
vyzrazení,36345
kázeňský,36346
setting,36347
souhrnně,36348
oddílový,36349
tajemnice,36350
doučovat,36351
zkontrolování,36352
antidopingový,36353
triumvirát,36354
zhuštění,36355
internacionál,36356
čtyřstupňový,36357
darovací,36358
zrychlující,36359
umírněně,36360
luo,36361
pseudo,36362
kagan,36363
poste,36364
zadržovaný,36365
překladový,36366
děkanát,36367
hever,36368
předminulý,36369
mandátní,36370
hadži,36371
vacha,36372
osmiměsíční,36373
geodetický,36374
exkluzivita,36375
zastávání,36376
hacknout,36377
přípoj,36378
fortepiano,36379
nadto,36380
konfrontační,36381
jiho,36382
slovinština,36383
dosazovat,36384
argumentační,36385
buick,36386
nastartování,36387
centralizace,36388
kamp,36389
rozpracovat,36390
véd,36391
versailleský,36392
restrukturalizace,36393
zastavený,36394
triola,36395
deflační,36396
vynechávání,36397
loading,36398
mineralogie,36399
default,36400
chronologicky,36401
bt,36402
tisíciletý,36403
vrbně,36404
přidělení,36405
internationale,36406
dominový,36407
zdaňovací,36408
ocelárna,36409
začleňovat,36410
předurčení,36411
rozhodující,36412
nazývající,36413
konfederace,36414
armagnac,36415
task,36416
potřebí,36417
vystudování,36418
hena,36419
radikalizace,36420
naplánování,36421
supra,36422
tempe,36423
hodnostní,36424
konsolidace,36425
etablovat,36426
hanlivě,36427
nazývání,36428
spray,36429
elektronik,36430
usilování,36431
demokratizační,36432
odstraňující,36433
poblahopřát,36434
breaker,36435
příkře,36436
žurnál,36437
numismatika,36438
sjednávat,36439
vymazání,36440
appeasement,36441
okleštěný,36442
vyjednávací,36443
odmaturovat,36444
chronograf,36445
filipův,36446
činže,36447
cis,36448
přeskočení,36449
šalina,36450
zformování,36451
ohraničovat,36452
překroutit,36453
spravedlivost,36454
kartografie,36455
rozhýbání,36456
otištění,36457
doménový,36458
odporující,36459
meš,36460
velehradský,36461
úhrnem,36462
return,36463
agenturní,36464
schvalující,36465
polovodič,36466
monetární,36467
kopírující,36468
marxista,36469
klérus,36470
geofyzikální,36471
dohodnutí,36472
navržení,36473
kolidovat,36474
propustek,36475
tanečně,36476
zubařský,36477
champion,36478
tiskopis,36479
docentka,36480
napomínání,36481
přidružení,36482
ujednání,36483
klatba,36484
politování,36485
přeshraniční,36486
velkovévodství,36487
zapisovatel,36488
mělnický,36489
varna,36490
přepisování,36491
rokování,36492
spoluvytvářet,36493
rozvrácený,36494
došetření,36495
kolon,36496
agronom,36497
osazování,36498
satori,36499
šógun,36500
stimulační,36501
ducat,36502
zlevnění,36503
podmínečný,36504
zaměstnavatelský,36505
pozbýt,36506
amortizace,36507
uvalení,36508
svedení,36509
diskografie,36510
mést,36511
katalytický,36512
elektrochemický,36513
jidiš,36514
euroregion,36515
minský,36516
vyúčtování,36517
ohlášky,36518
devítidenní,36519
vstoupení,36520
čtyřtýdenní,36521
vyslankyně,36522
adiktologie,36523
zatěžování,36524
akceptování,36525
zubový,36526
zorganizování,36527
vízový,36528
iniciace,36529
zavelet,36530
vytěsnit,36531
analyzování,36532
slaďování,36533
soudržnost,36534
jihofrancouzský,36535
hanit,36536
korektor,36537
universitní,36538
západo,36539
aramejština,36540
oděský,36541
statement,36542
protihodnota,36543
bezvýznamnost,36544
zlevňovat,36545
vytyčování,36546
zkráceně,36547
pamflet,36548
zatraktivnit,36549
recenzovat,36550
retail,36551
permanentka,36552
taktní,36553
pověřovat,36554
nabádání,36555
markrabství,36556
aspirace,36557
lift,36558
mišmaš,36559
zen,36560
transkripce,36561
oproštění,36562
sofa,36563
zintenzívnit,36564
nadřadit,36565
svařovat,36566
blogování,36567
loupení,36568
českobrodský,36569
výhodnost,36570
kalkulace,36571
sponzorování,36572
završení,36573
vyjednat,36574
focený,36575
uspořit,36576
oponentní,36577
esprit,36578
zjednání,36579
odčerpání,36580
hacking,36581
jazykověda,36582
vestavět,36583
štědře,36584
násobný,36585
pentium,36586
regulérnost,36587
novum,36588
sedmnáctka,36589
očekávající,36590
zakázání,36591
mita,36592
hájící,36593
rychlodráha,36594
ordinovat,36595
slučitelnost,36596
bibliografický,36597
prohlubující,36598
pennsylvánský,36599
delegovat,36600
periodicita,36601
ukončovat,36602
vzájemnost,36603
odejet,36604
mezivládní,36605
promovat,36606
rozpracování,36607
elektrotechnik,36608
medieval,36609
pst,36610
nóta,36611
imprimatur,36612
nip,36613
bohemistika,36614
rutherford,36615
franchisa,36616
maďarsky,36617
dislokovaný,36618
ferrum,36619
fez,36620
velmocenský,36621
gazeta,36622
poddanství,36623
zkusmo,36624
omnium,36625
zpochybnitelně,36626
feudalismus,36627
zesměšňující,36628
zkontaktovat,36629
sink,36630
nástupnický,36631
tyrolsko,36632
kneset,36633
brawn,36634
potlačovaný,36635
albánsky,36636
naplňující,36637
zmaření,36638
loterijní,36639
očíslovat,36640
konsekvence,36641
vypomoci,36642
popírající,36643
kalkulovat,36644
nefunkčnost,36645
energetik,36646
pogrom,36647
souřadnicový,36648
designerský,36649
syntax,36650
patronát,36651
dosazený,36652
vystřídání,36653
odpojování,36654
baťovský,36655
zkušenostní,36656
oznamování,36657
generikum,36658
spolupořadatel,36659
dvojjazyčný,36660
kapitálově,36661
zesilování,36662
prefekt,36663
background,36664
transkript,36665
rozkázat,36666
včlenit,36667
rozvrátit,36668
odvozování,36669
uvalený,36670
folklor,36671
podplacení,36672
doplňovací,36673
pětiměsíční,36674
renderování,36675
exp,36676
otrokův,36677
pětinásobně,36678
oslovování,36679
referentka,36680
metalurgie,36681
sss,36682
těsnopis,36683
pochodující,36684
rozešle,36685
předznamenávat,36686
příslušně,36687
čtrnáctka,36688
kontrolování,36689
odprodej,36690
briefing,36691
rozporuplně,36692
započatý,36693
metropolita,36694
mocensky,36695
kontrapunkt,36696
rendez,36697
comp,36698
kanonie,36699
zdvojnásobovat,36700
fotonový,36701
rozdělovač,36702
dogmatický,36703
odříznutí,36704
blahý,36705
talmud,36706
dojednaný,36707
připojovací,36708
profesionalizace,36709
rozhořčit,36710
historiografie,36711
smírně,36712
předeslat,36713
galilei,36714
pasivita,36715
fotoreportáž,36716
gentry,36717
katecheze,36718
zavedení,36719
březnový,36720
katalogizace,36721
clearing,36722
cementárna,36723
elektrizace,36724
zakládaný,36725
gambling,36726
grad,36727
dresink,36728
krachující,36729
bangladéšský,36730
vměšovat,36731
zakončovací,36732
odepření,36733
zavazující,36734
zeměměřický,36735
sešrotovat,36736
předávaný,36737
fundamentalista,36738
spolužití,36739
obležený,36740
prošetřit,36741
forint,36742
ocelářský,36743
detence,36744
producentský,36745
deskriptivní,36746
maggi,36747
zpřísnit,36748
destabilizace,36749
clít,36750
standardizace,36751
příslušející,36752
konference,36753
popudit,36754
směrný,36755
vyplacený,36756
primas,36757
černovický,36758
rekatolizace,36759
spravování,36760
artilerie,36761
slevit,36762
zafixování,36763
memorandum,36764
lékárenství,36765
pětinásobek,36766
turínský,36767
svázání,36768
halma,36769
bm,36770
pomocnice,36771
participovat,36772
uplácet,36773
akcelerovat,36774
zákonitý,36775
indexování,36776
osmina,36777
vypršet,36778
socio,36779
sponzorovaný,36780
dubnový,36781
mač,36782
zvýhodnit,36783
protižidovský,36784
direktivně,36785
kárně,36786
dalekosáhlý,36787
metropol,36788
synchronizační,36789
rovnocennost,36790
odprodat,36791
sborná,36792
občansky,36793
rychlo,36794
znovunastolení,36795
namátkový,36796
login,36797
titulka,36798
čtrnáctideník,36799
magistr,36800
legálnost,36801
stranicky,36802
děkování,36803
exponent,36804
vyškrtnutí,36805
teambuilding,36806
institucionalizace,36807
usvědčující,36808
započtení,36809
postoupení,36810
filiálka,36811
sočit,36812
gregoriánský,36813
zaplnění,36814
tamtéž,36815
univerzál,36816
přičlenění,36817
předávka,36818
uff,36819
zestátnění,36820
étos,36821
stržený,36822
kontumačně,36823
zatěžkávací,36824
koncernový,36825
vrstvit,36826
subsidiarita,36827
prozápadní,36828
eminentní,36829
verbování,36830
šokový,36831
hakim,36832
koncese,36833
obeslat,36834
řečový,36835
inaugurace,36836
účtování,36837
hydrologický,36838
přepojení,36839
objevitelský,36840
ré,36841
bardo,36842
garantující,36843
adverbium,36844
legalizovat,36845
průlomový,36846
zvažovaný,36847
etnologie,36848
odečtení,36849
skončený,36850
nivelační,36851
interkom,36852
rozpínavost,36853
vyostřit,36854
prodlužovací,36855
lyceum,36856
rozvodovost,36857
návazně,36858
roz,36859
skonání,36860
provensálský,36861
mountain,36862
zpochybňující,36863
rozčarování,36864
tranzistorový,36865
inženýring,36866
eskalace,36867
aspirant,36868
znelíbit,36869
indikační,36870
odejmutí,36871
jablonecko,36872
novost,36873
neúčast,36874
zakonzervování,36875
vyrobení,36876
odčinění,36877
premiérský,36878
duc,36879
synod,36880
započetí,36881
kodaňský,36882
kartografický,36883
průkopnice,36884
výzkumně,36885
propozice,36886
dobrovolnost,36887
testový,36888
zkušebnictví,36889
rozebírání,36890
bacit,36891
eparchie,36892
autokracie,36893
dešifrovací,36894
avanti,36895
minulo,36896
maggiore,36897
etno,36898
minově,36899
rozčlenit,36900
fiskální,36901
archivace,36902
varně,36903
rozkládání,36904
participativní,36905
timer,36906
becher,36907
znovuobnovení,36908
trim,36909
ion,36910
exkomunikace,36911
sloučený,36912
zbrzdit,36913
vytěžování,36914
zadluženost,36915
ratio,36916
podvojný,36917
bělehradský,36918
ofenziva,36919
zvykový,36920
novinářství,36921
posílaný,36922
dvacítka,36923
zaštiťovat,36924
čtvrtletně,36925
aspartam,36926
pasový,36927
asociační,36928
přečíslování,36929
zažehnat,36930
autorizace,36931
trapp,36932
proklamovaný,36933
zafinancovat,36934
mixování,36935
osminásobný,36936
kartotéka,36937
deaktivace,36938
toledo,36939
slévárenství,36940
konjunkce,36941
duplicita,36942
opravárenský,36943
floorball,36944
dodržující,36945
přestřižení,36946
obšírně,36947
kulturistika,36948
smířlivě,36949
karlovarsko,36950
dallaský,36951
ušetření,36952
dolaďování,36953
zabezpečování,36954
povýšenost,36955
homologace,36956
torus,36957
pásmový,36958
vincentka,36959
koksovna,36960
poznamenávat,36961
ustanovovat,36962
kahan,36963
přeskupit,36964
zrenovovat,36965
řádkový,36966
pochozí,36967
crowdfunding,36968
překračování,36969
kipa,36970
tranzit,36971
kardiochirurgie,36972
amina,36973
interoperabilita,36974
budoucí,36975
přejmenování,36976
rozčlenění,36977
rozkladový,36978
geo,36979
nabídnutí,36980
nána,36981
srovnávající,36982
prediktivní,36983
síl,36984
blokovací,36985
vyprofilovat,36986
volitel,36987
zdaňování,36988
vyrovnávající,36989
děleno,36990
nezlomný,36991
blanenský,36992
kontaktování,36993
bojování,36994
unifikovaný,36995
pokračovaný,36996
zbavování,36997
zaregistrování,36998
fosa,36999
pověřovací,37000
lim,37001
zapisování,37002
agona,37003
jmeniny,37004
ujgurský,37005
popít,37006
křesťanskodemokratický,37007
průřezový,37008
hornicko,37009
aplikovatelný,37010
pohřebnictví,37011
káhirský,37012
vsázet,37013
přepočítávání,37014
solidárně,37015
vykázání,37016
terminus,37017
usnést,37018
dodatkový,37019
redesign,37020
rozdílový,37021
isuzu,37022
plánující,37023
fatboy,37024
boost,37025
blahořečení,37026
juha,37027
schvalovací,37028
nadstandard,37029
moderátorský,37030
připisovaný,37031
redistribuce,37032
oraz,37033
goodwill,37034
klíčování,37035
kralování,37036
vn,37037
tangens,37038
prolévání,37039
počas,37040
emisar,37041
znalkyně,37042
připojování,37043
postulát,37044
souhlasně,37045
stanovující,37046
laxní,37047
oxfordský,37048
propust,37049
tázání,37050
sčítací,37051
administrace,37052
pasívum,37053
restartování,37054
misionářka,37055
worcester,37056
přetavit,37057
odřít,37058
kap,37059
modernizační,37060
mastering,37061
stoa,37062
skandovat,37063
výpiska,37064
oddělovací,37065
zdrtit,37066
vytunelování,37067
internacionalizace,37068
esko,37069
rétorický,37070
spoluzakladatelka,37071
umlčení,37072
krétský,37073
dtto,37074
presto,37075
povolující,37076
dodávání,37077
zeměměřič,37078
vagónek,37079
podmiňování,37080
dobývací,37081
skreč,37082
eventuelně,37083
ulmus,37084
utužení,37085
dmout,37086
agreement,37087
návazný,37088
odstartování,37089
these,37090
loan,37091
třístupňový,37092
propojenost,37093
spoluvina,37094
proběhnutí,37095
podporující,37096
preferování,37097
baskický,37098
etnicita,37099
zápisné,37100
gamba,37101
připsaný,37102
peněžnictví,37103
recht,37104
implementační,37105
blazer,37106
odškodnit,37107
vybavování,37108
stupňující,37109
generis,37110
politoložka,37111
via,37112
předlužení,37113
propadlo,37114
výjezdní,37115
požadující,37116
depozitní,37117
workflow,37118
vymožení,37119
bojkotovat,37120
osmihodinový,37121
lobbovat,37122
odepisovat,37123
rádium,37124
zřeknout,37125
bagdádský,37126
vykrystalizovat,37127
zaměstnávající,37128
kooperační,37129
demografie,37130
paralelně,37131
maastricht,37132
digitalizovaný,37133
tknout,37134
seeking,37135
kooperace,37136
linecký,37137
dějepisný,37138
zil,37139
manhattanský,37140
latino,37141
proplácení,37142
transform,37143
předlistopadový,37144
legitimizovat,37145
rekvalifikační,37146
zdanit,37147
znovusjednocení,37148
přizvání,37149
zaznamenávající,37150
arci,37151
redigovat,37152
čerpaný,37153
knižnice,37154
uvolit,37155
stážistka,37156
pagina,37157
singlový,37158
expandující,37159
demarkační,37160
agitace,37161
spolupodílet,37162
přestoupení,37163
kritizování,37164
účastnící,37165
apanáž,37166
volitelnost,37167
polygrafie,37168
flexe,37169
válcovna,37170
vestavba,37171
unitární,37172
prošetřování,37173
bezvýsledný,37174
slavistika,37175
konvertibilní,37176
zmítaný,37177
poplatkový,37178
terno,37179
nadřízená,37180
převelení,37181
vybízející,37182
rozkladný,37183
engineering,37184
facility,37185
jáchymovský,37186
stanovování,37187
propůjčení,37188
zmírňování,37189
chewa,37190
tištění,37191
exkurs,37192
zfalšovat,37193
korespondenční,37194
compliance,37195
porovnatelný,37196
geodet,37197
odkoupení,37198
spoluzakládat,37199
kvazi,37200
zažalovat,37201
odvolaný,37202
demonstrativně,37203
oželet,37204
artový,37205
prošetření,37206
uspořený,37207
přičinit,37208
kmet,37209
automatizační,37210
kontumace,37211
korunovací,37212
trvalost,37213
konjunktura,37214
jmenovací,37215
perfektum,37216
konzulární,37217
aplikování,37218
špiónka,37219
oznamovatel,37220
propagování,37221
bezodkladný,37222
přebudování,37223
agora,37224
finsky,37225
spoluzaložit,37226
podpisový,37227
chabě,37228
seznat,37229
opravení,37230
aritmetika,37231
chronos,37232
objasňování,37233
utvrzení,37234
restituční,37235
propouštěcí,37236
demonstrační,37237
čtrnáctidenní,37238
baden,37239
habilitační,37240
podporování,37241
polytechnický,37242
korektivní,37243
fundraising,37244
koncesní,37245
zaostalost,37246
obcování,37247
finálně,37248
archivnictví,37249
smírný,37250
handl,37251
vyjasňovat,37252
potvrzovací,37253
zpřetrhat,37254
sekularizmus,37255
ustavovat,37256
reorganizovat,37257
odsouhlasení,37258
střetávání,37259
župní,37260
leningradský,37261
claim,37262
potence,37263
analyzující,37264
řečnit,37265
folio,37266
stavebnina,37267
suspendovat,37268
zamítavý,37269
odštěpení,37270
vytěsnění,37271
desetiměsíční,37272
zmanipulování,37273
admin,37274
lvovský,37275
generalita,37276
pausa,37277
nabourání,37278
podílnictví,37279
rumunsky,37280
podstoupení,37281
rektorka,37282
titulární,37283
hudebniny,37284
zříkat,37285
dopomoci,37286
zaručení,37287
podrobení,37288
úča,37289
patronace,37290
muzejnictví,37291
zákulisní,37292
dom,37293
sektorový,37294
campari,37295
hydrogeologie,37296
ztrácení,37297
dialektika,37298
popův,37299
zadržovací,37300
lisovna,37301
rekrutování,37302
vivendi,37303
jamo,37304
istanbulský,37305
verbum,37306
upomínkový,37307
personalizace,37308
sedminásobný,37309
vyvázání,37310
burgund,37311
leninský,37312
vyměřování,37313
ujednat,37314
devítiměsíční,37315
bezpodmínečný,37316
franský,37317
svolaný,37318
pade,37319
pokřtění,37320
úkladný,37321
pojmenovávání,37322
radom,37323
obhajování,37324
upít,37325
pivovarnický,37326
přepsaný,37327
asimilace,37328
polemik,37329
došlý,37330
zeměměřictví,37331
legitimizace,37332
účtárna,37333
vymezující,37334
nadstavba,37335
plynárenství,37336
šekel,37337
flow,37338
přesednout,37339
provézt,37340
přerozdělení,37341
pozůstalostní,37342
zapisovač,37343
státnický,37344
předplatit,37345
odevzdávání,37346
bádenský,37347
lambda,37348
gubernie,37349
vymahatelný,37350
zakladatelský,37351
skandování,37352
zaneprázdnit,37353
sekční,37354
ratifikace,37355
spoluvlastnit,37356
prag,37357
elektroenergetika,37358
summary,37359
quartz,37360
ukončovací,37361
civět,37362
uceleně,37363
lapsus,37364
předávací,37365
akronymum,37366
demonstrativní,37367
sponzorství,37368
řečnění,37369
ratifikovat,37370
genealogie,37371
zpřístupňování,37372
dojednání,37373
hispánský,37374
veteránský,37375
obejití,37376
separátní,37377
pré,37378
dohlížení,37379
separátně,37380
sharing,37381
znovudobytí,37382
statisícový,37383
harmonizace,37384
trademark,37385
fenomenologie,37386
pompa,37387
obnovování,37388
promovaný,37389
zneplatnění,37390
konsolidovat,37391
vypůjčení,37392
předaný,37393
cambridgeský,37394
notifikační,37395
neutrál,37396
uherskohradišťský,37397
zotavená,37398
korespondenčně,37399
popravení,37400
contras,37401
sehrání,37402
hegemonie,37403
neplatič,37404
adresování,37405
zastarale,37406
počítaný,37407
sub,37408
grupo,37409
stotisícový,37410
meritum,37411
solidnost,37412
přesídlování,37413
profesura,37414
vystupňovat,37415
blvd,37416
dizertační,37417
včlenění,37418
komentátorka,37419
distanc,37420
zpravodajsky,37421
torontský,37422
habilitovat,37423
prominent,37424
nao,37425
córdoba,37426
anulování,37427
vypršení,37428
ritus,37429
ais,37430
sešrotování,37431
manifestační,37432
tovar,37433
zúčtování,37434
vyslovování,37435
okleštění,37436
dosazování,37437
kempink,37438
zfalšování,37439
oxy,37440
odpojený,37441
logistik,37442
ohraničující,37443
tory,37444
stávkový,37445
hydrologie,37446
sanační,37447
znovuzavedení,37448
rumburský,37449
hin,37450
vyjednávač,37451
doxa,37452
vymahač,37453
zaneprázdněný,37454
edikt,37455
digitalizovat,37456
campus,37457
obviňující,37458
stvrdit,37459
topografický,37460
autonomně,37461
započíst,37462
zaručující,37463
odškodňování,37464
zaúčtování,37465
mura,37466
realizování,37467
nadstavbový,37468
kardio,37469
proprat,37470
budapešťský,37471
misionářský,37472
zhrozit,37473
chronologický,37474
detroitský,37475
zaváděný,37476
padělat,37477
plebiscit,37478
abwehr,37479
vat,37480
cpt,37481
místecký,37482
plm,37483
dokončování,37484
vícejazyčný,37485
rozčarovat,37486
substituce,37487
geopolitika,37488
odhadce,37489
kanonizace,37490
komuna,37491
makléřský,37492
delegování,37493
genealogický,37494
návrhářský,37495
účastnický,37496
tss,37497
zvýhodňování,37498
mixer,37499
kalkul,37500
inaugurační,37501
vino,37502
hidalgo,37503
koupení,37504
zastaralost,37505
dak,37506
setrvale,37507
ges,37508
upevňovací,37509
filologie,37510
topografie,37511
patio,37512
ozbrojování,37513
stamp,37514
zaneprázdnění,37515
rozvrácení,37516
utužování,37517
uvaděč,37518
agitační,37519
pobočkový,37520
počeštění,37521
elektronizace,37522
registra,37523
podpor,37524
aktivování,37525
subsystém,37526
ypres,37527
rektorát,37528
cafnout,37529
bose,37530
konsolidační,37531
pasování,37532
církevně,37533
vyostření,37534
toužení,37535
stupňování,37536
lombardní,37537
momentum,37538
grade,37539
procesně,37540
opravně,37541
navařit,37542
přejmenovaný,37543
navážet,37544
lokační,37545
rozpočtování,37546
eon,37547
stanfordský,37548
idem,37549
etablování,37550
tisícový,37551
catering,37552
disputace,37553
solidární,37554
lektorský,37555
krakovský,37556
template,37557
podílení,37558
zúčtovací,37559
zvací,37560
vystupňování,37561
rosit,37562
zastánkyně,37563
koučovat,37564
procesing,37565
suspendace,37566
rozvázání,37567
stvrzení,37568
ems,37569
hegemon,37570
bluma,37571
vyjednání,37572
pochodový,37573
rozdělovací,37574
metrologie,37575
legalita,37576
sekularizace,37577
snack,37578
ethno,37579
dvoufázový,37580
kandidátský,37581
listing,37582
taft,37583
reiki,37584
aténský,37585
rumový,37586
přislíbený,37587
vtknout,37588
disertace,37589
iro,37590
rajch,37591
vrcholově,37592
komisionář,37593
deposit,37594
ochudit,37595
opětný,37596
opravňující,37597
odtajnění,37598
účastný,37599
municipalita,37600
stvrzovat,37601
opětně,37602
gap,37603
sillos,37604
dotování,37605
idy,37606
prr,37607
postupimský,37608
arí,37609
curyšský,37610
motivování,37611
substituční,37612
verifikace,37613
unifikace,37614
korespondující,37615
odzbrojování,37616
ukončování,37617
dacie,37618
iniciovaný,37619
obhájení,37620
sloužení,37621
summa,37622
kopra,37623
urgence,37624
nadcházet,37625
sommeliér,37626
eliminační,37627
curie,37628
germanium,37629
stupňový,37630
chronologie,37631
nástupkyně,37632
lombard,37633
