slovo,poradi
počítač,1
počítače,1
notebook,2
počítači,1
laptop,3
počítačový,4
počítačů,1
procesor,5
hardware,6
internet,7
počítačem,1
stroj,8
televizor,9
softwarový,10
notebooku,2
mozek,11
telefon,12
přístroj,13
mobil,14
monitor,15
disk,16
smartphone,17
modem,18
software,19
antivirový,20
automobil,21
připojený,22
tablet,23
počítačích,1
server,24
router,25
notebooky,2
přehrávač,26
přenosný,27
počítačům,1
tiskárnu,28
computer,29
počítačové,4
fotoaparát,30
souborový,31
počítačovou,4
skener,32
notebookem,2
větrák,33
hacker,34
zapnutý,35
kávovar,36
prohlížeč,37
hardwarem,6
firewall,38
hardwaru,6
robot,39
ovladač,40
projektor,41
mobilní,42
bankomat,43
kancelářský,44
foťák,45
výpočetní,46
desktop,47
stůl,48
nainstalovaný,49
váš,50
monitoru,15
linux,51
spotřebič,52
dataprojektor,53
směrovač,54
chytrý,55
terminál,56
diktafon,57
přijímač,58
procesorem,5
webový,59
přístupový,60
hackeři,34
internetem,7
zesilovač,61
vesmír,62
stolní,63
gramofon,64
síťový,65
vypnutý,66
operační,67
monitorem,15
mikroskop,68
elektroniku,69
psací,70
elektronický,71
čip,72
rekordér,73
klávesnici,74
vysavač,75
instalovaný,76
internetový,77
systém,78
antivirus,79
výkonnější,80
windows,81
uživatel,82
řidičák,83
procesory,5
systémový,84
počítačového,4
trezor,85
raketoplán,86
nábytek,87
nástroj,88
obrazovku,89
program,90
mixér,91
internetu,7
automatizovaný,92
analogový,93
člověk,94
dotykový,95
ventilátor,96
vypínač,97
multitasking,98
procesoru,5
zabezpečený,99
ledničku,100
kalkulátor,101
trenažér,102
gauč,103
databázový,104
bezdrátový,105
multimediální,106
podnikový,107
vůz,108
virus,109
strojový,110
desktopu,111
dům,112
aparát,113
sejf,114
motocykl,115
fyzický,116
restartovat,117
displej,118
čítač,119
elektrický,120
virtuální,121
auto,122
pokoj,123
klient,124
lednička,100
kamarád,125
počítačová,4
kapesní,126
televizoru,9
textový,127
zápisník,128
robotický,129
palubní,130
malware,131
dětský,132
algoritmus,133
záchod,134
softwaru,19
softwarem,19
obrazovka,89
výkonný,80
panel,135
účet,136
řadič,137
obrazovkou,89
mikrofon,138
akumulátor,139
vlak,140
slovník,141
diář,142
autobus,143
majetek,144
nainstalován,145
notebooků,2
starý,146
rozvaděč,147
školák,148
pult,149
myš,150
sporák,151
spyware,152
konzole,153
kalkulačku,154
programovatelný,155
simulátor,156
běžný,157
grafický,158
doma,159
elektronika,69
stojan,160
papír,161
brácha,162
rozbočovač,163
automat,164
puberťák,165
adresář,166
klávesnicí,74
desktopové,167
elektroměr,168
počítačovým,4
digitální,169
síťovou,65
port,170
rádio,171
obýváku,172
teenager,173
nervový,174
kufřík,175
tiskárna,28
uživatelský,176
spotřebitelský,177
dvoujádrový,178
konzoli,179
štít,180
motor,181
net,182
koutek,183
zdrojový,184
drahý,185
kufr,186
integrovaný,187
monitory,15
připojené,22
přístroje,13
rohlík,188
přihlašovací,189
studentský,190
vestavěný,191
softwarové,10
byt,192
výukový,193
televize,194
telefony,12
šachový,195
nainstalované,196
obrazovky,89
vozík,197
mobilu,14
svět,198
zaměstnanec,199
televizi,194
datový,200
signál,201
automatický,202
zákazník,203
zrcadlovku,204
nakonfigurovat,205
líný,206
organizér,207
vybavený,208
hloupý,209
osobní,210
učebny,211
pomalý,212
odposlech,213
procesorů,5
komponenty,214
peněženku,215
přístup,216
komponent,217
blok,218
wifi,219
ovládaný,220
ultrabooky,221
vařič,222
kabel,223
klávesnice,74
minidisk,224
nový,225
kulečník,226
hardwarové,227
satelit,228
sériový,229
výpočetního,46
mechanický,230
levný,231
můj,232
záznamník,233
obrazový,234
nainstalovat,145
vesmírný,235
certifikovaný,236
opravený,237
kancelářskou,44
koncový,238
domácnost,239
videohry,240
bezdrátovou,241
plnohodnotný,242
netbooky,243
napájecí,244
učitelský,245
programátor,246
škodlivý,247
tabletem,248
učebnu,211
režim,249
komunikátor,250
malý,251
kameru,252
jogurt,253
školáka,254
stolek,255
automobilu,21
zloděj,256
jistič,257
vadný,258
zálohovat,259
batoh,260
muž,261
cílový,262
papírový,263
koupený,264
soukromý,265
pračku,266
náklaďák,267
tabletu,23
optimalizovaný,268
elektromobil,269
vyřazený,270
žák,271
routeru,272
kamerový,273
vir,109
obývák,172
domov,274
kancelářské,44
mobily,14
softwarovou,10
vypnout,275
barák,276
stroje,8
úvěr,277
kopírka,278
pes,279
dalekohled,280
vynález,281
krám,282
reproduktor,283
domácnosti,239
kámoš,284
schovaný,285
traktor,286
ipad,287
připojen,22
sektor,288
svetr,289
libovolný,290
přepínač,291
stoleček,292
útočník,293
džus,294
paměti,295
televizory,9
datům,296
přítel,297
reaktor,298
tužku,299
organismus,300
čtyřjádrový,301
počítačových,4
spolehlivý,302
řízený,303
nepřítel,304
rozum,305
nabíječku,306
tenis,307
zakoupený,308
nepoužitelný,309
zapnu,310
tablety,23
kosmický,311
krb,312
teleskop,313
rám,314
tuner,315
zámek,316
tranzistor,317
plechový,318
veškerý,319
interface,320
videokamera,321
byznys,322
obrazovce,89
joystick,323
řídicí,324
svůj,325
překladač,326
ukradený,327
opravdový,328
uživatele,82
fotbal,329
zvukový,330
parfém,331
obraz,332
skříně,333
hračku,334
portem,335
důvěryhodný,336
chladič,337
browser,338
čas,339
vyhledávač,340
spánek,341
linuxu,342
zapalovač,343
pevný,344
tiskárnou,28
pokladnu,345
nahraný,346
viry,109
příruční,347
basketbal,348
síti,349
stylový,350
smartphonu,17
kompilátor,351
rozbitý,352
klasický,353
ztracený,354
náš,232
milovaný,355
multimédia,356
jakýkoli,357
táta,358
balík,359
poškozený,360
nainstaluje,145
jednoduchý,361
radiátor,362
tachometr,363
herní,364
sešit,365
alkohol,366
podnikatelský,367
člun,368
koš,369
taťka,370
volant,371
příkaz,372
navržený,373
bateriový,374
oběd,375
pracovny,376
konektor,377
kytaru,378
motorku,379
vyspělý,380
prohlížeče,37
obal,381
kreslený,382
hračky,334
pravopis,383
trh,384
kůň,385
elektrotechnický,386
videokameru,321
uložený,387
chlapec,388
analyzátor,389
generátor,390
adaptér,391
skříň,333
vypínat,275
disku,16
bankomatu,43
iphone,392
zvuk,393
školní,394
programy,90
kalkulačky,154
přenosné,27
skutečný,395
testovaný,396
špičkový,397
ekosystém,398
koberec,399
vypnul,275
spotřebiče,52
chlap,400
matematický,401
hotový,402
nejvýkonnější,80
firemní,403
skleník,404
chléb,405
bankovnictví,406
připojením,407
zabudovaný,408
restart,409
průměrný,410
pojízdný,411
útok,412
skupinový,413
reálný,414
jablečný,415
paměť,295
kancelář,416
prémiový,417
starej,418
měnič,419
klíč,420
připojená,22
časovač,421
kabelový,422
miniaturní,423
programátora,246
reproduktory,283
ethernet,424
bezpečný,425
šatník,426
dotazník,427
snowboard,428
běžící,429
tréninkový,430
síť,349
maily,431
model,432
připravený,433
posilovač,434
hackerů,34
test,435
instalován,436
strýček,437
oblek,438
snímač,439
skútr,440
vektor,441
tenký,442
pokročilý,443
tatínek,444
připojení,407
přehrávače,26
stolního,63
ovladatelný,445
orloj,446
stromeček,447
internetovou,77
serveru,24
knihovnu,448
teploměr,449
zásuvku,450
poštu,451
budík,452
magnetický,453
americký,454
obyčejný,455
tým,456
lístek,457
rozhlas,458
roboti,39
skříňku,459
kompresor,460
upgrade,461
synek,462
značkový,463
dřevěný,464
mladík,465
tiskárny,28
čtečku,466
učitel,467
nějaký,468
úsporný,469
koník,470
průmysl,471
nastavený,472
domeček,473
nůž,474
pomyslný,475
plastový,476
časopis,477
hrnec,478
profesionál,479
computing,480
veřejný,481
nainstaloval,145
modul,482
výdělek,483
zálohu,484
život,485
psacího,70
konfigurovat,486
přívěs,487
soubory,488
hrneček,478
rodič,489
sešity,365
operačním,67
organizmus,490
šachy,491
komiks,492
dálkový,493
správce,494
zastaralý,495
televizorem,9
diskety,496
specializovaný,497
hrníček,498
klon,499
průmyslový,500
protokol,501
takový,502
vláček,503
úložný,504
prototyp,505
vysílač,506
nefungoval,507
tisk,508
zapnout,310
multimetr,509
chod,510
prázdný,511
internetové,77
projekt,41
fotbálek,329
zdroj,512
zapojený,513
strejda,514
kterýkoliv,515
banán,516
někdo,517
airbag,518
souborového,31
připojeného,22
vektorový,519
periferní,520
vypnuté,66
obytný,521
kuchyňský,522
samotný,523
vybraný,524
pokojíček,525
sdílený,526
jazyk,527
virem,109
porty,528
heslo,529
stole,48
zralý,530
ledničky,100
sítě,349
vyhrazený,531
čtenářský,532
diagnostický,533
hotelový,534
vypne,275
krabičku,535
cukr,536
provoz,537
šroubovák,538
proudový,539
tester,540
dron,541
palcový,542
důchod,543
tuzemský,544
stát,545
vytvořený,546
prostředek,547
softwarového,10
kartu,548
antivirové,20
disky,16
deštník,549
nefunkční,550
experiment,551
socialismus,552
serverů,553
mobilního,42
nosič,554
aktualizovaný,555
elektrárnu,556
strom,557
ransomware,558
programový,559
mechanizmus,560
nemocný,561
kout,562
tlustý,563
motorový,564
dotyčný,565
servery,566
bojler,567
výkon,568
hokej,569
hardwarovou,227
televizí,194
síťové,65
ukrást,570
génius,571
spínač,572
klienta,124
elektrospotřebiče,573
zásuvce,450
telefonování,574
sovětský,575
zapne,310
myčku,576
okno,577
informatice,578
hudbu,579
strojek,8
věšák,580
použitý,581
jakýkoliv,582
alarm,583
interaktivní,584
tunel,585
rámeček,586
zapnutí,587
šicí,588
jednotlivý,589
elektronickou,71
vědec,590
offline,591
upgradovat,592
student,593
dokovací,594
šifrování,595
šifrovací,596
pacient,597
práci,598
komunismus,599
neoprávněný,600
placený,601
sýr,602
plakát,603
učebně,211
československý,604
médium,605
ovladače,40
letadlo,606
trénink,607
mazlíček,608
domácí,609
idiot,610
raketoplánu,86
výtvor,611
oděv,612
nabíječkou,306
spolužák,613
záznam,614
jeden,615
hry,616
novodobý,617
letoun,618
košík,619
umělec,620
informatika,578
přehrávačem,26
dekodér,621
měřič,622
každý,623
modemu,624
nádor,625
miláček,626
grafiku,627
klavír,628
dítko,629
zabezpečení,630
automobily,21
detektor,631
citlivý,632
nenáročný,633
elektřinu,634
fyzicky,635
operačního,67
zařízení,636
výrobek,637
kluk,638
obývací,639
sekačku,640
kámen,641
vrtulník,642
radar,643
kotel,644
balkón,645
hráč,646
kapitalismus,647
kdokoli,648
šlehač,649
napájením,650
padák,651
lidský,652
kontejner,653
napájení,654
záložní,655
přídavný,656
řídící,657
monitorů,15
sál,658
blog,659
používáte,660
reset,661
infarkt,662
úřad,663
domek,664
koncept,665
stolem,48
kanál,666
most,667
požadovaný,668
hliníkový,669
auta,122
kvalifikovaný,670
člověka,94
elektronikou,69
vodovod,671
smartphony,17
senzor,672
uživatelů,82
plán,673
diskové,674
tenhle,675
interiér,676
metabolismus,677
obchod,678
mikrovlnka,679
přenosnou,27
hrnek,498
vzdálený,680
přijímače,58
deníček,681
vozidlo,682
dolar,683
balíček,684
pokladna,345
hlasový,685
filtr,686
zrcadlo,687
fén,688
android,689
řidičský,690
vysokorychlostní,691
switch,692
šikovný,693
chytřejší,55
uživatelé,82
automobilový,694
dat,695
certifikát,696
kdokoliv,697
rodinný,698
vaše,50
periferie,699
pomocník,700
prostorový,701
všestranný,702
kurzor,703
učebna,211
odšťavňovač,704
věk,705
centrál,706
pracovník,707
socialistický,708
antivirů,709
operátor,710
paměťový,711
řidič,712
opuštěný,713
kupon,714
konektivitu,715
rozpočet,716
plášť,717
společník,718
deník,681
notes,719
nápoj,720
tichý,721
pořádný,722
položený,723
policista,724
transformátor,725
tvůj,726
poklad,727
pokyn,728
prostor,729
postižený,730
nakrájený,731
kalkulátory,732
použitelný,733
zničený,734
zapínat,310
milionář,735
firmware,736
vypíná,737
ohřívač,738
kognitivní,739
poskytnutý,740
kabelem,223
přenosná,27
kanceláři,416
palác,741
náročný,742
informatik,578
dotykovou,743
hru,616
běžecký,744
živý,745
klíně,746
ten,747
produktivní,748
kartáček,749
rychlý,750
pohon,751
ekonomický,752
intelekt,753
chráněný,754
webovou,59
akumulátorový,755
vzdáleně,756
daný,757
mobilem,14
prádlo,758
regulátor,759
chlapík,760
čipy,72
poker,761
skeneru,762
telefonu,12
protějšek,763
takovýto,764
kapitál,765
vědecký,766
sofistikovaný,767
robota,39
kovový,768
paušál,769
obličej,770
programovat,771
virtualizaci,772
přípojku,773
vodič,774
routery,775
rádiový,776
žehlička,777
tarif,778
blbej,779
spotřebitel,780
upgradu,781
hardwarového,227
astronomický,782
příbor,783
budovu,784
manžel,785
rozvrh,786
surfování,787
účty,136
soubor,488
atlas,788
tento,789
pakety,790
tempomat,791
spotřebu,792
koníček,793
zákaznický,794
šuplík,795
děcka,796
dítě,797
ovládat,798
míček,799
stejnosměrný,800
zabezpečovací,801
slovníky,141
kamenný,802
emaily,803
tank,804
občan,805
kombinovaný,806
graf,807
laserový,808
čistý,809
podstavec,810
elektromotor,811
klíček,812
odpojit,813
pohovor,814
batůžek,260
komp,815
kávovaru,36
kino,816
nápad,817
filmový,818
postroj,819
editor,820
samopal,821
malwaru,131
nevinný,822
čaj,823
odborník,824
vlastníte,825
bazén,826
okamžik,827
soused,828
licenci,829
všechen,830
jaderný,831
sestrojil,832
běžet,833
basketbalový,834
daňový,835
kosmonauta,836
slušný,837
kompakt,838
svačinu,839
nečinnosti,840
techniku,841
pohádkový,842
dědeček,843
astronaut,844
fotoaparáty,30
skenování,845
softwarová,10
měřicí,846
připojenou,22
nejede,847
napaden,848
benzínový,849
odpojí,813
elektrickou,120
autosalon,850
programování,851
připojíte,852
samostatný,853
pozemský,854
držák,855
syntezátor,856
úkol,857
nákup,858
rozhlasový,859
trouba,860
žehličku,777
telefonní,861
ventilátoru,96
klimatizaci,862
komunikační,863
externí,864
normalizovaný,865
příslušný,866
skript,867
kolega,868
praktický,869
přenos,870
bankovní,871
jeřáb,872
zabezpečením,630
vrtačka,873
film,874
zrak,875
kalkulačka,154
sálové,876
nehmotný,877
autorizovaný,878
telekomunikační,879
elektrotechniku,880
mód,881
akademický,882
alternátor,883
neziskový,884
sluchátkový,885
klubový,886
skříni,333
zapnuté,887
barevný,888
celozrnný,889
data,296
linuxové,890
složitý,891
vysněný,892
informatiky,578
programátoři,246
telefonický,893
cizí,894
králík,895
vypněte,275
odpadkový,896
komplet,897
google,898
ruský,899
akcelerátor,900
zabavit,901
kandidát,902
ovladačem,40
rozhraním,903
bytový,904
načte,905
mateřský,906
televizní,907
poplatník,908
městský,909
zapíná,910
platební,911
propadák,912
demokratický,913
technologický,914
schopný,915
obličejový,916
uzel,917
termostat,918
tělocvičnu,919
matematiku,920
míč,921
konzolí,922
display,923
registr,924
ručník,925
neviditelný,926
jedinec,927
hlas,928
podnikové,107
diskem,16
symetrický,929
jugoslávský,930
terminály,56
stroji,8
kurz,931
virů,109
výběrový,932
prohlížečem,37
filmy,874
nepoužíváte,660
kartáč,933
tabletů,934
miláčka,626
čistič,935
krást,570
algoritmy,133
český,936
síťovým,65
řádný,937
protivník,938
tištěný,939
elektrotechnika,940
hamburger,941
proud,942
dokument,943
telefonát,944
chladničku,945
firewally,946
falešný,947
prach,948
adware,949
tiskárně,28
mrazák,950
dluhopis,951
rozpočtový,952
skromný,953
čtenář,954
kosmonaut,836
sestrojit,955
odkudkoliv,956
sedíte,957
počítačovými,4
restartu,958
programovací,959
box,960
něčí,961
telefonem,12
příjem,962
sluch,963
koláč,964
nabíječka,306
animovaný,965
nákladný,966
zálohování,967
skype,968
cloud,969
stan,970
žaludek,971
autě,122
peníze,972
instalovat,436
močový,973
baterka,974
plošný,975
bezdrátové,976
zavlažovací,977
maloobchod,978
formát,979
raketový,980
salát,981
vestavný,982
vyvinutý,983
hodinky,984
panelový,985
nezávislý,986
stromek,987
pracujícího,988
spacák,989
styl,990
maličký,991
proces,992
tvor,993
zapomenutý,994
kluzák,995
zvonek,996
konfiguraci,997
nejeden,998
kalendář,999
gril,1000
hardwarových,227
systémy,78
klávesy,1001
stvořený,1002
vibrátor,1003
grafika,627
plánovaný,1004
designový,1005
didaktický,1006
business,1007
červ,1008
malej,1009
tábor,1010
zakoupen,1011
web,1012
cvičný,1013
koupelnu,1014
snímek,1015
zařízením,636
poč,1016
periferií,699
tranzistory,317
správně,1017
pokoji,123
baterky,974
vývar,1018
používaný,1019
unavený,1020
potřebný,1021
pronajatý,1022
informační,1023
oblíbený,1024
úloh,1025
motorka,379
pomůcky,1026
trávník,1027
autorádio,1028
obsluhovat,1029
pohovku,1030
trpaslíka,1031
kosmické,311
správný,1032
poplatek,1033
víceúčelový,1034
spuštěn,1035
klimatizace,862
přístroji,13
virtuálně,1036
zadaný,1037
zdravotnický,1038
pytel,1039
umělý,1040
partner,1041
hodinový,1042
baterku,974
pracovitý,1043
zpravodajský,1044
učitele,467
národ,1045
jednotku,1046
jiný,1047
paket,1048
kupón,1049
doklad,1050
širokoúhlý,1051
hokejový,1052
pracovna,376
platformu,1053
chlebíček,1054
vlastní,1055
orgán,1056
domova,274
propojený,1057
rozložený,1058
obrněný,1059
podvozek,1060
sám,1061
připojit,852
zvířegril,1062
knihovník,1063
jediný,1064
klíče,420
stojánek,160
financí,1065
plochý,1066
tlakový,1067
dospělý,1068
licence,829
kráječ,1069
žebřík,1070
zásah,1071
ledový,1072
nabízený,1073
kabát,1074
stativ,1075
krade,570
poznámkový,1076
automaticky,1077
chová,1078
způsob,1079
hrubý,1080
návyky,1081
čipovou,1082
inteligence,1083
autorský,1084
mozku,11
výtah,1085
inteligenci,1083
myši,150
firewallu,1086
běh,1087
paprsek,1088
výrok,1089
rychlík,1090
chleba,405
lehký,1091
přepracovaný,1092
pokojíčku,1093
jednorázový,1094
poslech,1095
důstojník,1096
měřený,1097
bezdrátově,1098
login,1099
virům,1100
tazatel,1101
počítadlo,1102
mikrovlnky,679
domény,1103
glóbus,1104
zavřený,1105
převodník,1106
piano,1107
stereo,1108
papírek,1109
čínský,1110
webhosting,1111
pracující,988
rozbil,1112
lékařský,1113
pořadač,1114
dělaný,1115
objekt,1116
napájet,650
průkaz,1117
synchronizovat,1118
svobodný,1119
uživatelské,176
jídelnu,1120
špinavý,1121
zdravý,1122
banku,1123
naprogramovat,1124
biologický,1125
světlomet,1126
hangár,1127
přívětivý,1128
pohybový,1129
ženský,1130
sestavený,1131
tabuli,1132
meloun,1133
doplněk,1134
spustit,1135
kabátek,1136
chrám,1137
fungovat,507
číselný,1138
vaši,50
nezbytný,1139
nenápadný,1140
informatiku,578
dluh,1141
síťová,65
linkový,1142
chlápek,1143
desku,1144
adresní,1145
dodatečný,1146
spravedlivý,1147
kelímek,1148
vybavit,1149
subjekt,1150
agregát,1151
zatěžuje,1152
onen,1153
tapetu,1154
bufet,1155
inventář,1156
piáno,1157
kanceláře,416
trezoru,85
mužský,1158
vybavení,1159
elektroniky,69
schránku,1160
připojeným,22
celosvětový,1161
babička,1162
komponenta,1163
vložený,1164
produkt,1165
povrch,1166
třídní,1167
exotický,1168
cenný,1169
celej,1170
výpadek,1171
silový,1172
kabinet,1173
impulz,1174
ikonu,1175
autíčko,1176
orientovaný,1177
požadavek,1178
přístrojů,13
žurnalista,1179
slabý,1180
mamka,1181
virtuálního,1182
akciový,1183
hotel,1184
důchodce,1185
podvod,1186
návštěvník,1187
živnostník,1188
dárek,1189
milión,1190
fotografický,1191
nějakej,1192
posadí,1193
gauči,103
kočárek,1194
policajt,1195
problém,1196
ubrousek,1197
agent,1198
serverem,1199
závěsný,1200
novej,1201
šperk,1202
místnosti,1203
záchodě,134
bankrot,1204
babičky,1162
rádia,171
připojených,22
personál,1205
vrtačky,873
jednotlivec,1206
mladý,1207
souborové,31
poslouchá,1208
květák,1209
otevřený,1210
bitů,1211
výbavu,1212
palubního,130
kafe,1213
mrtvý,1214
občasný,1215
list,1216
směrovače,1217
serverové,1218
průvodce,1219
talíř,1220
mimino,1221
kočku,1222
kdejaký,1223
zabiják,1224
objednaný,1225
válec,1226
ovladačů,40
displejem,118
tužka,299
fungoval,507
cloudu,1227
čerstvý,1228
virtuálním,1229
optický,1230
bezpilotní,1231
elektronická,71
povel,1232
elektrikář,1233
zákazníka,203
návyk,1081
nepotřebuju,1234
doménu,1235
kompas,1236
multimediálního,106
pohodlný,1237
soustruh,1238
klientských,1239
knížky,1240
fotoaparátu,30
výzkumník,1241
uklidit,1242
druhý,1243
obrázek,1244
přebytečný,1245
používat,660
rentgen,1246
vystavený,1247
tašku,1248
puls,1249
regál,1250
závodník,1251
napojené,1252
pohyblivý,1253
lék,1254
chodník,1255
výlet,1256
chladný,1257
souborům,488
zbytečný,1258
elektrické,120
instaloval,436
služební,1259
některý,1260
děda,1261
dokumenty,943
projektoru,1262
voják,1263
vesmírnou,235
betonový,1264
mobilů,14
navrhovaný,1265
připojeni,852
webkamera,1266
grafickou,158
selský,1267
mail,1268
synchronní,1269
modifikovaný,1270
opravit,1271
podmíněný,1272
facebook,1273
úložiště,1274
soutěžící,1275
zavazadlový,1276
nabíjet,1277
pejsek,1278
salónek,1279
novinář,1280
milenec,1281
nutný,1282
zranitelný,1283
masový,1284
receiver,1285
dodávaný,1286
zprovoznit,1287
dispečink,1288
nepotřebuji,1289
obchodník,1290
integrál,1291
ledničkou,100
zábavu,1292
soud,1293
řád,1294
usb,1295
chlazení,1296
automatizované,1297
lednici,1298
nepoškozený,1299
kamarádem,125
programem,90
opilý,1300
šílenec,1301
strojem,8
citron,1302
odpis,1303
poštovní,1304
podporovaný,1305
psaný,1306
lednice,1298
kterýkoli,1307
diagnostiku,1308
pamětí,295
vzorek,1309
segment,1310
podřízený,1311
webkamery,1312
funkční,550
kompaktní,1313
zrcadlový,1314
chlapa,400
běží,833
neběží,1315
finance,1065
noviny,1316
supermarket,1317
kamera,252
výzkumný,1318
zahradu,1319
zrcadlovka,204
koutrestauracevenkovní,1320
dopis,1321
studený,1322
park,1323
inteligentní,1324
vysoušeč,1325
komunistický,1326
portrét,1327
školu,1328
databázové,104
venkovský,1329
přívěšek,1330
členský,1331
kosmonauti,836
někomu,517
oltář,1332
spotřební,1333
časopisy,477
blbý,1334
vojenský,1335
postarší,1336
sežere,1337
toaletu,1338
hovor,1339
vývojový,1340
hosting,1341
navigační,1342
užitečný,1343
starší,146
nouzový,1344
displeji,1345
plochu,1346
žáka,271
zaměstnavatel,1347
spolužáka,613
telefonovat,1348
terminálu,56
design,1349
kurýr,1350
hrdina,1351
výukové,1352
domácností,239
materiál,1353
chránič,1354
hrad,1355
neznámý,1356
internetová,77
detektiv,1357
mechanik,1358
kuchyň,1359
úvěrový,1360
ložnici,1361
zhoubný,1362
spuštěné,1363
potřebuje,1289
zabezpečen,1364
gigant,1365
motorky,379
přehrávači,26
postýlku,1366
potenciál,1367
úložné,1368
učeben,1369
vozový,1370
odpad,1371
minibar,1372
útokem,412
ergonomický,1373
exponát,1374
týden,1375
portu,1376
výuku,1377
obnovený,1378
čajový,1379
elektrárna,556
zákoník,1380
scénář,1381
rodičovský,1382
blbec,1383
babičku,1162
základ,1384
adapter,1385
kapesné,1386
bezchybný,1387
naviják,1388
nabíječce,306
stres,1389
případ,1390
ochranný,1391
zavazadla,1392
nářadím,1393
sedět,957
křovinořez,1394
prezentační,1395
instalaci,1396
framework,1397
seká,1398
záchranný,1399
nájemník,1400
miliardář,1401
místnost,1203
ping,1402
svačina,839
kamaráda,125
velký,1403
technický,1404
kontinent,1405
černobílý,1406
řemeslník,1407
pořad,1408
rukopis,1409
odpočinek,1410
mluvící,1411
plynový,1412
šampionát,1413
hodný,1414
fungující,1415
hodnotný,1416
dotykovým,1417
úředník,1418
firmu,1419
dvůr,1420
pachatel,1421
podnikovou,107
svetry,289
důchodový,1422
poháněný,1423
čtecí,1424
pravidelný,1425
webové,59
ultrazvuk,1426
nástroje,88
hlídací,1427
penál,1428
nádobí,1429
úspěšný,1430
náklad,1431
přihlášený,1432
jezdec,1433
upravený,1434
řídit,1435
spolubydlící,1436
kredit,1437
provozovaný,1438
kosmetický,1439
kapse,1440
patent,1441
myší,1442
tajný,1443
večírek,1444
studiový,1445
sběrnice,1446
bankovky,1447
otec,1448
nerezový,1449
službu,1450
mobiliář,1451
arzenál,1452
fotbalový,1453
lékař,1454
drátěný,1455
robotem,39
pero,1456
knihovně,448
učebnách,211
satelity,228
nekomerční,1457
kryt,1458
spát,1459
projektory,1460
udělaný,1461
nesprávný,1032
výsledný,1462
sprostý,1463
klientské,1239
zrychlený,1464
bit,1211
papíře,161
parlament,1465
letadle,606
displeje,118
subwoofer,1466
zvedák,1467
výstup,1468
peněženky,215
nainstalujte,145
disků,16
nepřátelský,1469
určený,1470
inženýr,1471
headset,1472
přenosného,27
vývojář,1473
potřebuji,1289
vrah,1474
půjčit,1475
konfigurace,1476
souborů,488
zásuvka,450
svetřík,289
komín,1477
vědomí,1478
nabitý,1479
lidstvo,1480
kartou,548
infračervený,1481
sedadle,1482
začátečník,1483
zamknout,1484
debil,1485
sluchátko,885
nepotřebuje,1289
démon,1486
organizovaný,1487
stranický,1488
manuál,1489
kolo,1490
tapety,1491
rizikový,1492
prcek,1493
dvorek,1494
phone,1495
zápisníky,1496
interní,1497
vaječný,1498
kernel,1499
polštář,1500
kuchyňku,1501
časový,1502
kamarádovi,125
identický,1503
náhodný,1504
stolku,255
hmotný,1505
pravicový,1506
zprovozněn,1507
nabít,1277
sednout,1508
elektronice,1509
nepoužitý,1510
samsung,1511
gramotnost,1512
náramek,1513
bezplatný,1514
zakoupí,1011
vlastník,1515
banka,1123
pelíšek,1516
sendvič,1517
lampička,1518
manager,1519
operátora,710
portů,1520
plátno,1521
oddíl,1522
zabezpečit,1523
pomalejší,212
příklad,1524
určitý,1525
ekvalizér,1526
biftek,1527
skleněný,1528
únosce,1529
nefunguje,507
připojovat,852
mechanicky,1530
myčka,576
hraní,1531
distribuovanou,1532
palubním,130
forenzní,1533
basketbalista,1534
nevlastní,1055
zlobil,1535
plyšový,1536
doopravdy,1537
profík,1538
záchvat,1539
dáma,1540
přechod,1541
bombardér,1542
banány,516
spustíte,1135
stánek,1543
parťák,1544
čestný,1545
studenta,593
nervy,1546
spotřebuje,1547
židli,1548
setrvačník,1549
elektronické,71
oblečení,1550
výslech,1551
hladový,1552
brýle,1553
partnerský,1554
cholesterol,1555
žádný,1556
sluha,1557
prohlížení,1558
čárový,1559
diplom,1560
postel,1561
pojištěný,1562
lego,1563
celý,1564
programátorů,246
vysokoškolský,1565
teoretický,1566
myšlenkový,1567
videem,1568
rozsáhlý,1569
benzinový,1570
kybernetiky,1571
startér,1572
vyčistit,1573
prodavač,1574
preparát,1575
děcko,796
chemický,1576
obrazy,332
ovladači,40
meč,1577
ekologický,1578
obrovský,1579
úlohy,1025
pravítko,1580
zmatený,1581
hydraulický,1582
jednomotorový,1583
jazykový,1584
potřebovat,1289
utrácet,1585
raketa,1586
rozbije,1112
topení,1587
využitelný,1588
víkend,1589
prázdniny,1590
nespokojený,1591
odolný,1592
běžel,833
vybavením,1159
kolík,1593
vnitřek,1594
kritický,1595
šuplíku,795
soupeř,1596
daty,296
prvek,1597
svuj,1598
procesorech,5
zachovalý,1599
bluetooth,1600
sluchátky,885
hospodářský,1601
lyže,1602
záznamové,1603
zrychlit,1604
chip,1605
odborný,1606
sluchátka,885
blesk,1607
multifunkční,1608
odpojení,1609
tabák,1610
zadarmo,1611
sourozenec,1612
tematický,1613
frajer,1614
hadřík,1615
odložený,1616
okruh,1617
hovno,1618
živnostenský,1619
pás,1620
normálně,1621
vymoženosti,1622
přesný,1623
hračkou,334
knihovní,1624
vyčistí,1573
příkazy,372
skautský,1625
vinný,1626
vlastnící,1627
potřeby,1628
automaty,164
jede,1629
manža,1630
krámy,282
hračka,334
mechanismus,1631
promítací,1632
metodický,1633
podvodník,1634
televizorů,9
zesilovače,61
nebezpečný,425
mechaniku,1358
rolák,1635
statický,1636
centrální,1637
zdali,1638
přístupem,216
špatný,1639
pletený,1640
serverům,1641
geomorfologický,1642
kotouč,1643
klávesnic,74
pavilon,1644
světový,1645
pytlík,1646
oddělený,1647
paměťovou,711
navigaci,1648
špionážní,1649
sklep,1650
rozvinutý,1651
pilník,1652
instalace,1396
tiskový,1653
stereofonní,1654
ukazatel,1655
tabule,1132
sledovací,1656
bankomatů,43
viru,109
potřebuju,1289
zasraný,1657
klíčový,1658
styk,1659
prezidentský,1660
bagr,1661
oprávněný,1662
spravovat,1663
čipu,72
okna,577
němu,1664
espresso,1665
stěrač,1666
písmenka,1667
hit,1668
portál,1669
kožený,1670
zajištěný,1671
látkový,1672
odkudkoli,956
badminton,1673
houslový,1674
sedák,1675
evropský,1676
bedny,1677
dveře,1678
dinosaurus,1679
management,1680
dárky,1189
dokonalý,1681
svačiny,839
studovna,1682
přiložený,1683
webem,1684
neomezený,1685
knížku,1240
volantem,371
šum,1686
rozumný,1687
fond,1688
krokodýl,1689
vlek,1690
zablokuje,1691
patřičný,1692
banky,1123
bazének,1693
audio,1694
multiplayer,1695
start,1696
servis,1697
cestovní,1698
dvoumístný,1699
kosmonauty,836
právník,1700
výtisk,1701
automatu,164
velkokapacitní,1702
podmořský,1703
registry,1704
pokrm,1705
fyzickou,116
pokladny,345
platný,1706
tip,1707
ukrajinský,1708
zvířátko,1709
fantastický,1710
voucher,1711
ptáček,1712
zápis,1713
modulární,1714
reflektor,1715
papíry,161
profesionální,1716
minimalistický,1717
zásobník,1718
okamžitý,1719
zabalený,1720
impuls,1721
rezistor,1722
studentskou,190
gramofony,64
operačními,67
kancelářská,44
bláznivý,1723
klávesa,1001
žáci,271
olej,1724
protiletadlový,1725
švagr,1726
roztomilý,1727
manažer,1728
rozvojový,1729
posuvný,1730
znalostní,1731
filosofický,1732
postup,1733
přenášet,1734
oceán,1735
instaluje,436
nudný,1736
zážehový,1737
odsouzený,1738
mlýnek,1739
marketingový,1740
letadla,606
nočník,1741
obranný,1742
ukázkový,1743
vhodný,1744
dotazování,1745
parazit,1746
vlivný,1747
instrukce,1748
otisk,1749
drak,1750
čokoládový,1751
palivový,1752
airbagy,1753
bezpečně,1754
neschopný,915
vzduch,1755
sednu,1508
atlasy,1756
bratr,1757
nešel,1758
divák,1759
íránský,1760
kopírování,1761
využívaný,1762
dostupný,1763
kamarády,125
moderní,1764
času,339
cílený,1765
grafikou,1766
mašinka,1767
reprosoustavy,1768
nejzákladnější,1769
binární,1770
válcový,1771
úložného,1772
vyspělejší,380
posluchač,1773
adresáře,166
úchyt,1774
multiplatformní,1775
předmět,1776
posilovnu,1777
zapnete,310
hmyz,1778
domácnostech,239
baterii,1779
citrón,1780
architekturu,1781
přestal,1782
poskytovatel,1783
řetězec,1784
ohromný,1785
studijní,1786
inkubátor,1787
nepotřeboval,1289
papežský,1788
vlastnit,825
ikonku,1789
skok,1790
karton,1791
tělesný,1792
simulovat,1793
účastník,1794
podnikatel,1795
troubu,860
krystal,1796
sledovaný,1797
angličtinu,1798
vypnutí,1799
klienti,124
návod,1800
exekutor,1801
mikrofony,138
šlechtický,1802
logický,1803
literaturu,1804
sex,1805
dlužník,1806
sestavu,1807
streaming,1808
příbytek,1809
chodbě,1810
konkurz,1811
text,1812
probuzení,1813
používající,1814
hlavolam,1815
imaginární,1816
ekonomika,1817
nábytkem,87
litinový,1818
internetového,77
učebnice,1819
marketing,1820
rodiče,489
kabelku,1821
cokoli,1822
pojem,1823
sestaven,1131
jednoduše,1824
telefonů,12
grafice,1825
nainstalovány,145
výkonné,80
analytický,1826
elektrárny,556
přiměřený,1827
zmíněný,1828
ovládání,1829
nepoužitelné,733
skryt,1830
človek,1831
dřív,1832
souseda,828
pouhý,1833
máma,1834
zveřejněný,1835
pokoje,123
mobilním,1836
sedačku,1837
telefonáty,944
hodinu,1838
lak,1839
konfigurací,1840
hospodářstvíspecializovaný,1841
nepostradatelný,1842
ponorku,1843
půjčovat,1844
device,1845
pán,1846
štítek,1847
spuštění,1848
zábavný,1849
námět,1850
rajčatový,1851
pultu,149
médiu,1852
klientského,1239
domovní,1853
zásuvky,450
objektiv,1854
práškový,1855
systémem,78
buben,1856
pomocníka,700
tenisový,1857
zánovní,1858
bankéř,1859
lampu,1518
odbavovací,1860
volitelně,1861
brusný,1862
karta,548
oknem,577
přepsat,1863
silný,1864
nářadí,1393
videoher,1865
zdatný,1866
prezident,1867
mixéry,91
vandalismus,1868
dechový,1869
brašny,1870
sedím,957
médiem,1871
rybářský,1872
ocelový,1873
vyučovací,1874
spotřebovává,1875
úraz,1876
obdélník,1877
rychleji,1878
nádobím,1429
složku,1879
celek,1880
čtečka,466
poplach,1881
potravinářský,1882
dějepis,1883
startu,1696
mechanika,1358
šetrný,1884
sklad,1885
nepotřebujete,1289
tabulkový,1886
přístřešek,1887
pořízený,1888
pobyt,1889
laboratorní,1890
syntezátory,1891
slot,1892
salonek,1893
vysavačem,75
chudák,1894
paměťová,711
jihokorejský,1895
moučník,1896
kreditní,1897
fyzik,1898
obrazovkách,89
chcete,1899
neexistoval,1900
vozítko,1901
sportovec,1902
muziku,1903
kávovary,36
švestky,1904
nástavec,1905
vesnický,1906
strávený,1907
selže,1908
win,1909
batohu,260
jej,1664
pravý,1910
vypnutím,1911
dálku,1912
chladit,1913
virtualizace,1914
veliký,1915
kapitálový,1916
vysílající,1917
motorest,1918
omezený,1685
foťáku,1919
stejnojmenný,1920
dvoupatrový,1921
zájezd,1922
pomeranč,1923
učitelé,467
nahrávky,1924
oscilátor,1925
dvojitý,1926
cizojazyčný,1927
knoflík,1928
připraven,433
balón,1929
univerzitu,1930
zabezpečené,99
switche,1931
hostel,1932
zbláznil,1933
všechno,830
pasivní,1934
mladistvý,1935
dostačující,1936
pacienta,597
psychiatr,1937
léky,1254
nahrané,346
pracovat,1938
hvězdný,1939
kamkoli,1940
dezert,1941
žaluzie,1942
výpočet,1943
normální,1944
administrátor,1945
koníčky,793
hřeben,1946
sekretářka,1947
holicí,1948
rohlíky,188
hrozbami,1949
magor,1950
bezdrátová,1951
hrací,1952
beton,1953
vrták,1954
rozhraní,1955
elektronicky,1956
mysl,1957
peníz,1958
satelitní,1959
průšvih,1960
statistický,1961
strojvedoucího,1962
nejběžnější,157
využíváte,1963
rovný,1964
řádek,1965
vajíčko,1966
stolkem,255
teplý,1967
přístrojem,13
příbory,783
zpomalí,1968
botník,1969
nemít,1970
chodu,510
hernu,1971
technika,1972
kosmickou,311
magický,1973
pravopisu,383
spolupracovník,1974
ekonomiku,1817
mazlíčka,1975
konzoly,1976
připojeno,22
trezory,85
žere,1977
posudek,1978
dostatečný,1979
legální,1980
tabletech,1981
přihlásí,1982
deska,1144
štěně,1983
obor,1984
kancléř,1985
vlněný,1986
klimatizované,1987
šálek,1988
pásový,1989
medvídek,1990
hotov,402
algoritmu,133
podezřelý,1991
postavený,1992
hasičský,1993
hesla,529
cyklistický,1994
předpoklad,1995
vzduchový,1996
korpus,1997
uchazeč,1998
matematika,920
nastaven,1999
splněný,2000
rozvod,2001
zápas,2002
hybridní,2003
člověkem,94
kroužek,2004
elektron,2005
vesmíru,62
citový,2006
potvora,2007
elektrotechniky,880
psa,279
programovatelné,155
mozkovou,2008
kolektor,2009
mokrý,2010
osel,2011
chraňte,2012
pruhovaný,2013
kečup,2014
mamky,2015
přípojkou,2016
pocit,2017
tužkou,299
trávíte,2018
obývacího,639
imunitní,2019
přenosovou,2020
malovaný,2021
prostředky,547
čipové,2022
produktivitu,2023
letenku,2024
odinstalovat,2025
fotoaparátem,30
genius,2026
nadřízený,2027
vypadal,2028
večer,2029
laboratoře,2030
spolehlivější,302
kapesníky,2031
bod,2032
plot,2033
knihovna,448
nejrychlejší,750
přivýdělek,2034
dveřní,2035
disková,2036
strop,2037
jídlo,2038
opravoval,2039
zabavili,901
informacemi,2040
kocour,2041
engine,2042
zákusek,2043
rekonstruovaný,2044
kvíz,2045
výsuvný,2046
sedačky,1837
knihovny,448
dotykové,2047
krytýbazén,2048
trest,2049
kočár,2050
psacím,70
přípojka,2051
pultem,149
lektor,2052
kuchařský,2053
skladný,2054
žalobce,2055
vesmírné,235
obojek,2056
vyučování,2057
rádiem,171
štětec,2058
tranzistorů,317
motocyklový,2059
manifest,2060
jednotný,2061
tatínka,444
aktualizovat,2062
leasing,2063
případný,2064
napájecího,2065
transportér,2066
upovídaný,2067
součástek,2068
plnohodnotně,2069
psychický,2070
návrh,2071
nepoužívané,2072
dolarů,683
bráchu,162
připojím,852
sport,2073
hodinku,1838
dolary,683
zážitek,2074
každodenní,2075
zadek,2076
reproduktorů,283
výkladový,2077
čidlo,2078
terminálů,56
magnát,2079
platformy,1053
pirátství,2080
mozkem,11
mohutný,2081
umět,2082
zhroutil,2083
vybaven,208
muzikant,2084
pohyb,2085
tep,2086
baterie,1779
standard,2087
volný,2088
vklad,2089
spící,2090
opraví,1271
zaměstnance,199
zákonný,2091
analog,2092
raketoplánů,86
rybíz,2093
elektrospotřebičů,573
lavici,2094
sebevědomý,2095
koupit,2096
pracovníka,707
odposlechy,213
mlýn,2097
vyřazené,2098
plyn,2099
opravář,2100
nezatěžuje,2101
pirát,2102
zaměřený,2103
fyzika,1898
řetízek,2104
kopírovací,2105
příručku,2106
kvartál,2107
mamce,2108
letectvo,2109
těžký,2110
úkoly,857
ruční,2111
komunikuje,2112
behaviorální,2113
kompot,2114
cokoliv,2115
výdaje,2116
zničen,2117
obvyklý,2118
patentovaný,2119
drtič,2120
zlý,2121
krizový,2122
horoskop,2123
motorová,564
uživatelům,82
kodek,2124
plynovod,2125
umělecký,2126
prostorný,2127
přizpůsobený,2128
žralok,2129
uspořádaný,2130
stolním,63
šrot,2131
farmaceutický,2132
vkus,2133
kina,816
pračky,266
weby,2134
trenér,2135
nevelký,1403
první,2136
bezproblémový,2137
osmiválec,2138
celokovový,2139
geografický,2140
průzkumný,2141
nepoužívat,660
zaregistrovaný,2142
lékárnu,2143
sedadlo,1482
icq,2144
peněženka,215
pračka,266
přítomný,2145
vylepšený,2146
akumulátorem,139
expert,2147
stanice,2148
zločinec,2149
jízdní,2150
zkolaboval,2151
jednotka,1046
účtům,136
kulomet,2152
anténu,2153
odemknout,2154
krabici,2155
stisk,2156
vězeň,2157
klientem,124
planetu,2158
jenom,2159
nepozorovaně,2160
odstraňovač,2161
spoluhráč,2162
plugin,2163
system,2164
chodbu,1810
trik,2165
senzory,2166
brzdový,2167
pořídit,2168
tepelný,2169
reproduktorem,283
liberalismus,2170
energetický,2171
ochránit,2172
šéf,2173
modelový,2174
turistický,2175
magazín,2176
zkrátka,2177
klimatizační,2178
autobuse,143
karavan,2179
nejdražší,185
překlep,2180
šampón,2181
stanici,2148
bezdrátovým,2182
chirurgický,2183
formulář,2184
ilustrovaný,2185
prkno,2186
registrovaný,2187
nepoužívám,660
čisticí,2188
doklady,1050
smysluplný,2189
tvrdý,2190
vyhledávací,2191
aplikovaný,2192
únos,2193
nelegální,1980
balíky,359
knihu,2194
hrami,616
skřítek,2195
redaktor,2196
centrála,706
turbodiesel,2197
autoservis,2198
strážce,2199
toaletou,1338
nekvalitní,2200
potraviny,2201
benzin,2202
motorovou,564
maminka,2203
údaj,2204
málokdo,2205
komiksový,2206
velkolepý,2207
potřeboval,1289
hlasovací,2208
uvedený,2209
vepřový,2210
předražený,2211
instalační,2212
krajský,2213
tepláky,2214
naplánovaný,2215
spí,1459
polstrovaný,2216
nastavitelný,2217
kávu,2218
laminát,2219
sedne,1508
nástěnky,2220
rytmus,2221
prakticky,2222
tvaroh,2223
tisícovku,2224
idol,2225
bity,1211
zkopírovat,2226
sympatický,2227
ukradené,327
potřebu,1628
nastartovat,2228
společný,2229
podnik,2230
názor,2231
spouštět,1135
nastartuje,2228
lyžařský,2232
slovenský,2233
spánku,341
posilovna,1777
náhrobek,2234
bojový,2235
pepř,2236
archív,2237
revolver,2238
atom,2239
spusťte,1135
žalovaný,2240
amatérský,2241
kocoura,2041
kukuřičný,2242
pracovně,376
pronajmout,2243
vznětový,2244
baterietypanalogovétvar,2245
brněnský,2246
čtverec,2247
jablko,2248
zkontrolovat,2249
můstek,2250
připevněn,2251
fanoušek,2252
víno,2253
mořský,2254
majitel,2255
poctivý,2256
talent,2257
složený,2258
najednou,2259
ukryt,2260
povrchový,2261
kabriolet,2262
driver,2263
plný,2264
blogování,2265
atletický,2266
videozáznam,2267
útočný,2268
hlasitý,2269
dobový,2270
ukradne,2271
studenti,593
šetřit,2272
rovnou,1964
nikdo,2273
blbosti,2274
informacím,2040
pokročilejší,443
nutně,2275
vyšetřovatelé,2276
paralelní,2277
trpaslík,1031
akordeon,2278
softwarových,10
laik,2279
rekord,2280
kočka,1222
novější,225
zvukovou,330
mobile,14
mohl,2281
chatu,2282
kamna,2283
džem,2284
džíny,2285
nekonečný,2286
distribuované,2287
kořenový,2288
konfigurační,2289
toaletě,1338
zkušený,2290
moudrý,2291
podložku,2292
týmový,2293
jakýsi,2294
jídelníček,2295
salón,2296
soukromí,265
instrukční,2297
pokrok,2298
fenomén,2299
volejbal,2300
záření,2301
mrazáky,950
tričko,2302
klávesu,1001
produktový,2303
společenský,2304
děti,797
každ,2305
zázrak,2306
bramborový,2307
nebo,2308
work,2309
obsluhuje,1029
instalatér,2310
válet,2311
zobrazovací,2312
uživatelským,176
vyšívací,2313
kus,2314
komponentů,2315
zařídit,2316
zeleninový,2317
pasivně,2318
psaní,2319
proužek,2320
přednáškový,2321
kamery,252
dvoumotorový,2322
lidé,94
testy,435
topol,2323
gumový,2324
jistotu,2325
ústředny,2326
videokonference,2327
rockový,2328
anonymní,2329
funkcemi,2330
prohlížečů,37
kuchyňka,2331
památník,2332
technici,1972
výbavou,1212
radio,171
chránit,2012
rozhlasovou,859
peněžence,215
historický,2333
host,2334
úkon,2335
služebník,2336
dlouhodobý,2337
sestavit,2338
imobilizér,2339
root,2340
spam,2341
ratolest,2342
kožíšek,2343
zákrok,2344
účtem,136
přehledný,2345
součástky,2068
přihlášení,1982
chalupu,2346
nedokončený,2347
mikrovlnnou,2348
týdně,2349
pomůckami,1026
neumí,2082
přenosy,870
mikinu,2350
word,2351
maják,2352
ledovec,2353
zesilovačem,61
knedlík,2354
nestíhám,2355
hospodářství,2356
hodiny,2357
jídelní,2358
prodejce,2359
spolužáci,613
odesílat,2360
kupujícího,2361
polštářek,1500
grafik,2362
autobusový,2363
sen,2364
zkontroluje,2249
kraviny,2365
internetovým,77
grafiky,627
asynchronní,2366
professional,2367
antikvariát,2368
sondu,2369
sešitu,365
nápovědu,2370
bráchou,162
dotyk,2371
jablka,2248
nakladač,2372
projektový,2373
vědomím,1478
půjčil,1475
bicí,2374
ovládá,798
omalovánky,2375
diferenciál,2376
sériově,2377
trajekt,2378
mimčo,2379
hračkami,334
játra,2380
dispečer,2381
skenery,2382
vysílačky,506
miláčky,626
vstup,2383
železný,2384
fax,2385
bratranec,2386
doručen,2387
ničemu,2388
seriál,2389
stacionární,2390
programů,90
ventilátorem,96
zvenčí,2391
parník,2392
věrohodný,2393
systému,78
stroužek,2394
funguje,507
výbor,2395
deníky,681
blízký,2396
automobilní,2397
projev,2398
hotovost,2399
shořel,2400
ostrov,2401
linoleum,2402
pořídí,2403
vůbec,2404
jinej,2405
edituje,2406
kampus,2407
nepravidelný,1425
malinký,2408
výuce,1377
úsudek,2409
zahradník,2410
sazbu,2411
trestný,2412
kdo,2413
sklopný,2414
odhad,2415
uživateli,82
chovat,1078
zastaralé,495
produktivity,2023
farmář,2416
zamýšlený,2417
měkký,2418
síťového,65
balkon,645
hrudník,2419
problému,1196
zábavní,2420
bunkr,2421
syn,2422
osamělý,2423
uživatelskou,176
venku,2424
nejefektivnější,2425
exemplář,2426
galaxy,2427
báječný,2428
komunista,2429
kamerou,252
přívod,2430
pekárnu,2431
světy,198
kosmetiku,2432
raketu,1586
sedl,1508
tlačítko,2433
vypínání,2434
audiovizuální,2435
opakovaný,2436
písemný,2437
zaznamenaný,2438
chrup,2439
myšky,2440
hudební,2441
wattů,2442
pneumatiky,2443
oběh,2444
vysílaný,2445
organický,2446
muslimský,2447
hra,616
konvertor,2448
visací,2449
automatickou,202
bezvadný,2450
naboural,2451
upřímný,2452
holič,2453
kabeláž,2454
předpokladu,1995
fakturu,2455
zařízený,2456
přívěsek,2457
nahrány,2458
zrcadlovky,204
přízvuk,2459
autoportrét,2460
bonusový,2461
zpracovávat,2462
bezplatně,2463
výkonnosti,2464
fašismus,2465
protokoly,501
přístupu,216
čtyřjádrovým,2466
otvírák,2467
myška,2440
asistent,2468
důvěryhodné,336
připravovaný,2469
legionář,2470
duševní,2471
zítřek,2472
aplikační,2473
soundtrack,2474
dopisy,1321
simuluje,1793
aplikacemi,2475
zdroje,512
heslem,529
sběrnici,2476
koníčka,793
zedník,2477
nabíječky,306
přežitek,2478
koupelně,1014
známku,2479
okenní,2480
vtip,2481
nemáte,1970
kufříku,175
zavazadlo,1392
scanned,2482
květináč,2483
skaut,2484
odborový,2485
autentizaci,2486
královský,2487
klíčenka,2488
lid,2489
hasicí,2490
ukradli,2491
rodný,2492
hranatý,2493
simulátoru,2494
erotický,2495
prohřešek,2496
nacistický,2497
vláčky,503
kameře,252
olejový,2498
máslo,2499
šampon,2500
taška,1248
nesmyslný,2501
vozidla,682
chladnička,945
raný,2502
proprietární,2503
smaže,2504
vyzdobit,2505
věci,2506
průměrně,2507
vyhledávače,2508
nadšenec,2509
etnický,2510
hovory,1339
mikrofonem,138
spotřebiči,52
nejdřív,2511
nadčasový,2512
skutečně,2513
mráz,2514
kondom,2515
cigarety,2516
oceněný,2517
náramkové,2518
poškodí,2519
etický,2520
koupelna,1014
vlast,2521
mašinky,2522
dortík,2523
postele,1561
bundu,2524
zapamatování,2525
vydaný,2526
globálně,2527
adaptérem,391
cyklus,2528
javor,2529
efektivně,2530
prvoligový,2531
ratanový,2532
pracuje,1938
výherce,2533
střevo,2534
jádro,2535
budovy,784
narozeninový,2536
vlaku,140
odsavač,2537
rostlinný,2538
připojeny,852
čtečkou,466
instinkt,2539
výměník,2540
doktor,2541
dědek,2542
polykarbonát,2543
firmwaru,2544
dispečinku,1288
kubánský,2545
kolos,2546
nepracuje,1938
vysílací,2547
františkánský,2548
klientů,124
nebeský,2549
plátek,2550
lůžkoviny,2551
zpomaluje,2552
takzvaný,2553
myšlen,2554
kancelářského,44
autorův,2555
opravovat,2039
odznak,2556
muzikanta,2084
chlazený,2557
stěžovatel,2558
dneska,2559
bezpečnost,2560
měnu,2561
automobilem,21
pták,2562
studentské,190
koupíme,2096
účes,2563
aplikace,2475
chytré,55
vytížení,2564
plnohodnotné,242
stadion,2565
sestava,1807
hlupák,2566
terč,2567
všeobecný,2568
učební,2569
prachy,2570
neúspěšný,1430
autoritativní,2571
obchodní,2572
datovou,200
zasloužilý,2573
odborníka,824
utility,2574
adaptéru,391
roaming,2575
přepnout,2576
práh,2577
garáž,2578
kanón,2579
nejnutnější,1282
telekomunikace,2580
účtu,136
denně,2581
klín,746
plat,2582
cestu,2583
rubl,2584
motoru,181
vchod,2585
specifický,2586
terorista,2587
freeware,2588
tejden,1375
přátelský,1469
požadavky,1178
dvd,2589
drony,541
vstupní,2590
pokazí,2591
provozu,537
dobytek,2592
matematické,401
mrakodrap,2593
nebytový,2594
bezpečnější,425
který,2595
realizovaný,2596
balkoně,2597
souhrnný,2598
spořicí,2599
nelegálně,2600
kotě,2601
prcka,1493
buňka,2602
nejproduktivnější,748
výběr,2603
obvody,2604
zadal,2605
nechráněný,2606
pokus,2607
humanismus,2608
licencování,2609
klášter,2610
zábavě,1292
sušička,2611
tyčový,2612
pravoúhlý,2613
vestibul,2614
zabezpečí,2615
otevřete,2616
triky,2165
krk,2617
kvásek,2618
izolovaný,2619
testování,2620
nestabilní,2621
buď,2622
velkej,2623
ukládáním,2624
dešifrování,2625
prováděný,2626
nezvládne,2627
houpací,2628
úklid,2629
vrcholový,2630
vzdušný,2631
zrcadlem,687
potichu,2632
útočníci,293
umístěný,2633
materiály,1353
kupuje,2634
mini,2635
sloup,2636
samouk,2637
vanilkový,2638
mocný,2639
intuitivně,2640
vyučující,2641
terapeutický,2642
pracovní,2643
nepřetržitý,2644
orchestr,2645
školy,1328
spolužáků,613
řídícího,657
ekonomiky,1817
diagnostice,2646
astronauti,844
kámoška,2647
perský,2648
zákazníkovi,203
kopírovat,2649
žebříček,2650
veterinář,2651
máte,1970
málokterý,2652
ostravský,2653
vytiskne,2654
nedostupný,2655
gól,2656
nůžky,2657
kontakt,2658
pixel,2659
vzdělávací,2660
kupujete,2634
šperky,1202
světelný,2661
cvičební,2662
běloruský,2663
grafické,158
sval,2664
povrchy,1166
technologiemi,2665
podsvícený,2666
chytrá,55
master,2667
ukládání,2668
pracovišti,2669
signály,201
vzorový,2670
vážný,2671
výpočetních,46
nestíhá,2672
sebere,2673
zubař,2674
neexistující,2675
někoho,517
dokončený,2676
nakupovat,2677
navigátor,2678
kompatibilní,2679
indikátor,2680
tělo,2681
mozkové,2008
aktovka,2682
spamu,2683
doména,2684
poradce,2685
nájem,2686
energický,2687
česnek,2688
katolický,2689
dešťový,2690
konektivita,2691
pochopitelně,2692
přihlašovat,2693
závodní,2694
vybudovaný,2695
odboj,2696
celovečerní,2697
schopen,915
získaný,2698
zablokovat,2699
nahrávat,2700
křeslo,2701
podílový,2702
zaměstnavatele,1347
průběžný,2703
pokladní,2704
diktát,2705
bankou,1123
řídícím,657
vyjímatelný,2706
prostě,2707
útvar,2708
rozkaz,2709
rajče,2710
discích,16
jakoukoli,357
zahodit,2711
bývalý,2712
dobíjet,2713
kdekdo,2714
selhal,2715
anebo,2308
ověřený,2716
turista,2717
úhlopříčkou,2718
papoušek,2719
přímý,2720
vypadající,2721
intuitivní,2722
kondenzátor,2723
mluvený,2724
pásek,2725
příměstský,2726
osvěžovač,2727
obousměrný,2728
pohovky,1030
levý,2729
účelně,2730
nejnovější,225
blb,2731
manuálně,2732
trůn,2733
monopol,2734
datovým,200
osobního,210
řídicího,2735
konkurs,2736
matematickou,401
dvorec,2737
brat,2738
zhroutí,2739
šílený,2740
zapojen,513
prostředí,2741
sériové,229
smažený,2742
skvost,2743
antický,2744
kamkoliv,1940
elektrika,2745
šachista,2746
kanadský,2747
vyrobený,2748
zajde,2749
architekt,2750
kytarový,2751
znalecký,2752
předplatné,2753
kolektiv,2754
aktivovat,2755
napájen,650
housle,2756
krém,2757
ukradl,2271
pomůcku,1026
postřeh,2758
meruňky,2759
mechanické,230
dobrý,2760
digitálně,2761
družice,2762
parazita,2763
dobrovolný,2764
sekačky,640
kuřák,2765
zničehonic,2766
prohledávat,2767
příznak,2768
zvolený,2769
designem,1349
vyvinut,983
běžné,157
fyziku,2770
hrát,2771
uživatelem,82
kdykoli,2772
zlatý,2773
oříšek,2774
tátou,358
triviální,2775
králíka,895
pokryt,2776
číšník,2777
cesty,2583
albánský,2778
mixérem,91
převod,2779
lavičku,2780
zabezpečeného,99
mletý,2781
nezabere,2782
věčný,2783
neaktivní,2784
talentovaný,2785
board,2786
seznamovací,2787
umýt,2788
spotřebičů,52
vypracovaný,2789
synchronizace,2790
současný,2791
obleček,438
adresy,2792
diktátor,2793
mládenec,2794
omylem,2795
autentizace,2796
dlaždice,2797
ledviny,2798
učit,2799
reklamovat,2800
bance,1123
vypínačem,97
drobný,2801
vrátný,2802
reálného,414
instrukcí,1748
židle,1548
drcený,2803
nepotřebovali,1289
outsourcing,2804
nahrát,2458
červy,1008
automatizační,2805
levicový,2806
karaoke,2807
pomeranče,1923
garáži,2578
zdrojové,184
prášek,2808
autorádia,1028
dovednosti,2809
čerpadlo,2810
mysli,1957
zabaven,901
duch,2811
loutkový,2812
šátek,2813
slavný,2814
vybavené,208
středoškolský,2815
mladej,1207
komorník,2816
proxy,2817
pohovka,1030
přepisovat,1863
bílý,2818
pohodlnější,1237
lidový,2819
instalované,2820
nabíječ,2821
ideál,2822
instrukcemi,1748
laboratoř,2030
stylus,2823
hubu,2824
půlrok,2825
větrný,2826
robustní,2827
přestane,1782
dáreček,1189
zručný,2828
cestující,2829
zkrat,2830
knížkou,2831
letounu,618
ventilátory,96
koupelnový,1014
blázen,2832
obchodě,678
sušičku,2611
ovládáte,798
rukopisy,1409
dětskou,132
starověký,2833
řešený,2834
nemyslitelné,2835
satelitem,228
kanonýr,2836
skripta,2837
blokován,2838
encyklopedii,2839
zpracovaný,2840
textovém,127
produktivita,2023
řadiče,2841
důležitý,2842
vědomosti,2843
rozdělený,2844
audit,2845
výkresy,2846
nainstalována,145
údajný,2847
studenty,593
lékaře,1454
dynamický,2848
strojvedoucí,1962
češtinu,2849
mixéru,91
email,2850
spojený,2851
úložišť,2852
dědou,2853
chladicí,2854
takříkajíc,2855
seděl,957
sdílenou,526
přístupovou,60
autosedačky,2856
potok,2857
nepozná,2858
karty,548
ucpaný,2859
člověku,94
sójový,2860
přijímačem,58
nepotřebné,1021
překladače,326
náročnější,742
drahou,185
sítí,349
bezchybně,2861
buďto,2862
univerzitní,2863
pomocníkem,700
chytrého,55
bytu,192
sdílené,526
úlohami,1025
rohový,2864
tramvajový,2865
duální,2866
palubu,2867
studovny,2868
vlhký,2869
lovecký,2870
nesprávně,1017
postýlky,1366
převrat,2871
obří,2872
diáře,142
psychologický,2873
vyvíjený,2874
tok,2875
vybavenou,208
zip,2876
nepřišel,2877
smetí,2878
reportér,2879
stream,2880
algoritmů,133
centrálu,706
plíce,2881
testovací,2882
řidiče,712
potřebujete,1289
doméně,2883
spisovatel,2884
kurt,2885
tvarovaný,2886
profil,2887
krytý,2888
konkurent,2889
volno,2890
současně,2891
bránu,2892
kemp,2893
černý,2894
kanálový,2895
inspektorát,2896
inkoust,2897
rozbila,1112
roh,2898
zub,2899
družstevní,2900
chystaný,2901
venkov,2902
aerodynamický,2903
odesílatel,2360
aktivován,2755
volič,2904
konkrétní,2905
prázdninový,2906
moment,2907
nejvyspělejší,380
jmenovaný,2908
hráče,646
půjčené,2909
paměťové,711
živel,2910
šachového,195
zavěšený,2911
exponenciální,2912
záznamy,614
swap,2913
soudce,2914
neznamená,2915
slovníkem,141
výstroj,2916
pokojíku,2917
invalidní,2918
přijdu,2877
vrstevníci,2919
prarodiče,2920
vyráběný,2921
architektura,1781
naučit,2922
symfonický,2923
škůdce,2924
cestuje,2925
vyžadován,2926
tužky,299
přenášen,2927
bažant,2928
otřes,2929
potah,2930
mnou,2931
vynálezy,281
jedinečný,2932
datové,200
leták,2933
obvod,2604
zabere,2934
cíl,2935
balvan,2936
rakety,1586
komukoliv,697
gramotnosti,1512
zřízený,2937
výpočty,1943
interpret,2938
konferenční,2939
kuřecí,2940
něj,1664
vytisknout,2941
provedený,2942
cloudové,2943
životopis,2944
personal,2945
trakt,2946
pórek,2947
rychlejší,750
hraním,1531
propojit,2948
digitálního,169
komerční,2949
scan,2950
pamatuje,2951
exponáty,1374
informovaný,2952
plánovací,2953
navržen,373
příspěvek,2954
průzkum,2141
něco,2955
strojové,110
vám,2956
brambory,2957
měsíc,2958
přihlásit,1982
tvuj,2959
namontovat,2960
efektivněji,2530
klidný,2961
světlo,2962
šroubek,2963
maminku,2203
antiperspirant,2964
hořák,2965
střelec,2966
prales,2967
záhadný,2968
okamžitě,2969
batole,2970
naučil,2922
příběh,2971
vypínače,97
kvalitní,2200
sirup,2972
muzikál,2973
výtvarný,2974
zablokován,2699
fotku,2975
propracovaný,2976
nástěnku,2220
klávesové,2977
uměl,2082
hrám,616
školáci,2978
jaký,2979
magnet,2980
nastavit,1999
výtahy,1085
takzvaně,2981
špenát,2982
měnový,2983
rajčata,2710
autobaterie,2984
basketbalovou,834
opsat,2985
sekačka,640
kyslík,2986
nejrychleji,1878
odběratel,2987
doplňkový,2988
krátkodobý,2989
někam,2990
přirozený,2991
zvíře,2992
kalíšek,2993
blogy,2994
pohánět,2995
jízdenku,2996
natvrdo,2997
výzkumníci,1241
nejpoužívanější,1019
kamarádi,125
ţivot,2998
poslouchání,1208
teoreticky,2999
omezovač,3000
geometrický,3001
štáb,3002
obrázky,1244
nosiče,554
realismus,3003
penis,3004
mrak,3005
podniková,107
složky,1879
bubínek,3006
skrytý,3007
vlas,3008
varovný,3009
hospodář,3010
navigace,3011
faktor,3012
autosedačku,2856
firemního,403
záporný,3013
artefakt,3014
elektřina,634
čalouněný,3015
prototypy,505
legitimní,3016
důkaz,3017
krabička,535
neoprávněně,3018
grupáč,3019
předek,3020
bezpečnosti,2560
chlapeček,3021
přístupové,60
sběr,3022
lanový,3023
přihlášením,1982
semafory,3024
aplikací,2475
škole,1328
celkový,3025
font,3026
vypadat,2028
bowling,3027
kopírky,278
schůzky,3028
vysavače,75
agenta,1198
odloží,3029
pivovar,3030
kokosový,3031
konvici,3032
chladničky,945
sklípek,3033
hlášku,3034
suchý,3035
soupravu,3036
maskot,3037
přírodopis,3038
kulovitý,3039
pracoviště,2669
dotázaných,3040
aniž,3041
programátory,246
webovým,59
elektrárně,556
předpis,3042
videoklip,3043
doupě,3044
čtečky,466
autonomní,3045
kupovat,2634
zabezpečovacího,3046
lokomotivy,3047
levhart,3048
rating,3049
třeba,3050
nakažení,3051
sprchu,3052
promění,3053
šipky,3054
zvládne,3055
nahrávací,3056
boty,3057
sestavy,1807
potencionální,3058
testu,435
například,3059
video,1568
zrcátko,3060
pokojovou,3061
učebnici,1819
časovače,421
obsah,3062
výkonného,80
využívající,3063
umělou,1040
konstruován,3064
stávající,3065
bezdrátového,105
záznamem,614
národní,3066
typ,3067
podlahu,3068
multimediálních,106
vymazat,3069
monitorovací,3070
kšiltovky,3071
pohovce,1030
náhodně,3072
prase,3073
kočky,1222
známý,1356
úzký,3074
stolu,48
aktivuje,2755
pokaždé,3075
užívaný,3076
slovo,3077
vynálezce,3078
spal,1459
serverech,3079
brašnu,1870
poskytovatele,1783
dvorku,1494
nalezený,3080
automatizaci,3081
dokáže,3082
pohodlně,3083
podnikání,3084
referenční,3085
zemědělský,3086
smrtelný,3087
vteřinu,3088
uschovat,3089
využívat,1963
uhelnatého,3090
panely,135
policistu,724
skleničku,3091
song,3092
čitelný,3093
nejbezpečnější,425
základní,1769
prostorem,729
kohokoliv,697
záloha,484
telefonům,12
tučňák,3094
dokonce,3095
šasi,3096
hluk,3097
stárne,3098
vozidle,3099
tucet,3100
necháte,3101
zrekonstruovaný,3102
hesel,529
tříletý,3103
stoly,48
rozhovor,3104
agenty,1198
gramofonové,3105
probudí,3106
internetovému,77
rozvaděče,3107
stereotyp,3108
penzion,3109
vypadne,3110
halový,3111
encyklopedie,2839
stavěný,3112
stanovený,3113
lakovaný,3114
pilot,3115
chtít,1899
poklady,727
otevřu,2616
dělostřelecký,3116
argument,3117
laskavý,3118
pečlivý,3119
japonský,3120
nákladní,3121
prodávat,3122
ventilátorů,96
prut,3123
kříž,3124
raději,3125
vlk,3126
oboustranný,3127
zdrojům,512
kódy,3128
multimédií,3129
vzít,3130
neměl,1970
uzavřený,3131
bankéře,1859
expertem,3132
týpek,3133
účtenky,3134
přepne,3135
databáze,3136
pokyny,728
tašky,1248
webová,59
ujistit,3137
investor,3138
zaměstnanci,199
profesionály,479
tendr,3139
středověký,3140
islámský,3141
posadit,1193
zabudovanou,3142
signálu,201
nebyl,3143
dnes,3144
perník,3145
prstýnek,3146
sborový,3147
dočasný,3148
bakalářský,3149
programovým,559
svoje,325
údaje,2204
prohlížeči,37
občanský,3150
strojů,8
tibetský,3151
automobilech,21
dálniční,3152
jídelně,1120
stěnu,3153
přehrání,3154
klenot,3155
někým,517
odlehčený,3156
samoobsluhy,3157
kompletně,3158
radiátory,3159
diagnostikovat,3160
ledničce,100
dojem,3161
modernější,1764
přítelkyně,3162
uprchlík,3163
krok,3164
jednotky,1046
meteorologický,3165
výdaj,2116
loď,3166
mezník,3167
dubový,3168
pozorný,3169
neefektivní,2425
bazar,3170
laboratoři,2030
ovládal,798
cache,3171
povinný,3172
kaţdý,3173
zájmy,3174
nakupování,3175
přenosová,2020
zjednodušený,3176
zamčené,3177
aktovky,2682
média,605
popruh,3178
půjčí,1475
měsíčně,3179
půjčuje,1844
dodavatel,3180
bedna,1677
letový,3181
luxus,3182
kancelářích,416
starobylý,3183
inspirovaný,3184
pískoviště,3185
domain,3186
stojanu,160
automatické,202
experimenty,551
basový,3187
nedokáže,3082
prostředím,2741
optimalizované,3188
jak,3189
spoj,3190
synchronizaci,3191
zvukové,330
hnusný,3192
skříňce,459
volejbalový,3193
hrou,616
káva,2218
připojování,3194
reálně,3195
stavebnici,3196
maďarský,3197
přehrávání,3198
ventil,3199
háček,3200
tuneru,3201
hostitele,3202
korporátní,3203
umřel,3204
miminko,3205
rozhlasové,859
technikem,1972
automechanik,3206
pohovkou,1030
desky,1144
pomník,3207
sušenky,3208
bystrý,3209
client,3210
florbal,3211
výkonnou,80
delegát,3212
novinami,1316
vás,2956
geologický,3213
propojené,1057
zesnulý,3214
klikový,3215
vánocům,3216
radary,643
vzdělaný,3217
mercedes,3218
vlasový,3219
drahého,185
vyučujícího,3220
postýlce,1366
vandal,3221
ratolesti,2342
způsobem,1079
výtvory,611
kolotoč,3222
poště,451
nejlevnější,231
žákovské,3223
periferních,520
koupí,3224
minigolf,3225
protiprokluzový,3226
kláves,1001
dinosauři,1679
dámu,1540
editování,2406
trampolína,3227
likvidátor,3228
zákazníci,203
rozpoznávání,3229
knihovnou,448
souboj,3230
laděný,3231
tanker,3232
realistický,3233
digitálním,169
panský,3234
příkon,3235
poškozen,360
titul,3236
schránky,1160
hudba,579
útoky,412
polovodičové,3237
životospráva,3238
čipem,3239
přehřívání,3240
domu,112
tomografie,3241
zázračný,3242
konverzaci,3243
hraný,3244
politický,3245
pořizovat,3246
předsíni,3247
létající,3248
vytvořen,546
hrášek,3249
mechanikou,1358
autentický,3250
zájemce,3251
školský,3252
chudý,3253
nastartoval,2228
testovat,3254
restaurační,3255
přátelé,297
applications,3256
citlivé,632
dítka,3257
ananas,3258
trup,3259
námahu,3260
sklo,3261
kmín,3262
assfucking,3263
interaktivním,584
strojového,110
milion,3264
vyhodit,3265
smartphonů,17
puk,3266
génia,571
svědomí,3267
šatny,3268
nemalý,3269
lexikon,3270
péro,3271
ikona,1175
polykarbonátový,3272
toaleta,1338
aplikacím,2475
vozu,108
bednu,1677
kobercem,399
environment,3273
abstraktní,3274
aplikacích,2475
jazyky,527
statečný,3275
trávu,3276
primární,3277
spis,3278
plech,3279
balon,3280
myšlení,3281
přepnutí,3282
relační,3283
krátký,3284
piráty,2102
vaječníky,3285
klavíru,628
příchozí,3286
korektor,3287
nepoužívá,660
statek,3288
zásuvkou,450
update,3289
dráhu,3290
komiksy,492
vyspat,3291
hlídá,3292
samozřejmě,3293
vytápění,3294
příležitostný,3295
továrnu,3296
náklady,1431
vatikánský,3297
velkoformátový,3298
motocyklu,115
pečený,3299
fakturační,3300
dřevo,3301
balkóně,645
rozumíte,3302
bezpečnostní,3303
zablokování,3304
primitivní,3305
každého,623
implementován,3306
někdy,3307
devices,3308
šafanda,3309
inteligentního,1324
růžový,3310
nedáte,3311
manuální,3312
lupič,3313
kraj,3314
registrů,3315
jídelny,1120
účinný,3316
dotazníky,427
chalupě,2346
prasátko,3317
schová,3318
sekundu,3319
šachové,195
sbalit,3320
kostel,3321
myslet,2554
svobodu,3322
kondicionér,3323
nechová,1078
inteligencí,1083
vědět,3324
buňku,2602
otvor,3325
souvislý,3326
přístav,3327
kasino,3328
obnos,3329
průvodčí,3330
nominovaný,3331
rybičky,3332
vzkaz,3333
odhlásit,3334
kostým,3335
čte,3336
kokpitu,3337
úplný,3338
útočníkovi,293
hrozbám,1949
ovládající,3339
systémů,78
autorizovaného,878
dort,3340
byte,192
dudlík,3341
následník,3342
digitalizaci,3343
přepis,3344
nešťastný,3345
zařízen,3346
nestačí,3347
výbava,1212
ozvučení,3348
legálně,2600
choval,1078
terén,3349
bliká,3350
výkonnost,2464
přemýšlení,3351
hladký,3352
ložní,3353
efektivní,2425
obžalovaný,3354
foťákem,3355
nechce,1899
vlastně,3356
grafickým,158
anglický,3357
kroj,3358
konzumní,3359
magisterský,3360
respondentů,3361
hlodavci,3362
páteř,3363
multiplex,3364
provozovatel,3365
pohybbazén,3366
tisknout,3367
jahody,3368
pornografii,3369
zeptá,3370
něm,1664
brašna,1870
píšu,3371
přípojky,2051
uherský,3372
úder,3373
myčkou,576
nejbližší,2396
klinický,3374
strážný,3375
prezidenta,1867
řízení,3376
naštvaný,3377
obědě,375
things,3378
zadá,3379
počítání,3380
farmu,3381
brusle,3382
klenoty,3155
rodičů,489
písmo,3383
padající,3384
ukládat,3385
poukaz,3386
průchod,3387
saxofon,3388
screen,3389
benzín,3390
nakupuje,2677
škodlivým,247
věstník,3391
cyklista,3392
probudit,3106
vztah,3393
chytrým,55
modely,432
nehet,3394
infekce,3395
přístupný,3396
identitu,3397
nadaný,3398
telekomunikací,2580
malýho,3399
doprovod,3400
instruktor,3401
zrychlí,1604
prodával,3122
litevský,3402
firemním,403
pedagogický,3403
plážový,3404
nejspíš,3405
svah,3406
pastelky,3407
dospívající,3408
vybavil,1149
pohled,3409
alkoholik,3410
pouzdro,3411
dnešní,3412
přístupdětské,3413
kadeřníka,3414
bačkory,3415
zpřístupnit,3416
rozvoj,3417
uvaříte,3418
smart,3419
penzi,3420
nefungovalo,507
útes,3421
klub,3422
štíhlý,3423
nevhodný,1744
klíčem,420
polohovací,3424
přípravný,3425
oblečený,1550
stál,545
vyvíjející,3426
zápěstí,3427
záchody,134
ovládací,3428
podnikového,107
teleobjektiv,3429
planetária,3430
džbán,3431
sladký,3432
kuchyni,1359
představený,3433
zárodek,3434
manžela,785
rafinovaný,3435
emailů,3436
smazaných,3437
přezůvky,3438
účel,3439
měchýř,3440
možný,3441
spustí,1135
kohokoli,648
únosci,3442
dítěti,797
koupené,264
pejska,1278
popsaný,3443
experta,2147
manažery,1728
výborný,3444
hrozby,1949
drive,3445
vlaky,140
účetnictví,3446
konzultant,3447
každej,3448
postýlka,1366
kapitán,3449
syst,3450
četbu,3451
používání,3452
libovolnou,290
nástěnka,2220
poštou,451
koupím,2096
učení,3453
anténa,2153
sádrokarton,3454
hygiena,3455
letecký,3456
občana,805
korejský,3457
chvilky,3458
proměnit,3053
sušený,3459
stačit,3347
posilovací,3460
blahobyt,3461
vevnitř,3462
střídavý,3463
princip,3464
den,3465
poškodit,2519
zesilovači,61
apartmán,3466
toalety,1338
zničit,2117
být,3143
oboje,3467
šetří,2272
pekáč,3468
mobilnímu,42
svépomocí,3469
může,2281
podavač,3470
penzijní,3471
logické,1803
pro,3472
přišel,2877
nedostatečný,1979
kouč,3473
řízek,3474
kuchyňky,2331
elektrozařízení,3475
relax,3476
areál,3477
tunerem,3478
mastný,3479
zadávat,3480
trpělivý,3481
pojezd,3482
štětce,2058
známky,2479
dvoulůžkový,3483
postavičku,3484
tak,3485
platforma,1053
prototypem,505
práce,598
neoprávněným,1662
kabelu,3486
bulharský,3487
ráj,3488
děvče,3489
stojanem,160
monitoruje,3490
works,3491
román,3492
rádce,3493
archiv,3494
kupoval,2634
svaz,3495
technik,1972
měl,1970
sušák,3496
deodorant,3497
vektorové,519
gólman,3498
předvolby,3499
správného,1032
bubeník,3500
založený,3501
přitom,3502
kabely,223
komunikovat,2112
herně,1971
skříňka,459
požár,3503
věcičky,3504
příkazového,3505
požitek,3506
polička,3507
díly,3508
pedál,3509
numerické,3510
pouze,3511
fotbalista,3512
demo,3513
obrazu,332
papírem,161
plast,3514
severokorejský,3515
ústředna,2326
kbelík,3516
jistý,3517
užitek,3518
veškeré,319
helmu,3519
pískovec,3520
malíř,3521
nováček,3522
záhon,3523
nesmysl,3524
vtipný,3525
dobít,3526
britský,3527
akustický,3528
ukrytý,3529
drahé,185
otáčky,3530
kosmonautiky,3531
závod,3532
záběr,3533
browsing,3534
kamion,3535
stovku,3536
místopis,3537
volitelný,3538
mít,1970
mozky,11
shell,3539
okně,577
hotovosti,2399
klientovi,124
přetaktování,3540
alkoholismus,3541
uložíte,3542
báňský,3543
slovníček,3544
školáky,3545
kavárnu,3546
nábytkové,3547
neví,3324
mentální,3548
uživatelská,176
polystyren,3549
neurony,3550
přihlašování,3551
bytě,192
motocykly,115
totiž,3552
case,3553
sáček,3554
strýčka,437
tlumočník,3555
válcovitý,3556
tvářit,3557
šetřící,3558
dítěte,797
pohonné,3559
lednicí,1298
pozemek,3560
kalhoty,3561
zájem,3174
mléko,3562
půjčku,3563
spolehlivě,3564
smyčcový,3565
adres,2792
bedně,1677
krvinky,3566
trvale,3567
označený,3568
neplatný,3569
korektně,3570
spotřebitele,780
typový,3571
šroub,2963
sporáky,151
nepotřebují,1289
penize,3572
stav,3573
nakoupit,3574
víkendový,3575
policejní,3576
konflikt,3577
kočkou,1222
koště,3578
spravoval,1663
celer,3579
doktorát,3580
představivost,3581
strukturovaný,3582
testík,3583
náhodou,3584
baskytaru,3585
experimentu,551
kámoše,3586
katalog,3587
libovolného,290
horský,3588
textové,127
chorvatský,3589
roboty,3590
bezdomovec,3591
tělocvik,3592
turbo,3593
kapsa,1440
novináře,1280
číselnou,3594
klobouk,3595
ordinaci,3596
planetární,3597
koně,385
lavice,2094
útulný,3598
modrý,3599
závislý,986
tedy,3600
skvělý,3601
konzumuje,3602
týmy,456
zátah,3603
neuměl,2082
podlahový,3604
bakalář,3605
vodorovně,3606
posteli,1561
polský,3607
protokolu,501
komunikačního,863
bestseller,3608
tmavý,3609
zapomněl,3610
office,3611
sporáku,151
předělat,3612
napsaný,3613
napájecím,3614
přijímači,58
slon,3615
bloky,218
něčemu,2955
manažeři,1728
nepořádek,3616
profesionálně,3617
cestujícího,2829
koncert,3618
správnou,1032
vysoký,3619
zpomalit,1968
nehty,3394
pánský,3620
krevní,3621
udržovaný,3622
rytířský,3623
startup,3624
nedisponuje,3625
kdekoli,3626
zadáte,3627
fotorámečky,3628
encyklopedický,3629
chybný,3630
vzhled,3631
telegram,3632
netu,3633
airbagů,3634
nejprve,3635
povedený,3636
stravovací,3637
vymalovat,3638
přípravek,3639
respektive,3640
posádka,3641
systémové,84
laser,3642
dávný,3643
dělat,3644
výcvikový,3645
poslouchat,1208
rozvodné,3646
schránkou,1160
sporákem,151
videokamery,321
zvenku,3647
granát,3648
dlaně,3649
výtahu,1085
nahrán,2458
takovej,3650
ven,3651
počítal,3652
simulaci,3653
žárovku,3654
kloub,3655
koutě,562
přistupovat,3656
pronajímatel,3657
sítnice,3658
ekosystémy,3659
volume,3660
nápovědy,3661
tenista,3662
dialog,3663
dispozici,3664
protože,3665
optickou,1230
zda,3666
spolužačky,3667
povolený,3668
řídil,1435
rychle,1878
nechcete,1899
spojenec,3669
stvořen,3670
book,3671
kabelovou,422
zapomene,3610
chlapecký,3672
jídelna,1120
kašel,3673
needs,3674
mobilních,42
kterém,2595
fyzické,116
křehký,3675
útočníkem,293
triko,3676
technikou,841
přihlášeniprosím,3677
jednorázově,3678
záložku,3679
nestal,545
sériovým,229
databází,3136
sestavovat,3680
vymyšlený,3681
rozlehlý,3682
zaměstnání,3683
ručně,3684
vítr,3685
kopec,3686
lustr,3687
červi,1008
používajících,1814
hudby,579
židovský,3688
klávesami,1001
uklízet,1242
sloty,1892
autu,122
mikroskopy,68
salám,3689
veletrh,3690
zástupce,3691
vypůjčit,3692
sedadlem,1482
operátoři,3693
protein,3694
skvrnitý,3695
machine,3696
nejefektivněji,2530
kolaps,3697
rozhlasu,458
player,3698
nakazí,3699
youtube,3700
kupec,3701
spotřebitelé,780
chladí,3702
provázek,3703
optimalizovat,3704
spořící,3705
postačí,3706
přečte,3707
otočný,3708
způsobilý,3709
odnímatelný,3710
krtek,3711
zralé,530
gotický,3712
lisovaný,3713
instalovaných,76
zákon,3714
teriér,3715
neotřelý,3716
bezpečí,3717
krabičky,535
obývacích,639
velkoobchod,3718
přitažlivý,3719
vyhořel,3720
všecko,3721
dvacetiletý,3722
povely,1232
dom,3723
ovocný,3724
ekonomikou,1817
detektory,631
hřištědomácí,3725
autorizaci,3726
důvěřovat,3727
ovládáním,1829
podivný,3728
tuning,3729
odpočívat,3730
leštěný,3731
vestavěné,191
vyplněný,3732
přenosných,27
testovali,3254
benediktinský,3733
logika,3734
stačí,3347
načtení,3735
manuály,3736
oběžné,3737
neosobní,3738
vnitra,3739
sekretář,3740
inspektor,3741
medvěd,1990
schůzku,3028
pozlacený,3742
natož,3743
padal,3384
ním,1664
výrobkem,637
rytíř,3744
komukoli,648
vybavená,208
útočníka,293
různorodý,3745
loňský,3746
vidlicový,3747
osvědčený,3748
stránku,3749
citlivější,632
tchán,3750
maturitu,3751
žena,3752
guláš,3753
hlavě,3754
šatna,3268
hub,3755
cestách,2583
hlasovou,685
malou,251
panoramatický,3756
tátu,358
mimozemšťany,3757
kostka,3758
klíčů,420
testován,3254
snídani,3759
flash,3760
adresářů,166
automatem,164
návštěvníka,1187
hostitelské,3761
smýšlející,3762
sólový,3763
věrný,3764
elektricky,3765
morče,3766
kulatý,3767
referát,3768
klid,3769
plechovou,318
načíst,905
diskrétní,3770
genom,3771
poběží,833
preventivně,3772
běžnou,157
vedený,3773
inženýrství,3774
seznam,3775
hrubosrstý,3776
panelem,135
existující,2675
robotům,39
programové,559
rozpozná,3777
vyhovující,3778
rodina,3779
krámu,282
nakazit,3699
pól,3780
heroin,3781
grafy,807
testovaného,3782
ložnice,1361
připojena,22
výstupní,3783
výhodný,3784
ochránil,2172
vymyslel,3785
udržitelný,3786
prd,3787
recepci,3788
šunku,3789
chřipku,3790
housky,3791
plazma,3792
neustále,3793
sondy,2369
soft,3794
holý,3795
zářením,2301
blábol,3796
posilovny,1777
nemyslel,2554
účtenku,3134
rozběhl,3797
nahrávku,1924
píst,3798
nezlobí,3799
akumulátory,139
unikát,3800
papírovou,263
aplikaci,2475
smazat,3801
reklamu,3802
osmnáctiletý,3803
vlastn,3804
nadržený,3805
schoval,3318
občanku,3806
slovanský,3807
zapůjčit,3808
typický,3809
polovodiče,3810
elixír,3811
návštěvnický,3812
mnohý,3813
zeleninu,3814
sledující,3815
koupil,2096
skříní,333
blikající,3350
nakrájejte,3816
útoku,412
problematický,3817
problem,3818
uhelnatý,3090
kartě,548
záměr,3819
stromečkem,447
zadanou,3820
automobilů,21
nenáročné,633
digitálními,169
mrkev,3821
reklamní,3822
obsluhu,3823
kluka,638
instalováno,436
zatěžovat,1152
stupidní,3824
prohledávání,3825
nemohl,2281
vozidlem,682
horolezecký,3826
metro,3827
prohlížel,3828
tehdy,3829
databázi,3136
hledáček,3830
dřevotříska,3831
myčky,576
stával,3832
rozbité,352
vstávat,3833
žáky,271
olympiádu,3834
samostatně,3835
centrále,706
ples,3836
většinový,3837
vámi,3838
funkčnosti,3839
asistentka,3840
deskou,1144
elektřiny,634
sedačkou,1837
večery,2029
vodoznak,3841
turecký,3842
křemičitý,3843
sedí,957
produktůtext,3844
profesor,3845
řezačky,3846
náhodným,1504
manželský,3847
analogové,93
vysílače,3848
položku,3849
malbu,3850
fungování,3851
hrnečky,3852
nákupy,858
elektrikáře,1233
ligový,3853
tapeta,1491
traktoru,286
kontrolován,3854
křesle,2701
stálý,3855
děťátko,3856
talíře,1220
kruhový,3857
vyrobil,3858
kadeřník,3414
pomocný,3859
vynalezl,3860
ekonomie,3861
faxem,2385
scénu,3862
kouřit,3863
bezpečné,425
energii,3864
aukční,3865
byste,3143
nacismus,3866
výzkum,3867
integruje,3868
poklop,3869
uloženým,387
vygeneruje,3870
občas,3871
testem,435
skalární,3872
vesmírem,62
přijatý,3873
nejde,1758
akumulátoru,139
publikovaný,3874
pětiletý,3875
uvědomit,3876
cenový,3877
průhledný,3878
cisterciácký,3879
diody,3880
letenky,2024
cennější,1169
nekoupil,2096
nenáročnou,633
uloží,3542
provozovat,3881
bombu,3882
hazard,3883
křesílko,2701
citlivá,632
čokoládu,3884
čemu,3885
zapomenete,3610
nejcennější,1169
útočníky,293
kavárny,3546
boj,3886
koupíte,2096
reálném,414
admin,3887
vztek,3888
zakoupené,308
pedály,3889
trávím,2018
používal,660
dech,3890
nemám,1970
poplatky,1033
konektivity,3891
klienty,124
ničí,3892
nulový,3893
kupony,3894
takhle,3895
nemam,3896
dávkovač,3897
hovorově,3898
prostý,3899
licencí,829
odrážedlo,3900
skleróza,3901
prsten,3902
hruška,3903
nějakou,468
žadatel,3904
útěk,3905
planetárium,3430
nájemníci,3906
pacientovi,597
kouká,3907
skluz,3908
diamantový,3909
tropický,3910
exteriér,3911
posadil,1193
opravuje,2039
jogurty,253
mechanickou,230
meteorologická,3165
poloostrov,3912
pokynů,728
kupříkladu,3913
vesmírná,235
rozjezd,3914
fiktivní,3915
nezletilý,3916
pečivo,3917
sourozence,3918
proteinový,3919
použit,581
debut,3920
plátně,1521
dotyková,3921
vyhodil,3265
pavouk,3922
pána,1846
úsek,3923
nahrávání,3924
pustý,3925
sezení,3926
doping,3927
lehkomyslný,3928
naskočil,3929
bitové,3930
zapomenu,3610
napadne,848
klacek,3931
kód,3128
nejlíp,3932
integrovaným,187
sklem,3261
stane,545
prohlížet,3828
porcelán,3933
žert,3934
originál,3935
ošklivý,3936
dálkově,3937
asijský,3938
výpis,3939
dospělého,1068
relé,3940
hasič,3941
sborník,3942
zkontrolujte,2249
úsměv,3943
karavany,3944
kuchař,3945
osobním,210
repertoár,3946
prožitek,3947
záclony,3948
tekutý,3949
celodenní,3950
nemůže,2281
řadičů,3951
poškozenou,360
takto,3952
muj,3953
parní,3954
buňky,2602
zabaví,901
zaplacenou,3955
experimentální,3956
jednotlivce,1206
světě,198
zmiňovaný,3957
boot,3958
vstupenku,3959
vyšetřovatel,2276
network,3960
opravný,3961
systémům,78
diagnostiky,3962
nahrávek,1924
instalací,1396
záruce,3963
závěs,3964
klimatizovaná,3965
konečný,2286
zátěže,3966
pracovníkovi,707
zděný,3967
ucho,3968
vychovatel,3969
uchovat,3970
soupravy,3036
kabelky,1821
stejný,3971
nechat,3101
skříňkou,459
ovládnout,3972
výfuk,3973
přijímací,3974
dopravit,3975
prezentovaný,3976
unavené,1020
počítat,3652
moravský,3977
tužkové,3978
chipsy,3979
ptáčka,1712
lokomotiva,3047
správa,3980
prvé,3981
kontrolovat,3982
zvládá,3983
nešikovný,3984
spočítal,3985
tiskárnách,28
svoj,3986
judista,3987
topit,3988
ruce,3989
probudil,3106
jablíčka,3990
definovaný,3991
sběrný,3992
displejů,3993
limit,3994
rýžový,3995
příšerný,3996
ropný,3997
process,3998
přístrojovou,3999
asistentku,2468
soupravou,3036
konvenční,4000
schovat,3318
následný,4001
sedačce,1837
zakázaný,4002
potenciálně,4003
technologie,2665
zkontroloval,4004
dovolenou,4005
chytří,55
letištní,4006
riskuje,4007
útočníků,293
trolejbus,4008
připravte,4009
zaplatíme,4010
přestávku,4011
dílnu,4012
maso,4013
sprej,4014
zbraň,4015
stanic,2148
znak,4016
žárovka,3654
robotické,4017
státní,4018
klouby,3655
memory,4019
napadení,4020
úhlopříčky,2718
předstírat,4021
potrubní,4022
spala,1459
vystaven,1247
srovnatelný,4023
výuky,1377
primárně,4024
nakrájená,4025
atentátník,4026
připadat,4027
sféru,4028
uchová,3970
kdekoliv,4029
kamionu,3535
plnohodnotnou,242
syrský,4030
paměťového,711
kamarádka,4031
paprsku,1088
zapomenout,3610
pračkou,266
prospěšný,4032
procvičovat,4033
ovládne,3972
zkonstruován,4034
note,4035
moučkový,4036
vyhrazen,4037
řečové,4038
rybníček,4039
nejmenší,251
nástrojem,88
programově,4040
nick,4041
nosník,4042
výpisy,3939
předměty,1776
virtuálních,4043
oko,4044
případně,4045
poruchu,4046
digital,4047
fyziky,2770
zabijáka,1224
rodinu,3779
obrazovek,89
naschvál,4048
výraz,4049
přijímačů,58
parapet,4050
verdikt,4051
lístky,457
průlet,4052
špionáž,4053
magnetické,453
kola,1490
ujistěte,3137
růst,4054
státník,4055
rozpoznání,4056
dřez,4057
chorobou,4058
tuk,4059
krádež,4060
životy,485
sestav,1807
vzácný,4061
lidskou,652
prst,4062
zaměstnanců,199
zabrat,2934
křížový,4063
uložen,387
kutily,4064
rukáv,4065
spotřebují,1547
osobními,210
turnaj,4066
učebnic,1819
sociologický,4067
šerif,4068
mezerník,4069
operu,4070
výstřiky,4071
analogovým,93
novy,4072
nabíjí,4073
kosmetika,2432
čistička,4074
podstatě,4075
dcerka,4076
funkcím,2330
fyzioterapeut,4077
měřící,4078
vyložený,4079
štítnou,4080
hubený,4081
dobrovolně,4082
soustava,4083
pozemkový,4084
brusky,4085
chrání,2012
existovat,1900
zmrzlinu,4086
nevíte,3324
vyučovat,4087
certifikátu,696
seznamování,4088
záblesk,4089
kontrolní,4090
klávesista,4091
skripty,4092
kapesních,126
točivý,4093
přestat,1782
oheň,4094
ekonom,4095
programům,90
spotřeby,792
spolujezdec,4096
sojový,4097
tah,4098
geniální,4099
přehrávačů,26
blokovat,2838
adaptivní,4100
vše,830
substrát,4101
potřebami,1628
koníčkem,793
čin,4102
obvykle,4103
ségra,4104
zavedený,4105
renomovaný,4106
soudruh,4107
potřebujeme,1289
tašce,1248
opravu,4108
italský,4109
rodičovskou,1382
emailovou,4110
byl,3143
nesprávné,1032
bezdrátových,4111
babičce,1162
jíst,4112
snímací,4113
vývoj,4114
univerzální,4115
bezpečným,425
nerozumíte,3302
mimi,4116
autorsky,4117
alespoň,4118
koncového,238
jedinej,1064
ženu,3752
kuře,4119
podpis,4120
průkazy,1117
zoom,4121
útočící,4122
podíl,4123
lampy,1518
nejrozšířenější,4124
bojovník,4125
zapamatovat,2525
divoký,4126
vítězný,4127
myslivec,4128
blokování,4129
zisk,4130
předtím,4131
vyprázdnit,4132
nepohodlné,1237
skládal,4133
režimu,249
prášky,2808
kdykoliv,2772
úspěch,4134
stadión,4135
programového,559
terapeut,4136
nabíjení,4137
příkop,4138
prostředkem,547
souhlas,4139
adresu,2792
koncepty,4140
soutěžní,4141
integrován,3868
svazek,4142
těhotenský,4143
vyzrát,4144
prohlíží,3828
úhlopříčce,2718
čipů,72
zadat,2605
zhotovený,4145
lidi,94
stavebnice,3196
sálu,658
vezme,3130
podvědomí,4146
satelitů,228
dětičky,4147
postoj,4148
deníčku,4149
vývod,4150
přebor,4151
detekuje,4152
statisíce,4153
domku,664
prostředník,4154
řekne,4155
grafického,158
zásahu,1071
drogy,4156
olympijský,4157
kapotou,4158
odkaz,4159
pohodový,4160
obsluhy,3823
znalec,4161
výkazy,4162
kapsy,1440
matematiky,920
hřídel,4163
měna,2561
techniky,841
signálem,201
přijímacím,3974
vašeho,50
potřebovalo,1289
knihkupectví,4164
čekárně,4165
přístupy,216
tříděný,4166
autíčka,4167
budíky,452
zapomenou,3610
zařízeními,636
reklamy,3802
nejste,3143
srdce,4168
poškozené,360
kupující,2361
respondenty,3361
procesy,992
problémů,1196
samouky,4169
ústřední,4170
autem,122
komponentu,4171
zdál,4172
sekvenční,4173
monitorům,15
provozován,3881
oči,4044
pojistný,4174
detektivní,4175
konektory,4176
kódování,4177
linku,4178
herního,364
maličkost,4179
produktem,1165
mám,1970
úsporného,469
orgasmus,4180
mobilitu,4181
bílek,4182
vyhledá,4183
knihami,2194
veškerou,319
zlobit,1535
ministerstvo,4184
poslouchal,1208
poslouchala,1208
zdroji,512
simulace,4185
chlazením,1296
loterii,4186
teroristický,4187
základy,1384
kýmkoliv,697
opěrný,4188
starobní,4189
žlučník,4190
vyměnil,4191
pilíř,4192
zamykání,1484
životě,485
licenční,4193
sním,4194
žádnej,4195
flašku,4196
harmoniku,4197
třídit,4198
zvyklý,4199
balit,3320
vyhřívaný,4200
knížek,1240
hypotéku,4201
přestavěný,4202
moudřejší,2291
ozbrojený,4203
rebel,4204
vleze,4205
drůbeží,4206
dotazovaných,4207
pružný,4208
náprav,4209
strategický,4210
kladivo,4211
napadl,848
klubovna,4212
humor,4213
kdosi,4214
šestiválec,4215
storage,4216
elegantní,4217
služba,1450
schválený,4218
písek,4219
zlomek,4220
obálku,4221
obsluha,3823
sofistikované,767
sledování,4222
civilizační,4223
občasník,4224
přez,4225
olympiáda,3834
únik,4226
telefonního,861
kontroluje,3982
napájecích,4227
sebou,4228
náhon,4229
stránek,3749
transakční,4230
trojúhelník,4231
bohatý,4232
tenkrát,4233
fitness,4234
dražší,185
pořady,1408
chybu,4235
reliéf,4236
kamerovým,4237
disident,4238
republiku,4239
kožich,4240
ateliér,4241
nejspíše,4242
matematicky,4243
hranolky,4244
nejdokonalejší,1681
vizitky,4245
člen,4246
mikrofiltr,4247
rest,4248
centralizované,4249
rotor,4250
teta,4251
varnou,4252
rival,4253
ostrý,4254
dědečka,843
sedmnáctiletý,4255
zaplatit,4010
zpomalil,1968
psycholog,4256
robotů,39
soustavu,4083
konektorem,4257
výkupné,4258
mzdový,4259
přepravce,4260
kufříky,4261
balzám,4262
chvilku,3458
hřích,4263
motorové,564
okénko,4264
počkejte,4265
červený,4266
tajemný,4267
československou,604
zaujatý,4268
zrušený,4269
identifikační,4270
jestliže,4271
magnetickou,453
zasloužený,4272
očekávaný,4273
domovskou,4274
nemocniční,4275
voňavý,4276
zeď,4277
cloudovým,4278
prázdná,511
zprovoznění,4279
adresát,4280
nevyžádané,4281
doporučený,4282
dostatek,4283
matematiků,4284
vysílání,4285
závin,4286
teenagerů,4287
námořník,4288
veterán,4289
měnou,2561
zahřívá,4290
každodenně,4291
struhadlo,4292
spolehlivého,302
stíhačka,4293
šok,4294
dobíjený,4295
sestavení,4296
diagnostika,4297
ručníky,925
lékárna,2143
žákům,271
harmonogram,4298
stejně,4299
portfolio,4300
zápisky,4301
mříže,4302
hrušky,3903
sníh,4303
designér,4304
plasty,3514
dámský,4305
venkovní,4306
depozitář,4307
přijatelný,4308
komunikují,2112
kolečkách,4309
zahrádku,4310
zpětný,4311
vysokofrekvenční,4312
elektrokolo,4313
moderátor,4314
naučí,2922
integrovanou,187
grandslam,4315
didaktické,4316
pracujete,1938
systémového,84
nedejbože,4317
bezpečností,2560
okruhy,1617
sféry,4028
výstřik,4318
tweet,4319
holky,4320
zloděje,256
obleky,438
kosmická,311
městys,4321
kurs,931
kmitočet,4322
konto,4323
kongres,4324
ohebný,4325
strach,4326
africký,4327
pohovory,814
cloudového,4328
zlobí,1535
umístěn,2633
vyčištění,4329
pořídíte,2168
privátní,4330
projede,4331
stmívání,4332
šachu,491
protest,4333
zapněte,310
záliby,4334
diagram,4335
netopýr,4336
zalesněný,4337
dříve,1832
adresou,2792
papouška,2719
hřebík,4338
jablek,2248
otestovat,3254
zvládat,3983
bleskově,4339
vygenerovat,4340
dveřmi,1678
užitný,4341
prokurátor,4342
poskládat,4343
working,4344
naplno,4345
umí,2082
lodě,3166
pořádek,4346
přehled,4347
čistit,4348
nepotřebovala,1289
náladu,4349
obdélný,4350
mámu,1834
potenciální,4351
vědomostní,2843
sprchový,4352
četba,3451
leda,4353
šéfredaktor,4354
podpůrný,4355
tankový,4356
osobních,210
jinak,4357
intelligence,4358
přírodu,4359
testované,4360
knihy,2194
koktejl,4361
vezměte,3130
totalitní,4362
sbor,4363
meteorologické,3165
peniaze,4364
vrak,4365
řidičem,712
pláč,4366
sedačka,1837
ležet,4367
googlu,4368
hudbou,579
cukrovku,4369
rezervní,4370
editovat,2406
škodlivé,247
družici,2762
smysl,4371
nárokem,4372
jízdenky,2996
automatizace,3081
úspory,4373
umíte,2082
ubrousky,1197
napadeného,4020
rozumně,4374
stanicí,2148
přírodovědec,4375
staniční,4376
panelového,985
bus,4377
regály,1250
mladíka,465
nevěřil,4378
jednou,615
protiklad,4379
týdeník,4380
narozeniny,4381
vyčerpaný,4382
platba,4383
bezvadně,4384
spokojený,1591
nepotřebujeme,1289
nejdůležitější,2842
nepoužitelná,309
sektory,288
krytem,1458
hlavolamy,4385
dlouhý,4386
fyzikální,4387
gang,4388
manželka,4389
strojky,4390
koncová,238
nos,4391
kokain,4392
plyšové,4393
rozjet,4394
nefungovala,507
skládat,4133
zvládnout,3055
klony,4395
zákazníky,203
chatě,2282
polibek,4396
nadřízeného,2027
turbína,4397
hlad,4398
počin,4399
oběť,4400
tělocvičny,919
písař,4401
intelektu,753
horor,4402
neuměla,2082
vyhledal,4183
záchranář,4403
příjmy,962
duševního,2471
identifikátor,4404
kouta,562
schopné,915
kvalitně,4405
čtvrtý,4406
vším,4407
truhlík,4408
dovolit,4409
nejmodernější,1764
danou,757
zdánlivý,4410
pacientem,597
přihlášen,1982
běžec,4411
předškoláky,4412
mikrofonu,138
toast,4413
repro,4414
čerpadly,4415
vzorec,4416
nesprávnou,1032
vyměnit,4191
příjde,4417
věnovaný,4418
budovou,784
vyučujícím,4419
pad,4420
přejezd,4421
sam,4422
běželo,833
pitný,4423
nikdy,4424
jednolůžkový,4425
žáků,271
vybavila,1149
debilní,4426
vypěstovat,4427
režimy,249
nejnáročnější,742
šukání,4428
staveniště,4429
nepoužíval,660
ochotný,4430
programu,90
řemen,4431
kolikrát,4432
přehrává,4433
chudí,3253
připadal,4027
okresní,4434
dětské,132
němuž,4435
milník,4436
netriviální,4437
slunečník,4438
odbojář,4439
barman,4440
dohled,4441
absolvent,4442
účtů,136
maturita,3751
operačních,67
neurolog,4443
čten,3336
uniformu,4444
semestr,4445
skartační,4446
spouštění,4447
zacházením,4448
jisti,3517
tlak,4449
čtenáři,954
pošta,451
elektronického,71
výběry,2603
organismy,300
okny,577
údajům,2204
mechanického,230
poradenský,4450
zářivky,4451
rozložit,4452
použiju,4453
infrastrukturu,4454
rok,4455
spínačem,572
šitý,4456
příjmu,962
řešením,4457
smysluplně,4458
natočený,4459
topologie,4460
vykonání,4461
jednodušší,361
šestkrát,4462
zavřete,4463
paketů,4464
databázová,104
deaktivovat,4465
nevyhovující,3778
dítětem,797
kluci,638
připojí,852
obsazený,4466
manželku,4389
tuzemské,544
spím,1459
železniční,4467
elektrickým,120
audiokniha,4468
hoďky,4469
debetní,4470
tvarohový,4471
cukrovar,4472
dotyčného,565
labyrint,4473
elektroinstalace,4474
zapojené,4475
obědu,375
trampolínu,3227
handicap,4476
koloběžka,4477
elektroodpadu,4478
nápověda,4479
uvolněný,4480
usne,4481
poznámky,1076
čtyřválec,4482
padat,3384
hokejista,4483
sdílená,526
zraku,875
keramický,4484
štědrý,4485
technologiím,2665
svářecí,4486
holka,4320
dres,4487
díl,3508
obrazec,4488
nástroji,88
připojte,852
hygienický,4489
matematik,4284
svačinku,4490
náročné,742
potřebné,1021
černoch,4491
začátečníky,1483
pojízdné,411
pojmy,1823
nemožný,3441
jen,4492
blechy,4493
ptáka,2562
cizinec,4494
koše,369
kterej,4495
hurikán,4496
demontovat,4497
nahrával,4498
dotek,4499
korek,4500
postavte,4501
nahlásí,4502
popud,4503
termín,4504
vzpomene,4505
přehrajete,4506
potahy,2930
nahý,4507
kráter,4508
stránky,3749
zaznamená,4509
nastavené,472
datovými,200
spolužákům,613
čerpadla,2810
neumíte,4510
zpřístupní,3416
živočišný,4511
nemusel,4512
obvodní,4513
posloužit,4514
nacionalismus,4515
inzerát,4516
chřipkou,3790
činnosti,4517
srbský,4518
kompost,4519
nylon,4520
slovinský,4521
mandarinky,4522
úložných,4523
motorce,379
profesoři,3845
webového,59
akvárium,4524
potřebovali,1289
eidam,4525
elektrotechnické,386
víko,4526
jakoukoliv,582
přestanete,1782
trasu,4527
ovládán,798
skládací,4528
infobox,4529
nefungují,507
chlad,4530
vaší,50
hotovo,402
dopravce,4531
firem,1419
anglicky,4532
motorem,181
najíst,4533
obtížný,4534
okrsek,4535
zachovaný,4536
vestavěnou,191
mezikontinentální,4537
přívěsné,4538
klidně,4539
letouny,618
betlém,4540
webu,4541
kostičky,4542
stránka,3749
žehličkou,777
kamarádky,4031
strojích,8
modernizovat,4543
běžně,4544
odstavit,4545
ftp,4546
hebký,4547
těstoviny,4548
zpracovává,2462
lidské,652
export,4549
místnostech,1203
abyste,4550
pátý,4551
hodil,4552
observatoř,4553
ikony,1175
biotop,4554
hattrick,4555
borec,4556
kolejiště,4557
nějakým,468
textil,4558
radši,4559
tableta,23
zaručený,4560
přihlásíte,1982
nehledě,4561
tiskopis,4562
přetečení,4563
shodný,4564
počít,4565
distribuční,4566
udělat,4567
motory,181
přístrojové,3999
elektrická,120
redaktoři,2196
použít,4453
mnich,4568
navždy,4569
skot,4570
obrany,4571
plnohodnotným,242
uživatelských,176
zdraví,1122
ukazoval,4572
kalendářem,999
aktivitu,4573
zničil,2117
certifikáty,696
posádku,3641
klobouky,3595
spot,4574
dodané,4575
palubě,2867
zářivý,4576
spolužáky,613
pustit,4577
koupilo,2096
když,4578
tenisty,3662
družic,2762
trvalý,4579
tiskárnami,28
zelený,4580
algebra,4581
solární,4582
kolej,4583
bodový,4584
stačil,3347
konsole,4585
klepnutím,4586
přenosu,870
protihráče,4587
deskové,4588
prodávám,3122
osvěží,4589
učitelů,467
zajíc,4590
fakultní,4591
obrazem,332
žirafa,4592
hokejka,4593
nepřímý,4594
čidla,2078
parametr,4595
zapisovat,4596
biopotraviny,4597
táty,358
jednotkou,1046
chytrém,55
vyvážený,4598
mikiny,2350
využíval,1963
váhu,4599
pustím,4577
dovednostem,2809
vychladit,4600
amatér,4601
autorské,1084
reprezentativní,4602
sedadla,1482
jesenický,4603
věcí,2506
architektuře,1781
tarify,778
tiskáren,28
půlku,4604
stříbrný,4605
modelem,432
placenou,601
teploměrem,449
citát,4606
kvalitnější,2200
sebelepší,4607
obrys,4608
podsvícením,4609
němčinu,4610
oblečky,4611
jakékoliv,582
mou,232
nastavením,4612
schopná,915
zámecký,4613
kadeřnický,4614
pas,4615
sousedovi,828
chladící,4616
muzika,1903
gramatiku,4617
závadu,4618
výkaz,4162
útrobách,4619
nejdříve,1832
vyšívání,4620
kouzelný,4621
nápor,4622
squash,4623
životu,485
sitcom,4624
komunikaci,4625
rybník,4039
zvětšený,4626
peněz,972
svícen,4627
buchty,4628
klubovny,4212
krabice,2155
oblouk,4629
stráví,4630
dalekohledy,280
nejjednodušším,361
bankovek,1447
online,4631
výcvik,4632
kamarádů,125
ohlásí,4633
aktivní,4634
využit,4635
uživatelského,176
vždycky,4636
krach,4637
vydávaný,4638
hrubou,1080
pokročilé,443
otevřít,2616
rutiny,4639
grapefruit,4640
hlavu,3754
obnovit,4641
ráno,4642
řídítka,4643
reprezentační,4644
sítěmi,349
vědomě,4645
běhání,4646
paketu,4647
soukromé,265
domníval,4648
obsluze,3823
statickou,1636
brouk,4649
čočku,4650
kytarou,378
právo,4651
porod,4652
nastavte,1999
vyhledat,4183
startovat,4653
všechny,830
nenahradí,4654
zkoušku,4655
permanentně,4656
funkčnost,4657
architektury,1781
měsíčník,4658
přidaný,4659
clovek,4660
nejvhodnější,1744
vyspělé,380
zadané,1037
pak,4661
neuvědomuje,4662
mechaniky,1358
studentů,593
nízký,4663
vývojářské,4664
převodovka,4665
klip,4666
interpersonální,4667
nájemce,4668
nemocného,561
klonování,4669
nožem,474
náraz,4670
irský,4671
utratí,4672
ovladatelné,445
naplněný,4673
každou,623
starožitnosti,4674
sedící,4675
zámeček,4676
koncentrovaný,4677
chlupatý,4678
dostat,4679
zásuvek,450
výklad,4680
chrámový,4681
nezvládá,4682
ponožky,4683
používáš,660
horký,4684
time,4685
materiálům,1353
paprsky,1088
pamlsek,4686
nechtěl,1899
spotřebitelů,780
strážník,4687
výživný,4688
svit,4689
zemský,4690
navigačního,4691
kavárně,3546
jaterní,4692
vchodové,4693
srdeční,4694
vybrat,4695
správné,1032
holící,4696
wikipedie,4697
minutu,4698
ročník,4699
rotující,4700
návykové,4701
spuštěním,1848
lyžař,4702
zadání,4703
použití,4704
vyhrajte,4705
cookies,4706
seriály,2389
ďábel,4707
klasicky,4708
atmosférický,4709
rifle,4710
míče,921
papíru,161
kamerové,4711
komunikoval,2112
posluchače,1773
protlak,4712
kopačky,4713
naplánován,4714
aspoň,4715
pořádku,4346
senzorů,4716
produktivním,748
osazený,4717
zatěžují,4718
nápady,817
zkrotit,4719
nastavíte,1999
tranzistoru,317
robotu,3590
výstupem,1468
letu,4720
tomu,747
hejtman,4721
tištěnou,939
nepřítomnosti,4722
firemních,403
uklízečka,4723
dnešek,4724
klepe,4725
zoubek,4726
snímače,4727
sekund,3319
mládežnický,4728
poznatek,4729
desetinná,4730
zákazníků,203
vzdálenou,680
dostane,4679
vytištěné,4731
impérium,4732
myslel,2554
okurka,4733
extremismus,4734
přesvědčený,4735
zahrádce,4310
dekódování,4736
karavanu,4737
vozíku,197
zónu,4738
datová,200
hrajete,2771
bránit,4739
přihrádky,4740
síťových,65
vybaveného,208
nemusí,4512
hustý,4741
potomek,4742
domácího,609
nadměrný,4743
tenčí,442
včas,4744
sedlák,4745
vyhrazené,531
tělovodavyšetřenívztahvývojzdravíčasžena,4746
nepříjemný,4747
zpracovat,4748
smrkový,4749
těsný,4750
výherní,4751
sonda,2369
zvuky,393
hudebník,4752
zakoupit,1011
školicí,4753
koníka,470
dobíjení,4754
hráči,646
kompaktním,1313
potisk,4755
elektromobily,269
svaly,2664
odborníci,824
starat,418
chřest,4756
lilek,4757
přepínačů,4758
nim,1664
notebookům,2
srub,4759
přenosové,2020
pervitin,4760
pohádku,4761
vybaví,1149
servisní,4762
hybrid,4763
evaluační,4764
opera,4070
napíše,4765
papírky,4766
přepracován,1092
typicky,4767
sít,4768
funkcionář,4769
sednou,1508
nekdo,4770
procházení,4771
nepojede,1629
spisovatele,2884
strýc,4772
fungovala,507
dodán,4773
německý,4774
efektivnější,2425
důležitější,2842
ikonka,4775
nabije,4776
komplikovaný,4777
řez,4778
viník,4779
pomůcek,1026
prezentaci,4780
hadry,4781
aut,122
úkolů,857
zdrav,4782
porcelánový,4783
neustálý,4784
nároky,4372
stand,4785
realitu,4786
pixelů,4787
jít,1758
pokrytý,4788
papírově,4789
kotelny,4790
výchovný,4791
oběda,375
používám,660
meteorit,4792
zahradě,1319
nepracují,4793
plotny,4794
maloobchodní,4795
pneuservis,4796
trouby,860
akademik,4797
schválně,4798
finálový,4799
časovačem,421
jemný,4800
nezávadný,4801
spustil,1135
polštářem,1500
můžu,2281
přístupového,60
rozvrhu,786
hrající,4802
pruh,4803
uhlíkový,4804
předpoklady,1995
rentgenové,4805
přesvědčivý,4806
baseball,4807
zvuková,330
zrovna,4808
rockovou,2328
chviličku,4809
přidělí,4810
demokracii,4811
klaun,4812
vydavatel,4813
architekturou,1781
jídelnou,1120
vždy,4814
vymění,4191
automatického,202
rozmarýn,4815
výsledek,4816
tvořený,4817
nezabírá,4818
pozvánku,4819
způsoby,1079
chtěl,1899
arabský,4820
čistící,4821
podnos,4822
vyhodnotit,4823
slaninu,4824
ponětí,4825
prohlíželi,3828
záložním,4826
kruh,4827
odpočinout,4828
denní,4829
rodičák,4830
právníka,1700
domě,112
přenášeny,4831
potřebuješ,1289
spacáky,989
mlíko,4832
šuplíky,795
tabulí,1132
nakreslit,4833
nespolehlivé,4834
bagety,4835
dotaz,4836
meteostanice,4837
výsuvnou,4838
důstojný,4839
moskevský,4840
advokát,4841
prázdnou,511
úspornější,469
shromažďuje,4842
hláška,3034
slovníků,141
energie,3864
televizního,907
textovými,127
termotisk,4843
pianista,4844
vyhledávání,4845
použ,4846
peněžní,4847
vědce,590
verzi,4848
zkušební,4849
déšť,4850
novou,225
zpracovával,2462
zářivka,4451
upír,4851
slunečný,4852
přenést,4853
ruch,4854
obra,4855
osobnost,4856
biblický,4857
pomaleji,4858
vědění,4859
parazity,4860
spisovný,4861
vázaný,4862
hliník,4863
socialismu,552
nejlépe,3932
následníka,3342
šéfa,2173
diabetem,4864
fyzická,116
byzantský,4865
křesťanský,4866
nedostanu,4679
načítání,4867
pojme,4868
nejjednodušší,361
nepřestal,1782
čokoláda,3884
nástrojům,88
platbu,4383
vážnou,2671
nakoupí,3574
nejpohodlnější,1237
dokončen,2676
jezuitský,4869
nevydrží,4870
potřeba,1628
mlhovky,4871
nepřítele,304
stravenky,4872
volby,4873
psychiatrie,4874
jiny,4875
imunita,4876
počítám,3652
ráz,4877
plně,4878
nečte,4879
nedá,4880
klávesovou,2977
ředitel,4881
hlídal,3292
korporací,4882
podélný,4883
pověstný,4884
startování,4885
mejdan,4886
malba,3850
ciferník,4887
závažný,4888
zobrazený,4889
zobrazující,4890
certifikační,4891
ovoce,4892
prezidentskou,1660
přesnídávky,4893
správy,3980
znalosti,1731
odezvu,4894
vozítka,4895
zablokoval,2699
piráti,2102
skříňky,459
hromadu,4896
bruska,4897
spotřeba,792
asistentky,2468
kazetu,4898
výhru,4899
kolegové,868
nahrána,2458
testuje,3254
zapínání,4900
rozkazy,2709
budově,784
konstruované,4901
nenávratně,4902
pořízen,1888
funkcionalitu,4903
chodce,4904
případě,1390
cizího,894
používané,1019
laserovou,808
šedý,4905
dokumentů,943
odpočívá,3730
neoprávněnému,600
konceptuální,4906
rádiové,776
mikroskopu,68
přítele,297
procvičování,4907
doktorský,4908
aerolinky,4909
drobnosti,4910
spadne,4911
kašlu,4912
daruje,4913
vrátka,4914
reklamaci,4915
materiálem,1353
démona,1486
napíšu,4765
nejlepší,4916
gram,4917
sladit,4918
písmeno,4919
akreditovaný,4920
neztratí,4921
veselý,4922
věž,4923
pirátů,2102
cvičit,4924
abych,4550
galaxie,4925
svalový,4926
reaktoru,298
přítelkyni,3162
pracovníci,707
deníčky,4927
šikanu,4928
oděvy,612
zásuvkami,450
vypadá,2028
švestek,1904
overal,4929
hřeje,4930
her,616
smaltovaný,4931
skauting,4932
turismus,4933
postačující,4934
chce,1899
zjistím,4935
osobnímu,210
pamatovat,2951
zaznamenávání,4936
výpočtů,1943
rodokmen,4937
vinyl,4938
přihlášce,4939
úkolům,857
kancelářských,44
tušíte,4940
agendy,4941
obsáhlý,4942
mikroskopem,68
vyměnila,4191
recept,4943
skřínka,4944
pokladem,727
tepláčky,4945
dobrovolník,4946
konečně,4947
fyzikálního,4387
nepoužíváme,660
pohár,4948
samostatnou,853
úkryt,4949
odložit,3029
výbuch,4950
syna,2422
pěvecký,4951
znalostmi,1731
podobný,4952
nepočítám,3652
zdařilý,4953
milenky,1281
vagóny,4954
nožičky,4955
stolních,63
objektově,4956
závady,4618
firma,1419
řídí,1435
píchnout,4957
operativní,4958
kontroloval,3982
sporťák,4959
nepřekonatelný,4960
fotografii,4961
autosedačka,2856
koridor,4962
hory,4963
troubou,860
chemikálie,4964
napájí,650
výukového,193
přehrávat,4965
eventuálně,4966
směrovací,4967
genetický,4968
vyřídit,4969
pořídil,2168
politika,4970
digestoř,4971
provozovnu,4972
byznysu,322
přidělené,4973
smazal,4974
terasu,4975
nevlastním,4976
kodex,4977
soudobou,4978
nutné,1282
sloupek,4979
tempem,4980
burzovní,4981
výboj,4982
drátové,4983
snímá,4984
přímotopy,4985
tuzemsku,4986
kalorií,4987
předložený,4988
sloužit,4989
bazaru,4990
pošty,451
vozy,108
příjemný,4747
spouštěcí,4991
pěnový,4992
monitorování,4993
kteréhokoli,1307
notář,4994
čímkoliv,2115
vědecké,766
topný,4995
onemocní,4996
sazba,2411
projekční,4997
letadlem,606
napadnout,848
zátěž,3966
rozběh,4998
miláčkem,626
předešlý,4999
nakoupené,5000
odbavení,5001
meteorolog,5002
venkova,2902
hotelové,534
staršího,146
balíkem,359
kompresorem,5003
pavouka,3922
nejvýhodnější,3784
nemůžu,2281
remake,5004
vosk,5005
dostal,4679
snadno,5006
jazyka,527
australský,5007
učeň,5008
nahlas,5009
dětem,797
miminku,3205
přenášení,5010
kolenou,5011
airbagu,5012
kolegu,868
rozpoznat,5013
lavička,2780
porovná,5014
nepřístupný,5015
odpoví,5016
telefonech,12
zahřát,5017
incident,5018
probouzet,3106
šatně,3268
pódium,5019
pancíř,5020
pudr,5021
touch,5022
proboha,5023
zabral,2934
posluchačů,1773
vhodnější,1744
naráz,5024
presbytář,5025
tiskne,3367
rock,5026
zvukovým,330
bavlněný,5027
rozvedený,5028
kavárnách,3546
vykonat,5029
postavíte,4501
zhroucení,5030
hodnocený,5031
naši,232
měsíční,5032
nenávidím,5033
cestovatel,5034
dodávku,5035
nevěřila,4378
přizpůsoben,5036
náročnou,742
čtenáře,954
automatická,202
směnárna,5037
roztočit,5038
křemík,5039
detektivové,1357
zákonodárný,5040
kdy,5041
závadný,5042
muzikolog,5043
nepoužívají,660
bordel,5044
panelu,135
perem,1456
pomerančový,5045
agenturu,5046
desetinné,4730
nastavil,1999
vybranou,524
desetkrát,5047
pres,5048
vrata,5049
svatý,5050
elektro,5051
bouřka,5052
nábytku,87
arbitr,5053
nastaví,1999
nenajde,5054
sešitů,365
kterému,2595
fanda,5055
výkonové,5056
seřizovač,5057
jízdenka,2996
optimistický,5058
robotiky,5059
desce,1144
připravit,4009
sklepě,1650
budíku,452
redaktorů,2196
interiéru,676
zloději,256
oddaný,5060
přístupů,216
pamatujete,2951
hostující,5061
podnikatele,1795
švestka,1904
správu,3980
šikanování,5062
scénáře,1381
propisky,5063
reklamou,3802
orbitální,5064
dozorce,5065
ventilaci,5066
nákupem,858
mobilními,42
plotteru,5067
antikoncepční,5068
korun,5069
konvice,3032
vykoná,5029
postaven,1992
milý,5070
nekompletní,5071
učitelem,467
zpravidla,5072
řecký,5073
faktický,5074
nějak,5075
výbavě,1212
makeup,5076
věřit,4378
běžném,157
odeslat,2360
výchozí,5077
nádražní,5078
začít,5079
závodníka,1251
poloměr,5080
nabídnut,5081
hokejovou,1052
odsávačka,5082
profesní,5083
agendu,4941
ochrání,2172
digitálních,169
chránící,5084
psaním,2319
jedince,927
konektoru,5085
zrychlil,1604
atlasu,788
pokročilou,443
poskytnut,5086
odjinud,5087
dohodnutý,5088
kmen,5089
aplikácie,5090
zazvoní,5091
výkonným,80
kompletní,5092
pojistit,5093
písničky,5094
kulový,5095
datadisk,5096
chránil,2012
zkušeného,2290
příznaků,2768
odběrem,5097
nezaměstnaný,5098
uvařit,3418
hřbitov,5099
rozumět,3302
neuvěřitelný,5100
nezaplacení,5101
existoval,1900
dělník,5102
svoboda,3322
židlička,1548
šťastný,3345
startující,4653
pěkný,5103
podlaha,3068
kabátě,1074
náklaďáku,267
pomůcka,1026
bankéři,1859
nakoupil,3574
schránka,1160
pila,5104
zvedací,5105
přesměrovat,5106
naše,232
použitelné,733
muže,261
lůžko,5107
odpadky,5108
texty,1812
spinkat,5109
neklikejte,5110
usínání,5111
krádeži,4060
pískovišti,3185
simulátory,5112
batohem,260
sluneční,5113
jev,5114
testů,435
europoslanec,5115
výnos,5116
elektrického,120
fotbalového,1453
začínající,5117
webdesign,5118
střežit,5119
oběhu,2444
výsadek,5120
ministr,5121
klimatizací,862
pobytový,5122
údržbář,5123
optimálně,5124
židlemi,1548
osobitý,5125
vešel,5126
školáků,254
zajímavý,5127
zánět,5128
vyřešen,5129
shromažďovat,4842
poškozeného,360
sadu,5130
nálepku,5131
pomalého,212
pulty,149
diagnostikou,5132
šikovného,693
úsudku,2409
gentleman,5133
tygr,5134
charismatický,5135
ministerstva,4184
přepsal,1863
astronautů,844
napadá,5136
čert,5137
aerolinie,5138
myšlenky,5139
ústav,5140
vrahem,1474
švédský,5141
brankář,5142
migrény,5143
infrastruktura,4454
zaveden,4105
nenosí,5144
spravit,5145
zaplatil,4010
spravovali,1663
kuskus,5146
stavbu,5147
psychologa,4256
kuželky,5148
trapný,5149
málokdy,5150
krysy,5151
teplotu,5152
odesílá,5153
asteroid,5154
automatickému,202
úkony,2335
nabíjecí,5155
pomocníky,700
kabinu,5156
výčepní,5157
dospělou,1068
plavidlo,5158
salon,5159
obývacím,639
valník,5160
vak,5161
zvuku,393
výklopný,5162
vymezený,5163
prvňáčky,5164
paprskem,5165
vyhodnotí,4823
posloucháte,1208
nebudete,3143
vymazání,5166
nekompatibilní,5167
požadován,5168
chápete,5169
slunečnicový,5170
planety,2158
příručky,2106
nervovou,174
vyladit,5171
stále,5172
interiéry,676
kazety,4898
jestli,5173
dávno,5174
rodový,5175
samosprávy,5176
zaplacení,5177
mandlový,5178
paralyzéry,5179
dvoudílný,5180
chiptuning,5181
opravené,237
prvorepublikový,5182
útokům,412
věřte,4378
takov,5183
úžasný,5184
výplet,5185
ruky,3989
sériová,229
svoji,325
umře,3204
řízeného,303
zjistit,4935
ochránce,5186
wikipedii,4697
ergonomie,5187
teleskopu,313
neexistovaly,1900
funkčně,5188
kuchyně,1359
líh,5189
leze,5190
telekomunikačních,879
hodině,1838
skelet,5191
patenty,1441
jakýmkoli,357
organismu,300
rozpoznal,5192
disciplínu,5193
arch,5194
ležel,4367
diváka,1759
užitečnější,1343
ohřev,5195
léčitel,5196
libovolným,290
hoch,5197
reálnou,414
naučili,2922
soustředit,5198
dostatečně,5199
zamykat,1484
cennosti,5200
nepozornosti,5201
princ,5202
redakční,5203
zvukem,393
klikání,5204
libovolné,290
vezmu,3130
dechu,3890
prodejny,5205
blokuje,2838
ovládaná,220
zákazníkem,203
tentokrát,5206
padělek,5207
postačuje,5208
generátory,390
kabelů,223
voděodolný,5209
důstojníky,1096
lino,5210
jedničku,5211
dozoru,5212
rakovinu,5213
připojuje,5214
narozeninám,4381
otestování,5215
médií,605
evidentně,5216
pečovat,5217
sněm,5218
analyzovat,5219
plátnem,1521
selhání,5220
předpisy,3042
kilogram,5221
kapacitu,5222
předběžný,5223
sluníčko,5224
zapnutou,5225
schovává,5226
neslyšící,5227
rum,5228
skleničky,3091
lokomotivu,3047
psát,3371
jinému,1047
výuka,1377
uživatelsky,5229
centrálně,5230
hráčů,646
marný,5231
furt,5232
pracovníky,707
vašem,726
rodičem,489
mem,5233
chlapy,400
neurologie,5234
platíte,5235
průměrnou,410
koberce,399
nastartování,2228
generuje,5236
zavolal,5237
pořízení,5238
klepněte,4586
omyl,2795
aerobik,5239
sériovou,229
kapsu,1440
archu,5240
písničku,5094
chlebíčky,1054
konta,4323
důchodci,1185
měřidla,5241
aspekt,5242
socket,5243
nestane,545
písmenko,5244
studentského,190
stlačený,5245
použijete,4453
ekonomice,1817
dav,5246
obrat,5247
potřebovala,1289
prstění,5248
strojům,8
relaxovat,5249
spisy,3278
osobnostní,5250
průtok,5251
hygienu,3455
náchylný,5252
odpovědný,5253
míčem,921
schránce,1160
specialista,5254
tkáň,5255
odpor,5256
rukavice,5257
postavit,4501
repliku,5258
zábavního,2420
takže,5259
krejčí,5260
uklízení,5261
aktivum,5262
sekat,1398
autoritu,5263
půjčila,1475
respondenta,3361
mladiství,1935
elektrosoučástky,5264
kam,5265
slepice,5266
rybolov,5267
studium,5268
literární,5269
vyndat,5270
trial,5271
inkoustové,5272
hotovou,402
řezací,5273
movitého,5274
rozdělit,5275
usnul,4481
potvrzený,5276
nastavovat,5277
stabilně,5278
poletí,5279
varhany,5280
tenisky,5281
tvář,5282
videozáznamy,2267
technicky,5283
federální,5284
přehřátí,5285
odkládací,5286
panenku,5287
fotoalbum,5288
pražský,5289
třídu,5290
jednoduššího,361
schopného,915
strojní,5291
cely,5292
redaktora,2196
nápadem,817
směje,5293
komisař,5294
příchod,5295
používá,660
volbu,4873
vodu,5296
podnět,5297
napodobující,5298
opravdu,5299
olivový,5300
tahací,5301
lektora,5302
firmy,1419
elektráren,556
divný,5303
zahradní,5304
zásadně,5305
anonymně,5306
testoval,3254
usednout,5307
ovce,5308
čtverečky,5309
uložiště,5310
dílenské,5311
strýce,4772
komentátor,5312
tištěné,939
kryptografie,5313
kontrabas,5314
druhej,1243
matematická,401
vybrán,524
synka,462
plod,5315
nástupce,5316
kardiovaskulární,5317
umístit,5318
nedám,4880
farní,5319
šel,1758
elektrotechnická,386
potřebují,1289
rodící,5320
módu,881
hadr,4781
kdybych,5321
takovým,502
moduly,5322
index,5323
citlivého,632
penězům,972
znamenat,2915
vlakem,140
mítink,5324
anál,5325
distribuován,5326
vyztužený,5327
nastavení,4612
poškodil,2519
parkety,5328
doteď,5329
filmů,874
lépe,3932
herecký,5330
prodávající,5331
draft,5332
oken,577
archive,3494
egyptský,5333
hnedka,5334
dvířka,5335
rozebrat,5336
monolog,5337
zábavou,1292
medián,5338
kouzelník,5339
stmívačem,5340
pachatele,1421
obdélníkový,5341
kuse,2314
vodík,5342
frézky,5343
parlamentu,1465
telekomunikačního,879
kabelce,1821
kalkul,5344
pokazit,2591
jakékoli,357
důchodkyně,5345
kosmického,311
angličtina,1798
zevnitř,5346
úplně,5347
zájmovou,5348
dostupnou,1763
elektronickým,71
zaznamenat,4509
špičkovou,397
soudu,1293
ladit,5349
stíhačky,4293
vůl,5350
handicapované,5351
přijít,2877
zařídí,2316
naplánovat,4714
holku,4320
administrátora,5352
zpracuje,4748
prázdnin,1590
nitro,5353
zapojit,5354
kufry,186
prvně,5355
romantický,5356
malířství,5357
prsty,4062
běhat,5358
klína,746
hrádek,5359
nezbytné,5360
rutinní,5361
manažerské,5362
juniorský,5363
běžného,157
prokurátora,4342
přeložený,5364
návštěvu,5365
manažera,1728
nulu,5366
odcizení,5367
přijde,2877
učitelské,245
prostřední,5368
starou,146
sestaví,2338
dovednostmi,2809
rumunský,5369
zájemci,3251
vzal,3130
kreativitu,5370
nástěnný,5371
jiné,1047
léčebný,5372
tunery,5373
žehličky,777
náhodu,3584
sedací,5374
chat,2282
neumějí,2082
thriller,5375
svolení,5376
protilodní,5377
pneumatiku,2443
sami,1061
jinam,5378
sekretariát,5379
stahování,5380
odblokování,5381
stavíte,5382
hrozný,5383
nemocné,561
rozuměj,3302
jinýho,5384
týdenní,5385
vaničku,5386
provozem,537
nejvýkonnějších,80
pořádnou,722
reálu,5387
poličky,3507
rozbít,1112
startem,1696
spotřebitelské,177
světem,198
zacházet,5388
filtrační,5389
patrový,5390
pořád,5391
rádiu,171
konkurenční,5392
mýtus,5393
geografickou,2140
gymnázia,5394
steak,5395
asymetrický,5396
koutku,183
analytik,5397
prohlašoval,5398
nechte,3101
snowboarding,5399
letectví,5400
žrát,1977
svislý,5401
postiženého,730
čisto,5402
fenomény,2299
nosný,5403
kybernetické,5404
sporty,2073
zítřejší,5405
přilehlý,5406
otáček,5407
veličiny,5408
generátoru,390
krmit,5409
tiskař,5410
drahá,185
nikam,5411
příkrm,5412
pečicí,5413
mírový,5414
gynekolog,5415
respondenti,3361
podepsaný,5416
vzpomínky,5417
pronajímatele,3657
ovou,5418
totožný,5419
lhář,5420
levnější,231
nejednoho,5421
střih,5422
implementovat,3306
rozhodovací,5423
nezdá,4172
poradenské,4450
švýcarský,5424
chirurg,5425
principiálně,5426
nepůjde,1758
papírovým,263
kamarádům,125
klec,5427
dotyčná,565
sobě,4228
předepsaný,5428
testům,435
filtrem,686
pomalé,212
slovíčko,5429
raketou,1586
dokud,5430
infekční,5431
zacházení,4448
mobility,5432
teenagery,5433
donutit,5434
považovaný,5435
středový,5436
úložným,5437
vůdce,5438
košili,5439
čtenářem,954
systémovou,84
vnějšku,5440
vysouvací,5441
zničené,734
dlouholetý,5442
jelo,1629
hlásku,5443
investicí,5444
vyzkoušení,5445
rychlost,5446
přihlášeni,1982
pixely,5447
kámošky,5448
sudoku,5449
konstrukční,5450
cestování,5451
závada,4618
účetní,5452
techniků,1972
mamku,5453
medailon,5454
textového,127
nebere,5455
nenechat,3101
lodi,3166
symbolický,5456
přihrádka,4740
kartami,548
pohonu,751
zdi,4277
nitra,5353
lovec,5457
rámy,314
pronajímá,5458
původní,5459
způsobů,1079
skladatel,5460
one,5461
sebrat,2673
anketu,5462
kdybyste,5321
hostitel,3202
levné,231
papírové,263
skutečné,395
sestavuje,3680
těstovinami,4548
předlohou,5463
splácet,5464
nevidomé,5465
tělocvičně,919
zázvor,5466
vyspělou,380
úmyslně,5467
nehmotné,877
smích,5468
poutavý,5469
duel,5470
dálkovou,493
stupeň,5471
vyřizovat,5472
chutný,5473
čistírny,5474
kanály,666
milující,5475
piana,1107
třtinový,5476
vysokorychlostního,691
reaktory,298
herny,1971
standardní,5477
školství,5478
známek,2479
vyfotit,5479
proměnil,3053
tele,5480
skladatele,5460
údajů,2204
vnuka,5481
seskok,5482
ocet,5483
pivo,5484
filmovou,818
mámy,1834
policajti,5485
vině,5486
nepoužil,5487
kantor,5488
stěnou,3153
použitou,5489
nablízku,5490
odvážný,5491
textovou,127
slovíček,5429
pozná,2858
stropní,5492
nerozumí,3302
uzpůsoben,5493
spravuje,1663
autobusem,143
ostrůvek,5494
stará,146
přenáší,1734
vyměněn,5495
cenzura,5496
autobazar,5497
podvodníci,1634
triků,2165
jste,3143
svařovací,5498
zapotřebí,5499
byrokrat,5500
steroidy,5501
asfalt,5502
variantu,5503
trénovat,5504
stejnej,5505
pohovoru,5506
nevzal,3130
družina,5507
vadné,258
vyzkoušel,5508
přeplatek,5509
advokáta,4841
zaškolení,5510
zakázku,5511
kousek,5512
formáty,5513
kreslit,5514
jist,3517
množinu,5515
vyrobit,3858
spánkem,341
insolvenční,5516
komentář,5517
stabilní,2621
pamatoval,2951
alergický,5518
věřitel,5519
tentýž,5520
korporace,4882
ban,5521
hrozbu,1949
stup,5522
televizím,194
nejel,1629
sovětskou,575
les,5523
adresa,2792
faktura,2455
deficit,5524
poprvé,5525
tlačítky,2433
uznávaný,5526
doložený,5527
koncové,238
ověřování,5528
komfort,5529
hlasové,685
rozbor,5530
kosmu,5531
postelí,1561
objednané,1225
mechanizmy,5532
moji,232
uklízí,1242
pumpu,5533
odborně,5534
moje,232
obrněné,1059
jakým,2979
výrazný,5535
obránce,5536
nákupní,5537
nemáš,1970
umístíte,5318
nezbytností,5538
sestavách,1807
magnety,5539
rozměrné,5540
vyhlídkový,5541
typograf,5542
ověřovací,5543
vystavit,5544
neříkám,5545
začátečníka,1483
zádový,5546
asistenty,2468
trávíme,2018
léčivý,5547
kompaktního,1313
modulem,5548
napořád,5549
vstát,5550
bezkontaktní,5551
parkovišti,5552
normál,5553
planeta,2158
punčocháče,5554
klíčky,5555
přepětím,5556
bankovního,871
určenou,1470
mramor,5557
diakritiky,5558
pokusy,2607
takt,5559
chlapi,400
zřejmě,5560
chybně,5561
tělocvična,919
neschopenku,915
procvičí,4033
signálů,201
údaji,2204
úhlopříčka,2718
lepším,5562
hobby,5563
umělce,620
ideální,5564
zodpovědného,5565
prodat,5566
výkonem,568
navigačním,5567
zabírá,5568
nakrmit,5409
klikne,5569
peeling,5570
obytné,521
výplatu,5571
utíkal,5572
univerzita,1930
kávou,2218
hravý,5573
podcelek,5574
dělané,5575
býval,5576
svérázný,5577
pracovníků,707
zahřívání,5578
letící,5579
tovární,5580
potíží,5581
konkrétního,2905
křižník,5582
tenistky,5583
herním,364
several,5584
senát,5585
temperament,5586
šunkou,3789
lézt,5190
hovorové,5587
tenisté,3662
lidstva,1480
výrobky,637
kuchyňkou,2331
vlasy,3008
chřipka,3790
zobrazování,5588
snowboardy,5589
přístrojového,3999
zahraniční,5590
dluhopisy,951
nezařízený,5591
workflow,5592
zjistil,4935
tajně,5593
napadené,4020
návody,1800
nože,474
studentských,190
fotografiemi,4961
měřen,5594
účtování,5595
znalý,5596
sporný,5597
viadukt,5598
jas,5599
seminární,5600
cembalo,5601
vyhledejte,4183
reklama,3802
vejce,5602
načerno,5603
dupačky,5604
složí,5605
filtry,686
dochovaný,5606
koriandr,5607
miminka,3205
potrebné,5608
mizerně,5609
stránkami,3749
kvalifikován,5610
obstarat,5611
tlumič,5612
subjektivně,5613
záložního,5614
kabeláže,5615
biologie,5616
půjčují,1844
projektant,5617
script,5618
lavičce,2780
organizátor,5619
nás,2931
náhrdelník,5620
odborníkem,824
technologii,2665
soupeře,1596
hrob,5621
grandslamový,5622
veličinu,5408
tubus,5623
expertů,2147
designer,5624
vytápěním,5625
krov,5626
vzor,5627
neoprávněného,1662
marihuanu,5628
květiny,5629
stín,5630
motorek,379
pryč,5631
podívá,5632
věcmi,2506
hotovostní,5633
mozků,11
osazenstvo,5634
párek,5635
golf,5636
kázeň,5637
zaplatíte,4010
dopad,5638
naskočí,5639
savce,5640
nadějný,5641
vyměřovací,5642
napojen,5643
zjistí,4935
kurýrem,1350
oplocený,5644
používán,1019
startovací,5645
budoucí,5646
nepomůže,5647
chodící,5648
cenzuru,5496
přívlastek,5649
nejúspěšnější,1430
cvik,5650
důkazy,3017
kytary,378
účastníka,1794
trip,5651
spaním,5652
spoléhá,5653
prvotřídní,5654
aplikátor,5655
nárazem,4670
uplynulý,5656
analogového,93
domnění,5657
škola,1328
exekutora,5658
chlapem,400
kurzorem,703
tráví,2018
zločin,5659
okamžiku,827
produkty,1165
nejslabší,1180
dělá,3644
vraha,1474
stolec,5660
filmoví,818
nahráváním,3924
poradit,5661
šikana,4928
chronický,5662
kontrakt,5663
zateplený,5664
klávesou,1001
spotřebované,5665
identifikuje,5666
koronární,5667
svùj,5668
usíná,5669
legíny,5670
basketbalové,834
kabelová,422
kartáčkem,5671
chlup,5672
zabralo,5673
služby,1450
dvouletý,5674
říční,5675
českou,936
předplatného,2753
výplaty,5571
teleskopický,5676
výtvarník,5677
zaregistrované,5678
pilota,3115
outlooku,5679
koutkem,183
nekoho,5680
optické,1230
zakoupil,1011
peřinu,5681
čekání,5682
premiér,5683
odsouzeného,1738
zodpovědně,5684
pronajaté,1022
adekvátní,5685
profesionálové,479
nekompromisní,5686
přístrojích,13
blokem,218
podnikových,107
břicho,5687
plenkách,5688
pohádkovou,842
neřídí,1435
poutník,5689
zaplatím,4010
kabelové,422
hudbě,579
lev,5690
příručka,2106
rozmnožovací,5691
vlastníka,1515
naslepo,5692
hořčík,5693
skoro,5694
funkciesklominerálnípouzdroobecný,5695
roztok,5696
prkénko,5697
slepičí,5698
poznámku,1076
reálným,414
logicky,5699
výbavy,1212
kameraman,5700
smrk,5701
jakýmkoliv,582
karetní,5702
zkonstruoval,4034
vyřadí,5703
činnost,4517
seminář,5704
atletice,5705
hon,5706
snídaně,3759
podklad,5707
lupa,5708
komplex,5709
sestřička,5710
medicínu,5711
chlapce,388
link,5712
dobývá,5713
nácvik,5714
měřené,1097
družinu,5507
obrazně,5715
kokos,5716
jakéhokoliv,582
nemocen,561
hloupě,5717
nepoužívejte,5718
psychiku,5719
hlášky,3034
úlohu,1025
formátem,5720
přestupek,5721
vozíkem,197
mechanismy,1631
žákovi,271
zpomalení,5722
architektonický,5723
hlasem,928
nádobu,5724
soupis,5725
normálního,1944
usedl,5307
letadlové,5726
váleček,1226
zábavy,1292
golfový,5727
spaní,5728
plány,673
látku,5729
pracoval,1938
nedopatřením,5730
zátěži,3966
šetření,5731
armádní,5732
běžky,5733
sportování,5734
dědu,1261
kalorie,4987
uložené,387
přineste,5735
zasedla,5736
věděl,3324
nohejbal,5737
pochopit,5738
romantismus,5739
libo,5740
sound,5741
solidně,5742
odkládá,5743
vetřelci,5744
stopky,5745
terorismus,5746
lodní,5747
návyků,1081
diskusní,5748
estonský,5749
rozmanitý,5750
pohádky,4761
vylepšit,5751
plachetnice,5752
střelecký,5753
hale,5754
přenosem,870
ukázal,5755
křesla,2701
zabít,5756
papírů,161
následovník,5757
dodavatelský,5758
kalendářní,5759
hrnce,478
zásahy,1071
čekat,5760
barákem,276
zaoblený,5761
naučnou,5762
vzpomenout,4505
knížka,1240
pracujících,988
izraelský,5763
trailer,5764
připadám,5765
kladivem,4211
vaření,5766
tahač,5767
čočka,4650
jack,5768
svižně,5769
manévr,5770
kovaný,5771
pacienti,597
koňak,5772
mapovat,5773
odstavec,5774
přírůstek,5775
působivý,5776
drogách,4156
vyhrát,4705
supermarketu,1317
zapalovače,343
diakritikou,5558
kuchyňskou,522
přilbu,5777
dokážete,3082
chorobu,4058
menší,251
vynálezů,281
plátna,1521
reserved,5778
podprsenku,5779
minimálně,5780
komnaty,5781
clusterů,5782
zvolen,2769
důvěrně,5783
zaznamenávat,4936
ústředí,5784
vyžadovat,2926
zastaralá,495
stejnosměrného,800
písmena,4919
naučíme,2922
platformou,1053
květ,5785
metr,5786
záchodu,134
vládce,5787
školku,5788
hrdiny,1351
fotograf,5789
stáhnout,5790
trackbally,5791
spánkové,5792
tiskopisy,4562
penězi,972
vědeckotechnický,5793
objektivní,5794
poplatníka,908
rádií,171
úschovy,5795
střídačku,5796
vývoz,5797
nečekaný,5798
project,5799
puzzle,5800
uhlík,5801
ergonomii,5802
zkušenější,2290
využívání,5803
pořídím,5804
infekcí,3395
monitorovat,3490
připravené,433
něčím,961
sportovní,5805
nedal,4880
internetovém,77
družiny,5507
chvilka,5806
otce,1448
průliv,5807
nevezme,5808
traktory,286
knihou,2194
vnučku,5809
zemědělec,5810
tiskoviny,5811
upevněn,5812
zaúčtování,5813
životně,5814
živnostníky,1188
čekal,5760
zábavnější,1849
dějiny,5815
sluchu,963
jedno,615
nejhorším,1639
orientované,1177
mazlíčků,5816
gestapo,5817
vinotéka,5818
faktury,2455
nezná,5819
masér,5820
nejčastější,5821
balicí,3320
titaničitý,5822
pokojů,123
sociální,5823
družstvo,5824
běhá,5358
nutkání,5825
rozšířený,4124
poškozovat,2519
výkřik,5826
ztratíte,4921
pecky,5827
unavená,1020
umírající,5828
lehátko,5829
lékárník,5830
nevyužívá,5831
hygienické,4489
zahrádka,4310
parťáka,5832
ponorky,1843
bůh,5833
nejlepším,4916
bitevní,5834
plínky,5835
výtvorem,611
crossover,5836
vydělával,5837
mém,232
nechávat,3101
dědečkovi,843
brát,5455
sestavil,2338
vydělávat,5837
fungovalo,507
školka,5788
určené,1470
vizualizace,5838
tichého,721
prioritně,5839
reader,5840
vitamíny,5841
panička,5842
místečko,5843
čtvrtiny,5844
kostku,3758
kolektivní,5845
bio,5846
někde,5847
paušální,5848
mluvené,2724
tvar,5849
platby,4383
rozbalení,5850
svet,5851
malířské,5852
análek,5853
vytvořit,5854
jízdou,5855
nátěr,5856
odebrat,5857
obranu,4571
nic,2388
šňůrou,5858
stříkačku,5859
odklad,5860
jakkoli,5861
osobu,5862
výpadky,1171
spotřebou,792
podávaný,5863
termostaty,5864
analýzu,5865
důstojníka,1096
časopisů,477
stabilizovaný,5866
rekvizity,5867
mzdu,5868
čtvrtletí,5869
přenosů,870
řízené,303
aktivační,5870
nevědomí,5871
zemědělství,5872
diskových,674
věd,5873
andílek,5874
dámou,1540
singl,5875
zneužít,5876
úmyslu,5877
výživu,5878
nafukovací,5879
chodil,5880
tuhý,5881
spolkový,5882
herec,5883
příjmů,962
plátce,5884
řemeslo,5885
odpadem,1371
zaměstnané,5886
nepoznání,5887
znalostem,1731
vydržet,4870
hledající,5888
podvědomě,5889
kozu,5890
základnu,5891
nedalo,4880
vychytávky,5892
lineární,5893
exekuční,5894
pizza,5895
ekonomy,4095
manažerů,1728
subjektivní,5896
demografický,5897
smarty,5898
sloužící,5899
chyba,4235
podřízeným,1311
předváděcí,5900
fonty,5901
mně,2931
krční,5902
teploměry,449
napoví,5903
workshop,5904
domácímu,609
chodí,5880
bulvár,5905
bál,5906
mať,5907
zabudované,5908
hosta,2334
autodíly,5909
sdílení,5910
raketami,1586
bije,5911
kohoutek,5912
řetěz,5913
zastřihovač,5914
chyby,4235
bít,5911
průser,5915
semestrální,5916
uložená,387
malé,251
tatínkem,444
molitan,5917
losování,5918
teplovodní,5919
vezmete,3130
kamerového,273
mikrovlnná,5920
nedovede,5921
srdci,4168
třinecký,5922
mycí,5923
svítilo,4627
veřejnou,481
pač,5924
schéma,5925
seriózní,5926
stanicích,2148
jenomže,5927
zemskou,4690
střechu,5928
lůžkový,5929
pohodě,5930
soupravě,3036
rozešle,5931
folklór,5932
naštěstí,5933
snadněji,5006
prodejně,5205
předpokládám,5934
eshop,5935
šikovně,5936
lov,5937
protection,5938
představte,5939
aktualizované,555
avokádo,5940
srdcem,4168
frekvenční,5941
terase,4975
hazardní,5942
žákovských,3223
lampa,1518
pětina,5943
ústavní,5944
klukem,638
budoucnosti,5945
přívodní,5946
zaregistrován,5947
počítá,3652
autonomního,3045
vědeckou,766
slušně,5948
vlezl,4205
instalována,76
nástup,5949
pomůckou,1026
některé,1260
hatchback,5950
obrazů,332
zezadu,5951
firmách,1419
vyžaduje,2926
propojí,2948
víc,5952
parapetu,4050
otrokem,5953
květinu,5629
projektování,5954
řepkový,5955
ozdobu,5956
ratan,5957
soustavně,5958
dát,4880
paneláku,5959
tlakoměry,5960
kupují,2634
kuchařku,5961
řezačka,5962
aplikován,5963
zapomněla,3610
neduhy,5964
diabetes,5965
promyšlený,5966
mandolína,5967
vyjměte,5968
strojírenský,5969
chráněnou,754
mellitus,5970
napadnou,848
outfit,5971
jinou,1047
poskytoval,5972
francouzský,5973
neúmyslně,5974
výzkumníků,1241
využije,5975
navrženým,373
záruku,3963
zapojte,5354
hotelovém,534
lasery,5976
ztracen,354
ukrýt,2260
dívá,5977
krabičkou,535
myslíte,2554
letět,5279
středisko,5978
kotoučové,5979
všechnu,830
nahrává,2700
začínajícího,5117
kontrolu,5980
úlohách,1025
zaměstnat,5981
učením,3453
šachovnice,5982
jedenkrát,5983
mostě,667
kit,5984
odpovědi,5985
kofein,5986
patogenní,5987
eventuelně,5988
rekonstruovat,5989
abecedy,5990
muziky,1903
přízemí,5991
nejoblíbenější,1024
prioritu,5839
montovat,5992
arbitra,5993
implicitní,5994
šanci,5995
kusem,2314
desetiletý,5996
složit,5605
opatrný,5997
víckrát,5998
daleký,5999
solid,6000
obyčejným,455
tramvaje,6001
topí,3988
pokojové,3061
pořadatel,6002
pokud,6003
nepřetržitě,6004
znova,6005
lezl,5190
přes,6006
prodavače,1574
hlasivky,6007
fasádu,6008
odebere,5857
kontaktuje,2658
cizímu,894
zrychlení,6009
registrován,2187
soudní,6010
opevněný,6011
neúplný,6012
rychlovarné,6013
mléčný,6014
ucelený,6015
brýlemi,1553
reálné,414
poslušný,6016
registrační,6017
slovu,3077
znát,5819
dioda,3880
tržby,6018
paláce,741
skin,6019
křesťan,6020
jazykovou,1584
tisícovky,2224
spoluhráčů,2162
helma,3519
sloní,6021
poklidný,6022
vysněnou,6023
proveden,2942
přizpůsobil,5036
smetanový,6024
zítřka,2472
nezletilého,6025
vyzkoušet,5508
štítem,180
pirátské,6026
jet,1629
nepřipadá,4027
kvalifikovaného,670
básník,6027
řešení,4457
roll,6028
protokolů,501
nechá,3101
klepnutí,6029
osobou,5862
rybář,6030
integritu,6031
referáty,3768
indický,6032
rudý,6033
odysea,6034
piloti,3115
závadné,5042
značný,6035
nosíte,5144
pahýl,6036
spokojeně,6037
ovčák,6038
špatně,6039
ekonomicky,6040
uloženou,387
připrav,4009
věcem,2506
kněz,6041
globální,6042
fotoaparátů,30
prarodičů,2920
dvakrát,6043
obtěžuje,6044
poplatcích,1033
nadšence,2509
konstruktér,6045
zapomněli,3610
obnoven,1378
stárnoucí,6046
producent,6047
dělený,6048
kmenový,6049
instalovány,76
držákem,6050
člověče,94
robotická,129
úvahu,6051
zaregistrovat,5947
tunelem,585
čtení,6052
zvoní,6053
sovětské,575
placení,6054
dráty,6055
monitoring,6056
čtvercový,6057
jez,6058
ţák,6059
předškolní,6060
digitalizace,6061
doslova,6062
nevhodným,1744
vizuální,6063
stvořit,6064
pořizují,3246
opraven,1271
jel,1629
exekuci,6065
broskve,6066
švihadlo,6067
myšlenku,5139
morčata,3766
schované,285
tátovi,358
vysílat,1917
zakoupeny,1011
uvěřit,6068
košem,369
nám,2931
stěně,3153
daně,6069
pořídila,2168
kterým,2595
poradní,6070
tepla,6071
zábava,1292
funkčností,6072
žárovky,3654
pověsit,6073
speciál,6074
kostky,3758
financovaný,6075
muškátový,6076
kolečko,4309
nespí,1459
dokumentační,6077
šroubováky,538
unixových,6078
odměnu,6079
krémový,6080
obyčejného,455
vysokoškoláků,6081
milujete,6082
elektrotechnice,880
předsedu,6083
zubní,6084
hrdinu,1351
krbovou,6085
spoléhat,5653
naučím,2922
poradí,5661
políčko,6086
rozloží,4452
poháněl,2995
paranoidní,6087
mužete,6088
rozbalit,5850
rychlosti,5446
úřadě,663
napíšete,4765
basketbalu,348
lékaři,1454
check,6089
zabudovaným,6090
zpravodajskou,1044
bug,6091
koleji,4583
řádně,6092
čerpací,6093
úspor,4373
hodit,4552
úrazem,1876
statistika,6094
svorka,6095
anténou,2153
mřížemi,4302
aktualizován,2062
souprava,3036
základce,6096
kartografie,6097
samospráva,5176
tenise,307
inženýři,1471
auditor,6098
pleny,6099
cestovatele,6100
filmem,874
putovní,6101
vláda,6102
půjde,1758
míčky,799
mapou,6103
anatomický,6104
ležérní,6105
zeměkouli,6106
dětského,132
použité,581
sladidlo,6107
kině,816
smíšený,6108
chodec,6109
rádiového,776
třikrát,6110
zahrajete,6111
zákonní,2091
jablečné,415
lano,6112
obraze,332
protější,6113
učil,2799
parket,6114
sektorů,6115
brzdný,6116
úloha,1025
protivníka,938
myslelo,2554
manikúru,6117
přepážce,6118
zkusil,6119
manipulovat,6120
ihned,6121
vojáka,1263
nahradit,4654
opěrku,6122
firmě,1419
obilniny,6123
krádeže,4060
grafů,807
optimální,6124
kabiny,6125
příteli,297
nebude,3143
hodí,4552
kreativní,6126
mobilita,6127
psí,6128
krásný,6129
sádlo,6130
zákazníkům,203
doménou,2684
ubrus,6131
postupovat,6132
psané,1306
redakci,6133
nevinně,6134
devatenáctkami,6135
hrozeb,1949
expertní,6136
platící,6137
spořit,6138
cílového,262
grafickými,158
flétnu,6139
nakrájené,6140
neztratit,4921
služebně,6141
stejnosměrné,800
skútry,6142
vysílá,1917
čidel,2078
přihrádek,4740
skanzen,6143
textů,1812
programovacího,959
opravdovou,328
rekvalifikační,6144
bezpečnou,425
křížek,6145
vesmírného,235
plastem,3514
literatura,1804
náboženský,6146
mýtné,6147
tanec,6148
zakoupila,1011
vodičů,774
aktiva,5262
silniční,6149
load,6150
modelovat,6151
systematický,6152
přiřadí,6153
vzpřímený,6154
přesto,6155
chvílí,5806
základem,1384
připojuji,6156
esej,6157
stěžovatele,2558
potažený,6158
zákaz,6159
vlastenec,6160
pachatelem,1421
redakce,6133
vyučovacího,1874
administrativy,6161
právy,4651
vybudován,6162
spínací,6163
dar,6164
brány,2892
hrabe,6165
nehodí,4552
spotřebovat,1547
adekvátně,6166
všichni,830
rohu,2898
rád,4559
neobvyklý,2118
menstruační,6167
pedagoga,6168
segmenty,6169
plenky,6170
vyzkouší,5508
řidiči,712
gen,6171
podvody,1186
odpověďmi,5985
account,6172
začínal,6173
bezhotovostní,6174
odhalen,6175
poslední,6176
svítit,4627
honem,6177
obyčejnou,455
zařízeních,636
suvenýry,6178
židlí,1548
kasárna,6179
soukromá,265
veterináře,2651
sanitky,6180
nějž,4435
motiv,6181
standardně,6182
ekonomii,3861
pojištěné,1562
geografii,6183
intelektuální,6184
bankovních,871
záslužný,6185
seděli,957
odešle,2360
léčebny,6186
snadný,6187
správci,494
odpruženou,6188
komunikačním,863
nepatrný,6189
chování,6190
obnovovat,4641
pouštět,6191
vydělat,6192
kšiltovka,3071
voze,108
krájení,6193
nějakého,468
navíc,6194
mimozemšťané,3757
usnout,4481
plastu,3514
selhává,6195
koleje,4583
nedávejte,6196
desátý,6197
dovnitř,6198
grafiků,6199
zaparkovat,6200
výkaznictví,6201
letounem,618
živnostníci,1188
přijdete,2877
obecný,6202
mazlíčky,6203
úředníci,1418
zdarma,6204
rozpoznává,6205
dárkový,6206
oponou,6207
vnější,6208
bulharsky,6209
instituce,6210
pneumatika,2443
stonek,6211
odstraněn,6212
obaly,381
odcizil,6213
tvořivost,6214
parku,1323
obléct,6215
maximálně,6216
slib,6217
zachází,5388
střílečky,6218
technologicky,6219
hřebíček,4338
servo,6220
sprinter,6221
investora,3138
diagnostické,533
osoba,5862
svou,325
sušičky,2611
musíte,4512
potřebovaly,1289
domem,112
přepětí,6222
předpokladem,1995
naposled,6223
infikovaných,6224
harmonický,6225
temný,6226
your,6227
kompilační,6228
provozovatele,3365
nutností,6229
poznamenat,6230
překážku,6231
nepoškozené,360
spinká,6232
spouští,4991
přidělit,6233
špagety,6234
jsem,3143
pořizuje,6235
připravená,433
koupelny,1014
balíčky,684
pojištěn,1562
sbírku,6236
tarifem,6237
uzamčení,6238
věc,2506
specializované,497
častěji,6239
používáme,660
odevzdá,6240
demokraté,6241
vydávající,6242
čím,3885
platformami,1053
příroda,4359
designu,1349
spolehlivé,302
mimořádný,6243
zpěv,6244
úvěry,277
ruštinu,6245
nemyslí,6246
zmrzlina,4086
živočich,6247
výdajích,2116
cloudů,6248
nahlížení,6249
tohle,675
stoprocentně,6250
představu,6251
tón,6252
sloupec,6253
sebevražedný,6254
světla,2962
pravoslavný,6255
výjezd,6256
zaručeně,6257
dlouho,6258
budován,6259
linka,4178
konverzační,6260
sněmovna,6261
stojánkem,6262
vhodnej,6263
nadává,6264
píši,3371
bezpečnému,425
generované,6265
archivovat,6266
plánek,6267
technickou,1404
uzený,6268
zároveň,6269
nativní,6270
nastavená,472
tudíž,6271
rameno,6272
nastrouháme,6273
posielal,6274
párkrát,6275
udělá,4567
připevnění,2251
mladší,1207
zvířecí,6276
klen,6277
ohrožen,6278
získané,2698
vzdálené,680
fiction,6279
vyrovnaný,6280
cigareta,2516
úmysl,5877
muslim,6281
cigaretu,2516
přídavné,656
skládá,4133
zdravotnické,1038
národy,1045
kluky,638
krůtí,6282
pravděpodobně,6283
ponorka,1843
poskytován,5972
nereaguje,6284
letiště,6285
obyčejné,455
prodán,6286
domén,6287
bota,3057
nesměl,6288
jednodenní,6289
čerpadlem,6290
klávesových,2977
výprask,6291
chybějící,6292
umyvadlo,6293
vyhazovat,6294
českoslovenští,604
blondýnky,6295
akcionář,6296
nerv,1546
překlad,6297
jindy,6298
hesly,529
správcovská,6299
přicházel,6300
významný,6301
trávicí,6302
audia,1694
čtete,3336
choroby,4058
jelen,6303
hned,6304
revolucionář,6305
sazbou,2411
nechodil,5880
kraslickontakt,6306
kontrolou,5980
prepsat,6307
proměňuje,6308
pin,6309
zubaře,2674
access,6310
reklamační,6311
ohřívá,6312
snad,6313
děláte,3644
platbou,4383
baterií,1779
grafici,6314
vymožeností,1622
geodézie,6315
zabalit,3320
reputaci,6316
poškozená,360
křídlo,6317
nepříteli,304
pohřeb,6318
sebral,2673
blázna,2832
lichý,6319
ochranka,6320
strávit,4630
vyhodí,3265
podmínky,6321
stáhne,5790
stihnu,6322
přídavným,656
elektromotory,811
příslušník,6323
kteréhokoliv,515
vodiče,6324
mamina,6325
přijímacího,3974
klášterní,6326
opalovací,6327
testováním,2620
vodičem,774
psychicky,6328
pohonnou,3559
účesy,6329
vybaveným,208
postižen,730
vykonávání,6330
podíval,5632
jde,1758
dcera,6331
architektur,1781
stylovou,350
úřadu,663
vypočítá,6332
literaturou,1804
vzdělávat,6333
tělem,2681
změřit,6334
dívat,5977
obětoval,6335
holub,6336
genetika,6337
pizzu,5895
opravil,1271
příznaky,2768
číselné,1138
dálkové,493
rámečkem,6338
přísný,6339
zátěží,3966
objekty,1116
chci,1899
přestrojení,6340
synovi,2422
naivně,6341
plazmové,6342
přivlastňovací,6343
zrodil,6344
pronajmutí,2243
prodejní,6345
multi,6346
protiletadlové,1725
pokládat,6347
horším,6348
tupý,6349
sakristii,6350
nádory,625
vynálezem,281
semeník,6351
fleece,6352
trend,6353
obráběcí,6354
námořnictvo,6355
součet,6356
havárii,6357
přehoz,6358
motocyklem,115
využití,6359
románský,6360
největší,1403
přeci,6361
fotbalistu,3512
doručí,2387
frekvencí,6362
objektivně,6363
drsný,6364
objednaného,1225
aukci,6365
psy,279
stáhnete,5790
malby,3850
přídomek,6366
zkoušel,6367
amatérky,6368
webů,6369
minut,4698
mod,6370
zahrát,6111
stravovat,6371
deníku,681
výpisem,3939
pronajímat,5458
výtečný,6372
bytost,6373
senior,6374
řízeným,303
špinavou,1121
síň,6375
jméno,6376
častokrát,6377
antény,2153
pojatý,6378
školním,394
levná,231
poroste,6379
mějte,1970
čistě,6380
maraton,6381
zapnutém,6382
sedícího,6383
často,6239
pamatujte,2951
takovýhle,6384
nedostačující,1936
inflace,6385
běžným,157
virové,6386
slabší,1180
šaty,6387
zablokovala,2699
bleskem,1607
myšleno,6388
kuchyňské,522
vlastni,825
vestavěného,191
tuzemskou,544
řízen,303
nevěřili,4378
volený,6389
obývá,6390
sousedem,828
trestán,6391
sériového,229
katastrofu,6392
vlastnictví,6393
jablkem,2248
hostitelem,3202
distribuovat,6394
síně,6375
aparátu,113
nesedí,957
účelu,3439
brzdu,6395
příští,6396
sama,1061
transportní,6397
socha,6398
věčně,6399
stíhat,6400
padá,3384
třídě,5290
obsahoval,6401
kupujeme,2634
individualitu,6402
ovládají,798
opravě,4108
zakáže,6403
vzduchotechnika,6404
nestihnu,6405
družstevního,2900
soukromou,265
produkční,6406
nejlehčí,1091
renomované,4106
volitelnou,3538
inženýry,1471
gynekologie,6407
účtovat,6408
kolegovi,868
osazen,6409
úlovek,6410
prodá,5566
obrubník,6411
taktiku,6412
pilotem,3115
opice,6413
důvod,6414
padouch,6415
radu,6416
chytrými,55
elektronickými,71
projektanta,5617
vstřikovací,6417
součástka,2068
donákupního,6418
předpokladů,1995
sítím,349
americké,454
nahrávka,1924
ředitele,4881
přicházející,6419
musí,4512
týdnu,1375
sále,658
smazané,6420
bránou,2892
třídí,4198
měděný,6421
čtenářů,954
integrity,6031
karikaturista,6422
čteček,466
nejrozsáhlejší,1569
srozumitelný,6423
pilulky,6424
zdravotnictví,6425
ukázalo,5755
rande,6426
rychlostí,5446
generace,6427
majitele,2255
odporný,6428
nejenom,6429
syntetický,6430
časopisem,477
peer,6431
fréza,6432
úrazu,1876
poslouchali,1208
kliku,6433
sušit,6434
hardcore,6435
dovoz,6436
uvážení,6437
kamerami,252
oštěp,6438
přehráváním,6439
nechodí,5880
nevyužívají,1963
opilosti,6440
intuici,6441
soustavou,4083
kopii,6442
koncipován,6443
generovat,5236
propojen,2948
docházel,6444
maligní,6445
frontě,6446
zapoměla,6447
ježek,6448
přestávky,4011
hlučínský,6449
odpovědně,6450
včela,6451
makroekonomie,6452
jiného,1047
krysa,5151
utěrkou,6453
vzadu,6454
myslí,1957
uspěje,6455
identity,3397
instantní,6456
strávíte,4630
okrasný,6457
exministr,6458
prostředků,547
rozdělujeme,6459
panelů,135
elán,6460
nevšimne,6461
zachránit,6462
plavec,6463
možná,6464
obětuje,6335
činnostem,4517
spořitelny,6465
laboratořích,2030
rizikové,1492
zpoždění,6466
vyhodnocovat,4823
komplexnější,6467
pulzní,6468
matný,6469
kamarádku,4031
vynaložené,6470
tajemník,6471
nejraději,3125
tower,6472
ptáci,2562
nákladné,966
změnil,6473
přenášejí,1734
pexeso,6474
seznámení,6475
hloupé,209
sítích,349
vyhodnocen,4823
proudem,942
nakupujete,2677
ostatní,6476
položit,6477
burzy,6478
včely,6451
zpočátku,6479
naměřené,6480
možné,3441
vyhlížející,6481
smoothie,6482
ale,6483
válečný,6484
psacích,70
spolužákem,613
malí,251
hormony,6485
market,6486
studentky,6487
zpřístupněn,3416
stravu,6488
dva,6489
nejvlivnější,1747
doslovný,6490
vnitřnosti,6491
teplo,6071
hladomor,6492
zpracovanný,6493
navěky,6494
nechtěně,6495
čase,339
překáží,6496
lahodný,6497
kradou,570
trestance,6498
remeslom,6499
přívoz,6500
lebku,6501
autobusu,143
armádu,6502
podlahy,3068
zapojení,513
železo,6503
měniče,419
potaz,6504
cloudovému,4328
přijímačky,58
lecitin,6505
prostředku,547
vývojáře,6506
komodu,6507
log,6508
potravinové,6509
důchodu,543
zlikvidovat,6510
kolébka,6511
němž,4435
zapisování,4596
vycvičit,4924
platebním,911
zaměstnancem,199
židličky,6512
revoluční,6513
plete,6514
mailu,1268
řidičské,690
toaletní,6515
lopatky,6516
zaútočí,6517
rychlejším,750
paničky,5842
vzorky,1309
vrstva,6518
tunelování,6519
tvůrčí,6520
dělal,3644
sluchátek,885
streamování,6521
pokožka,6522
kontingenční,6523
slogan,6524
moderně,6525
analytici,5397
podnikatelé,1795
prvočíslo,6526
možno,3441
měřiče,6527
čtvrtina,5844
běžícím,429
solidní,6528
vyhodnocuje,6529
třetina,6530
příkonu,6531
kabinetu,1173
stihnout,6532
střed,6533
funkce,2330
tlačítkem,2433
hrudní,6534
samostatné,853
kreslení,6535
vidlička,6536
ohřát,6537
kostce,3758
rozpoložení,6538
skládačky,6539
výstupy,1468
neukazuje,6540
sendviče,1517
vybrať,6541
odřený,6542
předpokládal,5934
zastavte,6543
nevědomě,6544
region,6545
spací,6546
derivace,6547
třídy,5290
hnětací,6548
chloupek,6549
pohotovosti,6550
původně,6551
rozsudek,6552
odejde,6553
bere,5455
vrch,6554
přepínat,6555
policejního,3576
širokoúhlé,6556
prohlásí,6557
synonyma,6558
letenka,2024
sestavou,1807
létajícího,6559
řádnou,937
udržovat,6560
přírodní,6561
reproduktoru,283
detekovat,4152
komfortem,6562
kódu,3128
dejme,4880
naj,6563
rozlišením,6564
továrního,5580
mladí,1207
vybíral,6565
panovník,6566
povolit,6567
odsávače,6568
varhanní,6569
slovníku,141
dopravil,3975
znalostí,1731
kurýrní,6570
prodejnu,5205
kapacitní,6571
umístí,5318
loterie,4186
výtvarné,2974
elektřinou,634
systémově,6572
slotů,6573
maršál,6574
affiliate,6575
mrazničky,6576
najde,5054
automatech,164
termostatu,6577
sázkové,6578
chytí,6579
nejprodávanějšíhood,6580
náčelník,6581
rámec,6582
učivo,6583
kamarádkou,4031
finanční,6584
naladit,6585
kontext,6586
nádherný,6587
spolupracovníka,1974
komunitní,6588
certifikované,6589
anglickou,3357
nástrojů,88
hodina,1838
klima,6590
sud,6591
využít,5975
nepřihlásil,6592
vydělal,6192
snímky,1015
zřeteli,6593
horník,6594
sedláka,4745
nalezen,3080
charakter,6595
cizími,894
blikačky,6596
riziky,6597
přechodový,6598
odpadkové,6599
příbuzný,6600
kabaret,6601
nalepit,6602
minutový,6603
čočky,4650
pětkrát,6604
prezidentem,1867
zaniklý,6605
obnovu,6606
povolen,3668
nudličky,6607
plocha,1346
tažné,6608
dotykem,2371
koutky,183
stojánku,6609
objedná,6610
pleť,6611
dezén,6612
postavičky,6613
školení,6614
fungovaly,507
moderního,1764
nevěřící,6615
platformě,1053
divil,6616
lupiči,3313
starost,6617
splachovací,6618
pilu,5104
déle,6258
chaty,2282
symbol,6619
psychologové,4256
tahal,6620
terapeuta,4136
akademickou,882
půjčování,6621
nemocná,561
lidská,652
blatník,6622
stavitelný,6623
bratra,1757
ještěr,6624
předávací,6625
pokročilým,443
zvládl,3055
beztak,6626
zadán,2605
odebrán,6627
protiraketové,6628
potrápit,6629
mřížku,6630
domově,274
sníst,4194
nenechá,3101
provozující,6631
hladové,1552
důl,6632
zaznamenání,6633
značkové,463
skladiště,6634
chladičů,6635
domů,112
ušlechtilý,6636
desatero,6637
pasažérů,6638
sebrala,2673
všecky,3721
ušetřit,6639
karet,548
šikany,4928
plakáty,603
využíván,1762
masku,6640
taky,6641
konzultanta,3447
fórum,6642
čtyřletý,6643
nákladům,1431
světa,198
vyvolaný,6644
opis,6645
reprezentaci,6646
čtyřikrát,6647
logiku,3734
zneužívat,5876
biologii,5616
obrácený,6648
dobrej,2760
sestřičku,5710
hracím,1952
hrozen,6649
inzulín,6650
nestojí,545
malování,6651
jakkoliv,5861
přesněji,6652
jednodušeji,1824
náhodného,1504
čajem,823
přepadení,6653
smůlu,6654
tenisu,307
odpisy,1303
napodobit,6655
obchodníka,1290
výjimečný,6656
ponechán,6657
statistickou,1961
nezapsaný,6658
tím,747
nejnavštěvovanější,6659
sdíleny,6660
příručkou,2106
skvělej,6661
volba,4873
inzertní,6662
odběr,5097
pracují,1938
matka,6663
detektivky,6664
proškolení,6665
činitel,6666
dok,6667
vlastního,1055
syndrom,6668
postýlek,1366
obviněný,6669
odkazy,4159
ovládané,220
tvořivosti,6214
dobíjecí,6670
rozložené,1058
rotační,6671
papírech,161
kožešiny,6672
položky,3849
zrakové,6673
opravdového,328
nestačil,3347
pozoun,6674
kliknout,6675
datového,200
neudělám,4567
scénářů,1381
nabití,6676
uložit,3542
zástrčky,6677
košíček,6678
rámečku,586
fitka,6679
rychlovarná,6013
mami,1834
poctivě,6680
stáhněte,5790
zlínský,6681
začátečníci,1483
agenti,1198
ekosystému,398
vašemu,50
chov,6682
laboratorního,1890
estetický,6683
pozemní,6684
kuchaře,3945
pily,5104
vizitka,4245
zranitelnosti,6685
hradní,6686
leteckou,3456
smysly,4371
osvojí,6687
řval,6688
kvartálu,2107
žalobě,6689
podnikatelů,1795
silnější,1864
předpokládaný,6690
porno,6691
potají,6692
dáte,4880
zájemců,3251
chybové,6693
úkolu,857
vzpomenu,4505
zefektivníte,6694
violu,6695
stěny,3153
spolujezdce,4096
nemusíte,4512
cestou,2583
mrňouska,6696
regulérní,6697
škodlivého,247
vařiče,222
vlákno,6698
dolet,6699
podrobný,6700
učitelku,6701
mapy,6103
večeři,6702
nahradí,4654
zjistilo,4935
čepici,6703
poslouží,4514
výtvarníka,5677
náhodné,1504
procesům,992
dívka,6704
sochu,6398
centr,6705
dal,4880
zatížen,6706
očividně,6707
statická,1636
nukleární,6708
praktičtější,869
repozitáře,6709
individuální,6710
křížovky,6711
sklepa,1650
sebe,4228
administrativa,6161
spotřebě,792
přece,6712
mrazničkou,6576
synovec,6713
potenciálního,4351
zápasy,2002
seděla,957
požadovanou,668
mango,6714
kouření,6715
doručovací,6716
vzniklý,6717
diktátora,2793
mikina,2350
materiální,6718
umřít,3204
nezbytně,6719
pohodlí,6720
právníci,1700
vánoce,3216
proslov,6721
neoprávněné,1662
garsonce,6722
mrakodrapu,2593
ingredience,6723
fronta,6446
donesl,6724
hlásí,6725
levnou,231
pohledný,6726
levným,231
kousky,5512
vědci,590
opravdové,328
bratrovi,1757
platit,5235
nenechte,6727
hostinec,6728
aktivizační,6729
expres,6730
prádlem,758
úlohou,1025
jedná,6731
musím,4512
jasný,6732
komunikačních,863
pekárna,2431
turistiku,6733
nevěděl,3324
vnoučata,6734
prvky,1597
bruslích,3382
ikonky,6735
lepenka,6736
přepínání,6737
francouzštinu,6738
téměř,6739
drobky,6740
dědičný,6741
syrovátkový,6742
hospodyně,6743
pravomocný,6744
nevyžaduje,2926
uživatelích,6745
vyžadoval,2926
chybě,4235
industriální,6746
testovacího,6747
zrychluje,6748
čtenářské,532
chytrou,55
klasickou,353
obrázkem,1244
výdaji,2116
gymplu,6749
používejte,660
ladem,6750
magazíny,6751
příplatek,6752
naučila,2922
samovolně,6753
vývojovou,1340
odložil,3029
zastupující,6754
přestavěn,1782
zbývající,6755
odborníků,824
láhev,6756
dotykového,95
dokonale,6757
komunikačními,863
armáda,6502
vyšetřovatele,2276
klame,6758
bezplatným,1514
rizikem,6597
vnitřní,6759
knižní,6760
centrály,706
implementovány,3306
hormonální,6761
parking,6762
hostujícího,5061
sledováním,4222
navštívené,6763
bič,6764
činný,6765
ilegální,6766
noty,6767
činitele,6666
přínos,6768
kreditních,1897
dolarech,683
italsky,6769
instalují,436
fotografa,5789
ekolog,6770
než,6771
jevil,6772
stožár,6773
orel,6774
formátování,6775
kouř,6776
vjem,6777
informačně,6778
hrách,616
polici,6779
příčný,6780
soustavy,4083
kotelna,4790
osmiletý,6781
zdravé,1122
důlní,6782
výživy,5878
kupé,6783
seniory,6374
důležité,2842
čtyři,6784
podkožní,6785
pošle,6786
pokaždý,6787
přátelům,297
nutnosti,6229
nedají,4880
srdečního,4694
frontu,6446
dospělé,1068
žehlení,6788
rychlejšího,750
nejednou,6789
dálnici,6790
krátko,6791
váhy,4599
zdravému,1122
ochranky,6320
nemilosrdně,6792
verzí,4848
čistírna,6793
svítí,4627
cigaret,2516
zločince,2149
satelitu,228
magnetická,453
zničí,2117
vzpomenete,4505
názoru,2231
zkušení,2290
přinutit,6794
znenadání,6795
čelní,6796
střeva,2534
hlásil,6725
přestanu,1782
indukční,6797
příkazů,372
průmyslovou,500
lampičky,6798
tisíc,6799
nemoc,6800
odevzdat,6801
průběhový,6802
vybírám,6803
nadobro,6804
knížecí,6805
policistům,724
aktivně,6806
moderátoři,6807
letí,5279
pískovcový,6808
cenné,1169
moto,6809
čtvrt,6810
zombie,6811
přihlásil,1982
myokardu,6812
komínový,6813
bojovníka,4125
věšáky,580
přísun,6814
make,6815
dokonalejší,1681
plachta,6816
inženýra,1471
makat,6817
pravidelně,6818
transplantaci,6819
pravděpodobnost,6820
kanálem,666
rozjel,4394
rozměrově,6821
nemohu,2281
vysněné,6822
skočit,6823
spravedlnosti,6824
odvoz,6825
pracovními,2643
přidělen,4973
expresní,6826
milovanou,355
tvoji,726
spuštěny,1135
lehko,6827
hnízdo,6828
vodotěsný,6829
cítil,6830
střední,6831
něho,1664
pustíte,4577
dámskou,4305
receptor,6832
deštníky,549
opravte,1271
bankrotu,1204
motivační,6833
astronomie,6834
jednoduché,361
uměli,2082
plicní,6835
stopu,6836
nedovolí,4409
dlužníka,1806
nádoba,5724
chvíli,5806
nálepka,5131
konstruktivní,6837
nač,6838
stěhoval,6839
neurologii,4443
příslušenství,6840
obnovitelné,6841
těsto,6842
přispěvatel,6843
hodinek,984
rozhled,6844
rozcestník,6845
společníkem,718
nežli,6846
šikaně,4928
finský,6847
vysílán,6848
ochran,6849
cihla,6850
kódem,3128
zjevně,6851
nereagoval,6852
pokusu,2607
výhodně,6853
nepotřebných,6854
vliv,6855
statistiku,6094
set,6856
požírá,6857
ideálně,6858
informačního,1023
dřevěnou,464
slepý,6859
nedostane,4679
návštěvníci,1187
lusk,6860
diamant,6861
posvátný,6862
odesílatele,6863
financích,1065
vytvořím,5854
svěřence,6864
mne,2931
sekundách,3319
vizuálně,6865
nonstop,6866
poznatky,4729
nevědomky,6867
obsahující,6868
pojistník,6869
byť,6870
manažerům,1728
sovětští,575
nosit,5144
poruchou,4046
ponechat,6657
disponovat,6871
výkonnostní,2464
zapomeňte,3610
elektřině,634
chlazené,6872
rybářské,1872
matematice,920
strojovny,6873
interier,6874
nerad,4559
tuto,789
prso,6875
muzikanty,2084
hokejisty,4483
hadříkem,6876
mělký,6877
fusak,6878
textová,127
volantu,371
zlom,6879
zdravější,1122
začal,5079
elektroinstalační,6880
hovorů,1339
optickým,1230
poradny,6881
pozadí,6882
připojují,5214
ikon,1175
motorového,564
cappuccino,6883
nesvítí,4627
obrázku,1244
logiky,3734
lineárně,6884
hrnky,498
optiku,6885
chytit,6579
encyklopedií,2839
zříceninu,6886
dodával,6887
titulek,6888
jednotlivé,589
citlivým,632
návrat,6889
vzdělaní,3217
peřiny,5681
výmaz,6890
tehdejší,6891
prodávala,3122
efektivitu,6892
kosmonautiku,3531
tušení,6893
přestává,6894
reálie,6895
plotýnky,6896
zasedací,6897
zaplatí,4010
pozinkovaný,6898
baví,6899
kameramana,5700
pitomost,6900
převodovku,4665
garáže,2578
věřilo,4378
jističe,6901
geografie,6902
vyměňte,4191
zaměstnancích,199
jádru,2535
držáku,6903
americkou,454
rozpoznávat,5013
graficky,6904
pořádně,6905
zapsaný,6906
nedostatek,6907
jedlý,6908
pravděpodobné,6909
stránkám,3749
málem,6910
kecy,6911
dodáván,6912
nápadů,817
oblečením,6913
zkontrolovali,2249
volbou,4873
chodit,5880
autorizovanou,6914
školské,3252
řídím,1435
hospody,6915
nejlepšího,4916
manuálního,3312
poslechu,1095
úrodu,6916
tyto,789
nabízel,6917
kariéra,6918
starým,146
provozoval,3881
kempování,6919
spisovného,4861
mnohé,3813
jídlu,2038
nálepky,5131
dneška,4724
another,6920
pozoruhodný,6921
zadáváte,6922
zaměstnán,5886
musel,4512
položen,723
proudovým,539
hoří,6923
autorizace,6924
generaci,6427
zůstane,6925
diesel,6926
nestará,146
dopolední,6927
každé,623
zápal,6928
metal,6929
hrádku,5359
milostný,6930
naladění,6931
moudře,6932
výslechu,1551
král,6933
tištěná,939
tkáně,5255
zmocní,6934
věneček,6935
vyřešit,6936
trička,2302
údajně,6937
brzda,6395
zhasne,6938
určen,1470
nich,1664
ţáci,6939
mrtvice,6940
tematické,1613
společníka,718
kondici,6941
stopou,6836
učebnicí,1819
hranol,6942
záchranáře,4403
přechodu,1541
nejkvalitnější,2200
autoservisu,2198
čekající,6943
dodávající,6944
tanku,804
službám,1450
plamen,6945
nápojové,6946
vzkazy,3333
letý,6947
mýtného,6948
nejčastěji,6239
imperiální,6949
někdejší,6950
vteřin,3088
odstaven,6951
used,6952
provést,6953
sestra,6954
zastaven,6955
děj,6956
porost,6379
fantazii,6957
písmen,4919
realitou,4786
úřední,6958
diagnostická,533
otrok,5953
inspektoři,3741
drát,6055
pokutový,6959
zemřelého,6960
uvítací,6961
lékařskou,1113
hlasitost,6962
škol,1328
potřebného,1021
skúste,6963
jednostranný,6964
fontů,6965
prostory,729
šlape,6966
obědem,375
home,6967
místní,6968
přivézt,6969
vybrané,524
hotové,402
zboží,6970
průjezd,6971
klasik,6972
čtením,6052
využívám,6973
doktora,2541
zůstat,6925
ošetřující,6974
švagra,1726
infračerveným,1481
předpokládalo,5934
hlava,3754
informačním,1023
elektromateriál,6975
tržní,6976
rtěnku,6977
oddíly,1522
dostihy,6978
pojistka,6979
naučný,6980
sousedící,6981
telekomunikacích,2580
těle,2681
editaci,6982
použil,4453
dlouhohrající,6983
tabulku,6984
casu,6985
soupeři,1596
rasismus,6986
filmové,818
věda,5873
poliček,3507
přednášku,6987
lištu,6988
finalista,6989
břeh,6990
běhal,5358
nejrůznější,6991
svědka,6992
návodu,1800
logickou,1803
plochy,1346
přizpůsobíte,5036
stíhán,6993
kras,6994
stanovišti,6995
adresáři,166
hostitelé,3202
kapr,6996
využívá,1963
hák,6997
příkazu,372
vyučováním,6998
velmistr,6999
klokan,7000
připnout,7001
vládní,7002
otevře,2616
podvodné,7003
zadaných,1037
centrum,7004
doplňkem,1134
odpočet,7005
segmentu,1310
strojkem,7006
volnou,2088
zdravě,4782
zdálo,4172
tvora,993
výpočtu,1943
zločinci,2149
vyrobí,3858
učí,2799
zásadě,7007
deku,7008
stolky,255
odhalí,7009
zvědavý,7010
přizpůsobené,2128
parametry,4595
ekonoma,4095
pokeru,761
doposud,7011
přestože,7012
zprostředkovatel,7013
zavlažování,7014
vypravěč,7015
interiérem,676
projekty,41
standartní,7016
centimetr,7017
dědy,1261
krmivo,7018
přebalovací,7019
podlaze,3068
nenapadne,848
kolegy,868
izolát,7020
pomyšlení,7021
zdrojů,512
hermelín,7022
kartičky,7023
nejmilejší,5070
vydržel,4870
životní,7024
samostudium,7025
ohřívače,7026
pudink,7027
neurčito,7028
jakej,7029
mladšího,1207
přesuňte,7030
výukových,7031
hubnutí,7032
děsný,7033
používanou,1019
věděly,3324
duševně,7034
neměli,1970
prstíky,7035
přestávek,4011
zůstal,6925
archivaci,7036
máme,1970
hřiště,7037
hrátky,7038
námi,7039
devětkrát,7040
žetony,7041
zahradníkuchyňský,7042
nerozumím,3302
med,7043
návštěvě,5365
pochádzajúci,7044
palcové,542
aktualizuje,2062
zvířetem,2992
dodavatelské,5758
ikdyž,7045
konzumovat,3602
donést,6724
nahrávkami,1924
mraznička,6576
děsivý,7046
vyzvedne,7047
ochranu,6849
krby,312
odpovědní,5253
takovém,502
katalyzátor,7048
státního,4018
rozvržení,7049
nezobrazí,7050
vitamin,7051
recyklační,7052
ruské,899
poradnu,6881
rozmyslet,7053
učenec,7054
zálohy,484
takřka,7055
časopisu,477
plechovky,7056
žadatele,3904
problémem,1196
testery,7057
vodárna,7058
leváky,7059
nahrála,2458
líní,206
mužem,261
poho,7060
někteří,1260
civilní,7061
aktivace,7062
spravedlivě,7063
koncern,7064
mého,232
cukrovka,4369
zadáním,7065
zoomem,7066
pouzdře,3411
prostornou,2127
plánem,673
majetkem,144
papírového,263
trénování,7067
podnájem,7068
zůstatek,7069
gama,7070
control,7071
dobití,7072
náchylnější,5252
rakouský,7073
track,7074
načas,7075
fotbalové,1453
nosičem,554
požádání,7076
odchod,7077
čárky,7078
ukládá,3385
dělostřelectvo,7079
metodu,7080
jader,2535
úchvatný,7081
dívám,5977
technologiích,2665
fyzických,116
kavárna,3546
králův,7082
soutěžení,7083
stařec,7084
ekologicky,7085
úrazy,1876
zadávání,7086
zařízené,2456
katastr,7087
grafická,158
nákresy,7088
spravedlnost,6824
přebytečné,1245
didaktika,7089
vydán,2526
sraz,7090
dostanu,4679
nedávný,3643
plavidla,5158
nejnáročnějšího,742
extrémy,7091
sáně,7092
polovinu,7093
grant,7094
víceúčelové,1034
hrot,7095
školního,394
kontrolovaného,3854
systémových,84
ticho,7096
lokálně,7097
prádelny,7098
doručit,2387
vybaveno,208
unést,7099
financemi,1065
dovednostech,2809
nátlak,7100
bouřlivý,7101
kladené,7102
vytvořte,5854
malého,251
prázdného,511
nerušeně,7103
průměrného,410
prsa,7104
vyzvání,7105
pojmenovaný,7106
sny,2364
konzultační,7107
potvory,2007
pomoc,7108
sáhne,7109
kapsou,1440
ročníkový,7110
kabelka,1821
stůj,545
pověřený,7111
větrání,7112
náhle,7113
realitě,4786
users,7114
protestantský,7115
kým,2413
nikomu,2273
skandinávský,7116
vypalování,7117
neznáte,5819
pluginy,7118
ktorý,7119
pojede,1629
přestalo,1782
blikání,7120
propojená,1057
dílo,7121
stahovat,7122
skupinu,7123
alarmy,7124
chůva,7125
zpravodaj,7126
lidově,7127
utíká,5572
nepamatuje,2951
slona,3615
rozhodně,7128
naučná,7129
přistupuje,3656
inzeráty,4516
zvukového,330
užití,7130
pasažéry,6638
čtvrtletník,7131
kouří,3863
antisemitismus,7132
půl,7133
nemyslím,7134
regulátoru,759
nájezd,7135
štípací,7136
vajíčka,1966
kmitočty,4322
kapsičkou,7137
blbce,1383
viceprezidenta,7138
pamětníci,7139
vejde,5126
pracovaly,1938
strouhání,7140
hříčky,7141
sádrokartony,7142
rozlišení,6564
hororový,7143
složkami,1879
složitosti,7144
operovat,7145
patch,7146
nesprávného,1032
grafu,807
tribunál,7147
chytře,7148
ciziny,7149
studentská,7150
plošina,7151
rozkládací,7152
morálku,7153
relevantní,7154
user,7155
špičkové,397
žloutek,7156
zhotovitel,7157
reflektory,1715
externího,864
obydlí,7158
libovolná,290
přetížení,7159
insolvence,7160
vektory,441
malovat,7161
podložka,2292
nastavuje,7162
technolog,7163
vynaložit,7164
prvn,7165
doučování,7166
matrix,7167
fyzického,116
řemeslníka,1407
dotčený,7168
studující,7169
mlátit,7170
kibuc,7171
přímo,7172
přehrál,7173
fungujícího,1415
herních,364
akademické,882
gynekologa,7174
dohledu,4441
sadou,5130
akumulátorů,139
mikrovlnné,7175
deky,7008
lupiče,3313
rozložení,7176
plochá,1066
nyní,7177
měny,2561
přístupových,60
orgánu,1056
letadlová,5726
kuřata,4119
akumulátorové,7178
vlastním,1055
krucifix,7179
používaná,1019
nemel,7180
tenkou,442
odkládání,5743
stojany,160
kontroly,5980
užitkovou,7181
tímto,789
náhrobní,7182
jezuita,7183
ničeho,2388
technické,1404
číslice,7184
prodávané,6580
preventivní,7185
multifunkčním,1608
jednoduchost,7186
pozemské,854
help,7187
favorit,7188
zahrádky,4310
rozuměl,3302
baráku,276
městskou,909
sousedů,828
volební,7189
boudy,7190
líné,206
využitelné,1588
mrkve,3821
škálujte,7191
zdatní,1866
zavolat,5237
nabídkydle,7192
reporting,7193
ložního,7194
dotazy,4836
věřil,4378
angličtiny,1798
oltářní,7195
zápalky,7196
marketingové,1740
pralesa,2967
zelenina,3814
nastrouhanou,7197
hrál,2771
zakázce,5511
čekárny,4165
cizím,894
dvojnásobek,7198
sloh,7199
blikat,3350
úměrný,7200
vitamín,5841
napojením,1252
citlivou,632
různý,6991
nadváhu,7201
snímání,7202
integrovat,3868
prodávalo,3122
konstrukci,7203
kandidáti,902
saunu,7204
handsfree,7205
mailového,7206
opustit,7207
přesčas,7208
redakčním,5203
tenistka,5583
zadní,7209
opravou,4108
úpadek,7210
testujeme,3254
své,325
takovouto,764
úspoře,4373
triku,3676
vědcům,590
výdej,7211
vzducholoď,7212
ukazující,7213
vektorů,441
číslic,7184
důstojnost,7214
komplexní,6467
výkonná,80
nepřijde,2877
spadl,4911
přihodí,7215
spořitelně,6465
úhony,7216
ekzém,7217
napoprvé,7218
dobrat,7219
svetru,289
běžnému,157
zapomenuté,994
těleso,7220
průnik,7221
úrok,7222
holandský,7223
začnete,5079
zavřel,4463
křemen,7224
vyhozené,7225
žánr,7226
skútru,7227
keř,7228
pořádné,722
mámě,1834
mým,232
prověrky,7229
vyšetřovatelů,2276
sad,7230
náročného,742
vyhraje,4705
vhodným,1744
varování,7231
mořeplavec,7232
neznámým,1356
nestihne,7233
status,7234
uspokojit,7235
gelový,7236
řemeslníci,1407
impaktní,7237
rázem,4877
certifikací,7238
vyzkoušeno,5508
seniora,7239
přednost,7240
stíhač,7241
námořníci,4288
neposkytne,7242
načase,7243
každodenním,2075
procházku,7244
prohřešky,2496
přítelkyní,3162
fyzikálně,7245
parfémy,331
pravil,7246
odhlášení,3334
vývojářů,7247
malířem,3521
šroubky,7248
záda,7249
přiřazen,6153
zobrazí,7250
ani,7251
maminky,2203
izoluje,7252
idnes,7253
přepínačem,7254
pravdivý,7255
duplicitní,7256
palubních,130
návěstidla,7257
také,7258
lenošení,7259
veden,3773
sponky,7260
živočicha,6247
není,3143
budit,7261
živočichové,6247
polstrovaná,7262
vyčkat,7263
význam,7264
investici,5444
získá,7265
rámem,7266
průměrným,410
masiv,7267
sáhnout,7109
pohádka,4761
nedaleký,7268
organizován,7269
oprávněn,1662
jezdecký,7270
kuchařky,5961
válka,7271
obejít,7272
zpracování,7273
nepřátelé,304
vánek,7274
konvoj,7275
učila,2799
zjevný,7276
béžový,7277
žlutý,7278
pravopisné,7279
krajinný,7280
dovednost,2809
ozdobit,7281
kniha,2194
důležitého,2842
uživatelském,176
císařský,7282
nápis,7283
kamer,252
rocku,5026
linky,4178
uvaří,3418
žalovat,7284
trojúhelníkový,7285
interiérové,7286
nepomohl,5647
nahrubo,7287
rozdělí,5275
anděl,7288
prací,598
napůl,7289
pokrájenou,7290
uspořit,6138
jehličkové,7291
always,7292
archivy,3494
čínsky,7293
vypnuta,275
obyčejně,7294
fotbaloví,1453
realitní,7295
naslouchá,7296
stíněný,7297
transformátoru,725
obsazen,4466
tvrzením,7298
znovu,7299
brána,5455
naivní,7300
orgánem,1056
oficiální,7301
očím,4044
přeskočit,7302
zamčení,3177
předčasný,7303
programovou,559
korunku,7304
fotografie,4961
diskutující,7305
pekáče,7306
abychom,4550
jednající,7307
zákony,3714
zrcadlení,7308
nakupujících,2677
milovníka,7309
lázeňský,7310
myšlence,5139
chovala,1078
ohňostroj,7311
space,7312
pouzdrem,3411
kompresní,460
fyzickým,116
turbíny,4397
zdokonalit,7313
alarmu,7314
slunný,7315
lebo,7316
užitečné,1343
zatykač,7317
videoklipy,3043
zpátky,7318
rozhodnete,7319
kamny,2283
videl,7320
hořáku,7321
zdá,4172
dealer,7322
spodek,7323
režimem,249
rošt,7324
kužel,7325
poznávací,7326
chirurga,5425
profesionálního,1716
řešíte,7327
ruchem,7328
babi,7329
statistiky,6094
pravosměrný,7330
reklamách,3802
dohromady,7331
zpravodajského,1044
mazat,4974
schopno,915
ignorovat,7332
funkcí,2330
přenesen,4853
španělský,7333
berete,5455
bolestivý,7334
hodláte,7335
dívčí,7336
nechám,3101
vozidel,682
stavu,3573
dozor,5212
nevyužité,4635
nezbytnosti,5538
nezačne,5079
přístupová,60
zájezdy,1922
kancléřem,1985
chystal,7337
helmy,3519
katalogy,3587
provizorní,7338
vzdáleného,680
kostelní,7339
vozem,108
lékárny,2143
třetiny,6530
reformátor,7340
fotí,7341
konvicí,3032
hlásím,6725
plazmatu,3792
hostiteli,3202
účelům,3439
odnést,7342
maximalizovat,7343
postřik,7344
vyklidit,7345
srdíčko,4168
hebrejský,7346
zakoupení,7347
přestali,1782
nejprodávanější,6580
houpačky,7348
invazivní,7349
zdarmabez,7350
zoufalý,7351
zrcátka,7352
stává,3832
latenci,7353
plynulý,7354
koordinátor,7355
doživotí,7356
pestrý,7357
chytne,7358
předchůdce,7359
studentům,593
planina,7360
zrcadla,687
lock,7361
dlužníky,1806
vyhrávat,4705
zapomenutí,7362
připojil,852
potažmo,7363
výstřel,7364
chtěli,1899
bankám,1123
dinosaura,7365
sílu,7366
drůbež,4206
rušit,7367
vstupenek,3959
sibiřský,7368
velitel,7369
testují,3254
nastupující,7370
studentka,6487
stroužky,2394
pokojích,123
prohlásit,6557
cukroví,7371
bezpečnostními,3303
racionální,7372
pozůstalost,7373
vhled,7374
základů,1384
senioři,7375
brzdy,6395
bezdětný,7376
školky,5788
editorem,7377
obrátky,7378
přídavná,656
odstranit,7379
maturitní,7380
dárečky,7381
sarkazmus,7382
bavit,6899
dálnicích,6790
hora,4963
bratrem,1757
jehlu,7383
výchozím,5077
odvolací,7384
vodovodu,671
lis,7385
dialogové,7386
neuměli,2082
kašna,7387
hokejové,1052
ženskou,7388
úklidu,2629
hřbet,7389
zbrojní,7390
registruje,7391
pokusů,2607
verš,7392
rodičům,489
sestřelit,7393
nule,5366
nedělat,3644
portugalský,7394
poznání,5887
utratit,4672
minulý,7395
tchýně,7396
kalibrace,7397
učitelka,6701
dospěl,7398
rada,6416
vizitkou,4245
nosičích,554
vrátnice,7399
kouty,562
něžný,7400
lokomotivou,3047
splátkový,7401
jachty,7402
úsečky,7403
ozubený,7404
osobně,7405
přednášející,7406
osobnosti,4856
hromadně,7407
hypotéka,4201
přede,7408
tenkým,442
nešlo,1758
soutěže,7409
abeceda,5990
nejlidnatější,7410
československé,604
jako,7411
energetiku,7412
nahrávkou,1924
otazník,7413
interval,7414
revoluce,7415
napodobil,6655
nacházel,7416
dovezl,7417
šňůru,5858
povlak,7418
zahraničí,7419
startéru,1572
komfortnější,7420
zvídavé,7421
pátku,7422
překlepy,7423
biologické,1125
věříte,4378
zpravodajské,1044
zdrojového,184
anonym,7424
fialový,7425
umírajícího,5828
přeplňovaný,7426
vibrátorem,7427
národa,1045
staticky,7428
napevno,7429
soutěž,7409
kravaty,7430
kladný,7431
kartám,548
svítidla,7432
léčbu,7433
horolezec,3826
zasažen,7434
zareagovat,7435
přírodovědné,7436
abecedu,5990
prodyšný,7437
slotem,7438
maže,3801
nejbohatší,4232
kanceláří,416
rozměr,7439
tankování,7440
zbytek,7441
oknech,577
palec,7442
rezervujete,7443
hard,7444
střecha,5928
zavraždit,7445
vyhodila,3265
rizikům,6597
kanálů,666
dvoje,7446
tréninkového,430
okamžicích,827
proudové,7447
retro,7448
náčiní,7449
neziskovou,884
požadujete,5168
díval,5977
neuvidí,7450
používali,660
uměla,2082
žvýkačky,7451
úchytem,7452
výzkumné,1318
komunistickou,1326
podpisy,4120
připraveni,433
trámy,7453
vidlicí,7454
ohled,7455
klidu,3769
soustředí,5198
kluziště,7456
civilizaci,7457
dorazil,7458
agentů,1198
hygieně,7459
nedělá,3644
známka,2479
nezávisle,7460
odlitek,7461
nastavenou,472
hodin,1838
napíšeme,4765
černobílou,1406
pošlu,6786
přehodit,7462
obtěžovat,6044
vodní,7463
počítejte,3652
manželce,4389
počet,7464
hmotu,7465
regionální,7466
výchovu,7467
učitelky,6701
ideály,2822
zaměřené,2103
mikrofonů,138
zastaví,6543
farář,7468
aby,4550
uvědomí,3876
hodnotu,7469
výrobní,7470
odstraní,7379
pořiďte,7471
nenechám,6727
zjistěte,4935
nepravděpodobné,6909
učiteli,467
vydrží,4870
trenéra,2135
sprosté,1463
napodobuje,7472
permanentní,7473
lavičky,2780
sdělovací,7474
zavolá,5237
polynom,7475
odevzdal,6801
škůdců,7476
pokryje,2776
telefonie,12
řidítka,7477
logikou,3734
popřípadě,7478
oprava,4108
pravděpodobností,6820
obešel,7272
pohánějící,2995
pořizování,7479
rodiny,3779
odpalovací,7480
nákazy,7481
neznámého,1356
kandidáta,902
mailů,7482
tools,7483
autorskou,1084
federativní,7484
vlastníci,1515
radiostanice,7485
místností,1203
shromážděné,7486
led,7487
kuchařka,5961
neformálně,7488
sopka,7489
operátory,710
platím,5235
moci,7490
sdílí,6660
příjmové,7491
odletu,7492
nadnárodní,7493
implicitně,7494
nazbyt,7495
zdrojem,512
všeho,830
klasické,353
oblíbenější,1024
obvodové,7496
publikum,7497
pobočku,7498
agentura,5046
drahým,185
falešnou,947
rozlišovač,7499
poslouchejte,1208
odložené,1616
konvent,7500
částečný,7501
telefonicky,7502
emailové,7503
nejaky,7504
sály,658
opatřený,7505
důstojníci,1096
drogám,4156
energeticky,7506
sanitka,7507
adaptérů,391
hasičskou,1993
župan,7508
systems,7509
integrované,187
tajné,1443
lékařské,1113
nehraje,2771
vyhodnocení,7510
domečku,473
staré,146
měřit,5594
umělé,1040
vyhodnotil,4823
samy,1061
informačními,1023
unese,7099
kosmonautů,836
přibližný,7511
jevit,6772
odlet,7492
potom,7512
diskuzní,7513
duplex,7514
kojící,7515
amatéři,4601
detektorem,631
pozdě,7516
koaxiální,7517
maluje,7161
disponibilní,7518
úřady,663
neslyší,7519
neskutečný,395
záměrně,7520
výukou,1377
nekuřácký,7521
soukromě,7522
spíš,7523
překrásný,7524
šlo,1758
misku,7525
přispěvatelů,6843
uslyší,7526
ochrany,6849
databázových,104
řeknu,4155
nákyp,7527
budova,784
zbytečnosti,7528
neexistuje,1900
motivován,7529
obsluhují,1029
písničkář,7530
slovensky,7531
páč,7532
pakliže,7533
rocková,2328
geniálního,4099
odezva,4894
živou,745
dodavatele,3180
nebaví,6899
předpokladům,1995
nezlob,1535
školními,394
stavím,5382
uchránit,7534
hlídacího,7535
přestávkách,4011
pojmem,1823
ještě,7536
dýchací,7537
průvan,7538
dovedností,2809
optimalizuje,3704
intuice,7539
kondomy,2515
přesun,7540
šarm,7541
zaměstnancům,199
psem,279
prvý,3981
lidí,94
tréninku,607
vytáhnu,7542
multifunkčního,1608
poplachu,7543
zabírat,2934
probudila,3106
studny,7544
zeměkoule,6106
ukazovat,4572
portfolia,4300
hierarchicky,7545
vězení,7546
návrháře,7547
chodem,510
dodatek,7548
komunikace,4625
výstaviště,7549
gymnaziální,7550
sametový,7551
nynější,7552
vytvoříte,5854
modus,7553
užívající,7554
trávit,2018
javoru,2529
trika,3676
prádelna,7098
skutek,7555
rostl,4054
spočítá,3985
prodané,6286
vrtulníky,642
lenost,7556
hlučnosti,7557
odpovídající,7558
elektronických,71
artefakty,3014
připevnit,2251
praktického,869
průmyslové,500
nehodu,7559
eliptické,7560
místě,7561
skořápky,7562
hotovostí,2399
poukazy,3386
popelnice,7563
autorizovaným,878
ozdobný,7564
vaječníků,3285
naftu,7565
přespat,7566
svoz,7567
racionálně,7568
kdybychom,5321
levného,231
vydělané,7569
tramvaji,6001
mezitím,7570
myšlenka,5139
podnikat,7571
připraví,4009
otázku,7572
splátky,7573
využívané,1762
milence,7574
carevna,7575
koncertní,7576
experimentům,551
prolomit,7577
minimalizovat,7578
síni,6375
kouzlem,7579
dárce,7580
najdu,5054
kov,7581
hradu,1355
ovládanou,220
službou,1450
návštěva,5365
trapas,7582
tišší,721
nevhodné,1744
semnou,7583
databanka,7584
ženijní,7585
školící,7586
severozápad,7587
aktivují,2755
plavecký,7588
trenky,7589
zhodnotit,7590
navigací,7591
skříněk,459
dohnat,7592
rozmach,7593
mněli,7594
prvním,2136
osoby,5862
normalisovaný,7595
stihne,6532
otřesy,2929
podílové,2702
horské,3588
vlakového,7596
kamnech,2283
kakao,7597
odolnější,1592
soudruzi,4107
premiérový,7598
sled,7599
schopnosti,7600
nejlevnějšího,231
výkres,2846
způsobený,7601
synovci,6713
hokejistů,4483
budoucnu,7602
růženec,7603
levou,2729
týmovou,2293
nezáleží,7604
platil,5235
masturbace,7605
rozměrům,7439
přestávce,4011
houslista,7606
vašim,50
kolik,7607
automatika,7608
elektrokola,4313
fakt,7609
letového,3181
kelímky,7610
ověřit,7611
sestavě,1807
celoživotní,7612
truhly,7613
elektrickými,120
netuším,7614
zaregistroval,5947
uzpůsobené,7615
realita,4786
abecední,7616
třetí,7617
karneval,7618
spojit,3190
neumím,2082
příchodu,5295
pop,7619
bezsáčkový,7620
kvantitativní,7621
pracovnímu,2643
totožnosti,7622
učiva,6583
tahat,6620
příčky,7623
nákres,7088
kariéru,6918
jasu,5599
pleťový,7624
vyvinout,7625
odůvodněním,7626
matematického,401
námitku,7627
vrcholný,7628
vyskytl,7629
halu,5754
chodby,1810
přepážkou,6118
samo,7630
chatování,7631
vysílána,7632
mimozemšťanů,3757
bulletin,7633
nevyhnutelně,7634
kotle,644
číselná,7635
neplánovaně,7636
brutální,7637
kartičku,7638
náročná,742
nedali,4880
impériu,4732
vyměním,4191
osvěžit,4589
odtamtud,7639
běhu,1087
svitek,7640
element,7641
stolů,48
očistit,7642
komu,2413
reprezentovat,7643
docházky,7644
časem,339
úspěchu,4134
konkurenta,2889
sluchové,7645
eseje,6157
pracovišť,2669
nevrátil,7646
obecenstvo,7647
obrana,4571
ubrusy,6131
skládající,7648
učili,2799
generování,7649
dobrodružný,7650
řízením,3376
plachtění,6816
převést,7651
náboj,7652
levici,7653
banner,7654
kilometr,7655
útrob,4619
pokládal,6347
hrdinové,1351
komunikujeme,2112
kněze,6041
atribut,7656
světu,198
perfektně,7657
oficiálně,7658
nejmocnější,2639
uvědomil,3876
obklopující,7659
postihující,7660
národu,1045
žloutenka,7661
nejúžasnější,5184
renesanční,7662
demokratickou,913
vzpomínku,5417
člena,4246
protivzdušné,7663
gramatika,4617
příznivý,7664
zajíce,4590
poschodí,7665
batohy,260
sdílet,6660
budka,7666
kterékoliv,515
dudák,7667
výlety,1256
takovy,7668
zaplacené,3955
paradox,7669
automobilka,7670
padě,7671
oběžnou,3737
korporaci,4882
nakazil,3699
inženýrské,7672
spoluobčanů,7673
tom,747
português,7674
emoční,7675
zrekonstruovat,7676
svý,325
snímků,1015
europoslanců,7677
česká,936
neúspěch,7678
dalo,4880
pásmo,7679
váha,4599
technologické,914
obojí,3467
svévolně,7680
výslovnost,7681
svršek,7682
příslušenstvím,6840
pacienty,597
faktory,3012
vytištění,7683
řezník,7684
nádrž,7685
hala,5754
neudělá,4567
akorát,7686
demokratické,913
hotelového,534
mušketýři,7687
vklady,2089
hostitelských,3761
hormon,6485
kojit,7688
mys,7689
přepážky,6118
posloužil,4514
nejedná,6731
drátky,7690
uveden,2209
chlapcem,388
vzlet,7691
svěřen,7692
podobu,7693
skipas,7694
experti,2147
burzu,6478
polovodičů,3810
raketové,980
naměřená,7695
jakémukoliv,582
instance,7696
choroba,4058
herna,1971
procházející,7697
chráněn,754
realizovat,7698
nadšenců,2509
výpadkem,1171
prostředkům,547
kliknete,7699
ekvivalent,7700
vývojové,1340
údržby,7701
převézt,7702
zneužil,5876
zdravá,1122
islandský,7703
mohu,2281
uděláte,4567
deset,7704
arménský,7705
klitoris,7706
lom,7707
ozdobený,7708
terénu,3349
rozdělené,2844
kočičí,7709
penízky,7710
dodák,7711
zadny,7712
nepřekáží,7713
přiděluje,7714
cookie,7715
medvídka,7716
trojrozměrné,7717
použitelná,733
projet,4331
přívěsu,487
dálnic,6790
přihlášku,7718
ničit,3892
návodem,1800
terminologii,7719
ovšem,7720
kaplan,7721
zřízen,2937
nedotčené,7722
ztratí,4921
častější,5821
nenosím,7723
nepoznal,2858
buržoazní,7724
objem,7725
demencí,7726
mozková,2008
optimista,7727
riziko,6597
parkoviště,5552
zakoupíte,1011
záznamu,614
zjišťování,7728
trestat,6391
komunisté,2429
většina,7729
vysvěcen,7730
mechanice,1358
internetových,77
náskok,7731
hokeje,569
vouchery,1711
klubovně,4212
prostřed,7732
hvězdicový,7733
vidličkou,6536
rejstřík,7734
tisíce,6799
výtvarnou,2974
vysvědčení,7735
náhlavní,7736
mode,7737
necelý,1564
skutečnosti,7738
středověkou,3140
doku,6667
brzo,1832
zeměměřický,7739
nezapomínejte,7740
správců,494
úvod,7741
populárnější,7742
plánování,7743
odešel,6553
pořádného,722
servisy,1697
cestami,2583
učitelům,467
manželovi,7744
vyhnout,7745
hodím,4552
nehodlám,7335
nahrání,7746
název,7747
uloženy,387
brán,7748
mladíci,465
trhu,384
nerovný,1964
station,7749
slanina,4824
inovační,7750
plánován,1004
knihoven,448
pohlavní,7751
kosterní,7752
psychiatra,1937
ovladatelná,445
přicházím,6300
stisknete,7753
zrekonstruován,7676
nemá,1970
zpracovatel,7754
dokážu,3082
zkratu,2830
majetkový,7755
úvahy,6051
levoruký,7756
vyšetřován,7757
manuálu,7758
kuřáky,2765
vyhrává,7759
kamiony,3535
vzduchem,1755
ačkoliv,7760
šlapat,7761
změní,6473
odhalit,7009
taškou,1248
kabátku,1136
přepadne,7762
ježdění,7763
půdorysem,7764
vzbudit,7765
přežít,7766
termostatem,7767
mnoho,7768
dokončit,7769
fotbalu,329
zrádce,7770
uzly,917
demokraticky,7771
vězni,2157
škůdci,2924
bezcenné,7772
stylem,990
zapínáním,7773
pátek,7422
stagnující,7774
nedostal,4679
vymazala,3069
lůžku,5107
skladník,7775
rozhodl,7319
duchovní,7776
mámou,1834
zdravou,1122
důchodovou,1422
nálepek,5131
pořizovatel,3246
pochopil,5738
amatérsky,7777
měnil,7778
realizován,2596
vozíky,197
požadující,7779
hromadný,7780
nejpravděpodobnější,6909
filosof,7781
samolepka,7782
příručce,2106
džusu,294
narušen,7783
soupeřem,1596
bouda,7190
fetiš,7784
varianta,5503
rolety,7785
připravoval,7786
astronom,7787
paradigma,7788
sluníčku,5224
nakupují,2677
nehodou,7559
pracujícím,988
autech,7789
suroviny,7790
identifikován,5666
dedka,7791
lanovku,7792
nákladního,3121
pětky,7793
ovládacího,7794
tloušťku,7795
kontrolky,7796
lidstvu,1480
elektroinstalací,4474
prémiové,7797
mírný,7798
cesta,2583
diskotéka,7799
pořízením,5238
připravován,7786
hrozba,1949
posilovně,1777
špinavé,1121
závěr,7800
zacvičit,7801
verzemi,4848
možnostmi,7802
magnetickým,453
zavřené,1105
aerolinií,5138
faktorů,3012
toalet,1338
povolání,7803
alespon,7804
moudrost,7805
fikčních,7806
potravinu,2201
schodek,7807
vystačí,7808
dojíždění,7809
úředníka,1418
potřebám,1628
drink,7810
použitým,7811
karbanátky,7812
nemyslela,2554
čtvrtletní,7131
mimozemské,7813
rozumnější,1687
vydělává,5837
čočkami,4650
stávat,3832
generál,7814
obalu,381
play,7815
pracovn,7816
zjišťoval,7817
exportní,7818
konektorů,7819
nahrávají,2700
polstrované,7820
správcům,494
embryo,7821
lokální,7822
hlasatel,7823
hospodáře,3010
zaznamenává,4936
vápenec,7824
pěstovat,7825
lehnout,7826
fotovoltaické,7827
zásahem,1071
počká,4265
pracuju,1938
lenosti,7828
trojboj,7829
bonbóny,7830
volnoběh,7831
jakémukoli,357
aktualizace,7832
senzorem,7833
agentury,5046
svobodného,1119
instalačního,2212
nerušený,7834
zdatnosti,7835
ceník,7836
hráčem,646
zahrada,1319
sortiment,7837
zákazníku,203
výhry,4899
slov,3077
dodávat,6887
továrna,3296
poezie,7838
všude,7839
rychlého,750
takového,502
vařit,7840
výpůjčky,7841
potravu,7842
původ,7843
představovat,7844
ovečky,7845
nechci,1899
spisovatelem,2884
dodělat,7846
pětku,7793
pavilony,7847
studio,7848
bezdůvodně,7849
klavírní,7850
optimismus,7851
rovnováhy,7852
jádře,2535
podvádí,7853
spokojenej,1591
pot,7854
autorita,5263
problémové,7855
spalovací,7856
vybavuje,7857
slavík,7858
faru,7859
minuty,4698
vytvořené,546
nejjižnější,7860
novým,225
dojmy,3161
seriálem,2389
stranickou,1488
většinou,7729
studiové,7861
sportovcem,1902
monstrum,7862
vychovatele,3969
kupte,7863
bojovou,2235
starého,146
stanicemi,2148
popravu,7864
výzkumnou,1318
mouchy,7865
okapat,7866
života,485
krát,7867
vrcholek,7868
dorazí,7458
holkou,4320
medicína,5711
umývat,7869
ešení,7870
holé,3795
spoluobčané,7673
bezpodmínečně,7871
kůže,7872
položí,6477
tělesně,7873
neměla,1970
opustí,7207
přechodem,1541
pedagogové,6168
vědy,5873
nakolik,7874
horšího,6348
prázdno,511
vraždu,7875
inspekce,7876
technologickou,914
milého,5070
nebudu,3143
olympiády,3834
volejte,7877
ověřen,7611
instancí,7696
počítalo,3652
domnívali,4648
použiji,4453
kolektory,7878
cestě,2583
polovodičových,3237
boxem,960
plnohodnotného,242
víkem,7879
kosatec,7880
zázemím,7881
uvědomte,3876
window,7882
nakreslil,5514
zdravotnickou,1038
nestalo,545
cévní,7883
nezlobte,1535
románek,7884
domovská,4274
přežití,7885
jedete,1629
zvon,7886
hraje,2771
zkazit,7887
gorily,7888
připomenou,7889
vyřazen,270
plemeno,7890
sbohem,7891
hosty,2334
pomalým,212
meeting,7892
češtině,2849
zjistila,4935
dinosaur,7365
copyright,7893
zaškrtnutí,7894
zjištěn,7895
úhel,7896
vojáci,1263
cvičení,7897
nenávidí,5033
přiložen,7898
big,7899
profilem,2887
básníci,6027
zbyl,7900
spokojenější,1591
chybou,4235
sekerou,7901
napadal,7902
atlet,7903
přípravky,3639
jím,4112
dálkovým,493
vyvíjet,3426
londýnský,7904
natáhnout,7905
běžní,157
vlastnila,825
fondy,1688
rozpouštědla,7906
tlačítka,2433
nadaného,3398
knihovnách,448
udělám,4567
ekonomka,7907
recenzi,7908
opěradlo,7909
zpracován,2840
rovně,7910
létání,7911
vytočit,7912
ladí,5349
celkově,7913
plochou,1346
motorů,181
letohrádek,7914
ohledu,7455
mechanická,230
rys,7915
troje,7916
jednoduchým,361
vypočítat,6332
umím,2082
zefektivnit,6694
osvětlovací,7917
loupež,7918
napsání,7919
textových,127
večerů,2029
hudebníci,4752
objektivy,1854
časy,339
bud,7190
modelů,432
minutky,7920
měli,1970
skriptu,7921
rukopisu,1409
věcný,7922
veličin,5408
poškozením,7923
komfortně,7924
doprovodný,7925
učitelce,6701
optická,1230
etiketu,7926
designéři,7927
faul,7928
jedinou,1064
datových,200
náhodnou,1504
dětským,132
škrob,7929
příkladem,1524
archivu,3494
podložky,2292
stabilizátor,7930
místo,7561
dezinfekční,7931
matraci,7932
mastnotu,7933
snížený,7934
nejdražšíhood,7935
dedo,7936
nehrál,2771
fotografovat,7937
otevírat,7938
kosmologie,7939
možností,7802
znamená,2915
fakticky,7940
blogů,7941
vylepšil,5751
nitru,5353
stejn,7942
kapotu,7943
tatínkovi,444
ocas,7944
zapomíná,7740
popravdě,7945
šestý,7946
mýlit,7947
šetrnější,1884
nesmím,6288
pravítka,1580
sodný,7948
modelovací,7949
kalibraci,7950
lahvičku,7951
dobrodružné,7650
odposlechů,213
obchodníci,1290
pádem,7952
nejsledovanější,1797
hrozny,6649
rozbití,7953
představenstvo,7954
překážet,6496
právnickou,7955
historik,7956
poradil,5661
zapomínat,7740
papírnictví,7957
zámky,316
žalovaného,7958
testovaných,7959
naživo,7960
generátorem,390
bezpečná,425
naplánované,2215
sere,7961
komerčné,7962
recepce,3788
domovské,4274
vizualizaci,7963
využijeme,5975
stavěn,5382
čtvrtka,7964
půlka,4604
bohatství,7965
dětská,132
zodpovězení,7966
analytiků,5397
pedagog,6168
slyší,7519
naučení,7967
osvětlení,7968
cihly,6850
uvařené,7969
znáte,5819
spuštěna,1035
čeho,3885
roj,7970
obyvatelstvo,7971
sedli,1508
přednosta,7972
oblečen,1550
zavřít,4463
sedělo,957
budoucího,5646
umějí,2082
cestujících,2829
zlodějů,256
štve,7973
protokolem,501
přepážka,6118
vepředu,7974
koukal,3907
vkladem,2089
chaos,7975
jádrové,7976
živobytí,7977
zámkem,316
portály,7978
ječmen,7979
odraz,7980
koho,2413
termo,7981
prohlášen,7982
darovat,4913
atentát,7983
kdysi,7984
vysokoškolské,1565
rozměry,7439
own,7985
nákupech,858
kvalifikovaným,670
javascript,7986
poukázku,7987
zjednodušeně,7988
fiskální,7989
domácích,609
obvyklém,2118
teror,7990
plevel,7991
jediné,1064
ploché,1066
transplantace,6819
zmocněnec,7992
jmenný,7993
čtvrtinu,5844
milované,355
plavky,7994
spálit,7995
bunda,2524
radami,6416
výkonností,2464
obavu,7996
kapelu,7997
kachlová,7998
nákladem,1431
vysokokapacitní,7999
zmizel,8000
vlastivědné,8001
sada,5130
odcházel,8002
tepové,8003
replika,8004
výrazy,4049
zhotovitele,8005
fyziolog,8006
moj,8007
odchozí,8008
operátorovi,8009
skladovat,8010
předplatitele,8011
fromulář,8012
zobrazuje,4890
počáteční,8013
aktivitě,4573
komunismu,599
vysavači,75
každým,623
předsíně,3247
chybné,3630
autority,5263
ruskou,899
složce,1879
rozdělovat,6459
užíváte,8014
souborem,488
kriminální,8015
nejsilnější,1864
sprostě,8016
svítící,8017
intuitivním,2722
inflační,8018
sjezdovku,8019
engineering,8020
esperanto,8021
železnici,8022
broušený,8023
porovnávat,8024
plastický,8025
pasivním,1934
zapůsobí,8026
zavolání,8027
družstva,5824
čínskou,1110
úřadů,663
češtiny,2849
kabina,6125
domovy,274
odpoledne,8028
cyklistiku,8029
kostelík,8030
nadšenci,2509
básničku,8031
doživotně,8032
sázka,8033
zakázat,6403
staveništi,4429
manikúra,6117
výtahů,1085
odhaduji,8034
kapsička,1440
maturity,3751
nedokázal,3082
koupi,3224
èas,8035
hodinami,1838
cas,8036
zasílá,8037
kóje,8038
vstupy,2383
startuje,4653
šipkami,3054
věčnost,8039
přebytek,8040
pevnou,344
muzikou,1903
veletrhy,3690
vzalimuj,8041
pravici,8042
válečníka,8043
dovolí,4409
pokojem,123
mísu,8044
odnímatelnou,3710
spotřebního,1333
find,8045
tematikou,8046
plíseň,8047
obstarává,8048
pořídili,2168
připomene,8049
dabing,8050
fyzickém,116
miliardáře,1401
číst,3336
filologii,8051
potrestán,8052
najděte,5054
vyžadující,8053
náhradu,8054
tichá,721
reverzní,8055
vybral,4695
okurky,4733
zabudovaná,8056
koupili,2096
poslat,6786
majetku,144
výtisky,1701
diví,8057
poradíte,5661
optimálního,6124
vzhledově,8058
mafii,8059
nepravidelně,6818
ochoten,4430
poškození,7923
ředitelství,8060
vymyslet,3785
vybíráte,8061
infekci,3395
jeviště,8062
nákladech,1431
živly,2910
prej,8063
ručičky,8064
zařízená,2456
neudáno,8065
přemístit,8066
předkrm,8067
ručníkem,925
ryby,8068
festival,8069
nepořádku,3616
samostatnost,8070
vstávám,8071
zemní,8072
kůži,7872
ztepilý,8073
chybami,4235
blinkry,8074
dálnice,6790
úrokovou,8075
prstů,4062
překážky,6231
milostivý,8076
zbytečně,8077
tempo,8078
selháním,8079
opasek,8080
hokeji,569
sekne,8081
hnací,8082
kartonu,8083
world,8084
toho,747
písemnosti,8085
geometrické,3001
pětka,7793
kartáče,933
desetitisíce,8086
vozové,8087
módy,881
muset,4512
sousedé,828
exaktní,8088
vestavěná,191
studentovi,593
kopie,6442
elektrody,8089
čistou,809
skotský,8090
pacientka,8091
objednal,6610
opravy,4108
kvarteto,8092
situacích,8093
titan,8094
světoznámý,8095
hlídač,8096
silikonový,8097
květina,5629
platformách,1053
nestál,545
geograf,8098
třídního,1167
osud,8099
zadává,8100
trenérů,2135
jakmile,8101
české,936
telemetrických,8102
růstový,8103
úsporným,469
vsedě,8104
uložil,3542
absolutně,8105
konkurenty,2889
dopraven,3975
pozůstalosti,7373
odvoláním,8106
schovala,3318
starším,146
vyvíjen,2874
kriminalita,8107
zaměstnaní,5886
opatřit,8108
trefí,8109
vrchol,7868
inspektora,3741
vyrábět,8110
počítala,3652
úděl,8111
oprávněním,8112
zdobit,7281
chocholatý,8113
pobočce,7498
stal,545
výdejního,8114
bych,3143
náchylné,5252
odněkud,8115
poskytne,5086
prověřování,8116
detektiva,1357
hostingu,8117
nevejde,8118
stolička,8119
marmeláda,8120
kartony,8121
obejde,7272
prázdninách,1590
jednoduchou,361
bludiště,8122
objektivem,1854
nejbližšího,2396
stylové,350
bezejmenný,8123
přítomnosti,8124
zjednodušit,8125
charakteristický,8126
náhradní,8127
patentovat,8128
výhradně,8129
podobal,8130
alpský,8131
doplňky,1134
hodinou,1838
pořadů,1408
detekci,8132
vybírá,6565
reprodukční,8133
amerického,454
spíše,4242
zná,5819
čeština,2849
pohlížet,8134
otravovat,8135
vyřešíte,6936
večírku,1444
názorem,2231
svobody,3322
sklon,8136
korekční,8137
světlý,8138
kapitána,3449
miloval,6082
laboratoří,2030
demoliční,8139
odlehlé,8140
využíváme,1963
spínače,572
nejdou,1758
chráněny,754
parkovací,8141
knih,2194
plošinu,7151
svědek,6992
obézní,8142
vítěz,8143
honorář,8144
operacemi,8145
čtvrtině,5844
sperma,8146
hovězí,8147
napojit,5643
přenesení,8148
výchozího,5077
automobilku,7670
odvézt,8149
ilustraci,8150
vyřešené,5129
stěžoval,8151
tajného,1443
vrtací,8152
připravenou,433
zvolit,8153
zvonění,8154
stručný,8155
dekor,8156
doktorovi,8157
grafických,158
celou,1564
výhra,4899
proslulý,8158
výškový,8159
snack,8160
hromadí,8161
cool,8162
kočárky,1194
kreativitě,5370
použije,4453
fyzickými,116
zakoupili,1011
přihlášeno,1982
kapacitně,5222
obchvat,8163
důvěrné,8164
uchovává,8165
korektní,8166
zlatíčko,8167
kádr,8168
obnovy,6606
hledalo,8169
jeví,6772
chodilo,5880
čepice,6703
jedny,615
pětinu,5943
kresbu,8170
významový,8171
hledej,8169
kyselý,8172
zdivo,8173
vyřešil,6936
přikrývku,8174
vydělá,6192
suterénu,8175
hlasitosti,6962
compile,8176
promítat,8177
obzor,8178
průchozí,8179
nejnižší,4663
cloudových,8180
krbová,6085
katastrofy,6392
mužstvo,8181
odsouzen,1738
předejít,8182
podací,8183
paprsků,1088
tahá,6620
opět,8184
voda,5296
uchovávat,3970
prominutím,8185
práva,4651
pravěku,8186
současnosti,8187
upozorněním,8188
jednoho,615
stěhovat,6839
úspěšně,8189
jednotliví,589
experty,2147
editační,8190
žhavý,8191
mnichy,4568
pólu,3780
osadit,6409
pack,8192
placku,8193
ergonomicky,8194
pumpa,5533
písma,3383
světů,198
objednávku,8195
oceánu,1735
ukažte,5755
preferujete,8196
stadiony,2565
pušku,8197
vrátit,7646
nadšený,8198
funkci,2330
stávalo,3832
plánovat,8199
obytnou,8200
kapacity,5222
obecní,8201
hodinkami,984
franků,8202
poznámkového,8203
vektoru,441
vubec,8204
krůček,8205
udrží,8206
hudebního,2441
obklad,8207
činu,4102
nespala,1459
litý,8208
pracovního,2643
bipolární,8209
vysílačů,506
bát,5906
infračervené,8210
opravila,1271
zaslané,8211
gramů,4917
zavírat,8212
nádorem,625
tenkého,442
předstihem,8213
určitě,8214
saně,8215
zástrčka,6677
variantou,5503
zakoupeného,308
studentem,593
výchovou,7467
bloků,218
asistenční,8216
modulu,8217
nechtěla,1899
offroad,8218
pokladen,345
sháníte,8219
úředníky,1418
pokryl,8220
nedokážete,3082
směnný,8221
dvouzónová,8222
mikrofonní,138
rentgenového,4805
radovánky,8223
operátorem,710
výdělku,483
deštné,8224
páteři,3363
běžela,833
euro,8225
skupinovou,413
nohy,8226
pojistky,6979
podniká,7571
zvládám,8227
posuv,8228
zeměpis,8229
spíme,1459
oživit,8230
angličtině,1798
zákonitě,8231
nabízenou,1073
sportoviště,8232
potřebným,1021
řízenou,303
dálkového,493
obojživelníci,8233
blogu,8234
raketového,980
odborníkovi,824
vyložit,8235
použitá,581
pokládá,6347
snímačem,8236
delikt,8237
cosi,8238
pejskovi,1278
šatníku,426
došel,8239
čluny,368
analyzoval,5219
přepravit,8240
vyrábějící,8241
komunita,8242
obědy,375
oloupeme,8243
tabletky,8244
sexuální,8245
podezřelé,1991
draka,8246
přestala,1782
pozorovatel,8247
klarinet,8248
polštářky,8249
automatů,164
neopustí,7207
rozchod,8250
hepatitida,8251
vyplnil,8252
kondice,6941
vážně,8253
potravinami,2201
sedan,8254
čárkou,7078
lišta,6988
blbě,8255
panelová,985
kandidátem,902
opraveny,1271
hněv,8256
schůzka,3028
hromada,4896
nevyhovuje,8257
stromě,557
mýdlo,8258
pustí,4577
geometrii,8259
vidí,8260
gardy,8261
servisu,1697
domovu,274
strojírenství,8262
koženou,1670
obezita,8263
možnosti,7802
cent,8264
hesle,529
běhají,8265
částku,8266
hypoteční,8267
sexshop,8268
nezávislé,986
napadených,4020
nevyplatí,8269
altán,8270
dobrodružnou,7650
rozvody,2001
kolektivy,2754
jed,8271
sázení,8272
stipendium,8273
flexibilní,8274
vyprané,8275
kvantové,8276
porucha,4046
inovativní,8277
obvodů,2604
zaměřeného,2103
inventáře,8278
hravě,8279
novin,1316
otvírat,2616
zpracovávání,8280
zábavním,2420
přehrát,8281
babičkou,1162
import,8282
postupem,1733
rady,6416
podstavci,8283
otevřeme,2616
cílovou,262
evidenční,8284
základům,1384
nejnovějšíchod,225
desk,1144
kočičku,8285
devátou,8286
několikanásobný,8287
přeměnit,8288
podnikatelem,1795
sokol,8289
psychika,5719
dráha,3290
neurologické,8290
vlastnoručně,8291
kadeřnictví,8292
světlem,2962
spolužačku,3667
ověření,8293
naměřených,8294
dalekohledu,280
československého,604
poliklinika,8295
výběrové,932
reformu,8296
památný,8297
reagující,6852
onkologii,8298
nezájem,8299
poskytovat,5972
sportem,2073
obýval,6390
nesmí,6288
mince,8300
představen,3433
reprodukovat,8301
pachatelé,1421
mluveného,2724
stavební,8302
balíčkem,684
většinu,7729
ústavního,5944
odkázáni,8303
vysíláním,4285
štítu,180
plukovník,8304
natrvalo,8305
prdeli,8306
pastevecký,8307
vyšel,8308
pohotovostním,8309
poznámka,1076
zmáčknout,8310
energetika,7412
odletem,7492
závěrku,8311
automobilovou,694
dílně,4012
léčivo,8312
hraju,2771
kterékoli,1307
soudnictví,8313
scénářem,1381
hřebeny,1946
level,8314
punk,8315
ptá,8316
autoimunitní,8317
specializovanou,497
zbude,7900
odstřel,8318
častí,5821
šikmý,8319
říct,8320
pevnému,344
filmař,8321
kolegyni,8322
příkazem,372
nárocích,4372
efektivním,2425
čistí,809
reprezentující,8323
specializovaného,497
lunární,8324
šedou,4905
cestovat,2925
soutěžících,1275
fenoménem,2299
kartách,548
kroky,3164
poškozeny,360
nejpopulárnější,7742
havárie,6357
nezareaguje,8325
rolovací,8326
grafickém,158
akcie,8327
stánku,1543
poruchy,4046
inspekční,8328
monitorovacího,8329
kompresoru,8330
hotová,402
pracovníkem,707
říci,8320
partnerka,1041
punčochy,8331
budu,3143
problémy,1196
nervózně,8332
teoretik,8333
pokládán,6347
skleníky,404
prodal,5566
rozvíjející,8334
koněm,385
jedině,8335
kasina,3328
oddělenou,1647
ponorné,8336
osivo,8337
hmota,7465
dám,4880
key,8338
otáčet,8339
webmaster,8340
infrastruktuře,4454
volitelné,3538
vývojáři,8341
mariánský,8342
škodu,8343
tvůrce,8344
bankovním,871
projektem,41
řev,8345
obnovovací,8346
cestují,2925
myslitel,8347
jezírko,8348
splněny,2000
výmysl,8349
nepustí,4577
nezvládl,3055
internetovými,77
ukazatele,1655
bonus,8350
rozumí,3302
malbě,3850
aktivity,4573
převodovky,4665
dětství,8351
autismus,8352
dieselové,8353
závislosti,8354
satelitního,1959
přechodný,8355
hnědý,8356
výběru,2603
relativně,8357
převoz,8358
holokaust,8359
pomohl,5647
nehody,7559
pokynu,728
rolník,8360
vyrovnávací,8361
plastové,476
vandaly,8362
ekologie,8363
šachovnici,5982
kolejích,4583
odeslané,8364
řekly,8320
nastavování,8365
požadovat,5168
bankách,1123
datle,8366
priorita,5839
cestujete,2925
totožnost,7622
kamen,2283
obrázkové,8367
nejhoršího,6348
zásoba,8368
zavolám,5237
dominikánský,8369
administrační,8370
převede,7651
hořáky,2965
option,8371
skalnatý,8372
příval,8373
vyzkoušené,8374
štítky,1847
naftové,8375
zvukovými,330
bike,8376
desková,8377
obytným,8378
cítění,8379
smyslů,4371
dopraví,3975
utratili,4672
jdu,1758
předveden,8380
plovoucí,8381
posádkou,3641
telefonické,893
kříženec,8382
nejmíň,8383
nadřízeným,2027
lopatka,6516
vyplňovat,8384
každýho,8385
bezhlavě,8386
nechtěli,1899
infrastruktury,4454
posedlý,8387
kytara,378
dinosaury,1679
pamětní,8388
marketingu,1820
mrtvici,6940
konverzace,3243
zvědavosti,8389
požívání,8390
znějící,8391
ego,8392
zvykl,8393
adaptovat,8394
čich,8395
jaderným,831
novozélandský,8396
policie,8397
vyplní,8252
mimozemským,7813
autům,122
panenský,8398
zrakovým,6673
zadržen,8399
blogem,8400
teď,8401
výzkumná,1318
slušnou,837
kompromis,8402
důvěru,8403
vitaminy,8404
byty,192
kategoriemomentálně,8405
tlumočníka,3555
vyžadovaly,2926
lampou,1518
obranou,4571
základna,5891
cvičí,4924
gymnastika,8406
výsledky,4816
pilotní,8407
otravuje,8135
díra,8408
tam,8409
neomezená,1685
stabilnější,2621
odchodem,7077
trhá,8410
půjčka,3563
viceprezident,7138
vymyslela,3785
lidského,652
pavouky,3922
dětmi,797
záznamů,614
vysílané,2445
souběžně,8411
konstantní,8412
odstavení,8413
kódů,3128
dodaného,4575
absolventa,4442
přistání,8414
zaútočit,8415
obnoví,4641
pyžamo,8416
kolíčky,8417
dceři,6331
padnout,4420
robustnější,2827
zaměřovat,8418
koši,369
hostinský,8419
tvrz,8420
použitého,581
propojení,8421
naučíte,2922
sestry,6954
hodinkách,984
jazz,8422
obr,8423
vytrvalý,8424
impulzy,8425
oznamovací,8426
fakultu,8427
obíhá,8428
poslanec,8429
format,8430
označen,3568
vstupenka,3959
kurzoru,703
fandové,8431
pomoci,7108
reflexy,8432
myslíme,2554
technologií,2665
představivosti,3581
zranitelné,1283
rozpočty,716
čtyřiadvacet,8433
vozového,1370
elita,8434
návrhář,7547
připraveným,433
postižené,730
vystavěn,8435
patře,8436
požární,8437
malá,251
jogurtem,253
nákupu,858
bejt,3143
nepřehrává,8438
mateřské,906
plošinou,7151
podniků,2230
spolupracující,8439
přesunout,7030
zase,8440
poháněn,2995
zadali,8441
rapper,8442
mladou,1207
selhala,1908
vzorkování,8443
tlustého,563
vyslat,8444
svobodnou,1119
ťuk,8445
občasnou,1215
věřící,8446
obden,8447
kalendáře,999
operátorů,710
bank,1123
pracovištěm,2669
strčit,8448
milovník,7309
rusky,8449
wikipedista,8450
větu,8451
racionálního,7372
poskytované,8452
radarem,643
zákusky,8453
sed,8454
fotoalba,8455
provozované,8456
klientům,124
známkami,2479
místopředseda,8457
svého,325
instrumenty,8458
zkouší,6367
modelování,8459
zavře,4463
fakturace,2455
filozof,7781
okénkem,4264
přepravovat,8460
sirotek,8461
sebrali,2673
vápník,8462
pasiv,8463
sklokeramickou,8464
manželky,4389
transakcí,8465
odemykání,2154
myslete,2554
samotě,8466
uložení,8467
dvojlůžko,8468
zájmové,5348
důkladně,8469
vestavbu,8470
pomocníků,700
lhát,8471
nemocenskou,8472
vyrobila,3858
kontinuity,8473
vezmeme,3130
makléř,8474
klíči,420
agregátu,1151
plodný,8475
videa,1568
vzdor,8476
periodický,8477
donutil,5434
volbami,4873
libovolně,8478
orientován,1177
ohřevu,8479
pesticidy,8480
bridge,8481
zranitelnost,6685
stovky,3536
kompatibility,8482
krásu,8483
korunovační,8484
máš,1970
vjemy,6777
správným,1032
nové,225
navštěvujete,8485
obrazce,4488
doménových,8486
pojišťovnu,8487
ložnicí,1361
plnotučné,8488
otisky,1749
schopnostmi,7600
milf,8489
démony,1486
drogou,4156
praktické,869
štěstí,8490
rychlí,750
cyklistu,3392
skutečného,395
žehlící,8491
dědečkem,843
problemy,8492
trefit,8109
trvat,8493
cykloturistika,8494
moct,2281
obžalovaného,3354
jednu,615
krajinu,8495
neznámými,8496
dějepisu,1883
nechejte,3101
flek,8497
chápal,5169
kolenní,8498
dánský,8499
čističky,4074
množina,5515
klikat,8500
zažívací,8501
feudální,8502
zbavit,8503
tréninky,607
neslouží,4989
užívajících,8504
komoří,8505
human,8506
tiskárnám,28
blízcí,2396
označovaný,8507
aktualizaci,7832
všemu,830
basketbale,348
notáře,4994
osahat,8508
městského,909
nápoje,720
dotazníků,427
objednali,6610
přítomen,2145
obstará,5611
pojmů,1823
evidované,8509
plastovou,476
házenou,8510
skokan,8511
pozdrav,8512
kontejnery,653
přesouvat,8513
konkurenceschopné,8514
kolegyně,8322
přípravu,8515
lupy,8516
efektivity,6892
pečící,8517
vědomostí,2843
pravděpodobný,6909
spoléhají,5653
čekáte,5760
zpívající,8518
laserovým,808
znemožní,8519
náběh,8520
elektrizační,8521
bourat,8522
rádcem,8523
nedokážu,3082
sprcha,3052
chán,8524
zvednout,8525
přívěsem,487
ombudsmana,8526
leccos,8527
jednotlivci,1206
zrcadle,687
motýl,8528
nebrat,8529
tušit,4940
pohybu,2085
instant,8530
předlohu,5463
nahrál,2458
jednoduchému,361
líp,3932
režimech,249
rozcvička,8531
chyběl,8532
neříkej,8533
klobouček,8534
krasobruslení,8535
stvořené,8536
zlikvidován,6510
doraz,7458
ženě,3752
provozoven,4972
editace,6982
dvě,6489
existuje,1900
vozidlu,8537
obalem,381
nejtěžší,2110
nepřítelem,304
nula,5366
planiny,8538
kliknutí,8539
koberci,399
nedbalosti,8540
kabině,6125
obzory,8178
považován,5435
vysílány,2445
mamince,2203
nechápal,5169
zábavnou,1849
poslouchají,1208
venkovnífitnesspůjčovna,8541
arytmie,8542
benefit,8543
kombo,8544
serial,8545
penisem,3004
rekordem,2280
parapety,4050
zdržuje,8546
naživu,8547
panovníka,6566
dovybavení,8548
pojmu,1823
reaktivní,8549
varná,4252
mražené,8550
nevhodně,8551
platforem,1053
čitelné,3093
dokumentům,943
osobností,4856
chtěly,1899
obživu,8552
metalový,8553
udělej,4567
limonáda,8554
budete,3143
stěžuje,8151
razítko,8555
živit,8556
autodoplňky,8557
nechtělo,1899
objevil,8558
počítali,3652
plánujete,8199
zaplaceno,3955
schůzkách,3028
loutka,8559
autor,8560
neřekl,8320
dutý,8561
psaného,1306
cizině,7149
stratovulkán,8562
kouskem,5512
kombinující,8563
likér,8564
svobodě,3322
slušného,837
sleduje,8565
wikipedisté,8566
designérů,8567
zaměstnavatelem,1347
naštve,8568
rozumnou,1687
měsíce,2958
perou,8569
strašný,8570
kolektivně,8571
nejhorší,1639
otázky,7572
tržiště,8572
mamkou,8573
požádejte,8574
invalidního,2918
recenzní,8575
nedostatečně,5199
dočasně,8576
dobrodruh,8577
připojovací,8578
volat,7877
gynekologii,6407
úchop,8579
rozděluje,6459
zbrojnici,8580
kódové,8581
stálo,545
přítelem,297
ztraceného,354
zvládnu,8582
takové,502
králíků,895
účetního,5452
paměťových,711
normal,8583
kaňon,8584
droga,4156
informačních,1023
agenturní,8585
bungalov,8586
přezdívku,8587
prince,5202
schovávat,5226
smí,6288
policisté,724
turbodmychadlem,8588
mimo,8589
komody,6507
zapůjčení,8590
vzato,8591
pochutiny,8592
popelnici,7563
koloběžky,4477
napíši,4765
tramvaj,6001
zesilovačů,61
míčkem,8593
hliníková,669
fontána,8594
kolečkové,4309
stínové,8595
nadměrně,8596
romskou,8597
pamatují,2951
stavba,5147
zareaguje,7435
dělící,8598
dietní,8599
holt,8600
místopředsedu,8457
vícedenní,8601
zajistěte,8602
odpadne,8603
prvotní,8604
selhaly,8605
prodejen,5205
ušitý,8606
členskou,1331
cvičné,1013
dokonalou,1681
prázdné,511
zdatnost,7835
šířku,8607
šťávu,8608
verze,4848
dárků,1189
skuteční,395
zastavil,6543
ebook,8609
ozdobí,7281
stříhat,8610
poplatků,1033
kláv,8611
odměňování,8612
pokládám,6347
zastavit,6543
návlek,8613
vyráběl,8110
nejen,8614
edukační,8615
domovů,274
simulací,8616
rublů,2584
bude,3143
pstruh,8617
nevypadá,2028
noha,8226
uvnitř,8618
provozovatelů,3365
půlnocí,8619
spěchu,8620
úkolech,857
nahráli,2458
každodenního,2075
desátou,6197
svítidlo,8621
svinstvo,8622
plastiky,8623
identifikoval,5666
teploty,5152
řidičů,712
kvartet,8092
žádost,8624
dodávky,5035
coura,8625
svobodně,8626
boby,8627
senátor,8628
likviduje,8629
cyrilice,8630
hluboký,8631
přebytečnou,1245
trval,8493
efektivního,2425
výdajů,2116
interně,8632
prohrát,8633
vynálezu,281
myšlenkou,5139
tabletě,23
koláče,964
pochlubit,8634
používáním,3452
uspořádat,8635
limity,3994
napojení,1252
odhadem,8636
nasazen,8637
relaxační,8638
mohli,2281
spoluhráče,2162
předmětu,1776
cílovém,262
způsobit,8639
převodu,2779
akciemi,8327
neznámou,8640
vozit,8641
normálním,1944
vyučovala,4087
řezat,8642
psaníčko,2319
shledán,8643
movité,5274
odletět,5279
svědomitě,8644
písniček,5094
multiinstrumentalista,8645
obdiv,8646
plyšová,8647
štítku,8648
podepsat,8649
vánoční,8650
přírodopisu,3038
rozhlasového,859
dalekohledem,280
opravená,237
mžiku,8651
zadala,8652
kvalifikační,8653
kritériem,8654
uprchlíka,3163
vyučujících,8655
teoretickou,1566
ízení,8656
trestní,8657
sféře,4028
uživit,8658
uran,8659
proste,8660
zákonodárce,8661
přejde,8662
disco,8663
politiku,8664
odemčení,8665
recepční,8666
užívat,7554
měnící,8667
jednoruční,8668
beat,8669
vystavené,1247
zkoušet,6367
maximum,8670
nezobrazuje,8671
zemřít,8672
odjezdem,8673
barvami,8674
příšerně,8675
nebýt,3143
nelegálním,8676
pneumatikami,2443
žiju,8677
mastné,3479
vykonán,8678
těžební,8679
miliony,3264
modřín,8680
vydělala,6192
domnívá,4648
synovský,8681
soukromému,265
dorazit,7458
archy,5240
teda,8682
nezajímá,8683
změnily,6473
mládí,8684
projektům,41
melouny,1133
vyvíjí,3426
rozhodnu,7319
účtován,6408
univerzálně,8685
zkusit,6119
koutem,562
vrstevníky,2919
umožňující,8686
nezávislou,986
zásady,7007
vytáčení,8687
nominován,8688
pahorek,8689
kin,816
nadarmo,8690
uvidí,7450
ostraha,8691
kreslené,382
harfu,8692
povlečení,8693
outdoor,8694
éra,8695
emailu,8696
rozumné,1687
divnej,8697
vitríny,8698
development,8699
prenatální,8700
nedobrovolně,4082
chceš,1899
dohledem,4441
staršímu,8701
cenu,8702
spinning,8703
zanedlouho,8704
hygieny,3455
nepřátelské,1469
transformátory,725
pokladně,345
nevinné,1626
nezkoušel,8705
podstavce,8706
investice,5444
únavu,8707
kozy,5890
sice,8708
bundy,2524
mříž,4302
spolehlivá,302
tvrdil,8709
letišti,6285
urychlit,8710
organizovat,7269
neprojde,8711
hlavní,8712
součásti,8713
jednatel,8714
neudělal,4567
nešly,1758
výstavní,8715
tapet,1491
sázky,8033
tenistou,3662
prostorách,8716
dokoupit,8717
jeskynní,8718
bráno,2892
syrové,8719
velky,8720
nepodporuje,8721
brusné,1862
profesionálů,479
využívajících,3063
nárůst,8722
zpříjemnit,8723
zkoumat,8724
vyměňovat,8725
trolejbusu,8726
dobře,3932
zlého,2121
doručené,8727
gynekologické,8728
zarostlý,8729
volání,8730
stravování,8731
krevety,8732
zjišťuje,7817
východ,8733
každých,623
připravovat,7786
odbornou,1606
exportovat,8734
zájmeno,8735
skóre,8736
olympiádě,3834
raz,8737
hedvábný,8738
externích,864
kyvadlo,8739
předseda,6083
medaili,8740
pohlednici,8741
nehlásí,6725
archeologický,8742
návštěvy,5365
báňské,3543
znalost,1731
dívkou,6704
ohrozit,8743
pálky,8744
ruština,6245
gravitace,8745
přímka,8746
pneu,8747
věnec,6935
světlomety,1126
tříkolky,8748
věže,4923
čističe,8749
úplatek,8750
možnost,7802
interakci,8751
svalstvo,8752
převeden,8753
sousedka,8754
neuděláte,4567
patentované,8755
trpasličí,8756
stromem,557
sedlo,1508
kartáčem,933
výdrže,8757
prostředích,2741
průmyslu,471
neřešil,7327
resources,8758
žactvo,8759
ústavu,8760
propojením,8421
neoficiálně,7658
dluhy,1141
prstem,4062
šílenství,8761
přežije,7766
mexický,8762
škodí,8763
sodík,8764
apartmánu,3466
výchovně,8765
ukrývá,8766
identifikovat,5666
používaného,1019
zaškrtněte,8767
rozkošný,8768
disponuje,6871
celníci,8769
bezbariérový,8770
zbraně,4015
povětří,8771
pojistku,6979
nervózní,8772
výměnný,8773
nízkou,4663
horáchubytování,8774
spotřebitelům,780
maminy,8775
oblíbenou,1024
kapusta,8776
barevnou,888
čištění,8777
včera,8778
údajem,2204
členové,4246
dostupného,1763
rytířem,3744
hydrometeorologický,8779
logo,8780
přestěhovat,8781
víkendy,1589
samopaly,821
buchtu,4628
výběh,8782
blbost,2274
vrazil,8783
nejznámější,1356
nedaly,4880
líbil,8784
postupy,1733
sako,8785
společnosti,8786
klientky,8787
zasunout,8788
zivot,8789
videu,1568
nechal,3101
vzdělání,8790
jediným,1064
nepodaří,8791
sotva,8792
konzultantů,3447
nevydal,8793
mák,8794
maličkosti,4179
nenechal,3101
nápojem,720
holčičky,8795
banální,8796
provádět,8797
slouží,4989
gramatiky,8798
díry,8408
bokem,8799
vzpomínek,5417
pohybové,1129
psychiatrii,1937
porotce,8800
konektorům,8801
brečet,8802
distributoři,8803
porovnávání,8024
milenku,1281
přínosný,8804
žít,8677
řešil,7327
vystavěný,8435
dostupným,1763
soustruhy,1238
mapu,6103
láhve,6756
prostěradlo,8805
talíři,1220
zajištěn,1671
deaktivace,8806
editoval,2406
podobně,8807
ztrácet,8808
diváci,1759
povrchů,1166
emoce,8809
penze,3420
pohyblivou,1253
steh,8810
podstaty,4075
hůlku,8811
používala,660
porna,6691
neumožní,8812
orientační,8813
zabezpečovacích,8814
citrusy,8815
sídla,8816
jádra,2535
praxi,8817
čaroděj,8818
průmyslového,500
přeneseně,4853
podélně,8819
vydávat,6242
slova,3077
hlučnost,8820
součin,8821
kreativity,5370
prkna,2186
hlídat,3292
lokomotiv,3047
poznat,2858
raut,8822
přední,8823
šetřením,8824
obsluhou,3823
servisního,4762
pořizovací,8825
přesvědčil,8826
velitelství,8827
dokořán,8828
vypadaly,2028
psychowalk,8829
guvernér,8830
olympionik,8831
fyzickému,116
cirkus,8832
fyzice,2770
hostil,8833
krbové,6085
schůzce,3028
cyklistika,8834
přijel,8835
vysílačem,506
okamžiky,827
imail,8836
telegrafní,8837
ovládly,3972
přenášených,8838
bohatí,4232
efektivitě,8839
obvyklým,2118
jeslti,8840
rozdělen,2844
svěřenci,6864
skáče,8841
krytinu,8842
zanechat,8843
válku,7271
přátele,297
palmový,8844
tuňák,8845
kterého,2595
dobrého,2760
válcovou,8846
skvěle,8847
podložkou,8848
editory,820
podniky,2230
zážitky,2074
trendem,6353
zapíše,8849
rukávem,4065
objev,8850
elektrárnou,556
holocaust,8359
mladého,1207
zamilovaný,8851
tenistů,3662
rámu,314
platným,1706
účtech,136
úspornou,469
kariérou,6918
prodají,5566
cennou,1169
něčem,2955
řemeny,8852
večerech,2029
vinnou,1626
skrze,8853
důvěryhodných,336
začne,5079
kasy,8854
cestopis,8855
orgány,1056
ovládali,798
shluk,8856
smál,5293
palubky,8857
vzpomínám,8858
lambda,8859
stop,6836
vzdělával,8860
úplet,8861
navrhnout,8862
zahradničení,8863
navrženou,373
kameník,8864
lavicích,2094
aplikačního,2473
elegantního,4217
nesmíte,6288
hruď,8865
otevřel,2616
ţáka,8866
velkovévody,8867
úkolem,857
dřevěné,464
fosilní,8868
literatury,1804
schůzek,3028
diagramy,4335
donedávna,8869
hlídala,3292
páteřní,8870
opatřil,8108
divákovi,1759
had,8871
skutečnou,395
viděl,8260
ulož,3542
vysokoškolsky,8872
hospodě,6915
tonery,8873
stráže,8874
třicítka,8875
zvířata,2992
vyhovoval,8257
obytného,8876
povšimnutí,8877
vidlice,8878
vyučován,4087
speciálně,8879
nemuze,8880
designéra,8881
památkový,8882
erb,8883
inteligentním,1324
topením,1587
překladatele,8884
králičí,8885
transformuje,8886
abysme,8887
lingvistika,8888
pozdější,8889
prádla,758
kopeček,3686
natáhl,8890
tekoucí,8891
rajčat,2710
čtyřicet,8892
prudký,8893
kreslil,4833
letec,8894
přiměřeně,8895
pojištěnce,1562
koloběh,8896
patriot,8897
stromy,557
gestapem,8898
užitečného,1343
orchidej,8899
vypršel,8900
nasazený,8637
nechtěné,8901
klientech,124
půjčky,3563
zvládnou,8902
pohnout,8903
obžalovaní,3354
mlada,8904
vyvinuté,983
nepřiměřeně,8895
nástěnné,5371
odhalilo,7009
angličtinou,1798
řeknete,8320
požárem,3503
verbální,8905
inzerované,8906
tržbách,6018
vybírat,6565
postavil,4501
zoufale,8907
generální,8908
vodítko,8909
posílá,8910
zkusí,6119
protektorát,8911
pracně,8912
chatky,8913
rozvoje,3417
styly,990
namalovat,7161
uhličitý,8914
hliníkovým,669
information,8915
tržeb,6018
podřídit,8916
krávy,8917
úkonů,2335
palivo,8918
vrchy,8919
drogu,4156
zneškodnit,8920
leasingové,8921
ios,8922
farmáře,2416
třída,5290
párky,5635
samolepky,7782
žádající,8923
zásadu,7007
lásku,8924
průjem,8925
vyřizování,8926
výkonu,568
chráněné,754
banjo,8927
rekordy,2280
dobyt,8928
škálu,8929
anténní,8930
nejsložitější,891
řídký,8931
recyklaci,8932
říkal,5545
šifry,8933
pominu,8934
kubánské,2545
krále,6933
opište,8935
marketingového,1740
zesílený,8936
flíček,8937
myšlenkami,5139
operativně,8938
kuchyňským,522
hezký,8939
rekonstruované,8940
dceru,6331
buddhismus,8941
kamiónu,8942
spočítat,3985
chovají,1078
složitější,891
petržel,8943
odjezd,8673
pneumatik,2443
vytvořeným,546
chybám,4235
schopny,915
billboardy,8944
aktivitami,4573
komfortní,7420
nejrychlejším,750
nádraží,8945
zdání,8946
půdu,8947
profesi,8948
rozlehlá,3682
virtuos,8949
střílečka,8950
nulovou,3893
kontakty,2658
nervové,174
aparátem,113
svobodou,3322
klikou,6433
vodovodní,8951
zaváděcí,8952
slotu,1892
křen,8953
prioritou,5839
takovou,502
počasím,8954
potenciálu,1367
car,8955
ztracené,354
účinně,8956
vystavil,5544
volá,7877
zásilku,8957
truhlář,8958
sladkosti,8959
kódovým,8960
našim,232
azyl,8961
jazzový,8962
shání,8219
závěrečný,8963
rozumem,305
chápeme,5169
šroubovací,8964
oční,8965
posílal,8910
prý,8063
burger,8966
proč,8967
obyč,8968
rohlíku,188
přenesených,8969
poskytnout,5086
šňůry,5858
spolek,8970
nesprávným,8971
využ,8972
hořel,6923
rozdělíme,5275
aji,8973
uměleckou,2126
samosprávu,5176
mnohem,8974
orloje,446
ledacos,8975
přednášky,6987
ohodnotit,8976
jízdenek,2996
motoriku,8977
domácnostem,239
popel,8978
nezávislost,8979
tímhle,675
rovno,8980
přenosových,2020
společnost,8786
neomezenou,1685
probouzí,8981
pevného,344
mazání,8982
trenéry,2135
shop,8983
stolování,8984
nemohlo,2281
klukovi,638
medvědem,1990
podezřelého,1991
skálu,8985
psychologem,4256
narušené,7783
umělá,1040
tlusté,563
plateb,4383
povolí,6567
umístěte,5318
některou,1260
realizátor,8986
výber,8987
ambulantní,8988
metra,3827
básniček,8031
nárazům,4670
předprodej,8989
továrny,3296
jízda,5855
všetky,8990
vhodné,1744
tábořiště,8991
hlasující,8992
tanky,804
oponent,8993
vagonů,8994
kostru,8995
kontaktů,2658
jaderná,831
pedagogů,6168
investoři,3138
hodinách,1838
modelu,432
šup,8996
plánům,673
okamžiků,827
příděl,8997
nástupem,5949
deníkem,681
řádem,1294
objednejte,6610
elektromagnetické,8998
babiček,1162
jednomu,615
nastavíme,1999
průlom,8999
poskytující,9000
jednat,6731
roční,9001
laseru,9002
šperkovnice,9003
vydavatelství,9004
ušetří,6639
dresy,4487
seznamy,3775
hokejového,1052
stolků,255
třetinu,6530
náklon,9005
tuhle,675
pustíme,4577
signální,9006
zachce,9007
útoků,412
cinch,9008
médiím,9009
slovní,9010
eviduje,9011
nekuřácké,7521
hop,9012
známce,2479
pomyslel,9013
nadstandardně,9014
autorská,1084
nástřik,9015
plakal,9016
padělky,5207
túry,9017
konzul,9018
vašimi,50
bavlnu,9019
čtou,3336
vědcem,590
modernímu,1764
impulsy,1721
uchazeče,1998
urgentně,9020
kladn,9021
obsažený,9022
upozorní,9023
záruční,9024
vestibulu,9025
skládala,4133
spolehlivým,302
sázet,9026
službě,1450
example,9027
singlový,9028
vybaveny,208
stížnosti,9029
poskytl,5086
ordinace,3596
nazor,9030
budky,7666
skočí,6823
doslovně,9031
centrálního,1637
založit,9032
poznámek,1076
levněji,9033
napadat,848
amatérské,2241
toto,789
výslechy,1551
fotky,2975
nekorektní,9034
vytáhnout,7542
občanství,9035
ptáky,2562
možnostem,7802
kočkami,1222
ukázat,5755
pitnou,4423
vodopád,9036
trasou,4527
mínus,9037
vyhodnocování,9038
stěna,3153
drahokamy,9039
žebříčky,9040
pneumatikou,2443
zaměřeným,2103
prosklené,9041
majáku,2352
prózu,9042
gymnázium,5394
automatickým,202
nízkoenergetické,9043
investigativní,9044
precizní,9045
úroveň,9046
nejčastějším,5821
nedosáhne,9047
vnučky,5809
odrážedla,3900
jmenovky,9048
krajním,9049
rampu,9050
starosti,6617
přepínače,9051
ukazateli,1655
snědl,4194
překvapivě,9052
metody,7080
systémech,78
sovětského,575
padání,3384
nepřestane,9053
hotova,402
vychovat,9054
natočit,9055
nemocným,561
chodbách,1810
mechanickým,230
megapixelů,9056
zanedbatelný,9057
dráhou,3290
zakázkou,9058
fucking,9059
žijeme,8677
dopřejte,9060
casino,9061
programových,559
vyřadit,9062
broušeného,8023
motocyklů,115
klasiku,6972
adventura,9063
podvodníky,1634
občané,805
nemůžou,2281
novinářů,1280
myje,9064
vyrazí,9065
provozovně,4972
pokladu,727
hádají,9066
přerušení,9067
zodpovědný,5565
dcerku,4076
složitou,891
otevřen,1210
vyprat,9068
podnikatelskou,367
off,9069
spolehnout,9070
náhlý,9071
loket,9072
pokročilými,443
fungují,507
pracovním,2643
sypaný,9073
zatčení,9074
stresující,9075
koutu,562
videozáznamu,2267
organickou,2446
vylepšovat,9076
muzejní,9077
samotná,523
zahození,9078
trávili,2018
vyhledáváním,4845
nebankovní,9079
fotbalistů,3512
bránil,4739
scénárista,9080
zbudován,9081
alkoholem,366
segmentů,1310
obchodníků,1290
autíček,9082
myčce,576
užitkové,7181
vrstvu,6518
termoprádlo,9083
dvacet,9084
bydliště,9085
nabízen,1073
nachystané,9086
akát,9087
patchwork,9088
slalom,9089
jazyků,527
zásilky,8957
praci,9090
kyslíku,2986
vyměnitelné,9091
dírou,8408
králíky,895
polotučné,9092
nepřichází,6300
hasičské,1993
need,9093
přilba,5777
pořízené,1888
fotit,7341
experimentů,551
zjistíte,4935
mandarinka,4522
výpadku,1171
úvaha,6051
poradu,9094
úspěšným,1430
cibuli,9095
lahev,9096
popruhem,9097
klučičí,9098
proměnná,9099
sovětským,575
překážkou,6231
rychlobruslař,9100
nedaří,9101
společníky,718
transakce,8465
českého,936
univerzity,1930
extrakt,9102
produkovat,9103
snědla,4194
nemocnou,9104
zpožděním,6466
struny,9105
zjištěné,7895
hledal,8169
výpočtem,1943
které,2595
doplatek,9106
bohatší,4232
přilby,5777
stimulovat,9107
vzdělávání,9108
zvyknout,8393
projde,8711
několikrát,9109
praktickou,869
aktivujte,2755
chystala,7337
jazýček,527
mohly,2281
externím,864
odesláním,9110
naruby,9111
řídila,1435
dozorem,5212
poštovního,1304
správných,1032
posílání,8910
vyrovná,9112
mluvících,1411
dýl,9113
způsobil,8639
neměly,1970
požádán,9114
doplněný,9115
gramofonových,3105
prasata,3073
katalogwebových,9116
placená,601
oběšením,9117
vhodnejšie,9118
útulek,9119
semínko,9120
tváří,5282
elastický,9121
vizitek,4245
renomovaného,4106
procent,9122
používají,660
šéfovi,2173
malíře,3521
představoval,7844
ruka,3989
ovládala,798
stačilo,3347
zaměstnavateli,1347
pekař,9123
džusy,294
prachu,948
lékařství,9124
převlečení,9125
písněte,9126
tiskovou,1653
originální,9127
ruchu,4854
profesionálních,1716
podíváme,5632
cez,9128
celky,1880
hřídele,4163
studnu,7544
běžecké,744
vyzkoušejte,5508
nepíšu,9129
zakoupeno,1011
plastiku,9130
základnímu,1769
nebezpečnější,425
poskytovatelé,1783
faxu,2385
implementuje,3306
optimalizace,9131
vyhozen,3265
zdravotníci,9132
pojištěným,1562
štěrk,9133
neztratili,4921
přesvědčení,9134
dvoupodlažní,9135
surovinami,7790
jedenáctý,9136
kulisy,9137
ukáže,5755
pozvánky,4819
výkresů,2846
závazek,9138
hypotéza,9139
rohovou,2864
představou,6251
vykašlat,9140
druh,9141
nemožné,3441
dokonalým,1681
kognitivních,9142
dokázal,3082
vytvářen,9143
romány,3492
neškodí,9144
unesen,7099
učím,2799
nepraktické,9145
kočárem,2050
pravidelnou,1425
pánové,1846
sebehodnocení,9146
jezdit,9147
miliarda,9148
coby,9149
security,9150
rozjede,4394
měření,9151
uvažování,9152
piny,9153
chilský,9154
pokožku,6522
hospitalizován,9155
knihám,2194
semeno,9156
řešen,2834
udržuje,6560
vhodn,9157
přemění,8288
zásoby,8368
cévy,9158
tři,9159
obsahovat,6401
udělal,4567
jezdící,9160
objemné,9161
kondiční,9162
pedagogičtí,3403
vyroben,3858
objednáte,6610
udržován,6560
zběsile,9163
otroci,5953
blondýnka,9164
infračerveného,1481
kdyby,5321
podnájmu,7068
zničila,2117
nezaplatí,9165
úklidové,9166
duši,9167
nejpřesnější,1623
sklerózou,9168
trenéři,2135
nejsi,3143
marketingovým,1740
výstrahy,9169
svalovou,4926
dráze,3290
evoluce,9170
pletení,9171
háčkování,9172
vyškolení,9173
ninja,9174
visel,9175
zralá,530
podsklepený,9176
božský,9177
learning,9178
tajnou,1443
benzinky,9179
vyvíjel,3426
úsporám,9180
implantáty,9181
schránek,1160
letenek,2024
pěknej,9182
lektorem,9183
našel,5054
medvěda,1990
textem,1812
duše,9167
odešly,6553
vystačit,7808
instituci,6210
poradenská,4450
automobilky,7670
soukromého,265
shánět,8219
jehly,7383
stretávajú,9184
dlažbu,9185
zvykne,8393
zbytečné,1258
registru,924
výstřih,9186
krytu,1458
tvarohem,2223
doménám,9187
part,9188
účtováno,6408
sedla,9189
bitu,1211
hodnotné,1416
existujícího,2675
nezačal,5079
hroutí,9190
květinový,9191
jim,1664
jeřáby,872
vlastnil,825
placené,601
nepoznáte,2858
motýlek,8528
mravence,9192
muzea,9193
panáka,9194
ptát,8316
naučte,2922
položil,6477
prasečí,9195
atypický,9196
županu,7508
faxy,2385
spoluzakladatel,9197
klasického,353
vyhození,9198
záruky,3963
okamžikem,827
uvedete,9199
sokolovně,9200
zjišťovat,7817
prohrává,9201
řemínek,9202
přihlásila,1982
svému,325
zámecké,4613
myslitele,8347
jeho,9203
přistát,9204
osvojit,6687
vyměnili,4191
schopnostem,7600
hasičů,3941
hlásilo,6725
torpédo,9205
pomoct,5647
usoudil,9206
posléze,9207
nepustil,4577
neplatné,1706
jistě,9208
napojeny,5643
mediální,9209
prostudujte,9210
výživa,5878
částečně,9211
jevišti,8062
hostitelů,3202
samý,1061
vzpomínka,5417
mechanickému,230
chřipky,3790
mostu,667
dostupnější,1763
vybaveni,208
strojku,9212
deníků,681
pojízdná,9213
spolupracovníci,1974
řezný,9214
game,9215
pevnější,344
nechť,9216
tichosti,9217
vetřelce,9218
mývalí,9219
zaznamenané,2438
investiční,9220
nejsem,3143
předpokládáme,5934
střevíček,9221
požadavků,1178
scénáři,1381
vesmírném,235
složitého,891
parky,9222
hospodaření,9223
nečinnost,840
přihlásilo,1982
kteroukoli,1307
chovatele,9224
zatčen,9225
balíku,359
zrakově,9226
informace,2040
tunelu,585
tepelnou,2169
priority,5839
filmům,874
štěňata,1983
rovnic,9227
kuličku,9228
vteřinách,3088
zrod,9229
rozvedená,5028
editorů,9230
barokní,9231
každém,623
jihozápad,9232
kde,9233
hospodu,6915
obchodech,678
vědom,9234
chladu,4530
záložník,9235
králíci,895
krokem,3164
dojede,9236
dospělá,1068
zapálil,9237
symboly,6619
prospekt,9238
operace,8145
jazykové,1584
epos,9239
kravatu,7430
exotickou,1168
záplaty,9240
zpravodajská,1044
magazínu,2176
výšku,9241
pravěké,9242
pohání,2995
ploše,1346
chceme,1899
brokolice,9243
nenajdou,5054
balónu,1929
uložením,8467
koťata,2601
dobrotu,9244
prováděcí,9245
popis,9246
vyskočí,9247
morálně,9248
zkouškám,4655
zeptat,3370
luxusní,9249
neplatíte,5235
nepomáhá,9250
prodavačka,9251
justiční,9252
namítnout,9253
nikoli,9254
nenapadlo,848
pozornosti,9255
kohout,5912
žurnalistiky,9256
sídlo,8816
město,9257
skleníku,404
dopoledne,9258
útočí,8415
projíždějící,9259
čerpadel,2810
elektromotoru,811
bylinky,9260
pokuste,9261
dostáváte,9262
pěstoval,7825
asi,9263
nebral,5455
objednat,6610
čehokoliv,2115
půlnoc,8619
paprika,9264
hracího,1952
obchody,678
napojeno,5643
zasláním,9265
příjemnější,4747
zbožím,6970
uložte,3542
světec,9266
geografické,9267
zvolenou,2769
vychladnout,9268
nezbytnost,5538
tipy,1707
stabilitu,9269
nejstarší,146
šedesát,9270
postelemi,1561
mrazicí,9271
posluchači,1773
bezpečnostního,3303
sebevědomě,9272
pošlete,6786
žárovkou,3654
drakem,8246
nizozemský,9273
zahájení,9274
tornádo,9275
žraloka,2129
poštovním,1304
metry,5786
určitou,1525
členitý,9276
můţe,9277
zeptal,3370
převádí,9278
ambulanci,9279
poznatků,4729
japonštiny,9280
registraci,9281
snadnější,6187
dějin,5815
podložce,2292
stat,9282
turistika,6733
spoluhráči,2162
algebry,4581
boom,9283
intimní,9284
rodilý,9285
kávy,2218
chvílích,5806
adaptéry,391
orientačně,9286
ochranou,6849
sólovou,3763
hromady,4896
krátkosrstý,9287
vinen,1626
lepšího,5562
šéfredaktora,4354
úlet,9288
vsadit,9289
zachránce,9290
pere,8569
zůstával,9291
poezii,7838
kojíte,7688
speciální,9292
neřekne,4155
spotřebák,9293
hýbat,9294
koncových,238
amatéry,4601
tvrdí,8709
ukazuje,4572
pobočkou,7498
symetrické,929
technice,841
čínského,1110
podsvícení,9295
panelovém,985
miliardu,9148
nejslavnější,2814
odezvy,4894
taštička,1248
nastaveného,472
ztratil,4921
zneužitím,9296
kundičku,9297
širokoúhlým,9298
poškozenému,360
kufru,186
milencem,7574
rostoucí,9299
kardiologie,9300
vnuk,5481
pěchotní,9301
balí,3320
vyšetřit,9302
fotografy,5789
demonstraci,9303
ultrazvuku,1426
námětem,1850
drobného,2801
vlhčené,9304
šuká,9305
konceptem,665
videokamer,321
mohlo,2281
princeznu,9306
kupovali,2634
koukat,3907
delegoval,9307
ramenem,6272
ford,9308
ostříhat,9309
překvapil,9310
sehnal,9311
formátu,979
všestrannost,9312
likvidátora,3228
knoflíkem,1928
spisovatelů,2884
ztracená,354
nakrájenou,9313
zahrady,1319
vyšetřovat,9314
mouku,9315
týdne,1375
upoutal,9316
starobního,4189
noví,225
dokladů,1050
vlajku,9317
rytmu,2221
honit,9318
zadavatele,9319
jakéhokoli,357
tendenci,9320
pohádek,4761
sochařství,9321
poháněné,9322
zdráv,1122
prohlašuje,5398
zemětřesení,9323
odpovědného,5253
přívěšky,9324
stejným,3971
vánoc,3216
aktualizací,9325
nezbytným,5360
stojánky,9326
inkoustu,2897
chemik,9327
procvičit,4033
stavebnictví,9328
celebritou,9329
kresby,8170
křišťál,9330
lidem,2489
figurku,9331
rizik,6597
laskavě,9332
provaz,9333
nejčtenější,9334
poradně,6881
seřadit,9335
datech,296
zmást,9336
bezpečného,425
celebrita,9337
průmyslník,9338
citoval,9339
nejvyšší,3619
chodíte,5880
odcházím,8002
sebevíc,9340
sekaček,640
houby,3755
faraon,9341
vědců,590
daních,6069
systemy,9342
dotykových,9343
publikuje,9344
registrovat,7391
bránící,9345
chováním,6190
milovali,6082
stejnou,3971
potravinovou,6509
samozřejmé,9346
uložených,387
nájemníků,1400
frameworku,9347
přiměřené,1827
účely,3439
palici,9348
rekonstruován,5989
kouče,9349
netušil,4940
rozumu,305
vyřazovací,9350
vyhoření,9351
zvířete,2992
rádi,4559
napadlo,848
středověk,9352
rodině,3779
profit,9353
státy,545
spolehlivou,302
kterak,9354
zatěžování,9355
stěží,9356
česky,9357
činností,4517
tělesnou,1792
sochař,9358
provádějící,9359
nárok,4372
škodlivými,247
manžou,9360
letěla,5279
svobodní,1119
vyřazení,9361
psychologů,4256
arkáda,9362
vraždit,7445
dívku,6704
dodávka,5035
diferenciální,9363
bloku,218
dramatický,9364
gusta,9365
strčil,9366
meditaci,9367
zásnubní,9368
váhou,4599
střešní,9369
nabízeným,1073
tísňové,9370
autobusy,143
kapitulní,9371
úplne,9372
informaci,2040
gravitační,9373
oprávněně,3018
bezpečnostním,3303
teďka,9374
prosí,8660
kontrolor,9375
každá,623
designovým,1005
pletené,9376
vykresluje,9377
uplně,9378
pojištěného,1562
kompatibilním,2679
účastníci,1794
vestavné,9379
ohrožuje,9380
zábavně,9381
uzemnění,9382
pásy,1620
brambor,9383
naposledy,9384
vyzvedl,9385
senátní,9386
recese,9387
bral,5455
zelí,9388
obřad,9389
popisován,9390
přečíst,3707
notečkou,9391
neberu,5455
odstraňte,7379
skladatelů,5460
jednoduchá,361
zem,9392
predikce,9393
draze,9394
památku,9395
přemýšlí,9396
skauti,2484
zněl,9397
blížit,9398
novináři,1280
nejeví,6772
domácím,609
postihnout,9399
instrumentů,9400
minutami,4698
družstevním,2900
hovoru,1339
nebavilo,6899
nářez,9401
přebal,9402
tréninkové,430
splatný,9403
vypíše,9404
certifikovaná,9405
identitou,3397
obyčejná,455
parametrem,4595
jednalo,6731
nejúčinnější,3316
zař,9406
maximalizaci,9407
vrtání,9408
postěžoval,9409
záchrana,9410
oddech,9411
garsonky,9412
školné,9413
normalne,9414
zakoupena,1011
vaječníku,3285
životů,485
plánoval,8199
spolehlivosti,9415
zdánlivě,9416
filmu,874
krmítko,9417
rovnováhu,7852
městečko,9418
paži,9419
redakčního,5203
napovídá,9420
atomy,2239
tiše,9421
zaplní,9422
náhodnému,1504
účastníků,1794
rýmu,9423
právníky,1700
fyziologické,9424
úsporné,469
atentátníka,4026
chorobami,4058
ústřičná,9425
baseballu,4807
prodlení,9426
kapsách,1440
hlásit,6725
tělocviku,3592
prapradědečka,9427
známkou,2479
měnová,2983
sportovce,1902
obelisk,9428
zhodnotí,7590
cívka,9429
matrace,7932
průsmyk,9430
myšlenek,5139
matematických,401
přestaly,1782
neziskové,9431
přizpůsobit,5036
trápit,6629
účastníkovi,1794
nohu,8226
prostorné,2127
divit,6616
návrhy,2071
enzym,9432
vlivy,6855
frekvenci,6362
cenným,1169
oslovených,9433
rybaření,9434
viset,9175
brunetky,9435
převádět,9278
řešitel,9436
matky,6663
dotyčné,565
plánu,673
objednaná,9437
archivář,9438
mniši,4568
připravení,433
podtext,9439
doplňku,1134
nestrukturovaná,9440
nevýrazný,9441
fixy,9442
výstupu,1468
vrcholovou,2630
ruská,899
zaměřená,2103
autentické,3250
přistáním,8414
neustálou,4784
cihlový,9443
cykly,2528
jelení,9444
akreditované,9445
vstává,3833
ideálem,2822
etiketa,9446
filtrování,9447
managementu,1680
aktiv,5262
oprávněné,1662
psovi,279
kabelového,422
partnerku,9448
klasika,9449
sklářský,9450
dobrovolníci,4946
hľadáte,9451
divadlo,9452
úplněk,9453
použili,4453
orál,9454
elegantně,9455
svíčka,9456
donucení,9457
chytat,9458
milióny,1190
dovolená,4005
momentě,2907
práv,4651
zápase,2002
prostoru,729
nastavili,1999
předepsat,9459
stojací,9460
distribuce,9461
transport,9462
ambasády,9463
horizont,9464
operátorům,710
dotazníku,427
zápasník,9465
pomůže,5647
zasouvá,9466
dieťa,9467
záchranu,9410
školách,1328
mal,9468
přihodit,7215
sedátko,9469
koupily,2096
beletrii,9470
pláče,4366
provždy,9471
využívanou,1762
napsat,4765
odborníky,824
zipem,9472
pečoval,5217
společníci,718
čistá,809
psi,279
aktualizováno,2062
operacím,8145
dirigenta,9473
nezdravé,9474
mistrovství,9475
komanda,9476
out,9477
celosvětovou,1161
flexibilitu,9478
vyberu,4695
výměnu,9479
zvyk,9480
vědu,5873
připomínat,9481
samotné,523
vejít,5126
zavěšen,9482
žurnalistiku,9256
snáze,5006
výběrem,2603
risk,9483
plechy,3279
prověření,9484
řadový,9485
oříšky,2774
narozky,9486
povídal,9487
odmítne,9488
prodejcem,2359
depozitáře,4307
pohledy,3409
říkadla,9489
viditelný,926
sem,9490
školce,5788
úschovna,9491
grilem,9492
nakládá,9493
pracovali,1938
boxy,960
škrábanců,9494
plát,9495
trpí,9496
společenské,2304
zabrala,2934
úspěšní,1430
závažnější,4888
bajtů,9497
odstraníte,7379
výletní,9498
stromečku,447
postupujte,6132
autonomním,3045
přepsání,9499
hospic,9500
americká,454
obžalovaných,3354
trampolíny,3227
klenotů,3155
asteroidu,5154
hledané,9501
exempláře,2426
bavič,9502
situovaný,9503
řidička,9504
sedmý,9505
hokejky,4593
líná,206
přenocování,9506
lehátka,5829
zavazadlovém,1276
hospodářské,1601
rozhodoval,9507
lodního,5747
obyčejní,455
kytky,9508
nevěděla,3324
postarat,9509
obrazové,234
najít,5054
klubovou,9510
kluzáky,9511
rozložením,7176
honí,9318
demokrat,6241
rukou,3989
číselník,9512
servisním,4762
podmořské,1703
nejdražším,185
piškoty,9513
stropě,2037
dotazů,4836
daň,6069
oběti,4400
sportovat,5734
letáky,2933
nedorazí,9514
obchodování,9515
ženou,3752
rychlým,750
fotím,7341
vzalo,3130
rektor,9516
vstupenky,3959
skleněnou,1528
tchyně,9517
ste,3143
přeměněn,8288
badatel,9518
přál,9519
bezpečném,425
hraček,334
jogurtu,253
tumor,9520
finančnictví,9521
lyžích,1602
nemáme,1970
rádiovým,776
zaplatili,4010
požadavkem,1178
představující,9522
možně,9523
zapojovat,5354
dopaden,9524
vybití,9525
předem,9526
mytí,9527
použijeme,4453
ministra,5121
propojující,9528
křik,9529
posezení,9530
umělého,1040
nabídne,9531
audioknihy,4468
ženich,9532
slovíčka,5429
hře,616
trpět,9496
rodičovské,1382
nemocnici,9533
nástupu,5949
pusu,9534
lístku,457
mor,9535
výchovné,4791
přestavuje,9536
expediční,9537
horu,4963
nejodolnější,1592
ošetřovatel,6974
pomalu,9538
dalece,9539
vozovku,9540
torpédoborec,9541
fotbalovou,1453
ekologické,1578
holčičí,9542
programovacím,959
rovinu,9543
napadají,5136
chápe,5169
neobsahuje,6401
důvěryhodnosti,9544
neschopnosti,9545
zájmu,3174
geometrie,8259
buditel,9546
výkonných,80
pohostinství,9547
praskne,9548
jehla,7383
vyhodnocením,7510
muzeum,9193
odchodu,7077
smazán,4974
obchodníky,1290
menstruace,9549
podnikatelka,1795
nekompromisně,9550
stylově,9551
procesní,9552
zlikvidoval,6510
responzivní,9553
členské,1331
analytického,1826
teroristé,2587
dráždivý,9554
soška,9555
galaxii,4925
obstojí,9556
chyb,4235
půlnoci,8619
koneckonců,9557
sběratel,9558
nedostatky,6907
navržené,373
aerolinek,4909
košíky,619
výhled,9559
nylonové,9560
jízdu,5855
probrat,9561
dávkovače,9562
asistence,9563
jednoduchého,361
postavička,9564
administrativě,6161
nepřátelskou,1469
úvazek,9565
myslivost,9566
nalepovací,9567
fotografickou,1191
vývojově,9568
povětšinou,9569
zaprvé,9570
údivu,9571
obžaloby,9572
vyměněny,4191
zkoumá,8724
narušení,9573
upsaný,9574
mluvit,9575
úsporu,4373
zájmech,3174
díla,7121
zvolí,8153
vyvinutým,983
komponoval,9576
druhou,1243
násilí,9577
příležitostně,9578
zdatné,1866
prvního,2136
vyšetřování,9579
účelné,9580
kontaktní,9581
použitelného,733
kamennou,802
rozumíme,3302
přemýšlet,9396
buddhistický,9582
zadaného,9583
nema,9584
slovinsky,9585
regulární,9586
optického,1230
rozčiluje,9587
netuší,4940
stíhací,9588
zprostředkovává,9589
paralelně,9590
milovat,6082
neznámých,1356
hlídání,9591
neobviklé,9592
turistickou,2175
stojíte,545
tělesa,7220
inkousty,2897
rámečky,9593
violoncello,9594
konstruktéra,6045
neprůchozí,9595
dobu,9596
odpovídat,9597
aktivaci,7062
tanečník,9598
projektového,2373
správnosti,9599
nárazník,9600
bušení,9601
termosublimační,9602
hraběcí,9603
eko,9604
zasedl,9605
jalovec,9606
přívěsy,487
ozbrojené,4203
dronů,541
závislí,986
výrobků,637
komerčním,2949
osob,5862
řešit,7327
vládu,6102
výkup,9607
najmout,9608
nešla,1758
poslouchám,1208
herními,364
zkoušení,9609
priorit,5839
pocitově,9610
dodaných,4575
nastaveny,1999
umělcem,620
návštěvníků,1187
však,9611
lidičky,9612
nakladače,9613
zen,9614
lužní,9615
tebe,2956
umělecké,2126
vznikal,9616
subwooferu,9617
dávkovací,9618
upraven,1434
chtěla,1899
účinek,9619
best,9620
odborn,9621
kameny,641
prvkem,1597
podněty,5297
čtenářky,9622
marketingovou,1740
koupila,2096
zachytit,9623
kvadrantu,9624
vulgární,9625
jídlem,2038
hlášek,3034
servírovací,9626
lexikální,9627
elementární,9628
ubránit,9629
farma,3381
děloze,9630
krajan,9631
veškerými,319
dárkem,1189
vyšetřovací,9632
letectva,2109
spotřebitelem,780
umyvadlem,6293
penisy,3004
číšníka,2777
rozdělená,2844
panenky,5287
tipů,9633
převážet,7702
nejjednodušších,361
prodlužovací,9634
dopravní,9635
četli,3336
perfektní,9636
vyžádání,9637
brankáře,5142
masturbaci,7605
kolonisté,9638
humanista,9639
televizích,194
dokončení,9640
dopřeje,9641
epidemiologie,9642
límec,9643
sklopit,9644
padákem,651
příbuzní,6600
říšský,9645
můžete,2281
magazine,2176
výkop,9646
propagační,9647
tiskem,508
pracovníkům,707
plnohodnotná,242
toaletního,6515
mladšímu,1207
čtyřkolky,9648
fanoušci,2252
dopřát,9649
zásobami,8368
zavazadel,1392
stacionář,9650
odhalil,7009
článek,9651
včerejška,9652
advokacie,9653
input,9654
avantgardy,9655
pololetní,9656
ultra,9657
stykem,1659
lípa,9658
výjimečně,9659
sestru,6954
nazvaný,9660
uvaření,7969
kompetentní,9661
kamarádkami,4031
neschopnost,9545
vybere,4695
mřížky,6630
nevrátí,7646
odvykání,9662
koni,385
nájemníky,1400
křovinořezy,1394
předán,9663
erotika,9664
žádosti,8624
hloupost,9665
farmy,3381
kinech,816
květnový,9666
středisku,5978
skandál,9667
kriminalitu,8107
síťka,9668
pokynům,728
poskytování,9669
termostatická,9670
deka,7008
šetrně,9671
republikou,4239
velkoplošné,9672
diváků,1759
kartonové,9673
tunely,585
opouštět,9674
vymyšlené,3681
pečení,9675
placením,6054
vzděláním,8790
bezproblémově,9676
daňové,835
dostatkem,4283
sekundy,3319
rozkládat,4452
sourozenci,3918
stopa,6836
živočichy,6247
sněhový,9677
přednastavených,9678
provedené,2942
cíleně,9679
nadprůměrný,9680
čtvrtky,9681
pouštím,9682
referenčního,3085
určeného,1470
nechávají,9683
vášnivý,9684
doručeny,9685
dovézt,7417
sledovat,8565
fantazie,6957
mel,9686
ekologii,8363
vyzvednout,9385
hnout,9687
trojnásobek,9688
bojkot,9689
zápisy,1713
deskriptivní,9690
aspekty,5242
pelíšky,9691
nevhodného,9692
guru,9693
souřadnic,9694
rodinka,3779
zápasu,2002
projektorům,9695
hepatitidy,9696
horniny,9697
zaměří,9698
znečištěné,9699
kalibrační,9700
užitku,3518
připomínající,9701
pravou,1910
soustavě,4083
cíle,2935
stojí,545
bufetu,1155
maloval,7161
dračí,9702
ležící,9703
nepoužité,581
vojenští,1335
husí,9704
dámy,1540
výzbroj,9705
přibyl,9706
půjčovnu,9707
automobilová,694
způsobilé,3709
elektromagnetického,8998
podlahovou,9708
jedinci,927
ignorování,9709
odložen,1616
zajištěné,1671
poslušně,9710
jednotlivců,1206
počátcích,9711
vyšle,8444
hůř,6039
nabíjením,4137
justice,9712
alergii,9713
zneužití,9296
ciferníkem,4887
nedorazil,7458
ignoruje,7332
vitrína,8698
odkud,9714
tvorbu,9715
zprvu,9716
vystěhování,9717
pivko,9718
patentovaným,9719
hands,9720
odstín,9721
kojím,7688
ministerstvu,4184
požadovaným,668
pigment,9722
brzdit,9723
jilm,9724
nicméně,9725
partnera,1041
aktuální,9726
jídelním,2358
položené,723
určeném,1470
nepřetržitým,2644
životopisem,2944
vyběhl,9727
ekonomů,4095
kontinenty,1405
rajčaty,2710
umístil,5318
řve,6688
aplikoval,5963
záchranáři,4403
důraz,9728
povolte,6567
rozklad,9729
poslanecký,9730
abecedě,5990
proměnné,9731
stylovým,350
spuštěných,1035
brigádní,9732
mělo,1970
ženatý,9733
busta,9734
pravdivé,7255
nakonec,9735
čtvrtě,6810
podklady,5707
myšlenkové,1567
dvojlůžkem,8468
nárokům,4372
vašich,50
nesmysly,3524
ochranné,1391
metoda,7080
odezvou,9736
provoní,9737
trojúhelníky,4231
mixovací,9738
sokolovna,9200
hráčskou,9739
zimu,9740
vakuum,9741
dekolt,9742
herectví,9743
chlapecké,3672
vlivům,6855
diagnózu,9744
letovisko,9745
vlastněné,9746
sestřenice,9747
piknik,9748
neprofesionální,1716
zjistili,4935
schopnou,915
nechápe,5169
anamnéza,9749
knihovníků,1063
opěrky,9750
slyšíte,7519
pohodlným,1237
konvička,3032
předá,9751
opticky,9752
jízdy,5855
policí,6779
padne,4420
používalo,660
pravdy,9753
lehátky,9754
tisíckrát,9755
otáčkách,9756
společenskovědní,9757
běžnými,157
nemalou,251
volal,7877
vyhlášený,9758
usadil,9759
mnohonásobně,9760
hlučné,9761
zesnulého,3214
jakému,2979
nevzpomínám,8858
dostavěn,9762
akustickou,3528
apoštolský,9763
uváděný,9764
přečetli,3707
statky,3288
nábor,9765
matku,6663
nemocnému,561
abstrakce,9766
nabízející,9767
nebezpečné,425
vzpomínkami,5417
ambasádu,9463
zpěváka,9768
výzdobu,9769
penzijního,3471
bytostmi,6373
muzikanti,2084
postiženým,730
menovci,9770
adresách,2792
doutníky,9771
přestavba,9772
nelíbil,8784
lesklý,9773
vymlouvat,9774
interním,1497
sdělování,9775
žampiony,9776
poslán,9777
pozorovací,9778
nárazu,4670
obdobný,9779
jihovýchod,9780
před,7408
změníte,6473
znal,5819
básníka,6027
vykázal,9781
ujel,9782
varné,4252
začátek,9783
vzorce,4416
komunikativní,9784
zjištění,9785
zdravotní,9786
zjištěním,9785
odeslaných,8364
vřetena,9787
oborem,1984
potřeb,1628
čehokoli,1822
ministře,5121
utekly,9788
žaloba,6689
přistane,9204
vinylové,9789
dešťovou,2690
samostatne,9790
gymnáziu,5394
slabé,1180
novinkydle,9791
zahrnovat,9792
ujetých,9793
třešně,9794
molekulární,9795
proměnilo,3053
příkazům,372
zemské,4690
kliknutím,9796
vakcínu,9797
dělaná,9798
poruše,4046
použila,4453
zvířátka,1709
hity,1668
koncentrát,9799
holinky,9800
ušetřil,6639
závěť,9801
botanickou,9802
námahy,3260
zdaleka,9803
zničeného,734
produkující,9103
dýchání,9804
dobroty,9244
orientuje,9805
měnovou,2983
nebezpečnou,425
podnikatelským,367
omyvatelný,9806
pojistitel,9807
kampusu,9808
platíme,5235
psychologie,9809
výchova,7467
mojí,232
drátů,6055
věnovat,9810
pásma,7679
pozoru,9811
překládat,9812
větrací,9813
ješte,9814
distributora,8803
kmitočtů,4322
prezidentské,1660
formulářů,2184
platbě,4383
tvrze,8420
školních,394
ztraceny,4921
pouliční,9815
astronoma,9816
umístěné,2633
divně,9817
jista,3517
nadbytečné,9818
pravomocemi,9819
něčeho,2955
fotografování,9820
skrýval,9821
lektory,9822
přiměřenou,1827
sázku,8033
pravděpodobnější,6909
elektromotorem,811
shodit,9823
uzlu,917
zlo,9824
křičel,9825
pustil,4577
paraboly,9826
maskou,6640
promluvit,9827
dopravu,9828
autorů,8560
kolegů,868
náctileté,9829
díváte,5977
spatřil,9830
svátek,9831
kartáčovaný,9832
ráje,3488
šachová,9833
rekordéry,9834
smrtící,9835
každému,623
oštěpem,6438
klad,9836
bychom,3143
ležím,4367
přístupné,3396
pěstování,9837
nástupišti,9838
papírová,263
enter,9839
brožuru,9840
osamělé,2423
zlikviduje,6510
sakra,9841
tahem,4098
zřizovatele,9842
jedl,4112
čidlem,9843
novorozence,9844
krabičce,535
věku,705
zásilka,8957
přespání,9845
comeback,9846
trávou,3276
legendární,9847
unikátní,9848
zámku,316
zpracovávají,2462
otcovy,9849
obrazovou,234
zprávu,9850
uskutečněn,9851
programovatelných,155
vytáhne,7542
rozumného,1687
běžnější,157
maturitě,3751
chlebem,405
známého,1356
trajektorie,9852
omítku,9853
mužskou,1158
postupně,9854
pojistníka,6869
předřadného,9855
poněvadž,9856
nepostradatelné,1842
bydlet,9857
sháněl,8219
valnou,9858
činely,9859
dosažený,9860
sousedy,828
plyš,9861
dekret,9862
strávená,1907
brzdí,9723
motivaci,9863
zraněný,9864
větší,1403
daním,6069
užívání,9865
mletou,2781
posuvu,9866
zpáteční,9867
neživé,9868
elektronové,9869
podnikáním,3084
přichází,6300
anonymního,2329
neberte,9870
vysloví,9871
lupou,5708
příslib,9872
nevyhnutelné,9873
ověřovat,9874
dealera,7322
vícekrát,9875
jadernou,831
jazykovědec,9876
nejhůř,6039
hospodařící,9877
vyzváni,9878
logu,8780
jaderného,831
uspět,6455
servisem,1697
úložišti,9879
letadel,606
přepínací,9880
kočička,1222
vibrace,9881
usadit,9759
nebezpečným,425
zřídkakdy,9882
noc,9883
prstenec,9884
ethanol,9885
poptávaný,9886
infrastrukturou,4454
mimča,9887
ergonomickou,1373
lékárníka,5830
naprostý,9888
kamarádce,4031
bezplatné,1514
odnese,7342
tržišti,8572
obdrží,9889
recyklovaného,9890
domnívají,4648
dominovat,9891
vojáky,1263
miliónu,1190
každodennímu,2075
zhubnout,9892
loutky,8559
životopisný,9893
přednosty,7972
hrajeme,2771
pevném,344
prostitutka,9894
omezeného,1685
přesvědčeni,4735
skluzavka,9895
odběratelé,2987
přelet,9896
kanadskou,2747
vyměněna,4191
ublížit,9897
pozáruční,9898
nepravidelnou,9899
ohřívání,9900
černou,2894
hledáčku,9901
minutách,4698
hlídače,8096
sehnat,9311
pánskou,3620
tušil,4940
přeměnil,8288
umřela,3204
přírody,4359
upéct,9902
snubní,9903
vzpomínáte,8858
odebírá,9904
barel,9905
stráž,8874
hýbe,9294
schváleným,4218
inspektorátu,2896
turisté,2717
zrakem,875
provázku,3703
nechají,3101
nakládat,9493
nealkoholické,9906
obecního,8201
omezeními,9907
nechtěly,1899
ověřené,2716
tymián,9908
kroku,3164
věnujete,9810
zpěvák,9768
zády,7249
příliš,9909
příhodu,9910
lidským,652
statutární,9911
šití,9912
předběhl,9913
bombou,3882
address,9914
stiskněte,9915
trenérskou,9916
rodokmeň,9917
rodinnou,698
jádrem,2535
dostatečné,1979
mentálně,9918
požadovaného,668
policisty,724
entita,9919
modulů,9920
odchovanec,9921
provedete,6953
výletě,1256
odvahu,9922
ústavodárný,9923
zapnuto,310
hotelu,1184
kult,9924
civilizace,7457
preferuje,8196
sektorech,288
péči,9925
podzim,9926
automatickém,202
mluvení,2724
vysílacím,2547
vězením,7546
odlišný,9927
našeho,232
cílové,262
šifra,8933
několikanásobně,9928
nechtějí,1899
prosklenou,9929
napadly,848
aerobic,9930
build,9931
hvězdárna,9932
kouzelníka,5339
chlopně,9933
následně,9934
sledován,1797
skate,9935
proměnnou,9936
veškerého,319
výkaly,9937
vojenskou,1335
rozpočtem,716
rozhlasová,859
radiátoru,9938
góly,2656
pervitinu,9939
konkurencí,9940
nabídněte,9941
položek,3849
nedávno,9942
archivech,3494
potreba,9943
učitelského,245
shodovat,9944
nerespektuje,9945
zavřená,1105
smát,5293
usnula,4481
hospodaří,9946
odcizené,9947
řízeno,1435
negativ,9948
novostavbu,9949
defekt,9950
publiku,7497
pozornost,9255
houpačka,7348
múzických,9951
zapomnělo,3610
veškerým,319
virových,6386
investovat,9952
geologickou,3213
ona,1664
požadavku,1178
karimatka,9953
nejzajímavější,5127
uvaříme,3418
potravinářství,9954
zatraceně,9955
navrhoval,9956
vrtulníku,642
autorského,1084
asistenci,9563
špičkovým,397
ručního,2111
pumpy,5533
blízkým,2396
čepicí,6703
závěsy,3964
strýcem,4772
otroka,5953
zanechá,8843
žalobkyně,2055
způsobí,8639
vztahovat,9957
mnohým,3813
stresovat,9958
háji,9959
star,9960
akční,9961
vyráběn,8110
změnit,6473
přiměřeným,1827
integrovaná,187
posádce,3641
urazil,9962
motivace,9863
izraelští,5763
ráfky,9963
stavíme,5382
otočí,8339
úschovu,5795
podnikatelské,367
objednala,6610
asistenti,2468
dopravníky,9635
veřejné,481
letní,9964
skrz,8853
servírovat,9965
pralesy,2967
zdravého,1122
italskou,4109
bezdomovci,9966
seznamovat,9967
předstírá,4021
mbox,9968
stávku,9969
kabáty,1074
posluchačům,1773
fretky,9970
vzpomeňte,4505
podmět,9971
surově,9972
prosklená,9973
fronty,6446
pravým,1910
profi,9974
trek,9975
podvečer,9976
skladeb,9977
těhotná,9978
problémům,1196
zalíbil,9979
odborného,1606
sis,4228
externě,9980
uniformy,4444
vycházky,9981
nouzově,9982
splňovat,9983
zahřeje,5017
zábavným,1849
dřevem,3301
domy,112
tahy,4098
sebevědomí,2095
knihovního,1624
periodicky,9984
pohybovým,1129
stěhování,9985
kupodivu,9986
uchování,9987
svým,325
vydavatelů,4813
zkoumané,9988
udělané,1461
ostrovní,9989
stačily,3347
barem,9990
podporován,1305
analyzuje,5219
zásobě,8368
interaktivních,584
křivku,9991
informoval,9992
miny,9993
daleko,9994
versus,9995
šunka,3789
spisovně,9996
pochybuji,9997
hedvábí,9998
statisticky,9999
celosvětově,10000
vypsat,9404
potápěčské,10001
námahou,3260
písnička,5094
lítat,10002
výrobce,10003
klonů,10004
abstraktního,3274
sloužil,4989
prezidenti,1867
riskovat,4007
pornografie,3369
demonstranti,10005
pokusí,9261
střeše,5928
nevěděli,3324
používaným,1019
ochrana,6849
cykloturistiku,8494
absolventi,4442
hlavy,3754
houslové,1674
zastoupený,10006
polohování,10007
potřebnými,1021
populární,7742
tílko,10008
vykonal,5029
nestačilo,3347
nakrájíme,10009
miluje,6082
značku,10010
potravin,2201
nějaké,468
zkušebny,10011
pacientky,597
extraligu,10012
moderním,1764
nedivil,6616
požádá,8574
magistrát,10013
uzpůsobena,5493
chystáte,7337
nejí,4112
ohrožení,10014
odkázán,10015
havarijní,10016
nahradil,4654
povinně,10017
kořen,10018
revír,10019
továrnou,3296
nenáročná,742
myšlením,3281
vousy,10020
vědní,10021
přirozeného,2991
plachty,6816
příslušné,866
statistice,6094
zbrusu,10022
rappera,10023
radarové,10024
zareagoval,7435
prodělal,10025
proužky,2320
dovču,10026
ujet,9782
příkazové,3505
postižených,730
pistoli,10027
delta,10028
filosofie,10029
screening,10030
tělesem,7220
zdokonaluje,10031
sebeovládání,10032
svorkovnice,10033
oblíbeného,1024
vojevůdce,10034
aku,10035
osobni,10036
trenýrky,10037
urážky,10038
modelovou,10039
astronomii,6834
instrumentální,10040
jenže,10041
delegáta,3212
nedovolil,4409
ukrýval,8766
stavebník,10042
čistění,10043
přehledem,4347
administrativu,6161
distributor,8803
balet,10044
zaujetí,10045
humorem,4213
plechová,318
chodba,1810
veteráni,4289
startovní,10046
kartáčky,10047
vyzkoušeli,5508
profesionálním,1716
pasivního,1934
můra,10048
kytaristu,10049
stádo,10050
frekvence,6362
dobro,10051
trpěl,9496
uvězněn,10052
úvěrové,1360
velkostatek,10053
tráva,3276
bok,8799
nadčasovým,2512
hráčku,10054
velmoci,10055
dostatku,4283
válečník,8043
řvala,6688
kupředu,10056
porodní,10057
přimět,10058
trasy,4527
grily,10059
kosmickém,311
ponor,10060
pohodlnou,1237
pod,10061
vzrůst,10062
balónky,10063
fungováním,3851
závodit,10064
obličeje,770
rizikovým,1492
pohoštění,10065
nástrahami,10066
řešeními,4457
půlroční,10067
animované,10068
předpony,10069
bodů,2032
uspořádán,2130
stranu,10070
obsahuje,6401
dotaci,10071
výpůjční,10072
utkání,10073
tratě,10074
operuje,7145
publikační,10075
chtějí,1899
leasingu,2063
velitele,7369
skloubit,10076
nováčka,3522
vrátím,7646
jedla,4112
šachta,10077
užívané,3076
profily,2887
nejmladší,1207
ohrožený,6278
odmítnout,9488
kazeta,4898
tričku,2302
zkombinovat,8563
postavíme,4501
lyžařskou,2232
natolik,10078
takovéto,764
topidlo,10079
vlastnímu,1055
chovatelské,10080
převody,2779
uplynul,10081
ukládají,3385
koloběžce,4477
plněný,10082
přestaňte,1782
klavírista,10083
nejvíc,10084
palubovce,10085
zaměstnal,5981
správou,3980
telefonického,893
současnou,2791
třídách,5290
víceméně,10086
interview,10087
nákladnou,966
lesní,10088
power,10089
středoškolské,2815
lůžkem,5107
parkování,10090
ventilační,10091
pneumatické,10092
motorovém,564
vodka,10093
dělání,3644
pláštěm,717
pololetí,10094
projektanti,5617
president,1867
skálou,8985
rodičia,10095
skládání,10096
manzel,10097
papež,10098
upraveným,1434
bráně,2892
lže,8471
vybavena,208
departement,10099
upravené,1434
postupoval,6132
terénní,10100
převrácení,10101
kardiovaskulárního,10102
nestihl,6532
užitnou,4341
obav,7996
neposkytuje,5972
žehlicí,10103
nezůstane,6925
nikoliv,9254
realizoval,7698
signalizační,10104
nejaktivnější,4634
pokoušet,10105
posun,10106
referenčním,3085
zbytečnost,7528
někter,10107
zřídit,10108
hlavně,10109
lepenky,6736
poradenskou,4450
prohnal,10110
auty,122
zpřístupněny,3416
papričky,10111
změňte,6473
kytarové,2751
nepovinný,10112
masivní,10113
ovlivněný,10114
sluchovým,7645
nakažených,3051
draslík,10115
životem,485
střet,10116
efektivnímu,2425
inclusive,10117
jednoznačný,10118
pocitem,2017
uzávěrka,10119
časti,10120
nadsázky,10121
vibrátory,10122
obrázků,1244
funkcionáře,4769
vybraná,524
umyjte,10123
služka,1557
aktivitám,4573
malované,10124
trampolíně,3227
krutý,10125
vhodně,8551
sebemenší,10126
satelitním,1959
regionálního,7466
ledvinky,10127
prorazil,10128
zařídil,2316
nejvíce,5952
tarifu,10129
přeživší,10130
prosperující,10131
řeči,10132
škodlivá,247
kabátu,1074
fotografové,5789
dopadající,10133
přístupnou,3396
umožní,10134
skrývá,9821
příjmech,962
vyhrál,4705
dělám,3644
kravina,2365
vadou,10135
socialistické,708
potrestat,6391
vyhodili,3265
fotbalistou,3512
předurčen,10136
kousků,5512
opony,6207
použitému,581
kterýho,10137
zdraží,10138
vířivka,10139
hvězdárně,9932
nutn,10140
odsud,10141
motocyklové,2059
prevenci,10142
parkem,1323
papírny,10143
pásce,2725
klíšťatům,10144
nezákonně,10145
poslance,8429
přečtou,3707
stranou,10070
blízké,2396
mlynář,10146
emigrantů,10147
občanů,805
designovou,1005
příslušnou,866
metropolitní,10148
organizaci,10149
spr,10150
vydavatele,4813
institucionální,10151
přepravu,10152
podržte,10153
moře,10154
příkonem,10155
vypínací,10156
ohniskovou,10157
posel,10158
pedagogy,6168
obohatit,10159
nahlásit,4502
dělit,10160
hvězdou,10161
knoflíky,1928
hmotného,1505
povolenou,3668
zrealizovat,10162
playlist,10163
bezchybné,1387
doporučenou,4282
blondýna,10164
sousední,10165
brýlí,1553
přenášena,10166
pokroku,2298
průvodcem,1219
ukazatelem,1655
plánovanou,1004
sledujete,8565
obdarovaný,10167
gotika,10168
opotřebení,10169
smířit,10170
sokolovny,9200
výroky,1089
zabránit,10171
sklíčko,10172
jmenovitý,10173
neurčitý,10174
píšící,3371
předchůdci,7359
ekonomik,1817
elektrotechnických,386
registrace,9281
kariéry,6918
kytku,9508
vkusu,2133
stejnojmenná,1920
fixní,10175
umožňoval,10176
rozpis,10177
etiku,10178
slabiny,10179
pacientů,597
převzít,10180
vestavěným,191
podporující,10181
vrtat,10182
konzervativní,10183
žárovkami,3654
antidepresiva,10184
nezapomenutelný,10185
veřejnost,10186
policii,8397
lingvistiky,8888
porozumět,10187
raketě,1586
nezávislosti,8979
platidlo,10188
mouka,9315
autoškoly,10189
atak,10190
jednotkami,1046
administrátory,10191
poznámkami,1076
nadávky,10192
vyrostl,10193
nedozví,10194
patřičnou,1692
vyjede,10195
rozuměly,3302
ústraní,10196
rozsvítí,10197
smýšlení,10198
nespokojená,10199
vyhodnocují,6529
nemusím,4512
mincí,8300
ozval,10200
hliníkovém,669
zadávané,10201
vzhledem,10202
regulátory,759
fix,10203
úmyslem,5877
metodiku,10204
statistik,10205
zřídka,10206
toxický,10207
odběrmagazín,10208
senátora,8628
posílat,8910
spojené,2851
servírka,10209
zavzpomínat,10210
výtvarného,2974
přepadl,10211
antikoncepci,10212
aktivista,10213
vypadnout,3110
nejedno,10214
předně,10215
zvládnutí,10216
víte,3324
skreč,10217
platné,1706
kostkou,3758
střelcem,2966
autorizované,878
logistika,10218
američtí,454
únavou,8707
nejdražšího,7935
uvedení,2209
motorkář,10219
mladíkovi,465
dopadl,10220
nejnovějšími,225
příprava,8515
objemy,7725
známí,1356
rozhodce,10221
převodové,10222
milenci,7574
poznal,2858
rodičovství,10223
chlupy,5672
vloupání,10224
polévku,10225
kolečky,4309
začínáte,6173
atletické,2266
totální,10226
desetinu,10227
odnejnovějšíhonejstaršíhonejlepšíhovybrat,10228
mezinárodní,10229
argumenty,3117
dálky,1912
hand,10230
následek,10231
ukázala,5755
pauzu,10232
připlatit,10233
podkrovní,10234
požadované,668
všemožné,10235
zaznamenaných,2438
korunu,5069
neúspěšného,1430
závory,10236
obory,10237
sériových,229
pedikúru,10238
benzínová,849
objektu,1116
úvaze,6051
nátěrové,10239
studovat,7169
vysněného,10240
aktivního,4634
lesk,10241
chován,1078
ruštiny,6245
další,10242
nebudeš,3143
smog,10243
déšťobchody,10244
vypít,10245
přáteli,297
chladičem,337
korýši,10246
stejny,10247
radarů,643
makroekonomické,10248
tématikou,10249
zřetel,6593
klasickým,353
nezapomene,3610
exilové,10250
môže,10251
vilem,10252
tichou,721
administrator,10253
strojnická,10254
záchranou,9410
majestátní,10255
určeným,1470
diskontní,10256
pejsci,1278
nadpis,10257
zadkem,2076
soutěžit,10258
spoluobčanům,7673
dokážou,3082
pavilonu,1644
urážku,10038
proběhl,10259
nenápadně,10260
evidovat,9011
teoretické,1566
horoskopy,2123
poučení,10261
dokázat,3082
právě,10262
pochodeň,10263
abys,4550
fotbale,329
právům,4651
zpřístupňuje,10264
chloubou,10265
neříkal,5545
žid,10266
koupelnou,1014
ďábla,10267
uspěchané,10268
jedu,1629
hemoroidy,10269
náročným,742
letů,4720
sváteční,10270
lahve,9096
olejomalba,10271
odebírat,10272
slušným,837
hořet,6923
nezletilé,6025
nemocnice,9533
aplikované,2192
menu,10273
record,10274
podívat,5632
založí,9032
časovou,1502
cenzuře,5496
kopanou,10275
alkoholu,366
rozhovoru,3104
zkouška,4655
kontrolovala,3982
suché,3035
očekával,10276
konkurenti,2889
slohové,10277
trhat,8410
objevený,10278
napsán,3613
staršími,146
soustředění,10279
mág,10280
názory,2231
míněno,10281
přemýšlel,9396
kontrolovali,3982
nálepkou,5131
teplákové,10282
výherci,2533
stěrače,1666
vzorně,10283
vitaminů,10284
napsalo,4765
vrt,10285
odsavače,10286
nejběžnějších,157
věty,8451
vězně,2157
chápat,5169
postavu,10287
vyzkoušíte,5508
poraden,10288
nemohou,2281
schopna,915
spoluobčany,7673
prostorové,701
hlídali,3292
archiválie,10289
velkokníže,10290
nádorové,10291
encyklopedické,3629
můžou,2281
research,10292
zhotoven,7157
výtky,10293
obnovte,4641
lívance,10294
rozpadá,10295
zákaznickou,794
vyučuje,4087
obývající,6390
nejenže,10296
výchovy,7467
doporučen,10297
armády,6502
vyplněn,8252
nechala,3101
organizovanou,1487
máslem,2499
obchodně,10298
režijní,10299
výhodnější,3784
jelikož,10300
přednostně,10301
odešla,6553
podpatky,10302
státnice,10303
pohodu,5930
týdny,1375
pronikl,10304
surovinu,7790
novoroční,10305
stylového,350
krbu,312
dirigent,9473
obratlovci,10306
ústrojím,10307
čtvrť,10308
utopil,10309
manipulaci,10310
vnučka,5809
brokolici,9243
automobilce,7670
typy,3067
nadávat,6264
příchodem,5295
faktem,7609
rozšiřte,10311
obíhající,10312
portálu,1669
láska,8924
protivníky,938
obohacený,10313
seznámen,10314
skupinové,413
hráčům,646
získávání,10315
polní,10316
důchodců,1185
organizovaná,1487
identické,1503
dopadení,9524
divadlu,9452
nesnaží,10317
náhradník,10318
marketingem,1820
okamžitou,1719
říkáte,5545
koule,10319
lepší,10320
zvážit,10321
nahrazovat,10322
samotěwellness,10323
efekt,10324
zachycen,9623
užitečných,1343
vzdáleným,680
výrazů,4049
dosavadní,10325
desítkové,10326
štítků,10327
míčku,10328
teplotou,5152
přestavbu,9772
neplatnévše,10329
leží,4367
náznak,10330
odjezdu,8673
vzdělanost,10331
přinesl,5735
konstruování,3064
nalačno,10332
vypnuto,275
nadporučík,10333
falešné,947
lingvista,10334
přepočtu,10335
nejkrásnější,6129
mládě,10336
opatrnější,5997
opakovaně,10337
rezervační,10338
záložny,10339
podlaží,10340
vypálit,10341
tričkem,2302
nákladů,1431
hliníkové,669
odešlete,10342
přenechat,10343
známými,1356
devátý,8286
reprezentuje,7643
výhybky,10344
utíkat,5572
vstupem,2383
svojí,325
rychlou,750
konkrétním,2905
závoj,10345
mateřskou,906
mikroslužeb,10346
sací,10347
přeměnu,10348
zřizovatel,9842
černobíle,10349
kouzelnou,4621
vyprodaný,10350
léto,10351
zkonfiskován,10352
boudu,7190
íránské,1760
vnímán,10353
bioodpad,10354
někom,517
vojenství,10355
mozkových,2008
odjížděl,10356
vypadalo,2028
síly,7366
údržba,7701
sůl,10357
účinnější,3316
badatelé,9518
stimulační,10358
vnímá,10359
hliníkovou,669
poesie,10360
mrtvého,1214
read,10361
přejít,8662
používaly,660
polyuretanu,10362
motorkáře,10219
členů,4246
hraji,2771
půjčení,10363
obalů,381
družině,10364
source,10365
nechávám,9683
rozlehlé,3682
nezapomněli,3610
muži,261
planetě,2158
nedostatečné,1979
pole,10366
montuje,2960
nepřetržitého,2644
vyvinul,7625
přizpůsobí,5036
inkubátoru,10367
zásobuje,10368
pitného,4423
upravit,10369
nepodstatné,10370
čistým,809
dlužníkovi,10371
periferii,699
rychlé,750
veterinární,10372
sestavené,1131
pardubický,10373
hrdinky,10374
popraven,10375
bílky,4182
nádech,10376
neobjevil,8558
odbor,10377
kotoučky,10378
šlehačkou,10379
horory,10380
bulharské,3487
regionálně,10381
houbou,3755
pojištění,10382
stíhaček,4293
krnovský,10383
opravdová,328
bergamot,10384
strukturované,3582
potravina,2201
zaměstnáním,3683
plakátu,603
hrajících,4802
kláštera,2610
uznán,10385
odpálit,10386
upevňovací,10387
zvědavost,8389
normálnímu,1944
nachlazení,10388
vzala,3130
namáhané,10389
dopustit,10390
zásadami,7007
příliv,10391
výhodu,10392
nazvat,10393
dívky,6704
vlohy,10394
opatrní,5997
desetina,10227
zprostředkovat,10395
žraloci,2129
rozhlase,458
soupeřů,1596
nevinná,822
mzdy,5868
moderních,1764
státu,545
pohotově,10396
schůdky,10397
kontaktem,2658
gel,10398
rodinou,3779
okruhů,1617
pozor,9811
výher,4899
připadající,10399
nevědí,3324
hráčské,9739
zpaměti,10400
filtraci,10401
vyhrazená,531
stavět,5382
rozluštit,10402
švagrem,1726
dětí,797
čekali,5760
imunitu,4876
reforma,8296
zažívání,10403
nudit,10404
pediatr,10405
vpád,10406
proto,10407
válkami,7271
zobrazován,4890
pruský,10408
pohyblivým,1253
fyzikálním,4387
opery,4070
šikovné,693
studenou,1322
tchýni,7396
prostředníka,4154
sociolog,10409
atestační,10410
dekoraci,10411
snowboardu,10412
kompatibilitu,10413
prezentovat,10414
tachometru,363
úkonům,2335
kanónem,2579
pokusům,2607
podnikům,2230
léčba,7433
panelech,135
žadatelé,3904
vydržím,4870
divadla,9452
upravenou,1434
dílko,10415
investuje,9952
stíhání,10416
objednávka,8195
průběh,10417
hrdinou,1351
badatele,9518
nemohly,2281
ovládaných,220
letěl,5279
můry,10048
kolapsu,3697
pozemního,6684
barvičky,10418
výchovného,4791
uděláš,4567
kvalifikovat,5610
časově,10419
pracovištích,2669
pohlednice,8741
zákaznické,794
látkami,5729
vylepší,5751
kohouta,5912
transportem,9462
obnovování,10420
seřazené,10421
definitivně,10422
výlučně,10423
obléci,10424
opálový,10425
souprav,3036
live,10426
děkan,10427
mladá,1207
jakoby,10428
výškově,10429
uši,3968
záškoláctví,10430
importovat,10431
elektronickém,71
přípony,10432
pohoří,10433
krajinná,10434
prodejců,2359
certifikátem,696
autorským,1084
uspokojí,7235
milenka,1281
cítí,6830
emocemi,10435
vagónů,4954
skákací,10436
dálková,493
odzkoušené,10437
přísunu,6814
napadli,848
nervového,174
počasí,8954
policistou,724
jater,2380
rozvojové,1729
venkovské,1329
zmatek,10438
stěžovat,8151
napomůže,10439
přestanou,1782
nechával,9683
brýlích,1553
kudy,10440
stadionu,2565
nedokončené,2676
zkoumající,8724
dokončí,7769
ovčí,10441
dané,757
množiny,5515
jich,1664
carské,10442
třídění,10443
složkou,1879
patnáct,10444
počkat,4265
obrazovým,234
testovala,3254
zaměřením,10445
vykonává,10446
albánské,2778
sošku,10447
výtahem,1085
veškerá,319
odvozený,10448
oválný,10449
neomezené,1685
ukládány,10450
puberty,10451
spor,10452
řízeny,303
začarovaným,10453
dokonalá,1681
předák,10454
voláním,8730
soudy,1293
umění,10455
pachateli,1421
naučily,2922
spat,10456
jakože,10457
ekonomického,752
moţnosti,10458
podoby,7693
jabloně,10459
imigranti,10460
houbu,3755
těhotnou,9978
aukce,6365
řeholní,10461
jasmín,10462
pobavil,10463
řečník,10464
místnostmi,1203
těhotenství,10465
nudí,10466
vděčný,10467
pomalou,212
zlepšil,10468
ozubená,10469
požadoval,5168
přijedu,8835
zorganizovat,10470
metrem,5786
vstupu,2383
pokouší,10105
komoru,10471
rámcový,10472
nuly,5366
inflaci,6385
svobodné,1119
prodám,5566
sežrat,10473
homogenní,10474
kadeřnice,3414
označit,10475
řeklo,8320
testech,435
předchozí,10476
procházet,4771
sledoval,8565
nadával,6264
muzikantů,2084
obuv,10477
procesů,992
referátů,3768
konstrukce,7203
povím,10478
pořádkem,4346
řekněme,4155
povolení,10479
noční,10480
svědkové,6992
skleněným,1528
nástěnce,10481
reprezentace,6646
otevřené,1210
nosil,5144
přijímající,10482
replikace,10483
strážní,3375
music,10484
lektorů,10485
tenké,442
sbírá,10486
gymnastiky,8406
dokumentaci,10487
připadá,4027
ruského,899
maliny,10488
zajíci,4590
závodního,2694
večeře,6702
prosím,8660
vězte,10489
nejradši,4559
zuřivě,10490
samostatná,853
jedine,10491
rozsáhlejší,1569
dohánět,10492
vědecká,766
posádky,3641
druhého,1243
granáty,3648
soudnímu,6010
tisku,508
netrápí,10493
vznikl,10494
očí,4044
několik,10495
zapisovatele,10496
čerstvou,1228
živil,8556
drah,3290
rituál,10497
instanci,7696
ovládaného,220
pokročilého,443
klasifikován,10498
podzemí,10499
oves,10500
oceánem,1735
prvotního,8604
řízená,303
půdorys,7764
frisbee,10501
vypadl,3110
přilehlou,5406
nejprodávanějším,6580
důkazů,3017
nedovoluje,10502
ušní,10503
vynesení,10504
kmitočtu,4322
strážců,2199
splácí,5464
portále,10505
reprezentačního,4644
mlýna,2097
ověřte,7611
neočekávaně,10506
dospělí,1068
spěchat,10507
odkazovat,8303
kvantová,8276
vraždil,10508
viceprezidentem,7138
šmrnc,10509
elektrony,2005
neznámí,8496
klubové,886
interního,1497
táhnout,7905
změněné,10510
chuťovku,10511
hlasového,685
jiným,1047
samotnou,523
pánské,3620
následovně,10512
zvyklí,4199
boss,10513
jmeno,10514
nespavosti,10515
závodníky,1251
obličejem,770
uchu,3968
zodpovědnost,10516
mafie,8059
statut,10517
podezření,10518
plochého,1066
nepřijatelný,4308
člunu,368
účinkující,10519
činžovní,10520
všimnul,6461
pracuji,1938
kostra,8995
zdobený,10521
pochyb,10522
vystavuje,10523
kamerových,10524
dosud,10525
bytem,192
řetízky,2104
dveřích,1678
říkáme,5545
rekordman,10526
bodě,2032
tepu,10527
sociologie,10528
rovnoměrně,10529
hokejová,1052
tituly,3236
neznam,10530
dokumentární,10531
unie,10532
básničky,10533
oběhové,10534
takticky,10535
realizační,10536
toliko,10537
zatočit,10538
sestavování,10539
motorické,10540
tenisovou,1857
vědělo,3324
vyšší,3619
principu,3464
specializovaná,497
polynomu,10541
nárazy,4670
vyučil,10542
čeští,936
variabilní,10543
ţáků,10544
stehno,10545
vlaků,140
kontrola,5980
dílny,4012
ideálním,5564
posedět,10546
padělání,10547
indikátory,2680
zkouším,6367
zničená,734
šortky,10548
hospodářsky,10549
dokumentyšperky,10550
sekundární,10551
tramvají,6001
návrhem,2071
ztracenou,354
podán,10552
ilegálně,10553
oponenta,8993
jízdné,10554
obžalován,3354
zásad,7007
rtěnky,10555
krytina,10556
vyhovuje,8257
principy,3464
vlnění,10557
zakrátko,10558
akceleraci,10559
nevzali,3130
krvinek,3566
benzínové,849
mečem,1577
keře,7228
kilometry,7655
bytosti,6373
starověk,10560
slovem,3077
dobrodružná,7650
zabíjí,10561
wikipedistu,8566
prdelka,10562
pohotovostní,8309
zábavná,1849
luštění,10563
neznal,5819
nejčerstvější,1228
získává,10564
přepočet,10335
konstruovány,3064
policistů,724
orientovaná,1177
nabídkové,10565
zaměřen,2103
čísle,10566
čtenářka,9622
pálka,8744
odborné,1606
nebezpečím,10567
hrdinka,1351
nechtě,10568
hvězdárny,9932
inkoustem,2897
vozil,8641
samostatnosti,8070
volně,10569
rozvinuté,1651
zřízení,10570
testovacím,10571
album,10572
kuřáci,2765
jistí,3517
obchodem,678
nebolí,10573
bikiny,10574
studentek,6487
propojeno,2948
students,10575
budiž,3143
prezentovaná,3976
zničení,10576
teoretickým,1566
souborné,10577
naší,232
formulářem,2184
utěrky,10578
soudem,1293
vysvětlíme,10579
rozumové,10580
pec,10581
nosnou,5403
jsme,3143
výstupního,10582
nabízet,6917
chmel,10583
kurva,10584
ikonou,1175
dvojnásobný,10585
hubnout,10586
mix,10587
víkendu,1589
modlitbu,10588
lisovací,10589
intervalu,7414
přeneseném,4853
odejít,6553
nenechává,3101
nezůstal,6925
plynovou,1412
implementaci,10590
zaměstnavatelů,1347
pojištěnému,1562
pomyslné,475
poměr,10591
tělísko,7220
konkurenceschopnost,10592
horou,4963
vývojovým,1340
pravo,10593
námořnictva,6355
splátku,7573
diplomy,1560
bytovou,904
paralelního,2277
site,10594
natáčecí,10595
návodů,1800
basketbalová,834
jezdil,9147
měsícůtyp,10596
řídicích,324
trail,10597
minci,8300
kanalizační,10598
nákupním,5537
kontinentu,1405
procházel,4771
vyučoval,4087
nárazů,4670
handicapem,4476
institucí,6210
manipulant,10599
špatnému,1639
tajným,1443
bodovky,10600
rodiči,489
buchta,4628
válí,2311
hadici,10601
rehabilitační,10602
pan,10603
znaků,4016
report,10604
předpokládat,5934
systémová,84
zdát,4172
nimi,1664
trosky,10605
sestavili,2338
měřil,5594
provozy,537
generací,6427
krajinou,8495
uschovejte,10606
médii,605
knedlíky,2354
snažící,10607
jakémkoli,357
občasné,1215
mezonetový,10608
ptactvo,10609
junior,10610
ukrajinskou,1708
zatím,10611
vyhoví,10612
kuchyňského,522
socialistickou,708
chytrých,55
digestoře,10613
namáhání,10614
nabídkami,10615
neobjeví,10616
nepočítal,3652
výdrží,8757
garant,10617
tlačítek,2433
dozorčí,10618
hvězdného,1939
československých,604
kráječe,10619
řádné,937
promítání,10620
vidíte,8260
ambulance,9279
razítka,8555
majitelé,2255
její,9203
konzultaci,10621
parametrům,4595
bydlí,9857
uhličitého,8914
tolik,10622
cílené,1765
nezadržitelně,10623
zkratek,10624
ucha,3968
stavitel,6623
pasažéři,6638
porodnice,10625
šikovnou,693
naložit,9493
solárium,10626
poradím,5661
sedadly,1482
naštval,8568
archiválií,10289
zjišťuji,10627
počkám,4265
rezervaci,10628
křižovatku,10629
vyplnit,8252
kráva,8917
zjednoduší,8125
včerejší,10630
vážící,10631
potěšil,10632
přečerpávací,10633
budovat,6259
podívám,5632
bezplatná,1514
prasátka,3317
presbytáře,5025
složka,1879
praček,266
pracovala,1938
mýho,232
publikovat,9344
podporoval,10634
požárního,8437
správnému,1032
univerzitě,1930
ukážu,5755
nevyřeší,6936
myšlenkám,5139
účetními,5452
rychlá,750
předlohy,5463
brouci,4649
rizoto,10635
vytahovat,10636
související,10637
bagry,1661
nápadu,817
cívkou,9429
jednom,615
svíčku,9456
přepravní,10638
napřed,10639
pořízená,1888
pobočky,7498
litoměřický,10640
přijede,8835
duhovky,10641
vzorců,4416
vnějšího,6208
mizerné,10642
oddělující,10643
únavy,8707
přísně,10644
kriminalisté,10645
hádky,10646
znaky,4016
úřednice,10647
obslužné,10648
šumu,1686
nabité,1479
stresu,1389
popište,10649
poutníci,5689
konkrétně,10650
proudu,942
tchána,3750
marihuany,10651
herečku,10652
vykonávané,10653
logického,1803
stavěl,5382
představenstva,7954
destruktivní,10654
zasazený,10655
osvětlené,10656
principem,3464
grafička,10657
vychytávek,5892
poddruh,10658
generálmajora,10659
stáhnou,5790
specializovaným,497
chladiče,337
vypisovat,9404
díru,8408
humanitní,10660
třebas,10661
nejpodstatnější,10370
výstrahu,10662
nejvzácnější,4061
povídku,10663
čili,10664
dají,4880
kliniku,10665
odpadní,10666
nechybí,8532
sochařskou,10667
pozemského,854
výplata,5571
dlažba,9185
vzdělává,10668
dědovi,10669
geologie,10670
kapitalismu,647
sádrokartonové,10671
svobodným,1119
konfliktní,10672
nesouhlas,10673
konkurentem,2889
neber,10674
zralou,530
kontextové,10675
pozorně,10676
nastavitelnou,10677
nabitá,1479
prohlídku,10678
tarifní,10679
prožitky,3947
dovedl,5921
kofeinu,10680
vybavených,208
faktorem,3012
stálou,3855
kontaktoval,10681
pantofle,10682
obnovení,10683
tabákové,10684
kalendářním,5759
tygra,5134
opravny,10685
zásadnější,10686
stěžejní,10687
léčit,10688
neřeším,10689
původce,10690
písemnictví,10691
míň,8383
pěšce,10692
ovocem,4892
montované,10693
atletika,5705
četl,3336
případů,1390
celým,1564
palivem,8918
vhodného,1744
slunce,10694
pohádce,4761
motorových,564
stávajícího,3065
drogami,4156
vypořádat,10695
zvlášť,10696
sever,10697
příjemce,10698
psychologii,9809
prstu,4062
vadu,10135
nadváhou,10699
nečtu,10700
pochoutku,10701
doprava,9828
později,7516
vstupující,10702
laserem,10703
nastavitelným,10704
odběry,5097
poslancům,8429
funkcionalita,10705
vyhrožuje,10706
pravdu,9753
výhledově,10707
čínské,1110
dojdu,8239
buněk,2602
neviditelné,10708
integrální,10709
natažené,10710
protiprávně,10711
uvařila,3418
paleontolog,10712
maska,6640
nejdále,9994
představíme,5939
tatarák,10713
datovém,200
uskladnění,10714
kolegou,868
zaručeno,4560
romské,10715
jihoafrický,10716
definován,3991
právní,10717
nemocní,561
modlit,10718
lokalizovat,10719
tuňáka,8845
services,10720
zkušenou,2290
teploměru,449
dovozce,10721
nákupního,5537
myslela,2554
internátu,10722
antioxidant,10723
podstatný,10370
jehličkovým,7291
služeb,1450
písemné,2437
arbitrážní,10724
výtvarná,2974
kondenzátory,10725
didaktického,1006
aerobní,10726
teplotní,10727
logická,1803
snů,2364
zaměřoval,8418
režisér,10728
ohrožující,10729
zmrzliny,4086
vařené,10730
vydírání,10731
vyplňování,10732
nálet,10733
centů,8264
těžkou,2110
útlum,10734
byrokracii,10735
samosprávný,10736
chránili,2012
udeří,10737
přístavní,10738
štítě,180
propojených,1057
drátem,6055
bomby,3882
error,10739
poškozuje,10740
správná,1032
batolat,2970
dokázalo,3082
preferuji,10741
normy,10742
odpady,1371
vor,10743
uvěří,6068
bufetovou,10744
neříká,5545
přípravou,8515
kolečka,4309
úvěrem,277
rozhodování,10745
paliva,8918
soucit,10746
anonymity,10747
bezdrát,10748
doveze,7417
čtyřku,10749
hasičského,1993
camera,10750
výrobců,10003
píča,10751
náležitě,10752
promluví,9827
definoval,10753
disponoval,6871
balkonem,10754
přejet,10755
revolucí,7415
náprsní,10756
aktualizovaná,555
optice,6885
zcela,10757
funkčním,550
konstruktérů,6045
zeměpisu,8229
nesprávných,1032
turnaje,4066
diktátu,2705
krásky,10758
bomba,3882
výjev,10759
náramky,1513
kurzu,10760
dveří,1678
svěží,10761
synem,2422
pohyboval,10762
regulátorů,759
atletického,2266
scenárista,10763
mobiliáře,1451
trpaslíky,1031
polstrováním,10764
zpříjemní,10765
mistrovský,10766
protivníci,938
útočit,8415
zkrácený,10767
plazi,10768
vidlici,10769
školská,3252
náročnost,10770
pamatuji,2951
kroutící,10771
nastal,10772
navštěvoval,8485
žádnou,1556
shledal,10773
mapami,6103
křičet,9825
zavést,10774
standardy,2087
slečna,10775
klika,6433
soukromým,265
dvacátý,10776
lety,4455
soudil,10777
animovaného,10778
klíště,10144
felace,10779
antibiotika,10780
překážka,6231
levé,2729
respondent,3361
hrajte,2771
spadnout,4911
ruštině,6245
rakev,10781
slávy,10782
chemii,10783
regulovatelný,10784
chodidla,10785
kolečkem,4309
cenou,8702
společně,10786
use,10787
tiskařské,10788
vešli,5126
propustnosti,10789
přístrojová,10790
letectvem,2109
pilový,10791
drahými,185
dovede,5921
procházky,7244
pohybující,10792
masívu,10793
rezervovat,10794
bys,3143
herce,5883
mladé,1207
technologického,914
pomocí,7108
ekonomické,752
polovina,7093
sekunda,3319
přispěvatele,6843
fotografické,1191
horolezce,3826
termínem,4504
editací,6982
představě,6251
hádanky,10795
schody,10796
přistálo,9204
hlubin,10797
odběratele,2987
vnutit,10798
korpusy,1997
objednávky,8195
uvědomuji,4662
stanoviště,6995
reaktorů,298
viděly,8260
pochádzam,10799
výstupním,10800
asistencí,9563
bateriemi,1779
zaslán,8211
kroupy,10801
měsíců,2958
neexistovalo,1900
asiatky,10802
asistentů,2468
kontaktování,10803
lyžařské,2232
vystaví,8435
archivní,10804
hlukem,3097
stravného,10805
zimní,10806
standardem,2087
vrtulníkem,642
částic,10807
koupeno,2096
nechává,9683
lektoři,2052
využiji,10808
medailista,10809
musíme,4512
převezme,10180
výpočtech,1943
výdrž,8757
zbaví,8503
řekl,8320
polohy,10810
všimne,6461
pražce,10811
antén,2153
kolíky,1593
mání,10812
službami,1450
záchrany,9410
případy,1390
výuční,10813
kilometrový,10814
detekce,8132
potištěné,10815
nastávající,10816
prší,10817
statistického,1961
základními,1769
fantastickou,1710
výstřední,10818
neprospívá,10819
dojezd,10820
aktualizovány,2062
jídelníčky,10821
kardio,10822
entry,10823
sluhy,10824
kusy,2314
uvědomíme,3876
potíže,5581
konstruována,3064
rakovina,5213
prezentací,4780
preparáty,1575
omezit,10825
nasazení,8637
prospěch,10826
autorských,1084
stejnojmennou,1920
kterými,2595
líbit,8784
core,10827
cestoval,2925
bianocz,10828
katastrofa,6392
skautské,1625
navrhovatel,10829
cele,5292
nezávadné,5042
vlády,6102
sadech,7230
jedoucí,10830
řídících,657
odeslání,9110
budoucnost,5945
alternativní,10831
sbírka,6236
přezkoušení,10832
činky,10833
metodám,7080
cestám,2583
parkovištěm,5552
sedadlech,1482
dostanou,4679
bratrská,10834
hliníku,4863
prostorově,8716
fotografií,4961
vezmi,3130
výherců,2533
významnější,6301
arašídy,10835
elegantním,4217
schází,10836
nejíst,10837
bujný,10838
zmenší,10839
svá,325
konceptů,665
mrakodrapy,2593
osobami,5862
přebalování,10840
poskytovanou,8452
mysleli,7134
dotyku,2371
hledám,8169
renesančního,7662
kliky,6433
zařizování,10841
potřebách,1628
nemorální,10842
umytí,10843
slabinou,10179
ohřevem,10844
int,10845
včelstva,10846
vystavovat,10523
kopce,3686
dělníka,5102
seděly,957
seriózně,10847
statistické,1961
chápán,10848
šampionátu,1413
zahajovací,10849
mnicha,4568
limitem,10850
cílovým,262
poruch,4046
odměny,6079
ovládnutí,10851
omezené,1685
chatou,2282
jevy,5114
spotřebním,1333
síto,4768
hůře,10852
oxid,10853
hluku,3097
místa,7561
ověří,7611
midi,10854
faktickou,5074
obživy,10855
regálu,1250
nosila,5144
střevní,10856
kulturu,10857
úspěšnější,1430
očima,4044
urychlí,8710
přinést,5735
chata,2282
bílou,2818
víceúčelového,1034
pohádkou,4761
přistávací,10858
litr,10859
stavěné,10860
vandalů,10861
vést,10862
odmítat,10863
bývalého,2712
krvácet,10864
typografie,10865
přezdívaný,10866
vlastnostem,10867
nevidíte,8260
zobrazují,4890
detektivka,6664
indikuje,10868
smyčku,10869
nesouvisející,10870
evidentní,10871
sušičce,2611
staráme,418
přicházet,6300
deblový,10872
slabá,1180
volte,10873
poradě,9094
docházka,7644
korespondenci,10874
továrně,3296
navíjení,10875
kraje,3314
souboru,488
dělo,10876
užitečná,1343
prarodičích,10877
obdankovany,10878
totalitního,4362
filosofa,10879
vzdálená,680
demokracie,4811
stoupnout,10880
impéria,4732
polohu,10810
pásky,2725
zlomené,10881
nebudeme,3143
samostatným,853
personálu,1205
využíváním,5803
nedostanete,4679
realismu,3003
přiměřená,1827
ženy,3752
okolní,10882
porozumí,10187
kosmetické,1439
metodami,7080
revoluci,7415
modernizované,10883
vitální,10884
slabou,1180
volám,7877
čerstvé,1228
aplikovat,5963
diagnostických,533
množině,5515
plechovka,7056
oblohy,10885
soutěži,7409
výstražný,10886
zvracet,10887
obvodního,4513
aktuálně,10888
stolech,48
registračního,6017
přidělení,4973
omezí,10825
promítán,10889
konvenčním,4000
vyléčit,10890
šachových,195
zápisu,1713
stoupenec,10891
podstatně,10892
pečlivě,10893
uměním,10455
průzkumu,2141
odeslán,10894
životopisy,2944
rovnoměrný,10895
darovala,4913
prohlašuji,5398
praskliny,10896
nutnost,6229
running,10897
ekologického,1578
svorky,6095
maskovací,10898
vetší,10899
odpadků,10900
koncepční,10901
atomovou,10902
slově,3077
kupujících,2361
aktivitou,4573
brněnskou,2246
dobírku,10903
vyměníme,4191
troubě,860
zvažte,10321
mezilidské,10904
exekuce,10905
znemožnit,10906
materiálně,10907
zavřela,4463
poslechnout,1208
rozdělení,10908
základny,5891
nadprůměrně,10909
nemuselo,4512
kusu,2314
náchylná,5252
úhradu,10910
rozhovory,3104
pamlsky,10911
konkurence,9940
uvedlo,9199
nalezne,10912
dvacáté,10776
filozofa,10913
zapálit,9237
zodpovědnosti,10516
medicíny,5711
horko,10914
báňská,10915
multiwatt,10916
umísťuje,10917
spermie,10918
výzvu,10919
samostatném,853
karbon,10920
ovlivňován,10921
řádově,10922
jazyce,527
nevlastního,1055
počiny,4399
jakákoliv,582
zavřeli,4463
rodičovská,1382
zaplatila,4010
nemuseli,4512
bojíte,5906
fotbalová,1453
darem,6164
přepisem,3344
příčně,10923
pokoušel,10105
vyplatil,8269
zapsání,10924
bakaláře,3605
průkazem,1117
slečnu,10775
rozhodnout,7319
pokličku,10925
radiátorů,10926
vymysleli,3785
urychleně,10927
nevýhody,10928
pažní,10929
spali,1459
chátrající,10930
prošel,8711
prověří,10931
jednotu,10932
hrozbou,1949
nadsázkou,10121
žaluzií,10933
dosah,10934
rotoru,4250
zpětně,10935
tety,4251
přiloženého,1683
kleště,10936
kapota,10937
nejnáročnějších,742
salašnický,10938
hledat,8169
zasvěcený,10939
přiveze,6969
tělesné,1792
rezistentní,10940
autobusech,143
neznalost,10941
zůstanu,6925
blokaci,10942
dpi,10943
mantinely,10944
fleecová,10945
dělostřeleckou,3116
ovládacím,10946
jedou,1629
večerní,10947
jaksi,10948
zprávy,9850
čepičku,10949
kontinentů,1405
zaměstnanecké,10950
viditelně,10951
vniknutí,10952
fagot,10953
elektrodou,8089
sousedům,828
pochádza,10954
holčičku,8795
jízdního,2150
papriku,9264
učebního,2569
spolubojovníky,10955
odjel,10956
hvězdu,10161
obvodovou,7496
dravce,10957
nejnovějším,225
vytvoří,5854
kupuji,2634
likvidovat,8629
nejblíže,10958
požaduje,5168
přestávka,4011
náměstek,10959
věrohodnost,10960
krystalem,1796
nenastoupil,10961
čekám,5760
zničili,2117
udržet,8206
uchazečů,1998
invaze,10962
generační,10963
vítěze,8143
opustilo,7207
motorovým,564
porn,10964
přejel,10755
funk,10965
nenechala,3101
zálohové,10966
věkem,705
vycházku,9981
database,10967
anatomie,10968
vývody,10969
opravují,2039
vrcholové,2630
basic,10970
blbé,1334
delší,4386
krizovou,2122
některým,1260
polygrafie,10971
skeptický,10972
otřesům,2929
vozů,108
vězňů,2157
hvězdy,10161
přírodovědecké,10973
produktů,1165
samospráv,5176
srážlivosti,10974
hebrejština,10975
předcházející,10976
senzoru,10977
slušné,837
přídavných,656
představa,6251
malým,251
výpisů,3939
instruktora,10978
můžeš,2281
přistoupit,10979
obětovat,6335
možnou,3441
účtovány,6408
kopíruje,2649
předmětů,1776
ring,10980
pedagogickou,3403
slovům,3077
obecně,10981
představ,6251
mokré,2010
předposlední,10982
kolektivem,10983
emočně,10984
poukázka,10985
kostkami,3758
profesorka,10986
helpdesk,10987
předloží,10988
měla,1970
krbem,312
kupce,3701
volající,10989
nádrže,7685
projektu,41
vzbudí,7765
kolegům,868
sládek,10990
reformní,10991
nemělo,1970
železnice,8022
předevčírem,10992
kotouče,1643
výměr,10993
bezprostřední,10994
vypadám,2028
potřebných,1021
rozvědky,10995
umírat,10996
octavia,10997
příruček,2106
hostinci,6728
menšina,10998
smáli,5293
častý,5821
přečtu,3707
ekologickou,1578
základu,1384
pohádkové,842
dávat,10999
imunitního,2019
ponorkám,1843
edition,11000
hoden,1414
dojdou,8239
nevznikl,10494
horolezecké,3826
neinvazivní,11001
vybudovat,6162
vybereme,4695
kurzy,10760
mrtvým,1214
manažerského,5362
poučen,11002
oblečená,1550
stránce,3749
pluk,11003
neupravené,11004
františkánů,11005
propad,11006
přesvědčen,4735
bubny,1856
membránu,11007
stojící,11008
genetiku,6337
oblečené,1550
espressa,11009
háčky,3200
studiu,7848
vrácené,11010
otevřela,2616
entropie,11011
komunikací,4625
kterémkoliv,515
poskytovatelů,1783
obojživelníky,11012
kouli,10319
schopni,915
cvičím,4924
velikou,1915
liště,6988
outdoorové,11013
žalud,11014
jízdě,5855
bohoslužbu,11015
rychlostní,11016
vřed,11017
pleso,11018
moderátora,4314
dinosaurů,7365
pásmu,7679
ovlivňující,11019
vybraného,524
nastoupit,10961
odeslal,11020
designed,11021
dětskému,132
vykonané,11022
roubenka,11023
režimů,249
kopřivka,11024
považovat,11025
kompletního,5092
snímat,11026
omezovat,11027
sebedůvěru,11028
situacím,8093
valivý,11029
nemohla,2281
ohlas,11030
obcházet,7272
umístění,11031
support,11032
spuštěno,1135
nejpřesněji,6652
chrániče,11033
ochraňuje,11034
tématům,11035
konstrukčně,11036
pořadatele,6002
podporovat,10634
vodotiskem,11037
vypátrat,11038
brečí,8802
chudoba,11039
vysokorychlostních,691
milí,5070
odkazů,4159
jakémkoliv,582
zkušebně,10011
předvést,8380
drtivá,11040
pozadím,6882
antibiotikum,10780
jakákoli,357
zámeckou,11041
nevešel,11042
učebnímu,2569
rušné,11043
šátky,2813
vyskočil,9247
meteorologie,5002
biography,11044
odhalovat,11045
úspěšného,1430
desítky,10326
narušuje,11046
vzat,8591
nechyběl,11047
nosiči,554
vinná,1626
kelímku,11048
hasiči,3941
letadlovou,5726
dojít,8239
neklid,11049
slyšet,7519
končetiny,11050
reading,11051
polikliniky,8295
začíná,6173
transakci,8465
dopisů,1321
silničního,6149
přeplněné,11052
zabíjet,10561
obtíží,11053
poklidu,11054
vana,11055
komunisti,2429
extrém,7091
převzatý,11056
klan,11057
krásnej,11058
download,11059
line,11060
halou,5754
energetickou,2171
nekoupila,2096
kroniku,11061
skutečnost,7738
fragment,11062
chtělo,1899
redirect,11063
hraješ,2771
živoucí,11064
nechali,3101
zkušenost,11065
chudobu,11039
borůvky,11066
dospělým,1068
vrtáky,1954
potvrzovací,11067
úměrně,11068
ukončený,11069
sýrem,602
bezproblémovou,2137
šrouby,2963
hoře,6923
chráněným,754
zrcadlové,687
narazí,11070
zástup,11071
agresivní,11072
naučné,6980
neztratil,4921
fuk,11073
trestné,2412
klapky,11074
studijním,1786
zavěsit,11075
souřadnice,11076
ventily,3199
provede,6953
řízených,303
seznámeni,11077
předával,11078
nežádoucí,11079
svíčkami,9456
dobré,2760
otcem,1448
převážně,11080
berte,5455
čtvrtletně,11081
miniaturních,423
míčové,11082
končinách,11083
spaluje,11084
pomsta,11085
imunologie,11086
patentovanou,11087
jih,11088
zvládají,11089
podpořený,11090
dobytkem,2592
kreativně,11091
proměnlivý,11092
vyplatilo,8269
věděla,3324
bojiště,11093
srbskou,4518
jednolodní,11094
zastoupen,11095
špehoval,11096
hradí,11097
výtažek,11098
koupě,3224
střelce,2966
padesát,11099
pedagogem,6168
emocionální,11100
lva,5690
stavem,3573
obrazová,11101
rychlovka,11102
hospodářskou,1601
komunistů,2429
justici,11103
miliard,9148
nevíš,3324
poledne,11104
rezervu,11105
stavy,3573
biologickým,1125
zlato,11106
dovezené,11107
autorit,5263
očistu,11108
embargo,11109
komáři,11110
sdílel,6660
odjede,10956
prémiová,11111
vanu,11112
koza,5890
četbou,3451
veřejnosti,10186
kojence,11113
vyhodnoceny,4823
mostem,667
monotónní,11114
nepostradatelným,1842
pečiva,3917
fanouškem,2252
gymnastice,8406
oblíbené,1024
mající,11115
raket,1586
boxu,960
kapsli,11116
myšlena,2554
spáchat,11117
koncovým,238
daném,757
šlehací,11118
jóga,11119
rozpočtovým,952
odborového,2485
zákoníkem,1380
svatyni,11120
firmám,1419
neaktuální,11121
kompetence,11122
osmkrát,11123
sekretariátu,5379
louku,11124
komoda,6507
bronzový,11125
čaje,823
převodníku,11126
cviky,5650
drtiče,11127
homosexuál,11128
prověřovat,11129
tisícovka,2224
pomocné,3859
kotlem,644
nenošená,11130
stojím,545
ošetřit,11131
potomka,4742
hranami,11132
navržená,373
sokl,11133
nápovědě,11134
kanálu,666
shromáždit,11135
vazbu,11136
činnostech,4517
zastat,11137
vteřiny,3088
prázdnotou,11138
desítkám,10326
klientelu,11139
nestává,3832
čerstvě,11140
překontrolovat,11141
viem,11142
hřištěm,7037
ulehčuje,11143
neb,11144
napětím,11145
vyzbrojen,11146
triček,2302
skokem,1790
nakladatele,11147
seznamem,3775
pedagogické,3403
kterýž,2595
chladné,1257
hráli,2771
začněte,5079
doručovat,11148
různorodé,3745
vzpomněl,4505
cestovné,11149
radikálně,11150
výdejní,8114
chystat,11151
statické,1636
hříchy,4263
jenž,4435
určená,1470
jugoslávské,930
taktem,5559
takovýho,502
prezidentská,1660
sklápěcí,11152
pořádaný,11153
váček,11154
domací,11155
řetízkem,11156
zadaná,11157
lihovar,11158
brání,4739
všimnete,6461
čilý,11159
citáty,4606
proběhnout,10259
objednávek,8195
denním,4829
organizování,11160
nervů,1546
životopisu,2944
koncesi,11161
nehmotného,1505
frame,11162
šance,5995
dokončil,7769
daroval,4913
vchodu,2585
vyzdoben,11163
kroužky,2004
rukavicích,5257
nádoru,625
býk,11164
ukazovala,4572
závad,4618
kvalifikoval,5610
odmítající,10863
analýza,5865
happening,11165
komunitu,8242
dvojče,11166
šéfové,2173
přinejmenším,11167
didaktiky,11168
ukrajinské,1708
polepy,11169
povídat,9487
představuje,7844
jistější,3517
střela,11170
daným,757
přiznat,11171
politik,4970
zvedl,8525
velezradu,11172
potřebou,1628
včelí,11173
technická,1404
kteroukoliv,515
vědomé,9234
úhradou,11174
léčení,11175
brzy,1832
ráfek,9963
vydáván,4638
draho,11176
karimatky,9953
chovám,1078
ústa,11177
symetricky,11178
strojního,5291
pět,11179
pohromadě,11180
plastového,476
application,11181
úryvek,11182
sanatorium,11183
dejte,4880
kter,11184
volnému,2088
úchytky,11185
levo,11186
bezúhonnost,11187
spustila,1135
nácviku,5714
výstraha,9169
bob,8627
napsané,3613
mate,5907
ekonomové,4095
udělen,11188
hráčka,10054
britskou,3527
frézovaného,11189
obtížnější,4534
krychle,11190
šampion,11191
agresivitu,11192
obrazových,234
mop,11193
spořitelna,6465
schválen,4218
prováděn,11194
chemické,1576
tetu,4251
omylu,2795
požadavkům,1178
obdivuje,11195
jezdce,1433
nadcházející,11196
stěhuje,6839
sektorem,288
dospívajících,3408
platebního,911
necháme,3101
letce,8894
copy,11197
neměnil,7778
odbojové,11198
kamenem,641
derivát,11199
příchozích,3286
podniknout,11200
svisle,11201
jela,1629
fast,11202
převodovkou,4665
nazpaměť,11203
vleky,11204
šalvěj,11205
autismem,11206
řeším,7327
přála,9519
konkurentů,2889
motoristé,11207
odpovědí,5985
netopýři,4336
ukázku,11208
poškozeným,360
pěkně,11209
přírodovědná,11210
roláky,1635
letounů,618
sluncem,10694
hostit,8833
plavbu,11211
košíku,619
skills,11212
telefonních,861
středověkým,3140
stealth,11213
kaštan,11214
prodloužený,11215
kupované,11216
jezuity,11217
modifikovat,11218
opraveno,1271
stánky,1543
sponzor,11219
ekonomickou,752
protektor,11220
záležitosti,11221
ohrožovat,9380
odnímatelným,3710
skoku,1790
sklenice,11222
uhlí,11223
temperované,11224
zemětřesením,9323
označovat,11225
všední,11226
vygenerování,11227
patrně,11228
zástavu,11229
platnou,1706
dopravou,9828
nemusíme,4512
obávat,11230
restaurátor,11231
vždyť,11232
pláž,11233
bakalářské,3149
rozdíl,11234
okraj,11235
rolnické,11236
ačkoli,11237
odsávání,11238
telefonická,893
prozkoumání,11239
instagramu,11240
nultý,11241
kvalitního,2200
pravidelností,11242
zastupitelstvo,11243
vybraným,524
kůží,7872
lezecké,11244
komunisty,2429
pyramidy,11245
ratolestí,2342
settings,11246
jedněmi,11247
kočce,1222
spravován,1663
shoduje,11248
publicista,11249
hledaný,9501
zaplacena,3955
stihl,6532
vyfotila,5479
chlubit,11250
cviků,11251
zlatou,2773
odesílání,5153
šestihran,11252
připomíná,9481
charge,11253
hradního,6686
webových,59
dospěje,7398
nevím,3324
akciového,1183
kamínek,11254
svolat,11255
šek,11256
kontrolka,7796
nynějška,11257
velryba,11258
skautů,11259
pauzy,10232
závazný,11260
úplnou,3338
využitím,6359
úloze,1025
nůžkami,2657
konvexní,11261
nepřeje,9519
smazání,4974
osvěty,11262
lékem,1254
přišla,2877
noci,9883
kontejneru,653
zhoubné,1362
přičiněním,11263
konzervy,11264
pohodlnost,11265
biotechnologie,11266
prosila,8660
výbojky,11267
touhu,11268
marmeládou,8120
sazeb,2411
využívají,1963
flotily,11269
ženicha,9532
kachní,11270
glukóza,11271
plachtu,6816
kdesi,11272
viděli,8260
orientovanou,1177
vtípky,11273
distribuuje,6394
zajímalo,8683
úvodní,11274
consenting,11275
poskytnuty,740
pohladí,11276
odsouzených,1738
seniorů,11277
živnostenské,1619
prodeje,11278
kreativního,6126
nevyjímaje,11279
vinaře,11280
komiksu,492
dokumentu,943
neznámé,8640
infarktu,662
slevový,11281
cestujícím,2829
hektarů,11282
podorlicko,11283
vek,11284
předpokládanou,6690
certifikaci,11285
channel,11286
odpověděl,5016
vyzvednutí,11287
chuť,11288
natočila,9055
kandidátovi,902
výbušniny,11289
momentu,2907
úřadech,663
facku,11290
večírky,1444
vzdělávacího,2660
spisovné,4861
obrázcích,1244
zábal,11291
cílová,262
ozdoba,11292
udržitelnou,3786
automobilového,694
zábavného,1849
pódiu,5019
dostavit,11293
sestřičky,5710
napínavý,11294
soudního,6010
též,11295
celistvosti,11296
úvěrová,1360
analysis,11297
vzpomínání,11298
dotazu,4836
rámců,6582
integrovanými,187
vola,5350
generátorů,390
schopnost,7600
vytvořil,5854
již,11299
dcery,6331
torpédomety,11300
bláboly,3796
stěhovala,6839
rozpočtu,716
deodoranty,11301
odbyt,11302
dějinách,5815
prsu,11303
zobák,11304
štětcem,2058
hrdinství,11305
vyplatí,8269
době,9596
rozsahy,11306
tištěného,939
počítaly,3652
prověřit,10931
světově,11307
nenechají,3101
anglické,3357
ponaučení,11308
plýtvání,11309
pád,7952
obchodovat,11310
vyplněnou,8252
train,11311
dostupné,1763
lidskost,11312
onemocnění,11313
zdrojovém,184
přečetl,3707
podotýkám,11314
stokrát,11315
prohlížečích,37
konstrukčním,5450
kole,1490
implementací,10590
duchovního,7776
nadlouho,11316
nevěřím,4378
badatelů,9518
upravená,1434
mrcha,11317
patro,8436
teoretická,1566
zápisů,1713
kormidlo,11318
lyžaře,4702
křemíku,5039
předsíň,3247
detektoru,631
sochy,6398
hloupí,209
rozhodčího,11319
národnímu,3066
světelné,2661
centralisticky,11320
neteř,11321
seznamu,3775
trojka,11322
zabije,5756
způsobům,1079
rybářství,11323
poškodilo,2519
hroty,7095
rámcem,6582
komplikovanější,4777
kompetenci,11122
písmem,3383
zobrazovat,4890
natočen,4459
nemovitostmi,11324
uběhlo,11325
méně,8383
autobusovou,2363
akademie,11326
velké,1403
hypotéky,4201
léků,1254
kamarádek,4031
důchodové,1422
záhrobí,11327
oddílem,1522
postih,11328
celosvětové,1161
přivést,11329
vejdou,5126
interdisciplinární,11330
selen,11331
zraní,11332
arbitrážního,10724
prozkoumat,11333
řepa,11334
tlakového,1067
voleb,4873
demonstrovat,11335
vzdálenější,680
sporadicky,11336
chlapci,388
daná,757
liška,11337
pokles,11338
výchově,7467
průměrném,410
uvědomíte,3876
kytarista,11339
třes,11340
představit,5939
odkládat,5743
identit,3397
zapojením,513
hráčky,10054
navic,11341
viděn,11342
komplexně,11343
jednotně,11344
současné,2791
prototypu,505
autory,8560
převodem,2779
libovolném,290
cyrilici,8630
restauraci,11345
mrazícího,11346
kdoví,11347
úklidová,9166
hrubě,11348
nemyslet,2554
horyměsíčník,11349
prohlásil,6557
získat,7265
šálky,11350
nakladatel,11147
publikování,11351
jemnější,4800
fondu,1688
odčítání,11352
závodníci,1251
bol,10573
volit,11353
přeruší,11354
přiřadit,6153
třmen,11355
spolupracovníky,1974
kiwi,11356
neřekli,8320
staví,5382
říkali,5545
dokumentující,11357
konstruktéři,6045
terče,2567
mlýnem,2097
svíčky,9456
důmyslně,11358
skladem,1885
podejte,11359
kaviár,11360
tempu,8078
nestability,11361
touto,789
ledovou,1072
dospívání,11362
nikoho,2273
vakuové,11363
navštěvovat,8485
rozvojovou,1729
kombinační,11364
přesně,6652
losos,11365
podobným,4952
nezaslouží,11366
respirační,11367
oranžový,11368
brigádě,11369
zpoplatnění,11370
katalogové,11371
zblízka,11372
gruzínský,11373
názorné,11374
stáž,11375
dvanáct,11376
minule,11377
častého,5821
zvětšovat,11378
evropskou,1676
hotovy,402
krůčky,8205
skupina,7123
směr,11379
písemnou,2437
rameni,6272
zvířaty,2992
sedláci,4745
tekutiny,11380
branou,2892
asistentkou,11381
neco,11382
podřízené,1311
neřešíte,11383
chovatel,9224
pásku,2725
čekalo,5760
představy,6251
idea,11384
hmotnost,11385
zachovat,11386
rockové,2328
osm,11387
zprávami,9850
beránek,11388
drobné,2801
paradoxně,11389
nasměrovat,11390
crash,11391
specifickou,2586
zásahové,11392
bytového,904
určitého,1525
hledaly,8169
prachem,948
mrazícím,11393
islám,11394
vaším,50
výčitky,11395
anketa,5462
sborové,3147
vyrůst,10193
stížnost,9029
jediného,1064
okapy,11396
ultrafialové,11397
vybavenosti,11398
zato,11399
příčinu,11400
novodobého,617
vyhledávat,11401
modelech,432
osušky,11402
traťové,11403
hlídají,3292
záběry,3533
tábory,1010
chladnější,1257
složen,2258
vydírat,11404
hodnocené,5031
ukryl,2260
národního,3066
volbám,4873
designově,11405
známkách,2479
nošený,11406
nesrovnatelně,11407
zvaný,11408
mluvnice,11409
mramoru,5557
vyhráno,11410
třesku,11411
vyšetří,9302
prodávali,3122
příspěvkovou,11412
měním,7778
můrou,10048
přístupném,3396
bylinný,11413
jasem,5599
odličovací,11414
jantar,11415
lepí,6602
filmová,818
garážové,11416
okružní,11417
omlouvá,11418
hasiče,3941
ovlivní,11419
tajemníka,6471
obranyschopnost,11420
klobouku,3595
amatérka,11421
měkkýši,11422
mrazu,2514
palby,11423
dřevotřísky,3831
předat,9751
observatoře,11424
usadí,9759
závaží,11425
deváté,8286
utekl,9788
veličina,5408
velikým,1915
nezastavil,6543
přijatelnou,4308
navrhování,11426
nepovede,11427
houbičky,11428
ozve,10200
mrtvá,1214
prostorná,2127
náhodných,1504
diodami,11429
loďstvo,11430
knížkách,1240
klik,6433
tabulkami,6984
snažím,10317
nepřetržitou,2644
specialistu,5254
bazalka,11431
vycházel,11432
následující,11433
složitě,11434
útěku,3905
interakce,8751
tradiční,11435
klídek,11436
pádu,7952
prodejnou,5205
vydat,11437
poctivé,2256
ověřuje,9874
demence,11438
patentů,1441
lahvička,7951
teplého,1967
oním,1153
pomalá,212
nemají,1970
pojišťovnictví,11439
přehledy,4347
pochopí,5738
rozlišuje,11440
trochu,11441
platebních,911
světe,198
psaných,1306
redaktorka,11442
limuzíny,11443
povídky,10663
psal,3371
vnímání,11444
ostrovy,2401
pilou,5104
plošinovka,11445
ujede,9782
připravenosti,11446
určenému,1470
připravovala,7786
časového,1502
broskví,6066
nech,3101
odpověď,5985
filmovým,818
zachová,11386
ergonomické,1373
potýkat,11447
podsvícená,11448
daní,6069
plyne,11449
norský,11450
síťky,9668
hlasitě,11451
likvidity,11452
slosování,11453
genetickou,4968
využijí,5975
připraveny,433
použitím,4704
kanadské,2747
část,11454
zvednou,8525
neda,11455
nepříjemně,11456
ešte,11457
blbci,1383
čarodějnický,8818
aktivisté,10213
obrození,11458
nudné,1736
nelehký,11459
dění,11460
hnacího,11461
uviděla,7450
sekací,11462
rejstříky,7734
železnou,2384
hosté,2334
platebními,911
pravděpodobnosti,6820
pomerančovou,5045
zpracováváme,2462
maličká,991
velmoc,10055
objektivu,1854
věřitele,5519
jednak,11463
průvodci,1219
mazací,11464
vylezl,11465
skladu,1885
umyvadla,6293
spálí,7995
akademiků,4797
nepříznivý,7664
kotoučová,5979
pozván,11466
zbořen,11467
skočil,6823
dodávaná,11468
tancovat,11469
zvyklá,4199
poprve,11470
nevěru,11471
klukům,638
správní,11472
čelovka,11473
modlitby,10588
hlasy,928
šachtě,10077
pořadovým,11474
hodného,1414
trubka,11475
dioptrické,11476
pokrájíme,11477
vojína,11478
zájmem,3174
svítilny,11479
platná,1706
odklon,11480
svéprávnosti,11481
nevyhne,11482
omluvu,11483
biskupský,11484
zbudovat,9081
fanoušků,2252
sportovci,1902
jmění,11485
smetana,6024
dvoulůžkové,3483
vědeckým,766
vstávání,11486
otočnou,11487
stojícího,11008
župní,11488
ever,11489
akademickým,882
občerstvení,11490
psanou,1306
psychické,2070
zapojeno,513
spustilo,1135
sociálního,5823
paštika,11491
soustavnou,11492
občanem,805
medicínské,11493
novostavba,9949
dětském,132
příjmem,962
zvykli,8393
odpovědělo,5016
mistrů,11494
čemuž,11495
prodáván,3122
pravda,9753
stránkou,3749
víka,4526
zlým,2121
tažného,6608
nedala,4880
uvedené,2209
umožňovat,10134
skromné,953
měkkým,2418
valná,9858
omezeně,11496
příbalový,11497
odpolední,11498
organizmu,490
páteře,3363
výsledkům,4816
domněnku,11499
zvykat,11500
kosmických,311
uslyšel,7526
spokojit,11501
stromu,557
funkcionality,11502
bruslení,11503
tarifů,778
letištích,6285
přinutí,6794
spisovatelé,2884
pokusit,9261
rozšiřující,11504
opakovací,11505
psycholožka,11506
personalistiky,11507
létat,11508
kundičky,11509
bezmála,11510
lokálního,7822
jediném,1064
klasická,353
buňce,2602
trojské,11511
hada,8871
fazole,11512
trápil,6629
anestezii,11513
protesty,4333
točit,11514
tekutina,11380
ošacení,11515
rovnoběžně,11516
všetko,11517
verzích,4848
vypovídat,11518
připomenutí,11519
rčení,11520
opuštění,713
šroubování,11521
kolemjdoucí,11522
příznivec,11523
zvolte,8153
neodpovídá,9597
milost,11524
chvílemi,5806
žilní,11525
answers,11526
okolím,11527
pondělka,11528
foyer,11529
otáčení,11530
poví,10478
pra,11531
přednáškové,11532
operaci,8145
výzkumy,3867
poháněny,2995
nepochopil,5738
znalostech,1731
pohodovou,4160
lidu,2489
obraty,5247
příslušného,866
jedním,615
prapor,11533
sežene,9311
interpretovat,11534
animaci,11535
prefix,11536
každopádně,11537
sestavila,2338
privátního,4330
randit,11538
nabízené,1073
cíli,2935
kupy,11539
milénia,11540
fenomenální,11541
zatímco,11542
masově,11543
měly,1970
objektivního,5794
ukrajinsky,11544
vypracován,2789
odložila,3029
přítomného,2145
likvidaci,11545
průmyslová,500
stany,970
doplňte,11546
doktoři,2541
žánrem,7226
relaxaci,11547
nepřátelům,304
tónovaná,11548
přebere,11549
nasadit,11550
plynulosti,11551
rodná,2492
získaných,2698
kempu,2893
vyhynulý,11552
druhým,1243
zhotovil,7157
všudypřítomné,11553
čest,11554
vlastníky,1515
můžeme,2281
chlapečka,3021
odpovídal,9597
šest,11555
kázně,5637
stážistu,11556
kozačky,11557
otázkami,7572
průkazu,1117
třicet,11558
šířen,11559
úvěru,277
odejdou,6553
nároku,4372
pyramidu,11245
vpřed,11560
mravní,11561
dokumentuje,11357
závěrka,8311
paluby,2867
užít,11562
oltáře,1332
parazitů,11563
cílí,11564
zaměstnavatelé,1347
jezuitů,7183
stoper,11565
považovala,11025
okénka,4264
připadalo,4027
porušuje,11566
kapitálem,765
nikde,11567
toků,2875
dveřím,1678
číslo,10566
pavouci,3922
zakoupilo,1011
plenkové,11568
diplomat,11569
limonády,8554
botičky,11570
nelegálního,1980
odstartovat,11571
vrstevníků,2919
otevřenou,1210
uspořádání,11572
vyřadil,9062
magnetickými,453
taktické,11573
primárním,3277
měřením,9151
nákupů,858
cholesterolu,1555
pytlíku,11574
splní,11575
neinvestiční,11576
potrava,7842
realizované,2596
kvalitním,2200
konzumu,11577
dokumentace,10487
výchovnou,4791
tabulky,6984
dokladem,1050
mrazem,2514
zasáhne,11578
politolog,11579
zachránil,6462
husa,11580
ochoz,11581
týmové,2293
systematicky,11582
krizové,2122
uchovávány,8165
velkou,1403
nevypadalo,11583
zopakuje,11584
kynuté,11585
početnější,11586
nevadí,11587
zadavatel,9319
trůnu,2733
dodávané,1286
pultech,149
předcházel,11588
ovlivnil,11419
riziková,1492
věži,4923
minulosti,11589
ventilem,11590
prezentován,10414
svýho,325
smysluplné,2189
nástavba,11591
probírat,11592
šlechtic,11593
třídním,1167
zaplnit,9422
nehráli,2771
okres,11594
mýto,11595
velmistra,6999
mrtvou,1214
komunistické,1326
hrozil,11596
operoval,11597
transparenty,11598
podruhé,11599
svědků,6992
pevným,344
padding,11600
bavlněné,5027
propojenými,1057
jednotce,1046
objeven,10278
stydět,11601
sexualita,11602
analytickou,1826
špionáže,4053
rostliny,11603
přepravky,11604
rakovinou,5213
zajistit,8602
papriky,9264
publikován,9344
provozní,11605
vínku,11606
zvukových,330
mír,11607
velk,11608
tísně,11609
měchýře,3440
cest,2583
zle,11610
nečiní,11611
etika,10178
volitelného,3538
meteoritu,4792
webovými,59
hádat,9066
petr,11612
pohyblivé,1253
kočáru,2050
čárkami,7078
paragraf,11613
ranní,11614
upřednostňuje,11615
babka,11616
napíšeš,4765
botníky,1969
zvířeti,2992
divili,6616
započetím,11617
přemluvit,11618
označené,3568
šroubu,2963
snil,11619
nestačily,3347
známých,1356
ultrazvukové,11620
ovzduší,11621
právech,4651
filtrovat,9447
vojne,11622
propagující,11623
vymyslí,11624
náročnějších,742
bytové,904
remízu,11625
posilovat,11626
krabic,2155
tool,11627
těles,7220
fondem,1688
sestřih,11628
nástin,11629
důvěry,8403
sdělit,11630
zpětnou,4311
agentem,1198
povrchem,1166
souhrn,11631
pravé,1910
korzet,11632
téma,11035
zeleniny,3814
pedagogiku,11633
vzduchu,1755
naštvaná,3377
nemusejí,4512
pojišťovně,8487
přerušen,11634
porotců,8800
poškozena,360
veverka,11635
valčík,11636
polyester,11637
přívětivé,1128
nenávidět,5033
nestálo,545
přičemž,11638
nezdálo,4172
žvýkací,11639
přezdívkou,8587
hrajícího,4802
připomínal,9481
jugoslávského,930
alergiky,11640
operující,11641
balanční,11642
cívku,9429
využívala,1963
panelové,985
zdravotnického,1038
nezisková,9431
muzikoterapie,11643
poprosila,11644
technického,1404
vnikl,11645
přeshraniční,11646
komunistická,1326
reprezentant,11647
věků,705
could,11648
vibracemi,11649
vyrobené,2748
pláště,717
vkusem,2133
životního,7024
ztotožnit,11650
vícenásobné,11651
jedeme,1629
vodárny,7058
předpokládá,5934
skutečným,395
sauna,7204
chybět,8532
kosmetikou,11652
přirozenou,2991
ankety,5462
vzduchotechniky,11653
zdokonalil,11654
porota,11655
pochyby,10522
krabiček,535
kaček,11656
mřížka,6630
spatří,9830
room,11657
překladatel,8884
osmé,11658
snese,11659
vztahující,11660
mošav,11661
necítil,6830
tajná,1443
zastupitelství,11662
propadl,11663
terciární,11664
based,11665
debakl,11666
distribucí,9461
nemocemi,6800
developer,11667
závodně,11668
nevhodnou,9692
skočila,6823
uvědomila,3876
spotřebitelských,177
prezentace,4780
vnitřně,11669
redaktory,2196
nervozní,11670
potvrzení,11671
předchůdců,7359
éry,8695
činnostmi,4517
trávníky,1027
uzná,11672
letecké,3456
nějaká,468
viny,5486
polytechnická,11673
definovat,10753
hromadná,7780
nedostatků,6907
množinou,5515
štábní,11674
přemýšlíte,9396
pokrývající,11675
dokážeme,3082
antikoncepce,10212
žlázu,11676
uchytit,11677
jimi,1664
newsletter,11678
dynamickou,2848
nazývaný,11679
několikadenní,11680
technikami,841
nemožnost,11681
spárování,11682
zákrokem,2344
náměty,1850
brzdnou,6116
přepracování,11683
zákaznická,794
pohledu,3409
mobilům,14
kostela,3321
nevydržel,4870
odpovědnost,11684
konopí,11685
rozvodem,2001
příště,11686
přepólování,11687
akt,11688
proudění,11689
using,11690
civilisté,11691
elity,8434
pije,11692
začnu,5079
proutí,11693
zpěváky,9768
hvězdnou,1939
osnovy,11694
zalesněné,4337
dynamicky,11695
sektoru,288
vnímat,10359
desek,1144
dohání,11696
světoví,1645
komunistického,1326
přirozené,2991
neprospěch,11697
kompresory,11698
odebírají,10272
ředitelku,11699
vězeňské,11700
poradku,11701
pořízených,1888
listy,1216
vědeckého,766
spravované,11702
přijet,8835
horká,4684
týmům,456
posbíral,11703
nedokážou,3082
čísel,10566
narušit,11704
společnou,2229
charakterizován,11705
vrhne,11706
nepřetržité,2644
pokrokem,2298
začínali,6173
kondomu,2515
nepřátele,304
zdvih,11707
bioplynové,11708
čárového,1559
nadřízených,2027
využívaná,1762
plazmy,3792
padáku,11709
pamatuju,2951
užíván,3076
vhodném,1744
protilátky,11710
rozhodit,11711
nedáme,11712
patentky,11713
sprchy,3052
optimálním,6124
vystřelit,11714
koruny,5069
farmě,3381
podívali,5632
musi,11715
dostaneš,4679
chvilce,3458
portálem,1669
tříd,5290
maloobchodu,978
prostorech,729
princezny,9306
neboť,11716
putoval,11717
portrétem,1327
prokáže,11718
rap,11719
uloženými,387
unavení,1020
prírody,11720
vadilo,11587
začínalo,6173
představám,6251
base,11721
oprávněnou,1662
počátečního,8013
kupuju,2634
nemyslíte,11722
mechanickými,230
ořechy,11723
přípona,10432
nebeského,2549
fotbalisté,3512
čtverce,2247
buddhismu,11724
zařídila,2316
skotskou,8090
biochemie,11725
irelevantní,11726
pocitu,2017
zpracovávány,2462
výletem,1256
zvolené,2769
maminkou,2203
držáky,11727
přepracovat,11728
budovami,784
surovinou,7790
zejtra,11729
odjakživa,11730
lamino,11731
nakoupili,3574
bohužel,11732
autodílů,11733
ušetříte,6639
poražený,11734
nařídit,11735
klientela,11139
přihlédnutím,11736
nížiny,11737
zásadní,10686
prodala,5566
chybného,3630
řeholníků,11738
dobrým,2760
dětech,797
peru,1456
diodou,11739
nasekanou,11740
praktikující,11741
výčet,11742
skříním,333
pizzy,5895
pobočkách,7498
vysvětlením,11743
lze,11744
vedle,11745
kancelářemi,416
nenechali,3101
nevěří,4378
jídle,2038
dřevostavba,11746
dohledné,11747
buk,11748
dělníci,5102
praktickému,869
palců,7442
ošetřen,11131
zahájen,11749
redaktorem,2196
západ,11750
maličké,991
přátelskou,1469
branku,11751
genetické,4968
ujasnit,11752
uvědomuje,4662
nejrozšířenějším,4124
přidělování,11753
pořadatelů,6002
skrývat,9821
uviděl,7450
ministerský,11754
hlasovat,8992
záležitost,11221
důvěře,8403
zesílit,11755
vyletí,11756
orchestrální,11757
post,11758
bradu,11759
odebral,5857
dodavatelů,3180
bože,5833
koncipient,11760
kovové,768
hmoty,7465
kreslí,4833
kolektivu,2754
kroků,3164
pracím,598
ztraceno,354
nemovité,5274
vinou,11761
přivolání,11762
ovladatelnost,11763
vzdělané,3217
průběžně,11764
filmování,11765
uvědomujeme,4662
tyhle,675
postižením,11766
tresty,2049
objezd,11767
oblak,11768
nejhůře,11769
bazénu,826
elektrickém,120
minimum,11770
folklorista,11771
potěšení,11772
věděli,3324
hleděl,11773
analytika,5397
průměrné,410
pachatelů,1421
repliky,11774
obezitou,11775
případem,1390
poslána,6786
prózy,9042
přeboru,11776
odepínací,11777
vlastnostmi,10867
flow,11778
evangelický,11779
osvědčil,11780
violoncellista,11781
kdyžtak,11782
uskutečnění,11783
kategorizovat,11784
ropu,11785
lídr,11786
krátkodobě,11787
vpředu,11788
regálové,11789
únikům,11790
vita,11791
games,11792
hrubší,1080
ohrožoval,9380
nevíme,3324
dvojnásobnou,10585
postaví,4501
obutí,11793
mikroflóry,11794
stavěli,5382
léčiva,8312
hrozící,11795
arcivévody,11796
stála,545
stativu,11797
světovou,1645
vibrační,11798
portal,11799
sledované,1797
půda,8947
tisková,1653
registrovanou,2187
maškarní,11800
obdobu,11801
nevyrábí,8110
konstrukčního,5450
továrnách,3296
tělesná,1792
chlorid,11802
představeného,11803
sluţby,11804
pujde,11805
seřízení,11806
chráněná,754
produktovou,11807
novějším,225
zásadám,7007
odmítnut,11808
přesměrování,5106
postava,10287
výskyt,11809
stěžovala,8151
kapalný,11810
vysokohorské,11811
hodinovou,1042
cílení,1765
využijete,5975
neleží,4367
přidělil,6233
supermarketech,1317
duševním,2471
češtinou,2849
popraskané,11812
uvědomoval,4662
zavřou,4463
akademická,882
analytické,1826
oblohu,10885
dlouhodobě,11813
totálně,11814
kariérní,11815
díře,8408
skončil,11816
zdravotnická,1038
nejpopulárnějším,7742
příklady,1524
močového,973
narozený,11817
světelnou,11818
nálada,4349
zabavení,11819
všeobecně,11820
otázka,7572
peněžního,4847
val,11821
měnit,7778
alternativ,11822
fyzikou,2770
zapsat,8849
nalepení,11823
quad,11824
metodické,1633
tipu,11825
moskevského,4840
nedostatečným,1979
prost,3899
velikosti,11826
dvacátého,10776
novelizován,11827
slovy,3077
pistole,10027
oka,4044
odhadl,11828
záložky,11829
outfity,11830
vzbudil,7765
dobrou,2760
nepředvídatelné,11831
reklamě,3802
prodejci,2359
určených,1470
albem,10572
nějakému,468
chaloupka,11832
šikulka,11833
daňového,835
prozradí,11834
balkonové,11835
posmrtně,11836
spočíval,11837
blížící,11838
keramiku,11839
piercing,11840
nevědělo,3324
mosty,667
zakázal,6403
úseky,3923
blesku,1607
zabírají,11841
cukrovkou,4369
zjednodušuje,11842
schopností,7600
lékařů,1454
nechceme,1899
přistupují,3656
interiérů,676
novinářské,11843
celulóza,11844
vyjel,10195
představil,5939
bariéru,11845
směřovat,11846
postupů,1733
encyklopedickou,3629
umi,11847
příznivou,7664
katedrální,11848
motoriky,11849
inženýrů,1471
citrónem,1780
setrvačnosti,11850
maly,11851
alternativa,11822
komora,10471
policistovi,724
rozumím,3302
materiálů,1353
katedru,11852
milovaného,355
prodávaly,3122
kulisa,9137
tahače,11853
kandidáty,902
stresem,1389
tytéž,5520
přenese,4853
ryze,11854
farmářské,11855
lide,11856
palet,11857
umístíme,5318
přivolat,11762
daného,757
potlesk,11858
budov,784
mam,11859
monitoringu,6056
vandalismu,11860
vytáhl,7542
míti,1970
parádně,11861
vyzván,9878
odpovědnosti,11684
písně,11862
čem,3885
elektromobilů,269
vytvořená,546
portfoliem,4300
pozvání,11863
nákladná,966
velikost,11826
advokáty,4841
slávou,10782
podlahové,3604
spraví,5145
denne,11864
vyživuje,11865
šťastnější,3345
webovém,59
jsi,3143
astronomické,782
odmění,11866
stezku,11867
null,11868
fyziologie,11869
přívlastkem,5649
podtitul,11870
historici,7956
heterogenní,11871
šelmy,11872
šampaňské,11873
sovětská,575
brouka,4649
vidím,8260
vyplňuje,11874
okupované,11875
nepředstavuje,7844
mnozí,3813
nádobou,5724
dodat,4773
pojezdem,11876
file,11877
sledu,7599
poskytnuté,740
elektromotorů,811
vzájemný,11878
ničím,2388
poradte,11879
všechna,830
složkám,1879
vyspělá,380
intervalech,7414
možného,3441
volným,2088
vízum,11880
protestovat,11881
inkoustová,5272
věčným,2783
kleci,5427
nákaza,7481
provozovaná,11882
odbory,10377
vyhledává,11401
aplikovanou,2192
učence,7054
lepící,11883
zap,11884
oprávněných,1662
překročil,11885
neverbální,11886
koryto,11887
bydlišti,9085
programovacích,959
vstupním,2590
zvonky,996
facebooku,11888
propojeny,1057
označován,8507
spotřebních,1333
odpočítávání,11889
pochválit,11890
čalouněné,11891
směrování,11892
republika,4239
marihuana,11893
vráceny,11894
použiť,11895
partnerovi,1041
pletu,6514
novodobé,617
teroristickou,4187
vloží,11896
trávení,11897
autoritou,5263
songy,11898
knowledge,11899
paprice,9264
sbírat,10486
let,4455
strmý,11900
dobýt,8928
oddělené,1647
láme,11901
autistického,11902
prováděl,8797
ručí,11903
intervenční,11904
moudrosti,7805
nakoupím,3574
rozhoduje,9507
ocásek,11905
zkratky,10624
pokladů,727
klece,5427
náhodná,1504
nem,11906
nosím,5144
chemickou,1576
opičí,11907
vařím,7840
zaregistrovali,5947
silnici,11908
drobnější,2801
nejjasnější,6732
federaci,11909
otevřeným,1210
obsahy,3062
pedagogického,3403
western,11910
studuje,7169
žízeň,11911
převezen,11912
tělovýchovné,11913
hřišť,7037
populace,11914
vstupního,2590
prodavačky,9251
sedmdesát,11915
obyvatel,11916
vzaly,3130
kapitálové,1916
panenka,11917
kvalifikovaní,670
týdeníku,4380
díváme,5977
přetáhnout,11918
straně,10070
uložíme,3542
skladovací,11919
prokazatelně,11920
uživatelky,82
ultimátum,11921
kazdy,11922
šla,1758
monopolu,2734
premiéru,11923
haléřů,11924
samozřejmost,11925
nerezové,1449
generují,11926
inzerovat,11927
zahradníka,2410
nedělal,3644
spodku,7323
basovou,3187
uzlů,917
nepatří,11928
zásobníkem,1718
sjezdové,11929
dokončeno,2676
rozvojem,3417
hlásiče,11930
zůstává,9291
vykazoval,11931
kožené,1670
poháněná,11932
namátkou,11933
připomenout,8049
distrikt,11934
připravující,11935
tatínky,444
kolagen,11936
organizace,10149
uvolnil,11937
defenzivní,11938
laserová,808
děloha,9630
nelze,11744
úchyty,11939
výkazů,4162
nestihla,6532
sanitární,11940
potencionálních,3058
vnitřku,1594
brouků,4649
ropná,3997
hotově,11941
nepřilnavý,11942
předvedení,8380
mládež,11943
nesmělo,6288
magnetického,453
autoři,8560
vizi,11944
domnívám,4648
chtel,11945
hodnotě,7469
filologie,8051
rozvíjel,11946
neadekvátní,11947
nezoufejte,11948
topinkovače,11949
civilizací,7457
plánované,1004
rozlišit,11950
nepochopí,5738
hospodařit,9946
záznamům,11951
zobrazil,11952
dlaň,3649
všestranné,702
cement,11953
pohyby,2085
odreagování,11954
právníků,1700
koleček,4309
zadnice,11955
ostrahu,8691
aerobiku,5239
mlýny,2097
počítáme,3652
zvolených,2769
fiktivního,3915
složitost,7144
mlátí,7170
docent,11956
skalnaté,8372
školnímu,394
vystřelí,11714
předpisů,3042
individuálně,11957
poloviční,11958
učíme,2799
krasu,6994
složkách,1879
prohlídka,10678
sčítání,11959
využívaly,1963
třílůžkový,11960
bankami,1123
drobnost,4910
nejsevernější,11961
uvažoval,11962
úrokem,7222
smutný,11963
kultovní,11964
tekutinu,11380
vozovkou,9540
filolog,8051
havířovský,11965
partyzánům,11966
finskou,6847
povodeň,11967
dráhy,3290
nahrazující,11968
tranzitní,11969
čerta,5137
protějšku,763
podtlak,11970
znalce,4161
bezplatnou,1514
sjezdovce,8019
reprodukci,11971
radia,11972
věnován,4418
úrazů,1876
splněn,2000
cestujícími,2829
posudky,1978
vyhrají,4705
přípustný,11973
omyjeme,11974
budeš,3143
nezaměstnané,5098
because,11975
zavolali,5237
únikem,11976
vymýšlet,11977
prodejů,11278
vyfotografovat,11978
vychovatelka,3969
páteří,3363
pud,11979
jedný,11980
získáváte,10564
pochopili,5738
vatikánského,3297
bar,9990
budoval,6259
stravné,10805
prostornější,2127
součástmi,8713
kreditu,1437
porazí,11981
odrazí,11982
klinika,10665
představitel,11983
réva,11984
žadatelů,3904
občasného,1215
řečeno,11985
jinde,11986
povinnou,3172
fráze,11987
mužstva,8181
zřízenou,2937
zkušené,2290
chronicky,11988
rybí,11989
tim,11990
schopnostech,7600
automobilkou,7670
tvořen,4817
zprostředkovaně,11991
umožnit,10134
odmaturoval,11992
zabývat,11993
bavil,6899
vášeň,11994
doktorka,11995
zanechal,8843
mramorové,11996
orientovaného,1177
zkoumání,11997
konzumaci,11998
praktikovat,11741
potrubí,11999
pánovi,1846
devatenáct,12000
kapalinou,12001
pool,12002
mravenci,9192
archivů,3494
vicepremiér,12003
komerčně,12004
připomínala,9481
bádání,12005
kurzové,12006
pyšný,12007
bold,12008
věky,705
robustním,2827
prioritní,12009
nemoci,6800
uchem,3968
sázce,8033
vzestup,12010
zkusili,6119
ujistil,3137
uprchlíci,3163
oblečeni,1550
experimentování,12011
nudu,12012
udržovací,12013
terasou,4975
hydraulické,1582
spolu,12014
širým,12015
linkou,4178
jiném,1047
nadále,12016
kmenové,6049
service,12017
postupný,12018
zakázka,5511
blízkého,2396
universální,12019
polotovary,12020
hlasování,12021
nesmrtelné,12022
kvalitu,12023
poničen,12024
podřízených,1311
vína,2253
odnesl,7342
hokejisté,4483
nedokáží,3082
houpačce,7348
různé,6991
zřejmé,12025
asteroidů,5154
dobirku,12026
kolář,12027
postihují,12028
krytiny,12029
básníky,6027
vlastními,1055
programech,90
radiové,12030
agresivně,12031
pokusem,2607
volného,2088
zemi,9392
energetickým,2171
vraždí,10508
živé,745
odpovím,5016
holubi,12032
škáluje,12033
státě,545
prostředníkem,4154
kontrole,5980
zakázkově,12034
komoditní,12035
městské,909
mladším,1207
zasílání,12036
učily,2799
novinové,12037
odeslána,12038
revert,12039
souhlasíte,12040
mohla,2281
popřít,12041
přestavby,9772
honění,12042
nelogické,12043
sazenice,12044
odměn,6079
komponování,9576
animace,12045
napojena,5643
malička,12046
odešlo,6553
sladkovodní,12047
hromadnou,7780
podporu,12048
poboček,7498
aquapark,12049
uzávěrky,10119
úrovně,9046
nelineární,5893
odstěhovat,12050
žehlit,12051
nepřekvapí,12052
dodávám,12053
personální,12054
pozpátku,12055
údolní,12056
lidovou,2819
hvězda,10161
šít,12057
prdele,8306
lékařským,1113
liberální,12058
starty,1696
prima,12059
potýká,11447
tetanu,12060
faunu,12061
baziliku,12062
hypermarketu,12063
marcipán,12064
neděje,10876
hmyzu,1778
psychiky,5719
nalézá,12065
učebních,2569
znakového,12066
porady,9094
předražené,12067
němý,12068
zamrzlé,12069
stahuje,7122
řítí,12070
podpatek,10302
spolužačka,3667
podezřele,12071
spoustu,12072
pochod,12073
úvodem,7741
trvalo,8493
předělali,3612
náměstí,12074
škrabka,12075
korespondence,10874
objektem,1116
pohlavně,12076
zápisem,1713
animátor,12077
lesnictví,12078
kostrou,8995
slunečního,5113
figurální,12079
přijdou,2877
hrst,12080
stažené,12081
vločky,12082
předložit,10988
letos,12083
devadesát,12084
provozovnách,4972
integrovaných,187
kuchyňská,522
cukrář,12085
nevadilo,11587
esperanta,8021
osmdesát,12086
nadstandardní,12087
zásluhu,12088
mrtvolu,12089
bundě,2524
cítili,6830
obeznámen,12090
zálibou,4334
rovněž,12091
motivovat,12092
vařící,12093
využívalo,1963
pojišťovací,12094
říkat,5545
málo,8383
alternativu,11822
oprávnění,8112
přibral,12095
menšího,251
dobou,9596
přiletí,12096
jedenáct,12097
uchazečem,1998
hřišti,7037
skvosty,2743
průměrnými,410
nanečisto,12098
administrátorů,12099
barvu,8674
kartograf,12100
počkal,4265
současného,2791
postihl,9399
půlmaraton,12101
tvůrčím,6520
učebním,2569
vystopovat,12102
čelí,12103
nenapadá,12104
pitná,4423
potřebě,1628
zkoušeli,6367
hospodařením,12105
hodinového,1042
rozinky,12106
citrónovou,12107
projektové,2373
dusík,12108
sledují,8565
topinky,12109
minimalistické,12110
činy,4102
samostatného,853
diskotéky,7799
srovnat,12111
odloženého,1616
pláty,9495
tebou,2956
zásobovat,10368
zradil,12112
sjezdovky,8019
down,12113
jídelníčku,12114
náchylnost,12115
jistoty,2325
podkroví,12116
extra,12117
diagnózou,12118
autora,8560
utřeme,12119
umístěny,2633
komory,10471
sapiens,12120
stovek,3536
hercem,5883
bezesporu,12121
pozvánka,4819
education,12122
tepny,12123
zakladatel,12124
pít,11692
nákladu,1431
porodnici,10625
motivované,7529
fit,12125
usnadnění,12126
základních,1769
důstojnosti,7214
pomáhal,9250
stručnosti,12127
oděvního,12128
ropné,3997
fyziků,1898
evidenci,12129
překážkám,6231
zříceninou,6886
vlákna,6698
blíží,9398
echo,12130
pochybuju,9997
způsobilosti,12131
absolutní,12132
sdělovat,11630
prognózu,12133
zapečené,12134
neobejde,7272
kamenné,802
pár,12135
nejdůležitějším,2842
velkoměsta,12136
popsat,10649
ojedinělý,12137
vyhlídka,5541
bramborem,9383
postřehy,2758
těšil,12138
vystavení,5544
zaregistrujte,5947
léku,1254
fusaky,12139
fasádou,6008
propagandu,12140
písničkou,5094
značkového,463
natočil,9055
součást,8713
rozhodneme,7319
bariéra,11845
přát,9519
obdélníkové,5341
najdi,5054
pohodlím,12141
varianty,5503
komunikativnost,12142
klapka,11074
svaté,5050
zůstávat,9291
vestavby,8470
chápou,5169
hlásek,5443
omezen,1685
měnového,2983
ponechání,6657
olympiádách,3834
široký,12143
kompresi,12144
vyvinuty,983
spjatý,12145
poslalo,6786
krajní,9049
rukopisů,1409
starožitností,4674
proměnily,3053
utopit,10309
zde,12146
zoolog,12147
neslyšel,7519
digitizéry,12148
výhoda,10392
závislost,8354
kuchyní,1359
tragický,12149
cash,12150
komorní,12151
vyžadují,2926
standardnímu,5477
vztahy,3393
pičky,12152
neplacení,12153
úvěrů,277
splňoval,9983
funkcionářů,4769
klíčovou,1658
éru,8695
nevýhodou,10928
kuřecího,2940
odborná,1606
kreativita,5370
sběrné,3992
neexistují,1900
stvořil,3670
únava,8707
tréninková,12154
katolík,12155
organizované,1487
nedělám,3644
kvasinky,12156
objednání,6610
jezdilo,9147
podlažích,10340
konsensus,12157
nevolnosti,12158
zohledňující,12159
hypotézy,9139
útesy,3421
opustil,7207
oblíbeným,1024
recorded,12160
sedm,12161
proudových,539
bundička,2524
pirátská,6026
vyzkoušíme,5508
výslovnosti,7681
odběru,5097
zájemcům,3251
písemnost,12162
taxi,12163
asistenta,2468
využity,4635
sladidla,12164
dopředu,12165
řeku,12166
zkoušce,4655
exekutorů,12167
prezentuje,10414
zaznamenávají,4936
obsahovalo,6401
nechodím,5880
spokojí,11501
vnímáním,11444
ministry,5121
zapojeny,513
hranu,11132
měřená,1097
layout,12168
slunci,10694
kůl,12169
vyhledávačů,12170
svíčkovou,12171
nekonvenční,4000
druhému,1243
pošlou,6786
strážci,2199
konzultace,10621
položenou,723
složené,2258
obtěžování,12172
pomáhá,9250
plotry,12173
nakoupila,3574
nepředpokládá,5934
novinku,12174
dílna,4012
inkoustových,5272
vyhlášen,9758
pánem,1846
smyk,12175
protipožární,12176
béčko,12177
návštěvní,5365
plátky,2550
obnovou,6606
životnímu,7024
nucen,12178
nevydržím,4870
zelenou,4580
frantiska,12179
hlasová,685
počátky,9711
opona,6207
řeckokatolický,12180
pájení,12181
ledem,7487
hostů,2334
listopad,12182
vybrány,524
naplnil,12183
osmnáctka,12184
zpěvačku,12185
předškolního,6060
financovat,12186
souhlasí,12040
závěsné,1200
hygienickou,4489
příznakem,2768
vymýšlení,12187
zvyklé,4199
kapelník,12188
teprve,12189
mistr,11494
správcem,494
podavače,12190
domnívat,4648
kůru,12191
funkcionáři,4769
vložit,11896
krku,2617
výkonům,568
protestuje,11881
samostatnému,853
příčiny,11400
laloku,12192
solária,10626
polstrování,12193
faktorům,3012
trysky,12194
zvědaví,7010
kaváren,3546
neviete,12195
psychologickou,2873
zasahování,12196
trestně,12197
manipulací,10310
krizového,2122
nezměnil,6473
dvoudenní,12198
býti,3143
názorům,2231
lyžování,12199
hádanka,10795
varoval,12200
jdete,1758
administrativní,12201
sme,3143
vykonávat,10446
nápoji,720
měřidel,12202
poctivou,2256
uplynulém,5656
lidmi,94
proudící,12203
přísloví,12204
nevzala,3130
chráněného,754
vyrobeného,2748
záliv,12205
švédsky,12206
tonikum,12207
dolaru,683
zeptám,3370
sklepy,1650
ukázaly,5755
živého,745
didaktických,1006
schopní,915
japonskou,3120
vyrazit,9065
profesionálními,1716
ruští,899
tepelného,2169
vařila,7840
vyhřívané,12208
magnetu,12209
uplatní,12210
poušť,9682
žádné,1556
jižní,7860
požáru,3503
výběrového,932
hoši,5197
pouzdra,3411
koupaliště,12211
nepravidelná,9899
těžší,2110
držitel,12212
zpracováním,7273
designová,1005
přání,12213
tělesy,7220
startoval,4653
výstavišti,7549
bombardéru,1542
architekta,2750
tématem,11035
rozuměli,3302
nepoužije,4453
vypadlo,3110
dovolené,4005
prodam,12214
přednes,12215
časovým,1502
nárazníky,9600
reklamace,4915
čistotu,12216
propagoval,11623
pokrmy,1705
postará,9509
bouřce,5052
zaslány,12217
určitým,1525
citronovou,12218
válečnou,6484
mistryň,12219
masivně,12220
nastavují,12221
katastru,7087
maturitního,7380
velkého,1403
pohybovou,1129
procvičení,4033
dialogy,3663
podzemní,12222
úroda,6916
eventuální,12223
výhybka,12224
porazit,11981
postupující,12225
divů,12226
navrhovat,9956
jezero,12227
ručička,8064
balíčku,684
komerčnímu,2949
přehrávejte,12228
kurty,2885
vrtuli,12229
intervenci,12230
radit,12231
naložené,12232
designové,1005
upravte,10369
církev,12233
skládku,12234
zabil,5756
nepravidelné,1425
provozovala,3881
pravidly,12235
příslušným,866
bonusové,12236
jídelního,2358
koncentrovat,12237
odpov,12238
rýma,9423
cílem,2935
četby,3451
papírování,263
vyhřáté,12239
splnit,11575
prdel,8306
editoru,820
poslanců,8429
trůny,2733
pedagogických,3403
hereckou,5330
vyskytoval,12240
nejednalo,6731
cedr,12241
létajícím,12242
vrahy,1474
plánů,673
podnikajících,12243
klasiků,9449
stavbě,5147
odpočtem,12244
odejmout,12245
podmínka,6321
poskytovateli,1783
protivníků,938
nebrání,4739
týmu,456
hokejem,569
nevýhodu,10928
pletou,6514
opěrkou,12246
budí,7261
vyplatit,8269
personálem,1205
šířil,11559
zaujme,12247
slad,12248
císař,12249
baby,12250
domácími,609
brance,11751
cílenou,1765
pěstovali,7825
přiřazuje,12251
štíty,180
suita,12252
dán,4880
nositel,12253
bohatě,12254
puč,12255
objeví,8558
zaplavila,12256
návštěvou,5365
vzděl,12257
pouzdru,3411
jistou,3517
hořící,12258
posuvnými,12259
propracovanější,2976
pronajal,2243
semínek,12260
soukromíubytovna,12261
římský,12262
projíždět,12263
vyčlenit,12264
princem,5202
komik,12265
žebříčku,2650
povrchu,1166
vyvážit,12266
chlubí,11250
zaznamenal,4509
postavila,4501
pilky,12267
modelová,12268
islamisté,12269
prostředním,5368
lebka,6501
vnímal,10359
chápány,10848
omezování,12270
nesmíš,6288
klozet,12271
narychlo,12272
normu,10742
vyuţití,12273
výtisků,1701
vchody,2585
solárního,4582
morálky,7153
hlídané,12274
inverzní,12275
připravuji,12276
puškou,8197
úřadům,663
zaměstnankyně,12277
horskou,3588
úmyslné,12278
origami,12279
osloven,12280
nechodila,5880
přepravou,10152
regulační,12281
nebudou,3143
pomocníci,700
zemědělce,5810
kontrolovány,3982
studijního,1786
dostanete,4679
mapování,12282
pocítil,12283
prababička,12284
aplikovaná,2192
příjemně,11456
poukázky,10985
znečišťování,12285
invalidním,2918
nahrazen,12286
souběžné,12287
zóna,4738
bilionů,12288
gravitaci,12289
návrháři,7547
duchovnímu,7776
nestihli,12290
výtvarníky,5677
klimatu,6590
chaloupce,11832
srážku,12291
standardního,5477
pokrýt,2776
látkou,5729
otázkou,7572
tiskovin,5811
pokročilá,443
zubaři,2674
chrastítko,12292
věkovou,12293
ano,12294
relace,12295
dev,12296
odhadů,2415
koženým,1670
kapitánem,3449
uvedeným,2209
písmeny,4919
návrhu,2071
prvňáčků,12297
dub,12298
provozů,537
pravidlům,12235
libosti,12299
hudb,12300
rotačním,12301
odcházející,8002
maturitním,7380
lítá,10002
teplé,1967
transparentně,12302
nezbytnou,5360
knihtisku,12303
neomezeným,1685
ropného,3997
uhradí,12304
zapsané,6906
perské,2648
vac,12305
protiútok,12306
nemovitost,11324
hrdinku,12307
kloboukem,3595
náhražka,12308
sestavená,1131
příštího,6396
železničního,4467
formuluje,12309
kecat,12310
pravidelne,12235
patřičné,1692
mrazákem,950
božstvo,12311
výstavy,12312
diagnóze,12313
nemožnosti,11681
kapalina,12001
kterémkoli,1307
sběru,3022
rozličné,12314
taxonomie,12315
radaru,643
bambus,12316
masážní,12317
dostávat,9262
odstup,12318
agregáty,1151
vážnější,2671
ozáření,12319
zakročit,12320
pekáčku,12321
sklípku,12322
postrádá,12323
knihovnice,12324
nezapomněl,3610
člení,12325
roků,4455
normalni,12326
donucen,9457
přirozeně,12327
potřebnou,1021
ruku,3989
malířskou,5852
dosažené,9860
dvířek,12328
zvoleného,2769
skautek,12329
nutí,12330
odhaduje,12331
rovina,9543
knihe,12332
opětovně,12333
karcinom,12334
uspořádané,2130
květináče,2483
rizika,6597
zvedne,8525
sdělil,11630
žaludeční,12335
čelo,12336
kajetan,12337
neobejdete,7272
připojili,852
spojoval,12338
poplatníkem,908
snem,2364
trendy,6353
přežil,7766
nadané,3398
soudkyně,12339
aktivnější,4634
etnikum,12340
protivníkem,938
máj,12341
zapojil,5354
volí,11353
statistickým,1961
takovému,502
odpovídajícího,7558
parádu,12342
souhlasu,4139
nejméně,8383
ocení,12343
dostával,9262
provedeného,2942
pecí,10581
žákem,271
primátor,12344
stromky,987
nového,225
vestoje,12345
zástupkyně,12346
nebezpečí,10567
skutečném,395
přijdeš,2877
předškolním,6060
garsonka,12347
příkladě,1524
ověřil,7611
včelařství,12348
přítomným,2145
jedli,4112
soustav,4083
vepřová,2210
astma,12349
výbory,2395
celků,1880
resort,12350
slet,12351
nákupnímu,5537
vadného,258
jídel,2038
opačném,12352
parfému,331
vysvětloval,12353
propojovat,2948
princezna,9306
říze,12354
magnetických,453
programová,559
říkám,5545
nesmíme,6288
obklopuje,12355
stodoly,12356
xenony,12357
kup,2096
oběžná,3737
jmenoval,12358
evokuje,12359
brikety,12360
gesty,12361
nevnímá,10359
suverénně,12362
lince,4178
tržbu,6018
nap,12363
pramen,12364
sestávající,12365
celebrity,9337
pobavení,12366
zobrazen,12367
chorvatsky,12368
komisaře,5294
okresního,4434
konflikty,3577
kordem,12369
odliv,12370
cyklo,12371
bolet,10573
následoval,12372
odpálení,12373
průchodu,3387
domovem,274
ústředního,4170
motýly,8528
propustnost,12374
tělu,2681
trestním,8657
formální,12375
dluží,12376
stimulaci,12377
pečeti,12378
povídá,9487
násilím,9577
experimentoval,12379
stavové,12380
magnetů,12381
patra,8436
odložení,12382
vytoužené,12383
brilantní,12384
odjet,10956
krátkometrážní,12385
obranyschopnosti,11420
dekády,12386
příslušníka,6323
eliminovat,12387
něhož,4435
schémata,5925
nahráno,2458
socialistického,708
jazykům,527
probere,9561
nezávislého,986
pilotů,3115
lišty,6988
říkanky,12388
cvičná,1013
trvalou,4579
olympijské,4157
zablokovali,2699
osvěžení,12389
týž,12390
vzpomněla,4505
vodivost,12391
vzápětí,12392
spokojen,1591
odpočinku,1410
košťata,3578
soupeří,12393
intervence,12230
více,5952
procesem,992
otěhotněním,12394
choulostivé,12395
strava,6488
demokratickým,913
posbírat,12396
harmonika,4197
pračce,266
pohlíží,8134
genetiky,6337
vystěhovat,12397
neovlivní,11419
švagrová,12398
krátkodobou,2989
snížen,7934
neuteče,12399
spřežení,12400
divadelní,12401
podobá,8130
soudců,2914
bábovka,12402
půjdete,1758
nekalé,12403
krvavý,12404
hodnotit,12405
kompozitní,12406
průletu,12407
místního,6968
pěstován,7825
obraťte,12408
potrestal,12409
zatížením,12410
kamenného,802
roleta,12411
mahagon,12412
řádnému,937
kořenové,2288
dýchacího,7537
geolog,12413
národnosti,12414
cílená,1765
vraždou,7875
nejmenované,2908
oblékat,10424
rychlíky,1090
dospívá,11362
pastelové,12415
desáté,6197
zločinců,2149
modlí,10718
vyřeší,6936
tyden,12416
ulehčí,12417
zneužívá,12418
změním,6473
povětrnostní,12419
obvodem,2604
dnešního,3412
hořčíku,5693
příjezd,12420
položkou,3849
necháváme,9683
vyloženě,12421
strategii,12422
antireflexní,12423
hygienicky,12424
zájmů,3174
brankáři,5142
veletrhu,3690
ambiciózní,12425
sestře,6954
krájet,12426
nuda,12012
slohová,10277
většího,1403
manipuluje,6120
povahu,12427
biologickou,1125
skupinka,12428
popravou,7864
těšíte,12138
cestopisy,8855
předsednictvo,12429
používány,1019
vyhledání,4183
magistr,12430
cvičila,4924
trestným,2412
znakové,12066
deskami,1144
protoţe,12431
dokáží,3082
skluzavkou,9895
precizně,12432
drog,4156
pupek,12433
určenými,1470
zjištěno,7895
doporučí,10297
probl,12434
nevýhoda,10928
neuronů,3550
mohou,2281
modelům,432
svržen,12435
poradci,2685
podsvětí,12436
ukázali,5755
postroje,819
plynová,1412
historicky,12437
pletivo,12438
nejdu,1758
příkopy,4138
kapsle,12439
uvítá,12440
přesvědčili,8826
obsadí,12441
pohodlné,1237
chudáci,1894
selské,1267
odvysílá,12442
elfové,12443
kamene,641
stojanů,160
vrozené,12444
enduro,12445
zasáhnout,11578
spektrometrie,12446
svěřit,7692
pokládají,6347
opěrka,12447
benediktinského,3733
uvést,9199
projížďku,12448
opuštěné,713
zatížené,6706
tady,12449
prefektury,12450
úseků,3923
mnohdy,12451
nerovnoměrně,10529
znalecké,2752
vojně,12452
rehabilitován,12453
granitový,12454
doručena,2387
nemovitého,5274
urgentní,12455
vystavoval,10523
chráněném,754
rozliší,11950
trojúhelníka,4231
přestupní,12456
flexibilně,12457
silové,1172
intelektuálů,12458
jednotlivá,589
vývojářům,12459
frontách,6446
fólii,12460
příklepem,12461
integrací,12462
pečícím,12463
finalisté,12464
mezzosoprán,12465
following,12466
zpracovanou,2840
finančního,6584
beru,5455
litrů,10859
rovnocenné,12467
koncertě,3618
nocleh,12468
spokojenosti,12469
podnikal,7571
netrpělivě,12470
žerou,12471
rádo,4559
potížemi,5581
teplou,1967
faktuře,2455
vytváram,12472
hudebníka,4752
mínění,12473
skončím,11816
efektivita,6892
přítomní,2145
psychologická,2873
přehlednější,2345
zakázané,4002
emo,12474
asistoval,12475
chápání,12476
jakousi,2294
populaci,11914
odvezl,8149
nemůžeš,2281
zas,12477
pravidel,12235
mřížkou,6630
dovedu,5921
sdílejí,6660
sexualitu,12478
příjmení,12479
charakteristiky,12480
půvab,12481
oprávněným,1662
sebevražda,12482
důsledně,12483
naplní,12183
podstatu,4075
posudkem,1978
partnery,1041
zhotovit,7157
jednotlivého,589
pruhované,2013
parodie,12484
účtuje,6408
česko,12485
přenesené,4853
kompostování,12486
sháním,8219
rádius,12487
bobkový,12488
chemicky,12489
prvoligového,2531
nedokonalé,12490
způsobu,1079
zdejší,12491
dotisk,12492
růžovou,3310
rozlehlých,3682
spojte,3190
strašlivě,12493
reflex,8432
notářské,12494
antispamového,12495
etnickou,2510
vychovávat,12496
skautingu,4932
standardu,2087
jednotným,2061
konečky,12497
nastaveno,1999
doktorku,11995
neřeknu,8320
oslabenou,12498
zralost,12499
slim,12500
trvá,8493
mrdání,12501
stáj,12502
hlučností,12503
potenciálem,1367
zákaznického,794
plynové,1412
recyklace,8932
vzbouřenci,12504
sklepní,12505
tmel,12506
vibracím,12507
ošetřené,12508
odstraněny,6212
nouzové,1344
spolupracovníků,1974
upíra,12509
seberealizaci,12510
semestru,4445
registroval,12511
ukázkami,11208
veřejně,12512
zítra,12513
umíme,2082
dívkám,6704
pěstuje,7825
údržbou,7701
trestem,2049
sumu,12514
zveřejněné,1835
odhadu,2415
block,12515
závodníků,1251
mladíků,465
inkasoval,12516
cenná,1169
podroben,12517
krátkou,3284
manuálním,3312
hnusně,12518
moučníky,1896
pravidla,12235
panty,12519
obdobím,12520
souřadnicích,12521
podepisovat,8649
bakalářskou,12522
termosky,12523
nápadný,1140
tvrdě,12524
utéct,9788
během,12525
pseudonym,12526
vyberte,4695
metadata,12527
vesnické,1906
zaostřovací,12528
výčitek,11395
nemusela,4512
podařit,8791
tělový,12529
naplánováno,2215
výdělky,483
pilně,12530
hodilo,4552
povolal,12531
sexu,1805
zavinění,12532
elitní,12533
cenného,1169
tichu,7096
detektivek,6664
sběrného,12534
niečo,12535
tobě,2956
plic,2881
zaregistrováno,2142
branži,12536
solidární,12537
paliv,8918
fauny,12061
psychology,4256
premiérově,12538
vyžádá,12539
žánry,7226
výrazem,4049
analytická,1826
kostek,3758
kriminálního,8015
připravíte,4009
rozhlasových,859
jednoduchými,361
amoniak,12540
otisku,12541
škrábanci,12542
tepelným,12543
oživí,8230
otázek,7572
palcích,7442
sálem,12544
zabezpečuje,12545
nosí,5144
zákonitosti,12546
ovál,12547
nezměnily,6473
pití,12548
podívají,5632
bratři,1757
instalačních,2212
autorskými,1084
lékařem,1454
složek,1879
přiděleny,4973
přibrat,12549
kandidaturu,12550
provozuje,3881
registrech,1704
table,12551
zavěšení,2911
burza,6478
lidsky,12552
vstupních,2590
poměry,10591
ředitelé,4881
slupky,12553
koncipována,12554
meče,12555
lahvičky,12556
plachtou,6816
zapalovací,12557
zkušenostmi,11065
stáži,11375
ukazovali,4572
orální,12558
zorného,12559
vrácen,11894
finančních,6584
konkurenci,9940
nejednu,998
elektrickému,120
pravidelnost,11242
likvidují,8629
pedagogika,11633
prefekt,12560
zápasem,2002
eshopy,12561
celokovové,2139
slipy,12562
představách,6251
poskytovaná,8452
nepsal,12563
archívu,2237
šestistupňovou,12564
prověřené,9484
drazí,185
číslicemi,7184
dechovou,1869
onemocněním,11313
vysílal,12565
svobodná,1119
orientoval,9805
pověřeného,7111
maršálek,12566
potravy,7842
zákazy,6159
laku,12567
exotické,1168
lyceum,12568
silou,7366
zpět,12569
hledá,8169
prostorovým,701
mluvčího,12570
prognózy,12133
odpovídalo,9597
subjektivního,5896
kulturní,12571
week,12572
naproti,12573
buzení,12574
nejsnáze,5006
baryton,12575
procesu,992
podíváte,5632
kapitálu,765
nenapsal,4765
spravne,12576
technickému,1404
terčem,2567
přinesli,5735
zaměstnává,12577
přehlasované,12578
slovenskou,2233
svěřené,12579
propočty,12580
zamítnut,12581
potravou,7842
propracovaným,2976
úsilí,12582
železářství,12583
zakazovat,12584
komise,12585
prohraje,8633
chvíle,5806
záruka,3963
bezkonkurenčně,12586
spustili,1135
face,12587
krajského,2213
muzikály,2973
hlásila,6725
nepřízeň,12588
křižovatkách,10629
lyží,1602
mnichem,4568
zásadou,7007
kůrou,12191
komplety,12589
bytostí,6373
zabalené,1720
zasílány,12590
absurdní,12591
observatoři,12592
fanouška,2252
minimalistickým,1717
vrchoviny,12593
embrya,7821
char,12594
lákadlem,12595
zametací,12596
odolné,1592
doktore,2541
zruší,12597
akcelerace,10559
dynamické,2848
větev,12598
zbavte,8503
store,12599
pokládali,6347
grip,12600
dovolili,4409
neviditelná,10708
vaně,11112
pravidlem,12235
pojišťovna,8487
slábne,12601
vyjet,10195
kilometrů,7655
pastýře,12602
staral,418
reálnými,414
tloušťkou,7795
blaho,12603
bleskům,1607
pevné,344
prodávají,3122
hnůj,12604
náhražky,12308
zlé,2121
oddělit,12605
přímce,8746
vlakové,7596
necelou,12606
zavinil,12607
ventilace,12608
faktur,2455
lamelový,12609
secesní,12610
respekt,12611
nevědomosti,12612
mačkat,12613
táboření,12614
rozehřejeme,12615
punku,12616
ligové,3853
svědkyně,6992
křivé,12617
neviděl,8260
vydával,6242
vepřové,2210
protistrany,12618
dominantní,12619
hlasu,928
rozmístění,12620
odhalení,12621
nevzhledné,12622
rešerše,12623
zatouží,12624
úbytek,12625
osvědčí,11780
mrazáku,950
proměnu,12626
křehké,3675
voliči,2904
připadala,4027
vodiči,774
laktózu,12627
ptáte,8316
hudebníků,4752
rozmístěné,12628
summit,12629
pizzerie,12630
lavic,2094
důchodového,1422
mlíčko,3562
běžná,157
fyzikálních,4387
zvuků,393
totalitním,4362
budování,12631
montáž,12632
nález,12633
částky,8266
prostředcích,547
rozšířené,4124
takoví,502
loupeže,7918
ojetá,12634
konkurenceschopnosti,10592
naprosto,12635
činitelů,6666
udělejte,4567
ziskovost,12636
vrtá,10182
podnicích,2230
kytičku,12637
alternativně,12638
partnerů,1041
začneme,5079
svobod,3322
lešení,12639
dečka,12640
nejrůznějším,6991
předpokládali,5934
běž,833
politikou,8664
mrtev,1214
nečekal,5760
zápasů,2002
budovách,784
studují,7169
místem,7561
leštěné,12641
ustanoven,12642
sjezd,12643
promyslet,12644
zavolala,5237
vtipy,2481
přilne,12645
experimentovat,12379
tlustá,563
veřejnoprávní,12646
pódiích,5019
ohniště,12647
nejistý,3517
výrobu,12648
konkurzní,12649
distribuovaných,5326
pronesl,12650
stisknout,12651
kritické,1595
lopatkami,6516
obchodu,678
blbou,1334
wikipedisty,8566
placka,8193
trestnímu,8657
samozřejmostí,11925
parcelu,12652
záměry,3819
salámu,3689
vývoje,4114
kluzáku,12653
vrstvy,6518
kulisu,9137
šedivé,12654
dalšího,10242
plastika,8623
konzulát,12655
opačný,12352
bordelu,5044
anketě,5462
provozním,11605
zpráva,9850
táto,358
you,12656
minimální,12657
parního,3954
neuvědomují,4662
výtvorů,611
literárního,5269
platnéjen,12658
blázni,2832
olomoucký,12659
přihlášky,7718
vybralo,4695
zuby,2899
generálové,7814
penzijním,3471
úředníků,1418
holuba,12032
propojuje,12660
enzymy,12661
hlodavců,12662
karate,12663
nedávám,12664
volejbale,2300
úrazové,12665
náročnosti,10770
naprázdno,12666
praktickém,869
zrcátkem,12667
vrtule,12668
jímž,4435
instruktorem,12669
schůze,12670
orientovaných,1177
holding,12671
dabér,12672
nevěra,11471
spojen,2851
spousta,12072
synonymum,6558
pásová,1989
brazilský,12673
cizích,894
elektrifikace,12674
nožičkami,4955
úmysly,5877
dálnicí,6790
stříhací,12675
opar,12676
reformy,8296
jehličky,12677
ránu,12678
halogenové,12679
optimalizaci,12680
ohlásit,4633
spojka,12681
biologického,1125
škodit,8763
vyplněné,3732
naším,232
dokonalého,1681
obchůdek,678
důchody,543
spektrum,12682
šlehače,12683
výsadou,12684
navštívených,12685
spád,12686
vláken,6698
kolektivního,5845
nevychází,11432
adaptaci,12687
hezčí,8939
nároků,4372
upload,12688
nehne,12689
osnovu,11694
dílům,3508
opus,12690
jmenovat,12358
dovolil,4409
zásobení,12691
aneb,12692
polski,12693
fenoménu,2299
trať,10074
šťávou,8608
dobrovolníků,4946
běžeckého,744
sklokeramické,8464
sólové,3763
volejbalové,3193
domnělé,12694
disponující,6871
klíšťata,10144
autosalonu,12695
zažité,12696
třídou,5290
ročně,12697
zrakového,6673
nerozuměl,3302
chytá,9458
tvoje,726
tlačí,12698
předpovědět,12699
nesouhlasíte,12040
vaří,7840
fotbalovým,1453
vzdělanostní,10331
organizuje,7269
minimálními,12657
orientaci,12700
tuhostně,12701
omáčku,12702
namáhavé,12703
drogerii,12704
poustevník,12705
nikým,2273
jméně,6376
čteš,3336
strhnout,12706
nemocenské,12707
proměnili,3053
frčí,12708
šéfkuchaře,12709
bříško,5687
vysvětlím,10579
rukojeti,12710
kombi,12711
supermarkety,1317
stavbou,5147
stud,12712
naplánoval,12713
point,12714
špičkového,397
ledu,7487
nemůžete,2281
stavitelství,12715
řízena,303
vylepšenou,5751
omítky,9853
vedoucího,12716
koncovému,238
planetou,2158
čítající,12717
nepřátelským,12718
interpretuje,11534
principům,3464
objevoval,12719
tabulek,6984
uchovávání,12720
přátel,297
propojování,12721
nedokázalo,3082
krev,12722
subjektů,1150
handicapovaných,5351
zpravodaje,7126
kapes,1440
pohrát,12723
severozápadní,12724
rozebrán,12725
prvoligové,2531
čtrnáct,12726
terasa,4975
plodiny,12727
španělština,12728
lávku,12729
veterána,4289
amatérů,4601
reporty,12730
pekárny,2431
obavy,7996
zprostředkuje,10395
paletu,11857
levice,7653
váma,12731
předhradí,12732
infekcím,3395
smíchy,5468
základním,1769
konkávní,12733
zavření,1105
podstavcem,12734
seniorům,12735
kabinou,12736
třicítce,8875
zajištění,12737
nezbývá,12738
přálo,9519
akryl,12739
žákyně,12740
lékárníkovi,12741
plemenné,12742
ratings,12743
infuzní,12744
váhat,12745
carem,8955
berou,5455
opakující,12746
rovinatý,12747
jedoucího,10830
nezapomeň,12748
připomínky,12749
uvěřil,6068
držáků,12750
zpracovatele,7754
vláknem,6698
přivezl,6969
ukázkové,1743
sauny,7204
provedenou,2942
stoprocentní,12751
patnáctého,12752
funkcionalismu,12753
dojmu,3161
diagnostikována,3160
zákonodárství,12754
otců,1448
neváhal,12755
čtyřkolek,9648
vyhřívání,12756
střídavého,3463
nejnebezpečnější,425
podnětů,5297
tuhého,5881
bezchybnou,1387
splachování,12757
krádeží,4060
panelových,985
pancéřové,12758
týmového,2293
vstal,5550
republiky,4239
sérum,12759
ortodoxní,12760
sepsat,12761
sklenici,11222
halogenová,12679
svatou,5050
federací,11909
rodáka,12762
dovoluje,10502
tureckou,3842
analogových,93
nespavost,10515
lolitka,12763
spojovací,12764
družstvu,5824
povoláním,7803
nepostradatelnou,1842
kanalizaci,12765
řeknou,8320
soudci,2914
miminkem,3205
přednáškách,6987
nechávali,9683
písničkami,5094
poskytuje,5972
fasáda,6008
pracovalo,1938
zakázala,6403
rovná,1964
deti,12766
obvyklou,2118
dispozice,3664
znít,9397
cenově,12767
živočišného,4511
zmizet,8000
úctu,12768
ananasu,3258
oltáři,1332
vzali,3130
like,12769
mrazničce,6576
odborové,2485
omezil,10825
dražbu,12770
skutečnými,395
odevzdání,12771
rády,4559
velvyslanec,12772
kánon,12773
příkladů,1524
teplota,5152
novinách,1316
vychovatelky,3969
zářivkové,4451
neplatná,1706
kluků,638
exponátů,1374
výzkumného,1318
poctivého,2256
kryty,12774
pijete,11692
důsledek,12775
vládne,12776
propojovací,12777
špatného,1639
chatkách,12778
energií,3864
rušivé,12779
sveta,12780
mýlí,7947
splnil,11575
jarmark,12781
věnujte,9810
melodii,12782
pečeť,12378
chováme,1078
pobytem,1889
projektová,2373
nevyrovná,9112
kontinentální,12783
dýchacích,7537
křivka,12784
splatit,12785
osvědčilo,11780
depresi,12786
obrovskou,1579
klouže,12787
rozpadl,12788
nedávnem,9942
zapojí,5354
objednávat,12789
základního,1769
panna,11917
odstěhoval,12050
nesměla,6288
severovýchod,12790
uvolní,11937
tramvajovou,12791
vilu,12792
soundtrackem,12793
akorat,12794
kontinentě,1405
profesora,3845
nastavitelné,12795
manželov,12796
zakrývá,12797
nejrůznějšími,6991
nečekali,5760
týmů,456
chemie,10783
přistoupí,10979
rohy,2898
poločase,12798
silonky,12799
nákladním,3121
devatenáctého,12800
přizpůsobuje,12801
filosofii,10029
umožnil,10134
bezproblémové,2137
ted,12802
prověřil,12803
nosníky,12804
catering,12805
pracujeme,1938
hotelem,1184
jaderné,831
soul,12806
oblékání,12807
focus,12808
přesilovku,12809
porodit,9285
tvořící,12810
zaměstnávat,12577
pilíře,4192
gotickou,3712
varovat,12200
nížina,11737
začaly,5079
psychickou,2070
poté,12811
nakoupíte,3574
makra,12812
snadné,6187
dále,12813
hrubým,1080
kaštany,11214
pouhou,1833
vitamínu,5841
dělaj,12814
vytahuje,10636
některá,1260
sušení,12815
hnětení,12816
diskrétně,12817
rozvoji,3417
otevřeného,1210
zkusím,6119
vybavenost,11398
renesance,12818
extrému,12819
sklenku,12820
dozví,10194
špatné,1639
zárodky,3434
hospodárnosti,12821
plánovaného,1004
rozhodující,12822
prezenční,12823
muzejního,9077
pasy,4615
kanóny,2579
meteo,12824
informuje,9992
rolet,12825
protiponorkové,12826
tréningu,12827
vybrali,4695
ozvat,10200
nahé,4507
přihláška,7718
zázemí,7881
skriptů,12828
plaku,12829
makro,12830
kalhotky,12831
kamsi,12832
nadchne,12833
částka,8266
nejhezčí,8939
tvory,993
neumožňuje,10176
návratu,6889
prostřednictvím,12834
milovala,6082
novostavby,9949
připravovali,7786
čočkou,4650
doktorky,11995
sazby,2411
skála,8985
podnikatelům,1795
univerzitního,2863
jednotlivou,589
vzorků,1309
motoristy,11207
benátský,12835
zpracované,2840
nezávislá,986
koupací,12836
dědictví,12837
poroty,11655
hlásící,12838
osadníci,12839
chápali,5169
golfu,5636
přesnější,1623
náhrady,8054
reklam,3802
nezastaví,6543
prorektor,12840
profilovou,12841
bezpečněji,1754
skupinku,12428
čaroděje,12842
druzí,1243
mikroorganismy,12843
tóny,6252
krevního,3621
celostátní,12844
nejchudší,3253
bermudy,12845
filozofie,12846
agentuře,5046
podvodům,1186
statického,1636
different,12847
prohrál,8633
zjistily,4935
primátora,12344
štíhlejší,3423
tvrdím,8709
bestie,12848
pečovatelskou,12849
získal,7265
prodávaných,6580
nepřišla,2877
domněnka,11499
netradiční,11435
pružnou,4208
global,12850
aktivním,4634
vyšetření,12851
ježka,6448
nižší,4663
dáváte,10999
svítilna,11479
houba,3755
sebepoznání,12852
návykových,4701
pohárky,12853
detektorů,631
takovýmto,764
pohony,12854
výběrů,2603
poněkolikáté,12855
teplem,6071
krajské,2213
přiměje,10058
oblíbil,12856
napodobovat,5298
jeans,12857
cukrovinky,12858
aspon,12859
broskev,6066
divadle,9452
takovéhoto,764
zašlou,12860
nechuť,12861
zdvojnásobil,12862
chytání,12863
nesvědčí,12864
syntetika,12865
tvořivě,12866
prava,12867
pohlcuje,12868
přejděte,8662
ústní,12869
příbuzné,12870
amatérská,2241
nestandardní,12871
sídle,8816
bytí,12872
karcinomem,12873
galaxií,4925
soudobého,4978
rozdával,12874
score,12875
schůzi,12670
limitu,3994
jehož,4435
nechápu,5169
přestavbě,9772
tichým,721
odnímatelné,3710
dynamiku,12876
dual,12877
knoflíku,1928
pařížský,12878
mus,12879
záchrannou,1399
hmotné,1505
puma,12880
nedokonalosti,12881
suchu,12882
rybáře,6030
nej,12883
neposlední,6176
zásobovací,12884
motivu,6181
spoření,12885
použitelnost,12886
kosti,12887
seznámit,11077
výtvarným,2974
vrátil,7646
sportům,2073
nesouhlasím,12040
ochotě,12888
kraťasy,12889
kostýmy,3335
nejproduktivnějším,748
povolenky,12890
nepovedené,12891
poškrábání,12892
soběstačnosti,12893
nevýznamný,12894
filatelie,12895
zopakování,11584
částice,10807
skladatelé,5460
diodové,12896
srbské,4518
předsudky,12897
zastřelit,12898
výkony,568
ovulaci,12899
plynovodu,2125
ochrannými,1391
pekla,12900
niekto,12901
vzhledy,3631
vyučovacích,1874
postižená,730
otevřely,2616
příběhy,2971
změněn,6473
šály,12902
stezka,11867
pozoruhodně,12903
žloutky,7156
nepřijdou,2877
soudí,10777
věčné,2783
některého,1260
efektivnosti,12904
parametrů,4595
letové,3181
radí,12231
dýchat,12905
námořnictvem,6355
vezl,5808
hodnocením,12906
dějinám,5815
skutečná,395
přemístil,12907
tvrdit,8709
věta,8451
nelegálních,1980
historii,12908
česání,12909
hypotézu,9139
škodlivých,247
nabídl,9531
fakulty,8427
studeným,1322
organizoval,7269
startéry,1572
účetním,5452
provedl,6953
tvořit,6064
informací,2040
romského,10715
péct,12910
pejskem,1278
zaplavení,12256
potrat,12911
plánovali,8199
provozování,12912
dostávám,9262
čelem,12336
neobyčejný,455
rozsáhlou,1569
šaten,3268
následníkem,3342
podlahách,3068
závislé,986
příjezdové,12913
pyžama,8416
citační,12914
vybírají,6565
závislým,986
údajov,12915
kysané,12916
opravili,1271
sušené,3459
dětma,12917
děsně,12918
oprávněného,1662
mesic,12919
vestu,12920
nápravu,4209
modlitební,12921
hlídka,12922
vyrozumí,12923
žije,8677
dojet,12924
prvnímu,2136
oslovit,12280
dívají,5977
nejaktuálnější,9726
prominentní,12925
pořádající,12926
prezidia,12927
stezky,11867
stovka,3536
poruchám,4046
vrátíte,7646
osmý,11658
nepíše,3371
módní,12928
ukazovaly,4572
střediskem,5978
desetiny,10227
sedmnáctého,12929
pokec,12930
teple,6071
večera,2029
soudně,12931
vysokoškolským,1565
hodně,5952
rozlišovat,11440
prozatímní,12932
převrátil,10101
otvory,3325
čárku,7078
povzbudit,12933
spadnou,4911
mletí,2781
milou,12934
nezákonné,2091
stereotypy,3108
ptají,8316
zřídí,10108
sestup,12935
bolševiků,12936
nosné,5403
tvářenku,12937
biolog,12938
strachy,4326
šílené,2740
pohodlná,1237
lámat,11901
ako,12939
načítá,12940
přednášek,6987
duchy,2811
infoboxy,12941
celé,1564
rozebírat,12942
dlani,3649
přišli,2877
ročn,12943
účastní,12944
zoznam,12945
nemocných,561
folku,12946
připravenost,11446
anděla,7288
rezortu,12947
efektně,12948
kuponu,12949
přeneseny,4853
obličeji,770
veslař,12950
prestiže,12951
kolaudaci,12952
balné,12953
nedokážeme,3082
určením,12954
založte,9032
tekuté,3949
přestavěná,12955
glukózy,11271
minutka,7920
rivala,4253
tuzemská,544
zvětšit,11378
promlouvá,12956
citlivosti,12957
extraligové,12958
rezervovaného,12959
nařídí,11735
akumulační,12960
sklizeň,12961
jiní,1047
nemine,12962
audi,12963
prezidentského,1660
dary,6164
tvůrci,8344
vodovody,671
častou,5821
oknu,577
připadne,12964
celonárodní,12965
proudí,12966
projekci,12967
rozmixujeme,12968
politici,4970
tlumiče,12969
pytli,1039
vozech,108
lžíci,12970
nejšťastnější,3345
uložena,387
vytvořeného,546
próza,9042
kompakty,12971
cukry,536
operatorname,12972
navádění,12973
nedává,10999
sféra,4028
benzinové,1570
vojsko,12974
koncentrační,12975
šestnáct,12976
podporovaného,1305
tkaniny,12977
akcím,12978
cvičením,7897
textilie,12979
rozsáhle,12980
kosmetickou,1439
návštěvníky,1187
rozdílný,12981
slanině,4824
minimalizuje,7578
hmotnou,1505
musim,12982
dostupných,1763
přihlášeným,1432
katastrofou,6392
jděte,1758
ochrannou,1391
vaginální,12983
čtverečních,12984
zajít,2749
hereček,10652
řeší,7327
ostatně,12985
oceněn,2517
dokonalé,1681
projects,12986
plátěná,12987
dědičnou,6741
vyslovit,9871
administraci,12988
jmenované,2908
ulehčit,12417
nazev,12989
plody,5315
víra,12990
trafiky,12991
přibližně,12992
pedálů,12993
batolata,2970
pelíšku,12994
podívala,5632
sestavených,1131
členského,1331
vydá,11437
taburet,12995
zaměříme,9698
ramínko,12996
příklon,12997
nesmějí,6288
lesklé,9773
hašení,12998
nežije,8677
klasickém,353
rehabilitaci,12999
vhod,13000
nedoporučuji,13001
přepadli,10211
vědě,5873
skrýt,13002
střelci,2966
budovali,6259
byzantskou,4865
zní,9397
jazykem,527
oper,4070
studia,7848
nepřežil,7766
telecí,13003
dotazem,4836
miliónů,1190
nečekaně,13004
vystřídat,13005
špatným,1639
tmu,13006
poznávání,13007
softshellové,13008
brigádu,11369
bederní,13009
porcí,13010
pravoslaví,13011
jakostní,13012
odmítal,10863
paruky,13013
přesouvání,8513
ohroženy,6278
jídla,2038
dlužníků,1806
modern,13014
partnerky,9448
hvězdičkový,13015
přejezdy,13016
zachovalé,1599
holuby,12032
šéfredaktorem,4354
vyveden,13017
slušní,837
mob,13018
vlastníkem,1515
vyhýbal,13019
sledovali,8565
vstoupí,13020
měnili,7778
armádou,6502
výsledků,4816
chromozomu,13021
přistýlkou,13022
lékařská,1113
tedka,13023
styku,1659
běžkách,5733
přemýšleli,9396
nezbyde,13024
příplatkovou,13025
oprávněná,1662
proveďte,6953
plynulost,11551
nemovitosti,11324
výhrou,4899
bariérou,11845
approach,13026
nejvyššího,3619
reality,4786
biologická,1125
sto,13027
profesním,5083
jíme,4112
zámečku,4676
počas,13028
vyvolán,6644
rozšířenou,4124
duší,9167
turistice,6733
překladatelské,13029
přestěhování,13030
básnické,13031
way,13032
jednorázové,1094
podmínkám,6321
svatého,5050
vyjde,8308
přerušením,9067
nemusely,4512
vyvolávací,13033
vřelý,13034
batohů,260
zničilo,2117
modlitbou,10588
vlnovou,13035
tabulka,6984
elektromagnetických,8998
článkem,9651
sanatoria,13036
kvalit,12023
obléknout,13037
rádiových,776
praktika,13038
poplatkem,1033
banánů,516
hostince,6728
salonku,13039
zodpovědět,13040
základně,5891
vysušené,13041
nocích,9883
dynamice,12876
bonbony,13042
bruneta,13043
povolené,3668
interních,1497
propuštěn,13044
bodování,13045
kontaktovat,13046
chvil,5806
zkratka,10624
člunem,368
smrt,13047
útocích,412
hliníkového,669
vjezd,13048
ukazují,4572
důvěryhodnost,9544
školením,6614
osvědčenou,3748
silnice,11908
zádech,7249
nesplnil,11575
záložka,13049
čisté,809
opakování,13050
míchá,13051
prohlížené,3828
obtěžovali,6044
uvedla,9199
šatičky,13052
pobaví,10463
obráceně,13053
určitém,1525
pořízeny,2168
geograficky,13054
dělali,3644
mutaci,13055
vysvětlení,11743
zvládání,13056
nejzásadnější,10686
hrnku,498
trojku,11322
transfer,13057
vysloveně,13058
televizním,907
stávka,9969
jedna,615
blížil,9398
markery,13059
gymnastka,13060
překonal,13061
docházkové,13062
scény,3862
světce,13063
roury,13064
patentu,1441
půdní,13065
ligy,13066
kapalné,11810
zúčtovací,13067
likvidací,11545
oceány,1735
chránila,2012
analýzou,5865
listu,1216
impulsů,1721
trasa,4527
fotografů,5789
keď,13068
overaly,4929
chrupu,2439
oddálit,13069
citlivých,632
záložních,13070
nevládní,7002
poř,13071
velvyslanectví,13072
odpadu,1371
matným,6469
uvozovkách,13073
mamutů,13074
vlastnili,825
kvarta,13075
ovládána,798
pokojových,3061
držen,13076
tvořivé,13077
vylepšené,2146
výmluvy,13078
rozmazané,13079
emitenta,13080
neustálé,4784
pozvánek,4819
dolování,13081
snažte,10317
přílohu,13082
projížděl,12263
účastníky,1794
příchozím,3286
volil,11353
známým,1356
zřetele,6593
pečovatelské,12849
rovnat,13083
salónu,2296
vešlo,5126
hraná,3244
tiché,721
dřevotřískové,13084
nacpat,13085
zjistíme,4935
posílají,8910
nepoznali,2858
dohledat,13086
uvede,9199
vojsky,12974
velkém,1403
čarodějky,8818
devizové,13087
předvoleb,3499
metodou,7080
ochotni,4430
tvým,726
odměnou,6079
ukončit,13088
napsanou,13089
odpočinkem,1410
zodpoví,13090
zaměstnával,12577
měřítek,13091
prezidentů,1867
akcionářů,6296
požadují,5168
balkónem,645
namísto,13092
rodokmenem,4937
spravedlivé,1147
nezapomněla,12748
balistické,13093
nekončící,13094
vysokou,3619
ptal,8316
povrchovou,2261
truhláře,8958
služebního,1259
rozvaděčů,13095
motivuje,12092
hodili,4552
motorizace,13096
štítné,13097
časté,5821
děvka,13098
odeslány,13099
básně,13100
dozajista,13101
opalování,13102
nezaručuje,13103
loga,8780
chráněno,754
vyhrožovat,10706
míle,13104
trenérka,13105
archeolog,13106
lokty,9072
provozovny,4972
oba,13107
slavnou,2814
vlastnosti,10867
vládnou,12776
zbytečného,1258
námaze,3260
supermarketů,1317
bolí,10573
značková,13108
vlhko,13109
dokážeš,3082
stavby,5147
přístupných,3396
zadejte,2605
konečným,2286
páteční,13110
pohledem,3409
dovolte,4409
bojové,2235
chodeb,1810
zmenšuje,13111
vložím,11896
klasifikovat,10498
ovlivňují,10921
podával,13112
trofeje,13113
marmelády,8120
poledni,11104
jehlou,7383
dotační,13114
roamingu,13115
vlastne,13116
opuštěná,713
skutečnému,395
inventarizace,13117
řekněte,8320
aktivita,4573
portréty,1327
vydaná,2526
listovou,13118
prchající,13119
normami,10742
titulem,3236
rozpadající,10295
evropské,1676
seš,13120
zkratce,10624
zavedeným,4105
hodnotí,12405
potížím,5581
řetězce,1784
ligu,13066
zahradníky,2410
tomuhle,675
kočárku,1194
vojenské,1335
náročných,742
hudebním,2441
předal,9751
větrná,2826
modelingu,13121
oddlužení,13122
bramborami,2957
leštěná,13123
syrová,8719
tenisové,1857
turisty,2717
ohromující,13124
ministerstev,4184
historickou,2333
trojky,11322
svést,13125
dostává,9262
světské,13126
trus,13127
malbou,3850
akrylové,13128
zkušenosti,11065
souhlásky,13129
měří,5594
neodpověděl,5016
nosičů,554
sestavením,4296
krystalu,1796
otevřenými,1210
preferovat,8196
reagoval,6852
odchov,13130
kvarteta,8092
chrámu,1137
toneru,13131
zralosti,12499
nejpoužívanějších,1019
zákoníku,1380
parlamentní,13132
ovčáka,13133
sinus,13134
zájmům,3174
zajímá,8683
snadným,6187
roztomilé,1727
hurá,13135
zlepšit,10468
operací,8145
posloužily,4514
modlitba,10588
filantrop,13136
bobule,13137
předpokládaným,6690
dobr,13138
chleby,13139
manipulace,10310
lámání,13140
sousedi,828
fauně,12061
laserového,808
spíž,13141
teplot,5152
stavitelé,6623
utz,13142
obleku,438
důležitou,2842
neváží,13143
hodnoty,7469
šrotu,2131
tepelná,2169
podvodní,7003
dluhu,1141
walking,13144
rozumějí,3302
smažené,2742
hydroxid,13145
realizovaná,2596
protikorupční,13146
jedinému,1064
prvků,1597
reditel,13147
rekl,13148
dodá,4773
šablona,13149
protějškem,763
chudým,3253
patrech,8436
námitky,7627
zemědělská,3086
olejem,1724
koláž,13150
typického,3809
presidenta,1867
frázi,11987
nežádoucím,13151
optiky,6885
hostujícím,5061
letošek,13152
polština,13153
obchodů,678
buďte,3143
kalkulaci,13154
letošní,13155
uprchlíky,3163
čípek,13156
tamní,13157
provedení,13158
rysy,7915
dobrovolnické,13159
inkaso,13160
uchycen,13161
expresivní,13162
nesplňuje,9983
doprovodu,3400
vztažné,13163
vyhledávacího,13164
průkazů,1117
předběžně,13165
přílohami,13082
nezbude,7900
křivky,12784
slitiny,13166
věřitelé,5519
hloupá,209
emirátech,13167
upravovat,13168
předpokládají,5934
úsvitu,13169
diskografie,13170
nakladatelství,13171
růžence,7603
řádky,1965
neplatí,5235
palivy,8918
příponu,13172
rušení,13173
inzerci,13174
jakožto,13175
sólo,13176
vsadil,9289
teoretického,1566
kritiku,13177
psychiatrické,13178
úplatu,13179
vezmou,3130
vyřízení,13180
plavat,13181
taštičky,13182
prodaly,5566
osvětlit,13183
lymfatické,13184
nárožní,13185
odpovědností,11684
narostl,13186
frekventované,13187
těla,2681
veze,5808
vybírejte,13188
okouzlit,13189
neúspěchu,7678
pronájem,13190
vlnu,13191
ušít,13192
nerostné,13193
umělými,1040
solárním,4582
neni,13194
kazatele,13195
suchá,3035
jahodami,3368
vyjít,8308
sledovaly,8565
formátů,13196
trestání,13197
přivezou,6969
technickými,1404
ostatním,6476
titulku,6888
vysokoškolská,1565
nebytové,904
nenecháme,6727
hejtmana,4721
aplikuje,5963
klíšťové,13198
analytiky,5397
chór,13199
řádku,1965
srazí,13200
distributorů,8803
poškodila,2519
frézovaná,13201
necelá,1564
užije,13202
zkoumaného,9988
navštěvuje,8485
menstruačního,6167
prostorovou,701
autoritě,5263
výpisu,3939
důstojníkem,1096
doplatit,13203
kvintet,13204
regulované,13205
noze,8226
družstvem,5824
okrskové,13206
nejlepšímu,4916
autoradiím,13207
nebrala,5455
betonová,1264
plotem,2033
dobrovolníky,4946
prováděné,2626
neškodné,13208
kapaliny,12001
vířivkou,13209
popíše,10649
přikoupit,13210
šamponem,13211
dutinu,13212
přestěhuje,8781
bydlení,13213
opustila,7207
pohlídat,3292
francouzština,6738
vzdáleném,680
vyjímečně,13214
náhodném,1504
úžasně,13215
vědách,5873
clony,13216
generálního,8908
dopravního,9635
recitaci,13217
proměnnými,13218
vloženého,1164
poskytovatelem,1783
mrknout,13219
továrním,5580
podporuje,10634
nekonečné,2286
doručení,13220
lekce,13221
nečistotami,13222
vyřízen,4969
komplexního,6467
koučování,13223
polymerové,13224
konspirační,13225
mylně,13226
hrdinkou,13227
zodpovědní,5565
očistí,7642
technologická,914
lahví,9096
nutného,1282
políček,6086
překladu,6297
default,13228
zvolení,2769
chladným,1257
srbského,4518
dílů,3508
vařil,7840
věst,13229
portugalsky,13230
nasvědčují,13231
určil,13232
prezdivka,13233
jazykově,13234
spojem,13235
tekutin,11380
poškozených,360
pruhem,4803
otáčí,13236
pohonem,751
základová,13237
sníží,13238
připraveného,433
jejž,4435
kondicionéry,13239
zručnosti,13240
kompenzační,13241
archivace,13242
nebyly,3143
placeného,601
prázdninami,1590
současných,2791
dopadá,10133
karlovarský,13243
tušila,4940
šatní,13244
útěchu,13245
osvětluje,13246
polednem,11104
nováčci,3522
sebeurčení,13247
metafora,13248
rozkládacím,13249
knězem,6041
skeptiků,13250
vyšetřuje,9314
nechtěnému,13251
zjeví,13252
plynového,1412
chodníku,1255
amfiteátr,13253
zkoušela,6367
smrtícím,9835
chladicích,13254
zkoušky,4655
otevřeny,1210
ohlídat,13255
kreatin,13256
zaměřit,9698
poklesne,13257
vydala,11437
plísně,8047
místně,13258
začínáme,6173
poplatníky,908
nepravidelného,9899
formu,13259
logopedické,13260
nebeské,2549
cibule,9095
polohovatelné,13261
obydlené,13262
upevnění,13263
danému,757
kalifornské,13264
překládá,13265
čištěním,8777
matici,13266
primát,13267
patnáctý,12752
kšeft,13268
miska,7525
skladování,13269
chirurgickou,2183
vstupů,2383
chorvatské,3589
nedostatečná,1979
zjevil,13252
ječmene,7979
spodní,13270
spisová,13271
hlavou,3754
ředitelů,4881
blány,13272
more,9535
záchranné,1399
evidován,9011
chránily,2012
závan,13273
bulharského,3487
bočnici,13274
kompoziční,13275
nejmenšího,251
závěrům,7800
hledáte,8169
chátrat,13276
knížce,1240
zrekonstruovaná,13277
prospívá,10819
rodičovského,1382
formuláře,2184
plazy,10768
košile,5439
riflové,13278
opadavý,13279
mnohokrát,13280
legal,13281
zákonným,2091
policemi,6779
nahlížet,13282
zákonodárců,8661
masem,4013
třináctý,13283
paláci,741
mění,7778
soupeřit,12393
bubeníka,3500
škodliviny,13284
tampony,13285
vyřadilo,13286
nejdelší,4386
podmínkou,6321
připravuje,7786
zastavovat,6543
osvícení,13287
poloviny,7093
čtverečního,12984
pozoruje,13288
nadávají,6264
hrušek,3903
jednotlivě,13289
lhaní,13290
stadionů,2565
hlídku,12922
jezdcem,1433
dvouhru,13291
zraněného,9864
infekčním,5431
kazetě,4898
dívenka,13292
šachty,10077
obrněná,1059
nakládání,13293
podmínku,6321
průkopníka,13294
kvalitativně,13295
zamezit,13296
recepty,4943
podlahového,3604
živnostníků,1188
antigen,13297
kooperativní,13298
humorista,13299
zajímavost,13300
pořádná,722
přerušit,11354
komerčního,2949
lodžie,13301
etikety,9446
upřímně,13302
vážnému,2671
režii,13303
blogerka,13304
střílet,13305
praktičnost,13306
čtenářského,532
říkala,5545
vstoupit,13020
rukách,3989
samými,1061
lepidla,13307
liga,13066
nepříznivě,13308
zápach,13309
zaměřující,13310
postavou,10287
proudového,539
biochemické,13311
prozradit,11834
free,13312
nepřízní,13313
daj,13314
přítomné,2145
vyučovalo,4087
zastřelen,13315
velkovévoda,8867
podepisování,13316
zákonnou,2091
obzoru,8178
agentka,13317
vlajkovou,13318
urážka,10038
žulové,13319
antické,2744
středohoří,13320
sněmovnou,6261
najme,9608
závodiště,13321
experience,13322
nepočítá,3652
silnicí,11908
kladeny,13323
wikipedistů,8566
prodává,3122
farního,5319
vychovává,13324
povoleno,3668
novými,225
perfektním,9636
přeprava,10152
files,13325
příchozího,3286
rozloučit,13326
zmapovat,13327
kupóny,1049
falešná,947
čeká,5760
makléři,8474
nohama,8226
ciferníkuzelenábarva,13328
napětí,11145
eurookna,13329
dopravy,9828
rozjezdu,3914
erotickou,2495
kapku,13330
návrhářů,7547
zrcadlově,687
tísni,13331
zadáno,2605
galerii,13332
neudrží,13333
evropští,1676
sankcemi,13334
odhalila,7009
udržitelného,3786
poškrábáním,12892
montujeme,2960
průměrná,410
měřítkem,13091
vlasů,3008
social,13335
zraky,875
imitace,13336
navenek,13337
trávicího,6302
trojí,13338
nabídnout,9531
ideálu,2822
facelift,13339
prohlídce,10678
rabín,13340
rychlými,750
zóny,4738
sochou,6398
search,13341
unisex,13342
povzbuzuje,13343
sídliště,13344
vitamínů,5841
retardací,13345
motivy,6181
opel,13346
body,2032
vemte,13347
obálka,4221
dostala,4679
odpálil,13348
právnické,7955
vsetko,13349
stihla,6532
součinnost,13350
narativů,13351
skluzavky,9895
kritérií,8654
vikář,13352
patřičně,13353
použity,581
pravidelná,1425
stříkačka,5859
prohru,13354
vložíte,11896
duelu,5470
kancléřka,13355
pracovních,2643
onkologického,13356
obchodního,2572
anatomii,13357
honoráře,8144
omamné,13358
dostatečného,1979
sebeobrany,13359
devět,13360
personálního,12054
předu,13361
zmenšit,10839
návratnost,13362
krávu,8917
vévodí,13363
nezastupitelnou,13364
dny,3465
jednotnou,2061
dorozumívání,13365
tuzemského,544
nesmírnou,13366
uvědomění,13367
hebkou,4547
povinnostem,13368
smazány,4974
říká,5545
opakované,2436
plzeňský,13369
esenciální,13370
včasného,13371
jelena,6303
prstence,9884
nasekané,11740
potvrdí,13372
květináči,2483
kráčí,13373
obyvatelstva,7971
mírou,13374
výstavu,12312
užívaná,13375
dosahu,10934
upoutá,9316
ukážeme,5755
zaplacením,5177
sms,13376
odnáší,13377
metod,7080
kontrolována,3854
radil,12231
uvidíte,7450
metodologie,13378
hláska,5443
zmrzlé,13379
nepřímým,4594
stačili,3347
jezdíte,9147
eucharistie,13380
slide,13381
publikované,3874
studiím,13382
vydavatelé,4813
starostí,6617
kandidátů,902
papežské,1788
netřeba,13383
vskutku,13384
korporátních,3203
recesi,9387
morálka,7153
dvouměsíční,13385
nímž,4435
vzpoura,13386
příjezdu,12420
single,13387
hotelová,534
nutit,12330
vyřídí,4969
břemeno,13388
tlačítku,2433
konsorcium,13389
vši,4407
ženské,7388
učitelkou,6701
zvětšil,11378
výškové,8159
vyžadovalo,2926
maximální,13390
předvánoční,13391
uniformě,4444
inzerátů,4516
údržbu,7701
žádným,1556
napodobují,7472
seznámí,11077
osvobodit,13392
kontaminované,13393
trikot,13394
zásada,7007
olejové,2498
chodily,5880
nucení,12178
posloupnost,13395
počátku,9711
optickými,1230
úřadem,663
týdenního,5385
garda,8261
nutnou,1282
frézování,13396
fotbalovém,1453
unii,10532
nepovažoval,11025
sběrem,3022
důvěra,8403
administrace,13397
flíčky,13398
ministrů,5121
počátek,9711
některému,1260
kanále,666
paralelním,2277
pracovnících,707
grilování,13399
především,13400
výhledem,9559
koženka,13401
snu,2364
zahradnictví,13402
podpůrnou,4355
věrným,3764
rušivých,12779
auditu,2845
všemi,830
půjdu,1758
sportovců,1902
čelil,12103
jely,1629
haha,13403
uskutečněné,9851
sledovala,8565
pojmům,1823
insolvenci,13404
vulkánu,13405
zájmová,5348
konstrukcí,7203
trenérem,2135
slyšel,7519
strouhaným,13406
nose,4391
přívěsky,2457
kritickým,1595
original,13407
opakujte,13408
meziročně,13409
teplu,6071
řádného,937
pochopitelný,13410
věřitelů,5519
užitečnou,1343
novinářem,1280
lanová,13411
startovalo,4653
dobrovolnou,2764
klasiky,13412
hráček,10054
necháš,3101
sítnici,3658
kontrolované,3854
skútrů,13413
restaurant,13414
slivovice,13415
pasivních,1934
boxer,13416
savci,5640
stavebně,13417
změří,6334
započítá,13418
neobvyklým,2118
necítí,6830
pochoutka,13419
podobat,8130
chodidlo,10785
zubního,6084
veterináři,2651
poštovních,1304
přídavného,656
rezervou,11105
kávovarům,36
minuta,4698
kinetickou,13420
nacházet,7416
snadného,6187
vakcína,13421
ţivotního,13422
katalogů,3587
zvolíme,8153
nesnáším,13423
vdaná,13424
zvukově,13425
urážel,13426
odcházet,8002
kandidovat,13427
holčičce,8795
prorazit,10128
čekaly,5760
mikro,13428
vrozenou,12444
živ,745
událostmi,13429
jaky,3189
poměrně,13430
květinami,5629
doba,9596
preventivního,7185
přesáhne,13431
marketingová,1740
udělaná,1461
výrobci,10003
písmene,4919
spojení,13432
kbit,13433
albumy,13434
čísla,10566
zadluženost,13435
odpovídám,9597
postupuje,6132
příštím,6396
koupat,13436
neslyšících,5227
starém,146
nepředpokládal,5934
podhledy,13437
rozsah,13438
cibulku,13439
přesvědčit,8826
těžní,13440
přijímat,10482
utajované,13441
rozhodne,7319
političtí,3245
zavražděné,13442
koridoru,4962
meziroční,13443
názornost,13444
teroristy,2587
distanční,13445
rajón,13446
neustálého,4784
paličky,13447
víla,13448
urychlení,13449
uteče,9788
hledejte,8169
zatížení,12410
potápěče,13450
biografie,13451
příborů,783
připomínám,9481
obratu,5247
naplnit,12183
dopisu,1321
abecedně,13452
complex,13453
vitaminem,13454
riziku,6597
záložna,10339
čokolády,3884
materiálního,6718
uskutečnit,13455
předčasně,13456
konec,13457
historické,2333
zaberou,13458
kompatibilních,2679
podkladem,5707
nejmocnějších,2639
odumřelé,13459
institucích,6210
nejslavnějšího,2814
obtěžující,6044
krytinou,13460
lékárně,2143
opatrnosti,13461
ocel,13462
nožky,13463
úspěšnou,1430
stávky,9969
vzdělaných,3217
žalobu,6689
eleganci,13464
dokumentem,943
kariéře,6918
nezapomenout,12748
přihlížet,13465
logem,6508
případu,1390
spojku,12681
newyorské,13466
odkazem,4159
knoflíčky,13467
omezenou,1685
ocitlo,13468
nohami,8226
používanými,1019
zavražděn,13442
porotci,8800
přehradou,13469
vláknová,13470
určité,1525
rozvíjet,11946
očekávalo,10276
kapsičky,13471
pořadové,11474
poslanci,8429
převozu,8358
varepsilon,13472
splňuje,9983
smyčka,13473
pozadu,13474
dílen,4012
vlhkostí,13475
parťákem,13476
úzkosti,13477
žádného,1556
schvalovací,13478
prsteny,3902
okamžitého,1719
škrábance,13479
proměnila,3053
slovesnost,13480
luštěniny,13481
prezidentka,13482
zveřejnil,13483
veřejného,481
dramatika,13484
mapového,13485
globálního,6042
laserové,808
kasárnách,6179
neodmyslitelně,13486
state,13487
lékařka,13488
kávě,2218
zamyslel,13489
kontrolovaná,3854
záloze,484
klempíř,13490
politikem,4970
lhostejné,13491
gólmana,3498
minulého,7395
lžičku,13492
zahraje,6111
důvěrou,8403
muslimskou,2447
občany,805
přípravkem,13493
železáren,13494
ošetřování,13495
komoře,10471
začalo,5079
agenda,4941
blues,13496
vyrazilo,13497
dával,10999
čtyřicítce,13498
budil,7261
smyčcové,13499
humoresky,13500
živě,13501
mbank,13502
výzkumů,3867
znemožnil,8519
trhy,384
jeřábu,872
bezpochyby,13503
zákaznice,203
mechanických,230
navrhne,8862
vlastních,1055
zarezervovat,10794
připravil,4009
výstavou,12312
kvalitními,2200
eura,8225
technologických,914
pamětníky,7139
nemohli,2281
nádoby,5724
střely,11170
návrhů,2071
udržoval,6560
fólie,12460
brzdou,6395
sídel,8816
hrsti,12080
zkreslené,13504
turistiky,6733
magnetem,13505
prarodiči,2920
stale,13506
komando,9476
prodejního,6345
představuji,7844
mletým,2781
mokrá,2010
ekonomickým,752
zohledňuje,13507
ptáků,2562
dováží,13508
řídili,1435
nutno,1282
interpreti,2938
univerzálního,4115
vlasti,2521
senátu,5585
sálech,658
pravoslavnou,6255
čitelná,3093
újezd,13509
nevěsta,13510
umístěna,2633
slovenské,2233
jistotou,2325
pojmout,4868
vyzkoušela,5508
protestoval,11881
funkčními,550
hybridního,2003
venkovního,4306
přestávají,6894
mísy,8044
nezachrání,13511
odvodňovací,13512
průkopníků,13294
příhodné,13513
pěšky,13514
knižně,13515
termínu,4504
živým,745
náhradou,8054
chutná,5473
uspořádaná,2130
kloboučky,8534
veřejná,481
nezaplatila,4010
vrcholová,2630
sáčky,3554
dáno,757
obavě,7996
vzestupu,12010
letadly,606
příbalovou,13516
sond,2369
zářivek,4451
impozantní,13517
boční,13518
zadáváním,13519
lékařům,1454
zachytil,9623
nahraných,346
výběrovým,932
zahájením,9274
nehoda,7559
ostrahy,8691
krásy,8483
prospekty,13520
ohodnotil,8976
naš,13521
ateliéru,4241
píšete,3371
polární,13522
stříkací,13523
zadeček,2076
černobílé,1406
neočekává,10276
doprovodí,13524
emigrace,13525
zadaří,13526
slovně,13527
pravidlo,12235
potrvá,13528
účelem,3439
kterou,2595
celoživotního,7612
porušovat,13529
probíhal,13530
nezažil,13531
zázračně,13532
oválné,13533
provizorně,13534
zdaňovací,13535
jistota,2325
obsahujícím,6868
zvyklosti,13536
spatřila,9830
adidas,13537
demontáže,13538
porotu,11655
otáčkami,13539
ochranným,1391
hvězdičku,13540
lepidlo,13307
pozemky,3560
vlhkost,13475
žádném,1556
šéfkuchař,13541
napadena,13542
námořní,13543
zmocnil,13544
příletu,13545
černém,2894
preference,13546
ragby,13547
knižního,6760
příbuzným,6600
popovídat,13548
kómatu,13549
maturitou,3751
designéry,8881
zaskočit,13550
filozofickou,13551
mokrou,2010
příležitostné,3295
vlaštovky,13552
vybaveností,11398
zabit,13553
památkám,9395
veliké,1915
inovacím,13554
příčina,11400
hlasuji,8992
boží,13555
vůli,13556
tzn,13557
přestup,12456
dělejte,3644
plynulou,7354
útulné,3598
ženská,1130
přikrývky,8174
bezbarierový,13558
kovy,7581
traktorů,286
podobou,7693
porovnat,13559
třináct,13560
mužským,1158
nevěnoval,9810
nepřímou,4594
týdenním,5385
zákonům,3714
reprezentoval,7643
otravu,13561
stoupne,10880
krvi,12722
ukazatelů,1655
spolehlivost,9415
kvanta,13562
evoluční,13563
řemesla,5885
jednoduchosti,7186
řadu,13564
zašel,2749
právníkem,1700
úkaz,13565
propast,13566
vinného,1626
tkanina,12977
navrženého,373
vyvíjelo,3426
záložníka,9235
úkonu,13567
dívala,5977
gramy,13568
faktu,7609
podpory,12048
králem,6933
buněčného,13569
rty,13570
časopise,477
prozkoumal,11333
kurátor,13571
nápojů,720
hotfix,13572
pecka,5827
všelijak,13573
obývané,13574
děláš,3644
šikovná,693
opilá,1300
zapisuje,4596
záblesky,13575
pozval,13576
vadit,11587
dobrodružstvím,13577
resit,13578
příčestí,13579
popularizátor,13580
nesměly,6288
poskytujících,9000
pohonná,3559
anglická,3357
půjček,3563
panda,13581
vody,5296
látky,5729
průběžné,2703
zvažovat,13582
stabilizační,13583
míru,13374
opouští,9674
přesnou,1623
výroku,1089
nemaj,13584
pardon,13585
venkově,2902
přídavnými,656
zachrání,6462
jse,13586
vrátí,7646
intenzivně,13587
dalšímu,10242
problémová,7855
nedodává,13588
potravinářské,1882
ukázky,11208
mezistátní,13589
dala,4880
stěhovali,6839
urazí,9962
nylonu,4520
maďarsky,13590
dieta,13591
nervová,174
popularitu,13592
split,13593
odvětví,13594
necelé,1564
trvalé,4579
měsícem,2958
nepovedl,13595
tabletách,23
narukoval,13596
konstatování,13597
podotknout,13598
oznámil,13599
použijte,4453
odveze,8149
konvergence,13600
houpání,13601
zastavilo,6543
ambice,13602
jakými,2979
ohřátí,13603
předky,3020
majitelů,2255
doktory,2541
obálky,4221
neauditované,13604
akcií,8327
kancléřky,13355
možn,13605
zpráv,9850
ekonomickému,752
ujištění,13606
cloudech,13607
šťáva,8608
vítězí,13608
pokecat,13609
čerpá,13610
psalo,3371
redakcí,13611
vychvalovaný,13612
glykémie,13613
pozměňovací,13614
ticha,7096
česku,13615
poskytnou,5086
teoretiků,8333
hradiště,13616
byliny,13617
poslali,6786
halového,3111
barevným,888
zakysanou,13618
předsedy,6083
prodejem,11278
studena,13619
praví,1910
kurvičky,13620
lékařky,13488
zveřejnit,13483
vypadala,2028
nevhodná,1744
přítomnost,8124
poslal,6786
kulička,13621
sedmkrát,13622
mlýnku,1739
vzhůru,13623
obratem,5247
roste,4054
záchranky,9410
jdeš,1758
kupovala,2634
škodě,8343
doktorem,2541
vzezření,13624
bombardovací,13625
uvolnit,11937
hrdinům,1351
novýho,13626
azylového,13627
zdravém,1122
pobřežní,13628
břiše,5687
stříkačky,13629
hospodářskému,1601
reformám,8296
energetickému,2171
šxvxh,13630
rabína,13631
kritérium,8654
pouhých,1833
půjčovny,9707
kritik,13632
dlaní,3649
sklíčidlo,13633
pracemi,598
stodole,12356
zařízeného,2456
lepek,13634
obchodnímu,2572
partyzáni,11966
turecké,3842
chlor,13635
vynést,13636
dobří,2760
seženu,9311
přepisy,3344
divila,6616
stropy,2037
župního,11488
aktivnímu,4634
kopaná,10275
půjdeš,1758
podezřelým,1991
mandle,13637
obsahujícího,6868
mušku,13638
sady,5130
závěrky,8311
nadměrnou,4743
sděleno,13639
spisovatelky,13640
středověké,3140
užitečným,1343
slovenští,2233
sbírkou,6236
vířivky,13641
zveřejní,13483
nedovedu,5921
rezervací,10628
zákonitostí,12546
cirkulaci,13642
množství,13643
vykreslování,13644
drsnější,6364
předků,3020
draftu,5332
svědomím,3267
ergonomickým,1373
hromadou,4896
perioda,13645
sexem,13646
využitelných,1588
nožní,13647
zateplovací,13648
ohledem,7455
helikoptéry,13649
souhrnné,2598
sýry,602
kombinéza,13650
výsuvná,13651
jihočeští,13652
selského,1267
konzultovat,13653
výkladu,4680
kinematografii,13654
fasády,6008
parkovat,13655
vydra,13656
šéfů,2173
jedn,13657
leštěnou,13658
bowlingu,13659
omezených,1685
víme,3324
budovám,784
bývalou,2712
vyučujícími,13660
naloží,13661
nedělo,10876
toner,13662
evoluci,9170
jednoznačně,13663
onemocněl,4996
ringu,10980
opakoval,13408
prkénka,13664
četbě,3451
dvojčata,11166
bazální,13665
masakr,13666
doplním,11546
školou,1328
najemno,13667
vaj,13668
vzpomínal,8858
úspěchem,4134
přizpůsobovat,12801
kopií,6442
ústrojí,13669
označte,10475
chlapů,400
čtvrtku,9681
zachované,4536
ideje,11384
intervaly,7414
přímou,2720
biomasu,13670
říkalo,5545
dovozu,6436
nebudem,3143
křižovatce,10629
kamionů,3535
nevěřícně,13671
druhém,1243
chrámové,4681
požadováno,668
volna,2890
věznici,13672
otevřou,2616
druhá,1243
svalů,2664
příbuznému,6600
odsouzené,1738
odpočinkové,13673
představila,5939
skus,13674
nadhled,13675
standart,13676
vodou,5296
vystavaworkshopkinodivadlokoncertpartysportconkonferenceostatnifestival,13677
vnitřnímu,6759
onkologie,13678
regulovat,13679
zbyde,7900
bulvární,13680
nazýváme,13681
horolezectví,13682
těmito,789
tuší,13683
foukat,13684
lyžovat,13685
stalo,545
upozorněn,9023
plus,13686
melír,13687
zajímathttps,13688
balíků,359
bazény,826
klidnější,2961
ready,13689
doby,9596
tenkými,442
neřekla,8320
hledají,8169
podepisujeme,13316
připevněna,2251
příkladu,1524
závislostí,8354
klidem,3769
kravské,13690
nepochybně,13691
smetanu,6024
dáme,4880
vytvořenou,546
zapsal,8849
hezky,13692
stimuluje,13693
poskytnem,5086
úpadku,7210
spontánní,13694
smrad,13695
money,13696
kopr,13697
nejrychlejších,750
externími,864
exkurzi,13698
rozdělují,6459
full,13699
taktiež,13700
činění,13701
protějším,13702
století,13703
citronu,1302
ocitne,13468
občerstvením,11490
ročníku,4699
přírodě,4359
tahání,13704
uplynulého,5656
věznice,13672
art,13705
uchopit,13706
odpadového,13707
sobectví,13708
kauci,13709
dřeviny,13710
zablokována,2699
svůdný,13711
vápníku,8462
hledala,8169
vyššího,3619
horší,13712
tuky,4059
souborech,488
vyřizuje,5472
lehce,13713
fosfor,13714
rozdělil,5275
běda,13715
skřítků,2195
semínka,9120
nesnese,13716
flotila,11269
průtokem,13717
vyžadováno,2926
biotopy,13718
půjdou,1758
propracovanou,2976
výstavě,12312
preferují,8196
jedné,615
pomůžu,5647
komíny,1477
kaz,13719
symfonie,13720
preferencí,13546
šíleně,13721
regulátorem,759
započatý,13722
polo,13723
nežádoucího,13151
vim,13724
chovatelů,9224
rozdělování,13725
zůstaneme,6925
podivem,13726
pomazánka,13727
nespravedlivě,7063
programovém,559
mesice,13728
hypertenze,13729
republic,13730
odkazování,13731
maturit,3751
deň,13732
sýpka,13733
rozvahu,13734
představujete,7844
slevu,13735
dvorního,13736
manželem,785
minerál,13737
směle,13738
nejtvrdší,2190
komunistickému,1326
sebevraždu,12482
integraci,13739
starými,146
půlce,4604
pokusil,9261
oříškem,2774
vokál,13740
nákaze,13741
králů,6933
výrokem,1089
prohlásila,6557
designy,1349
potřebná,1021
implementována,3306
druhé,1243
vicemistr,13742
ucelenou,6015
nasazením,13743
směnu,13744
lustry,3687
případům,1390
pečeně,9675
uskutečňovat,13745
orgánů,1056
perníčky,13746
stanem,970
zarazil,13747
nesmyslně,13748
odkladem,13749
příčkou,7623
hodila,4552
masáž,13750
times,13751
vozíčkáře,13752
typu,3067
karosérie,13753
minul,12962
druha,9141
přednostmi,7240
baskytarista,13754
básnickou,13031
vlastnictvím,6393
strávené,1907
dlouhodobého,2337
mému,232
hromadě,4896
osmnáct,12184
transkripce,13755
přestavět,13756
vidět,8260
experimentech,551
záležet,7604
nejrozšířenějších,4124
vložené,1164
vrchní,13757
neplacené,13758
dlouhou,4386
litry,10859
dovolat,13759
hrdinů,1351
plánováno,1004
stoličky,8119
remíza,11625
přístavby,3327
laboratorních,1890
oděvní,12128
knihovnictví,13760
přetlak,13761
počátků,9711
novorenesanční,13762
oponentů,8993
předpovědi,13763
čtvrtek,7964
turnaji,4066
mořskou,2254
nehnuteľností,13764
podvodu,1186
průzkumy,2141
hlasuje,8992
přerušil,11354
mládeži,11943
seriálů,2389
zajistil,8602
šlechtické,1802
velikostně,11826
cenzury,5496
uspokojovat,13765
neruší,7367
odbornice,824
neptá,8316
duely,13766
renovace,13767
podrobné,6700
zajatce,13768
čtvrtstoletí,13769
ohradní,13770
určení,12954
probíhat,13530
fotkám,2975
cukrem,536
hlášeno,6725
zlomu,6879
smyšlené,13771
znázorňující,13772
ochlazuje,13773
ohrožují,9380
vypadají,2028
nejdéle,6258
nejrůznějšího,6991
objednávkou,8195
dostatečným,1979
svrchní,13774
holou,3795
nepodařilo,8791
obrannou,1742
malému,251
silnic,11908
strávených,1907
plnou,2264
poradna,6881
zastavení,13775
zvládly,13776
volná,2088
předmětům,1776
laně,13777
stupni,5471
strojově,13778
botu,3057
inkasa,13160
slunečnější,4852
útulně,13779
prvními,2136
mrazící,13780
demokratického,913
specialisté,5254
odrazem,7980
pivovaru,3030
racku,13781
dechové,1869
nesprávná,1032
bílkovinu,13782
výšlap,13783
hrával,13784
dní,3465
mohutně,13785
restaurace,11345
výcviku,4632
zadavatelů,9319
divizi,13786
agenturou,5046
dalš,13787
čestně,13788
myslíš,2554
neomezeně,13789
putovat,11717
padají,3384
flip,13790
konzumací,13791
lékařských,1113
neexistovala,1900
ztrátu,13792
stepní,13793
letadlech,606
autobusů,143
poskytovalo,5972
dost,13794
shromažďují,4842
jógu,13795
autobusového,2363
upozornění,8188
nájemní,3906
srovnávací,13796
umožňuje,10176
pronikne,13797
drop,13798
odvezli,8149
vydanou,2526
červenou,4266
přejezdu,4421
identita,3397
seznamte,13799
bližnímu,13800
dcerkou,4076
trenérské,13801
normalizační,13802
teroristům,2587
vyžadovány,2926
trestnou,2412
riskantní,13803
napsaných,3613
cenám,8702
měkké,2418
kampaň,13804
volen,6389
čtenářům,954
představami,6251
švédskou,5141
uspěl,6455
temnoty,13805
bajonety,13806
jedovatý,13807
vodopádem,9036
něž,4435
učivu,6583
dostupnými,1763
povstalecké,13808
zvýhodněnou,13809
zkusila,6119
pluky,13810
nepředstavují,7844
strašně,13811
strategie,12422
svátky,9831
postaráno,13812
jablky,2248
úsporou,13813
baskytary,13814
literatuře,1804
koncertního,7576
napsáno,3613
elektrických,120
výdělečně,13815
nepodporují,13816
kombinézy,13650
výpůjčka,7841
královskou,2487
zepředu,13817
jdeme,1758
najal,9608
hornaté,13818
zanechávají,13819
páčka,13820
snažíte,10317
produktům,1165
poskytovala,5972
připomínalo,9481
donutí,5434
oslabené,13821
zkoumali,8724
integrovány,3868
zástavbu,13822
věhlas,13823
pohraniční,13824
provozovali,3881
zdravotně,13825
syntetickou,6430
guide,13826
politikům,4970
položeným,723
pochlubil,8634
aktéři,13827
levicově,13828
pětadvacet,13829
neovlivňuje,13830
little,13831
záhadně,13832
zřítil,13833
cukru,536
převedení,13834
remix,13835
hodnot,7469
pečuje,5217
poradcem,2685
nenašel,5054
pomazánkou,13836
volbě,4873
použitými,581
silněji,13837
rétoriku,13838
markets,13839
prosté,3899
mýt,9064
otočit,8339
komunitním,6588
dodatečně,13840
ducha,2811
prokuratura,13841
chátrá,13276
klikneme,13842
placebo,13843
historiky,7956
krycí,13844
získejte,7265
elektrárnách,556
exteriéru,13845
vážený,13846
ratanu,13847
testovány,3254
nehnuteľnosti,13848
donekonečna,13849
čokoládou,3884
roli,13850
církevní,13851
trávila,2018
kritickou,1595
společenstvo,13852
naopak,13853
dostali,4679
sloužilo,4989
zbraněmi,4015
cirkulace,13854
rozsudku,6552
přívodu,2430
držadlem,13855
prezentoval,10414
muzeích,9193
kopcem,3686
akvária,4524
dostatečnou,1979
objet,13856
šunky,3789
chápáno,10848
odpo,13857
brzdění,13858
doplňkovou,2988
organismů,300
skrytě,13859
cvičeních,7897
duchem,2811
truhlíky,4408
obtížemi,11053
probral,9561
nastavena,1999
šité,13860
podivně,13861
zapište,8849
rozdělte,5275
sněmovnu,6261
umíš,2082
nudle,13862
servisů,1697
krytkou,13863
disciplíny,5193
známou,13864
přísavkou,13865
snowboardingu,13866
trpící,13867
stopě,6836
libreto,13868
posledn,13869
stíhá,6400
nevyužil,5975
schopným,915
autodoprava,13870
lifting,13871
ebay,13872
koncil,13873
hrají,2771
balíčků,684
vyp,13874
původního,5459
tlačit,12698
vydané,2526
plesa,11018
požití,13875
obalené,13876
federace,11909
dokončené,2676
krajpřed,13877
polštáři,1500
princezen,9306
profesí,8948
záležitostí,11221
zastupitel,13878
number,13879
nechápou,5169
nejvýš,13880
pubertě,13881
sladěné,13882
umělým,1040
nedostupné,1763
vidíme,8260
přišly,2877
standardizované,13883
letošním,13155
vakcíny,13421
promítá,10889
považujete,11025
vybranými,524
slovech,3077
flexibilita,9478
neomezuje,11027
izolovat,7252
domečky,473
orientovat,9805
obsluhování,1029
geomorfologického,1642
ohodnocení,13884
párou,13885
endokrinní,13886
studna,7544
seberealizace,12510
připravena,433
víčko,13887
aktivací,13888
linkami,4178
pyramida,11245
preventivním,7185
těhule,13889
rozlišovací,13890
rozhodnutím,13891
psaná,13892
draselný,13893
poslala,6786
rozvojového,1729
registračním,6017
iluzi,13894
neomezeného,13895
spolumajitel,13896
bublina,13897
postihuje,12028
přijímacích,3974
jedne,13898
vyskočit,9247
zalít,13899
volnostylař,13900
položila,6477
dbát,13901
proniknout,10304
rétorika,13902
subjektem,1150
masivu,7267
toky,2875
restauračních,3255
branky,11751
dovážet,13508
rekreační,13903
prodej,11278
českým,936
obratlovců,10306
vyučují,13904
specializoval,13905
způsobeno,7601
opata,13906
křída,13907
vinné,1626
poznává,13908
směry,11379
problemu,13909
úhlová,13910
netrvá,8493
zahrnuje,9792
mlýnky,1739
depresivní,13911
ceremoniál,13912
nepovažuje,11025
rozlohy,13913
vyloučit,13914
namaloval,13915
náhoda,3584
uchazeči,1998
kod,13916
vojenská,1335
vhodná,1744
výslovně,13917
plastovým,476
divize,13786
výplatě,5571
sbírkami,6236
pokroky,2298
sedmnáct,13918
konkrétnímu,2905
správ,3980
nadání,13919
vyslechne,13920
celkovou,3025
vlastníků,1515
nepřímo,7172
interiérového,13921
potahem,2930
hospodárnost,13922
dali,4880
jámu,13923
počítají,3652
pohybuje,10762
případové,13924
začínají,6173
nepřiměřené,1827
sejde,13925
československá,604
poctivá,2256
výklenku,13926
kachny,13927
balonky,13928
geomorfologické,1642
hnízda,6828
věřili,4378
točil,11514
kritika,13632
transfery,13057
modelka,13929
kovárna,13930
prav,7246
bojem,3886
inspirován,3184
nezměněné,10510
tvorů,993
kvalitativní,13931
vlněné,1986
vztahuje,9957
výjezdu,13932
netvrdím,13933
zavírá,8212
nerozhoduje,9507
okamžitému,1719
šampiona,13934
oplocené,13935
situaci,8093
vytáhla,7542
infty,13936
spotřebiteli,780
korálek,13937
klíčové,1658
internátní,10722
finančně,13938
doručuje,13939
zajímavým,5127
ztratit,4921
jednorázovou,1094
ekosystémů,13940
předcích,3020
znělo,9397
zaměřil,9698
černo,13941
vycházet,11432
zákonem,3714
usazeniny,13942
polykarbonátu,13943
kazit,7887
shodné,4564
kalendářních,5759
sopky,7489
žití,13944
ledvin,2798
skutky,7555
momenty,2907
trvalému,4579
holce,4320
přirozeným,2991
strukturní,13945
děťátka,3856
nadměrným,4743
odvětil,13946
překážkami,6231
lanovky,13947
pleti,6611
rolníci,8360
zvolil,8153
rozkládá,13948
zaznamenán,2438
věrohodně,13949
zámečník,13950
mrtvola,12089
nevyužít,13951
nejpříjemnější,4747
chystá,7337
zkušenostech,11065
praktickým,869
vinným,1626
průsvitný,13952
odolným,1592
vpádu,13953
porušit,13529
citelně,13954
deseti,7704
povinnosti,13368
neudělala,4567
reakcím,13955
hold,13956
nebolelo,13957
konzervační,13958
převedeno,8753
hrabat,13959
následovníci,13960
kteří,2595
pekařství,13961
sranda,13962
certifikátů,696
způsobilost,12131
monument,13963
lidskými,652
latinky,13964
prodávajícího,5331
dema,13965
pedagogům,6168
obhajoba,13966
pánev,13967
vyzvánění,13968
zabudování,13969
nízkým,4663
hrálo,2771
permanentky,13970
návštěvníkům,1187
termální,13971
sálů,13972
věrnostní,13973
propouští,13974
čarodějnici,8818
oslovil,12280
šťastní,3345
výkyvy,13975
převzetí,13976
úspěšnosti,13977
špunty,13978
bluesový,13979
vybrána,524
přišlo,2877
povstalci,13980
platili,5235
jízdních,2150
definitivní,13981
odrůdy,13982
dospělých,1068
využila,5975
roztroušenou,13983
delat,13984
kompresorů,13985
legionáři,2470
typem,3067
řadící,13986
klobásy,13987
přítomno,2145
kazatel,13195
odpovídali,9597
kvalifikovala,5610
uhličitan,13988
touhle,675
zahraničního,5590
zachycení,13989
průčelí,13990
přidružené,13991
cílům,2935
masového,1284
paradigmatu,13992
filiální,13993
radniční,13994
rasu,13995
barvené,13996
hospodářská,1601
pořízena,1888
pravicová,1506
vozovky,9540
obec,13997
matné,6469
dávnou,3643
místapo,13998
pevninské,13999
plotu,2033
ministři,5121
vrchu,6554
ozvěte,10200
draci,14000
stáří,14001
sexy,14002
zahnutý,14003
odpovědích,5985
pěvecké,4951
neskončil,11816
nakládací,14004
meteorologové,14005
pěstí,14006
sbírky,6236
loutkové,2812
taktéž,14007
posuvným,14008
vztyčen,14009
foukací,14010
poškozeno,360
obratně,14011
řešené,2834
zprávou,9850
těžko,14012
samotného,523
požadujeme,5168
tříletou,3103
odstranění,14013
vyrobili,3858
umístěnou,2633
profesionálnímu,1716
zkráceně,14014
vojska,12974
podprsenky,5779
chudší,3253
májový,14015
pokojová,3061
aktivními,4634
daněmi,6069
uplynulo,10081
rozšířeno,4124
shopping,14016
ukryté,3529
kožená,1670
kontrolují,3982
tajnými,1443
výřez,14017
toužící,14018
petici,14019
obrátit,12408
mozaiku,14020
divočině,14021
miliardy,9148
užíval,7554
cílů,2935
kalamita,14022
učitelství,14023
zněla,9397
kůra,12191
cukety,14024
výsměch,14025
atelier,14026
nespokojen,14027
náplast,14028
vysokoškolských,1565
učedníci,14029
zvolíte,8153
přiřazeny,6153
hudebníkem,4752
obrovské,1579
vědomi,9234
rights,14030
vývoji,4114
zažívá,14031
pyl,14032
rozpadat,10295
rekonstrukci,14033
hráčích,646
bielizeň,14034
vynakládat,14035
modrou,3599
hotelnictví,14036
startů,1696
nedostupná,1763
investic,5444
neformální,12375
patentové,14037
bleskové,14038
srovnávat,14039
povinností,13368
mladistvých,1935
when,14040
nájmu,2686
pokročilém,443
kompromisů,8402
vlastníkovi,14041
polštáře,1500
vynesl,13636
stovce,3536
lepicí,14042
laciné,14043
stáhnul,14044
exit,14045
španělštině,12728
daňovou,835
dřevozpracující,14046
certifikace,11285
razí,8737
dělala,3644
věrohodné,2393
statečně,14047
použitých,581
pozůstatek,14048
dam,1540
porotě,11655
nekuřáky,14049
zastupovat,14050
nen,14051
zapojených,513
rádiích,171
blistr,14052
zachovalá,1599
překližky,14053
dostaneme,4679
uspokojivé,14054
vchodem,2585
mechanizace,14055
instalatérské,14056
strategickou,4210
vyhřívaná,14057
namířeno,14058
opírá,14059
radiace,14060
gesta,12361
kašle,3673
píská,14061
periody,13645
posedlost,14062
hostila,8833
celosvětového,1161
hodnotím,14063
textu,1812
poskytovatelům,1783
odtrhnout,14064
černobílá,1406
kachna,13927
článok,14065
splnění,14066
záchvatu,1539
roztrhl,14067
uspokojuje,13765
děl,14068
titulní,14069
navržených,373
vizualizací,14070
nepříjemnosti,14071
závody,3532
starala,418
nečetl,14072
prokázané,14073
animovaném,14074
přehlednou,2345
psychickým,2070
představovaly,7844
vojensky,14075
provedená,2942
bílí,2818
inovaci,14076
učinit,14077
pršelo,10817
king,14078
rodinní,698
povinná,3172
argentinský,14079
skladové,14080
načítám,14081
ztratilo,4921
spořitelnou,14082
neuvěřitelně,14083
darovali,4913
zadečky,14084
charakterizovat,14085
přenesl,4853
propagovat,11623
plánováním,7743
přednostní,14086
přečtení,14087
zajímavější,5127
teplejší,1967
všema,14088
chatka,2282
podpisem,4120
provozními,11605
zvěrokruhu,14089
pohybů,2085
desítku,10326
vyhořela,3720
kursy,931
hlavičku,14090
provozovateli,3365
doufat,14091
nastavených,472
úplatky,8750
přehodnotit,14092
otevřeli,2616
špatnou,1639
médiích,605
vysílala,1917
vem,14093
zápasům,2002
dlouhodobější,2337
zneužívají,12418
klenbu,14094
pojetí,14095
vydavatelské,14096
začátečníků,1483
jezdí,9147
odrůdu,13982
konělázně,14097
zabezpečena,1364
odvolacího,7384
trávy,3276
položení,14098
srozumitelně,14099
jetel,14100
nepřístupné,5015
vetvy,14101
sedě,957
nenasycené,14102
stádium,14103
zařazený,14104
podporou,12048
slepou,6859
mimoškolní,14105
disease,14106
dílem,3508
chladničce,945
zkumavky,14107
print,14108
ořech,11723
lupus,14109
herečky,10652
volní,2088
turecky,14110
zachytí,9623
zářivé,4576
zachycené,9623
tábora,1010
demokratická,913
pokožkou,6522
děložní,14111
milujeme,6082
deskách,1144
kouřením,6715
kulatým,3767
volené,6389
čtenářství,14112
řidičského,690
terária,14113
snímkům,1015
jihovýchodní,14114
bývalé,2712
vážného,2671
uplynulých,5656
hrozí,11596
podatelny,14115
kariérním,11815
bibli,14116
instruktory,14117
ušetřila,6639
činka,10833
vybudování,14118
iglite,14119
poprat,14120
jménu,6376
jednoduchém,361
mešity,14121
řemene,14122
funkčního,550
pochválil,11890
chybí,8532
slávu,10782
parádní,14123
spěchá,10507
strana,10070
využívány,1762
vodicí,14124
bydlící,14125
dvojnásob,14126
ovlivnit,11419
nemocí,6800
scénky,14127
bytová,904
řemenu,14128
humánní,14129
případech,1390
přidělených,4973
péče,9925
legislativy,14130
muselo,4512
procházce,7244
talenty,2257
členská,1331
psychickými,2070
zemského,4690
korytem,14131
vzroste,10062
jedinečnou,2932
děje,6956
naboso,14132
zajdu,2749
stížností,9029
zápočet,14133
výstupů,1468
báječné,2428
tvůrčích,6520
tekutinou,11380
dej,4880
vypuštěn,14134
bezprostředním,10994
rozumných,1687
prostým,3899
energetické,2171
koupíš,2096
flotilu,11269
uslyšíte,7526
stanoven,3113
začínat,6173
doznal,14135
koutech,562
trénuje,5504
zásobou,8368
zkáze,14136
ohnivý,14137
chvili,14138
cestovního,1698
minimalizace,14139
pastor,14140
zaměstnanost,14141
investoval,9952
pětiny,5943
kotlety,14142
our,14143
boudě,7190
aerodynamické,2903
arzenálu,1452
nařízeno,14144
brankářem,5142
reguluje,13679
prostorová,701
prototypů,505
nezasáhl,14145
pozorování,14146
řízky,3474
pátrací,14147
dětskými,132
koučem,14148
rovnice,9227
reálných,414
občasným,1215
pacientům,597
slezský,14149
uloženého,387
plošině,7151
vyskytovat,7629
nezaznamenal,4509
platilo,5235
těhu,14150
nedostanou,4679
znamenalo,2915
přesností,14151
pochodu,12073
považuje,11025
udělován,14152
žádaný,14153
jaderném,831
navštívit,6763
indexu,5323
věstníku,3391
šíleného,2740
básníkem,6027
představím,5939
zvyku,9480
korpusu,1997
přemístěn,12907
cable,14154
vyřešíme,6936
pamětihodnosti,14155
neznali,5819
premiéra,5683
saláty,981
protiprávní,14156
pouhé,1833
poraďte,5661
vlna,13191
poskytly,5086
neúčinné,3316
románu,3492
lesa,5523
stěžovali,8151
faře,14157
umístila,5318
dojíždět,14158
krásnější,6129
přihlásili,1982
vrhnout,11706
hradním,6686
áčka,14159
televizními,907
stromové,14160
zvládnete,3055
dvojka,14161
ignoroval,7332
učenců,14162
polévka,10225
rokem,4455
normálních,1944
výsluní,14163
obilí,14164
leden,14165
nezabije,14166
optimálních,6124
nevyjde,8308
stály,545
soutěžilo,10258
neprávem,14167
vyprodukovat,14168
zemře,8672
specifikovat,14169
turistů,2717
obžaloba,9572
gruzínské,11373
science,14170
střehu,14171
dečky,12640
úspěchy,4134
bezvadné,2450
příležitost,14172
nevejdou,14173
ostravského,2653
padl,4420
porušen,13529
skupinky,12428
podezřením,10518
recyklovaných,9890
záchranářů,4403
travel,14174
publikoval,9344
činitelé,6666
průplav,14175
vykonávající,10446
poruchami,4046
trubku,11475
obnova,6606
stím,14176
sekretáře,3740
pilířem,4192
dívali,5977
tieto,14177
posíláme,8910
domluvte,14178
kompatibilita,14179
scénograf,14180
cítila,6830
cyklistická,1994
podporované,1305
lounský,14181
hrady,1355
smyček,10869
fíky,14182
zastupoval,14050
architektů,2750
fyzikálními,4387
třebaže,14183
získaná,2698
zhruba,14184
schválí,14185
připravovanou,2469
nedáš,14186
psaly,3371
prohlížíte,3828
mešita,14121
vady,10135
pohádkového,842
slunečného,4852
šipku,3054
zacházeno,5388
razítek,8555
vynechat,14187
rozruch,14188
movitých,5274
dcerou,6331
pohyblivými,1253
zeptala,3370
chladného,1257
firmou,1419
ztrácel,8808
kontaktujte,13046
zvedá,14189
zahlen,14190
plastovém,476
obyčejnými,455
can,14191
sazbě,2411
strukturu,14192
vymalování,3638
provádění,14193
balistických,13093
ilustrátor,14194
neprodleně,14195
házel,14196
nepřátelského,1469
povoluje,14197
adrese,2792
vytváříme,9143
topidla,10079
mùže,14198
sázek,8033
stvořili,3670
gumovou,2324
zakrýt,14199
přitáhl,14200
faktorech,14201
uklidnit,14202
plynout,11449
posilování,14203
obydlených,13262
nevyšel,8308
inzerce,13174
hygienická,4489
kloubní,14204
neklade,14205
nahradilo,4654
vacat,14206
vrchovině,12593
postiženy,730
objektů,1116
členství,14207
obtížnosti,14208
založen,3501
spletl,14209
oblibu,14210
říkaly,5545
proužkem,14211
trauma,14212
geologii,14213
litiny,14214
zákona,3714
rošty,7324
rozzáří,14215
bravurně,14216
vodítkem,8909
nápravou,4209
čínským,1110
divizní,14217
odtah,14218
přízemní,14219
koní,385
stabilního,2621
přejmenovat,14220
průzkumné,2141
spáchán,11117
nejoblíbenějším,1024
stisknutí,14221
staří,146
vchodových,4693
útvary,2708
sexuálně,14222
nezmění,6473
dobrodružství,13577
daly,4880
měničů,14223
vypálen,14224
rohovky,14225
institucím,6210
mlékem,3562
alternativy,11822
akademii,11326
facilities,14226
manga,6714
elementy,7641
vyúčtování,14227
nástavce,14228
podstatnou,10370
vyšleháme,14229
begin,14230
dodám,4773
transformační,14231
časové,1502
očního,8965
nestátní,4018
komisařů,5294
politiky,8664
polsky,14232
zákonné,2091
pen,14233
výrobkům,637
velkým,1403
obnovuje,14234
radiační,14235
vyprší,8900
známo,1356
tlakovou,1067
operativního,4958
půdou,8947
vraty,5049
radili,12231
španělskou,7333
vyvolené,14236
kontrolovaných,3854
právnickým,7955
osvětlením,7968
vylézt,11465
předběžné,5223
jelenů,6303
hybridním,2003
kompetencí,11122
brutálně,14237
uvedl,9199
nudy,12012
přinášející,14238
rekordu,2280
vyčítat,14239
menšinu,10998
techno,14240
dostupnosti,14241
havárií,6357
nezapomenu,3610
psychologicky,14242
zámková,14243
potomkov,14244
třetin,6530
provozovna,4972
oblastní,14245
výkonnostních,14246
blízkému,2396
odpadové,13707
sondou,14247
dokázaly,3082
železitý,14248
zakladatele,12124
zásahů,1071
stavovské,14249
odvětvím,13594
službybezbarierový,14250
ptákem,2562
kombinuje,8563
zahrnovalo,9792
minimálního,12657
trestů,2049
org,14251
ideu,11384
zastupitelstva,11243
dožít,14252
cestovních,1698
koukám,3907
pomáhat,9250
přístupná,3396
močové,973
magické,1973
světly,2962
prohlédnutí,14253
netrpí,9496
revolučního,6513
pouštní,14254
prsní,14255
umývání,14256
dominuje,9891
kamenném,802
misi,14257
roka,4455
dóm,14258
bannery,14259
nezačala,5079
jubilejní,14260
nepřízni,14261
rohem,2898
ptáme,14262
modelové,2174
hostí,2334
investování,14263
zdanitelného,14264
jidlo,14265
soupeřům,1596
prozaik,14266
obdarovat,14267
hlasujících,8992
nejzávažnější,4888
jízdním,2150
opačně,14268
povahy,12427
ovlivnili,11419
předcházet,11588
ptáčky,14269
poskytnutou,740
přepraví,14270
zakázková,14271
straší,14272
diplomatů,11569
dorazily,7458
písem,3383
kuličková,14273
droždí,14274
suchou,3035
cannot,14275
sluníčkem,5224
nežil,8677
nahlíží,14276
výstupních,14277
barvy,8674
argumentuje,14278
praxe,8817
světech,198
částí,11454
zobrazit,7250
zásobování,14279
bulharská,3487
skupinová,413
vec,14280
požadovaných,668
podnětem,5297
jedinými,1064
vkládání,14281
plnicí,14282
vyskočila,9247
produktys,1165
vyvinutá,983
nabízely,6917
zabíjení,14283
pořadem,1408
karcinogenní,14284
madlem,14285
stačila,3347
vejcem,5602
získáte,7265
studovali,7169
trpělivosti,14286
zpeněžení,14287
šlehačku,14288
teplárny,14289
znala,5819
mýlím,7947
zkrátil,14290
výluka,14291
matkou,6663
vražda,7875
plánuju,8199
vojenským,1335
zpracovány,2840
frank,8202
organizační,14292
zvoleným,2769
fleecové,14293
ideálního,5564
jedeš,14294
policií,8397
implementace,10590
důležitosti,14295
zdravým,1122
schodiště,14296
mystika,14297
morální,10842
zodpovědností,10516
části,11454
laika,14298
pohodlného,1237
vytvořeny,546
vlivů,6855
přečtěte,3707
lípu,9658
aktuálního,9726
zábavné,1849
oprav,14299
logy,8780
pěstovaná,14300
auditora,14301
nejnovějších,225
proudy,942
objevovat,12719
přistál,9204
zvyšující,14302
vzrůstající,14303
bodem,2032
budované,14304
transporty,9462
vesele,14305
dojde,8239
špitál,14306
ionizujícího,14307
projela,4331
sdělění,14308
písemností,14309
dlužníkem,1806
rodinného,698
objevit,8558
dědic,14310
sterilizaci,14311
pracné,14312
platu,2582
postavené,1992
východisko,14313
autorům,8560
vektorového,519
viníka,14314
vyráběla,8110
středověká,3140
podivného,3728
dodávala,6887
knihovních,1624
ubytovně,14315
vládnout,12776
nevidí,8260
investičního,9220
přeje,9519
věřila,4378
zaměřených,2103
pneumatikách,2443
jednohubky,14316
použitelnosti,12886
kazí,7887
výměně,9479
hořečnatý,14317
dosáhne,9047
západní,14318
integrovaného,187
training,14319
protilehlé,14320
výběrovém,932
éteru,14321
řády,1294
dílek,10415
střelami,11170
dokumentací,10487
hodnotám,7469
výšková,8159
designů,1349
odvahy,9922
neláká,14322
dozvěděli,10194
opravám,4108
podmínkami,6321
prodáváme,3122
kostry,8995
zdravých,1122
výrobku,637
mathrmx,14323
ukončen,11069
milionů,1190
císaře,12249
vypočtené,14324
poznávacím,7326
školného,9413
čáru,14325
toy,14326
maličkostí,4179
výkresu,2846
ono,14327
flexibility,14328
volné,2088
danými,14329
proudit,12966
točí,11514
dvířky,14330
ledě,7487
děvčátko,14331
počkej,4265
nastoupil,10961
získání,14332
čist,14333
nástavci,14334
zpěváků,9768
běžte,833
poševní,14335
session,14336
kotník,14337
sovětu,14338
levně,9033
pneuservisu,4796
hlubšího,8631
umělců,620
sezónou,14339
neskončí,11816
technologickým,914
vlasec,14340
vyvolání,14341
pocity,2017
popruhy,14342
vnukem,5481
můţeme,14343
mecenáš,14344
studijních,1786
páku,14345
dávku,14346
bříšku,14347
toužíte,14348
lanové,14349
nebojte,5906
kopat,14350
celní,14351
investicích,5444
zákonnými,2091
poskytnutí,14352
námrazy,14353
ústavů,5140
temnou,6226
jemuž,4435
poražen,11734
hrábě,14354
dabingem,14355
dynamiky,12876
moderními,1764
milice,14356
figurky,9331
výborně,14357
televizních,907
postavy,10287
rychlostmi,5446
šampony,14358
projel,4331
kulturního,12571
pří,14359
skleněné,1528
nastupoval,14360
dušená,14361
opatrnost,13461
sponzora,11219
křížovek,6711
pojedete,1629
modifikované,14362
úžasnou,5184
třídními,1167
specializující,14363
brexitu,14364
vídeňský,14365
hostem,2334
dostupném,1763
zákal,14366
tvrdila,8709
učiliště,14367
lehké,1091
jevištní,14368
přiděleno,4973
zastaveny,6955
operou,4070
měníme,7778
dorost,14369
propracované,2976
doplňován,14370
kousnutí,14371
interaktivity,14372
bezva,14373
nástupiště,9838
bereme,5455
premiérem,5683
dvorní,13736
koncipovány,6443
ostatky,14374
autorství,14375
moudré,2291
talentu,2257
některém,1260
půlnoční,14376
dostaly,4679
pohybovat,10762
využil,5975
otevřená,1210
večeru,2029
nabídce,10615
složitým,891
přestěhovalo,8781
odpovídaly,9597
dodávkou,5035
trpělivě,12470
kariérního,11815
protějšky,763
buněčné,13569
obdélníku,1877
zvýhodněná,14377
soupeření,14378
určování,14379
padesátém,14380
ochotně,14381
zhroutila,2083
přihlédnout,14382
formuláři,2184
mzdové,4259
položkami,3849
portugalština,14383
plynu,2099
léčby,7433
těhotné,9978
anorexie,14384
rostlinnou,2538
házené,8510
normálu,5553
ochráncem,5186
plánuje,8199
okupovaném,14385
zadržuje,14386
dokončena,2676
plnit,14387
hudebnímu,2441
výpravu,14388
inspekci,7876
sociologii,10528
institut,14389
tvarovaným,2886
laky,14390
nabírat,14391
šťastná,3345
titulům,3236
království,14392
roviny,9543
někdejšího,6950
opláchněte,14393
dveřních,14394
primář,14395
koťátka,14396
počinem,4399
teleskopickou,5676
koloběhu,8896
koukali,3907
surovin,7790
budeme,3143
spýtať,14397
bezvýhradně,14398
tenká,442
milionem,3264
postihne,9399
ţivota,14399
přívlastku,5649
našemu,232
řemínky,14400
podpořen,11090
hnacím,14401
podšívkou,14402
outfitu,14403
šelma,11872
oščiatku,14404
odhadnout,11828
vidličky,6536
pochopitelné,13410
instruktoři,14405
minus,14406
hladce,14407
přeneseno,4853
varováním,7231
připojilo,852
vedet,14408
bratrské,10834
lázeň,14409
úsporná,469
nazpět,14410
skalní,14411
poradíme,5661
vesty,12920
zpravodajství,14412
sety,14413
věrného,3764
praktičnosti,13306
většině,7729
probudilo,3106
děním,14414
klínový,14415
dvanácté,14416
florbalu,3211
samosprávě,5176
sní,11619
akademického,882
grilu,1000
avantgardní,14417
barikády,14418
prověřuje,11129
fantastické,1710
turistické,2175
odehrávat,14419
uspořádá,8635
odvezen,8149
prvotřídním,5654
nerezavějící,14420
hmotnosti,11385
hliníkovými,669
nedojde,8239
loajální,14421
stylu,990
dotovat,14422
přestěhoval,8781
plánovalo,8199
plést,6514
meteorologů,5002
lovit,14423
výhradní,14424
fotobanka,14425
myslím,2554
hrdý,14426
technology,14427
opravena,1271
informován,2952
tempa,8078
dřívější,14428
vyššímu,3619
lososový,14429
erotické,2495
zabití,14430
sekera,7901
splátek,7573
eskadra,14431
pou,14432
obsahu,3062
vysávání,14433
patentem,14434
kontrolujeme,3982
produktech,1165
blesky,1607
oteplování,14435
rus,14436
premiéry,11923
vládl,12776
partneři,1041
promítne,8177
zjišťují,7817
dívčího,7336
ledním,14437
hospoda,6915
obývají,6390
nálady,4349
minibarem,1372
diskutujících,7305
poctivost,14438
tvrdou,2190
divné,5303
oplátku,14439
nahrazuje,10322
vynikající,14440
ukázka,11208
podprsenka,5779
amatérským,2241
skládačka,6539
subjekty,1150
tkaninou,12977
zdravotního,9786
links,14441
letištěm,6285
informativní,14442
výzdoba,9769
posledního,6176
pochopíte,5738
vyhne,7745
usídlil,14443
opravdovým,328
zkoumala,8724
označující,14444
povrchní,14445
zvažuje,13582
stáje,12502
odpoved,14446
vyber,4695
vyhovovat,8257
přednášet,14447
partnerem,1041
sklízet,14448
nejezdí,9147
těstovin,4548
kritického,1595
odolá,14449
svolením,5376
zaděláno,14450
vyžádat,12539
plnému,2264
užíváním,9865
gangy,4388
měsíčního,5032
interprety,2938
zastřelí,14451
základech,1384
skladech,1885
dělníky,5102
prochází,4771
docházku,7644
neladěné,14452
dividendy,14453
ukončí,13088
kdož,2413
oživuje,14454
lezou,14455
vstala,5550
vědeckých,766
omyjte,14456
podrobit,14457
reputace,6316
norem,10742
přijdeme,2877
moudra,14458
emocionálně,14459
ukázce,11208
voliče,2904
upravován,13168
natočí,9055
posezením,14460
call,14461
kilogramy,5221
společenského,2304
dít,10876
chápána,10848
rovině,9543
drážní,14462
samým,1061
aspektů,5242
časových,1502
popsané,3443
květinovou,9191
mrazy,2514
jevů,5114
nadzemní,14463
složité,891
rybky,14464
složili,5605
spotřebitelském,177
sprchou,3052
jízdného,10554
kritéria,8654
projevy,2398
country,14465
fyziologii,11869
závodil,10064
žíla,14466
čínští,1110
veřejnými,481
pravidelné,1425
doteku,4499
fóra,6642
vzpomíná,8858
tudy,14467
reaguje,6852
částce,8266
všestrannosti,14468
zdají,4172
přímé,2720
právními,10717
hříchem,4263
kontrabasista,14469
rodn,14470
dojel,12924
jisté,3517
pivovarské,14471
konzumují,11577
namluvil,14472
astronomů,9816
existují,1900
táhne,7905
intenzitou,14473
teen,14474
péčí,9925
dřevostavby,11746
omlazení,14475
svěří,7692
volajícího,14476
layer,14477
hledaného,9501
zvnějšku,14478
připevněny,2251
hradby,14479
kontrast,14480
uklidnil,14202
zkusíme,6119
zvýšenou,14481
dodavatelé,3180
štěněte,1983
pejsky,1278
uzpůsobeny,14482
three,14483
dlouhodobou,2337
neohrozí,8743
opuštěn,7207
plechu,3279
rekuperací,14484
vinici,4779
kontra,14485
budují,6259
lehčí,1091
investorů,3138
rozesílání,14486
vrstvou,6518
venkovská,1329
sušená,3459
mechanizmů,14487
saxofonista,14488
sociálními,5823
uzamykatelné,14489
hlasité,2269
otevírá,7938
páté,4551
výslovností,7681
beztrestně,14490
nasadil,11550
odsun,14491
ovládl,3972
fotbalem,329
chorvatská,3589
halenky,14492
koncovku,14493
londýnského,7904
obdržel,9889
verzím,4848
reggae,14494
přizpůsobení,14495
trpěla,9496
bezprostředně,14496
uhradit,12304
obyvatele,11916
flat,14497
golfové,5727
rustikální,14498
mužského,1158
spadla,4911
náboje,7652
přihlášených,1432
ročníky,4699
ultrazvukem,1426
nadprůměrné,9680
jištění,14499
plísní,8047
fakty,14500
kvóty,14501
vyhánět,14502
odpovědným,5253
nehrozí,11596
vaječné,1498
grilovací,14503
vzrostl,10062
stěnách,3153
prstýnky,3146
varují,12200
nauky,14504
končím,13094
uchycením,14505
všedního,11226
porovnává,8024
bydlištěm,9085
boxů,960
balkony,14506
vychutnat,14507
nedával,10999
prohlédl,14508
hasičská,1993
suite,14509
okupací,14510
kultivar,14511
volím,11353
vibrací,14512
kuchařské,2053
přednostou,7972
zatmění,14513
diplomata,11569
vyjela,10195
alkoholické,9906
energiemi,3864
premiérou,11923
eur,8225
průtahů,14514
nezajímají,8683
automobilové,694
tito,789
cítíte,6830
nově,14515
otravné,14516
sdělí,11630
věnující,9810
navi,14517
zdržovat,14518
odborným,1606
vystaveny,1247
volitelným,3538
režiséra,10728
stravovacích,3637
trupem,3259
orientací,12700
geny,6171
důkladnou,14519
obnovující,14520
zákroky,2344
mléka,3562
nezávadného,4801
proměnných,14521
hledačů,14522
poštovné,14523
proceduru,14524
dojmů,3161
klasifikační,14525
trávě,3276
tyč,14526
zrekonstruované,14527
poslanecké,9730
studuji,7169
podá,11359
úterní,14528
tesař,14529
rozdělena,2844
sát,14530
partie,14531
kolech,1490
vět,8451
divočiny,14021
falešným,947
pilotního,8407
vojákům,1263
nepřišlo,2877
tvůrců,8344
rozdá,14532
dámské,4305
ochladí,14533
orient,14534
strojních,5291
nejpozději,7516
orientace,12700
zřetelný,14535
tělovýchovu,11913
zdvojené,14536
matrací,7932
indoor,14537
nástěnná,5371
obdivovali,11195
informácie,14538
odolného,1592
nabral,14539
ony,1664
zvyky,9480
zastavuje,14540
pásem,7679
blbá,1334
trojnásobný,14541
kostiček,14542
vybrala,4695
pouští,6191
hrozilo,11596
stratég,14543
odváží,14544
expedicí,14545
teorii,14546
okenních,2480
léčí,10688
obřího,14547
biochemik,14548
metodik,14549
bála,5906
obezřetně,14550
bezplatného,1514
protáhnout,14551
evidence,12129
univerzitou,1930
jedem,8271
změnu,14552
tréninkových,430
koruna,5069
korupční,14553
povinnost,13368
porodnictví,14554
vyvíjejí,3426
narozenin,4381
plakat,9016
břemene,13388
zvýšit,14555
ponechá,6657
rakouskou,7073
provozováno,3881
dávám,10999
sloupy,2636
pohybujících,10792
prošlo,8711
nepochybuje,9997
měrou,13374
trávil,2018
zamýšlel,14556
čínská,1110
nemůžeme,2281
sorry,14557
enormní,14558
živo,14559
sílící,14560
psychologické,2873
poznáním,5887
nehtů,3394
formule,14561
trpím,9496
distribuovány,5326
povidla,14562
svádí,14563
přiloženém,1683
kancléře,1985
celosvětová,1161
zahradou,1319
výměna,9479
denního,4829
nehodám,7559
začátky,9783
neznají,5819
postavě,10287
zákoutí,14564
navrácen,14565
ocitl,13468
vzpomínkou,5417
nepřesné,1623
táboře,1010
povětrnostními,12419
logistiku,14566
pytlíky,14567
dezinfekci,14568
číhá,14569
sjezdovka,8019
velcí,1403
atomové,10902
plazmě,3792
posuvné,14570
akutní,14571
kulinářské,14572
plynem,2099
obchodníkem,1290
odstartoval,11571
zůstanou,6925
zhasnutí,14573
zranit,11332
řešená,14574
alergie,9713
českému,936
teplotně,14575
hypotékou,4201
slabého,1180
vyřešení,14576
scifi,14577
organizátorů,5619
obrátil,12408
administrativně,14578
vzorkem,1309
zbytečná,1258
pojišťovny,8487
kalendářního,5759
onemocněními,11313
výtvarníci,5677
milovaná,355
stárnutí,14579
faráře,7468
scenáristy,10763
značnou,6035
provedeném,2942
tvrzené,14580
muze,14581
schopných,915
jmenován,2908
vyvíjely,3426
zevnější,14582
kvůli,14583
dokončila,7769
výtku,10293
dezinfekce,14584
starověké,2833
rovna,1964
biografii,13451
republikáni,14585
opomenout,14586
udeřit,10737
sníženy,7934
strážníka,4687
lehla,7826
rozvinout,14587
talentovaného,2785
vleže,14588
zasílají,14589
závažného,4888
hrudi,8865
rekla,14590
zátěžové,14591
meze,14592
předávkování,14593
moderovat,14594
tvůrčího,6520
talentované,2785
plošiny,7151
praktiky,13038
katastrofě,6392
savců,5640
životnosti,14595
halenku,14492
vyslána,14596
stínění,14597
zaútočil,6517
obdržet,9889
trubky,11475
vypracovat,14598
úhrady,10910
parcely,12652
vyčerpání,14599
snáz,14600
dona,14601
nevim,14602
čistíren,14603
míval,14604
údajným,2847
destičky,14605
hran,11132
inženýrská,7672
kdyţ,14606
popisující,9390
otrávit,8135
vážit,13143
ušetřili,6639
mrtvé,1214
vyhýbá,13019
cviku,5650
nespokojenosti,14607
unikl,14608
nedělní,14609
sirény,14610
projeví,14611
drobností,4910
kytka,9508
technickým,1404
občanovi,805
generála,7814
selfie,14612
kulomety,2152
baron,14613
projevů,2398
ztělesňuje,14614
škálou,8929
renesanci,12818
záběrem,3533
hospitalizaci,14615
empirické,14616
škálovatelným,14617
pravy,14618
kilogramů,5221
šeky,11256
neviděli,8260
zkoušíme,6367
seznámíte,11077
čínštiny,14619
hrdinovi,14620
koukají,3907
malovaná,14621
nedostali,4679
pečlivou,3119
frontální,14622
pohody,5930
nezabrání,10171
profesionálům,479
vidíš,8260
lesbičky,14623
žebro,14624
puku,14625
požadovali,5168
vedení,14626
zeleninou,3814
připustit,14627
technickém,1404
protékající,14628
tvořil,6064
kvalifikaci,14629
matce,6663
aktivních,4634
spravují,1663
stráně,14630
tříměsíční,14631
modernizace,14632
chatek,14633
charakteristikami,12480
rychlejšímu,750
semináře,5704
zadávací,14634
umělci,620
posloužila,4514
takovéhle,6384
velikonoce,14635
vánocích,3216
teroristů,2587
analogii,14636
klapkou,11074
blahopřání,14637
pohybem,2085
dosažitelné,14638
obhájce,14639
ručitele,14640
kolébky,6511
pokušení,14641
vyrazím,14642
teolog,14643
ploty,2033
nehtové,14644
vím,3324
historku,14645
tlačítkům,2433
kaktusy,14646
nezávislým,986
pedikúra,10238
poradců,2685
mívám,14647
odstrčil,14648
mezizubní,14649
takovémto,764
motivací,9863
samosprávné,10736
nepustili,4577
rozsáhlá,1569
kandidátka,902
vymezen,14650
nájemné,14651
dýcháním,9804
poskytovaly,5972
spojeného,2851
obžalobu,9572
hlasoval,8992
stanou,545
kontrolním,4090
kojenecké,14652
centralizace,14653
svolání,14654
zkušebního,4849
kuřete,4119
probíhalo,13530
nejmenších,251
stresové,14655
nevyžadují,2926
efekty,10324
srazu,7090
modu,14656
projevu,2398
trvalého,4579
nájemci,4668
řemeslníky,1407
zmrzlinou,4086
vystavovatele,14657
vyhrožoval,10706
při,14658
rýnský,14659
veslování,14660
jarní,14661
neomrzí,14662
dokladech,1050
metalu,14663
proti,14664
nepřítomnost,4722
spadlo,4911
hluboko,14665
hlasují,8992
vyzve,14666
kněžny,14667
drobnou,2801
přísl,14668
zabránil,10171
počtvrté,14669
horoskopu,2123
březen,14670
mama,14671
schválenou,4218
vyčerpat,14672
podium,14673
pájecí,14674
nepotvrzené,14675
úniky,4226
hrstka,14676
hornin,9697
rekordně,14677
volili,11353
plemena,7890
korunou,5069
kamínky,14678
argumentoval,14278
prokazovat,14679
snažší,14680
očekávaným,4273
poznamenal,6230
ukrajinského,1708
vyměřovacího,14681
nejdůležitějších,2842
řeč,10132
zahřátí,14682
prostudovat,9210
přebytečného,1245
tuzemských,544
klipy,4666
opraváři,2100
podávat,13112
pokrývat,2776
uplynulé,5656
plánovaná,1004
archeologii,14683
zavádět,14684
vysvětlí,10579
izolaci,14685
rezervace,10628
odnímatelná,3710
komiksové,14686
podprogramu,14687
milosti,11524
upadne,14688
shodil,14689
aule,14690
ničem,2388
neprovádí,8797
mrakodrapů,2593
chudobě,11039
přirovnat,14691
lázně,14409
přesvědčením,9134
syntéza,14692
peso,14693
ovcí,5308
emitent,14694
líbí,8784
otisků,1749
milovníků,7309
ostřikovače,14695
vylepšování,14696
tiskopisu,4562
hledět,11773
přednáška,6987
křídla,6317
personálně,14697
hrajou,2771
ordinací,3596
krajina,8495
natáčí,14698
demonstranty,10005
gets,14699
palivové,1752
maximálního,13390
unaveni,14700
spočítána,3985
brod,14701
metla,14702
přehradu,13469
vyčíslit,14703
přímého,2720
vrcholového,2630
portfoliu,4300
sourozenců,3918
podpisu,4120
sušičkou,2611
navštíví,6763
kontinuální,14704
technických,1404
tuberkulózu,14705
pokuty,14706
šablonu,13149
soulož,14707
emisní,14708
síťované,14709
trable,14710
haly,5754
zabalení,14711
fouká,13684
provozech,537
montáži,12632
stolové,14712
pera,1456
fresky,14713
kapucí,14714
boje,3886
šílenou,2740
odrůda,13982
analýzy,5865
stoupl,10880
ušleháme,14715
zopakovat,11584
způsobilostí,12131
vážné,2671
úředníkům,1418
děla,14068
share,14716
zaujal,12247
bílé,2818
dopadne,10220
prášku,2808
výhody,10392
tančit,14717
vybraném,524
kvalifikované,670
vyhrožování,10706
výplatní,14718
konzervativnější,10183
fleretem,14719
přebírat,10180
odběrateli,2987
drátkách,14720
kožní,14721
zničeno,734
bez,14722
certifikacích,14723
rybářská,1872
osobám,5862
dostupná,1763
okruhu,1617
sonoma,14724
důležitých,2842
chladno,14725
posedlá,8387
grilovat,14726
ohledy,7455
světového,1645
pověřen,7111
montážní,14727
ukaž,5755
tvrdé,2190
diplomové,14728
pohotovost,6550
dominoval,9891
neučiní,14077
ilustrace,8150
ztrácí,8808
stadia,14729
míst,7561
detailní,14730
památky,9395
nevidomých,5465
zahrnující,14731
dluhopisů,951
vlastnostech,10867
napsal,4765
sudetoněmecký,14732
upřednostňují,11615
všeobecné,2568
houbaření,14733
dlouhé,4386
identifikaci,14734
vyšplhal,14735
osuška,11402
masivního,10113
členěn,12325
odvětrávání,14736
postmoderní,14737
mezníkem,3167
národnost,12414
zajímavého,5127
vzduchového,1996
dřevěná,464
lepené,14738
předmětného,14739
dovozem,6436
proudů,942
formálně,14740
tiskové,1653
imunitou,4876
shromažďování,14741
nevhodných,1744
niekde,14742
slovinského,4521
stranického,1488
navrženo,373
psychosociální,14743
nevýhod,10928
dorazilo,7458
provedlo,6953
odolnou,1592
melodie,12782
okruhem,1617
pravosti,14744
identifikací,14745
říši,14746
kolmo,14747
vázán,4862
lotyšský,14748
judu,14749
výkonových,14750
předmětové,14751
předloha,5463
mešitu,14121
návštěvnosti,14752
kufrů,186
bohu,5833
trimestru,14753
zneužívání,14754
lunárního,8324
podmíněně,14755
úklidem,14756
kriminalitě,8107
pozdravy,14757
škrabky,12075
partii,14531
závislou,986
dárku,1189
nebytového,2594
řádu,1294
volnější,2088
specifické,2586
příkrmy,14758
prevencí,14759
nadační,14760
třídenní,14761
sprint,14762
potápění,14763
lodí,3166
subpahýl,14764
modní,14765
finalistů,12464
vycházející,14766
moţnost,14767
nestačili,3347
pěší,14768
padly,4420
saje,14769
řekneme,14770
mokro,14771
varuje,12200
skládají,4133
nevypadají,11583
slabým,1180
zobrazovacích,14772
vybírali,6565
podepíše,8649
násobky,14773
ledovým,1072
referendum,14774
konzerva,11264
prodlužte,14775
uchycení,14776
zahrnoval,9792
autobiografii,14777
pojedu,1629
překládání,13265
eobchod,14778
ostravské,2653
zamyslet,14556
stejnými,3971
zimě,9740
inteligentních,1324
slovenština,14779
užitého,14780
rychtář,14781
advokátní,14782
výkonnými,80
čisticích,14783
politicky,14784
dispozic,3664
složil,5605
odveden,14785
soudním,6010
uvolňovat,14786
užitečnost,14787
kondenzační,14788
šlechta,14789
přírodapopulárně,14790
porovnávací,14791
opravami,4108
jednička,5211
pocítí,12283
slečny,10775
bavíme,6899
financování,14792
trolejbusové,14793
ukážou,5755
výrazu,4049
sklepení,14794
nasazovat,11550
očista,11108
bradavice,14795
future,14796
hvězdám,10161
slunečními,5113
členovi,4246
pochybuje,9997
sociálnímu,5823
kontaktům,2658
skryté,3007
umožňovaly,10176
uchovávají,8165
nevyhověl,14797
uvedenou,2209
zahájit,14798
top,3988
dekrety,9862
folk,12946
jednotek,1046
mapové,13485
champmd,14799
pojistitele,9807
generálmajor,10659
uniknout,14608
zdaňovacím,14800
odměna,6079
binárních,1770
šedé,4905
zrcadel,687
doprovázející,14801
filmového,818
ateliéry,4241
alternativou,11822
nesnáší,13423
vojákem,1263
výroby,12648
ústavním,5944
omezenými,1685
špinavá,1121
lisované,14802
spojenými,2851
vyhlíží,14803
jednorázová,1094
months,14804
obdarovaného,14805
utěrka,14806
neberou,5455
znaménko,14807
bosse,14808
dudlíky,3341
rovnováze,7852
zdrojích,512
seniorském,14809
sloužila,4989
podvodů,1186
evaluace,14810
peněžitou,14811
tvou,726
politologie,11579
slovanskej,14812
ktery,14813
profilové,14814
fotografuje,7937
paží,9419
tvůrcům,8344
padesátce,11099
vstřícný,14815
nedoporučujeme,14816
obalové,14817
natahovat,8890
output,14818
práve,14819
obtíže,11053
mixování,14820
podílového,2702
náhodě,3584
užívá,7554
celkem,14821
animační,14822
grilované,14823
stavů,3573
spoty,14824
herecké,5330
mimochodem,14825
poskytnutého,740
žalobou,6689
jahoda,3368
skola,14826
vyrobek,14827
odebrány,5857
tvého,726
přípravě,8515
plošně,14828
melodií,12782
media,14829
vlasovou,3219
kompilaci,14830
soustavách,4083
sloupce,6253
použitelných,733
hejno,14831
ochotny,4430
vykazovat,11931
volejbalu,2300
laiků,14832
prodejcům,2359
vyhledávači,14833
zateplené,14834
centrálním,1637
bunkru,14835
posudku,1978
zřícenina,6886
kolikátého,14836
nesplní,11575
krmivem,7018
hoboj,14837
označuje,11225
branka,11751
zástavou,14838
odchází,8002
nepoškozená,14839
snímkování,14840
eště,7536
másla,2499
dvoukolovým,14841
leto,14842
dvanáctý,14416
soudů,1293
koncertoval,14843
okurek,4733
pálit,14844
neřeší,7327
prahu,2577
lípou,9658
špičková,397
ovlivněn,10114
cituje,9339
ozbrojeného,4203
nijak,14845
nevrací,14846
přivydělat,14847
pěkným,5103
přihlášené,1432
látkovou,1672
italštině,14848
překládal,13265
váleční,6484
nadešel,14849
víš,3324
husitství,14850
otočným,14851
stupínek,14852
obohatí,10159
talentů,2257
povinen,3172
rad,6416
přednášce,6987
naštvalo,8568
patříte,11928
krutě,14853
končetin,11050
rozsudky,6552
špenátem,2982
mycích,14854
mechanismem,14855
regeneraci,14856
atentátu,7983
důstojně,14857
čtveřici,14858
procházka,7244
vymýšlí,11977
bytů,192
rybka,14464
fašismu,2465
záměru,3819
úvěrového,1360
družičku,14859
mlčí,14860
alokaci,14861
nějakém,468
omezeno,1685
bezpečnostních,3303
lidech,94
cítit,6830
sjednocené,14862
devadesátých,14863
vytváření,14864
nejmodernějších,1764
vydávala,6242
lisu,7385
reklamního,3822
pánevního,14865
námětu,1850
číslici,7184
postupu,1733
rozmístěny,14866
významně,14867
samosprávného,10736
nalevo,14868
ministrem,5121
nesklonné,14869
pracovnic,14870
dílnách,4012
razítkem,8555
kouknout,3907
nejchudších,3253
zaklínadlo,14871
donutili,5434
děvčata,3489
staci,14872
bohů,5833
praktik,14873
zaslouží,14874
ubytován,14875
zbroj,14876
výhodným,3784
nedokončil,14877
besedu,14878
žáby,14879
míčků,14880
lože,14881
páskou,2725
přestávkami,4011
alkoholismu,14882
konstatoval,14883
šátkem,2813
učebnicích,1819
prosil,8660
nějakými,468
kurfiřt,14884
vodivosti,12391
brousí,14885
milníky,4436
atmosféru,14886
vyloučeno,14887
nedovolené,14888
napospas,14889
písmenem,4919
pozemním,14890
slyším,7519
barely,14891
řetězy,5913
etice,10178
dopravě,9828
oranžovou,11368
identitě,3397
falšování,14892
přichycení,14893
užité,14894
koordinační,14895
field,14896
kovem,14897
spektrální,14898
sucho,12882
předpokládala,5934
hash,14899
nálev,14900
polyuretan,14901
řadě,13564
volnočasové,14902
zasahovat,14903
konverzi,14904
určitému,1525
exekučního,14905
akvarijní,14906
otázkám,7572
fakulta,8427
měnily,7778
lékařského,1113
datem,296
pořádán,14907
skladateli,5460
začátků,9783
bývaly,5576
financuje,12186
slupkou,12553
troufám,14908
tisky,508
novějších,225
pomyslnou,475
zákonů,3714
nosu,4391
zaběhl,14909
rozhodnou,7319
organického,2446
krémy,14910
přijeli,8835
odpověděla,5016
živiny,14911
nezaměstnaní,5098
odvar,14912
pokutu,14706
severní,11961
asistované,14913
vyhotoven,14914
sirupem,2972
diváky,1759
ekvivalentní,7700
zachoval,11386
týmových,2293
poplatníci,908
teroristická,4187
víku,4526
rytmy,2221
vyzkouším,5508
pršet,10817
pravě,7246
šipka,3054
odmítá,10863
vyrozumění,14915
navrhovali,9956
nedostává,9262
ošklivé,3936
jihomoravské,14916
růstu,4054
úspěšné,1430
mistra,11494
převzaté,14917
provádí,8797
sedáku,14918
change,14919
střechou,5928
jeli,1629
sliboval,14920
netušila,4940
pobočka,7498
tác,14921
pigmenty,14922
semena,9156
nahodou,14923
překročen,14924
upraví,10369
překonán,13061
představovalo,7844
rozhodnut,14925
kapuci,14926
diamanty,6861
symfonii,13720
vybráno,524
všiml,6461
nenašlo,14927
rybářského,1872
jogurtů,253
stovkou,3536
videosekvencí,14928
tenkém,442
zachraňovat,14929
přiloží,7898
týrání,14930
nemovitostech,11324
skladatelem,5460
vršek,14931
pláži,11233
úsměvem,3943
uplyne,10081
přiblíží,14932
maxi,14933
nějakýho,14934
přijímá,10482
tvrdší,2190
písní,11862
koupelen,1014
povinna,3172
extrémně,14935
masovým,1284
tašek,1248
ještěrky,14936
veľké,14937
otcovství,14938
keramickou,4484
vytváří,9143
hrdě,14939
dopadlo,10220
guvernéra,8830
mezní,14940
touží,14348
rozhodla,7319
blokují,2838
lezci,14941
dělí,10160
dává,10999
slovačiny,14942
pevná,344
nejím,4112
největš,14943
doporučil,10297
nastoupí,10961
zákroku,2344
rozhlasem,458
řekni,4155
cestovním,1698
stability,9269
kvapem,14944
obálce,4221
snažil,10317
reprezentanta,11647
pověřit,14945
epilepsii,14946
areas,14947
udržitelné,3786
vystavená,1247
smlouvu,14948
postiženými,730
poskytnutá,740
obecněji,10981
chlapecká,3672
veselou,4922
trvalá,4579
řekli,8320
okruzích,1617
metodickou,1633
obrábění,14949
mladších,1207
relativní,14950
mostní,14951
přesune,7030
soustavné,11492
povolil,6567
veřejnému,481
romanopisec,14952
náboženskou,6146
koupelnách,1014
deprivace,14953
převzat,11056
šlachy,14954
domovního,1853
dárců,7580
předprodeji,8989
úrovni,9046
antropolog,14955
mailem,14956
jednají,6731
hebrejštiny,14957
začátku,9783
veškerých,319
ostřím,14958
ohnisku,14959
vysočiny,14960
pěst,14006
obviněn,6669
dělalo,3644
alebo,14961
dluhopisu,951
sloučit,14962
usmívající,14963
projektanty,5617
líbání,14964
balení,14965
ohnisko,14959
průjezdu,6971
dodáme,14966
galerie,13332
ovulace,14967
tématu,11035
loňském,3746
křemene,7224
pobavit,10463
hlásky,5443
styky,1659
oni,1664
rezidenci,14968
reagovat,6852
výpověď,14969
studoval,7169
nevyplácí,14970
osvojení,14971
výhrady,14972
předností,7240
podstatné,10370
sýra,602
boha,5833
rána,4642
sacharidy,14973
krkem,2617
uvědomovat,4662
tepelné,2169
přeložen,9812
obránci,5536
pokrývá,14974
odletí,14975
krapet,14976
metly,14702
chovali,1078
modelku,13929
vanilkovým,2638
velryby,11258
dělíme,10160
obrazového,234
jezdectví,14977
železem,6503
krásně,14978
dál,4880
rostoucímu,9299
kontaktu,2658
kvetoucí,14979
důvodů,6414
tematiku,14980
letectvu,14981
skladbu,9977
periodik,14982
závit,14983
pravidelného,1425
vypravit,14984
označujeme,11225
zamyšlení,14985
rampě,14986
celnice,14987
obklady,8207
nezákonnou,14988
optikou,6885
civilisty,11691
týmová,2293
podobného,4952
čepele,14989
stahováním,5380
preferenci,14990
financoval,12186
prestižní,14991
východu,8733
pohode,14992
datum,296
hradů,1355
omluvit,14993
vestavěnými,191
projektovou,2373
gastro,14994
arogantní,14995
katedrálu,11848
osmdesátých,14996
obětí,4400
držící,14997
lyžaři,4702
zaplať,4010
lyžařka,14998
vypracované,2789
významu,7264
zvážení,14999
předpokládaného,6690
některými,1260
poskytla,5086
minulostí,11589
nebot,15000
pokusím,9261
obvyklé,2118
akváriu,4524
textař,15001
židovskou,3688
pře,14359
vanička,5386
démonů,1486
charakterizující,15002
kamení,15003
diplomacie,15004
tretry,15005
mladým,1207
jednotlivcům,1206
přejete,15006
zničením,10576
školským,3252
najit,5054
šálku,1988
škodlivin,13284
náhonu,15007
izolovaná,2619
přibližné,7511
transformovat,8886
ohromí,15008
měřicích,846
projektoval,15009
odkoupil,15010
zvykla,8393
spirituální,15011
ekologickým,1578
reálná,414
pocitů,2017
spirální,15012
věnoval,9810
stropem,2037
nepřijímá,10482
státnosti,15013
srovná,15014
pojištěním,10382
zbourat,15015
svete,15016
chalupa,2346
kasáren,6179
hymna,15017
jakém,2979
charakteristik,12480
prediktivní,15018
přístavu,3327
vodního,7463
dotekem,4499
metodologii,13378
školkou,5788
parodií,12484
slabším,1180
výsledná,1462
obligátní,15019
definuje,10753
řeka,12166
clonu,15020
mine,12962
šířit,11559
pokročilých,443
zříceniny,6886
bakterie,15021
vykonávána,10446
omítkou,9853
mladíky,465
zavěšené,2911
nejžádanější,14153
poškozují,10740
trpíte,9496
letecká,3456
hospodách,6915
genetice,6337
nespravedlnost,15022
řvát,6688
přicházíme,6300
zlost,15023
nacionalisté,15024
koncerty,3618
studoven,15025
přednosti,7240
bednění,15026
nutil,12330
přidané,4659
nejvýchodnější,15027
zdvojnásobit,12862
slavným,2814
generálů,7814
botami,3057
hrudníku,2419
autoritní,5263
rozsáhlé,1569
interpretů,2938
kinu,816
zaujmout,12247
používána,1019
ergonomická,1373
důvodu,6414
dět,15028
substituční,15029
oklikou,15030
experts,15031
součinitel,15032
drátu,6055
nádržka,15033
panoramatické,15034
absolventské,15035
donesla,6724
břichu,5687
monetární,15036
snímači,15037
výtěžek,15038
jednání,15039
umístěním,11031
navrhovatele,10829
žárlivost,15040
kolemjdoucích,11522
příčku,7623
rod,15041
povaze,12427
nedělali,3644
dvojku,14161
pony,15042
cyklistice,8834
nepřál,9519
vcelku,15043
vně,15044
vykořisťování,15045
rodičích,489
negativů,9948
dovezeme,7417
nastavitelná,15046
pohromy,15047
zločinu,5659
zemřel,8672
protoze,15048
dvouletou,5674
lanovka,13947
držet,13076
parodii,12484
špatná,1639
typické,3809
odhady,2415
vina,5486
tvarované,2886
ozbrojenci,15049
zásluhy,12088
ujít,15050
sledovány,1797
gotické,3712
výšivka,15051
sruby,15052
ţáky,15053
podřebuje,15054
vícero,15055
přičíst,15056
ucpání,15057
solution,15058
procedurální,15059
bicích,2374
popularizaci,15060
nakloněné,15061
úplnì,15062
rovnoběžné,15063
paže,9419
jednatele,15064
produkoval,9103
režiséři,10728
nařídil,11735
ňom,15065
zajímaly,8683
tupě,15066
vesnická,1906
způsobech,1079
prémie,15067
videoklipů,3043
activity,15068
zbavil,8503
signalizuje,15069
královnu,15070
sklokeramická,8464
rytíři,3744
dnů,3465
banánu,516
natáčeli,14698
citovala,9339
zmizely,8000
doktorů,2541
front,6446
geologické,3213
litru,10859
prohra,13354
medicíně,5711
svařované,15071
látek,5729
sdílených,526
atletických,2266
šetrné,1884
osmnáctkami,15072
pupeční,15073
prohlášeno,6557
potiskem,15074
rolní,15075
neúplná,6012
těžiště,15076
akutně,15077
přeložené,5364
centru,7004
naneste,15078
hitů,1668
stanoveném,3113
potoka,2857
rasa,13995
nevybíravě,15079
následovaný,15080
vypadávání,15081
klidnou,2961
obložené,15082
poloostrova,3912
bradavky,15083
chemoterapie,15084
terasy,4975
nezabývá,11993
nespokojení,10199
razit,8737
rovnici,9227
párty,15085
koordinátora,7355
průřez,15086
dobrém,2760
sleduj,8565
páky,14345
uzdraví,15087
nahoře,15088
brněnské,2246
společenskou,2304
bytovým,904
jménem,6376
mikinka,15089
figurkami,9331
skladby,9977
nebrali,5455
orientačním,8813
vložení,15090
zlepšovat,15091
protáhne,15092
vyšetřováním,9579
přeměňuje,15093
předplatném,2753
kořist,15094
představovali,7844
domníváte,4648
odpověz,5016
příběhem,2971
nehrají,2771
vozidly,682
plastová,476
železobetonové,15095
krajiny,8495
turistickým,2175
žadateli,15096
vápenatý,15097
rozeznat,15098
žánrů,7226
vlka,3126
mikroskopické,15099
brusinky,15100
místodržící,15101
nástupnické,15102
sucking,15103
náklonnost,15104
validní,15105
léta,10351
emigraci,13525
oslovíte,15106
unit,15107
svede,15108
rýmy,9423
doplňující,15109
nepamatuju,2951
geographic,15110
dočasného,3148
kladla,15111
herců,5883
ovlivňoval,10921
dalekohledů,280
diagnózy,15112
spisů,3278
zakázkovou,15113
barbarů,15114
zaplatilo,4010
nestačila,3347
uvedli,9199
dovoleno,14888
hmyzí,15115
prodávajícím,5331
spjaté,12145
zavírají,8212
vyváženou,4598
nedávají,10999
eco,15116
autorovi,8560
svém,325
víceúčelová,1034
partyzány,11966
navštívíte,6763
nehledejte,15117
tečkou,15118
pohybová,1129
skrytá,3007
odvolá,15119
výběžek,15120
zaostření,15121
oslovuje,15122
suchého,3035
profesionála,479
neúspěšně,8189
porovnání,15123
orchideje,8899
vidim,15124
rockového,2328
nedokázala,3082
tečky,15118
knížete,15125
vyzbrojené,15126
zaskočil,15127
burze,6478
spravedlivého,1147
zřizování,15128
gramatice,15129
nulové,3893
birth,15130
prostorů,729
klecí,15131
manželskou,3847
závidí,15132
narušil,15133
komentoval,15134
zeť,15135
upravoval,15136
názorů,2231
dosazen,15137
plynárenské,15138
soudcem,2914
botanik,15139
omezuje,11027
vázané,4862
struktury,14192
přiletěl,12096
oděrky,15140
palačinky,15141
vyslán,8444
pamětihodností,14155
procento,9122
krve,12722
rostlinu,11603
pěkného,5103
nesl,15142
následován,12372
státníků,4055
lakem,15143
zaostřování,15144
předání,15145
zklamaný,15146
družičky,14859
získával,10564
páka,14345
ručním,2111
nemálo,15147
navečer,15148
provedeme,6953
anglického,3357
vracel,15149
onu,1153
vylepšuje,15150
moc,15151
hlasových,685
neštěstí,15152
masy,15153
záloh,484
truhlářské,15154
jabloň,10459
výsledku,4816
pedagogiky,11633
architektonickou,5723
nazdar,15155
masovou,1284
zesnulé,3214
australskou,5007
udržení,15156
vzteku,3888
zkonstruována,4034
intelektuálové,12458
nenabízí,6917
zjednodušená,3176
nabídnou,9531
sdělili,11630
měnové,2983
bouři,15157
čerstvá,1228
seno,15158
kavárnou,3546
kouknu,15159
varhaník,15160
tvorby,9715
veřejn,15161
geografického,2140
upoutat,9316
spálil,7995
motorovými,564
slunečnice,15162
intenzivní,15163
zasedá,15164
stromku,15165
motivů,6181
smalt,15166
skončí,11816
spray,15167
neustálým,4784
železa,6503
smyčkou,10869
příčinou,11400
kolébce,6511
výhrůžky,15168
neoficiální,7301
pokryté,4788
statečných,3275
tísňového,15169
stávajícímu,3065
rozpočtová,952
minerálů,15170
očistíme,7642
týmem,456
sulinekmaster,15171
sejmout,15172
řepu,11334
lesklým,9773
chaloupky,11832
nevinných,822
vzdálenosti,15173
templářů,15174
učiní,14077
odolných,1592
agentur,5046
manželkou,4389
skýtá,15175
synovce,6713
éře,8695
insolvenčnímu,5516
vysazen,15176
hledali,8169
pověsti,15177
pokličkou,15178
snažení,15179
bohoslovce,15180
údržbě,7701
zasahoval,14903
nízké,4663
databázích,3136
restaurování,15181
pros,15182
skládalo,4133
proužku,15183
bílého,2818
zasaženy,7434
preferencích,13546
získávat,10564
šedém,4905
nejvýrazněji,15184
tenisová,1857
kostele,3321
adaptační,15185
zohledňovat,15186
hebrejské,7346
reportérka,2879
zprostředkovatele,7013
stanoveného,3113
potěší,10632
omyvatelné,15187
začínám,6173
vyplníte,8252
notoricky,15188
vyleze,11465
kvasnice,15189
nepochopila,5738
cestovala,2925
historiografie,15190
hodnotou,7469
nemusim,15191
zahradním,5304
farmách,3381
probudili,3106
stvořená,15192
zdanitelné,14264
slabostí,15193
usnesením,15194
požadavcích,1178
prodejnách,5205
vleku,11204
unijní,15195
uzdravit,15087
doplňovat,14370
výklady,4680
hodlám,15196
udelat,15197
poštovného,14523
páska,2725
energetiky,7412
zapomínají,7740
osvědčení,15198
ochranného,1391
zásobu,8368
ložisko,15199
zalíbilo,9979
křesťanskou,4866
zvládla,3055
vypisuje,15200
stejnopohlavní,15201
respektoval,15202
sušeného,3459
step,15203
velvyslance,12772
nastaveném,472
dějinami,5815
konvoje,7275
načež,15204
vytvářet,9143
bránění,15205
pohroma,15047
vysvětlovat,12353
autorádií,1028
stěhov,15206
chytil,6579
celovečerním,2697
milionu,3264
hmyzem,1778
veletrhů,3690
neštovice,15207
testováno,3254
stanul,15208
olivy,15209
přesvědčí,8826
okem,4044
hostilo,8833
sbíral,10486
cartridge,15210
mechanismu,1631
event,15211
pozoruji,13288
stravou,15212
kovovou,768
příbuzenstvo,15213
matčiny,15214
plakátů,603
stravy,6488
obsáhlé,4942
adresáta,4280
zotavení,15215
neplní,14387
tečka,15118
praskla,9548
nepomohlo,5647
narůst,13186
geografických,2140
ozývá,15216
place,15217
oltářem,1332
nasazené,8637
netušili,4940
všelijaké,15218
citliví,632
setkáte,15219
síní,6375
obzvlášť,15220
milionové,15221
člunů,368
dezénu,15222
předkové,3020
uplynutí,15223
okolností,15224
úzkým,3074
vajíček,1966
chronickou,5662
vyvíjeny,3426
vazba,11136
prováděná,2626
duet,15225
spravovány,1663
rekuperace,15226
nato,15227
soudobé,4978
konsenzus,15228
nastupuje,14360
sjednané,15229
dodána,4575
záchraně,9410
vybudoval,6162
sousto,15230
závažnou,4888
minulém,7395
teček,15118
zdokonalovat,15231
pouzdros,15232
rychlostech,5446
posloupnosti,13395
zařazen,14104
hlína,15233
muzice,1903
zaslaných,8211
slovního,9010
barvivo,15234
vznést,15235
šampionátů,1413
ministerstvem,4184
čeleď,15236
brala,5455
živí,745
vápencové,15237
urazit,9962
tehdejšího,6891
postoje,4148
multifunkčních,1608
podezřelí,1991
probírané,15238
regiony,6545
popisoval,9390
sudová,15239
vsechny,15240
šetrnou,1884
žánru,7226
určena,1470
menšímu,251
výživě,5878
najdou,5054
policejním,3576
příspěvkové,11412
skupiny,7123
točivým,15241
útočiště,15242
vzrušující,15243
křížovou,4063
obsazené,4466
společníků,718
prvorozený,15244
wikipedistovi,8566
narozeninové,2536
kostely,3321
kapalného,11810
hejtmanství,15245
cyklistického,1994
současným,2791
hodinkám,984
existovaly,1900
provozních,11605
nízkoenergetických,9043
heroinu,3781
povinnostech,13368
stahovací,15246
docházet,15247
divím,6616
heřmánek,15248
alergeny,15249
archeologů,15250
subtropické,15251
sousedství,15252
betonovou,1264
vážným,2671
prve,15253
nejedna,15254
oděvů,612
autorskému,1084
ovlivňuje,10921
interiérech,676
dodržuje,15255
přesnosti,14151
membrána,11007
rajská,15256
sportu,2073
horlivě,15257
kolečkových,15258
budou,3143
nastěhovali,15259
různá,6991
stopy,6836
nepohodlí,15260
intervalů,7414
legislativa,14130
nerezovou,1449
autorem,8560
prodělala,10025
služebním,1259
nuceným,12178
naznačit,15261
taktu,5559
starosta,15262
hraniční,15263
sionistické,15264
nejčastějších,5821
servírování,9965
hrána,2771
pracovněprávní,15265
krmení,15266
svetlo,15267
torzo,15268
vyživující,15269
vyřazených,270
kapelou,7997
naléhavé,15270
ušetřete,6639
neuvěřitelným,5100
přemostění,15271
oddělená,1647
náma,7039
vidělo,8260
postřelen,15272
filtru,686
frekvencích,6362
card,15273
quiet,15274
textilní,15275
olympijským,4157
ohromnou,1785
závity,14983
mluvčím,12570
vrchního,13757
oblastí,15276
kousíček,15277
nesmyslů,3524
vykládal,15278
předešlé,4999
ozubeného,15279
over,15280
environmentální,15281
malíři,3521
dcerky,4076
zpracovaná,2840
vertikálně,15282
podložené,15283
komodity,15284
označení,15285
kvalifikovanou,670
přenesou,4853
odhaleny,6175
zdravotnímu,9786
křečové,15286
domluvené,14178
školička,1328
táboru,1010
výpadků,15287
podvojného,15288
románem,3492
kapli,15289
způsobující,15290
záležitostem,11221
pohlednic,8741
památkou,9395
tématy,11035
počkala,4265
barvou,8674
modernizaci,14632
odvážnější,5491
najlepšie,15291
přinesou,5735
nepředstavitelné,15292
normou,10742
odpoledni,8028
dlouhodobému,2337
food,15293
hlodavce,3362
sníženou,7934
vyhovět,10612
ňygto,15294
litina,14214
útlého,15295
konkurenčního,5392
padlo,4420
frontman,15296
obavám,7996
určila,13232
zjednodušení,15297
mojho,15298
sedákem,15299
tělesným,1792
zavazadlového,1276
lištami,6988
porostou,15300
bohové,5833
nemocenská,15301
zkoumal,8724
uvědomili,3876
zápasí,15302
lžička,13492
odkladu,5860
popelnic,7563
souhlasem,4139
zahyne,15303
neudělali,4567
pekelně,15304
meditační,15305
nepadlo,4420
zasedání,15306
smyslu,4371
nepletu,15307
jimž,4435
lavina,15308
reklamním,3822
realizovali,7698
vyvinuli,7625
předškolních,6060
pøíruèka,15309
nejteplejší,1967
milionech,3264
právnických,7955
povídce,10663
nabízí,6917
houkačky,15310
vodopády,9036
obraně,4571
ubytovny,14315
prihlásený,15311
sebepojetí,15312
známost,15313
zateplování,15314
dodržovat,15255
prostøedí,15315
obchází,15316
slovesné,15317
autonomních,3045
odvolacím,7384
stylová,350
číslem,10566
diagnóza,9744
fungujících,1415
úderu,3373
jasnou,6732
pozorovatele,8247
východiskem,14313
obývali,6390
atraktivnější,15318
rozsudkem,6552
individuality,6402
federálního,5284
ocelového,1873
nelibosti,15319
práškem,2808
zkušeností,11065
chlapců,388
posílali,8910
cenných,1169
kokainu,4392
invazi,10962
lvem,5690
celozrnné,889
tuzemském,544
povedenou,3636
pronásledován,15320
pročištění,15321
jaro,15322
plicích,2881
hranaté,2493
platy,2582
referenčních,3085
osídlen,15323
chorvatského,3589
prosby,15324
sobe,15325
černým,2894
žadatelem,3904
povoleny,3668
renomovaných,4106
panské,15326
druhy,9141
zvoleny,8153
nechybělo,8532
částek,8266
museli,4512
komentátoři,5312
sestřelení,15327
jazyku,527
zapisují,4596
používaných,1019
představeným,3433
tmavé,3609
čestným,1545
bodovat,15328
zářez,15329
nepamatuji,2951
leštění,15330
ukázáno,5755
autosedaček,2856
axiální,15331
klimatické,15332
vraťte,7646
obě,13107
psychiatrická,13178
vzdálenost,15173
sametovou,7551
nanovo,15333
scénách,3862
středně,15334
bouřky,5052
stimulující,15335
osobne,15336
záložce,15337
ocelovou,1873
potisky,15338
dovolených,4005
jasné,6732
natočené,15339
hotelových,534
uspořádáním,11572
sedmou,15340
zajišťující,15341
projdou,8711
labuť,15342
pouhými,1833
odpovídajícím,7558
demolici,15343
jakosti,15344
hodná,1414
celebrit,9337
rolníky,8360
nezvládla,3055
zatim,15345
migranti,15346
patram,15347
tvary,5849
zajímám,8683
poválečný,15348
odletěl,14975
čalounění,15349
fauna,12061
pauza,10232
indukci,15350
vinobraní,15351
hrnci,478
nejedla,15352
koleni,5011
najet,15353
výroba,12648
izraelskou,5763
povstal,15354
masérka,5820
vyslanec,15355
užil,11562
odpovědná,5253
přihlíží,13465
předpisům,3042
zařízeny,15356
jest,3143
hladkou,3352
přijaté,3873
historie,12908
nevyznám,15357
záchranného,1399
rozhodnutími,13891
příslušném,866
dekorativní,15358
nejlevnějšíhood,231
osobitne,15359
evropská,1676
odstrašující,15360
tipovací,15361
vysoušení,15362
subjektivitu,15363
upozorňuji,15364
eurozóny,15365
dostavil,11293
trafika,12991
přesvědčovat,15366
lásce,8924
zbylé,15367
koláčky,15368
hrozného,5383
výhrad,14972
projdeme,8711
nedůvěru,15369
odborném,1606
tomto,789
vysokozdvižné,15370
zařadí,15371
kompilace,14830
jedenácté,9136
nemovitá,15372
čelního,15373
chemického,1576
kontrakty,5663
kružnici,15374
brata,15375
dně,15376
aktivována,2755
obytná,15377
pražskou,5289
způsoben,7601
dvanáctého,14416
volala,7877
vrh,15378
důvody,6414
cpát,15379
válců,1226
stranické,1488
funkcích,2330
spokojení,1591
postiženou,730
myslivosti,9566
litevského,3402
kadeřnici,15380
vahou,4599
čítá,15381
fotkou,2975
nebe,15382
znečištění,15383
vtipným,3525
překážek,6231
slavní,2814
parkováním,10090
pupínky,15384
kolu,1490
hostinců,6728
serva,15385
vstřícní,14815
ministryně,15386
neteče,15387
request,15388
registrovaná,2187
zažil,13531
obhajoby,13966
modrým,3599
želvy,15389
obdobným,9779
zavedeno,4105
klam,6758
milionům,3264
nutným,1282
překvapen,15390
vešly,5126
zúčastní,15391
rekordním,15392
kterých,2595
rozměrech,7439
vysokým,3619
tisků,15393
udržování,15394
českých,936
postavami,10287
pokoušela,10105
plánovaným,1004
rozmyslí,15395
démoni,1486
textům,1812
masopustní,15396
sekční,15397
návštěvách,5365
sales,15398
zasunutí,15399
bezpečných,425
designérka,15400
přijímal,10482
dividendu,14453
zbrojnice,15401
městská,909
cetnost,15402
soutěžním,4141
koček,1222
undergroundu,15403
připomeňme,8049
svolána,15404
tiskového,1653
strašnou,8570
kosmetiky,2432
překoná,13061
investicím,5444
začla,5079
dvojčátka,15405
figuruje,15406
placky,8193
filmovými,818
věcné,7922
důstojníků,1096
názorech,2231
nepatřil,11928
strong,15407
skryty,15408
postavily,4501
diplomovou,14728
hospůdky,15409
maker,15410
police,6779
uvažovat,11962
neudělají,15411
nedostatečnou,1979
hrané,3244
lezení,15412
spontánně,15413
vintage,15414
prasknutí,15415
návratem,6889
dvoukřídlé,15416
nečistoty,13222
dozadu,15417
koncertovala,15418
zabezpečování,15419
bavilo,6899
jízd,5855
mazec,15420
rozšíří,10311
rozmrazování,15421
globalizace,15422
protáhl,14551
rozválíme,15423
neobvyklého,2118
nepůvodní,15424
obřím,2872
dokazování,15425
vynechala,14187
dobovým,2270
nedostala,4679
hezkou,8939
preferoval,15426
pozorované,15427
jízdními,2150
montáží,12632
restauracích,11345
okamžité,1719
pevninu,15428
eskortní,15429
pěknou,5103
štítkem,15430
again,15431
laminátové,15432
nezlepší,15433
letního,9964
head,15434
poškodily,2519
jedničky,5211
skončit,11816
nezíská,7265
zrcadlovek,204
every,15435
romantickou,5356
léčbou,7433
mrtví,1214
povodně,11967
výstavního,8715
ochotna,4430
probíhá,13530
svobodna,15436
vyjmout,5968
neziskovky,15437
disciplinární,15438
obava,7996
dostalo,4679
určí,13232
buduje,6259
vyšívané,15439
really,15440
taneční,15441
jídelen,1120
sundal,15442
exkluzivní,15443
propustností,15444
originály,3935
odkoupit,15445
kanálky,15446
předkolo,15447
hýčkat,15448
dávky,14346
hmotou,7465
biomasa,15449
plno,15450
zakázky,5511
hangáru,15451
stanoveným,3113
zachránilo,6462
vlašské,15452
obhospodařování,15453
mlčet,14860
právnická,7955
kolegyní,8322
územní,15454
mzda,5868
hodné,1414
závodem,3532
počkání,15455
zavináč,15456
patogeny,15457
pevně,15458
vyhlásilo,15459
výrazně,15184
specializovaných,497
inspiroval,15460
promoci,15461
zipy,15462
draftován,15463
motion,15464
beta,15465
super,15466
upravenými,1434
osazené,15467
spojující,15468
odmalička,15469
vyplněným,3732
mimosezóna,15470
seance,15471
špičku,15472
chirurgické,2183
ročenka,15473
nájemců,4668
klenba,14094
nevidim,15474
konkurzu,1811
lituji,15475
výzkumným,1318
uchováním,9987
sociálně,15476
postovne,15477
změněny,6473
katastrální,15478
neporadím,15479
look,15480
špalky,15481
pušky,8197
kolektivů,2754
hektar,11282
bojkotu,9689
poskytovány,8452
meziválečný,15482
nabídkou,10615
jistého,3517
vývojového,1340
doplňoval,14370
respektuje,15202
zeptali,3370
náporem,4622
mořem,10154
zásadního,10686
doporučíme,10297
freeride,15483
nadměrnému,4743
šikovní,693
topnou,4995
zlínského,6681
mohutnější,2081
školám,1328
administrací,15484
ovlivňovat,10921
oborech,1984
portugalské,7394
manipulační,15485
vyzívám,15486
studená,1322
strážníci,4687
skladatelské,15487
přikrývka,8174
zpracováno,2840
muzeu,9193
zaměstnáni,5886
inovativním,15488
orientální,15489
společností,8786
výsledkem,4816
rozložená,1058
svatyně,11120
literárně,15490
brouky,4649
kolotoče,3222
překročí,11885
smíchejte,15491
umístilo,5318
studies,15492
obsahovaly,6401
stadiónu,4135
sauně,7204
přímým,2720
argumentem,3117
přihlásily,1982
demonstrantů,10005
aplikačních,2473
rozpadne,12788
snažit,10317
prosinec,15493
šablony,13149
vyvinula,7625
odpočtu,7005
bojovým,2235
matkám,6663
lákat,14322
objednává,12789
pudy,11979
zahrádkou,4310
vhazování,15494
zapojuje,15495
oblíbí,15496
loveckého,2870
dvory,1420
nejčistší,15497
vyspělých,380
diskusního,5748
vyčerpané,4382
sběratelů,9558
animovaná,15498
popularitě,13592
středovým,5436
přenechal,10343
žába,14879
trupu,3259
rytíře,3744
krajskou,15499
házená,8510
přizpůsobena,5036
textury,15500
určeno,1470
padnoucí,15501
italštiny,14848
kongresové,15502
nejvýznamnější,6301
rychlému,750
opožděné,15503
safety,15504
books,15505
ohraničený,15506
majiteli,2255
depresemi,12786
záchytné,15507
holčička,8795
napříště,15508
poradenství,15509
žebříky,1070
báječně,15510
různou,6991
strojírenské,5969
terminologie,7719
zabrali,2934
polarizační,15511
aplikovány,5963
plážové,3404
protékají,15512
finálovou,4799
postaveným,1992
anamnéze,15513
řádným,937
buněčnou,13569
suk,15514
mikrobiologie,15515
východní,15027
vyrobíme,3858
středeční,15516
slovenštiny,14779
vzletu,15517
nabrat,14539
prorok,15518
this,15519
spolupracovníkem,1974
skvrnami,15520
polymeru,15521
prozradil,11834
next,15522
dešti,4850
přílet,13545
propagandě,15523
horečkou,15524
zakládat,15525
vysvětlen,10579
dokonalosti,15526
povzbudí,12933
svícení,15527
nakrátko,15528
kontrol,5980
slečnou,10775
migraci,15529
navigačních,15530
citrónové,12107
touha,11268
bolely,10573
množit,15531
bakteriální,15532
průvodní,15533
imunní,15534
hrozné,5383
zmenšil,10839
opakovanou,2436
uvědomují,4662
čarodějka,12842
kost,12887
smutek,15535
životnost,14595
sloužícího,5899
historií,12908
objevilo,8558
považujeme,11025
tematicky,15536
advokátka,4841
výtvarnými,2974
smůla,6654
úředně,15537
černého,2894
prožít,15538
radioaktivní,15539
sahat,15540
bibliografie,15541
neprošlo,15542
oblíbenosti,15543
otevřeno,1210
čínština,15544
posuzované,15545
omítka,9853
domoviny,15546
kalendářů,999
ručníku,925
besedě,14878
telefonním,861
uherské,3372
inovacemi,14076
casting,15547
osobnostních,5250
zaměřeno,2103
korunován,15548
zpracovaného,2840
vytvářel,9143
shodným,4564
neprojeví,14611
mezerami,15549
pěnou,15550
poznámkách,1076
pochybné,15551
povídali,9487
vyráběné,2921
přicházejících,6419
prizmatický,15552
totality,15553
rodák,12762
mat,15554
zážitků,2074
namazat,3801
čáry,14325
dostaví,15555
volnosti,15556
zavražděného,13442
pochopení,15557
čirým,15558
správcovských,15559
bratrance,2386
obousměrně,15560
soundtracku,12793
kdybys,5321
nosným,5403
publika,7497
jezuitského,4869
nafotit,15561
požadovalo,5168
zájmena,8735
projetí,15562
levá,2729
náhrobků,15563
kosa,15564
estetiku,15565
domovským,4274
drápky,15566
tělní,15567
vazbou,11136
jemu,1664
ppt,15568
armádě,6502
postavenou,1992
vývozní,15569
speciálního,9292
britské,3527
vyvstává,15570
oddílu,1522
přijedete,8835
překvapit,9310
celoevropské,15571
obětní,15572
velšský,15573
poklicí,15574
novinářům,1280
plechovek,7056
politiků,4970
dovést,5921
magickou,1973
odmítám,10863
škody,8343
nabídla,9531
gastronomii,15575
dotace,10071
platí,5235
reprezentativním,4602
filé,15576
husy,11580
odhlučnění,15577
uděláno,4567
milostnou,6930
škála,8929
zničeny,734
správě,3980
nezahrnuje,9792
nenošené,15578
poměrům,15579
oblohou,10885
změnilo,6473
profilů,15580
udržitelnému,3786
splňující,9983
vyjadřování,15581
nouzového,1344
vychutnávat,15582
prodáno,6286
skotské,8090
trénoval,5504
pokladnice,15583
družinou,5507
lidství,15584
špetka,15585
převodníky,15586
nelegitimní,15587
organizací,10149
nimž,4435
městském,909
doložit,15588
podržet,13076
připadají,4027
autoevaluace,15589
sledovaných,1797
kusů,2314
zábrany,15590
čistících,15591
chirurgii,15592
vystavování,15593
brigádníky,15594
nejmladšího,1207
atomu,2239
akceptuje,15595
zásobníky,1718
zvítězit,15596
moravskou,3977
globalizaci,15422
oleje,1724
dírku,15597
číslicí,7184
vyšetřením,12851
press,15598
čárových,15599
císařovna,15600
trafí,15601
ubrat,15602
ráda,4559
poděla,15603
zpěváci,9768
žaludkem,971
násilně,15604
agendě,15605
tavení,15606
průkopník,13294
laminátu,15607
požadovaná,668
umožňovalo,10176
tvarovanou,15608
samotným,523
dvojice,15609
sadů,7230
sdílejte,6660
pojedou,1629
předepsanou,5428
ošklivá,3936
stejné,3971
judaismus,15610
misí,14257
svézt,15611
koncertovat,15612
ozubených,15613
zrodu,9229
vstoupil,13020
pohonů,15614
pusťte,4577
year,15615
cyklisté,3392
tankové,4356
vysvětil,15616
vysvětlující,15617
ovocná,3724
zván,15618
řádění,15619
sezonní,15620
inovací,14076
chodím,5880
zachovalou,1599
zvětší,11378
narůstající,15621
obráběcích,6354
halucinace,15622
organizacím,10149
povolena,3668
výzkumem,3867
indie,15623
cukrárny,15624
totéž,5520
obíhají,8428
ledovcové,15625
center,7004
opatrně,15626
studiového,1445
kratší,3284
extrémní,15627
jejich,9203
syny,2422
chutě,11288
pojaté,6378
papežem,10098
probírá,11592
země,9392
sedadel,1482
general,15628
informovalo,9992
uvažujete,11962
rozeznávat,15629
klidové,15630
míře,13374
svazky,4142
zprovozněna,15631
slalomu,9089
následujícího,11433
ojeté,12634
latinský,15632
cílových,262
partií,14531
španělsky,15633
inventarizaci,13117
módního,12928
kanovníků,15634
předsednictví,15635
procentuální,15636
kriticky,15637
řádků,15638
žádal,15639
přesné,1623
navržena,373
improvizované,15640
privátních,4330
fucked,15641
zástěra,15642
únor,15643
okouzlující,15644
svařování,15645
postavili,4501
příspěvková,15646
popová,15647
československým,604
nepřihlíží,15648
provozně,15649
nerozlišuje,15650
narušovat,11704
průběhu,10417
legislativu,14130
moznost,15651
spatřen,9830
zpětným,4311
zvedat,14189
egyptskou,5333
součinnosti,13350
četnická,15652
soumrak,15653
friends,15654
lakované,3114
dříví,15655
půst,15656
vylepšená,5751
klasikou,15657
komerčními,2949
jídelních,2358
vyráží,15658
nahlásil,4502
kupu,11539
prostudování,15659
chutně,15660
vizuálních,6063
řada,13564
investovali,9952
stálé,3855
tržním,6976
původním,5459
nichž,4435
vrcholku,15661
klíčení,15662
sandále,15663
kruhy,4827
vykázat,9781
znatelný,15664
obsahovala,6401
znemožňuje,10906
čekala,5760
ležela,4367
momentální,15665
rovinné,15666
známe,5819
dověděl,15667
předvádět,5900
ordinační,15668
provozovatelé,3365
vznikající,15669
střelivo,15670
majetky,144
obnovené,1378
odpadního,10666
rozhodný,15671
nabízela,6917
potěšit,10632
přihlaste,1982
neznalosti,10941
vyspělosti,15672
origins,15673
praprababičky,15674
sochaři,9358
aminokyseliny,15675
stejní,3971
čára,14325
koledy,15676
železárny,13494
fénem,15677
zužitkovat,15678
rozdávat,15679
nosníku,15680
dokonalost,15526
prstnatec,15681
opatrovníka,15682
dělej,3644
indexem,5323
fregaty,15683
počtu,7464
nevěnuje,9810
předcházejícího,10976
vzorové,2670
monstra,15684
dotčené,7168
neptal,8316
chřipce,3790
cizince,4494
hodnotili,12405
ztratili,4921
překl,15685
zpívat,8518
úderem,3373
jevem,5114
vyčerpaná,4382
onemocněla,4996
micro,15686
rukavic,5257
plynně,15687
zarovnání,15688
milují,6082
atomového,10902
navržení,373
moderoval,14594
konzervativního,10183
sklenky,12820
světová,1645
rozsáhlého,1569
dortu,3340
utajení,15689
juniorské,5363
konstantu,15690
lanovkou,13947
oznámí,13599
usmíval,15691
akné,15692
přesvědčivě,15693
komunitně,15694
románů,3492
jedinečným,2932
leč,15695
sektorové,15696
základové,15697
nástupci,5316
prstenů,3902
nezbytná,5360
úhradě,10910
atraktivní,15318
vysoce,15698
vypracuje,14598
považovalo,11025
rasou,13995
tečkami,15118
libovolných,290
rekordní,15392
zdí,4277
vínem,2253
stavebnic,3196
výslednou,1462
komplikovanou,4777
linek,4178
odpracovaných,15699
koncepci,15700
multiplexu,15701
určit,13232
rámce,6582
zahrnut,15702
tvrzeného,15703
způsobeného,7601
sestrou,6954
rozhledně,15704
hornina,9697
vládního,7002
sekání,15705
projít,8711
zářivou,4576
přispěl,15706
ověřenou,2716
nejlepšími,4916
real,15707
vlasům,3008
nulová,3893
lišejníky,15708
stoje,15709
dřevní,15710
chalupy,2346
žadatelům,3904
bílkoviny,13782
vystupující,15711
doplatil,13203
srdečním,4694
přicházejí,6300
dopravními,9635
hrdlem,15712
zvedání,15713
raketových,980
nová,225
neskutečné,395
chodníky,1255
com,15714
rozvíjejících,8334
říkáš,5545
identifikace,14734
sloni,3615
renesančním,7662
likvidace,11545
nebezpečně,1754
yardů,15715
výroční,15716
otevření,15717
důchodovém,1422
bodu,2032
závažné,4888
komet,15718
pronajatých,1022
látce,5729
vynáší,15719
náhrada,8054
hypotéz,9139
výstroje,15720
natřít,15721
obával,11230
párování,15722
afektivní,15723
nejnavštěvovanějším,6659
elementárních,9628
vnučkou,5809
fary,15724
zasažené,7434
eurozóně,15725
recirkulace,15726
hrubé,1080
snížit,13238
bydlíte,9857
skóroval,15727
suverénní,15728
košíků,15729
postiţením,15730
aktivit,4573
návštěv,5365
průmyslovým,500
troskách,10605
jemnou,4800
diabetiky,15731
odpovídá,9597
vrahů,1474
hledání,15732
světelným,2661
špičkovými,397
uráží,15733
příponou,15734
roztoče,15735
dohlíží,15736
podmíněné,1272
účtována,6408
strategií,12422
tabáku,1610
keramika,11839
nabízeného,1073
verše,7392
limitů,3994
nevyhovují,15737
spojů,15738
perspektivní,15739
pobytu,1889
přistýlka,13022
zejména,15740
hmotná,1505
únosu,2193
vážil,13143
udělali,4567
aktuálnědostupné,15741
klikněte,8500
odměnách,6079
dokončeny,2676
mši,15742
dobírka,15743
přilehlé,5406
koncovek,14493
atomová,10902
odhadované,15744
hypotečního,8267
oprávněno,1662
památkami,9395
mezigenerační,15745
sdělila,11630
dozrává,15746
mých,232
týmovým,2293
tepelně,15747
španělštiny,12728
vybuduje,6162
zázvorem,5466
politickou,3245
latinu,15748
talentové,15749
světel,2962
surovinyje,7790
tribuně,15750
sněmovny,6261
dospět,7398
postavám,10287
táhl,7905
zamilované,8851
přibude,15751
promítáním,10620
státech,545
neroste,4054
vlastnost,10867
německy,15752
agresivního,11072
uděláme,4567
čistší,809
roky,4455
efektivnost,12904
kalich,15753
močových,973
chyběly,8532
uhrazeny,12304
hmoždinky,15754
pastýř,12602
rezonanční,15755
živá,745
odtud,15756
saka,8785
policy,15757
ztuhnout,15758
lední,14437
prodalo,5566
využívali,1963
odpovědnou,5253
webech,15759
náminfo,15760
disciplína,5193
našla,5054
ostatními,6476
dozvědět,10194
zistil,15761
sběratele,9558
úkonech,15762
předsedající,15763
léčebným,5372
provozujeme,3881
prodávajícímu,5331
dýni,15764
univerzitách,1930
supersportech,15765
soubojích,3230
nepatrně,11228
obvodového,7496
popravě,7864
odpadá,15766
libretista,15767
dávalo,10999
neuvidíte,7450
přinese,5735
olomouckých,12659
vstřelit,15768
kategorizace,15769
hodnota,7469
nárůstem,8722
klinickou,3374
rychlobruslení,15770
dodávaného,1286
infra,15771
sluníčka,5224
odložili,3029
čertem,5137
vyrovnat,9112
kapacita,5222
rybízu,2093
obvodová,7496
poplatníků,908
vyčítá,14239
rybu,8068
náušnice,15772
nájezdů,7135
přilákal,15773
nebezpečnými,15774
vraku,4365
smrdí,15775
nenahrazuje,15776
produkci,15777
month,15778
archeologové,15250
draslíku,10115
partnerské,1554
udeřil,10737
university,15779
začínaly,6173
charita,15780
obcházení,15781
propadne,11663
střelbou,15782
dialogovém,15783
pocitům,2017
ofenzívu,15784
kedy,15785
radno,15786
lůžka,5107
potrubím,11999
neznámém,1356
self,15787
znehodnocení,15788
kulometu,2152
paletou,11857
účelovou,15789
peče,15790
spolehlivostí,9415
situací,8093
zasmál,15791
karosérií,13753
komentování,15134
ovocnou,3724
dovolením,15792
schodišti,14296
malířů,3521
výmalba,15793
symbolu,6619
chodbou,1810
mýlil,7947
menstruaci,9549
kráska,15794
ukázek,11208
drogerie,12704
sháněla,8219
sakristie,15795
vzniknout,10494
došly,8239
polskou,3607
rozjímání,15796
letáku,15797
politologii,11579
dluhům,1141
podlouhlé,15798
přijedou,8835
pobírat,15799
provozovatelem,3365
otok,15800
magnas,15801
napadla,848
nominální,15802
báseň,13100
snadnou,6187
dýně,15764
pozdravit,8512
journal,15803
srostlý,15804
fór,6642
tramvajové,2865
majitelem,2255
horku,10914
slunečním,5113
ostřejší,4254
učenci,7054
služebních,1259
materiálové,15805
nejnavštěvovanějších,6659
usmrtil,15806
vyslovení,15807
holkama,15808
reforem,8296
diskutují,7305
just,15809
galeriích,13332
přesunou,7030
konvertoval,15810
hrály,2771
sportovního,5805
důležit,15811
vzděláváním,15812
zamýšlí,14556
událostí,13429
pojistné,4174
maďarského,3197
vyšla,8308
zaručen,4560
nepřekročí,11885
jazycích,527
rukama,3989
website,15813
analogie,14636
vypil,10245
nastavitelnými,2217
bacha,15814
nadměrného,4743
příklepu,15815
citronová,12218
nepůjdu,1758
doufala,14091
pozvala,13576
nízkého,4663
ocenit,12343
ţivotní,15816
dým,15817
příjmením,12479
nevolnost,12158
rozbaleno,5850
vydáte,11437
vedoucí,12716
domluvu,15818
hotelovým,534
zanedbání,15819
třešeň,15820
dozvěděl,10194
jakž,15821
utekla,9788
skleněná,15822
luxusně,15823
rozhodnutá,14925
spásu,15824
nacistického,2497
razantně,15825
podrážděnou,15826
vejci,5602
neutrony,15827
tamější,15828
bodoval,15829
spacáku,989
musely,4512
biopotravin,15830
specifikované,15831
obálkou,4221
školskou,3252
požáry,3503
vyslání,15832
psychického,2070
image,15833
alarmující,15834
zážitkuagroturistika,15835
motocyklová,2059
polopenzi,15836
plynule,15837
způsobené,7601
kdežto,15838
problémech,1196
zajišťoval,15839
revolučním,6513
celých,1564
postižena,730
bývalí,2712
paleta,11857
věřitelem,5519
frontou,6446
módů,15840
přesným,1623
považoval,11025
nezapomíná,7740
stádiu,14103
válkou,7271
pravidelným,1425
poli,10366
kostní,15841
havaroval,15842
vysušení,13041
výkupu,9607
taxislužby,15843
závěsná,1200
irskou,4671
právnímu,10717
břišní,15844
názvy,7747
drsným,6364
dřeva,3301
won,15845
demonstruje,11335
jednokřídlé,15846
vajec,5602
ambicemi,13602
křižovatka,10629
zapsaného,6906
soustředil,5198
dražební,15847
originálně,15848
cenovou,3877
mocní,2639
řidičům,712
přesvědčena,4735
kliniky,10665
starších,146
vyrazíte,15849
havarijního,15850
háčkem,3200
vysíláno,15851
podvozku,15852
abs,15853
hlavách,3754
prováděli,8797
nehodě,7559
trvalejší,4579
přínosy,6768
výborném,3444
závěsu,3964
archivnictví,15854
prostitutky,15855
automatických,202
ovocné,3724
skla,3261
počínání,15856
kapela,7997
promiňte,15857
zahraničím,7419
vztahem,3393
objektivů,1854
synonymem,6558
magistrála,15858
válcové,15859
ozbrojeným,4203
dvojitou,1926
astmatu,15860
ženským,1130
kompletace,15861
obsadit,12441
vstupovat,15862
podnikatelském,367
plodu,5315
událost,13429
tvrdými,2190
nepřátel,304
populárně,15863
skryto,15864
využitelná,1588
plánovanému,1004
stage,15865
nohou,8226
vidění,15866
požadovaném,668
dovědět,15667
prezentačních,15867
pohyblivá,1253
zkušených,2290
osobných,15868
použitém,15869
věří,4378
nejsme,3143
neúnavně,15870
zbylo,7900
nektar,15871
jasnější,6732
stáncích,1543
skvrny,15520
kvalitnímu,2200
rozkladem,9729
záležitostmi,11221
dobrému,2760
poukázal,15872
početní,15873
datu,296
scedíme,15874
vodovodního,8951
souběh,15875
inženýrských,7672
ložnicemi,1361
dopadajícího,10133
majitelka,15876
angličtí,3357
krátery,15877
strčí,9366
volali,7877
zásobníku,1718
spravovala,1663
úspora,4373
šéfka,15878
vysokotlaké,15879
vetiver,15880
přínosné,8804
občanským,3150
naruší,11704
stacionáře,15881
bourací,15882
ratio,15883
usměje,15884
zrušit,12597
sundat,15442
zhoršil,15885
zmizí,8000
vlhkosti,13475
propustit,15886
vyžadovala,2926
zkracuje,15887
střev,2534
odznaky,2556
mikrofiltrem,4247
navrženy,373
vajíčkem,1966
pedagogickým,3403
průchodem,3387
nevýhodné,3784
obnově,6606
souhrnně,15888
logice,3734
posedmé,15889
zaslána,8211
slušná,837
pěstované,15890
hvězdné,1939
románské,6360
přenesla,4853
překonání,15891
koridory,15892
cibulka,13439
obnáší,15893
označovalo,11225
opakuji,13408
nadbytek,15894
ubytované,15895
přivedeme,11329
dělil,10160
prefektura,15896
prestiž,12951
položka,3849
svolává,15897
čistého,809
prodejním,6345
lezu,15898
pružnější,4208
uvedly,9199
nedostaly,4679
vybírala,6565
puška,8197
měkkého,2418
tvé,726
doručeno,2387
čtrnáctý,15899
škálovatelné,14617
rezidenční,15900
motivující,12092
tématarekonstrukce,15901
venkovním,4306
postaviček,9564
certifikovaných,15902
řešili,7327
vat,15903
judo,15904
realizováno,7698
odebrali,5857
publikovala,9344
upravených,1434
móda,881
vědecky,15905
tlustou,563
bláznivé,1723
posílit,15906
provedením,13158
neuškodí,15907
férové,15908
soutěží,7409
hlásá,15909
lekci,13221
odjela,10956
suverenity,15910
soukromém,265
krémem,15911
vytvořili,5854
přeložení,15912
listiny,15913
vynaložení,15914
pověřená,7111
komentáře,5517
ekonomickými,752
kolonistů,15915
manévry,5770
zadařilo,15916
užitečnosti,14787
doletem,6699
přítomných,2145
kozí,15917
deštivé,15918
obchoduje,11310
kráteru,4508
vyjádřený,15919
advokátů,4841
odolal,14449
muffiny,15920
okolního,10882
schůzí,12670
symbolickou,5456
ohlásil,4633
položce,3849
trošku,15921
běloši,15922
přesvědčila,8826
soudím,10777
pohnutky,15923
objektům,1116
urologické,15924
urychluje,15925
vnitřních,6759
zbytky,7441
vyobrazen,15926
pozitiv,15927
vestavná,15928
přikládat,15929
arcivévoda,15930
značně,15931
pravdě,9753
trénované,15932
překrásnou,7524
sněží,15933
udělala,4567
kulma,15934
zámků,316
italština,14848
opuštěného,713
klíčoví,1658
navštěvovali,8485
outsourcingu,15935
důkladné,14519
akreditovaného,15936
investicemi,5444
právu,4651
want,15937
zasáhl,11578
opakovanému,2436
nekonečno,15938
střídat,15939
připsání,15940
trendů,6353
srp,15941
československými,604
předsevzetí,15942
kvalitních,2200
mikroregionu,15943
ochranných,1391
přidán,15944
vojnu,12452
konaný,15945
pozdní,15946
mnichů,4568
nebývalý,2712
natěračské,15947
netopýry,4336
ucelené,6015
organické,2446
zůstávaly,9291
možnostech,7802
dostávají,9262
vtisknout,15948
měnila,7778
členěné,15949
nepřátelskými,12718
dnešku,4724
doteky,4499
dvoulůžkovém,3483
peněžním,4847
pečivem,3917
pásové,1989
kazet,4898
onak,15950
partou,9188
provozují,3881
noži,474
nepřesna,15951
nečekala,15952
created,15953
arbitráže,15954
diktovat,15955
podřízen,1311
vrásky,15956
dušení,15957
levicová,2806
kanadská,2747
běžných,157
prověříme,10931
vesmírných,235
pevnými,344
komplexy,5709
stejnojmenné,1920
obecným,6202
následovníky,5757
dvaceti,9084
povolán,15958
rozšířeným,4124
ministryni,15386
obchodním,2572
útočištěm,15242
světoznámého,8095
budováním,12631
prezidentovi,1867
years,15959
másle,2499
polepšil,15960
ořechové,15961
přilehlá,5406
uplatněn,12210
poutníky,5689
definujeme,10753
touhou,11268
skákat,8841
doprovázel,15962
spekuluje,15963
doběhl,15964
homosexualitu,15965
barev,8674
definici,15966
neprobíhá,13530
statku,3288
vynaložených,6470
čtu,3336
potápět,15967
kuchaři,3945
satelitních,1959
practice,15968
dražbě,12770
jehličí,15969
stopku,15970
dotčen,15971
čtvrtou,4406
oborům,1984
stanovené,3113
repase,15972
uvedeno,2209
socialistická,708
slovesa,15973
podlahou,3068
ohrožením,10014
vážném,2671
mùžete,15974
přejdou,8662
opodál,15975
zemích,9392
jdoucí,15976
kompromisní,5686
soukromých,265
neuvěřitelné,15977
zvítězí,15596
nepokoje,15978
nejdál,9994
neznáma,15979
trefili,8109
syrovátka,6742
zastrašování,15980
rizikových,1492
facka,11290
nezasahuje,14903
zasahuje,14903
doslov,15981
čekejte,5760
střechy,5928
fotek,2975
zajímal,8683
tloušťce,7795
napomenutí,15982
zavřeno,1105
opustily,7207
korespondenční,15983
latexové,15984
hřejivý,15985
schématu,5925
doufal,14091
účasti,15986
písemně,15987
trojice,15988
antiky,15989
jednotné,2061
vál,15990
hloubka,15991
prodyšného,7437
filosofové,15992
nájezdy,7135
syrskou,4030
akademických,882
pytle,1039
lišky,11337
charity,15780
plastů,3514
čtvrteční,15993
rubriky,15994
hnusné,3192
grandmother,15995
opoziční,15996
potýkal,15997
památce,9395
výrobně,15998
hydratuje,15999
ověřeno,7611
kráse,8483
udání,16000
kasační,16001
úředníkem,1418
občanům,805
nažky,16002
terénního,10100
pedagogickými,3403
doručování,16003
distribuci,9461
spalovacího,7856
patnácté,12752
přepravy,10152
mísa,8044
arcibiskupa,16004
pojďte,1758
misky,7525
předpovídat,16005
chodci,4904
vyvinutou,983
bití,16006
květinářství,16007
dálničního,3152
dřeň,16008
ilustrované,16009
přicházely,6300
poddaných,16010
kanoista,16011
obecnými,6202
jazykového,1584
zemřelé,6960
proběhne,10259
továrník,16012
znevýhodněné,16013
bot,3057
včelstev,10846
zpracoval,4748
avšak,16014
americkým,454
účastnit,12944
dotčeného,7168
nostalgie,16015
prvních,2136
hranou,16016
přesvědčená,4735
foukání,13684
halogen,16017
parametrech,4595
diplomu,16018
audity,16019
delegátů,3212
bohatým,4232
profese,8948
tlačil,12698
bezproblémová,2137
diamantu,16020
hybridy,16021
vyskytující,16022
gestapa,5817
poznávat,13908
stylistické,16023
změnili,6473
konzistentní,16024
špetku,15585
značky,10010
pinů,16025
taburety,12995
surovina,7790
řešila,7327
sólista,16026
chápu,5169
povodněmi,11967
leckdy,16027
jízdárna,16028
jiná,1047
nelituji,16029
historka,14645
fotografoval,7937
největšího,1403
logickým,1803
nominační,16030
jezdily,9147
krytů,1458
umístěná,2633
poločas,12798
schizofrenie,16031
poradkyně,16032
známé,1356
rozvaha,13734
převedeny,8753
týdnů,1375
probíhající,16033
nerezová,1449
pojezdu,16034
nemuzu,16035
rekordů,2280
štíhlou,3423
vyžádal,12539
čele,12336
vyd,16036
večeří,6702
doporučujeme,14816
postupům,1733
nezřídka,10206
agresivním,11072
polopenze,15836
družstev,5824
minula,12962
uhrazení,16037
přechází,16038
zádveří,16039
nepromokavé,16040
pronikat,16041
osvědčené,3748
ptačí,16042
vysvětlit,10579
sedmé,9505
vedro,16043
informují,9992
karoserii,16044
vozům,108
pokrmu,1705
rozšířen,4124
posloupností,13395
směl,6288
ustavil,16045
radikální,16046
produkuje,9103
špenátu,2982
závodění,16047
světelnými,2661
ohněm,4094
pokryty,4788
modifikaci,16048
prastaré,16049
vodítku,8909
záhadného,2968
obyvatelé,11916
řádí,16050
vyměňují,8725
snaží,10317
apod,16051
reprezentací,6646
antioxidanty,10723
úspěšností,13977
vtipně,16052
náplň,16053
výbuchem,4950
stálým,3855
píseň,11862
obnovením,10683
partiích,14531
fotbalisty,3512
existenciální,16054
nezaměstnanost,16055
rozvinutí,16056
presbytáři,5025
povodí,16057
vložen,11896
voní,16058
cel,5292
rozměrem,7439
zapalování,16059
podezřelých,1991
nenachází,7416
hrůzou,16060
vyvíjela,3426
samozrejme,16061
ponorkou,1843
mluvil,9575
diabetické,16062
flóra,16063
prostorového,701
letem,16064
garsoniéra,16065
neutralitu,16066
moři,10154
neskutečně,16067
přiložit,7898
báječnou,2428
labyrintu,4473
specializaci,16068
zápočtu,14133
flex,16069
belgickou,16070
zdrobnělina,16071
podrží,10153
dožívá,16072
dilema,16073
kritiků,13632
štípané,16074
konané,15945
material,16075
historikem,7956
komentářem,5517
nezávislí,986
manažerských,5362
lovecké,2870
navijáky,1388
třídních,1167
nenávist,16076
usadila,9759
olomouckého,12659
poněkud,16077
lahůdky,16078
převzata,10180
příjmeními,12479
neděli,16079
milenkou,1281
kojení,7688
vikáře,16080
stocking,16081
kalhotách,3561
frekvenčním,5941
zemina,16082
odmrazování,16083
produktového,2303
pěna,15550
katalozích,16084
neopustil,16085
třešní,9794
mauzoleum,16086
scéně,3862
čtvereční,12984
přesunu,7540
odsouzena,1738
zničených,734
výzbrojí,16087
následujícími,11433
pohladit,16088
poznáte,2858
správnost,9599
finského,6847
přecházet,16038
domovského,4274
povídání,16089
literárních,5269
příjemnou,4747
vypsané,16090
snoubence,16091
nano,16092
finálového,4799
površích,1166
realizaci,16093
likvidační,16094
žárovek,3654
přeložit,9812
kibucu,16095
rozpor,16096
destička,16097
předvídat,16098
nejvyspělejších,380
nepoužitá,16099
bolševici,12936
školském,3252
huby,2824
stejném,3971
pokořit,16100
předpolí,16101
trendům,16102
žíly,14466
předává,11078
ekonomických,752
podřídila,8916
nenutí,12330
rozpad,16103
strávili,4630
nevešlo,16104
dani,6069
rozdělením,10908
projíždí,12263
nejmenším,251
fondue,16105
ortopedie,16106
obnoveny,1378
záleží,7604
ilustrační,16107
konzultací,16108
kvalitě,12023
semínky,9120
příslušná,866
levelu,16109
určeny,1470
odst,5774
zabilo,5756
nečistot,13222
žijete,8677
zajet,16110
humanistické,16111
součástí,8713
předkem,3020
hotelech,1184
rodiště,16112
úhrada,10910
radiobudíky,16113
mořská,2254
jednotliv,16114
kukla,16115
kresba,8170
přáli,9519
měřítko,13091
výdělečné,16116
keby,16117
předvolba,3499
přiznal,11171
veci,16118
ruských,899
poziční,16119
kouzla,7579
kompenzaci,16120
estetika,15565
nánosy,16121
místnímu,6968
způsobuje,16122
zeleninová,2317
šála,12902
zajištěnou,1671
opakováním,13050
rovnováha,7852
klidného,2961
výstav,12312
bříškem,14347
naslouchat,7296
potvrďte,13372
míry,13374
tratí,10074
doly,6632
časopisecky,16123
amerických,454
genomu,3771
enginu,16124
jednobarevné,16125
znatelně,16126
poručíka,16127
zaznamenalo,4509
opravňuje,16128
lehkostí,16129
nelíbilo,8784
připomínku,12749
bouře,15157
nepřesně,6652
řazení,16130
výpovědi,14969
kultury,10857
svěřil,7692
motorech,181
doprovodné,7925
listové,16131
stanovišť,6995
taktika,6412
neprošel,8711
rozmyslel,16132
hovořit,16133
seženete,16134
okamžitým,1719
starému,146
lepidlem,13307
pády,7952
nadstavba,16135
farmaceutické,2132
nedrží,13076
dárcovství,16136
horami,4963
nervozita,16137
průchody,3387
připraveno,433
vydávám,16138
četa,16139
zažívacího,16140
stabilizátory,16141
pomohly,5647
poručík,16127
prevence,10142
vzdušným,2631
zasklení,16142
studiem,5268
podkladové,16143
popularity,13592
vedené,3773
pohyblivých,1253
záložek,16144
lehkou,1091
slovenského,2233
nadšení,8198
svahy,3406
promluvil,9827
ideové,16145
spisovatelkou,13640
americkém,454
dimenzi,16146
vydány,2526
dělnickou,16147
přijatelnější,4308
dělení,16148
dekorační,16149
neúspěchy,7678
nedělejte,3644
určuje,16150
duben,16151
středovou,16152
přesunut,7030
uznáván,16153
krýt,16154
pastu,16155
vypije,10245
kilo,16156
zvířátky,16157
mudrců,16158
upíři,16159
bambusu,16160
dopadnou,10220
zhorší,15885
stavebniny,16161
doprostřed,16162
detailně,16163
nástavcem,16164
podrobně,16165
souzen,10777
rádoby,16166
krásnou,6129
potížích,5581
příjemci,10698
háj,9959
předsednictva,12429
neziskovým,884
dodáno,4575
podaří,8791
přibližuje,16167
vyčerpáním,14599
pobřeží,16168
náramku,1513
velká,1403
vzdělávacím,2660
skály,8985
násobek,14773
zesiluje,16169
pruhovaná,2013
posláním,16170
recepcí,3788
námětů,1850
uměleckoprůmyslové,16171
prvotřídního,5654
čelně,16172
vitaminu,16173
překvapí,9310
maturoval,16174
lidové,2819
představovala,7844
nechápala,5169
dílčí,16175
poznamenává,16176
chodili,5880
under,16177
převyšující,16178
stovkám,3536
pomníky,3207
emitentů,14694
kytaristy,10049
mezd,5868
trakce,16179
povinnostmi,13368
bavlněnou,5027
subjektům,1150
témata,11035
celého,1564
pohlavním,7751
komediální,16180
zvolená,2769
syntaxe,16181
hlášení,16182
pohoda,5930
family,16183
prostaty,16184
implementační,16185
smějí,6288
přijďte,2877
filozofů,7781
arménského,7705
liberálové,16186
nejprestižnější,14991
trubici,16187
skvělým,3601
otočení,16188
přehlédl,16189
rodového,5175
popu,7619
hospodářského,1601
zárubně,16190
tečou,16191
hroznou,5383
nabídnuty,5081
grandslamové,16192
nabyté,16193
rozlišujeme,11440
listování,16194
legislativou,14130
úvahami,6051
nováčkům,16195
rezonance,16196
nedodržuje,15255
nasazeným,8637
branami,2892
drtivou,11040
prolomení,7577
slovanské,3807
letoviska,9745
vadí,11587
vychytal,16197
výběžku,16198
vhodnými,1744
pomníku,3207
iniciátor,16199
rozměrů,7439
žádá,15639
zvolili,8153
dědičné,6741
vysoké,3619
váze,4599
znaku,4016
emiráty,16200
přípravné,3425
poplatku,1033
žezlo,16201
licenčních,4193
synové,2422
atletiky,5705
originále,3935
principech,3464
ubytovat,14875
spojeným,2851
zvláště,16202
adaptace,12687
primárního,3277
kronikář,16203
příšery,16204
vyspělost,15672
výkopu,9646
vypočte,16205
odsouzení,1738
opožděně,16206
uvedeme,9199
pana,10603
plakala,9016
projektů,41
brali,5455
přezdívka,8587
účinnou,3316
admirál,16207
tutéž,5520
holocaustu,8359
porušil,13529
misto,16208
aukcí,6365
nepřijatelné,4308
jeskyní,16209
využitelnosti,16210
snahu,16211
testosteronu,16212
ozvu,10200
procesním,9552
členům,4246
pojistiteli,9807
zvířátek,1709
portrétní,1327
prognóz,16213
proroka,16214
usazenin,13942
přelom,16215
klady,9836
majoritní,16216
obracet,16217
struna,16218
oboru,1984
povídala,9487
vyznamenání,16219
sousloví,16220
sněhem,4303
vlastivědy,16221
venkovského,1329
provozováním,12912
visí,9175
diagonální,16222
percentil,16223
zásob,8368
čoček,4650
seznamka,16224
sušenek,3208
momentálně,16225
vnitrobloku,16226
potahované,16227
skrytého,3007
gotická,3712
obytných,521
bojovat,16228
klasickými,353
sklady,1885
mikin,2350
upevňování,16229
síce,16230
podivnou,3728
rozhodlo,7319
zdaňovacího,16231
progresivní,16232
transportu,9462
osudem,8099
nejblíž,10958
autorizovaných,878
lehká,1091
setkávali,16233
odvrátil,16234
přípojek,16235
identifikují,5666
slabiky,16236
univerzálním,4115
nastupovat,14360
job,16237
vyžití,16238
pobytylevné,16239
cyklu,2528
monster,16240
silnějšího,1864
přáníčka,16241
rozloučenou,16242
psychologického,2873
misionář,16243
maďarskou,3197
nova,4072
sklopné,16244
vyvážet,16245
demografického,5897
meteorologických,3165
výhodnou,3784
navrátil,14565
rozjeli,16246
direkt,16247
stihli,6532
jakost,15344
celoplošné,16248
léger,16249
nedivím,16250
připravených,433
sestával,16251
volnost,15556
sebevraždě,12482
islámská,3141
upozornil,9023
vyrazíme,16252
sportovcům,1902
připojištění,16253
nejmodernějším,1764
bezvědomí,16254
zaměřeném,2103
pokryto,16255
natočili,9055
přiřazení,6153
citrónu,1780
zdržel,14518
stoletou,16256
chirurgie,15592
sudí,16257
oblaku,11768
zvěř,16258
fototapety,16259
absolventů,4442
sedaček,1837
ramena,6272
zřetelem,6593
filmaře,8321
vycestovat,16260
hlavičky,14090
odpovědné,5253
začínala,6173
nabytých,16193
těžištěm,15076
usměvavá,16261
filosofů,16262
maminek,2203
žebříku,1070
průzkumná,2141
antibiotiky,10780
nedostatku,6907
kdepak,16263
soulad,16264
podpůrné,4355
iluze,13894
nepřidá,16265
pivní,16266
křídle,6317
domněnky,11499
kamenolomu,16267
udušení,16268
dřeně,16008
mrknu,16269
trpaslíci,1031
mohutným,2081
hlubší,8631
mířící,16270
loučím,16271
sameček,16272
uvolněná,4480
symbolicky,16273
kandidatuře,16274
vzorku,1309
spínacích,16275
sionismu,16276
šestka,16277
archeologické,8742
periodikum,16278
přehlídku,16279
přizná,11171
oddělí,12605
principů,3464
kursu,931
fotkami,2975
stě,13027
natáčet,14698
zásobní,16280
přitahuje,16281
předběhne,9913
uší,3968
světadílů,16282
uvěznění,16283
poradenského,4450
zabrání,10171
zručnost,13240
ovladatelnosti,16284
následujícím,11433
určující,16285
úsekem,3923
míchat,16286
šíření,16287
výsledcích,4816
důležitá,2842
vrstev,6518
modlil,10718
států,545
putuje,11717
úzkostí,13477
všem,830
fakultách,8427
dvoře,1420
kyčelního,16288
modelky,13929
frustraci,16289
objednávala,12789
hladší,3352
vedeným,16290
signalizaci,16291
extraliga,10012
for,16292
nasazená,8637
padlým,16293
servírky,10209
balkonu,16294
definované,3991
věcnou,7922
památka,9395
cizojazyčné,1927
naprava,16295
centimetrů,7017
nejznámějšími,1356
přivedl,11329
gólem,2656
měně,2561
průběhem,16296
sdružující,16297
zapadl,16298
poslancem,8429
bezúplatně,16299
předají,9751
fotografiím,4961
incidentu,5018
ožije,16300
povahou,12427
jakého,2979
podstatného,10370
oceánů,1735
prozatím,16301
doporučuji,14816
cdots,16302
karamel,16303
vchází,16304
prosbu,15324
zkrátí,14290
hranicemi,16305
pozorovala,13288
fresh,16306
drahých,185
varhaníka,15160
nespočet,16307
dávné,3643
ziskovosti,12636
trávníku,1027
volitelná,3538
říčního,5675
létajících,16308
výklopná,16309
dorostu,14369
špína,16310
zkušebním,4849
trubice,16187
chladnou,16311
otěhotnět,16312
exekucí,16313
poznají,2858
samoty,8466
požádáni,9114
oddělení,16314
anální,16315
lež,16316
uherského,3372
protektora,16317
objednávce,8195
cedulky,16318
mzdou,5868
urovnat,16319
torpéda,9205
sloupky,4979
epopej,16320
docela,16321
nečeká,5760
přestupku,5721
početné,11586
vymýšlel,11977
vedeno,3773
zveřejněných,1835
operní,16322
invazní,16323
prvkům,1597
kostkovaná,16324
varovné,3009
impulsem,1721
srazil,13200
teba,16325
mužské,1158
úterý,16326
žácích,271
zděnou,16327
korejského,3457
obsahují,6401
šly,1758
zahrnujícím,14731
návnady,16328
amatérských,2241
pěstovaných,16329
účastníkům,1794
pořadí,16330
kukuřici,16331
ostrým,4254
kondenzátoru,2723
hladké,3352
odbornému,1606
apartmá,16332
víkendové,3575
připravila,4009
rozděleny,2844
písemná,2437
nedej,16333
duchů,2811
ide,16334
kulturně,16335
zemřeli,8672
obědů,375
teorie,14546
dotazníkové,16336
vystavují,10523
nástupnickou,15102
vyplnění,16337
bavlněná,5027
pls,16338
finále,16339
ovládacích,16340
zahlédl,16341
koncertem,3618
rytířů,3744
rýže,16342
školských,3252
tyčku,16343
indikaci,16344
létě,10351
pšenice,16345
ceduli,16346
celoroční,16347
vyrobilo,3858
vydržely,4870
pracovnice,14870
tentokráte,5206
pohlavnímu,7751
zakoupených,308
poúnorový,16348
ústředním,4170
přívěskem,2457
poezií,7838
zbourán,15015
zaměřenou,2103
luxusu,16349
personálních,12054
samostatnými,853
začneš,5079
nahlédnutí,16350
svázané,16351
horská,3588
proměnou,16352
narození,16353
protržení,16354
zděné,16355
oblibou,14210
nepovažuji,11025
delegáti,3212
podmínce,6321
exportu,4549
dásně,16356
zločinem,5659
podmíněného,1272
lidských,652
uspokojení,16357
plukovníka,8304
vtipů,2481
nelíbí,8784
mocenské,16358
čítal,16359
generacím,6427
cukrovaru,4472
znásilnil,16360
dopisem,1321
újmu,16361
figuru,16362
podstatným,10370
republikové,16363
budem,16364
nedosáhl,9047
věznicích,13672
psychických,2070
chatové,16365
pokusech,2607
zřizuje,16366
nacisty,16367
číslům,10566
zapojování,16368
praktická,869
uvidím,7450
trpělivost,14286
aspirace,16369
zahájí,14798
obtíž,11053
jesle,16370
objednám,6610
aktualizovaného,555
hovořící,16371
anime,16372
vnitřního,6759
projevovat,16373
čajovou,1379
žárlí,16374
daňová,835
vydal,11437
úhlové,13910
nejstaršího,146
hadice,10601
slovních,9010
konzumace,11998
apoštol,16375
vyhľadané,16376
pulovry,16377
relaci,16378
generály,7814
posílala,8910
dell,16379
vrstvami,6518
bek,16380
sloveso,15973
získají,7265
porozumění,16381
bílkovin,13782
plánovala,8199
seznámíme,11077
odpočívají,3730
tržního,6976
výšivky,16382
panenské,8398
zničily,2117
botanika,16383
forall,16384
použijí,4453
obrátí,12408
rysem,7915
juniorů,10610
obloze,10885
sloganem,6524
zemědělci,5810
lístků,457
kupci,3701
kupujícím,2361
nezajistí,16385
městskému,909
talířky,16386
africké,4327
slávě,10782
odradit,16387
směřoval,16388
časů,339
šumivé,16389
zaměřila,9698
molekula,16390
celá,1564
rybníku,4039
zapojena,513
povídám,9487
podrobnými,6700
parků,1323
alias,16391
desinfekční,16392
portálů,16393
there,16394
věčnosti,8039
should,16395
americkému,454
rodným,2492
trubkami,11475
trocha,11441
finsky,16396
nástavbové,11591
odebrala,5857
dopravci,4531
finální,16397
probereme,9561
stanovisku,16398
farníci,16399
výrobký,16400
dodatečné,1146
jevu,5114
hrozně,11769
vykázala,9781
horečku,15524
zahrad,1319
skromně,16401
navrhl,8862
zaostává,16402
důleţité,16403
odstraňuje,16404
postřikovače,16405
prodavači,1574
kněžištěm,16406
upraveného,1434
lepit,16407
úroková,8075
hodnocen,5031
papoušky,2719
sociálním,5823
emigrovat,16408
liberecký,16409
čirý,15558
mletá,2781
zareagovala,7435
vod,5296
hrazen,11097
prodaných,6286
můstkem,2250
seznámila,11077
dob,9596
odstraněním,14013
frézy,16410
bezkonkurenční,16411
přístupnost,3396
chobotnice,16412
znázorněn,16413
sebevražedného,6254
vyhlídkovou,16414
nastane,10772
výsledné,1462
páčky,13820
vášnivým,9684
dopadnout,10220
těžkého,2110
zahájeno,11749
povědomí,16415
víry,12990
podvozkem,16416
originálem,3935
nemela,16417
oválného,16418
komplikované,4777
výletu,1256
iracionální,16419
postupovali,6132
svorek,6095
mele,16420
movie,16421
lásky,8924
pozorovatelů,8247
přihlášek,7718
muzeem,9193
stanete,545
svátků,9831
zašli,2749
nuceného,12178
ventilu,3199
pomocného,3859
zesílí,11755
nekonečným,16422
novému,225
nadvládu,16423
shodují,11248
getting,16424
přiznávám,16425
textilu,4558
vzhledu,3631
soutokem,16426
schengenského,16427
levicového,2806
odběrných,16428
společenským,2304
zvlášt,16429
všimli,6461
kabelek,1821
mnohostranné,16430
animací,16431
považovaná,16432
papeže,10098
formátech,16433
zbraní,4015
skvrna,15520
maje,1970
repaktual,16434
předložen,4988
střediska,5978
lesy,5523
popsaným,3443
jineho,16435
portrétu,1327
varlata,16436
existenční,16437
proběhlýchvyber,16438
rezidence,14968
topic,16439
setkat,15219
lidském,652
sobotní,16440
hranolovou,16441
stereotypní,16442
dutina,13212
prodejna,5205
mávnutím,16443
podporovaly,10634
srovnal,12111
stupně,5471
způsobovat,16122
členských,1331
patologické,16444
strávil,4630
plochým,1066
provenience,16445
očekávali,10276
pomohli,5647
šlach,14954
folii,16446
statických,1636
citlivě,16447
objevitel,16448
individual,16449
teroristické,4187
veřejným,481
baráž,16450
zakysané,16451
právem,4651
akutního,14571
textařka,16452
umožňujících,8686
geografická,2140
postaráme,9509
výsadkové,16453
prezidentských,1660
zaváhání,16454
časech,339
obrovským,1579
francouzskou,5973
charitativní,16455
terorismem,16456
mala,16457
výdělečnou,16116
odvod,16458
objektivním,5794
přidělena,4973
nahrávkách,1924
hrazení,11097
skutečností,7738
řazením,16459
předběžného,5223
protáhlý,16460
nulovým,3893
problematiku,16461
soustředěné,16462
spalovat,11084
ploutev,16463
kritizován,16464
lůžky,5107
uskutečňuje,13745
jmény,6376
vyjíždí,16465
aspektu,5242
doufám,14091
nejkratší,3284
size,16466
nespokojenost,14607
dočasnou,3148
letců,8894
výjezdy,6256
zbraním,4015
finančními,6584
směnky,16467
dopravné,16468
léčebna,6186
perlou,16469
zavěšeny,11075
prodleva,16470
hůl,16471
lásko,8924
cyrilicí,8630
zdokonalování,16472
kruhovou,3857
snadnějšího,6187
splácení,16473
předstihu,8213
komiksů,492
natáčení,16474
francouzsky,16475
intenzivního,16476
karikatury,16477
dřevěným,464
elektronu,2005
sit,16478
kouzelného,4621
biskup,16479
představují,7844
počkáme,4265
dno,15376
mravenců,9192
průhledným,3878
zápalu,6928
okolnostem,15224
vzorci,4416
vydávali,6242
příznivě,13308
dutiny,13212
morem,16480
bird,16481
scéna,3862
mokřadní,16482
sedimenty,16483
sdružení,16484
tuberkulózou,14705
svědci,6992
nedávala,10999
kurtu,2885
hlubinách,10797
promítal,10889
neřeknou,16485
přesvědčte,8826
freestyle,16486
spisovateli,2884
vodn,16487
mapa,6103
spokojená,1591
zajmout,8683
ohlášení,16488
akvizici,16489
nemilost,16490
oprávněna,1662
rebelové,16491
pravoslavného,6255
členy,4246
citovat,9339
izolačním,16492
zvýšil,14555
tréninkem,607
příslušnosti,16493
sochaře,9358
moučka,16494
citátů,16495
krupice,16496
zad,7249
nepřístupná,5015
nejlevnějším,231
testovacích,16497
praváky,16498
našich,232
všestranně,16499
přetransformováním,16500
daňovým,835
otěhotnění,16501
vracela,15149
rybníka,4039
twitteru,16502
nepříjemným,4747
stručně,16503
poškozeném,360
financován,6075
kroužkem,2004
sběrači,16504
univerzit,1930
úvazky,16505
zaslala,16506
ředitelka,11699
diktatura,16507
tvrdili,8709
jezdci,1433
těsnící,16508
projížďky,12448
omezeným,1685
správního,11472
přidanou,4659
výchovná,4791
průvod,16509
rekreačním,13903
pauze,10232
nanášet,15078
scénou,3862
ňadra,16510
rozvodu,2001
výstřihem,16511
sudé,16512
monarchii,16513
přicházela,6300
pustila,4577
neočekávané,4273
tyčinka,16514
nukleových,16515
přinucen,6794
extrémním,15627
výbornou,3444
rodinným,698
projevil,14611
položili,6477
šestice,16516
žákyň,16517
bohoslužby,11015
cykloturistiky,8494
zástupci,3691
získej,7265
vyberete,4695
jeskyně,16209
jezdců,1433
ceny,8702
řekla,8320
vázáno,4862
nasvědčuje,13231
znají,5819
písmenu,4919
utrpí,16518
formuloval,12309
expozice,16519
účtujeme,6408
objevte,8558
stáli,545
vztahům,3393
zahraničních,5590
výměníkem,2540
běloruské,2663
důrazně,16520
rozpouštědlo,16521
psali,3371
poptávku,16522
sošky,16523
ulovit,16524
císařskou,7282
plechové,318
vepřovým,16525
křížkem,6145
výstava,12312
výherních,4751
stěn,3153
dřezu,16526
jabloní,10459
prasete,3073
samolepkami,7782
instruktorů,16527
nekde,16528
šestnáctého,16529
zasažení,7434
vypravěče,7015
nezbytného,1139
vas,16530
motivem,6181
ruskými,899
jit,1758
přistoupil,10979
zrekonstruovaného,16531
plnil,14387
akademickém,882
naplňuje,16532
nástrahy,10066
příspěvkům,2954
zapadne,16298
podnikatelská,367
hypotetické,16533
důkladná,14519
them,16534
elastan,16535
balená,16536
uložili,3542
doporučeno,4282
horách,4963
emirátů,16537
opětovné,16538
přiznám,11171
obecné,6202
obhajobu,13966
insolvenčního,16539
bajonet,13806
potravinám,2201
nabídku,10615
úchytka,16540
polibky,4396
teroristickým,4187
nimiž,4435
podnětné,16541
ušité,16542
podněcuje,16543
liturgické,16544
rumunské,5369
pozdravil,8512
neţ,16545
hraně,11132
vyznamenáním,16219
cívky,9429
náladě,4349
chudobou,11039
kat,16546
předloh,5463
nechyběly,16547
hrozbě,1949
olympijskou,4157
blízkosti,16548
zisky,4130
mastnou,3479
pokožky,6522
zavedení,16549
bubliny,13897
radnice,16550
vysílacích,2547
pokožce,6522
opětovnému,16538
doprovodem,3400
graffiti,16551
schodištěm,14296
držadlo,13855
zaøízení,16552
úplnost,16553
investičními,9220
dominikánů,16554
gumu,16555
znalců,4161
úroky,7222
sqrt,16556
vyráběného,2921
prospěšné,4032
optických,1230
močení,16557
vypustil,14134
ponorek,1843
komunitě,8242
rozsáhlým,1569
odnesou,7342
šoubyznysu,16558
přechodně,16559
ochraně,6849
slepě,16560
byrokrata,5500
hrála,2771
navštívilo,6763
kladl,15111
všeobecnou,2568
objednatel,16561
chrpa,16562
odměněn,16563
soutěžního,4141
formuli,14561
pohledů,3409
chybělo,8532
rodinné,698
dírky,16564
reakcemi,13955
rezervy,11105
statistických,1961
pozdějšímu,8889
záchvaty,1539
dekorace,16565
zodpovídat,16566
živočichů,6247
tlaky,4449
kapacitních,6571
označí,10475
zjevné,7276
záblesku,4089
organizátora,5619
hlouposti,9665
kojila,7688
spoluhráčem,2162
vestavěných,191
hľadám,16567
osobě,5862
liberálně,16568
vlivu,6855
vyhrálo,4705
provozována,3881
svými,325
elektronů,2005
teritorium,16569
izraelské,5763
rozhodli,7319
ploténky,16570
dokumentech,943
výpravou,14388
zahrnovaly,9792
kosmopolitní,16571
socialisté,16572
ozubené,16573
insolvenčním,16574
ručit,11903
pozůstatky,14048
akci,12978
odstavci,5774
orientují,9805
malina,10488
sektu,16575
vyslovil,9871
zvýšený,14481
pojmech,1823
koncovky,14493
setkal,15219
slíbil,16576
potenciálními,4351
poučil,16577
svolal,11255
sítem,4768
osídlení,16578
myslivce,4128
zastal,16579
zápletku,16580
sponzoři,11219
crossbody,16581
naplánována,2215
zklamal,16582
receptů,4943
dildo,16583
horkou,4684
english,16584
oddílů,1522
přiložte,7898
tématické,16585
seřizování,16586
druholigového,16587
prokazování,16588
vystavila,5544
specialistou,5254
nejjemnější,4800
sklíčkem,16589
trestná,2412
realizuje,7698
prudce,16590
ekologická,1578
články,9651
řict,16591
hokejových,1052
maticí,13266
treba,16592
chces,16593
horní,16594
prokázalo,11718
fanoušky,2252
odhalování,16595
jdem,16596
odesláno,16597
kreditů,16598
víkendech,1589
průniku,16599
ložiska,15199
zapuštěné,16600
umožňujícím,8686
únoru,15643
stehy,16601
textilem,4558
družstevních,2900
nějakých,468
plánuji,8199
zvoleno,8153
moukou,9315
vychován,9054
smíchem,5468
zaplnění,16602
doporučení,16603
obviněním,16604
objevů,8850
kaplička,16605
zdržet,14518
zlomit,16606
minulost,11589
zařízených,2456
předchůdcem,7359
výlohy,16607
sděluje,9775
srovnává,14039
stříbrného,4605
rodné,2492
představí,5939
činných,6765
předurčuje,16608
anesteziologie,16609
pětice,16610
umisťuje,16611
tenisek,5281
konzula,9018
řazen,16612
rovněţ,16613
pyšnit,16614
zaútočila,6517
kytičky,12637
výtržnictví,16615
zodpovědné,5565
doporučím,10297
ublížení,16616
bránili,4739
chybná,3630
otci,1448
těžkým,2110
hebké,4547
projevům,2398
kroužku,2004
dopadem,5638
desetiletí,16617
mrtvoly,12089
předčil,16618
řasenku,16619
náběhu,8520
obora,10237
následujících,11433
vyhnán,14502
sdělení,16620
rozhodnutí,13891
manžetové,16621
oficiálního,7301
čtveřice,16622
kapely,7997
postav,10287
bezvýznamné,16623
cyklů,2528
pobývá,16624
nasadí,11550
karmelitánek,16625
krize,16626
housenky,16627
prosperitě,16628
potoce,2857
hudebními,2441
usr,16629
ostrahou,8691
průzkumů,2141
budoucností,5945
základnou,5891
přehledným,2345
intenzivnější,16476
vývojem,4114
zbytečným,1258
líbilo,8784
letáků,2933
zbarvený,16630
postgraduální,16631
stanovisko,16398
např,3059
prokuratury,13841
direct,16632
federálním,5284
mužstvem,8181
specialisty,5254
kronikáře,16633
záběru,3533
cizinci,4494
nejlevnějších,231
doplnit,11546
odpařování,16634
hradě,1355
minulé,7395
sídelní,16635
naleznou,10912
sovětských,575
výdajové,16636
nejúspěšnějších,1430
proslulost,16637
stimulace,12377
trvalým,4579
uzavřeným,3131
vědou,5873
pokrokové,16638
sat,16639
neodpovídají,9597
vedenou,3773
français,16640
podvojné,15288
zapsala,8849
úplné,3338
strážníků,4687
utáhnout,16641
vysokého,3619
zákonodárci,8661
statusem,7234
rapidně,16642
laické,16643
nezapomeňte,3610
myšáci,16644
silami,7366
nazvala,10393
zoomu,16645
zasloužil,14874
začlo,16646
nalezení,16647
posuzovat,16648
krása,8483
počátečním,8013
požehnáním,16649
zoubky,16650
podnětu,5297
dodatečnou,1146
moravské,3977
průměry,16651
komentuje,15134
slaninou,4824
necelých,1564
dětských,132
nadace,16652
vlivného,1747
snazší,6187
chytal,9458
kamenná,802
dobrovolná,2764
polyká,16653
bitevním,5834
ktoré,16654
artiklem,16655
registrované,2187
sestřelen,7393
řetězu,5913
kritických,1595
zvětšuje,16656
nepravdivé,7255
izolační,16492
údajného,2847
variantě,5503
sokolské,16657
prohlídkou,16658
pasti,16659
zákonu,3714
nepřímé,2720
kronika,11061
zavedené,4105
provozovatelům,3365
lese,5523
výhodou,10392
poskytnutím,14352
producenta,6047
přepracoval,11728
překvapeni,15390
získáváme,10564
medailistka,16660
typů,3067
hrdost,16661
dosažení,16662
porci,13010
přibližnou,7511
přidám,15944
tomuto,789
dýchejte,12905
výtvarníků,5677
doom,16663
atestaci,16664
edit,16665
neumíme,2082
utkáním,10073
nalezl,10912
princezně,9306
seznámil,11077
duchové,2811
zvedla,8525
notu,6767
aplikujte,5963
norma,10742
patnácti,10444
gaelštině,16666
tyfus,16667
uznat,11672
zanedbané,16668
tvaru,5849
object,16669
dobrovolní,2764
nesmrtelnost,16670
sídlišti,13344
vysílají,1917
výživové,16671
neúměrně,11068
melounu,1133
vývin,16672
zmenšovat,10839
medaile,8740
větru,3685
iba,16673
neva,16674
komína,1477
stylů,990
dialekt,16675
osazení,16676
gminy,16677
nedokázaly,3082
jezuité,16678
výzkumu,3867
tropické,3910
zámkové,16679
plynárny,16680
impedance,16681
mšice,16682
sčítat,16683
ručiček,8064
komnata,5781
polystyrenu,3549
abstraktních,3274
lepsi,16684
nejnižším,4663
zinek,16685
nemožná,3441
available,16686
instituty,14389
výrazněji,15184
dodány,4575
pozemku,3560
prostírání,16687
osmnáctého,16688
vada,10135
přitažlivosti,16689
humoru,4213
uliční,16690
nedávnou,3643
účinkuje,16691
dostání,16692
zámečnictví,16693
argumentu,3117
jihokorejské,1895
žádnému,1556
čtvercové,6057
moravského,3977
měn,2561
levelů,16694
postaveného,1992
dobrovolnictví,16695
soutěžích,7409
předvánočním,13391
plynovým,1412
sněhovou,9677
houbami,3755
predikát,16696
https,16697
řadicí,16698
vzorované,16699
procházkám,7244
ptali,8316
trestá,6391
kvalitách,12023
úniku,4226
větš,16700
temperamentní,16701
překvapilo,9310
stanovenou,3113
startují,4653
prasat,3073
můžem,2281
přejmenován,14220
mimořádně,16702
připomínek,12749
tříletého,3103
zahynul,15303
poputuje,16703
závrať,16704
pochvě,16705
zádové,5546
doprovodnou,7925
páček,13820
nešetří,2272
finančnímu,6584
uherským,3372
doporučit,10297
naslouchání,7296
zahrál,6111
zaměstnaných,5886
zničena,734
logických,1803
zboku,16706
špínou,16310
vyjímatelné,2706
předsedovi,6083
objednávání,12789
prefektuře,16707
registrováno,2187
usnadnit,16708
zbytkem,7441
standardním,5477
odkazoval,13731
obtížně,16709
vyvinuta,7625
jednoty,10932
galerií,13332
kauzu,16710
vykládat,15278
úhly,7896
módě,881
větve,12598
kateder,11852
zřídil,10108
demografie,16711
položte,6477
uhasit,16712
vinařské,16713
imunity,4876
salonu,16714
představilo,5939
diskuzním,7513
zdržoval,8546
správném,1032
kvantitativního,7621
odevzdali,6801
vyfotil,5479
příznivců,11523
doporučován,14816
koktejly,16715
dávka,14346
dramatik,13484
vyvozovat,16716
padesátku,16717
českém,936
ironicky,16718
kinematografie,13654
myšlenkách,5139
uvozovky,16719
kapuce,16720
havarijním,16721
zjištěných,7895
blahobytu,3461
zavolejte,5237
útvarem,2708
zlepší,10468
bezpartijní,16722
křivkou,16723
sultána,16724
zavírání,16725
zachytávání,16726
seriálu,2389
vydání,16727
organicky,16728
podrobil,14457
pilotním,8407
odečíst,16729
sportovišť,8232
musejí,4512
krumpolce,16730
pivoňka,16731
sponzorů,11219
neztrácí,8808
slinivky,16732
upraveny,1434
vernisáž,16733
neurazí,16734
propustné,16735
položená,16736
límečkem,16737
pojistného,4174
čtvrtá,4406
vydělávají,5837
státních,4018
zastavila,6543
skrytou,3007
dostavbě,16738
dodávek,5035
chirurgickém,2183
realizačního,16739
ejakulace,16740
barevná,888
ostření,16741
úplnosti,16553
zakládal,16742
oznámením,16743
nalákat,16744
zabudovaných,16745
doplňuje,14370
nakupuji,2677
průběžného,2703
edici,16746
podpora,12048
atleti,7903
čtvrté,4406
komfortu,16747
zlepšující,16748
strun,16749
úryvky,11182
mediálního,9209
zamezí,13296
obstát,9556
akrylát,16750
filozofii,12846
letošního,13155
četností,16751
etnograf,16752
popudu,4503
závislých,986
kladen,13323
intenzitu,14473
radioterapie,16753
kadeřnické,16754
laminované,16755
proměny,12626
rozvodů,2001
sklonku,16756
přerušeno,11634
nevrátila,7646
těšili,12138
nominaci,16757
workshopy,16758
zvětšenou,4626
uplatnění,16759
indicie,16760
řádná,937
kombinovanou,16761
přípravku,3639
trápí,6629
mláďata,10336
baroku,16762
docentem,16763
gastronomie,15575
los,16764
zavázat,16765
materiálu,1353
petruszkaa,16766
osvobozenecké,16767
hledisko,16768
financial,16769
editoři,16770
nade,16771
kapitálového,1916
opatrností,13461
sankce,13334
vychladnutí,16772
budoucna,7602
varhan,5280
holčiny,16773
náhradními,8127
softshell,16774
starce,7084
etického,2520
zachvátil,16775
akustická,3528
spojených,2851
architekti,2750
oblékl,16776
listinné,16777
odkazující,13731
ohromné,1785
odebrané,16778
better,16779
offroadových,16780
popruhu,16781
sepsán,16782
dokumentovat,11357
záměrem,3819
zbytkové,16783
zbrojního,7390
větou,8451
pódia,5019
tvrdého,2190
vtipné,3525
vyvine,7625
strašit,14272
kočičky,16784
buňkami,2602
silné,1864
náročném,742
invence,16785
all,16786
obvyklého,2118
ocelové,1873
středn,16787
syrového,8719
ziskové,9431
ozbrojenců,15049
poslání,16170
umístili,5318
nutná,1282
probošt,16788
vzdá,16789
zákonného,2091
dočasným,3148
zámeckého,4613
morálce,7153
omega,16790
klinické,3374
potažené,6158
izolován,7252
dík,16791
nebát,16792
skloňuje,16793
doporučeními,16603
podrobněji,16165
masky,6640
potahů,2930
nebránilo,16794
omluví,14993
nezbývalo,12738
zaslouženě,16795
znam,16796
sladkého,3432
hor,4963
lyžařská,2232
obávali,11230
přihrávku,16797
vyrobenou,2748
zalíbí,9979
chaosu,7975
eshopu,16798
efektní,16799
dospělosti,16800
krátkodobého,2989
minulou,7395
umělecká,2126
kompaktních,1313
prázdným,511
překročila,11885
prokázat,11718
náležející,16801
okrsku,16802
bytostně,16803
časová,1502
kladenské,16804
žalobci,2055
neobvyklou,2118
jasan,16805
hodinová,1042
skautského,1625
odstavce,5774
favoritem,7188
přitažlivá,3719
popové,7619
místopředsedy,8457
vyložil,8235
logopedická,13260
propojena,2948
imaginace,16806
communication,16807
hladinu,16808
vzdaluje,16809
nekladou,16810
vaz,16811
mlýně,2097
přestávkou,4011
planetky,16812
dlaních,3649
odvětvích,13594
dopravních,9635
užívám,7554
izraelským,5763
opak,16813
posledni,16814
obstarávání,16815
bránila,4739
slibně,16816
znalci,4161
filosofických,1732
žádat,15639
talentovaných,2785
penzionu,16817
pekárně,2431
povodní,11967
čolek,16818
viděla,8260
odrážet,16819
plochami,1346
držte,13076
zastávat,16820
nosily,5144
šlechtice,11593
výcvikem,4632
zčásti,16821
syfilis,16822
zločinecké,2149
steaky,5395
nezařazené,16823
nejakou,16824
nekonečna,15938
neznámo,8496
ceníku,7836
závazky,9138
oříšků,2774
většiny,7729
navzájem,16825
očekávají,10276
koncovce,14493
zašle,16506
betonové,1264
zástupy,11071
jeruzalémský,16826
jedničkou,5211
odborní,1606
statků,3288
zájezdu,1922
tisíciletí,16827
čtvercová,6057
úchytu,16828
čelist,16829
vráceno,7646
dominantou,16830
spoušť,4991
dobrovolníkům,4946
nebylo,3143
dubové,3168
sklidil,16831
rozvodového,16832
pochody,12073
nov,16833
směnku,16467
nevšiml,6461
hutní,16834
říkají,5545
nejhlubší,8631
zástavba,13822
mluvíte,9575
sklidila,16831
vlajek,9317
umožněn,10134
sportovkyně,16835
pohltí,16836
obrazech,332
sobotu,16837
vyžadována,16838
vlhkou,2869
pochopila,5738
přídi,16839
spáchané,16840
očištění,16841
rozhodovat,9507
dole,6632
dálce,1912
tabulkové,1886
hradit,11097
cara,8955
zajel,16110
slabosti,15193
memoriam,16842
autobusové,2363
rehabilitace,12999
srst,16843
trestního,8657
věrně,16844
trápení,16845
úrazech,1876
nemovitostí,11324
izolované,2619
sítko,16846
zajímavou,5127
uváděli,16847
benediktinů,16848
dlaždic,2797
rostoucími,9299
půjdeme,1758
rozeznáváme,15629
přebral,16849
mezerou,15549
vyloučen,14887
dopady,5638
můžetemít,16850
letopočet,16851
marketingových,1740
nízkopodlažní,16852
sdělovacích,7474
rtěnka,16853
vytvoříme,5854
přeletu,9896
skrytí,3007
složitá,891
nepříjemné,4747
látkové,1672
terapii,16854
militantní,16855
hodily,4552
pohárem,4948
dobývat,5713
nasekáme,16856
kovu,7581
překlady,6297
poklopem,3869
nesoucí,16857
rozpočtů,716
vţdy,16858
mříží,4302
zveřejněná,1835
dealerem,7322
osadu,16859
pokusila,9261
publicitu,16860
plnější,2264
přinutil,6794
žlázy,11676
rotačního,16861
respektovat,15202
profile,16862
stáhl,5790
podpaží,16863
absolvoval,16864
satén,16865
moţné,16866
závislá,986
astronomové,9816
slušnost,16867
platnými,1706
zbylou,15367
chrlí,16868
bary,9990
odebrání,16869
stádia,14103
ofenzivní,16870
tibetského,3151
přelomu,16215
domluvit,14178
manévrování,16871
odděleních,16314
vernisáže,16733
mělké,6877
dívce,6704
hroznů,6649
pročež,16872
rozvojová,1729
železnic,8022
children,16873
zdravotníky,9132
integrace,13739
baskytara,16874
koordinuje,16875
zbytečných,1258
vylepšeným,2146
klasifikovány,10498
předvolební,16876
kolaudace,12952
oplývá,16877
směšně,16878
asistentem,2468
představením,16879
popírá,16880
skladě,1885
eliminuje,12387
karabiny,16881
statkem,3288
zeměpisné,16882
jin,16883
architekty,2750
pilates,16884
kamarádství,16885
bible,14116
imigranty,10460
vybudované,2695
staročeské,16886
akustické,3528
disciplínou,5193
liberalismu,2170
odvezla,8149
pneumatice,2443
došli,8239
mladému,1207
větrem,3685
ejhle,16887
korunního,16888
dárci,7580
kritici,13632
živnost,16889
barevné,888
pohodlnému,1237
vypovídající,11518
ústava,8760
přírodovědného,7436
ukrajinským,1708
hymny,15017
duševních,2471
správními,11472
náhonem,16890
zachycující,16891
vychovávají,12496
konfliktem,3577
závodním,2694
vstupuje,15862
trojúhelníků,4231
vyplývá,16892
muzete,16893
nositele,12253
divoká,4126
měšťan,16894
demonstrace,9303
jediná,1064
příznivého,7664
členským,1331
kapilární,16895
popruhů,16896
přijelo,8835
okupační,16897
včasná,13371
přistěhovalce,16898
odehrával,14419
ministrovi,5121
nasucho,16899
skladováním,13269
vrstvené,16900
zaměstnána,5886
elektrod,8089
zakryté,16901
zima,9740
generacemi,6427
nese,15142
nevolno,16902
částem,11454
vzory,5627
odvolat,15119
ověřovatele,16903
ceně,8702
čemž,11495
pavel,16904
zkouškách,4655
najel,15353
hudebníky,4752
postavená,1992
strukturální,16905
protagonisté,16906
metodika,16907
poskytneme,5086
milimetry,16908
vlhké,2869
jiskra,16909
nìco,16910
přípravy,8515
pozemkového,4084
společným,2229
souhlasil,12040
slovenská,2233
harmonii,16911
recenzepřihlásit,16912
zápasech,2002
recenzích,7908
čalouněná,16913
traktu,16914
nevyhrál,4705
hřbitova,5099
podceňovat,16915
nabízelo,6917
dodání,16916
platných,1706
subjektivním,5896
pravém,1910
skleněnými,1528
děsí,16917
věřícím,8446
starají,418
křižovatky,10629
podrobnější,6700
hltanu,16918
jezuitské,4869
nasbírané,16919
kyseliny,16920
zorientovat,16921
přírůstky,5775
filtračního,16922
koukla,15159
otáčením,16923
řádil,16050
nahá,4507
útržky,16924
pozitivně,16925
velkostatkářskou,16926
čerpacích,6093
ledního,14437
mile,16927
měšťanskou,16928
schodech,10796
biologicky,16929
manažerem,1728
nechalo,3101
jaké,2979
přírodou,4359
právního,10717
neschopností,9545
jakou,2979
omezeny,1685
slzy,16930
hoď,4552
naplněn,4673
pacientek,597
dáš,4880
upraveném,1434
nedělalo,3644
požárním,8437
ochotu,12888
provided,16931
návleky,8613
svody,16932
křížku,6145
příběhu,2971
silnicích,11908
zorné,12559
momentech,2907
tabulkou,6984
podnebí,16933
trolejbusy,16934
kytička,9508
platinovou,16935
věrnou,3764
vlajky,9317
ignorují,7332
spojením,13432
rezonanci,16936
turbín,4397
stávaly,3832
divizí,13786
brutálním,7637
brada,11759
jednala,6731
čemkoliv,2115
wikipedistou,8566
přiblížit,14932
kláštery,2610
rétoriky,13902
znamenající,2915
byly,3143
snít,11619
platbách,4383
svrškem,16937
rezervačního,10338
našem,232
kartáčku,16938
hodnostářů,16939
pálí,14844
chronickým,5662
nosnost,16940
minimalizaci,16941
nahrazují,10322
necítím,16942
sliny,16943
visící,16944
zkoušejí,6367
objevení,16945
kapalinu,12001
ewa,16946
metabolismu,16947
obratle,16948
zkuste,6119
kolego,868
prémiových,417
běhounu,16949
vložkou,16950
stavbách,5147
rates,16951
manažerská,5362
zadlužení,16952
vyjížďky,16953
výpomoc,16954
představená,3433
vystavět,8435
povstalce,15354
srdečních,4694
zdokumentovat,16955
klasickému,353
předchozímu,10476
zabránilo,10171
nemocnicích,9533
nádobě,5724
jazykovým,1584
narazilo,11070
otiskl,16956
chodila,5880
zajímáte,8683
nezaměnitelný,16957
podívejte,5632
typickým,3809
slovinské,4521
produkované,16958
alkapinka,16959
nekonečnou,2286
přirovnává,16960
mluví,9575
vlivem,6855
gravitačního,9373
vyhovují,8257
navrhovala,9956
vznikat,9616
přebírá,16961
páni,1846
studeného,1322
entity,9919
oblacích,11768
topeniště,16962
oprostit,16963
kolize,16964
začnou,5079
očkovat,16965
rozdělilo,5275
zářící,16966
kaplanem,7721
dobe,16967
šňůra,5858
fejetony,16968
songů,16969
servisních,4762
upekla,16970
topným,4995
brnění,16971
dph,16972
ponechala,6657
snadnému,6187
přehledů,4347
microsite,16973
nepochopili,5738
rano,16974
vysvětlování,16975
evidenčním,8284
lžičky,13492
lesklou,9773
chlapeckými,3672
popsaného,3443
vokální,16976
ryzí,16977
narůstat,16978
uzlem,917
márnice,16979
tvrzení,7298
absolvování,16980
silně,13837
vlastenectví,16981
morálkou,16982
bydlel,9857
sportů,2073
zaostal,16983
přesilové,16984
výchovným,4791
rockových,2328
potoky,2857
zvládneme,3055
uváděl,16847
střílel,13305
vozí,8641
fondům,1688
bodům,2032
vařením,16985
palácem,741
kontaktního,9581
narozeného,11817
organizovala,7269
borůvek,11066
nepůsobí,16986
ehm,16987
tržnici,16988
odpověd,16989
napadání,5136
chronologicky,16990
opravdových,328
second,16991
ubytovací,16992
ověřovaných,16993
filosofií,10029
zprostředkovatelů,7013
přiznala,11171
zaměřuje,8418
mise,14257
pětiletého,3875
obtížnost,14208
nehodlá,7335
koncertu,3618
povaha,12427
napít,16994
jednací,16995
spousty,12072
pijeme,11692
látka,5729
bojovníky,4125
věčnou,2783
větrné,2826
plavání,16996
ředitelem,4881
bakteriemi,15021
nutriční,16997
zvítězil,15596
spadnutí,16998
dovezli,7417
cyklistickou,1994
vyrovnávat,16999
čerpání,17000
nádvoří,17001
lana,6112
elektrokol,4313
nesouvisí,17002
dvojí,7446
osmanské,17003
uzavřen,3131
druhu,9141
šířící,17004
zkusim,17005
práškové,17006
činžovních,17007
synovcem,6713
uzavíratelné,17008
nevšimli,17009
vyloučila,13914
ještěrka,14936
bubeníkem,3500
ožívá,17010
univerzitním,2863
spořitelní,17011
regeneruje,17012
shledanou,17013
krokodýla,1689
poznáš,2858
odborů,10377
charakterizoval,14085
domluví,14178
přednostního,14086
rozvést,17014
vyvážení,17015
cvičných,1013
hospice,17016
konzervatoře,17017
toku,2875
testových,17018
reliéfu,17019
vyhledávaným,17020
promítnout,8177
vytvořených,546
ránem,4642
vyřazeny,270
manual,17021
sloupců,17022
týdnem,1375
lhostejný,13491
kilogramu,5221
zpívání,17023
tvrdíte,8709
měř,5594
vertikální,17024
formy,13259
herci,5883
ještì,17025
omlouvám,11418
zkrátit,14290
zmizelo,8000
překvapený,15390
množení,17026
salony,17027
ocitnete,13468
plexi,17028
rozpočtovou,952
pfiedpisû,17029
velkoplošných,9672
makléřů,8474
nájezdech,17030
klenbě,14094
těžit,17031
rozmrzá,17032
hlav,3754
sociálních,5823
ladění,3231
míní,17033
všech,830
komunikacích,4625
doufejme,14091
poničené,17034
nepřišli,2877
zůstavitele,17035
příjemní,4747
methods,17036
životech,485
emigroval,16408
otevřeném,1210
pověřené,7111
vnitřními,6759
tras,4527
předn,17037
autonomie,17038
doručením,13220
nejlepších,4916
myček,576
synům,2422
zkomplikovat,17039
adventní,17040
nasazeny,11550
samolepek,7782
dosti,13794
oddělen,12605
polem,10366
ochránců,5186
čarodějnice,8818
nominoval,8688
chráněna,754
velení,17041
samičí,17042
kontinuitu,17043
komprese,460
vládou,6102
poskytnuta,740
nevede,10862
hřib,17044
umožňují,10176
strategicky,17045
poskytováno,5972
nepromokavého,17046
kosmetice,2432
pancéřování,17047
lodích,3166
fantasy,17048
kandidoval,13427
maďarské,3197
černému,2894
hlídkové,17049
přístavba,17050
záminku,17051
drží,13076
mapách,6103
vlivné,1747
demokratických,913
mučení,17052
slovesnosti,13480
sterilizace,17053
strany,10070
zachraňoval,14929
silikonovou,8097
dospívají,11362
zachovávat,11386
uvažovali,11962
vlákninu,17054
příslušnými,866
urny,17055
šéfredaktorka,4354
úpravu,17056
uvolněna,11937
plynů,2099
šňůrkou,17057
turistickými,2175
zeleným,4580
naději,17058
tématicky,17059
kombinovaná,17060
písky,4219
ochotné,4430
extraligy,10012
přirozenost,17061
ojetých,12634
restituci,17062
výbuchu,4950
kanton,17063
jem,17064
dorazila,7458
závažnosti,17065
obdobně,17066
přehrada,13469
novověké,17067
transformaci,17068
vichřice,17069
partu,9188
poráží,17070
geneticky,17071
spojil,3190
šampionátech,1413
přizpůsobeny,5036
lomítko,17072
lysý,17073
naplnila,12183
nejvlivnějších,1747
následuje,12372
vaničky,5386
závratě,16704
množné,17074
apps,17075
složená,2258
prezentovala,10414
praktickými,869
nájemcem,17076
prováděno,2626
konkrétními,2905
golfky,17077
dřevin,17078
finančním,6584
úrovní,9046
povídají,9487
produktové,11807
marginální,17079
vede,10862
pákové,17080
dopustí,10390
úspěšná,1430
diplomová,14728
zámeckém,4613
formulovat,12309
each,17081
nadrobno,17082
sbírání,17083
prohlédnout,14508
letecky,17084
hlavn,17085
uměleckým,2126
rodí,9285
přizpůsobeno,5036
nepřinesl,17086
obává,11230
agresivnější,11072
štědrovečerní,17087
vidno,17088
stehna,10545
vyrazil,9065
kapky,13330
provinění,17089
akademií,11326
navštěvované,6659
dnešními,3412
zastupovala,14050
podle,17090
tolerantní,17091
hmotných,1505
legendu,17092
vzpouru,13386
došla,8239
plesy,3836
překonat,13061
dvojici,15609
team,17093
obnovil,4641
nábojů,7652
intenzivněji,13587
svitky,7640
mužů,261
pocházel,17094
utečou,9788
zvoleném,2769
swing,17095
chemickými,1576
vloženou,17096
předepsané,5428
svažitý,17097
iniciativu,17098
fotografiích,4961
mandát,17099
rozvinul,14587
úrodnou,17100
drzost,17101
ramenní,17102
pověst,15177
ověřili,7611
uskutečnil,13455
odlehčená,3156
nacistickou,2497
talentem,2257
dvacátém,10776
kalhotami,3561
veterinárního,10372
spojí,3190
hadicí,10601
recenzí,7908
rozběhla,3797
pluginů,17103
žraloky,2129
inu,17104
vydávané,4638
našimi,232
bláznivá,1723
podpěry,17105
narazil,11070
veselá,4922
pred,17106
klany,17107
zajišťovat,15839
víru,12990
injekční,17108
nejzajímavějším,5127
promluvy,17109
zabýval,11993
vrhl,11706
umělecky,17110
výnosy,5116
věží,4923
připomínka,12749
podnikateli,1795
izraelská,5763
všimnout,17111
početnou,11586
dynamickým,2848
bandy,17112
konkurenčních,5392
přesvědčování,17113
vyrobily,3858
pravomoce,9819
zadána,17114
prvotina,17115
prokrvení,17116
mikrofiltru,4247
předchozími,10476
pískem,4219
koupelnové,1014
dokola,17117
plavkyně,17118
zadku,2076
oddíle,1522
docílit,17119
ženat,9733
library,17120
gay,17121
udělaly,4567
regenerační,17122
vedlejší,17123
věžemi,4923
poskytována,8452
jahod,3368
nesmrtelnosti,16670
významy,7264
expozicí,16519
focení,17124
that,17125
podáván,17126
ustaven,16045
spektroskopie,17127
life,17128
rozhodčích,11319
holkám,4320
ochotní,4430
záznamech,614
baru,9990
plemene,7890
odděluje,10643
čelenky,17129
nazývat,13681
legraci,17130
přešel,8662
letadlových,5726
odjíždí,10356
dosažitelná,14638
kempy,17131
vrácení,17132
dodržujte,15255
ošetřovat,6974
očekáváte,10276
spokojenost,12469
videokamerám,321
trhem,384
záhy,17133
švýcarské,5424
parním,3954
potvrzené,5276
prohlídky,10678
zónami,4738
easy,17134
britští,3527
okrsky,4535
diskutuje,7305
původu,7843
areálu,3477
neplánuje,8199
syntetické,6430
hřbitovní,5099
náplně,16053
prosit,8660
špatnými,1639
velkoobchodní,17135
přirozenější,2991
padesáti,11099
stěžují,8151
četnosti,17136
zodpovězených,17137
vicepremiéra,12003
slunečnímu,5113
sezonou,17138
kontejnerů,653
džemy,2284
plechů,3279
nabídkám,10615
ghetto,17139
mluvčí,12570
multimédiím,17140
nízkými,4663
útočné,2268
propadly,11663
výhodné,3784
ubírá,17141
rukávu,4065
odehrává,14419
fotce,2975
potoční,17142
tlumící,17143
vzdělávají,17144
vypsala,9404
debutové,17145
superstar,17146
amatérského,2241
breakfast,17147
vrcholným,7628
divného,5303
italského,4109
investičním,9220
mostecké,17148
skutečných,395
zůstaly,6925
šíp,17149
přátelské,1469
spálené,17150
nádrži,7685
levných,231
nemluvím,9575
koloniální,17151
zinečnatý,17152
pochoutky,17153
vùbec,17154
protivná,17155
garsoniéry,17156
humanismu,17157
částmi,11454
tryskou,17158
dopadají,10133
opeře,4070
obdrželi,9889
jdou,1758
dělilo,10160
pověry,17159
vegetativní,17160
tepelnými,2169
natáčela,14698
transformace,17068
sdelit,17161
druhotně,17162
sjednotit,17163
konstrukčních,5450
bruslaře,17164
právnička,17165
způsobeným,7601
postřehů,2758
pojedeme,1629
atd,17166
napište,4765
omezením,9907
stupnici,17167
použito,581
vyučovacím,1874
narodí,17168
klasických,353
nemocnými,561
přísným,6339
bučiny,17169
tváře,5282
všeobecným,2568
mega,17170
dotacích,10071
stavení,17171
podstoupit,17172
matnou,6469
sbírek,6236
radnici,16550
předáním,15145
loketní,17173
přístaviště,17174
statkář,17175
odboji,2696
oceňuje,17176
tyči,14526
žlab,17177
sim,17178
marxismu,17179
milenců,7574
nezní,9397
přísnější,6339
kritickém,1595
jednoduchých,361
česk,17180
zisku,4130
uvolněn,4480
zprávám,9850
teraz,17181
madlo,14285
stezkou,11867
vodáky,17182
ptám,8316
polovinou,7093
silikony,17183
propustí,15886
lektorky,17184
vyváženým,4598
příslušníci,6323
zástupců,3691
narazíme,11070
díle,3508
ocenil,12343
americkými,454
doplňovací,17185
výplň,17186
považováno,5435
chut,17187
řepy,11334
magistra,17188
encyklopedického,3629
nepřihazuje,17189
broušení,17190
nažka,16002
námořního,13543
dávali,10999
diametrálně,17191
omezeném,1685
kurvička,10584
plné,2264
uložila,3542
fází,17192
předváděl,17193
převodovce,4665
udržované,3622
odborníkům,824
hmotností,11385
tuku,4059
zářezy,15329
dráždit,17194
žádám,15639
kriminality,8107
touhy,11268
nestabilita,11361
tendru,17195
leteckého,3456
vojskům,12974
srbská,4518
vyslechnout,13920
jednacím,17196
definiční,17197
respektující,17198
navštěvují,8485
zraněné,9864
připomínaly,9481
cítím,6830
vnímali,10359
rpm,17199
zamlouvá,17200
ekonomickém,752
zastavením,13775
příznivci,11523
včasné,13371
zanechali,8843
úrovněmi,9046
zápory,17201
chválil,17202
sympozium,17203
vír,17204
podávala,13112
míří,17205
pražského,5289
dotknout,15971
bývá,5576
seniorát,17206
nátěrů,5856
extralize,10012
podporujících,10181
bolesti,17207
reakční,17208
kapacitě,5222
energy,17209
nucena,12178
střelbu,15782
vyhrála,4705
odvážně,17210
vypustí,14134
získán,7265
zaregistrovala,5947
dostáváme,9262
přepracované,1092
šetrnost,17211
klášterního,6326
procesech,992
hlasitým,2269
minute,17212
národem,1045
roven,1964
podloží,17213
pronikly,10304
stisku,17214
otvorem,3325
drůbeže,4206
ovlivňujících,11019
fixační,17215
vydělají,6192
vydělali,6192
produktu,1165
povětrnostním,17216
zemědělskou,3086
kormidla,11318
liché,6319
nádherně,17217
dezerty,17218
klubová,17219
absolvuje,16864
premonstrátů,17220
dostávaly,9262
volila,11353
kombinované,806
sledovaného,1797
promítají,10889
korálky,13937
těžkosti,17221
užitím,7130
ponižování,17222
piloty,3115
novověku,17223
peckovice,17224
subjektivity,17225
vysokoškolského,1565
měsíčníku,4658
flétna,6139
vypuštění,17226
konal,17227
uniklo,14608
umírá,10996
potápěči,17228
půjdem,17229
vývarem,1018
zřizovat,16366
údery,3373
smála,5293
vyřešilo,6936
keramické,4484
zaměřeny,2103
vytrvale,17230
páskové,17231
přesvědčily,8826
bazénem,826
horolezci,3826
přemýšlíme,9396
dekádě,12386
vyrovnal,9112
zařaďte,15371
nezůstalo,6925
vybíráme,6565
vyčerpávající,17232
připojily,852
jinými,1047
zdůraznit,17233
porodu,4652
course,17234
nejsou,3143
zabily,5756
měřících,4078
smyslové,17235
němčiny,4610
pravěkého,9242
přestavěno,17236
zastávku,17237
stávají,3832
košů,369
obávají,11230
přezdívky,8587
mozne,17238
slepého,6859
všímá,17111
lubrikační,17239
past,16659
pokračovací,17240
městyse,4321
chránených,17241
přehrady,13469
italské,4109
odrazit,11982
maloobchodních,4795
situacemi,8093
pojistek,6979
musela,4512
kovovým,768
zastrašit,17242
pozorovatelé,8247
kytar,378
medailisté,10809
aspektem,5242
potomkům,4742
dvojnásobně,17243
šroubové,17244
bratranci,2386
lezce,17245
černošské,17246
mechanismů,17247
dosadit,15137
dlouhodobým,2337
dovolání,17248
pedagogická,3403
kalkulace,13154
nesouhlasí,12040
vydavateli,4813
pyšná,12007
přesáhl,13431
ruským,899
vypustit,14134
poradila,5661
srdíčkem,17249
řešeného,17250
zahradního,5304
páskem,17231
cedrové,17251
dřevěného,464
spalin,17252
realisticky,17253
stagnuje,17254
panorama,17255
rizikového,1492
hrdinské,17256
sdíleli,6660
zapsáno,8849
vedu,17257
doplňků,1134
tibetské,3151
hvězdičkou,13540
švadlena,17258
účinného,3316
rezervního,4370
dostatečná,1979
srovnávání,14039
přemístila,12907
opustili,7207
naušnice,17259
balady,17260
řádném,937
malém,251
narazit,11070
nepříznivého,7664
unášet,17261
přiznán,11171
nacistickým,2497
myslitelů,8347
pěstitelů,17262
prozrazení,17263
získaným,17264
srandu,13962
přistýlky,13022
přidaného,4659
malými,251
ohlásila,4633
podnikající,12243
zodpovídá,16566
sodíku,8764
vysvětlil,10579
značí,17265
chloupky,6549
anestezie,17266
migrace,15529
křižuje,17267
magistrátu,10013
podobnému,4952
odstraněna,6212
tribuny,15750
problémových,7855
kalendáři,999
silikon,17268
klášterů,2610
inženýrem,1471
ukládána,17269
obávám,11230
vizuálního,6063
zavody,17270
through,17271
čepička,6703
bioplynu,17272
katolicismu,17273
svatým,5050
pára,17274
lymfodrenáž,17275
upozornila,9023
vypočítává,17276
jednal,6731
vychutnáte,17277
smlouvy,14948
uplatňovat,17278
vzpřímené,6154
klasifikována,10498
lávka,17279
oděvu,612
doporučuje,14816
speciálním,9292
řazené,17280
světovým,1645
rozjíždí,17281
ligového,3853
smícháme,17282
středočeského,17283
výrobou,12648
podobnou,4952
nedělala,3644
krátkosti,17284
koryta,11887
zachráněn,6462
flipové,17285
fondů,1688
světlu,2962
zážitkové,17286
pruty,3123
zvláštnosti,17287
proslovu,6721
centrech,7004
karabina,17288
kmeny,5089
tělesného,1792
studiových,1445
historika,7956
bahenní,17289
pidi,17290
sazenic,12044
hratelnost,17291
soukromníků,17292
koncovými,238
prospěl,17293
absolvovalo,16864
nejhorších,1639
výtvarných,2974
přiložené,1683
nezměnila,6473
ekzémy,17294
hřebenem,1946
vlastnické,17295
aktuálnímu,9726
vnímány,10359
opravách,4108
zřiď,17296
kritizoval,17297
sta,13027
vybraných,524
obyvatelů,11916
kolena,5011
hydrometeorologického,8779
profesorů,3845
brankami,11751
poloze,10810
příprav,8515
resuscitaci,17298
dobøe,17299
seznamuje,9967
vytrvalosti,17300
závitky,17301
zakázek,5511
moudrostí,7805
regálů,1250
krosová,17302
zkoumají,8724
slabších,1180
dodal,4773
otrava,13561
rané,2502
vytvářeny,17303
kabaretu,6601
pedálu,17304
ostravském,2653
sounds,17305
knihách,2194
novinkám,12174
prořezávání,17306
snění,17307
ubytovna,14315
slečno,10775
chaotické,17308
elánu,17309
halové,3111
dobách,9596
obvodu,2604
blíž,10958
prezidentkou,17310
krvácení,17311
transformátorů,725
tandem,17312
využívána,1762
náklonnosti,15104
skoky,1790
osvícenství,17313
obsazená,4466
obrobku,17314
kulaté,3767
úsloví,17315
zaměření,2103
pravice,8042
taxon,17316
vypracování,17317
záhony,3523
území,17318
představitelů,11983
řešíme,7327
tuningové,17319
mladistvé,1935
raných,2502
hodící,17320
změnila,6473
několikátý,17321
partnerům,1041
zhodnocení,17322
katastrof,6392
sázkových,17323
odhaluje,11045
náboženství,17324
neděláme,3644
zastihl,17325
dispoziční,17326
procentní,17327
převratné,17328
fajn,17329
som,17330
svádět,14563
bistro,17331
posilující,17332
vyslovuje,17333
rozdělila,5275
pošleme,6786
těmto,789
sjednaná,17334
zajisté,17335
vyhověl,10612
nejmodernějšími,1764
příhody,9910
postupnou,12018
odpovědět,5016
masáže,13750
náročností,10770
fotografická,1191
platnost,17336
totiz,17337
chirurgického,2183
prohlášením,17338
míse,8044
přivítá,17339
vzdělanosti,10331
ošklivě,17340
pusy,9534
míči,921
punc,17341
beletrie,9470
astronomická,782
postranní,17342
vystaveno,1247
předloktí,17343
učitelském,245
umístěno,2633
podstatou,4075
zpracovali,4748
těžké,2110
podnikatelského,367
piliny,17344
draky,17345
novinkami,12174
jemným,4800
nezbytných,5360
nováčky,3522
anal,17346
listového,17347
navrhla,8862
tvořené,4817
strávila,4630
tlaku,4449
uklidňující,17348
zamířit,17205
symetrická,929
chybách,4235
zredukovat,17349
trvaly,8493
nádobka,5724
obstarání,5611
jednotkové,17350
dimenzí,16146
čtyřka,17351
obsažené,9022
fakultě,8427
prac,17352
proc,9122
otřesů,2929
atributy,7656
učitelek,6701
spojovat,17353
slitování,17354
middle,17355
sepsal,17356
vyjádřit,17357
odstupem,12318
živin,14911
nosnostní,16940
brněnská,2246
seznámili,11077
otvírá,17358
zanedbávání,17359
zachraňuje,14929
odborných,1606
přihrávek,16797
přiznává,16425
postupujeme,6132
kulové,5095
kladenského,16804
takž,17360
magii,17361
ústup,17362
pérování,17363
stěnami,3153
výjimečnou,6656
partnerkou,9448
jehněčí,17364
paluba,2867
skotu,4570
rozumná,1687
rekondiční,17365
zobrazovaných,17366
katedry,11852
hlediska,16768
spoiler,17367
nebezpečná,425
pokrývka,17368
bázi,17369
tvrdá,2190
uhrazena,17370
rozsahu,13438
sněmovní,17371
jmenovaného,2908
vodné,17372
fotila,7341
odhaleno,7009
nas,17373
snazšího,17374
nohách,8226
bývalo,5576
vyšším,3619
chcem,17375
vložku,17376
diskuzích,17377
centra,7004
pergoly,17378
normám,10742
sitcomu,17379
vsadili,9289
společnice,718
povýšen,17380
rangle,17381
odděleného,1647
dospělými,1068
novém,225
lektorka,17382
konstituční,17383
sezónu,14339
výhodám,10392
příhoda,9910
jednacího,16995
remízou,11625
nezmizí,8000
mládeže,11943
přecházející,16038
botě,3057
osvobodila,13392
životních,7024
zvláštně,17384
nádrží,7685
svítidel,17385
číslovky,17386
nahlášen,4502
stáhlo,5790
sestavena,1131
finalisty,12464
zkrachovala,17387
kultu,9924
začala,5079
vedl,10862
maličko,12046
klenbou,14094
vozidlech,682
vyřešili,6936
skoncovat,17388
střeží,5119
nynějšího,7552
současná,2791
vyberou,4695
britského,3527
podniku,2230
dostavbu,16738
vystudoval,17389
doplní,11546
oživení,17390
baletní,17391
prof,17392
poznám,2858
koloidní,17393
vkladu,2089
charitu,15780
podrážděnost,17394
tučně,17395
kuchyních,1359
kapacitou,5222
činoherní,17396
tesařské,17397
prožitku,3947
paštiky,17398
revmatoidní,17399
atomů,2239
maskování,17400
krizových,2122
samou,1061
korekcí,17401
těm,747
bronz,17402
mužu,17403
původem,7843
křičí,9825
peněžních,4847
neublíží,9897
pojistkou,6979
originálním,9127
bilionu,12288
vypálili,10341
vyhlášenou,9758
příkopu,4138
přiblížil,14932
středem,6533
působit,16986
obtížnou,4534
hordy,17404
alternativního,10831
neumožňují,17405
poučí,17406
zvířat,2992
snížil,13238
receptury,17407
bojovníci,4125
nabýt,17408
řadovým,9485
čelili,12103
vrací,15149
ošetřujícího,17409
váží,13143
běžecká,17410
diferenciálních,9363
snahy,16211
milosrdenství,17411
nabírá,17412
zdlouhavé,17413
nečitelnost,17414
dělníků,5102
igelitové,17415
podotkl,13598
směna,13744
vlásky,17416
nádražím,8945
rekonstrukce,14033
můžes,17417
nahrazování,10322
zóně,4738
praktických,869
zřízená,2937
navštěvovalo,8485
vzetí,17418
thrillery,17419
územnímu,15454
chutnat,17420
hasičům,3941
zděného,17421
reflektovat,17422
popravit,17423
zkušeným,2290
kardinál,17424
obchodními,2572
zespodu,17425
otočné,17426
grandslamu,17427
počinu,4399
jine,17428
filozofií,12846
postižení,730
obušky,17429
japonštině,9280
zboţí,17430
zmocnit,13544
nesmyslná,17431
záminkou,17051
chytlo,17432
hrubá,1080
pošesté,17433
ledaže,17434
nejpřísnější,6339
proměn,12626
loví,14423
electronic,17435
znáš,5819
opěradla,7909
nadchl,12833
neručí,11903
měřeny,5594
krocích,3164
bojím,5906
death,17436
vědeckém,766
podobnosti,17437
fantazií,6957
baba,12250
prostého,3899
posledně,17438
zajištěním,12737
obličejové,916
protiprávního,14156
zbývá,12738
nealko,17439
poháru,4948
odhadovat,12331
dodnes,17440
raném,2502
obviněných,6669
dopadly,10220
nul,5366
kochat,17441
obezitě,17442
trekové,17443
nazývá,13681
poškozování,17444
nejv,17445
zaměnit,17446
naplněná,4673
klobásou,13987
přísady,17447
letého,6947
vylepšila,5751
držel,13076
nedílnou,17448
vodárenské,17449
stiskem,2156
socialistických,708
krystalky,1796
podmínek,6321
tygří,17450
cyklostezku,17451
očekávám,10276
výstražného,10886
střídavým,3463
nahrazovány,10322
version,17452
existencí,17453
katalyzátory,17454
ředitelky,11699
vyrůstal,17455
profesních,5083
dieselových,17456
uvažuje,11962
solutions,17457
snoubí,17458
neříkají,5545
široko,17459
moskevské,4840
chráněni,754
horizontem,9464
ležely,4367
milovníkem,7309
edge,17460
potenciálních,4351
zůstanete,6925
decentní,17461
usazovat,9759
menšiny,10998
exteriéry,17462
znovuotevření,17463
poddané,17464
ústavy,8760
čestné,1545
komunitního,6588
rumunského,5369
spojíme,3190
pěstují,7825
přestupky,5721
údiv,9571
vlákny,6698
duchovním,7776
žádostí,8624
cyklem,2528
zaplacených,3955
vdovec,17465
arteriální,17466
dcerami,6331
kruhové,3857
inspiruje,15460
jan,17467
doufali,14091
křupavé,17468
snadná,6187
spokojeného,1591
putují,11717
pre,17469
vývojových,1340
připomínáme,9481
dlažby,9185
chutnal,17470
komentáři,5517
zakryje,14199
posouzení,17471
důvodem,6414
narazím,11070
šestnácti,12976
zrušen,4269
placených,601
ustupující,17472
obtéká,17473
stránkách,3749
vlažnou,17474
souladu,16264
lávky,17279
kyselin,16920
muslimové,6281
uveďte,9199
přibližování,17475
popravených,10375
objednatele,16561
šlechtu,14789
skrytým,3007
nadměrné,4743
mají,1970
rakouské,7073
vyhlídku,5541
testována,3254
závěrce,8311
poskytlo,5086
depo,17476
pořádat,14907
setkáme,15219
označili,10475
hnus,17477
čety,16139
převedl,7651
vyhlásí,15459
misijní,17478
vojvodství,17479
oslabit,12498
významní,6301
senátorů,8628
stavitele,6623
zpracujeme,4748
chtěj,1899
prohlédli,14508
patřil,11928
koláže,13150
prát,8569
hrany,11132
disciplín,5193
drůbežího,17480
ramen,6272
evidujeme,9011
vtipu,2481
presnejší,17481
oktáva,17482
svatbu,17483
lopaty,17484
narazíte,11070
bylo,3143
indiáni,17485
šířily,11559
lhůtu,17486
jednáním,15039
výboru,2395
grafech,807
nádorů,625
záviset,17487
stěhováním,9985
nastat,10772
ohlašovací,17488
paralelních,2277
legislativní,17489
škály,8929
dokazovat,17490
zdály,4172
zkratkou,10624
voucheru,1711
chudého,3253
prodány,6286
zdárně,17491
krajinné,7280
kampaně,13804
fotili,7341
čelovky,11473
užívalo,17492
zatkla,17493
protiletadlových,1725
šířkou,8607
jakýmsi,2294
salátu,981
usnadňující,17494
prodlužovat,17495
pondělí,17496
týkal,17497
kvalita,12023
přebývá,17498
indickou,6032
galvanicky,17499
důchodů,543
polokošile,17500
vítězů,8143
zažilo,17501
nacházím,7416
věnované,4418
mocným,2639
obrazců,4488
mažu,3801
přepravě,10152
tváři,5282
doprovodným,7925
watch,17502
fontány,8594
pořadu,1408
stehů,17503
tetování,17504
patrem,8436
bodového,4584
neutronů,15827
kontrolního,4090
zavazuje,17505
pižmo,17506
provozního,11605
nafta,7565
dramatizace,17507
hořčici,17508
vazbě,11136
našly,5054
blízko,10958
len,17509
seriálová,17510
murynka,17511
nespravedlivé,1147
zabráněno,10171
žijícího,17512
provádějte,17513
nástrojích,88
vyhráli,4705
získali,7265
ostrovu,2401
házet,14196
iniciativa,17098
ratingu,17514
dvacítky,17515
pocení,17516
poradili,5661
probiotika,17517
souvisel,17002
bytech,192
prohrané,17518
oblíbenými,1024
převáží,17519
dortem,3340
rodinách,3779
vzdálených,680
výklopné,17520
přihrávky,16797
blokové,17521
expoziční,17522
výzkumných,1318
přínosem,6768
nejúspěšnějším,1430
profesorky,10986
nejmladším,1207
doložené,17523
rolka,17524
židovští,3688
kongresu,4324
kameni,641
nezklame,17525
berní,17526
posvátnou,6862
matter,17527
cituji,9339
způsobilá,3709
majonézy,17528
habr,17529
spoje,15738
postaveny,1992
možným,3441
sférou,4028
vlnová,13035
kurzem,10760
trénincích,17530
neoficiálních,17531
homosexuální,17532
kol,1490
signalizací,17533
maďarština,17534
přijaty,3873
sesazen,17535
přesouvá,8513
medií,17536
výběrová,932
publikaci,17537
hustotu,17538
úkazy,13565
používáno,1019
barva,8674
label,17539
sochami,6398
vodojemu,17540
cen,8702
podpořit,17541
oznámila,13599
lékáren,2143
mech,17542
bránily,4739
energetickými,2171
častým,5821
vchodů,2585
iluzí,13894
ivzez,17543
zabíjejí,10561
plec,17544
dálkovém,493
božstva,12311
slovenským,2233
lekcí,13221
léčil,10688
okresním,4434
doporučili,10297
potěšen,17545
orig,17546
bag,17547
naznačovat,17548
koncovkou,14493
vytknout,17549
souhláska,13129
plynulé,7354
předpovídá,16005
zamýšlené,2417
visačkou,17550
zeměmi,9392
revertovat,17551
zvládnuté,17552
příspěvku,2954
manipulativní,17553
hutnictví,17554
očekávané,4273
využily,17555
adrenalin,17556
snažíme,10317
propagandou,17557
chatách,2282
odpisování,17558
individualizace,17559
dozvěděla,10194
kandidátky,17560
záhady,17561
minerální,17562
kosmodromu,17563
jímky,17564
dostavěna,17565
metu,17566
kluby,3422
manželek,4389
všemožně,17567
perfect,17568
podnikají,7571
nálety,10733
verdiktu,17569
nepřestává,6894
zaregistrována,5947
osmiletého,6781
prosíme,8660
vinu,5486
alobalu,17570
zapsány,8849
vyhrazených,531
měsících,2958
aktivistů,10213
listinu,15913
turistického,2175
provedena,2942
plní,14387
vyhledávaní,17571
výpravy,14388
exlibris,17572
italiano,17573
paper,17574
profilu,2887
místodržitelství,17575
přesunulo,7030
shora,17576
vezu,17577
hematologie,17578
životopisů,2944
ceníky,7836
nedostatkem,6907
vyučen,17579
konstanta,15690
bývala,5576
minerály,13737
národním,3066
elegance,17580
ovlivňování,17581
epochy,17582
znevýhodněním,16013
ukázkou,11208
vzpomínce,5417
omluvil,14993
určoval,16150
vany,11112
žen,3752
paticí,17583
lisy,7385
hravé,5573
desíti,7704
zašla,2749
spasení,17584
strategické,4210
novince,12174
dílnou,4012
zbyly,7900
pšeničná,17585
počítáno,3652
doladit,17586
navazoval,17587
jihokorejském,1895
tmě,13006
volíme,11353
pročíst,17588
renovaci,13767
armádního,5732
incest,17589
neváhá,12755
operacích,8145
složenou,2258
spisu,3278
poddaným,16010
štábu,3002
vyklízení,17590
ohebné,4325
zažít,13531
jiţ,17591
globálních,6042
proteinů,3694
brunetka,17592
medvědi,1990
poutavou,5469
emotivní,17593
hranicích,16305
options,17594
pociťuje,17595
polského,3607
nerez,17596
nějací,468
obdržené,17597
rázu,4877
vyhlásit,15459
předmětné,1776
konecne,17598
koblihy,17599
bolševické,17600
zajištěny,1671
zájemcem,17601
hle,17602
docenta,17603
osvědčeným,3748
prázdninové,2906
obsazení,17604
kloubu,3655
libreta,13868
srazit,13200
dočasné,3148
kyslíkem,2986
památníku,2332
deprese,12786
psychoanalýzy,17605
zaslal,16506
píšou,3371
kočkám,1222
obdoba,11801
následovat,12372
gravitačním,9373
důsledky,12775
štěstím,8490
němčina,4610
nudlemi,13862
soustředili,5198
odvolání,8106
vyjadřovat,17606
ponechává,17607
important,17608
odlehlých,8140
zřizovací,17609
kazatelna,13195
tvarovaná,17610
agregátní,1151
vyhrávají,17611
bojovníků,4125
pěkném,5103
povinno,3172
zastaralých,495
vymezeného,5163
bla,17612
mezidobí,17613
zůstalo,6925
úžasného,5184
dysfunkce,17614
vinylu,17615
kotlů,644
beznadějně,17616
slepé,6859
kočárkům,1194
výslužby,17617
even,17618
žal,17619
narodit,17168
dotazníkového,17620
zvládli,3055
předchozího,10476
průzkumem,2141
integrační,17621
rakoviny,5213
hnát,17622
triumf,17623
mathbf,17624
libry,17625
svátost,17626
reprodukce,11971
různým,6991
desítkami,10326
podrobným,6700
rozmanité,5750
muzikálů,2973
zanechává,13819
showroomu,17627
zklidnit,17628
roláda,17629
masa,4013
spoluzaložil,17630
pravomocné,6744
periodické,8477
hladu,4398
hrotem,7095
zklidní,17631
ministerským,11754
barevně,17632
argumentů,3117
ztrátou,13792
rozchází,17633
přidáte,15944
nikotinu,17634
garanční,17635
prokázal,11718
měkkýšů,17636
těžbu,17637
nájezdu,7135
perfektního,9636
rozestavěné,17638
nejnovějšího,225
zářit,17639
migrační,17640
nepřirozené,17641
velkoformátové,3298
zárodku,3434
počty,7464
loni,17642
hlavicemi,17643
uspokojování,17644
pevniny,15428
relací,12295
světlejší,8138
kontě,4323
plevelů,17645
výzvám,10919
procedura,14524
pomstít,17646
konfliktů,3577
dlouhým,4386
věnovala,9810
odpružená,17647
halovém,3111
rozhovorem,3104
zval,15618
prášků,2808
samota,8466
stáhnutí,17648
oslavu,17649
symbolů,6619
nadto,17650
angl,17651
slyšení,17652
smrtelnou,3087
odpružení,17653
využívaných,1762
chemoterapii,15084
tanků,804
nazpíval,17654
uškodit,8763
jara,15322
otevíráme,7938
házení,17655
upozorňoval,17656
spisové,17657
dvoulůžko,17658
blahodárně,17659
pšenici,16345
výrobního,7470
krotit,4719
uvádím,16847
původcem,10690
exkurze,13698
rampa,17660
zahradách,1319
combo,17661
začínajícím,5117
lidskému,652
nuceni,12178
shonu,17662
celulózy,11844
uznal,11672
komunity,8242
divákům,1759
vyhlásila,15459
pokolení,17663
pojistnou,4174
div,17664
posuzování,17665
posílám,8910
zakázaná,4002
charakteristikou,12480
omluva,11483
obezity,17666
pitva,17667
zašlu,17668
společného,2229
zmiňoval,17669
obuvi,10477
všudy,17670
gamma,17671
provedených,2942
turnajem,4066
kalifornského,13264
setrvá,17672
kompletu,897
dekorem,17673
vystupovat,17674
tunelů,585
ročníkové,17675
pochybnost,17676
posouvání,17677
odstranil,7379
jezdím,9147
umělkyně,17678
křišťálové,17679
protéká,17680
branže,12536
chodníkové,17681
tvarem,5849
jmenuje,12358
zesílenou,11755
vlakových,7596
tulipány,17682
divu,17664
samotní,523
obrací,16217
who,17683
asociační,17684
podstatnější,10370
sláva,10782
střižny,17685
česnekem,2688
bezodkladně,17686
zajišťování,17687
dobírkou,17688
emailová,17689
metodice,17690
narušují,11046
nacisté,16367
členem,4246
nebezpečného,425
pěvecká,4951
iniciativy,17098
vedeme,10862
barové,17691
partyzánské,17692
dvoupatrová,17693
dosahoval,17694
texturou,17695
kuřáků,2765
vyřešila,6936
vypovídací,17696
vídeňskou,14365
jistiny,17697
muzeí,9193
expandovat,17698
tradičně,17699
smetl,17700
čerpal,13610
korektury,17701
nejbohatších,4232
vykouzlit,17702
videosekvence,14928
převážnou,17703
důlního,17704
pěstitelé,17262
dopsat,17705
dabingu,17706
vyhladit,17707
odběratelů,2987
filmaři,8321
současnými,2791
znázorňuje,17708
oživil,8230
nástavbou,11591
bydlením,13213
výzvy,10919
jmenovali,12358
gumy,16555
nosní,17709
managementem,1680
frontmana,17710
římskokatolický,17711
houfnice,17712
usnesl,17713
uznala,11672
experimentálním,3956
individuálního,6710
magnituda,17714
oblíbili,12856
setkávají,16233
hodlá,7335
jógy,17715
architektonické,5723
scházet,10836
kresbou,8170
letci,8894
střediscích,5978
hospitalizace,14615
denkas,17716
nést,15142
hrubého,1080
zhola,17717
zaručí,17718
rámcové,17719
kresbě,8170
perverzní,17720
sou,17721
penisu,3004
chronického,5662
polské,3607
kapsami,1440
orla,17722
vyklizení,7345
brněnského,2246
vyhrazeno,531
přestavěna,17236
stejného,3971
procentech,9122
upečení,17723
cestovatelé,6100
incidenty,5018
miss,17724
zájezdů,1922
tahů,17725
povolená,3668
registrujte,7391
události,13429
směrnice,17726
každodenními,2075
žiješ,8677
dočkal,17727
uvědomovali,4662
zábavních,2420
stanovit,17728
smazáním,17729
přiznání,17730
analýze,5865
toužil,14348
směrem,11379
osobnostech,4856
ženám,3752
vodorovnou,17731
zaútočily,6517
průvodců,1219
zmatené,1581
vznikalo,9616
přitahovat,16281
spolupracovat,17732
vytrhnout,17733
care,8955
obvyklých,2118
certifikačních,17734
hitparády,17735
complete,17736
evropského,1676
hlavičce,14090
mark,17737
zebra,17738
místostarosta,17739
krátké,3284
vyvinutých,983
střelnici,17740
svědčit,12864
podtrženo,17741
rájem,3488
podnože,17742
pravá,1910
oblíbence,17743
chlupaté,4678
potenciálním,4351
vracet,15149
kyselina,16920
udržel,8206
distribučních,4566
vlastnického,17295
skupinám,7123
lžíce,12970
hlavice,17643
netěší,12138
stylovém,350
pozbývá,17744
princi,5202
ses,4228
příkopem,4138
nabízená,1073
opouštějí,9674
obvodech,2604
textílie,17745
stejne,17746
separatisté,17747
těšily,12138
pojištěných,1562
pěnu,15550
zřízené,2937
odboje,2696
objevily,8558
íránského,1760
svině,17748
vymáhání,17749
činem,4102
rotace,17750
apartmány,3466
konfliktům,3577
vidle,17751
srozumitelné,6423
hravou,5573
hlínu,15233
ohromně,17752
intervencí,12230
farmakologie,17753
obchůdky,17754
strašidla,17755
vzlétly,17756
kynout,17757
plynoucí,17758
nesmírné,13366
obdobou,11801
herečka,10652
dodatečná,1146
kvóta,14501
kraťásky,17759
silným,1864
rozlohu,13913
mentálních,3548
úředního,6958
clip,17760
pilového,10791
arménské,7705
zubním,6084
ovlivnily,11419
hod,17761
vodorovné,17731
obzvláště,17762
zvednutí,17763
čepičky,10949
bylinkové,17764
sest,17765
klasicistní,17766
najevo,17767
corporate,17768
federálních,5284
populárním,7742
zajistí,8602
trénují,17769
zveřejněn,1835
kováním,17770
naléhavě,17771
zdravotním,9786
syndromem,6668
nosem,4391
neúspěchem,7678
stáhla,5790
předpisem,3042
kupónu,17772
ediční,17773
specifikace,17774
vlnami,13191
smíchu,5468
plodnosti,17775
pětileté,3875
ulici,17776
brečela,8802
pomáhající,9250
pouhá,1833
tištěných,939
obavami,7996
osvětlování,17777
úspěchům,4134
bojí,5906
přijme,17778
vedeného,3773
potkají,17779
poptává,17780
šperků,1202
přítomností,8124
dvojicích,15609
potvrzením,11671
vychutnejte,17781
vhodnosti,17782
vozovka,9540
hymnu,15017
předvedl,8380
těšila,12138
příček,7623
coververze,17783
uvolnila,11937
výzev,10919
rafinované,3435
přiměřeného,1827
hodlal,7335
cennými,1169
fotonů,17784
presbytářem,5025
plusjednicka,17785
výzkumném,1318
jednolůžko,17786
odvedla,17787
úvahách,6051
radioaktivního,15539
nepochopitelné,13410
nalezené,3080
mléčné,6014
stíny,5630
bratrů,1757
zastavili,6543
hradba,14479
sliby,6217
odstraníme,7379
křídlem,6317
znali,5819
gregar,17788
označil,10475
průřezová,17789
lávové,17790
produkovala,9103
nemaji,17791
manévru,5770
vázány,4862
polyamidu,17792
leželo,4367
konferenci,17793
tematických,1613
extremismu,17794
odporuje,17795
novinka,12174
besedy,14878
registračních,6017
zahraničními,5590
pozorován,15427
uhlíky,5801
náklonu,17796
ohař,17797
gymnázií,5394
montáže,12632
kyvadlové,8739
uších,3968
uzdravil,15087
poutkem,17798
energetického,2171
vzdálen,680
skládka,12234
protipovodňová,17799
ledovce,2353
nepřátelská,1469
expozici,16519
neuvěřitelnou,15977
limitován,17800
mongolské,17801
utkáních,10073
levicové,2806
mýta,17802
baroko,16762
šesté,7946
bedlivě,17803
zadej,17804
catsuit,17805
brigády,11369
neochotně,14381
studni,7544
příjemné,4747
určitých,1525
opatřen,8108
snímačů,17806
upadl,14688
křestním,17807
řek,12166
urbanismu,17808
speciály,17809
proděkan,17810
vysadit,15176
rozvedla,17014
sbližování,17811
vlákniny,17054
zmenšila,10839
osudu,8099
taktikou,17812
clona,15020
trakci,17813
shopy,17814
bohům,5833
čelit,12103
odprodej,17815
růže,17816
starověkého,2833
promyšleně,17817
jezdecké,7270
prchá,13119
publikovány,3874
pobočkami,7498
kachních,17818
literárními,5269
žaloby,6689
označíme,10475
polního,10316
nehrála,17819
pravicové,1506
karcinomu,17820
kovpovrchová,17821
kružnice,15374
vydavatelem,4813
vydařil,17822
zachránili,6462
dominanta,17823
entomolog,17824
krátkodobé,2989
buddhistické,9582
chudé,3253
siluetu,17825
existovalo,1900
porazilo,11981
rolí,13850
příčnou,6780
kanálech,666
plastickou,8025
cena,8702
silnou,1864
vychoval,9054
emise,17826
anorganické,17827
motýlů,8528
nudná,1736
populárníblížící,17828
vtipnou,3525
modelového,2174
piš,17829
peří,17830
medem,7043
akceptovat,15595
exemplářů,2426
vypraví,14984
dvojlůžka,8468
citrónová,12107
sbírala,10486
obchůdku,17831
kroniky,17832
slabých,1180
členité,17833
lomy,7707
odolnosti,17834
podřízení,1311
drobně,17835
položeny,723
rychloupínací,17836
litevské,3402
dostupností,14241
prováděny,2626
stářím,14001
filmech,874
vylezla,17837
zákonných,2091
očkováním,17838
diecézní,17839
clonou,17840
přátelská,1469
zapékací,17841
zavírací,17842
vyžadujících,8053
lhůta,17486
koulí,10319
nazýval,13681
prodávány,6580
ztracených,354
určitými,1525
vázána,4862
niž,4435
těžce,17843
lyžařským,2232
zavřenými,1105
planetek,16812
structure,17844
zasílat,8037
panáci,9194
balkonů,17845
písty,17846
šlapání,17847
veletrzích,3690
sledovalo,8565
hlínou,15233
osmou,11658
vědí,3324
chrámem,1137
oborů,1984
neověřené,17848
nenese,15142
střel,11170
útočnou,2268
zabývající,17849
desátého,6197
dopravním,9635
odřené,17850
santalové,17851
theory,17852
předkládám,17853
vybudovanou,17854
asociace,17855
vztahujících,11660
svatí,5050
opatřením,17856
nez,17857
příjezdem,12420
porostu,6379
nespokojených,1591
zlomí,17858
metrů,5786
otevřelo,2616
punčochové,17859
holokaustu,8359
platem,2582
černé,2894
obecnímu,8201
zapsali,8849
celistvost,17860
zhodnotil,7590
dozvím,10194
ocelová,1873
odchylku,17861
nouzi,17862
encyklopedicky,17863
demolice,15343
dusí,15957
nýbrž,17864
zobrazená,17865
nutných,1282
srandy,13962
decentně,17866
konsolidované,17867
šablonou,13149
připomeneme,8049
nebytových,904
zhluboka,17868
výchovnými,4791
míchání,17869
paradoxní,17870
nenastane,10772
využijte,17871
napříč,17872
vylučovací,17873
background,17874
ohroženo,6278
kulturistiky,17875
přestavěny,17236
řádka,1965
navštěvovala,8485
neuvažuje,11962
reflektuje,17876
záhonu,3523
vybízí,17877
smrti,13047
poptávek,16522
volených,6389
osvojování,17878
zaměstnávají,12577
fuck,17879
umístily,5318
výživou,5878
komodit,15284
garážového,17880
jednotkám,1046
konstatovat,14883
přesného,1623
realizována,2596
lékárníkem,5830
bratru,1757
umělcům,620
kazatelem,13195
fabriky,17881
pokládání,6347
lepšími,5562
svrhnout,17882
chytla,17883
dnešnímu,3412
proměně,17884
neúspěšné,1430
účinné,3316
přátelští,1469
vystavena,1247
musíš,4512
ukulele,17885
sladkost,8959
nežádoucímu,13151
psího,6128
dělostřeleckého,3116
nemusíš,4512
přiliš,17886
profesně,17887
partnerce,9448
nápisem,7283
odpůrce,17888
výkopové,17889
klášteře,2610
zjistíš,4935
výnosů,5116
vily,12792
františkánského,2548
pozinkovaného,17890
automobilek,7670
fyzioterapie,17891
předběžnou,5223
časovém,1502
anatomicky,17892
závěrů,7800
kopule,17893
kolejové,17894
získáme,7265
definovanou,3991
komplexu,5709
dopingu,3927
zadostiučinění,17895
hudebně,17896
zvědav,17897
cyklostezky,17451
míra,13374
konání,17898
uplatňuje,17278
zbudování,17899
exilu,17900
německou,4774
jednot,10932
knihovnické,17901
případné,2064
soběstačností,17902
masáži,13750
jemné,4800
pastviny,17903
prožitků,3947
elit,8434
střelu,11170
ryba,8068
uhlím,11223
píše,3371
rezervujte,7443
dědice,17904
úspěšnost,13977
křestní,17905
konzervativně,17906
zasažena,7434
nalezeny,3080
sekulární,17907
vyřízena,4969
osvobozené,17908
montují,2960
donutilo,5434
prováděla,8797
pokoušejí,10105
kapitalizace,17909
plechovce,7056
procestoval,17910
železná,2384
nepřálo,17911
dorostenci,17912
byzantské,4865
stěhují,6839
tureckého,3842
fotečku,17913
čerstvého,1228
genů,6171
přiměřenost,17914
pojmenován,7106
travní,17915
hydrataci,17916
explodovala,17917
informovala,9992
obsažen,9022
nátěry,5856
nacismu,3866
opačnou,12352
slevové,17918
stávce,9969
teprv,17919
upevnit,5812
vyrábělo,8110
zveřejňované,17920
dostatečném,1979
dochovanou,17921
odvykačce,17922
zabaleno,17923
oznámeny,17924
lákavé,17925
střelecké,5753
přesunutí,7030
přirozenosti,17061
váhání,17926
dělohy,9630
náhody,3584
přesnost,14151
průměru,16651
početí,17927
absolvovat,16864
samotu,8466
dospěli,7398
přizpůsobili,5036
představené,3433
tenistek,5583
opřel,17928
přílivu,10391
lovců,5457
dramata,17929
vynechal,14187
recenze,7908
cvičiště,17930
medvědí,17931
čtyřiceti,8892
přejídání,17932
neznám,5819
tramvajová,17933
plátěné,12987
zapsaná,17934
vozíků,197
vyvinulo,7625
společné,2229
ztěžuje,17935
klubům,3422
perly,16469
samému,1061
skončilo,11816
zaměřena,2103
kolonku,17936
zářiče,17937
zvýší,14555
zapsán,8849
mravy,17938
bašta,17939
ustavičně,17940
kategoriích,17941
klidným,2961
odehrát,14419
kopírují,2649
vařili,7840
solo,17942
kuličkové,17943
vpravo,17944
povíme,10478
vyhovovalo,8257
proteiny,3694
nerozhodně,7128
nabíjecích,5155
turistům,2717
obsáhnout,6401
trojúhelníkové,7285
tělíska,17945
rapid,17946
dánskou,8499
pečující,5217
sprše,3052
přispívající,17947
sluchově,17948
výplatou,5571
protony,17949
okupovaných,14385
bilanční,17950
univerzálnost,17951
každoroční,17952
plující,17953
edicí,17954
souboji,3230
hodnotilo,12405
urážet,9962
odpovědných,5253
usoudit,9206
pojistnými,4174
fuj,17955
orientačního,8813
odhodlal,17956
vnímáme,10359
obdélníkového,5341
panice,17957
fluorescenční,17958
blízkých,2396
řečiště,17959
hygienickým,4489
dosáhl,9047
smyčce,17960
látkám,5729
repre,17961
trading,17962
železné,2384
odvrátit,16234
nahlédnout,17963
zvláštní,17964
vhodných,1744
fialovou,7425
agrární,17965
tabulce,6984
předešli,8182
doručeného,17966
místech,7561
určo,17967
talířů,1220
otazníky,7413
utvořit,17968
obrázkům,1244
lepšímu,5562
akcionáři,6296
tato,789
krátí,17969
narodil,17168
výměnné,8773
vsadila,9289
rektora,9516
ozvi,10200
kvalifikací,14629
reprezentačním,4644
malebnou,17970
series,17971
riviéra,17972
výměníku,2540
čau,17973
studovala,7169
standardům,2087
demontáž,17974
rozhlasovém,859
patologie,17975
studiová,17976
ložnic,1361
profesorem,3845
dceřinou,17977
tvému,726
náhrdelníky,5620
pruhu,4803
vzpírání,17978
kanadského,2747
nechaly,3101
botách,3057
zklamat,16582
věkově,17979
vesnice,17980
jmenuji,12358
spadly,4911
gólů,2656
bavlna,9019
nedopustil,17981
zúčastněné,17982
humus,17983
komunistům,2429
nárokuje,17984
vylepšení,17985
působištěm,17986
lednu,14165
dokladu,1050
přístupnosti,17987
hot,17988
detoxikační,17989
tocích,2875
středisek,5978
zónou,4738
vděčni,10467
divadlem,9452
vole,11353
struktura,14192
počeštěno,17990
lanovek,17991
středního,6831
trakční,17992
vniknutím,17993
výrazové,17994
chemickým,1576
senátoři,8628
dietu,13591
věrné,3764
památkáři,17995
kontrakce,17996
nadpřirozené,17997
okvětní,17998
vtáhne,17999
přestěhovala,8781
diagnóz,18000
audiovizuálních,2435
noclehu,12468
pouhým,1833
zdůrazňovat,18001
kontaminaci,18002
vtipem,2481
chutí,11288
zimou,9740
drobným,2801
upozorňující,17656
nepatrnou,6189
dokázali,3082
agens,18003
střídal,15939
jednatelem,18004
svalstva,8752
podlahová,3068
ptala,8316
kultura,10857
nesrozumitelné,18005
srozumitelným,6423
zájmového,5348
vysloužil,18006
auditorské,18007
mrzelo,18008
převedena,8753
kolejnice,18009
indukce,18010
akty,11688
významů,7264
metrické,18011
haldy,18012
dvojitým,1926
ošetřovatelství,18013
hnojivo,18014
sdělením,18015
bitvu,18016
nekonečně,4947
snižující,18017
neklidné,18018
klubaktual,18019
kumulativní,18020
čistém,809
osídlené,18021
zmáčknutí,18022
množin,5515
předního,8823
neboli,18023
samostatných,853
kůře,12191
reportážní,18024
ústně,18025
vstřikování,18026
kvalifikačním,8653
pomstu,11085
přímočaré,18027
dešťová,2690
safari,18028
narušování,18029
collection,18030
akord,18031
klesat,18032
nemluvě,9575
zásahům,18033
naplňovat,16532
živnosti,16889
přispět,15706
příloha,13082
sebedůvěry,11028
máta,18034
slaví,18035
vytvořeno,546
tvorba,9715
kaučuk,18036
násobí,18037
zájmových,5348
venkovském,1329
překvapením,18038
zavede,10774
tetě,4251
reklamací,4915
žijící,17512
horečka,15524
strane,18039
kolektivních,5845
začali,5079
nepovedlo,18040
domaci,18041
umístěného,2633
dvora,1420
napsaly,4765
stydím,11601
žuly,18042
rozkládající,18043
autobiografie,14777
sehnání,18044
lžící,12970
očekává,10276
uznávaného,5526
chlebu,13139
vzácného,4061
obžalobou,9572
pasiva,8463
synagogu,18045
malinké,2408
nedostalo,4679
výdejním,18046
kojenecká,14652
zbaven,18047
segmentace,18048
stávajícím,3065
souhlasit,12040
chátral,18049
mateřského,906
uhelné,18050
metodiky,16907
udržovaná,3622
procedury,14524
rolemi,13850
přeměna,10348
nebál,5906
devizových,13087
vařte,7840
tvorbě,9715
vkladanie,18051
svátkem,9831
opakuje,13408
živější,745
skialpy,18052
městečkem,9418
partnerskou,1554
vozovna,18053
důvodné,18054
posledních,6176
převážná,17703
only,18055
nekonečných,16422
želva,15389
konečnou,2286
traileru,18056
kapradiny,18057
nařizuje,18058
příběhů,2971
očích,4044
paveljirsa,18059
demokratů,6241
konaného,18060
předměstí,18061
založil,9032
loňského,3746
záběrů,3533
polí,10366
zakladatelů,12124
pověření,18062
neobsahují,6401
kbelíky,3516
negativní,18063
tenisového,1857
nedovolila,4409
zlínské,6681
hřebíky,4338
pokulhává,18064
spojovacím,12764
cestováním,5451
roztokem,5696
rukávy,4065
výpůjčce,18065
pochybovat,9997
průtoku,5251
hledáš,8169
dokázáno,18066
pruhy,4803
upínací,18067
omáčka,12702
lokalizaci,18068
klubovém,886
každodenních,2075
liber,17625
střepy,18069
blízka,18070
neznámá,8496
klíčových,1658
tonerová,18071
indická,6032
našlo,5054
bojištích,11093
odvede,14785
liposukce,18072
neobejdou,18073
dovolila,4409
návrhové,18074
milovníky,7309
vývojová,1340
separatisty,17747
nesnesitelné,18075
obviňuje,18076
říjen,18077
kuželek,5148
vnímají,10359
tříleté,3103
podrobnosti,18078
sehnala,9311
resuscitace,17298
stolet,18079
řádové,18080
osobnostem,4856
finálové,4799
násilným,18081
číslu,10566
využita,4635
báli,5906
realitního,7295
nynějším,7552
takovými,502
měřila,5594
nima,1664
nedalekého,5999
smazána,4974
koluje,18082
zařízeníroubenkastatekubytování,18083
přenesena,4853
parketu,6114
smíchat,13051
lovem,5937
veřejných,481
udělalo,4567
mozaika,14020
šetrná,1884
plout,18084
játry,2380
valí,18085
ostuda,18086
odvaha,9922
odbornost,18087
vysvětleno,10579
bulbapedia,18088
přechýlení,18089
krmí,5409
organizovány,7269
postavilo,4501
limitní,18090
obránců,5536
víčka,13887
splacení,18091
falešných,947
vyvážená,4598
slovinská,4521
bratry,1757
podal,11359
skončení,18092
boji,3886
doplňková,2988
nejbližším,2396
suvenýrů,6178
vybudovaná,2695
likvidita,11452
kategorií,17941
podélnou,4883
dobročinné,18093
tobolka,18094
přenesli,4853
polyamid,18095
degustační,18096
výstižný,18097
zalesněná,4337
geologická,3213
nejvyšším,3619
obohatil,10159
slzotvorné,18098
zemřelo,8672
max,18099
nesporně,18100
deště,4850
příbuzného,6600
okolnostmi,15224
zodpovědná,5565
výtečně,18101
rodinnému,698
lhal,8471
nuceně,18102
posuzuje,16648
nezávadnosti,18103
chystali,7337
prognóza,12133
teplém,1967
nabyl,17408
případným,2064
vybíhá,18104
here,18105
ideou,11384
konventu,18106
zmíní,18107
zvyklostem,13536
activities,18108
považují,11025
konstatuje,14883
sovětskými,575
prstech,4062
centrům,7004
avec,18109
boulderingu,18110
očekávala,10276
zneužíváním,14754
øízení,18111
malbami,3850
letům,18112
klesl,18113
dóza,18114
nevšední,11226
pocházet,17094
libra,17625
advokáti,4841
not,6767
klukama,18115
filtrace,18116
velitelé,7369
hrozit,11596
svítání,18117
důkazem,3017
ledové,1072
příznivce,11523
otevřením,15717
shodnou,9944
vzácnou,4061
sešel,13925
nehtu,3394
příměstské,2726
nevyjadřuje,17606
dodali,4773
mocnou,2639
žene,17622
smetanou,6024
řeznictví,18118
template,18119
proměnným,18120
žebříčků,18121
jejímu,9203
drama,17929
blesků,1607
lucerna,18122
prohlášení,17338
bombardováním,18123
study,18124
půlstoletí,18125
svalová,4926
věřících,8446
předávány,18126
nevydržela,4870
pečování,5217
prodána,6286
ostrého,4254
množstvím,13643
útvaru,2708
zabezpečují,18127
pater,8436
společná,2229
truhlářství,18128
monohydrát,18129
ligovým,3853
chůze,18130
pobírá,18131
násobení,18132
hlouběji,18133
restaurací,11345
odpoledním,11498
podobě,7693
pomocným,3859
považuji,11025
rozšiřovat,18134
nepříliš,18135
přirozená,2991
mladšími,1207
podepsané,5416
výsledkové,18136
absolv,18137
nieto,18138
nabízím,6917
vyjednávací,18139
horizontální,18140
poukazů,3386
modlitbě,10588
vyprazdňování,18141
opakovaného,2436
dramaticky,18142
peklo,12900
prvni,18143
docházejí,15247
figurka,9331
parkovacího,8141
osudným,18144
jaře,15322
zanikne,18145
funkciepovrchová,18146
rohože,18147
návěsy,18148
výmazu,18149
nulou,5366
pozvolný,18150
silnějším,1864
časopisech,477
léčebnou,6186
opékání,18151
větry,3685
dostupnost,14241
přecházení,18152
kvalifikace,14629
hvězdných,1939
koeficient,18153
přibližná,7511
dotačního,13114
větě,8451
dorostenců,18154
nadržená,3805
životností,14595
bodovým,4584
vydáních,16727
směli,6288
fér,18155
klientely,11139
potřetí,18156
popravy,7864
přípravami,8515
vzorem,5627
pozoroval,13288
rostlin,11603
lízání,18157
usmívá,15691
skle,3261
medailonky,18158
ztráta,13792
potisku,18159
napodobování,5298
nevyhrála,4705
samec,18160
předávání,18161
pečené,3299
vagína,18162
přirozenými,2991
oblastem,15276
džungle,18163
nohám,8226
expanzní,18164
spermií,10918
jód,18165
medvědy,1990
výstavách,12312
mikroskopie,18166
komínu,1477
udělí,11188
humanitních,10660
vycházka,9981
odehrávalo,14419
pilíři,4192
trolejbusová,18167
obrovského,1579
dřívějšího,14428
radě,6416
subjektu,1150
put,18168
realistické,3233
chromované,18169
kompostu,4519
kodexu,18170
poznávají,13908
natočena,9055
trénovali,5504
origo,18171
tajném,1443
zkoušek,4655
domina,18172
leukémie,18173
představitele,11983
ospalost,18174
kritická,1595
lyžařů,4702
kvést,18175
hazardních,5942
asijského,3938
edukace,18176
získaného,2698
silní,1864
břichem,5687
oblast,15276
obsahovou,18177
vynese,13636
uděluje,14152
objasňuje,18178
lineárním,5893
studie,18179
zakázáno,4002
čáp,18180
místechpo,7561
hlavicí,18181
profesionalita,18182
nejdražších,7935
blížila,9398
excelentní,18183
meditace,9367
dávala,10999
nedařilo,9101
neproměnil,3053
romantismu,5739
sáhl,7109
pohybujete,10762
putování,18184
napsány,4765
projekce,12967
vyhnat,14502
ideologií,18185
děvčat,3489
šéfem,2173
procentem,9122
patřící,18186
sklizně,12961
vyhlásil,15459
souvisle,18187
podléhá,18188
hrtanu,18189
přistěhoval,18190
spočívá,11837
nezviklá,18191
úzkost,13477
pleteniny,18192
metabolické,18193
obklopen,18194
rozvojových,1729
specialitou,18195
brzdná,6116
detaily,18196
tací,18197
ligovou,3853
vkladů,2089
grafit,18198
sněmovního,17371
nauku,18199
samotnému,523
zřetelně,18200
obklopený,18194
uzávěr,18201
other,18202
planet,2158
věnuji,9810
babkazov,18203
mocná,2639
zobrazovány,4890
portálech,18204
newyorského,13466
zaměstnanosti,14141
sloupu,2636
můstku,2250
plným,2264
daných,757
fleky,8497
křivce,12784
zasílejte,8037
biskupa,16479
komorního,12151
pojišťoven,8487
ploch,1346
postaveno,1992
svatební,18205
city,18206
okrouhlé,18207
bakterií,15021
tolikrát,18208
směřování,18209
přímky,8746
taková,502
časování,18210
dobovou,2270
much,7865
pravomocně,18211
ukrajinská,1708
stahují,7122
folklorní,18212
následky,10231
vytvářející,18213
vhodnou,1744
kotoučů,18214
pokoušeli,10105
tropickou,3910
věnovalo,9810
kurtů,2885
průhlednou,3878
šamponu,18215
hitem,1668
podílových,2702
islámské,3141
ekonomická,752
prudkého,8893
adrenalinové,18216
připsat,18217
soudku,18218
závisí,17487
křenem,18219
vládě,6102
oborové,18220
občanské,3150
cisterny,18221
nejvýraznější,5535
ubohé,18222
zpětná,4311
přeměněny,8288
rozebírá,12942
půjčovna,9707
obléká,6215
krásným,6129
výletech,1256
zbývalo,12738
vytvářeli,9143
bližší,2396
vánočními,8650
prstenu,3902
představujeme,7844
vrtáku,1954
koncertech,3618
duchu,2811
počátečních,8013
ohraničuje,18223
nosná,5403
setkává,16233
pozve,13576
náladou,4349
kontaktovali,18224
zadu,18225
přídavek,18226
desítek,10326
stupňů,5471
rozhodnutích,13891
sliznice,18227
omyly,2795
letmo,18228
zobrazením,18229
premiérovi,5683
horníci,6594
svádění,18230
louce,11124
podařilo,8791
příslušnství,18231
objektivních,5794
obojího,18232
výrobním,7470
šermíř,18233
podložek,18234
day,18235
příbuzném,6600
navrhované,1265
měsíčku,18236
postihu,11328
kytarových,2751
přicházeli,6300
nejak,18237
magazínů,18238
období,12520
šoku,4294
fasádní,18239
stomatologické,18240
normě,10742
tichém,721
vrchů,6554
levely,18241
titulkem,6888
nezměnilo,6473
pakt,18242
dvojkou,14161
tvorbou,9715
dlouholetého,5442
farmacie,18243
karafy,18244
latinčine,18245
cestovali,2925
indikátorem,2680
roce,4455
zřejmý,12025
přijatého,3873
odpovíme,5016
tragédií,18246
jubileu,18247
sovy,18248
rozvor,18249
gumovým,2324
biologických,1125
teče,18250
pomýšlet,18251
tezi,18252
čep,18253
ležák,18254
odstranila,7379
koncertuje,3618
palečky,18255
diod,18256
mluvě,9575
rozkazu,2709
orientována,9805
nejlevněji,9033
okolnost,15224
řeky,12166
dušené,18257
popáleniny,18258
misionáře,16243
přečtete,3707
vytrvalost,17300
ofenzíva,16870
pobýval,16624
přijat,3873
proniknutí,18259
kreslených,382
vyrobeným,2748
interakcí,8751
jseš,3143
expedičním,9537
ostrovů,2401
škále,8929
klinik,18260
závodì,18261
členském,1331
držitele,12212
převelen,18262
organizačně,18263
borce,4556
předsedou,6083
workshopu,18264
přechody,1541
kinetické,13420
obojku,2056
kraji,3314
smrtelné,3087
vyprodukuje,14168
osloví,12280
consulting,18265
vyhledávají,11401
vysílači,18266
nádobky,18267
vyvolávající,18268
dědiců,17904
tlakem,4449
dokončili,7769
psán,18269
komínem,1477
bulharských,3487
fakult,8427
paletě,11857
postojem,4148
pravomocného,6744
pahýly,18270
hodinové,1042
radou,6416
přípravného,3425
molekulu,16390
markýzy,18271
klubového,886
smluvními,18272
vyráběná,2921
kandiduje,13427
úrodná,17100
vesnici,17980
vrcholy,7868
živnostenském,1619
smrkové,4749
potíž,5581
vybraly,4695
kmitání,18273
následovníků,5757
nebránil,18274
nezpůsobí,8639
podzemního,12222
nerozeznání,18275
vložením,18276
písním,11862
dnešních,3412
torpédoborce,9541
definic,15966
singly,18277
mužská,1158
bolševiky,12936
dominantním,12619
poznala,2858
utajovaných,13441
univerzitních,2863
středoškolských,2815
stejná,3971
prostěradla,8805
zemřou,8672
chýlí,18278
zkušenostem,11065
značené,18279
jednorázového,1094
zpěvačky,12185
vyplňte,8252
rozmachu,7593
symfonické,2923
položených,723
bratrstva,18280
posuvná,18281
parcích,1323
šestou,7946
úlomky,18282
vzorů,5627
mizí,18283
erupcí,18284
aktuálními,9726
oprávněnosti,18285
věcně,18286
efektivních,2425
milostné,6930
chrupavek,18287
pravní,18288
potřebném,1021
litá,18289
vnitrostátní,18290
pojistným,4174
přiznali,11171
lovce,5457
litografie,18291
upozorňuje,17656
žlaby,18292
nieco,18293
prosperity,16628
predátorů,18294
višně,18295
garážích,2578
ubytováníubytování,18296
liberálního,12058
jednoduchostí,7186
vypovídá,11518
naznačuje,17548
odborových,2485
kruhu,4827
lokálním,7822
zadním,7209
kritérii,18297
dovádění,18298
nestála,545
žádaným,14153
distribučním,4566
putovala,18299
screeningu,18300
úspěšnému,1430
lodím,3166
katedrály,11848
doprovázený,18301
kwh,18302
nepřinese,5735
neslyšeli,7519
upíry,18303
cizincem,4494
listem,1216
incidentů,5018
intenzity,14473
astrologie,18304
koloběžek,4477
zaevidovat,18305
dodávce,5035
podělím,18306
neskrývá,9821
stráži,8874
osmičky,18307
konkurenčním,5392
faktoru,3012
provádíme,8797
většímu,1403
výhledu,9559
nechvalně,18308
genové,18309
folie,18310
klíční,18311
vyvést,13017
společenská,2304
smrtelně,18312
nanáší,18313
volnými,2088
jimiž,4435
blatníky,6622
problematické,3817
vitamínem,5841
rozvíjí,11946
komisí,12585
sportovně,18314
neváhala,18315
hodnotami,7469
piva,5484
albu,10572
feed,18316
posunul,18317
hlásili,6725
snažila,10317
padnou,4420
investorem,3138
active,18318
pomůžou,18319
round,18320
upozornili,9023
vývozu,5797
pokrývky,18321
zradu,18322
friendly,18323
čokoládová,1751
nástrojové,18324
měj,1970
fórech,6642
jazzu,8422
vázáni,4862
storno,18325
nadlimitní,18326
příspěvky,2954
odvolává,18327
šibenice,18328
svatořečení,18329
pojetím,14095
obojživelníků,18330
cukrovou,18331
drátěné,1455
poznali,2858
holek,4320
hodnotila,12405
oponenty,8993
přiklání,18332
vybírání,18333
tvá,726
velikostí,11826
vládnoucího,18334
emocí,8809
rukojmí,18335
požádat,8574
brand,18336
zmíněnou,1828
objímka,18337
okolnosti,15224
místopisné,3537
očekávat,10276
bavorský,18338
zveřejňovat,18339
unesl,7099
písm,18340
dospělo,7398
milé,5070
jednoznačnou,10118
stříbrném,4605
výkřiky,5826
zdokonalení,18341
omezená,1685
zasahující,18342
jakýchkoliv,582
nedokázali,3082
výcvikové,18343
integrovaném,187
transparentní,18344
listí,18345
mentálním,3548
indikátorů,2680
rozhodčí,11319
klenbami,14094
obdivoval,11195
ideálních,5564
dodatečného,1146
stínící,18346
svobodném,1119
klást,15111
stativy,18347
ubytováníluxusní,18348
extravagantní,18349
elektroda,8089
pronásledují,15320
trzích,384
pátrám,18350
farmaceutických,2132
soustřeďuje,18351
nepopulární,7742
vesta,12920
olomoucké,12659
palety,11857
stabilním,2621
opuštěném,713
počátkem,9711
čepel,18352
zástavby,13822
mostů,667
zvířatech,2992
reflektorů,1715
zlepšili,10468
existenci,17453
skloňovat,18353
tažná,6608
karlina,18354
vyššími,3619
fyziologických,9424
středověkého,3140
odpadovému,13707
producenti,6047
vyrobce,18355
zadluženosti,13435
demokraty,6241
rozptyl,18356
pohledávku,18357
fotka,2975
muzikálu,2973
zahnat,18358
láká,14322
odesíláme,5153
akcionáře,6296
nenajdete,5054
omezují,11027
novinkách,12174
vsechno,18359
hrůzu,16060
svislou,5401
judikatury,18360
potlačit,18361
zůstali,6925
bazalkou,11431
rezerva,11105
velikého,1915
společenskému,2304
řešilo,7327
redakčních,5203
puse,9534
poklesl,13257
pojmenuje,18362
omlouvat,11418
rozhlednu,15704
mučedník,18363
potkám,17779
absolventům,4442
jistém,3517
psů,279
prokázání,18364
sebevražedné,6254
utvářet,17968
říše,14746
řetězci,1784
průdušek,18365
uzlech,18366
nešli,1758
přesvědčuje,15366
uzavřete,18367
označilo,10475
povídek,10663
chemická,1576
zdravotníků,9132
vyplňují,8384
slušel,18368
nepřetržitém,2644
obdobnou,9779
nadpoloviční,18369
provedeních,13158
směny,13744
třetice,18370
památkovou,8882
uskutečňování,18371
notně,18372
membrány,11007
rozporu,16096
periodikách,18373
předčasného,7303
protipovodňové,17799
translation,18374
dojíždějí,18375
none,18376
atrakcemi,18377
odvíjet,18378
utváří,18379
neučinil,14077
obsahově,18380
odběratelem,2987
malin,10488
správnímu,11472
strike,18381
rámečků,18382
potkal,17779
neměnné,18383
režíroval,18384
potýkají,11447
zajímat,8683
přesouvají,18385
stejnojmenného,1920
nebankovních,18386
nejbližších,2396
připište,18387
vzbudilo,7765
usmrcení,18388
směrové,11892
zdech,4277
neveřejné,481
čímž,11495
článku,9651
plísním,8047
gumové,2324
tohoto,789
kte,18389
navrhli,8862
rozdává,15679
palcem,7442
balvany,2936
suverenitu,15910
časně,18390
slovenštině,14779
budoucím,5646
vyplácet,14970
splátka,7573
pamětníků,7139
dbají,13901
řapíku,18391
sportech,2073
přijatelné,4308
jídly,2038
uvítání,18392
pomstě,11085
facto,18393
arbitráž,15954
symbolizující,18394
džungli,18163
křehkou,3675
tohohle,675
alb,18395
depozitáři,4307
hranic,16305
rovným,1964
pořádané,11153
zateplení,18396
bodové,4584
naplňte,12183
bohoslužba,11015
doleva,18397
umístěným,2633
omezeni,10825
komárů,11110
atentáty,7983
místu,7561
page,18398
postupovalo,6132
tagy,18399
školského,3252
úlovky,18400
nespočívá,11837
úrodné,17100
zoufalství,18401
pension,18402
vstřebat,18403
svazu,3495
přístřešky,1887
nemocnicí,9533
nebem,15382
světelná,18404
radiální,18405
zachytily,9623
vládnoucí,18334
uplatněny,18406
chovatelé,9224
područí,18407
záhada,17561
politické,3245
směrnic,17726
jižních,7860
příšerné,3996
ovlivnilo,11419
pomerančů,1923
rostlo,4054
pomocnou,3859
britská,3527
prvku,1597
análu,18408
sukni,18409
rozvinutých,1651
zbytečnému,1258
vědeckými,766
věřím,4378
nesměli,6288
sledujte,8565
bolelo,10573
věznění,18410
bezdomovce,9966
inscenaci,18411
výhonky,18412
speed,18413
proměnlivou,11092
vize,11944
papírových,263
milování,18414
vrtáků,1954
obtížné,4534
srazilo,13200
přemístěna,12907
silničním,6149
sezóna,14339
odkazu,4159
rostlinky,18415
píšeme,3371
projdete,8711
fotografického,1191
zakončený,18416
kloubů,3655
přehledu,4347
fatální,18417
pravidelném,1425
večírků,1444
ošetřujícím,6974
etické,2520
zapsanou,18418
organizátoři,5619
najetých,18419
nuceno,12330
šnorchlování,18420
autonehodě,18421
podat,11359
sloužících,5899
zapomenutých,994
vzdušnou,2631
skotská,8090
propasti,13566
přebalu,18422
ředitelce,11699
bezlepkovou,18423
klády,18424
uváděné,9764
mluvím,9575
praní,18425
předpověď,13763
řemeslníků,1407
nečekejte,18426
rekonstrukcích,14033
metodicky,18427
předložené,4988
povinného,3172
velikonoční,18428
zmocněnce,7992
pořádal,14907
vazební,18429
zajímají,8683
odstřeďování,18430
cyklisty,3392
nepomohla,5647
špičkových,397
jasno,18431
kartiček,18432
odnož,18433
napodobeniny,18434
luční,18435
chovaných,18436
nehod,7559
věnuje,9810
nemalé,251
vzdělávacích,2660
náskokem,7731
spolehlivých,302
přilákat,15773
tisíců,6799
return,18437
restrikce,18438
zdmi,4277
stíháno,6400
špinavých,1121
stabilizovat,18439
radostně,18440
definování,18441
přesuny,7540
propojují,18442
nahrazeny,12286
andělé,7288
nepřináší,18443
výpad,18444
variantami,5503
skvělou,3601
továrních,5580
vyjímat,5968
kaple,15289
primo,18445
odvozené,10448
výběhu,8782
podržel,10153
zmínku,18446
seřazen,9335
typově,18447
podléhající,18448
všeobecná,2568
pákou,14345
spektru,12682
účtují,6408
rozsáhlými,1569
larva,18449
vkládal,18450
ranou,2502
italská,4109
prohry,13354
terapeutka,4136
vítězové,8143
připomnělo,8049
busty,18451
klimatickými,15332
standardů,2087
nachází,7416
posílejte,8910
proboštství,18452
kloubem,3655
sportovním,5805
chladném,1257
zlomil,17858
spekulativní,18453
organizována,1487
čelech,12336
stydí,11601
projevilo,14611
úsilím,12582
vysočina,14960
odstraň,7379
mali,18454
stadionech,2565
politickým,3245
vlastenci,18455
zkoumáním,18456
vrchnosti,18457
vypustila,14134
tepelných,2169
velitelské,18458
dostupnostks,14241
ropucha,18459
trapně,18460
pochybách,10522
revizní,18461
sovětském,575
rozšířit,10311
soudům,1293
přemýšlela,9396
záhlaví,18462
intenzívně,18463
vystavovatelů,14657
prováděním,14193
hodu,17761
potopil,15967
splatnosti,18464
šli,1758
popsaných,3443
ocenění,18465
větvení,18466
informování,18467
bruslí,3382
extrakce,18468
naplánovali,18469
plánujeme,8199
mediálně,18470
krevním,3621
srážení,18471
krásného,6129
hromadné,7780
sucha,12882
neodolatelnou,18472
odležet,18473
konkursu,2736
hnízdní,18474
ledová,1072
předsíní,3247
veřejném,481
medvídci,7716
měkkých,2418
pelety,18475
barokního,9231
popsal,10649
umožňovala,10176
zakázkách,5511
zpracovatelů,7754
kontaktech,2658
zrno,18476
slaniny,4824
nezískali,7265
spárů,18477
prenájom,18478
nezůstává,9291
čerstvém,1228
svalové,4926
porce,13010
reportáži,18024
izraelského,5763
hele,18479
rozsvícení,10197
měnilo,7778
plánovaném,1004
dozvědí,10194
autobiografické,18480
lanko,18481
setkáváme,16233
sign,18482
křišťálově,18483
pokochat,17441
paliativní,18484
antioxidantů,10723
bouří,15157
zdravotnickým,1038
osobnostmi,4856
dramaturg,18485
vstřebává,18403
architektem,2750
neliší,18486
fotečky,18487
sběrače,16504
zprostředkovávají,18488
synů,2422
zvládneš,18489
napsaná,3613
brankou,11751
honosné,18490
živelní,18491
válečníci,6484
podporovala,10634
čerstvým,1228
procedurami,14524
chybných,3630
odjeli,10956
napsala,4765
hrana,11132
dovedli,5921
trio,18492
znamenají,2915
dodavateli,3180
konferencích,17793
minoritní,18493
tehdejšímu,6891
maršála,6574
negativně,18494
výborného,3444
vodnímu,7463
mířit,18495
posádek,3641
vyhlášeno,9758
zatýkání,18496
prémii,15067
zkoumaných,9988
pište,3371
použita,581
mošavu,18497
dýmky,18498
filharmonie,18499
ostatn,18500
měsíčních,5032
toxiny,18501
odvedenou,14785
vyčíslena,14703
výzva,10919
trvalém,4579
vyhlídkové,5541
chromu,18502
drsnou,6364
píšeš,3371
tahu,4098
květinou,5629
ústupu,17362
spěje,18503
dostávali,9262
vrtulníků,642
metodě,7080
obdržela,9889
document,18504
oceli,13462
konkrétnější,2905
vyrábí,8110
malinko,18505
formulované,18506
vytrvalostní,18507
břicha,5687
psychoterapie,18508
udělají,4567
dvěma,6489
metodikou,18509
ležení,18510
vyznačen,18511
dokumentarista,18512
nátěrem,5856
alergií,9713
sloužily,4989
kovová,768
kopaček,4713
stopami,6836
dřevina,17078
registrovány,2187
tekutého,3949
výfuky,3973
prádle,758
těšit,12138
jedinců,927
uvádějící,18513
zelím,9388
výpletu,18514
domorodci,18515
končí,13094
parčíku,18516
osobitým,5125
cvočky,18517
šikmo,18518
léčbě,7433
detekcí,18519
plesové,18520
čerpat,13610
vnímala,10359
neklidu,11049
seniorské,14809
zviditelnit,18521
prodlužuje,17495
konstrukcích,7203
zoologické,18522
židovského,3688
française,18523
vypracovány,2789
ořechů,11723
spolkovou,18524
jistá,3517
měšťanských,16928
scenáristka,18525
sochařské,18526
teoretických,1566
korbu,18527
neznáme,5819
oblouky,4629
ingredienci,18528
rýži,16342
mathcal,18529
padaly,3384
radsi,18530
nabízeny,1073
zmíněné,1828
bydlíme,9857
republice,4239
přivodit,18531
styling,18532
přísného,6339
obdivovat,11195
povinné,3172
lídra,18533
autorech,8560
podlepené,18534
blízkými,2396
nerovnice,18535
konverzí,18536
nejužší,3074
přezkum,18537
přírodního,6561
velkolepou,2207
etiky,10178
trendu,6353
definicí,15966
pořeby,18538
prostou,3899
vycházelo,11432
formičky,18539
bramborovou,2307
moderátorky,4314
žraločí,18540
zakřivené,18541
privátním,4330
nezávislých,18542
cyklistické,1994
vyslala,8444
neřešila,18543
stehenní,18544
označila,10475
dojíždí,14158
přeměněna,8288
vlacích,140
papežského,1788
polytechnického,11673
zlem,9824
opory,18545
rozpisu,10177
odrážející,18546
pomohou,5647
přátelství,18547
systematickou,6152
navštivte,6763
vylepšením,17985
skupinou,7123
rasy,13995
krytou,2888
marně,18548
praktikám,18549
gruzínského,11373
přítomni,2145
kapalná,11810
srážce,12291
odvádí,18550
folklórní,18551
cenové,3877
distributory,8803
kněžství,18552
zavádění,18553
zážitku,2074
bývalá,2712
podpatku,18554
developerské,18555
vlnou,13191
včelího,11173
hladem,4398
tis,18556
čtverců,2247
dobytka,2592
vyrovnávání,18557
vjezdem,13048
konfliktu,3577
prodloužit,14775
popisují,9390
strachem,4326
záporně,18558
nákladové,18559
hippies,18560
vyplácí,14970
chovy,6682
inspektorem,3741
odchylky,17861
hodnotil,12405
profesích,8948
zrání,18561
utrpěl,16518
zeminu,16082
psychice,5719
zámeckým,4613
parlamentního,13132
tomhle,675
mateřská,906
odvodit,18562
nátlaku,7100
uvádíte,18563
pomohlo,5647
roubené,18564
mockrát,18565
konkláve,18566
ukrývají,18567
atletů,7903
předvádění,18568
různě,18569
chrupavky,18570
prosadí,18571
zář,18572
spodky,7323
chcela,18573
koncepčně,18574
špatném,1639
optika,6885
vstupoval,15862
celodenním,3950
nezávisí,17487
nenašly,5054
projděte,8711
striktně,18575
senátorka,18576
rozebrání,18577
počínaje,4565
skladů,1885
těší,12138
stezek,11867
jedenáctého,9136
zánětem,5128
kompletním,5092
událostem,13429
zastávám,18578
kamenným,802
rehabilitačního,18579
zmínili,18107
zlepšují,15091
teorií,14546
klade,15111
ideálů,2822
přednáškou,18580
březnu,14670
studentkou,6487
opírat,14059
začátcích,9783
proběhlo,10259
pozvolna,18581
masové,1284
kila,16156
snímcích,1015
zahrnout,18582
legie,18583
podnikem,2230
čárou,14325
odolná,1592
projevit,14611
vazby,11136
hotelích,1184
prahem,18584
zpívá,8518
přívodního,18585
palestinské,18586
vykládá,15278
nabízejících,9767
popisované,18587
zážitkem,2074
historky,14645
naprostým,9888
devátým,8286
kolektoru,18588
nerovnosti,18589
poděkovat,18590
erekci,18591
přechodové,6598
obkladové,18592
barevnými,888
hrášku,3249
velikánů,18593
připojila,852
ovu,18594
optimistické,5058
mřížce,6630
map,6103
zpětného,4311
vleků,11204
křižníku,5582
srbsky,18595
dobytí,18596
odrazu,7980
konference,17793
hořáků,18597
pouličního,9815
nádorového,10291
nevyužila,5975
přímému,2720
pěstována,7825
skvělé,3601
the,18598
four,18599
originalita,18600
příjemců,10698
slovanskou,3807
ostrém,4254
početná,11586
magického,1973
rovné,1964
ošetřovatelská,18601
klesne,18113
centimetry,7017
okamžitá,1719
označoval,11225
doplnil,11546
dávají,10999
silného,1864
orchestru,2645
dýha,18602
úzkostné,18603
vodohospodářské,18604
vybraní,524
průhledné,3878
klášteru,2610
videí,1568
hlady,4398
polštině,13153
zázraku,2306
vyvolat,18605
odrazil,11982
jezdila,9147
znakem,4016
spotřebitelského,177
turnajů,4066
patřit,11928
stříhání,18606
koncertním,7576
půdy,8947
nezbylo,7900
naznačeno,18607
slepá,6859
svislé,5401
zachytila,9623
afrického,4327
mléčného,6014
suší,6434
bodově,18608
ubírat,17141
dýchá,12905
čekají,5760
vyjádří,17357
holí,16471
kruhová,3857
užívají,7554
přijela,8835
zeptejte,3370
šedesátých,18609
zlomku,4220
složitých,891
vyřazena,270
prvenství,18610
koním,385
cyklistiky,8834
stlačeného,18611
střevech,2534
provinční,18612
osy,18613
probírali,11592
nacházející,18614
baziliky,18615
jiskru,16909
bílém,2818
publikací,17537
arabsky,18616
nabídky,10615
čelním,15373
sbormistr,18617
souhlasím,12040
cukrárna,15624
spáchání,18618
nepostrádá,18619
odpovídajících,7558
demografické,5897
ohniskové,14959
subjektivních,5896
hmot,7465
důležitým,2842
souvisejí,17002
okresu,11594
držíte,13076
podávali,13112
magnetickém,453
rovinaté,18620
odůvodněné,18621
dárkové,18622
házeli,14196
miluješ,6082
přijíždí,18623
domovních,1853
rytmicky,18624
čistoty,12216
bil,5911
závažným,4888
špínu,16310
stejnému,3971
jednokolejná,18625
wikicitáty,18626
realizovaného,2596
môžete,18627
shrnout,18628
čínskými,1110
universitě,18629
dvouhra,18630
nejznámějšího,1356
float,18631
vozovek,9540
blíže,10958
plánech,673
střílí,13305
vytvořilo,5854
neradi,4559
uvedenými,2209
továren,3296
orientalista,18632
granty,7094
bombardéry,1542
parfumerie,18633
německé,4774
komunitních,6588
výškou,9241
čísly,10566
mnohaleté,18634
motá,18635
románská,6360
řadit,16612
vydrželo,4870
plané,18636
vodíkové,18637
imitaci,18638
písemným,2437
prezentovány,3976
čistých,809
variantách,5503
realizovala,7698
zemským,4690
předávat,11078
plavby,11211
hladkým,3352
holandské,7223
moderny,6525
penziony,18639
přechodech,1541
tkané,18640
kdyz,18641
útvarů,2708
konat,17227
neprokázal,18642
vypálení,18643
přikládá,15929
opakovat,13408
požadovány,5168
usuzovat,18644
klíčovým,1658
stručnou,8155
sankční,18645
rozpory,16096
stoletím,13703
mládeží,11943
olše,18646
podotýká,11314
voj,18647
ustálené,18648
jednotlivým,589
zahraničním,5590
netroufám,18649
smluvní,18272
bývalým,2712
organizují,7269
blízká,2396
multikulturní,18650
náhlého,9071
korespondovat,18651
nadílku,18652
kruhem,4827
zúčastnit,15391
exkluzivně,18653
odboráři,18654
konceptu,665
ztrátě,13792
uzavřené,3131
trvající,18655
požehnání,16649
tmavého,3609
zaslechl,18656
udržovali,6560
pradávna,18657
coli,18658
trvala,8493
pojatá,18659
kšiltem,18660
ozvalo,10200
kožního,14721
zedníků,2477
narozeninách,4381
zaručit,17718
symetrie,18661
ball,18662
uvedeného,2209
provazy,9333
jichž,4435
rozvíjely,11946
oceňované,18663
vzpomínkové,5417
zdolat,18664
zlevněné,18665
polyuretanové,18666
vyjmeme,5968
hráčkou,10054
unikat,18667
dívek,6704
unikátního,9848
čekáme,5760
boduje,18668
parlamentem,1465
zázračné,3242
procházkou,7244
organizovaného,1487
žilo,8677
létá,11508
leteckým,3456
důsledkům,12775
přesunula,7030
pohonných,3559
plošných,975
křižníky,5582
mušle,18669
šestidenní,18670
savany,18671
nožů,474
panovnické,18672
sklenících,404
spravnej,18673
pilastry,18674
cihelna,18675
detailnější,14730
původnímu,5459
členění,18676
renovací,18677
hlavami,3754
energetická,2171
zpíval,8518
stěrka,18678
špičkami,15472
chycen,6579
podělí,18306
chalupách,2346
zapálí,9237
pepřem,2236
sanační,18679
prokázáno,14073
návrhům,2071
vytvořila,5854
čokoládovou,1751
informacích,2040
řezivo,18680
hlasováním,12021
kolizí,16964
explicitně,18681
uvedeném,2209
klinice,10665
bavili,6899
ušima,3968
propuštění,13044
celém,1564
hektolitrů,18682
svědectví,18683
nesmyslné,17431
řapíkaté,18684
omlazující,18685
jarmarku,12781
poskytovaného,8452
nanejvýš,18686
výraznější,5535
uvedených,2209
komunálního,18687
zábran,15590
spotř,18688
ledvinami,2798
sympatické,2227
existovala,1900
pouzder,3411
dělnického,16147
nakl,18689
několikaměsíční,18690
editora,18691
dbejte,18692
ironií,18693
rozběhu,4998
předchozím,10476
přepisu,3344
jednoletou,18694
jádry,2535
tuším,4940
výztuž,18695
vizuálním,6063
záplava,18696
naměřili,18697
stadionem,2565
nadporučíka,10333
posudků,1978
juda,18698
supposedly,18699
odstranili,7379
terapie,16854
baletu,10044
využíváno,1762
kloubové,18700
podzemních,12222
městským,909
většinovým,3837
označeny,3568
oblastech,15276
quality,18701
velitelem,7369
moravskoslezské,18702
avizoval,18703
magisterské,3360
mrazů,2514
sounáležitosti,18704
řečený,11985
nebývale,18705
zorganizoval,10470
varovala,12200
stáda,10050
pokračovat,18706
číselných,1138
obdobného,9779
rámové,18707
věř,4378
brigáda,11369
senátorské,18708
sekretářem,3740
prohrávali,9201
mlýnů,2097
žaludku,971
hranicí,16305
popáté,18709
cení,18710
skvělého,3601
antigeny,13297
bolest,17207
donutily,5434
uveřejnit,18711
plazů,10768
vysvětlili,10579
dráž,18712
beránka,11388
uvolněné,4480
pečlivé,3119
opevněné,18713
zasvěcen,18714
vybírány,18715
diplomatické,18716
obracím,18717
doviedel,18718
zoologie,18719
vzorcem,4416
metropole,18720
rodit,9285
polovině,7093
označením,15285
náhradníkem,10318
debatu,18721
momentem,2907
našli,5054
vecer,18722
podávají,13112
sladkou,3432
vytvoření,18723
náročnějším,742
bře,18724
bibliografické,18725
internován,18726
auditorů,18727
republikánské,18728
geodetické,18729
tranzitu,11969
nezvykle,18730
vesnického,1906
přispívat,18731
propracovaná,2976
pohne,8903
novinářka,1280
odstěhovala,12050
homologaci,18732
narážky,18733
identifikovány,5666
injekci,18734
přeřazení,18735
vzácné,4061
šálků,1988
dluhů,1141
molekuly,16390
našima,18736
bin,18737
dávejte,10999
tka,18738
kontaminace,18739
ústředních,4170
stolce,5660
takováto,764
potápěčů,18740
obráncem,5536
břidlice,18741
stimulují,18742
prave,18743
hospodářským,1601
výkladem,4680
vtom,18744
lite,18745
výborným,3444
grand,18746
považovány,5435
zažloutlé,18747
prodlouženou,18748
věříme,4378
olympijského,4157
nafukovacím,18749
odpověděli,5016
obojky,2056
víza,11880
zázrakem,2306
nepsala,18750
drobní,2801
slánského,18751
svých,325
sklopení,18752
nájemného,14651
provedeno,2942
biskupské,11484
komplikacím,18753
explicitní,18754
navýšen,18755
psáno,1306
sebevraždy,12482
podvazcích,18756
věnovali,9810
sezonu,17138
veľa,18757
způsobilo,8639
penzijních,3471
básnická,13031
alergická,5518
končil,13094
zásobníků,1718
biskupského,11484
předehřáté,18758
střídavé,3463
uspořádal,8635
oficiálními,7301
odměnit,11866
srážkou,12291
různými,6991
řetízku,18759
stabilitě,9269
rekreaci,18760
sestřenicí,9747
obratnost,18761
uteklo,9788
bum,18762
satirické,18763
zvyšování,18764
anonymních,2329
deštěm,4850
matice,13266
nevykazuje,18765
upravení,1434
tehdejších,6891
vysvětlovala,12353
započal,18766
zrušeného,4269
zpracovala,4748
založeného,3501
pohanka,18767
vosky,5005
petrželkou,18768
gaye,18769
kolonky,18770
knedlíkem,2354
přistoupení,18771
návštěvnost,14752
názorně,18772
vse,18773
přípravném,3425
určovat,16150
postupovala,6132
mezer,15549
paprikou,9264
prvovýstup,18774
spoji,18775
svatbě,17483
zajišťuje,15839
hmotnostní,18776
poznámkou,1076
zvyklostí,13536
připustil,14627
horizontu,9464
vodící,18777
příspěvkem,2954
nepřipouští,18778
širšímu,12143
organizmů,490
blokace,18779
frac,18780
hladká,3352
pomáháme,9250
poliklinikou,8295
rozhovorů,3104
lusky,6860
buňkách,2602
specifickým,2586
podívejme,5632
nezmínil,18107
ztráty,13792
pátou,4551
bonusem,8350
spojencem,3669
odvetu,18781
majících,11115
koordinovat,16875
vědoma,9234
zbývají,12738
borci,4556
doplňovány,14370
nabídnuta,5081
státním,4018
komorou,10471
štětiny,18782
skrývají,9821
končin,11083
požadovala,5168
vedeném,3773
zpestřit,18783
přesáhla,13431
bezprecedentní,18784
krav,8917
útočil,8415
intenzivnímu,16476
nedělí,16079
krystaly,1796
navrhuji,9956
civilním,7061
dosavadního,10325
tetou,4251
sbírají,10486
rozvíjejícím,8334
hladkého,3352
učiněn,18785
skupině,7123
trhliny,18786
šlechtického,1802
přistála,9204
poznejte,2858
mnohá,3813
odolnost,17834
spolupracovníkům,1974
vyřadili,9062
lupínky,18787
mocně,18788
úhrn,18789
říznutý,18790
celistvé,18791
rozvine,14587
učiněné,18785
oddělenými,1647
středoevropské,18792
bitva,18016
stabilita,9269
nejrůznějších,6991
přednastaveny,18793
zaměstnáno,5886
italští,4109
rozvádí,18794
patky,18795
nešťastně,18796
aplikována,5963
zdobily,18797
zadními,7209
nosného,5403
posvátné,6862
sazebníku,18798
rozhlednou,15704
nádržky,18799
vlasu,3008
izolačního,16492
játrech,2380
titulů,3236
uvedená,2209
výhod,10392
nadýchané,18800
stravě,6488
povedená,3636
poutní,18801
orientovány,9805
dialogů,3663
hodnocení,12906
kupolí,18802
důkazu,3017
plná,2264
zahájeny,11749
obecnější,6202
kyrysar,18803
děkanství,18804
kruchta,18805
náměstka,10959
stánkové,18806
otcové,1448
opřít,17928
textura,18807
kněžiště,18808
alfa,18809
zveřejnila,13483
zachycuje,18810
mateřským,906
klubem,3422
zraněn,9864
painting,18811
stopkou,18812
skryta,3007
texturu,18813
rodného,2492
létal,18814
přilnou,18815
předány,9663
dražbách,12770
hladoví,1552
nováčků,3522
doporučoval,14816
průmyslovém,500
nevyhovujících,18816
zachován,4536
korupci,18817
atp,18818
podnikatelských,367
omluvila,14993
zbavíte,8503
lepení,18819
průběžnou,2703
přibývá,18820
sýpky,13733
delšího,4386
mířil,17205
válcová,18821
vlhku,13109
unikly,14608
třetích,7617
zaměřili,9698
podhůří,18822
dáváme,10999
ústavou,8760
antropologie,18823
říj,18824
masivním,10113
filtrací,18825
jemně,18826
prameny,12364
dialogu,3663
promile,18827
splnily,11575
nazýván,11679
rukám,3989
definice,15966
výrobcům,10003
souhlasila,12040
strhne,12706
řeckou,5073
zajatci,13768
kalendářotvorce,18828
sjednanou,15229
nařízení,18829
rumunsky,18830
působivou,5776
klipů,4666
zefektivnění,18831
konzervatoř,17017
pilířů,4192
půlky,4604
odměněni,11866
útlaku,18832
vojenskému,1335
úrody,6916
posledním,6176
trůně,18833
rukavičky,18834
průmyslovými,500
následků,10231
přerozdělování,18835
klesnout,18113
pravostranný,18836
perorální,18837
třením,18838
odcházela,8002
přehrála,18839
pokládka,18840
zarazilo,13747
tajemnice,18841
sýrů,602
přátelským,1469
venkovských,1329
komunistických,1326
rozpadem,16103
ohňostroje,7311
povýšení,18842
zvolila,8153
sledujeme,8565
podílel,18843
nabízených,1073
balkónu,645
poměru,10591
odnesla,7342
společensky,18844
bazénové,18845
otočil,8339
dělené,6048
středověku,9352
majitelky,2255
letových,3181
mottem,18846
odstraňovat,16404
taktického,11573
zápalem,6928
činiteli,6666
zlákat,18847
benefity,8543
čteme,3336
mazlení,18848
kúra,18849
porad,9094
break,18850
kuličky,13621
řiďte,1435
uvolnění,18851
nanést,15078
zdůvodnit,18852
zlepšování,18853
pohořím,10433
nealkoholických,9906
komfortním,7420
nepřeberné,18854
zábřežsku,18855
rostlinné,2538
očištěné,18856
fotografovi,5789
opozice,18857
words,18858
ratanové,18859
zapálili,9237
žádná,1556
plošné,975
trojúhelníku,4231
odráží,16819
refinancování,18860
kruhovým,3857
laťku,18861
měřím,5594
vozidlům,18862
doktorské,4908
povolila,6567
přízeň,18863
etnického,2510
producentů,6047
roč,4699
raw,18864
thajská,18865
byrokracie,10735
důsledku,12775
grantové,18866
obracejí,16217
uprchl,18867
sluţeb,18868
posoudit,18869
spojité,18870
ostré,4254
sběratelské,18871
odrazy,18872
světové,1645
manažerka,18873
oboustranným,3127
horského,3588
potěšením,11772
košer,18874
izolací,14685
zproštěn,18875
sněmy,5218
případnému,2064
porotou,11655
nepřesáhne,18876
prozrazuje,18877
ilustroval,18878
celoročně,18879
organizovali,7269
dokázala,3082
nahrávce,1924
odbyl,18880
pronikla,10304
vítězka,18881
týdnech,1375
nevidět,8260
rozšířeného,4124
ohni,4094
maximu,8670
zaručené,4560
dočkat,17727
mezinárodně,18882
překonává,18883
sněžit,15933
známosti,15313
překladatelů,8884
uvedenému,2209
soupeřky,18884
žánrech,7226
úvodu,7741
velel,18885
závidět,15132
častému,5821
krizi,16626
malých,251
různorodá,3745
označeno,3568
hází,14196
písničkáře,7530
diamantem,6861
sání,18886
astrologii,18304
skandinávské,7116
nacistickému,2497
domovech,274
smlouvě,14948
kované,18887
saních,7092
křest,18888
postavení,18889
rizicích,6597
souvislosti,18890
kritiky,13177
přístavy,3327
nikl,18891
farmáři,2416
proveditelnosti,18892
rozkladu,9729
vychází,11432
nadhledem,13675
krbových,6085
načerpat,18893
pomazánky,13727
mravenčí,18894
výborem,2395
posouvat,18895
jugoslávských,930
sebevědomé,2095
navštívila,6763
colorboxu,18896
nepřáteli,304
průměr,16651
světelného,2661
teplomilné,18897
závidím,15132
výročím,18898
kapacit,5222
vydržela,4870
ochránci,5186
moderátorů,4314
řemeslu,5885
alergickou,5518
syntaktické,18899
apr,18900
vlny,13191
vyřazeno,18901
osmdesáti,12086
pracovněprávních,15265
přivítat,18902
slevou,13735
novinky,12174
účinným,3316
kupujícímu,2361
vzletová,18903
jihočeská,13652
vytvářela,9143
pochlubila,8634
lebky,6501
obnoveno,1378
senzační,18904
psychiatrických,13178
důsledků,12775
oblíbených,1024
nejprodávanějších,6580
infostránce,18905
foto,18906
taktiky,6412
vojskem,12974
vcard,18907
žiji,8677
organizačního,14292
kontrolních,4090
vypadali,2028
ropa,11785
neziskového,884
vystihují,18908
tureckým,3842
pusté,3925
rozmnožování,18909
literárním,5269
priori,18910
hnízdě,6828
břemena,13388
zahlédla,18911
nedat,4880
povodňové,18912
regionu,6545
dvouletá,5674
chůzi,18130
rybami,8068
děláme,3644
zpracovaných,2840
prostá,3899
obtížněji,16709
žádoucí,11079
polymery,18913
záliba,4334
normalizace,18914
generálnímu,8908
náhrobky,18915
projednán,18916
důkazní,18917
která,2595
podává,13112
floor,18918
zanechala,8843
kovářství,18919
poštovným,14523
typickou,3809
pokrmů,1705
sněmovně,6261
známější,1356
považovali,11025
epub,18920
nanášení,18921
vyrobená,2748
finalistka,12464
načasování,18922
obřadní,18923
nižšího,4663
diskusích,18924
přestavbou,9772
scénické,18925
analogicky,18926
holubů,12032
puntíky,18927
hoppova,18928
zbavuje,18929
nasbírat,18930
přesunul,7030
zastupitelstev,11243
následují,12372
děsivě,18931
domníváme,4648
parta,9188
mocného,2639
publikovaných,3874
prostorových,701
regenerace,14856
lidovým,2819
oblíbíte,18932
cyklech,2528
fotbalových,1453
odloženo,1616
uchazečům,1998
předpověděl,12699
vycpávky,18933
pravidelnému,1425
dostávala,9262
protinacistického,18934
nezklamal,16582
kreativním,6126
horkým,4684
nabírají,18935
králové,6933
páková,17080
vypsal,9404
ovládli,3972
variaci,18936
zákonná,2091
mela,18937
brownfields,18938
jmenné,18939
rubriku,15994
šipkou,3054
starali,418
hádka,10646
žádní,1556
podají,11359
dotacím,18940
mladých,1207
samčí,18941
tvoření,18942
kolmé,18943
nárůstu,8722
stáji,12502
bižuterie,18944
středa,18945
brzké,18946
spojkou,12681
pobavilo,10463
zajímavé,5127
směrů,11379
temnotě,13805
semifinále,18947
pozastavit,18948
šestiletého,18949
nepochopení,18950
ose,18613
bezbarvý,18951
sedanu,8254
pozvat,13576
místotř,18952
rajónu,13446
řešeních,4457
přejímá,18953
rozpustný,18954
pláže,11233
ozvláštnit,18955
prostranství,18956
vyřadila,9062
frustrace,18957
plakátech,603
čti,3336
aspektům,5242
závodům,3532
rozjela,18958
pohybových,1129
přilehlém,5406
sultán,16724
skále,8985
leporelo,18959
odběrná,18960
výzdobou,18961
božskou,9177
zohlednit,15186
rozsáhlému,1569
mlýnu,2097
obranného,1742
dvojité,1926
pečují,5217
gothic,18962
řezání,18963
žár,18964
civilizačních,4223
chlupů,5672
zastupuje,14050
pochybnosti,17676
střídavě,18965
sdružovat,18966
pul,18967
hráškem,3249
opětovného,16538
veselejší,4922
rotundy,18968
syrského,4030
stojíme,545
úžasným,5184
klubů,3422
krátkým,3284
zachránila,6462
slovním,9010
prodejích,11278
stropu,2037
energetice,7412
vybudováním,14118
odhadován,15744
supernovy,18969
pardubické,10373
agregátů,1151
varovali,12200
rozjasňující,18970
míčů,921
japonská,3120
vzrostlé,18971
nič,3892
softshellová,18972
limuzína,18973
odtržení,18974
stopách,6836
puvodni,18975
pokutě,14706
gotického,3712
polokoule,18976
nevelké,18977
oficiálních,7301
stanoviskem,16398
nesmírně,18978
hrozila,11596
hurikánu,4496
koncovkami,14493
kapitálová,1916
širší,12143
příkladech,1524
ortopedické,18979
jazykovými,1584
strukturami,14192
upřesnil,18980
kapitoly,18981
dozvíte,10194
samolepící,18982
rychlém,750
případného,2064
odlesky,18983
propůjčil,18984
daleké,5999
dáli,18985
rytmem,2221
nebyli,3143
předpokládaných,6690
obuví,10477
odděleně,18986
kotouči,18987
záhadné,2968
obávala,11230
monografii,18988
věčného,2783
atomových,10902
přispění,18989
dobru,10051
zobákem,11304
teplotami,5152
upravil,10369
obce,13997
půdorysu,7764
módou,881
platného,1706
snažíš,10317
šťávy,8608
zoubků,18990
autorovy,2555
stavebníka,10042
civilního,7061
vysokém,3619
příležitosti,14172
souvisí,17002
ochranná,1391
padně,18991
hranách,11132
učedníky,14029
středu,18945
skleníků,404
cela,5292
převodů,2779
sira,18992
stabilitou,9269
posílen,18993
kreslíř,18994
užitkových,7181
zisků,4130
průměrných,410
vlaková,18995
obětování,6335
magie,17361
exteriérů,18996
citrusové,18997
lososa,11365
zakázán,4002
plovací,18998
zmizení,18999
please,19000
krokům,3164
obviní,19001
raritou,19002
rozvahovému,19003
sáčku,3554
zúčastněným,17982
pozorovat,13288
začátečníkům,1483
gangu,19004
proražení,19005
kladnou,7431
polévková,10225
operního,16322
bariéry,11845
činžovního,19006
divočina,14021
rozdal,14532
modelek,13929
vrchnost,18457
zadního,7209
výrobních,7470
opisy,6645
všimněte,6461
rodnou,2492
výměny,9479
slovanského,3807
dlouhotrvající,19007
světců,13063
úkor,19008
naznačil,15261
rostlinného,2538
nanesení,19009
hyaluronovou,19010
fotografům,5789
nizozemskou,9273
svědění,19011
divoce,19012
dopravcům,4531
singlem,19013
měsíčním,5032
kořenového,2288
připomněl,8049
zmenšování,19014
kontrolách,5980
zvýhodněné,19015
honička,19016
rozděleno,2844
showbyznysu,19017
dutin,13212
procenty,9122
motoristů,11207
mzdová,4259
natáčel,14698
prvotním,8604
rate,19018
modulech,19019
ozdobou,19020
metaforou,13248
rekonstrukcí,14033
komunistickém,1326
zřizovatelem,9842
zavádějící,19021
any,19022
festivalové,19023
nabídková,10565
kurikulární,19024
insurance,19025
nechyběla,8532
celkovy,19026
viditelnou,926
kladou,15111
pohlaví,19027
výtisku,19028
intro,19029
nabízení,19030
olivami,15209
přehledné,2345
stíhacího,9588
udaje,19031
doběhla,15964
klasicismu,19032
šířce,8607
vrácena,11894
granátu,3648
sjednání,19033
kopání,14350
vzniklou,6717
separatistů,17747
utekli,9788
založené,3501
nenapsala,4765
release,19034
třídami,5290
definují,10753
lišit,18486
zdravím,19035
sbírce,6236
polobotky,19036
výprava,14388
vzdorovat,19037
starosty,15262
tisících,19038
projevily,14611
středověkém,3140
pružina,19039
velkovévodství,19040
českými,936
paletka,19041
přesáhnout,13431
bakalářského,3149
pořadatelé,6002
posunout,18317
srdíčka,17249
hrotu,7095
uvádělo,16847
soustředila,5198
vozíčkářů,13752
lesem,5523
tropy,19042
misce,7525
podíly,4123
strukturou,14192
širokým,12143
protikladu,4379
kryje,16154
tel,12
centrálních,1637
zařazení,19043
získávají,10564
plochými,1066
přílohy,13082
osazená,19044
komunální,18687
představenstvu,7954
premiéře,11923
tombola,19045
planetách,2158
financovala,12186
zajistila,8602
sláma,19046
experimentálně,19047
katedře,11852
správním,11472
vydáno,2526
odtok,19048
malinká,2408
navrhujeme,9956
ohýbat,19049
deskových,19050
trati,10074
resp,3640
dovolují,10502
ztrácejí,8808
valné,9858
zkrácen,14290
oplodnění,19051
projevuje,16373
světelných,2661
písečná,19052
škodlivosti,19053
setkání,19054
účastí,15986
přírůstkem,5775
stanoví,17728
zahájilo,14798
novostavbě,9949
chválit,17202
fantasticky,19055
minutě,4698
nedoporučuje,14816
vysok,19056
pokřtěn,19057
nejvyhledávanější,19058
tvrdým,2190
ranního,11614
spory,10452
památné,8297
vyšly,8308
pravými,1910
dress,19059
ustájení,19060
nauka,18199
zakázaných,4002
podoba,7693
legitimitu,19061
železnicí,8022
pokročilí,443
osvobodil,13392
rampy,19062
navazující,19063
partička,19064
kryté,2888
matek,6663
sonáta,19065
zaměňuje,17446
koupel,19066
stříkání,19067
bohoslužbě,11015
přichystal,19068
wireless,19069
pojistném,19070
ručení,19071
výhodami,10392
kvality,12023
řezbář,19072
středních,6831
přítomny,2145
kouřem,19073
mořského,2254
dvouděložných,19074
řešených,2834
velmi,19075
humorné,19076
grantového,18866
výprodej,19077
prodali,5566
letka,19078
neuznává,19079
černoši,19080
nahore,19081
sifon,19082
pesticidů,8480
státům,545
tvořících,19083
zlikvidována,6510
horolezců,3826
značné,6035
obyvatelstvu,7971
provedla,6953
konci,13457
ararat,19084
jakých,2979
zpřístupnění,19085
classic,19086
chatovat,19087
zpěvačka,12185
drinky,19088
hrozná,5383
udržitelnost,19089
dovolím,4409
sledováni,8565
náhradě,8054
hebrejského,7346
advent,9063
ráfku,9963
odcestovat,19090
přežila,7766
hořlavé,19091
poskytnuto,740
infoboxu,19092
soustředěny,16462
registrována,7391
absolutismu,19093
trpaslíků,1031
dusit,19094
navrch,19095
předala,9751
rozhodly,7319
startovního,10046
vešla,5126
opatství,19096
přemístěny,12907
kudrnaté,19097
stručné,8155
upevní,5812
blízkou,2396
nájemního,3906
funkčních,550
rozhledy,6844
odstěhovali,12050
dávkování,19098
bohy,5833
parabolická,19099
porušují,11566
dědičnost,19100
neplatnosti,19101
baleríny,19102
vlasové,3219
takzvané,2553
povzbuzující,19103
úspěšném,1430
přístřeší,19104
spravovaných,11702
plne,19105
kritizuje,17297
kontextu,6586
zachyceny,19106
pravomoc,9819
nazván,19107
bereš,5455
směřuje,11846
nežijí,8677
dotčených,7168
krásami,8483
vyrobena,2748
hollywoodské,19108
romantické,5356
investorovi,3138
dlouhodobé,2337
papriček,19109
řetězců,1784
sakristií,19110
vrcholného,7628
agresi,19111
kombinaci,19112
mluvíš,9575
zdiva,8173
odvysílán,19113
mořské,2254
jezdili,9147
preparátů,1575
importu,8282
odvést,14785
identifikačních,19114
oceánské,19115
návěštími,19116
obnovitelných,6841
improvizaci,19117
jednodílné,19118
subtropech,19119
řemenů,19120
zvolením,19121
částečnou,7501
poklademe,727
znovuzrození,19122
lol,19123
iniciativě,17098
spočívat,11837
přehlednost,19124
sociologické,4067
ves,19125
geologického,3213
chráničů,19126
juniorském,5363
rovnost,19127
nosnosti,16940
jedinečné,2932
plamenem,6945
bolela,10573
využito,4635
zástupcem,3691
oslabil,12498
rozvinutá,1651
svodidla,19128
poradenských,4450
sdružené,19129
závodí,10064
poklice,19130
odpustit,19131
zhotovení,19132
vyrážíme,19133
vodíku,5342
šedá,4905
proběhly,10259
tyčinku,16514
psychická,2070
chystám,7337
speciálu,19134
římsy,19135
neodmyslitelnou,19136
útěkem,3905
kardiovaskulárních,19137
navrácení,19138
větším,1403
orchestry,2645
nastínil,19139
zkameněliny,19140
kování,19141
zabijí,5756
zhlédnout,19142
chovné,19143
funkcionářem,4769
chladná,1257
popisujete,9390
nahrazení,19144
esteticky,19145
plněné,10082
myslivecké,19146
kašny,7387
zachycování,19147
zlata,11106
drápy,19148
výhony,19149
vrstvení,16900
sehrává,19150
hlavička,14090
pojďme,1758
difuzéry,19151
šikovných,693
mezilidských,10904
šlehačka,19152
dobrota,9244
ocenila,12343
nařídila,11735
reformou,8296
považuju,11025
spojenecké,19153
letěli,5279
štafetu,19154
pozitivní,19155
svobodných,1119
sil,7366
scén,3862
uměleckými,2126
nápojům,720
selektivní,19156
výměnným,19157
znalcem,4161
ošetřovatelské,18601
mìl,19158
nápravě,4209
vzad,19159
munici,19160
vinárna,19161
kázání,19162
double,19163
anděly,7288
chemikálií,4964
kalhot,3561
domovském,4274
tělíčko,19164
taxony,19165
potomkem,4742
rodáci,19166
nástupní,19167
nekdy,19168
ventilů,19169
ocelovým,1873
prosperitu,16628
trefil,8109
vyhlazuje,19170
nízkému,4663
kauzou,19171
pobyty,1889
odstraňování,19172
mužům,261
jednotná,2061
obrátila,12408
vyslechl,13920
motto,18846
nedopadlo,10220
vonět,16058
nacionalismu,4515
reprezentativních,4602
variace,18936
tragickou,12149
zrcadlí,7308
tloušťky,7795
vydána,2526
sedle,9189
porazil,11981
strážníky,4687
syndromu,6668
senátního,9386
předci,3020
slavit,18035
nacionální,19173
přispěním,18989
zvažoval,13582
nevedou,19174
získáš,7265
mangan,19175
návaznosti,19176
těsnění,19177
shlédnout,19178
jihlavské,19179
trošičku,19180
bylinkami,13617
which,19181
vypuknutí,19182
vypracoval,14598
oslovení,19183
spáchá,11117
činům,4102
barvě,8674
zaměřujeme,8418
vývojovými,1340
přemýšlím,9396
plan,19184
vévody,19185
mapující,19186
obligace,19187
jezírka,8348
pozicí,19188
obranné,1742
přibližovat,14932
zvrat,19189
narozeninami,4381
úžasu,19190
sídlištěm,13344
nevratné,19191
bulváru,5905
zmíněno,1828
indikátoru,2680
vyvážené,4598
nepřípustné,11973
dimenze,16146
trofej,13113
sklonu,8136
prostupuje,19192
luxusním,9249
zřídila,10108
rekonvalescenci,19193
čerstvými,1228
vychováván,19194
nedůvěra,15369
oddílech,1522
komunistickým,1326
nemění,7778
spolupracujících,8439
objevuje,12719
focením,19195
vizí,11944
ukončením,19196
účast,15986
směřovaly,11846
památkového,8882
senátě,5585
tvojí,726
tenkých,442
próze,9042
obecním,8201
problematikou,16461
lososem,11365
přeměny,10348
kulatou,3767
podobách,7693
domluva,15818
setmění,19197
sloupku,4979
příčině,11400
normativní,19198
rozdíly,11234
oholení,19199
pronést,12650
obloha,10885
kanalizace,12765
nechávala,9683
předložky,19200
vymýtit,19201
zaoblené,5761
upon,19202
podání,19203
kontrolám,5980
kohouty,5912
target,19204
zpřístupněna,3416
celorepublikové,19205
uzdu,19206
rozvíjíme,11946
sbíráme,10486
otvoru,3325
elfy,12443
skanzenu,19207
přinášet,18443
fakultativní,19208
reverty,19209
přecenění,19210
užijete,19211
kyselou,8172
pátrat,11038
korby,18527
zaměstnávala,12577
erupci,19212
skoků,1790
pozorováním,14146
soutěžních,4141
návštěvností,14752
zasloužily,14874
výtvarnému,2974
figurín,19213
svatá,5050
dosažených,9860
jeslí,16370
lákalo,14322
jeskyni,16209
svazů,3495
náčelníka,6581
těmi,747
předních,8823
zastarale,19214
šéfe,2173
korejská,3457
dobrá,2760
pocítíte,12283
druhých,1243
ztvárnění,19215
malo,16457
romská,19216
pasta,16155
pokorně,19217
hojně,19218
krajská,2213
peču,19219
nominována,8688
třetího,7617
udelal,19220
průkopníky,13294
kolonisty,19221
hezkého,8939
rekonstruována,5989
počínající,4565
poklesu,11338
rozšířil,10311
hrobek,19222
ztrácím,8808
sýrové,19223
navijáku,1388
arbitráži,15954
reflektoru,1715
kolektivním,5845
zbavila,8503
anket,5462
objednána,6610
domluvy,15818
cech,19224
župany,7508
sochařů,9358
prod,19225
kostmi,12887
přimělo,10058
cover,19226
přečetla,3707
kladu,9836
dohlížel,15736
háčků,3200
spektra,12682
stálého,3855
baroka,16762
účelů,3439
sympatičtější,2227
východoevropských,19227
popisovat,9390
yacute,19228
přistávání,19229
ala,19230
zmínil,18107
možnému,3441
akvizice,16489
pozměněné,19231
klenby,14094
manželé,785
rozrostl,19232
splatná,9403
uplatnit,12210
tiskovém,1653
torza,19233
nedávné,3643
ministerského,11754
vajíčky,1966
toxicity,19234
ekologickém,1578
technologickém,914
tfuj,19235
luxusního,9249
vestavba,8470
přivezli,6969
povolených,3668
chyběli,8532
promoce,15461
nevěsty,13510
vydáním,16727
navštívil,6763
kovovém,768
pohledávek,18357
letišť,6285
vyprání,19236
románové,19237
založeným,3501
tří,9159
rozlohou,13913
snášet,13423
nadaci,16652
nucená,12178
obuvník,19238
sdílela,6660
šál,12902
předmětech,1776
podpisů,4120
stejnì,19239
rozdávání,19240
potopit,19241
nevztahuje,9957
zlepšilo,10468
získalo,7265
umučení,19242
sedmdesátých,19243
abnormální,19244
třiceti,11558
nositelem,12253
bohatstvím,7965
souviset,17002
nasycení,19245
dojdete,8239
rukojetí,12710
přesnými,1623
přežilo,7766
zmizeli,8000
kráterů,19246
nastolit,19247
ponese,15142
nehodách,7559
přeměnou,10348
autorky,19248
pivem,5484
dámská,4305
nastěhování,19249
autonomii,17038
dispozicí,3664
základě,1384
praktikuje,19250
fóru,19251
anatomické,6104
strečové,19252
soudních,6010
právních,10717
vojsk,12974
předškolnímu,6060
thajské,19253
objevené,19254
nepovažují,11025
kvašení,19255
zasněžené,19256
vycházeli,11432
monumentální,19257
migrací,15529
usadili,9759
aspektech,5242
zaútočili,6517
objevíte,8558
příkopů,4138
podokrsku,19258
vyhlazování,19259
zažádat,19260
nespravedlnosti,19261
imigrační,19262
sova,18248
básní,13100
pošli,6786
propagátor,19263
nedohlednu,19264
zůstávají,9291
vhodnost,19265
sklony,8136
realit,4786
ošetření,19266
značkou,10010
profesionality,18182
nacházelo,7416
výrobcem,10003
pozorností,9255
zmenšení,19267
vůdců,5438
hlídky,12922
alu,19268
vedli,10862
rozloučil,13326
závěrečnou,8963
přípravků,3639
vznešené,19269
znovuzvolení,19270
neprodejné,19271
potahu,2930
odcestoval,19090
neviděla,8260
opatřené,7505
koňské,19272
přistýlce,13022
ohnuté,19273
křesťanského,4866
zvedají,14189
nosítka,19274
enjoying,19275
sloupci,6253
pocházelo,17094
apartmánech,3466
nízká,4663
podporovalo,10634
hlavici,18181
zanedbatelná,9057
vojenského,1335
samosprávou,5176
limitovanou,19276
osudy,8099
existujících,2675
materiálech,1353
odůvodnění,7626
snažili,10317
koupání,19277
běžce,4411
pokryta,19278
klinická,3374
povzbuzení,19279
ischemické,19280
aktualita,19281
majitelům,2255
hledišti,19282
barevném,888
legislativě,14130
zajištěná,1671
kotva,19283
přátelsky,19284
odsouzeni,1738
nekonal,17227
užívejte,19285
korupce,18817
prezentery,19286
detektivních,4175
kteř,19287
semišové,19288
stínu,5630
nápěv,19289
otevřena,1210
obyčejných,455
účastnilo,12944
ukáží,5755
kabelových,422
polypropylenu,19290
taktovkou,19291
obhajobě,13966
souhlásek,13129
vlád,6102
možných,3441
významnou,6301
nejistoty,19292
trestu,2049
radost,19293
uzavřeného,3131
napravo,19294
evakuovat,19295
výstavbu,19296
name,19297
vykonával,10446
edice,16746
vládců,5787
očkovací,19298
plesu,3836
rozpuštěn,19299
narušena,19300
mlčenlivost,19301
objektech,1116
uznává,19079
aquaplaningu,19302
vydejte,11437
hudebních,2441
povšiml,19303
přehánět,19304
vykonávají,10446
duvodu,19305
profesního,5083
povedené,3636
záchranných,1399
posuzují,16648
úklidových,9166
kategorizaci,19306
stranám,10070
návratnosti,13362
sází,9026
bláto,19307
procenta,9122
hradem,1355
důchodových,1422
zastavily,6543
počest,19308
zajistilo,8602
rozmnožovat,19309
jasným,6732
doplňkového,2988
královstvím,14392
donutila,5434
izraelskými,5763
průřezové,19310
prováděcím,9245
must,19311
nadšením,19312
dnešním,3412
omezili,10825
tečku,15118
překvápko,19313
tendence,9320
podělíte,18306
nickem,19314
obohacen,10159
provázel,19315
přehnané,19316
uvězněna,19317
informovat,9992
fontsize,19318
hliněné,19319
případná,2064
chemických,1576
uvolněnou,4480
tobolky,18094
hlediště,19282
objasnit,19320
vracím,15149
zděná,19321
předešlo,8182
ideologie,18185
mýdlem,8258
spoluzakládal,19322
užity,19323
řidší,8931
topinek,12109
ostrohu,19324
challenge,19325
zabývajících,17849
patria,19326
nadváhy,19327
klubu,3422
udílení,19328
sjednává,19329
povedl,19330
lesního,10088
což,11495
žádali,15639
brynza,19331
užitková,7181
zápletka,19332
nádorových,10291
žlutou,7278
slavného,2814
osadníků,12839
sekáče,19333
ustanovit,19334
diskriminační,19335
přitáhnout,14200
odmítají,10863
zástavbou,13822
vyjímatelná,2706
promiň,15857
drážka,19336
moderna,6525
vraždy,7875
kabin,6125
vystihuje,19337
vánočního,8650
existujícím,2675
některých,1260
dospěla,7398
jednoroční,19338
kazatelů,13195
lůžkové,5929
účastnící,19339
soukromými,265
slovesu,15973
vakua,19340
zavražděných,13442
názorové,19341
obložení,19342
rostlina,11603
spojitosti,19343
astronomického,782
uspěli,6455
bratrství,19344
kruté,10125
matičky,19345
záhadu,17561
seržant,19346
utkal,19347
obsáhlá,4942
půjdehledání,19348
potvrzujete,19349
vyhledávačích,19350
místopředsedů,8457
golfová,5727
postihla,9399
ploutve,16463
vlastníkům,1515
polygonální,19351
sleduju,8565
pozice,19188
ové,19352
nejvýše,13880
evangelium,19353
regionálním,7466
postoupit,19354
nakupujte,2677
cenami,8702
nedostatečného,1979
řad,13564
erotická,2495
fotovoltaických,19355
semináři,5704
stanovovat,17728
leader,19356
msta,19357
stupněm,5471
zdvořile,19358
popř,7478
oceněné,2517
hody,19359
početně,19360
kostýmu,3335
kukuřičná,2242
akcionářem,6296
uznávaným,5526
útesu,3421
looking,19361
zpřístupňování,19362
napsána,3613
konzervanty,19363
pohřbít,19364
odmítala,10863
vojáků,1263
místopředsedou,8457
čer,19365
relikvie,19366
žádáme,15639
vyznat,19367
upozorňovala,17656
řasenky,19368
leté,6947
získávali,10564
zlatým,2773
předložila,10988
akreditaci,19369
přímými,2720
inspirované,3184
prosklení,19370
betony,19371
katastrálního,19372
brutto,19373
etiketě,19374
krátce,19375
zavedlo,10774
neviem,19376
absolventem,4442
vydatné,19377
místních,6968
určili,13232
podrostu,19378
šokem,4294
věcného,7922
signalizace,16291
řekneš,4155
vytáhli,7542
hlavního,8712
vkusné,19379
ozaslání,19380
konstantním,8412
teplárenství,19381
klidném,2961
sester,6954
antuka,19382
vztahů,3393
textech,1812
vítaným,19383
obdivují,11195
povlaky,7418
kompozitních,12406
odvahou,9922
ovlivněné,10114
srubu,19384
indiánů,17485
umožnuje,19385
propaguje,11623
zasvětil,18714
zazářil,19386
zástavy,11229
nechceš,1899
popisky,19387
investovala,9952
naskladňujeme,19388
myslim,19389
shánění,19390
nasazuje,19391
celými,1564
dodávají,6887
radioaktivity,19392
proporce,19393
zastupují,14050
objevy,8850
předvádí,5900
úlu,19394
vysvětluje,12353
hebkost,19395
indické,6032
schválit,14185
převahy,19396
forum,19397
potvrdit,13372
ryzího,16977
zaběhla,14909
syntézu,14692
specificky,19398
tržnice,19399
hvězdokupy,19400
vikariát,19401
porušení,19402
děd,1261
vyráběli,8110
dni,3465
populárních,7742
zvolenému,2769
patrný,6189
převzetím,13976
seznamují,9967
gumovými,2324
pustili,4577
zárukou,3963
děložního,14111
odhodlání,19403
popraveni,17423
neregistrovaný,19404
působiště,19405
sekery,7901
invazí,10962
plave,13181
rebely,19406
doživotní,19407
nástavby,11591
statečnost,19408
džínové,19409
střižené,19410
gotickým,3712
podčeleď,19411
královny,15070
nebojím,5906
nepříjemnou,19412
zadržení,8399
hospodářských,1601
sjednáno,15229
pochvalu,19413
zkušená,2290
kontinentech,1405
pěstováním,9837
vrcholů,7868
sladění,19414
ideologické,19415
vyšlo,8308
plyše,9861
dopadla,10220
různorodých,3745
polokouli,18976
točila,11514
debutoval,19416
dodatečným,1146
neodvolá,19417
osvěžující,19418
vírou,12990
poušti,9682
vločkami,12082
usnadňuje,19419
zřizovateli,9842
vnějšími,6208
titulcích,6888
povodni,11967
clear,19420
košilky,19421
ostrově,2401
barevného,888
převzal,10180
soudit,10777
laděné,19422
dohlížet,15736
pekařské,19423
originálního,9127
hodnì,19424
zón,4738
obvinění,16604
uvažovalo,11962
kovář,19425
surové,19426
uzené,6268
ramene,6272
dodávání,19427
předvedla,8380
uličce,19428
črc,19429
příze,19430
snižoval,19431
konverze,14904
nahradily,4654
vad,10135
zbavená,18047
projevoval,16373
množí,15531
československém,604
depa,19432
delším,4386
odlehčené,3156
olovo,19433
konsolidační,19434
nekonečná,2286
zahrádkáře,19435
aktualizována,2062
uvedením,19436
hejtmanem,4721
vyrobeno,2748
mraky,3005
nepoznala,2858
nemocnic,9533
total,19437
popálenin,18258
bolavé,19438
vydatně,19439
názvu,7747
japonské,3120
laskavým,3118
prázdných,511
města,9257
nošené,19440
tuhá,5881
andělem,7288
troškou,19441
regulaci,19442
doporučují,14816
větvičky,19443
přehnaně,19444
inkubační,19445
čitelnost,19446
spáchal,11117
strmě,19447
dne,3465
šancí,5995
střelné,19448
vnímám,10359
hrom,19449
štěrbiny,19450
osobách,5862
udržitelnosti,19451
velkému,1403
reálií,19452
makroekonomických,10248
následování,12372
umírali,10996
vycházejícího,14766
podkategorie,19453
vnějším,6208
potěšilo,10632
nenajdeme,5054
hýbou,9294
startovala,4653
neodkladné,19454
chytila,6579
knoflíků,19455
vitalitu,19456
absolventy,4442
supr,19457
trhů,384
deliktu,19458
arabskou,4820
atmosférické,4709
akordy,18031
štuky,19459
poruší,13529
delegátem,3212
pěveckého,4951
slunečníky,4438
analytických,1826
uklidní,14202
nasbíral,18930
oicialni,19460
listě,1216
heren,1971
registrovaným,2187
kapucínů,19461
předložil,10988
uzavřeném,3131
klipem,4666
dynamického,2848
okouzlí,13189
tvém,726
pojistitelem,9807
bouřkami,5052
klíčová,1658
setkávám,16233
redukované,19462
strategická,4210
rychlíků,1090
force,19463
předešlého,4999
ustavení,19464
evidovaných,19465
těžká,2110
tvrdém,2190
laserových,808
účastnil,12944
wikipedistům,8566
around,19466
varu,19467
emailem,19468
poznamenala,6230
dlouhodobá,2337
obecenstva,7647
mezi,19469
dosáhnout,9047
vietnamské,19470
jednopatrová,19471
dalekém,5999
nezkoušela,19472
přestupy,19473
příčin,11400
korunách,5069
dařit,9101
výškového,8159
zúčastnění,15391
reprezentovala,7643
dirigoval,19474
rybách,8068
úpravami,17056
vítán,18902
oznámeno,17924
zemí,9392
moderování,14594
nastudovat,7169
domluvíte,14178
dělají,3644
house,19475
slavnostní,19476
zkraje,19477
začínajících,5117
zasláno,19478
provozovaných,1438
zůstávalo,9291
vypověděl,19479
hornictví,19480
vzpomínkách,5417
prijde,19481
vložíme,11896
protichůdné,19482
státoprávní,19483
očekáváním,19484
nepříjemná,4747
příčkách,7623
tajných,1443
protíná,19485
patří,11928
spatřit,9830
postaral,9509
opoždění,19486
they,19487
herečkou,10652
obchodníkovi,1290
pořadatelům,6002
zális,19488
vyhlašuje,19489
úderů,3373
přirozenému,2991
předali,9751
patologických,16444
fialky,19490
ukotvení,19491
latte,19492
značka,10010
převezli,7702
rakve,10781
filozofické,13551
usmál,15884
kýta,19493
popředí,19494
nejbohatším,4232
onkologické,13356
předkládá,17853
jevům,5114
tělese,7220
čtvrtfinále,19495
dvouhry,19496
velvyslancem,12772
including,19497
exploze,19498
trávicím,6302
vanilkového,2638
zjišťujeme,7817
produktovými,19499
přistýlek,13022
podzimní,19500
soběstačnost,19501
královna,15070
nepřilnavým,19502
paláců,741
popisuje,9390
objemu,7725
hostům,2334
sklepů,1650
vyrovnává,16999
bazénů,826
čtvercového,6057
zasloužené,4272
děvčátka,14331
anglickým,3357
linkové,19503
dotací,10071
jména,6376
architektonickým,5723
obchodních,2572
nečetli,3336
stodola,12356
obnoveného,1378
potvrzuje,19349
estonského,5749
loutkového,2812
reklamních,3822
objevem,8850
poradním,6070
procházela,4771
častém,5821
nezávislými,986
odolností,17834
hlen,19504
arabštiny,19505
starobylé,3183
sonáty,19065
loděnicích,19506
hladina,16808
posuvných,19507
vítěznou,4127
zvyšujícím,14302
pravomoci,9819
nadřazené,19508
získanou,2698
výpravách,14388
fun,19509
odpovídají,9597
humanitární,19510
fandící,19511
rezignovat,19512
zahajuje,19513
emulgátor,19514
žlabu,19515
genetická,4968
křídly,6317
dnech,3465
sboru,4363
vyrovnanou,6280
odvolán,19516
esejista,19517
pokédexu,19518
schválené,4218
pitné,4423
dobrými,2760
kolenem,5011
účetních,5452
náhradách,8054
přijmout,17778
květinové,9191
brokovnice,19519
sestaveny,1131
papoušků,2719
plátců,5884
mono,19520
religionistiky,19521
přesvědčivé,4806
vypada,19522
hracích,1952
upevňuje,19523
úvěrech,277
pair,19524
shořela,2400
hole,19525
vakuu,19526
standardními,5477
leštěného,19527
součtu,6356
proslulým,8158
rivalem,19528
zaslat,16506
věřitelům,5519
inzerujete,19529
zbytkového,16783
nepoškozeném,360
olympijští,4157
realizovány,2596
narazili,11070
pozvednout,19530
rychlých,750
bavila,6899
performance,19531
nádhernou,6587
zápasníků,9465
trosek,10605
politickými,3245
zrušil,12597
oprávněni,1662
požehnal,19532
stručným,8155
jidiš,19533
upravuje,13168
smrtí,13047
vruty,19534
junioři,10610
starostu,15262
žláza,11676
prace,17352
polévkové,10225
připravovaná,2469
včasnou,13371
podmíněn,1272
kauce,13709
smlouvou,14948
irácké,19535
diskriminaci,19536
mnohém,3813
pralesů,2967
plavební,19537
zanikl,18145
doložku,19538
tělovýchovná,19539
oboupohlavné,19540
oblibě,14210
hitparád,17735
přikázání,19541
revizí,19542
čerpány,19543
guma,16555
emisí,17826
pravého,1910
přijímané,19544
sladké,3432
hůlky,19545
akov,19546
odpustí,19131
rozúčtování,19547
cín,19548
ostrovem,2401
parciální,19549
invalidy,19550
poprsí,19551
miniatury,19552
rozeznává,15098
šípy,17149
naprostém,9888
přednáškami,6987
činné,6765
plati,19553
stravitelné,19554
měnách,2561
smažení,19555
začátkem,9783
dite,19556
uvádí,16847
brožury,19557
nemluví,9575
nástupců,5316
nerostů,19558
příslušnému,866
optimisticky,19559
prodl,19560
dohodnou,19561
opakem,16813
třicetiletá,19562
osmém,11658
syrské,4030
cizoložství,19563
zemskému,4690
slavíme,18035
filmovém,818
pány,1846
svitu,4689
mistry,11494
pracích,598
vápno,19564
vlastenecké,19565
tílka,10008
francouzské,5973
navozuje,19566
fanouškům,2252
deštných,8224
vyplynulo,19567
ulic,17776
remizoval,19568
nevolnictví,19569
vypila,10245
vegetariánství,19570
nevyužili,5975
vyskytne,7629
poslaly,6786
nečistotám,13222
ked,19571
shrnul,18628
pozoruhodné,6921
arabská,4820
modifikace,16048
prohnala,19572
odevzdaných,19573
hraného,3244
ropy,11785
obešla,7272
štětců,2058
kvalifikovaných,670
schváleného,4218
klesal,18032
kabátů,1074
sjednaného,15229
důvodům,6414
milimetrů,16908
bydlela,9857
zkázu,14136
porostem,6379
žaláře,19574
kroužků,2004
rozlišování,19575
upozorňovali,17656
tvarosloví,19576
figura,16362
nab,19577
pomerančové,5045
lilie,19578
nadkolenky,19579
nejvyššímu,3619
golfového,5727
investorům,3138
zkázy,14136
zámořské,19580
věnce,6935
úřadující,19581
muzu,19582
medailí,8740
koncepce,15700
vázání,19583
fascinující,19584
vyvolaných,6644
druhotné,19585
zvýhodnili,19586
vymýšlejí,11977
říčních,5675
uvedu,9199
průduchy,19587
vyčerpány,4382
raněn,19588
samolepicí,19589
množstevní,19590
nahromadění,19591
jmenovaná,2908
laminovaná,19592
nezaměstnanosti,16055
zachovala,11386
švýcarskou,5424
dávající,19593
žlučníku,4190
diferenciálu,19594
bránilo,4739
zadni,19595
strojním,5291
špička,15472
stavovského,14249
velitelů,7369
lifestyle,19596
poděkoval,18590
idejí,11384
záchvatů,1539
zábranou,15590
carte,19597
měřítka,13091
modulace,19598
summer,19599
spálení,19600
egyptského,5333
pistolí,10027
keramickým,4484
zeleň,19601
zámečníci,19602
zaměstnavatelům,1347
klasifikací,19603
milovníci,7309
poznáváme,13908
rooms,19604
elfů,12443
uctívání,19605
duté,8561
gelové,19606
srazily,13200
pěchota,19607
suchým,3035
úplnému,3338
satira,19608
krystalická,19609
zajímavě,19610
dosaženého,9860
fotkách,2975
vyvolané,6644
encyklopedická,3629
ohledech,7455
fair,19611
prvém,3981
vládních,7002
vybroušeným,19612
rozkoše,19613
brzdné,6116
lovu,5937
dřevěném,464
obloukem,4629
závěsem,3964
netrvalo,8493
nedošlo,8239
slušovské,19614
zpěvem,6244
žádnými,1556
èinnosti,19615
vyřešeny,5129
chráněných,754
pomsty,11085
složila,5605
labutí,15342
vjemů,6777
ořechu,11723
zednické,19616
agrese,19111
francouzského,5973
hej,19617
hrůzy,16060
skládky,12234
panovníkovi,19618
četnost,17136
davem,5246
pátým,4551
pomocná,3859
ničení,19619
zazněl,19620
slavnostně,19621
charakterizované,11705
snižovat,19431
šestinedělí,19622
předmětem,1776
dvoulůžka,17658
skalního,14411
hřebenech,1946
úchopu,19623
kandidátku,17560
indiány,17485
fáze,17192
vyléčení,19624
formulování,19625
zahrají,19626
modlitbách,10588
specialistů,5254
soda,19627
estetickou,6683
vystřídal,13005
korigovat,19628
temperamentu,19629
vyhněte,7745
rozměru,7439
piju,11692
nesetkal,15219
střihem,5422
jakýchkoli,357
remízy,11625
kurzů,10760
zpětné,4311
středoevropského,18792
názvů,7747
nerovnováha,19630
plachet,6816
nadzemních,19631
drogově,19632
vytvářely,9143
pitvy,17667
legrační,19633
neobvykle,4103
vypálil,10341
uznávanou,5526
centry,6705
skinny,19634
potkáte,17779
poprosil,11644
polotovarů,12020
horizontálně,19635
potlačovat,19636
pokuta,14706
léčebně,6186
nadledvin,19637
teroristického,4187
dceřiná,17977
zahájil,14798
skupin,7123
vagíny,18162
vůni,19638
tkaní,18640
vznětové,19639
houslistka,19640
nachystáno,19641
varných,4252
zákulisí,19642
oblékal,6215
užila,11562
založenou,3501
porody,4652
prodloužíte,14775
naprostou,9888
úbytkem,12625
prožije,15538
vzdušného,2631
střídá,15939
nakladatelstvím,13171
kopané,10275
vesměs,19643
priezviska,19644
hromosvodů,19645
obroučky,19646
omamných,13358
open,19647
pojal,4868
hlavních,8712
inspiraci,19648
nedělají,3644
dálkových,493
hodnotíme,12405
mutací,13055
souvisejícím,10637
ocitnou,13468
objevování,19649
bubnu,1856
rozšíření,19650
konzervativci,19651
snímku,1015
rohová,2864
bezpočet,19652
lhůtou,17486
dohrál,19653
fakta,19654
věznic,13672
župě,19655
víře,12990
příbuznou,6600
emisemi,17826
užily,11562
klacky,3931
zajistíte,8602
rozrostla,19232
mlhovina,19656
šlechty,14789
splnilo,11575
zadavateli,9319
mista,19657
plodnost,17775
oznamuje,19658
platpředevčírem,19659
vyváží,16245
měkká,2418
titulky,6888
využilo,5975
nejlepsi,19660
sultánem,16724
ulice,17776
kompromisem,8402
uměleckého,2126
kontaktovanie,19661
lineárního,5893
povede,18040
kupujíkód,19662
modrého,3599
soustružení,19663
sněhová,9677
nezahrnují,9792
dosažen,9860
skupinami,7123
zajímali,8683
trojlodí,19664
individuálním,6710
nepokojů,15978
stříkající,19665
kmitů,19666
vysoko,13880
zkrátila,14290
objednalo,6610
nocí,9883
netradičního,19667
oznámen,17924
dovedou,5921
levého,2729
dávaly,10999
dělostřelecká,3116
severovýchodní,19668
predem,19669
sacího,19670
tuberkulózy,14705
největšímu,1403
zněním,19671
inzulínu,6650
květin,5629
šikmou,8319
first,19672
obrysy,4608
zabývá,11993
potvrdilo,13372
uhelná,18050
sakrální,19673
subjektivitou,19674
čela,12336
rozhodnuto,14925
totožné,5419
hřbitově,5099
organická,2446
rybniční,19675
žula,18042
výrobě,12648
výstřely,7364
startujících,19676
zaměnitelné,19677
patriarcha,19678
fázi,17192
kouře,6776
vyjmenovat,19679
počtem,7464
zhotovitelem,19680
marné,5231
modifikací,16048
odsoudila,19681
garden,19682
tajnosti,19683
objevili,8558
provází,19315
navázat,19684
pece,10581
krasové,19685
vln,13191
zákazem,6159
ilustrovat,18878
provedeny,2942
penaltu,19686
otočného,19687
námořnictvu,6355
zahrádek,4310
řezem,4778
mez,14592
černohorského,19688
čípky,13156
starostky,19689
vzdlávání,19690
pokusíme,9261
umístěnými,2633
bezešvé,19691
omak,19692
náruče,19693
setká,15219
mohutná,2081
přestavěl,1782
účelově,19694
lesnické,19695
srovnatelnou,4023
rozmístěných,14866
prohlédněte,19696
označované,8507
věnují,9810
božství,19697
pověřenců,7111
doprovázet,13524
radi,19698
znázorňují,19699
vložená,19700
řemeslné,19701
řídce,19702
porozuměním,16381
panenství,19703
olomouckém,12659
toužili,14348
stanovených,3113
school,19704
pochvaluje,19413
pojišťovnou,8487
geometrického,3001
zaujalo,12247
zmiňované,3957
strategickým,4210
područkami,19705
dopoledních,6927
eliminaci,19706
krystalů,1796
konající,17227
živočišné,4511
kontaktují,2658
čipových,19707
nekoná,17227
fikci,19708
nejcennějších,1169
třetímu,7617
přidaná,4659
porcelánové,4783
belgický,16070
metropoli,18720
fan,19709
vedená,3773
fiktivních,3915
zvláštností,17287
střípky,19710
podařil,8791
slepic,5266
antického,2744
levém,2729
zemím,9392
bělení,19711
skleniček,3091
muzikálové,19712
skladovou,14080
betonu,1953
chtě,1899
akčním,9961
fazolí,11512
difuzní,19713
chloroform,19714
samozøejmì,19715
přežívá,19716
kapoty,19717
polská,3607
navštívily,6763
bábovku,12402
čechach,19718
rozptýlení,19719
zahrnuto,15702
zlatem,11106
dotáhl,19720
nevšimla,6461
návraty,6889
otvírají,17358
ručních,2111
pozoruhodnou,6921
kvě,19721
laskavost,19722
sadě,5130
uzeniny,19723
lidová,2819
procházeli,4771
sushi,19724
periodika,19725
come,19726
publicistiky,19727
přebytky,8040
skákání,19728
poprava,7864
přijímají,10482
brněnském,2246
moderátorka,4314
fotogalerie,19729
tlumočení,19730
prostorného,2127
embolie,19731
záře,19732
národnostní,19733
prezentovaných,3976
nožiček,4955
udělit,11188
celému,1564
molo,19734
stíhačů,7241
vlčí,19735
spatřili,9830
stárnutím,19736
bodová,4584
omezila,10825
stepi,19737
registrací,9281
vložky,19738
významnost,19739
odstavců,5774
misích,14257
charakteristiku,12480
otroky,5953
zvyšoval,19740
zdolání,19741
prospěje,19742
palbu,11423
brady,11759
zájmen,8735
provádělo,8797
investují,9952
komplexním,6467
fobie,19743
příslušníků,6323
výřezu,14017
zápletkou,19744
přízně,18863
autorizovaném,878
sejdeme,13925
penězích,972
přežijí,7766
třetině,6530
populárního,7742
osvědčila,11780
obilnin,19745
sestává,16251
řadami,13564
cukrovce,4369
stínování,19746
odvody,16458
náhlou,9071
odlišného,9927
kolen,5011
zmínění,1828
zdravotnických,1038
katolické,2689
branek,11751
perského,2648
špičce,15472
pozdějšího,8889
nástupcem,5316
víceboji,19747
úzkorozchodné,19748
uklidňuje,19749
zvětšená,4626
sedlem,9189
cyklistických,1994
předhůří,19750
ovládla,3972
položíme,6477
purkrabí,19751
emigrovali,16408
přivezla,6969
ohrožené,6278
vybráni,4695
komisaři,5294
tango,19752
zveřejněny,1835
závěrek,8311
vaříme,7840
poločasu,12798
natočeny,9055
prosbou,15324
laickou,16643
pomáhala,9250
nouze,17862
prosazoval,19753
provázání,19754
hostuje,19755
úsporných,469
točivého,4093
teplotě,5152
překročily,11885
substráty,4101
koordinátorem,7355
lopatek,6516
záněty,5128
osmnácti,12184
uchopení,19756
zhotovené,4145
zasíláme,19757
oblékla,16776
křtitelnice,19758
great,19759
druky,19760
maratonu,6381
budoucích,5646
kapka,13330
tvarování,19761
vrátila,7646
nezískal,7265
vkládá,18450
šedesáti,9270
sklopná,19762
břehy,6990
mikroorganismů,12843
kuchařů,3945
ocenili,12343
latentní,19763
iniciativ,17098
pokrytá,4788
občiny,19764
socializace,19765
nominace,16757
upozorněni,19766
regionů,6545
procházek,7244
odstraněno,6212
tréninků,19767
parlamentními,13132
modální,19768
oblázky,19769
rukojeť,12710
symbolické,5456
skládek,19770
pevných,344
inkvizice,19771
podkrovím,12116
rovnými,1964
zevní,19772
propastí,13566
nespokojí,11501
pláštěnky,19773
škrtící,19774
nájemném,19775
zbytečnou,1258
srdečně,19776
changing,19777
mými,232
odešli,6553
doporučené,4282
obecnou,6202
zavraždil,7445
leva,19778
dvorech,1420
technikách,841
industrial,19779
slunečno,19780
nedostaví,19781
tmavým,3609
brněnští,2246
dodavatelům,3180
nápadně,10260
přinesla,5735
držitelů,12212
ohně,4094
kostelíka,8030
stažením,19782
nervových,174
životním,7024
zkvalitnit,19783
živočišnou,4511
knize,2194
ucítíte,19784
nalít,19785
divácké,19786
korunovat,15548
tmavými,3609
beze,14722
popisy,9246
homosexualita,15965
přednesl,12215
raketách,1586
teplotám,5152
zveřejněním,19787
aktivisty,10213
nechapu,19788
tvorové,993
vypsání,19789
pomozte,18319
dálničních,3152
zavítat,19790
fandy,19791
rovnicí,9227
částkou,8266
přibývat,18820
epidemií,19792
vyučení,19793
upadat,14688
maj,1970
rolníků,8360
odporu,5256
nejznámějším,1356
nechutná,19794
rytmické,19795
vztahují,9957
umožnilo,10134
ztratila,4921
vířivce,19796
vonný,19797
musea,19798
tanková,19799
těžba,17637
dotkne,15971
debatovat,19800
kovaná,19801
vyřídíme,4969
dark,19802
walk,19803
napínací,19804
evidencí,19805
útlém,15295
podzimu,9926
romantiky,19806
sulfát,19807
samotných,523
příjemcem,10698
tkví,19808
kohoutku,19809
zamilujete,19810
problematickou,3817
hodnotící,19811
povyku,19812
adjektiva,19813
nastává,19814
mánie,19815
plénu,19816
podrobná,6700
vystaveni,1247
stisknutím,14221
iacute,19817
oboustrannou,3127
louhovače,19818
pokusily,9261
příjemným,4747
prknech,2186
nataženo,19819
izolace,14685
čtyřmi,6784
překvapeně,19820
očkování,17838
chození,19821
náplasti,14028
středy,18945
velice,19822
historikové,7956
raného,2502
zdrojových,184
údajích,2204
obloukové,19823
vzdělávacímu,2660
spadal,19824
fragmenty,11062
poukázat,15872
běžeckých,744
trase,4527
prezentováno,10414
dodržen,19825
pídím,19826
jubilejním,14260
reprezentují,7643
měď,19827
táborem,1010
prohrála,8633
přínosů,6768
zdánlivé,4410
povětrnostních,19828
tahle,675
pobídky,19829
without,19830
péřová,19831
matoucí,19832
údajné,2847
dražších,185
kapelníka,12188
evidují,19833
benigní,19834
pozic,19188
pátečního,13110
státnímu,4018
vlajkou,9317
hledisek,16768
psychotropních,19835
akciové,1183
nepříjemného,4747
nezletilých,3916
vytvořily,5854
hladomoru,6492
petras,19836
poukazem,3386
dominantního,12619
biotopů,19837
rostlinou,11603
bavím,6899
studené,1322
obrovskými,1579
měkčí,19838
kometa,15718
newyorském,13466
hromadného,7780
přibývalo,18820
obiloviny,19839
zleva,19840
vodárenská,19841
hezká,8939
rozepisovat,19842
mulčovací,19843
vyjádřil,17357
frází,11987
otcova,9849
ženskost,19844
levým,2729
povinny,3172
rozvahy,13734
takovýchto,764
exotického,1168
jejího,9203
dokončování,19845
křivek,12784
vypočítána,6332
zjednodušené,3176
palbě,11423
železného,2384
postrádal,19846
císařovny,15600
sněhu,4303
úplným,3338
velmocí,10055
svozu,19847
nominovat,8688
výsadby,19848
vypsány,9404
detailněji,16163
větvi,19849
animovaných,19850
zazpívat,19851
kompromisy,8402
necelými,1564
osadníky,12839
prováděly,8797
klesající,19852
zločiny,5659
nabere,19853
alba,10572
glukosamin,19854
docílil,17119
výsuvné,19855
propagaci,19856
platpřed,19857
sehrál,19858
plášti,717
krachu,4637
statusu,7234
tma,13006
vykoupit,19859
nadílka,19860
mumie,19861
provokaci,19862
videt,19863
říší,14746
buky,19864
reprezentanti,11647
nekvalitních,19865
přistěhovalci,16898
privilegií,19866
typologie,19867
evidenčního,8284
osušíme,19868
omylů,2795
knížectví,19869
pili,11692
lord,19870
vykouzlí,19871
filharmonií,18499
věřiteli,5519
citronem,1302
věnovaly,9810
uveřejněn,18711
dopise,1321
estonské,5749
břehu,6990
zvolena,2769
notářem,4994
wiki,19872
uličkou,19428
dvorem,1420
stupních,5471
stavěny,3112
starých,146
řadil,16612
povznesení,19873
alpha,19874
vybuchla,19875
specializací,16068
čínském,1110
indikace,19876
dokončuje,19877
bilanci,19878
vynikajícího,14440
šálu,12902
výhledy,9559
utrpením,19879
vložte,11896
snížila,13238
podporovali,10634
působil,16986
vytvořena,546
segmentech,19880
vyprodáno,10350
přesměrováni,5106
nervozitu,16137
jednotného,2061
meditací,9367
kultuře,10857
rohlíčky,19881
splatné,9403
velkými,1403
výsadní,19882
otevřeně,19883
sponzory,11219
seznamů,3775
vládám,6102
textilií,19884
ledového,1072
koly,1490
místì,19885
křížem,3124
nejbližšími,2396
vzkříšení,19886
přilijeme,19887
materiálového,15805
nejistotu,19292
průmyslově,19888
chatkyfarmahostelhotelkempmotorestpenzionrekreační,19889
dotacemi,10071
přítomná,2145
přísnou,6339
nestydí,11601
odpoutat,19890
magistrále,19891
životními,7024
manžele,785
nezaměstnaných,5098
souvislého,3326
bodech,2032
mocné,2639
nomenklatury,19892
ilustracemi,8150
solidarity,19893
královská,2487
vyválíme,19894
stažen,19895
sebereflexe,19896
kapra,6996
tvoří,6064
odnětí,19897
vrchem,19898
vinylových,19899
dosedací,19900
nálože,19901
slovenských,2233
konkurovat,19902
psům,279
sekvencí,19903
zažila,13531
prim,19904
nežádoucími,13151
pomůžete,5647
nabízeno,1073
práceje,19905
bůhví,19906
spínání,19907
botanická,9802
církevního,13851
čestného,1545
získala,7265
lokalizace,19908
stínem,5630
vrátily,7646
odpisů,1303
shodně,19909
překročit,11885
vyzývá,19910
odpadech,1371
anglickému,3357
přehledně,19911
rybníkem,4039
plyny,2099
variabilitu,19912
udržovala,6560
zaslání,19913
testo,19914
islámu,11394
chloupků,6549
implantátů,9181
strasti,19915
temném,6226
vyrobených,2748
bavily,6899
cizinců,4494
církvi,12233
šavlí,19916
dodávána,19917
celulitidy,19918
travnaté,19919
devatenácti,12000
plyně,19920
mňa,19921
nenáleží,16801
výstavním,8715
muzejních,9077
znásilňování,19922
husitské,19923
ustát,19924
aktuálním,9726
stříbro,19925
sloučen,14962
nedostavil,19926
odvety,19927
uchvátí,19928
sedláků,4745
vlky,3126
zahrnuty,15702
celosvětovým,1161
melo,19929
letohrádku,19930
experimentálního,3956
příbuznými,6600
předvede,8380
fire,19931
inovačních,19932
různ,19933
slunění,19934
okolním,10882
končit,13094
poskytli,5086
léčebného,5372
dvojitého,1926
nepaměti,19935
muzikálech,2973
tofu,19936
přehlédnout,16189
čtrnáctého,15899
nejpopulárnějších,7742
zásadním,10686
přípravka,8515
neplodnost,19937
byzantská,4865
vyráběly,8110
stavbami,5147
simple,19938
těhulky,19939
vyústit,19940
nacionalistické,19941
citově,19942
ilegálních,6766
harmonogramu,4298
alternativním,10831
astronomických,782
restrukturalizaci,19943
tloušťka,7795
vkusně,19944
rozkvět,19945
cyklistů,3392
přispěje,15706
třináctého,13283
absorbuje,19946
krizí,16626
způsobilých,3709
léty,10351
svaloviny,19947
veskrze,19948
obklopují,12355
rostoucího,9299
pardubického,10373
takzvaným,2553
názorově,19949
pluku,11003
ohrožena,6278
výsledného,1462
sicilské,19950
přehledná,2345
figuroval,15406
nátlakem,7100
jedničce,5211
spoustou,12072
nabídlo,9531
napojuje,19951
žactva,19952
diskusi,18924
usilující,19953
biopaliva,19954
dome,112
neposkytují,5972
obdržíte,9889
podtextem,9439
okr,19955
mokřady,19956
poměrem,10591
jedí,4112
výskyty,19957
ilustrovaná,19958
francouzští,5973
obsazeny,4466
chrámy,1137
pravoslavné,6255
zasílám,19959
různí,6991
sortimentem,7837
užitné,4341
extrémního,15627
četla,3336
rovnoměrné,10895
přístavem,3327
relevance,19960
přicházelo,6300
erupce,18284
sloves,15973
reliéfní,19961
bývalém,2712
modlili,10718
občanském,3150
ekologickými,1578
comment,19962
půjčce,3563
štěňátka,19963
vzbudily,7765
rekvalifikace,19964
empatie,19965
tisícům,6799
přívěsku,2457
vzdycky,19966
zvětšování,19967
zváží,10321
napiš,4765
oblačno,19968
asijské,3938
žádala,15639
adoptivní,19969
záhadná,2968
různého,6991
předkládat,17853
hustého,4741
dlažbou,19970
environmentálního,15281
pujcky,19971
kapitole,18981
nevoní,16058
nesetkali,15219
freska,19972
wrongly,19973
hlasovacích,2208
kultovním,11964
usnadní,16708
dílky,19974
honu,5706
leskem,10241
chorob,4058
příčinami,11400
obvinil,19001
řecké,5073
ptejte,19975
výstražné,10886
úkrytu,4949
směrová,11892
bělící,19976
splnila,11575
křídel,6317
závodů,3532
děs,16917
personalizaci,19977
skrytými,3007
publikace,17537
resortu,12350
vzduchová,1996
zábradlím,19978
sportovnímu,5805
vyjádření,19979
jednodušších,361
připadl,12964
petrasove,19980
nelepí,19981
obchvatu,8163
sleziny,19982
poddaní,16010
utržil,19983
produktová,11807
zpevnit,19984
schválila,14185
formuje,19985
plavce,6463
předchází,11588
jubileum,18247
variability,19986
objevovala,12719
oceněny,2517
čínštině,19987
horkého,4684
odcházeli,8002
dodáváme,19988
jemnosti,19989
korunovaci,19990
slečně,10775
vyhrazena,531
něžně,19991
transparent,11598
řešící,19992
uvěřili,6068
přiměl,10058
bojového,2235
věnujeme,9810
stojících,11008
revertoval,19993
opravné,3961
překladatelé,8884
salátem,981
paragrafy,11613
narozené,11817
pojištěnců,19994
lobby,19995
rumem,19996
hrdlo,15712
naplnění,19997
vzniká,9616
potvrzeno,5276
esejů,6157
posunu,10106
topná,4995
mše,15742
srbských,4518
postrádají,12323
dobre,19998
předčí,19999
sladkým,3432
vzdáleností,15173
vyšetřují,9314
skládce,20000
jednotkách,1046
stabilizátorem,7930
včetně,20001
turecká,3842
křesťanské,4866
součinu,8821
nebyla,3143
preparátu,1575
nesouhlasil,12040
údajnou,2847
nosili,5144
poháry,4948
konkrétních,2905
volných,2088
informovanosti,20002
capáčky,20003
epizodu,20004
přiřazena,6153
většinově,20005
personálním,12054
public,20006
přehláska,20007
ucházet,20008
skvělými,3601
plovárně,20009
nezájmu,8299
připravilo,4009
míchy,20010
ocitá,20011
doufají,14091
válek,7271
brankářů,5142
vzdálenějších,680
vokály,20012
subprovincie,20013
centrem,7004
nefiguruje,20014
porada,9094
přírodnímu,6561
vnějšímu,6208
zvětšila,11378
milá,5070
písečné,19052
celostátního,12844
injekce,18734
ago,20015
doktorce,11995
sladkostí,8959
odnesli,7342
bohatého,4232
nedlouho,6258
dělila,10160
souvětí,20016
převládající,20017
uvažovala,11962
rostou,4054
růstem,4054
svíčkách,9456
porušila,13529
píchá,20018
propozice,20019
objektivům,1854
probojovat,20020
plodí,20021
dlužné,20022
květen,20023
reformě,8296
zapojili,5354
patrová,20024
nejoblíbenějších,1024
zasažených,7434
laloky,20025
geometrických,3001
vazy,20026
představili,5939
neúčastní,12944
svatbou,17483
litinová,20027
being,20028
zimy,9740
vadami,10135
vzbouřenců,20029
nacistů,16367
odmítl,9488
vozovny,20030
uzavře,20031
dávného,3643
kulatého,3767
hebrejštině,20032
vyvolávání,20033
strhl,12706
odhalili,7009
legendárního,9847
zapálení,20034
litinové,20035
kapitolu,18981
neshody,20036
zbývajícím,6755
křesťana,6020
oběžných,3737
španělská,7333
překladem,6297
sterilní,20037
bývalému,2712
promíchejte,20038
společnostem,8786
mapka,20039
přirozených,2991
souvislou,3326
tipické,20040
dot,20041
zdařilé,4953
bočnice,20042
pujdu,20043
terapeutická,2642
vrcholnou,7628
zlaté,2773
rozebrána,20044
spojeno,2851
pohyblivosti,20045
penetrace,20046
legionářů,2470
reprezentanty,11647
inovačního,20047
vrub,20048
kariérového,20049
uhlovodíky,20050
anti,20051
vidinou,20052
good,20053
bratislavské,20054
přitáhne,14200
odpadních,10666
výjimečným,6656
lidskosti,11312
myšlenkových,1567
psychologických,2873
odehrávající,14419
velením,17041
nepříznivými,20055
sloužili,4989
protestní,20056
rekreace,18760
bičem,20057
nenávisti,16076
spalovacím,7856
strachu,4326
proniká,16041
interpretační,20058
trpících,13867
poraněním,20059
zdění,20060
zabývali,11993
obnovená,1378
nejslavnějším,2814
oslavě,17649
organizacích,10149
neměnila,20061
tomtéž,5520
produkčních,20062
zacílení,20063
pohlavního,7751
dorty,3340
obliby,14210
zřícení,20064
klimatem,6590
zůstala,6925
řetězem,20065
nervu,1546
boku,8799
osvědčená,3748
sloupků,4979
uvězněni,19317
trapné,5149
solidaritu,19893
rezistence,20066
kolejí,4583
užívaných,3076
vlnové,13035
peruť,20067
dokončená,2676
favority,20068
souostroví,20069
pečená,3299
skloňování,18353
notářského,12494
podávejte,20070
pánů,1846
individua,16449
maršálem,20071
jednomyslně,20072
finská,6847
nevěstu,13510
dobrovolné,2764
vaky,5161
vystavěl,8435
popřát,20073
odvedené,20074
medical,20075
plavidel,5158
okolí,11527
rektorem,20076
středové,5436
náměstkem,10959
metrové,20077
zdravotnickými,1038
orientačních,8813
trojici,15988
poèasí,20078
rozhodovali,9507
černá,2894
jednotlivých,589
zušlechtění,20079
neúplné,6012
spolupracuje,17732
apoštolským,9763
telefonními,861
obrubníky,20080
propadá,20081
stovkách,3536
výpravě,14388
jsou,3143
klesá,18032
portfeje,20082
dlouholetým,5442
skvrnu,15520
kluzáků,20083
doplatí,13203
oceněných,2517
uvádět,16847
nezávaznou,20084
pitím,12548
reprezentantů,11647
mylná,20085
sáhněte,7109
národně,20086
povolením,10479
změnou,14552
zámecká,4613
kurtech,2885
jíte,20087
upnutí,20088
vertikálního,17024
odsouzeno,19681
písněmi,11862
podélníky,4883
sádla,6130
švýcarského,5424
opěrné,20089
pojmenovává,20090
zemědělské,3086
nezanechává,20091
nabízeli,6917
národních,3066
války,7271
powered,20092
šetrných,1884
komunálním,18687
lhůtě,17486
jedy,8271
dopravců,4531
přísluš,20093
uskutečněna,9851
rozd,20094
hymnou,15017
čtvrtého,4406
sliznic,18227
odstavcích,5774
předevš,20095
uspořádaných,2130
pašování,20096
kritice,13177
měst,9257
parníku,2392
citlivost,12957
prohlédnete,14508
domluvil,14178
sestřelil,7393
svěřila,7692
vanilka,20097
imigrantů,10460
aktivitách,4573
osvěta,11262
got,20098
whirlpool,20099
rejstříku,7734
uzliny,20100
mìli,20101
čtyř,6784
předpovědí,13763
predaji,20102
spolupracovnice,20103
šlechtična,20104
výzvě,10919
obrácené,6648
slevomat,20105
ohradil,20106
akreditační,20107
hvězd,10161
navrací,20108
slevě,13735
postoji,4148
fasád,6008
pozemních,6684
zhoršených,20109
švédské,5141
kapituly,20110
čtyřletého,6643
každoročně,20111
zvonku,996
újmy,16361
plameny,6945
otrokyně,5953
says,20112
úpravám,17056
vyloučí,13914
porosty,6379
lištou,6988
juniorskou,20113
zanedbatelné,9057
hladiny,16808
posoudil,18869
smrkového,4749
klidne,20114
dočetl,20115
příplatky,6752
mateřství,20116
úprav,17056
žirafy,4592
vida,20117
měsíci,2958
vázaných,4862
kolektorů,20118
přípustné,11973
zdvihem,20119
charakterizují,14085
polárního,13522
hovořil,16133
kompenzuje,20120
výzdobě,20121
hladině,16808
snižuje,19431
bohatá,4232
švýcarským,5424
představení,16879
uprostřed,20122
závodních,2694
působnost,20123
sílou,7366
rozpustit,20124
podzemním,12222
oslaví,20125
západu,11750
band,17112
většinovou,3837
kladli,15111
substantivem,20126
ovlivnění,20127
marek,20128
architektka,20129
vystudovala,17389
kněží,6041
zkouškou,4655
knihovnami,448
autorském,1084
spreji,20130
ptákům,2562
doplácí,20131
nedochází,15247
papa,20132
sejmenoval,20133
schémat,5925
panika,17957
nebezpečnosti,20134
dutá,8561
císařů,12249
hradních,6686
thrash,20135
vyplácení,20136
veľmi,20137
gotickém,3712
užíváme,7554
dbá,13901
živém,745
hybridních,2003
restaurátorské,20138
získanými,2698
křehká,3675
oceníte,12343
schvaluje,20139
vedením,14626
porovnánízobrazit,20140
odebrána,5857
přivede,11329
neshodám,20141
budoucímu,5646
obsahujících,6868
pasem,4615
dokončením,9640
into,20142
dovozci,10721
orgánům,1056
stlačení,20143
minimálním,12657
žádných,1556
jmenovalo,12358
navzdory,20144
rozešla,20145
publicistické,20146
šikmé,8319
nedalekou,7268
výčtem,11742
kontaktním,9581
uznány,11672
ausgewählten,20147
pokrytím,20148
respektujeme,15202
otvorů,3325
senátních,9386
boxerky,20149
penále,20150
stříškou,20151
vloni,17642
pravému,1910
minutes,20152
píší,3371
šachet,20153
mléčnou,6014
svedl,13125
vlhká,2869
dogma,20154
jedenácti,12097
šedým,4905
evropským,1676
husitská,20155
kvinta,20156
kritizovat,17297
turistickém,2175
užívaly,7554
poskytováním,9669
totalitních,4362
projekcí,12967
tyčka,20157
aftermarket,20158
nepříznivým,7664
doletu,6699
výměru,20159
pouti,20160
zúčastněných,17982
křesel,2701
pondělní,20161
plodové,20162
obvyklá,2118
stanu,970
lákala,20163
velkých,1403
týkajících,20164
kukuřice,16331
územím,17318
figury,16362
odstartuje,11571
jednolůžky,17786
monde,20165
zástavním,20166
pivovary,3030
věřitelského,20167
moravská,3977
hodnoceno,5031
fraška,20168
nábřeží,20169
bojovalo,16228
tuze,20170
podlehne,20171
vyroste,10193
poutě,20160
vtrhli,20172
dresů,4487
chudších,3253
knížecího,6805
přeměně,10348
pergola,20173
držadla,13855
pojali,4868
jihovýchodu,9780
elegancí,20174
připravily,4009
neslučitelné,20175
poháněna,2995
zakázány,4002
podšívku,20176
lokalita,20177
zmatená,1581
sodíková,20178
ldots,20179
hnacích,20180
rict,20181
vládcem,5787
karibské,20182
převezeny,11912
přesná,1623
ověřeny,7611
obvodovými,7496
podatelna,14115
odvětrání,20183
pohlazení,20184
líbat,20185
prvotních,8604
užší,3074
upřímná,2452
báze,17369
klíčového,1658
rodinná,698
znečištěním,15383
náležitou,20186
posvětil,20187
šerm,20188
zkracují,20189
zavázal,16765
výš,13880
slunovratu,20190
prohráli,8633
připravíme,4009
vyložené,4079
děkana,10427
vystupoval,17674
vydavatelstvím,20191
budoucími,5646
feeder,20192
předloni,20193
scénami,3862
uvolněním,18851
výřezy,14017
nošení,20194
juniorského,5363
popsán,3443
nastřílel,20195
identická,1503
hospodářskými,1601
staročesky,20196
slaďování,20197
sousedního,10165
vlasová,3219
aféru,20198
lákavě,20199
prošly,8711
póly,3780
bází,17369
jejíž,4435
vyvázl,20200
dvojnásobným,10585
zapomnění,20201
metru,5786
jazyková,1584
doporučuju,14816
osvědčuje,20202
objevující,20203
vášnivé,9684
pohybujeme,10762
srovnávači,20204
chrámů,1137
grateful,20205
chodíme,5880
včel,6451
považované,5435
maximálnímu,13390
odložena,1616
navrhovaná,1265
dlouhého,4386
prováděcích,9245
lehkým,1091
přidat,15944
rudé,6033
epilepsie,14946
termíny,4504
pudu,11979
fejetonů,20206
mimořádnou,6243
výtlak,20207
objemem,7725
kterym,20208
členstvím,14207
favorita,7188
contact,20209
kredity,20210
jednorázovým,1094
šílená,2740
svěřuje,20211
komisi,12585
rozpočtového,952
ničivé,20212
vedru,16043
usazené,20213
zásadách,7007
dokládající,20214
hlasů,928
svìta,20215
radního,20216
zátěžových,20217
zařadit,15371
koncem,13457
poradního,6070
řešena,2834
umožnění,20218
nalijte,20219
účinků,9619
vyvíjena,3426
dělily,10160
otevírají,7938
závěru,7800
akcích,12978
pohltila,16836
čtěte,3336
zaručující,20220
vyprávět,20221
oceněno,2517
ochotná,4430
oddělených,1647
shodná,4564
hloubku,15991
nastoupily,10961
sledky,20222
potrestáni,12409
zeleninové,2317
léčebné,5372
přivedlo,11329
kupní,20223
rika,20224
zakladatelé,12124
posunut,20225
bonusy,8350
nevedlo,10862
trade,20226
namíchat,13051
slavná,2814
diety,13591
strašidelné,20227
hradbou,14479
vůdcem,5438
logistické,20228
nerostou,20229
ben,20230
nesporné,5597
platném,1706
pístu,20231
diktatury,16507
územně,20232
přidání,20233
osudové,20234
hustou,4741
umožňujeme,10176
fandit,20235
švédským,5141
kouzlo,7579
přijatelná,4308
olivovém,5300
odvozen,10448
jehel,7383
nastínit,19139
tvarovat,20236
kořenům,10018
beden,1677
zakázali,6403
zpoplatněno,20237
přerušena,11634
takových,502
patron,20238
dozorčích,10618
přirovnání,20239
redukuje,20240
factor,20241
historickým,2333
popelem,8978
dokončovací,20242
podlehlo,20171
zamilovat,6082
podílet,18843
nárt,20243
přestupků,5721
nečekaným,20244
pláštěnka,20245
pozemských,854
schne,20246
délku,20247
praporky,20248
termálního,13971
chromozomů,13021
nahlášení,4502
ceremoniálu,13912
večerem,2029
upravíte,10369
kuchařce,5961
starozákonní,20249
navrátit,14565
využitelnost,20250
revize,19542
třísky,20251
brzdami,6395
vybudována,2695
děsivé,7046
farmářů,2416
povinni,3172
advokátem,4841
přesahovat,20252
jednali,6731
pádů,7952
kreativních,6126
debatě,18721
zajišťovací,20253
nenásilně,20254
činitelem,6666
zaměňován,17446
pohybového,1129
významnosti,19739
pokračoval,18706
proplacení,20255
spravnom,20256
neuveden,20257
mluvili,9575
nazval,10393
tematická,1613
zoologická,18522
ženském,1130
lovci,5457
kolika,7607
veverky,11635
potvrdil,13372
omezující,20258
mezinárodního,10229
korupcí,18817
sepsání,20259
zveřejněného,1835
rozpracování,20260
hledí,11773
kombinací,19112
renesančních,7662
vodoměrů,20261
pověřeným,7111
rozšiřuje,18134
prosazuje,19753
sebevraždou,12482
uvádějte,20262
proslavil,20263
meziválečné,15482
oslavil,20125
litoval,15475
šestileté,18949
skrytých,3007
nameilu,20264
strhující,20265
dlouze,20266
působivá,5776
vyvolá,18605
vzpomínat,8858
zbytku,7441
granule,20267
kryl,16154
várku,20268
domech,112
sprchování,20269
přivolal,11762
biskupství,20270
pořadatelem,6002
vybudovali,6162
překvapivý,20271
vší,4407
logistiky,20272
těhotenstvím,10465
počíná,4565
prodyšná,7437
ztrátové,20273
radím,12231
poloměru,5080
turnajích,4066
zalévání,20274
nevidíme,8260
dopustila,10390
erekce,18591
spokojeni,1591
založili,9032
povídka,10663
hrazeny,20275
započítává,20276
světlé,8138
povoláni,12531
vůdci,5438
pěstitele,17262
oznámit,13599
útočná,2268
zásluze,20277
srovnatelné,4023
lumenů,20278
hrdá,14426
pěvec,20279
novinkou,12174
optimalizací,20280
putovali,20281
rytířského,3623
etapy,20282
zahráli,6111
vrcholu,7868
vypršení,20283
srpen,20284
brožura,19557
vzkázal,20285
popření,20286
mluvila,9575
poptávkua,16522
dalekého,5999
progressive,20287
dodavatelem,3180
výpovědí,14969
polním,10316
ruskému,899
slušivé,20288
nesouhlasu,10673
indikací,20289
útlumu,10734
nadčasové,2512
fara,20290
panství,20291
odkazuje,13731
odhalily,7009
shrnuje,20292
ulevit,20293
dominují,9891
opora,18545
pořádanou,11153
investory,3138
paráda,12342
inspirovanou,20294
odvolal,15119
vonící,20295
pěkné,5103
radnicí,16550
ledovcem,2353
spojeny,2851
vychovávali,12496
opětovném,16538
zastřešené,20296
uherských,3372
bříza,20297
lanem,20298
ingrediencí,20299
sportovními,5805
prošívané,20300
upadla,14688
epilepsií,14946
vážení,13846
plánována,1004
čchi,20301
podnikl,11200
nákladového,18559
přivedli,11329
uvěznit,19317
sypké,20302
komunitou,8242
lázeňskou,7310
tělovýchovy,11913
agresivita,11192
zpěvy,6244
písku,4219
závitů,14983
arcibiskupství,20303
reagovala,6852
módním,12928
videích,1568
mastí,20304
živými,745
pražskému,5289
odděleny,12605
industrializace,20305
nadvlády,16423
jaderných,831
skvělém,3601
helium,20306
kožešin,6672
reagovalo,6852
praxí,8817
doprovodného,7925
vie,20307
nepřála,9519
individuálních,6710
porovnáváme,8024
pane,10603
cibulky,13439
netýká,17497
drsné,6364
shlédnutí,19178
bezprostředního,10994
diagramu,4335
padla,4420
rozprašovačem,20308
projevem,2398
formám,13259
krmiva,7018
zálibu,4334
dvoudílné,20309
přebírají,20310
odvaze,9922
červenec,20311
úvahám,6051
propadnutí,20312
zápachem,13309
dělostřelectva,7079
zbavovat,8503
posune,18317
dařilo,9101
nákladních,3121
pozlacené,3742
hospod,6915
mastná,3479
malárie,20313
couvání,20314
vybereš,4695
slyšeli,7519
záplavy,18696
vláknina,17054
víly,13448
chudoby,11039
pooperační,20315
nabytí,20316
procesního,9552
kauza,16710
páchání,20317
vypadly,3110
fosforu,13714
účinkům,9619
létají,11508
letovisku,20318
měřených,1097
básníků,6027
zadlužování,20319
náhradního,8127
přistoupilo,10979
hostovat,20320
zitra,20321
celostní,20322
sukně,18409
hotely,1184
pokojíchbezplatná,20323
dojela,12924
mrtvých,1214
dokumentují,11357
nevyjádřil,17357
stánků,1543
potká,17779
čerpáním,20324
léčivé,5547
mokřadů,19956
current,20325
vyhýbat,13019
stromů,557
diplomaté,11569
doloží,15588
vnitrostátních,18290
božského,9177
dobrem,10051
založeném,3501
sendvičové,20326
jasného,6732
plavba,11211
konzervativním,10183
řídítek,20327
kouzel,7579
vyhnal,14502
občanská,3150
pověřených,7111
kakaem,7597
mleté,2781
vynášení,20328
autorku,19248
škodám,8343
červen,20329
rybáři,6030
příjezdová,20330
značených,20331
drážkou,20332
přeloženo,9812
náhlým,9071
ušila,13192
zrcátek,20333
teplým,1967
vděčná,10467
betonového,1264
písemného,2437
provizi,20334
akreditace,20335
trámů,20336
nejsilnějším,1864
same,20337
očekávaného,4273
směřovalo,11846
revizi,19542
pýcha,20338
skalnatém,8372
matriční,20339
vznikly,10494
železničním,4467
čtyřky,20340
rozkládají,13948
bukové,20341
biotopu,20342
lamina,11731
polští,3607
vinutí,20343
inline,20344
fázemi,17192
pozici,19188
opatřeními,17856
schváleno,4218
fleku,8497
úplná,3338
niva,20345
potomky,4742
odrazilo,11982
bryndza,20346
vytvářené,17303
pobytové,20347
yes,20348
podporovaná,1305
němčině,4610
proměna,12626
písková,20349
aféra,20198
konfederace,20350
farníky,20351
polypropylen,20352
zvýšily,14555
systematické,6152
vyzařuje,20353
vymezenou,5163
rozšiřování,20354
vyplněna,8252
administrátorem,20355
níže,20356
kanalizací,12765
betonem,1953
slovanská,3807
finalistky,6989
rozborem,5530
tradičnímu,11435
výkonů,568
zamíří,18495
kávová,20357
vyzývám,19910
hagusy,20358
splatností,18464
kladů,20359
vysocí,3619
vyskytly,7629
trasách,4527
pokládku,20360
přiblížení,20361
psychoterapii,18508
individuálními,6710
tryska,20362
ilustruje,18878
inzulinu,20363
pojmenovat,20364
stráň,14630
intenzivním,16476
rysech,7915
přežívat,7766
mužstev,8181
montážního,14727
hromadění,20365
střelců,2966
krajinného,7280
hojnosti,20366
pravdivá,7255
prodyšné,7437
pečením,20367
tuhou,20368
sešly,13925
vitro,20369
potravinářského,1882
prime,20370
vedených,3773
oddělovat,12605
nenacházejí,20371
pomohla,5647
now,20372
farmacii,20373
oltářů,1332
účinkujících,10519
docházce,20374
obsahové,20375
příslušnost,16493
uměleckoprůmyslová,16171
nemovitostem,11324
modřiny,20376
rodové,5175
služebnosti,20377
garážová,20378
dolní,20379
dražeb,12770
odcházíte,8002
pružnosti,20380
náležité,20186
osiva,20381
rybou,8068
notnou,20382
neprojevuje,16373
odbočkou,20383
plošná,975
vinaři,20384
redigoval,20385
spisovatelka,13640
týkající,20164
pohraničního,13824
scházejí,10836
chudá,3253
dirigentem,9473
touze,11268
derby,20386
řezu,4778
spoustě,12072
rodinném,698
šicích,20387
dokoupení,8717
kulturou,10857
nejsledovanějších,1797
políbí,20185
přesídlení,20388
odlišné,9927
převahu,19396
převratu,2871
nevěře,11471
požádala,8574
přepracováno,11728
zákalu,20389
posla,10158
nadšen,8198
zřítilo,13833
odměrky,20390
rozprostírá,20391
jež,4435
působnosti,20123
průlivem,5807
bratislavského,20054
sedmá,9505
potravní,20392
zdarmaa,20393
upustit,20394
láhvi,6756
porušování,20395
pasty,16155
zasáhly,11578
hojný,20396
tmavém,3609
smutní,11963
zapojují,20397
střeleckého,5753
kovovými,20398
diferenciaci,20399
termínů,4504
úvazku,9565
potravinách,2201
absolutního,12132
charakterem,6595
repertoáru,3946
klasifikaci,19603
zapojeni,5354
nedostatečnost,20400
mužstvu,8181
odchylka,17861
zvěře,16258
vyznamenán,20401
předkupní,20402
válkách,7271
etických,2520
řádných,937
nebezpečných,425
klasifikačního,20403
zemřely,8672
pokrývají,14974
nevidím,8260
jihozápadní,20404
soudržnosti,20405
městečka,9418
tmavší,3609
informovaly,9992
still,20406
nemluvil,9575
zrekonstruovaných,20407
kravského,13690
závodu,3532
fototapeta,16259
aktuálních,9726
voličů,2904
srpnu,20284
duelech,20408
domlouvat,20409
výšivkou,20410
poutka,20411
svahem,20412
onkologických,13356
náčelníkem,6581
plnící,20413
zpětných,4311
účesu,20414
přineseme,5735
vyjádřením,19979
kolem,20415
holínky,20416
dozvíme,10194
porostů,6379
filmových,818
dohodne,19561
požádal,8574
patronát,20417
inspirující,20418
vnímáte,10359
pouště,9682
harmonie,16911
mixu,10587
prezentované,3976
vévoda,20419
uzavřenou,3131
dělnické,16147
zkvalitňování,20420
přivádí,20421
architektonického,5723
přehrad,13469
prokazující,20422
imitací,13336
stoupat,20423
věrná,3764
arbitři,20424
vrátili,7646
napøíklad,20425
krovy,5626
zahlédnout,16341
předváděli,5900
kněžského,20426
spatne,20427
výjezdů,13932
současníků,20428
ozvala,10200
diamantové,20429
opíral,14059
gastronomické,20430
průtoky,20431
komplementární,20432
vejčité,20433
skladba,9977
strojírna,20434
přípravách,8515
pramení,20435
rozpustil,20124
povedlo,18040
sbíráte,10486
tělesných,1792
nucené,12178
dvojic,15609
žárlivosti,15040
památkové,8882
rozdílem,11234
okrasná,20436
metropolita,18720
kroje,3358
dravé,20437
neúspěšná,1430
prohlášena,6557
pokrývačské,20438
osádky,20439
zdražení,20440
jáma,13923
nedaleké,5999
zápornou,3013
kamaradku,20441
vlásti,20442
obchodníkům,1290
neskutečnou,20443
vitráže,20444
slušnosti,16867
čtyřleté,6643
úspěšnými,1430
hlavnímu,8712
přijatým,20445
vyvinuto,7625
předcházely,11588
střešního,9369
poloostrovem,3912
staletí,13703
mandlemi,13637
korporacích,4882
kontrastu,14480
právně,20446
akcentem,20447
přerušeny,11634
přidáme,15944
halách,5754
předsedkyně,20448
složeny,2258
materiálních,6718
doplňování,20449
opakujeme,13408
sedících,20450
dravci,10957
vín,2253
nechme,3101
nebývá,5576
statistikách,20451
stavitelné,6623
vzpoury,13386
konzol,20452
spojování,20453
pevninou,15428
šťastně,18796
průmyslových,500
dodávány,20454
stanovami,20455
krážem,20456
nevyšla,8308
puči,20457
vyprodánopodívejte,20458
dve,20459
společných,2229
naozaj,20460
nedocházelo,15247
zásilek,8957
slyšíme,7519
siluety,17825
utopie,20461
snowboardové,20462
spojenou,2851
orgasmu,20463
horké,4684
majetkové,7755
realizují,7698
schválilo,14185
citlivostí,12957
podepsanou,5416
nezvládli,3055
okapů,20464
dodací,20465
věrní,3764
otiskům,20466
spermatem,8146
uvedeny,2209
zastřešující,20467
argumentaci,20468
kravata,7430
zaměstnaneckých,10950
střetnou,20469
komentářích,5517
plese,11018
zřízeného,2937
vztahu,3393
svěžest,20470
hlaveň,20471
age,20472
chutnalo,17470
obsahem,3062
navigation,20473
rozhledny,15704
hraběcího,9603
leq,20474
farmaceutická,2132
provize,20334
výhře,4899
reportů,20475
zajištěného,1671
významného,6301
bronze,17402
překvapená,15390
dvouleté,5674
emeritní,20476
přehradě,13469
zaslali,16506
mučedníka,18363
líbily,8784
federalizaci,20477
outdoorová,20478
hereckým,5330
masérek,20479
divadelního,12401
proslulého,8158
nepřesahující,20480
způsobeny,7601
novu,20481
přinášel,18443
nerespektování,20482
rovinou,9543
jednolůžka,17786
změněna,10510
určíme,13232
transformována,8886
odolat,14449
přidejte,15944
neváhejte,20483
australské,5007
fondech,1688
larvy,18449
zhoršuje,20484
stříbrnou,4605
vrstvě,6518
pry,20485
obdélná,20486
zdůvodněním,20487
pedagogice,11633
nahoru,20488
bílým,2818
značkových,463
chůzí,20489
příčce,7623
pronikání,20490
hormonu,6485
oblouku,4629
plamene,6945
předepsal,20491
chóru,13199
udáván,20492
rostlinným,2538
němečtí,4774
kouzelné,4621
dráždění,20493
bariér,11845
požárů,3503
dopátral,20494
přespříliš,20495
určite,20496
usnesení,15194
valenou,20497
zlehka,20498
zařazené,20499
přiložených,1683
zapojila,5354
pohybovala,10762
kotevní,20500
obhajovat,20501
skladbami,9977
šňůrku,20502
stacionárních,20503
vzbudila,7765
seriálech,2389
vylíčil,20504
podotkla,13598
disciplíně,5193
existence,17453
pozemkové,4084
rozcestí,20505
letním,9964
dokonalém,1681
předkládáme,17853
stažení,19782
osobitou,5125
tiskových,1653
odkoupila,15445
ocele,13462
předpokládané,6690
norskou,11450
poptávce,16522
zamiloval,19810
výměnou,9479
arach,20506
biblické,4857
symbolizovat,20507
ústavních,5944
zlomenou,10881
nositelia,12253
souvislost,18890
střídali,15939
živlů,2910
silikonovým,8097
kazu,13719
storna,20508
městečku,9418
mezinárodními,10229
situace,8093
socialisty,16572
vyvarovat,20509
chovu,6682
připravované,2469
oznamovat,13599
pomáhalo,9250
charakteristika,12480
úhlu,7896
kontroverzní,20510
botanické,9802
kvádrů,20511
nasadili,11550
spolku,8970
předpokládaná,6690
spokojena,1591
vrtulí,20512
vyprávěl,20221
krví,12722
mívala,14604
early,20513
obecná,6202
vlajková,13318
deklaroval,20514
pam,20515
uspokojivě,20516
jehlice,20517
přibyla,15751
syntaxi,20518
zanikající,20519
střeleckou,5753
smír,20520
fest,20521
nastolení,20522
vedrech,16043
vyzná,19367
bedra,20523
museum,20524
logistice,20525
fundamentální,20526
motýli,8528
podobnými,4952
ohrožujících,10729
moří,10154
dvoukolově,20527
úpravou,17056
střídající,20528
oporu,18545
husitského,19923
dražby,12770
třecí,20529
horninami,9697
tříděného,20530
očním,8965
neuznal,11672
stahy,20531
bedrech,20523
vraždění,20532
perkuse,20533
vynesla,13636
udržují,6560
potírání,20534
skupince,20535
chorobě,4058
docházelo,15247
pohádkách,4761
charakterizuje,14085
hajní,20536
svalového,4926
skvrnitá,20537
přirážky,20538
soutěžili,10258
kopírována,2649
trenérovi,2135
přikázal,19541
titulků,6888
pláči,4366
činohry,20539
zasáhnou,11578
řediteli,4881
history,20540
rytec,20541
konsolidaci,20542
předlitavský,20543
poměrnou,20544
zlí,2121
severozápadních,12724
obsazenost,12441
cyklostezek,17451
datovat,20545
voucherů,1711
definováno,10753
síran,20546
přikládám,15929
páru,17274
olympijském,4157
finské,6847
zvyšovat,19740
vymezené,5163
vstříc,20547
vůně,19638
having,20548
skořicí,20549
ohroženého,6278
choti,20550
faktické,5074
přesunovat,7030
tajemným,4267
vydáme,11437
platností,17336
mrkví,3821
odvysílána,20551
změny,14552
kovového,768
oceňuji,20552
krematoria,20553
částech,11454
startovali,4653
kužely,7325
hrazené,20275
rozhodujících,12822
podmíněná,1272
videochatování,20554
oslovují,20555
vyjeli,10195
novinových,12037
terasách,4975
nemocech,6800
slupce,12553
dvojčat,11166
podráždění,15826
nositelů,12253
regulačním,12281
uloženo,387
stráží,8874
srazy,7090
ztotožňuje,20556
škůdcům,20557
názvem,7747
prostorných,2127
podělit,18306
zahrnují,9792
autobusová,2363
oslovovat,15122
březí,20558
kolonce,20559
osteoporózy,20560
zraněními,20561
západními,14318
opakovaná,2436
stovkami,3536
mylné,20085
poslušnost,20562
doručíme,2387
bibliografických,18725
šířeny,11559
zásadnímu,10686
památek,9395
marže,20563
severním,11961
umělém,1040
úměrná,7200
zrození,20564
štítů,180
vznikne,10494
proboštem,20565
vzdy,20566
nadaných,3398
kruhového,3857
výzbroje,9705
dopisech,1321
prosazovat,19753
pánského,3620
drážky,20567
registrovaných,2187
využili,5975
sliznici,18227
hradecké,20568
bratří,1757
osmifinále,20569
jíl,20570
známému,1356
kotelen,4790
nemocem,6800
událostech,13429
přidal,15944
zdejšího,12491
česneku,2688
ovlivnila,11419
pravoslavná,6255
sehrát,19858
vyprázdnění,20571
synagoga,18045
pronikli,20572
směřující,20573
kněžské,20574
nesnižuje,19431
polední,20575
kuchyňských,522
armádních,5732
apoštolů,20576
abuse,20577
kulometem,2152
bitvy,18016
rozličných,12314
problematice,16461
přehlídky,16279
západního,14318
přistavěna,20578
různorodou,3745
důrazem,9728
dělaly,3644
řepka,20579
nereálné,414
language,20580
mohutné,2081
pružně,20581
všeobecného,2568
rumunská,5369
zač,3885
pozorují,13288
návsi,20582
gramatické,20583
přínosná,8804
prodejné,20584
mokru,20585
modré,3599
dynamikou,12876
etnicky,20586
švédského,5141
výměnnými,8773
toleruje,20587
mítinku,5324
nekonečného,16422
otázkách,7572
věcných,7922
úhrad,20588
odměně,6079
dopadu,5638
operují,20589
èíslo,20590
pronásledování,15320
postavených,1992
hydraulického,1582
opylení,20591
slunečné,4852
jmenovitě,20592
pocházely,17094
čistky,20593
vyrazila,9065
ubodal,20594
akčních,9961
nejširší,12143
klademe,15111
hnojiva,18014
sodného,7948
tvůrcem,8344
událo,20595
kope,20596
nezjištěno,20597
červeno,20598
dovršil,20599
hřbitovech,5099
kyselé,8172
nepřesnost,20600
svezení,20601
oděru,20602
chráněnými,754
navýšení,20603
louka,11124
závěry,7800
čárka,7078
přiveďte,11329
souvisejícími,10637
plánovány,1004
vtáhnout,20604
vedlo,10862
vykoupat,20605
uvidíš,7450
půdě,8947
svahu,3406
minout,12962
slony,3615
harfa,8692
provincie,20606
citronové,12218
princeznou,9306
inhibice,20607
svalu,2664
jazzové,8962
stezce,11867
sacharidů,14973
zvát,15618
kříže,3124
třetím,7617
síťoviny,20608
pivovarnictví,20609
infekčních,5431
uveřejnil,18711
představitelé,11983
minulému,7395
mluvíme,9575
předcházelo,11588
peci,10581
provedli,6953
zakládání,20610
vpadl,20611
rotunda,18968
pohlavím,19027
dělená,6048
vyztužené,20612
finálovém,4799
koncepcí,15700
specifikuje,20613
pohrůžkou,20614
hoření,6923
energetických,2171
pečovatelská,20615
listopadové,20616
quattro,20617
klinicky,20618
vybaveníkuřácká,20619
jednoleté,18694
sve,20620
pojď,1758
pátrání,20621
jednoznačné,10118
definovány,3991
náprava,4209
úchytů,20622
citované,20623
zážitcích,2074
námitek,7627
hotového,402
napomoci,20624
snahou,16211
domorodé,20625
fasádě,6008
agend,4941
upřímnou,2452
premiérové,7598
farem,3381
shodli,9944
podobenství,20626
pružným,4208
ponechány,6657
nízko,20627
rodin,3779
desátém,6197
desátá,6197
povědět,10478
lakovaná,20628
výzbroji,20629
kratším,3284
línat,20630
potokem,2857
několikáté,20631
nezpůsobuje,20632
rozdělených,2844
příčka,7623
světoznámé,8095
sjet,20633
rozvíjela,11946
nerosty,19558
mansardovou,20634
dramatu,17929
výchozích,5077
vzácným,4061
struktuře,14192
dány,757
lesku,10241
vyrostla,10193
kořenem,10018
týmto,20635
vyhlídky,5541
beseda,14878
zpravodajských,1044
during,20636
stavěly,5382
vysledovat,20637
psala,3371
přírodními,6561
upozorňovat,17656
zákoně,3714
účinkem,9619
mrazech,2514
dela,20638
vzhledů,3631
ukrajinských,1708
zástava,11229
cyklostezka,17451
niti,20639
rozdílné,12981
osvědčily,11780
vyplněním,8252
víkendů,1589
substrátu,4101
posily,20640
letech,4455
eshopů,20641
pestřejší,7357
objemů,7725
labutě,15342
abatyše,20642
šumavské,20643
bohuzel,20644
sporu,10452
kompozici,20645
rybníce,4039
úžasné,5184
probošta,20646
euru,8225
pravdou,9753
opěrných,20647
www,20648
kamenů,641
omezovala,20649
činil,11611
rubrice,15994
trochou,11441
roztočů,20650
hádanek,10795
francouzštiny,6738
brankářské,20651
psích,6128
doporučovat,14816
policejních,3576
silách,7366
srážka,12291
velkoryse,20652
zadržet,20653
bohoslovecké,20654
rozvíjení,20655
sympatie,20656
osidlování,20657
měšťanské,16928
domáhat,20658
pořadateli,6002
vystoupil,20659
filmařů,8321
man,20660
lesklého,9773
otočili,8339
zůstávala,9291
safírové,20661
proběhla,10259
kmenových,6049
rasistické,20662
nalezená,3080
pravidlech,12235
kontraproduktivní,20663
jakési,2294
zhoršily,15885
stavělo,5382
válkám,7271
umožnili,10134
zodpovíme,20664
vytvářením,14864
nevěry,11471
spolkové,5882
zprostředkují,20665
konferencí,17793
atmosférického,4709
firmami,1419
extáze,20666
zřídilo,10108
basso,20667
mezníky,3167
sejít,13925
keramická,4484
bojová,2235
úvěrových,1360
cihelnu,18675
ideologicky,20668
volném,2088
švýcarská,5424
bulk,20669
radní,20670
rozpočtové,952
houslí,2756
ložisek,15199
konzulátu,12655
politického,3245
producentem,6047
pronesla,12650
poznáme,2858
ústech,11177
oslabuje,20671
vylodění,20672
sigma,20673
přehradní,13469
naskytne,20674
komplikovat,20675
pectoris,20676
slavil,18035
spokojené,1591
stylech,990
sanskrtu,20677
předloze,5463
strojírenských,5969
masné,20678
hadičky,20679
stočné,20680
nevyplývá,16892
jejích,9203
přeřazen,20681
financovaného,6075
bludy,20682
privatizace,20683
strašné,8570
podané,10552
kombinovaného,806
pahorku,20684
popsání,20685
cihel,6850
zvolilo,8153
vévodství,20686
netlačí,20687
nazouváky,20688
utkat,19347
rozděleni,2844
draselného,20689
dehydratace,20690
uzivane,20691
úrokových,8075
stejnojmenným,1920
rostla,4054
týkat,17497
končetinách,11050
předmostí,20692
prošli,8711
primáře,14395
textilního,15275
bazénům,826
shromáždil,11135
pánve,13967
černými,2894
hráz,20693
dívčím,7336
zažívat,14031
štíhlé,3423
štěrku,9133
synagoze,18045
heavy,20694
svazy,3495
demokracií,4811
pěti,11179
perspektivy,20695
hradeckého,20568
mokasíny,20696
vlastnická,17295
věru,20697
mlíka,4832
velí,18885
pískové,20698
ubytovaných,20699
kukly,20700
třídílné,20701
levostranný,20702
zaujíma,20703
popsali,10649
léčivou,5547
věštění,20704
ostatního,6476
novinek,12174
souhvězdí,20705
oceněním,18465
rallye,20706
posty,11758
dekorativním,15358
modelkou,13929
povrchová,2261
revíru,10019
oščiatková,20707
jazzového,8962
převzalo,10180
saský,20708
autorka,19248
born,20709
uspořádána,2130
chromové,20710
nechystá,7337
vlhkým,2869
draků,20711
snížíme,13238
kind,20712
tkání,5255
ozdoben,7281
klanů,20713
přijď,2877
intriky,20714
sleduji,8565
označenou,3568
revíry,10019
akcii,8327
stříbrným,4605
geotermální,20715
kategórie,20716
konsolidace,20542
stylizované,20717
protestům,4333
neskončila,11816
návrší,20718
diskvalifikován,20719
zlatnictví,20720
plodolistů,20721
pyšní,12007
partnerského,1554
rozdělili,5275
převezmou,10180
účastníkem,1794
posiluje,11626
zdaněním,20722
platnosti,17336
pokořil,16100
postavách,10287
dubnu,16151
rozčlenění,20723
bestselleru,3608
otočila,8339
spadat,4911
pozdějším,8889
ztratily,4921
statutem,10517
zavedenou,4105
místopředsedkyně,20724
samu,1061
nezvyklé,20725
něžné,7400
disponovala,6871
budes,20726
flóry,16063
architektonická,5723
včelařů,20727
platily,5235
style,990
pasuje,20728
hlásal,15909
nejvýraznějším,5535
označovaná,20729
akumulaci,20730
aktuality,19281
odsoudili,19681
nových,225
úsecích,3923
zoufalé,7351
uvolňování,20731
krytím,20732
nárazníku,9600
platvčera,20733
uvažujeme,11962
státem,545
prošetření,20734
láskou,8924
věrnost,13973
odhalena,6175
doprovází,15962
zřízeno,10108
přep,20735
možnými,3441
expozic,16519
vsunutím,20736
vydávány,4638
rozlišují,11440
lymfatických,13184
montována,2960
odkryté,20737
stávajících,3065
námořnickém,20738
divy,17664
keratin,20739
odkapávací,20740
vice,20741
wellnes,20742
horečce,15524
omáčkou,12702
směrnicí,17726
přibrala,20743
dkg,20744
archeologie,14683
aktérů,20745
doplněné,9115
skladových,14080
php,20746
author,20747
portugalského,7394
evidovány,9011
účesů,20748
islámských,3141
účinnosti,20749
poutníků,5689
rotaci,20750
příležitostí,14172
match,20751
premium,20752
námořníky,4288
zatáčky,20753
ženách,3752
ponechal,6657
velka,20754
průvodkyně,20755
upraveno,1434
pravdepodobné,20756
zvyšuje,19740
trhání,8410
lípy,9658
měkkou,2418
suma,12514
nočního,10480
tož,20757
díky,20758
zákaznických,794
hvězdičkami,13540
garantovat,20759
kováři,19425
ustojí,20760
závodě,3532
stavitelů,6623
nenesou,20761
pěstovány,7825
vynoří,20762
pytlů,1039
skladbou,9977
spojená,2851
zásluhou,12088
akčního,9961
jedinečných,2932
řidičských,690
vystřelil,11714
předsedal,20763
vášní,11994
skutečnostem,7738
linků,20764
silná,1864
společenství,20765
přivítal,17339
krajem,3314
lví,20766
regresní,20767
dolních,20379
kyselinu,16920
kurie,20768
přestěhovali,8781
běhy,1087
pøípadì,20769
neprodává,3122
mohutnou,2081
výrobními,7470
nadmíru,20770
celoročního,16347
židovské,3688
vyřešeno,6936
bláznů,2832
procházkách,7244
fázích,17192
menším,251
zazpíval,19851
překvapující,20771
umyvadlová,6293
krmítka,20772
palustris,20773
mívá,14604
presenční,20774
nastavitelných,20775
vážnými,2671
benzinu,20776
zakřivení,18541
nevyšlo,8308
vykreslení,20777
vyslovila,9871
politice,8664
odpovídala,9597
otevírání,20778
zakrytí,20779
zpochybňuje,20780
norská,11450
dědické,20781
politická,3245
oteplení,20782
kompenzovat,20783
výtažky,20784
orgie,20785
judikatura,20786
zmizela,8000
kampani,13804
doporučená,4282
čerpali,13610
darování,4913
vydáváme,6242
členěny,12325
spalování,20787
účinky,9619
regulací,19442
přísahu,20788
invalidity,20789
nedochovalo,20790
usmívat,15884
nať,20791
poučit,16577
dostavba,16738
ručníků,925
hazardu,3883
důvodně,20792
zasaženo,7434
zazpívá,19851
holení,20793
insolvenčních,20794
komentářu,5517
vegetaci,20795
popálení,20796
silám,7366
poprosit,8660
skupinových,413
fotil,7341
bestsellerů,3608
cihlová,9443
připravovaly,7786
roztroušené,13983
dědičná,6741
potrpí,20797
napsali,4765
vznesl,20798
svršku,20799
koleny,5011
charitě,15780
parkové,20800
příp,20801
asijskou,3938
obrovskému,1579
nabývá,20802
sametová,7551
církve,12233
důležitými,2842
evidována,9011
drážkami,20803
smíšenou,6108
hubená,4081
balkóny,645
koroze,20804
kvalifikačního,8653
obálek,4221
hnízdění,20805
charakteru,6595
turba,20806
zlepšily,10468
švédská,5141
daří,9101
přerozdělení,20807
jakož,20808
vozovce,9540
plynárenská,20809
snídaní,3759
projektech,41
dodává,6887
zopakoval,11584
střelbě,15782
chyběla,8532
lotyšské,14748
nepřijetí,20810
diskusním,5748
sporů,10452
různém,6991
vídat,8260
radosti,19293
asociaci,17855
odvážné,5491
klidná,2961
řetězová,20811
zasloužila,14874
vytvořením,18723
civilu,20812
café,20813
upravovány,13168
kapičky,20814
kancelářím,416
message,20815
hrabě,13959
jihlavi,20816
trpělivostí,14286
smetaně,6024
neon,20817
trefu,20818
ročním,9001
výprodejizboží,20819
formami,13259
podrobného,6700
lidového,2819
moooc,20820
přístřešku,1887
zabili,5756
rafinerie,20821
dominikánského,8369
divoké,4126
japonsky,20822
čínských,1110
přechylování,20823
odlivu,12370
zajistily,8602
vykonali,5029
prosinci,15493
lokací,20824
čtvrtfinálové,20825
snaž,10317
tun,20826
vyplněny,8252
bratrancem,2386
zatáhnout,20827
tøeba,20828
produkce,15777
hlavními,8712
pásů,1620
vous,10020
soustavná,11492
manko,20829
lim,20830
unikla,14608
cítíme,6830
prožívat,20831
svátku,9831
sladší,3432
tou,747
čtvrtém,4406
náplastí,14028
hejna,14831
zpravodaji,7126
činná,6765
ostrova,2401
cirkulární,20832
hostině,20833
spojovacího,12764
zrušené,4269
zlatého,2773
procentům,9122
považováni,5435
pavla,16904
koncertů,3618
zajistili,8602
môžu,20834
oslovila,12280
navazuje,17587
nezapsaná,20835
vyřizujeme,5472
hydratace,20836
metodického,1633
taktická,11573
zastánce,20837
svátcích,9831
protiklady,4379
místním,6968
nasazování,20838
vystihnout,20839
italským,4109
žádostem,8624
soše,6398
autorce,19248
držené,20840
neunikne,20841
tlumičů,20842
ode,20843
přesunem,7540
slibem,6217
neho,20844
vam,20845
kácení,20846
zdobí,18797
severního,11961
slabik,16236
odsoudit,19681
utíkají,5572
přírodovědných,7436
zranil,11332
tuny,20826
hlavním,8712
devadesáti,12084
přežili,7766
uzeným,6268
tančí,14717
brankové,20847
kortikoidy,20848
síle,7366
inspirace,19648
azylové,13627
celku,1880
kriminálních,8015
regulačního,12281
výdeje,20849
lem,20850
pozváni,11466
vítězem,8143
cibulkou,13439
pilířích,4192
dnem,3465
podepisuje,13316
poranil,20851
získáním,14332
želatina,20852
dáváš,10999
lokálních,7822
lícní,20853
nadcházejícím,11196
devátá,8286
měřitelné,20854
specializovala,20855
soutěžemi,7409
otopné,20856
národními,3066
poskytovali,5972
slíbí,16576
souboje,3230
hnutí,20857
hypoalergenní,20858
ukončil,13088
oficiálním,7301
rodném,2492
drogové,20859
slezského,14149
citovaného,20623
shodných,4564
stanovenými,3113
laviček,2780
veselým,4922
emisích,17826
mapuje,20860
špičkou,15472
vícedílné,20861
factory,20862
zubech,2899
trestného,2412
podala,11359
dvoru,1420
činidla,20863
dílech,3508
pavouků,3922
lokte,9072
doc,20864
čet,16139
jdi,1758
stripes,20865
zesnulých,3214
povinným,3172
zhlédnutí,20866
urbanizace,20867
sčítají,20868
podtitulem,11870
basové,3187
nadvládě,16423
prožívání,20831
magistrály,20869
podrážku,20870
nadnárodních,7493
opodstatnění,20871
úpravoubarva,20872
porodí,20873
odsouhlasení,20874
zdržují,8546
podávané,5863
kosterních,7752
začlenit,20875
dohadovat,20876
nálož,19901
nesplnění,20877
položena,723
nejuznávanějších,5526
smíšeným,6108
šedi,20878
vybudovány,6162
procházely,4771
probíhala,13530
červené,4266
koncovka,14493
témat,11035
maximálních,13390
podobné,4952
metodách,7080
dělové,20879
zaoblenými,5761
prosperita,16628
vlci,3126
departementu,10099
spoilery,20880
ust,20881
krásní,6129
výzvou,10919
uzdě,19206
going,20882
vyžádala,12539
znevýhodněných,16013
doplněná,9115
bourání,20883
obtížností,14208
podtrhne,20884
snést,11659
takzvanou,2553
duchovenstva,20885
trubkou,11475
podkladů,5707
výzkumnými,1318
menších,251
pěsti,14006
koná,17227
francouzským,5973
mobilheimu,20886
těsnícího,16508
nikterak,20887
nìkolik,20888
pohraničí,20889
iniciovat,20890
ověřena,7611
zátiší,20891
poutko,20892
nove,20893
dodávkami,5035
neobyčejné,20894
vysunutí,20895
amp,20896
probíhaly,13530
norské,11450
specialistka,5254
vesnic,17980
výcvikového,3645
diagramů,4335
erbem,20897
vinicích,20898
přirovnal,14691
popisovala,9390
ucházel,20008
buněčná,13569
vydaly,11437
probíhajícím,16033
jednáme,6731
dobové,2270
zaměs,20899
provedou,6953
informovanost,20002
žili,8677
střevě,2534
látková,20900
směru,11379
sep,20901
odlišit,20902
botky,20903
uvítala,12440
přísudku,20904
kytaristou,10049
neustálém,4784
potrestání,20905
posilu,20640
vnitrozemské,20906
lněné,20907
trojlodní,20908
setu,14413
filter,20909
utrpení,19879
tuků,4059
primitivních,3305
primátorka,20910
přečti,3707
mingské,20911
necítila,6830
mezistátním,13589
komentovala,15134
lodičky,20912
vazbami,11136
šatům,20913
hasičských,1993
vodním,7463
hormonů,6485
naléhání,20914
bíle,20915
postupovaly,6132
tropického,3910
nabývat,20802
rekordních,15392
režisérském,20916
podrážkou,20870
zadržených,8399
indiánského,20917
projížďka,12448
notace,20918
zřízeny,2937
taje,20919
dynamická,2848
titulu,3236
složení,20920
hranice,16305
mody,20921
uchýlit,20922
devítiletá,20923
radila,12231
brazilskou,12673
miluju,6082
sdílej,6660
pásků,17231
bombardování,18123
hodnost,20924
řádů,1294
editačním,20925
klobása,13987
žáhy,20926
dopustil,10390
festivalu,8069
kešu,20927
uvažuji,20928
půvabnou,20929
moderuje,14594
shodla,9944
křesťany,6020
sběrných,3992
provádějí,8797
zavázala,16765
večerním,10947
zamlouvat,17200
struktur,14192
kupa,11539
zobrazována,4890
násilné,18081
vykopávky,20930
oblastmi,15276
stříbrná,4605
frekventovaných,13187
vyhlazení,20931
korejské,3457
kyvadlová,8739
vytahování,20932
razantní,20933
kováře,19425
velkoobchodu,3718
mistrovstvím,9475
diskutabilní,20934
zmiňovanou,3957
vládními,7002
replaced,20935
prožíval,20831
nedočkal,20936
stanovištích,6995
čelních,15373
brutalita,20937
nuceny,12178
končetinami,11050
plenek,20938
přijímáme,10482
péra,3271
nezaměstnaností,16055
broušené,8023
nespornou,20939
uskutečněno,9851
penzí,3420
šokoval,20940
krajů,3314
architektonicky,20941
krému,20942
navrhuje,9956
profesionalitu,18182
snažily,10317
garáží,2578
podepisují,13316
usvětši,20943
startupů,20944
podm,20945
packy,20946
producenty,6047
specifikaci,17774
splňují,9983
pokémonů,20947
pohybech,2085
spojeni,2851
pokrytí,20148
setkáním,19054
zainteresované,20948
éterické,20949
woman,20950
agenturami,5046
minulým,7395
zpěvačce,12185
babes,20951
vrcholné,7628
postu,11758
úsměvy,3943
rozhodují,9507
tiež,20952
akciovou,1183
zaniklá,20953
odvedl,14785
demografických,5897
umístěných,2633
sprchovým,4352
terapií,16854
irského,4671
wellness,20954
kapalin,12001
sedmdesáti,11915
plavci,6463
postihlo,9399
vymezeném,5163
tvarovou,20955
realizace,16093
terorismu,5746
lesním,10088
kontraindikace,20956
tolerantnější,17091
atrakci,18377
vyhnul,7745
očekávání,19484
koncentráty,20957
potkat,17779
buku,11748
zamítnutí,12581
originality,20958
zdůvodnění,20487
oživování,20959
těchto,789
dorazili,7458
osvědčeného,3748
krom,20960
pivovarem,3030
prováděna,2626
pravidelných,1425
připravovaném,2469
nacistické,2497
poruchách,4046
rozšiřoval,18134
zemního,8072
zástavní,20166
podřízeno,1311
pomáhají,9250
nedůvěry,15369
taxonomii,20961
užívány,3076
protahování,20962
vypravila,14984
lines,20963
arcibiskup,16004
přibývajícími,20964
nečekanou,5798
srnčí,20965
naučných,20966
několikaleté,20967
bezbariérové,8770
vnějších,6208
kilometrech,7655
soukolí,20968
tlakové,1067
pravoslavných,6255
pověřenou,7111
přilehlým,5406
posoudí,18869
anglickém,3357
zdálky,20969
dotované,20970
zvedlo,8525
židovská,3688
oslabení,20971
stuhu,20972
odezní,20973
čehož,11495
plážích,11233
přivedla,11329
tvárnice,20974
zrušila,12597
poklička,20975
kostelích,3321
stanovování,20976
nky,20977
teplotním,10727
bajonetem,13806
prosazování,20978
vodotěsné,6829
celosvětovém,1161
matrika,20979
kočárků,1194
ministerské,11754
zrealizujeme,20980
found,20981
nejslavnějších,2814
nasnadě,20982
výskytu,11809
složením,20983
stick,20984
přesahující,20985
podmíněno,1272
výroků,1089
pøed,20986
červená,4266
podplukovník,20987
krytého,2888
interpretaci,20988
světlou,8138
doufá,14091
nesla,15142
think,20989
zrekonstruovaném,20990
stálezelené,20991
zasáhla,11578
univerzálních,4115
nováčkem,3522
archivního,10804
zemním,8072
včerejšího,10630
regionálními,7466
historického,2333
fandí,20992
úplného,3338
pruská,10408
tamtéž,20993
ranním,11614
historička,20994
plechem,20995
silnému,1864
rybolovu,5267
opic,6413
odhadují,12331
komiksových,20996
usazení,20997
heart,20998
dědičnosti,19100
odkazech,4159
vnímáno,10353
vzrušení,20999
vycházek,21000
hebrejsky,21001
obsazením,17604
bílkovina,13782
akrobacii,21002
arabského,4820
přijímání,21003
závěrem,7800
dělostřelecké,3116
měrná,21004
portugalských,7394
vyplněno,8252
tenor,21005
kryta,2888
obři,4855
předehra,21006
hodní,1414
problematika,16461
horským,3588
závadného,5042
chorobám,4058
strategického,4210
rozhovorech,3104
otevřených,1210
límci,9643
typech,3067
vaničkou,5386
setkali,15219
zdanění,20722
anotace,21007
osamostatnění,21008
zvýšením,21009
stejných,3971
issue,21010
inspirativní,21011
obsažených,9022
častých,5821
prošla,8711
panovníků,6566
předepsán,21012
hlavové,21013
průmyslem,471
zapadnout,16298
stranami,10070
ztvárnil,21014
telefonickém,893
ledovci,2353
ohniskem,14959
upravili,10369
hostiny,20833
uvolňuje,14786
hadi,8871
chorvatských,3589
opracovaného,21015
hodnocených,5031
bass,21016
zlomky,4220
porážku,21017
sovětů,21018
výměry,20159
průčelím,13990
dodalo,4773
růžičky,21019
mírně,21020
lázeňského,7310
turné,21021
plného,2264
krajským,2213
zbourání,21022
uspořádány,2130
záchranná,1399
mírnou,7798
chystané,2901
hustém,4741
nee,21023
syntetická,6430
předvečer,21024
mládežnické,4728
nadšeně,21025
kolekcí,21026
konzervativců,19651
rakouští,7073
prosazují,19753
jednotlivými,589
rýhy,21027
hledáme,8169
nápravných,21028
vyrovnaná,6280
pupeny,21029
seriálové,21030
krásná,6129
etnické,2510
přípravná,3425
hodnotách,7469
expanduje,21031
netrefil,8109
soubojů,3230
zjednodušeném,3176
scházeli,10836
znám,1356
symbolická,5456
vyvrátil,21032
gender,21033
hluboce,18133
zasíláním,21034
nabitých,1479
držení,21035
situační,21036
trvanlivé,21037
prostituci,21038
sankcí,13334
divadel,9452
trendech,6353
průtoků,21039
naoko,21040
započala,21041
vyšli,8308
spektrem,12682
dialekty,16675
oprávněnost,18285
points,21042
fakultou,8427
klesnou,18113
uvidíme,7450
jihozápadu,9232
vyrazili,9065
měděné,6421
dohodnout,19561
fiktivním,3915
píchat,20018
nepříznivé,7664
znaménka,14807
usazování,21043
hnojení,21044
sestupně,21045
lahodnou,6497
hopu,21046
edém,21047
mušky,13638
dotýkat,15971
solárních,4582
pivovarů,3030
umisťovat,5318
plynou,11449
oxidu,10853
rozšířená,4124
prosim,21048
pohodová,4160
spekulovalo,21049
dopouští,21050
hydratační,21051
zápatí,21052
preto,21053
alternative,11822
pocul,21054
desetiletích,16617
festivaly,8069
opakovaným,2436
hrubém,1080
připomínají,9481
zůstatku,7069
vyrostlo,10193
kočárkem,1194
borců,4556
zlatá,2773
homepage,21055
křížové,4063
daňovému,835
antropologii,21056
obrovsky,21057
všímat,17111
vrchnímu,13757
míjí,21058
old,21059
dědičně,21060
odsuzuje,21061
perspektivu,20695
detoxikaci,21062
mužském,1158
doporučením,16603
homeopatie,21063
osady,16859
foukaná,21064
oáza,21065
dědického,21066
mnišské,21067
úročení,21068
ubytování,21069
objevovaly,12719
připravují,7786
dopadů,5638
specialita,21070
loňska,21071
jeskyních,16209
dovozní,21072
kostelů,3321
pronajatém,1022
uznání,21073
vítězství,21074
francouzštině,6738
kolísání,21075
hafo,21076
okrajovou,21077
party,9188
hedvábné,8738
rauty,8822
dohodu,21078
šířkách,8607
zmiňovat,18107
panny,11917
netradičně,17699
sepnutí,21079
turismu,4933
konfrontaci,21080
korektnosti,21081
nadvládou,16423
vyjádřen,15919
držím,13076
zmínit,18107
uplatněním,16759
krátkodobá,2989
regulace,19442
rozšiřováním,20354
osu,18613
zdobené,10521
celiakie,21082
významem,7264
zbývajících,6755
zajišťovali,15839
severu,10697
přivítala,17339
lídři,21083
akreditovaných,4920
rozpálené,21084
naleznout,10912
specializuje,21085
požádají,8574
afghánské,21086
připouští,18778
značným,6035
křesťanským,4866
ostatních,6476
zapsaných,6906
karbonové,21087
hororové,7143
stávali,21088
hodnotíte,12405
etiket,21089
samička,21090
vila,12792
jmen,6376
nošená,21091
summitu,12629
odznaku,21092
present,21093
představování,7844
zbylá,15367
cívek,9429
rovných,1964
reference,21094
protestů,4333
cítíš,6830
realizací,16093
umírají,10996
jazykových,1584
výtečnou,6372
odstartovalo,11571
charakteristické,8126
zpívají,8518
propuknutí,21095
misionáři,16243
ovlivněna,10114
obale,381
sbírali,10486
pochopitelných,13410
náletu,10733
hvězdiček,13540
nepostoupil,21096
zastavena,21097
sexuálnímu,8245
staly,545
tématech,11035
krypta,21098
šílených,2740
mediálním,9209
vlhkého,2869
mlčení,21099
srovnání,21100
rozjelo,21101
poražené,11734
institucemi,6210
kultovního,11964
probrali,9561
deportace,21102
čestná,1545
markrabství,21103
nezůstala,6925
podpoří,17541
otěhotněla,16312
úrokové,8075
slezské,14149
nazpívala,21104
maxima,8670
koled,15676
přinesly,5735
originálními,9127
dostřel,21105
třpytky,21106
učinil,14077
šroubem,2963
nazývané,11679
celním,14351
vypadla,3110
nevytváří,9143
dodatky,7548
podrobnou,6700
holandského,7223
rez,21107
kvalifikačních,8653
silničních,6149
středním,6831
účastnice,12944
uznávám,19079
nahradila,4654
přátelích,297
jasněji,21108
kolmá,18943
svazem,3495
monografie,18988
zatknout,17493
nenápadné,1140
trápila,6629
pov,21109
užívala,7554
vtipná,3525
travnatá,19919
price,21110
předválečné,21111
způsobila,8639
pseudonymem,21112
nedodržování,21113
korunami,5069
dotčeny,15971
brždění,21114
čelenka,17129
nejvýznamnějším,6301
přináším,21115
cením,18710
povodních,11967
obsazených,4466
omluvy,11483
adopce,21116
založeny,3501
misionářů,16243
působící,21117
kategoriemi,17941
sólová,3763
přezky,21118
preview,21119
sedmi,12161
kladná,7431
příslušníkem,6323
souvisejícího,10637
originálů,3935
zhoršené,20109
zábradlí,19978
vázaná,4862
čtyřem,6784
varhaníkem,15160
čtyřech,6784
oznámilo,13599
vyloučil,13914
zajímavosti,13300
antuce,19382
změnami,14552
tajemné,4267
radoval,21120
špitálu,21121
náboru,9765
zasazen,10655
atletka,7903
střídají,15939
zaznamenala,4509
upcr,21122
všeobecných,2568
udělovat,14152
vyřazeni,21123
výšky,9241
cross,21124
nacházely,7416
chystáme,7337
entit,9919
územního,15454
ráji,3488
rozdílnou,12981
motivují,12092
rota,21125
přehlednosti,21126
aranžér,21127
ryb,8068
španělští,7333
mořském,2254
nekončí,13094
motocyklových,2059
činidlo,21128
son,21129
elastické,9121
sesterskou,21130
epidemie,19792
nekomentoval,21131
pečlivostí,21132
code,21133
teto,4251
neprobádaných,21134
pověřil,14945
uprchli,18867
doutníků,21135
kal,21136
identifikována,21137
nejsilnějších,1864
sezónní,21138
přízni,21139
předpisech,3042
přímluvu,21140
teleskopické,21141
směřovala,11846
letou,6947
podílu,4123
současn,21142
spalovacích,7856
iráckého,19535
omáčky,12702
hrobu,5621
stabilizuje,18439
teze,18252
spadající,21143
bytovém,904
ligovém,3853
poznámce,1076
turistických,2175
ubytovacím,16992
kamenité,21144
chrámových,4681
sklízí,14448
vystavených,1247
ucelená,6015
řetězcem,1784
pochvaloval,21145
šlechtění,21146
důkladném,14519
místostarosty,17739
ippon,21147
trpěli,9496
ubytováni,20699
přerušila,11354
ovlivněno,10114
otopných,21148
days,21149
dvojitá,1926
procházejí,4771
tvořeno,6064
uvolnilo,11937
otázce,7572
úměrné,7200
kto,21150
plněn,14387
pařížskou,12878
bronzovou,11125
blozích,21151
vypovídají,11518
mimoúrovňové,21152
polemizovat,21153
pochází,17094
tradičního,11435
prohlídkách,21154
dudy,21155
zbavíme,8503
hodnotných,1416
rostly,4054
deriváty,11199
islamistů,21156
převezeno,11912
příběhům,2971
rostlinami,11603
kombinovaným,806
napravit,21157
prokázaly,11718
limitovaná,21158
úpravy,17056
ďáblem,10267
kouzlu,7579
inscenace,18411
pohřbu,6318
rohové,2864
tematického,1613
spojence,3669
šířila,11559
nenašli,5054
systematická,6152
kanadským,2747
receptory,21159
prováděných,2626
specializační,21160
založilo,9032
terapeutické,2642
závodnice,21161
vyvolávat,21162
provokativní,21163
vážná,2671
výbuchy,4950
zprostředkování,21164
smuteční,21165
municí,19160
započata,21166
dojezdu,21167
těch,747
podlouhle,21168
obdržení,21169
protáhla,14551
pozdně,21170
ideologii,18185
hrázi,21171
oněch,1153
nevyhýbá,13019
nazí,4507
copyvio,21172
čerti,5137
králi,6933
shodného,4564
podporovány,10634
odolává,21173
největším,1403
citátu,21174
prospěchu,10826
souběhu,15875
žily,8677
dokonalému,1681
zhoršit,15885
lahvičce,21175
vloček,12082
tvořily,6064
čajové,1379
rozloučení,21176
topy,21177
čtvrtým,4406
osvobozeno,13392
náhrobku,21178
adaptací,12687
magická,1973
eurech,8225
rituální,21179
loajalitu,21180
benzínu,3390
nebesa,21181
záštitou,21182
zachytili,9623
rigorózní,21183
poslednímu,6176
notifikace,21184
značená,21185
vyřešena,5129
porodnosti,21186
dvouletého,5674
stáže,11375
cestovatelů,6100
tužší,5881
give,21187
půvabná,20929
sfér,4028
skončily,11816
tematika,14980
vydrž,4870
dvěmi,21188
pozemkem,3560
pražském,5289
drážek,21189
spolupracují,17732
ptačího,16042
mimosoudní,21190
hřbitovy,5099
prachových,21191
drby,21192
schváleny,4218
znění,19671
mocí,15151
většími,1403
propustil,15886
výjde,21193
bojuje,16228
ohrožená,6278
bojujeme,16228
nevyskytuje,21194
podpoře,12048
celního,14351
poskytují,5972
zrnka,21195
vyléčí,10890
odvolávat,18327
vzestupně,12010
kyselinou,16920
zúčtování,21196
šablon,13149
snaze,16211
vzplanutí,21197
hezké,8939
rezistenci,21198
provozovány,3881
neobjevila,8558
dodávkových,21199
odhodlala,17956
slovesem,15973
maďarským,3197
povrchové,2261
fólií,12460
perla,16469
žebra,14624
doplňkové,2988
požádalo,8574
uličkami,19428
odolávající,21173
kostenloser,21200
porodné,21201
sólisty,21202
syrská,4030
nezvolena,21203
řetězové,21204
japonského,3120
srozumitelná,6423
krajskými,2213
kvalitou,12023
válcem,21205
doktorkou,11995
prohlídek,10678
komorami,10471
umožněno,21206
zpracovatelského,21207
rozdělily,5275
jezu,6058
klempířské,21208
lan,21209
obchodyz,21210
područky,21211
prodejních,6345
královnou,15070
krutou,10125
příď,16839
nerada,4559
zajištěno,1671
scenérie,21212
vrhli,11706
koktejlů,21213
priateľov,21214
ukrytá,3529
vojsku,12974
kvítky,21215
vyšš,21216
wehrmachtu,21217
přidalo,15944
členky,21218
bran,2892
přibudou,15751
oslavám,17649
viditelném,926
kritizovala,17297
průvodem,16509
růží,17816
obléhání,21219
předáno,9663
pošt,451
estetického,6683
zelenac,21220
intolerance,21221
newsletteru,21222
temného,6226
projeli,4331
soprán,21223
obohacené,10159
pronásleduje,15320
omezily,10825
rtg,21224
výhodná,3784
výkonech,568
mládežnického,4728
naplněné,4673
perspektivou,20695
karnevalu,7618
klapne,21225
nejkvalitnějších,2200
přímém,2720
schodišť,14296
prodlouženým,11215
hygienických,4489
relaxace,11547
kanónu,2579
rozpouštědel,21226
zralých,530
antologie,21227
geologicky,21228
kovů,7581
zastupitelů,13878
knižním,6760
pralese,2967
vzájemně,21229
thumb,21230
statcích,3288
ledy,7487
armatury,21231
přidávat,21232
bandáž,21233
majetkovou,7755
usilovně,21234
střídání,21235
dozrávání,21236
plamenech,6945
effect,21237
zasvěcených,10939
vlastností,10867
úsměvu,3943
terénním,10100
hrobem,5621
reportáž,18024
kritizují,17297
žeber,14624
inovace,14076
nepřežila,7766
krmné,21238
rozpočtových,952
splněním,21239
stol,21240
nekolik,21241
přednáší,14447
pravých,1910
inspirovaly,15460
nabádá,21242
očko,21243
typům,3067
ová,21244
svalových,4926
hnízdí,21245
zkušenými,2290
osvětě,11262
šipek,3054
predátory,21246
delikty,21247
zateplená,21248
vyvedl,13017
sdruţení,21249
výstavba,19296
dvojím,7446
debaty,18721
odehrál,21250
diamantů,6861
vrátilo,7646
vrchních,21251
zvyšováním,18764
horečky,15524
kulturním,12571
předchůdkyně,21252
zahradnické,21253
mrtvol,12089
hydrochloridum,21254
snaha,16211
kyvné,21255
zadržela,20653
neinvestičních,21256
lékárnách,2143
vraždě,7875
slibovali,14920
dostávalo,9262
maximálním,13390
spalováním,20787
válcovité,21257
kolegia,21258
mikrovlákna,21259
rozšířením,19650
cukrovky,4369
divokou,4126
šňůrka,21260
chodidel,10785
vlně,13191
vyjmenovává,21261
possible,21262
patrové,5390
dravců,10957
taktice,21263
zhoršovat,20484
publikovali,9344
poptávky,16522
vyhrály,4705
příloze,13082
sklíčidla,13633
rybníčku,21264
provokuje,21265
zakázaného,4002
studii,18179
magisterského,3360
zachovaly,11386
víčkem,13887
tropickém,3910
hloubkově,15991
janinka,21266
venkovních,4306
halových,21267
pysky,21268
doporučila,10297
dřevěnými,464
chválí,17202
zážitkům,2074
nadzemním,21269
hvězdičky,13540
stvoření,21270
vjel,21271
müsli,21272
postiženo,730
válci,1226
urážlivé,21273
tajemnou,4267
fotografem,5789
kůry,12191
unikli,14608
zmíním,18107
zhotoveny,7157
vzduchové,1996
radních,21274
customers,21275
trvání,21276
slušných,837
upadá,21277
vytažení,21278
řadou,13564
dna,15376
odebírání,21279
založená,3501
určíte,13232
hranicím,16305
odvedli,14785
terénem,21280
ateliérů,21281
financováním,14792
subtropických,21282
disciplínách,5193
ambicí,13602
orchestrů,2645
hercům,5883
jmenujme,12358
zatlačit,21283
viac,21284
klidné,2961
bytových,904
projednání,21285
tubusu,21286
ženami,3752
háčku,3200
zaznamenány,2438
noir,21287
nepravidelných,9899
stáhli,5790
tunu,20826
orange,21288
skončili,11816
onoho,1153
optimismu,7851
drobných,2801
epizodní,21289
dočká,17727
optimismem,7851
plzeňského,13369
památkově,21290
rovin,9543
přestoupit,21291
koncentračního,12975
nejzapeklitějších,21292
právním,10717
zmapování,13327
oblíbila,12856
ruiny,21293
ospravedlnění,21294
katedrálou,11848
hřídelí,21295
byli,3143
smrky,5701
osvobozen,13392
experimentálních,3956
výsady,12684
romských,10715
vývodů,21296
vinifera,21297
osnov,11694
kakaové,21298
navýšením,20603
dochází,15247
parou,21299
suchém,3035
definovala,10753
starověku,10560
písňové,21300
legendárním,9847
ovlivněny,10114
střihy,5422
klavírních,7850
rodišti,16112
vícevrstvé,21301
vyděšená,21302
hodnotové,21303
konstanty,15690
kalkulací,13154
jakéhosi,2294
mezistátních,13589
odporem,5256
komentářů,5517
admirála,16207
kombinovat,8563
sezóně,14339
vymezil,21304
registrovaného,2187
searching,21305
specifika,17774
jedinečnosti,21306
předpisu,3042
kladným,7431
slabost,15193
došlo,8239
zbrojí,14876
staff,21307
okrajově,21308
shodneme,9944
defekty,21309
lhůty,17486
zarostlé,8729
dovodit,21310
mazivo,21311
žádají,15639
spotu,21312
stoky,21313
zastoupeny,10006
hady,8871
svislá,5401
organizátory,5619
podkovy,21314
pouhého,1833
vyskytovalo,21315
grupa,21316
řešeno,2834
nápravy,4209
reprodukcí,21317
jedněch,615
směn,13744
skotského,8090
chlupatá,4678
vložených,1164
restrukturalizace,19943
štětinami,18782
podívanou,21318
zakázána,4002
aplikují,5963
povídkou,10663
loděnice,19506
homosexuály,11128
jejichž,4435
chronické,5662
bolestí,17207
koutů,562
zbylí,15367
inspekcí,21319
pasáži,21320
spirála,21321
erotického,2495
indického,6032
duchovními,7776
ostří,4254
hranolu,21322
zák,21323
krytky,21324
islandské,7703
before,21325
splněna,2000
milým,5070
falešně,21326
roku,4455
kukuřičné,2242
proměnlivým,11092
after,21327
vyvrcholení,21328
obsáhlou,4942
lehkém,1091
bombardérů,1542
obrátili,12408
léčiv,8312
jiskry,16909
předepisuje,21329
soustředěn,16462
atraktivním,15318
pastilky,21330
chutnala,17470
tab,21331
rysů,7915
vysvětlivky,21332
lahodné,6497
promyšlené,5966
mazlíčci,21333
přitahují,16281
úspěchů,4134
porovnáním,21334
vznikala,9616
rodáků,21335
kojí,7688
zlomeninu,21336
tukové,21337
vzdušné,2631
výživného,21338
jednotném,2061
kandidátům,902
přináší,18443
oznámení,16743
topné,4995
grácií,21339
měs,21340
snáší,13423
bavlny,9019
rozmnožuje,21341
víně,2253
nerovné,21342
kojením,21343
nedodržení,21344
compliance,21345
zábrana,15590
kuriózní,21346
korekce,21347
pocítit,12283
největšími,1403
přirozeném,2991
referenci,21348
revue,21349
dělostřeleckých,3116
komedie,21350
poděkovala,18590
archanděla,21351
pletená,21352
výborů,2395
zlepšuje,15091
šroubení,21353
otvírání,21354
ovocným,3724
spojuje,17353
minu,12962
uzavřít,20031
svědkem,6992
karosářské,21355
boxech,960
nestraník,21356
setkávání,21357
inkasovali,12516
hereckého,5330
sladká,3432
autismu,21358
asistenčních,21359
povlakem,7418
blogerky,21360
vynikne,21361
manželské,3847
došlých,21362
lokaci,21363
vysavačů,75
užijí,21364
propadla,11663
stožáry,6773
zvláštnost,17287
soboty,16837
pásmech,7679
pečlivost,21132
uprchla,18867
silnými,1864
generacích,6427
odsoudil,19681
správních,11472
řazených,21365
jezdcù,21366
nepodléhá,18188
turnajovou,21367
upálení,21368
armád,6502
lokalitu,20177
poselství,21369
zavíráním,8212
barů,9990
účinku,9619
oddělila,12605
tvarů,5849
shromáždili,11135
trubek,11475
nesplňují,9983
zvýrazní,21370
doufáme,14091
argumentovat,14278
odlišně,21371
carského,10442
přidaly,15944
krimi,21372
sója,21373
sousedské,21374
protestantské,7115
opasky,8080
tree,21375
výstavby,19296
ukončení,19196
osazena,6409
speciálními,9292
dum,21376
potřebnosti,21377
hořčice,17508
lákavá,17925
projevují,16373
západním,14318
hlasovalo,8992
pozorovali,13288
dojmem,3161
největších,1403
nedožil,21378
korektnost,21379
horších,6348
kávové,20357
fanynky,21380
doložení,21381
takze,21382
lehkého,1091
odrazuje,21383
kulatými,3767
nemocenského,12707
sortimentu,7837
srovnali,21384
podána,10552
chtela,21385
hustší,4741
daňovém,835
tvrzí,8420
bohem,5833
vstoupili,13020
rubrika,15994
zpevněné,21386
detoxikace,21387
hmm,21388
výrazným,5535
bojim,21389
auditů,21390
světových,1645
příjezdových,21391
postoupil,19354
jóséph,21392
uveřejnění,18711
whisky,21393
topenářské,21394
palivového,1752
oknům,577
koženého,1670
rašeliniště,21395
hubení,4081
lékové,21396
odlišnou,9927
malířky,21397
čile,21398
poloha,10810
neobvyklé,2118
dceřiné,17977
akcí,12978
devatenáctém,12800
vzoru,5627
kusové,21399
rozpáleném,21084
přidá,15944
odlétá,21400
zhoršují,20484
vzniklo,10494
mírná,7798
aquaparku,12049
průzkumných,21401
nesluší,21402
samých,1061
odůvodněných,18621
přednášel,14447
moskevském,4840
zdánlivá,4410
vedoucích,12716
postupnému,12018
zamilovaná,8851
arabské,4820
vousů,10020
loďstva,11430
římskou,12262
vynikal,21403
spoluautor,21404
tabulkách,6984
enzymů,21405
flétny,6139
překonala,13061
celkovým,3025
opozici,18857
nepřechýleně,21406
žijících,17512
padlé,16293
pravdivě,21407
dovedla,5921
řazeny,21408
porodních,10057
raketoví,980
řešeny,2834
moderátorem,4314
hořčicí,17508
přísná,6339
zavolej,5237
nátěru,5856
tlumit,21409
jasně,21108
mokra,21410
arte,21411
zákonodárné,5040
hodinářském,21412
vybírána,21413
konvenčních,4000
odbornými,1606
slíbila,16576
postavena,1992
latině,15748
doplňovaly,14370
dodržet,19825
ošetřeny,11131
receptura,21414
exteriérové,21415
chladně,21416
široce,21417
publikacích,17537
pasáž,21320
zahrnuté,15702
zdravotnickém,1038
mimořádného,6243
kališní,21418
nezávidím,21419
diff,21420
faraona,9341
chybějí,8532
představily,5939
pontifikátu,21421
padesátých,14380
vratná,21422
neustálému,4784
katastrofální,21423
nadšeným,8198
náušníky,21424
protilátek,11710
vůdčí,21425
kulatá,3767
enable,21426
významným,6301
pružinou,19039
iii,21427
zástavě,11229
zklamala,16582
veřejností,10186
obvejčité,21428
jezdcům,1433
irské,4671
připomněla,8049
zimního,10806
alergenů,15249
orné,21429
doporučeně,10297
berlínského,21430
únavě,8707
přemnožení,21431
působí,16986
částečné,7501
absolvovala,16864
pociťovat,12283
kompozice,20645
nastudoval,21432
zdravotnictní,21433
opatřená,21434
zácpa,21435
vyjadřujete,17606
motorických,10540
dechová,1869
uváděn,9764
vlasem,3008
slunečních,5113
ing,21436
utváření,21437
dohodnutou,5088
blocích,218
odběrů,5097
zářivě,21438
globálnímu,6042
vyloučení,21439
vodními,7463
budovány,14304
stranických,1488
křestního,21440
sporem,10452
luxusními,9249
stanovená,3113
pěstičky,21441
žánrově,21442
porodila,20873
pěchoty,19607
ustoupí,21443
terény,21444
šálkem,1988
pozvali,13576
vzejít,21445
pomocnými,3859
násilnou,18081
romantickým,5356
patek,21446
kladka,21447
patrné,6189
coated,21448
plánují,8199
smlouva,14948
označovala,11225
krytin,21449
vjezdu,13048
schválil,14185
dobry,10051
planetka,16812
vrcholně,21450
šampaňského,21451
deportován,21452
obviněného,6669
výkazu,4162
propaganda,15523
pach,21453
reformace,8296
důležitost,14295
odnože,21454
atmosférou,14886
bratrstvo,18280
projednávat,21455
třem,9159
health,21456
jemností,21457
rouškou,21458
dávných,3643
biatlonu,21459
zemském,4690
class,21460
sušenými,3459
domluvě,15818
označeného,3568
zemních,21461
obecných,6202
příznivé,7664
sousedí,21462
rozpadlo,12788
objímky,21463
alpské,8131
loděmi,3166
náhradním,8127
zobrazené,21464
surového,19426
opírající,21465
klání,21466
vrat,5049
vzbuzuje,21467
bojující,21468
nejvýznamnějšího,6301
polohrubé,21469
manžeta,21470
vyjmutí,21471
přispívání,18731
namístě,21472
nitě,20639
zahájeném,11749
překvapily,9310
významově,21473
latex,21474
najeto,21475
snížená,7934
privilegium,19866
podanou,10552
prezentovali,10414
špíny,16310
chuťové,21476
nesoulad,21477
cizojazyčných,1927
bohaté,4232
aviváž,21478
rozmarýnu,4815
cukrářské,21479
doložen,15588
cream,21480
ukončené,11069
vyznavače,21481
quot,21482
skvělému,3601
regentem,21483
vystavěli,8435
zástěna,21484
transformací,17068
zastřelil,12898
zažijí,21485
šroubů,2963
zhoršující,21486
uskutečnila,13455
retardace,21487
činní,6765
sepsala,21488
mistryně,11494
krvácením,17311
hoc,21489
neuplatní,21490
ustupuje,17472
vyztužená,21491
height,21492
překročení,21493
střelby,15782
vyznačující,21494
výboje,4982
published,21495
měkkými,2418
moudrá,2291
niklu,18891
ozbrojenými,4203
vzpěry,21496
slámy,19046
brožovaná,21497
odkázala,8303
někdejším,6950
zátoce,21498
kontejnerech,21499
listnaté,21500
zveřejňuje,18339
voskem,5005
akrobatické,21501
básnických,13031
porcelánu,3933
umisťují,21502
klimatickým,15332
vyšplhat,14735
cyklické,21503
sepsané,21504
řeckého,5073
přijetí,21505
schvalovat,20139
postní,21506
ocasní,21507
peřeje,21508
nachádzať,21509
číslech,10566
článků,9651
modernizací,14632
dědictvím,12837
tehdejšími,6891
pružného,4208
prolíná,21510
agregace,21511
podezřelá,1991
prodloužen,11215
vyloučené,14887
doplnily,11546
administrativního,12201
čtyřdílné,21512
podstata,4075
pokraji,21513
zemědělců,5810
ministru,5121
regionálních,7466
současnost,8187
vyrazily,9065
bas,11721
oblíbená,1024
vzrostlo,10062
provázet,19315
nav,21514
nejkrásnějším,6129
zjištěny,7895
alllousek,21515
tuhnutí,21516
uvádění,21517
neziskových,9431
vynikajícím,14440
vedena,3773
operety,21518
eacute,21519
všemožných,10235
údolí,21520
vynechání,21521
přemýšlejí,9396
snímkem,1015
pružná,4208
tkaničky,21522
promícháme,20038
hrnců,478
rýžová,3995
náhradních,8127
vydaného,2526
mrzí,18008
octem,5483
oblíbeném,1024
omezena,1685
sezoně,17138
kauzy,16710
nastoupili,10961
zapsána,6906
rozlišovače,21523
řemínkem,21524
would,21525
mírnější,7798
opat,13906
plukovníkem,8304
hvězdokupa,19400
mutace,13055
kritizovali,17297
nápisy,7283
nadpisem,10257
přílohou,13082
střihů,5422
stavěna,5382
pokládána,6347
vůle,13556
hlubokého,8631
vysoká,3619
přešlo,8662
údajnému,2847
navýší,21526
pozdìji,21527
přívozu,6500
club,21528
obráběním,21529
univerzitami,1930
zabraňuje,21530
vyloučili,13914
teplejších,1967
duo,21531
zdrojování,184
sesazení,21532
vydávají,6242
projevili,14611
pohádková,842
kulová,5095
poukázek,10985
ustálil,21533
specializace,16068
komor,10471
zaručují,13103
via,21534
postupují,6132
páry,17274
zvířatům,2992
hostina,20833
tradičním,11435
popularita,13592
katolická,2689
nepočítají,3652
podělil,18306
benefitů,8543
odvodů,16458
ubytovaní,20699
stávala,3832
poklidné,6022
živnostenského,1619
vázy,21535
vypukne,21536
forma,13259
panovníky,6566
sjednat,21537
vynachválit,21538
kupole,21539
povstání,21540
vyzařování,21541
věnovaná,4418
desítce,10326
symptomů,21542
označená,3568
označovanou,21543
spoluvlastnictví,21544
zpracována,2840
znamenaly,2915
církevními,13851
porostlé,21545
rozdílných,12981
hřbetě,7389
agresivity,11192
naplňují,16532
zamezení,21546
tradičními,11435
znázornění,21547
tym,21548
polyesteru,21549
zastupitelských,21550
zaznělo,19620
tiskove,21551
podmínkách,6321
emancipace,21552
uskuteční,13455
nasazena,11550
obnovují,21553
spoleènosti,21554
samohlásky,21555
vázací,21556
skladatelka,5460
legalizaci,21557
kuličkami,13621
nepřímá,4594
čelila,12103
muslimské,2447
informováni,2952
odpolednev,8028
trefně,21558
dohady,21559
říčky,21560
levandule,21561
pohybovali,10762
zveřejňují,18339
deklarované,21562
tlapky,21563
tvářenka,12937
mapky,21564
pletiva,12438
ukrajinském,1708
galanterie,21565
charaktery,6595
révy,11984
přílišné,21566
spermatu,8146
naznačují,17548
českobudějovického,21567
torpéd,9205
váhal,21568
osa,18613
školek,5788
ocitla,13468
skvělých,3601
dřevinami,17078
opasku,8080
pdf,21569
dodají,4773
klasifikace,19603
čistota,12216
propouštění,21570
veliká,1915
pískovcová,21571
nabídnuto,5081
mezních,14940
většinové,3837
stavějí,5382
dílků,21572
prohlásili,6557
briket,21573
sešla,13925
soudě,10777
primátů,21574
tajemství,21575
zatáčce,20753
křižovatkou,10629
metalové,21576
následného,4001
kořistí,15094
náloží,19901
blazena,21577
navštívíme,6763
vymírání,21578
ulevilo,20293
vítězky,21579
zrušili,12597
podélná,4883
zemská,4690
světlých,8138
zavedl,10774
lisování,21580
kanálků,21581
aktuálnost,21582
náporu,4622
katedrála,11848
účinnými,3316
příštích,6396
zradě,18322
zlou,2121
prosklenými,21583
tankových,4356
pripadne,21584
doprovodil,13524
pásu,1620
názvosloví,21585
sušší,3035
dalsi,21586
začni,5079
několika,10495
jezdíme,9147
vyhodnocena,4823
jednostranně,21587
zastavěného,21588
anarchie,21589
nástavců,21590
zástupcům,3691
loděnici,19506
vinařství,21591
okresů,11594
strojírenská,5969
teologie,21592
beautiful,21593
prosadil,18571
nasadila,11550
cedule,16346
publikovaná,3874
snížily,13238
zobrazení,18229
šťastného,3345
dokonalých,1681
svatby,17483
zajímavostmi,13300
prohře,13354
laiky,21594
vyčíst,21595
some,21596
omezení,9907
zveřejnilo,13483
tématického,21597
okolnostech,15224
question,21598
krajkové,21599
interwiki,21600
hybridnímu,2003
mistři,11494
toť,21601
odlišnosti,21602
ctnosti,21603
rozvíjejí,11946
polka,21604
uličky,19428
řasenka,21605
nebezpeční,15774
nezávazně,21606
výbušné,21607
lekla,21608
dochutíme,21609
uprchlíků,3163
zoufalá,7351
realizujeme,7698
sezóny,14339
international,21610
faktů,7609
slíbit,16576
saunou,7204
setkalo,15219
cihlové,9443
back,21611
polopenzí,15836
sklepem,1650
hektarech,11282
udávaná,21612
způsobily,8639
dechberoucí,21613
semi,21614
obležení,21615
roztomilá,1727
vzniklá,6717
rozvozu,21616
léčivého,5547
bohatou,4232
obkladům,21617
desetileté,5996
spatřuje,21618
elitu,8434
vycházely,11432
políčka,6086
lokace,21619
komerčních,2949
eso,21620
líčil,21621
panovníkem,6566
župy,19655
horkovzdušná,21622
vrstvám,6518
eroze,21623
podáno,10552
dostihu,6978
žil,8677
romantiku,19806
kolekci,21026
nabízejí,6917
talk,21624
tajemníkem,6471
severozápadním,12724
získáváním,10315
řasy,21625
odvysílala,21626
stavitelem,6623
britským,3527
pouť,20160
oddělením,16314
vyrostli,10193
politickému,3245
periodou,13645
třemi,9159
pocet,21627
ošetřuje,6974
ročníků,4699
vah,4599
vyzvat,19910
bohatými,4232
vzdáleno,21628
stýkat,21629
uskutečnili,13455
řečtí,5073
procházíte,4771
dynamika,12876
portrétů,1327
podnož,17742
způsobují,16122
svíčkové,21630
spáchala,11117
ohnisková,14959
nejnebezpečnějších,15774
působením,21631
odehrávají,14419
genetických,4968
dobrovolným,2764
šablonami,13149
etapu,20282
con,21632
dochoval,21633
společenskými,2304
final,21634
datován,20545
nůžek,2657
režiséry,10728
patrona,21635
zaujímá,21636
rychlostních,11016
hustotou,17538
prokázán,11718
shodila,14689
demonstrací,9303
přijatá,3873
kšandy,21637
koncentraci,21638
smutno,21639
časovému,1502
vysvětlila,10579
zúčastnilo,15391
dostavby,16738
vzniklé,6717
pøímo,21640
rytířské,3623
umírání,21641
léčených,21642
vydalo,11437
prospěchem,10826
miliardami,9148
opláštění,21643
genetického,4968
zprávách,9850
ochutnání,17420
protiústavní,21644
bramborová,2307
úcta,12768
horkém,4684
dívkami,6704
změna,14552
katalyzátoru,7048
asistentek,2468
spojitá,18870
stabilizované,21645
tabákových,10684
busem,21646
ubytováním,21069
ohybu,21647
přijedeme,8835
řeckokatolické,12180
pohledávky,18357
pijí,11692
exponovaných,21648
souhlasilo,12040
informovali,9992
rozstřelu,21649
podšité,21650
speciálnímu,9292
famózní,21651
poradenstvím,15509
zařadilo,15371
lakování,21652
popisku,21653
aranžování,21654
protiskluzovou,21655
polohrubá,21469
span,21656
konečníku,21657
drobnými,2801
památníky,2332
prospěšnou,4032
brázdy,21658
vloženy,1164
točení,21659
viaduktu,21660
obézních,8142
informována,2952
garážových,21661
usmála,15884
zakázkové,21662
londýnské,7904
kovaného,21663
krvavou,12404
viď,21664
řady,13564
viz,21665
keep,21666
vyzdvihnout,21667
davy,5246
alej,21668
bienále,21669
článcích,9651
týlu,21670
obsazenosti,21671
těsné,4750
oslavuje,21672
konečného,2286
pokusili,9261
pomluvy,21673
viniční,21674
zimni,21675
odštěpný,21676
příspěvků,2954
nepřesností,20600
zmíněného,1828
římskokatolické,17711
vyhýbání,21677
vůlí,13556
objevila,8558
stahujte,7122
topného,4995
matnými,6469
expedici,14545
mistrovstvích,9475
mnoţství,21678
potratila,21679
keltského,21680
překročili,11885
rozhodné,15671
zastoupeno,11095
znaleckého,2752
opomenutí,21681
zdržení,21682
převzato,10180
účinnost,20749
uskutečňují,13745
dílce,21683
spokojeny,11501
sup,21684
tehdejším,6891
unikátním,9848
traumatu,14212
císařské,7282
jihomoravských,14916
jedle,21685
mohutného,2081
potraty,12911
sezapomněli,21686
posuďte,18869
formálního,12375
reagovali,6852
pravidelnými,1425
měříme,5594
náves,20582
vedlejšího,17123
kladně,21687
ležícího,9703
cisterciáckého,21688
nečekané,5798
sníženým,7934
uvidim,21689
střechách,5928
moč,16557
křesťanství,21690
císařského,7282
mnohými,3813
sekvence,19903
ekologických,1578
potopen,15967
ruší,7367
rozchodem,8250
břízy,20297
připomněli,8049
kapitula,21691
zaznamenaly,4509
přežily,7766
parašutistů,21692
mimořádným,6243
details,21693
úřednické,21694
vyrovnané,6280
tøídy,21695
žilky,21696
oranžová,11368
sedmým,9505
mezivládní,21697
starověkém,2833
dusíku,12108
režisérů,10728
výrobcích,10003
týhle,21698
rodinám,3779
dodala,4773
válečné,6484
norským,11450
rodine,21699
vítězkou,18881
patriarchy,19678
přebytkem,8040
přesunuly,7030
patřilo,11928
mladými,1207
vervou,21700
vedlejším,17123
odvíjí,18378
oddálení,21701
listů,1216
extraktem,9102
kandidátní,21702
trávníků,1027
ztracena,4921
přijal,17778
ení,21703
obsadil,12441
panského,3234
podporují,10634
odbočit,21704
posledními,6176
toužím,14348
nejmladších,1207
srpnové,21705
shody,21706
podob,7693
demonstracích,9303
nbqde,21707
regulovaných,13205
hraničním,15263
kapel,7997
unesli,7099
desítka,10326
rozcestníku,6845
horninách,9697
nafty,7565
etická,2520
degenerace,21708
dvou,6489
prokázali,11718
uplne,21709
větných,21710
lži,16316
zajišťovány,21711
babe,21712
klíčí,21713
vystřídaly,13005
dan,21714
zhoršování,20484
absorpční,21715
oranžovým,11368
užijte,21716
lednem,14165
diskutoval,7305
comments,21717
kokosem,5716
tragédii,18246
celoživotním,7612
vznik,21718
lahvi,21719
odlišným,9927
naráží,21720
horském,3588
nosníků,21721
expedice,14545
konáním,17898
tristní,21722
uměle,21723
pracího,21724
lžičkou,13492
nabízena,1073
výkyvů,13975
odkázal,8303
medicínských,11493
snahám,16211
oxidy,21725
typovou,21726
šije,21727
současném,2791
proteinové,3919
prohrálo,8633
autorova,2555
nerezového,1449
pozitivnímu,19155
sojové,4097
obcí,13997
takzvaná,2553
fleků,8497
závitu,14983
mystiky,21728
cti,11554
strýci,4772
loděnicí,19506
nejistotě,19292
roztečí,21729
uplatňují,17278
kontaktních,9581
chrámech,1137
společnými,2229
spřátelil,21730
patka,21446
relativního,14950
divadelním,12401
dec,21731
micelární,21732
otevřenost,21733
dehydrataci,21734
milimetru,16908
dobrých,2760
mola,21735
věkový,12293
zaujala,12247
jihozápadním,20404
rudy,21736
nadcházejícího,11196
dosavadních,10325
farnost,21737
referent,21738
este,21739
pustá,3925
směně,13744
přesunuli,7030
čokoládové,1751
vypracujeme,14598
levnějších,231
stresových,21740
potopení,21741
záhadou,17561
unifikované,21742
nabídka,10615
dokládat,15588
blízkém,2396
otevřenosti,21733
přiblížila,14932
jantaru,21743
úseku,3923
barvách,8674
blue,21744
provedly,6953
zdědila,21745
hebká,4547
změn,14552
vyčleněno,21746
uzavírané,21747
tonerů,21748
uklidnila,14202
předána,9663
stříška,5928
kondenzátu,21749
obsazuje,21750
hraném,3244
šťastným,3345
příznačné,21751
kuřba,21752
inovacích,14076
argumentují,14278
léčivech,8312
řadí,16612
džunglí,18163
skladová,14080
pečte,15790
komentovali,15134
násilného,18081
zhoubných,1362
výtvarném,2974
komentovat,15134
zadních,7209
pochopením,15557
podhledu,21753
dosahování,21754
clean,21755
památková,8882
míchané,21756
cyklistům,3392
rychlobruslařka,21757
rozmanitou,5750
lymfocyty,21758
dohodnutém,5088
cihlového,9443
věkové,12293
účelové,15789
bambusové,21759
užili,11562
rodinných,698
strojírny,20434
vstoupilo,13020
bujení,21760
vrozených,12444
bohatých,4232
gumičky,21761
nbsp,21762
textilním,15275
ředitelkou,11699
drobná,2801
odškodnění,21763
chronologie,21764
nepotvrdil,13372
přímořské,21765
páře,21766
izolovaných,2619
živili,8556
nominováno,8688
útulku,9119
závažnými,4888
ročního,9001
kaskádových,21767
anyone,21768
horšímu,6348
pořádala,14907
panovníci,21769
stomatologie,21770
nesnázích,21771
třtina,21772
režisérem,10728
roztoku,5696
založených,3501
zářil,21773
uličkách,19428
ghettu,17139
vzdělávacími,2660
pětadvaceti,13829
sledovanosti,21774
hudebnice,4752
výkupní,21775
přikláním,18332
přízemních,14219
karma,21776
socialistů,16572
lázeňská,21777
žes,21778
okresy,11594
hraběte,13959
inak,21779
krajině,8495
dobrot,9244
teplá,1967
vyskytujících,16022
hvězdná,1939
fázové,21780
kresbami,8170
protínají,21781
vybíjení,21782
inspirují,15460
loajality,21783
hodnoceny,5031
studií,18179
efektů,10324
zachováním,21784
místními,6968
mužov,21785
vodorovná,17731
objasní,19320
prosba,15324
vlajkami,9317
zničující,21786
skvělá,3601
hořícího,12258
zvýšen,14481
postarají,9509
tíhou,21787
úzce,21788
lepidel,13307
seminářích,5704
sloučenina,21789
vodotěsná,6829
lehčím,1091
remizovali,21790
expresionismu,21791
sídlila,21792
konečné,2286
ženského,1130
postojů,4148
epilace,21793
vedeni,21794
říjnové,21795
spojován,20453
podalo,11359
masu,15153
vetsi,21796
laktózy,21797
samé,1061
zasahují,14903
mlhoviny,19656
zakládající,21798
zkomponoval,21799
plnili,14387
dluhové,21800
dynamických,2848
náhrad,8054
viděním,15866
jihočeské,13652
poptávka,16522
dominantu,21801
dojeli,12924
blahodárné,21802
kulturnímu,12571
vyhoštění,21803
letky,19078
kolagenu,21804
nika,21805
vystoupeních,21806
jedincům,21807
vánočním,8650
temeni,21808
přehlídce,16279
duby,12298
tlačili,12698
uplatňoval,17278
pujcka,21809
řeholnice,21810
otcově,9849
neklidní,18018
zabránila,10171
anglických,3357
dotkl,15971
sbory,4363
veršů,7392
střešními,9369
romantického,5356
dodatečných,1146
knedlíků,2354
uvolňováním,20731
snížené,7934
panem,10603
vážená,13846
semene,9156
pobavila,10463
odcházejí,8002
přidávány,21232
polic,6779
statí,21811
kopci,3686
hněvu,8256
růžového,3310
zrna,18476
fotografických,1191
hlasovali,8992
čtyřletou,6643
složeného,2258
jezerní,21812
pařížského,12878
odkup,21813
studánky,21814
přijímán,21815
zbourána,15015
akrobacie,21816
náznaky,10330
reorganizace,21817
tuhosti,21818
obtížná,4534
ubytováníapartmánybotelchalupachatachatka,21819
tématických,21597
nabídkách,10615
ukryta,2260
režisérky,10728
soutoku,21820
balkánské,21821
stavěla,5382
pravděpodobná,6909
předjíždění,21822
zelená,4580
rouno,21823
tvrzi,8420
symboliku,21824
překonaly,13061
vegetariánské,21825
znamenal,2915
uhrát,21826
monitorovacích,21827
mýty,5393
spojilo,3190
zmiňovaného,3957
přesuneme,7030
stínidla,21828
čekací,21829
osazeny,6409
ekvivalentem,7700
chalup,2346
dolů,6632
přírodním,6561
nezávislém,18542
růžovým,3310
zjevení,21830
celovečerních,2697
zveřejnění,19787
příbuzenstva,15213
měřena,5594
výborné,3444
extrémních,15627
osnova,11694
laclem,21831
rámcově,21832
vydává,6242
šípem,17149
pýchou,20338
léčitelství,21833
zvýšila,14555
povlaku,7418
ochranářské,21834
společenském,2304
mlčenlivosti,19301
utéci,9788
způsobených,7601
dnu,15376
samohlásku,21555
výztuhy,21835
nouzových,1344
nevládních,7002
jistých,3517
poskytovaných,8452
andelka,21836
potýkala,21837
choreograf,21838
květeny,21839
rozšířena,4124
povstáním,21540
dadma,21840
zamítl,21841
plnily,14387
závazkům,9138
dýchají,12905
víkendovém,3575
young,21842
královské,2487
žebříčcích,21843
živých,745
západnímu,14318
kaplí,15289
vypouštět,14134
témže,12390
zastupování,21844
proužků,21845
absence,21846
dvì,21847
pohledávka,18357
obrovském,1579
neuvěřitelných,15977
obecného,6202
křižníků,5582
čerty,5137
sjednocuje,21848
silných,1864
známém,1356
sites,21849
brazilské,12673
skupinového,413
přiléhající,21850
přijatou,21851
dědicové,17904
osobité,5125
pasáže,21320
střeliva,15670
ochlazování,21852
přivedena,11329
tvarohu,2223
ztrátám,13792
květinovým,9191
aug,21853
palce,7442
ponechána,21854
podporována,10634
nařízením,18829
bavlněného,5027
těžebních,8679
dohodnuté,5088
rovni,1964
rezervačních,10338
shluky,21855
cenového,3877
nastanou,10772
tvořili,6064
zůstávali,9291
vyrůstající,21856
hloubky,15991
guvernérem,8830
újezdu,13509
intenzitě,14473
oblíbenost,12856
polévky,10225
pobývat,21857
ústavech,5140
emisi,17826
účinná,3316
valem,11821
krémovou,21858
postupové,21859
barokni,21860
sledovaném,1797
black,21861
osmileté,6781
řádcích,15638
bližšie,21862
živočišná,4511
mincích,8300
hlídkování,21863
sexuálního,8245
dvojího,7446
jámy,13923
chválili,17202
ových,21864
vkládat,18450
miniatur,21865
jiří,21866
harmonicky,21867
považována,5435
formou,13259
nezapomenutelnou,21868
setkávat,16233
provázejí,19315
odvolala,15119
magnitudy,21869
veselo,21870
hojné,20396
nároží,21871
reakce,13955
dunamů,21872
zřízena,2937
dodávaných,1286
hráze,21171
důstojné,4839
komety,15718
sendvičová,21873
běžci,21874
froté,21875
orchestrem,2645
jedni,615
dojdeme,8239
přineslo,5735
vrcholům,7868
klíšťat,10144
dánsky,21876
centre,6705
ochota,12888
šokující,21877
vykazuje,11931
námitka,7627
ochoty,12888
tohodle,21878
mozno,21879
done,14601
lenní,21880
navrhovaného,1265
automobilových,694
šestém,7946
obdobné,9779
shromáždění,21881
nezapomenutelným,21868
varphi,21882
range,21883
imbus,21884
nezažila,13531
empirických,14616
fotografka,5789
odpočinete,21885
uškodí,21886
objevují,12719
garsonek,21887
zemřela,8672
rozčarování,21888
uvařil,3418
spalovny,21889
osazeno,6409
předvedou,8380
podpořil,17541
síla,7366
dílu,3508
reálce,21890
vlastněná,9746
estetická,6683
netýkají,17497
neobyčejně,7294
kníže,15125
bříška,14347
neoriginální,21891
porodem,4652
brněnských,2246
vyniknout,21361
tmavých,3609
uznávané,5526
zvaným,11408
praskání,21892
stěžejním,10687
tribunálu,21893
nevznikne,10494
hony,5706
pachy,21453
slovanských,3807
krystalické,19609
kvót,14501
holandská,7223
souhrnem,11631
poklesly,13257
arabských,4820
srazila,13200
souši,21894
dopadli,10220
lahůdka,21895
skořici,20549
střelecky,21896
kontinuálně,21897
zásluha,12088
vyznání,21898
kapitol,18981
sklepních,12505
dubu,12298
předchozích,10476
najdeme,5054
mapě,6103
vrcholných,7628
zastává,16820
věncem,6935
ošetřeno,11131
državy,21899
zkratku,21900
přikládáme,15929
hadí,21901
ponoru,21902
vinařů,21903
očka,21243
řece,12166
jistým,3517
konzervace,21904
usiloval,21905
donucena,9457
vymezit,21304
spotů,21906
dámském,4305
stř,21907
left,21908
renomé,21909
naplněna,4673
opozicí,18857
stěračů,1666
maiden,21910
zam,21911
neplodnosti,19937
posláni,6786
dopátrat,20494
výstižné,18097
příslušných,866
vedoucímu,12716
potlačení,21912
pozůstatků,14048
pohybovaly,10762
přezkoumání,21913
hořela,6923
věkových,12293
studánka,7544
zahrnujících,14731
modrá,3599
běžkyně,21914
osvětové,21915
prodejnosti,21916
občanskou,3150
spokojeno,1591
modliteb,10588
uspěla,6455
stavům,3573
nejnověji,14515
účinkoval,16691
rámci,6582
současníky,20428
potvrdila,13372
nedráždí,21917
kruhovém,3857
čáře,14325
obrovská,1579
propuštěna,15886
pochvy,16705
lahviček,21918
následovaly,12372
jubilejního,14260
kritikům,13632
doprovázen,18301
účtová,21919
dovršení,21920
výstřelu,21921
zklamání,21922
odlitky,7461
zřizované,21923
přírodně,21924
historiků,7956
kmenová,6049
zahrádkářské,21925
zadrží,20653
odpovídáme,9597
radách,6416
ansámbl,21926
role,13850
poseté,21927
progrese,21928
intenzívní,15163
poražená,11734
zavítal,21929
vyznačuje,21494
revolučních,6513
nahradili,4654
uměleckých,2126
odstraňují,21930
udržovány,6560
oslavovat,20125
krbů,312
koleno,5011
encyclopedia,21931
škoda,8343
pokračujte,18706
thesis,21932
company,21933
staletími,13703
jarního,14661
kaskády,21934
olympijských,4157
stopkách,21935
vrozená,12444
promoval,21936
řecká,5073
psány,3371
facebookové,21937
sesadil,17535
klasice,21938
vyjdou,8308
zveřejněno,1835
kotli,644
lesby,21939
silikonu,21940
drcení,21941
geodetických,18729
burzách,6478
metadat,21942
kádru,8168
věnovanou,4418
balonu,21943
čelisti,16829
popisu,9246
oblíben,21944
paragrafů,11613
ději,6956
skvrn,15520
nepřirozeně,12327
radostí,19293
pětici,21945
porušením,19402
fascinuje,21946
přízvisko,21947
výkladů,4680
zbrani,4015
forte,21948
podněcování,16543
kompozicí,20645
shodu,21706
táhli,7905
bulletinu,7633
mužských,1158
činohra,20539
nesouhlasila,12040
lžou,8471
divokého,4126
krupobití,21949
pánská,3620
tajů,21950
závěti,9801
košíčky,21951
nepřesnosti,20600
migrantům,21952
sekundárním,10551
kinobox,21953
účelnosti,21954
dodávkách,5035
racionálních,7372
oceňování,21955
nástupnictví,21956
křídlu,6317
zdarmakód,21957
prožívá,20831
odmítnutí,21958
kuřecích,2940
mořským,2254
neuspěl,6455
oplození,21959
apoštola,21960
harmonizaci,21961
souhrnu,11631
dodáváno,21962
vodotěsnosti,21963
kolizi,16964
ostrosti,21964
přeložil,9812
zoo,21965
kolie,21966
hitparádě,21967
rozvíjelo,11946
popřel,12041
věnovány,9810
vlajka,9317
pos,21968
jemná,4800
podstoupil,17172
zaměřují,8418
zmenšují,13111
účinkovat,16691
třicetileté,19562
comfort,21969
zadávacím,21970
rakvi,10781
potkávají,21971
účastnila,12944
šílenost,21972
lukrativní,21973
případnou,2064
lekníny,21974
navštívili,6763
lednové,21975
úmrtnost,21976
innosti,21977
meli,21978
neúčasti,21979
zvedli,8525
zavražděni,13442
mateřských,906
módními,12928
účinností,20749
obdržely,9889
zamilovaných,8851
odrůd,13982
dodržování,21980
překračuje,21981
dominanci,21982
navy,21983
ozdoby,11292
užijeme,11562
výročí,18898
typických,3809
zbudována,9081
etnika,21984
vstupují,15862
zvažovala,13582
street,21985
přísné,6339
pomáhaly,9250
oblastního,14245
členu,4246
curil,21986
kouzelná,4621
sledována,1797
videla,21987
vyjádřila,17357
senátorem,8628
tučňáků,3094
kladného,7431
saldo,21988
bezdomovců,9966
destiček,21989
rychtáře,14781
dobyl,8928
tónem,6252
osídlili,21990
zvláštního,17964
zmiňován,17669
hlubokém,8631
zpoza,21991
ligou,13066
umožnily,10134
happy,21992
komplikací,18753
odloučené,21993
vyvolených,21994
vlašských,15452
povodním,11967
cév,9158
režisérka,21995
slabě,21996
narazíš,11070
publikováno,9344
zubaté,21997
dodržovali,15255
kurikula,21998
nek,21999
primárních,3277
řídké,8931
článkům,9651
nepříjemnému,19412
hybnosti,22000
restauracemi,11345
puky,22001
značek,10010
zásilce,8957
bydlím,9857
vápenatého,15097
zoologických,18522
zdála,4172
rozvedli,17014
raduje,21120
této,789
diskutovali,7305
úspěšných,1430
endemit,22002
motocyklù,115
solidarita,19893
dietě,13591
komisařem,5294
vosy,22003
závažných,4888
roztoky,5696
přídavky,18226
zřizovaných,22004
obsadila,12441
vypadáš,2028
vanou,11055
sebevražd,12482
přesah,22005
harmonická,6225
altánu,22006
napomáhat,22007
příznivcem,11523
side,22008
vzpomínají,8858
odchytal,22009
dusíme,15957
charakteristickým,8126
vyjadřující,22010
nadstandardních,12087
parních,3954
tyče,14526
členěna,12325
připsal,18217
perutě,20067
napodruhé,22011
hromadným,7780
nejvýznamnějších,6301
srozumitelnou,6423
projednává,21455
vzdát,16789
dohodneme,19561
měkce,22012
svazků,4142
vztazích,3393
nadějně,22013
otočením,22014
click,22015
hvězdička,13540
odtoku,22016
ujišťuje,22017
organisace,22018
zvýšení,21009
absolutoriu,22019
břity,22020
saunování,22021
založení,22022
miluji,6082
žlutým,7278
falešného,947
titanu,8094
překvapuje,22023
přitažlivost,16689
následkům,10231
komanditní,22024
úno,22025
rovnovážné,22026
urbanistické,22027
ozdobené,7708
negativními,18063
cizincům,4494
původními,5459
pořádalo,14907
gotiky,10168
prosklením,19370
jihovýchodním,14114
zahájeného,11749
viola,6695
průběžném,2703
neděle,16079
cibuloviny,22028
odběratelům,2987
náměstím,12074
ekokůže,22029
obyvatelstvem,7971
estonsky,22030
nepochází,17094
napínavé,11294
tržních,6976
statistická,1961
budila,7261
knížata,15125
ložné,22031
angažovat,22032
propagandy,15523
tachykardie,22033
koruně,5069
souvisejících,10637
tendencí,9320
vyhlídkou,5541
duha,22034
hloubkové,22035
řemínku,22036
propagace,19856
okupaci,14510
seřazeny,22037
sesuvy,22038
pojmenoval,22039
ústního,12869
tanečníky,9598
obohacuje,22040
státními,4018
třmenu,22041
poptávkového,22042
úmrtí,22043
pojmenujete,22044
sáhla,7109
krásou,8483
exp,22045
partě,9188
drasticky,22046
železničních,4467
poptat,22047
náhradníka,10318
vařená,10730
bring,22048
pripade,22049
vycházejících,14766
stromečkovým,22050
dosazení,22051
keramikou,11839
upravena,1434
zajímavá,5127
definitivním,13981
krajanů,9631
německého,4774
uprchnout,18867
zpověď,22052
zastřelili,12898
vyživovací,22053
útočili,8415
sekt,16575
vyhovovaly,8257
pokusilo,9261
feb,22054
nesrovnalostí,22055
hrdosti,16661
pořádání,22056
nenápadná,1140
dopravně,22057
schodů,10796
březnové,22058
uranových,22059
nutričně,22060
nevedla,10862
zaměstnávání,22061
šlechtě,14789
kanalizačních,22062
doplňujeme,14370
polyesterové,22063
slitina,13166
kuřat,4119
rotací,22064
třech,9159
oplocení,22065
strmé,11900
protiútoku,12306
pořádáme,14907
týká,17497
stěžejních,10687
úpatí,22066
vyjely,22067
pořádá,14907
vyhrazeny,4037
středoškolského,2815
uranu,8659
pohodlných,1237
zvykem,9480
biopsie,22068
regulovaném,13205
oslavující,22069
mrtvém,1214
křížence,8382
odvádět,18550
předcházení,22070
oratorium,22071
přitažlivé,3719
horka,10914
zkouškami,4655
dvorce,2737
označováno,11225
pozoruhodná,6921
zklidňuje,22072
fosílie,22073
vypouštění,22074
kombinují,8563
playlistu,10163
dodavatelských,5758
drahách,3290
horních,16594
ilustrativní,22075
svrchovanosti,22076
středečního,15516
stanoveny,3113
dočasná,3148
normalizaci,18914
velkýma,1403
vracení,22077
úvah,6051
inspirací,19648
fps,22078
pařížském,12878
hubice,22079
památkových,8882
nedávná,3643
soutok,22080
jednota,10932
baráže,22081
nastoupilo,10961
svědčí,12864
kultem,9924
čtrnácté,15899
nadšeni,8198
papežů,10098
nejznámějších,1356
vylíhnutí,22082
mrtvými,1214
standardních,5477
ženských,1130
čeza,22083
pravost,22084
transkripci,22085
výrobny,15998
nemocenském,12707
hotových,402
zajištěných,1671
tuhé,5881
milimetrech,16908
zkušebních,4849
hliníkových,669
párů,12135
kandidatury,12550
dramat,17929
byzantského,4865
stoupající,22086
polštiny,13153
pořádkové,22087
zaniklé,6605
poděkovali,18590
pozorovateli,8247
vymřel,22088
pocházející,22089
popsaná,3443
kurzívou,22090
trubičky,22091
průběžných,2703
osvědčením,15198
odborností,18087
official,22092
členěním,18676
výstupky,22093
nedělej,3644
stupňuje,22094
kilometru,7655
všimla,6461
soucitu,10746
černochů,19080
vyrábíme,8110
mikroklima,22095
lithium,22096
areálem,3477
rozmlouvám,22097
nad,16771
hadic,10601
koberců,399
proslulou,8158
jasnými,6732
oběma,13107
kanadských,2747
plastické,8025
usnadňují,22098
očekáváme,10276
koresponduje,18651
nejníže,20627
dubového,3168
zimním,10806
vládnutí,22099
napomáhá,22007
srdcích,4168
přebalem,22100
septima,22101
částicemi,10807
wenge,22102
mrkněte,16269
vyprávění,22103
školkách,5788
zvýraznit,21370
sono,22104
popsala,10649
španělské,7333
jezeře,12227
přepisováno,22105
paní,22106
globálním,6042
mld,9148
smutně,22107
infocentrum,22108
pospolu,22109
republikánů,14585
kozáků,22110
zastaveno,6955
zrzka,22111
čistotě,12216
katalogu,3587
hájovny,22112
ověřená,2716
šik,20387
zvolal,22113
podrobných,6700
halenka,14492
duchovně,22114
reprezentovali,7643
předešlém,4999
nenašla,5054
vydaných,2526
posouvá,18895
neochota,22115
konferenčních,22116
směrnici,17726
zařazujte,22117
reakci,13955
kosmetického,1439
smutné,11963
unií,10532
pátral,22118
pěvce,22119
šíji,22120
vyrobeny,2748
zejm,22121
stožáru,6773
doplnky,22122
žetonů,22123
hrobky,19222
dřívějších,14428
mathbb,22124
grantů,7094
cart,22125
vypouští,22126
chvála,22127
doporučených,4282
indexy,5323
jemném,4800
lipidy,22128
rupie,22129
prověřeno,22130
nábožensky,22131
kandidující,13427
muslimského,2447
gumičkou,22132
doprovázely,15962
tragicky,22133
metrech,5786
nebojí,5906
inkontinence,22134
koupališti,22135
klíny,22136
ustanovením,22137
občanského,3150
pojmenovala,22138
intencích,22139
večerního,10947
lysé,17073
růži,17816
jediní,1064
brzdového,2167
současnému,2791
masová,1284
tajemného,4267
ozdobnou,7564
plastových,476
vsi,19125
okolnímu,10882
dočasnému,3148
bramborové,2307
opačným,12352
nevzdává,22140
předepsaných,5428
přispívá,18731
vytlačit,22141
skiareálu,22142
plaveckého,7588
sloučení,22143
arkádami,9362
snížilo,13238
español,22144
medvídků,7716
jíž,4435
sportovních,5805
zálivu,12205
podšívka,22145
krasavice,22146
roštem,7324
pověděl,10478
obdélníková,5341
láva,22147
posunuje,22148
upozorňují,17656
zhubla,10586
úplném,3338
vyvodit,22149
while,22150
monarchie,16513
přesahuje,20252
získána,7265
plánovaných,1004
děkovat,18590
odstrcilikovi,22151
izraelském,5763
psím,6128
dílčích,16175
výběrových,932
působivé,5776
neslo,15142
katolického,2689
měřeno,1097
rovného,1964
pochutnat,22152
křižovatek,10629
vzniku,21718
přidaných,4659
dramatického,9364
trefila,8109
diskuzi,17377
nenásilnou,18081
přivedly,11329
sporné,5597
projedná,22153
polyuretanová,18666
svalech,2664
africká,4327
produkují,9103
pročtěte,17588
ponecháno,6657
been,22154
átéčko,22155
jmenovaných,2908
tajemná,4267
viditelných,926
hloubkou,15991
imigrace,22156
síťovina,20608
biochemických,13311
krytá,2888
nevěstě,13510
diplomatickou,18716
víceletá,22157
vracíte,15149
oddělování,22158
růžové,3310
originálu,3935
krasny,22159
vyzýval,19910
předáme,22160
pružinami,19039
tažení,22161
opakujících,12746
rovnoprávnost,22162
komplikacemi,18753
sdružuje,18966
sladce,22163
akustického,3528
výletů,1256
kapitálovém,1916
ocasem,7944
živočišných,4511
respektování,22164
financovaných,6075
přívěsů,487
zářivých,4576
psána,3371
veselí,4922
janice,22165
stavění,3112
nizozemské,9273
fregat,15683
rejstříků,7734
přilehlého,5406
nižšími,4663
odřená,6542
jatka,22166
klimatických,15332
zadavatelem,9319
reflexní,22167
nahých,4507
větších,1403
zasněžených,19256
předkola,22168
mlčky,22169
brazilská,12673
kromě,20960
objednáno,6610
krásné,6129
spole,22170
tlaků,4449
pyré,22171
objevitele,16448
háje,9959
vracející,22172
výměra,20159
ledvinách,2798
omítek,9853
zastínění,22173
kronik,22174
zlomila,17858
vydrželi,4870
říjnu,18077
min,9993
krouží,22175
kurfiřta,22176
podřízenosti,22177
osou,18613
náramně,22178
markrabě,22179
zasáhli,11578
ctnost,21603
pronajem,22180
udělení,22181
květinová,9191
rozpínání,22182
zdola,22183
sopek,7489
výraznou,5535
hledači,22184
umísťování,22185
odjíždějí,10356
ovesné,22186
cukrová,18331
pohyblivost,20045
anekdoty,22187
otroctví,22188
šlehání,22189
kauze,16710
zahajovacím,10849
narozením,16353
kopečku,22190
asymetrické,5396
represe,22191
vypracovali,14598
čtyřhry,22192
poznávacích,7326
čtveřicí,22193
registrovalo,22194
romantika,19806
něžná,7400
soustřeďují,18351
svíčková,12171
have,22195
slaná,22196
transparentním,18344
přátelském,1469
skvrnám,15520
štafeta,19154
rozmazání,22197
rakovině,5213
poleva,22198
spreje,22199
korunka,7304
čtyřhra,22200
dosažená,9860
vázat,22201
proběhnou,10259
záměrné,22202
kuřecím,2940
pořádaného,11153
odlišení,22203
připravovaného,2469
řešily,7327
legendou,17092
břehem,6990
jeste,22204
zapříčinilo,22205
odkázat,8303
nalezla,10912
aranžmá,22206
pražští,5289
kousku,5512
náplní,16053
světských,13126
hřebenu,1946
nahodilé,22207
jdoucích,15976
cons,22208
vyplývající,22209
fotodokumentace,22210
takzvaného,2553
jezera,12227
malířka,3521
učilišť,14367
nosností,16940
vanilky,22211
zajišťovala,15839
vázáním,22212
kopyta,22213
rozpouští,22214
chromatografie,22215
vodítka,8909
průhledná,3878
překvapení,18038
náhradníků,10318
získaly,7265
farním,5319
uspořádala,8635
degradaci,22216
šňůr,5858
pohodové,4160
podepsal,8649
znatelné,15664
participace,22217
plátci,22218
náramků,1513
slečen,10775
součtem,6356
kytiček,22219
záběrech,3533
způsobena,7601
osada,16859
poptávkou,16522
aristokracie,22220
hororů,22221
slavné,2814
potomstvo,22222
krajně,22223
odpustil,19131
palestinského,18586
pověřila,14945
nejzápadnější,14318
propadli,11663
finálním,16397
limitované,22224
vyklube,22225
brožur,22226
příčného,6780
flakonu,22227
kladky,21447
připravovány,7786
domovských,4274
originalitu,22228
zrušeny,4269
lámou,11901
chladem,4530
věrohodnosti,10960
hladovění,22229
polích,10366
kázat,22230
ohlasem,11030
krátkém,3284
receptoru,22231
stolici,22232
předávají,11078
podávání,22233
vznikaly,9616
snech,2364
táborů,1010
artritida,22234
olejová,2498
poskytujeme,5972
alokace,22235
podélné,4883
zástavního,20166
věková,12293
nedosahuje,17694
těžkém,2110
cost,22236
ach,22237
she,22238
pražské,5289
příznivým,7664
mláďat,10336
šen,22239
syntetických,6430
špatní,1639
narazila,11070
dokumentárním,10531
imho,22240
próz,22241
kontury,22242
směs,22243
diskutované,22244
růstového,8103
opakují,13408
vyrábějí,8110
označených,3568
kurzech,22245
tsunami,22246
střelných,19448
sudy,6591
nature,22247
orgánech,1056
nerostných,22248
připravili,4009
vytvářejí,9143
zvýšené,14481
sjel,22249
daňovými,835
koňmi,385
oboustranné,3127
choť,20550
finálního,16397
uniká,18667
vzdálení,680
private,22250
necgtěj,22251
zmínila,18107
depresí,12786
čeledí,15236
sopečného,22252
větví,12598
těží,17031
ztrát,13792
vsítil,22253
zmateně,22254
smyčky,10869
svazcích,4142
rozpustí,20124
slevovou,22255
úroků,7222
kapličky,16605
lidma,94
faceliftu,22256
protestantů,22257
function,22258
alpském,8131
momentů,2907
zbavení,22259
fixaci,22260
býka,11164
epocha,17582
deformaci,22261
rozšířeny,4124
zuří,22262
formování,22263
sanaci,22264
relevantních,7154
závěrečné,8963
intenzita,14473
balance,22265
specifického,2586
chybějících,6292
znázorněno,22266
prodeji,11278
juniorek,22267
loci,22268
spjat,12145
suspensions,22269
manželství,22270
jednohlasně,22271
klášterním,6326
květní,22272
netradičním,11435
pohádkových,842
pověřena,7111
liturgii,22273
synagogy,18045
dočíst,20115
klesajícím,19852
plochých,1066
matriky,20979
plošného,975
ohroženi,6278
neformálním,12375
španělského,7333
stanovuje,22274
smluvního,18272
zdravotními,9786
písmu,3383
organizacemi,10149
elastickým,9121
dle,22275
vstoupila,13020
juniorská,22276
archeology,15250
východiska,14313
vojenskými,1335
vyslal,8444
hůlka,19545
neztratila,4921
barviva,15234
režie,13303
zlu,9824
okresních,4434
říšské,9645
pomocných,3859
týkaly,17497
square,22277
gumových,2324
rakouská,7073
molární,22278
jezdectva,22279
spoluzakladatelem,9197
přezdívá,22280
měřítku,13091
vyjadřuje,17606
kongresů,22281
úniků,4226
pohřešovaných,22282
citem,18206
jezdecká,7270
předním,8823
relativity,22283
chvály,22127
obslužnosti,22284
odehraje,21250
elementů,7641
lymfocytů,22285
bubnů,1856
divadelních,12401
dobovými,2270
příznivější,7664
uvedeni,2209
zámeckých,4613
zahrála,6111
ekleinovka,22286
brzdové,2167
sopečné,22252
trhuhttps,22287
zatáčení,22288
vycházíme,11432
rezerv,11105
kosmetická,1439
vzrůstu,10062
kapitolách,18981
citace,22289
pátém,4551
zkus,6119
postojích,4148
okraje,11235
třinácti,13560
dráždí,17194
představeno,5939
skvělí,3601
věrných,3764
obsahů,3062
židovským,3688
porovnejte,22290
románech,3492
známá,1356
mezilidském,10904
chodíš,5880
barevnosti,22291
krčku,22292
zavedením,16549
nazvali,10393
chytili,6579
okrasné,22293
plátcem,5884
různých,6991
sezona,17138
označovaly,11225
obohacování,22294
nehnutelnosti,22295
nemovitých,15372
vyjádřilo,17357
legrace,17130
držitelé,12212
konopné,22296
sdělte,11630
delegáty,3212
zaměňovat,17446
praze,22297
záleželo,7604
odvrácené,16234
navázal,19684
sestoupilo,22298
přejí,9519
místy,7561
lodních,5747
migati,22299
litovat,15475
netriviálních,22300
sestupu,12935
hájit,22301
prověřených,9484
vstřícnými,14815
organizovaných,1487
náhrdelníku,5620
two,22302
extrakty,22303
vlajkové,13318
úrovních,9046
snesou,11659
jedinečnost,21306
poblíž,22304
parametru,4595
benátské,12835
šperku,1202
mimoškolních,14105
rohož,18147
děkuje,22305
oddanost,22306
netvoří,6064
ass,22307
partnerství,22308
mrazí,22309
pozicích,19188
stoupla,10880
těsně,22310
těhotenské,4143
zasadit,22311
archivních,10804
pamětních,8388
ikarkulka,22312
římského,12262
potvrdili,13372
gerda,22313
italskému,4109
oblíbení,1024
zlepšení,22314
níž,4435
pol,7093
sjezdovkách,8019
premiérovém,7598
navození,22315
ponořit,22316
bočního,13518
odvádějí,18550
velkolepá,2207
souvislostí,18890
soudech,1293
reprezentovalo,7643
nabídly,9531
shromážděním,21881
naplněny,12183
lorda,19870
ztrátami,13792
faktech,7609
dostavila,11293
zaručených,4560
sněmu,5218
drtivě,22317
kop,20596
vynutil,22318
prohlašují,5398
předčasným,7303
významech,7264
zachovány,4536
váza,21535
magií,17361
neurčitou,1525
okolních,10882
soupisu,22319
teamu,22320
morálního,10842
námořníků,4288
zahynuli,15303
zabývaly,11993
populační,22321
přesunuty,22322
vystavěné,8435
zajděte,2749
dvoudílná,22323
osudů,8099
dotáhnout,19720
jazzová,8962
kostí,12887
problematiky,16461
směrech,11379
vyskytnou,7629
disponují,6871
kroutí,22324
přetrvávat,22325
hřídeli,22326
přijala,17778
dlažbě,9185
narostla,22327
morfologické,22328
hospůdce,15409
bledě,22329
zajímavými,5127
nasvícení,22330
inovativních,22331
podlah,3068
protiskluzovým,22332
srsti,16843
voňavé,4276
rozsáhlých,1569
odveta,18781
rozloučí,13326
naprosté,9888
tisíci,6799
hitu,22333
katastrálním,22334
sedacích,22335
ret,13570
srážky,12291
coming,22336
stavebnin,16161
zrušilo,12597
ostrovech,2401
výšce,9241
dosahuje,17694
nezdařilo,22337
natáčením,14698
chemickém,1576
kořením,22338
otroků,5953
překonávat,18883
zastánci,20837
jejím,9203
doporučováno,14816
výdejních,8114
podobném,4952
ocitli,13468
učitelkami,6701
střetu,10116
zavraždili,7445
nautického,22339
vyhlásily,15459
popisem,9246
sírové,22340
zabraňující,22341
ega,8392
never,22342
udržována,6560
motorkářů,10219
zemědělcům,5810
příbuzných,6600
nejake,22343
nacházela,7416
kapslí,22344
bezdomovectví,22345
zvané,11408
osvobozování,22346
trestných,2412
závěsných,1200
sexta,22347
městysu,4321
duchovních,7776
katolíky,22348
volebním,7189
publikem,7497
okraji,11235
hovořili,16133
podvozkových,22349
hustě,22350
moučkového,4036
zarážející,22351
hravost,22352
vyrostly,10193
loutek,8559
odhodláním,19403
armádním,5732
dvojky,14161
facebookovém,22353
oázu,21065
ptactva,22354
výnosem,5116
druhými,1243
orlice,6774
rybářských,1872
antická,2744
doprovodná,7925
oceánech,1735
dvojitými,1926
klinického,3374
debutovala,22355
patřím,11928
dokončených,2676
získávala,10564
zvaného,11408
asfaltu,5502
úctou,12768
podařila,8791
kundy,22356
písečných,19052
vytěžit,22357
šampionem,22358
zastupitele,13878
pláčem,4366
charakteristice,12480
sochařem,9358
nákupních,5537
plodů,5315
parkovišť,5552
rouna,21823
prospektu,22359
kanovník,22360
určitá,1525
vzlétl,22361
zajímala,8683
privatizací,20683
poukazu,22362
stabilizátoru,7930
prvorepublikové,5182
kolonizaci,22363
žádostech,8624
vdát,22364
town,22365
charisma,22366
chuti,11288
plátů,9495
předložili,10988
osmého,11658
alkalické,22367
lyžařského,2232
uhličitanu,22368
novembra,22369
pohledová,22370
truhláři,8958
zdůrazňoval,18001
černobílých,1406
vybudováno,6162
chudých,3253
spojky,12681
soumraku,15653
chi,22371
reorganizaci,21817
statutárního,22372
rozrušení,22373
inkasuje,22374
vágní,22375
křížová,4063
knížetem,15125
stejnojmenném,1920
dubnové,22376
osolené,22377
agility,22378
prozradila,11834
area,22379
závěrečným,8963
měnícím,8667
příjemnému,4747
volena,11353
vypsána,9404
zrekonstruována,7676
komorách,10471
přijíždějí,18623
označena,3568
transportních,22380
nepříznivém,20055
drahami,3290
mračna,22381
masivními,10113
heterosexuální,22382
zaměřovala,8418
potkalo,17779
územních,15454
kreseb,8170
bestsellerem,3608
naprostého,9888
arabským,4820
slevách,13735
převzatých,11056
grantu,7094
odvozu,6825
typickými,3809
uveřejněné,22383
stuhou,20972
pozítří,22384
maminkám,2203
snižování,22385
držela,13076
titulární,22386
účastnily,12944
vymáhat,22387
překvapivé,20271
zanechalo,8843
vymizí,22388
přecházejí,16038
bezlepkové,18423
nádob,5724
rumunských,5369
prodlouží,14775
ochlupení,22389
horkých,4684
obviňování,22390
hranici,16305
negativního,18063
pise,22391
toxická,10207
podíváš,5632
založila,9032
sob,15325
koukněte,15159
nalezeno,3080
see,22392
zkamenělin,19140
vysadila,15176
neolitu,22393
temnější,6226
záporná,3013
osmá,11658
oslavy,17649
oborových,18220
mohutnými,2081
neodolala,14449
opatřeny,7505
žito,22394
redaktorkou,22395
posila,20640
lest,22396
obchodují,11310
hnutím,20857
rally,22397
kojeneckých,14652
rozkroku,22398
etapou,20282
veselé,4922
kanadském,2747
stavebními,8302
rozhodnuti,14925
hlasovala,8992
větvemi,12598
zabránění,22399
ujal,22400
studu,12712
naftových,22401
zmíněná,1828
potravinářském,1882
klášterních,6326
vyvolal,18605
uctívali,22402
svátosti,22403
mlze,22404
stráních,14630
samí,1061
zázraků,2306
nastoupila,10961
kmínu,22405
epitelu,22406
bezplatných,1514
vlajce,9317
vyvolává,21162
chodců,4904
vídeňské,14365
rodinami,3779
částečky,22407
vrchním,13757
oslavit,20125
šíří,11559
vydali,11437
spojenci,3669
strávení,1907
odtéká,22408
výsadbou,19848
obecném,6202
pokřtít,22409
pochvala,19413
zipu,22410
kněžském,20426
jihovýchodně,9780
výzdoby,22411
neformálního,22412
klesají,18032
kari,22413
oxidací,22414
měsícům,2958
bojovaly,16228
ozdobíme,7281
vyčleněny,22415
volebního,7189
ochutíme,22416
zřítila,13833
vršku,14931
nivě,20345
nerezovým,1449
nesplacených,22417
boli,22418
zastávky,17237
dělnická,16147
šestého,7946
pevnině,15428
vystoupilo,20659
kyselá,8172
dezénem,22419
zánik,22420
smečka,13473
nádržemi,7685
poučné,22421
podporovaných,1305
pěknému,5103
nucených,12178
ochranářskou,22422
ženskými,1130
litoměřické,10640
setkala,15219
přesilovce,12809
výslovného,22423
trvanlivost,22424
pronásledoval,15320
rovinách,9543
pohrdání,22425
zařazuje,22117
scházela,22426
koukam,22427
dřevařské,22428
lekcích,13221
kokosového,3031
žlučových,22429
složena,2258
vyjadřoval,17606
podávány,22430
účelnost,21954
vážných,2671
platů,2582
rodokmeňa,22431
sponzorům,11219
rovnosti,19127
obrněných,1059
nižším,4663
sejmutí,22432
commons,22433
balením,14965
dozvídá,22434
podivné,3728
vysokému,3619
outdoorových,22435
výjimečného,6656
munice,19160
divadlech,9452
trilogii,22436
kulovité,3039
křídy,13907
oslava,17649
korkové,22437
vedeny,3773
predaj,22438
pensionu,22439
plevele,22440
skloňováním,22441
evangelická,11779
pěnové,4992
svědí,22442
antisemitismu,7132
buněčných,13569
dorůstající,22443
legií,18583
upírů,22444
zachovaná,4536
zadávacího,22445
dbáme,13901
křivdy,22446
důležitém,2842
tůně,22447
smluvním,18272
rikam,22448
vzdává,22140
kořeny,10018
speciality,21070
zpoplatněna,22449
odbourávání,22450
pojmenovanou,22451
předka,3020
kritériím,8654
nenasycených,22452
anotaci,22453
akutním,14571
výstupech,1468
sídelním,16635
dresu,4487
kytici,22454
novorozenců,9844
ofenzívy,15784
potvrzen,5276
představitelem,11983
dvoulůžkových,3483
krytým,2888
vystupuje,17674
lize,13066
palbou,11423
středová,22455
trance,22456
dědičkou,22457
definovaná,3991
obsadily,12441
potopena,15967
podáním,19203
tyčinkami,16514
zmrazení,22458
poohlédnout,22459
vypálena,22460
pokut,14706
jehličnany,22461
zlepšila,10468
sedátka,9469
účastnických,22462
domluvili,14178
působností,20123
rozkvětu,19945
jakási,2294
nacházejících,18614
patients,22463
albech,10572
domluvíme,14178
neuvedl,9199
zachyceno,9623
dekretů,9862
přibyly,15751
bídu,22464
zajišťovaly,15839
pletí,22465
cementu,11953
přetrvává,22466
hovoříme,16133
přibližují,16167
uvažuju,11962
pozvedne,22467
profesory,3845
snažilo,10317
chorvatském,3589
předvedli,8380
hlášených,22468
užitná,22469
pojistná,22470
předepsaného,5428
iniciály,22471
kakaa,7597
hornatiny,22472
nepřehledné,22473
draku,22474
zubu,2899
hezkým,8939
pneumonie,22475
zakoupením,7347
stellen,22476
zpovědi,22052
vznikajícího,15669
formovat,19985
hollywoodských,19108
zraněni,9864
dopravcem,4531
dvanácti,11376
biskupů,16479
tokem,2875
prokázala,11718
davu,5246
neexistenci,17453
border,22477
přibývají,18820
jedinečnému,2932
historickými,2333
kolektivizace,22478
pětiletou,3875
flotile,22479
know,22480
podpoříte,17541
ostrůvky,5494
hájí,22301
pil,5104
vznáší,15235
střelba,15782
účastnících,1794
tenisových,1857
anglikánské,22481
biomasy,22482
regionem,6545
komínů,1477
inspirovat,15460
svatých,5050
odradí,16387
zaštiťuje,22483
podporuji,10634
těsněním,22484
mezinárodnímu,10229
rudého,6033
křoví,22485
neváhej,22486
hedvábně,22487
kokosová,3031
natažení,10710
usilovali,21905
filtrů,686
šestým,7946
odstartovali,11571
ponechali,6657
radostnou,22488
změněno,10510
vínu,2253
dánského,8499
augustiniánů,22489
předkole,15447
proslul,22490
moja,22491
zúčastnil,15391
stanech,970
vkládáme,22492
způsobená,7601
nadmořskou,22493
rozezní,22494
mokrého,2010
přiléhá,22495
bojoval,16228
zástavbě,13822
léčebných,5372
prahy,2577
distributorem,8803
nájmy,2686
hovězího,8147
bodnutí,22496
zobecnění,22497
japonským,3120
souvislé,3326
předložka,19200
vedla,10862
volbách,4873
vyrovnanost,22498
ramenou,6272
zpěvačkou,12185
štafety,19154
britskými,3527
result,22499
drželo,13076
vnitřním,6759
podkladového,22500
preventivních,7185
rozšířily,10311
vyplývajících,22209
pietní,22501
odvetě,18781
nástěnných,5371
magisterském,3360
spočívající,22502
stránk,22503
starostou,15262
započítávají,20276
inverze,22504
objevená,22505
společnostech,8786
radeji,22506
prvého,3981
tri,22507
přidávání,22508
pohrozil,22509
shodném,4564
odstoupení,22510
stanovy,22511
blokáda,22512
třpytivé,22513
vedly,10862
úbytku,12625
vyhledávanou,22514
islámem,11394
vedou,10862
výsadba,19848
evakuaci,22515
klinických,3374
franc,22516
klíčovými,1658
dobývání,22517
vegetace,20795
sklonem,8136
příznivcům,11523
sekci,22518
ztrácela,8808
ofenzivu,16870
křesťanská,4866
ubývá,22519
pouto,20892
zátoka,21498
zpěvu,6244
btw,22520
přehlídkách,22521
vodky,10093
propuštěni,13044
vystupování,22522
samém,1061
těším,12138
požádali,8574
označovaného,8507
turistická,2175
nepřímých,2720
ostrá,4254
krátká,3284
korekci,21347
očekávanou,4273
korzety,11632
příbuzenské,22523
svazkem,4142
sprchová,4352
vzdal,16789
rozsáhlém,1569
kuriozit,22524
palice,9348
epizoda,20004
svrchu,22525
náboženského,6146
převážné,17703
veteránů,4289
anorganická,17827
přivedou,11329
knížat,15125
značkách,10010
mícháme,13051
vsichni,22526
dietou,13591
schválení,22527
zveřejníme,22528
mnoha,7768
škrty,22529
vydaným,22530
ski,22531
daňově,22532
nabízíme,6917
vybudovaných,2695
desátým,6197
koloně,22533
toxické,10207
parfémová,22534
špatných,1639
vystouplá,22535
náhlé,9071
chovatelských,10080
věcech,2506
tanečníci,15441
prostranstvích,22536
water,22537
samce,22538
vyšších,3619
sankci,13334
zapojily,5354
ruském,899
škodné,22539
surrealismu,22540
stojánková,22541
fresek,22542
playlisty,10163
oboustranně,22543
jednáních,15039
rameny,6272
stopové,22544
odstartovala,11571
absenci,21846
atributem,7656
příležitostech,14172
celoplátěná,22545
slušet,22546
perspektiva,20695
bolestné,22547
genealogická,22548
zavedeny,4105
potlačování,22549
patříme,11928
dílčího,16175
zatčeno,17493
případnými,2064
severoamerické,22550
hrůza,16060
utrpělo,16518
zachovává,22551
nadechnout,22552
obilovin,19839
užším,3074
tmy,13006
přiměřenosti,17914
estetiky,15565
minulých,7395
exkurzí,13698
ropou,11785
perličky,22553
mezích,14592
vdova,22554
spekulovat,22555
francouzská,5973
náznaku,10330
liturgického,22556
kaši,22557
dožil,14252
zprostředkovateli,7013
nejděsivějších,7046
výpovědní,22558
podávaná,22559
zkrácenou,10767
natočení,22560
vládním,7002
letopočtem,16851
nástavbového,22561
umělých,1040
variabilním,10543
odbornosti,18087
čarou,14325
rozdělovníku,22562
zátky,22563
románského,6360
růžici,22564
druhů,9141
liberalizace,22565
komplexních,6467
zvlněné,22566
vyzrazení,22567
chirurgická,2183
poledníku,22568
oleji,1724
zálivku,22569
thrilleru,22570
nebi,15382
česané,22571
odmítly,9488
zajat,22572
fikce,19708
dalším,10242
řezané,22573
sporáků,151
jejímž,22574
západních,14318
podhledů,22575
indiánské,20917
ukoncení,22576
vyčnívající,22577
atmosféry,14886
hlíny,15233
zlá,2121
zeminy,16082
vězněn,22578
rekvalifikaci,19964
shodnout,9944
ústy,11177
lité,22579
písničce,5094
sobotního,16440
oblouků,4629
třpytí,22580
freskami,22581
harmonické,6225
upálili,22582
pohanské,22583
markantní,22584
přebírání,22585
rokov,22586
informujte,9992
zvyklostech,13536
stopera,11565
rasových,22587
čokoládě,3884
onom,1153
bublinky,22588
čistotou,12216
peetrax,22589
jemného,4800
koordinátorka,7355
kalifornském,13264
potvrzující,22590
plavbě,11211
autorkou,19248
začleňování,22591
severozápadního,12724
absolvují,16864
připomínkou,12749
made,22592
židům,10266
přispíval,18731
tance,6148
crostini,22593
průměrem,16651
lesbické,22594
diskutovalo,7305
rotačních,22595
mluvilo,9575
fuška,22596
boky,8799
voděodolné,5209
přeloženy,9812
akumulace,22597
neobyčejnou,455
zasahovala,14903
piv,5484
zklamáním,21922
pružnost,20380
zvětrávání,22598
vcera,22599
sousoší,22600
přiklonil,22601
velkostatku,10053
neúspěšných,1430
zřízením,10570
detailech,18196
nejtěžších,2110
pružné,4208
růstové,8103
nevídané,22602
cihlovém,9443
dlouhodobými,2337
synu,2422
záležitostech,11221
vyhlášení,22603
rázně,22604
rozcházejí,22605
financované,6075
jedinečného,2932
souhra,22606
hooodně,22607
činů,4102
pomáhali,9250
cukrárně,15624
abdikoval,22608
vesničané,22609
okupace,14510
prožil,15538
obratů,5247
sýru,602
tvarově,22610
pobývali,16624
předsedů,6083
směšné,22611
nechutné,19794
chytají,22612
přisypeme,22613
drtí,22614
otočných,22615
oběťmi,4400
dřina,22616
svatosti,22617
výtok,22618
pochutnáte,22619
plantáže,22620
symfonického,2923
titanové,22621
prodloužení,22622
sestrami,6954
naložení,12232
udělila,11188
leta,22623
sídlem,8816
požadována,5168
zaznívá,22624
transferu,13057
jevech,5114
vstoupíte,13020
betlémů,4540
monarchií,16513
úst,11177
matně,22625
slanou,22196
placičky,22626
uctíván,22627
aktéry,20745
sociologického,4067
zpívala,8518
dovoluji,10502
barevností,22628
tolerovat,20587
výška,9241
hranoly,6942
vyskytnout,7629
generálporučík,22629
vrcholky,22630
středočeské,17283
císařství,22631
lyrika,22632
pásmem,7679
keltské,21680
celeru,3579
polesí,22633
postarala,9509
zácpy,21435
anaerobní,22634
hodinových,1042
nacházejícího,18614
materi,22635
výplně,22636
koaliční,22637
developeři,11667
svítivost,22638
voličům,2904
žila,8677
vázne,22639
nezastihne,17325
vlnité,22640
vložka,19738
detailem,18196
insignie,22641
úpravách,17056
moderovala,14594
razii,22642
napr,22643
ustoupit,21443
děkanem,10427
sezónách,14339
uplatnil,12210
stáhly,5790
chvění,22644
stranì,22645
fanouškovské,22646
podpor,12048
podřízeny,1311
vznikem,21718
realizovaných,2596
nominací,16757
střednědobé,22647
nezúčastnil,22648
domům,112
uveřejňuje,22649
zpěvákem,9768
historickém,2333
blížícím,11838
obvinila,19001
plynoucích,17758
pozemkových,4084
přiznávají,16425
primátorem,12344
souvislostech,18890
aplikovaných,2192
pom,22650
zahájila,14798
hrdle,15712
pozitivního,19155
nadpisu,10257
tabu,22651
citu,18206
regent,22652
neutuchající,22653
bašty,17939
vodíkem,5342
průřezem,22654
linkách,4178
výfukové,22655
latě,22656
reflexi,22657
líhnou,22658
cit,18206
atraktivního,15318
vyhrazuje,22659
hierarchie,22660
obnovila,4641
mezery,15549
výborná,3444
upravují,13168
studených,1322
punkové,22661
absolvovaly,16864
odmítla,9488
zřetelné,14535
sídlil,21792
sádrokartonu,22662
vojny,12452
mzdových,4259
polskými,3607
zabita,5756
ást,22663
totožná,5419
poskytnutých,740
strojírenského,5969
neznala,5819
serotoninu,22664
splněných,2000
koncernu,7064
mívají,14604
kombinace,19112
krémů,22665
rýžové,3995
úsměvné,22666
platdnes,22667
podmětu,9971
auditorem,6098
sestávala,16251
diskrétnost,22668
přestupu,12456
konvence,22669
připadly,12964
polštářů,1500
obvodě,2604
molekul,16390
vřetene,22670
potravinových,6509
větrů,3685
stoji,22671
uhelných,18050
kožíškem,22672
hybnost,22000
zužuje,22673
tech,22674
bolestem,17207
projednala,22153
anomálie,22675
spásy,15824
přímá,2720
fantastická,1710
vývaru,1018
nelíbila,8784
odměnil,11866
opìt,22676
dostavili,11293
prezidentu,1867
tyrkysová,22677
nařízena,11735
ratifikaci,22678
výtvarnice,22679
marná,5231
podcelku,22680
vzkazuje,22681
řadové,9485
svazích,3406
hříchů,4263
karoserie,22682
evropskému,1676
mitochondriální,22683
sjednotil,17163
odpadů,1371
vyslali,22684
zaznamenali,4509
převyšuje,22685
bonusu,8350
dívčích,7336
nadhledu,22686
order,22687
podílí,18843
vzácnost,22688
tmavou,3609
čirého,15558
uvítal,12440
teplých,1967
tratích,10074
městu,9257
motivováni,12092
světovém,1645
postoupilo,19354
liberalizaci,22565
ustavující,22689
latiny,15748
překvapena,15390
plnění,22690
závodech,3532
cdot,22691
vládami,6102
vit,22692
osmi,11387
nejprestižnějších,14991
dochovaná,22693
přijely,8835
vitality,22694
svržení,22695
embryí,22696
ledovců,2353
rozchodu,8250
svědky,6992
nefér,22697
stadiu,14729
zdědil,21745
kokosové,3031
místům,7561
polojasno,22698
polskému,3607
výjimky,22699
altány,22700
zakazují,12584
vlhkém,2869
zvětšují,16656
dohodě,21078
obslužnost,22701
zavedla,10774
zasluhuje,22702
nedávného,3643
otočná,22703
protagonistů,16906
pastí,16659
rytiny,22704
antických,2744
zasloužili,14874
těžbou,17637
asfaltové,22705
nahrazena,12286
podnikla,11200
hořký,22706
hodnotících,19811
jasná,6732
typové,22707
hloubce,15991
slitin,13166
plavecké,7588
sexuality,22708
šťávě,8608
vyráběny,2921
zhoršení,22709
středečním,15516
hladinou,16808
morálním,10842
stanoviska,16398
ohlasů,11030
folklóru,5932
písemných,2437
vystřídá,13005
viditelným,926
hospodářském,1601
improvizace,22710
zbavili,8503
ramínky,12996
celkové,3025
šelem,11872
přejmenováno,14220
obhajobou,13966
date,22711
sídlilo,21792
zemědělstvím,5872
pozastavení,22712
uznávaných,5526
madla,14285
zažívají,22713
nedělích,16079
várka,20268
meziročním,13443
těsnou,4750
ambici,13602
plicních,6835
prioritních,12009
váčky,11154
sklářské,9450
dramatickou,9364
vanilkové,2638
portugalská,7394
hovořilo,16133
mladém,1207
špici,22714
kyselinami,16920
inspirovány,15460
nositeli,12253
italském,4109
zhudebnil,22715
krátkého,3284
lunetami,22716
gramu,4917
zažije,13531
gest,12361
posvátného,6862
překračující,21981
zákroků,22717
plochách,1346
palmy,22718
zvolna,22719
zamiluje,19810
vrátíme,7646
autohifi,22720
připomínán,9481
proher,13354
provdaná,22721
pánevní,14865
převládá,22722
dialektech,16675
mangy,6714
konvertory,22723
zánětlivé,22724
odmítnuta,11808
situované,9503
plechových,318
zprávě,9850
postaveném,1992
přínosu,6768
smetanová,6024
žilnatinou,22725
příjemného,4747
mezipředmětové,22726
ilustrátorka,22727
dobových,2270
cenová,3877
následnému,4001
britskému,3527
kupců,3701
stanovil,17728
vděční,10467
vyhotovení,22728
vyloučeny,14887
soli,10357
nástupnických,15102
uvítali,12440
rekreačnímu,13903
expanzi,22729
trolejbusů,22730
transplantací,6819
navrhovaných,1265
husitských,19923
obsazena,4466
epidemii,19792
sešlo,13925
radovat,21120
šířením,16287
čistými,809
udávané,22731
zhostí,22732
lituje,15475
vosku,5005
festivalech,8069
zeleného,4580
dolech,6632
odrůdou,22733
potvrdily,13372
pravdivosti,22734
semifinálové,22735
malebné,17970
tření,22736
nalezli,10912
kyselosti,22737
úředních,6958
odmítlo,9488
charakteristickou,8126
čerstvost,22738
vybudovala,6162
peněžitá,22739
vnímána,10353
tehu,22740
mučedníků,18363
projevech,2398
podstatná,10370
vydařené,22741
kořínky,22742
rybnících,4039
stříšky,22743
respektuji,15202
stélkou,22744
tanečního,15441
odchody,7077
about,22745
přiláká,15773
porcelánová,4783
nerezovém,1449
groups,22746
táhnoucí,22747
odebíráte,22748
sporům,10452
tropech,22749
věrnostního,22750
dechem,3890
gólu,2656
vládci,5787
dělením,16148
šermu,20188
společenských,2304
blatníku,6622
pouličních,9815
prospěšná,4032
privatizaci,20683
pussy,22751
protipovodňových,17799
pruské,10408
hmotě,7465
uvedena,2209
značkám,10010
upozorňujeme,17656
lihovin,22752
duny,22753
kantáta,22754
druhe,22755
pokračuje,18706
brázda,21658
stálá,3855
unikátnímu,9848
vyplatila,8269
holčina,16773
rodokmenu,4937
podílelo,18843
pastorační,22756
rekonvalescence,22757
závist,22758
dřezová,22759
navodit,22760
květnové,9666
korunovace,19990
křesťanstvím,22761
úctě,12768
zmíněnými,1828
válečky,22762
viditelné,926
královéhradecké,22763
cyklostezce,17451
zvu,22764
slučuje,22765
zašleme,22766
building,22767
zdůvodňuje,22768
vídeňská,14365
tibetských,3151
atraktivitu,22769
nížině,22770
vdala,22364
garantované,22771
dřevního,22772
větrných,2826
partnerských,1554
korunky,7304
vaku,5161
aréna,22773
potleskem,11858
oddělena,1647
oddělil,12605
sloupů,2636
dobrovolného,2764
diskriminace,19536
vyrovnala,9112
mety,17566
členskými,1331
koukala,3907
mimořádné,6243
úlomků,22774
vášně,11994
stavech,3573
chovných,22775
nohavice,22776
váhové,22777
neprospěl,22778
celních,14351
renální,22779
pojmenované,22780
juniory,22781
zvýšeného,14481
bilance,19878
pattern,22782
mocných,2639
nepravdivá,7255
bývalých,2712
objasnění,22783
fašistické,22784
šťastnou,3345
zámořských,19580
follow,22785
dotýká,22786
bažiny,22787
dřezy,22788
zirkon,22789
oceněna,2517
lakovány,22790
kladiva,4211
zajatců,13768
lázeňské,7310
sílí,22791
slohu,7199
nabídli,9531
bezlepková,18423
uklidnění,22792
brumdinka,22793
podrobeny,14457
modře,22794
respektu,12611
pevnost,22795
úhlem,7896
bikinách,10574
volají,7877
plynné,22796
předními,8823
částečným,7501
zesílené,22797
zklamán,15146
sdružování,22798
památných,8297
těstíčku,22799
diabetiků,15731
what,22800
odpůrců,17888
ohlasu,11030
tanci,6148
nacházejí,7416
čís,22801
minišaty,22802
cípu,22803
uzdravení,22804
loktů,9072
tvarovaných,2886
oddanosti,22306
odedávna,22805
potlačuje,19636
hrobku,19222
opojení,22806
vane,11055
motýla,8528
kusech,2314
suchými,3035
kouzelným,4621
zajišťovalo,15839
účinkují,16691
závorce,22807
pratelný,22808
krys,5151
zrušeno,4269
závěsů,3964
přirození,2991
barokních,9231
britském,3527
sjednocení,22809
poji,22810
zvony,7886
spolupracoval,17732
divná,5303
tropická,3910
nájemních,3906
odeznění,22811
vyplacena,8269
tvářenky,12937
třtiny,22812
značnému,6035
elitou,22813
ukončenou,11069
umožnila,10134
etapě,20282
pozorujeme,13288
geometrií,8259
barona,14613
legalizace,22814
prošívaná,22815
vyrůstat,17455
úlevu,22816
zásadních,10686
fota,22817
pronásledovat,15320
tihle,675
příchutě,22818
rozbory,5530
sjezdy,12643
zácpě,21435
temné,6226
vest,12920
pohodička,5930
hranatá,2493
povrchově,22819
vděčí,22820
příjemná,4747
uzavřou,20031
vévodu,19185
občanských,3150
zabiti,13553
červeného,4266
zakládá,15525
teroristických,4187
nářečí,22821
create,22822
vrcholem,7868
milostného,6930
probíhají,13530
úroku,7222
nebála,5906
boří,22823
razie,22824
automotive,22825
celkom,22826
sluší,22546
klesaly,18032
ilustrací,8150
kandidatura,12550
karbonu,10920
letité,22827
mokrém,2010
gestem,12361
amfiteátru,13253
rabi,22828
efektu,10324
records,22829
ekzému,22830
prosadit,18571
pronikají,16041
pačuli,22831
užívána,22832
olověné,22833
ornamenty,22834
bila,5911
překladů,6297
zaručená,4560
výchovných,4791
meho,22835
zámečnické,22836
moru,22837
obchodovatelných,22838
financovány,6075
kulturách,10857
ostatni,22839
liberálů,16186
kolona,22533
konstant,15690
odbytu,11302
publicistka,22840
vrcholech,7868
šablonách,13149
jednodílném,22841
uzeného,6268
ochranném,1391
ušlechtilých,6636
nejvyšších,3619
vystoupit,20659
vrahovi,1474
úzké,3074
dodrženy,22842
zavedli,10774
ocelovými,1873
pøes,22843
arbitrů,22844
spojnici,22845
snížena,7934
patriarchou,19678
redukovat,20240
pánům,1846
úhlů,7896
založením,22022
patřily,11928
sekce,22518
příznivá,7664
rámů,22846
vrty,10285
ztroskotání,22847
definovaných,3991
výživné,4688
pořádaná,11153
hlášeny,22468
nit,20639
cca,22848
viditelného,926
přístavů,3327
dekory,22849
šesti,11555
mozaiky,14020
teóma,22850
rolích,13850
východem,8733
praktikách,13038
vyznačí,18511
kořisti,15094
zajistíme,8602
poměrech,10591
přeložili,9812
devíti,13360
zobrazily,22851
vraceli,15149
slavných,2814
kamínků,22852
sňatek,22853
odkazují,13731
sezony,17138
náleží,16801
tání,22854
přesunuto,7030
vzrůstá,22855
nejdůležitějšími,2842
úplňku,9453
vyhlášku,22856
obvodových,7496
how,22857
plnila,14387
upravila,10369
ozařování,22858
pozitivními,19155
zařadil,15371
kamenných,802
navýšil,22859
lazury,22860
výjevy,10759
dimorfismus,22861
cévnatých,22862
použij,4453
přistěhovalectví,22863
vlečka,22864
zátka,22563
ulicích,17776
zemědělským,3086
máty,18034
konzervantů,22865
moravském,3977
líto,22866
pseudonymy,22867
pevnosti,22795
zaživa,22868
zasáhlo,11578
morové,22869
rtuť,22870
laguny,22871
kapličce,16605
přejmenoval,14220
změnám,14552
gripy,22872
štiky,22873
zastávce,17237
zemřelých,6960
zastávají,16820
dodani,22874
diskriminací,22875
vášni,22876
dělnických,16147
partnerském,1554
sdružením,16484
způsobenou,7601
přesahují,20252
upřesnit,18980
setí,22877
alianci,22878
stay,22879
oranžové,11368
pronásledováni,15320
historických,2333
sekundárního,10551
merino,22880
odsouhlasila,22881
podrobili,14457
krevních,3621
ošetřena,11131
listina,15913
řetězcích,1784
kopřivy,22882
zabývala,11993
dušnost,22883
spjaty,12145
říz,22884
uchází,20008
people,22885
slonů,3615
pluje,18084
reagovaly,6852
posilou,20640
procentuálním,22886
estetické,6683
oznámily,13599
třmeny,22887
kytice,22454
exkluzivním,15443
app,22888
upozornit,9023
mio,22889
spojily,3190
děkuji,22305
širšího,12143
utahování,22890
neformálních,22412
vzbuzují,21467
oku,4044
hřbetem,7389
nejnižších,4663
term,22891
těšim,22892
požitků,22893
sponzoruje,22894
ohlédnutí,22895
vážila,13143
následným,4001
vile,12792
odiv,22896
vyplněných,3732
slunné,7315
povinnému,3172
téhle,675
hal,5754
say,22897
vládách,6102
dosahem,10934
tvých,726
nápadité,22898
výfuku,3973
homosexuálů,11128
voleni,11353
krajskému,2213
květinovými,9191
novomanželé,22899
manžety,22900
rozboru,5530
obočí,22901
přejmenování,22902
žebry,14624
latinské,15632
hřištích,7037
konanou,22903
kyčle,22904
výpomoci,22905
nejobsáhlejších,4942
komplikuje,20675
diskusí,18924
folkloru,22906
odporné,6428
rozešel,20145
stínů,5630
dialektu,16675
osídleno,22907
závěrečná,8963
celková,3025
účinném,3316
platinové,16935
stojícím,22908
potěšující,22909
sborů,4363
přiměly,10058
hyaluronová,19010
vyplacení,22910
doložil,15588
hloubi,22911
výtvarně,22912
rozšířilo,10311
pěny,15550
plodné,8475
ukončeno,11069
zločinů,5659
dramatickým,9364
diplomacii,15004
sirupy,2972
magmatu,22913
decembra,22914
předcházejících,10976
hnědé,8356
ušlechtilé,6636
too,22915
vìtší,22916
rakouského,7073
bysme,3143
klesání,18032
zpevňuje,22917
paty,22918
senátory,8628
navýšit,22919
sty,13027
mířila,17205
eanu,22920
antukových,22921
vyzval,14666
modeláž,22922
zatkli,17493
převezena,7702
křesťanští,4866
vyhnanství,22923
nazývaného,11679
polarizace,22924
převažující,22925
vystoupení,21806
podaly,11359
mytologie,22926
opor,18545
táborech,1010
uskutečněných,9851
vyslechla,13920
popisné,22927
vypadnutí,22928
můstky,2250
celoročním,16347
dobová,2270
smetanové,6024
předložení,22929
harmonizace,21961
doplňováno,14370
will,22930
naznačila,15261
pudry,5021
devastaci,22931
vyložení,4079
rudou,21736
přijatých,3873
výšin,22932
znázorněny,21547
promo,22933
odmlce,22934
kotníkové,22935
reliéfy,22936
plátku,2550
poukazuje,22937
zámoří,22938
rostoucích,9299
formálním,12375
opracování,22939
křeče,22940
nejstarším,146
obhájit,22941
changes,22942
mnohde,22943
samosprávných,10736
počtů,7464
ukřižování,22944
odstíny,9721
louky,11124
vlků,3126
zkreslení,22945
kéž,22946
tepen,12123
nezapře,22947
etapa,20282
hradci,22948
dějství,22949
hinduismu,22950
neopakovatelnou,22951
jarem,15322
diskutovat,7305
dochované,5606
basu,11721
výše,22952
specifickými,2586
neobjevuje,12719
champwd,22953
citaci,22289
stoupá,20423
kostýmní,22954
vypořádání,22955
přednesu,22956
podvozky,22957
připomínána,9481
zakladateli,12124
kvuli,22958
kritériích,8654
úlevy,22816
pahorkatiny,22959
emisního,14708
básnířka,22960
weldon,22961
šířky,8607
usiluje,21905
následné,4001
hrazena,11097
autovraků,22962
hornatina,22472
evangelického,11779
krajském,2213
doporučena,10297
chystají,7337
připravujeme,7786
zastupitelé,13878
evangelíků,22963
silném,1864
znamením,22964
akcemi,12978
krajinářské,22965
surovinách,7790
vývrt,22966
doplňuji,14370
čerpala,13610
rekultivace,22967
hřbety,7389
oslovili,12280
rodičovských,1382
tažením,22161
vyrovnávají,16999
špinění,22968
přispělo,15706
vracíme,15149
živlu,2910
milicí,14356
vyprovokovat,22969
dodržení,22970
organizačním,14292
koupelnová,1014
odehrálo,21250
desítkách,10326
banda,17112
stali,545
zdůrazňuje,18001
kontrastní,22971
pardubickém,10373
teologii,22972
ohromná,1785
blond,22973
metalová,22974
možném,3441
domky,664
široké,12143
užívali,7554
přilnavost,22975
diesely,22976
camp,22977
odboru,10377
barelů,9905
emigrovala,16408
obyvatelům,11916
hadem,8871
čechách,22978
vítězku,22979
založily,9032
pálení,22980
zelené,4580
prioritách,5839
deficitu,5524
vyslechli,13920
saténové,22981
popírání,22982
likéry,22983
tmou,13006
saty,22984
snižují,19431
koncertních,7576
bojují,16228
horských,3588
dvojnictví,22985
výškách,9241
zápachu,13309
dosáhnete,9047
add,22986
náhlém,9071
mihotat,22987
dějiště,22988
výprav,14388
označovali,11225
přidala,15944
debutem,22989
úterního,14528
opačného,12352
specifikací,17774
následkem,10231
střety,10116
uskutečnilo,13455
populací,11914
stipendií,8273
vymanit,22990
učinilo,14077
kontakktu,22991
tmavá,3609
pokutou,14706
rozhodovacích,5423
montážních,14727
píchání,20018
xxxx,22992
mooc,22993
diverzifikace,22994
zrodila,6344
kontinuita,17043
posuzovány,16648
pojmenováním,7106
středového,5436
artefaktů,3014
bolestmi,17207
hovoří,16133
jmelí,22995
útočných,2268
lázeňském,7310
přidána,15944
krátkými,3284
male,22996
skandinávských,7116
výsadkových,22997
náležely,16801
formují,19985
antice,15989
desetin,10227
schválených,4218
nečekaného,20244
africkém,4327
krytka,22998
hustým,4741
dohody,21078
srdíčky,17249
tragické,12149
primátorky,20910
vážnost,22999
panoval,23000
joint,23001
podepsán,5416
hranolová,23002
vystupováním,22522
kruhů,4827
porostlá,23003
válečníků,8043
jihozápadního,20404
vyrůstá,17455
spirály,21321
víčku,13887
vegetací,23004
kom,2413
městskými,909
strukturovaných,3582
aha,23005
svírá,23006
zachovalo,11386
obnovili,4641
automobilovém,694
dodržováním,21980
uskutečnily,13455
last,23007
smyslových,17235
rozcestníky,6845
nymfy,23008
představitelům,11983
dvojnásobná,10585
muslimů,6281
mýtů,5393
chutné,5473
přestupem,12456
užovka,23009
poddruhy,23010
nátěrových,23011
podobnost,17437
týkajícího,20164
předposledním,10982
novodobých,617
zařazovány,22117
zachovávají,22551
uplynutím,15223
lesními,10088
spojovala,17353
čestnou,1545
vzniklým,23012
rozšiřujících,11504
habsburské,23013
činí,11611
vyráběných,2921
vzdáleny,680
features,23014
bohoslovců,15180
antologii,21227
působišti,23015
procesních,9552
pivu,5484
schodku,7807
osvobodí,13392
výučním,23016
obtížných,4534
pružiny,19039
komparativní,23017
slo,23018
vysočině,14960
zpochybnil,23019
bližším,2396
sedimentů,16483
dance,23020
run,23021
kapele,7997
germánské,23022
bioodpadu,23023
wave,23024
zánětu,5128
přivítání,17339
celostátních,12844
elasticitu,23025
komedii,21350
stala,545
společnému,2229
emisních,14708
výstavbě,19296
železobetonových,15095
klišé,23026
questions,23027
etnická,2510
staveb,5147
zakončit,23028
zvěří,23029
shopu,23030
konce,13457
redukci,23031
dobírky,23032
směsné,23033
mediační,23034
orchidejí,8899
sparen,23035
lyžařském,2232
zajímavostí,13300
rozteč,23036
rozloha,13913
stříbrné,4605
silnějších,1864
uhlíkové,4804
přílohách,13082
eskadry,14431
vysvětlují,12353
stolci,5660
tyčinky,16514
vložil,11896
pozitivním,19155
don,14601
formě,13259
květnu,20023
lišil,18486
obřích,2872
udržela,8206
odvozená,10448
doložky,19538
zranili,11332
utrpěla,16518
doplň,11546
mladočeské,23037
jurisdikci,23038
znásilnění,23039
modlitebna,12921
domovině,15546
paragrafu,11613
doladění,23040
uleví,20293
products,23041
sprchové,4352
menšině,10998
rozkol,23042
nepřesahuje,20252
koření,22338
zpochybňovat,20780
pobřežím,16168
společnostmi,8786
žijí,8677
odolávat,21173
naplníme,12183
migranty,23043
přijatelnosti,23044
položkách,3849
uveřejněny,18711
plátků,2550
protestech,23045
volilo,11353
nedochovaly,20790
katolickou,2689
doktorského,4908
zalíbení,23046
zdědili,21745
scriptstyle,23047
vyhlášky,22856
bajky,23048
význačné,23049
doměkka,23050
leskle,23051
patice,17583
pátého,4551
inhibitory,23052
útrapy,23053
podnoží,17742
nositelé,12253
polevou,23054
copak,23055
žilách,23056
přilnavosti,23057
komunit,8242
soudobých,4978
věcná,7922
poměrné,20544
bukového,20341
leteckém,3456
žlutého,7278
čtyřletá,6643
such,12882
pouta,20892
šťastné,3345
náručí,19693
obyv,23058
cla,23059
svěžím,10761
stupňová,23060
rovném,1964
dilda,16583
mass,23061
záchranném,1399
širokou,12143
zasahovali,14903
dobrodružných,7650
zdůraznil,17233
posvátná,6862
porušili,13529
arabskými,4820
otevíráním,20778
dochovaným,5606
mluvích,23062
adventním,17040
postavením,18889
dolu,23063
mědi,19827
náležitosti,23064
náplni,16053
styků,1659
ovoci,4892
dlouhými,4386
iontové,23065
pozdějších,8889
jižním,7860
stanov,22511
nežádoucích,11079
protiskluzové,23066
broušená,23067
určují,16150
nositelky,12253
krivošová,23068
laků,23069
metalíza,23070
označovány,8507
rub,23071
výsadková,23072
potvrzují,19349
vic,23073
spolky,8970
hlavičkou,14090
řádových,18080
plantážích,23074
nešťastné,3345
výnosu,5116
kytek,9508
kartáčků,23075
vodohospodářských,18604
zboření,23076
součinitele,23077
středisky,5978
nasycené,19245
náhrobních,7182
navyšování,23078
bublin,13897
hádek,10646
bezobratlých,23079
neméně,8383
sila,23080
zařazením,19043
pobývala,16624
bytovými,904
zeměpisných,16882
location,23081
protidrogové,23082
časné,23083
syntéze,14692
hnědým,8356
zastánců,20837
údolím,21520
potoku,2857
rozvinula,14587
typickém,3809
nespadá,23084
asociací,17855
červeným,4266
samého,1061
zpěvaček,12185
kněžna,15125
logotypu,23085
mraků,3005
botaniky,16383
vikariátů,23086
náboženské,6146
násada,23087
debata,18721
frantisku,23088
rozptýlené,19719
uznáno,23089
alternativních,10831
výsadbu,19848
vypracovala,14598
japonských,3120
pokličky,23090
evropskými,1676
tramvajových,2865
povolenek,12890
věrohodných,2393
zachraňují,14929
národů,1045
sedmého,9505
ožívají,23091
usnesla,23092
příznivých,7664
mistrem,11494
mléčných,6014
dotváří,23093
dolem,23063
zahájena,11749
císařova,23094
stránkach,3749
původních,5459
udrželo,8206
prodloužil,14775
sejdou,13925
udrželi,8206
akvárií,4524
trofejí,23095
hostování,23096
etc,23097
krajních,9049
zajal,22572
tvořilo,6064
mno,23098
folkové,23099
pekaři,9123
mála,8383
uvítají,23100
předsedá,20763
posílení,23101
mosaz,23102
vyhlášeny,9758
upřímné,2452
českobudějovické,21567
ujme,22400
expanze,22729
destinaci,23103
nízkém,4663
zastavěné,21588
odehráli,21250
drancování,23104
konstituce,23105
rozdílně,23106
rakouským,7073
ehealth,23107
dárková,23108
mariánské,8342
římští,12262
substance,23109
degradace,23110
polymerů,23111
plynných,22796
slabém,1180
přehnaná,19316
variety,23112
uzenin,19723
ukončena,11069
zemědělsky,23113
týkajícím,20164
ztuhlost,23114
spekulace,23115
splnili,11575
minimálních,12657
sametové,7551
přestupcích,5721
chladnějších,1257
přítomna,2145
křeč,22940
vymezená,5163
vystřelila,11714
motivačních,6833
výrazného,5535
vyhovovala,8257
zasahovaly,14903
rukávů,4065
upřesňuje,23116
sum,23117
výhradou,14972
žraloků,2129
tkáni,5255
nesnášenlivost,23118
hlubinné,23119
dominanty,23120
drahokamů,9039
podobne,23121
zřídili,23122
nazvaného,9660
prožívala,20831
lehkými,1091
skonu,23123
divácky,23124
basa,11721
ukončilo,13088
manželů,785
hloubek,15991
citové,2006
pořadech,1408
loňské,3746
pozůstalých,23125
podílely,18843
kapitolou,18981
palba,11423
krajana,9631
vymření,23126
donuceni,5434
traduje,23127
čirou,15558
zelenině,3814
zastupitelstvem,11243
dodáním,16916
pevnostní,22795
udělují,14152
vyžádejte,12539
bývají,5576
severovýchodu,12790
postoupí,19354
zavedena,4105
prostých,3899
kapitola,18981
příloh,13082
gastronomických,23128
poražení,11734
střednědobého,22647
vyjádřili,17357
vdechla,23129
syntézy,14692
četné,23130
kareta,23131
mandlí,13637
předsádky,23132
vystihl,20839
vzdálenostech,15173
nadpisy,10257
velke,23133
mouky,9315
chlebové,23134
vegetariány,23135
přehlídka,16279
neo,23136
obepíná,23137
archeologického,8742
uplynula,10081
ctít,23138
stráni,14630
zlacené,23139
řádech,1294
zpestření,23140
casto,23141
tek,23142
návaly,23143
slovenskými,2233
soch,6398
vynikajícími,14440
židovskému,3688
romanticky,23144
společenstva,23145
pátečním,13110
stavbám,5147
šířili,11559
vyzvala,14666
rozhodovala,9507
krychlových,23146
zlepšením,22314
obecních,8201
silových,1172
hierarchii,22660
tyčky,20157
následnou,4001
osamostatnila,23147
gayové,23148
rozkládala,13948
objezdu,23149
záplavě,18696
zábaly,11291
aka,23150
uzavřeno,3131
explozí,19498
tvarové,23151
kulmy,15934
vedenými,3773
ohniska,14959
zázraky,2306
situován,23152
muslimy,6281
pálené,23153
zaujmou,12247
značkami,10010
regulují,13679
rybího,11989
podkolenky,23154
celulitidě,23155
vyslovilo,9871
srdcí,4168
snížením,23156
zpětném,4311
kapitálových,1916
veselými,4922
kardinálů,17424
ulička,19428
překonávání,23157
škálováním,23158
rozdílů,11234
podkategorií,23159
antickém,2744
bočním,13518
hodnou,1414
objednaných,1225
blistru,23160
natočená,23161
hrachu,23162
líc,23163
opačné,12352
producentka,6047
vzestupněod,23164
bitevních,5834
světlometů,23165
poslechněte,23166
maďarštině,17534
oblaka,11768
kooptací,23167
zdolal,18664
mírným,7798
islámského,3141
rybám,8068
zranění,9864
uvažují,11962
autorově,2555
trilogie,22436
příspěvkových,11412
srozumitelnost,23168
plen,6099
knedlíčky,23169
měrné,21004
odstínů,9721
poslaneckého,9730
oproti,23170
fotogalerii,19729
tureckých,3842
skluzu,23171
pojmenování,7106
podávána,23172
postihly,9399
jihoamerické,23173
postupného,12018
bojovali,16228
kolekce,21026
přibývajícím,20964
end,23174
proměnách,12626
obrátilo,12408
závorek,22807
ucelených,6015
vyskytuje,21194
znečišťujících,23175
hluboké,8631
skladovacích,23176
buffa,23177
festivalů,8069
podílem,4123
tlaková,1067
zeptej,3370
stadium,14729
maďarská,3197
pěšího,14768
týkají,17497
stříbrnými,4605
inspirovalo,15460
vrhla,11706
sloučena,14962
referencí,23178
přehlídkou,16279
vážíme,13143
antioxidační,23179
zveřejňování,23180
epizodách,20004
zakořenili,23181
markraběte,22179
oblačnosti,23182
naskladněn,23183
nosných,5403
obviněna,6669
zdravotních,9786
králova,7082
hlízy,23184
obhajoval,20501
následované,15080
podnítil,23185
zraje,23186
zásobách,8368
lineárních,5893
temna,23187
jemnými,4800
tlumení,23188
pozemkům,3560
potratu,12911
hip,23189
soudržnost,20405
květy,5785
alergické,5518
nepodložené,15283
irská,4671
třetími,7617
lepších,5562
sek,23190
líčení,23191
skalách,8985
plastická,8025
formiček,23192
praktikami,13038
projíždějí,23193
kartonů,23194
vojenském,1335
představeny,3433
zmíněných,1828
natočeno,9055
stezkách,11867
nakloněn,23195
mírnému,7798
úvodního,11274
destrukce,23196
hlavne,23197
zařazovat,15371
opevněním,23198
žabky,23199
přívrženců,23200
nezaměnitelnou,16957
zušlechtěním,20079
prece,23201
póry,23202
smíšená,6108
prodlužování,23203
egyptským,5333
vzrostly,10062
zemědělskými,3086
navazují,17587
maziva,23204
spojenců,3669
vyvrátit,21032
udělené,23205
obhájci,14639
obdoby,11801
utkalo,19347
záměnou,23206
oslavila,20125
delikátní,23207
mikrovlákno,21259
nejpočetnější,11586
doktorátu,23208
polským,3607
přihodilo,7215
přechodné,8355
sypané,9073
zaručuje,13103
rezignoval,19512
zklamalo,16582
ústním,12869
červenými,4266
nevýrazné,5535
bakalářském,3149
ministryní,15386
zazní,19620
popisovány,9390
postupujících,12225
líbila,8784
dírek,23209
sídlištích,13344
historickému,2333
kolové,23210
vynutit,22318
cock,23211
nacházeli,7416
posílil,15906
pořádaných,11153
svýma,325
posunuly,18317
zamítnuta,12581
vyjmenovaných,23212
soužití,23213
zoznamu,23214
usilovat,21905
rezoluce,23215
kantonu,17063
zdoben,18797
děsivá,7046
protestují,11881
předkrmy,23216
vedoucím,12716
daňových,835
věrnosti,13973
reg,23217
spisech,3278
joo,23218
odpoledních,11498
ojediněle,23219
důtky,23220
teleskopická,5676
rituály,23221
doplněna,11546
přechodů,1541
adopci,21116
bližšího,2396
obranná,1742
alkoholických,9906
modrými,3599
barevnost,23222
sójová,2860
setkaly,15219
rozloučila,13326
těhotných,9978
nadšená,8198
vyhlášené,9758
spise,23223
zápletky,19332
migrantů,23224
loukami,11124
liturgie,23225
příruba,23226
jací,2979
verejná,23227
uchýlil,20922
báje,23228
panu,10603
bezpráví,23229
oceňují,17176
nizozemského,9273
kapelníkem,12188
bakalářská,23230
veliteli,7369
analýz,5865
reakcích,13955
infoboxů,23231
přírodních,6561
vzácná,4061
uacute,23232
tvořila,6064
dozrávají,23233
dosažením,16662
common,23234
hodlají,7335
efektem,10324
řadíme,16612
inspirovala,15460
kids,23235
probojoval,23236
hradbách,14479
projednat,22153
nedělním,14609
vesničky,23237
máje,12341
španělským,7333
jednodílných,23238
pestrá,7357
komediálním,16180
jejími,9203
pet,23239
předešlých,4999
vysokými,3619
bed,23240
adoptovat,23241
minutová,6603
radovánek,8223
odlišnost,21602
strategických,4210
vrba,23242
delegace,23243
úterním,14528
pln,2264
litoměřického,23244
michal,23245
pastelových,23246
laureátem,23247
šlechtických,1802
kamenické,23248
oznamte,13599
malířských,5852
sic,23249
zjištěná,7895
sešli,13925
chrom,18502
světovému,1645
prostém,3899
kardinála,17424
pověřuje,23250
myslivců,23251
hladovku,23252
bílými,2818
starostka,19689
dvacátá,10776
odstínu,9721
slibuji,14920
vydají,11437
stálých,3855
toužila,14348
lesních,10088
sestrám,6954
rozdílnost,23253
chloru,13635
obsadilo,12441
celkových,3025
čtyřhru,23254
evropských,1676
červnem,20329
dvojicí,15609
zvědavá,7010
udávají,23255
konzervaci,21904
odehrávaly,14419
průvody,16509
unesena,7099
hořlavých,19091
tekla,18250
kapek,13330
vnitrozemí,23256
spekulací,23115
jedinečnými,2932
řezy,4778
tříkrálová,23257
studiích,23258
olivovým,5300
objevu,8850
hypoték,4201
přezkou,23259
unijních,15195
rightarrow,23260
odvozeno,10448
strategickém,4210
vrhá,23261
trefou,23262
tvořeny,4817
přilnavostí,23263
pomocní,3859
pracovitost,23264
zabila,5756
projevující,23265
uvedou,9199
hypotečním,8267
habilitační,23266
průřezu,15086
fluktuace,23267
sólového,3763
podomítková,23268
vodovodů,671
farářovi,7468
tekutých,3949
stoupenci,23269
herečce,10652
odvádění,23270
reformách,8296
odškodné,23271
medailistů,10809
obalech,381
nezištně,23272
uzivam,23273
těšte,12138
dekretu,9862
složeném,2258
trysek,23274
strhla,12706
platila,5235
božích,13555
disponibilních,23275
kategórii,23276
snesla,11659
ohlásili,4633
latinského,15632
soka,23277
uznáním,21073
prezentují,10414
okresem,11594
posoudila,18869
provokace,19862
medvědů,1990
ostrými,4254
sedlovou,23278
závazně,21606
push,23279
koupelnového,23280
subsaharské,23281
lesů,5523
regionech,6545
sekcí,22518
parfémů,331
kritikou,13177
devátých,8286
zve,15618
samotném,523
podstupovat,17172
náboji,7652
vlnových,13035
uzavírají,23282
upřít,23283
ověřovatelů,23284
zažily,13531
koncese,23285
bílo,23286
složitějších,891
diplomatického,18716
jaterních,4692
přeložena,9812
nehodnoceno,23287
konzultačních,23288
plavou,13181
hororu,23289
jmenovala,12358
smetany,6024
náhled,23290
ražby,23291
zjemňuje,23292
vyvinuly,7625
plážemi,11233
stereotypů,3108
sklářská,23293
nasbírali,18930
stanovisek,16398
sandálky,23294
věnováno,4418
severovýchodě,12790
stať,23295
podkategorii,23296
objevena,10278
předsedové,6083
údělu,8111
nepřátelství,23297
nazývalo,13681
mastných,3479
probíhajícího,16033
kinofilmu,23298
rubové,23299
větách,8451
doplňkových,2988
gradolabz,23300
ojedinělou,12137
posunulo,18317
olova,19433
liší,18486
provizorních,7338
vysláni,23301
průkopníkem,13294
therapy,23302
absorbovat,19946
zabalíme,17923
lovecká,2870
malta,23303
přísahy,20788
cílech,2935
soustředěna,16462
protisměru,23304
alchymie,23305
rozvázání,23306
předložených,4988
naprostá,9888
kolům,1490
vítá,18902
tolika,10622
propadu,11006
béžové,7277
ubytovacího,16992
symbolem,6619
čtyřlůžkových,23307
katolictví,23308
vyprávěla,20221
svatému,5050
severozápadu,7587
roje,23309
mírné,7798
ustupovat,17472
menšími,251
zavádí,14684
lišily,18486
interpretace,20988
rohů,2898
téže,12390
rozpustíme,20124
sehrálo,23310
upřímnost,23311
sloupcích,4979
elastická,9121
šedého,4905
awesome,23312
učinili,14077
pravd,9753
vzdoru,8476
pochodů,12073
striktní,23313
odmítání,23314
rezignovala,19512
palisty,23315
datumu,23316
poutního,23317
osvobození,23318
kempů,23319
vodného,23320
pochvaly,19413
řečí,10132
zlatém,2773
sklizni,12961
dánské,8499
klubových,886
příležitostem,14172
mandáty,17099
výjimečných,6656
dodatku,7548
jedinečná,2932
zániku,22420
vylučují,23321
neprošla,23322
vypravili,14984
vzdálena,680
dárcům,7580
vyzbrojena,11146
ochutnávka,23323
okolo,23324
slavnosti,23325
domáhá,20658
prachového,21191
popisek,19387
pozdního,15946
mořských,2254
jihočeského,13652
deluxe,23326
vložila,11896
zaběhnuté,14909
nynějších,7552
procedur,14524
obohacená,10159
podzemními,12222
vysavačům,75
unikají,18667
naděje,17058
pøedevším,23327
bronzu,17402
zavítá,19790
uprchlíkům,3163
báječná,2428
nastupují,14360
ceníkové,23328
vylučovat,23321
grošů,23329
popisuješ,9390
holdingu,12671
maps,23330
maximem,8670
komentují,15134
kanonického,23331
pohodlném,1237
íslo,23332
tenisovém,1857
potomci,4742
podkladu,5707
tragédie,18246
intimních,9284
osmým,11658
rozmezí,23333
expedujeme,23334
volnočasových,14902
rozvoz,21616
metalická,23335
konečná,2286
charakteristických,8126
přítokem,23336
potravě,7842
nesouladu,21477
reálnost,23337
obřadech,9389
hledáním,15732
štíhlá,3423
sáčků,23338
rozrůstá,23339
časného,23083
vraždám,7875
projednalo,22153
německému,4774
širokými,12143
národností,12414
bratrům,1757
smíšeného,6108
vystoupat,23340
příslušníky,6323
formálních,12375
vážené,13846
označovaných,8507
rozloze,13913
dvorci,2737
košilka,5439
uděleno,23341
jasmínu,23342
symptomy,21542
vladimiru,23343
egyptské,5333
lávovými,23344
závazků,9138
přetrvávající,23345
losu,16764
kolpůjčovna,23346
odečtena,23347
bojišti,11093
jmenného,23348
podepsání,23349
diskusia,23350
lýtka,23351
houbách,3755
jihoslovanských,23352
promluvila,9827
dlouhému,4386
featuring,23353
pochybností,17676
kongregace,23354
romantická,5356
jihu,11088
vůdčích,21425
střídaly,15939
členek,21218
vypovědět,19479
slibovala,14920
girl,23355
melodické,23356
imisní,23357
dřívějším,14428
mimořádném,6243
odkrývá,23358
vlivných,1747
taxa,23359
náledí,23360
manganu,19175
katolíci,22348
částečnému,7501
zlevnění,23361
ask,23362
denních,4829
těsta,6842
ozdobné,7564
replik,23363
kostelem,3321
loňskou,3746
rozpoutal,23364
deformací,22261
dávnějších,3643
udržely,8206
mechu,17542
zpevněná,23365
ostudu,18086
zavraždění,23366
válce,7271
uniklých,23367
vybojovat,23368
modifikovaných,23369
vzácnější,4061
doplňovacích,23370
neslyšela,7519
naražená,23371
zařazování,23372
domků,664
dentální,23373
projevovala,16373
barvám,8674
dokumentárního,10531
organizátorem,5619
drastické,23374
review,23375
požárních,8437
ásti,23376
židů,10266
obalových,23377
vyhrazujeme,22659
vykoupil,19859
odstoupil,23378
vydařila,23379
ochutnat,17420
oddělují,10643
vsem,23380
sepsali,12761
přísluší,23381
porážka,21017
dýmek,23382
přešli,8662
klášterem,2610
obcas,23383
nemocničních,4275
jehličnaté,23384
přijímaných,21815
pernerova,23385
keramického,4484
kalu,21136
dekoru,23386
těžby,17637
solná,23387
krajských,2213
sójové,2860
závažná,4888
pánu,1846
uváděla,16847
nabude,17408
otvírací,23388
slíbili,16576
zdivu,8173
chutnou,5473
zemských,4690
opce,23389
vypráví,20221
military,23390
veselku,23391
blůzy,23392
balzámy,4262
nábojem,7652
střetnutí,23393
vědních,10021
kmenem,5089
vzájemnou,11878
nevztahují,23394
plném,2264
podrobnostech,18078
uzavřená,3131
přebití,23395
tag,23396
pásech,1620
proměnlivá,11092
úctyhodných,23397
znevýhodnění,16013
celokrajné,23398
přehodnocení,23399
investičních,9220
fans,23400
malebného,17970
ďakujem,23401
patronů,23402
dásní,16356
přibylo,15751
ústavem,5140
logistického,23403
navrhovatelem,10829
šlechtou,14789
rozvedl,17014
přispívají,18731
zbytků,7441
mrazení,23404
onemocněních,11313
bývaní,23405
přilehlých,5406
spolkového,5882
brunette,23406
narozená,11817
prokazují,23407
absolutním,12132
hádce,10646
konečnému,2286
poměrů,10591
měnových,2983
specifická,2586
průchodnost,23408
myslivci,4128
zvláštním,17964
uváděná,9764
shrnuty,18628
opakovaných,2436
spojují,17353
hnědou,8356
terapeutických,2642
favoritů,7188
potažená,23409
koupáním,23410
nejvyššími,3619
hubené,4081
reprezentantka,23411
průřezového,23412
domorodců,18515
zmocnění,23413
osídlena,23414
zabito,13553
opet,23415
přeju,9519
protonů,17949
poslušnosti,20562
protiskluzová,23416
land,23417
ovocnými,3724
pohlavních,7751
provizí,20334
vodami,5296
posouvají,18895
sborníku,3942
utká,19347
zápise,1713
formulaci,23418
hat,23419
autokoberce,23420
kolonizace,22363
suchem,12882
rozhodovalo,9507
děr,8408
atributů,23421
ochutnávkou,23422
lně,23423
charakterů,6595
přesile,23424
zúžené,23425
dochovalo,23426
protected,23427
vracejí,15149
zvažují,13582
mitote,23428
nejzajímavějších,5127
posvátných,6862
úrodou,6916
manžely,785
odvolali,15119
rozhořčení,23429
may,23430
vinných,1626
titulech,3236
emigrací,23431
prozatímního,12932
zastupitelům,13878
objasnil,19320
přel,23432
východního,15027
klidných,2961
zveřejňujeme,18339
pravěkých,9242
vítány,18902
potomků,4742
vládnímu,7002
staženy,12081
skupinkách,12428
opuštěných,713
nevzniká,9616
zajišťujících,15341
řezné,9214
vycházela,11432
udělilo,11188
vodě,5296
zvyšují,19740
táhly,7905
přihrál,23433
dočasných,3148
křesťané,6020
německá,4774
tamního,13157
závodnic,21161
odvodu,16458
nastaly,10772
rodinnými,698
upustil,20394
tučné,23434
pěkná,5103
moření,23435
oxidaci,23436
jejíchž,4435
herminka,23437
specializují,21085
půli,23438
trvanlivosti,22424
nehodovosti,23439
kotlina,23440
zabýváme,11993
indexů,5323
neúplných,6012
reagují,6852
pigmentu,23441
kosticí,23442
hravá,5573
kvete,18175
cat,23443
institutu,14389
zabývalo,11993
zamítla,21841
řapíky,23444
apoštolové,23445
datování,20545
ostravských,2653
domluvila,14178
vyzývají,19910
vyniká,21403
vynesly,13636
úředním,6958
zkusenosti,23446
bizarní,23447
oženit,23448
cirkusu,8832
pražené,23449
nalezených,3080
sblížení,23450
sochařka,9358
zařazují,22117
prix,23451
běžců,4411
blokády,22512
průběžná,2703
pojídání,23452
nadcházejících,11196
probíhajících,16033
arabští,4820
vyžádalo,12539
pepře,2236
povedou,18040
pořadím,16330
čtrnácti,12726
dceřiných,17977
katolickým,2689
okrajové,21077
replikami,8004
teplotních,10727
setkají,15219
plníme,14387
představena,5939
končící,23453
stropů,2037
tóma,23454
dobrovolných,2764
lehkých,1091
srovnatelná,4023
systematického,6152
zklamaná,15146
kopců,3686
energická,2687
záměně,23455
návrzích,2071
evangelické,11779
jaká,2979
pochybení,23456
rozsahem,13438
ghetta,17139
akciová,1183
ovací,23457
nepřijal,17778
obchůdků,23458
vířivé,23459
odpuzuje,23460
vyčnívá,23461
překladech,6297
markýz,23462
ukončeného,11069
odívání,23463
spirituality,23464
viní,23465
současní,2791
přílišnou,21566
pridala,23466
vyplaceno,23467
změně,14552
potažena,23468
pohárové,23469
pastou,16155
propracoval,23470
císařovnou,15600
náhlá,9071
zastoupené,11095
vyhledávané,23471
akcionářům,6296
dědicem,17904
milostná,6930
bohoslužbách,11015
lehkosti,23472
saténu,16865
svěže,23473
užšího,3074
pilin,23474
zadečku,23475
dáváno,10999
sklářství,23476
muslimská,2447
zpevnění,23477
těsná,4750
záštitu,21182
podla,23478
užíváno,23479
listovými,23480
proslavila,20263
vlevo,23481
besídka,23482
vysvobození,23483
leteckými,3456
was,23484
playoff,23485
syntézou,23486
utrpěly,16518
důrazu,9728
spolků,8970
sestoupil,22298
kamennými,802
slepých,6859
mnohých,3813
závitem,14983
nepřijali,17778
potkáme,17779
žaludu,11014
uzavřeny,3131
ktorá,23487
osmahneme,23488
pasu,4615
vláhy,23489
ztroskotal,22847
nedochovala,20790
vyjednávání,23490
zažili,13531
hodnocená,5031
silueta,17825
institutem,14389
nohavicemi,22776
aféry,20198
balada,17260
dechových,1869
přidávám,23491
vyhlášeného,9758
únosnosti,23492
nafotil,15561
doplněnou,9115
mozna,23493
upravujícího,23494
jeji,23495
svěřeno,12579
iné,23496
chu,23497
epizody,20004
stávajícími,3065
hříchu,4263
plněním,22690
inkluzivní,23498
stanoveno,3113
sbírkových,23499
lvi,5690
uplatněna,12210
evidenčních,8284
věnováním,9810
vcítit,23500
pozdravem,14757
vředy,23501
inspirovaná,3184
pojiva,23502
designových,1005
sdělíme,11630
názvech,7747
construction,23503
kachen,13927
doplněny,9115
najdete,5054
vsak,23504
knihovnických,17901
vyvrací,23505
modelových,2174
dánským,8499
táhlo,7905
pokračováním,23506
exotická,1168
morálních,10842
ovlivněná,10114
neprůhledné,23507
kmenového,6049
revertováno,17551
zohlednění,15186
náruči,19693
žup,19655
skloviny,23508
pusou,9534
úzkými,3074
angažovanosti,23509
červnu,20329
palma,22718
trvají,8493
rychleschnoucí,23510
partyzánů,11966
jízdách,5855
spjatých,12145
směřujte,11846
významná,6301
rasově,23511
vápence,7824
protektorátu,8911
vítanou,19383
metabolických,18193
váhám,4599
nájmů,23512
zla,9824
zapojilo,5354
sprava,23513
neprosadil,18571
dirigování,19474
významné,6301
fosilních,8868
does,23514
jižního,7860
přinášela,18443
dílné,23515
luk,11124
abdikaci,23516
lídrů,23517
púzěti,23518
dezertů,23519
than,23520
spočívala,11837
rozmanitá,5750
drtivé,11040
úvazků,23521
kolonády,23522
keři,7228
skupinek,12428
utkají,19347
podrážky,20870
folií,23523
zobrazena,23524
proteinu,3694
delty,10028
maturitních,7380
přesměruj,5106
překladatelka,23525
nočním,10480
námořním,13543
čeledě,15236
kořene,10018
průměrů,16651
členka,21218
městských,909
ang,23526
břišních,15844
peklem,12900
potravinářská,1882
podepsaná,5416
důsledcích,12775
větvích,12598
konečném,2286
hostinu,20833
vejcích,5602
dohodli,19561
pánví,13967
unikátními,9848
oporou,18545
farnosti,21737
provokovat,21265
zákazů,6159
stylových,350
vyprávěním,22103
přesídlil,23527
léčebná,5372
sjednávání,23528
bílá,2818
dekorací,23529
výloh,16607
čarodějnic,8818
ostění,23530
misie,23531
poznamenaly,6230
vyvrcholením,21328
staletích,13703
rozdil,23532
zabývají,11993
historická,2333
zaniklo,18145
propagují,11623
tíživé,23533
zmrtvýchvstání,23534
basy,11721
novelu,23535
magisterských,3360
kontrastem,14480
chválím,17202
nejvýznamnějšími,6301
dokládá,20214
kapalných,11810
jiných,1047
uplatňování,23536
stříleli,13305
formulovány,12309
problematická,3817
vysloužila,18006
metalické,23537
povolování,23538
komplexem,5709
jééé,23539
červenci,20311
listová,23540
pokračovatelem,23541
přírůstku,5775
asfaltových,22705
trhlin,18786
utvářejí,18379
filosofické,1732
písních,11862
organizačních,14292
dělby,23542
homeopatika,23543
type,3067
ionty,23544
střetů,10116
zadne,23545
severovýchodním,19668
nesrovnalosti,22055
záporné,3013
zněly,9397
pojišťovacích,12094
uvádějí,16847
spodních,13270
moniotry,23546
puče,12255
exkluzivního,15443
vyšplhala,14735
tour,23547
ramínek,12996
barevných,888
vypuklo,23548
nejširším,12143
coffee,23549
silikonové,8097
působících,21117
osudech,8099
spolupráce,23550
vyjížděli,23551
mater,23552
dramaturgie,18485
léčivých,5547
polena,23553
specific,23554
hvězdě,10161
udělované,23555
obdivuhodné,23556
tøetí,23557
úskalí,23558
žel,23559
brandy,23560
pozorovatelné,23561
pachů,21453
zaznamenáno,2438
překladatelem,8884
střele,11170
prodloužením,22622
plastovými,476
porazily,11981
ohlasy,11030
potkaly,17779
službách,1450
béžová,7277
júl,23562
nešťastnou,3345
kožním,14721
odvrácení,23563
nařčení,23564
uspořádalo,8635
nabídneme,9531
dožití,23565
náležící,23566
výjimku,22699
jmena,23567
tvořená,4817
komunitách,8242
byzantských,4865
rozdílům,11234
popeloviny,23568
konaná,23569
jihovýchodě,9780
membráně,11007
přidává,21232
těžším,2110
spiknutí,23570
zúčastnila,15391
křečí,22940
nadřazenosti,23571
ujímá,23572
zachovali,11386
vysazena,15176
forem,13259
čtvrtí,10308
držením,21035
samotnými,523
okrajem,11235
zřízených,2937
with,23573
mezeru,15549
magyar,23574
show,23575
sandály,15663
divokým,4126
přešly,8662
chřestu,4756
kritikem,13632
poselstvím,21369
ujde,23576
nice,21805
lužních,9615
pivnice,23577
referenda,14774
kap,23578
týmech,456
zbožnost,23579
prokazatelné,23580
argentinské,14079
stanovila,17728
sbíhají,23581
stranky,23582
předcházejícím,10976
pohybují,10762
gumová,2324
vyznamenal,23583
střetl,23584
tkanin,12977
pilotních,8407
kata,16546
škod,8343
ztělesněním,23585
nazvané,9660
rasové,22587
hydroxidu,13145
uliček,19428
zvětšené,23586
známi,1356
grey,23587
vyústil,19940
genealogické,22548
objemových,23588
hroby,5621
navrhují,9956
restituce,17062
podstatných,10370
zdůvodnil,18852
příbězích,2971
reprezentačních,4644
nominovaných,23589
temnot,13805
přijímány,21815
členech,4246
nezakrývá,23590
rtech,13570
mrazivé,23591
hřebene,1946
jeřábů,872
major,23592
posuny,10106
svěřena,7692
moči,23593
přispěli,15706
kapry,6996
obnovena,1378
klesly,18113
evidováno,9011
pozdějšími,8889
výstavních,8715
chátrala,13276
special,23594
startovné,23595
postoupily,19354
tezí,18252
neuvedené,20257
oboře,10237
činit,11611
diplomových,14728
porazila,11981
vášnivě,23596
katastrálních,23597
rase,13995
uváděno,23598
koncentrované,4677
vpichu,23599
rozumném,1687
vykonávala,10446
zprava,23600
tlakům,4449
kostice,23601
vyneslo,13636
odvodňuje,23602
podlijeme,23603
nápadné,1140
materiálových,15805
obdivuju,11195
opevnění,23198
negativním,18063
nacistickém,2497
šabloně,13149
vyhynutí,23604
zastřešení,23605
únorové,23606
lesoparku,23607
bohoslužeb,11015
spár,23608
neuspěli,6455
angažovanost,23509
činili,11611
kvantitativních,7621
sir,18992
string,23609
přispěly,15706
vakcinace,23610
anglickými,3357
zvětšení,23611
dějem,6956
bába,23612
náboženským,6146
otřásla,23613
těl,2681
provázanost,23614
loterií,4186
vysazení,23615
vulkanického,23616
nedosáhla,9047
hřbitovem,5099
opakovalo,13408
dosavadním,10325
ústavně,23617
trusu,23618
zobrazíte,7250
vysokých,3619
koncentrátu,23619
úmluva,23620
jmenování,23621
olejů,1724
specifických,2586
znamének,14807
manželstvím,22270
minima,11770
stýská,23622
úvodním,11274
dožívají,23623
činilo,11611
objednateli,16561
nepatrné,23624
martin,23625
meziobecní,23626
listech,1216
lesnická,19695
metodických,1633
erotických,2495
var,19467
nízkých,4663
propůjčuje,23627
souvislá,3326
prvcích,1597
patách,22918
císařská,7282
hlubokým,8631
zemědělském,3086
přemístění,23628
náboženská,6146
uhlovodíků,20050
koz,5890
atmosféra,14886
byla,3143
druhům,9141
trumpetista,23629
těžbě,17637
dýhy,18602
známy,1356
věhlasu,23630
neuvedeno,20257
přislíbil,23631
evangelia,23632
bývali,5576
zatáčkou,20753
jmenovaní,2908
pěstounské,23633
vypouštěcí,23634
oblasti,15276
menšinou,10998
lázních,23635
pozinkované,23636
nezískala,7265
love,5937
bočními,13518
obsažená,9022
japonskými,3120
lyrické,23637
mediálních,9209
lázní,23635
atrakce,18377
vyváženost,23638
pařížské,12878
konče,13094
dìti,23639
spojitost,19343
doobjednat,23640
symbolickým,5456
nádherným,6587
špetkou,23641
zavítají,23642
prezentována,3976
krasne,23643
nabrala,14539
referátu,3768
připíšeme,18217
redaktorská,23644
prohrou,13354
stanovují,22274
kolenům,5011
reportáže,18024
čítala,23645
spolupráci,23550
zavedly,10774
zábavných,1849
bazilice,23646
narůstá,16978
tanečních,15441
teritoriu,16569
vzrůstem,10062
islamisty,23647
učinila,14077
slut,23648
příbuznost,23649
ovčího,10441
zvratu,19189
důsledné,23650
vévodkyně,20419
rendys,23651
bonusů,8350
černošky,4491
půstu,23652
golfových,5727
matného,6469
šíje,22120
nivou,20345
mňam,23653
ochucené,23654
koláčů,964
blonde,23655
hemoglobinu,23656
chodnících,1255
uzavření,23657
štafetě,19154
minisérii,23658
clanek,23659
hájil,22301
pořádají,14907
dokládají,20214
minimem,11770
kampaních,13804
vstřícnost,23660
mincovny,23661
přebytku,8040
kopinaté,23662
snoubenci,16091
působilo,16986
aaa,23663
návrhářka,7547
sloučil,14962
bájné,23664
benefiční,23665
podílejí,18843
related,23666
úpravny,23667
zdolala,18664
koupelnových,23280
formulí,14561
dochovaných,5606
arkády,9362
spádové,23668
tyrkys,23669
cherry,23670
nam,23671
chovů,23672
premiérka,23673
přílivem,10391
klavíristka,10083
doplníme,11546
cos,23674
hladkých,3352
přidají,15944
šťavnatá,23675
kmotra,23676
navodí,23677
přinášíme,18443
majitelkou,23678
celkovém,3025
hrotů,7095
včelích,11173
palivových,1752
variant,5503
minisérie,23658
zastavují,23679
nesmyslných,17431
zdarmahttps,23680
opatřeno,8108
britských,3527
zbrojení,23681
nafotila,15561
silvestrovské,23682
kořenů,10018
pomezí,23683
smyslnost,23684
přiléhají,23685
nepatrná,23624
zasvěcená,10939
výpustí,23686
opatření,17856
singlů,23687
krajky,23688
zděšení,23689
výhrách,4899
dlouholetou,5442
sleva,13735
příčinách,11400
hřbetů,7389
štika,22873
střelnice,17740
oplechování,23690
stíhacím,23691
neutrálně,23692
klarinetista,23693
případném,2064
královského,2487
velikonočního,18428
ozdravné,23694
ponižující,23695
podány,10552
pánských,3620
group,23696
šalvěje,11205
jún,23697
zrušena,4269
skutku,7555
ženskosti,19844
podřízena,1311
reformaci,8296
sečení,23698
odhalují,11045
ostře,23699
tónovanými,23700
cukrovinek,23701
podpůrná,4355
sekundárně,23702
libanonské,23703
veřejnoprávních,12646
nazvaná,9660
voděodolná,5209
udává,23255
příměstských,2726
počinů,4399
jasnost,23704
plynulá,7354
zářivá,4576
respektují,15202
dostát,23705
výpusti,23706
sraženiny,23707
lídrem,23708
rak,23709
měnících,8667
reflexe,22657
mecenáše,14344
radním,23710
snídaněmi,3759
zavedou,10774
hustá,4741
temná,6226
sídlí,21792
vstřebávání,23711
nedochoval,20790
adrenalinu,17556
vyhl,23712
prožíváme,20831
řazena,16612
doplňují,14370
převis,23713
vyhotovená,23714
odstrcilikove,23715
shlednutí,23716
nadchla,12833
lákají,14322
odstínem,23717
gely,23718
article,23719
zamilují,19810
teologické,23720
zlomení,10881
jiz,23721
podkladě,5707
vodotěsnost,23722
společném,2229
stálými,3855
nadávaly,6264
ohraničen,23723
bosých,23724
ledna,14165
škrobu,7929
bylinné,11413
samice,18160
předsudků,12897
zamířil,18495
komplexnost,23725
ujednáno,23726
plynovodů,2125
zkrácení,23727
garanci,23728
pelet,23729
středomořské,23730
nadšené,8198
vstřícná,14815
letopočtu,16851
vůči,23731
komorním,12151
hnědého,8356
nálezy,12633
hlavic,17643
upevnil,5812
eské,23732
zajetí,23733
nadbytku,15894
korunní,16888
úvodních,11274
finálových,4799
smluvně,23734
pocitech,2017
náhod,3584
partnerská,1554
biskupy,16479
spojena,2851
přijímali,10482
well,23735
výsledných,1462
spáry,23736
trosku,10605
nechutenství,23737
zranila,11332
ulicí,17776
znárodnění,23738
udělil,11188
značná,6035
napoleonských,23739
víček,13887
lesích,5523
kultivarů,23740
krásném,6129
nekonalo,23741
činily,11611
skončená,23742
prutů,3123
azylu,23743
uhlíku,5801
střevních,10856
autentických,3250
upínání,23744
ciferníku,4887
výměnných,8773
zabývám,11993
institutů,14389
podbřišku,23745
uprchlické,23746
opepříme,23747
podivným,3728
sympatická,2227
neplnění,23748
přesných,1623
nominovala,8688
propustili,15886
high,23749
průjezdné,23750
připisují,23751
pavuza,23752
světlého,8138
lomu,7707
juniorky,23753
výskytů,23754
barvení,23755
masce,6640
buddhistických,9582
spojili,3190
dokazují,17490
vydávaných,4638
smazáno,4974
předkládají,17853
radikály,23756
mělkých,6877
smutná,11963
podílející,18843
výztuží,23757
biskupská,11484
končily,13094
vegetační,23758
znamenala,2915
popisů,9246
vrazi,1474
traviny,23759
editována,2406
stipendia,8273
sedmnácti,13918
loučí,23760
drsně,23761
rozporů,16096
přistoupili,10979
připsaly,23762
ročnících,4699
posunutí,23763
tribuna,15750
zápisech,1713
děkanátu,23764
filozofických,13551
tovaru,23765
mph,23766
lázeňství,23767
uvolňující,14786
pohřebiště,23768
nadačního,23769
krajka,23688
přidány,15944
zvonů,7886
cechu,19224
vzájemné,11878
šňůrky,23770
dosahovat,17694
sólových,3763
pozměnit,19231
výložky,23771
úzkou,3074
teplotách,5152
významnými,6301
odstupu,12318
ochutnávku,23772
lanka,23773
přípravných,3425
zmíněn,18107
prvotřídních,5654
setkáních,19054
genocidu,23774
líčí,21621
relations,23775
vzešel,21445
vítězné,4127
sochařská,23776
závazkem,9138
schválena,4218
tancem,6148
vodních,7463
poukazují,22937
vilové,23777
obsazeno,12441
vložena,1164
extraktů,23778
týkalo,17497
pravomocí,9819
srovnáním,21100
defektu,23779
rozloučili,13326
spojila,3190
radonu,23780
zmatku,10438
dvorské,23781
vid,23782
narodili,17168
stažena,23783
hysterie,23784
zpochybňují,20780
souhrnná,2598
živnostenských,1619
starostů,15262
spojováno,17353
rytmů,2221
převýšení,23785
stoleté,23786
pumy,23787
images,23788
zarážky,23789
říčním,5675
přesídlila,23527
slev,13735
debat,18721
tvarohové,23790
plodin,12727
patre,23791
přečteno,3707
řasu,21625
sestupněod,23792
cenách,8702
výhodného,3784
nadměrná,4743
dráhách,3290
syntetického,6430
následovalo,12372
solí,10357
uděleny,23341
zveme,15618
membránou,11007
saténová,23793
rozhledna,15704
zahrnovala,9792
nálezu,12633
kriteria,23794
věřícími,23795
rozpočtovém,952
nepřinesla,5735
dosáhlo,9047
zmatení,1581
útesů,3421
sklárny,23796
vlijeme,23797
záři,19732
vydávání,23798
politickém,3245
bodových,4584
přelijeme,23799
temných,6226
zavedená,4105
mytologii,22926
polních,10316
heraldické,23800
odvodnění,23801
jaki,23802
barokními,9231
křesťanskými,4866
konaly,17227
páně,23803
výborných,3444
zvyků,9480
hodností,20924
vysychání,23804
letních,9964
vymizení,23805
sumce,17330
skvele,23806
vsude,23807
světice,13063
zámcích,316
vyzkoušej,5508
kulovitá,3039
účinkovala,16691
námořních,13543
jednotě,10932
perzekuce,23808
seznamech,3775
přivítali,17339
slavnost,23325
zařadila,15371
loveckých,2870
smrtelná,3087
cukrů,536
akce,12978
mapových,13485
mooooc,23809
úhrnu,18789
přistěhovalců,16898
mame,23810
uvádíme,16847
stropních,5492
lodyha,23811
zast,23812
jednoletá,18694
výjimečné,6656
pěnová,4992
přehledných,2345
rostlinná,2538
ojedinělých,12137
osvědčených,3748
obliba,14210
kompletních,5092
vypravil,14984
spona,23813
stolice,22232
naváže,23814
kampaní,13804
výškových,8159
antibakteriální,23815
masakru,13666
odstoupit,23378
zajištěna,1671
jmenováním,23621
obdivu,8646
projektových,2373
vstřícně,23816
shrnutí,23817
bílků,4182
sněmem,23818
ochrnutí,23819
potkává,21971
nasazených,8637
červnové,23820
přivrácené,23821
vzbouřili,23822
listin,15913
ktere,23823
zachování,21784
obětem,4400
sakrálních,23824
polykání,23825
product,23826
přihlašte,1982
provázely,19315
oválu,23827
přivítají,23828
převzaty,10180
zamícháme,23829
laťka,18861
ktorom,23830
vůní,19638
dlouhém,4386
pomůžeme,18319
těhotným,9978
nepřineslo,5735
lodžií,13301
pěnového,4992
rostlině,11603
koeficienty,18153
tuhost,23831
řekou,12166
vinařská,16713
lůžek,5107
iniciátorem,16199
sexuálním,8245
absolvovali,16864
ostrou,4254
upsal,23832
membrán,11007
vídeňského,14365
metodická,1633
zakladatelem,12124
veterinárních,10372
podrobností,18078
jiste,23833
jámě,13923
tajemstvím,21575
symbolizuje,20507
podprsenek,5779
blízce,23834
dotčeno,15971
oslabila,12498
kněžím,6041
sériích,23835
novel,23535
raně,23836
výjimkou,22699
sekvenci,23837
detailů,18196
příplatku,6752
listeny,23838
prameniště,23839
kosmetických,1439
explozi,19498
hřbetní,23840
průjmy,8925
francouzskými,5973
vycházejí,11432
velikostní,23841
přízí,19430
výstavbou,19296
ctí,23138
sousedním,10165
dohoda,21078
vyvolaná,6644
ukončeny,11069
rýží,16342
polohou,10810
decentním,17461
měšťané,16894
kalendářích,999
vež,23842
stereotypu,3108
nabídek,10615
března,14670
zahrnul,18582
povedených,3636
zakazuje,12584
pozemcích,3560
vzdání,23843
lyžařských,2232
skleníkových,23844
prutu,3123
korozi,20804
precizním,9045
zpochybnit,23019
horníky,6594
ochozu,11581
jsouangličtina,23845
vyrážka,23846
supervize,23847
potlačil,18361
uznávají,19079
pražským,5289
úmrtnosti,21976
doplňujících,15109
nerovnost,19127
keramiky,11839
svazku,4142
ojedinělým,12137
zveřejnili,13483
básních,13100
impregnace,23848
stupnicí,23849
japonském,3120
smutku,15535
pořádaly,14907
zkrácené,10767
deštích,4850
devátém,8286
přesahy,23850
zprostil,23851
mořích,10154
původci,10690
úrazového,12665
občanskému,3150
školami,1328
tepna,12123
get,23852
husité,23853
přešla,8662
vývalky,23854
night,23855
nadějí,17058
specialit,23856
shodou,21706
vystoupením,21806
zmíněném,1828
doprovázela,15962
bandu,17112
prosazovala,19753
aromatické,23857
botanických,9802
těsnost,23858
iráckých,19535
relacích,12295
stranka,23859
řec,23860
hrdí,14426
elastickou,9121
procentních,17327
kombinování,8563
prchají,13119
spolková,5882
nebezpečnost,23861
zveřejňovány,18339
válečným,6484
zvláštními,17964
udělena,23341
loňskému,3746
receptu,23862
mobilizaci,23863
čakry,23864
kalené,23865
sněmovních,17371
popela,8978
zadrželi,20653
ropných,3997
zastávka,17237
předčila,23866
rýsuje,23867
váhá,12755
navazovat,17587
sirotčince,23868
královským,2487
chutnají,17470
vínové,23869
opuštěna,7207
fragmentů,11062
dějů,6956
katedra,11852
uzavřením,23657
zvýšilo,14555
označují,11225
sádrokartonových,10671
dosažena,23870
kapitule,23871
magdu,23872
poznamenáno,23873
pages,23874
husté,4741
horním,16594
rozích,2898
odzbrojení,23875
vráskám,15956
osvobozeni,17908
kadence,23876
laděných,23877
delegaci,23243
muzes,23878
volebních,7189
podaná,10552
chopil,23879
záměrech,3819
ztížení,23880
flóře,16063
revitalizaci,23881
nalijeme,23882
vlnách,13191
rozpadají,10295
bìhem,23883
vydaném,2526
nazývali,13681
pšeničné,17585
loučení,23884
zopakovala,11584
iniciativou,17098
sněžení,23885
darů,6164
dvorním,13736
konají,17227
cholery,23886
starostovi,15262
vyjádřené,15919
medium,14829
podepsaly,8649
zbyla,7900
manželských,3847
starostové,15262
kulatiny,23887
represí,22191
příležitostných,3295
komplikovaná,4777
nie,23888
amnestie,23889
odpůrcům,23890
minutové,6603
standardizaci,23891
evropském,1676
patriarchátu,23892
rozdílnými,12981
zproštění,18875
přísných,6339
provincií,20606
sjíždění,23893
negativa,23894
mystické,23895
polských,3607
menšinové,23896
komické,23897
podepsalo,8649
loňsku,21071
hřejivá,15985
nádherného,6587
cysta,23898
sledovanost,21774
německým,4774
výpady,18444
střelou,11170
flag,23899
doplňována,14370
olympiád,3834
vítězně,23900
vyskytovaly,21194
tan,23901
logistická,23403
iontů,23544
citováno,9339
rostlinám,11603
pláně,23902
zvycích,9480
pusinky,23903
přesnému,1623
seminářů,5704
převažuje,23904
porušena,23905
dotklo,15971
sbírejte,10486
slyšela,7519
resorty,12350
zahájily,14798
nepřekvapuje,22023
královen,15070
zalesněných,4337
přítok,23336
dutinách,13212
běženců,23906
debutu,3920
dvojitě,23907
seria,23908
remíze,11625
koridorů,23909
něni,23910
ztvárnili,21014
mírovou,5414
vyhlášena,9758
příjemném,4747
ponožek,4683
křečových,15286
doznala,23911
pověstí,15177
ledových,1072
skořice,20549
pískovcové,23912
celkového,3025
vypravuje,23913
neobvyklá,2118
mokrých,2010
kulturami,10857
metropolí,18720
mostecka,23914
retrospektivní,23915
zvracení,10887
novostaveb,9949
nalézají,12065
chondroitin,23916
zavedeného,4105
description,23917
pojednává,23918
připomínkování,23919
volnočasová,14902
maybe,23920
svatebni,23921
neutrální,23922
odd,23923
dohodl,19561
barví,23924
podepsala,8649
spojce,12681
fixací,23925
krajany,9631
sérií,23835
výši,23926
geologických,3213
předkládání,23927
potkávám,23928
stromům,557
prospělo,23929
pozdním,15946
angažoval,22032
chladných,1257
započítáním,23930
usneslo,23931
dosáhla,9047
asijská,3938
figurovala,15406
prostituce,21038
mákem,8794
přátelských,1469
hnoje,23932
památkách,9395
mosazi,23933
kopu,20596
nabytím,20316
řídká,8931
měkka,23934
nížinách,23935
uzavíracího,23936
certyk,23937
skore,23938
nedělního,14609
stabilizace,23939
rezervovalo,7443
havloicich,23940
případných,2064
územními,15454
prosazení,23941
kobližka,23942
zklidňující,23943
husity,23944
přeložila,9812
pruského,10408
relaxací,23945
vodopádu,9036
eparchie,23946
pátá,4551
community,23947
psu,279
slunného,7315
židovskými,3688
stepí,23948
následovali,12372
title,23949
satiry,23950
koncentračních,12975
zaskočila,13550
civilistů,11691
uctění,23951
planině,7360
cite,18206
odečtení,23952
spolufinancování,23953
nevoli,23954
tobolek,18094
krizová,2122
uznávat,11672
přiblížili,14932
mezera,15549
íránských,1760
vyrovnání,23955
vepřového,16525
nepovinné,23956
hlasům,928
prodloužené,11215
šera,23957
podnikli,23958
botel,23959
ovsem,10500
biblická,4857
pocházejí,17094
formulace,23418
vol,11353
atrakcí,18377
pěveckých,4951
pronájmem,13190
podstránky,23960
absencí,21846
švech,23961
destinacích,23962
mezinárodních,10229
zlém,2121
zarudnutí,23963
typická,3809
patrno,6189
zdolávání,23964
viditelnosti,23965
perlami,16469
selekci,23966
masivních,10113
lůžková,5929
zatčena,17493
hornické,23967
nedalekém,5999
dojetí,23968
chodníků,1255
shodě,21706
zvýhodněných,19015
drum,23969
přepravních,10638
červeném,4266
href,23970
nejistá,3517
odbočka,20383
zvítězily,15596
mašličkou,23971
hours,23972
sdružených,19129
pravdivost,22734
postupech,1733
barech,9990
souhlasili,12040
sbírkách,6236
jednorázových,1094
podpůrných,4355
metalurgie,23973
tøi,23974
inspirovaných,3184
musica,23975
jedovaté,13807
odlišuje,23976
receptur,23977
proslavily,20263
sklenic,11222
ochutnávky,23978
definována,3991
přírubou,23979
interpretací,20988
jednoznačným,10118
zmíněným,1828
mletého,2781
odtahu,23980
zatčeni,9225
podléhat,18188
podlahových,3604
čiré,15558
welcome,23981
spony,23813
odkoupení,23982
nevýznamné,12894
zajímavých,5127
ponoří,22316
zápornými,3013
přáním,12213
alergických,5518
nadmořská,22493
staňte,23983
špičky,15472
řadového,9485
celkovému,3025
inicioval,23984
ordinačních,23985
hradební,23986
zastoupená,10006
vystavěno,8435
pramenem,12364
utkala,19347
regulována,13205
zastávkách,17237
perníku,3145
převzala,10180
vystupujících,15711
očekávaná,4273
bakteriím,15021
bergamotu,23987
severozápadě,7587
antibiotik,10780
břemen,13388
src,23988
zařazena,14104
opisu,6645
skandálu,9667
započaly,23989
kouřovodu,23990
zamilovala,19810
nadmořské,22493
svícny,23991
glosy,23992
take,23993
metalových,23994
souviselo,17002
klesala,18032
hodnocena,5031
úžasná,5184
puchýře,23995
devátého,8286
hektaru,11282
sjezdu,12643
obranných,1742
pestrou,7357
cswiki,23996
smíšené,6108
tvrdých,2190
dalekých,5999
zhoršila,15885
zabitých,13553
nestandardních,12871
vdovy,22554
spjatá,12145
milostí,11524
obyvatelích,11916
legendy,17092
speciálních,9292
postupným,12018
vdávat,23997
nacionalistů,23998
developerských,18555
ohrožených,6278
fashion,23999
publikována,3874
depilace,24000
sjelo,24001
nazvána,24002
kostelu,3321
podporováno,10634
konstelace,24003
popraveno,17423
sobota,16837
kooperace,24004
steel,24005
kaňonu,24006
kolují,24007
garance,23728
national,24008
výborech,2395
kostýmů,3335
coţ,24009
grantových,18866
ponížení,24010
spojovacích,12764
hrobě,5621
ujednání,24011
utvořila,17968
doložka,19538
vykazování,24012
bor,24013
dávkou,14346
stržena,12706
shrnující,24014
prohloubit,24015
zajatých,24016
vyrovnali,9112
ovlivňována,24017
koních,385
rody,15041
přesném,1623
výrazných,5535
slevami,13735
hojnost,20366
stádiích,24018
najetím,24019
ccm,24020
bakalářských,3149
štoly,24021
dlouhodobých,2337
okolními,10882
splněno,11575
známa,1356
zádi,24022
londýnských,7904
morfologie,24023
paktu,18242
borovicového,24024
znamení,22964
říšským,9645
pon,24025
nejhezčích,8939
moče,23593
zapracování,24026
slavení,24027
politických,3245
studní,7544
povrchového,2261
vyniknou,24028
zeleninových,2317
ozdobným,7564
ohroženým,6278
taxonů,24029
uchy,3968
převzaly,10180
asfaltová,22705
tají,24030
loňským,3746
zastávkou,17237
shrnula,18628
drogových,20859
shift,24031
poloostrově,3912
vyskytla,7629
uzavírá,23282
úcty,12768
inovovaných,24032
listině,15913
pokračující,24033
protestu,4333
živinami,14911
hnízdiště,24034
hostovala,24035
přesunuta,7030
temnota,13805
pohřbeny,24036
hradeb,14479
nádechu,10376
křovin,24037
nedávných,3643
důsledkem,12775
významných,6301
korelace,24038
radují,24039
zahájili,14798
zmiňovaná,3957
hostoval,24040
dekuji,24041
létem,10351
lux,24042
hitparádách,24043
naších,24044
skalky,24045
úplaty,24046
singlové,24047
kotliny,23440
videoklipu,3043
vyprávěli,20221
vysídlení,24048
církví,12233
poranění,20059
výluky,14291
láhví,6756
zastřešuje,24049
skeletu,24050
sanace,22264
nejdelším,4386
překvapivou,20271
říčka,21560
upravující,23494
překrásné,7524
lícové,24051
parcele,12652
profitovat,24052
nasypeme,24053
zakončen,23028
svérázně,24054
teroristickém,4187
chloridu,24055
osamostatnil,24056
else,24057
podkladech,24058
ibn,24059
zábav,1292
zakotvil,24060
průplavu,14175
zohledněny,15186
sumy,12514
vehementně,24061
vyráběna,8110
přízi,19430
gelem,24062
objemové,23588
filozofická,13551
započalo,24063
nivy,24064
preciznost,24065
intoxikace,24066
zdar,24067
kpt,24068
right,24069
lokálními,7822
variací,18936
hájení,24070
ložiskem,15199
sladkých,3432
spekulacím,23115
pohanství,24071
obdobími,12520
příměsi,24072
velkolepé,2207
bakteriálních,24073
dlouholeté,5442
pronájmu,13190
řečtiny,24074
snížení,23156
bolestivá,7334
kostech,12887
nočních,10480
polohách,10810
spoluúčast,24075
oné,1153
konfliktech,3577
rodila,9285
počala,24076
uprchlických,23746
vazeb,11136
obdob,11801
postoupila,19354
legislativních,17489
tradičních,11435
stavebním,8302
utajit,24077
šaría,24078
palestinských,18586
záslepky,24079
tahačů,5767
městům,9257
vyjma,24080
osamělých,2423
iviska,24081
krásnými,6129
želv,15389
poptávajícíz,24082
upravujících,23494
tíha,21787
obdržených,24083
dočkala,17727
trefa,24084
židovství,24085
značení,24086
vznikli,24087
výstřihu,24088
bydli,9857
potlačují,24089
blízkost,16548
medailové,24090
rozpacích,24091
obklopena,24092
obsaženy,9022
éček,24093
odlišných,9927
cenových,3877
zahynula,15303
dobyla,8928
objeveno,10278
prožité,24094
sestupuje,24095
faráři,7468
sametově,24096
ctností,21603
baram,24097
nejstarších,146
odborem,10377
vyznačoval,21494
spravována,1663
zalijte,13899
kokosu,5716
táhla,7905
posuzována,24098
opomíjet,24099
promlčecí,24100
tyčemi,14526
debatách,18721
replikáto,24101
uznávaná,5526
hrozne,6649
udržovaném,3622
troše,11441
ubylo,24102
verších,7392
radikálního,16046
stavebního,8302
zvěrstva,24103
vidina,20052
rodě,9285
zátoky,21498
přidáním,20233
vyřazovacích,24104
nádr,24105
ovocných,3724
pohřební,24106
malebná,17970
kulturních,12571
odpadovém,13707
přijmou,17778
vyrostou,10193
zahynulo,15303
nešťastná,3345
kotlině,23440
nota,6767
gramáže,24107
svatba,17483
poznamenán,6230
jehličnatých,23384
interiérových,24108
rozšiřovala,18134
light,24109
rohovém,2864
náruč,19693
oblékají,6215
dána,757
šátku,2813
rozmícháme,24110
výslužbě,24111
četnými,23130
zločinech,5659
ochlazení,24112
kalhotek,12831
gramatických,20583
nečetla,24113
zadržování,24114
dosahující,24115
migotati,24116
include,24117
farářem,7468
kafi,1213
svíček,9456
výjimek,22699
výšiny,24118
spodním,13270
zařazujeme,22117
dlouhodobém,2337
strašlivé,24119
nastudování,24120
kombinovaných,806
průhledného,3878
nejkrásnějších,6129
lidovými,2819
úžasném,5184
děkujeme,22305
hnusná,3192
medzi,24121
pravotočivým,24122
zatáček,20753
reprezentantem,11647
sblíží,24123
průvodu,16509
zbořeny,24124
koncilu,24125
konzervatoři,17017
uznatelné,24126
lóže,24127
řeziva,18680
slevy,13735
přijímána,10482
stavebnímu,8302
přinášejí,18443
posunuli,18317
presne,24128
pozemků,3560
nezávadnost,18103
vážím,13143
božstev,12311
latinsky,24129
šedých,4905
tituliek,24130
rho,24131
mlhu,22404
dávek,14346
many,24132
sladu,12248
vyobrazením,24133
vznikají,9616
zobrazených,4889
osolte,24134
zahradami,1319
zpětnému,4311
kandidovala,13427
stabilních,2621
vytrácí,24135
těžkými,2110
chick,24136
séria,24137
oblé,24138
háku,6997
smrku,5701
řízeních,3376
svítivosti,24139
opětovným,16538
zvonem,7886
zrušením,24140
blokádu,22512
stromech,557
předčasnému,7303
lenka,24141
živností,16889
okomentoval,24142
statutárních,24143
překrásná,7524
písni,11862
cyklokrosu,24144
záhadných,2968
mluvčích,12570
zákna,24145
nadšených,8198
combi,24146
vstoupily,13020
císařem,12249
neexistence,17453
nesly,15142
salátů,981
vypukl,21536
kladné,7431
bliznou,24147
mocnostmi,24148
rakouskými,7073
čerstvých,1228
podaných,24149
vyhověno,24150
excurrendo,24151
objeveny,10278
šupiny,24152
situovaná,24153
nehodnotil,24154
oznámili,13599
biodiverzity,24155
vesnicí,17980
jmenují,12358
bomb,3882
dosaženo,9860
celkovými,3025
inkluzivního,24156
popisována,9390
šikmá,8319
jedinečném,2932
ubytovány,14875
kurii,24157
príspevkov,24158
teplomilných,18897
zatáčkách,20753
kreace,24159
kategorie,17941
stěrky,18678
vizte,8260
přehledném,2345
držby,24160
ochránkyně,9290
zvaná,11408
odloučení,21993
slučování,24161
separaci,24162
prvoligových,2531
opatřeních,17856
vystřídalo,13005
diabetu,24163
švýcarských,5424
závazku,9138
bezdětné,7376
zbylých,15367
detailních,14730
red,6133
jedlou,6908
diskuse,18924
italskými,4109
národům,1045
klubech,3422
pižma,24164
obci,13997
párem,12135
trn,24165
lehkost,16129
povedla,18040
narozeni,17168
přizpůsobují,12801
theta,24166
brzd,6395
proof,24167
nejvýraznějších,5535
průzkumech,2141
zapsaným,24168
odmítali,10863
ponejvíce,24169
teroristce,24170
spoluvlastnického,24171
lení,24172
pádech,7952
aglomeraci,24173
photo,24174
prameni,12364
vloženo,11896
kruzích,4827
nestaví,24175
taktických,11573
prokletí,24176
zachycena,19106
předčasné,7303
praporem,11533
nápisů,7283
zainteresovaných,20948
provinciích,20606
nebeských,2549
estonském,5749
výstižně,24177
slast,24178
podílů,4123
strašidel,17755
pociťují,17595
krutost,24179
odvážná,5491
vykonávali,10446
pekny,24180
prudké,8893
nazývala,13681
neobvyklých,2118
vypuknutím,24181
pojednání,24182
ožení,24183
hotelů,1184
person,24184
nazývány,13681
nevolí,23954
čerpají,13610
roucho,24185
mírové,5414
hrubých,1080
černí,2894
blank,24186
masek,6640
coal,24187
une,24188
vzácnými,4061
moravských,3977
lokalitách,20177
vyhlásili,15459
ruda,21736
šestá,7946
přeháňky,24189
zavání,24190
dominant,24191
citrusů,8815
aféře,20198
koncepčních,24192
nepotvrdila,13372
velšského,15573
svedla,24193
zamilovali,19810
svatebního,18205
zlomků,4220
pořádáním,14907
lihu,24194
tvořeného,4817
hřejivé,15985
nedaleko,24195
přeložených,5364
pleťová,24196
ročníkem,4699
kontinentálního,12783
kotvy,19283
berlínské,21430
kostelíku,8030
nizozemská,9273
demonstrovalo,11335
doloženo,5527
vítězného,4127
tvoříme,6064
vyráběno,8110
konfliktních,10672
holandských,7223
mexického,8762
polemiky,24197
božská,9177
narozen,11817
karoserií,24198
kostýmech,24199
brown,24200
označována,8507
čtvrti,10308
vtipných,3525
sezon,24201
stanovili,17728
pátrá,22118
žádané,14153
taurin,24202
potkávat,17779
styčné,24203
učinily,14077
naplňování,24204
zařazeny,14104
účastnili,12944
všedních,11226
ktorej,24205
obohacují,24206
zanikla,18145
navyšuje,24207
trubce,24208
uznána,24209
zahradních,5304
střelkyně,2966
zobrazeny,24210
založeno,3501
silver,24211
vyhýbají,13019
inscenacích,18411
dočkáte,17727
dobrovolnických,13159
republik,4239
mosazné,24212
parcela,12652
zat,24213
zrušených,4269
kázal,22230
smlouvami,14948
dobrodružstvích,13577
vedoucími,12716
dědí,24214
nití,20639
ochotou,12888
neboj,5906
member,24215
vesnických,1906
kolonii,24216
mobilheimy,24217
lídry,24218
zmiňovala,17669
zrušení,24140
síry,24219
celostátně,24220
kočičích,7709
pink,24221
buňkám,2602
vyhlášce,22856
činech,4102
odpůrci,17888
zdrcující,24222
čtyřhranné,24223
vysvěcena,24224
podčeledi,24225
nastalo,10772
kadetů,24226
spolufinancován,24227
vyhlídková,5541
exotických,1168
farmářských,11855
vyvýšené,24228
unikátních,9848
arts,24229
vlasech,3008
metanu,24230
nabylo,17408
kontraktu,5663
přecitlivělosti,24231
opravných,3961
sloučeniny,21789
francouzských,5973
stonku,6211
doporučovala,14816
nehtech,3394
pojmenovali,20364
gamy,24232
splatnost,18464
vybrání,24233
klesla,18113
rozešli,20145
faulu,7928
obcím,13997
křižáky,24234
smírčí,24235
komentované,24236
tuniky,24237
stupnice,17167
odvozuje,24238
tria,24239
svrchovanost,22076
spáchali,11117
pozastavil,18948
zašlete,24240
tyčí,14526
podmíněna,1272
sedmileté,24241
oddenku,24242
výprodejidle,24243
doloženy,15588
kašli,3673
elementu,24244
muka,24245
krycím,13844
profilech,24246
stuha,20972
cysty,24247
nerezu,24248
opatřena,8108
zubů,2899
koncentračním,12975
dash,24249
dočtete,20115
nor,24250
lázeňským,7310
odehrávala,14419
přejmenovala,14220
slu,24251
stanů,970
tvořena,4817
říšského,9645
bývalými,2712
tys,2956
basová,3187
kompenzací,24252
neúspěšném,24253
řeckým,5073
zvol,8153
martina,24254
zaujaté,4268
fox,24255
architektonických,5723
dramatické,9364
vojenských,1335
vyhnete,7745
vzájemná,11878
anatomických,6104
vedra,16043
ševci,24256
vznikla,10494
šev,23961
volitelných,3538
série,23835
horkými,4684
kuliček,13621
miminek,3205
zbroje,14876
územích,17318
amnestii,23889
severovýchodně,24257
zorganizovala,10470
dávce,14346
publicity,16860
obdobích,12520
létaly,11508
najetí,24258
aditiva,24259
řecky,24260
vrcholových,2630
šitá,24261
mlha,22404
ujmout,22400
obecnému,6202
dotačních,13114
jednostranné,6964
převodovek,4665
zateplením,24262
fenka,24263
sponou,23813
balerínky,19102
vybojovala,23368
podáváme,13112
pryž,24264
plnými,2264
rozšířila,10311
doplnila,11546
podpořilo,17541
bylinná,11413
cell,24265
táhnou,7905
bažin,22787
nory,24250
men,24266
butt,24267
slané,22196
vystoupily,20659
pôvodní,24268
úzkého,3074
polstry,24269
křesťanských,4866
zděných,24270
kapkami,13330
generálem,7814
aglomerace,24271
protestovali,11881
opatem,13906
žánrové,24272
kladení,24273
zraněním,20561
respektovali,15202
zemědělského,3086
anexi,24274
zmatenost,9336
nádržích,7685
generálním,8908
kalibru,24275
èásti,24276
svátostí,24277
pozink,24278
žlutozelené,24279
doktrína,24280
posílí,15906
tropických,3910
institucionálních,10151
zástavních,20166
dvere,24281
ročních,9001
hlubokou,8631
nesli,15142
oženil,24183
dalšími,10242
mnichovské,24282
úleva,22816
antigenu,13297
bylina,13617
netopýrů,4336
židovských,3688
belgická,16070
odlišovat,20902
uveďme,9199
ráfků,9963
plemen,7890
projednávání,24283
zastával,16820
vymyká,24284
přikazuje,24285
hustotě,17538
potěšila,10632
léno,24286
receptorů,24287
léčivými,5547
obřadu,9389
trojce,11322
květnem,20023
nepřísluší,24288
mocností,24148
řemesel,5885
zacatku,24289
působícím,21117
oblaků,11768
imigraci,24290
dotýkají,22786
viditelnost,23965
hodnosti,20924
podrážka,20870
úmrtím,22043
londýnském,7904
dluhopisech,951
vysvětlena,24291
přijalo,17778
zlomenin,21336
obuvníci,19238
similar,24292
fermentace,24293
zakončí,23028
zplodil,24294
tíží,24295
vyhlašování,24296
bitvou,18016
úzká,3074
diskuzí,17377
rezidenčních,24297
pětičetné,24298
akciových,1183
ochotníků,24299
skrývání,24300
dubem,12298
ostrůvku,5494
pečetí,12378
sprchového,4352
severovýchodních,19668
sušených,3459
kleští,10936
tlakových,1067
bolestivé,7334
pořádána,14907
vzrostla,10062
kompromisu,8402
pryskyřice,24301
kolonií,24216
vložek,19738
střihu,5422
vyprávějí,20221
pálil,14844
límce,9643
záměrů,3819
chilli,24302
spoluautoři,21404
kompozic,20645
budována,6259
věčná,2783
unikne,14608
připadlo,12964
konalo,17227
australská,5007
netkané,24303
zabránily,10171
auditorech,24304
závazným,11260
poloh,10810
výzkumech,3867
papeži,10098
podílela,18843
ekvivalenty,7700
opečeme,24305
světovými,1645
kotníky,14337
prov,24306
konečných,2286
dámských,4305
gumou,16555
přihlásitpřihlášení,24307
vymezí,24308
new,24309
air,24310
sedmém,9505
kladnými,7431
objetí,24311
vyhnuli,7745
zapříčinila,22205
rybářů,6030
širším,12143
zánětů,5128
očekávaných,4273
oceněni,12343
archived,24312
uspořádali,8635
propagačních,9647
křížení,24313
tyrkysové,22677
rej,24314
roty,21125
užij,24315
zachováno,4536
url,24316
nádobách,5724
vítězných,4127
úprava,17056
hemží,24317
vadila,11587
zakládali,15525
vynikl,21361
ustálila,21533
symbolizují,24318
dohodly,19561
mistrovské,10766
pozvolným,18150
krásne,24319
směsi,22243
wich,24320
produkcí,15777
nálad,4349
toxinů,18501
živila,8556
patou,22918
vyústilo,19940
studiemi,18179
šišky,24321
aroma,24322
ambra,24323
kočovných,24324
výtěžku,15038
započato,24325
srážek,12291
řekami,12166
ústecké,24326
orchestrace,24327
rozpadla,12788
obdivuji,11195
teměř,24328
kříži,3124
vítězném,4127
slavila,18035
peptidy,24329
regrese,24330
malířská,5852
poklesla,13257
zlomeniny,21336
povstalců,13980
octa,5483
balené,24331
vlečky,22864
dřevitá,24332
tymiánu,9908
svědectvím,18683
křídlech,6317
koordinaci,24333
prapory,11533
postoupili,19354
sezonách,24334
postupná,12018
rozhodujícího,12822
sjeli,22249
zena,24335
kandidátce,17560
sedu,24336
porostech,6379
delšími,4386
sesterské,21130
stříbra,19925
severoamerických,22550
pleťové,24337
bojovala,16228
překrývá,24338
označování,24339
letními,9964
opírají,14059
citrusových,24340
rozmnožují,24341
vlasce,14340
švýcarském,5424
chuťově,24342
flétnista,24343
konsorcia,13389
diecéze,24344
vztaženy,24345
starobylého,3183
spokojených,1591
zakončenou,23028
přijaly,17778
mýdla,8258
masových,1284
kapři,6996
popsáno,3443
vypravování,24346
prken,2186
nezapočítává,24347
zaujímají,21636
vytržení,24348
podmisky,24349
zvracením,10887
městem,9257
soklu,11133
neúčastnil,24350
vítejte,18902
zakončil,23028
dnům,15376
zárubní,16190
keřů,7228
smršť,24351
buďme,3143
nelehké,1091
modrém,3599
úbočí,24352
nevzdal,24353
hybridů,16021
malty,23303
sádrové,24354
upřesnila,18980
variabilita,24355
vinařských,16713
kovových,768
zkomplikuje,17039
značných,6035
úžasných,5184
parc,24356
pobytech,1889
literatur,1804
přídě,16839
fusion,24357
zřizovány,16366
dramaturgem,18485
postupujícím,12225
balkánských,21821
přidáváme,21232
conditions,24358
ustanovení,22137
zavazují,17505
mužích,261
strasne,24359
matná,6469
zabránili,10171
vystřídán,13005
signatářů,24360
vzdala,16789
tunika,24237
netradičních,19667
strašná,8570
sestávají,16251
poválečné,15348
ustupují,17472
župa,19655
hustota,17538
organizátorům,5619
závazná,11260
pěvci,22119
překročena,14924
menšin,10998
následná,4001
plavkové,24361
poddruhů,24362
mateřském,906
týče,17497
slibuje,14920
zeleně,24363
zanikly,24364
dodržují,15255
diskusních,5748
erozí,24365
dosáhnou,9047
rukávech,4065
řidítek,24366
skleněných,1528
collen,24367
administrativních,12201
drobnějších,2801
hrobka,19222
měděná,6421
náležel,16801
content,24368
lysá,17073
snow,24369
lamp,1518
svatojánské,24370
náhorní,24371
opozičních,15996
dnehttps,24372
národnostně,12414
fixace,22260
dcer,6331
vyvstala,24373
skandály,9667
neteří,11321
futures,24374
redukce,23031
zaručena,4560
protáhlé,24375
úpravě,17056
latinským,15632
propukla,24376
osídlovali,24377
podlimitní,24378
varlat,16436
znepokojení,24379
podvozků,24380
násl,24381
závazné,11260
šlechticů,11593
umisťování,24382
senzaci,24383
mna,24384
rozborů,5530
rezignaci,24385
výjimečnosti,24386
minulá,7395
vděčnosti,24387
akvizic,16489
profesorkou,10986
sezón,14339
cibulí,9095
poin,24388
větami,8451
brož,24389
herecká,5330
spočívají,11837
stouply,10880
podělili,18306
obhajuje,20501
autorových,2555
závěrečném,8963
doprovázejí,15962
vítězstvím,21074
pokapeme,24390
finském,6847
livescore,24391
odvozují,24238
dávkách,14346
enwiki,24392
opatrná,5997
odhalenými,6175
poživatin,24393
připravovaných,2469
proroctví,24394
stagnaci,24395
majetková,24396
jednotlivkyň,24397
rozdílu,11234
osadou,16859
rybníky,4039
ozvučnice,24398
podstoupila,17172
opálení,24399
prospěšných,4032
vítězům,24400
božské,9177
destrukci,23196
dosáhli,9047
molekulárních,9795
kotvení,24401
kletba,24402
moravským,3977
syrských,4030
obohacení,24403
bojům,3886
gangů,24404
zjištěna,7895
ludický,24405
nepříjemných,4747
udávána,24406
novela,23535
překvapila,9310
atmosférických,4709
podali,11359
areály,3477
mléčná,6014
tatáž,5520
čeledi,15236
vzrostlých,18971
uzavřel,20031
podzimního,19500
kontrasty,14480
oddaných,5060
režíruje,18384
přestoupil,21291
pleistocénu,24407
přijato,3873
vyzvali,14666
usilovala,21905
nezapomenutelné,21868
maji,24408
ktera,24409
zmíněny,18107
gymnáziích,5394
příhraniční,24410
chystaných,2901
citací,22289
poutavě,24411
odmítli,9488
dynastií,24412
zašpičatělé,24413
odkupu,21813
půdním,13065
aleje,21668
viskóza,24414
vinic,20898
doliny,24415
garantovanou,24416
opakovala,13408
škálovatelných,14617
repríz,24417
navrhlo,8862
argumentace,20468
žně,24418
přichystali,19068
ozdob,7281
odděleno,12605
stáčení,24419
úspěších,4134
sudu,6591
stoupal,20423
povadi,24420
rozšiřují,18134
plných,2264
lesklých,9773
lidových,2819
talkshow,24421
neziskovými,884
informujeme,9992
tropů,24422
jedlé,6908
rehabilitačních,24423
objednací,24424
prachové,21191
nesouhlasit,12040
vrstvách,6518
kopy,20596
částečného,7501
tradicím,24425
smyku,24426
standardech,24427
vlastnických,17295
position,24428
ohraničené,15506
jménech,6376
podľa,24429
pobídek,19829
působení,21631
vyvolávají,21162
dokazuje,17490
objímá,24430
pastorky,24431
anomálií,22675
povýšil,24432
hraných,3244
prodloužila,14775
period,13645
nedosáhli,9047
povodňových,18912
zaváděním,18553
uznali,11672
zimních,10806
posta,24433
tzv,2553
písemném,2437
zažijete,24434
pohřben,24435
onomu,1153
zhoršilo,15885
klapek,11074
lomů,7707
spodu,24436
porazili,11981
vymřela,22088
laterální,24437
prožití,24438
líčením,23191
přidružených,13991
pocházela,17094
intonace,24439
délky,20247
skupinách,7123
vrby,23242
kritizována,16464
homosexuálové,11128
pruhů,4803
čípku,13156
pískovci,3520
plantáží,24440
society,24441
zesílená,24442
pastýři,12602
lhůtách,17486
náhledy,24443
roztažení,24444
nehovoří,24445
select,24446
zmocnili,13544
nastávají,19814
ocelí,13462
jižanského,24447
kněžími,6041
probojovali,24448
slavnými,2814
autoskel,24449
dosadil,15137
vlhkých,2869
ránko,24450
sekta,16575
dutého,8561
veterány,4289
olomoucká,12659
propagací,19856
pokládky,24451
gayů,24452
hraničních,15263
mešitě,14121
zhotovování,24453
východně,24454
omlouváme,11418
kronice,24455
udělování,24456
hýčkání,24457
irských,4671
ozubení,24458
obrovských,1579
italských,4109
židé,24459
secese,24460
vyvrcholil,24461
biskupové,16479
velikých,1915
senátem,5585
detailu,18196
písčité,24462
ostřelování,24463
dvorů,1420
arény,24464
navazování,24465
manžetou,24466
krácení,24467
zraněná,24468
dramaturgii,18485
manifestace,24469
hydraulických,1582
krajinných,7280
projevila,14611
gesto,12361
spoleènost,24470
zesílení,24471
slasti,24178
fialová,7425
namočíme,24472
cap,24473
postranním,17342
nestanoví,24474
cévních,24475
radikálním,16046
lhostejnost,24476
dispozičně,24477
darovací,24478
odpaliště,24479
zastáncem,20837
ztvárňuje,24480
gregoriánského,24481
dvouhře,24482
bilancí,19878
roztoků,5696
pláni,23902
docílíte,17119
působíme,16986
grupy,21316
against,24483
zmínky,18446
církevních,13851
aretací,24484
nacházíte,7416
nevznikají,9616
nevyskytují,21194
kotvící,24485
zamku,24486
šokovala,24487
lží,16316
udály,20595
výsadku,24488
nazývaná,11679
cim,24489
termálních,13971
osadami,16859
mletých,2781
potlačeno,18361
tvářemi,5282
zázvoru,5466
podlehly,20171
leteckých,3456
mezinárodním,10229
svěžesti,20470
porodnost,21186
severského,24490
stélku,24491
raněných,24492
průsmyku,9430
navázaly,24493
okrese,11594
zvratů,24494
vyžádaly,12539
pálivé,24495
příslušníkům,6323
koncentrace,21638
true,24496
závodù,24497
kosticemi,23601
revitalizace,24498
bavorské,18338
vyrážejí,24499
samovolnému,24500
zastřeleni,13315
stálice,24501
standardizace,24502
million,24503
biografií,13451
eská,24504
jezírek,8348
párech,12135
vzejde,21445
feature,24505
tureckém,3842
viditelná,926
potápějí,19241
listopadu,12182
stočného,20680
odchylek,17861
ahojte,24506
lemované,24507
plzeňské,13369
sólisté,21202
nerovností,18589
plodem,5315
hodne,24508
nesou,15142
příslibem,9872
vstřelil,15768
loňská,3746
naskytla,20674
vysvětleny,10579
vodovodních,8951
inspirována,15460
nalezena,3080
lib,8784
přilákala,15773
šatů,6387
zopakovali,11584
tíhu,21787
kličky,24509
průřezových,24510
vypukla,21536
gold,24511
zavazování,24512
přijali,17778
recenzemi,7908
jihozápadě,9232
syndromy,24513
potu,7854
norského,11450
podélnými,4883
vystupovala,17674
bavlnou,9019
slušelo,22546
naženou,24514
odstínech,24515
netají,24030
ruzne,24516
téhož,12390
napjaté,24517
náhledů,24518
délce,20247
patronem,24519
hraničí,24520
zákazu,6159
dravých,20437
vlasteneckých,19565
zastupitelstvu,11243
but,24521
zlatě,11106
mísí,24522
úchvatné,7081
finálních,16397
východním,15027
muslimských,2447
pláží,11233
ponořené,24523
pekel,12900
polském,3607
krytí,20732
lemováním,24524
obdrželo,9889
treter,15005
vitae,24525
tónů,6252
plastik,24526
pěvkyně,20279
erotiky,24527
vystoupí,20659
zpestřením,23140
oxidační,24528
silikonová,8097
liberecké,16409
uhlíkových,4804
platových,24529
neplatnost,24530
října,18077
ostrost,21964
výjimka,22699
stíhacích,9588
komedií,21350
fetish,24531
řidčeji,19702
sukýnka,18409
podskupiny,24532
váže,22201
prosince,15493
pasážích,21320
zdobeného,10521
oslavují,21672
častá,5821
vlažné,17474
aglomerací,24533
padlí,16293
financováno,12186
skladbách,9977
plni,2264
zastávala,16820
partnerskými,1554
vrších,24534
těly,2681
zveřejněna,1835
arabštině,19505
zraněno,9864
main,24535
ušlechtilá,6636
třinácté,13283
odvozena,10448
léze,24536
poctě,24537
raná,2502
mašlí,24538
dlouholetých,5442
administrativním,12201
příbalové,24539
query,24540
dutině,13212
výraznému,5535
půle,23438
dvacátých,10776
židy,10266
čajová,1379
etue,24541
production,24542
závaznou,11260
slovinských,4521
přípravcích,24543
čka,24544
kontraktů,5663
říčce,21560
statutu,10517
účtové,21919
vytrvalé,8424
držitelem,12212
narodily,17168
zavítala,24545
vyhnání,14502
upečeme,24546
zjevuje,24547
střídavými,3463
německými,4774
dvorcích,2737
living,24548
řeckých,5073
přeshraničních,11646
přistáli,9204
jemnost,24549
náměstkyně,24550
prudkým,8893
poklesem,11338
krás,8483
stagnace,24395
vzácně,24551
komorních,12151
vyloučených,14887
září,24552
zvýšeným,14481
tvárnic,20974
kameniva,24553
plamenů,6945
vnést,24554
hojném,20396
nenávistí,16076
peněžité,24555
západem,11750
pečujících,5217
rozhodčím,11319
vždyt,24556
převládají,22722
ovesných,22186
posunula,18317
jednoznačná,10118
uvítáme,12440
proslulé,8158
rostoucím,9299
pobytová,24557
zachycují,18810
linií,24558
alegorie,24559
křesťanském,4866
slzami,16930
spolkem,8970
nástupišť,9838
pyramid,11245
zájmovém,5348
proslula,24560
paprik,9264
vyhnula,7745
promlčení,24561
hýždě,24562
parts,24563
dekretem,9862
předpokládaném,6690
stoletích,13703
územním,15454
zakládajících,21798
jižně,24564
cupuje,24565
husitů,24566
uzavřena,3131
kurátorka,13571
ustanovil,24567
kapkou,13330
align,24568
řeholních,24569
kanónů,2579
maskách,6640
potoků,2857
doplnění,24570
básni,13100
rozhleden,6844
nejdelších,4386
obzorem,8178
význačných,23049
makedonské,24571
dochovaly,24572
ukončily,13088
nalézt,24573
nebes,21181
průsvitné,13952
poddruhu,24574
dotčena,15971
severských,24490
luxusních,9249
protektorátní,8911
kcal,24575
kobry,24576
doplnili,11546
odpovídajícími,7558
mláďaty,10336
ních,24577
citovaných,20623
reakcí,13955
pronikala,16041
pojmenovány,20364
úzkých,3074
špičkách,15472
obklopené,18194
mládežnických,4728
dvojnásobné,10585
obsadili,12441
dusno,24578
odvození,24579
lokalitě,20177
smiluj,24580
svislými,5401
meči,1577
poražených,11734
form,24581
vzniknou,10494
prohlubuje,24582
schválením,22527
paleolitu,24583
prodlužují,17495
ponoření,24523
sérii,23835
hávu,24584
mantinelu,10944
klipu,4666
srov,12111
oslavou,17649
světle,2962
francouzskému,5973
potkala,17779
prožili,15538
naturální,24585
ochutnali,17420
dojemné,24586
ropě,11785
shall,24587
problematických,3817
parfémovaná,24588
skalními,14411
místostarostka,24589
nejasný,6732
rytmická,19795
nepromokavá,24590
oxidem,24591
acid,24592
náležitostí,23064
zbarvuje,24593
where,24594
fantastických,1710
postupném,12018
hvězdami,10161
reflexními,22167
lamelové,24595
ozbrojených,4203
zajišťují,15839
juniorských,5363
keramickými,4484
překonávají,24596
ocitly,13468
charitativních,16455
nasazenou,8637
bola,24597
dávkami,14346
potkali,17779
berlínském,21430
zvýrazňuje,24598
slovenském,2233
alpského,8131
uni,24599
prohloubení,24600
vítězná,4127
předcházela,11588
kompenzace,16120
beznaděje,24601
vkládají,18450
řadách,13564
festivalem,8069
sídelního,16635
vytvářena,9143
zamířila,18495
pojišťovnami,8487
šířena,11559
vzorech,5627
subjektech,24602
znovuobnovení,24603
chris,24604
švy,24605
uniformách,4444
pralinky,24606
povýšeno,24432
ručením,19071
degustace,24607
nepřátelských,1469
šikmých,8319
vymezeno,24608
dobra,10051
vařených,10730
zorganizovali,10470
stati,23295
charakteristická,8126
nálezem,12633
růžovém,3310
pohraničních,13824
náušnic,15772
mezí,14592
zdejším,12491
etap,20282
narozených,11817
satyyy,24609
severních,11961
nádherné,6587
sytosti,24610
nestátních,24611
podáváním,22233
druhem,9141
storag,24612
liniemi,24558
pardubická,10373
figurují,24613
demontu,24614
podobných,4952
lokality,20177
sec,24615
závorky,22807
oslavami,17649
naleznete,10912
apartmánů,3466
důlních,24616
distriktu,24617
vítězným,4127
ukončování,24618
pálením,24619
ber,24620
jezeru,12227
doktríny,24280
olivového,5300
výkresové,24621
zpívali,8518
přechodnou,8355
inscenací,18411
kyselost,22737
nesetkala,15219
světlá,8138
příbuzná,6600
předloženy,4988
napravil,21157
polárním,13522
nasazovány,24622
operním,16322
realitky,24623
čaji,823
rakouských,7073
žluté,7278
jsouněmčina,24624
zvětšením,11378
závěrečného,8963
obviňují,18076
disertační,24625
oil,24626
církevním,13851
poutních,24627
prestižního,14991
popsány,10649
řezů,4778
srstí,16843
vrásek,15956
mistrovského,10766
teroru,7990
turisticky,24628
besed,14878
severovýchodního,19668
atraktivních,15318
uzavřeme,24629
odebraných,6627
русский,24630
resortů,12350
aktů,11688
nepokojům,15978
stabilizací,23939
uváděných,9764
vzorovaná,24631
vdávala,23997
atolu,24632
erozi,24633
planě,24634
ražení,24635
sehrály,24636
snížili,13238
plzeňská,13369
ohnisek,14959
ajka,24637
alpská,8131
výraznějších,5535
bandáže,24638
bočních,13518
nabývání,24639
oddenky,24640
zabývajícím,17849
tkáních,5255
garantuje,20759
spolkových,5882
nádhernými,6587
větvené,24641
dočkaly,17727
narozdíl,24642
bocích,8799
krajích,3314
smyslem,4371
výbušnin,11289
vyjednávat,24643
přistoupila,10979
plaveckých,7588
novelou,23535
sedlová,24644
alt,24645
pasují,20728
zpevňující,24646
mravů,17938
rozkolu,23042
zformovala,24647
odrazila,11982
významnému,6301
zastoupena,10006
etapách,20282
figurek,9331
nabývají,20802
tmely,24648
odehraných,24649
views,24650
zmije,24651
mandátů,17099
from,24652
vyrážky,23846
sponzorem,11219
tvořenou,4817
zlatými,2773
mořskými,2254
flitry,24653
zeleném,4580
drželi,13076
gubernie,24654
kamínkem,24655
stájí,12502
navázání,24656
hlídkových,24657
hornická,23967
nosti,24658
chlóru,24659
arabština,19505
zklamaní,15146
lávy,24660
ponesou,15142
mzdě,5868
vlasových,3219
pojí,24661
omezujících,20258
cukrové,18331
komplikace,18753
spo,24662
katedrále,11848
bradavek,24663
předloženého,4988
grup,21316
odolávají,21173
reliéfem,24664
secesním,12610
potlačena,18361
hnědá,8356
masážních,12317
zvonička,24665
prokazuje,14679
číselníku,9512
jezerem,12227
obcích,13997
krajin,8495
spjato,12145
kteøí,24666
smutnou,11963
zasvěcené,10939
rovníku,24667
workshopů,24668
podusíme,24669
ideologických,19415
zánikem,22420
přispěla,15706
evropsky,24670
potvrzeny,13372
nepřehlédněte,24671
podobná,4952
taveniny,24672
tvořených,4817
dobového,2270
tihla,24673
tlumiči,24674
minimu,11770
frosted,24675
also,24676
února,15643
ziskem,4130
proměnlivé,11092
neudržel,8206
barokně,24677
vypadli,3110
značce,10010
spamboty,24678
habilitoval,24679
přeji,9519
alibi,24680
medu,7043
low,24681
nábř,24682
epické,24683
vyplývají,16892
tau,24684
item,24685
normách,10742
opeření,24686
stranách,10070
realitních,7295
učilišti,14367
držitelům,12212
východních,15027
izotopu,24687
registrovaném,2187
vévodou,19185
napomáhají,24688
vyznačené,24689
současností,8187
počtech,7464
řasa,21625
příspěvcích,24690
fakultních,4591
vzdelání,24691
stanovení,24692
zobáku,11304
eliminace,24693
green,24694
střetly,24695
palem,22718
lázněmi,24696
realitce,24697
relaxačních,24698
vulkanické,23616
průjmu,8925
číslování,24699
zvraty,19189
přechodného,8355
nižších,4663
hydroizolační,24700
začleněn,24701
motúčko,24702
pokračovaly,18706
maďarském,3197
deformace,22261
nádherném,6587
ohroženými,6278
zvítězila,15596
vyloučena,14887
lamely,24703
mexické,8762
prvovýrobu,24704
šťavnaté,23675
listinou,15913
elegantních,4217
svůdná,13711
matic,13266
obstrukce,24705
bouřlivé,7101
kotníku,14337
krémové,6080
kolejových,24706
ztvárnila,21014
prašníky,24707
pohárech,4948
kurátorem,13571
dlouhých,4386
síranu,20546
splátkách,7573
bitvě,18016
kopcovité,24708
familia,24709
odlišností,21602
stálém,3855
konzervačních,24710
sympozia,24711
hradbami,14479
zmiňuje,17669
půvabné,20929
vydobyl,24712
překonali,13061
zvířecích,6276
předčasném,7303
kapitulaci,24713
kávových,20357
pestré,7357
klasicistním,24714
jazzových,8962
pankreatu,24715
uzení,6268
opadávají,24716
vítám,18902
additional,24717
přívrženci,23200
knižních,6760
slibné,24718
tónu,6252
bolení,10573
zdrželo,14518
baňky,24719
stylizace,24720
ohledání,24721
prožila,15538
občánků,24722
upřesněno,18980
závaznými,11260
povýšena,24432
nadpřirozených,17997
stříbrem,19925
zahrnutí,24723
kotníčkové,24724
letá,6947
mohutných,2081
fúzi,24725
náznaků,10330
dorůstá,24726
lesnických,19695
dlouholetá,5442
oxidace,24727
zvýhodnění,24728
odnětím,19897
archeologická,8742
doplněno,11546
fil,24729
mírného,7798
allow,24730
pristehovali,24731
sousedních,10165
obou,13107
poddanství,24732
poetické,24733
krovu,5626
chovem,24734
severozápadně,24735
pinyin,24736
zavražděna,7445
mocnost,24148
otevírací,24737
upravíme,10369
radioaktivních,15539
kombinovaném,806
czech,24738
schválili,14185
vymezují,24739
růžovými,3310
dočkáme,17727
projednal,22153
respektována,24740
zraněných,9864
spoluautorem,21404
června,20329
brzkých,18946
rozpouštění,24741
železných,2384
znějí,9397
třílůžkových,24742
pát,24743
svrchního,24744
azurová,24745
prohrály,8633
barokním,9231
městech,9257
drž,13076
soustrast,24746
zdůrazňují,18001
lahvích,6756
svěřených,12579
procentního,17327
sněhové,9677
značením,24747
splývá,24748
rozmanitost,24749
prostupu,24750
těžil,17031
vinařem,24751
bolo,24752
kožených,1670
jehličnanů,22461
mandátu,17099
manželská,3847
přiměla,10058
bavorského,18338
koncích,13457
dózy,24753
západě,11750
ouška,24754
vyzdvihuje,21667
nadvláda,16423
nabyla,17408
splývají,24748
pekne,24755
termínech,4504
oplatky,24756
válečném,6484
topných,4995
kolonu,22533
australského,5007
držiteli,12212
římsou,19135
rozpustné,18954
okt,24757
převyšují,22685
parcelní,24758
sestupnězboží,24759
zamezuje,24760
děkují,22305
smyslné,2501
intrik,20714
requested,24761
kulometů,2152
teï,24762
inkluze,24763
horníků,6594
sloučeny,14962
zaujaly,12247
atributu,24764
homosexualitě,15965
zvítězilo,15596
expedic,14545
doplněním,24570
aacute,24765
samohlásek,21555
mocenského,16358
dosáhneme,9047
záplav,18696
prsou,7104
ojedinělé,12137
listnatých,24766
změnách,14552
oslav,17649
doporučeného,4282
skutečnostech,7738
riding,24767
vesnicích,17980
zařazeni,14104
perspektivě,20695
diakonie,24768
záměny,23455
prožívali,20831
pestře,24769
řehole,24770
doplněn,9115
sudech,6591
zámožné,24771
růžová,3310
financována,6075
zmiňovaných,3957
roztroušeně,24772
narozenou,11817
vřelé,13034
majetkového,7755
pružin,19039
toxicita,19234
předepsaném,5428
choreografii,24773
zmírnil,24774
ahoj,24775
myším,24776
potrzují,24777
departmentu,24778
proslulá,8158
nepříznivých,7664
klikni,24779
army,24780
prosincové,24781
čárkovité,24782
skupenství,24783
korunních,16888
protagonisty,16906
false,24784
poutavé,5469
vyhlášek,22856
stonky,6211
červenohnědé,24785
interpreta,2938
ska,24786
mírového,5414
výraznými,5535
náležela,16801
vystoupila,20659
závažnost,17065
usilují,21905
politička,4970
svírají,23006
privilegia,19866
nejaka,24787
vnese,24554
pasů,4615
visit,24788
oliv,15209
white,24789
iniciovala,24790
neručíme,24791
dopl,24792
prohlubování,24793
praskají,24794
plynových,1412
uzavírat,23282
tohto,24795
rozpadu,16103
zhotovena,7157
lesíku,24796
info,24797
tvarovky,24798
zvěsti,24799
vystavěny,8435
vzniklého,6717
karvinských,24800
kuše,24801
plošin,7151
příčná,6780
sídlili,21792
voskových,24802
příčné,6780
porážkou,21017
zaniklého,6605
záhad,17561
krátkodobém,2989
asijských,3938
indickém,6032
lvy,5690
posílila,15906
reflektují,24803
zemědělských,3086
vybojoval,23368
nedávném,3643
doktorském,4908
akreditací,24804
uznané,24805
girls,24806
čtv,24807
selekce,24808
evakuace,22515
skandální,24809
částečném,7501
tuba,24810
přijmeme,17778
hnědě,24811
dohodlo,24812
kolejnic,18009
doprovázené,18301
metráž,24813
pokrytectví,24814
dámského,4305
látkách,5729
jednostranného,6964
vypuštěna,24815
arena,24816
zdražování,24817
rostlinnými,2538
spadá,19824
stanovena,3113
podvýboru,24818
vzdušná,2631
sprintu,24819
delka,24820
mandátní,24821
kultivary,23740
laskavé,3118
since,24822
pozůstatkem,14048
rozuzlení,24823
osvětu,11262
agresivních,11072
přijetím,21505
šat,6387
zúčastňuje,24824
vyhlašují,19489
výletům,1256
jezírku,8348
obkladu,8207
módních,12928
tercie,24825
obsaženo,9022
trvajícím,18655
lednovém,21975
plavkách,7994
popřál,24826
bazilika,24827
kultivaci,24828
pocházeli,17094
umožněna,10134
nebeská,2549
vyvolala,18605
komplikovaných,4777
návazností,19176
obdobnými,9779
blatníků,6622
předběžná,5223
záď,24022
sesterská,21130
bulvárních,13680
pravidlu,12235
tlamy,24829
zlomenina,21336
inzerátu,4516
zkrácená,10767
dortů,3340
dohodnutých,5088
odlehčení,24830
diskuze,17377
konstatovala,14883
photos,24831
zástěny,21484
izotopy,24687
sjednána,15229
krmných,21238
překrytí,24832
dovolujeme,10502
vstřícnosti,23660
pokřtil,24833
ventilkách,24834
karlovarského,13243
rozpravy,24835
specializačního,24836
zdrží,24837
opakovaném,2436
maďarských,3197
početných,11586
oxidů,10853
chystaném,2901
vel,18885
parlamentních,13132
sobotním,16440
arcidiecéze,24838
kontroverzním,20510
stoka,21313
majora,23592
okrsků,4535
pastvy,24839
depu,17476
hlubinných,23119
bojů,3886
krutosti,24179
komentovanou,24840
vylučuje,23321
ambulantních,8988
latina,15748
pedagožka,24841
střetům,10116
setrvat,17672
jihovýchodního,14114
startovním,10046
separační,24842
vyznává,24843
symbolických,5456
jake,24844
groteskní,24845
upřesňují,24846
pařížských,12878
mocenských,16358
gratulujeme,24847
žádaných,14153
dividend,14453
místostarostou,17739
dárkovém,6206
konfrontace,21080
přitéká,24848
šířka,8607
konzistenci,24849
složeno,2258
platové,24529
schvalování,24850
ocasu,7944
kóty,24851
rekreačního,13903
latinská,15632
ozývají,15216
květnovém,9666
meziválečného,15482
erby,24852
středověkých,3140
rámcového,10472
pátrají,22118
vzorcích,4416
zbavena,8503
věnovaných,4418
užitných,4341
válečného,6484
kojenců,11113
konvencí,22669
polárních,13522
sdružují,18966
hraběnky,24853
starověkých,2833
mračen,24854
mimořádných,6243
slonoviny,24855
zvýšenému,14481
ramínka,12996
humanitárních,19510
nejistota,19292
římskokatolická,17711
anovinky,24856
řekách,12166
náboženském,6146
parapetů,4050
připisuje,23751
hereckých,5330
brzdových,2167
nasazeno,11550
sloupech,2636
provincii,20606
vstřikováním,18026
nedožitých,24857
markýze,24858
ostrovům,2401
odkazov,24859
výnosech,5116
brigád,11369
tits,24860
najdeš,5054
superior,24861
redukční,24862
nalezneš,24863
dřev,3301
nalezneme,10912
přizpůsobivost,24864
sbormistrem,18617
poválečném,15348
erbu,24865
světlým,8138
křižáků,24234
uvolněných,4480
adventu,9063
maleb,3850
ování,24866
zvýšili,14555
inkluzi,24867
zdůrazní,17233
květované,24868
zřekl,24869
okresech,11594
zmínek,24870
elitních,24871
nebývají,5576
nedoporučená,24872
obdobném,9779
částečná,7501
sloučenin,21789
založena,3501
vstřelených,24873
krupobitím,21949
chirurgických,2183
vymezuje,24739
nestala,545
poražena,11734
osvobodili,13392
nelékařských,24874
výbornými,3444
obyvateli,11916
jednotných,2061
ukončila,13088
kvetou,18175
přestřelky,24875
mýtu,5393
výhodných,3784
suspenze,24876
jezer,12227
dřevě,3301
krémová,6080
these,24877
držíme,13076
horskými,3588
tlačné,24878
dos,24879
konala,17227
uzávěrem,18201
pramene,12364
jasnosti,23704
drsných,6364
amore,24880
plurál,24881
vrtu,10285
oslavách,17649
kultivace,24828
široká,12143
koncernem,7064
generálních,8908
vykopávek,24882
učiněno,18785
tram,24883
létech,10351
pokračování,23506
stran,10070
krůt,24884
vanová,24885
sporná,5597
bannerů,24886
ulicemi,17776
plk,24887
vzácných,4061
zdolali,18664
užívej,24888
nevznikla,10494
vážnosti,22999
děkuju,22305
závěrečných,8963
jícnu,24889
samičky,21090
rezidencí,24890
předsedkyní,20448
snah,16211
provdána,24891
zkušebnictví,24892
srovnatelných,4023
přidej,15944
hydroizolace,24893
rozšířených,4124
reedice,24894
tukových,21337
ozdobnými,7564
stáním,24895
hrazených,20275
medvědice,1990
zasadil,22311
sky,24896
bronzovým,11125
rodokmeni,24897
mouce,9315
gesci,24898
postarali,9509
patronací,21635
mol,24899
rovince,24900
judaismu,24901
německých,4774
březnem,14670
sehráli,19858
bylinek,24902
vyprodané,10350
autobusových,2363
vložili,11896
and,24903
příruby,24904
jižněji,24564
bazénech,826
samici,18160
esence,24905
valy,11821
šněrováním,24906
jedů,8271
překračují,21981
vakcín,24907
proroků,16214
vykoupení,24908
vyhnali,14502
pozitiva,24909
věžích,4923
obhájcem,24910
poločasem,12798
both,24911
predstavy,24912
zubních,6084
černě,24913
solné,23387
colspan,24914
egovernmentu,24915
amoniaku,12540
kvasinek,12156
pověstné,4884
zakládají,15525
želé,24916
nukleotidů,24917
zahrnuta,15702
složených,2258
pražskými,5289
vyznačeno,18511
datumovka,24918
vazne,24919
nadějné,5641
zahynuly,15303
triumfu,17623
ohýbání,19049
mistryní,24920
hnědými,8356
olympijská,4157
rubrik,15994
vyčlenění,24921
kolekcích,21026
mléce,3562
zkr,24922
gramáž,24923
hloubení,24924
singlu,24925
spojencům,3669
bitev,18016
spouště,4991
symfonická,2923
miamia,24926
nadací,16652
tradicí,24425
ságy,24927
smažíme,2504
patina,24928
milostných,6930
torpédoborců,9541
vyhnáni,14502
rozpustnost,24929
narodilo,17168
zpevněných,21386
transparentnost,24930
oktávu,17482
dómu,14258
čtk,24931
intenzivních,16476
způsobili,8639
apoštolské,9763
prestižním,14991
přímých,2720
odchylkou,17861
dlouhá,4386
hraběti,13959
tajit,24030
osmažíme,24932
sněhových,9677
působila,16986
kity,24933
trápiť,24934
dolina,24415
holá,3795
panstvím,20291
třicátých,24935
aplikovaného,2192
západoevropských,24936
eukaryot,24937
zveřejňovaných,17920
sjednocování,24938
zváni,24939
aloe,24940
respektem,12611
odesláni,24941
nedobrovolné,24942
hráno,2771
chatová,24943
cedulí,16346
vyčleněním,24921
litého,24944
ráže,24945
provide,24946
krypty,21098
uzavírací,24947
příčném,6780
esenci,24948
přílišná,21566
bohyně,24949
výlučné,24950
till,24951
svrhl,24952
odečteno,24953
skončila,11816
kříží,24313
započaté,24954
estetických,6683
následných,4001
ředění,24955
dějištěm,22988
feat,24956
zavádějí,14684
vertikálním,17024
postranními,17342
činila,11611
chromatičnosti,24957
osadě,16859
kon,24958
chronická,5662
prohlubovat,24015
úte,24959
tamním,13157
zahnuté,24960
šéfkuchařů,24961
shoda,21706
dotáhli,24962
účinných,3316
nezmiňuje,24963
vicemiss,24964
ethanolu,24965
čepy,24966
hrabství,24967
nečekaná,20244
klimatická,15332
poly,24968
vyvrcholily,24461
sladkovodních,12047
koupeli,24969
nitky,24970
dýky,24971
trojicí,15988
krajkou,23688
průhlednost,24972
granátů,3648
potravinářských,1882
desátky,24973
koeficientem,18153
výhodnosti,24974
církvím,12233
stoupence,23269
nápisu,7283
háky,6997
věno,24975
padlých,16293
vžil,24976
rezoluci,23215
skutkové,24977
spodního,13270
rakousko,24978
brněnským,2246
pánvi,13967
sestřelů,24979
zdobena,18797
otravě,13561
dávkových,24980
posílily,15906
kmeni,24981
vyslanci,15355
utkali,19347
rozdílným,12981
formách,13259
manažerkou,24982
kvasnic,15189
zaráží,24983
častými,5821
neúčast,21979
bydleli,9857
osách,18613
filtračních,24984
zákonech,3714
che,24985
radikálů,23756
zalijeme,13899
legendárních,9847
spolupracovaly,17732
pojednávající,24986
provdat,24987
vikariátu,24988
sekundárních,10551
rybníků,4039
výtečné,6372
width,24989
pozastavena,18948
roštu,7324
garancí,23728
okvětních,24990
královskému,2487
prudkou,8893
smlouvách,14948
zaniká,24364
obviněni,6669
žhavé,8191
podobají,8130
výztuže,24991
stuhy,20972
odvážných,5491
vášnivá,9684
odlévání,24992
zapadá,24993
pramálo,24994
prodiskutovat,7305
pěším,14768
okvětí,24995
účelová,15789
příchutí,24996
pokorou,24997
líci,24998
plovoucích,8381
vleklé,24999
května,20023
skotských,8090
zbytkových,16783
květináčů,2483
horizontálním,18140
slevových,25000
měšťany,25001
bobů,8627
rozšiřujeme,18134
návaznost,19176
zálivkou,25002
cyklotrasy,25003
debutovalo,25004
those,25005
jednostranná,6964
podobní,4952
okrajových,21077
rozeta,25006
obratlů,16948
semeny,9156
řečtina,24074
perských,2648
dílná,25007
manželského,3847
výskytem,11809
dubna,16151
sena,15158
stoupencem,23269
odrážejí,16819
příjemných,4747
řečtině,24074
vzájemným,11878
spojek,12681
poválečného,15348
prolínají,21510
epizodě,20004
poporodní,25008
hřbetu,7389
osolíme,24134
zvýšena,14481
německém,4774
pěších,14768
šťastnými,3345
sídelních,16635
sezónně,25009
vpravdě,25010
sídlící,25011
velezrady,11172
nejkratším,3284
varieta,25012
někdejších,6950
zmírňuje,25013
dir,25014
dialektů,16675
divokých,4126
nejisté,3517
vymezených,5163
ráně,12678
groše,25015
pointy,25016
vznikajícím,15669
demisi,25017
klasy,25018
podporujeme,10634
dřevěných,464
rozšířili,10311
zataženo,20827
strukturách,14192
obrácení,6648
vymezením,25019
skel,3261
standardizovaných,13883
rekapitulace,25020
diecézi,25021
bahno,25022
akutních,14571
vánočních,8650
účinkování,25023
zapracovat,24026
smekám,25024
kožovité,25025
severně,25026
mil,13104
zkráceném,10767
mušlí,18669
parkovacích,8141
malebném,17970
oválná,10449
vděčnost,24387
dosáhly,9047
uplatnila,12210
svedena,25027
pramenů,12364
objednatelem,16561
pivních,16266
usídlili,25028
blan,13272
jazýčky,25029
zahrnula,18582
jmenujeme,12358
zachována,4536
urban,25030
úhrnem,25031
násilných,18081
jihočeských,13652
natural,25032
uzavřených,3131
hezkém,8939
mašle,25033
von,1664
legenda,17092
onou,1153
kmenů,5089
laděná,25034
středových,5436
tra,25035
zavázali,16765
kouřovým,25036
petice,14019
újma,16361
redukují,25037
dohodla,19561
potkáváme,21971
lůžkových,5929
antikorozní,25038
interpelace,25039
hypotečních,8267
nádechem,10376
uváděny,9764
roveň,25040
recenzovanými,25041
žalmů,25042
zrada,18322
logistických,23403
izolačních,16492
reportáží,18024
hlenu,25043
regulačních,12281
okrajová,21077
uctívají,25044
podkoží,25045
rozhodujícím,12822
lécích,1254
fialové,7425
vedlejšími,17123
hřbitovu,5099
nešťastných,25046
střech,5928
skandálů,9667
navýšena,25047
výhodnost,25048
jezdeckého,7270
mit,25049
dick,25050
betonových,1264
gramáži,25051
zakládajícím,21798
manželi,785
strádání,25052
předvedly,8380
zvyšovala,19740
akustických,3528
zbožnosti,23579
nížin,25053
výhodě,10392
máchání,25054
spojovány,17353
delších,4386
vejčitá,25055
sídlišť,13344
inch,25056
obřady,9389
biskupem,16479
snižováním,22385
rozpuštěné,19299
vytrvalou,8424
mimořádnými,6243
xenofobie,25057
kajka,25058
přejeme,9519
vera,25059
dobyto,8928
vzdalo,25060
dešťové,2690
zmírnění,25061
hovořila,16133
pískovců,3520
zvýraznění,21370
skalních,14411
ské,25062
kategorii,17941
afrických,4327
medové,25063
prázdninových,2906
přijata,3873
nacházíme,7416
rebelů,4204
zemin,16082
oboustranná,3127
dobì,25064
ohnivé,14137
bojových,2235
izraelských,5763
horního,16594
kóta,25065
prospěšnosti,25066
žijícím,17512
římské,12262
prudkému,8893
lahůdek,25067
přidávají,21232
předložena,4988
objevených,10278
dočkalo,17727
žita,22394
eposu,9239
dopustili,10390
pocházejícího,22089
souznění,25068
spol,25069
ostny,25070
vynikajících,14440
ověřených,2716
přeživších,25071
žlutém,7278
opaku,16813
můstků,2250
liberálních,12058
nejstaršíchdle,25072
determinováno,25073
his,25074
narodila,17168
rue,25075
příchuť,24996
diferenciace,20399
koeficientu,18153
arcidiecézi,25076
značného,6035
pokračovalo,18706
štěňat,1983
věnování,9810
povrchových,2261
brno,25077
směřují,11846
vstřícné,14815
smrtelných,3087
zazpívali,19851
pořádali,14907
čtvrtečním,15993
mediace,25078
očních,8965
strmých,11900
novele,23535
treatment,25079
detailním,14730
zviditelnění,25080
stopkaté,25081
posílilo,15906
východě,8733
středními,6831
druhově,25082
poloosy,25083
vystavěna,8435
zúčastnily,15391
šťastných,3345
zavítali,25084
následovala,12372
lokalit,20177
roucha,24185
nedorozumění,25085
branné,25086
porodů,4652
velikostech,11826
mexických,8762
niky,21805
širokého,12143
přivítáme,17339
terénních,10100
vetsinou,25087
čepelí,18352
spořitelen,6465
žaludečních,12335
dvacetileté,3722
týdenních,5385
âástka,25088
musite,25089
jizvu,25090
válečná,6484
kryptě,21098
imagí,25091
vystoupili,20659
nuuna,25092
pastvin,17903
vyslance,15355
odlišnými,9927
dláta,25093
ustavena,25094
konců,13457
operetní,25095
jarním,14661
html,25096
střílení,25097
biopaliv,25098
areálech,3477
zařazených,14104
svatém,5050
matrikách,20979
prevalence,25099
podplukovníka,20987
šarže,25100
popisováno,9390
tíži,25101
urcite,25102
operních,16322
jubilea,18247
zohledněn,15186
pigmentace,25103
moku,25104
neutrality,16066
setů,25105
olivové,5300
nepostoupila,21096
uzavřela,20031
alla,25106
zdrželi,14518
odehrají,21250
drsná,6364
garantujeme,20759
setin,25107
otravy,13561
brazilském,12673
uplatňována,17278
novely,23535
šněrování,25108
svíce,25109
svůdné,13711
štěpení,25110
značném,6035
šlehačky,25111
střeleckých,5753
dešťů,4850
velryb,11258
římským,12262
podpořila,17541
střelného,19448
dobyli,8928
popularizace,15060
pahorkatině,22959
vítìzství,25112
rudá,6033
sloučeno,14962
žlutá,7278
nevylučuje,23321
upsání,25113
přispějí,15706
ocelových,1873
vyprostit,25114
odlišují,23976
vzájemnému,11878
ocitají,20011
rodných,2492
válečnými,6484
souhlasim,4139
křiž,24313
tanců,6148
vyhláškou,22856
vřesoviště,25115
tanečníků,9598
katolických,2689
obvinili,19001
kilogramech,5221
pokračovali,18706
veta,25116
zabraňují,21530
dějově,25117
společenstvím,20765
zbarvené,16630
červeně,25118
antracit,25119
švédských,5141
hezkých,8939
zmírní,24774
situovány,23152
románských,6360
zajišťována,21711
prenájmu,25120
dosahovala,17694
plesů,3836
ohmů,25121
vypustili,14134
mimořádná,6243
kolaborace,25122
continuo,25123
pekle,12900
přepadu,25124
atypické,9196
trvalých,4579
zúčastněnými,17982
klanu,11057
světelností,25125
countries,25126
stání,25127
navazujícím,19063
milovnice,7309
hladin,16808
hlubším,8631
podpořené,11090
dopouštějí,25128
sudetských,25129
stromků,987
náznakem,10330
zónách,4738
karlovarské,13243
karbonovými,21087
majetkových,7755
mìsto,25130
ubytovacích,16992
bund,2524
homosexuálním,17532
motivech,25131
verši,7392
sla,25132
výší,23926
říšských,9645
dik,25133
konzervativních,10183
vytrvalá,8424
čtyřhr,25134
sedcard,25135
výběžky,15120
kantonů,17063
evangelických,11779
pravicových,1506
tlumí,21409
nositelu,25136
germánského,23022
začlenění,25137
připravována,7786
včerejším,10630
udělili,11188
představiteli,11983
vesnička,23237
přeložky,25138
aminokyselin,15675
rostlinných,2538
novelizaci,25139
obrysu,4608
dramatická,9364
pocta,24537
ateliérech,25140
stoupala,20423
dědičných,6741
neurčité,1525
legislativního,17489
srážkami,12291
točené,25141
úpletu,25142
mast,25143
členkou,21218
bojích,3886
zbraních,4015
výstražných,10886
memorandum,25144
matrice,20979
stoupání,25145
hustoty,17538
posunem,10106
vyjadřovali,17606
kyselině,16920
mesto,25146
homo,25147
navrhovány,9956
plaveb,11211
císařským,7282
oranžově,25148
délkou,20247
nazýváno,11679
konaném,25149
vápencových,25150
vápně,19564
zastávek,17237
pořádány,14907
krajanem,9631
panování,23000
klínu,25151
zjevná,7276
nutričních,25152
pupíku,25153
vévodů,19185
charakterizovány,11705
konsenzu,15228
skutků,7555
poslaneckých,9730
pojistných,4174
rituálu,25154
hcg,25155
vyjasnit,25156
překrývají,25157
tekutá,3949
kouzelných,4621
březosti,25158
popsána,10649
dotkla,15971
léčivá,5547
formaci,25159
biskupovi,16479
menšinových,23896
hlubokými,8631
poskytuji,25160
přísada,17447
totožného,5419
žláz,11676
děsivých,7046
jasných,6732
historek,14645
hrází,21171
domorodých,20625
spřízněných,25161
pata,22918
femme,25162
derivátů,11199
sborem,4363
popírají,16880
kolísá,25163
farností,21737
tuhostí,25164
přimícháme,25165
lehu,25166
dutých,8561
výrazná,5535
cup,25167
korba,18527
bylin,13617
kaše,22557
patřila,11928
indonéské,25168
působily,16986
liberálním,12058
pozůstalým,23125
oxidačním,25169
výrazné,5535
působili,16986
místopředsedkyní,20724
ražba,25170
podlehl,20171
pařížská,12878
rozmanitosti,24749
těma,747
fandím,25171
within,25172
asymetrická,5396
mikrogramů,25173
odlitků,7461
podíleli,18843
přepravovaných,25174
podpořily,17541
symfonií,13720
nacistických,2497
korály,25175
void,25176
pohanů,25177
sirotky,8461
zkomplikovala,17039
obkladů,8207
zastoupení,25178
přibírá,25179
špiček,15472
obřadem,9389
tělové,12529
uherská,3372
padli,4420
hladkém,3352
postoupení,19354
vyznívá,25180
rozvětvené,25181
ryzost,25182
matrikářky,25183
výročních,15716
vyústily,19940
vznikajících,15669
předkládané,25184
slezských,14149
negativních,18063
neuspěla,6455
pozorovány,13288
odlišném,9927
kmene,5089
plameni,6945
výjimkami,22699
mší,15742
přileb,5777
stabilizaci,23939
zajímavém,5127
tělech,2681
vyšlechtěna,25185
spolupracovala,17732
nádhera,25186
uznávána,19079
převzali,10180
homologace,18732
dohodnuto,5088
zvrátit,25187
okrasných,25188
královském,2487
řemeslná,19701
zklidnění,25189
shrnutím,23817
chronických,5662
tónování,25190
vrhu,15378
nadýmání,25191
setrvání,25192
poutí,20160
dvouletém,5674
rozhodného,15671
cze,25193
lichá,6319
ryzosti,25194
převažovat,23904
ekvivalence,25195
listopadem,12182
druhotných,19585
řetězů,5913
zapletl,25196
koloniálních,17151
zdůraznění,25197
kolene,5011
arcivévodkyně,11796
rumu,5228
pastvinách,17903
madam,25198
mir,25199
bolestech,17207
hraničního,15263
přilehlými,5406
granulí,25200
stélka,25201
sirupu,2972
zmírnit,24774
cihelny,18675
energetickém,2171
městy,9257
procesí,25202
postupné,12018
teologická,23720
posvěcení,25203
indických,6032
zasazené,25204
prominutí,8185
chromovaná,18169
kloubech,3655
příl,25205
promenáda,25206
mon,25207
držitelka,12212
utkaly,19347
vyobrazena,25208
dusíkem,12108
smluv,14948
ustanoveními,22137
ohledně,25209
sousedními,10165
vroucí,25210
inspirováno,15460
dílců,21683
křidélka,25211
zmatky,10438
jooo,25212
vzniklých,6717
lithia,22096
povinných,3172
záhonů,3523
dřevostaveb,11746
oficialne,25213
distance,25214
obohacena,10159
ústeckého,25215
mincovna,23661
podivná,3728
borovice,25216
doložená,25217
fregata,15683
nalezišť,25218
teritoria,16569
kontrastuje,25219
schválená,4218
střídáním,21235
číslovaných,25220
označeni,10475
přizval,25221
hanba,25222
vinice,4779
dubnovém,22376
tukem,4059
pražská,5289
převaha,19396
náboženstvím,17324
vzduchových,1996
brazilského,12673
zaznamenána,2438
vládli,12776
vyplacených,23467
evangeliu,25223
podepsány,5416
kořínků,25224
kondenzace,25225
koukni,15159
prestižních,14991
severněji,25026
chotí,20550
očkem,25226
hvězdách,10161
neutrálního,23922
zajali,22572
španělských,7333
nunacek,25227
dalších,10242
èást,25228
travnatých,19919
štola,24021
vyvlastnění,25229
vyrůstala,17455
zakončené,23028
romantických,5356
khaki,25230
lázni,14409
obklopeno,24092
lot,25231
zvýrazněny,21370
minor,25232
obsáhlém,4942
přítoku,23336
širokém,12143
rubu,23071
sudů,6591
cast,25233
pruzích,4803
obsazování,25234
brejku,25235
aktu,11688
hovězím,8147
koalicí,25236
indiánských,20917
přisedlé,25237
marie,25238
crazy,25239
zkvalitnění,25240
ceněné,25241
obhájkyně,25242
sezónních,21138
převahou,19396
rozené,25243
rikala,25244
pušek,8197
gramáží,25245
jsu,25246
spojích,15738
srostlé,15804
sahá,15540
krovů,5626
zirkony,25247
uvolňují,14786
bilaterální,25248
sjednocením,22809
ekumenické,25249
kopí,25250
dějové,25251
městě,9257
jmenováni,2908
slin,16943
pump,5533
tez,25252
sloučila,14962
stromořadí,25253
vražd,7875
atraktivity,25254
osvobozena,17908
molekule,25255
ústupky,25256
dolním,20379
odporují,17795
omáčce,12702
zářila,17639
road,25257
věnována,4418
cam,25258
rytířských,3623
rivalita,25259
linie,24558
sin,25260
nedalekých,7268
družstvech,5824
prošití,25261
originálních,9127
tragická,12149
zvláštních,17964
růžově,25262
židovském,3688
mulče,25263
cem,25264
přípustná,11973
dia,25265
liturgických,22556
nearabské,25266
nezapomenutelných,21868
voděodolnost,25267
zaručujeme,13103
obřadů,9389
udělovaná,25268
civilních,7061
omotávky,25269
opereta,21518
těžkých,2110
žilek,25270
četným,23130
kolínské,25271
citačních,25272
bohyni,24949
obsažena,9022
persons,25273
závisti,22758
božího,13555
čarodějnictví,25274
diplomatických,18716
zevně,25275
continue,25276
zalidnění,25277
romantickém,5356
odhadována,12331
vyznavači,21481
vyobrazení,24133
terciárního,25278
kontroverzního,20510
nesouhlasili,12040
zazpívala,19851
upřesnění,25279
negace,25280
stříbrných,4605
libereckého,16409
prožívají,20831
dějí,10876
divokými,4126
převažují,23904
kouřové,25036
deep,25281
ležících,9703
pani,25282
úplných,3338
zpravy,25283
moll,25284
pluků,25285
dolině,24415
květnového,9666
boule,25286
nase,25287
královně,15070
destinace,25288
slideshow,25289
přijati,3873
suti,25290
boilies,25291
noclehů,12468
currendo,25292
smlouvám,14948
okupačních,25293
výjimečnost,25294
method,25295
odvozeny,10448
ukončili,13088
získáno,7265
porážce,21017
popisilustrační,25296
pokory,24997
pozorováno,13288
smrkových,4749
results,25297
rasismu,6986
přísad,17447
fúze,24725
tema,25298
freevideo,25299
sádry,25300
přehlídek,16279
articles,25301
vymezení,25019
závorkách,22807
hledána,8169
podělila,18306
úzkém,3074
plastických,8025
stavebních,8302
argentinského,14079
pískovce,3520
předběžných,5223
představitelka,25302
odpuštění,25303
přezka,21118
tmavě,25304
dtí,25305
zadávacích,25306
vodorovných,17731
dílčím,16175
oznamují,19658
kloubních,25307
najdte,25308
kolonie,24216
patřících,18186
libi,25309
glovers,25310
ohne,25311
směřujících,20573
zpolatněno,25312
vyplul,25313
významnějších,6301
posvícení,25314
injekcí,18734
stoupenců,23269
kvìtna,25315
magických,1973
uzávěry,18201
lina,5210
ustoupila,21443
příbalová,25316
zastihla,25317
růžice,25318
postech,11758
jedovatých,13807
paniku,17957
buxusy,25319
osad,16859
vyjednat,24643
egyptská,5333
západně,25320
belgické,16070
pozdních,15946
nadchnou,12833
společenstev,13852
etiologie,25321
vídeňském,14365
neskutečná,395
plzeňském,13369
alkalických,25322
zvonici,25323
překrásném,7524
zlaťáků,25324
dla,25325
předčasných,7303
dosahovaly,17694
palmového,8844
pondělním,20161
cislo,25326
křížením,25327
vypracována,2789
dìtí,25328
zachovalých,1599
spoluúčasti,24075
events,25329
lordů,19870
oparu,12676
zmiňováno,17669
poděkování,25330
duhy,22034
násady,23087
půdního,13065
zeminou,16082
výplní,25331
nažloutlé,25332
sekrece,25333
vyloučením,21439
modrých,3599
beach,25334
obětech,4400
spadajících,21143
zachovaných,4536
peruti,20067
kombinacích,19112
výjimečná,6656
radikálních,16046
křesťanů,6020
odbočení,25335
druzích,9141
posilují,11626
uzavírka,25336
produktových,25337
víkendových,3575
sestupující,24095
ustoupil,21443
nazývána,13681
deklaruje,25338
pat,25339
try,25340
protestanti,22257
minim,11770
luku,25341
obdobná,9779
trub,860
vyvěšení,25342
local,25343
zídky,25344
vřele,25345
manipulačních,15485
lipidů,25346
intravilánu,25347
pri,25348
wild,25349
řepky,20579
vytéká,25350
close,25351
tem,13006
olivově,25352
zazněly,19620
dog,25353
právì,25354
čsfd,25355
organických,2446
sjezdovek,8019
sinic,25356
sody,25357
lokalitou,20177
lítosti,25358
černých,2894
spolupracovali,17732
zdaru,24067
vyvrcholilo,24461
vítězi,8143
sídlech,25359
zku,25360
šumavských,20643
potopila,15967
kvalitativních,13931
nádherná,6587
přezkumu,25361
rozmanitých,5750
zvanou,11408
vystřídali,13005
výčtu,11742
zasedal,25362
kořeněné,25363
nedělních,14609
zazněla,19620
baráži,25364
krásných,6129
slavném,2814
navázalo,19684
hřebeni,1946
záboru,25365
zvonu,7886
zazitku,25366
masných,20678
vyznávají,25367
vítáni,18902
doušky,25368
knězi,6041
genderové,25369
představeních,16879
miluse,25370
esencí,25371
podpořeno,17541
vykazují,11931
ich,25372
množstvích,13643
braní,25373
redigován,25374
utěsnění,25375
splynutí,25376
vzájemného,11878
korytě,25377
vikářem,25378
zakotvení,25379
žádaná,14153
pojmenovana,25380
nazývají,13681
kontrastním,22971
útvarech,2708
boků,8799
aliance,22878
zeleni,25381
poslankyně,25382
stoupáním,25145
specifik,25383
lní,25384
zaschnutí,25385
vedlejších,17123
zdůraznila,17233
vratné,21422
odehrály,21250
bída,22464
vzpouře,13386
sweet,25386
bezu,14722
beauty,25387
pevností,22795
then,25388
foot,25389
atmosféře,14886
vypsaných,25390
oblačnost,23182
plášťů,717
vyvolána,18605
pochován,25391
četná,23130
perel,16469
nationale,24008
mic,25392
konali,17227
odstoupila,23378
rozená,25243
andělů,7288
končila,13094
lebek,6501
zalezi,25393
vespod,25394
těšíme,12138
lepku,13634
short,25395
tupé,6349
čtyřhře,22200
enzymu,9432
vyskytují,21194
cizinou,7149
obhájil,22941
kulturními,12571
zařadili,15371
odpůrcem,25396
zrušuje,25397
reportu,25398
dějstvích,22949
slezská,14149
kaktusů,14646
plotů,2033
růstových,8103
zahradnická,21253
vylučování,23321
patrony,20238
jejíhož,22574
neopakovatelné,22951
ích,25399
uctily,25400
předvádějí,5900
valign,25401
potratů,12911
objemech,7725
hradech,1355
volitelů,25402
obc,25403
vládnoucích,18334
kem,25404
zasazení,25405
ranami,12678
dočkají,17727
mocnosti,24148
zmínka,18446
vysvěcení,25406
cnc,25407
žalob,6689
muslimům,6281
mobilizace,23863
feny,25408
dědičného,6741
mesta,25409
zálivem,12205
úmluvy,23620
alejí,21668
základen,5891
tvářích,5282
maxim,8670
liniích,24558
sudetoněmeckého,14732
spatřovat,21618
takzvaném,2553
emulze,25410
debutového,17145
pletiv,12438
sekty,16575
výšek,9241
dělnice,25411
mohyly,25412
jakémsi,2294
válečných,6484
dresech,4487
komplikují,20675
pahýlů,25413
minerálu,25414
patřili,11928
zásobovaná,25415
filipovi,25416
zbarvení,25417
pocházejícími,22089
přidali,15944
pátých,4551
slibů,6217
podlehla,20171
zna,25418
měšťanů,16894
tyčinek,16514
ostatků,25419
pečeme,15790
koncentrací,21638
připouštějí,18778
arabském,4820
mìsta,25420
sekrecí,25421
peáž,25422
ahojky,25423
vínová,25424
tanečnice,9598
vycházková,25425
pohanských,22583
clubu,25426
kardinálem,17424
liány,25427
výprodeje,19077
podlimitním,25428
jpg,25429
absolutních,12132
samá,1061
pokračujeme,18706
skalami,8985
zvaní,11408
sexuálních,8245
skly,3261
dolního,20379
ústních,12869
preferenčních,25430
klínku,25431
náboženských,6146
výživových,25432
držely,13076
sjezdem,12643
ztotožnění,25433
pražských,5289
ligových,3853
ech,25434
lisů,7385
zakončení,25435
patě,22918
netto,25436
pohřbívání,25437
údajných,2847
sráží,25438
vyjádřeno,15919
hrůzné,25439
sti,25440
podléhají,18188
pase,4615
dubových,3168
rozvodí,25441
lítost,25358
hrdla,15712
pohřby,6318
makléře,8474
posílili,15906
garantem,10617
anorganických,17827
rakouském,7073
aréně,25442
zakončuje,25443
dodacích,20465
šíři,25444
clo,23059
ekvivalentu,7700
výraznějším,5535
vyjádřeny,15919
jmenována,2908
koupele,19066
povedly,25445
udělených,23341
destinací,25446
nastalé,25447
serie,25448
communis,25449
pejsků,1278
legislativním,17489
zak,25450
pohárů,4948
pramenech,12364
vyskytovala,21194
podoblasti,25451
zúčastnili,15391
figur,16362
očištěna,7642
běhů,1087
plc,25452
participation,25453
podél,25454
řazeno,16612
xxx,25455
větviček,19443
tygři,5134
týkala,17497
vícedílných,25456
nazvanou,9660
úmluv,25457
přítoky,23336
navazovala,17587
rozptylu,18356
roštů,7324
svatbách,17483
bláta,19307
histoire,25458
rodem,15041
osedlostí,25459
krokodýlů,1689
vítání,25460
infos,25461
měr,13374
žlutými,7278
olověných,22833
story,25462
skalním,14411
prsy,7104
lidovců,25463
nápadná,1140
syté,25464
pahorkatina,22959
setrval,25465
zetě,15135
biblických,4857
australských,5007
umu,25466
novelizace,25139
meta,17566
zkrácena,10767
slibu,6217
vrcholí,25467
límcem,9643
náhledu,25468
zařadily,15371
øíká,25469
večerních,10947
švédském,5141
baleno,3320
zakladatelka,25470
stélky,25471
nálevu,25472
milovníkům,7309
dívčími,7336
krveprolití,25473
trny,24165
monografií,25474
oacute,25475
vidlic,25476
pramenům,12364
ostřikovačů,25477
dozvídáme,22434
dramatických,9364
dodatkem,7548
prosadili,18571
skalnatých,8372
veselých,4922
esenciálních,25478
vertikálních,17024
doplněných,9115
vine,11761
hustých,4741
giveaway,25479
zvonice,25323
omáček,12702
chválu,22127
dominance,25480
povstalcům,13980
obrů,4855
přihlásitpřihlásit,25481
nejasné,6732
nauk,25482
zlých,2121
oblastních,14245
zařazeno,14104
aux,25483
močí,16557
světelnost,25484
medová,25063
předkládaných,25184
dánských,8499
zajíždí,25485
strání,14630
severojižní,25486
pøi,25487
vyvolají,18605
takove,25488
ohromujících,13124
dcl,25489
dodatků,7548
cyklotrasa,25003
rány,12678
zakládací,25490
stech,13027
oznámena,17924
nordic,25491
ramenech,6272
zaujali,12247
probojovala,25492
účincích,9619
deutschen,25493
předminulých,25494
lhůt,17486
nýty,25495
situováno,23152
pozitivních,19155
pocházejících,22089
koordinace,24333
druhové,25496
řezníci,7684
komunálních,18687
vyhláška,22856
lemují,25497
hus,11580
dotkly,15971
hlubších,8631
dárkových,25498
kolony,22533
strie,25499
vata,15903
širokému,12143
závazného,11260
zvl,25500
doložena,15588
komická,23897
kořeněná,25363
gepe,25501
garantovaná,25502
odchovancem,9921
výhřevnost,25503
stáčí,25504
zastávkami,17237
bal,3320
přežívají,19716
textilních,15275
rozdílná,12981
šatech,6387
klášterech,2610
samičích,17042
ležícím,25505
pohřbeno,25506
loukách,11124
dies,25507
stanovením,24692
výhodách,10392
semen,9156
aktualit,19281
tělních,15567
připsala,18217
chorobách,4058
poznamenána,23873
vystupují,17674
rytí,25508
sahají,15540
střetli,25509
zastoupeni,10006
pomáhajících,25510
posunuta,25511
uzavírání,25512
střešních,9369
tragického,12149
zapadají,24993
obtížích,11053
aretace,25513
majetků,144
stád,10050
výr,25514
dekorů,25515
etnických,2510
hrazeno,11097
amour,25516
panenek,5287
stojatých,25517
řeckém,5073
zahuštění,25518
artist,25519
realitním,7295
ranních,11614
plul,18084
svěření,12579
portugalském,7394
peřím,17830
norských,11450
vstupné,25520
areně,25521
vzdušných,2631
upuštěno,25522
nezakládá,15525
zasluhují,22702
důvodové,25523
vyhlášená,9758
provázela,19315
zastávali,16820
matrik,20979
angažuje,22032
vyhlášením,22603
promítlo,8177
koalice,25236
lázeňských,7310
opačná,12352
vyznačeny,24689
stručná,8155
chovech,6682
navazujícího,19063
průlivu,5807
mírném,7798
čestných,1545
zakládány,15525
uměleckém,2126
finských,6847
hodnoceni,5031
segregace,25524
podpořených,11090
štafet,19154
reedici,25525
posmrtné,25526
římsa,19135
sun,25527
legendami,17092
hromadných,7780
zinku,16685
expanzí,22729
legislativně,25528
huť,25529
restitucí,17062
coz,25530
bad,25531
zřetelná,14535
trvalky,25532
pěstounů,25533
ztvární,21014
odhalených,6175
rem,25534
staženo,25535
sympatií,25536
zpochybnění,25537
uzavřeli,20031
kódechv,25538
následném,4001
libuje,25539
pobytů,1889
nahrazeno,4654
nejasných,25540
kapelách,7997
soutěsky,25541
registrovaní,2187
nacházejícím,18614
odplul,25542
linii,24558
tanga,25543
výrazném,5535
pojmenovaných,7106
pěkných,5103
jezerech,12227
rostlinách,11603
hadů,8871
archeologických,8742
ložisky,15199
odlehčovací,25544
těžilo,25545
plavek,7994
půd,8947
epizod,20004
meziválečném,15482
hliněných,19319
beige,25546
pokračovala,18706
mazu,25547
následnictví,25548
sousedících,6981
latexu,25549
vyjímkou,25550
skotském,8090
urovnání,25551
dochovala,25552
dolinou,24415
sestoupila,22298
tadeas,25553
redukcí,23031
zdobená,10521
vyvěrá,25554
mexická,8762
rašeliny,25555
hranatých,2493
nadmořských,22493
dovozcem,10721
podělte,18306
prům,25556
předvolebních,16876
dánském,8499
plněná,10082
sjezdových,25557
zasvěcení,10939
posts,25558
lenbur,25559
konsensu,12157
tbl,25560
revertů,25561
stanovujeme,22274
kužele,7325
prodloužená,18748
předzvěstí,25562
mléku,3562
záměna,23455
areálů,3477
císaři,12249
gelová,25563
prosadila,18571
výhradním,14424
statutárním,25564
vodách,5296
armatur,25565
ice,25566
kursů,931
ráži,24945
slavností,23325
female,25567
spřátelí,25568
bělavé,25569
podhradí,25570
víz,11880
spadaly,19824
určována,25571
songu,25572
kooperaci,24004
zajišťujeme,15839
krajková,21599
milých,5070
poválečných,15348
březích,6990
podtrhuje,25573
excelence,25574
referendem,14774
zpřísnění,25575
vítáme,18902
alkaloidy,25576
rozpaky,24091
minerálním,17562
jihoamerických,23173
vážou,22201
přesahem,25577
středočeských,17283
cizinecké,25578
odlišná,9927
tradic,24425
zřejmá,12025
žení,23448
podmiňuje,25579
bavorském,18338
lstí,22396
řazeni,16612
detail,18196
upisování,25580
listinách,15913
římském,12262
nedosahují,25581
pondělního,20161
ukončuje,25582
ras,13995
mas,15153
stonků,6211
doprovázeli,15962
jejímiž,22574
vydáváním,23798
mathrm,25583
hlase,928
datují,20545
teritoriální,25584
vykázání,25585
vrchovina,12593
penzionů,25586
příbuzenství,25587
ústavě,8760
přejmenovali,14220
žijícími,25588
kohezní,25589
ppm,25590
starobylých,3183
časných,23083
vyslovili,9871
slavnostního,19476
neuvádí,16847
pojmenována,20364
pryže,25591
ref,25592
between,25593
naleziště,25218
kmdo,25594
spádu,12686
reformních,10991
modro,25595
auf,25596
severské,24490
elastického,9121
přejmenována,25597
mase,4013
odstupné,25598
postranních,17342
diky,25599
lemuje,25600
aorty,25601
nohavic,22776
vypovězení,25602
nizozemsky,25603
nost,25604
uzavřely,20031
přepadem,25605
okrajích,11235
odvozených,10448
věnců,6935
zamířili,18495
roz,25606
arogance,25607
přetrvávají,22466
travních,17915
fena,25408
spoluprací,23550
novelizováno,11827
sporech,10452
doprovázená,18301
lišící,25608
slz,16930
dubnem,16151
pylu,14032
proslulých,8158
zavedených,4105
neuvěřitelná,15977
zánětech,5128
císařských,7282
odbočky,20383
tiez,25609
hojení,25610
jizva,25090
limitována,17800
vévodové,19185
bobulí,13137
přestupném,25611
doufam,25612
gotických,3712
toxických,10207
molekulami,16390
uzavřelo,20031
zdobením,25613
názvuv,25614
francouzském,5973
lesklá,9773
zeměpisná,8229
korene,25615
spjata,12145
vyznačovala,21494
inspirovali,15460
závazných,11260
obklíčení,25616
těsném,4750
vymezeny,25617
rakví,10781
jakododavatel,25618
nevole,23954
účinosti,25619
kotníků,14337
mešit,14121
jojo,25620
celostátním,12844
praha,22297
upright,25621
dražba,12770
jihozápadně,25622
navazujících,19063
krátkých,3284
varujeme,12200
podpořili,17541
dlažeb,25623
nar,11817
slibují,14920
popisupouze,25624
pojmenovaná,25625
bídy,22464
katolíků,22348
vyrůstají,17455
čtyřicátých,25626
nevratná,19191
připsali,25627
značena,17265
dvojce,14161
koalici,25236
listových,25628
noky,25629
protizánětlivé,25630
zakazující,25631
dekoltu,25632
are,25633
postů,11758
krutá,10125
anémie,25634
špičaté,25635
prosazovali,19753
posypeme,25636
údajná,2847
nepodléhají,18188
postupných,12018
ujala,22400
hmmm,25637
citů,18206
uje,25638
obalíme,25639
bojujících,21468
mobilheimů,25640
nasi,25641
charakteristickými,8126
deltě,10028
nejasnosti,25642
zvýšeném,14481
inge,25643
vystřídala,13005
zúžení,25644
vzácněji,24551
zelenými,4580
genocidy,25645
borové,25646
vesničce,23237
rozmanitostí,24749
odehrála,21250
por,25647
teologických,23720
šupinami,25648
degli,25649
říšská,9645
tvrdost,25650
důkazech,3017
horizontálních,18140
lvů,5690
šlechtici,11593
chia,25651
dekuju,25652
sypkých,20302
vyvolalo,18605
kopcích,3686
pozn,1076
územími,17318
dohodou,21078
vonná,19797
arcibiskupem,16004
lady,25653
non,25654
kulových,5095
spojována,20453
hrobů,5621
vmícháme,25655
doprovodných,7925
sprchových,4352
http,25656
lakována,22790
vnáší,25657
dry,25658
nálezů,12633
porážek,21017
piosenatore,25659
rozvaze,13734
smečky,13473
ubytoven,25660
pocty,24537
získány,2698
their,25661
tygrů,5134
neutrálním,23922
sestupnědle,25662
kyčlí,22904
čajových,1379
krémově,25663
panující,25664
pozorována,13288
dosahují,17694
neobhájil,25665
dvojkolí,25666
tajemných,4267
hlavnì,25667
následovaná,15080
panuje,23000
zdvihu,25668
pružných,4208
deals,25669
snášejí,13423
tamních,13157
stehen,10545
dobyta,8928
parfemace,25670
kapelami,7997
sestoupily,22298
vybarvení,25671
turnajové,25672
kybníku,25673
zvedava,25674
zasedala,15164
zpřesnění,25675
polévek,10225
kandži,25676
patní,25677
dua,21531
zvěst,24799
huti,25529
krajům,3314
news,25678
poraženo,11981
kanovníkem,25679
dědici,17904
zmiňována,17669
farou,25680
bílých,2818
nevyhnuli,25681
basů,25682
nazývanou,11679
nosních,17709
jam,13923
strukturálních,16905
vynikají,25683
mar,25684
netkaná,25685
referendu,14774
dýní,15764
šťáv,8608
růžových,3310
protestantských,7115
učni,5008
přítoků,23336
substituce,25686
římskými,12262
kartuše,25687
světci,13063
alexandra,25688
písků,4219
zmiňují,17669
environmentálních,15281
éterických,25689
náletů,10733
retenční,25690
oder,25691
rozpustná,25692
stoupají,20423
zakončeno,23028
rubrikách,15994
hrabětem,13959
jedovatá,13807
spolcích,8970
svahů,25693
otoky,25694
munulosti,25695
bronzového,11125
obklopená,18194
ního,25696
krvavé,12404
jmenovité,10173
smíšených,6108
hlídek,12922
pláň,23902
převislé,25697
nečekaných,20244
garantují,20759
sopečných,22252
prodlouženo,14775
labelu,25698
hornických,23967
rodů,15041
diference,2376
kalů,21136
měkkost,25699
uvidime,25700
výfukových,25701
oblékali,6215
víceletých,25702
ustanoveních,22137
gelu,25703
mistrovská,10766
patøí,25704
působícího,21117
long,25705
provdala,24987
zbořena,25706
lokalite,25707
stastnanevesta,25708
stéká,25709
vyjadřují,17606
srážkách,12291
skladbě,9977
předložením,22929
pobřežních,13628
podtrhují,25573
zvou,15618
návazných,25710
penalty,19686
nástrah,10066
tancích,6148
vyznačených,24689
vodopádů,9036
near,25711
znacích,4016
povaříme,25712
vliesové,25713
usedlosti,25714
str,10070
vyplula,25715
srpnem,20284
završil,25716
gelových,25717
cyklotras,25718
jos,25719
tvrdosti,25650
bolestivých,7334
olomouckým,12659
započtení,25720
doprovázeny,15962
aromatická,23857
sevření,25721
catf,25722
korzetu,11632
sóla,13176
deblové,25723
křížových,4063
bicolor,25724
doprovázena,15962
slavili,18035
kratších,3284
bordó,25725
podzimním,19500
nicht,25726
dramma,25727
opylovány,25728
bgcolor,25729
královských,2487
pokračují,18706
poctu,24537
hodů,25730
řasami,21625
situ,25731
away,25732
formulací,23418
přisuzuje,25733
law,25734
květu,5785
plnobarevných,25735
trestních,8657
zvonicí,25323
svatebních,18205
garsoniery,25736
osvobozeny,17908
otěru,25737
biblického,4857
takzvaných,2553
plodech,5315
fdb,25738
demise,25017
fámy,25739
bodù,25740
časovce,25741
hluboká,8631
belgického,16070
kompenzačních,25742
července,20311
nadačních,25743
keltských,21680
chopili,23879
pózy,25744
křtu,18888
lidovém,2819
has,25745
tie,25746
zal,25747
vrtů,10285
hypo,25748
datuje,20545
jarních,14661
sňatkem,22853
květem,5785
zdrobnělá,25749
angažmá,25750
questy,25751
levicových,2806
červnovém,23820
women,25752
sjednaných,15229
znázorněna,21547
lahodná,6497
témuž,12390
velvyslankyně,25753
nadpisů,10257
sahající,15540
přidáno,15944
tradici,24425
praporu,11533
koaličních,22637
větné,25754
údolími,21520
slavnostech,23325
sekcích,22518
kožních,14721
ozdobná,7564
zastavěná,25755
vystavěná,8435
vzorníku,25756
jihočeském,13652
luštěnin,13481
norském,11450
kladě,25757
pac,25758
lesbická,22594
jedlá,6908
zdejších,12491
řeckými,5073
hojná,20396
párové,25759
sadách,5130
sóji,21373
far,25760
rzi,25761
charakterizována,11705
prudkém,8893
šafránu,25762
doprovázeno,18301
kteri,25763
držav,21899
vydávána,4638
spojnicí,22845
přídavku,18226
bahna,25022
umocňuje,25764
podívej,5632
posílena,18993
púza,25765
skal,8985
vyhlášených,9758
rozporuplné,25766
délek,20247
zásluh,12088
příhod,9910
sehrála,19858
vládla,12776
vyvrcholila,24461
košíčků,25767
jasne,25768
hlubokých,8631
exprese,25769
diskutovaných,22244
vsech,25770
spolupracujeme,17732
podepsali,8649
panovalo,23000
zakončeny,23028
gratuluji,24847
podlehli,20171
minerálních,17562
uskupení,25771
krátkodobých,2989
hojí,25610
mírových,5414
vdovou,22554
podpořeny,17541
kostelech,3321
septembra,25772
vzdali,16789
lip,9658
rodu,15041
village,25773
dočetla,20115
různorodost,25774
sušiny,25775
sur,25776
eau,25777
máku,8794
letošních,13155
rep,25778
korálků,13937
pour,25779
australském,5007
nesuplují,25780
poutním,25781
navázána,25782
api,25783
takova,25784
působícími,21117
křižáci,24234
dýmu,15817
kou,25785
transparentnosti,25786
hutě,25529
zkracování,25787
hraběnka,24853
hřbitovů,5099
zobrazeno,25788
podpořena,17541
nástaveb,11591
temně,25789
zajati,22572
středoevropských,18792
žst,25790
miocénu,25791
západočeské,25792
příměsí,24072
dánská,8499
ter,25793
srpna,20284
délka,20247
náleželo,16801
evangelií,25794
nezávazné,20084
pokutového,6959
hnízd,6828
vèetnì,25795
těhle,675
podélných,4883
pšeničného,17585
germánských,23022
pikantní,25796
přestřelce,24875
začleněno,25797
manželům,25798
prohibice,25799
podívaná,25800
rosa,25801
jemných,4800
obi,25802
protažení,25803
usmíření,25804
šedě,25805
řízků,3474
nìkolika,25806
bohyní,24949
držitelkou,25807
vegetačního,23758
nazývaných,11679
bližších,25808
plodnice,25809
zabarvení,25810
dvouhr,25811
ztroskotala,22847
daru,6164
escort,25812
doi,25813
vyčleněna,25814
pout,20892
jakýchsi,2294
údolích,21520
hnojiv,18014
nepřesná,25815
bájí,25816
překvapivá,20271
četných,23130
eng,25817
kor,25818
rekreačních,13903
milými,5070
krmiv,7018
jaru,15322
bronzová,11125
tradice,24425
podešev,25819
choreografie,25820
hoci,25821
tejto,25822
vyškrtnutí,25823
sesterských,21130
vyvolaly,18605
měděných,6421
absorpce,25824
lamel,24703
jizvy,25090
pigmentů,25825
tónech,6252
vzpěra,25826
štěpí,25827
pórů,25828
svěcení,25829
kajsav,25830
bottom,25831
jezdeckých,7270
ironie,18693
odkvětu,25832
směsí,22243
poctou,24537
symbolika,25833
pdle,25834
jódu,25835
navázala,19684
účelových,15789
nazvaném,9660
hroznech,6649
ceske,25836
stálost,25837
směsice,25838
zvoleni,2769
vyzdvihl,25839
fotosyntézy,25840
překračování,25841
vyznění,25842
sein,25843
para,25844
chmele,10583
půdních,13065
nadřazenost,23571
zastupitelem,13878
porážky,21017
závoje,10345
ene,25845
vzájemném,11878
tej,25846
prsů,11303
rámcových,25847
zbarvená,16630
doplatku,25848
magnolia,25849
nerezových,1449
qui,25850
ostrůvků,5494
pojednávají,25851
homosexuálních,17532
pokání,25852
alternaci,25853
vévodovi,19185
synodu,25854
bídě,22464
mistrně,25855
par,25856
sloučením,22143
přihrávce,16797
shows,25857
úmoří,25858
textur,25859
subsp,25860
smíření,25861
hellspy,25862
umístěni,2633
osedlosti,25863
širších,12143
barviv,15234
aktem,11688
ukončených,11069
elastanu,25864
esa,21620
potřeme,25865
humusu,17983
cmšířka,25866
nejasností,25642
zvýšená,14481
rozpuštění,25867
pojmenováno,20364
tea,25868
situována,23152
cordata,25869
teritorií,16569
velkoform,25870
plynech,2099
mmol,25871
delegací,23243
dřevu,3301
půdách,8947
katolickém,2689
separace,24162
jeruzalémského,16826
označováni,11225
porudí,25872
třísloviny,25873
pplk,20987
bene,25874
březnovém,22058
bitvách,18016
konzistence,24849
rozpětí,25875
pomníků,25876
zlk,25877
angažovala,22032
plzeňských,13369
hydrofobní,25878
spadají,19824
prolínání,21510
provinciemi,20606
věrnostních,25879
psč,25880
panovaly,23000
vypršela,8900
zdobeny,18797
obdobných,9779
každoročním,17952
délkách,20247
přiznána,25881
pum,25882
doktorských,4908
výšinách,22932
ahref,25883
zasazena,22311
color,25884
aktivistka,25885
tags,25886
zakončili,23028
srážkové,25887
race,25888
bronzové,11125
udělována,14152
přezkumného,25889
pupenů,21029
kotníková,22935
krásnému,6129
manchesterské,25890
mělce,25891
únorem,15643
vložce,25892
vzd,25893
párům,12135
povídkách,10663
blahopřejeme,25894
vzešly,21445
apartment,25895
zbarvením,25417
seskupení,25896
pestrost,25897
duelů,25898
seo,25899
oky,4044
dočkali,17727
homosexuality,15965
lig,13066
kryjí,16154
spojenectví,25900
zelení,4580
flexi,25901
vonné,19797
náboženskými,6146
stáží,25902
small,25903
břehům,6990
lišila,18486
lodyhou,23811
ojedinělá,12137
ustanovena,25904
rozpuštěna,20124
júla,25905
prodloužena,11215
res,25906
sborech,25907
egyptských,5333
spa,25908
etnik,25909
liturgickém,22556
zakončením,25435
pozoruhodných,6921
přechodná,8355
formace,25159
jistému,3517
slavnostním,19476
rokle,25910
rezignace,24385
komplexů,5709
hraběnkou,24853
splátkového,7401
dem,25911
cínu,19548
kauz,25912
latinských,15632
žlutých,7278
žáru,18964
rozenou,25243
hořce,25913
vypukly,21536
sedlové,25914
opadavé,25915
děly,14068
potvrzena,5276
dvousetovém,25916
osadách,16859
uzlin,20100
podepsáno,8649
oček,25917
vápenců,7824
mečů,1577
radovala,21120
hořkou,22706
vulgaris,25918
španělském,7333
did,25919
hlavni,20471
zajímavostech,13300
dokumentárních,10531
ústí,25920
zastupitelka,13878
pobírání,25921
gratulace,25922
šípů,17149
samci,22538
komických,23897
základì,25923
pasáží,21320
spadalo,19824
zasazeny,22311
tanečním,15441
zvaném,11408
cihlových,9443
vroubkování,25924
začleněny,25925
plnost,25926
důvodech,6414
doprodej,25927
nekonala,25928
souvisela,17002
vyústí,19940
převýšením,25929
třísetovém,25930
okrajů,11235
obhájila,22941
opcí,23389
koloniích,24216
aqua,25931
teras,4975
krytých,2888
masáží,13750
typových,25932
mlhy,22404
ceremonie,25933
zvítězili,15596
heraldická,25934
diverzity,25935
ozdobných,7564
kvk,25936
uniforem,25937
cyan,25938
kořenech,10018
starokatolické,25939
lesu,5523
vstupného,25520
páření,25940
misek,7525
vádí,25941
vyprodání,25942
zplodin,25943
šortek,10548
lišt,6988
pozdvižení,25944
odsazení,25945
posil,15906
červených,4266
pohoršení,25946
řadových,9485
tragických,12149
sídly,25947
nude,25948
vyústila,19940
křižácké,25949
genu,6171
vcetne,25950
ned,25951
připadla,12964
šištice,25952
zusammen,25953
vítána,19383
zakončila,23028
kaly,21136
říjnem,18077
západoslovenských,25954
propagátorem,19263
dates,25955
čelistí,16829
zaujímali,25956
pocasi,25957
mája,25958
komisích,12585
vesnicemi,17980
podskupin,25959
kmenu,5089
saského,20708
nastala,10772
obklopeny,24092
ustavujícího,25960
lemy,25961
severočeské,25962
přídavkem,18226
koňských,19272
ver,25963
prvovýroby,24704
sie,25964
kruhových,3857
ohraničení,23723
san,25965
rituálů,25966
uns,25967
řas,21625
rozpětím,25968
oázy,21065
vymezena,25969
dodržena,25970
judem,25971
romance,25972
sága,24927
mírných,7798
parcel,12652
ostrých,4254
vystupovali,17674
fot,25973
zúčastňují,25974
titulárním,25975
zdobení,10521
uváděna,9764
vyslancem,15355
jury,25976
ran,12678
larev,18449
národnostních,19733
lidovci,25463
zastoupením,25178
křížů,25977
marca,25978
připisováno,23751
vybojovali,23368
pramenící,25979
šíře,11559
popisných,22927
bobovité,25980
vaty,15903
freefoto,25981
následovanými,15080
hmotnostních,18776
nezdrobnělá,25982
zrady,18322
durch,25983
nou,25984
záporných,3013
loňských,3746
rybích,11989
rtů,13570
udělením,25985
clanky,25986
kúry,18849
ptačích,16042
alma,25987
vyznačení,18511
podhorských,25988
nejasná,6732
starostkou,19689
masti,25989
bojovnice,4125
zmiňovány,17669
vsí,19125
view,25990
nil,25991
suchých,3035
divokém,4126
bohatém,4232
poslankyní,25382
sporných,5597
videím,1568
rašelinišť,21395
popisná,22927
květinových,9191
sukní,18409
exhibice,25992
čar,14325
nesnášenlivosti,23118
těžších,2110
tesim,25993
rose,25801
alpských,8131
vyjádřená,15919
nach,25994
mieste,25995
svadba,25996
koeficientů,18153
paždí,25997
tamějších,15828
významném,6301
extraktu,25998
farnostech,21737
sopranistka,25999
purpurová,26000
smluvních,18272
příčných,6780
sušších,3035
prohlubují,26001
silice,26002
řemeslných,19701
triddlerů,26003
praporů,11533
víl,13448
bylinných,11413
chytalo,26004
zrušují,26005
vyznačením,18511
příjmeních,12479
růžova,26006
saské,20708
officinalis,26007
dohod,21078
nařízeních,18829
kaprů,6996
nowrap,26008
kamenech,641
zvaných,11408
ústeckém,26009
odnoží,26010
nigra,26011
ohraničená,23723
phi,26012
pohřbeni,24435
převaze,19396
pobytových,5122
rebelie,26013
prodyšnost,26014
freevideí,25299
augusta,26015
střetla,26016
uzávěru,26017
príbuzných,26018
nepovinných,10112
ujali,22400
usedlost,25714
nacházeji,7416
dopadech,5638
akceptace,26019
čtvrtích,10308
attached,26020
rowspan,26021
církvemi,12233
výměře,20159
zbozi,26022
jamky,26023
třásněmi,26024
lit,26025
průtahu,26026
psech,279
obyčeje,26027
xml,26028
křesťanům,6020
mmmk,26029
spojeneckých,19153
spojnice,22845
květnových,9666
bei,26030
lila,26031
radikálové,26032
tělová,12529
clanku,26033
nožkách,13463
dynastii,24412
das,26034
rodech,15041
hemžilo,26035
were,26036
setech,14413
panen,11917
vídeňských,14365
lat,26037
danem,26038
oslavili,20125
path,26039
tìchto,26040
species,26041
květů,5785
radostné,22488
penaltovém,26042
zasnoubení,26043
výměn,9479
cupu,25167
svatebním,18205
plnosti,26044
zrn,18476
tuhých,5881
vzestupnědle,26045
obj,26046
tvrdostí,25650
euforie,26047
adventních,17040
datována,20545
vazů,26048
kontroverze,26049
formací,25159
svislých,5401
narovnání,26050
tky,26051
dominovala,9891
stopových,22544
mci,26052
dvojitých,1926
kapitulace,24713
della,26053
pfii,26054
prenájmy,26055
vítají,18902
příčnými,6780
sepsána,26056
radovali,21120
tagu,26057
crew,26058
poválečná,15348
orná,21429
velikonočních,18428
helem,26059
rtuti,22870
koprodukci,26060
iniciace,26061
bolestivost,26062
trsy,26063
písčitých,24462
fialově,26064
skocích,1790
špice,22714
církvích,12233
hrobech,5621
sněmů,26065
ivf,26066
břehů,6990
surname,26067
value,26068
vtéká,26069
dozlatova,26070
asimilace,26071
ných,26072
euforii,26047
podivných,3728
vzešlo,21445
slaných,22196
tradicemi,24425
die,26073
tagů,26074
připisována,23751
jmenném,26075
záruk,3963
prosincem,15493
church,26076
pnutí,26077
eds,26078
váz,21535
patu,22918
pahýlu,26079
sea,26080
okoli,26081
diskutována,7305
ein,26082
dorůstají,26083
odsunu,14491
pachu,21453
una,26084
ritu,26085
toleranci,26086
samčích,18941
výsadbě,19848
severojižním,25486
zastoupených,10006
vyznačují,21494
přeslici,26087
trans,26088
kulatých,3767
sňatku,22853
krvavých,12404
się,26089
cartr,26090
přijímáni,21815
dek,7008
októbra,26091
potyčce,26092
dramatickém,9364
narozena,17168
frakci,26093
vlévá,26094
als,26095
patronkou,26096
property,26097
podzimních,19500
knížeti,15125
zploštělé,26098
rozštěpení,26099
category,26100
ztrátách,13792
křižáckých,26101
utrpěli,16518
tvarech,5849
neutrálních,23922
přísadou,17447
vzešla,21445
sol,26102
zlatých,2773
nizozemských,9273
gallery,26103
senzace,24383
lamelami,24703
rozpoutala,26104
its,26105
roklí,25910
vyvrcholí,24461
vítej,18902
prudká,8893
krvavého,12404
lemování,26106
zanikají,24364
ústím,25920
purpurové,26000
über,26107
kovaných,26108
hrobce,19222
cmdélka,26109
zelených,4580
zastupiteli,13878
rozkoš,19613
einer,26110
nártu,20243
zářím,24552
cum,26111
opačných,12352
kánonu,26112
svateb,17483
lehčích,1091
navázali,19684
předjíždí,26113
panují,23000
mjr,23592
few,26114
žlutě,26115
hořké,22706
parfemovaná,26116
hořká,22706
mag,26117
hair,26118
zápustná,26119
nìkterých,26120
radkaja,26121
pohřbena,19364
ohňů,4094
povinném,3172
kvetení,26122
absorpci,25824
war,26123
freevidea,25299
imdb,26124
orestujeme,26125
iure,26126
gratuluju,24847
kopulí,26127
zánětlivých,26128
diet,13591
smyslná,2501
projednána,18916
nalézáme,12065
lemem,26129
břidlic,18741
mírová,5414
jmenovitá,26130
kaučuku,18036
dešťových,2690
las,26131
římská,12262
natalis,26132
dubů,12298
květenstvích,26133
fúzí,24725
pólů,3780
zpod,26134
otoků,26135
prokázány,11718
vynětí,26136
est,26137
lomech,7707
nazýváni,13681
mrkni,16269
yellow,26138
kladných,7431
triumfoval,26139
valu,11821
břevno,26140
věnné,26141
tku,26142
length,26143
mlpozítří,26144
dynastie,24412
sinice,25356
dur,26145
spolufinancována,24227
lumen,20278
dostupnýprodukt,26146
lití,8208
konaných,15945
wie,26147
bezbarvé,18951
potomstva,22222
prokázána,14073
legendě,17092
spadala,19824
datace,26148
zakotveno,26149
slavnostních,19476
lžic,12970
líbíly,26150
vzájemných,11878
trnem,26151
vyznačena,18511
lnu,17509
tucích,4059
sarinka,26152
hloubkách,15991
zvýšených,14481
very,26153
výfuků,3973
ara,26154
vápna,19564
čepů,26155
těžila,17031
sind,26156
snadne,26157
nur,26158
skoda,26159
podepsána,5416
pěvců,22119
jeţ,26160
síra,24219
poptavky,26161
květech,5785
scull,26162
koupelí,19066
samic,18160
setrvala,26163
prumer,26164
odbočuje,26165
voci,26166
čajů,823
kultur,10857
vyloučeni,14887
transferů,13057
modř,26167
vaků,5161
rozety,26168
krvavá,12404
porážkách,21017
dans,26169
séru,12759
below,26170
úplatku,8750
dekorativních,15358
vyjádřena,15919
jezery,12227
samců,22538
izotopů,24687
završení,26171
hrabata,13959
ploutví,16463
podepsáním,23349
kontroverzních,20510
zpětvzetí,26172
zaniklých,6605
ohraničena,23723
kmenech,5089
tolerance,26086
above,26173
mírem,11607
incidence,26174
svenska,26175
únorovém,23606
výprodeji,19077
der,6055
přeslenech,26176
oldid,26177
och,26178
atraveo,26179
mýdel,8258
ční,26180
approx,26181
lodyhy,23811
rómadži,26182
bavorská,18338
uznaných,26183
garažévých,26184
zasazuje,26185
brazilských,12673
img,26186
viskózy,26187
frakcí,26093
buly,26188
delle,26189
císařském,7282
pronájmům,13190
uzavírky,26190
nizozemském,9273
noh,8226
římských,12262
heřmánku,15248
koncentracích,21638
sytě,26191
vyrovnaném,6280
rudých,6033
silente,26192
que,26193
ist,26194
rodačka,26195
mysu,7689
zakončena,23028
kolových,23210
vis,9175
pronájmů,13190
obměnách,26196
und,26197
modra,25595
ohm,26198
marii,25238
ordo,26199
bezbarvá,18951
des,26200
širokých,12143
vyčnívají,23461
tolerancí,26201
jersey,26202
bis,26203
frakce,26093
kyselých,8172
wir,26204
květenství,26205
kvetoucích,14979
výtěžnost,26206
souvrství,26207
šupin,26208
tradicích,24425
sedimentech,26209
vyčnívali,23461
rtu,13570
hčp,26210
začleněna,26211
usedlostí,25714
ved,26212
magenta,26213
legend,26214
keramických,4484
pochována,25391
für,26215
vředů,26216
borovic,25216
pronájmy,13190
nádherných,6587
vyústěním,26217
žab,14879
pøíspìvkù,26218
deklaraci,26219
culture,26220
pestrých,7357
belgických,16070
del,26221
josefka,26222
vyzkoušenírok,26223
mistrovských,10766
poh,26224
strašidelných,20227
bahně,25022
action,26225
zakončená,23028
exkluzivních,15443
orientálních,15489
spp,26226
přechodných,8355
poraženi,11981
dei,26227
atypických,9196
nažloutlá,26228
large,26229
lege,26230
distanci,26231
zmíněna,18107
árie,26232
loubí,26233
pískovcových,26234
cípy,26235
kasha,26236
zakotvena,24060
stanovách,20455
indikativní,26237
ostřice,26238
meste,25146
uznávání,26239
příměří,26240
zur,26241
eines,26242
tex,26243
tylu,26244
jamek,26023
quo,26245
hnědých,8356
minimis,26246
valley,26247
vonných,19797
výbrusů,26248
hutí,25529
čirá,15558
kaší,22557
vyjasnění,26249
úžlabí,26250
zasvěcena,18714
zum,26251
bulou,26188
vyústění,26217
náležitostech,23064
obcemi,13997
séra,12759
triumfovala,26252
sňatky,22853
vil,12792
cui,26253
ústící,26254
kil,16156
griddlerů,26255
prudkých,8893
belgickém,16070
júna,26256
van,11112
panovala,23000
patrná,6189
section,26257
hvězdičkyz,13540
křestních,26258
met,17566
oranžových,11368
docíleno,17119
csfd,26259
vyhláškách,26260
beim,26261
kristi,26262
klauzule,26263
jizev,25090
jílu,26264
diecézí,26265
aromatických,23857
tax,26266
smíru,20520
per,1456
zjedodušili,26267
ubytovacími,16992
eine,26268
zastupitelky,13878
ráží,24945
švů,26269
šatu,6387
hořkost,26270
fin,26271
řkm,26272
utm,26273
červena,20598
aus,26274
sub,26275
čepu,26276
bronzových,11125
vře,26277
červencem,20311
arms,26278
tribu,26279
rud,21736
lemu,26280
auch,26281
deklarace,26219
lang,26282
příměs,24072
vom,26283
villa,26284
sňatků,22853
pěn,15550
sich,26285
šípu,17149
due,26286
ubytovani,26287
vatě,15903
mes,26288
trav,3276
