slovo,poradi
režisér,1
scenárista,2
herec,3
scénárista,4
filmař,5
producent,6
režisérka,7
výtvarník,8
dokumentarista,9
scénograf,10
spisovatel,11
kameraman,12
dramaturg,13
choreograf,14
režisérem,1
skladatel,15
dramatik,16
dirigent,17
umělec,18
filmový,19
zpěvák,20
režiséři,1
hudebník,21
novinář,22
režiséra,1
herečka,23
fotograf,24
premiér,25
animátor,26
komik,27
designér,28
malíř,29
architekt,30
muzikant,31
scenáristka,32
publicista,33
tvůrce,34
autor,35
moderátor,36
návrhář,37
scénář,38
natočil,39
film,40
divák,41
historik,42
herci,3
písničkář,43
sochař,44
režisérů,1
žurnalista,45
vědec,46
klavírista,47
libretista,48
režíroval,49
textař,50
pedagog,51
básník,52
dabér,53
prezident,54
kytarista,55
producentka,6
reportér,56
režiséry,1
překladatel,57
herce,3
představitel,58
štáb,59
sbormistr,60
sociolog,61
kreslíř,62
muzikolog,63
filmoví,19
humorista,64
filmaři,5
filozof,65
vypravěč,66
režie,67
politolog,68
projektant,69
redaktor,70
tanečník,71
kritik,72
organizátor,73
profesor,74
herecký,75
filmaře,5
ilustrátor,76
hrdina,77
ministr,78
lektor,79
ředitel,80
bavič,81
umělecký,82
podnikatel,83
scenáristy,2
romanopisec,84
psycholog,85
chirurg,86
zakladatel,87
etnograf,88
frontman,89
policista,90
antropolog,91
pianista,92
biolog,93
inscenace,94
šéf,95
folklorista,96
učitel,97
ekonom,98
esejista,99
kolega,100
restaurátor,101
zkušený,102
neurolog,103
houslista,104
politik,105
meteorolog,106
badatel,107
dramaturgem,13
talentovaný,108
přírodovědec,109
fyzik,110
herců,3
filmu,40
teoretik,111
kouč,112
sólista,113
zoolog,114
inženýr,115
technolog,116
hercem,3
psychiatr,117
prozaik,118
konstruktér,119
snímek,120
námět,121
karikaturista,122
pan,123
právník,124
fyziolog,125
rodák,126
saxofonista,127
divadelní,128
šéfkuchař,129
klarinetista,130
interpret,131
komentátor,132
natáčení,133
tvůrci,34
vicepremiér,134
archivář,135
fotbalista,136
manažer,137
grafik,138
natáčel,139
kapelník,140
režisérky,1
baskytarista,141
aktivista,142
tatínek,143
disident,144
producenti,6
miliardář,145
manžel,146
kněz,147
trenér,148
cestovatel,149
nakladatel,150
řemeslník,151
komedií,152
hokejista,153
jazykovědec,154
senátor,155
multiinstrumentalista,156
námětu,121
investor,157
herečky,23
archeolog,158
renomovaný,159
herečku,23
realizátor,160
bubeník,161
otec,162
natáčením,139
pořadatel,163
komunista,164
zpracovatel,165
brankář,166
vývojář,167
protagonisté,168
producentem,6
hereckým,75
filmů,40
geolog,169
charismatický,170
mistr,171
diktátor,172
pěvec,173
filmařů,5
mladý,174
rozhlasový,175
zpěvačka,176
lingvista,177
amatérský,178
kapitán,179
advokát,180
exministr,181
student,182
lékař,183
kameramana,12
doktor,184
výtvarnice,185
kuchař,186
poslanec,187
celovečerní,188
kostýmní,189
mladík,190
filolog,191
ekolog,192
akademik,193
filosof,65
dobrodruh,194
analytik,195
textařka,196
spisovatelka,197
primář,198
spoluautor,199
voják,200
astronom,201
záložník,202
violoncellista,203
lídr,204
závodník,205
gynekolog,206
reprezentant,207
natočit,39
světoznámý,208
publicistka,209
výzkumník,210
terapeut,211
kontrabasista,212
hereckých,75
teolog,213
dramaturgie,13
kurátor,214
kamarád,215
tvůrců,34
spoluzakladatel,216
divadelních,128
činoherní,217
bankéř,218
primátor,219
horolezec,220
hercům,3
nositel,221
král,222
klávesista,223
řezbář,224
filmová,19
iniciátor,225
předseda,226
diplomat,227
filmových,19
filmové,19
farář,228
inscenací,94
vyšetřovatel,229
pilot,230
generál,231
vydavatel,232
konzultant,233
průmyslník,234
šachista,235
muzikál,236
kanoista,237
návrhářka,37
řidič,238
výtvarníci,8
stavitel,239
velvyslanec,240
scén,241
varhaník,242
moderátorka,36
funkcionář,243
natočí,39
odborník,244
zhotovitel,245
trumpetista,246
sedmnáctiletý,247
dabing,248
spolumajitel,249
natáčí,139
český,250
výtvarníka,8
prokurátor,251
prozradil,252
dramaturgii,13
partner,253
designer,254
točil,255
premiéry,256
remake,257
rapper,258
gólman,259
režíruje,49
filmového,19
továrník,260
americký,261
muž,262
rabín,263
slavný,264
milionář,265
kinematografie,266
činohry,267
veterinář,268
producenta,6
cyklista,269
dokumentárního,270
distributor,271
herecké,75
protagonistů,168
kouzelník,272
produkční,273
fanoušek,274
dramatický,275
hereček,23
dokumentární,270
scénáře,38
dokumentárních,270
kin,276
středoškolský,277
ztvárnil,278
bývalý,279
filmem,40
natočený,280
producentů,6
provozovatel,281
flétnista,282
uznávaný,283
humanista,284
inscenaci,94
magnát,285
natáčet,139
vrah,286
kandidát,287
herecká,75
koordinátor,288
myslitel,289
děj,290
paleontolog,291
komedie,152
známý,292
diváka,41
inspektor,293
scénáři,38
záchranář,294
hororový,295
komediální,296
britský,297
přítel,298
pozorovatel,299
scénářem,38
videoklip,300
milenec,301
spisovatelé,11
účinkující,302
programátor,303
dlouholetý,304
stavebník,305
celovečerním,188
herectví,306
biochemik,307
autorka,308
útočník,309
sportovec,310
dvacetiletý,311
astronaut,312
modelka,313
dodal,314
barman,315
hráč,316
horor,317
starosta,318
svěřil,319
detektiv,320
plukovník,321
syn,322
pracovník,323
herečkou,23
protagonisty,168
důstojník,324
příběh,325
sám,326
aranžér,327
absolvent,328
elektrikář,329
obchodník,330
veterán,331
bratr,332
jezdec,333
šéfredaktor,334
farmář,335
překladatelka,336
televizní,337
muzikálů,236
průkopník,338
dokument,339
zločinec,340
tenista,341
celovečerních,188
kameru,342
operní,343
vynálezce,344
stejnojmenný,345
agent,346
svérázný,347
trailer,348
editor,349
tlumočník,350
matematik,351
fotografka,24
osmnáctiletý,352
scény,241
festival,353
řečník,354
zloděj,355
europoslanec,356
monolog,357
snímku,120
filmech,40
herečce,23
panovník,358
sympatický,359
instruktor,360
dělník,361
strýček,362
reformátor,363
thriller,364
filmovém,19
filmování,365
ilustrátorka,366
scénách,241
docent,367
tvůrcům,34
génius,368
knihovník,369
říká,370
jihokorejský,371
slovenský,372
tajemník,373
střih,374
chemik,375
místopředseda,376
člověk,377
filmovým,19
animovaných,378
hrdinou,77
novinářka,22
komiksový,379
asistent,380
ruský,381
podotkl,382
finalista,383
princ,384
táta,385
podotýká,386
klaun,387
státník,388
jevišti,389
přesvědčený,390
dabingu,391
pořizovatel,392
rybář,393
spolupracovník,394
uvedl,395
jezuita,396
klavíristka,47
strýc,397
natočen,280
kanadský,398
chilský,399
vtipný,400
dobrovolník,401
programový,402
scénu,241
amatér,403
premiéře,256
truhlář,404
velmistr,405
autoři,35
soudce,406
řekl,407
dabingem,408
fyzioterapeut,409
odvážný,410
festivalu,353
císař,411
animovaný,412
přiznává,413
wikipedista,414
léčitel,415
odbojář,416
specialista,417
hororů,418
entomolog,419
dirigoval,420
padouch,421
vychovatel,422
rychlobruslař,423
příležitostný,424
pomocný,425
hollywoodských,426
zvukový,427
dirigenta,17
francouzský,428
zaměstnanec,429
autorský,430
hraný,431
debut,432
maršálek,433
přiznal,434
porotce,435
architekti,30
nadaný,436
kanonýr,437
vnuk,438
nadějný,439
legionář,440
majitel,441
divadelního,128
snímkem,120
vězeň,442
zaměstnavatel,443
medailista,444
protějšek,445
zamýšlel,446
představitelé,58
katolík,447
profesionál,448
zručný,449
výtvarný,450
zadavatel,451
prodavač,452
vysokoškolský,453
navrhovatel,454
stoper,455
vdovec,456
seriál,457
divákům,41
kinech,276
diváky,41
zřizovatel,458
kosmonaut,459
umělkyně,460
mecenáš,461
míní,462
lyžař,463
sdělil,464
generálporučík,465
boxer,466
šílenec,467
diváci,41
prohlásil,468
papež,469
premiéra,25
zesnulý,470
developer,471
znalec,472
veslař,473
zasloužilý,474
filmy,40
dědeček,475
zápasník,476
sochařka,44
dramatu,477
držitel,478
premiérou,256
popularizátor,479
kazatel,480
jednatel,481
úředník,482
levicový,483
brněnský,484
homosexuál,485
ztvární,278
režijní,486
dramat,477
autorem,35
hostující,487
polský,488
nominovaný,489
videoklipů,300
hereckou,75
titulcích,490
nastudoval,491
tvůrcem,34
zahradník,492
vlastník,493
podvodník,494
velitel,495
ošetřovatel,496
člen,497
dodavatel,498
zápletku,499
uprchlík,500
stratég,501
počin,502
zpěváci,20
kronikář,503
umělci,18
pacient,504
loutkový,505
novinářům,22
malířka,29
zastupitel,506
kinematografii,266
hrdinka,77
přednášející,507
soundtrack,508
proslulý,509
hejtman,510
guvernér,511
garant,512
připustil,513
točit,255
muzikálu,236
scéna,241
premiérový,514
skladatelem,15
pediatr,515
skladatelka,15
sovětský,516
spisovatele,11
hvězdný,517
hlasatel,518
dánský,519
olympionik,520
botanik,521
borec,522
kostýmů,523
expert,524
revolucionář,525
korejský,526
účastník,527
doplnil,528
rodič,529
divadle,530
mluvčí,531
posluchač,532
krátkometrážní,533
subjekt,534
divadla,530
spolužák,535
objevitel,536
typograf,537
kulisy,538
výkonný,539
libreta,540
rumunský,541
judista,542
naznačil,543
estonský,544
mořeplavec,545
natočili,39
avantgardní,546
terorista,547
přispěvatel,548
ateliérech,549
fotografové,24
misionář,550
sládek,551
makléř,552
hostinský,553
přítomný,554
tesař,555
ďábel,556
autorův,557
vysvětlil,558
kamerou,342
samotný,559
nováček,560
představitelka,561
místostarosta,562
finský,563
šermíř,564
norský,565
oceněný,566
předlohy,567
vévoda,568
rekvizity,569
studiový,570
litevský,571
kantor,572
animovaného,573
lovec,574
skaut,575
šlechtic,576
živnostník,577
argentinský,578
klasik,579
strážník,580
projektanti,69
kameník,581
atlet,582
choreografie,583
tým,584
soudruh,585
jevištní,586
lékárník,587
konstatoval,588
orientalista,589
námořník,590
natáčecí,591
smál,592
komisař,593
střelec,594
plavec,595
divákovi,41
geograf,596
nizozemský,597
drama,477
detektivek,598
řezník,599
tchán,600
žák,601
děda,602
čtenář,603
hereckého,75
repertoár,604
novozélandský,605
vypráví,606
inscenacích,94
velkokníže,607
producenty,6
basketbalista,608
komunistický,609
bratranec,610
president,54
zákonodárce,611
divadlech,530
automechanik,612
pořadatelé,163
režii,67
hrdinové,77
zedník,613
říkal,370
záměr,614
zdůraznil,615
muzikálové,616
učenec,617
albánský,618
ambiciózní,619
filmovou,19
scénické,620
lhář,621
debutoval,622
severokorejský,623
náměstek,624
řešitel,625
číšník,626
patriarcha,627
scénářů,38
kovář,628
architektka,629
skladník,630
předák,631
poznamenal,632
upozornil,633
filmovými,19
dialogů,634
účinkoval,635
válečný,636
schopný,637
dudák,638
italský,639
dramatika,16
chlapík,640
rodilý,641
japonský,642
skotský,643
namluvil,644
biskup,645
odchovanec,646
televizních,337
optimista,647
výtečný,648
audiovizuálních,649
liberecký,650
vikář,651
operátor,652
obviněný,653
designérka,654
nadšený,655
svědek,656
synovec,657
maršál,658
spolujezdec,659
organizátoři,73
chorvatský,660
zubař,661
sochaři,44
jazzový,662
humor,663
filmům,40
román,664
chlapec,665
obrazový,666
premiéru,256
nadčasový,667
válečník,668
jugoslávský,669
hostitel,670
vytvořil,671
uživatel,672
kontroverzní,673
skladatele,15
španělský,674
střižny,675
akcionář,676
sběratel,677
kníže,678
íránský,679
filantrop,680
propagátor,681
pekař,682
osmiletý,683
pravicový,684
chudák,685
ministerský,686
sopranistka,687
natočené,688
sestřih,689
krajan,690
manželský,691
podplukovník,692
německý,693
hudebníci,21
dramatizace,694
předlohu,567
ukrajinský,695
rektor,696
rolích,697
připomněl,698
přednosta,699
natočila,39
muzikanti,31
vymyslel,700
izraelský,701
demokrat,702
chlápek,703
videoklipu,300
žánr,704
moderátorky,36
operních,343
vyučující,705
ostravský,706
arcibiskup,707
zprostředkovatel,708
zpracoval,709
marketingový,710
vedoucí,711
operního,343
švagr,712
televizního,337
pedagogický,713
poznamenává,714
vojevůdce,715
umělcem,18
terapeutka,211
lektoři,79
poradce,716
trilogie,717
románu,664
operetní,718
proslavil,719
milovník,720
němý,721
mladej,174
vysvětluje,722
děkan,723
snímků,120
nezávislý,724
divadel,530
poručík,725
zlínský,726
mág,727
ujal,728
autora,35
vůdce,729
designéři,730
organizátorů,73
australský,731
poutník,732
humorem,663
instalatér,733
frajer,734
šikovný,735
osobitý,736
komedii,152
příběhem,325
klip,737
gruzínský,738
rockový,739
rolí,697
proděkan,740
rozhlasových,175
neotřelý,741
natočení,742
skladatelé,15
rakouský,743
projekt,744
upřesňuje,745
mexický,746
hrdinu,77
ochotníků,747
maďarský,748
byrokrat,749
sitcom,750
pastor,751
dispečer,752
vítěz,753
generální,754
dirigentem,17
brazilský,755
běžec,756
trpělivý,757
jeviště,389
československý,758
kmenový,759
bezdomovec,760
čaroděj,761
úspěšný,762
kardinál,763
příznivec,764
poskytovatel,765
kolegové,100
festivalů,353
nezaměstnaný,766
festivalech,353
klient,767
švédský,768
komiksových,769
nápad,770
příběhu,325
vtip,771
debutem,772
fotografický,773
sponzor,774
upřesnil,775
kadeřník,776
romantický,777
přepis,778
občan,779
pochvaloval,780
distributoři,271
pracovitý,781
hrdinky,782
hororu,783
obránce,784
hrdinovi,785
smíchem,786
dějové,787
koncern,788
pán,789
cizinec,790
projekci,791
fanda,792
desetiletý,793
moudrý,794
srbský,795
žadatel,796
velšský,797
arménský,798
přesvědčivý,799
alkoholik,800
atentátník,801
ženich,802
spoluhráč,803
choreografii,804
neziskový,805
dramatického,275
pedagožka,806
básnířka,807
výtvarníky,8
policajt,808
produkoval,809
natočeno,39
písař,810
psychologický,811
mužský,812
taťka,813
moderátoři,814
realizační,815
proslul,816
portugalský,817
překladatelé,57
spisovatelky,197
dobrodružný,818
zákazník,819
věřitel,820
představením,821
unavený,822
bojovník,823
spisovateli,11
chovatel,824
realistický,825
titulků,490
osud,826
přesvědčen,390
záběrů,827
realizoval,828
technik,829
ztvárnění,830
básníci,52
skokan,831
ztvárňuje,832
představil,833
kartograf,834
rekordman,835
nápadem,770
umělce,18
potvrdil,836
božský,837
plzeňský,838
ředitelé,80
prorok,839
pěvecký,840
studio,841
symfonický,842
moderátora,36
projekcí,791
rytíř,843
kritiků,72
neznámý,292
adaptace,844
promítal,845
zpěvákem,20
přízvuk,846
dramatické,275
sedlák,847
pachatel,848
biblický,849
opilý,850
katalogwebových,851
spoluautorem,199
zpěvačku,176
záběry,827
osobitým,736
učitelka,852
směje,592
autorů,35
mnich,853
sklářský,854
chopil,855
grafička,856
zpěvačce,176
sólový,857
prosadil,858
ředitelka,859
chlap,860
soused,861
nadšenec,862
administrátor,863
talent,864
pronajímatel,865
hasič,866
pořadatelů,163
kritici,72
tanečníci,867
orchestr,868
zahrál,869
brácha,870
oznámil,871
fenomenální,872
videokameru,873
poroty,874
představení,821
informatik,875
bůh,876
tvůrčí,877
rodáci,878
hospodář,879
tiskař,880
štábu,59
pedagogové,51
benediktinský,881
magistr,882
exteriérů,883
fenomén,884
kostýmy,523
postižený,885
záběrech,827
hvězda,886
postav,887
úsměvem,888
působivý,889
smutný,890
letec,891
nastudování,892
auditor,893
slovinský,894
tazatel,895
kubánský,896
pětiletý,897
hororové,295
scénky,898
kamera,342
turista,899
podnikatelka,83
ochotný,900
moderátorem,36
coby,901
výjev,902
politický,903
čerstvý,904
zasmál,905
thrilleru,906
hloupý,907
politici,105
výchovný,908
obžalovaný,909
románů,664
zámečník,910
účinkuje,635
zamilovaný,911
televizích,912
parlament,913
postěžoval,914
pravil,915
dědek,916
karlovarský,917
nadporučík,918
světec,919
plastický,920
publikum,921
prezidentský,922
současný,923
houslový,924
bavil,925
propadák,926
velkovévoda,927
lev,928
laureátem,929
vítězný,930
vystihl,931
soutěžící,932
houslistka,933
pečlivý,934
zápletka,935
olympijský,936
plodný,937
smích,786
sólisté,938
idiot,939
magor,940
synek,941
kluk,942
hitu,943
minidisk,944
prvoligový,945
dokumentárním,270
človek,946
geniální,947
myslivec,948
loutkového,505
zklamaný,949
divadlem,530
reportérka,56
kritikem,72
kreslený,950
kreativní,951
energický,952
předloha,567
týpek,953
dramatických,275
čínský,954
kámoš,955
vášnivý,956
výzkumný,957
žánru,704
fotoaparát,958
medailon,959
švýcarský,960
vybral,961
zdatný,962
diváků,41
osloven,963
ženský,964
indický,965
klíčový,966
koprodukci,967
obhájce,968
hokejový,969
prozrazuje,970
buditel,971
společník,972
pedagogem,51
divadelním,128
pořadů,973
neúspěšný,762
návrháři,37
zmínil,974
vybraný,975
seriálu,457
představitelem,58
uchazeč,976
jedinec,977
islandský,978
vyjádřil,979
historikem,42
nadsázkou,980
režisérském,981
patriot,982
sultán,983
motorkář,984
rozhodl,985
následovník,986
výbor,987
manželka,988
hudební,989
přizval,990
strejda,991
divadlo,530
seriálů,457
vyprávěl,606
pražský,992
zazářil,993
hrdinku,994
legendární,995
šílený,996
host,997
třinecký,998
statkář,999
podílel,1000
umělcům,18
učitelé,97
detektivních,1001
zhostí,1002
scénami,241
uměleckým,82
absolventem,328
dospělý,1003
řecký,1004
havířovský,1005
povídal,1006
anglický,1007
stěžovatel,1008
publikem,921
sebevědomý,1009
organizátory,73
sudí,1010
vypracoval,1011
magistrát,1012
připravil,1013
viceprezident,1014
investorem,157
prvorozený,1015
životopisný,1016
snímkům,120
nešťastný,1017
vybíral,1018
jistý,1019
nezapomenutelný,1020
delegát,1021
významný,1022
angažoval,1023
znalý,1024
opery,1025
kritikům,72
překlad,1026
produkčních,1027
vlastenec,1028
komentoval,1029
hrdiny,77
nemocný,1030
zkomponoval,1031
tanečnice,71
spotů,1032
muzikanta,31
muzikálech,236
zodpovědný,1033
analytický,1034
bezejmenný,1035
málokterý,1036
počinů,502
svatý,1037
admirál,1038
momentech,1039
intelektuálové,1040
natáčela,139
kontroverzního,673
vtipem,771
podepsán,1041
scéně,241
činitel,1042
koncept,1043
guru,1044
přiznat,434
údržbář,1045
respondent,1046
parťák,1047
distributora,271
ateliér,1048
ateliérů,1049
redaktorka,1050
kurátorka,214
konstatuje,588
projektový,1051
rád,1052
medvěd,1053
chystaný,1054
vědecký,1055
wikicitáty,1056
masér,1057
sójový,1058
vypravěče,66
dotyčný,1059
muzikály,236
povoláním,1060
zdůvodnil,1061
aspekt,1062
soubor,1063
navrhl,1064
myšlenku,1065
vysvětloval,722
časový,1066
baletní,1067
promítán,845
nastínil,1068
nacistický,1069
náčelník,1070
souhlasil,1071
partnerka,253
velkoformátový,1072
tvrdí,1073
hostoval,1074
seřizovač,1075
vývojový,1076
western,1077
spoluautoři,199
puberťák,1078
dlužník,1079
spolupracoval,1080
podepsaný,1041
vyslanec,1081
nosný,1082
holandský,1083
obsazením,1084
naplánoval,1085
volič,1086
komiksů,1087
slíbil,1088
rozhodčí,1089
rafinovaný,1090
uplatnil,1091
pohádku,1092
výtvarným,450
vyčerpaný,1093
činohra,267
audiovizuální,649
pověřený,1094
horník,1095
špičkový,1096
pěvkyně,173
postavou,887
údajný,1097
promítáním,1098
studentka,1099
spotřebitel,1100
zdůrazňuje,1101
spisovatelem,11
lektorka,1102
opat,1103
dramatická,275
pohádky,1092
historička,1104
dokázal,1105
produkce,1106
musel,1107
přehlídky,1108
zachytil,1109
minimalistický,1110
spjatý,1111
porota,874
skautský,1112
tenhle,1113
turecký,1114
operním,343
kreslených,950
inspiroval,1115
pánové,789
apoštol,1116
aktivisté,142
rolník,1117
obsadil,1118
líčil,1119
dramatickým,275
vicemistr,1120
televize,912
zdařilý,1121
zvuk,1122
studiem,1123
grafický,1124
bek,1125
festivalem,353
pseudonym,1126
technický,1127
zážitek,1128
chtěl,1129
křesťan,1130
zápletkou,1131
autorizovaný,1132
samotní,559
účinkují,635
poskytl,1133
milovaný,1134
spotu,1135
šerif,1136
mučedník,1137
klapka,1138
inženýři,115
odvětil,1139
regent,1140
jihoafrický,1141
fil,1142
prof,1143
zpěvačky,176
oslovil,963
úryvek,1144
školák,1145
natočeny,39
premiérka,1146
interpretů,131
paradox,1147
ostatně,1148
moderoval,1149
ujme,728
psycholožka,1150
hrdinkou,1151
architektonický,1152
odběratel,1153
přijal,1154
zvířegril,1155
překladatelem,57
holič,1156
poválečný,1157
oper,1025
představitelů,58
titulek,490
postava,887
manažeři,137
narodil,1158
experiment,1159
partnerkou,1160
soundtracku,1161
pořadatele,163
ohlásil,1162
tragický,1163
zvolený,1164
blázen,1165
showbyznysu,1166
výrokem,1167
klempíř,1168
zamýšlí,446
zpravodajský,1169
kaplan,1170
farmaceutický,1171
románové,1172
vzdělaný,1173
divácky,1174
laskavý,1175
ději,290
scénou,241
upír,1176
trilogii,717
osudem,826
následník,1177
kině,276
sociologický,1178
casting,1179
nájemník,1180
autorům,35
soud,1181
virtuos,1182
hudebníkem,21
překvapený,1183
soudí,1184
nejeden,1185
nazpíval,1186
muslim,1187
osudech,826
stvořil,1188
prezidentem,54
fotografa,24
zhudebnil,1189
poukázal,1190
zemědělec,1191
projekce,791
situacemi,1192
dealer,1193
produkcí,1106
myslel,1194
hrdinům,77
spolupracovníci,394
židovský,1195
postavami,887
uměleckého,82
schválil,1196
nadhled,1197
zákon,1198
fotbalový,1199
průvodčí,1200
zpívající,1201
konzul,1202
zástupce,1203
vůdčí,1204
výtvarníků,8
citlivý,1205
hrdinů,77
školský,1206
prezidentka,1207
pověděl,1208
vlivný,1209
zpěváka,20
autentický,1210
emeritní,1211
natočena,39
lyžařka,1212
národ,1213
netají,1214
tuzemský,1215
vzkazuje,1216
irský,1217
kultovní,1218
pardubický,1219
hostem,997
autorovi,35
začátečník,1220
zlý,1221
osobností,1222
vystupující,1223
koncepční,1224
debil,1225
oponent,1226
přeložil,1227
vnáší,1228
přijel,1229
tvrdil,1073
dramata,477
televizi,912
vesnický,1230
personál,1231
odsouzený,1232
nadřízený,1233
porotců,435
mistři,171
profík,1234
fotografovi,24
zábavný,1235
působil,1236
hrabě,1237
ekonomka,1238
profesí,1239
fotbalisté,136
vzpomíná,1240
dialogy,634
krejčí,1241
novináře,22
líčí,1119
výrobce,1242
interpreti,131
videoklipy,300
promluvil,1243
idol,1244
postarší,1245
fanoušci,274
šampion,1246
pohádek,1092
tvůrčím,877
pohádkách,1092
generálmajor,1247
nositelé,221
slovenští,372
akreditovaný,1248
komických,1249
přitažlivý,1250
postaral,1251
benátský,1252
střihem,374
hraných,431
hollywoodské,426
strýcem,397
právnička,1253
osobnost,1222
objev,1254
rebel,1255
politička,105
skladateli,15
netušil,1256
robot,1257
titulní,1258
neschopný,637
podotknout,382
tibetský,1259
promítá,845
tříletý,1260
otcem,162
kina,276
orgán,1261
prknech,1262
realismus,1263
zmíněný,1264
mládežnický,1265
spáchal,1266
věděl,1267
představitele,58
vděčný,1268
doprovod,1269
povídky,1270
navigátor,1271
počinu,502
předlohou,567
dramatickém,275
soupeř,1272
divadlu,530
hlasový,1273
studenti,182
reportážní,1274
sbormistrem,60
hraného,431
reagoval,1275
metalový,1276
autory,35
nezapomenutelných,1277
průkopníků,338
tanečníky,71
dodává,1278
usmívá,1279
protivník,1280
jeden,1281
novináři,22
plánoval,1282
manager,1283
litoval,1284
pracoval,1285
projektoval,1286
zemřel,1287
lektorem,1288
skeptický,1289
kamerových,1290
komentuje,1029
snímky,120
rakouští,743
zabiják,1291
podnikatelský,1292
vojenský,1293
kritikou,1294
světový,1295
žalobce,1296
krajinný,1297
hudebních,989
zaujatý,1298
způsobil,1299
uvědomil,1300
investigativní,1301
konstruktéři,119
technologický,1302
postavička,1303
mládenec,1304
manželé,146
výjimečný,1305
vzkázal,1306
významový,1307
statečný,1308
uspěl,1309
meziválečný,1310
podepsal,1311
dvorní,1312
komediálním,296
zpracováním,1313
dějem,290
fantastický,1314
potvrzuje,1315
směl,1316
hydroxid,1317
kompozicí,1318
bulharský,1319
komorník,1320
seriálem,457
přítomen,554
ztvárnili,278
vybírá,1018
senát,1321
tragédií,1322
poučil,1323
chodec,1324
tvorbou,1325
scifi,1326
jiný,1327
hurikán,1328
jmenovaný,1329
fotoaparátů,958
návštěvník,1330
příběhů,325
katolický,1331
zeť,1332
literárních,1333
postavám,887
předloh,567
zvolil,1334
bluesový,1335
procesor,1336
animace,1337
námětů,121
hospodářstvíspecializovaný,1338
kocour,1339
běloruský,1340
legenda,1341
klipů,737
iniciátorem,225
černobílý,1342
zeměměřický,1343
rozvojový,1344
moderátorů,36
obsazení,1084
provokativní,1345
rytec,1346
zároveň,1347
osobnostech,1222
počítačový,1348
návrhářů,37
žánrem,704
bláznivý,1349
prostorový,1350
nosník,1351
fikčních,1352
popsal,1353
festivalové,1354
dětský,1355
lotyšský,1356
chlapeček,1357
nedožil,1358
kultovního,1218
zvažoval,1359
nejvýraznějších,1360
viník,1361
socialistický,1362
automobilový,1363
vnukem,438
stařec,1364
skladatelů,15
bratrem,332
lidský,1365
ředitelem,80
doktore,184
pověstný,1366
ujistil,1367
kupec,1368
hrdý,1369
postaviček,1303
filosofický,1370
dílech,1371
básníka,52
prvorepublikový,1372
vizuální,1373
naštvaný,1374
letecký,1375
pohybový,1376
ministři,78
říct,407
nový,1377
badatelé,107
prožil,1378
titulky,490
metropolita,1379
myšlenkou,1065
baron,1380
kolegou,100
place,1381
komiks,1087
prodejce,1382
předsedající,1383
zkušenější,102
rozhlase,1384
manželem,146
skvělý,1385
výrok,1167
vědom,1386
podpořil,1387
maminka,1388
hlavní,1389
šéfové,95
osamělý,1390
promítání,1098
pseudonymem,1391
vydělal,1392
sólová,857
interprety,131
hrál,1393
poplatník,1394
tandem,1395
vývojáři,1396
adaptaci,844
uměleckých,82
pořad,973
trapný,1397
muslimský,1398
spisovatelů,11
svérázně,1399
krutý,1400
předvedl,1401
napsal,1402
svůdný,1403
pobavil,1404
konceptuální,1405
videoher,1406
odborový,1407
černoch,1408
odpovědný,1409
závěr,1410
komiksu,1087
skutečný,1411
mlynář,1412
studentský,1413
natočená,1414
ztepilý,1415
čestný,1416
dokumentu,339
připravovaný,1417
stříhat,1418
sovětští,516
úvodem,1419
osvědčený,1420
navrhoval,1421
nevěsta,1422
kurfiřt,1423
hotový,1424
nominován,1425
roli,697
zpěváky,20
celebrita,1426
animované,1427
motocyklový,1428
zakladatelů,87
belgický,1429
ceremoniál,1430
kancléřka,1431
pohádka,1092
vernisáže,1432
vítr,1433
pamětníci,1434
pozval,1435
lidé,377
premiérem,25
koneckonců,1436
šéfem,95
apoštolský,1437
přesto,1438
formuloval,1439
příslušník,1440
citem,1441
pořadem,973
gay,1442
moderuje,1149
autorky,308
klipu,737
videokamer,873
pastevecký,1443
všiml,1444
někdo,1445
přesvědčil,1446
zoufalý,1447
poutavý,1448
vtipné,400
zpěváků,20
slavného,264
arcivévoda,1449
porotci,435
potomek,1450
píšící,1451
romantických,777
vkus,1452
astronomové,1453
lva,928
radní,1454
řemeslníci,151
počiny,502
kritiku,1294
návrháře,37
rozhovoru,1455
malíři,29
vyšetřovatelů,229
připravoval,1456
projektor,744
pochválil,1457
většinový,1458
dobový,1459
vládce,1460
natáčeli,139
likvidátor,1461
faktor,1462
měšťan,1463
opravář,1464
dědic,1465
dělal,1466
organizátorem,73
operety,1467
uvědomoval,1468
závěrem,1410
arbitr,1469
nakrájený,1470
egyptský,1471
portrét,1472
objednatel,1473
čert,1474
erotický,1475
ekonomický,1476
tatínkem,143
kurátorem,214
vtisknout,1477
složil,1478
hodlal,1479
optimistický,1480
text,1481
betlém,1482
uvažoval,1483
ruští,381
experimentálních,1484
stanovil,1485
syrský,1486
tvorbě,1325
chrámový,1487
hovořil,1488
křesťanský,1489
upřímný,1490
sklidil,1491
zvědavý,1492
děl,1493
postavách,887
vkusem,1452
rozvedl,1494
špatný,1495
adaptací,844
kuchaři,186
kompoziční,1496
skřítek,1497
chystal,1498
fond,1499
akčních,1500
tušil,1256
vypočítává,1501
sluha,1502
oblíbený,1503
zveřejnil,1504
manža,1505
přehlídku,1108
shrnul,1506
pohádkový,1507
akumulátor,1508
podavač,1509
nešikovný,1510
faktem,1511
kočovných,1512
kompozice,1318
rozhlas,1384
maskot,1513
malířem,29
manažerka,1514
notář,1515
svaz,1516
překladatele,57
díl,1371
varhaníkem,242
počinem,502
krizový,1517
pojal,1518
pravoslavný,1519
hvězdou,886
architekta,30
blbec,1520
dodák,1521
prohlašuje,1522
tvůrčích,877
médiím,1523
dovozce,1524
koriandr,1525
odvážnější,410
materiál,1526
zakladatelka,1527
nejuznávanějších,283
myšlenkový,1528
neváhal,1529
dešťový,1530
primátorka,1531
jedinečný,1532
probošt,1533
lidový,1534
sděluje,1535
animovaném,1536
sehrál,1537
doufá,1538
vybrán,975
fotografem,24
kostým,523
exteriéry,1539
vymýšlí,1540
světoznámého,208
uznal,1541
radoval,1542
věrohodný,1543
zasadil,1544
hydrometeorologický,1545
ironicky,1546
senátorka,1547
reklamní,1548
počítal,1549
thrillery,1550
humoru,663
viděl,1551
anděl,1552
libreto,540
mechanik,1553
výraz,1554
osoba,1555
pochvaluje,1556
nestraník,1557
přislíbil,1558
seriálech,457
tiskový,1559
postavy,887
sochařem,44
rozvedený,1560
exotický,1561
vyznění,1562
snímcích,120
pravdivý,1563
nezklamal,1564
střídající,1565
týmový,1566
vrcholný,1567
ochránce,1568
umělců,18
eposu,1569
narativů,1570
horolezecký,220
prezidenti,54
rychtář,1571
moment,1039
šoubyznysu,1572
ceremoniálu,1430
krajský,1573
sprinter,1574
obuvník,1575
server,1576
dobrodružných,818
porotě,874
jaderný,1577
studentem,182
expresionismu,1578
pastýř,1579
seriálová,1580
tvořil,1581
kritizoval,1582
představený,1583
seržant,1584
tanečníků,71
ateliéry,1048
instruktoři,1585
přísný,1586
architektem,30
asistoval,1587
vesmírný,1588
předložil,1589
vojáci,200
harmonogram,1590
loutky,1591
sekretář,1592
historický,1593
autobiografické,1594
náš,1595
lékařka,1596
nečekaný,1597
opoziční,1598
zakladatelé,87
světoví,1295
žánrů,704
synem,322
pane,123
vraha,286
novodobý,1599
déšť,1600
předpoklad,1601
nepřítel,1602
patron,1603
videokamera,873
plánuje,1282
startér,1604
dokončuje,1605
básníky,52
provázel,1606
vrtulník,1607
kancléř,1608
grafici,1609
povídá,1006
díla,1610
aktéři,1611
manželkou,988
buddhistický,1612
hlučínský,1613
františkánský,1614
účinkujících,302
ekonomové,98
financí,1615
nafotil,1616
role,697
výzkumníci,210
spolek,1617
televizním,337
technici,829
malíře,29
folklórní,1618
pedagoga,51
diplomaté,227
okamžik,1619
architekty,30
konkurent,1620
ochoten,900
průvodce,1621
určil,1622
honorář,1623
podal,1624
cizojazyčný,1625
uprchlíci,500
arménského,798
přál,1626
atletický,1627
jednotlivý,1628
pustil,1629
fotografuje,1630
pokorou,1631
historikové,42
traileru,1632
plánovaný,1633
nespokojený,1634
zažil,1635
porotu,874
hudebníka,21
tvor,1636
odborníci,244
jezuitský,1637
prorektor,1638
přebere,1639
jakododavatel,1640
nosič,1641
šťastný,1017
převzal,1642
kvalifikovaný,1643
operu,1025
prvotina,1644
koncertu,1645
prováděcí,1646
pyšný,1647
detektivka,598
myslí,1648
představou,1649
žert,1650
autorkou,308
mluvil,1651
minisérii,1652
zasloužil,1653
webový,1654
vědcem,46
emulgátor,1655
tento,1656
softwarový,1657
kostýmech,1658
děd,602
objasnil,1659
sochařů,44
odvedl,1660
spád,1661
úřadující,1662
každý,1663
genius,1664
drcený,1665
něžný,1666
zvukového,427
zopakoval,1667
olomoucký,1668
pozorný,1669
vypravil,1670
věřící,1671
arch,1672
bestsellerů,1673
agentura,1674
pracovníci,323
najal,1675
sólisty,938
teenager,1676
sochaře,44
zdravotníci,1677
zdrojový,1678
parodii,1679
podlahový,1680
opakoval,1681
kapela,1682
drsný,1683
skromný,1684
muzikanty,31
mocný,1685
improvizaci,1686
slogan,1687
použil,1688
autorku,308
udělal,1689
odborný,1690
hokejisté,153
čerpal,1691
komické,1249
profesionálové,448
vymýšlel,1540
delegáti,1021
odesílatel,1692
pozoruhodný,1693
komponoval,1694
kontrolor,1695
odhalil,1696
přichystal,1697
ovčák,1698
vědci,46
vyslovil,1699
spolupracovníkem,394
odvážná,410
kontroverzních,673
nacisté,1700
španělští,674
pronesl,1701
dokumentem,339
zápletky,935
odkrývá,1702
projevil,1703
dramatickou,275
správný,1704
hudebnice,21
project,1705
pověřen,1094
máma,1706
přepracoval,1707
teoretiků,111
strhující,1708
vytvářel,1709
kulisu,538
kuřák,1710
zamýšlený,1711
literárního,1333
jazykový,1712
myšlenka,1065
samostatný,1713
homosexuálové,485
moderovat,1149
song,1714
novomanželé,1715
rukopis,1716
neslyšící,1717
šéfka,1718
upozorňuje,1719
usmál,1720
výrazové,1721
sériový,1722
literární,1333
narozený,1723
plakát,1724
umělecké,82
živel,1725
ovšem,1726
motiv,1727
programátoři,303
zmiňovaný,1728
ateliéru,1048
instinkt,1729
element,1730
lituje,1284
svěřuje,1731
pochlubil,1732
stoupenec,1733
studiích,1734
koncipient,1735
markrabě,1736
interview,1737
profesoři,74
kritika,72
žánrové,1738
bezdětný,1739
hlavolam,1740
videosekvencí,1741
zdravotnický,1742
žena,1743
nadšením,1744
pirát,1745
báječný,1746
psychowalk,1747
poradenský,1748
náročný,1749
vyhľadané,1750
přípravných,1751
velkolepý,1752
zakladatelem,87
aktéry,1753
nastupující,1754
zazpíval,1755
vystoupil,1756
zhlédnout,1757
demokratický,1758
televizí,912
ing,1759
modelku,313
skvělí,1385
loutka,1591
fotografického,773
romského,1760
málokdo,1761
oceňuji,1762
partnerem,253
partnerku,1160
vymyslet,700
čtyřletý,1763
pořadatelem,163
krnovský,1764
redaktorem,70
klubový,1765
autobusový,1766
doprovodil,1767
tajemný,1768
naštval,1769
dělníci,361
kritiky,1294
obrazovým,666
meteorologové,1770
začátků,1771
dějově,1772
slibuje,1773
animační,1774
fotografů,24
ústřední,1775
váhal,1776
hlupák,1777
vyrobil,1778
referent,1779
ropný,1780
produkci,1106
produktový,1781
hudbu,1782
rozhlasové,175
dílek,1783
epizod,1784
absurdní,1785
odmítl,1786
promlouvá,1787
nabídl,1788
zastal,1789
američtí,261
nominoval,1425
publiku,921
nastávající,1790
předsedou,226
doprovodný,1791
nacismus,1792
fotografických,773
podělil,1793
boss,1794
lektorů,1795
zásluhu,1796
podívanou,1797
římský,1798
experimentální,1484
vzdělávacích,1799
jakožto,1800
videozáznam,1801
asistentka,1802
usmíval,1279
bestselleru,1673
zasloužený,1803
projekční,1804
kabaret,1805
prezentoval,1806
například,1807
hudebně,1808
ministerstvo,1809
vizi,1810
smutně,1811
ocenil,1812
bulvární,1813
uznat,1541
slovinského,894
oceňuje,1814
spisovatelkou,197
nositelem,221
nevěsty,1422
koncepčních,1815
sofistikovaný,1816
rozhlasového,175
domníval,1817
naplnil,1818
provedl,1819
kanovník,1820
bavorský,1821
nechal,1822
hrající,1823
záhadný,1824
správce,1825
financoval,1826
expresivní,1827
vizuálních,1373
cestopis,1828
zákonný,1829
prózy,1830
kompozici,1318
středový,1831
gymnastka,1832
dvojka,1833
polibek,1834
náboženský,1835
argumentuje,1836
dějiště,1837
cisterciácký,1838
románech,664
dvoudílný,1839
emotivní,1840
pózy,1841
minisérie,1652
zúčastnil,1842
interpretuje,1843
vojenští,1293
upovídaný,1844
sojový,1845
psychologové,85
hudebního,989
lupič,1846
dospěl,1847
záměrem,614
vlastníkem,493
kdosi,1848
účinkovat,635
představeních,821
soundtrackem,1161
tvůrčího,877
duch,1849
přednáší,1850
troufám,1851
zvukových,427
předepsal,1852
odhodlal,1853
objevil,1854
doktorát,1855
poúnorový,1856
optimismus,1857
nominace,1858
nájemce,1859
nechtěl,1129
odvysílán,1860
vysněný,1861
myslím,1194
prorazil,1862
negativ,1863
průsvitný,1864
hvězdu,886
objektiv,1865
debutu,432
investoři,157
důchodce,1866
editoři,1867
poradil,1868
životopis,1869
romantického,777
jediný,1870
předkládá,1871
okomentoval,1872
způsobem,1873
připouští,1874
laik,1875
výukového,1876
dokončil,1877
organizátora,73
autorských,430
nezaměnitelný,1878
děsivý,1879
talentem,864
hudba,1782
vyprávět,606
napínavý,1880
kolektiv,1881
zastupující,1882
stálý,1883
kolegu,100
kdokoliv,1884
rovinu,1885
úchvatný,1886
dovolil,1887
kolář,1888
matematický,1889
rozumný,1890
silný,1891
charakterů,1892
seriálové,1893
kompozic,1318
ztvárnila,278
přiznávám,413
popisuje,1894
nebeský,1895
písničku,1896
učeň,1897
litoměřický,1898
znalecký,1899
zdarmahttps,1900
promítat,1901
začínající,1902
báňský,1903
nominací,1858
českoslovenští,758
improvizace,1904
cukrář,1905
hodlá,1479
představitelům,58
dekodér,1906
panoramatický,1907
promítne,1901
epizodní,1908
samec,1909
pátý,1910
animovaná,1911
přístroj,1912
studia,841
potlesk,1913
stárnoucí,1914
vydobyl,1915
obličejový,1916
akční,1500
klišé,1917
zamyslel,1918
fakt,1511
festivaly,353
profesorka,1919
definoval,1920
šéfe,95
systémový,1921
díly,1371
plán,1922
kritický,1923
předpokládal,1924
nejslavnější,264
ministryně,1925
partnerský,1926
pruský,1927
přednesl,1928
opravdový,1929
kamerový,1930
vsadil,1931
občasný,1932
prostitutka,1933
muzikantů,31
ministře,78
dominikánský,1934
kandidáti,287
nakreslil,1935
legendárního,995
žánrech,704
nositelů,221
objasňuje,1936
problematický,1937
baletu,1938
novince,1939
lyrické,1940
stát,1941
bohatý,1942
praktik,1943
pochádzajúci,1944
mladí,174
kabaretu,1805
izraelští,701
pěveckých,840
sebelepší,1945
veteráni,331
odpustil,1946
redaktoři,70
komplikovaný,1947
déšťobchody,1948
těšil,1949
nelehký,1950
vstřícný,1951
vystihnout,931
případ,1952
novinářem,22
tvorby,1325
stranický,1953
slepý,1954
udělil,1955
příslušný,1956
vzpomněl,1957
okamžicích,1619
výstižný,1958
francouzští,428
angažuje,1023
jednomotorový,1959
dávný,1960
nepočítal,1549
ligový,1961
zarostlý,1962
symfonické,842
advokátka,180
dílko,1783
jesenický,1963
kameře,342
etnický,1964
majitelka,1965
nahrál,1966
povídek,1270
vnímá,1967
nemyslel,1194
zvyklý,1968
rajčatový,1969
vyprávění,1970
úřad,1971
fandové,1972
vystupoval,1973
originálního,1974
činný,1975
tělovodavyšetřenívztahvývojzdravíčasžena,1976
zpěvaček,176
sedmý,1977
sošku,1978
kytaristou,1979
asijský,1980
nezvládl,1981
starý,1982
evropský,1983
ukázal,1984
dědečkem,475
videozáznamu,1801
hladový,1985
přemýšlel,1986
tentokrát,1987
aktivistka,1988
onen,1989
nacionalisté,1990
medvídek,1053
líbilo,1991
balet,1938
kvalit,1992
prémiový,1993
vysíláním,1994
kreativních,951
živil,1995
kamer,342
uznávám,1996
šokoval,1997
mohl,1998
prizmatický,1999
proto,2000
fotoaparátem,958
citát,2001
amatérských,178
absolventi,328
koučem,2002
zapomenutý,2003
zavolal,2004
orchestrem,868
požadoval,2005
zvolen,1164
uzavřel,2006
normalizační,2007
podezřelý,2008
odpověděl,2009
zásluha,1796
logický,2010
původem,2011
písniček,1896
zpracuje,709
propůjčil,2012
členové,497
přistoupil,2013
památkový,2014
rebelové,2015
textový,2016
obecenstvo,2017
ozvučení,2018
kandiduje,2019
lounský,2020
uvede,395
výtvor,2021
začátcích,1771
pověřil,2022
hudby,1782
snažil,2023
cyklus,2024
záběr,827
připravuje,1456
lidech,377
stěžejních,2025
reprezentanti,207
sporťák,2026
řadový,2027
kriminalisté,2028
osudů,826
estetický,2029
studií,2030
večer,2031
leader,2032
architektonického,1152
záslužný,2033
nastudovat,2034
někdejší,2035
poznal,2036
představí,833
všimnul,1444
druhý,2037
sitcomu,2038
povedený,2039
autorových,557
autorského,430
jejž,2040
bulvár,2041
básníkem,52
kandidovat,2019
tehdy,2042
schopen,637
vítězové,753
odvysílá,2043
koncert,1645
náhradník,2044
papežský,2045
groteskní,2046
prostředník,2047
kreativního,951
přípravách,2048
účes,2049
archeologové,2050
dějin,2051
vzpomínal,1240
horory,2052
koutrestauracevenkovní,2053
vystavaworkshopkinodivadlokoncertpartysportconkonferenceostatnifestival,2054
amatérského,178
nesouhlasil,1071
projev,2055
zdroj,2056
nezávislého,724
robotický,2057
zpracovatele,165
komponování,1694
blbej,2058
produkuje,809
outdoorových,2059
písnička,1896
emoce,2060
exekutor,2061
zareagoval,2062
ironií,2063
pořadatelům,163
osobnostmi,1222
temný,2064
upřímně,2065
hudebním,989
říšský,2066
bratři,332
točí,255
modřín,2067
zahraje,869
asistentem,380
nejslavnějších,264
teoretický,2068
recepční,2069
plátno,2070
kytarový,2071
koordinátorka,288
organizátorům,73
video,2072
započal,2073
pes,2074
výborný,2075
účinkování,2076
originál,2077
domnívá,1817
designérů,2078
odvar,2079
neváhá,1529
major,2080
pepř,2081
čtyřválec,2082
rozpacích,2083
temperament,2084
literárně,2085
kamery,342
rolníci,1117
točila,255
parfému,2086
kdokoli,2087
původce,2088
spolupracovníky,394
osobnosti,1222
čtenáři,603
vědce,46
typický,2089
rozpočet,2090
chopili,855
dráždivý,2091
vývojářů,2092
připravený,2093
chce,1129
tematický,2094
takoví,2095
inženýrem,115
charakterizoval,2096
výtvarně,2097
vnímal,1967
pokusil,2098
političtí,903
židovští,1195
epos,1569
přeplňovaný,2099
matka,2100
pohádce,1092
vystudoval,2101
rozhlasová,175
aspektů,1062
akčního,1500
umělecky,2102
obával,2103
kuchyňský,2104
blbý,2105
chytrý,2106
vydělával,2107
prkna,1262
aktérů,1753
vyprávěním,1970
záznamu,2108
představy,1649
kterýkoliv,2109
italští,639
dílů,1371
skuteční,1411
architektonickým,1152
ministrem,78
pařížský,2110
obchodníci,330
archivního,2111
kmotra,2112
ten,2113
distribuční,2114
nadčasovým,667
měl,2115
který,2116
předpověděl,2117
zúčastní,1842
písničkáře,43
potleskem,1913
zmocněnec,2118
autorskou,430
prózu,1830
předsedal,2119
sen,2120
samouk,2121
klasický,2122
odcházející,2123
vatikánský,2124
hvězdy,886
využil,2125
užil,2126
didaktický,2127
domnívám,1817
nechápal,2128
hrané,431
sekretářka,2129
navrhuje,1421
legendárních,995
porna,2130
koncertem,1645
pohybbazén,2131
fotografoval,1630
povšiml,2132
zákonodárci,611
gentleman,2133
když,2134
písní,2135
strategický,2136
převedl,2137
garantem,512
uvádí,2138
argument,2139
varuje,2140
spot,2141
přiveze,2142
ságy,2143
hacker,2144
autorce,308
vlasový,2145
legendu,1341
novinkydle,2146
jednička,2147
stavitelé,239
inspektoři,293
komorní,2148
autorsky,2149
služebník,2150
informoval,2151
dvojnásobný,2152
obraz,2153
muzika,2154
fotil,2155
atmosféru,2156
pomocní,425
neplatnévše,2157
hledaný,2158
nicméně,2159
rychlobruslařka,2160
spolubydlící,2161
zpívá,1201
prokázal,2162
rostlinný,2163
obsazen,2164
postavu,887
nápady,770
produkovat,809
senátoři,155
muziku,2154
plakal,2165
trapas,2166
zklamal,1564
přesvědčená,390
horký,2167
lisovaný,2168
polští,488
stejnojmenného,345
vyznamenal,2169
metodik,2170
interiérech,2171
branže,2172
detektivky,598
portrétu,1472
miláček,2173
oceněných,566
favorit,2174
problémem,2175
finalisté,2176
návrh,2177
volený,2178
říci,407
váleční,636
placený,2179
blb,2180
místopředsedou,376
uzavírá,2181
širokoúhlý,2182
detektivové,320
stěžejní,2025
protiprokluzový,2183
důvod,2184
epizodu,1784
specifický,2185
představa,1649
vymyslí,2186
konceptů,1043
designéra,2187
uměleckou,82
libuje,2188
živočišný,2189
pták,2190
hypotézu,2191
kdejaký,2192
reálií,2193
avizoval,2194
reportáží,1274
rozhodoval,2195
vystupuje,1973
jakýsi,2196
inspirovaný,2197
básnických,2198
pozemský,2199
stylizace,2200
modelky,313
baterietypanalogovétvar,2201
vrahem,286
obávám,2103
žalovaný,2202
hraje,1393
datadisk,2203
pochopil,2204
korektor,2205
nejúspěšnější,762
part,2206
historici,42
obdarovaný,2207
sbor,2208
kladl,2209
parfém,2086
talentu,864
svěřila,319
uvedený,2210
videu,2072
strávil,2211
novinku,1939
připomeňme,698
myšlenky,1065
publicistiky,2212
žijící,2213
původcem,2088
nejistý,1019
pohřben,2214
posedlý,2215
sympatické,359
kompetentní,2216
přijímač,2217
kapelníkem,140
právníci,124
choť,2218
příznačné,2219
romantickým,777
některý,2220
autorská,430
dozorce,2221
situovaný,2222
současně,2223
teplý,2224
blázni,1165
sakrálních,2225
název,2226
kadeřnický,2227
nečekal,2228
sepsal,2229
uvítal,2230
ambicemi,2231
opona,2232
stydět,2233
večera,2031
sebevražedný,2234
reklamních,1548
zahajovacím,2235
každopádně,2236
zraje,2237
okamžiky,1619
memoriam,2238
zážehový,2239
agenturu,1674
světelný,2240
ukázalo,1984
talentové,2241
pozván,2242
chlapi,860
besedě,2243
politikem,105
nejsem,2244
wikipedisté,2245
vytrvalý,2246
průměrný,2247
přehrávač,2248
strojírenský,2249
odysea,2250
předpokládá,1924
poctivý,2251
koncertních,2252
právě,2253
zachránce,2254
orchestrace,2255
smutek,2256
próz,2257
gigant,2258
umřel,2259
čtvrtý,2260
hravý,2261
zázrak,2262
prožije,1378
spoty,2263
středověký,2264
nucen,2265
onemocněl,2266
vstupuje,2267
cen,2268
plážemi,2269
realizačního,2270
provází,1606
přijatý,2271
překvapen,1183
dočkal,2272
zámecký,2273
chystá,1498
kterýkoli,2274
ochranný,2275
vrátný,2276
postavě,887
prodávající,2277
světoznámé,208
ale,2278
instalací,2279
organizační,2280
přepisem,778
dvouletý,2281
zajímavý,2282
spolehlivý,2283
vnímán,2284
naznačuje,2285
formuluje,1439
mladistvý,2286
milý,2287
pomocník,2288
zvítězil,2289
tentýž,2290
získal,2291
repertoáru,604
varujeme,2140
distributorů,271
pracovnících,323
mletý,2292
artist,2293
angličtí,1007
londýnský,2294
realizací,2295
bas,2296
nezávislí,724
jedenáctý,2297
magisterský,2298
začínal,2299
převezme,1642
názor,2300
uvědomíme,1300
obecenstva,2017
nenechal,1822
fantasy,2301
zralý,2302
pohádkových,1507
diktátora,172
zkušenostmi,2303
průkopníkem,338
talentovaného,108
spolužákem,535
baryton,2304
nealkoholických,2305
zpracovaný,2306
díle,1371
animaci,2307
dívá,2308
tragického,1163
rozhovor,1455
půlnocí,2309
reflektor,2310
věří,2311
erotických,1475
výtvarnými,450
doufejme,1538
varoval,2140
chválil,2312
videích,2072
efekty,2313
vážný,2314
parazit,2315
písním,2135
řidička,2316
uzený,2317
provozováním,2318
přátelé,298
vylíčil,2319
zahájením,2320
byl,2244
neřekl,407
představoval,2321
vizí,1810
spotřebák,2322
takový,2095
kráska,2323
záchranáři,294
chudý,2324
zvládl,1981
začátek,1771
sponzoruje,2325
mýtus,2326
inspirující,2327
stereotyp,2328
zastánce,2329
nezmínil,974
slušní,2330
elektrotechnický,2331
střihu,374
prohlašoval,1522
angažmá,2332
didaktických,2127
záznam,2108
představen,1583
charakteristický,2333
dojemné,2334
psychologem,85
fotoaparátu,958
zpěvačkou,176
promítací,2335
atmosférický,2336
autorském,430
agentuře,1674
pracuje,1285
občanský,2337
předloze,567
zákulisí,2338
spoluzakladatelem,216
prvek,2339
provozovatelé,281
tragické,1163
slavných,264
neúspěch,2340
zemřít,1287
perský,2341
uznáním,2342
sušený,2343
okupací,2344
dopustil,2345
přispěl,2346
řetězec,2347
cítil,2348
divnej,2349
zaujal,2350
poetické,2351
trh,2352
kritizuje,1582
vyřešil,2353
ujímá,2354
etický,2355
vítězka,2356
výjimečných,1305
odběrmagazín,2357
mluvený,2358
výstavy,2359
jej,2360
vyhledávač,2361
uvědomuje,1468
smysluplný,2362
realizaci,2295
projektu,744
homosexuální,2363
otcové,162
distributorem,271
fotografům,24
pěvci,2364
adresát,2365
chápal,2128
odbyl,2366
preferoval,2367
moravský,2368
dvoujádrový,2369
rozpoutal,2370
archeologický,2371
promítají,845
projektem,744
pomyslel,2372
trpěl,2373
audioknihy,2374
metodický,2375
publika,921
zušlechtěním,2376
představivost,2377
přesný,2378
citový,2379
zaměstnal,2380
odvahu,2381
agentury,1674
realizuje,828
tenor,2382
partneři,253
námětem,121
světových,1295
synovcem,657
vodohospodářských,2383
singl,2384
zdůrazňoval,1101
experimentu,1159
programových,402
platnéjen,2385
zabýval,2386
podivem,2387
uhličitý,2388
řek,2389
výsledek,2390
závěrečný,2391
půvab,2392
postoj,2393
pohybového,1376
promítnout,1901
blondýnka,2394
startup,2395
nahrávky,2396
vyjmenovává,2397
šéfredaktorem,334
průmysl,2398
reportáže,1274
alternátor,2399
nápoj,2400
konflikt,2401
římští,1798
začátkem,1771
výsledný,2402
oceněn,566
kupříkladu,2403
vyvolal,2404
nemohl,1998
sestavil,2405
poustevník,2406
publicistické,2407
stihl,2408
kulisa,538
blogerka,2409
následný,2410
odůvodněním,2411
veselý,2412
trenéři,148
učitelem,97
rozhlasem,1384
kodek,2413
projevu,2055
kandidoval,2019
africký,2414
slavík,2415
noir,2416
žánry,704
klenot,2417
projektanty,69
vystavěl,2418
dobří,2419
neskrývá,2420
krimi,2421
kolegyně,2422
mladá,174
horský,2423
animací,2424
hostuje,2425
institut,2426
zavraždil,2427
kapely,1682
okamžiků,1619
prosazoval,2428
spolužáci,535
osobou,1555
velvyslankyně,2429
kontext,2430
vítězného,930
profesorem,74
sprchový,2431
chirurgický,2432
stíhač,2433
podívaná,2434
žid,2435
nahráváním,2436
milník,2437
romantismus,2438
zdůrazní,615
naznačit,543
mniši,853
pořady,973
fanouškům,274
názorem,2300
archiv,2439
posudek,2440
čin,2441
akademický,2442
šampionát,2443
nejúspěšnějších,762
nejmladší,174
sestřička,2444
nositele,221
přednes,1928
smekám,2445
amatéři,403
vymyšlený,2446
ačkoli,2447
překvapivý,2448
policisté,90
vkládal,2449
videa,2072
účastnil,2450
kriminálních,2451
nepřijal,1154
poznamenat,632
tím,2113
seriály,457
kondenzátor,2452
nářez,2453
smutní,890
teroristé,547
teleobjektiv,2454
lid,2455
fotovoltaické,2456
zákrokem,2457
cituje,2458
fotbaloví,1199
milenci,2459
masérka,1057
zkušená,102
dynamický,2460
snímá,2461
zábavných,1235
naučil,2462
fresek,2463
zemský,2464
mezonetový,2465
slavil,2466
osobně,2467
obrazec,2468
inspektorem,293
foťák,2469
legendy,1341
prcek,2470
tématem,2471
vzniklý,2472
psal,1451
tenistka,2473
nenapsal,1402
spokojený,1634
inspirativní,2474
komunikátor,2475
vyšetřovatelé,229
podnikatelé,83
detektivní,1001
zkonstruoval,2476
pokračování,2477
příklad,2478
hudebníky,21
nehnuteľnosti,2479
průmyslový,2480
prožíval,2481
čekal,2228
zpíval,1201
studiím,2482
souborový,2483
představ,1649
dvojice,2484
věcný,2485
zásadních,2486
zkušení,102
osadníci,2487
slovenštiny,2488
uváděl,2138
vtipná,400
dokazuje,2489
odpad,2490
vložil,2491
výkladový,2492
měnový,2493
písničky,1896
pokrm,2494
zločin,2495
proslov,2496
lektora,2497
důležitý,2498
ujmout,728
vyučuje,2499
ministrovi,78
řeckokatolický,2500
poukazuje,2501
mezník,2502
studený,2503
zvukovým,427
ušlechtilý,2504
divu,2505
znám,292
dosadil,2506
vtipných,400
nebál,2507
tržbách,2508
pravomocný,2509
obyčejní,2510
rozmyslel,2511
pomáhal,2512
plavkyně,2513
gayové,2514
autorovy,557
volil,2515
překvapil,2516
smířit,2517
úlohách,2518
humanitárních,2519
milenka,301
přestože,2520
basový,2521
rozvinul,2522
nejzásadnější,2486
výtvarném,450
bonusový,2523
intencích,2524
důsledek,2525
věřil,2311
produktůtext,2526
propracoval,2527
usoudil,2528
nerad,1052
nejvýraznější,1360
železný,2529
obrazových,666
designový,2530
dílům,1371
selhal,2531
vzbudil,2532
profesích,1239
medailisté,444
tuzemských,1215
sál,2533
osmiválec,2534
potok,2535
potápěči,2536
pořadateli,163
mimořádný,2537
titul,2538
rozvádí,2539
historek,2540
experti,524
brněnští,484
gayů,2541
domluvil,2542
kamarádi,215
citátu,2543
obrazové,666
reditel,2544
pánský,2545
uvedení,2210
milostný,2546
pořádající,2547
snímač,2548
osobnostem,1222
vnučka,2549
hlavních,1389
dobrodružné,818
doprovázející,2550
odhaluje,2551
imigrantů,2552
sólových,857
přemýšlí,1986
pohřeb,2553
momentů,1039
islamisté,2554
písničkami,1896
humoresky,2555
manažerkou,2556
lord,2557
lektory,2558
kandidátem,287
jmenoval,2559
pohledný,2560
turbodiesel,2561
doktoři,184
saský,2562
šokující,2563
živí,2564
cirkusu,2565
nekonvenční,2566
přijede,1229
charaktery,1892
řemeslníka,151
břeh,2567
navrhovaný,2568
aranžmá,2569
strojvedoucí,2570
přehlídek,1108
průšvih,2571
chronický,2572
pražští,992
způsob,1873
novinářů,22
tanečních,867
reklamního,1548
avantgardy,2573
pokřtil,2574
nevýrazný,2575
popisoval,1894
slušný,2330
pravda,2576
oloupeme,2577
vystoupením,2578
přiznám,434
dolar,2579
vyplatilo,2580
výherce,2581
dobrovolníci,401
nedokázal,1105
vzal,2582
uprchlíků,500
obyvatelé,2583
nařídil,2584
nasadil,2585
úlet,2586
hvězdách,886
celer,2587
předkrm,2588
ekologický,2589
pejsek,2590
kurýr,2591
řídící,2592
úlohou,2518
nejznámější,292
rozvojových,1344
termín,2593
přehlídkách,2594
národa,1213
jist,1019
pilotní,2595
vím,1267
centr,2596
jako,2597
zmrtvýchvstání,2598
pokládá,2599
rival,2600
přepravce,2601
očekával,2602
dokáže,1105
sportovci,310
gól,2603
protiútok,2604
ministra,78
zárodek,2605
vstupující,2606
přidal,2607
zastupitelé,506
pohonných,2608
olympijských,936
focením,2609
vtipně,2610
betonový,2611
remeslom,2612
nahrával,2613
akumulátorový,2614
líbil,1991
častý,2615
posbíral,2616
postavil,2617
nominovaných,2618
maďarského,748
dočasný,2619
vystřídal,2620
podnikatelem,83
psychologických,811
určoval,2621
nepřekonatelný,2622
transportér,2623
pozorovatelů,299
verdikt,2624
fotografické,773
nestává,2625
kolegům,100
sníh,2626
zkolaboval,2627
ženatý,2628
inženýra,115
mírový,2629
nedovolil,1887
kulturních,2630
porno,2130
nevzal,2582
homosexuálních,2363
farářem,228
místopředsedů,376
dáma,2631
řídil,2632
doplatil,2633
vzděláním,2634
koordinátorem,288
nějakej,2635
výtvarné,450
rozhlasovou,175
production,2636
design,2637
dobrej,2419
akciový,2638
osobě,1555
vláda,2639
musím,1107
životě,2640
vetiver,2641
hitů,2642
pocitem,2643
třeba,2644
delegoval,2645
přepracovaný,2646
mrazí,2647
přebor,2648
jmenuji,2559
interpretací,2649
automatický,2650
statistický,2651
jista,1019
koncertní,2252
půjčovnu,2652
skvělej,2653
generálních,754
nevzdává,2654
tohle,1113
venkovský,2655
důstojný,2656
živit,1995
zadaný,2657
dojem,2658
zdůvodňuje,2659
zadal,2660
konstatovat,588
milenku,301
půvabná,2661
svěřenci,2662
uveden,2210
překladatelů,57
spuštěním,2663
kraj,2664
zahájil,2665
detektiva,320
momenty,1039
opepříme,2666
maturoval,2667
fanouškem,274
model,2668
prozradit,252
hlavn,2669
spjat,1111
sháněl,2670
českého,250
odvážně,2671
vídeňský,2672
motivů,1727
úsměv,888
bravurně,2673
přišel,2674
nástupce,2675
plastový,2676
tamní,2677
vinaři,2678
psychiatra,117
obsadí,1118
založením,2679
kam,2680
silikonový,2681
složitý,2682
zdali,2683
rolemi,697
bakalářský,2684
studoval,2034
válečníci,636
zamítl,2685
audiokniha,2374
kamerami,342
zápalem,2686
představami,1649
scenérie,2687
problém,2175
optimismem,1857
vzdělávací,1799
rabi,2688
dámský,2689
dodali,314
tituliek,2690
večerů,2031
tvořivě,2691
uvažuje,1483
nezakrývá,2692
rozbor,2693
příslib,2694
moderování,1149
raduje,1542
odnesl,2695
psychologa,85
asistenti,380
umělecká,82
development,2696
kontaktoval,2697
zahradníkuchyňský,2698
psaním,2699
příjemný,2700
vydělává,2107
vyplnil,2701
frontmana,2702
uměl,2703
výstavbou,2704
manzel,2705
posléze,2706
odvysílala,2707
charisma,2708
profesionální,2709
vůl,2710
akcionářem,676
vznikal,2711
comeback,2712
řízek,2713
ačkoliv,2714
celek,2715
zpožděním,2716
léčivý,2717
prefekt,2718
skript,2719
otvírák,2720
očekávaný,2721
fotí,2155
malířských,2722
protože,2723
otiskl,2724
lesby,2725
letý,2726
firma,2727
plastik,2728
regulátor,2729
svět,2730
šéfredaktorka,334
nebojím,2507
médiem,2731
uveřejnil,2732
konkurz,2733
musíme,1107
učedníci,2734
úmysl,2735
dopravce,2736
vůdčích,1204
doplňuje,2737
spolužákům,535
pedagogiky,2738
obleček,2739
předsedové,226
skalnatý,2740
básníků,52
pocit,2643
pořádný,2741
čeští,250
psychologického,811
moskevský,2742
vstupoval,2267
vystoupeních,2578
dcera,2743
nadšeně,2744
profesi,1239
klíčoví,966
informovaný,2745
trénoval,2746
letoun,2747
sympatičtější,359
pilotního,2595
inženýrů,115
vtipnou,400
vydavatelé,232
rozhovorem,1455
přípravný,1751
zrod,2748
imigranti,2552
hotov,1424
zemědělský,2749
strach,2750
jednotlivec,2751
předepisuje,2752
především,2753
úlohu,2518
vlastně,2754
opony,2232
kterou,2116
svislý,2755
poslanci,187
vyšetřovatele,229
britští,297
přiblížil,2756
rezidenčních,2757
nadšen,655
hudebníků,21
vektor,2758
hlášku,2759
prožitek,2760
ovlivnil,2761
zeptal,2762
archivních,2111
účastníci,527
zrekonstruovaný,2763
zpravodajského,1169
videí,2072
hoch,2764
rozhovorů,1455
meteorologů,106
chlapecký,2765
pohyblivý,2766
podtextem,2767
atentát,2768
článek,2769
doporučil,2770
person,2771
vyhlásil,2772
zaslal,2773
gólem,2603
dvoumotorový,2774
knižního,2775
tyčový,2776
televizními,337
přiznávají,413
inicioval,2777
workshopů,2778
uherský,2779
nezapomenutelné,1277
poselství,2780
doufal,1538
dílo,1610
tragických,1163
zajistil,2781
všímá,2782
lihovar,2783
upozorňoval,1719
parodie,1679
pobaví,1404
analytici,195
program,2784
miloval,2785
nenápadný,2786
týž,2787
sehnal,2788
salát,2789
předvádí,2790
nervózní,2791
uvědomuji,1468
představách,1649
nesměl,1316
obdivuje,2792
předchůdce,2793
párek,2794
hlediště,2795
kandidaturu,2796
učitelku,852
bystrý,2797
pověstí,2798
můj,1595
hrášek,2799
výrazný,1360
křen,2800
nějaký,2801
zklamán,949
zraněný,2802
zrodil,2803
řidiči,238
ředitele,80
rozhodnout,985
mezilidských,2804
redaktora,70
novely,2805
vědeckotechnický,2806
vidlicový,2807
celebrit,1426
biftek,2808
dodávám,2809
renomé,2810
přinesl,2811
novelu,2805
nehrál,1393
indiáni,2812
časových,1066
odkazov,2813
vyrovnal,2814
obviněn,653
jaký,2815
hold,2816
distribučních,2114
originalitu,2817
publikoval,2818
založil,2819
brilantní,2820
proces,2821
indie,2822
holokaustu,2823
úspěch,2824
chirurga,86
divácké,2825
kreativitu,2826
reprezentantka,2827
formát,2828
provinční,2829
přebral,2830
věřte,2311
mušketýři,2831
chvílemi,2832
učitelce,852
omlouvá,2833
slovenského,372
heterosexuální,2834
stihne,2408
nahrávku,2396
doprovodí,1767
marketingového,710
pojmenoval,2835
spojenec,2836
pódiích,2837
nastavil,2838
výtvarného,450
mzdový,2839
výroku,1167
přistěhoval,2840
skandální,2841
protiklad,2842
počkat,2843
projektech,744
pamětníky,1434
radil,2844
příjezdových,2845
infobox,2846
desátý,2847
obřadu,2848
deník,2849
dialog,634
vrchní,2850
řemeslníky,151
válečných,636
holocaust,2823
dokončením,2851
lídrů,2852
psychologů,85
barevný,2853
absolutoriu,2854
sliboval,1773
vydavatelem,232
sprostý,2855
sehrává,2856
besedy,2243
vnést,2857
pokoušel,2858
připustit,513
mrzelo,2859
prostý,2860
pořadu,973
obhajoval,2861
biologický,2862
important,2863
obrazů,2153
klipy,737
vizuálního,1373
enwiki,2864
počítalo,1549
rozhodli,985
zda,2865
idea,2866
omluvil,2867
milostivý,2868
čerpá,1691
experimentovat,2869
upřímnost,2870
budoval,2871
cenzuru,2872
komiksové,2873
sága,2143
ztělesňuje,2874
gotický,2875
dálnic,2876
vzpomínkové,2877
videl,2878
kapelou,1682
malí,2879
portrétů,1472
předváděl,2880
nelíbilo,1991
konzervatoře,2881
krátkých,2882
dialogové,2883
šéfkuchařů,2884
zapsal,2885
investora,157
povstal,2886
zvyk,2887
rovinách,1885
vonný,2888
pochopením,2889
zázvor,2890
zjištěním,2891
spojil,2892
vynikající,2893
nestihne,2894
přihlásil,2895
komická,1249
nositelia,221
nápadité,2896
ohebný,2897
přivezl,2142
mozek,2898
divný,2899
originální,1974
iráckého,2900
proč,2901
půjčovny,2652
kovový,2902
vysílat,2903
architektů,30
soudobých,2904
ptá,2905
drobný,2906
uvolněný,2907
akcionáři,676
popová,2908
finálový,2909
ministerstva,1809
dotčený,2910
badatelů,107
přitom,2911
konceptem,1043
granitový,2912
oddaný,2913
posluchači,532
oprávněný,2914
mistrovský,2915
obsazuje,2916
splnil,2917
formáty,2918
uviděl,2919
chocholatý,2920
postavičky,2921
myslet,1194
potřeboval,2922
poradcem,716
uznáván,2923
předstihem,2924
bezchybný,2925
bankéři,218
specializovaný,2926
vyzdvihl,2927
mnozí,2928
vzduchotechniky,2929
dvanáctý,2930
vědců,46
mladíci,190
povinen,2931
loutek,1591
algoritmus,2932
vikářem,2933
obsazování,2934
vedoucím,711
cirkus,2565
předal,2935
žurnalistiky,2936
věrohodnost,2937
zařídil,2938
autobiografie,2939
místopředsedkyně,2940
zhodnotil,2941
fotobanka,2942
mozkem,2898
čajový,2943
zkušeným,102
nadhledem,1197
literárním,1333
ilustroval,2944
dav,2945
uváděný,2946
plastických,920
stydím,2233
volejbalový,2947
statutární,2948
úvod,1419
výtvarných,450
zpěv,2949
gramofonových,2950
vynález,2951
zásadu,2952
dělostřelecký,2953
správní,2954
repríz,2955
výukový,1876
soudci,406
motivy,1727
bojový,2956
strategických,2136
sameček,2957
přidělil,2958
dvojce,1833
konec,2959
vychvalovaný,2960
příběhy,325
členka,2961
experimentálního,1484
totiž,2962
osobité,736
pódia,2837
fotografy,24
tučňák,2963
reklam,2964
švagrem,712
stylový,2965
namaloval,2966
prken,1262
vynalezl,2967
přichází,2968
učební,2969
asociace,2970
uchopit,2971
kosmický,2972
soudkyně,2973
nervový,2974
pojatý,2975
etap,2976
kosmonauta,459
databázový,2977
consenting,2978
výtvarnou,450
nikdo,2979
módního,2980
jazyk,2981
svatého,1037
jeruzalémský,2982
podvědomě,2983
živý,2564
nemyslím,2984
kreativita,2826
sestra,2985
ošetřující,496
přenosů,2986
zaměstnán,2987
pohodový,2988
klinik,2989
aerolinek,2990
pobavilo,1404
basketbalový,2991
rada,2992
čárový,2993
uživit,2994
kouzelný,2995
hrách,2996
kupující,2997
němečtí,693
přivítal,2998
připadal,2999
hlase,3000
šťávu,3001
pořídil,3002
tvrdím,1073
povídka,1270
kreativním,951
sam,3003
holocaustu,2823
uvedli,395
koupelnový,3004
rolák,3005
připraví,1013
zvrat,3006
spisovný,3007
vlastníci,493
názoru,2300
bojových,2956
křesťané,1130
zamiloval,3008
skutečnost,3009
surrealismu,3010
nepřál,1626
parlamentu,913
spravedlivý,3011
přednáškový,3012
poloostrov,3013
dopouští,3014
také,3015
argumentoval,1836
medvědů,1053
předsedá,2119
římskokatolický,3016
pacientka,3017
rozhodný,3018
vývojářům,3019
ptáček,3020
náhoda,3021
tématu,2471
falešný,3022
odstartoval,3023
povídkách,1270
brat,3024
uklízečka,3025
obřad,2848
počkejte,2843
uspořádal,3026
souboru,1063
netradičních,3027
spolupracující,3028
přehlídce,1108
poutavé,1448
počítačových,1348
klávesových,3029
začal,3030
mužem,262
zvažuje,1359
studiového,570
separatisté,3031
pobýval,3032
podnik,3033
pokračoval,3034
rockového,739
investorovi,157
oblečený,3035
králík,3036
nezapomněl,3037
dozor,3038
filozofických,3039
obývacích,3040
zachytit,1109
pomohl,3041
archiválie,3042
obléká,3043
praktický,3044
turné,3045
projedná,3046
zavedl,3047
spoluzaložil,3048
šéfa,95
zahraničních,3049
syrového,3050
nejprve,3051
turisté,899
ideu,2866
rozešel,3052
ochotní,900
setkal,3053
zastoupený,3054
taneční,867
zrcadlovku,3055
ukrajinského,695
malířky,3056
proud,3057
usadil,3058
zaplatil,3059
pódiu,2837
vývoje,3060
komunisté,164
použitý,3061
škrty,3062
komoří,3063
opatřil,3064
mikrofon,3065
spočítal,3066
partnerky,1160
vyučoval,2499
kariérou,3067
potýká,3068
souborem,1063
nahrávat,3069
popřít,3070
slovesné,3071
podnikl,3072
majitelé,441
přednášel,1850
seznámil,3073
sebevědomě,3074
mluvčích,531
čínští,954
parlamentem,913
rezistor,3075
pobídek,3076
svědomím,3077
přehlédl,3078
geniálního,947
nepochopil,2204
pocity,2643
však,3079
nasazený,3080
mimozemšťané,3081
roztomilý,3082
originalita,3083
mechanický,3084
neudělal,1689
povídku,1270
kritizován,3085
šestiválec,3086
orchestrální,3087
vyjadřoval,3088
realitu,3089
zachází,3090
nevěděl,1267
jinej,3091
nechyběl,3092
vybudoval,3093
katedry,3094
frantisku,3095
absolventy,328
vysílacích,3096
rockových,739
statický,3097
úlohy,2518
historických,1593
spáchá,1266
pracovníkem,323
nahý,3098
oprávněn,2914
právníka,124
hvězdných,517
alergický,3099
sádrokartonových,3100
líto,3101
vymysleli,700
podílející,1000
skupinový,3102
básnickou,2198
víla,3103
spletl,3104
jeřáb,3105
doprovázel,3106
svědkyně,656
držitelem,478
mangy,3107
servírka,3108
prezidenta,54
rozdělil,3109
pilotem,230
společnosti,3110
odvaha,2381
uznává,1996
královna,3111
bratrancem,610
průvodkyně,3112
nekompromisní,3113
olejový,3114
naivní,3115
emocemi,3116
zaskočil,3117
kriminálního,2451
obstará,3118
zločinech,2495
soudcem,406
bílek,3119
daňový,3120
nápadu,770
folklorní,3121
diskutující,3122
nejvýznamnější,1022
makroekonomických,3123
nemusel,1107
případný,3124
papír,3125
místopředsedu,376
happening,3126
rockové,739
kino,276
zemědělci,1191
přijíždí,3127
přednesu,3128
koníček,3129
katalyzátor,3130
jednorázový,3131
rys,3132
nevadilo,3133
přídavný,3134
prestižních,3135
pochybuju,3136
organizoval,3137
slavném,264
portrétní,1472
interiérů,2171
jmen,3138
supervize,3139
švadlena,3140
tymián,3141
návštěvníci,1330
zážitkem,1128
podtext,2767
statutárních,3142
současnosti,3143
zajde,3144
románem,664
daroval,3145
termotisk,3146
crossover,3147
česká,250
posuvný,3148
antický,3149
rekonstrukcí,3150
elastický,3151
režim,3152
trojnásobný,3153
obratně,3154
nepřehrává,3155
nakonec,3156
srovnává,3157
dirigování,420
dílem,1371
laťku,3158
finalistka,2176
zpracovává,3159
branži,2172
reprezentační,3160
vydavatelství,3161
shlédnout,3162
vznětový,3163
konečný,3164
cestoval,3165
jugoslávského,669
nejproduktivnější,3166
dobrý,2419
osobitou,736
tlačil,3167
rozpoznal,3168
naplňuje,3169
bizarní,3170
prozradila,252
utrpením,3171
lehkomyslný,3172
přicházel,2968
sošky,3173
humorné,3174
válcový,3175
rozhlasovém,175
asistentů,380
výkres,3176
syrovátkový,3177
opatrný,3178
vážený,3179
řečtí,1004
dětských,1355
obává,2103
prezentačních,3180
představivosti,2377
zkoušel,3181
dospělé,1003
kariéry,3067
stal,1941
podílí,1000
nespokojen,3182
pravý,3183
jestli,3184
vypracuje,1011
nebezpečný,3185
zadává,3186
doc,3187
někteří,2220
neviděl,1551
nastoupil,3188
motion,3189
projektů,744
básnické,2198
vtipným,400
požádal,3190
hraním,3191
milovníci,720
fotbalistu,136
neoriginální,3192
ilustrace,3193
celý,3194
kouče,3195
nejslavnějšího,264
nominaci,1858
příprav,2048
fyzikálních,3196
úředníci,482
záměrů,614
kadeřnice,776
šmrnc,3197
lehký,3198
upsal,3199
zvykl,3200
postavičku,3201
uvědomujeme,1468
namátkou,3202
fanoušky,274
připravovaného,1417
kreace,3203
teroristický,3204
rádce,3205
hudebnímu,989
kanál,3206
lokací,3207
bestseller,1673
ozval,3208
rozhovorech,1455
třetin,3209
šatů,3210
urazil,3211
fascinující,3212
přijímán,3213
řidičský,3214
komorních,2148
vstal,3215
nímž,2040
záběru,827
letos,3216
lékařský,3217
distributory,271
uklidňuje,3218
krvavý,3219
autorské,430
lidovců,3220
takovýto,3221
krajinné,1297
naplánovaný,3222
netradičního,3027
vysílání,1994
tanečního,867
debutové,3223
zdůraznit,615
otevřeně,3224
profese,1239
nemůžeme,1998
žáci,601
nelíbil,1991
originálních,1974
delikt,3225
reality,3089
drak,3226
koncertního,2252
řešil,3227
příbězích,325
povolal,3228
pultem,3229
výpravu,3230
zastupitelka,506
lékaři,183
zapojil,3231
byzantský,3232
malej,3233
kandidátce,3234
uměleckoprůmyslové,3235
zakotvil,3236
vydělá,1392
pískovcový,3237
akt,3238
emocí,2060
meteorologický,3239
vřelý,3240
infarkt,3241
svědci,656
protáhlý,3242
zaštiťuje,3243
ptal,2905
hráči,316
minulý,3244
představenstva,3245
stříhací,3246
hotelový,3247
úžasný,3248
říkám,370
hosté,997
honoráře,1623
naviják,3249
pokládán,2599
nakolik,3250
kresbu,3251
osudu,826
slevomat,3252
digitizéry,3253
sociologické,1178
obřadem,2848
počítá,1549
tragédii,1322
komunálních,3254
projevem,2055
vyžadoval,3255
překladač,3256
skladových,3257
vysloužil,3258
stejnojmenné,345
hlásil,3259
béčko,3260
útočný,3261
absolvoval,3262
krátký,2882
občanským,2337
vztazích,3263
odvahou,2381
plátna,2070
zázračný,3264
úvěrový,3265
vtipu,771
pracující,3266
efektů,2313
krytýbazén,3267
rakovinu,3268
plátnem,2070
fandící,3269
stručný,3270
fotoaparáty,958
pavilon,3271
dlouholetým,304
deštěm,1600
rozhodce,3272
písňové,3273
zpravodaj,3274
radních,3275
provozovatelem,281
zavedený,3276
komorním,2148
mechanismus,3277
olympijští,936
pojistník,3278
studiemi,2030
farníci,3279
křehký,3280
sochy,3281
nakazil,3282
nutné,3283
přebytečný,3284
protektor,3285
interpretaci,2649
soubojů,3286
vyzdvihuje,3287
strojek,3288
obdivuju,2792
počkáme,2843
faraon,3289
vysíláno,3290
následně,3291
připomínán,3292
neprofesionální,2709
nominovat,1425
rozčiluje,3293
cyklistický,3294
knězem,147
vybavil,3295
developerských,3296
výprava,3230
oficiálních,3297
písně,2135
srdcem,3298
korejského,526
bateriový,3299
míchá,3300
kdo,3301
vývar,3302
reportáž,1274
bombardér,3303
multimediálních,3304
slavnostního,3305
poprosil,3306
manželského,691
bývalí,279
kříž,3307
editora,3308
her,2996
slavností,3309
autosalon,3310
rozloučil,3311
pohádkou,1092
tváří,3312
vítězných,930
komorního,2148
držitelka,478
pravděpodobný,3313
jméno,3138
nechává,3314
oblékal,3043
uvaří,3315
očekává,2602
pozorovatele,299
mistrně,3316
kapelu,1682
sexem,3317
realismu,1263
erotika,3318
úryvky,1144
pohádková,1507
prarodiče,3319
astronomů,1453
zmatený,3320
sehráli,1537
drastické,3321
trojúhelník,3322
domníváme,1817
sudetoněmecký,3323
příběhům,325
amatérským,178
neříkej,3324
věhlas,3325
zakladatele,87
sochařské,3326
hrubosrstý,3327
klub,3328
přesvědčeni,390
uznávaného,283
závěrku,3329
záchranky,3330
knižní,2775
umět,2703
poznatek,3331
stráví,2211
zážitcích,1128
architektonická,1152
odvážných,410
přeje,1626
odpadních,3332
prvoligových,945
stydí,2233
bubeníkem,161
smíchy,786
právníkem,124
autorech,35
vokál,3333
laserový,3334
předvede,1401
hodinový,3335
nahrává,3069
spolupracovníkům,394
vědomě,3336
prezidentských,922
předloží,1589
pouhý,3337
naráží,3338
smutné,890
operoval,3339
odmaturoval,3340
skanzenu,3341
otazník,3342
obvinil,3343
uložil,3344
bulváru,2041
milenců,2459
políček,3345
podtitul,3346
zážitkuagroturistika,3347
vyrovnává,3348
tvorbu,1325
adventura,3349
průzkumný,3350
chápu,2128
obsazený,2164
kroutí,3351
tlumočníka,350
přenosových,3352
milovníkem,720
rytmus,3353
senior,3354
výpravy,3230
myšlenkových,1528
digitalizace,3355
prokurátora,251
spokojen,1634
přebírá,3356
fotbalistů,136
zážitků,1128
upírů,3357
vedoucího,711
dotkl,3358
jménem,3138
neproměnil,3359
vůdcem,729
romantické,777
uvařil,3315
kandidující,2019
vysílač,3360
stěžoval,3361
určí,1622
romantismu,2438
paradoxní,3362
dohodl,3363
nadbytek,3364
modelingu,3365
titulku,490
epické,3366
redaktorů,70
slavní,264
dovolit,1887
astronauti,312
experimentoval,2869
kamarádka,3367
polski,3368
respektoval,3369
plátně,2070
navázal,3370
žhavý,3371
papírový,3372
řidičem,238
epopej,3373
textovou,2016
sběrný,3374
metaforou,3375
propagoval,3376
zpracování,1313
představenstvo,3245
manželku,988
mluvčího,531
organizačního,2280
procestoval,3377
trefně,3378
kompakt,3379
hudbou,1782
ovlivněný,3380
vyzkoušel,3381
dějinách,2051
deklaroval,3382
jedinej,1870
účetní,3383
úsek,3384
salašnický,3385
sponzoři,774
inspiruje,1115
zašel,3144
rozhlasu,1384
shrnuje,3386
sdělit,464
zkušenostem,2303
chystané,1054
nakládá,3387
dechem,3388
dodržet,3389
daný,3390
protivníci,1280
verš,3391
jmenován,1329
vařil,3392
zahájení,2320
rumunského,541
znalci,472
zavítal,3393
vývojem,3060
kreativně,3394
zoologických,3395
praktikující,3396
uvědomit,1300
začátku,1771
odjel,3397
juniorský,3398
všestranný,3399
učitelky,852
ústav,3400
následovníci,3401
vymezí,3402
románek,3403
vyfotil,3404
něm,2360
hostovat,3405
muškátový,3406
chorvatských,660
památkových,2014
věřím,2311
ujišťuje,3407
prezentovaný,3408
bratrů,332
povyku,3409
zakrývá,3410
kouzelníka,272
svařovací,3411
poselstvím,2780
posláním,3412
trapné,1397
usnul,3413
dodával,1278
brýlích,3414
ocenit,1812
hry,2996
nacionalistů,3415
záměru,614
nejzajímavějších,2282
oceněním,3416
rozuzlení,3417
pomyslný,3418
urbanistické,3419
královský,3420
nejznámějších,292
důkaz,3421
poděkoval,3422
závazkům,3423
vadilo,3133
akov,3424
sektor,3425
pravoslavného,1519
kyselý,3426
drsnější,1683
úsměvné,3427
policejní,3428
mozaiku,3429
filharmonie,3430
obžaloba,3431
automobilka,3432
rodačka,3433
sourozenec,3434
věrný,3435
lídra,3436
melodie,3437
sorry,3438
dozvěděl,3439
odvaze,2381
zkušenostech,2303
vynikal,3440
historku,2540
odmítal,3441
odjinud,3442
dataprojektor,3443
vesničané,3444
signál,3445
sněm,3446
apoštolové,3447
legrační,3448
představování,2321
zvraty,3006
estetických,2029
naplánováno,3222
company,3449
starostka,3450
vstřelil,3451
hvězd,886
brigádní,3452
druhou,2037
rodinný,3453
studiu,841
nahrávání,2436
nezapře,3454
chůva,3455
nadprůměrný,3456
uvolnil,3457
figuroval,3458
historiků,42
přesvědčivě,3459
výtvarná,450
prázdnin,3460
česk,3461
platil,3462
poslanecký,3463
pivovar,3464
ochutíme,3465
jedničce,2147
konfliktních,3466
kvartet,3467
nestydí,2233
soucit,3468
princip,3469
špionážní,3470
kvalitách,1992
čtenářem,603
žádaný,3471
zklamat,1564
premiérovém,514
zvládá,3472
princezna,3473
studentských,1413
zahájí,2665
respektuji,3369
oslovili,963
ústředních,1775
vstoupil,3474
holka,3475
realizovaný,3476
novinkám,1939
načasování,3477
ucházel,3478
dodat,314
slov,3479
prožívá,2481
jímž,2040
záznamem,2108
několikanásobný,3480
kemp,3481
filharmonií,3430
posluchače,532
společníci,972
zabudovaný,3482
zvažovat,1359
představiteli,58
odbavovací,3483
bagr,3484
pravdivosti,3485
vrstevníci,3486
mistrovstvím,3487
frézovaná,3488
titaničitý,3489
øíká,3490
rodičích,529
vyložený,3491
rappera,3492
vždyť,3493
mazlíček,3494
dívka,3495
grafiků,3496
přítelkyní,3497
hlavně,3498
písničkou,1896
napadl,3499
hlasující,3500
hru,2996
ilustrovaný,3501
podepisuje,3502
povedlo,3503
slabý,3504
trenéra,148
magický,3505
provokuje,3506
redakci,3507
krajin,3508
vynikl,3509
folklór,3510
amatérka,3511
label,3512
nosná,1082
vypravuje,3513
zapojuje,3514
soudil,1184
fyzický,3515
dalekohled,3516
doufat,1538
smysl,3517
hlášek,2759
podobenství,3518
historika,42
hliníkový,3519
oxid,3520
pevný,3521
národnostních,3522
skandál,3523
totalitních,3524
schopní,637
přemýšlet,1986
clovek,3525
tom,2113
vrahů,286
nahrávce,2396
rozhoduje,2195
nahlíží,3526
financuje,1826
datový,3527
parodií,1679
obránci,784
rozlišovač,3528
vizuálně,3529
nepsal,3530
rozpočtů,2090
organický,3531
trik,3532
poctu,3533
snímat,3534
odpůrce,3535
přepsal,3536
prototyp,3537
komentátoři,132
nevýznamný,3538
tajný,3539
zabijáka,1291
příjemce,3540
příznivcem,764
brněnského,484
finálních,3541
špatní,1495
osmdesátých,3542
úděl,3543
stejnojmenná,345
označil,3544
dějištěm,1837
šperk,3545
dodavatelé,498
dokončování,3546
reklamy,2964
studentky,1099
prokazuje,3547
investorům,157
inspirovalo,1115
uplatňoval,3548
nainstalovaný,3549
nezisková,3550
jiní,1327
přeživší,3551
klíčových,966
symbolický,3552
nezviklá,3553
nezávislých,3554
vcítit,3555
poutníci,732
popravdě,3556
vyslechl,3557
židovského,1195
seriózní,3558
vyhrál,3559
překvapilo,2516
neuvedl,395
promoval,3560
textů,1481
autorským,430
vysílal,3561
jihokorejské,371
mrzí,2859
plánům,1922
česnek,3562
plastiky,3563
kritickým,1923
sochařství,3564
nečekaným,3565
ženě,1743
sňatek,3566
slunný,3567
výběr,3568
sebevražda,3569
svůdná,1403
uvedeme,395
podmořský,3570
náklaďáku,3571
poněkolikáté,3572
sibiřský,3573
muslimové,1187
skromně,3574
promluví,1243
architektonické,1152
sledoval,3575
vzápětí,3576
jasno,3577
zavražděn,3578
zlínského,726
vnitra,3579
kandidátů,287
dojmy,2658
vyvolaný,3580
slib,3581
upřít,3582
občané,779
dočká,2272
planetária,3583
médií,3584
zběsile,3585
postřeh,3586
kout,3587
považovaný,3588
hodný,3589
ustanovil,3590
ojedinělý,3591
tajemníkem,373
figuruje,3458
potenciál,3592
podivný,3593
rituálu,3594
vnímám,1967
here,3595
herních,3596
překvapivé,2448
exponát,3597
pustí,1629
kostýmu,523
biblických,849
varhaníka,242
smyčcový,3598
fraška,3599
pokutový,3600
doslovný,3601
smát,592
oznámili,871
osel,3602
fašismus,3603
zakládající,3604
přejímá,3605
závěru,1410
badatele,107
zjistil,3606
divím,3607
populární,3608
ovladač,3609
doktorka,3610
šampionátů,2443
zvědav,3611
vychovatelka,422
samotným,559
nahlas,3612
reprezentačního,3160
ztotožňuje,3613
zpravodajských,1169
nadzemních,3614
dojmem,2658
oslavil,3615
strojový,3616
zkoušek,3617
kuchařka,3618
sami,326
fascinuje,3619
videohry,3620
akustický,3621
lamelový,3622
vlastn,3623
přesah,3624
takovej,3625
důstojníci,324
spoluprací,3626
hrou,2996
vzdělávacího,1799
ředitelce,859
kalkul,3627
cestuje,3165
slíbit,1088
íránského,679
pilotních,2595
tvarovaný,3628
nevinný,3629
sexuálních,3630
šikovní,735
zahajovací,2235
spatřil,3631
komunismus,3632
obrazu,2153
projektanta,69
přínosný,3633
přijat,2271
přestávkách,3634
zaregistrovaný,3635
benzínový,3636
misionáři,550
výrobek,3637
prohlašuji,1522
kontroverzním,673
zřekl,3638
poddruh,3639
učil,3640
úspěšného,762
maloval,3641
ředitelů,80
kapelníka,140
dovedl,3642
stranu,3643
alkoholismus,3644
energetický,3645
náboj,3646
přehlídka,1108
profesory,74
tací,3647
architektonických,1152
dvojicí,2484
kolektivem,3648
povolil,3649
duchovní,3650
sestrojil,3651
vyvolává,3652
partnerce,1160
hydraulický,3653
utržil,3654
koncentračního,3655
populárního,3608
skládal,3656
malý,2879
průběh,3657
zvukovou,427
sochařská,3658
slavné,264
keř,3659
zranil,3660
klavíru,3661
trpící,3662
představu,1649
vodič,3663
mluvčím,531
dějepis,3664
celebritou,3665
chytil,3666
zaměstnat,2380
žení,3667
tvorba,1325
dramaticky,3668
babička,3669
dokázat,1105
satirické,3670
profesionálních,2709
osnovu,3671
koupelnového,3672
módní,2980
vědomím,3673
strachem,2750
střihy,374
vyvrátil,3674
zopakuje,1667
nevěřil,2311
šachový,3675
přínos,3676
oceněné,566
zorganizoval,3677
klinický,3678
holokaust,2823
dočetl,3679
osolíme,3680
vchází,3681
nejznámějšího,292
videem,2072
pojmenovaný,3682
dron,3683
norského,565
uvedla,395
útočníkem,309
ostrov,3684
pijeme,3685
bitevních,3686
monumentální,3687
rekonstrukce,3150
výjimečnosti,3688
romantická,777
nacionalismus,3689
situacím,1192
ostříhat,3690
dlouholetá,304
málokdy,3691
špenát,3692
žádný,3693
vzpomínáte,1240
hit,2642
propagátorem,681
enzym,3694
ženou,1743
hledači,3695
veřejnoprávní,3696
michal,3697
jednáme,3698
nahrávkách,2396
vidí,1551
roztok,3699
vystihuje,3700
byť,3701
zkusil,3702
ženu,1743
zachytí,1109
divil,3607
přední,3703
přibližuje,3704
nebojí,2507
nebránil,3705
zaznamenal,3706
mlada,3707
kamerového,1930
autoradiím,3708
konzervatoři,2881
herního,3596
dospívající,3709
přistoupí,2013
investory,157
zkouší,3181
vznikl,3710
normalisovaný,3711
pokračováním,2477
doktorem,184
předpokládám,1924
velel,3712
žalobkyně,1296
zasvěcený,3713
dodatek,3714
rodí,641
rekordér,3715
próza,1830
vyhodil,3716
přečetl,3717
kvalitou,1992
dočkáme,2272
akčním,1500
depresivní,3718
foyer,3719
pohybových,1376
jakýkoli,3720
generálním,754
rodiče,529
skutečných,1411
autorova,557
nadšenci,862
sovětských,516
kterého,2116
polského,488
banka,3721
geologický,3722
vesnických,1230
písničce,1896
astronomický,3723
napadlo,3499
zapomněl,3037
materiálem,1526
postupů,3724
holt,3725
usiloval,3726
potěšen,3727
buduje,2871
prý,3728
shromáždil,3729
vyvolávající,3730
údiv,3731
spoluhráči,803
odehrávající,3732
překládal,3733
propagační,3734
karlovarského,917
učebních,2969
personálem,1231
umřít,2259
závěrek,3329
případech,1952
schválit,1196
moudře,3735
diktafon,3736
vymýšlet,1540
absolvování,3737
atmosférických,2336
chemický,3738
pedagogičtí,713
podporoval,3739
psychologické,811
pocházel,3740
nechtě,3741
svědomí,3077
vyloučil,3742
celebrity,1426
zaregistroval,3743
zvukové,427
působivé,889
zdrojového,1678
tělový,3744
zřejmě,3745
vystupovat,1973
olympijského,936
medailistka,3746
elektromotor,3747
atelier,3748
protestantský,3749
témat,2471
precizní,3750
světově,3751
nepříjemný,2700
radikálové,3752
znásilnil,3753
spoluzakládal,3754
odvážné,410
neříkám,370
učebním,2969
umírá,3755
fotbalistou,136
obyčejný,2510
motto,3756
pedagogů,51
okouzlující,3757
podruhé,3758
brněnských,484
uměleckoprůmyslová,3235
hraném,431
žánrově,3759
uvaříme,3315
jisti,1019
zalesněný,3760
nehodlá,1479
způsobilo,1299
hledišti,2795
vydal,3761
situacích,1192
zbláznil,3762
čtyřjádrový,3763
poválečných,1157
nosných,1082
uklidnil,3764
ilustrační,3765
českých,250
techniků,829
křemičitý,3766
zvuku,1122
nasazuje,3767
konfliktům,2401
jenomže,3768
nepřipouští,1874
nezískal,2291
oznámí,871
vyhlášený,3769
životních,3770
zapomíná,3771
astronoma,1453
ředitelku,859
vmícháme,3772
sociologie,3773
pružný,3774
odstřel,3775
nadpis,3776
geometrických,3777
popularitu,3778
arabští,3779
populárních,3608
průhledný,3780
porotou,874
pitný,3781
knihovnice,3782
akreditací,3783
posluchačům,532
proudový,3784
autorství,3785
rovin,1885
záměrech,614
fotografovat,1630
omyl,3786
zoologické,3395
trefil,3787
tématarekonstrukce,3788
grafických,1124
některých,2220
vyznamenán,3789
uměleckými,82
našel,3790
nebát,3791
vjemy,3792
odešel,3793
partyzáni,3794
movie,3795
dokonalý,3796
komplikacím,3797
vdova,3798
chvílích,2832
jemný,3799
kreslí,3800
oříšek,3801
uděluje,3802
váhá,1529
představuje,2321
renomovaného,159
alpský,3803
zákonitostí,3804
frantiska,3805
studiových,570
fragment,3806
kandidáta,287
mluví,1651
hokej,3807
soukromý,3808
teta,3809
primátorem,219
poslancem,187
důvodů,2184
minimalistickým,1110
svažitý,3810
reálnost,3811
šlechtický,3812
života,2640
interiérových,3813
příznivci,764
pěvecká,840
paměťové,3814
satelitních,3815
radí,2844
ministerstvu,1809
rozjezd,3816
kolektor,3817
přirozený,3818
značkový,3819
navrhne,1064
kvintet,3820
pojednávající,3821
cenový,3822
testovaný,3823
reforem,3824
výstižně,3825
pak,3826
podmínku,3827
nejzajímavější,2282
uměleckém,82
oženit,3667
výstřih,3828
prognózu,3829
statistik,3830
ambice,2231
ústavodárný,3831
reakcím,3832
rozpaky,2083
synovský,3833
pozoruhodné,1693
svědkem,656
kreatin,3834
neskutečný,1411
těší,1949
holčička,3835
prezentuje,1806
předpokladů,1601
nováčka,560
krajinných,1297
stín,3836
východisko,3837
organizuje,3137
vizualizací,3838
zakladateli,87
maluje,3641
brankářů,166
temperamentní,3839
vypadl,3840
raný,3841
byznys,3842
pochybách,3843
autorskými,430
známí,292
charitativních,3844
vyznává,3845
konzultanta,233
působící,3846
předsedu,226
životem,2640
minutový,3847
zavěšený,3848
přechodový,3849
zachycuje,3850
nutil,3851
aspektem,1062
tenisový,3852
detektor,3853
výbuchem,3854
přistěhovalců,3855
spoluhráčem,803
písních,2135
pustíme,1629
přebal,3856
beletrie,3857
odstoupil,3858
inspektorát,3859
druzí,2037
nahrávací,3860
generálové,231
učinil,3861
záchranný,3862
vyzván,3863
jací,2815
estetiky,3864
nepostradatelný,3865
podrobný,3866
obrazech,2153
naschvál,3867
mladší,174
slovník,3868
bytostně,3869
ekonoma,98
způsobeno,3870
přiznala,434
meloun,3871
úspěchu,2824
čtenářský,3872
přepisy,778
opera,1025
živočich,3873
zarážející,3874
věhlasu,3875
musíte,1107
povede,3503
bojoval,3876
písněmi,2135
motivován,3877
týmem,584
zaprvé,3878
vysílala,2903
latinský,3879
průser,3880
slabostí,3881
nadchl,3882
spoluobčany,3883
dedka,3884
sportovkyně,3885
kandidáty,287
nacisty,1700
genetický,3886
napodruhé,3887
volbami,3888
existenciální,3889
zábavních,3890
koláže,3891
neobjevil,1854
zpracovatelů,165
rozválíme,3892
stereotypy,2328
účinkovala,635
nepřekvapí,3893
zkoumaného,3894
letci,891
demografický,3895
fantazii,3896
lídrem,3897
dojmu,2658
dekády,3898
tvářit,3899
protinacistického,3900
dlouhodobý,3901
povídce,1270
střídá,3902
připomene,698
dokončení,2851
čtvercový,3903
impulz,3904
podvodníci,494
podnikový,3905
alternativních,3906
sir,3907
orchestru,868
jedničky,2147
stavěl,3908
překvapivou,2448
řeknu,3909
slzy,3910
zpracovával,3159
zážitky,1128
částečný,3911
bergamot,3912
auditorech,3913
hokejistů,153
hřích,3914
hřebíček,3915
výmysl,3916
ananas,3917
omlouvám,2833
superstar,3918
záporný,3919
vítězů,753
světového,1295
repliky,3920
vykresluje,3921
distribuuje,3922
vhled,3923
předsedkyně,3924
jistí,1019
inovativních,3925
spekuluje,3926
zrodu,2748
pronikl,3927
palivový,3928
pásový,3929
inspektora,293
reklamním,1548
grant,3930
skladeb,3931
vicepremiéra,134
doktorů,184
videosekvence,1741
tvrdit,1073
trápiť,3932
nepotvrdil,836
vyzdvihnout,3287
loňský,3933
zdůvodněním,3934
zakoupený,3935
dobrovolný,3936
blondýna,3937
nadčasové,667
jednal,3698
dorazil,3938
zahráli,869
vaří,3392
neziskového,805
oplývá,3939
spustil,3940
hněv,3941
nejdřív,3942
zavítá,3943
krajinného,1297
členitý,3944
grupáč,3945
společenský,3946
přípravného,1751
kancelářský,3947
bakalář,3948
ďábla,3949
médium,3584
starověký,3950
potýkat,3068
vysílací,3096
soustředil,3951
nemyslí,3952
sval,3953
herní,3596
homosexualitu,3954
vyhledal,3955
černobílou,1342
reklamu,2964
zakázkách,3956
vyspělý,3957
učitele,97
pocítil,3958
místopředsedy,376
vrcholový,3959
úspěchem,2824
vyústěním,3960
připadám,3961
tygra,3962
vývarem,3302
guvernérem,511
bohové,876
cítím,2348
chovatelé,824
vkládá,2449
vzdává,2654
partnerům,253
bouře,3963
pacientem,504
geomorfologický,3964
nedostal,3965
zvykem,2887
realistické,825
skvost,3966
ročník,3967
iluzi,3968
amerických,261
počátek,3969
dlažeb,3970
dekorací,3971
obavy,3972
stativ,3973
hudbě,1782
vrátil,3974
netradiční,3975
webmaster,3976
zveřejňuje,3977
čočka,3978
budováním,3979
věčný,3980
náhrobek,3981
pracovat,1285
zatmění,3982
nezažil,1635
navrhovatelem,454
řediteli,80
pecka,3983
trenérem,148
emigroval,3984
plynulost,3985
řemínek,3986
obsáhlý,3987
strážce,3988
novodobých,1599
nejvýznamnějších,1022
výběrem,3568
trávil,3989
rybáři,393
adoptivní,3990
romány,664
marketingová,710
předběhl,3991
vyhlašuje,3992
napínavé,1880
prací,3993
neopakovatelné,3994
polykarbonátový,3995
pěvecké,840
demonstranti,3996
amfiteátru,3997
nepřišel,2674
esej,3998
vraždil,3999
zábavní,3890
stál,1941
tragédie,1322
kovaný,4000
tkví,4001
nakrájíme,4002
jím,4003
myslitele,289
neshodám,4004
pamatovat,4005
slon,4006
podvečer,4007
podotýkám,386
potvrdilo,836
jedině,4008
společnost,3110
osmý,4009
vykopávek,4010
nechával,3314
zkouškách,3617
tramvajový,4011
fejetonů,4012
připravovat,1456
ostuda,4013
předvolebních,4014
žádal,4015
odolný,4016
načež,4017
sedmdesátých,4018
krajinářské,4019
odhad,4020
brečela,4021
brouk,4022
prodejcem,1382
neúspěchu,2340
pozdější,4023
zklamalo,1564
vysavač,4024
májový,4025
naštvalo,1769
inovativní,4026
ilustrovat,2944
figur,4027
bál,2507
terapeuta,211
angažovat,1023
zákoník,4028
budoucí,4029
obeznámen,4030
spokojenej,1634
proslulého,509
odmítám,3441
městský,4031
umře,2259
uvádějící,4032
netušili,1256
nemocen,1030
umožnil,4033
obklopený,4034
kořenech,4035
suita,4036
výstavu,2359
starozákonní,4037
svalový,4038
trenérovi,148
poslankyně,4039
zhlédnutí,4040
potravinářský,4041
slovesem,4042
mistrem,171
loutkové,505
pokládal,2599
kolegů,100
proslovu,2496
pěvců,2364
rádiový,4043
zákonů,1198
východoevropských,4044
televizím,912
ctít,4045
nabídkydle,4046
analytiky,195
traduje,4047
masakru,4048
ocelový,4049
násilných,4050
hlas,3000
vybojoval,4051
nevyjádřil,979
plakátu,1724
plánování,4052
topol,4053
specialisté,417
interpretace,2649
odstrcilikovi,4054
kolegy,100
zoo,4055
dospěje,1847
koncový,4056
kapel,1682
pochopitelné,4057
svobodný,4058
politiků,105
vnuka,438
rozsáhlý,4059
pokřtít,4060
vystupujících,1223
výchovným,908
pomník,4061
opravil,4062
konělázně,4063
stmívání,4064
obrazového,666
balady,4065
uvedou,395
absolventské,4066
opeře,1025
mixér,4067
vysílá,2903
úkolem,4068
síran,4069
výstřední,4070
návrzích,2177
architektur,4071
důvodům,2184
styl,4072
certifikovaný,4073
žádnej,4074
železitý,4075
plánů,1922
jev,4076
záměry,614
velkolepé,1752
trenérka,4077
hatchback,4078
prováděl,4079
zkraje,4080
podpořený,4081
určitý,4082
socha,3281
lokace,4083
spatřuje,4084
soukromíubytovna,4085
zrození,4086
objednává,4087
okupačních,4088
meziválečného,1310
genocidy,4089
úctou,4090
doprovází,3106
členem,497
oponou,2232
mráz,4091
uvedlo,395
popírá,4092
promyšlený,4093
stárne,4094
zkušeného,102
evangelický,4095
skleněný,4096
dodám,314
koncertů,1645
redakce,3507
hrozný,4097
celokovový,4098
soupeřem,1272
odboj,4099
hostujícího,487
dešťových,1530
moudřejší,794
vládní,4100
realizace,2295
šatně,4101
neříkal,370
myšlenkami,1065
výzkumem,4102
přívětivý,4103
lidskost,4104
skautského,1112
ztotožnit,4105
barokního,4106
prchající,4107
syntezátor,4108
čte,4109
přiměl,4110
volen,2178
dohlíží,4111
zakázal,4112
zakládal,4113
milencem,2459
nutno,3283
indického,965
vstává,4114
krájet,4115
účesu,4116
vlak,4117
koncertoval,4118
aktivistů,142
charakter,1892
majitelem,441
sáhl,4119
záchod,4120
památník,4121
chystáme,1498
dal,4122
znalců,472
konfliktní,3466
obsahovou,4123
zásluhy,1796
cukrovar,4124
týdeník,4125
domácích,4126
likér,4127
krach,4128
změnu,4129
zpěvem,2949
triky,3532
zlobil,4130
menšin,4131
pódium,2837
ústředního,1775
ztracený,4132
kontě,4133
ohlas,4134
osobných,4135
vybavuje,4136
srozumitelný,4137
subjektem,534
odlehčený,4138
schválí,1196
nepřátelský,4139
započatý,4140
potvrdit,836
snoubenci,4141
dua,4142
patronem,4143
postavený,4144
zápal,2686
instaloval,4145
litevského,571
provozovatele,281
oddech,4146
mluveného,2358
syrského,1486
teď,4147
nestál,1941
faktu,1511
skutečnosti,3009
líný,4148
kmín,4149
geografický,4150
famózní,4151
detailem,4152
videokamery,873
šel,4153
srbského,795
chválit,2312
právnickým,4154
nervozní,4155
pozorovatelé,299
novinářské,4156
internetový,4157
sehrát,1537
kolapsu,4158
dokumentů,339
psychologicky,4159
křtu,4160
kravina,4161
devizových,4162
historky,2540
nabral,4163
poezie,4164
chystaném,1054
metodu,4165
velitelé,495
životopisu,1869
nejšťastnější,1017
talkshow,4166
zrakovým,4167
popové,4168
podílet,1000
maskou,4169
kytaristu,1979
sloveso,4042
agenti,346
přiložený,4170
neplánuje,1282
oznámen,4171
zajímathttps,4172
studentům,182
pokrývačské,4173
velvyslance,240
tohohle,1113
spolužačka,4174
tvář,3312
umístil,4175
nastartoval,4176
sympatická,359
zastřelen,4177
ocitl,4178
bruneta,4179
rituál,4180
klasiky,4181
neurazí,4182
přijímá,4183
sklářské,854
experimentálním,1484
zážitku,1128
kabel,4184
karikatury,4185
předešlý,4186
workshop,4187
nejdražšíhood,4188
pamětníků,1434
vnímáním,4189
památkáři,4190
posadil,4191
pojmenovává,4192
společnostech,3110
přitáhl,4193
dějstvích,4194
nedostatek,4195
dvojčat,4196
tehdejší,4197
patřičný,4198
odbor,4199
srovnal,4200
obdivuji,2792
nadšeným,655
zdravotnictní,4201
realita,3089
obavami,3972
mnohý,2928
nedopadlo,4202
spolupracuje,1080
čekat,2228
tlustý,4203
žije,4204
asistentkou,4205
kořenový,4206
komplikace,3797
soutěžních,4207
nákladný,4208
připomenout,698
graf,4209
hledal,4210
dřív,4211
ocásek,4212
freeride,4213
rozhodnut,4214
gumový,4215
objekt,4216
zúčastněným,4217
ujasnit,4218
explicitně,4219
páni,789
chyběl,4220
myslitelů,289
požádán,4221
zaujímá,4222
chystaných,1054
odcházel,2123
pacienti,504
panovníkem,358
pozdravil,4223
spoluobčané,3883
dokumentech,339
pláč,4224
nevěstu,1422
výzkum,4102
postmoderní,4225
pochován,4226
tenký,4227
zřídil,4228
odchází,2123
plakátech,1724
průmyslu,2398
zmocní,4229
zákrok,2457
zadavatelem,451
hůř,4230
emitent,4231
kompilátor,4232
pedagogické,713
udělaný,4233
stanovením,4234
favoritů,2174
průkopníka,338
odložil,4235
zapříčinilo,4236
točení,4237
romantickou,777
car,4238
východiskem,3837
vegetariány,4239
rodičovský,4240
vyložil,4241
malířské,2722
vysílacím,3096
vybíráme,1018
prohlášením,4242
filozofa,4243
magazín,4244
vydavatele,232
fyzickým,3515
generálnímu,754
bavilo,925
řečený,4245
mediálních,4246
japonských,642
tanec,4247
dodatečný,4248
opraváři,1464
sakrální,4249
soudu,1181
přechýlení,4250
zpracován,2306
výstavby,2704
průmyslových,2480
měnových,2493
šikovně,4251
piloti,230
interpretační,4252
oceněni,1812
zdržoval,4253
hodnotný,4254
bát,2507
anotaci,4255
snowboarding,4256
uplynulo,4257
konzervatoř,2881
vybere,961
soch,3281
pozastavil,4258
generační,4259
vsítil,4260
celníci,4261
zkrátka,4262
citlivě,4263
neboť,4264
způsobech,1873
ovládal,4265
vystřídat,2620
propůjčuje,4266
zařadil,4267
nestihl,2408
působením,4268
pěveckého,840
vizuálním,1373
nepustil,1629
vztahů,3263
býk,4269
duší,4270
lodyha,4271
zaměstnancem,429
formátem,4272
myšlenkách,1065
obviněním,4273
ležák,4274
vinen,4275
pravoslavných,1519
zodpovědnost,4276
didaktického,2127
průběhový,4277
koktejl,4278
přivolal,4279
maker,4280
mistrovského,2915
erotického,1475
pedagogům,51
chceme,1129
nezávislým,724
statut,4281
řekla,407
expozic,4282
vládl,4283
software,4284
poměrů,4285
ambicí,2231
extravagantní,4286
živnostníci,577
situací,1192
vstávat,4114
vykonává,4287
agentka,4288
traktor,4289
řídicí,4290
vypracovaný,4291
nepřijímá,4183
postojem,2393
dynamickým,2460
velitelem,495
tito,1656
mixování,4292
vysokoškolským,453
vychoval,4293
postupoval,4294
prožitků,2760
koncesi,4295
jenž,2040
podpůrný,4296
propracovaný,4297
definovaný,4298
zkoumal,4299
připraven,2093
jazzových,662
šéfů,95
šatech,3210
hospodářský,4300
překladem,1026
zistil,4301
klávesovou,3029
britských,297
upravil,4302
biskupové,645
bydlel,4303
popřel,3070
surovinu,4304
dovolím,1887
móda,4305
melodii,3437
doložil,4306
grafického,1124
kreslil,3800
seno,4307
systém,4308
předurčen,4309
sólovou,857
odlišný,4310
výjimečnost,4311
znát,4312
polohách,4313
svědka,656
hrobek,4314
opačného,4315
junior,4316
dostal,3965
klenotů,2417
reportáži,1274
kurzor,4317
inspirací,4318
pochopitelný,4057
diagnóza,4319
zobrazil,4320
navrhovatele,454
sklízí,4321
zastáncem,2329
píseň,2135
lovecký,4322
rozhodne,985
ortodoxní,4323
potvrdí,836
posudku,2440
oblékl,4324
vesmírných,1588
symfonická,842
strážníci,580
stan,4325
příspěvková,4326
cholery,4327
umírání,4328
psychoanalýzy,4329
mladého,174
nakrájejte,4330
manuál,4331
rekl,4332
sýr,4333
ředitelky,859
předpoklady,1601
zaměstnancích,429
programová,402
paměťový,3814
cestovatelé,4334
obrazovou,666
atmosférou,2156
výtvarnému,450
hostujícím,487
prostorný,4335
motocyklových,1428
obrazovkách,4336
ujali,728
předpokladem,1601
fotografie,4337
údajů,4338
evidentně,4339
souhlasit,1071
inženýrských,4340
ohradil,4341
dopadá,4342
účastníkem,527
protiletadlový,4343
aspekty,1062
ostravských,706
kandidátky,3234
zrcadlovky,3055
obžalován,909
podlehl,4344
premiérové,514
exteriérové,4345
stejnojmenným,345
československého,758
parlamentních,4346
vrahovi,286
zvyků,2887
čtrnáctý,4347
dobových,1459
osudy,826
sbíral,4348
rozčarování,4349
lídři,4350
rytmická,4351
vlk,4352
dodávající,4353
renomovaných,159
etnických,1964
rozvojového,1344
koncertovat,4354
motivačních,4355
myšáci,4356
analytika,195
civilisté,4357
unesl,4358
vězni,442
prezidentkou,4359
prstenů,4360
argentinského,578
zaznělo,4361
uctíván,4362
posunul,4363
svůj,4364
oltář,4365
podélný,4366
skandinávský,4367
některé,2220
sehrálo,4368
faráře,228
dědicové,4369
biografie,4370
připojil,4371
koaliční,4372
kritizovat,1582
abstraktních,4373
funkciepovrchová,4374
zkušených,102
odcestoval,4375
management,4376
zahajuje,4377
život,2640
nevládní,4100
prosadit,858
duel,4378
těžebních,4379
uveřejňuje,4380
seděl,4381
drahý,4382
závislý,724
koncertech,1645
motorový,4383
debilní,4384
kolegyní,2422
něj,2360
vykládal,4385
lubrikační,4386
zeměpisných,4387
name,4388
poradkyně,4389
motor,4390
kanalizačních,4391
obohatil,4392
obojího,4393
citron,4394
dialekt,4395
sjel,4396
kriminální,2451
západ,4397
žurnalistiku,2936
volbě,3888
referendem,4398
navíc,4399
vyvrcholením,4400
předem,4401
youtube,4402
přisypeme,4403
hloupost,4404
nepoužil,4405
úvahám,4406
koncil,4407
regulační,4408
prudký,4409
trpí,2373
hvězdárny,4410
kosmodromu,4411
vysvětil,4412
ráz,4413
nazpívala,4414
sklerózou,4415
utrpěl,4416
bytový,4417
dvacátý,4418
konkrétnější,4419
započetím,4420
špatným,1495
pocta,3533
folkloru,4421
černobílých,1342
pije,3685
zločinci,340
proměnou,4422
špičkových,1096
protipovodňových,4423
zrealizovat,4424
subjektu,534
figuru,4027
demokratů,702
úkaz,4425
odvolal,4426
zajatci,4427
kreativity,2826
dělá,1466
věrohodnosti,2937
uzná,1541
bála,2507
pojednává,4428
násilným,4050
mohu,1998
subjektivních,4429
rodičem,529
vývojového,1076
zkoumá,4299
připomínku,4430
žil,4204
zločince,340
uprchlíkům,500
textu,1481
etnik,4431
legendě,1341
nejdůležitější,2498
potomkem,1450
anime,4432
výborem,987
školách,4433
spěchat,4434
odhadl,4435
hospodářských,4300
starej,4436
významní,1022
pachatelem,848
potoků,2535
senátu,1321
sportovcem,310
this,4437
koordinuje,4438
muziky,2154
citoval,2458
formátů,4439
kampaně,4440
zhotovil,245
poválečného,1157
nasekáme,4441
splácí,4442
zlobí,4130
dohodli,3363
chór,4443
policajti,4444
jazzová,662
přírodovědných,4445
najmout,1675
odehrál,4446
dívce,3495
potěšilo,4447
španělského,674
jednotliví,1628
hlavou,4448
tomu,2113
přece,4449
vlivům,4450
světů,2730
zde,4451
testoval,4452
svátek,4453
vybudovaný,4454
specific,4455
syna,322
štve,4456
píše,1451
překvapit,2516
zjišťoval,4457
rocková,739
shledal,4458
oceňované,4459
venkov,4460
rozpad,4461
vypustil,4462
pomeranč,4463
nezletilý,4464
slovanský,4465
dovoluje,4466
chudáci,685
zrealizujeme,4467
důvody,2184
počátků,3969
přepisu,778
kamerové,4468
umírající,4469
telefonický,4470
kreslené,950
dvorním,1312
příjemní,2700
zastřešení,4471
drobnějších,2906
mikrofonu,3065
potenciálem,3592
syndromem,4472
opakovaný,4473
konzultantů,233
maminkou,1388
nenapadlo,3499
jazykových,1712
uznávaná,283
opozice,4474
etických,2355
odchovancem,646
analytiků,195
příslušníci,1440
pitomost,4475
skladný,4476
vítězem,753
přistupuje,4477
výstavního,4478
řeka,2389
nemusím,1107
losos,4479
vztek,4480
bojovníci,823
přijet,1229
soběstačností,4481
brazilského,755
agenturní,4482
ikdyž,4483
talentovaných,108
volal,4484
vyhrožoval,4485
výzkumníků,210
disk,4486
foto,4487
marketingových,710
redaktory,70
působí,1236
verdiktu,4488
účastní,2450
sklářská,4489
provázek,4490
symfonického,842
rozvojové,1344
múzických,4491
kolego,100
vypořádat,4492
rozhodně,4493
objevem,1254
čtvrtým,2260
plánek,4494
podělí,1793
konzulát,4495
trapně,4496
osvětluje,4497
nejsložitější,2682
zákonitosti,3804
mistrovství,3487
přeložili,1227
mnohých,2928
dekódování,4498
vystupováním,4499
podstatnější,4500
plánovali,1282
bulvárních,1813
nejprodávanějšíhood,4501
vycházel,4502
debutového,3223
sólového,857
primátora,219
knihu,4503
rozdá,4504
kaviár,4505
logické,2010
pláče,4224
sledujeme,3575
reakcemi,3832
dovozcem,1524
reflexi,4506
comment,4507
střídal,3902
filosofové,4508
kůru,4509
homosexuálním,2363
region,4510
detailech,4152
militantní,4511
soudní,4512
tatínky,143
dobrodružná,818
chlorid,4513
elán,4514
prodyšný,4515
výukových,4516
věříme,2311
vinařství,4517
hospitalizován,4518
hvězdami,886
odmítá,3441
železničních,4519
dárce,4520
naštve,1769
rozborem,2693
textových,2016
ústeckého,4521
vypracování,4522
odborníků,244
aspektech,1062
ročníkový,4523
úkol,4068
oženil,4524
trend,4525
dokázali,1105
básně,4526
vteřinu,4527
vyučujícím,4528
předtím,4529
čočku,3978
hříčky,4530
neuvěřitelný,4531
kvalitních,4532
interpreta,131
islámský,4533
odvezl,4534
ministru,78
milující,4535
provázku,4490
komerčné,4536
doufali,1538
faktů,1511
kompas,4537
teprve,4538
nákyp,4539
zmínit,974
manipuluje,4540
později,4541
vytvořili,671
výstavou,2359
děje,290
pusťte,1629
masakr,4048
čokoládový,4542
suverénní,4543
devadesátých,4544
situační,4545
určuje,2621
diplomata,227
svatém,1037
poplatníkem,1394
podstatu,4546
reklamě,2964
ortopedie,4547
úkolech,4068
primát,4548
duchem,1849
manévr,4549
ostravského,706
uvádění,4550
svobodně,4551
uvedením,4552
výběru,3568
popu,4168
baví,925
plyšový,4553
plechový,4554
hokejového,969
směrech,4555
láskou,4556
vybírám,4557
biografii,4370
jakým,2815
zmocnil,4558
podsklepený,4559
životech,2640
proveditelnosti,4560
střídáním,4561
plynovod,4562
školským,1206
netopýr,4563
rovněž,4564
hledáček,4565
výzkumných,957
uprchl,4566
neziskové,3550
zástupci,1203
dokumentační,4567
antisemitismus,4568
premiérově,4569
brečet,4021
pohonnou,2608
přesvědčuje,4570
dílu,1371
zřizovatelem,458
udělí,1955
tvrzením,4571
that,4572
kresby,3251
analytického,1034
protestoval,4573
nasvícení,4574
uvést,395
zabývající,4575
nesplnil,2917
uváděn,2946
pamatoval,4005
montáží,4576
prošel,4577
logistických,4578
plavecký,4579
studie,2030
kabátek,4580
stavebních,4581
okolností,4582
zpochybnil,4583
spínač,4584
ukázku,4585
vedl,4586
křižník,4587
mladíkovi,190
kazatelem,480
pořádáním,4588
věnoval,4589
vyčnívající,4590
kvalifikoval,4591
dohlížel,4111
antropologie,4592
agentur,1674
upozorňuji,4593
vstřícní,1951
pocitů,2643
myslete,1194
dodavatelem,498
reformní,4594
spravnej,4595
pocitech,2643
požaduje,2005
tankový,4596
evropští,1983
zamýšlené,1711
dospívá,4597
zastává,4598
včely,4599
fiction,4600
každej,4601
profesních,4602
kdy,4603
děsí,4604
zákonodárný,4605
raketoplán,4606
kinofilmu,4607
kuchařský,4608
výtečné,648
řád,4609
jindy,4610
fotit,2155
pohybové,1376
povídám,1006
soumraku,4611
fotbal,4612
uhlíkový,4613
valčík,4614
dvoumístný,4615
stabilizátor,4616
závěrečných,2391
neochotně,4617
šok,4618
vzduchotechnika,4619
velvyslancem,240
herním,3596
australských,731
milujeme,2785
nebývalý,279
podzim,4620
přehrál,4621
zrádce,4622
vytvářením,4623
levoruký,4624
pardon,4625
čelil,4626
pralesů,4627
analogový,4628
vládcem,1460
vesnického,1230
sledovaný,4629
klávesové,3029
pravdivost,3485
bubínek,4630
sekvenci,4631
odvetu,4632
ustavil,4633
oznámila,871
stříhání,4634
brečí,4021
ceremonie,4635
erotiky,4636
svatbou,4637
modelkou,313
zastihl,4638
kvalitu,1992
stanoviskem,4639
placením,4640
šéfkuchaře,4641
koncepci,4642
plynně,4643
tvar,4644
padák,4645
žákem,601
zúčastnění,1842
nepovedlo,3503
ovládající,4646
pověřuje,4647
zaujalo,2350
podřízený,4648
úmyslem,2735
kamarádem,215
stanul,4649
králem,222
editorů,4650
principem,3469
analyzoval,4651
válečného,636
nejslavnějším,264
skladbu,3931
národnosti,4652
nejspíš,4653
tygr,3962
bylinný,4654
zmiňoval,4655
zářil,4656
obkladové,4657
cenzura,2872
koncernu,788
plánovat,1282
manželce,988
klasika,4658
prezidia,4659
senátorem,155
obdržel,4660
vyvinul,4661
kontrast,4662
vybrána,975
ombudsmana,4663
fázích,4664
pochopili,2204
dodávkových,4665
udílení,4666
rozruch,4667
dlouhohrající,4668
stereotypů,2328
dřevozpracující,4669
mořský,4670
tamější,4671
eseje,3998
restaurant,4672
diferenciálních,4673
automobilových,1363
geografických,4150
vim,4674
evidentní,4675
titulární,4676
ještěrka,4677
rezignoval,4678
volnostylař,4679
vlastních,4680
malby,4681
zbylí,4682
rozmyslet,4683
zastřelil,4684
naplánované,3222
prázdninách,3460
okupace,2344
vyrůstal,4685
zpracovat,709
žralok,4686
students,4687
ženských,964
hrůzné,4688
musim,4689
digitalizaci,4690
legionáři,440
hledáním,4691
inspiraci,4318
vášnivým,956
slovenská,372
člověkem,377
hraně,4692
odborníka,244
začátky,1771
spolužáky,535
zákonitě,4693
nepoužitý,4694
aparát,4695
vyčítat,4696
vždycky,4697
mikroslužeb,4698
svatořečení,4699
perverzní,4700
romantika,4701
plánováním,4052
pěknej,4702
výhradní,4703
identifikoval,4704
odnese,2695
grafiku,4705
nezapomene,3037
litovat,1284
dokumentyšperky,4706
nejpodstatnější,4500
matce,2100
burzovní,4707
sociologického,1178
betlémů,1482
obstarává,4708
platící,4709
infoboxu,4710
jednáním,4711
nedávný,1960
společný,4712
plynovodu,4562
faktický,4713
císařský,4714
očekávám,2602
říkala,370
požadavek,4715
novela,2805
ztělesněním,4716
multimediální,3304
pedagogickým,713
nacionalistické,4717
prospěšný,4718
agenturou,1674
knížek,4719
tenistou,341
obor,4720
zápasníků,476
přesvědčením,4721
pokládám,2599
praví,3183
vzdušný,4722
přiletěl,4723
popel,4724
završil,4725
reaktor,4726
brutalita,4727
podpis,4728
řemeslníků,151
školáci,4729
přimělo,4110
ohlasů,4134
stanovuje,4730
prezentací,4731
vedlejších,4732
investoval,4733
zastával,4598
váš,4734
důvěryhodný,4735
těším,1949
následoval,4736
rozpustil,4737
odvozený,4738
průvodcem,1621
zápasem,4739
přátelský,4139
čaj,4740
fotografiím,4337
identitu,4741
ředitelkou,859
sirotek,4742
respektujeme,3369
slovinských,894
závodníci,205
naopak,4743
konzervativnější,4744
džus,4745
penzion,4746
složit,1478
atletka,582
rozpočtový,4747
rozumem,4748
zjevně,4749
střešních,4750
tragickou,1163
neobvyklé,4751
parlamentní,4346
chodník,4752
prodavačka,4753
sokol,4754
zachytili,1109
zajíci,4755
designéry,2187
vaječný,4756
ekonomických,1476
hra,2996
unášet,4757
general,4758
šéfredaktora,334
odvolací,4759
nebyl,2244
styling,4760
dokumentuje,4761
kreativitě,2826
postup,3724
kůň,4762
sever,4763
lékařů,183
severských,4764
výchozí,4765
spolupracovnice,4766
labyrintu,4767
nejhorší,1495
desku,4768
pochybuje,3136
koncertním,2252
doufám,1538
obrysy,4769
masek,4169
lék,4770
antických,3149
propagačních,3734
přípravami,2048
nalezl,4771
považuje,4772
dobrovolní,3936
vítám,4773
smažený,4774
investičních,4775
vřele,4776
zachycen,1109
tomhle,1113
vědomi,1386
předběžný,4777
předává,4778
považoval,4772
story,4779
vize,1810
lvi,928
zakoupil,4780
replikami,4781
zve,4782
jistým,1019
držící,4783
poněvadž,4784
veletrh,4785
registrovaný,4786
umělý,4787
pustit,1629
čerpacích,4788
výkonům,4789
ukládá,4790
simulátor,4791
stylem,4072
leteckých,1375
odhalen,4792
duelu,4378
realizovat,828
hosta,997
humanitární,2519
předpokládalo,1924
zločinů,2495
advent,3349
napůl,4793
buddhismus,4794
posun,4795
zaměřil,4796
svěřit,319
povstalci,4797
druholigového,4798
výslužbě,4799
nacistů,1700
veřejných,4800
dvojnásob,4801
developerské,3296
osobitne,4802
připravilo,1013
lyžařský,4803
pravdou,2576
rubl,4804
přípravné,1751
konkursu,4805
profesionalitu,4806
známého,292
kandidatuře,4807
pronajal,4808
povídkou,1270
sezony,4809
nezařízený,4810
chorvatského,660
odstup,4811
jistých,1019
nechtěně,4812
studenty,182
studiové,4813
narodit,1158
tančí,4814
obsadit,1118
zachoval,4815
příbuzní,4816
výrobci,1242
náhody,3021
rybářský,4817
odehrává,3732
vstřícnými,1951
prvkem,2339
překvapuje,4818
dívčích,4819
slunečný,4820
hvězdičku,4821
rakovina,3268
amerického,261
zlínské,726
zapotřebí,4822
obrněný,4823
respondenta,1046
hrozil,4824
zvládnu,4825
sociálních,4826
odhodláním,4827
kosmonauti,459
nejvýznamnějšího,1022
časování,4828
veřejnoprávních,3696
souhlasem,4829
niž,2040
absolventům,328
fakultě,4830
hořký,4831
mexického,746
vypsal,4832
sešel,4833
nabitý,4834
cítíme,2348
zahrnul,4835
logika,4836
neméně,4837
prováděním,4838
pořizuje,4839
favoritem,2174
ona,2360
vystoupí,1756
zaznamenává,4840
preparát,4841
temnoty,4842
prostor,4843
odboráři,4844
pedagogy,51
zaměstnanci,429
národem,1213
posudkem,2440
zvolením,4845
projektoru,4846
odváží,4847
podrobností,4848
škoda,4849
titulů,2538
opuštěný,4850
větu,4851
zodpovídá,4852
srostlý,4853
naznačila,543
cukrová,4854
zvládne,1981
unesen,4358
věcně,4855
vývojářské,4856
schválený,4857
dohrál,4858
zjevný,4859
bezesporu,4860
rumunských,541
exprese,4861
organismus,4862
porušil,4863
poplatníci,1394
ceník,4864
dodávají,1278
zajištěný,4865
vraždí,3999
psychiatrických,4866
pěstoval,4867
nesnázích,4868
problémům,2175
vlezl,4869
doprovázený,4870
ansámbl,4871
značku,4872
rodáka,126
zinečnatý,4873
krbovou,4874
kouzlem,4875
kráter,4876
document,4877
promyslet,4878
dopadnout,4202
chybou,4879
sádrokarton,4880
divit,3607
provede,1819
výzkumného,957
plakat,2165
korunovat,4881
vzpomínkách,2877
klad,4882
sdělí,464
ilustruje,2944
pěstitelé,4883
expoziční,4884
střílečky,4885
projevoval,4886
přijímal,4183
vyprodukuje,4887
sekční,4888
studentkou,1099
nevzpomínám,1240
snu,2120
světová,1295
prod,4889
podporovaný,4890
trénuje,2746
náročné,1749
pohonné,2608
zámečníci,4891
sídelního,4892
hledá,4210
domnívat,1817
sudetoněmeckého,3323
nenáročný,4893
mrtvý,4894
plzeňských,838
princezny,3473
vývoj,3060
přestávek,3634
lyžaři,463
konkurzu,2733
posloužil,4895
nesnáší,4896
velkoformátové,1072
bazének,4897
obal,4898
podnikající,4899
znalostmi,4900
che,4901
dostavil,4902
dalo,4122
elektroinstalací,4903
literatury,4904
tudy,4905
veličinu,4906
elektromobil,4907
bakalářských,2684
zapisovatele,4908
ukazuje,4909
chrámových,1487
počkal,2843
potýkal,4910
nasbíral,4911
gramofon,4912
ponechal,4913
izolát,4914
šátek,4915
riskantní,4916
automobilky,3432
přítomní,554
zrušený,4917
nelegálních,4918
starost,4919
levicová,483
přijímající,4183
valná,4920
úvodního,4921
uživatelé,672
sulinekmaster,4922
docílil,4923
bojí,2507
kovpovrchová,4924
loni,4925
hypotézy,2191
předpokládaný,4926
musí,1107
plzeňského,838
liberální,4927
odborníkem,244
podmět,4928
můžu,1998
zajišťoval,4929
odmění,4930
nejvýraznějším,1360
hranic,4931
módních,2980
láska,4556
opozičních,1598
zabalíme,4932
televizor,4933
chybami,4879
bienále,4934
okolnostech,4582
kvalitativních,4935
službybezbarierový,4936
básní,4526
osamostatnil,4937
násilím,4938
přechylování,4939
generálního,754
autorizované,1132
nedělal,1466
autobusu,4940
edituje,4941
dezert,4942
excelentní,4943
spolupracovníků,394
zveřejněním,4944
fanoušků,274
neuspěl,1309
terapeutický,4945
nasazením,4946
předložením,4947
nynější,4948
pohádkové,1507
hebrejský,4949
svolal,4950
zábavného,1235
ventilátor,4951
dřevěný,4952
sérií,4953
sdělením,4954
říkat,370
připravovaném,1417
kultovním,1218
souřadnic,4955
velikánů,4956
kolegovi,100
hrají,1393
svědkové,656
křestní,4957
odborní,1690
vztah,3263
fotbalisty,136
nositelu,4958
martin,4959
pobavit,1404
konzervativní,4744
vypínač,4960
hlásal,4961
deštník,4962
nedokáže,1105
pásek,4963
velí,3712
usměje,1720
námořníci,590
okolnost,4582
nepředpokládá,1924
točivý,4964
prstýnek,4965
svobodní,4058
zpracovatelského,4966
riskuje,4967
rozhodnutím,4968
nevzdal,4969
kanadská,398
vážných,2314
potřetí,4970
hektolitrů,4971
tah,4972
montuje,4973
poháněný,4974
mateřský,4975
oslav,4976
úsilím,4977
carevna,4978
jakej,4979
pojistitel,4980
nejnavštěvovanějších,4981
hlasem,3000
objednal,4982
švagrová,4983
medvědi,1053
nesmím,1316
náladu,4984
regulačních,4408
jmenuje,2559
velkolepou,1752
zábavního,3890
řekne,3909
kapalný,4985
stěžuje,3361
náhodný,4986
náročná,1749
víme,1267
osvědčil,4987
vidět,1551
napravil,4988
duo,4142
talentované,108
odstranil,4989
prožitky,2760
úspěšných,762
expertů,524
uvědomili,1300
figurální,4990
zakázaný,4991
západem,4397
překvapí,2516
rozmanitý,4992
vítá,4773
trpělivě,4993
cestováním,4994
novej,4995
skrýval,2420
příbuzný,4816
věříte,2311
zástupkyně,4996
druhých,2037
neúspěšného,762
tank,4997
reprezentantů,207
zlom,4998
naštěstí,4999
prospěl,5000
vydavateli,232
sklopný,5001
bratří,332
chatkyfarmahostelhotelkempmotorestpenzionrekreační,5002
zohlednit,5003
shánět,2670
kabelový,5004
opak,5005
sebevraždou,3569
faráři,228
občanem,779
ocenění,3416
automat,5006
pozemních,5007
pociťuje,5008
neverbální,5009
dodavatelům,498
masku,4169
vyvolán,3580
dovozci,1524
favorita,2174
vymýšlení,5010
textech,1481
tělem,5011
smí,1316
pouzdros,5012
stihnout,2408
okolnostmi,4582
přednášet,1850
usmívající,5013
rasových,5014
mediální,4246
přítelkyně,3497
finálního,3541
bláznivé,1349
ambici,2231
přírodapopulárně,5015
výprav,3230
atmosféra,2156
adaptační,5016
palestinského,5017
skotského,643
kolonisté,5018
vynikajícího,2893
učebního,2969
oni,2360
tiskových,1559
folklóru,3510
viny,5019
obrázek,5020
jmenovat,2559
pověst,2798
složí,1478
sledováním,5021
nebojte,2507
výstavbu,2704
vyslovit,1699
paradoxně,5022
fikce,5023
show,5024
nemohu,1998
stačil,5025
děsný,5026
činem,2441
viem,5027
pošesté,5028
don,5029
přicházející,5030
leteckým,1375
pátým,1910
zmatek,5031
převratu,5032
samosprávný,5033
modelový,5034
tančit,4814
realit,3089
rabína,5035
vysokoškolského,453
milenkou,301
západoevropských,5036
nač,5037
symfonií,5038
kdyby,5039
převádí,5040
zpracovali,709
zásadní,2486
vzpomínku,2877
andílek,5041
stavitelem,239
kaňon,5042
americká,261
mysleli,2984
zlomek,5043
rozmyslí,5044
položil,5045
kamionu,5046
myslim,5047
kukuřičný,5048
developeři,471
administrativních,5049
zažívá,5050
magisterských,2298
úspěšném,762
nevyužil,2125
předstírat,5051
drogách,5052
mluvím,1651
plyně,5053
výkupu,5054
optický,5055
šestý,5056
drtivou,5057
doufají,1538
televizorem,4933
kyslík,5058
příště,5059
framework,5060
podtrhuje,5061
činitelé,1042
představili,833
hraček,5062
chmel,5063
zúčastněných,4217
postavením,5064
uspěje,1309
kanadských,398
rozebírá,5065
harmonogramu,1590
katedru,3094
figurka,5066
dojmů,2658
výkop,5067
kadeřníka,776
tatínka,143
finského,563
zplodil,5068
knižně,5069
chci,1129
museli,1107
nezapomíná,3771
emigrovat,3984
uplynulého,5070
stěhoval,5071
nasnadě,5072
psychologická,811
vstoupí,3474
pedagogických,713
pozoroval,5073
dílen,5074
velcí,5075
pachatelé,848
zastupitelům,506
kresba,3251
vyhlašování,5076
klášter,5077
řečové,5078
potěšil,4447
vinyl,5079
manželstvím,5080
demokraté,702
důležitého,2498
zpracovanný,5081
kuchyňským,2104
tají,1214
hyaluronová,5082
společností,3110
dějství,4194
naději,5083
uvádíme,2138
mlíko,5084
finální,3541
právníky,124
portrétem,1472
nositelky,221
začínajícího,1902
strašný,5085
podniká,5086
channel,5087
chytřejší,2106
krtek,5088
autosalonu,5089
panny,5090
snowboardingu,5091
rozvíjel,5092
hurikánu,1328
krbových,4874
vnikl,5093
kokosový,5094
mangan,5095
vyrovnávat,3348
prohlížeč,5096
procházel,5097
projektování,5098
takových,2095
učiteli,97
zvuková,427
drsných,1683
praxí,5099
řekli,407
spolupracovali,1080
krajanem,690
unikátního,5100
přizpůsobil,5101
děvčátko,5102
týmu,584
ukázkový,5103
slyšel,5104
česko,5105
svěří,319
zodpovědní,1033
nedopatřením,5106
elektrický,5107
trpaslík,5108
jedinečného,1532
toužil,5109
nevěřící,5110
železáren,5111
reálný,5112
filtr,5113
dopravil,5114
ženská,964
předložený,5115
povolání,1060
vlastním,4680
průvodci,1621
taktiež,5116
španělských,674
zapojený,5117
nejistotu,5118
chápe,2128
současným,923
zakončuje,5119
original,5120
povrchový,5121
postoupil,5122
navrhovaného,2568
světlem,5123
odborn,5124
utekl,5125
specifikuje,5126
spojoval,5127
pracuji,1285
radikální,5128
kosterních,5129
sále,2533
zázemím,5130
koncertuje,1645
výklad,5131
lázeňský,5132
hostitelé,670
prvního,5133
příšerný,5134
čeho,5135
obnovený,5136
šatny,4101
mládě,5137
akustických,3621
podstatný,4500
podhledů,5138
neznáme,4312
sborový,5139
knižních,2775
nato,5140
šedesátých,5141
slavnostním,3305
modifikovaný,5142
dopátral,5143
ruských,381
dodalo,314
perspektivní,5144
bobkový,5145
nahrávek,2396
dok,5146
epizodách,1784
vykonal,5147
cent,5148
uvolněním,5149
plošných,5150
dokončovací,5151
ukryt,5152
zla,5153
formulování,5154
mzdových,2839
úvěrem,5155
zklamaní,949
debutovala,5156
starostové,318
nepoznal,2036
myšlením,5157
ono,5158
koridor,5159
menšinových,5160
utopil,5161
cetnost,5162
neuvědomuje,1468
nepřichází,2968
zásadnější,2486
nudit,5163
citrón,5164
krokodýl,5165
neuměl,2703
vjem,3792
mladíka,190
kaţdý,5166
ilustracemi,3193
nelehké,3198
impuls,5167
chtě,1129
potřebujeme,2922
proslulým,509
pomůžete,3041
uznávaným,283
uplatňuje,3548
raketový,5168
uprchlíky,500
réva,5169
nasekanou,5170
záběrem,827
japonského,642
stvořit,1581
doufáme,1538
neznáte,4312
policistu,90
automatika,5171
výtažek,5172
masopustní,5173
navrhování,5174
meteorit,5175
sovětského,516
nepochopí,2204
repliku,5176
rasismus,5177
tržeb,2508
dvd,5178
opomenout,5179
montážních,5180
stejně,5181
několikátý,5182
zklamáním,5183
cyklu,2024
kandidatury,2796
fotografiích,4337
policistů,90
chcela,5184
proslulost,5185
proměny,5186
nákladních,5187
velkoryse,5188
trolejbus,5189
zejména,5190
vypracovali,1011
citaci,5191
chtělo,1129
přihlášeniprosím,5192
restart,5193
uvítá,2230
pohnutky,5194
paměťovou,3814
tribunál,5195
vzbouřenců,5196
deblový,5197
stejnojmenném,345
nosníku,5198
uvádět,2138
estonského,544
jaderným,1577
příměstský,5199
akcelerátor,5200
skutečností,3009
pověřit,2022
všimnout,2782
letních,5201
horolezci,220
zabývá,2386
gólmana,259
světem,2730
morálních,5202
novele,2805
skot,5203
fotografii,4337
epochy,5204
nepřeje,1626
neobvyklý,4751
načase,5205
nájemníky,1180
nedovede,3642
holding,5206
nejkvalitnějších,4532
koncentračních,3655
prvoligového,945
vytvořením,5207
italského,639
převážnou,5208
zkušeností,2303
dvacátého,4418
trackbally,5209
dodávat,1278
zpovědi,5210
plošinovka,5211
nacistických,1069
medicínských,5212
místostarostou,562
will,5213
stadion,5214
nešetří,5215
zapomene,3037
souhlasí,1071
předkole,5216
klobouk,5217
přívodního,5218
krematoria,5219
obsažený,5220
vykoná,5147
dodržováním,5221
svědků,656
původního,5222
přehlídkou,1108
získáním,5223
implementuje,5224
retardace,5225
postupuje,4294
what,5226
špatného,1495
ovládá,4265
žárlivosti,5227
klipem,737
točené,5228
senátního,5229
úvodu,1419
vloží,2491
očekávalo,2602
dobrovolníky,401
priezviska,5230
řešením,5231
nejprestižnějších,3135
vymezil,5232
kultury,5233
večerech,2031
uznávanou,283
navštívil,5234
navštěvoval,5235
extrémních,5236
znal,4312
překážkám,5237
tuzemského,1215
pravděpodobnější,3313
ilustrací,3193
snad,5238
britská,297
vítězky,5239
nervozitu,5240
reprezentantem,207
docentem,5241
pokus,5242
účastnící,5243
nábojem,3646
kuchyňských,2104
sérii,4953
ropných,1780
předpokládáme,1924
květnový,5244
problémech,2175
schválením,5245
zdrojů,2056
četl,4109
původu,2011
strategického,2136
nasadí,2585
citovat,2458
krutosti,5246
klavírních,5247
přehrává,5248
věděli,1267
zareaguje,2062
odměněn,5249
mužská,812
dobíjený,5250
mytologie,5251
soudobé,2904
příslušníkem,1440
výkopové,5252
generála,231
udělit,1955
zkušené,102
zaměstnáním,5253
vzpomínám,1240
technickým,1127
zeleninový,5254
dopustí,2345
talenty,864
takovýchto,3221
sněhový,5255
santalové,5256
dvorního,1312
manifest,5257
nieto,5258
úkolu,4068
lituji,1284
armáda,5259
nejnovějšíchod,1377
lvů,928
léčebny,5260
směrů,4555
předlitavský,5261
mířil,5262
slavným,264
řval,5263
vysokoškolských,453
dědičný,5264
zdrojových,1678
osudové,5265
vydělávat,2107
autismus,5266
připomněli,698
přehánět,5267
patentovaný,5268
motoristé,5269
parfémů,2086
profesionality,4806
vyjádřila,979
samozřejmě,5270
přeložený,5271
chybám,4879
samostatným,1713
potřebuje,2922
studentovi,182
elektrosoučástky,5272
vydavatelstvím,5273
ohlasu,4134
pomstu,5274
špičkovým,1096
neprosadil,858
starší,1982
grafické,1124
loci,5275
rámcový,5276
zodpovědnosti,4276
ostrý,5277
náladě,4984
gelový,5278
netroufám,5279
pohybem,5280
staral,4436
veršů,3391
cyklů,2024
uvědomovali,1468
dozrává,5281
apartmán,5282
zrcadlovka,3055
mimochodem,5283
mariánský,5284
promluvit,1243
stíhán,5285
případu,1952
dívat,2308
zahraniční,3049
soudruzi,585
můžeme,1998
chlapem,860
spojka,5286
nealkoholické,2305
jakýkoliv,5287
pracovnice,5288
rozvedla,1494
vážnými,2314
objektivem,1865
důchodkyně,5289
kolegyni,2422
způsobuje,5290
přerušil,5291
zásadního,2486
průběžných,5292
motivační,4355
navržený,5293
živlu,1725
akrobatické,5294
účetních,3383
těžkosti,5295
bojler,5296
prominentní,5297
sezón,5298
pramen,5299
vida,5300
ovládl,5301
emigraci,5302
zvolí,1334
marketingovým,710
agregát,5303
pobývá,3032
dopadlo,4202
afrických,2414
rektorem,5304
líčením,5305
reflektuje,5306
odporný,5307
vyčkat,5308
chodil,5309
jsem,2244
dočkat,2272
reklamách,2964
uplyne,4257
jim,2360
půjčil,5310
emocionální,5311
vrcholů,5312
donákupního,5313
nominováno,1425
projednal,3046
aplikoval,5314
výsadkových,5315
politických,903
závažný,5316
stojíme,1941
hnací,5317
oslovit,963
znalce,472
protiraketové,5318
prostorovou,1350
těhotná,5319
prohlásila,468
knězi,147
stejní,5320
mýlit,5321
sranda,5322
strčí,5323
zakončením,5324
integrovaný,5325
sezonou,4809
evropských,1983
detailů,4152
složkou,5326
kanadského,398
zkušenost,2303
návrhy,2177
klan,5327
neobyčejný,2510
nastupuje,5328
volbách,3888
teleskopický,5329
snil,5330
spoluhráčů,803
akciových,2638
katedře,3094
hrát,1393
kádr,5331
kulturního,2630
vzkaz,5332
grafika,4705
vědělo,1267
vektorový,5333
mystika,5334
čtenářům,603
vyplul,5335
vie,5336
zábavním,3890
purkrabí,5337
zesnulého,470
vodící,5338
doopravdy,5339
zkušebního,5340
mezních,5341
otrok,5342
občas,5343
trval,5344
provázet,1606
právníků,124
mikrofony,3065
srbská,795
průvodců,1621
letošek,5345
opačný,4315
představte,833
povinný,2931
připsal,5346
prožitku,2760
rum,5347
klade,2209
protektorát,5348
dceru,2743
vrhl,5349
zkoumáním,5350
předsudků,5351
bavlněný,5352
završení,5353
poslankyní,4039
moučkový,5354
zajímavého,2282
replikáto,5355
náměty,121
zaslechl,5356
kouká,5357
atentátníka,801
exkluzivně,5358
nepovedené,5359
plavci,595
reprezentací,5360
myslela,1194
vyprodukovat,4887
dekolt,5361
nejpopulárnějších,3608
kazatele,480
předloni,5362
autorita,5363
pocty,3533
asociační,5364
tanečním,867
scanned,5365
zabývat,2386
uchopení,5366
výstav,2359
interiéry,2171
migranti,5367
vydavatelské,5368
bibliografických,5369
klavír,3661
orchestrů,868
přítomným,554
příliv,5370
zkoušíme,3181
proměnu,5186
abstraktního,4373
posmrtně,5371
koňak,5372
návrhem,2177
letectvo,5373
rekonstrukci,3150
umění,5374
uvědomovat,1468
protějškem,445
dinosaurus,5375
označovaný,5376
nechá,1822
zpěvu,2949
pasažéři,5377
sponzorům,774
náročnou,1749
aspektům,1062
hlavního,1389
jste,2244
dokážeme,1105
záhrobí,5378
břehů,2567
komet,5379
fotografickou,773
horší,5380
kampaní,4440
klikový,5381
vařím,3392
požadovaný,5382
utopit,5161
zvyku,2887
zápas,4739
zarazil,5383
deskových,5384
ukázek,4585
hlasováním,5385
postižen,885
novinky,1939
ústy,5386
pečlivostí,5387
identitou,4741
intelektuálů,1040
hrdinství,5388
velký,5075
sponzorem,774
konáním,5389
očekávaného,2721
děkanem,723
vzorec,5390
prohlásí,468
penzijních,5391
demografického,3895
paranoidní,5392
dostatek,5393
estetiku,3864
nejvlivnější,1209
triumfoval,5394
nechce,1129
nepřijatelný,5395
výchovných,908
výtky,5396
charakteristických,2333
děvka,5397
velkej,5398
zvukem,1122
investicích,5399
investicí,5399
tradicích,5400
prosazuje,2428
zná,4312
změnou,4129
tragicky,5401
divoký,5402
vyústění,3960
hravost,5403
zručnost,5404
bral,5405
prohibice,5406
zaměstnavatelé,443
letošního,5407
zjevil,5408
zvědaví,1492
výřez,5409
jistič,5410
nejmocnější,1685
vynoří,5411
udeřil,5412
nablízku,5413
bláznů,1165
výrobní,5414
zodpovědné,1033
smyslem,3517
chán,5415
projednává,5416
hutní,5417
vojáka,200
uvozovkách,5418
romských,1760
řez,5419
hráli,1393
symboliku,5420
prováděcích,1646
navrhují,1421
vytknout,5421
masky,4169
zpoždění,2716
zavinil,5422
vodopád,5423
půjčku,5424
proboha,5425
pouště,5426
dámy,2631
zajímavější,2282
organizace,5427
ironie,2063
zdařilé,1121
cílů,5428
ergonomický,5429
nekonečný,3164
návštěvnický,5430
skončení,5431
dějů,290
digitálních,5432
truhláři,404
literaturu,4904
čtyřicet,5433
přihlíží,5434
umí,2703
strukturálních,5435
choval,5436
válečnými,636
pavel,5437
kto,5438
miluje,2785
farmáři,335
přísudku,5439
partnera,253
plakátů,1724
archeologických,2371
limuzíny,5440
odnáší,5441
jisté,1019
muzea,5442
lahůdek,5443
nazor,5444
připravili,1013
žaludek,5445
vtípky,5446
referenda,4398
připomnělo,698
výzkumů,4102
předchází,5447
nepředpokládal,1924
odehrával,3732
nastrouháme,5448
vydávající,5449
zodpovědně,5450
úvahami,4406
vychovává,5451
tubus,5452
děním,5453
sloh,5454
závoj,5455
vybrali,961
pociťovat,3958
lidičky,5456
vývojáře,5457
generátor,5458
nenechává,1822
mýlil,5321
nesmíte,1316
svatbách,4637
montáže,4576
vládách,2639
poukázat,1190
kytara,5459
instalační,5460
vyřízen,5461
hotel,5462
uživatelský,5463
omlouváme,2833
překládá,3733
protest,5464
poté,5465
koho,3301
taktem,5466
mínění,5467
člun,5468
nedokončil,5469
vzpomínkami,2877
turismus,5470
posoudit,5471
zabit,5472
plastových,2676
klavírní,5247
šampionátu,2443
zastánci,2329
smýšlející,5473
maleb,4681
prozrazení,5474
originálním,1974
primáře,198
vznikalo,2711
přivedl,5475
proslulé,509
promiňte,5476
segment,5477
minut,5478
vyvolalo,2404
nevyhýbá,5479
považuji,4772
zádový,5480
zadá,5481
vrhne,5349
potřeba,5482
americkým,261
paprsek,5483
přijde,2674
odpustit,1946
zajímalo,5484
usíná,5485
podnikal,5086
financováním,5486
vezme,2582
vkusné,5487
filozofické,3039
pochopitelně,5488
koncentračním,3655
zhotovitele,5489
soudím,1184
automobilek,3432
přetransformováním,5490
vyvrcholení,4400
prapor,5491
osobních,5492
příval,5493
výhrady,5494
tchyně,5495
informován,2745
politickým,903
koncentrát,5496
vozil,5497
namítnout,5498
arogantní,5499
naděje,5083
vykládá,4385
kudy,5500
fenoménu,884
konstruktéra,119
letový,5501
souhlas,4829
ženicha,802
historického,1593
náboženských,1835
zabalený,5502
republikánů,5503
třetí,5504
podpisem,4728
dráhu,5505
poutavě,5506
srdcí,3298
režimem,3152
snažím,2023
věřitelé,820
památníku,4121
vyslovuje,5507
obhajuje,2861
zálohu,5508
levicového,483
alternativního,3906
sled,5509
obdivuhodné,5510
pohádkového,1507
neptal,2905
všudy,5511
myšlenkové,1528
trpaslíci,5108
mužského,812
emočně,5512
research,5513
přirozenost,5514
časopis,5515
lanový,5516
československých,758
základních,5517
prodejů,5518
látku,5519
podepíše,1311
retrospektivní,5520
oblíbil,5521
vznikajícího,5522
scedíme,5523
takovýhle,5524
žadatelem,796
nepovažoval,4772
nejsme,2244
společenských,3946
proteinový,5525
provádějící,5526
nemůžu,1998
stisk,5527
snímání,5528
průvodu,5529
vypracovat,1011
blízcí,5530
následek,5531
životopisů,1869
rodným,5532
triku,5533
kopíruje,5534
technologických,1302
miliardáře,145
artefaktů,5535
neziskovou,805
prvotních,5536
programátorů,303
vodovodů,5537
neobvyklého,4751
zdokonalil,5538
reprezentanty,207
vybráni,961
spekulovalo,5539
drtič,5540
vedoucímu,711
necítím,5541
pplk,692
zaznamenat,3706
otočný,5542
kryt,5543
osvětlovací,5544
spoiler,5545
brzdný,5546
posunuje,5547
úložný,5548
nemusíme,1107
řízením,5549
zábavnější,1235
nezlobte,4130
oživil,5550
chtěli,1129
alternativní,3906
nahrávkou,2396
polární,5551
uvidíme,2919
šampiona,5552
objevoval,5553
autobus,4940
indiánů,2812
duchovním,3650
smutku,2256
projekty,744
řemen,5554
zdůrazňovat,1101
následky,5531
výhrad,5494
přistoupit,2013
zkušenosti,2303
krov,5555
sochu,3281
volbu,3888
pohyboval,5556
português,5557
nevšední,5558
bazénů,5559
jugoslávských,669
třináctý,5560
prezidentovi,54
vystavět,2418
trendů,4525
putoval,5561
městech,5562
rozvědky,5563
občanského,2337
komplikovanější,1947
pokud,5564
nečetl,5565
vládních,4100
dodržen,3389
vévodkyně,568
feature,5566
stres,5567
válek,5568
nezapomenutelným,1277
odehrávalo,3732
rozpor,5569
vážím,5570
očekáváme,2602
armádních,5571
vyčerpáním,5572
výjimečného,1305
pil,5573
nejslabší,3504
dodavatelský,5574
rekonstruovaný,5575
pravostranný,5576
dáno,3390
možné,5577
podnět,5578
recenzi,5579
potrvá,5580
vyhnán,5581
brankáři,166
komunistickým,609
obnovením,5582
bramborový,5583
absolvuje,3262
účetního,3383
prosadí,858
izraelského,701
benzinový,5584
totality,5585
jednající,5586
politologie,68
pornografie,5587
proměnlivý,5588
delegace,5589
nevydal,5590
pralesa,4627
vyrovnávají,3348
lupiči,1846
pouličních,5591
zeptali,2762
strávit,2211
undergroundu,5592
koncerty,1645
pohrozil,5593
bulharského,1319
tatáž,2290
doktora,184
neměl,2115
ještěrky,4677
kolikrát,5594
revmatoidní,5595
nespí,5596
transformační,5597
script,5598
dozorčí,5599
sídelní,4892
luxusních,5600
současná,923
vypuknutím,5601
nájemníků,1180
stanoví,1485
vestavěný,5602
životopisem,1869
zemře,1287
pomerančový,5603
advokátem,180
kontrasty,4662
snažíme,2023
produkující,809
pozorováním,5604
silový,5605
jogurt,5606
rozvést,1494
vystoupení,2578
navrátil,5607
fetiš,5608
organizačně,5609
guláš,5610
avšak,5611
lektorky,5612
stopera,455
liturgického,5613
nežije,4204
výzkumné,957
tvory,1636
replik,5614
ideové,5615
průplav,5616
originality,5617
dodavatelů,498
metafora,3375
albem,5618
pohybová,1376
interiér,2171
naivně,5619
reformy,3824
otázkou,5620
usedl,5621
bajonetem,5622
dechberoucí,5623
petici,5624
tvořící,5625
norských,565
záměrně,5626
personálních,5627
místní,5628
starostou,318
plastiku,5629
papoušek,5630
vydavatelů,232
vlastnící,5631
vítán,4773
motivech,5632
kdybych,5039
přepracování,5633
ledovec,5634
vůdců,729
civilu,5635
komunistického,609
příznak,5636
svolením,5637
videokamerám,873
kvality,1992
pedagogického,713
písemný,5638
dvojčata,4196
sousedka,5639
smícháme,5640
radikálního,5128
elektrárnách,5641
ohňostroje,5642
kariéru,3067
prostorového,1350
jmeno,5643
slunečnicový,5644
pokorně,5645
obalových,5646
dopadů,5647
vyprávějí,606
amfiteátr,3997
vážné,2314
majoritní,5648
archivech,2439
rodila,641
dětech,5649
prodejci,1382
mýlí,5321
skládání,5650
rodičovství,5651
editoval,4941
vodovod,5537
biologickým,2862
dilema,5652
dochutíme,5653
rozhodnutích,4968
těšit,1949
významů,5654
odboje,4099
maturitních,5655
napoprvé,5656
přispěvatele,548
ústředním,1775
šéfovi,95
neúspěchy,2340
hvězdě,886
svitek,5657
uskutečnění,5658
úspěších,2824
diskutoval,3122
hospodařící,5659
ubytováníapartmánybotelchalupachatachatka,5660
křest,4160
etapu,2976
nového,1377
známější,292
kompenzuje,5661
tvora,1636
konců,2959
novelizaci,5662
nádor,5663
přirozenosti,5514
prostě,5664
slyšet,5104
stanovit,1485
spojený,5665
řeklo,407
inspirovali,1115
zavřel,5666
přestávkou,3634
zvíře,5667
okolnosti,4582
zkrátil,5668
dopředu,5669
pochopí,2204
kvalitního,4532
soudit,1184
zachycení,5670
uznání,2342
parťáka,5671
atmosféry,2156
tváři,3312
normalizace,5672
dopadne,4202
prominutím,5673
netušila,1256
nemluvil,1651
většiny,5674
šťáva,3001
protektorátní,5348
úsudek,5675
písek,5676
nést,5677
skupinových,3102
dědečka,475
fikci,5023
politikům,105
investuje,4733
pochválit,1457
podmíněný,5678
zmiňuje,4655
fanouška,274
klarinet,5679
experimentům,1159
skladatelské,5680
koncertě,1645
dodnes,5681
zprávou,5682
profesionálního,2709
nervového,2974
katedrále,5683
fiktivních,5684
svoboda,5685
podlahového,1680
prodal,5686
nehraje,1393
pláže,2269
vymyslela,700
gen,5687
spojován,5688
lidských,1365
výstava,2359
pointy,5689
modelových,5034
připravujeme,1456
pokaždé,5690
ozbrojený,5691
instruktorů,5692
aktu,3238
inkubátor,5693
ohňostroj,5642
uprchlické,5694
připisuje,5695
velvyslanectví,5696
hejtmanem,510
románský,5697
důraz,5698
vybraní,975
rytířem,843
naplníme,1818
pochopit,2204
trvat,5344
podmínka,3827
nezvládá,5699
vzorový,5700
topenářské,5701
odvolává,5702
deště,1600
takzvaný,5703
rekonstrukcích,3150
charakterem,1892
investici,5399
plech,5704
výjevy,902
minutě,5478
pozdě,4541
doteď,5705
podklad,5706
nazbyt,5707
pohrát,5708
vděčná,1268
nevadí,3133
nepovedl,5709
kolaps,4158
personální,5627
detaily,4152
vzniká,2711
pozorovateli,299
demolici,5710
války,5568
mládežnických,1265
vyučujícího,5711
každ,5712
vikáře,5713
projektové,1051
kolos,5714
programovou,402
kolík,5715
sonáta,5716
pravdivé,1563
mistra,171
experimentech,1159
připomíná,3292
fyzická,3515
dech,3388
pokouší,2858
nakladatelství,5717
nyní,5718
ručí,5719
nejlidnatější,5720
nedopustil,5721
statického,3097
drsná,1683
doporučen,2770
překladů,1026
nepokojům,5722
lokaci,5723
rýžový,5724
verše,3391
gaye,5725
předsudky,5351
úsměvu,888
překoná,5726
frank,5727
hostitele,670
správném,1704
dalekohledů,3516
připomeneme,698
nultý,5728
vědcům,46
nevyšlo,5729
vytáhl,5730
génia,368
tréninkový,5731
vydělat,1392
profesionálů,448
přesídlil,5732
řetízek,5733
technických,1127
výuky,5734
zapsaný,5735
zavázal,5736
pomsta,5274
federální,5737
postupující,5738
zámcích,5739
kapalných,4985
částmi,5740
rozmícháme,5741
kult,5742
hlasu,3000
bianocz,5743
ukáže,1984
oficiální,3297
nimi,2360
nevíme,1267
ceny,2268
princem,384
rozdílem,5744
umělého,4787
tváře,3312
řídí,2632
úhel,5745
politického,903
budil,5746
interpretovat,1843
naskočil,5747
slovenských,372
procesních,5748
funkcionáři,243
dokládá,5749
přenos,2986
maska,4169
asijských,1980
autonehodě,5750
zamítnut,5751
éterických,5752
halový,5753
skandálů,3523
brutální,5754
plavební,5755
reggae,5756
neklidní,5757
záchranářů,294
brankářem,166
jistá,1019
oděvního,5758
diví,5759
kluci,942
něžně,5760
softwarových,1657
přijmout,1154
parků,5761
politická,903
potkal,5762
nerezový,5763
ochrnutí,5764
analyzuje,4651
uvěřil,5765
práv,5766
archív,5767
zajatců,4427
zesnulé,470
dnes,5768
dítě,5649
materiálů,1526
náročného,1749
těleso,5769
koaličních,4372
přilijeme,5770
zaslouží,1653
pořadí,5771
přesahem,5772
ruského,381
takov,5773
rumunsky,5774
sporný,5775
člověka,377
sejde,4833
typ,5776
návrhu,2177
leckdy,5777
tenisté,341
dcerkou,5778
místních,5628
ženách,1743
revír,5779
lákalo,5780
projektům,744
zlodějů,355
konfliktech,2401
zhotovení,5781
dodávaný,5782
ohlasem,4134
komentář,5783
korunovační,5784
prognóz,5785
nese,5677
bodoval,5786
obrazovce,4336
judaismus,5787
ohlasy,4134
prudkým,4409
zázraků,2262
jelikož,5788
držák,5789
údaj,4338
nevnímá,1967
devátý,5790
tragická,1163
nejlepší,5791
vyskytl,5792
multimediálního,3304
údajně,5793
kapitálových,5794
spoluobčanů,3883
manažera,137
nabídku,5795
popřál,5796
autobazar,5797
trojce,5798
poučen,5799
díval,2308
stahováním,5800
autobiografii,2939
křišťál,5801
koutech,3587
odklad,5802
reprezentoval,5803
napíše,1402
textům,1481
adrenalin,5804
obávali,2103
počátcích,3969
zvěrstva,5805
vyvrací,5806
rozvedená,1560
znakového,5807
sólové,857
albánské,618
overal,5808
jednoduchý,5809
skvělého,1385
uslyšel,5810
držitelé,478
černobílé,1342
myslíme,1194
mechanických,3084
identity,4741
současného,923
kterému,2116
kvalifikovaní,1643
okolnostem,4582
vyrazil,5811
donucen,5812
zdravotních,5813
pobavila,1404
obdiv,5814
mladíků,190
odhaduji,5815
prezidentů,54
vhodný,5816
určitých,4082
čtením,5817
světové,1295
politika,105
kontroloval,5818
říkáte,370
trubka,5819
parcích,5761
obsahové,5820
hloubku,5821
kompromis,5822
ověřovatele,5823
bavili,925
účastníky,527
marketingové,710
figurkami,5066
sportovců,310
výsledného,2402
pohonná,2608
kontrakt,5824
prohlásit,468
nejraději,5825
vzdor,5826
smutno,5827
odehraje,4446
továren,5828
tenkrát,5829
štědrý,5830
předkové,5831
mletým,2292
zarazilo,5383
projevů,2055
odvahy,2381
zevnější,5832
garanční,5833
zavražděného,3578
kdekdo,5834
toxický,5835
ujistit,1367
publikuje,2818
náročných,1749
vzpomenout,1957
hudebními,989
nosného,1082
vyžádal,5836
hitparád,5837
vyjadřuje,3088
nezačal,3030
spíš,5838
došel,5839
představujeme,2321
perspektivu,5840
kongres,5841
zbytečný,5842
působivou,889
rozhodneme,985
autobusového,1766
měkký,5843
rysů,3132
kapitál,5844
nezvládne,5845
kosterní,5129
považován,3588
zadržen,5846
cibuli,5847
brzdový,5848
zvolili,1334
město,5562
výživný,5849
procesu,2821
beat,5850
obdivoval,2792
vytváří,1709
metalových,5851
cituji,2458
zaměřoval,5852
počítat,1549
paměťových,3814
výzkumu,4102
poctou,3533
náhodou,3021
důl,5853
autentických,1210
důchodových,5854
přestěhoval,5855
zpravodajské,1169
nanáší,5856
předpokladům,1601
zápasů,4739
zabil,5857
zveřejní,1504
archeologů,2050
těžký,5858
řezat,5859
pokračovatelem,5860
gesto,5861
frézovaného,5862
moravskoslezské,5863
legend,5864
varovný,5865
zlo,5153
hodil,5866
uvařit,3315
úspěšným,762
zahraničí,5867
dvojky,1833
většina,5674
vzdělaní,1173
shodli,5868
sezóny,5298
imigrační,5869
magistrátu,1012
různorodý,5870
vtipů,771
vyzval,5871
cítí,2348
večerních,5872
dozorčích,5599
technologickým,1302
víte,1267
mluvené,2358
jednoznačný,5873
básních,4526
atypický,5874
rozhodnete,985
olympiády,5875
prezidentského,922
řemeslné,5876
vodík,5877
předních,3703
dávající,5878
láme,5879
aplikátor,5880
vypadám,5881
nedivím,5882
had,5883
přínosu,3676
nastrouhanou,5884
ubrousek,5885
neříká,370
karnevalu,5886
snaží,2023
náminfo,5887
karlina,5888
barokní,4106
wikipedistou,2245
jméně,3138
věrohodně,5889
fungoval,5890
dvojitý,5891
perspektiva,5840
házel,5892
získaný,5893
prototypem,3537
tvrdý,5894
řádil,5895
devadesát,5896
jakou,2815
podělili,1793
ustaven,4633
povídat,1006
cílový,5897
nenapadne,3499
nadnárodní,5898
východiska,3837
vzdělával,5899
vykreslení,5900
obrazem,2153
nahé,3098
obsah,5901
oznámeno,4171
vchodových,5902
křesťanští,1489
mezinárodně,5903
neopustil,5904
alternaci,5905
vlasec,5906
přístupnost,5907
bajonet,5622
zemětřesením,5908
rizikový,5909
respektuje,3369
půdorys,5910
mediálního,4246
škálováním,5911
nakladač,5912
upozornit,633
ekonomického,1476
tísni,5913
platilo,3462
zaznamená,3706
hlášky,2759
kamerovým,5914
satiry,5915
karmelitánek,5916
nechceme,1129
glukosamin,5917
autoritativní,5918
olympiádu,5875
stanovování,5919
trápil,5920
usne,3413
nejúspěšnějším,762
kapitálový,5794
okapů,5921
partnerovi,253
rytířský,5922
lovci,574
dynastie,5923
nezlobí,5924
končil,5925
podvědomí,5926
kontinuita,5927
geometrický,3777
sponzory,774
sexu,5928
kronikáře,5929
důvodem,2184
hygienický,5930
vůdci,729
patronů,5931
nevezme,5932
slavná,264
asistenty,380
počítáme,1549
prodělal,5933
myšlen,1194
podrobil,5934
odehrálo,4446
chytře,5935
poklad,5936
katolicismu,5937
příkladem,2478
nudný,5938
večírek,5939
bouřlivý,5940
zřizovateli,458
vyjádřit,979
profesorkou,1919
ochranky,5941
návštěvníky,1330
donutil,5942
foťáku,5943
bojím,2507
rozmazání,5944
zrcadlový,5945
navrhlo,1064
metalové,5946
zapojen,5117
lyžařských,4803
legislativního,5947
komplikované,1947
konstrukčního,5948
pasáže,5949
starosti,4919
pořízením,5950
přivádí,5951
pedagogickými,713
součinitel,5952
prodavači,452
dobrovolně,5953
sklonku,5954
auditora,5955
zakryje,5956
kus,5957
polemizovat,5958
chladný,5959
hotelích,5462
skener,5960
reklama,2964
dotýká,5961
podařilo,5962
postřehy,3586
rozdělí,3109
lásku,4556
skrytý,5963
českým,250
delegací,5589
výbuch,3854
průběhem,5964
náznak,5965
nadějí,5083
tuzemské,1215
nechtěli,1129
hradních,5966
kalkulací,5967
svalových,4038
glóbus,5968
počtvrté,5969
postarali,1251
fyziologických,5970
sexy,5971
kladenského,5972
taktovkou,5973
tlumočení,5974
bouřlivé,5940
výborů,987
nepotřeboval,2922
zastupitelstvo,5975
maršálem,5976
putovní,5977
připravuji,5978
kapele,1682
zvolal,5979
výstavních,4478
španělština,5980
jazzového,662
uvěří,5765
bohatí,1942
odvolá,4426
pohádkovou,1507
naznačovat,2285
manažerů,137
právech,5766
výsledkům,2390
přesvědčena,390
hořčík,5981
jemuž,2040
tatínkovi,143
trvalo,5344
veselým,2412
nevědomě,5982
historiky,42
manažerem,137
nadsázky,980
úder,5983
ukázce,4585
samička,5984
loňského,3933
příčný,5985
platit,3462
album,5618
oblékají,3043
vyvolávat,3652
přenosu,2986
zachraňoval,5986
poezií,4164
totalitního,3524
protestuje,4573
skandály,3523
přeložit,1227
odstěhoval,5987
park,5761
vadí,3133
úspěšné,762
zítřek,5988
areál,5989
jakého,2815
průzkumných,5990
sestavuje,5991
satira,5992
podle,5993
náhlý,5994
zklamání,5183
coververze,5995
dlouholetého,304
tok,5996
vzácný,5997
očekáváním,5998
překonal,5726
rádiích,5999
protestní,6000
třetice,6001
vstup,6002
potrestán,6003
vysílaný,6004
snímačem,6005
vysílající,2903
ministerským,686
svědky,656
cenu,2268
významných,1022
pokřtěn,6006
hydroizolační,6007
rozhodujících,6008
alternativ,6009
běžci,6010
hodnocený,6011
trasu,6012
přilehlý,6013
objektivy,1865
komisaře,593
prezentován,1806
remíza,6014
protipovodňové,4423
zločinců,340
švédsky,6015
netrefil,3787
čerti,1474
romantickém,777
pochybuji,3136
krásky,6016
vandal,6017
paktu,6018
hubený,6019
vydáním,6020
prostorové,1350
obava,3972
organizovaný,6021
jezdil,6022
poví,1208
zaměstnávat,6023
zvyklostem,6024
větry,1433
přípona,6025
výukou,5734
předmět,6026
výkonných,539
nástin,6027
nehnuteľností,6028
zahrát,869
stavebním,4581
vznikající,5522
nezbytný,6029
jíž,2040
dělníka,361
ústavu,6030
naučí,2462
zasazený,6031
kliniky,6032
strážný,6033
okupované,6034
vyučil,6035
výjimku,6036
nesmysl,6037
voděodolný,6038
uchytit,6039
sestavování,6040
třílůžkových,6041
mazec,6042
arabský,3779
smíšený,6043
hodinových,3335
hraná,431
irského,1217
učitelkou,852
silami,6044
vyučováním,6045
odstupem,4811
kabinet,6046
rozcestník,6047
bezdomovci,6048
nějž,2040
sdělila,464
noví,1377
předstírá,5051
zkoušet,3181
vícero,6049
studentského,1413
alkoholické,2305
naposled,6050
brigádníky,6051
nejdůležitějších,2498
ochotni,900
pakliže,6052
ochranka,5941
nejproduktivnějším,3166
zpověď,5210
cenný,6053
výzkumech,4102
zaujíma,6054
sanitky,6055
fotovoltaických,6056
tržby,2508
hydroxidu,1317
vlnových,6057
společnostem,3110
pracovníka,323
opatrně,6058
sexualita,6059
vysvětlovat,722
požehnal,6060
unikát,6061
kombinovaný,6062
erotické,1475
naloží,6063
medailonky,6064
odvolávat,5702
podstoupil,6065
ideologických,6066
ruská,381
prodiskutovat,3122
čolek,6067
náhodu,3021
mezníky,2502
sběrem,6068
dodavatelské,5574
doprovodných,1791
konzervačních,6069
výstřel,6070
tamních,2677
průmyslem,2398
dostával,6071
hráčka,6072
brněnská,484
dělat,1466
uznávané,283
zval,4782
zastupuje,6073
předsednictva,6074
cestující,6075
hrdě,6076
podstatné,4500
čekalo,2228
tribuny,6077
právnické,4154
kupodivu,6078
bezbariérový,6079
naplňovat,3169
řeckých,1004
představit,833
padal,6080
choroba,6081
netvrdím,6082
nastupoval,5328
vzkříšení,6083
řádný,6084
nevěstě,1422
úsporný,6085
menšiny,4131
bezproblémový,6086
složený,6087
hovořící,6088
momentem,1039
zleva,6089
fotím,2155
překvapující,6090
médiích,3584
potěšením,6091
bezsáčkový,6092
temnotě,4842
zákazníkem,819
zatraceně,6093
vícekrát,6094
pohybů,5280
neudržel,6095
respektovat,3369
okrasný,6096
opakuje,1681
neřeknu,407
horolezce,220
osmdesát,6097
nezdařilo,6098
uprchlických,5694
tuhý,6099
přítoky,6100
rodičům,529
dívku,3495
institucích,6101
dopřejte,6102
způsobily,1299
olympijská,936
výstavba,2704
následkům,5531
slávu,6103
nesouhlasí,1071
parametr,6104
citáty,2001
odsuzuje,6105
soudního,4512
sestav,6106
unést,4358
pozve,1435
pomocného,425
mluvilo,1651
pitím,6107
axiální,6108
podnětem,5578
teologických,6109
dobrým,2419
všeobecný,6110
ustanoven,6111
nápadů,770
malířů,29
zatčen,6112
komunikativní,6113
variantu,6114
přípravou,2048
dvacátých,4418
vzbouřenci,6115
pohybující,6116
busta,6117
svátkem,4453
aktem,3238
dokonce,6118
stýská,6119
přísná,1586
nejvýznamnějším,1022
tancovat,6120
lupiče,1846
plánováno,1633
krok,6121
odpůrců,3535
zacházením,6122
ludický,6123
kanalizační,6124
kandidátovi,287
tráví,3989
mašinka,6125
bláznivá,1349
pasážích,5949
otáčením,6126
labyrint,4767
známe,4312
tahací,6127
nedostatků,4195
filosofických,1370
cílových,5897
zasáhl,6128
báseň,4526
řekách,2389
ročníku,3967
dodávkou,6129
způsobit,1299
diplomatů,227
protestů,5464
holčičce,3835
osobnostních,6130
svatí,1037
implementační,6131
postupujeme,4294
diktatury,6132
zákona,1198
sluncem,6133
odkazoval,6134
odmítli,1786
strážníků,580
odlišností,6135
finalistů,2176
vystřídá,2620
zastoupen,6136
efekt,2313
exkluzivních,6137
vzhledem,6138
operuje,6139
identita,4741
knih,4503
inspirován,2197
zavolá,2004
příjmení,6140
chová,5436
teda,6141
koncem,2959
smáli,592
čarodějka,6142
studentů,182
odkoupil,6143
narodí,1158
rozhodlo,985
chápete,2128
porcelán,6144
možností,6145
přistěhovalci,3855
reflektory,2310
zákroku,2457
šampionátech,2443
pohon,6146
letoviska,6147
vůz,6148
síťový,6149
gruzínského,738
složitých,2682
operovat,6139
omyvatelný,6150
klasiků,4658
ofenzivní,6151
přenáší,6152
politickými,903
profilovou,6153
vyobrazen,6154
mejdan,6155
vzduch,6156
nezávislé,724
pojali,1518
auditorem,893
muset,1107
muzikou,2154
vyrostl,6157
oběti,6158
kolemjdoucí,6159
matkou,2100
zasazuje,6160
předvolební,4014
činů,2441
montujeme,4973
iluze,3968
výstavní,4478
předvídat,6161
zábal,6162
emigrantů,6163
častí,2615
korzet,6164
výtvorem,2021
nebankovní,6165
legendárním,995
svým,4364
vinařských,6166
rozpočtem,2090
lže,6167
odpadního,3332
próze,1830
sochami,3281
předpokladu,1601
změnám,4129
uvidí,2919
oltářem,4365
zbytek,6168
prožít,1378
dobrovolnických,6169
neauditované,6170
rozhořčení,6171
nosil,6172
dialogu,634
nezaměstnaní,766
vyrobený,6173
během,6174
ovlivněn,3380
stavební,4581
děsivých,1879
byrokrata,749
odbočky,6175
prostorových,1350
statických,3097
absolventů,328
nebýt,2244
směřování,6176
učitelský,6177
podobně,6178
rozpočtových,4747
doslov,6179
běželo,6180
nestalo,1941
takového,2095
oděvní,5758
hájil,6181
snímací,6182
uvažování,6183
připomněla,698
samopal,6184
nováčci,560
patřím,6185
vrtulníku,1607
konstruktérů,119
podnikatele,83
brazilských,755
vyrovnat,2814
senátních,5229
mýtu,2326
novinách,6186
oficiálního,3297
chybný,6187
předsedů,226
nabíjí,6188
vítězným,930
skladby,3931
lidových,1534
přibral,6189
apartmánech,5282
nejdříve,4211
elektrárny,5641
střet,6190
plánech,1922
směr,4555
střech,6191
pozoruhodných,1693
navrhnout,1064
myslíte,1194
prezentaci,4731
hormon,6192
použitého,3061
stěžejním,2025
přítelem,298
eanu,6193
synové,322
obálka,6194
vozit,5497
dědicem,4369
tělesný,6195
větrák,6196
nebála,2507
světel,5123
mlčet,6197
faunu,6198
předsedovi,226
důsledky,2525
knižním,2775
legislativních,5947
prvky,2339
trolejbusu,6199
editorem,6200
hraju,1393
betonových,2611
důstojníkem,324
dověděl,6201
mýtů,2326
ženského,964
seznámen,6202
provozovatelů,281
farmaceutická,1171
čas,6203
nevylučuje,6204
velryba,6205
změně,4129
spotřebitelský,6206
stálice,6207
převedení,6208
prověřil,6209
akty,3238
směšné,6210
outdoorové,6211
stabilizovaný,6212
lesních,6213
nedorazil,3938
pojištěný,6214
závěrů,1410
důležité,2498
bájí,6215
vedlejší,4732
stroužek,6216
skutečného,1411
miluji,2785
otevřel,6217
koncepty,6218
odvolacího,4759
deformace,6219
fotbalového,1199
chlubí,6220
přehrání,6221
vykonat,5147
střílečka,6222
nich,2360
středoevropských,6223
kočička,6224
ekvalizér,6225
varují,2140
podnítil,6226
reálu,6227
náklaďák,3571
reálných,5112
schovaný,6228
stránkou,6229
kterej,6230
svislých,2755
koupelnu,3004
obsazena,2164
stavbou,6231
časů,6203
lusk,6232
spolužáka,535
nedostatky,4195
základ,6233
vnímáme,1967
zdánlivý,6234
látce,5519
ambasády,6235
mistrů,171
správným,1704
opačném,4315
smrtí,6236
shodneme,5868
probouzí,6237
harmonický,6238
důstojníka,324
vytvořen,6239
sleduje,3575
podepsali,1311
devadesáti,5896
místopis,6240
působit,1236
cením,6241
dlouho,6242
talentů,864
pánem,789
energická,952
enjoying,6243
různí,6244
tam,6245
výherci,2581
polarizační,6246
zásadou,2952
jihočeští,6247
předpovídá,6248
severoamerických,6249
citlivou,1205
pohybovým,1376
nedostavil,6250
netuší,1256
sekvence,6251
adaptovat,6252
akordeon,6253
vyválíme,6254
opíral,6255
převrat,5032
vystupují,1973
přidaný,6256
doveze,6257
připomínáme,3292
akciové,2638
připravovanou,1417
plánujeme,1282
mléčný,6258
předložit,1589
doktory,184
přihlásitpřihlásit,6259
sloni,4006
reakcích,3832
podlijeme,6260
přítok,6100
obrazová,6261
svatbu,4637
zdálo,6262
vracel,6263
králův,6264
železobetonových,6265
úžasného,3248
jinýho,6266
organizačních,2280
strategií,6267
porod,6268
nejvlivnějších,1209
profesora,74
zvážit,6269
lidi,377
komunitního,6270
milostných,2546
satelit,6271
spoluobčanům,3883
němž,2040
pouští,6272
nedostatkem,4195
navzdory,6273
ropného,1780
psychický,6274
katedrály,5683
kolik,6275
senzaci,6276
dispečinku,6277
nelineární,6278
human,6279
výsadek,6280
deníku,2849
vzbuzuje,6281
bavit,925
rozdělíme,3109
němuž,2040
zavede,3047
střídat,3902
lahodný,6282
nevidomých,6283
jel,6284
lidsky,6285
nebavilo,925
does,6286
levhart,6287
potvrdili,836
chóru,4443
hostování,6288
docházel,6289
kofein,6290
zemědělských,2749
vápenatý,6291
správnost,6292
nepochybuje,3136
nejistota,5118
soutěžní,4207
zájmech,6293
oznamuje,6294
pochyby,3843
bytost,6295
nejoblíbenějších,1503
zaskočit,6296
vzdal,6297
anorganických,6298
benediktinského,881
dánského,519
výsledkem,2390
odkázal,6299
osvojování,6300
koncentrovaný,6301
učitelům,97
pořadech,973
hovoří,1488
čem,5135
hokejových,969
newyorské,6302
nájemníci,6303
emirátech,6304
vytvořený,6239
thrash,6305
duchové,1849
kytaristy,1979
archivní,2111
restaurování,6306
romská,6307
odvedli,1660
výtku,5396
upozornila,633
rozvod,6308
vzpomene,1957
poradci,716
kolektivizace,6309
levostranný,6310
letošní,5407
pravidlo,6311
provizorních,6312
poradním,6313
obecný,6314
kladný,6315
demokratickým,1758
romské,1760
pojízdný,6316
respektem,6317
filozofie,6318
nápověda,6319
chováním,6320
odmítlo,1786
naplánován,6321
výhonky,6322
inspirovat,1115
semínko,6323
rozhodovat,2195
popisku,6324
podmínkami,3827
requested,6325
zúčastnit,1842
světci,6326
nejzajímavějším,2282
šlechtična,6327
výpravou,3230
obžalobu,3431
nejdražšího,4188
ekonomickým,1476
nemusíte,1107
leteckého,1375
přistávací,6328
nekomentoval,6329
kapitána,179
radostně,6330
zábavná,1235
králíci,3036
author,6331
antigen,6332
realitního,6333
nepřímo,6334
celým,3194
tiskovou,1559
kapelami,1682
složili,1478
nevyhnutelné,6335
request,6336
daná,3390
didaktické,6337
young,6338
spotřebič,6339
lásce,4556
schválen,4857
klientem,767
projevuje,4886
vydržel,6340
fyzikálního,3196
truhlářské,6341
natahovat,6342
potomci,1450
teen,6343
primátů,6344
hypotéz,2191
nainstaloval,6345
podílový,6346
biografií,4370
oščiatková,6347
květák,6348
neúplný,6349
odstartuje,3023
celků,2715
píšu,1451
primátorky,1531
komunikační,6350
duchovního,3650
nezvyklé,6351
rozhodla,985
orel,6352
dlouhodobých,3901
výrazných,1360
ofenzíva,6151
respektive,6353
odvetě,4632
the,6354
připomínám,3292
úspěšní,762
záznamů,2108
sprchovým,2431
nadržený,6355
voleb,3888
uvažovat,1483
zápisník,6356
samotná,559
zastupitelstvu,5975
přítomností,6357
brán,6358
nečeká,2228
skloňováním,6359
očividně,6360
vzpomínky,2877
takhle,6361
démoni,6362
držel,6363
operátoři,6364
podobu,6365
metodických,2375
díváme,2308
rétoriku,6366
druhej,2037
životními,3770
automobilce,3432
mlýn,6367
věta,4851
komunistických,609
autorizovanou,6368
pískem,5676
londýnských,2294
pokusem,5242
prováděcím,1646
silnic,6369
strachu,2750
úspěšnému,762
nahradil,6370
pozicích,6371
odjížděl,6372
ověřovatelů,6373
mnou,6374
odborných,1690
zobrazován,6375
nepřestává,6376
kamaráda,215
manželky,988
kakao,6377
startoval,6378
průlet,6379
soutokem,6380
profesně,6381
zahynul,6382
obchvat,6383
nejznámějším,292
realitou,3089
souhlasím,1071
jistotu,6384
rychlostních,6385
pronajmutí,4808
vepřový,6386
zpochybňuje,6387
záložníka,202
obavu,3972
vrací,6263
charakterizuje,2096
kečup,6388
čtenáře,603
ochotně,4617
vzalimuj,6389
nelogické,6390
vkusu,1452
jugoslávské,669
zlém,1221
tendencí,6391
etnikum,6392
kuskus,6393
vědeckého,1055
kabelových,5004
námořnictva,6394
záležet,6395
střevíček,6396
vrozenou,6397
sídlišť,6398
obohatí,4392
zveřejníme,6399
elitních,6400
vysílán,6401
schopnostmi,6402
starostovi,318
močový,6403
svedl,6404
nejnavštěvovanější,4981
dojel,6405
vynechal,6406
kožního,6407
národností,4652
trvá,5344
experty,524
nastal,6408
bránil,6409
asistenta,380
přiznali,434
světců,6326
doložený,6410
pozdravem,6411
doplňoval,2737
hodnotím,6412
objevený,6413
dopsat,6414
agenturami,1674
demokraty,702
folk,6415
úspěšnější,762
makléři,552
zabránil,6416
představě,1649
jíme,4003
selháním,6417
kočárek,6418
větrný,6419
dubový,6420
vstupného,6421
bytosti,6295
osvěžující,6422
zastupoval,6073
určující,6423
odnejnovějšíhonejstaršíhonejlepšíhovybrat,6424
přijme,1154
provázely,1606
gang,6425
jména,3138
hořká,4831
hlídač,6426
fest,6427
dobového,1459
vlastní,4680
subjektivní,4429
vyučovací,6428
oznámilo,871
atestační,6429
zajímavé,2282
sexshop,6430
prestižního,3135
nechápu,2128
veden,6431
původci,2088
pól,6432
most,6433
zažijí,6434
interaktivních,6435
crazy,6436
tlačítkem,6437
žákům,601
ponoří,6438
tučňáků,2963
časovým,1066
nešťastné,1017
třicátých,6439
ročnících,3967
děkuje,6440
programech,2784
muselo,1107
policistům,90
golfový,6441
rozhodovali,2195
prvorepublikové,1372
čelních,6442
alkohol,6443
ohledech,6444
odchod,6445
songy,6446
promluvy,6447
rap,6448
figury,4027
podobného,6449
motivací,6450
poskytovatelé,765
raných,3841
těžištěm,6451
pokryl,6452
důsledků,2525
obvykle,6453
orientoval,6454
vinný,4275
neúspěchem,2340
švýcarského,960
vjemů,3792
protestům,5464
ocení,1812
látkám,5519
náměstkyně,6455
reprezentanta,207
následovaný,6456
tíhu,6457
spravedlnosti,6458
studiová,6459
riding,6460
nakloněn,6461
vrcholům,5312
připravované,1417
explicitní,6462
povodňových,6463
zábavné,1235
některými,2220
hrajeme,1393
léčebný,6464
koncích,2959
vrcholných,1567
zdravotnickým,1742
komplikovaných,1947
montážní,5180
neslyšel,5104
ukazoval,4909
debaty,6465
palmový,6466
español,6467
dozvíme,3439
narozen,1723
budování,3979
čekáme,2228
rozděluje,6468
torpédomety,6469
upřesnit,775
krátkodobých,6470
zaujmout,2350
aktovky,6471
řemeslná,5876
přítomné,554
zprostředkovatelů,708
útočníků,309
vzniklo,3710
tradic,5400
zkušenými,102
pomoct,3041
obžaloby,3431
translation,6472
zkušebně,6473
dokážu,1105
udělili,1955
zakládá,6474
podotkla,382
demografických,3895
vypije,6475
bronzový,6476
korektnosti,6477
potom,6478
víckrát,6479
zasedl,6480
přenesl,6481
uprchlíka,500
homosexualita,3954
sněmovna,6482
dřevěných,4952
zrak,6483
jedničku,2147
pamatujte,4005
jednáních,4711
nazval,6484
hájí,6181
skotská,643
dopravních,6485
mecenáše,461
oščiatku,6486
impérium,6487
spojovacích,6488
složitým,2682
mývalí,6489
nevoli,6490
kartáček,6491
vkusně,6492
všedního,5558
rovinatý,6493
šrot,6494
venkovských,2655
expozicí,4282
vášnivá,956
projde,4577
užitého,6495
hodnocen,6011
kořenům,4035
stromek,6496
workshopy,6497
nejsledovanější,4629
předvedli,1401
schvalovat,6498
přítoků,6100
reformu,3824
úspěšnou,762
sladký,6499
historka,2540
piráti,1745
prvkům,2339
osmdesáti,6097
kybernetiky,6500
soumrak,4611
kómatu,6501
světovým,1295
hezkých,6502
plod,6503
samý,326
etapy,2976
originálu,2077
posoudil,5471
počítám,1549
čerstvých,904
statutu,4281
aerolinky,2990
podepsat,1311
kte,6504
plnohodnotný,6505
démon,6362
propagandě,6506
průzkumů,3350
pozvánku,6507
veličina,4906
válečným,636
přesvědčili,1446
den,6508
vetvy,6509
vypil,6475
slovem,3479
souborů,1063
jazyková,1712
počátky,3969
podezřelí,2008
drát,6510
vyzvedl,6511
večerního,5872
kdepak,6512
neteří,6513
centimetr,6514
půlce,6515
neznám,4312
předsedy,226
zaplatí,3059
přeměnou,6516
nechápe,2128
okamžikem,1619
multiplex,6517
mamka,6518
tématy,2471
znovu,6519
mládežnického,1265
samotných,559
přiložit,6520
složitého,2682
ohrožený,6521
naplánovat,6321
rezignovat,4678
mála,4837
stáhl,6522
nezávadný,6523
zasvětil,6524
volbám,3888
etapách,2976
příznivcům,764
přistáním,6525
spoléhá,6526
nejnavštěvovanějším,4981
zařazuje,6527
psychologie,6528
pilířem,6529
poplatcích,6530
graficky,6531
stěhuje,5071
hezký,6502
dílčích,6532
jedná,3698
nezbývá,6533
pouštět,6272
dvojče,4196
autobusových,1766
stabilizační,6534
kuchaře,186
train,6535
zámeček,6536
cíl,5428
stručně,6537
kampaň,4440
funkciesklominerálnípouzdroobecný,6538
hráčům,316
pozvat,1435
odpustí,1946
punc,6539
zastínění,6540
složitosti,6541
představovat,2321
dokázalo,1105
výkonným,539
událostmi,6542
temnota,4842
mexických,746
kurikulární,6543
pejskovi,2590
chlapů,860
tiskové,1559
aspektu,1062
člověku,377
hluboký,6544
stáhnul,6545
může,1998
přehrát,6546
netlačí,6547
legraci,6548
parametrem,6104
devatenáctkami,6549
osnovy,3671
obstarat,3118
zahrad,6550
provozovateli,281
odpadem,2490
soutěžících,932
kmen,6551
zpochybňovat,6387
vlivů,4450
druh,6552
vývojových,1076
předpokládat,1924
objektivům,1865
autorizovaného,1132
fantazií,3896
katolíci,6553
ministryni,1925
krytinu,6554
významného,1022
zbývá,6533
nevládních,4100
kontrabas,6555
úvahy,4406
výjimka,6036
hrob,6556
začínajícím,1902
vešel,6557
dovednostmi,6558
absolventa,328
jedni,1281
kaplanem,1170
nedal,4122
příčinu,6559
garantovat,6560
leč,6561
upravoval,6562
shodou,6563
posuďte,5471
radostí,6564
čekali,2228
plastické,920
freestyle,6565
povýšil,6566
rodinka,6567
stálým,1883
pobytový,6568
napsat,1402
skautingu,6569
posunem,4795
ideologické,6066
policisty,90
odnože,6570
užívající,6571
sjezdových,6572
nabité,4834
dojde,5839
manželek,988
trojúhelníkový,6573
zloděje,355
střihů,374
tuk,6574
výrobou,6575
veletrhu,4785
zalíbil,6576
oblek,2739
pás,6577
zaměstnává,6023
prostitutky,6578
střešní,4750
armádní,5571
přimícháme,6579
nátěrových,6580
připravovali,1456
rázně,6581
parcelu,6582
experimenty,1159
teoretických,2068
týden,6583
podoba,6365
koukat,5357
zbavil,6584
zhotoven,245
sponzorů,774
keď,6585
ctí,4045
hostitelem,670
pečlivost,5387
patriarchou,627
stoleček,6586
vodohospodářské,2383
náročnější,1749
obyvatelích,2583
pavilonu,3271
vstát,3215
termínů,2593
zákonodárné,4605
zdrží,6587
výkřik,6588
sálů,6589
koncipován,6590
postoupí,5122
legislativní,5947
předkládají,1871
černobílá,1342
otáčí,6591
svetřík,6592
apoštolským,1437
výtvorů,2021
koupelnových,3672
expozice,4282
leccos,6593
lístek,6594
odehrát,3732
rozdal,4504
citů,1441
drobnější,2906
britského,297
štěstí,6595
velkoplošných,6596
exotických,1561
účtuje,6597
analýzou,6598
závodníka,205
italských,639
partnerského,1926
průměrných,2247
joystick,6599
propagandy,6506
jaderných,1577
zavraždit,2427
songu,6600
nasazen,3080
promyšlené,4093
spořicí,6601
nosníků,6602
přinutil,6603
písemných,5638
hackeři,2144
spisovného,3007
přezdívkou,6604
zdlouhavé,6605
pohlaví,6606
pravděpodobné,3313
postřehů,3586
cílech,5428
nosnostní,6607
prioritách,6608
pružného,3774
mechanismem,6609
hlasitý,6610
systematický,6611
kořenů,4035
volající,6612
balí,6613
náčelníka,1070
zamyšlení,6614
uvědomila,1300
bouřky,6615
klíčové,966
exilové,6616
techniku,6617
prodeje,5518
pleťový,6618
spokojit,6619
postřelen,6620
tisk,6621
neviditelný,6622
zbavuje,6623
petr,6624
látkový,6625
přístavby,6626
citovaného,6627
religionistiky,6628
dovršil,6629
matky,2100
umisťuje,6630
tvářích,3312
stavebnin,6631
uhličitan,6632
dotčených,2910
trzích,2352
popis,6633
muzeích,5442
hořák,6634
emocionálně,6635
resort,6636
popáté,6637
napsali,1402
odjede,3397
zábavným,1235
rozvíjí,5092
úrokových,6638
úřadům,1971
hlad,6639
souhlasili,1071
sněhem,2626
měrou,6640
ujít,6641
skvělým,1385
distribuce,6642
poslal,6643
objezd,6644
obklad,6645
audia,6646
pravě,915
elektrárna,5641
situace,1192
jalovec,6647
vchod,6648
přidáme,2607
letošních,5407
posadí,4191
trůn,6649
přečte,3717
vinylových,6650
železnic,6651
akademiků,193
syndrom,4472
událost,6542
zločiny,2495
teologie,6652
úřednice,6653
zrcadlovek,3055
milí,2287
náročnějších,1749
oběť,6158
uvažovalo,1483
radního,6654
dospívání,4597
vytvoří,671
prvních,5133
porozuměním,6655
nedočkal,6656
autorizovaným,1132
organizaci,5427
žádající,6657
individualitu,6658
oddenky,6659
laskavým,1175
sklepních,6660
české,250
odhadů,4020
tancem,4247
záchraně,3330
zhoubný,6661
mikrofonem,3065
pochyb,3843
největších,5075
nezklame,6662
epizody,1784
prodavače,452
exteriér,6663
zip,6664
žirafa,6665
plánované,1633
formuje,6666
řehole,6667
útočníci,309
tankových,4596
vyznačoval,6668
fakulta,4830
vrcholným,1567
theta,6669
viděla,1551
barokních,4106
vyjádří,979
praxe,5099
odborníky,244
vyrobilo,1778
zajímavým,2282
odchodem,6445
dynamických,2460
netopýři,4563
fakulty,4830
přemýšlíme,1986
zákal,6670
studentek,1099
ženskou,6671
vyhlíží,6672
kováři,628
místopisné,6240
návod,6673
krachu,4128
odevzdal,6674
majora,2080
nositeli,221
ovlivnilo,2761
horolezců,220
záchvat,6675
sebe,6676
patrně,6677
pseudonymy,6678
dopoledních,6679
označte,3544
dodatkem,3714
klinických,3678
doporučuje,6680
typový,6681
bezpartijní,6682
poháněl,6683
jakých,2815
homosexuálů,485
parkovišť,6684
událostech,6542
naučných,6685
chybu,4879
vybrání,6686
jmenováním,6687
skutek,6688
maršála,658
gramofonové,2950
tuzemská,1215
upevňovací,6689
prostorovým,1350
vypracován,4291
vodních,6690
nezaplatí,6691
ponaučení,6692
štěstím,6595
vyčítá,4696
objeví,1854
vytrhnout,6693
průvod,5529
holku,3475
počítač,6694
koláž,3891
nedostává,6071
videla,6695
přístav,6626
protiletadlových,4343
něčeho,6696
tématům,2471
mírového,2629
kariéra,3067
urbanismu,6697
fenoménem,884
jedinečnost,6698
slinivky,6699
růstový,6700
neziskových,3550
posílil,6701
depozitář,6702
spřátelil,6703
blbost,6704
laboratořích,6705
odstartovat,3023
okamžiku,1619
odstrčil,6706
rodišti,6707
vnímat,1967
tohoto,1656
obsazené,2164
papeže,469
komunistů,164
výstavbě,2704
ikona,6708
partnery,253
smetanový,6709
ročníků,3967
opatrnější,3178
otázkách,5620
střelcem,594
stránek,6229
účastnit,2450
programovým,402
spotřebních,6710
nečekané,1597
popruh,6711
neplánovaně,6712
přijali,1154
selhává,6713
hřbitovech,6714
závazek,3423
určovat,2621
odjíždí,6372
překladech,1026
oblouk,6715
transkripce,6716
nápravných,6717
symfonie,5038
šestistupňovou,6718
šestice,6719
pěvce,2364
dohodnutý,6720
zjednodušený,6721
koncepcí,4642
lesbická,6722
instruktorem,6723
perspektivou,5840
ohromný,6724
recenzí,5579
zdržuje,4253
skutečným,1411
pořizování,6725
nákres,6726
freska,6727
vánočních,6728
povahou,6729
kamínek,6730
pestrý,6731
unese,4358
moukou,6732
ukrajinských,695
textové,2016
prostředím,6733
specifikovat,6734
navrhuji,1421
dechový,6735
dárků,6736
reformám,3824
mužstvem,6737
vezl,5932
vzpomínek,2877
vyjádřením,6738
posouvá,6739
studijních,6740
gramatiky,6741
vybírají,1018
stavby,6231
hrabe,6742
řezný,6743
nejdražších,4188
krásný,6744
tudíž,6745
dodala,314
neřekne,3909
zajímal,5484
grafice,6746
finále,6747
rekla,6748
architektury,4071
řemeslo,6749
stejnojmennou,345
pasuje,6750
sound,6751
respondenti,1046
komentovali,1029
průkaz,6752
hotovou,1424
sluhy,6753
estetika,3864
předpokládali,1924
přístupný,5907
zpráva,5682
hustý,6754
pilou,5573
přivýdělek,6755
inkasoval,6756
pravdy,2576
tohto,6757
předával,4778
účel,6758
komu,3301
ucházet,3478
plakáty,1724
autoportrét,6759
otce,162
prodejem,5518
přehnaně,6760
způsobilý,6761
nadšení,655
přenosové,3352
předpokládaná,4926
vzpomenu,1957
vznesl,6762
výstřihem,6763
oblibou,6764
barikády,6765
impulsů,5167
svých,4364
generálmajora,1247
bouřkami,6615
vernisáž,1432
ukrajinské,695
romskou,6766
stylových,2965
netrpí,2373
grafikou,6767
jinam,6768
zachycování,6769
pozici,6371
zmínila,974
poražen,6770
zapomenutých,2003
prášek,6771
posypeme,6772
občanských,2337
varhanní,6773
zachycené,1109
remíze,6014
jaderného,1577
zvycích,2887
posvětil,6774
srdečně,6775
kter,6776
domain,6777
odejít,3793
samotného,559
výkupní,6778
podkladů,5706
samostatného,1713
čtvrtek,6779
veterináře,268
urazit,3211
rozmach,6780
pojmenovat,6781
nefér,6782
obytných,6783
dispečink,6277
vodorovných,6784
zavražděné,3578
zločinu,2495
kabinetu,6046
škálujte,6785
krása,6786
posuzuje,6787
režimů,3152
názorech,2300
řict,6788
nadřízeným,1233
empirických,6789
nesnaží,2023
samoty,6790
cenami,2268
strategickou,2136
stavbě,6231
zázraku,2262
malbou,4681
bydlí,4303
konfliktu,2401
islám,6791
kořen,4035
dospívajících,3709
íránských,679
výboj,6792
nejsilnější,1891
australského,731
navozuje,6793
opic,6794
končin,6795
přítomni,554
vzejde,6796
bolševici,6797
vybrat,961
sedmdesáti,6798
ohlásili,1162
klubovém,1765
dělnického,6799
kapacity,6800
tonerová,6801
práve,6802
islamisty,6803
vyplatil,2580
dokážeš,1105
stránkám,6229
hostů,997
pepřem,2081
praktikách,6804
spuštění,2663
konceptu,1043
nastalo,6408
doviedel,6805
kolekci,6806
pracemi,3993
francouzštiny,6807
volantem,6808
arménské,798
případem,1952
propuštěn,6809
singlem,6810
můžete,1998
začneme,3030
slovech,3479
dokumenty,339
církevních,6811
předčasný,6812
chápeme,2128
fotila,2155
dělám,1466
znalcem,472
odpadní,3332
atentátu,2768
skryt,6813
pádem,6814
oprávněná,2914
jiného,1327
přemýšleli,1986
performance,6815
urban,6816
nemůže,1998
stresující,6817
kvalitní,4532
závodů,6818
provozovatelům,281
zachránil,6819
úloze,2518
investorů,157
nežil,4204
kompresor,6820
inovativním,6821
vyplňuje,6822
rozjezdu,3816
výsadkové,6823
pardubického,1219
knihách,4503
jezuité,6824
nábytek,6825
mocní,1685
vytváření,4623
reflektorů,2310
postižením,6826
důchodci,1866
přirozeného,3818
poražený,6770
stříbrný,6827
opatem,1103
chrám,6828
podnikatelského,1292
databázových,2977
cestopisy,1828
intimních,6829
skutečné,1411
členkou,2961
trezoru,6830
všimne,1444
zavazuje,6831
odpovídal,6832
enable,6833
hokeje,3807
přísných,1586
čím,5135
stonek,6834
vybaveníkuřácká,6835
vrták,6836
prince,384
profesorky,1919
součást,6837
neviděla,1551
pověřená,1094
vyrábějící,6838
obrazy,2153
kanalizace,6839
kamionů,5046
telefonát,6840
křižovatkách,6841
zkusíme,3702
korunován,4881
orgasmus,6842
slovesnost,6843
župan,6844
reliéf,6845
pomocná,425
investičního,4775
překonává,6846
sebevraždu,3569
chránených,6847
sálu,2533
učitelů,97
komunikačních,6350
diskutujících,3122
rozporuplné,6848
programu,2784
večerem,2031
vysvětlením,6849
podlahových,1680
politické,903
hektarech,6850
profesionalita,4806
imaginární,6851
učí,3640
závodil,6852
radar,6853
ucelený,6854
rod,6855
tajemného,1768
vyslovili,1699
partyzánské,6856
proslulých,509
hodící,6857
pořízen,6858
rozpočtu,2090
poznáme,2036
ekologických,2589
průkopníky,338
napodobil,6859
skončil,6860
vypěstovat,6861
balkánských,6862
aktualizuje,6863
odhaduje,6864
prales,4627
uspět,1309
stěn,6865
fanynky,6866
bazén,5559
existoval,6867
vrazi,286
krajanů,690
sluchovým,6868
proměna,5186
hvězdám,886
pořádal,4588
držitele,478
dámou,2631
způsobí,1299
obětech,6158
způsobů,1873
ekonomie,6869
gesty,5861
záporná,3919
sanitka,6870
nejenom,6871
chvil,2832
stisknout,6872
fantazie,3896
krajany,690
bakalářského,2684
fyzikální,3196
zadavateli,451
dobr,6873
únosu,6874
obranný,6875
analýze,6598
změnami,4129
otcovství,6876
konzervativců,6877
zadaří,6878
spirituální,6879
uměním,5374
chcete,1129
složitější,2682
záložní,6880
případy,1952
přesvědčení,4721
tištěný,6881
byli,2244
půdních,6882
parťákem,6883
padesátých,6884
strojírenských,2249
důsledně,6885
radním,6886
mixéry,4067
oživuje,6887
brunetka,6888
stereotypní,6889
zákaznice,819
platí,3462
foukaná,6890
plynový,6891
diplomové,6892
přikázal,6893
dolarech,2579
důvěrou,6894
kultur,5233
přihlášený,6895
slezský,6896
pochádzam,6897
kořínky,6898
džusy,4745
průřezem,6899
literaturou,4904
zahradníka,492
nepřekvapuje,4818
zveřejňujeme,3977
could,6900
shlédnutí,3162
čich,6901
pokořil,6902
pravopis,6903
romantiku,4701
hlavním,1389
myšlence,1065
zákaz,6904
ucpaný,6905
mozaika,3429
všimněte,1444
tma,6906
instalace,2279
gramatika,6907
vítězku,6908
známo,292
mikrofonů,3065
rozmnožuje,6909
vesmírného,1588
sochařskou,6910
předprodej,6911
komunální,3254
něhož,2040
nezapomenu,3037
specifik,6912
spotřebitelé,1100
broskev,6913
dejme,4122
otců,162
nadšenců,862
ohodnotit,6914
studenta,182
produkovala,809
zástupcem,1203
prostupuje,6915
nejsilnějších,1891
ostrovech,3684
zachraňuje,5986
autorskému,430
smíchat,3300
přebytečnou,3284
televizoru,4933
logických,2010
udělá,1689
individuality,6658
poptávka,6916
pokračuje,3034
syrové,3050
výkresů,3176
notářského,6917
gestem,5861
zasahoval,6918
výrazného,1360
nálady,4984
nechci,1129
letectvem,5373
depresemi,6919
prstenu,4360
příjde,6920
reklamou,2964
schopnostech,6402
legendou,1341
opřel,6921
dubových,6420
podělit,1793
lokalitu,6922
multiplexu,6923
klempířské,6924
prožila,1378
legislativa,6925
napadne,3499
navrhujeme,1421
rádoby,6926
blízký,5530
důležitější,2498
prospekt,6927
biblického,849
výroby,6575
beton,6928
zrekonstruovaném,6929
titulu,2538
říkali,370
nebere,5405
sněmovny,6482
indických,965
kontroverze,6930
smíchu,786
slovy,3479
kámen,6931
nunacek,6932
rám,6933
částí,5740
průlom,6934
vlád,2639
zamítnutí,5751
transformuje,6935
hřejivý,6936
šafanda,6937
nošený,6938
tátou,385
cyklisté,269
podnětné,6939
přivítá,2998
šatna,4101
demonstruje,6940
štábní,6941
prognóza,3829
částech,5740
nedivil,3607
anatomický,6942
západních,6943
inteligentní,6944
požitek,6945
vynikajícím,2893
šroubek,6946
nervozita,5240
získává,6947
střecha,6191
přebírání,6948
neklid,6949
rozvodu,6308
výročních,6950
valník,6951
dějinami,2051
připravován,1456
karneval,5886
pokušení,6952
vyhodnotil,6953
zabývali,2386
magnetický,6954
těžil,6955
jablečný,6956
neteř,6513
ideje,2866
trest,6957
neznal,4312
dodržuje,6958
nadto,6959
zalíbilo,6576
jinak,6960
kdyţ,6961
nacistického,1069
třebaže,6962
vynachválit,6963
reprezentuje,5803
obdarovat,6964
oblečen,3035
pakt,6018
domluvili,2542
sestavou,6106
zakončil,6965
soustřeďuje,6966
lovce,574
dvouzónová,6967
upoutal,6968
směle,6969
prvé,6970
odbornice,244
titulem,2538
státnosti,6971
brambor,6972
napřed,6973
zadáním,6974
kampaních,4440
významné,1022
zájemce,6975
přesuňte,6976
napsala,1402
spal,5596
souzen,1184
vstupních,6977
zanechal,6978
netvoří,1581
netradičně,6979
slečna,6980
zájezdu,6981
asistentku,380
kousky,6982
zaostřování,6983
slideshow,6984
zakončení,5324
kulový,6985
slovo,3479
sedící,6986
drtivá,5057
seminářích,6987
multimédií,6988
kardinálem,763
návrhů,2177
zápasu,4739
nitra,6989
trojka,5798
velkoobchod,6990
fenomény,884
pietní,6991
zabírá,6992
rozpuštěné,6993
sekvencí,6251
straší,6994
podrobnostech,4848
lecitin,6995
láká,5780
parlamentními,4346
potápěče,6996
šumavských,6997
připravovaných,1417
vyvrcholil,6998
strojkem,6999
způsobené,3870
zrzka,7000
plánu,1922
závadný,7001
zásah,7002
byznysu,3842
pohyby,5280
přístup,7003
připravující,7004
nejhoršího,7005
smartphonu,7006
stud,7007
hazardních,7008
hráčem,316
zveřejněný,7009
výjimečné,1305
naprostý,7010
zadání,7011
vynutil,7012
sportů,7013
sakra,7014
večírku,5939
představím,833
užíval,6571
případům,1952
řve,5263
akcí,7015
řadič,7016
mužích,262
napsání,7017
proměňuje,7018
komplikuje,7019
žáky,601
poranil,7020
příležitostně,7021
přístupnosti,7022
válka,5568
nebem,7023
světce,6326
hostel,7024
doktorátu,7025
charakterizován,7026
workshopu,7027
turismu,5470
nahrání,7028
učitelek,852
ideál,7029
chutný,7030
sdílel,7031
zombie,7032
smála,592
cyklistického,3294
klimatem,7033
digital,7034
vedením,7035
zastávat,4598
pracovníky,323
kreseb,3251
ptám,2905
novinkách,1939
prožívali,2481
pronajímá,7036
sebedůvěru,7037
přídavné,3134
francouzských,428
virus,7038
vybraného,975
nekdo,7039
tamního,2677
mix,7040
socialisté,7041
zpracovávat,3159
pracích,3993
středoškolského,277
vánek,7042
schopným,637
vévodové,7043
nereálné,5112
složku,5326
taktických,7044
dokumentací,7045
lingvistiky,7046
vylezl,7047
slunce,6133
temnější,2064
čtveřici,7048
opustil,7049
zaručit,7050
offroadových,7051
dosazen,2506
písečných,7052
sklep,7053
spící,7054
snažit,2023
nosiče,1641
pivovaru,3464
hostovala,7055
strojírenského,2249
rict,7056
obětuje,7057
návyků,7058
vklad,7059
míněno,7060
poučné,7061
vybavený,7062
vědoma,1386
pravdepodobné,7063
pocul,7064
vás,7065
většinovým,1458
dárcům,4520
pozadím,7066
metadat,7067
lékařům,183
description,7068
slovesnosti,6843
amatérsky,7069
symfonii,5038
nezávisí,7070
nimiž,2040
firmě,2727
chaos,7071
nacismu,1792
kabelek,7072
sídlil,7073
sněhových,5255
moct,1998
řepkový,7074
nejprodávanějších,4501
indiánského,7075
zazpívá,1755
diplomatických,7076
umístěním,7077
trpělivostí,7078
konvoj,7079
korek,7080
štěrk,7081
digitálního,5432
smíření,7082
sondu,7083
zřejmé,7084
termosublimační,7085
schvalování,7086
kompozitních,7087
penaltu,7088
přenosný,7089
estonské,544
formátech,7090
zproštěn,7091
firmware,7092
umístěný,7093
dovolením,7094
úmyslně,7095
odchytal,7096
radnice,7097
soudem,1181
známá,292
monument,7098
nepochopili,2204
evangelií,7099
náznakem,5965
parta,2206
oblíbeného,1503
komerčně,7100
rozpustný,7101
chuťovku,7102
stáhne,6522
vyčleněním,7103
ekonomů,98
představuji,2321
moderních,7104
podřízen,4648
šťastná,1017
adjektiva,7105
olej,7106
nanést,7107
dokonalým,3796
hanba,7108
dětem,5649
volbou,3888
vestavný,7109
kutily,7110
nahrubo,7111
násilného,4050
kometa,5379
nejnovějších,1377
závin,7112
úpravám,7113
průzkum,3350
spontánně,7114
poptávku,6916
invence,7115
vzbudilo,2532
kostel,7116
odhalili,1696
nespravedlnosti,7117
laser,7118
zkušebny,6473
přijala,1154
probojoval,7119
udělení,7120
jedinečnosti,6698
rozvedli,1494
spotřebitelem,1100
ocenili,1812
běžel,6180
akreditovaných,1248
částečným,3911
obvyklý,4751
objevuje,5553
zúčastňuje,7121
tvářemi,3312
mista,7122
jaky,7123
mezzosoprán,7124
uhelnatý,7125
zrušil,7126
většinu,5674
mnohdy,7127
letního,5201
posuzovat,6787
senátní,5229
fiktivní,5684
nabízel,7128
chronickým,2572
konstrukcí,7129
doktorský,7130
serveru,1576
příslibem,2694
poznamenala,632
meruňky,7131
posuny,4795
podobný,6449
jít,4153
deliktu,7132
klidný,7133
vystavuje,7134
legrace,6548
realitě,3089
staveb,6231
užije,7135
mellitus,7136
morální,5202
poslance,187
doporučoval,6680
závislí,724
šroub,6946
spekulacím,7137
světa,2730
speciálních,7138
souboj,3286
dálničních,7139
sezónách,5298
publikovat,2818
folkové,7140
jediní,1870
důchodový,5854
obrátil,7141
vnučky,2549
topný,7142
napětí,7143
tichý,7144
identifikován,4704
učitelství,7145
obchvatu,6383
technikem,829
ptáme,7146
nesouhlas,7147
kulturách,5233
malbu,4681
strategii,6267
mezníkem,2502
náladou,4984
činu,2441
instrukční,7148
bohužel,7149
připraveného,2093
přidává,7150
objektivu,1865
preciznost,7151
zbaven,7152
medvěda,1053
potrestal,7153
tance,4247
náhrobků,7154
profesionálním,2709
netradičním,3975
transplantaci,7155
výpravě,3230
přístupdětské,7156
přesvědčivé,799
nevydržel,6340
konkrétně,7157
koncepce,4642
divoké,5402
pozvali,1435
play,7158
facebookovém,7159
problematických,1937
plk,7160
panna,5090
zhodnotit,2941
rysy,3132
stádiích,7161
horšího,7005
obojživelníci,7162
prsten,4360
čtvrtého,2260
grafickým,1124
podá,1624
muzejní,7163
kulomet,7164
hledající,7165
schopni,637
pozná,2036
stačilo,5025
vině,5019
skvrnitý,7166
masový,7167
tvořili,1581
počít,7168
spojením,7169
napájí,7170
přerušením,7171
libovolný,7172
obyvatel,2583
zakládajícím,3604
nechystá,1498
uvolňuje,7173
kotouč,7174
každoročně,7175
představená,1583
průvodní,7176
vyučen,7177
quality,7178
kostenloser,7179
cizojazyčných,1625
gotických,2875
dcerka,5778
děsivé,1879
mluvit,1651
balit,6613
besedu,2243
lidí,377
deníků,2849
paralelních,7180
krizí,7181
zvědavá,1492
poukazem,7182
tvrdíte,1073
bezvýhradně,7183
ledacos,7184
změnil,7185
stavitelů,239
rodný,5532
spí,5596
videozáznamy,1801
plukovníkem,321
stránku,6229
slovinská,894
připravit,1013
myslelo,1194
vybírali,1018
terén,7186
provedeních,7187
prach,7188
skládá,3656
dobrovolníků,401
automobil,7189
nádech,7190
slibuji,1773
syntaktické,7191
překladu,1026
privilegium,7192
novinka,1939
prezidentské,922
vkládáme,7193
končinách,6795
technického,1127
precizně,7194
moudré,794
vystavil,7195
zajíc,4755
krásou,6786
zápase,4739
konstrukčních,5948
vzdoru,5826
lidská,1365
zařadí,4267
nedokázali,1105
babičku,3669
jezdecký,7196
keby,7197
pravomocného,2509
splňoval,7198
potkává,7199
vypnul,7200
diplomová,6892
vyráběl,7201
předkola,7202
reprodukční,7203
atom,7204
závod,6818
názvů,2226
odvolacím,4759
přepracovat,1707
trup,7205
psychickým,6274
amatérské,178
provádí,4079
zahyne,6382
přízemních,7206
vážná,2314
tvrdili,1073
směru,4555
psychologickou,811
please,7207
zvířatech,5667
nepamatuju,4005
jasný,7208
nejlepšího,5791
děvče,7209
prim,7210
výborným,2075
podobách,6365
fyziky,7211
analytické,1034
schémat,7212
fotbalových,1199
šablonu,7213
krutost,5246
zvolit,1334
porazil,7214
diskografie,7215
finančních,7216
markýz,7217
krutá,1400
pedagogika,2738
mrtvici,7218
prav,915
nepřirozené,7219
vášní,7220
nutí,3851
pohybovou,1376
rozpustíme,4737
spojovací,6488
odpočívat,7221
because,7222
ingredience,7223
hračku,5062
ječmen,7224
produkují,809
vysokorychlostních,7225
zatímco,7226
obhájkyně,7227
radioaktivních,7228
voličům,1086
protlak,7229
sezon,7230
dvojici,2484
končící,7231
hostí,997
dělostřelectvo,7232
tvarovat,7233
intuitivní,7234
triků,3532
důchodu,7235
vyváží,7236
čtenářka,7237
zvýrazňuje,7238
instaluje,4145
stíhacího,7239
archiválií,3042
jazyka,2981
jak,7123
nepovažuje,4772
složitá,2682
kormidla,7240
sousedé,861
dožil,7241
komunistická,609
kožešiny,7242
kazatelů,480
potvrzují,1315
přitažlivé,1250
chtít,1129
napadá,7243
příjmů,7244
satyyy,7245
připravenou,2093
vyfotografovat,7246
skvělé,1385
observatoře,7247
výslovně,7248
dítko,7249
procesem,2821
buddhistických,1612
nejlepších,5791
odlitek,7250
vchodem,6648
bezpochyby,7251
měděný,7252
bráchu,870
diagnózu,4319
restauračních,7253
útvar,7254
hyaluronovou,5082
členský,7255
artefakt,5535
ním,2360
dokážete,1105
pomníků,7256
poprat,7257
plodin,7258
podcelek,7259
semestr,7260
rezidenční,7261
výchovně,7262
rozvoje,7263
nebankovních,7264
zvratů,7265
recenze,5579
odhalit,1696
neznamená,7266
humanitních,7267
projects,7268
plánovaného,1633
literárními,1333
zabere,7269
hlava,4448
maturitu,7270
hudb,7271
bubeníka,161
významném,1022
zůstal,7272
sdělovacích,7273
půdu,7274
sedmou,7275
rentgenového,7276
distrikt,7277
milovat,2785
břehem,2567
nick,7278
faktorů,1462
odmítající,3441
obsazená,2164
nezapomenutelnou,1277
nacionalismu,3689
jde,4153
jasné,7208
holicí,7279
komise,7280
zvyknout,3200
uběhlo,7281
věc,7282
psychické,6274
kráječ,7283
zásluh,1796
pokročilý,7284
budí,5746
měřítek,7285
řekou,2389
ovocný,7286
podíl,7287
biskupem,645
extraligy,7288
charakteru,1892
progresivní,7289
posluchačů,532
jedovatý,7290
unikátních,5100
hydrometeorologického,1545
přijímáme,4183
nadhledu,7291
sedí,4381
stykem,7292
podepsáním,7293
domluvené,2542
stožár,7294
jedním,1281
vyrobila,1778
atrakce,7295
rozum,4748
provedením,7187
životního,3770
odlitků,7250
vetřelce,7296
výběrový,7297
silou,6044
ukázky,4585
syntézu,7298
kontinent,7299
napovídá,7300
odpadového,7301
zaslouženě,7302
benefiční,7303
náročnosti,7304
obhájil,7305
solárních,7306
love,7307
psychických,6274
sází,7308
iniciativu,7309
ohodnotil,6914
upíři,7310
drsně,7311
parazita,7312
nepopulární,3608
přátelští,4139
forenzní,7313
způsoben,3870
ruštiny,7314
kousek,6982
senzační,7315
proměně,7316
donesl,7317
veškerých,7318
učím,3640
teras,7319
champmd,7320
univerzitních,7321
původní,5222
spatří,3631
vozí,5497
kvarteto,3467
výukové,7322
čočkou,3978
menšina,4131
nápor,7323
přijeli,1229
klapne,7324
oltáři,4365
výroků,1167
bych,2244
zaostřovací,7325
víceúčelový,7326
zpívat,1201
partnerů,253
odhalení,7327
povedl,7328
zabezpečovacích,7329
venkovnífitnesspůjčovna,7330
indicie,7331
světlý,7332
milostného,2546
chladnější,5959
majetkových,7333
jahody,7334
kresbou,3251
přírodního,7335
kapacitních,7336
firmou,2727
vybírat,1018
odhaleno,1696
vhodnej,7337
voskových,7338
odstrcilikove,7339
prozkoumal,7340
softwarové,1657
vylodění,7341
minerálních,7342
prozradí,252
obytného,7343
exemplář,7344
vesmír,7345
ledový,7346
aktivisty,142
snahou,7347
vylepšený,7348
dynamického,2460
nevšiml,1444
bodový,7349
ideálů,7029
výpadek,7350
těžby,7351
jednatelem,7352
objedná,4982
aktualita,7353
uzdravil,7354
blbci,1520
procent,7355
rodit,641
předvádění,7356
šťastnější,1017
druhým,2037
lekcích,7357
začne,3030
sedmdesát,6798
japonským,642
biomasa,7358
redakční,7359
rekord,7360
severních,7361
komplex,7362
strhl,7363
přípravě,2048
nekorektní,7364
citlivější,1205
výsadbou,7365
švédského,768
řadě,7366
pitva,7367
programové,402
zvládnutí,7368
vybírání,7369
pôvodní,7370
zdůraznila,615
loučení,7371
doprovodného,1791
podzemních,7372
foťákem,7373
slibné,7374
konvencí,7375
zúčastněné,4217
projektovou,1051
vážnější,2314
rakovinou,3268
obranných,6875
nebudu,2244
hlasuje,3500
figura,4027
jestliže,7376
děs,4604
zařízeníroubenkastatekubytování,7377
ochotná,900
regulačního,4408
taktiku,7378
momentě,1039
dalekohledu,3516
vhodnosti,7379
vybranou,975
nedokážu,1105
příjmením,6140
podoby,6365
zachytily,1109
organicky,7380
časového,1066
jeřábů,3105
fotografování,7381
levicově,7382
britským,297
vládního,4100
pochopitelných,4057
nynějšího,4948
způsobena,3870
veřejný,4800
navigací,7383
vynesl,7384
novel,2805
ohlásila,1162
semeník,7385
rodáků,7386
aplikovaný,7387
nejpravděpodobnější,3313
nepřístupný,7388
záblesk,7389
obsazených,2164
rozlehlý,7390
naznačeno,7391
neviděli,1551
jistotou,6384
ujala,728
zastupitelem,506
schopností,6402
brněnské,484
sem,7392
fér,7393
rizikem,7394
ryze,7395
remizoval,7396
přezdívaný,7397
outdoorová,7398
odsoudil,7399
subjektivitu,7400
živnostenský,7401
médii,3584
fresky,7402
výrobních,5414
věznice,7403
ověřil,7404
satelitního,3815
utkání,7405
dotáhl,7406
vagónů,7407
překvapivě,7408
facilities,7409
principů,3469
chlad,7410
logistiky,7411
společníky,972
zvoleným,1164
buďme,2244
plesů,7412
panenka,5090
rock,7413
agens,7414
pomníku,4061
povolán,7415
zprostředkovatele,708
kluků,942
atrakcí,7295
zveřejnilo,1504
vztahem,3263
kariéře,3067
nálev,7416
potisk,7417
exilu,7418
chvíle,2832
konspirační,7419
paní,7420
teorií,7421
odpis,7422
památkách,7423
nastavením,7424
ktorý,7425
potažmo,7426
odvedené,7427
předchůdců,2793
žloutek,7428
mateřské,4975
smutná,890
krasobruslení,7429
tanců,4247
lákadlem,7430
nesmyslný,7431
prognózy,3829
přiloží,6520
otázkami,5620
záporné,3919
skloubit,7432
řeknete,407
běžecký,7433
předchozích,7434
lanovek,7435
spolupracovala,1080
vsak,7436
viděli,1551
syrských,1486
optimálních,7437
reproduktor,7438
erotická,1475
vážným,2314
vybroušeným,7439
inzulinu,7440
předně,7441
trafí,7442
nadšená,655
tímhle,1113
předsednictví,7443
práškový,7444
soubojích,3286
novostavbu,7445
stěhováním,7446
získával,6947
vinařů,7447
deň,7448
potýkají,3068
skvělými,1385
kapotu,7449
řezníci,599
pamatuje,4005
preventivních,7450
spolužáků,535
tuhostně,7451
pochází,3740
přehledný,7452
vytvořit,671
někdy,7453
stylizované,7454
mohutný,7455
debakl,7456
efektní,7457
drsnou,1683
minutami,5478
chrlí,7458
publikacích,7459
shání,2670
činidlo,7460
plnil,7461
stavebního,4581
vnese,2857
přispíval,7462
osvědčeným,1420
loděnicích,7463
vozík,7464
spočíval,7465
zazvoní,7466
ježek,7467
protějším,7468
odpovědností,7469
debat,6465
official,7470
táborů,7471
jednodušších,5809
trajektorie,7472
nesouhlasím,1071
předsádky,7473
samotěwellness,7474
tuzemsku,7475
restauracích,7476
soutěže,7477
utkáních,7405
blábol,7478
modelu,2668
ústavy,6030
koberec,7479
využijeme,2125
prožívat,2481
platdnes,7480
počítačového,1348
stanovisko,4639
závodì,7481
nabídne,1788
konfliktem,2401
filtračních,7482
prokázat,2162
pátrá,7483
trubku,5819
vyhrožuje,4485
netuším,7484
pustili,1629
vede,4586
programátora,303
pěstováním,7485
dánská,519
term,7486
matku,2100
nejděsivějších,1879
tomuhle,1113
analytických,1034
zvláštní,7487
přeci,7488
jihozápad,7489
vrcholně,7490
milenky,301
sponzora,774
estetického,2029
nejbohatší,1942
odmítla,1786
znáte,4312
dovede,3642
vymýšlejí,1540
příchozí,7491
špetkou,7492
názvech,2226
prostředek,7493
prvotřídní,7494
autonomního,7495
spolupracujeme,1080
nejistotě,5118
věřit,2311
oběšením,7496
sestupnězboží,7497
stojím,1941
vymyšlené,2446
fotkou,7498
odpuštění,7499
vodu,7500
fazole,7501
žába,7502
zavádí,7503
okenních,7504
vstřebává,7505
symetrický,7506
pokusí,2098
hřištědomácí,7507
svobodném,4058
duet,7508
smyslu,3517
hor,7509
raději,5825
srbských,795
děcko,7510
ženskosti,7511
profil,7512
góly,2603
sejmenoval,7513
nesmíme,1316
vystavoval,7134
alias,7514
čínského,954
nacistické,1069
nahrávka,2396
pravdivá,1563
vložit,2491
pamatuji,4005
večery,2031
stanovili,1485
únos,6874
dít,7515
experimentů,1159
tvorové,1636
hmyz,7516
památný,7517
časové,1066
rozpoložení,7518
příčinou,6559
vypovídá,7519
pilotů,230
question,7520
hity,2642
manželství,5080
kanón,7521
dcerou,2743
posoudí,5471
dehydrataci,7522
žene,7523
svetr,6592
fanouškovské,7524
zahrála,869
politikou,7525
hospodářského,4300
vžil,7526
čekající,7527
osmnáct,7528
přesvědčovat,4570
tenistky,2473
definuje,1920
sexuální,3630
uchýlil,7529
třebas,7530
přesunul,6976
energii,7531
sádrokartony,7532
death,7533
obžalovaného,909
náhradníkem,2044
mobiliář,7534
současných,923
penězích,7535
normalizovaný,7536
týká,7537
zamyslet,446
obávat,2103
stihli,2408
genocidu,7538
továrny,5828
společenským,3946
kibucu,7539
duelech,7540
vypadlo,3840
konkrétních,4419
figurek,5066
sněmovnou,6482
tiskovém,1559
čtyřicátých,7541
maďarských,748
anděla,1552
států,1941
původ,2011
určili,1622
skutečně,7542
pozitiva,7543
místodržící,7544
hořečnatý,7545
nejnovějšího,1377
pravidel,6311
vnučku,2549
nevim,7546
hasiči,866
tradičních,3975
převážné,5208
nezná,4312
píchá,7547
hoden,3589
dcery,2743
intelekt,7548
odšťavňovač,7549
smartphone,7006
jeskynní,7550
tisková,1559
výherců,2581
situován,7551
symbolicky,7552
manipulant,7553
nevěru,7554
drsným,1683
prodlení,7555
pokaždý,7556
úvaze,4406
minutách,5478
vzpomínce,2877
větami,4851
hypoték,7557
produkt,7558
četbu,7559
praktičtější,3044
chorvatská,660
pláží,2269
kvalifikačním,7560
situaci,1192
světovou,1295
samozřejmé,7561
trenérů,148
úseků,3384
praktikám,7562
baterky,7563
nepřesností,7564
mrtvol,7565
profesorů,74
věrohodné,1543
sdružení,7566
zisků,7567
instituci,6101
omylů,3786
inovačních,7568
zaškrtněte,7569
zjevné,4859
ukotvení,7570
uplynulý,5070
chtel,7571
tematických,2094
impulsy,5167
ukrajinská,695
mechanickým,3084
psychicky,7572
minerál,7573
pocházející,7574
pravidlem,6311
mocenských,7575
agentem,346
zdejší,7576
uspořádáním,7577
prezentace,4731
vrhá,7578
obhájcem,7579
nejvýrazněji,7580
nechtěnému,7581
odběratelé,1153
platpředevčírem,7582
pokusíme,2098
weldon,7583
stupidní,7584
zásadě,2952
jevem,4076
kapota,7585
vyvrcholilo,6998
slávou,6103
kodex,7586
úvahách,4406
architektonickou,1152
záleží,6395
přistoupili,2013
protestovat,4573
přehrávání,7587
hraji,1393
skiareálu,7588
postaví,2617
zážitkové,7589
incident,7590
hodinkách,7591
prokuratury,7592
kazdy,7593
neví,1267
reformních,4594
needs,7594
ozbrojenci,7595
vyvstává,7596
adaptér,7597
letectva,5373
sny,2120
zodpovědného,1033
vyvážený,7598
vět,4851
čertem,1474
chtěla,1129
figurku,5066
klubových,1765
oboru,4720
firmu,2727
prokázalo,2162
oběťmi,6158
naplánovali,7599
horských,2423
oddělil,7600
font,7601
sklářství,7602
zapletl,7603
úvěr,5155
vyvrátit,3674
zvracením,7604
nakoupil,7605
výkonů,4789
bombardováním,7606
vyrobí,1778
nepostoupil,7607
dodávek,6129
příjezd,7608
opice,6794
pomocným,425
větru,1433
charitativní,3844
nafotit,1616
relativity,7609
zkuste,3702
zasazené,7610
slepých,1954
jedinečným,1532
investicím,5399
dopravci,2736
odevzdá,7611
pravoúhlý,7612
senátem,1321
provokaci,7613
hlasových,1273
provádění,4838
autoservis,7614
valnou,4920
východem,7615
ponese,5677
pohřbu,2553
zástup,7616
odmítnout,1786
violu,7617
meteorologických,3239
přiděluje,7618
rozpory,5569
hutí,7619
směry,4555
decentní,7620
odmítnut,7621
neočekává,2602
vrcholného,1567
úsměvy,888
editory,349
krizi,7181
daných,3390
křtitelnice,7622
otřes,7623
hádají,7624
váhat,7625
jednodílném,7626
pomocníci,2288
podnikatelům,83
odletěl,7627
tažením,7628
ramenní,7629
zdrojové,1678
úpadek,7630
užijeme,2126
lední,7631
designem,2637
odlétá,7632
secesní,7633
vyřešit,2353
iniciativy,7309
kopřivka,7634
důvodech,2184
výpovědí,7635
technologiích,7636
schvaluje,6498
přibírá,7637
voliči,1086
aquapark,7638
nadřízených,1233
zainteresované,7639
veličiny,4906
nadcházející,7640
rychlík,7641
sůl,7642
barevností,7643
zadavatele,451
odpadne,7644
aerodynamický,7645
hrám,2996
navrhli,1064
nádhera,7646
předvést,1401
dobrovolníkům,401
konkurs,4805
divočiny,7647
šarm,7648
doprostřed,7649
hokejisty,153
větných,7650
sklízet,4321
postihl,7651
zvracet,7604
počasím,7652
hliníkových,3519
sovětská,516
nejmocnějších,1685
řeší,3227
křeč,7653
sebral,7654
utrpení,3171
betonová,2611
bakalářské,2684
razantní,7655
finských,563
stadionů,5214
návštěvností,7656
invalidního,7657
separatistů,3031
duchovních,3650
autoservisu,7614
skotských,643
prosadili,858
prohlédl,7658
jazz,7659
levicových,483
archivu,2439
protestanti,7660
holčiny,7661
hradeckého,7662
souhlasila,1071
vynaložit,7663
šťastným,1017
rozmnožují,7664
vzniku,7665
mužstva,6737
drží,6363
požadujeme,2005
pauzu,7666
komunisti,164
učebnímu,2969
organizování,7667
music,7668
nastavuje,7669
zalijte,7670
nečekanou,1597
podstoupit,6065
výherních,7671
oznámeny,4171
kontinuitu,5927
stoupencem,7672
didaktiky,7673
vojína,7674
blesk,7675
oslovuje,7676
porušením,7677
hvězdného,517
liturgickém,5613
vyslal,7678
smůlu,7679
znevýhodněním,7680
grandslamový,7681
symbolickým,3552
zamíří,7682
návštěvnosti,7656
převratné,7683
dostavbu,7684
lékařského,3217
trefí,3787
investicemi,5399
vypraví,1670
předělat,7685
hradí,7686
složením,7687
can,7688
would,7689
brát,5405
přístavu,6626
sexuálního,3630
zajatce,4427
umocňuje,7690
komunistické,609
vodičem,3663
nesprávným,7691
jubileum,7692
cover,7693
studující,2034
mostě,6433
žadatelé,796
sedláci,847
přel,7694
konkrétní,4419
klidem,7695
spojen,5665
jenže,7696
současníků,7697
kávou,7698
přestoupil,7699
správnosti,6292
americké,261
případě,1952
zvláštních,7487
rockovou,739
pomáhat,2512
mistrovských,2915
akrylát,7700
trojrozměrné,7701
podávaný,7702
plánem,1922
ležel,7703
namalovat,3641
nejste,2244
neobvyklých,4751
okupovaných,7704
přijetím,7705
spolupracovat,1080
proslula,7706
cenzuře,2872
dopadajícího,4342
novelou,2805
zirkon,7707
svatby,4637
patnáctý,7708
favority,7709
zapnutou,7710
výstižné,1958
redakčních,7359
experimentování,7711
zapadl,7712
prvků,2339
nemluví,1651
asistentky,380
zadařilo,7713
vývojové,1076
distribučním,2114
záležitostech,7714
devátou,5790
třídit,7715
kulinářské,7716
potvrdila,836
rybníček,7717
chystáte,1498
poznává,7718
příští,7719
catering,7720
francouzského,428
zkusí,3702
příjemcem,3540
malbě,4681
juniorských,3398
obnos,7721
editoru,349
fotografiemi,4337
přehrad,7722
cyklech,2024
krutě,7723
vodotiskem,7724
potkali,5762
honí,7725
běžný,7726
handicap,7727
převzít,1642
pár,7728
kvalifikačního,7560
hruška,7729
bohoslužbu,7730
odvety,7731
spojnici,7732
pád,6814
těží,6955
lehkost,7733
besed,2243
podmínkách,3827
víc,7734
akumulátory,1508
ostrovů,3684
vyčnívá,7735
hlav,4448
historiografie,7736
spoluhráče,803
rozměrů,7737
dvojnictví,7738
převozu,7739
hrůzu,7740
počká,2843
vyrábíme,7201
zapůsobí,7741
řadovým,2027
podkroví,7742
účinek,7743
hodnotil,7744
uvěřit,5765
adrenalinové,7745
vodovodu,5537
vesmírem,7345
jiné,1327
skladbách,3931
zaplatit,3059
potkalo,5762
chlupatý,7746
slabiny,7747
keramický,7748
válečníků,668
pauze,7666
snowboardu,7749
přechodný,7750
záhada,7751
současností,3143
ubytováníubytování,7752
trakt,7753
fasádní,7754
jedenáct,7755
mohli,1998
garážových,7756
vydržím,6340
přehnané,7757
speciál,7758
vítězkou,2356
nepřijde,2674
škola,4433
neradi,1052
sultánem,983
převzatý,7759
státech,1941
zrcadlem,7760
pronajímatele,865
milníky,2437
pronásledoval,7761
hospodaří,7762
sestavili,2405
výkladem,5131
debatu,6465
sýrem,4333
třináctého,5560
stojánek,7763
drobní,2906
muži,262
školských,1206
vzdělané,1173
natolik,7764
jakými,2815
silného,1891
problematikou,7765
připomínal,3292
neztratil,7766
schválili,1196
zdržení,7767
dočkalo,2272
horizontálních,7768
svržen,7769
úvah,4406
esejů,3998
zprovozněn,7770
neúspěšných,762
setkáním,7771
konsorcium,7772
srandu,5322
ráda,1052
podržte,7773
čtveřice,7774
azyl,7775
slabší,3504
koupil,7776
přemístil,7777
metalová,7778
dokazují,2489
úhlů,5745
manipulativní,7779
německého,693
atribut,7780
přijímacích,7781
gramatických,7782
veze,5932
koncentrační,3655
potřebný,7783
horníci,1095
několikáté,7784
zaměstnankyně,7785
certifikacích,7786
mučedníka,1137
vážnost,7787
nestálo,1941
vydařené,7788
vpravdě,7789
přehrávačů,2248
rezervačních,7790
tester,7791
archivů,2439
gramatiku,6907
holící,7792
melodií,3437
ekvivalent,7793
izolačních,7794
nechtěla,1129
pochopení,2889
vyrábí,7201
nesmrtelné,7795
sloves,4042
romantiky,4701
rozměrům,7737
experta,524
začínajících,1902
otevřením,7796
povoluje,7797
dodavatele,498
nástroj,7798
negativních,7799
navic,7800
představám,1649
výhra,7801
technologického,1302
investiční,4775
jistější,1019
míň,4837
motýl,7802
významy,5654
komunistickému,609
hasičů,866
dovolte,1887
wrongly,7803
koupený,7804
zřizovatele,458
dodáme,7805
železničního,4519
usmívat,1720
působiště,7806
jin,7807
spojovacího,6488
zákroků,7808
modelech,2668
výsledků,2390
utopie,7809
soutěžního,4207
zmíněných,1264
pětice,7810
elementárních,7811
hřbitov,6714
verších,3391
zajištěním,7812
nesmrtelnosti,7813
narychlo,7814
katedra,3094
kantáta,7815
myšlenek,1065
navrhovali,1421
malířství,7816
rozhodnu,985
vibrátor,7817
spádu,1661
auditů,7818
potížím,7819
mistryně,171
líbily,1991
ráje,7820
rozhovory,1455
otcovy,7821
souběžně,7822
zprostředkovateli,708
zakončí,6965
mírových,2629
důrazně,7823
projevit,1703
infoboxů,7824
ruční,7825
koupelen,3004
dokumentům,339
telefon,7826
realitce,7827
umírajícího,4469
napoleonských,7828
hrdost,7829
tuner,7830
generace,7831
možnému,5577
dějinám,2051
rodina,6567
nečekali,2228
efektně,7832
větou,4851
filozofickou,3039
polštiny,7833
místostarostka,7834
působíme,1236
provázela,1606
něho,2360
designových,2530
řešený,7835
odklon,7836
večeru,2031
figurín,7837
lehkostí,7733
strážníky,580
trojice,7838
hlasovat,3500
důsledcích,2525
chobotnice,7839
souřadnicích,7840
vlivného,1209
zákonných,1829
lvy,928
zoom,7841
tvůj,7842
údělu,3543
významnosti,7843
prvotního,5536
ruským,381
zhasne,7844
omezeními,7845
oplocený,7846
legendami,1341
prohřešek,7847
sběrných,3374
dostavby,7684
vysokoškoláků,7848
návštěvníkům,1330
ponorka,7849
zlatý,7850
národnost,4652
najemno,7851
modelů,2668
pachatele,848
očekávání,5998
přinutí,6603
řídký,7852
opozicí,4474
dodavatelských,5574
předního,3703
fází,4664
zapadá,7853
sezóna,5298
pověsti,2798
národu,1213
zoologie,7854
definovat,1920
symbol,7855
německých,693
vědecké,1055
skóroval,7856
předvečer,7857
didaktika,7858
gravitační,7859
nás,6374
kanálem,3206
uznávaných,283
zachycující,7860
soustředí,3951
pěstuje,4867
dění,7861
tak,7862
uznán,7863
spouště,7864
podmínkám,3827
lovem,7307
sportovního,7865
přistěhovalce,3855
vysvětlila,558
elegancí,7866
přenechal,7867
hlavními,1389
polárních,5551
uznali,1541
kompenzaci,7868
krizových,1517
absolv,7869
zasažen,7870
vojsky,7871
nařčení,7872
poziční,7873
zázemí,5130
domluví,2542
rajčata,7874
oprávněné,2914
dostaví,7875
zveřejnit,1504
teologické,6109
zaoblený,7876
momentu,1039
energetického,3645
křesťanstvím,7877
financích,1615
korzetu,6164
ponechává,7878
polovinu,7879
balada,4065
motorických,7880
nápovědu,7881
rozloučí,3311
pochybnost,7882
vojákům,200
předběhne,3991
pochybností,7882
označován,5376
naskladňujeme,7883
kritizovali,1582
osvědčeného,1420
úsudku,5675
nepřesnosti,7564
humanismus,7884
středoškolských,277
klobouček,7885
akreditační,7886
inženýry,115
událostí,6542
zápasí,7887
natáhl,6342
kladenské,5972
národního,7888
firmy,2727
amatérská,178
cizinci,790
multimédiím,7889
deprivace,7890
přízvisko,7891
zapomínat,3771
reálie,7892
zubaře,661
malin,7893
sáčků,7894
pivo,7895
nechybí,4220
půlrok,7896
sdělování,1535
divokou,5402
vzešel,6796
vstupné,6421
zastupovat,6073
chválí,2312
zlomil,7897
žlučník,7898
slánského,7899
limitů,7900
balkóně,7901
volební,7902
hosty,997
pilový,7903
podpořen,4081
vykoupil,7904
předloženého,5115
prožívají,2481
nejednou,7905
temnot,4842
slunečník,7906
hořkou,4831
zásad,2952
suchý,7907
publikovaný,7908
pouto,7909
náhod,3021
používající,7910
vozítko,7911
gólu,2603
doklad,7912
pravoslavná,1519
heřmánek,7913
nesporně,7914
obléct,3043
abdikoval,7915
vodotěsný,7916
všeho,7917
nejnověji,7918
remízou,6014
odjíždějí,6372
nedožitých,7919
světlo,5123
soubory,1063
přeložila,1227
výrobního,5414
turbín,7920
vám,7065
zřejmý,7084
rytmem,3353
cílený,7921
vraždit,2427
základního,5517
kritérií,7922
filosofa,7923
loučí,7924
zazpívat,1755
vyznamenání,7925
příznivce,764
veterána,331
necháme,1822
konfrontaci,7926
první,5133
sezona,4809
konzultovat,7927
indikátor,7928
jaké,2815
přihlášen,2895
holčičku,3835
sní,5330
hitparádách,7929
posuv,7930
plzeňská,838
teenagery,7931
zkouškami,3617
faktory,1462
stvořili,1188
elektrody,7932
poznámkami,7933
výkresu,3176
impéria,6487
obohacuje,7934
komplikacemi,3797
čtyřiceti,5433
promítlo,1901
obsahy,5901
nastavený,7935
neobjeví,7936
určíme,1622
žárlí,7937
lékaře,183
teleskop,7938
poptávaný,7939
nepředvídatelné,7940
pohne,7941
významově,7942
rodící,7943
atomových,7944
tvarů,4644
vizualizaci,7945
nevhodný,5816
zadaných,2657
věrohodných,1543
vyrobek,7946
slunné,3567
vychutnejte,7947
soudních,4512
zvykat,7948
sbírá,4348
megapixelů,7949
nepochopila,2204
pudink,7950
učebnic,7951
restaurací,7476
fór,7952
rýsuje,7953
brankou,7954
třináct,7955
rodinných,3453
obráncem,784
přírůstek,7956
usilující,7957
pozorností,7958
křenem,7959
bonus,7960
nastat,6408
historickými,1593
prochází,5097
mezinárodních,7961
montážního,5180
pobřeží,7962
masem,7963
nevešel,7964
děláte,1466
oceánů,7965
kdoví,7966
jevu,4076
vtipy,771
používal,7967
předkládám,1871
vstřebat,7505
příjmeními,6140
dálnice,2876
plánován,1633
kráva,7968
rádií,5999
setkali,3053
usadí,3058
mně,6374
nacistickým,1069
poměrech,4285
bratislavského,7969
spočívá,7465
úsecích,3384
figurky,5066
mechanizmus,7970
vydržet,6340
dokončí,1877
historickém,1593
parfémová,7971
nejkrásnějších,6744
zato,7972
ozve,3208
vyučovacího,6428
člověče,377
celosvětový,7973
nasypeme,7974
matkám,2100
panovníci,7975
vybudováním,7976
dosáhl,7977
zmiňován,4655
hrajete,1393
stalo,1941
menších,2879
maminky,1388
kamion,5046
nadace,7978
vápenec,7979
problému,2175
ukázali,1984
audio,6646
orloj,7980
opačným,4315
autokoberce,7981
kempů,7982
zřícení,7983
celoživotní,7984
devátým,5790
zjišťujeme,4457
důsledkům,2525
rozdíl,5744
životní,3770
největšího,5075
sežene,2788
zapojením,5117
škrob,7985
možná,7986
překvapená,1183
hotového,1424
vodovodních,7987
podmiňuje,7988
nečekaných,3565
pobřežních,7989
kohout,7990
hnus,7991
soustrast,7992
reprezentující,7993
dynamiku,7994
webových,1654
počátkem,3969
existencí,7995
nudlemi,7996
krycí,7997
získáváme,6947
podali,1624
děsivě,7998
designovým,2530
slepičí,7999
esperanta,8000
vězte,8001
voda,7500
vzdělává,8002
mandát,8003
konající,8004
studuje,2034
bílků,3119
nenapadá,8005
jihokorejském,371
tematiku,8006
lidstvo,8007
user,8008
níže,8009
chudí,2324
vypsání,8010
uchazečem,976
ubytováním,8011
střílel,8012
chránil,8013
naváže,8014
dětství,8015
rodičů,529
princezen,3473
jsme,2244
stéká,8016
proslavila,719
snažili,2023
thesis,8017
přitažlivá,1250
jidiš,8018
trpělivost,7078
srub,8019
soucitu,3468
příjemného,2700
výstupech,8020
pokojů,8021
veliký,8022
přídavného,3134
přát,1626
nahraný,8023
dospělí,1003
relaxačních,8024
všímat,2782
přijít,2674
nedisponuje,8025
surovinou,4304
redaktorská,8026
vyprávěli,606
konkurentů,1620
misí,8027
přirovnal,8028
okouzlit,8029
naučíme,2462
dobrodružstvích,8030
dospět,1847
kožich,8031
zamlouvá,8032
specializoval,8033
svazu,1516
seberealizace,8034
nepochybně,8035
platpřed,8036
trhů,2352
provizorní,6312
reformou,3824
dorůstající,8037
kadeřnici,8038
opereta,1467
akát,8039
hlen,8040
kosatec,8041
zjeví,5408
imaginace,8042
odpovědným,1409
odvíjí,8043
přesídlení,8044
úspěchy,2824
chladič,8045
univerzitní,7321
nespavosti,8046
mluvící,8047
subjektivitou,8048
setkáních,7771
extrém,8049
architekturu,4071
zamířil,7682
improvizované,8050
kurz,8051
volba,3888
konzumací,8052
vliv,4450
kladná,6315
zahrají,8053
zasvěcení,3713
vedoucích,711
poučit,1323
přestávce,3634
tepelný,8054
líp,8055
prožívání,2481
pořízený,6858
klienti,767
líbila,1991
bytových,4417
oplátku,8056
odvádí,8057
podvozek,8058
nevyhrál,3559
bezdrát,8059
kytarových,2071
ryzí,8060
vyjádřili,979
mozkovou,8061
nezabývá,2386
rušivé,8062
zaostření,8063
bolestivý,8064
nepřestal,8065
rozlišovače,8066
drby,8067
rightarrow,8068
fyzického,3515
mal,8069
holky,3475
pop,4168
nenechá,1822
spolufinancován,8070
přeložky,8071
realitní,6333
obtížné,8072
zajímavost,8073
rotor,8074
podílejí,1000
materiálových,8075
žaludečních,8076
pátek,8077
ostrůvek,8078
příštího,7719
výprodejizboží,8079
study,8080
převoz,7739
hvězdná,517
plynovodů,4562
šampón,8081
rysech,3132
údajným,1097
zaměřující,8082
nabyl,8083
ministry,78
čistírny,8084
prorazit,1862
nakladatele,150
předepsaný,8085
finančně,8086
úzkostí,8087
knihou,4503
zavraždění,8088
posune,4363
ženské,6671
omluvu,8089
ministrů,78
odehrávat,3732
dorůstá,8090
hází,5892
several,8091
nadarmo,8092
dlouholetých,304
nedlouho,6242
nehledě,8093
nejpopulárnější,3608
zdůvodnit,1061
mužské,812
dceřiná,8094
plavkách,8095
kompromisy,5822
lidství,8096
ostatků,8097
bratrovi,332
spolufinancování,8098
tihle,1113
stínem,3836
optimismu,1857
svého,4364
vizualizace,8099
schopno,637
československé,758
tady,8100
ptát,2905
hned,8101
proběhlýchvyber,8102
expertem,8103
výjimečná,1305
pastýři,1579
pozoruje,5073
nenásilnou,4050
migrační,8104
prázdninový,8105
výstup,8020
řadu,7366
slušelo,8106
hranou,8107
grafická,1124
vstupů,6002
vyhlásí,2772
volit,2515
vanilkový,8108
vlijeme,8109
titulech,2538
dopad,5647
stresovat,8110
rozmanitých,4992
nevznikl,3710
obřadů,2848
přibližný,8111
zemědělcům,1191
prarodičích,8112
vanou,8113
mezitím,8114
prožíváme,2481
žalobě,8115
dívám,2308
postarat,1251
usídlil,8116
úzkost,8087
reformě,3824
zvyklostí,6024
komunálním,3254
články,2769
alpha,8117
reflektovat,8118
vlastností,8119
sporák,8120
pustím,1629
odhadnout,4435
fakultu,4830
zadáno,2660
graffiti,8121
strojky,8122
vyřazený,8123
výrazů,1554
navržení,5293
lázních,8124
textem,1481
invalidní,7657
panáci,8125
pracovníků,323
poválečném,1157
vysočině,8126
nosné,1082
konzervační,8127
recese,8128
opačně,8129
prvotřídních,7494
dobytek,8130
krytina,8131
oblastních,8132
ocelových,4049
elektrárně,5641
zabíjí,8133
litevské,571
vojákem,200
majitelů,441
smyčku,8134
jihoamerických,8135
rakouská,743
ovlivněná,3380
popisných,8136
radši,1052
jíte,8137
ruka,8138
operátora,652
léčil,8139
referendu,4398
klimatických,8140
tajemstvím,8141
literatura,4904
několik,8142
vařící,8143
parfémy,2086
poslušný,8144
náročným,1749
logistika,8145
zrakem,6483
zastávám,8146
polystyren,8147
původně,8148
diskutuje,3122
val,8149
bytí,8150
vybuduje,3093
přesně,8151
městských,4031
encyklopedický,8152
hmotný,8153
úsekem,3384
nehnutelnosti,8154
zradil,8155
volíme,2515
okrajových,8156
trolejbusů,8157
zabral,7269
exponátů,3597
počkám,2843
kalibru,8158
komplikovaná,1947
transformátor,8159
bankomatu,8160
truhláře,404
mystické,8161
slávy,6103
torpédoborec,8162
spekulovat,8163
zábradlí,8164
akademie,8165
stíhacím,8166
dochovaný,8167
zhroutil,8168
přitažlivosti,8169
duchu,1849
měřený,8170
oprávněnou,2914
jistou,1019
etické,2355
zaplatilo,3059
sójová,1058
zásadách,2952
pokrájíme,8171
chytal,8172
strávíte,2211
delegáty,1021
projevili,1703
hlasoval,3500
debatě,6465
medvídka,8173
nesl,5677
peklem,8174
náhradníka,2044
mužskou,812
institucionálních,8175
upevnil,8176
kruté,1400
hnětení,8177
františkánů,8178
moderovala,1149
nechtělo,1129
nastávají,8179
hodnotit,7744
blog,8180
ozvláštnit,8181
nezúčastnil,8182
věcí,7282
obálky,6194
zkouškou,3617
dohodneme,3363
specializací,8183
opoždění,8184
neúmyslně,8185
sluchátkový,8186
novin,6186
soudobého,2904
fyzikou,7211
sucking,8187
koncilu,8188
horké,2167
hledáme,4210
zodpovědností,4276
nadával,8189
zažila,1635
velitele,495
radnici,7097
elementy,1730
doktorovi,8190
ropy,8191
přesahy,8192
zmírnil,8193
fiktivního,5684
sebou,6676
indiánských,7075
veverka,8194
deformací,6219
kanalizací,6839
premiérovi,25
dohodnout,3363
tucet,8195
zasadit,1544
vidno,8196
účesů,8197
instituce,6101
charakteristické,2333
neklidné,5757
píchnout,8198
kritických,1923
svobodou,5685
rizikových,5909
arcivévodkyně,8199
mírný,8200
soupeřů,1272
soška,8201
překladatelské,8202
sklony,8203
posloupnosti,8204
vlastními,4680
čištěním,8205
hrdí,1369
following,8206
postupech,3724
velkoform,8207
nárazem,8208
nestíhá,8209
obtížných,8072
pohybujeme,5556
rybník,7717
hráče,316
záznamech,2108
akvizici,8210
palestinských,5017
čka,8211
obětovat,7057
chytrým,2106
spolkový,8212
psychiku,8213
veřejností,8214
pravěkého,8215
ubytován,8216
negativů,1863
tradici,5400
nedovoluje,4466
zpracováváme,3159
kartáčovaný,8217
sebevražedné,2234
manželských,691
viceprezidenta,1014
automobilovém,1363
výpadkem,7350
reklamační,8218
promo,8219
protiústavní,8220
závažnější,5316
morálního,5202
kvalitativní,4935
slavnostních,3305
analyzátor,8221
studii,2030
známi,292
kreslit,1935
malbami,4681
hypotéku,7557
videím,2072
vystačí,8222
which,8223
zadali,8224
kresbě,3251
veškerý,7318
sexuality,8225
povím,1208
nezačne,3030
cukr,8226
fyziků,110
stream,8227
nečekaného,3565
art,8228
ubodal,8229
automobilového,1363
trojicí,7838
sesadil,8230
interaktivním,6435
anketě,8231
servírky,3108
hvězdičkou,4821
pít,3685
útulek,8232
pekaři,682
večeří,8233
vtáhne,8234
mostů,6433
panem,123
nejúžasnější,3248
svěřen,319
správního,2954
mentálně,8235
hokejové,969
úkolů,4068
nenávidí,8236
budoucího,4029
výzkumným,957
výčepní,8237
zasáhne,6128
neposlední,8238
zkoumané,3894
prece,8239
výkladů,5131
postupujících,5738
určený,8240
fromulář,8241
nesetkal,3053
nizozemská,597
vychytávek,8242
měnové,2493
oslaví,3615
krumpolce,8243
vystoupit,1756
odbytu,8244
břišní,8245
knížkách,4719
nominovala,1425
konflikty,2401
sedadlech,8246
legislativním,5947
neopakovatelnou,3994
stíhá,8247
organizmus,8248
nemožné,5577
kapacit,6800
zásady,2952
stavbu,6231
špetku,8249
finálového,2909
klasikou,8250
uvádělo,2138
pamatuju,4005
hloupě,8251
plotů,8252
váleček,8253
lítost,8254
telekomunikacích,8255
vycestovat,8256
zmizel,8257
hladoví,1985
zprvu,8258
hydroizolace,8259
skleněných,4096
úprav,7113
prvovýstup,8260
dotyčná,1059
zohledňovat,5003
slot,8261
kasační,8262
sesuvy,8263
pohlavních,8264
obžalovaní,909
objednaný,8265
nezůstal,7272
ste,2244
vším,8266
říjen,8267
aerolinií,8268
skanzen,8269
should,8270
hospodyně,8271
souvislostech,8272
nejnáročnější,1749
patronát,8273
hůlku,8274
panen,5090
riskovat,4967
nejtěžší,5858
současné,923
hrůza,7740
zapamatovat,8275
naplňují,3169
subjekty,534
opakuji,1681
vstoupit,3474
zoomem,8276
domovů,8277
lepek,8278
hypotéza,2191
punkové,8279
nadrobno,8280
nepamatuji,4005
nízkoenergetických,8281
zván,4782
uzávěrka,8282
střechy,6191
maliny,7893
draftován,8283
jenom,8284
nabírá,8285
krveprolití,8286
ministerstvem,1809
umučení,8287
lineárních,6278
texty,1481
kompenzačních,8288
zaváděním,8289
zjistilo,3606
syrská,1486
testováním,8290
víkend,8291
krále,222
výrobcům,1242
lolitka,8292
nůžkami,8293
třicet,8294
těžké,5858
žalobu,8115
marketing,8295
opus,8296
zápory,8297
ocenila,1812
závažným,5316
olympijském,936
řeznictví,8298
slyší,5104
zúčastněnými,4217
potížemi,7819
nepřipadá,2999
pobřežím,7962
výpovědi,7635
cenových,3822
dozajista,8299
převod,8300
vyučovat,2499
vloni,4925
zavedlo,3047
existující,8301
proměnil,3359
sdělovat,464
důležitých,2498
znova,8302
obuvníci,1575
transplantací,7155
nejčerstvější,904
pracuju,1285
komiksy,1087
narukoval,8303
pozoruhodnou,1693
poznamenaly,632
křičí,8304
obličej,8305
kontextu,2430
kvásek,8306
nanášet,7107
stand,8307
kvalitě,1992
režimech,3152
neziskovými,805
autorádií,8308
argentinské,578
výrobců,1242
ropucha,8309
elektrotechnických,2331
přiložen,6520
níž,2040
nemuseli,1107
hodlají,1479
přítelkyni,3497
oborech,4720
tomto,1656
odpočinout,8310
uvítali,2230
reputaci,8311
zvládneme,1981
mytologii,5251
nevýhodu,8312
alternativním,3906
bezbarierový,8313
písni,2135
záhadu,7751
vychováván,8314
hoši,2764
komunismu,3632
mouku,6732
největší,5075
apoštola,8315
pořídí,8316
vteřinách,4527
xenofobie,8317
moderního,7104
uhlík,8318
pobídky,3076
přemýšlejí,1986
kvarteta,3467
pstruh,8319
alkoholických,2305
malinký,8320
zazněl,4361
pozvolným,8321
prostým,2860
strom,8322
hrdinské,8323
ligy,8324
perspektivy,5840
bývalá,279
převážná,5208
pilotním,2595
analysis,8325
bolestech,8326
kapacitě,6800
vyústilo,8327
zrychlený,8328
nevědomky,8329
fejetony,8330
mjr,2080
strávení,8331
užitný,8332
starostí,4919
farmářských,8333
zákonodárců,611
dárkový,8334
nasvědčuje,8335
stadionu,5214
nekonečného,8336
objevu,1254
dík,8337
vtáhnout,8338
představující,8339
nečekejte,8340
úřadů,1971
neprošel,4577
televizorů,4933
domorodců,8341
boduje,8342
zbudování,8343
bibliografické,5369
nejedná,3698
nutnost,8344
batoh,8345
nepracuje,1285
nevýhody,8312
prostorech,4843
nebe,7023
advokáti,180
biologických,2862
pečlivě,8346
vědeckých,1055
hnutím,8347
radě,2992
ponorku,7849
nákladů,8348
vzdělávacím,1799
kvalifikován,4591
přilákal,8349
slabších,3504
vymřel,8350
zvyklí,1968
správně,8351
probudil,8352
schopné,637
homosexualitě,3954
zápasech,4739
probere,8353
chlapecké,2765
sloganem,1687
příhoda,8354
designu,2637
autorit,5363
substrát,8355
brousí,8356
procházející,8357
věřitelů,820
buben,8358
grandmother,8359
nevěry,7554
vrazil,8360
učitelkami,852
věty,4851
dominoval,8361
vybudování,7976
konzervativci,6877
nebaví,925
schválně,8362
zářivý,8363
řepa,8364
stahuje,8365
ustanovit,8366
hostům,997
prokázali,2162
budoucností,8367
rozdělujeme,6468
básničku,8368
vyplněním,2701
strategická,2136
procesorem,1336
samosprávného,5033
bývalým,279
stane,1941
směřoval,8369
operátorovi,8370
konvertoval,8371
blbce,1520
uzpůsoben,8372
odměnil,4930
skenery,8373
provázejí,1606
přivydělat,8374
tuzemskou,1215
stoupenci,7672
orgánech,1261
manželů,146
důvěru,6894
úvaha,4406
nadaného,436
manželov,8375
grateful,8376
nesměli,1316
britskému,297
realizovala,828
cibule,5847
stadiónu,8377
úterního,8378
ostravské,706
kategoriemomentálně,8379
výrobcem,1242
prezentovat,1806
třetiny,3209
rozborů,2693
pracujeme,1285
politiky,7525
naplní,1818
postupy,3724
brunette,8380
republika,8381
nosným,1082
profesionálům,448
výpověď,7635
necelý,3194
admin,8382
hrával,8383
obálku,6194
uděláno,1689
prázdninami,3460
manažery,137
právnická,4154
bojovníky,823
nemusim,8384
ničem,8385
hosting,8386
živého,2564
zdaru,8387
osazenstvo,8388
výstavě,2359
want,8389
kapelách,1682
zkušenou,102
reagovali,1275
úkryt,8390
pravicových,684
poslancům,187
plážový,8391
přejmenoval,8392
svátků,4453
insolvenční,8393
javascript,8394
balkonů,8395
tvořit,1581
akceptovat,8396
trpět,2373
obalíme,8397
vzdělávat,8398
věnuje,4589
slaví,2466
vata,8399
zoufalství,8400
obráběcích,8401
zázvorem,2890
reprezentačních,3160
reformách,3824
mozková,8061
přisuzuje,8402
splatit,8403
odhadovat,6864
doraz,3938
jen,8404
jízdních,8405
způsobili,1299
unavená,822
vyřešili,2353
zneužil,8406
padl,8407
většinou,5674
úzkosti,8087
skrytými,5963
kokain,8408
zlí,1221
staří,1982
ještě,8409
živých,2564
maloobchod,8410
investovat,4733
rozpouštědlo,8411
diabetes,8412
úplný,8413
lhůtu,8414
komponent,8415
hodnotíme,7744
koordinační,8416
dědou,8417
maminku,1388
postavíme,2617
následovat,4736
mlhoviny,8418
kubánské,896
vleků,8419
určitě,8420
plánovací,8421
věkových,8422
inovacemi,8423
odpůrcem,8424
kanonického,8425
syntezátory,8426
potvrzující,8427
podstatných,4500
účastníkům,527
antivirový,8428
sovětském,516
dálnicích,2876
vyroben,1778
kalendář,8429
spravnom,8430
jiných,1327
dopadl,4202
polévka,8431
někter,8432
diplomových,6892
nedrží,6363
střižené,8433
univerzitního,7321
neudáno,8434
aquaparku,7638
odhalování,8435
běloruské,1340
nalijte,8436
krásnému,6744
laskavě,8437
banální,8438
analog,8439
dojíždí,8440
jednoduše,8441
možnost,6145
silnicích,6369
znečištěním,8442
příslušnství,8443
borci,522
princezně,3473
všichni,7917
nepovede,8444
pozvání,8445
špatně,4230
zasvěcen,6524
share,8446
schopného,637
atraktivnější,8447
nejlevnějšíhood,8448
zrodila,2803
nevím,1267
děti,5649
nejoblíbenější,1503
krátko,8449
trendech,4525
víkendový,8450
skládačka,8451
argumentují,1836
vznik,7665
skladba,3931
svěží,8452
únavou,8453
znak,8454
ozdobený,8455
kamarádkou,3367
slzami,3910
kým,3301
mrazivé,8456
vystavěný,2418
tradičního,3975
zvoleného,1164
termínech,2593
obrovský,8457
průzkumu,3350
vzrušující,8458
opačné,4315
ukryl,5152
spadl,8459
slečno,6980
zmocnit,4558
záležitost,7714
vládne,4283
úspěchům,2824
socialistického,1362
neúspěšné,762
bába,8460
přinucen,6603
slad,8461
nasekané,5170
ovlivňuje,8462
všedních,5558
svaté,1037
gestapem,8463
svatbě,4637
nedůvěru,8464
account,8465
cizincem,790
záporných,3919
brutálním,5754
fotili,2155
pasáží,5949
ptáčka,3020
halogen,8466
atraktivního,8447
činností,8467
šestého,5056
teče,8468
přívozu,8469
termálních,8470
mimino,8471
průtahů,8472
rtg,8473
autorizovaných,1132
tradicí,5400
netrvá,5344
připravují,1456
vírou,8474
motivující,8475
diskutují,3122
průzkumem,3350
autodílů,8476
výhrou,7801
spolupráci,3626
upozornili,633
poradců,716
výslech,8477
konvenčních,2566
nácviku,8478
profesionálnímu,2709
zájmen,8479
vydělávají,2107
kvót,8480
výkonného,539
smrtelný,8481
pohnout,7941
zhoubných,6661
specializující,8482
elektroinstalační,8483
radím,2844
pamětihodností,8484
naplňování,8485
structure,8486
ani,8487
vývaru,3302
brýlí,3414
uvědomují,1468
iluzí,3968
počítejte,1549
prosím,8488
slzotvorné,8489
next,8490
portfoliu,8491
nacistickém,1069
zeptat,2762
opičí,8492
válkou,5568
dodáváme,8493
vyloučen,8494
oslavuje,8495
zastřelí,8496
úřadu,1971
vyučují,8497
kožní,6407
vodovodního,7987
asijského,1980
vůbec,8498
vystoupili,1756
radovánek,8499
dočasná,2619
takže,8500
idejí,2866
objektivů,1865
pětadvacet,8501
podomítková,8502
obývací,3040
romance,8503
mozaiky,3429
zdravotním,5813
dívenka,8504
popovídat,8505
komando,8506
zprostředkuje,8507
fagot,8508
přiletí,4723
akreditovaného,8509
dceři,2743
věřícím,1671
začínáme,2299
chcem,8510
uvědomíte,1300
vařením,8511
kinetické,8512
kaši,8513
juniorského,3398
kanadským,398
volí,2515
vítáme,4773
homosexuality,3954
státům,1941
tahy,4972
volebních,7902
bere,5405
podnikatelským,1292
cannot,8514
způsobu,1873
část,5740
skleník,8515
baterií,8516
česnekem,3562
střídají,3902
podřízeným,4648
počítali,1549
alkoholismu,8517
přestávky,3634
němu,2360
obhajobu,8518
soudním,4512
rukopisů,1716
extrému,8519
odkládá,8520
dovolili,1887
pořád,8521
krátkodobý,6470
zvládnout,1981
splachovací,8522
financování,5486
mrakodrapu,8523
parkovacího,8524
stínící,8525
kandidatura,2796
kondom,8526
rodného,5532
dýchejte,8527
seminář,6987
neznámí,8528
výchozích,4765
nejrůznějších,6244
rozloučit,3311
oznámit,871
zděný,8529
nesnáším,4896
svou,4364
surovinami,4304
poločasu,8530
magazínu,4244
výrobě,6575
atomové,7944
nepravděpodobné,3313
rostlina,8531
zákonem,1198
řezivo,8532
nám,6374
dýchací,8533
kvalifikačních,7560
klíčovou,966
ostrova,3684
spermie,8534
záštitu,8535
divného,2899
téma,2471
komisaři,593
nastínit,1068
údajov,8536
klíšťové,8537
fajn,8538
triumf,8539
editovat,4941
kinobox,8540
pramenů,5299
obnovitelných,8541
marketingovou,710
trasa,6012
dotklo,3358
dvanáct,8542
doporučit,2770
zadních,8543
překládat,1227
uložit,3344
komparativní,8544
vypadal,5881
ventil,8545
testovacích,8546
zařizování,8547
interiérové,8548
linie,8549
pokusit,2098
venkovních,8550
naslouchá,8551
irských,1217
přenášet,6152
kazety,8552
neděli,8553
hattrick,8554
typem,5776
rukama,8138
umožnilo,4033
nastává,8179
matriční,8555
tchýně,8556
sekretářem,1592
vlastního,4680
zbrojní,8557
sháním,2670
tématech,2471
přístřešek,8558
skandinávských,4367
rehabilitačního,8559
hracích,8560
nevlastní,4680
podavače,8561
významech,5654
ukazující,8562
nezáleží,6395
dočasným,2619
ovladatelný,8563
kopr,8564
říjnu,8267
žádá,4015
krytin,8565
coming,8566
pochlubit,1732
trávili,3989
přednášku,8567
neexistoval,6867
institutu,2426
křižovatek,6841
děláme,1466
pomáhá,2512
restaurátorské,8568
připadala,2999
tempo,8569
udělování,8570
kalifornského,8571
kvůli,8572
nemocnic,8573
kvartál,8574
laděný,8575
sestaví,2405
obousměrný,8576
pohonem,6146
vyvolá,2404
tón,8577
omluvit,2867
přesilové,8578
zvláště,8579
zpravodajská,1169
nepochází,3740
chlazený,8580
vitamin,8581
krásami,6786
správních,2954
dálkových,8582
japonská,642
migrantů,8583
přebytek,8584
cenzury,2872
čestným,1416
nadšených,655
střelecký,8585
dáváme,8586
dobyl,8587
ukradený,8588
sledující,8589
kytarové,2071
plánují,1282
pikantní,8590
přidáváme,7150
konzulátu,4495
předkládáme,1871
vál,8591
podmínkou,3827
připomínky,4430
portál,8592
navijáky,3249
dotčené,2910
dané,3390
časově,8593
rozsudek,8594
novinkami,1939
myšlení,5157
sexualitu,8595
nepřímý,8596
vyslechne,3557
fosfor,8597
umělých,4787
rozvojová,1344
doktorkou,3610
sice,8598
skvosty,3966
předposlední,8599
elektromotorem,3747
zloději,355
plážích,2269
existujícího,8301
hříchů,3914
volebního,7902
originálně,8600
poradí,1868
mnicha,853
pojišťovací,8601
aplikuje,5314
velmistra,405
významnost,7843
číšníka,626
matter,8602
hodláte,1479
zadržuje,8603
opravami,8604
milovaného,1134
instalovaný,8605
metodám,4165
soudnímu,4512
dynamikou,7994
vítězi,753
dotovat,8606
předpokládají,1924
komerčního,8607
vyřadil,8608
sazbu,8609
loňska,8610
slavnostech,3309
odstrašující,8611
uzavřením,8612
vysvětlující,8613
obou,8614
uplynul,4257
stresem,5567
dospěli,1847
rodokmeň,8615
státníků,388
postiţením,8616
myslivci,948
závěrům,1410
knihy,4503
industriální,8617
zdrojovém,1678
smyslná,7431
užitkových,8618
argumentovat,1836
odlehčení,8619
dozvídáme,8620
báli,2507
konečné,3164
snech,2120
rozdával,8621
průčelí,8622
dominikánského,1934
náročnost,7304
jmenný,8623
netrvalo,5344
tibetských,1259
podíval,8624
uvolňovat,7173
výrazná,1360
amour,8625
opravný,8626
značka,4872
poslouchá,8627
nováčkům,8628
naplánována,3222
dobrého,2419
vědních,8629
upozorňujeme,1719
platíte,3462
obžalobou,3431
obsluha,8630
uzavřený,8631
zajistilo,2781
novostavby,7445
vinného,4275
dopřát,8632
svém,4364
váhání,8633
ideou,2866
čtěte,4109
odvoláním,8634
předá,2935
odplul,8635
obrubník,8636
vadou,8637
přenosy,2986
vládním,4100
čínských,954
nestačilo,5025
rozkvět,8638
světelné,2240
mámu,1706
pořádkem,8639
závažnost,8640
postupně,8641
věšák,8642
přizná,434
přestřelky,8643
osadit,8644
rozdílný,8645
zazní,4361
zasazení,8646
svícen,8647
abstraktní,4373
buďte,2244
konstrukční,5948
radovat,1542
přínosy,3676
gramofony,4912
historické,1593
zvládnuté,8648
téhož,2787
světla,5123
neumím,2703
živila,1995
nuceného,2265
matematických,1889
programového,402
svátku,4453
dobry,8649
obviní,3343
autorově,557
ford,8650
čistič,8651
stěrač,8652
skrývat,2420
kánon,8653
desítkám,8654
konečných,3164
harmoniku,8655
německá,693
zasloužili,1653
terasách,7319
československá,758
inkasuje,8656
akvizic,8210
přirovnává,8657
sbírek,8658
komáři,8659
obkladů,6645
rozvaděč,8660
metropole,1379
mužstvo,6737
přepínač,8661
zbylou,4682
tukových,8662
uherského,2779
olympiád,5875
vyjadřujete,3088
oslovovat,7676
neudělám,1689
splněný,8663
veselo,8664
poprvé,8665
okrasných,8666
jih,8667
rádiu,5999
táhne,8668
vzít,2582
zahrádkáře,8669
formátu,2828
mile,8670
rozhodování,8671
nedobrovolně,5953
kopírovat,5534
prodejcům,1382
sedan,8672
křičel,8304
starobylý,8673
zmíněného,1264
daného,3390
navigační,8674
nevýhodou,8312
kladné,6315
zaměstnavatelem,443
postará,1251
dráhy,5505
hostinec,8675
přesvědčit,1446
zabalit,6613
kořeny,4035
obtížný,8072
stylistické,8676
násilí,4938
milovnice,720
termoprádlo,8677
kempu,3481
školského,1206
dotazník,8678
nevidomé,6283
taktéž,8679
divočina,7647
určit,1622
kopírovací,8680
disponoval,8681
válečné,636
predstavy,8682
grupa,8683
steaky,8684
přestavbou,8685
neuvažuje,1483
předplatitele,8686
neúčastnil,8687
představila,833
ukázat,1984
otevřený,8688
vazbami,8689
levý,8690
letounem,2747
motivu,1727
chloroform,8691
světelným,2240
nesnesitelné,8692
pomáhající,2512
sacího,8693
kvalifikací,8694
vlakových,8695
pedagogická,713
onemocní,2266
správcem,1825
vzduchový,8696
řídících,2592
mladé,174
jedné,1281
formulovat,1439
startem,8697
pochopila,2204
znění,8698
ples,7412
autoritě,5363
úspěchů,2824
papírem,3125
úvodních,4921
pozdějších,4023
katolické,1331
dovezl,6257
uloží,3344
kterými,2116
instalatérské,8699
samotu,6790
finské,563
osolte,3680
bedrech,8700
světských,8701
nejdražší,4382
nabíjecí,8702
jedine,8703
webová,1654
těšíte,1949
úzkých,8704
prožili,1378
alternativu,6009
kulturou,5233
citu,1441
vod,7500
imigranty,2552
kontroluje,5818
významná,1022
jazykovým,1712
folku,6415
vychován,4293
vlohy,8705
zpestřením,8706
senzor,8707
chytří,2106
pachateli,848
výrazu,1554
vášeň,7220
nepůjdu,4153
lásky,4556
pachatelů,848
výživových,8708
žízeň,8709
pohltí,8710
hymna,8711
známých,292
marketingu,8295
označíme,3544
lidským,1365
zajít,3144
přemluvit,8712
žít,4204
strategické,2136
instruktora,8713
nelíbí,1991
pražská,992
složitost,6541
zažili,1635
dokázala,1105
nejlepšímu,5791
dekretem,8714
zrekonstruovat,8715
geologických,3722
debatách,6465
uchází,3478
postojů,2393
pojetím,8716
seskok,8717
kabát,8718
pojem,8719
nejí,4003
nestihli,8720
limonáda,8721
vlasech,8722
upíra,8723
stanoven,8724
slovům,3479
uvažujeme,1483
zásada,2952
poslechnout,8627
entity,8725
sekretariát,8726
metabolických,8727
zveřejnila,1504
vždy,8728
monstrum,8729
výkresové,8730
epizoda,1784
příkrm,8731
izraelská,701
policie,8732
zkoumaných,3894
pláči,4224
oděvu,8733
úspěšná,762
pražského,992
rakouských,743
předsednictvo,6074
udržel,6095
desítkách,8654
iráckých,2900
symbolických,3552
ochotou,8734
zásnubní,8735
pozůstatků,8736
komunikativnost,8737
nadměrný,8738
vícedílných,8739
vdaná,8740
odnímatelný,8741
vysokoškolské,453
spokojenější,1634
jazykem,2981
řemeslných,5876
rétoriky,8742
pouličního,5591
grafiky,4705
slabinou,7747
vykonával,4287
autoritou,5363
kterým,2116
mobiliáře,7534
tankové,4596
kterýho,8743
artiklem,8744
playlist,8745
letecké,1375
neoficiálních,8746
cennější,6053
králů,222
naučná,8747
koloběh,8748
intuice,8749
učit,3640
smějí,1316
formování,8750
převlečení,8751
polykarbonát,8752
soudobou,2904
dokážou,1105
focus,8753
nesprávný,1704
želva,8754
kalhotách,8755
listopad,8756
přestavby,8685
spolehnout,8757
spáchala,1266
dílny,5074
spolupráce,3626
odpolednev,8758
sestupuje,8759
týmovým,1566
mnohokrát,8760
sympatií,8761
maďarským,748
vyvrcholí,6998
kasha,8762
uměle,8763
bonusů,7960
importovat,8764
estetické,2029
domněnku,8765
has,8766
mami,1706
vinařem,8767
zhotovit,245
ojedinělých,3591
využíval,8768
podkrovní,8769
jevů,4076
polským,488
sliby,3581
telekomunikační,8770
autodíly,8771
dvojkou,1833
křesle,8772
hrami,2996
omlouvat,2833
přístupový,8773
odpůrci,3535
masových,7167
národů,1213
netěší,1949
spacák,8774
nabitá,4834
autech,8775
čočky,3978
výstavním,4478
jistém,1019
radostnou,8776
vázaný,8777
technicky,8778
jednokolejná,8779
rozmarýn,8780
manuální,8781
věd,8782
hypoteční,8783
tvarování,8784
důsledkem,2525
saxofon,8785
biskupský,8786
bojového,2956
prodloužil,8787
kamiónu,8788
subjektivně,8789
originálem,2077
vstupují,2267
konverzační,8790
sešli,4833
lůžkových,8791
působišti,8792
nenechali,1822
odtéká,8793
pauzy,7666
tenistů,341
plynulosti,3985
hřbitově,6714
brzkých,8794
vyznačuje,6668
jimiž,2040
letadla,8795
dráhách,5505
reaguje,1275
přivedlo,5475
nákladního,5187
továrna,5828
postupujícím,5738
výrobkem,3637
legitimitu,8796
ideály,7029
jineho,8797
streaming,8798
připadá,2999
znalostí,4900
výstřik,8799
nádherného,8800
italskými,639
nakrájenou,8801
zamícháme,8802
věda,8782
krokodýla,5165
vanilky,8803
květ,8804
elektřiny,8805
fuška,8806
diktatura,6132
doporučí,2770
hýbe,8807
týmových,1566
předpis,8808
úsvitu,8809
autoritu,5363
koutem,3587
filosofické,1370
dotek,8810
vykonávající,4287
zpracované,2306
běženců,8811
elektrikáře,329
vystřídán,2620
bojovníka,823
tradičně,6979
potomka,1450
podnikatelských,1292
letců,891
multiplayer,8812
born,8813
syntetický,8814
přeložen,1227
pokání,8815
řekneme,8816
zahradních,8817
dánským,519
starověk,8818
korejská,526
kandidátku,3234
propojuje,8819
protějšku,445
deformaci,6219
hodnotí,7744
jednak,8820
nespravedlivé,3011
vybraným,975
věděla,1267
přebývá,8821
nejčtenější,8822
pravěkých,8215
vypověděl,8823
krucifix,8824
pobírat,8825
kopii,8826
nepřípustné,8827
obavám,3972
úplněk,8828
výpočtů,8829
onkologických,8830
dudlík,8831
hrajícího,1823
zasáhnout,6128
reflexe,4506
neklade,8832
makat,8833
ukrajinským,695
oblékat,8834
spím,5596
odrážející,8835
soukromého,3808
beznaděje,8836
nejkrásnější,6744
svatebního,8837
obtížemi,8838
deodorant,8839
půdou,7274
chytá,8172
integrál,8840
zanedlouho,8841
těžko,8842
umísťuje,8843
krevních,8844
bychom,2244
starostkou,3450
jihomoravských,8845
vlaků,4117
továrnách,5828
očekávali,2602
uskutečnil,8846
domnívají,1817
vyztužený,8847
uvědomí,1300
polských,488
ovčáka,8848
úroková,6638
krokodýlů,5165
vybrané,975
špičkovými,1096
generály,231
uráží,8849
návštěvou,8850
balkánské,6862
tuší,8851
pozváni,2242
vosk,8852
náročností,7304
předpisů,8808
zachová,4815
literatuře,4904
pohotově,8853
zohledňuje,8854
úvodní,4921
kompaktní,8855
uvedly,395
spěchá,4434
požadovat,2005
klouže,8856
nechat,1822
pořádá,4588
kuchyních,8857
inteligentního,6944
financemi,1615
značky,4872
útocích,8858
nosičích,1641
sálech,2533
ztroskotal,8859
spáchat,1266
vývoji,3060
dává,8586
med,8860
diagnózy,8861
podtrhují,5061
šlehačku,8862
vymezuje,8863
udělen,1955
přístavba,8864
občanském,2337
zastávkách,8865
prvovýroby,8866
zmatená,3320
vydělala,1392
pražských,992
náhodného,4986
blbosti,6704
novelizace,5662
dalšího,8867
polskému,488
operující,8868
madam,8869
psaní,2699
obyvatelů,2583
příchod,8870
uvědomění,8871
slavnosti,3309
vítězném,930
letadlová,8872
garantuje,6560
strojírenské,2249
respekt,6317
registroval,8873
tahač,8874
řeholní,8875
postupného,8876
potomkov,8877
ministerského,686
novostaveb,7445
polednem,8878
faktorem,1462
streamování,8879
olympiádách,5875
uživatelem,672
hotovo,1424
druhé,2037
mluvili,1651
konkrétního,4419
nevidí,1551
podtitulem,3346
vyskytoval,8880
kmenového,759
aktivitami,8881
obdobích,8882
éterické,8883
plány,1922
podpoří,1387
bazilice,8884
tušila,1256
výtěžek,8885
tvarohový,8886
tréninkem,8887
vydělají,1392
soutok,8888
manžela,146
rigorózní,8889
thajská,8890
modelovat,8891
blatník,8892
dešťové,1530
vítězné,930
někom,1445
ohař,8893
konkurzní,8894
sonda,7083
nechte,1822
psychiatrická,4866
auditu,8895
dodá,314
dojede,8896
syntéze,7298
knížete,678
skriptu,8897
veterináři,268
hák,8898
plzeňské,838
neurčitý,8899
skládací,8900
podíleli,1000
bydlet,4303
dospělá,1003
podmínek,3827
španělsky,8901
fandy,8902
testovacího,8903
záchodu,4120
restrukturalizace,8904
panenský,8905
spjatých,1111
tsunami,8906
zažije,1635
obecně,8907
propojením,8908
řidiče,238
odborů,4199
pořizovat,392
analýzu,6598
face,8909
elektronický,8910
přáli,1626
bitevní,3686
utíkal,8911
cenách,2268
šampaňské,8912
patrné,8913
koukal,5357
obrazovky,4336
cestovatelů,4334
hořké,4831
výběrových,7297
návratem,8914
vedení,7035
obtížnější,8072
neslyší,5104
zastupiteli,506
samostatnost,8915
přivezou,2142
úterý,8916
postojích,2393
rozumnější,1890
slunného,3567
sirup,8917
dvůr,8918
zlého,1221
síně,8919
zajistili,2781
telefonů,7826
čtvrť,8920
osmou,4009
převzaté,8921
znázorněn,8922
vyprávěla,606
zahlédl,8923
mostní,8924
výbuchy,3854
plantážích,8925
přestávka,3634
úpravami,7113
předešlého,4186
nechráněný,8926
pojme,1518
jezuitů,396
umístí,4175
přehrada,7722
potenciální,8927
šperku,3545
penzijní,5391
výslechu,8477
odveze,4534
hrobě,6556
nahá,3098
trajekt,8928
přiloženého,4170
tornádo,8929
nespočívá,7465
diagnóze,8930
zhotovitelem,8931
jižních,8932
vraždou,8933
princi,384
složka,5326
kompromisní,3113
bombardéru,3303
poptávek,6916
uskutečňování,8934
italským,639
obrazovek,4336
přiklonil,8935
zákaznický,8936
neurologické,8937
jedinečné,1532
uveřejnit,2732
povzbuzuje,8938
nárokuje,8939
stolek,8940
nepotřebujeme,2922
terminál,8941
tentokráte,1987
definic,8942
nevěřícně,8943
jednu,1281
pilíř,6529
pohlavním,8264
takovémto,3221
zvířat,5667
výdělku,8944
očekávají,2602
nezabije,8945
povaze,6729
metodického,2375
otěhotněla,8946
rajón,8947
rozloučili,3311
smluvní,8948
kostela,7116
širokoúhlým,8949
nejen,8950
magnet,8951
evropského,1983
odvodů,8952
zmatky,5031
žlab,8953
silným,1891
busty,8954
spermatem,8955
zmíněn,974
loděnice,7463
podobní,6449
lis,8956
pařížských,2110
bagry,3484
nadpřirozené,8957
odboru,4199
neváhejte,8958
udává,8959
skautů,8960
zdatní,962
rakouského,743
slunečních,8961
naskladněn,8962
vyřazovacích,8963
dominikánů,8964
chorobou,6081
rozmrzá,8965
obalů,4898
snů,2120
velkostatek,8966
propagací,8967
názorům,2300
pokladů,5936
atrakcemi,7295
odstavec,8968
akademickým,2442
rozvodů,6308
patnáct,8969
úředníkem,482
fasáda,8970
společnostmi,3110
navečer,8971
předcházel,5447
územních,8972
pulty,3229
nesoulad,8973
holub,8974
provokovat,3506
ledě,8975
reflektoru,2310
policejních,3428
vytvořím,671
neodvolá,8976
krize,7181
vážně,8977
knihkupectví,8978
promyšleně,8979
hráčskou,8980
stanovujeme,4730
doplatí,2633
předci,5831
mimozemšťany,3081
atraktivitu,8981
zábavně,8982
průměrného,2247
hospice,8983
nevěnuje,4589
výkopu,5067
dodržovat,6958
odtrhnout,8984
druhého,2037
softwaru,4284
nemuselo,1107
hypotéky,7557
rozpuštěn,6993
vyráží,8985
partnerských,1926
překvapením,8986
balkonu,8987
rozpočtového,4747
chronologicky,8988
dvoupatrový,8989
východ,7615
odsouzené,1232
vodicí,8990
elektroměr,8991
domnívali,1817
pojmenuje,8992
vytahuje,8993
kandidátka,287
znamená,7266
produktového,1781
pracovnic,5288
senátora,155
photo,8994
make,8995
zhotovený,8996
viníka,8997
přelom,8998
čistíren,8999
vlnové,6057
znásilnění,9000
trefu,9001
pohyblivé,2766
vyžadovalo,3255
prokazující,9002
kompot,9003
zkrácení,9004
vděčni,1268
vyřizuje,9005
zápornou,3919
skauti,575
neúnavně,9006
radno,9007
kříženec,9008
doporučili,2770
amatérů,403
aktů,3238
spatřovat,4084
životů,2640
naléhavě,9009
přirozeně,9010
splnilo,2917
patrony,1603
manželovi,9011
vlakového,8695
sypkých,9012
vyměnil,9013
zopakovat,1667
přednostou,699
odjezdem,9014
náchylný,9015
lexikální,9016
rozložením,9017
spaním,9018
jezera,9019
výsadbu,7365
vysvětlují,722
produktem,7558
modelem,2668
vlastnostmi,8119
stážistu,9020
pozicí,6371
liberecké,650
příchozích,7491
veselku,9021
zálibou,9022
pasují,6750
sedmým,1977
katedrálu,5683
spát,5596
desátou,2847
společenského,3946
řízky,2713
fasády,8970
oborem,4720
motivaci,6450
rozebírat,5065
spolu,9023
silnicí,6369
řídím,2632
logikou,4836
kapitalismus,9024
řazen,9025
spontánní,9026
takovým,2095
swing,9027
materiálu,1526
kvalita,1992
anglickým,1007
kdybychom,5039
bojkot,9028
dodáním,9029
anonym,9030
zapíná,9031
koordinátora,288
tradice,5400
nahrán,1966
radou,2992
populárnější,3608
rodinného,3453
doprovodná,1791
poslaneckých,3463
vyšle,7678
reprezentaci,5360
míří,5262
zvířecích,9032
dějiny,2051
vyplatí,2580
pokusech,5242
nerespektuje,9033
příčkách,9034
priorit,6608
provozování,2318
záliv,9035
promluvila,1243
vyjednávací,9036
vůli,9037
zajímavých,2282
mužských,812
ručníkem,9038
muzikoterapie,9039
roviny,1885
učenci,617
nemění,9040
únosce,9041
pronajmout,4808
tedy,9042
mladému,174
přepisovat,3536
instruktory,9043
právnických,4154
cloudového,9044
obětoval,7057
rádcem,9045
pročež,9046
draselný,9047
šílenost,9048
optiku,9049
vesmírná,1588
pomalý,9050
arbitři,9051
andělé,1552
uchováním,9052
hodinu,9053
zeminou,9054
arcibiskupem,707
štíhlý,9055
vesmírném,1588
zkrácený,9056
cibulku,9057
experience,9058
citliví,1205
zlé,1221
citrónem,5164
místopředsedkyní,2940
servírovat,9059
slíbili,1088
dostát,9060
slušovské,9061
románských,5697
drátkách,9062
obrací,9063
nehráli,1393
strop,9064
obrazovku,4336
ţáci,9065
poloh,4313
podzemního,7372
pouti,9066
sériích,4953
spjatá,1111
umím,2703
přebírat,1642
postoupili,5122
porodu,6268
drobných,2906
následků,5531
wehrmachtu,9067
maďarština,9068
náklon,9069
zamilovaných,911
plukovníka,321
focení,9070
strategickým,2136
poezii,4164
zahlédnout,8923
zpráv,5682
federace,9071
oblékla,4324
napevno,9072
dobrodružství,8030
vložením,9073
břehy,2567
sálem,9074
přestal,8065
loajální,9075
žraloci,4686
protivzdušné,9076
statutárního,9077
varhan,9078
pochádza,9079
dopřeje,9080
uvedeno,2210
zraněn,2802
dalekohledem,3516
spoléhat,6526
pahýl,9081
opět,9082
prstnatec,9083
vedený,6431
udělují,3802
nesouhlasili,1071
nadějné,439
logicky,9084
tělesným,6195
sestupující,8759
ptali,2905
novinových,9085
vyjadřovat,3088
hráčů,316
rohlík,9086
použit,3061
privátních,9087
vytváříme,1709
nepřinesl,9088
dostavba,7684
motorest,9089
týrání,9090
penzijním,5391
land,9091
selhání,9092
soustředit,3951
pelíšek,9093
přebytečného,3284
požehnáním,9094
šikmých,9095
kuřecích,9096
význačné,9097
mušku,9098
nemocničních,9099
řepu,8364
opravdová,1929
objektů,4216
nerostných,9100
korejské,526
pozvolný,8321
severojižním,9101
vyfotit,3404
upozorněn,633
celého,3194
příkladě,2478
vznikne,3710
škrtící,9102
vzpomněla,1957
podařit,5962
sedmé,1977
háček,9103
mnohé,2928
kanálu,3206
ilustraci,3193
řezání,9104
radiátor,9105
plast,9106
modelek,313
rozpoznat,9107
teroristů,547
nebudeme,2244
předkem,5831
intelektuální,9108
berní,9109
trůny,6649
zrekonstruovaného,9110
častokrát,9111
překlep,9112
výzdoby,9113
konstrukcích,7129
logistice,9114
přespříliš,9115
těžební,4379
nutně,9116
sbírkách,8658
jistě,9117
nevěře,7554
jízdou,9118
souhra,9119
vrchním,2850
přímý,9120
kov,9121
výborného,2075
radarů,6853
navrhovaných,2568
akumulátorů,1508
pozorovat,5073
obdélník,9122
smyslnost,9123
externí,9124
cukrem,8226
izraelských,701
zástěna,9125
samo,9126
snowboard,9127
účastníků,527
infoboxy,9128
kapitánem,179
cítění,9129
sdělili,464
výrobký,9130
přidělen,9131
minulosti,9132
ztraceného,4132
zrekonstruované,9133
vzlet,9134
architektonicky,9135
výdělek,8944
citlivosti,9136
básnická,2198
přehráváním,9137
obměnách,9138
případně,9139
zasažených,7870
angličtinu,9140
ostrost,9141
západoslovenských,9142
blázna,1165
jeho,9143
barvu,9144
komentovat,1029
plaveckých,4579
tajemným,1768
opravdu,9145
prioritních,9146
sportovce,310
gastronomických,9147
připravila,1013
anovinky,9148
stavebníka,305
nepůvodní,9149
hardwarové,9150
vaříme,3392
nutný,3283
necháváme,3314
obličejem,8305
domníváte,1817
výkon,4789
ženským,964
obhajobou,8518
dvojnásobným,2152
reprezentace,5360
milión,9151
výpočtu,8829
akcím,7015
kapacitu,6800
jednat,3698
použitím,9152
schopnost,6402
análek,9153
setkává,9154
průliv,9155
čočkami,3978
komunisty,164
zpracovávání,9156
tábor,7471
tureckého,1114
událo,9157
prestižní,3135
zkoušení,9158
pobývat,9159
domorodých,9160
britské,297
trhání,9161
kouskem,6982
užitečný,9162
ujištění,9163
hygienických,5930
svatému,1037
pozdvižení,9164
ústně,9165
cyklistických,3294
prostorová,1350
závodu,6818
oblíbence,9166
luxus,9167
teroristických,3204
dokumentace,7045
humus,9168
spatřit,3631
výklopný,9169
důchod,7235
podřízené,4648
otevřenost,9170
chlapečka,1357
libo,9171
polynom,9172
hellspy,9173
pochybnosti,7882
piáno,9174
smršť,9175
skutečnými,1411
nadledvin,9176
nudu,9177
básniček,8368
desátým,2847
tušení,9178
průdušek,9179
fondem,1499
nejmladšího,174
nepotřebuje,2922
partnerství,9180
portfolio,8491
objezdu,9181
zbylých,4682
vzpomínání,9182
miniatur,9183
batůžek,8345
vojsk,7871
význam,5654
sborem,2208
prázdninových,8105
astronomických,3723
kulturní,2630
tradicemi,5400
tátu,385
projednávání,9184
aktualizovaný,9185
laguny,9186
balvan,9187
onkologického,8830
vyklidit,9188
přispěvatelů,548
supermarket,9189
zasahovat,6918
poločase,8530
platvčera,9190
uvědomte,1300
tubusu,9191
oznámením,9192
zaplní,9193
mise,8027
povodněmi,9194
autoevaluace,9195
zahlen,9196
hokejem,3807
letohrádku,9197
plesu,7412
uchazeči,976
míval,9198
nebral,5405
očekávat,2602
univerzitách,9199
naživo,9200
časy,6203
významnějších,1022
starostu,318
disciplinární,9201
objevit,1854
čtvrtou,2260
hypotečního,8783
vyzná,9202
zjevení,9203
orientací,9204
samotném,559
výtahu,9205
dělníků,361
vidím,1551
rasismu,5177
zobrazování,9206
emoční,9207
dojetí,9208
sběratele,677
mater,9209
vervou,9210
zděných,9211
pocítí,3958
nezaznamenal,3706
samosprávných,5033
alba,5618
pohlavím,6606
rozjel,9212
kondomu,8526
obětem,6158
svatým,1037
rozmnožovací,9213
úpravoubarva,9214
odehrají,4446
času,6203
uplatnit,1091
obsáhnout,9215
vzbudit,2532
zachce,9216
lekcí,7357
hratelnost,9217
takovéhoto,3221
měním,9040
setmění,9218
vstřelit,3451
biochemických,9219
menšinové,5160
štědrovečerní,9220
špičkového,1096
krvavých,3219
hardwarových,9150
hostilo,9221
palubní,9222
závěrečné,2391
vybudovat,3093
doplňkový,9223
oboustranný,9224
kšandy,9225
významnější,1022
country,9226
dovolujeme,4466
nedokončený,9227
hlavě,4448
inkoust,9228
krom,9229
desetiletí,9230
screen,9231
stacionář,9232
nejrůznějšími,6244
milostnou,2546
souhlasilo,1071
tramvajových,4011
výjimkami,6036
pěnový,9233
norská,565
objektivního,9234
rozměr,7737
vypadne,3840
nastavitelný,9235
fyzikálně,9236
smyslových,9237
rozpustí,4737
generálů,231
vědět,1267
pobírá,9238
cukrovaru,4124
osadách,9239
nevidět,1551
špatných,1495
děťátko,9240
donutily,5942
babičkou,3669
vlastnil,9241
dočkali,2272
grafickém,1124
přihlásitpřihlášení,9242
nevrátil,3974
podpořili,1387
synagogy,9243
sportovních,7865
devět,9244
vyplácí,9245
kostmi,9246
inzerát,9247
též,9248
vycvičit,9249
důstojné,2656
nenechte,9250
převést,2137
civilní,9251
pouštím,5426
povstáním,9252
osvědčené,1420
originálů,2077
hoboj,9253
programem,2784
ochutnávku,9254
cement,9255
žiju,4204
žadatele,796
rozptyl,9256
vystřídali,2620
komisařem,593
pečlivou,934
záležitostmi,7714
přicházím,2968
jimi,2360
dokončen,9257
rozpadem,4461
loupež,9258
živočichové,3873
chemoterapie,9259
stage,9260
nutností,8344
klukovi,942
tribunálu,9261
církve,9262
píši,1451
hrálo,1393
kabátu,8718
nahráli,1966
redakcí,9263
sháníte,2670
osoby,1555
vyjel,9264
pozice,6371
rozhodující,6008
skládat,3656
křesťanských,1489
pedagogice,2738
sifon,9265
hovořili,1488
respektující,9266
very,9267
obrazce,2468
magisterského,2298
komplexních,9268
kouzlo,4875
nastaven,2838
stratovulkán,9269
občanské,2337
nemohlo,1998
zrovna,9270
vítězům,9271
sociálními,4826
náhradních,9272
legionářů,440
zadavatelů,451
stanoveno,8724
vadila,3133
vstupovat,2267
končetin,9273
tekutý,9274
freeware,9275
slovenským,372
salám,9276
obchodníka,330
nestačil,5025
dvacátém,4418
nejmladších,174
poškozený,9277
okvětních,9278
vodách,7500
nalákat,9279
vyhnul,9280
obličejové,1916
padesát,9281
zázrakem,2262
rámec,9282
soběstačnost,9283
převezmou,1642
špatná,1495
odpadu,2490
chytne,9284
oceňují,1814
obrys,4769
byste,2244
objevitele,536
prokletí,9285
jíl,9286
dochází,9287
žádní,3693
dotčeného,2910
vzpomínají,1240
opravuje,9288
zásobuje,9289
dospívají,4597
vinou,9290
přesune,6976
řadách,7366
stíhaček,9291
šťastní,1017
vévodou,7043
nudí,9292
obdarovaného,9293
nadšeni,655
example,9294
rybářských,4817
krátkým,2882
úkoly,4068
tahem,4972
osmé,4009
zabývám,2386
bajonety,5622
citlivého,1205
létal,9295
křestního,9296
zámečnické,9297
stylovým,2965
obsahů,5901
léčivých,2717
vrchnímu,2850
tohodle,9298
svěřena,319
malých,2879
zahraničního,3049
strouhaným,9299
dívkou,3495
potká,5762
zaplnění,9300
poddaným,9301
projel,9302
hovořit,1488
kurikula,9303
farního,9304
velkoměsta,9305
námitku,9306
dovézt,6257
evangelium,9307
novějších,1377
zklidňující,9308
sakristie,9309
proudem,3057
její,9143
pravou,3183
přepravní,9310
hospodařením,9311
podnikatelů,83
plánovalo,1282
zvukovými,427
povahu,6729
zmínění,1264
čtrnáct,9312
vyvolávají,3652
kritice,1294
kompromisem,5822
reedice,9313
dodávkách,6129
nesklonné,9314
spatřen,3631
připomínkou,4430
elegantního,9315
monopol,9316
výnosech,9317
zjišťuji,9318
parlamentního,4346
bolestné,9319
dlouholetou,304
půvabnou,2661
vedlo,4586
zklamaná,949
akumulátorem,1508
zasažené,7870
připomínka,4430
podstatou,4546
oslovila,963
neplatí,3462
počítačovým,1348
dveřních,9320
výdělky,8944
stínů,3836
kosmetický,9321
vyplnit,2701
mravů,9322
bioodpad,9323
uspořádá,3026
vyznamenáním,7925
svah,9324
dokumentaci,7045
procedurální,9325
zřítil,9326
přispěli,2346
povinné,2931
nahrát,1966
turbína,7920
ustát,9327
elektron,9328
bufet,9329
morálním,5202
případové,9330
prozatímního,9331
zrakově,9332
oltáře,4365
steak,8684
narodili,1158
jedno,1281
odreagování,9333
výnosů,9317
pocitu,2643
renesančních,9334
nazpaměť,9335
začněte,3030
odhalených,4792
politologii,68
blok,9336
vycházeli,4502
volnost,9337
nepřálo,9338
onak,9339
rumu,5347
bohem,876
dovolených,9340
udržoval,9341
skleróza,9342
agrární,9343
jezdcem,333
zaráží,9344
sestavením,9345
zmíní,974
hodnocením,9346
pracujete,1285
profesní,4602
hradního,5966
zvítězilo,2289
staví,3908
komunistickém,609
konstatovala,588
čajových,2943
příjemci,3540
zapne,9347
admirála,1038
chybějící,9348
převezen,9349
misích,8027
poutního,9350
osušíme,9351
čtenářů,603
oslavující,9352
ptáka,2190
oblacích,9353
neziskovým,805
bojkotu,9028
jedinci,977
předávání,9354
chloupek,9355
prodleva,9356
partyzánům,3794
hostině,9357
načte,9358
oprav,9359
stopu,9360
filozofií,6318
difuzní,9361
tušit,1256
veřejnosti,8214
vycházíme,4502
hnutí,8347
školních,9362
důvodu,2184
koryto,9363
portréty,1472
ekonomik,9364
poděkovat,3422
kuchyní,8857
výsledných,2402
popřípadě,9365
prázdný,9366
vymezením,9367
sovětským,516
linií,8549
záruku,9368
čtveřicí,9369
atraktivních,8447
vulgární,9370
využije,2125
hledat,4210
krátce,9371
oprávněně,9372
doběhl,9373
elektráren,5641
účet,9374
inspirují,1115
kosmonauty,459
skladbou,3931
poškozenému,9277
ochotě,8734
koloběžka,9375
specifických,2185
nabídkami,5795
mentálním,9376
nanesení,9377
musejí,1107
newyorského,6302
výsměch,9378
kuchařky,3618
sama,326
infračervený,9379
maturitního,5655
únoru,9380
dýcháním,9381
následuje,4736
dlouhodobým,3901
půlnoci,2309
variací,9382
jevech,4076
výstupů,8020
pevně,9383
správné,1704
angličtiny,9140
výstavách,2359
propastí,9384
univerzita,9199
prší,9385
písmenem,9386
rudý,9387
done,5029
stránka,6229
srpnu,9388
strukturu,9389
tesařské,9390
nezdá,6262
vteřin,4527
kavárnách,9391
kostelích,7116
zbrusu,9392
samotnému,559
subjektů,534
hlásá,4961
konstruktivní,9393
optiky,9049
pojišťovacích,8601
územnímu,8972
projektových,1051
objednateli,1473
dokumentující,4761
nespravedlnost,9394
ústavní,9395
pohybech,5280
kyčelního,9396
router,9397
softwarového,1657
nábytku,6825
průřez,9398
vonných,2888
výchovnými,908
rika,9399
přitahuje,9400
kontejner,9401
uskutečnit,8846
nadcházejícího,7640
půjčovna,2652
nejspíše,9402
publicitu,9403
souhlasu,4829
odkud,9404
uživatelích,9405
rozsudku,8594
termíny,2593
hledisek,9406
výkresy,3176
doznal,9407
ležérní,9408
antikoncepční,9409
spoušť,7864
změnách,4129
přednáškami,8567
liturgické,9410
lezl,9411
metod,4165
osa,9412
lehkého,3198
dominant,9413
míst,9414
panující,9415
čeká,2228
optických,5055
snít,5330
unikátní,5100
krutou,1400
místech,9414
miminko,9416
statické,3097
nejnáročnějšího,1749
závažnými,5316
liberalismus,9417
sarinka,9418
exponovaných,9419
nadbytku,3364
oceán,7965
střechu,6191
vyvolané,3580
přísným,1586
newyorském,6302
počítáno,1549
zadán,2660
starobního,9420
únavu,8453
definitivní,9421
šperků,3545
pršelo,9385
potvrzený,9422
pravdivě,9423
náhrdelník,9424
náboženského,1835
duši,4270
dávám,8586
ceněné,9425
zádové,5480
působivá,889
sundal,9426
přítomného,554
rozlišovat,9427
škodu,4849
zasahující,9428
atmosféře,2156
obkladům,9429
perkuse,9430
operou,1025
zatýkání,9431
minulého,3244
selekce,9432
klíčovými,966
podroben,9433
značek,4872
zhodnotí,2941
zvuků,1122
dolarů,2579
přílivu,5370
slovesa,4042
průzkumná,3350
satelitní,3815
zasahuje,6918
zemřela,1287
panika,9434
sobectví,9435
architekturou,4071
vzniklé,2472
kusu,5957
reakcí,3832
nechutné,9436
volitelný,9437
tenkých,4227
galerií,9438
doktorského,7130
pocitům,2643
odvede,1660
městys,9439
zisky,7567
francouzským,428
plášť,9440
hranolky,9441
povahy,6729
hrozny,9442
přesun,9443
spustí,3940
milovníků,720
stanov,9444
mořem,9445
jednotný,9446
dotčen,3358
strašit,6994
pnutí,9447
optimisticky,9448
tenká,4227
pustíte,1629
spací,9449
jubilejního,9450
delších,9451
hádanka,9452
přírodních,7335
mramoru,9453
galeriích,9438
zásadním,2486
divné,2899
bouří,3963
klidnější,7133
dostupností,9454
zavítali,9455
nábytkem,6825
spjato,1111
pravicová,684
uvolněnou,2907
aktivit,8881
zaběhl,9456
institucí,6101
kasina,9457
vlastnost,8119
labelu,9458
zničený,9459
ghetto,9460
radnicí,7097
přísloví,9461
sportovišť,9462
redakčního,7359
zdál,6262
výchovy,9463
letopočet,9464
pánovi,789
libereckého,650
konzervativních,4744
odvodňovací,9465
objímá,9466
fantastických,1314
detailních,9467
známost,9468
věřitele,820
železobetonové,6265
připravíme,1013
živoucí,9469
popularita,3778
vzdát,6297
udělali,1689
etnické,1964
nádherný,8800
testů,9470
krvavého,3219
kroužek,9471
zdrojích,2056
zajel,9472
panenek,9473
plechových,4554
vesmírné,1588
mastný,9474
podpisu,4728
regionálních,9475
dámu,2631
liposukce,9476
charakteristik,9477
napsaný,9478
rituálů,9479
trojúhelníku,3322
nepřesna,9480
připraveni,2093
internetovým,4157
konkurenčních,9481
hydratuje,9482
hraní,3191
vytvořilo,671
usměvavá,9483
přesunutí,6976
katastrálního,9484
bruslaře,9485
neschopností,9486
podporujeme,3739
tmu,6906
porodit,641
zpočátku,9487
představíme,833
jezuitského,1637
přijímací,7781
senátorů,155
tamtéž,9488
pozemní,5007
nálada,4984
přijedu,1229
zářezy,9489
restitucí,9490
ochucené,9491
grafickou,1124
zaznívá,9492
materiálních,9493
zvolíme,1334
sestavu,6106
následných,2410
společníkem,972
přeložené,5271
hromosvodů,9494
úno,9495
přestávku,3634
planetárium,3583
neudělá,1689
špatné,1495
zakrýt,5956
závěrečným,2391
brání,6409
kamiony,5046
proudového,3784
hrstka,9496
tituly,2538
pětadvaceti,8501
zasazen,6031
katedrála,5683
panovníků,358
dotváří,9497
vlastne,9498
potřebovali,2922
přínosů,3676
rozpoznává,9499
gotického,2875
prohrál,9500
lidstva,8007
housenky,9501
komisí,7280
předčil,9502
zařídí,2938
touhu,9503
neobvyklou,4751
rozhodnuto,4214
následníkem,1177
pokoušeli,2858
jezdíme,6022
čtverečního,9504
příponou,9505
populárně,9506
modlil,9507
jedničkou,2147
drah,5505
půlnoční,9508
přiměla,4110
finálových,2909
softwarem,4284
nesouhlasit,1071
úlomků,9509
prohru,9510
toků,5996
připomenou,9511
ožení,4524
vražd,8933
přebytečné,3284
logistického,4578
ideologie,9512
havaroval,9513
víno,9514
eso,9515
tloušťky,9516
mechanismů,9517
větrných,6419
šatům,9518
katastrální,9519
exteriéru,9520
olympijským,936
sezonách,9521
samohlásek,9522
biblické,849
zalijeme,7670
nevěděli,1267
výsadby,7365
konsolidační,9523
odborným,1690
botel,9524
prvně,9525
slavnostní,3305
tahal,9526
jazzu,7659
minimalistické,9527
napadal,9528
zní,9529
léčebna,5260
narušuje,9530
zákonným,1829
pořízení,5950
ordinačních,9531
stvořený,9532
nekvalitních,9533
muslimských,1398
domněnky,8765
vyrovnávací,9534
nejnebezpečnějších,9535
výrobkům,3637
topení,9536
strategie,6267
vyučujících,9537
bujný,9538
teorie,7421
vokální,9539
organizací,5427
neděje,7515
přespat,9540
kriticky,9541
spolupracovníka,394
světice,6326
nevelký,5075
lyžaře,463
stáli,1941
doplňujeme,2737
mechanismu,3277
podstatnou,4500
vsadit,1931
skutečná,1411
starověkého,3950
zápustná,9542
otci,162
osmým,4009
roboti,1257
přehrávače,2248
líčení,5305
závažného,5316
vyvolených,9543
nelze,9544
nespočet,9545
upřímnou,1490
smartphonů,7006
ozdobíme,9546
diktovat,9547
organizačním,2280
stává,2625
proměnnou,9548
renomované,159
nelituji,9549
vzejít,6796
videochatování,9550
parašutistů,9551
vyžaduje,3255
vymlouvat,9552
vyhýbal,5479
uhradí,9553
pokládka,9554
regionů,4510
argumentem,2139
hlady,6639
doufam,9555
partiích,9556
manažerských,9557
katalog,9558
maminkám,1388
přídomek,9559
trhu,2352
šampaňského,9560
dával,8586
vítěznou,930
pečeme,9561
zesilovač,9562
zkušebních,5340
orientovaný,9563
oděv,8733
středověkého,2264
sňatkem,3566
navigačních,9564
kojeneckých,9565
znemožnil,9566
orchestry,868
výcvikem,9567
ochránci,1568
rukojmí,9568
brzdí,9569
zlem,5153
obdélný,9570
anatomických,6942
oslavit,3615
metropolí,1379
nešel,4153
odsun,9571
rebelů,1255
bezpráví,9572
prvovýrobu,8866
stříbrného,6827
krajinná,9573
obvinění,4273
zjevuje,9574
salátem,2789
opakováním,9575
církevní,6811
zvlášť,9576
popraven,9577
nesnášenlivosti,9578
slibují,1773
zahájeny,9579
dispoziční,9580
dodržení,9581
zprostředkovaně,9582
monstra,9583
zámečnictví,9584
investice,5399
umíme,2703
atmosférické,2336
sezoně,4809
dřevařské,9585
kohoutek,7990
respektovali,3369
suverenity,9586
obličeje,8305
kanadské,398
muzice,2154
oponentů,1226
způsobeného,3870
angažovanost,9587
sádrokartonové,3100
albech,5618
ninja,9588
dealerem,1193
týkalo,7537
umělým,4787
výškový,9589
majitelům,441
přidělí,9590
obchoduje,9591
knížku,4719
připojí,4371
zakládajících,3604
jedoucí,9592
stmívačem,9593
nezbytné,9594
serial,9595
deštích,1600
občasným,1932
každým,1663
komunikačního,6350
represí,9596
singlový,9597
věřitelského,9598
rekonstruovat,9599
rozvinutý,9600
vertikálních,9601
projevech,2055
stolec,9602
nealko,9603
renesanční,9334
evangelických,4095
půli,9604
vlastníky,493
sebevraždě,3569
jich,2360
zákazu,6904
daňových,3120
kandidátům,287
kilogram,9605
pozemkový,9606
rytmické,4351
psát,1451
rozdělili,3109
nápojem,2400
burger,9607
logistické,9608
schovává,9609
pokoušet,2858
poháněn,6683
elektromateriál,9610
protestují,4573
odlišnosti,6135
ponor,9611
nevidíme,1551
totožnost,9612
nájemcem,9613
rovina,1885
registr,9614
zkoumající,4299
minul,9615
daních,9616
pojmů,8719
brýlemi,3414
osmnáctka,7528
road,9617
dynamická,2460
novinek,1939
výrazem,1554
akumulátoru,1508
turistický,9618
star,9619
oblastního,8132
stavba,6231
prohnal,9620
patřil,6185
volím,2515
obnovuje,9621
životopisy,1869
pátral,7483
písmeno,9386
upozorňují,1719
brand,9622
odpočinkové,9623
ticha,9624
parametrů,6104
pokrytectví,9625
výhodou,9626
oblékání,9627
kancléřem,1608
námi,9628
pravděpodobně,9629
kněžna,678
poukazují,2501
oceánech,7965
vrchol,5312
bohoslužeb,7730
projektová,1051
krbová,4874
never,9630
obsluze,8630
příčiny,6559
generaci,7831
copyright,9631
zachytila,1109
dokumentovat,4761
náhradního,9272
zlomit,9632
mládí,9633
umístit,4175
úmrtím,9634
osazený,9635
poznámku,7933
pokusili,2098
pozastavení,9636
radost,6564
skočil,9637
trouba,9638
grapefruit,9639
dalš,9640
rozvíjíme,5092
potápěčské,9641
krajana,690
podepsala,1311
literatur,4904
osvojit,9642
klíčového,966
nepřijetí,9643
onemocněla,2266
nerada,1052
podaří,5962
muzeí,5442
číselných,9644
dotknout,3358
pozinkovaný,9645
přeložení,9646
sprchových,2431
krbů,9647
uvařené,9648
špičková,1096
nemyslíte,9649
dětského,1355
tělesných,6195
tribuně,6077
nalezený,9650
intervalech,9651
pohárech,9652
odjezd,9014
jed,9653
plastového,2676
opírá,6255
partyzány,3794
temperamentu,9654
provozního,9655
balkon,7901
nakrájené,9656
báječné,1746
rodinném,3453
zvon,9657
ústava,6030
opakovaně,9658
komentují,1029
domoviny,9659
ustoupil,9660
posouvat,6739
dorazí,3938
you,9661
sovětské,516
gymnázia,9662
dobře,8055
předevš,9663
akcentem,9664
pěkného,9665
ušitý,9666
zbudovat,9667
sestru,2985
farmakologie,9668
pronést,1701
totalitní,3524
uctívání,9669
středoškolské,277
garsoniéry,9670
metodami,4165
mladými,174
doktorky,3610
vlasových,2145
zvát,4782
božskou,837
milf,9671
temně,9672
záblesky,9673
nájemného,9674
potíž,7819
závodníků,205
papírek,9675
rozdílnost,9676
odběratelům,1153
počítají,1549
plastika,3563
klíčovým,966
katastrofální,9677
příkladech,2478
pokojem,8021
komunikací,9678
sporné,5775
povodní,9194
odhalí,1696
anketu,8231
pytel,9679
vystaví,2418
školství,9680
panu,123
budoucnosti,8367
vada,8637
slovinské,894
fyzické,3515
delegaci,5589
přenést,6481
zachovává,9681
odpovědnost,7469
slečnu,6980
mìl,9682
nadační,9683
názvu,2226
novodobého,1599
zális,9684
sestřelen,9685
následujících,9686
nepřesnost,7564
transformace,9687
plavidlo,9688
zábran,9689
stabilizací,9690
divoká,5402
ehm,9691
irácké,2900
dobíjecí,9692
protáhl,9693
mateřství,9694
zdá,6262
materiálech,1526
doufala,1538
sítích,9695
sypaný,9696
germánských,9697
nějací,2801
československým,758
sprava,9698
neutronů,9699
temné,2064
titulům,2538
jeslti,9700
kolaudaci,9701
patřičné,4198
kredit,9702
platíme,3462
nepravidelný,9703
kabelové,5004
řad,7366
záchranném,3862
filosofie,9704
větrem,1433
pozitivních,9705
mimořádných,2537
nebezpečnější,3185
dříve,4211
potravinářského,4041
operatorname,9706
zadržet,9707
malba,4681
vyvarovat,9708
četbou,7559
postupovat,4294
dvacet,9709
happy,9710
syntézou,9711
rekultivace,9712
farmaceutických,1171
vyplněný,9713
projednávat,5416
dělníky,361
kompletního,9714
překvapení,8986
recenzní,9715
jednodušší,5809
debutovalo,9716
odcházeli,2123
právního,9717
papežem,469
nerv,9718
prospěšné,4718
hlavnímu,1389
povedené,2039
starobylého,8673
stačí,5025
křižáci,9719
úmyslu,2735
formulář,9720
legislativu,6925
skvělému,1385
ústupky,9721
nejenže,9722
klasifikován,9723
tiskového,1559
přístavní,9724
vrtulí,9725
roztočit,9726
dým,9727
odpočívá,7221
moravských,2368
vyplynulo,9728
původním,5222
anonymně,9729
hardcore,9730
ostrosti,9141
kpt,9731
maturitou,7270
soupeře,1272
dvorec,9732
provozu,9733
stárnutím,9734
zlikvidoval,9735
závěs,9736
storag,9737
fauně,6198
čip,9738
budovu,9739
uvažovali,1483
studentská,9740
národních,7888
kytar,5459
slabost,3881
nováčkem,560
realizovali,828
kterém,2116
fixační,9741
kódování,9742
připadalo,2999
záchranného,3862
nejtěžších,5858
dárkovém,8334
budiž,2244
zpracovala,709
nárazník,9743
kartáč,9744
trefou,9745
námitky,9306
přiznání,9746
proměnách,5186
výjimečně,9747
hrádek,9748
vodka,9749
přinejmenším,9750
poptávky,6916
nepochopitelné,4057
výdrží,9751
skleníkových,9752
commons,9753
použijeme,1688
likvidátora,1461
desková,9754
semifinále,9755
schizofrenie,9756
vyzvedne,9757
stadionech,5214
sdělení,9758
jinde,9759
kolejích,9760
tiskárnách,9761
neočekávané,2721
prihlásený,9762
provozů,9733
klidným,7133
nečekaně,9763
operativně,9764
notářem,1515
přísun,9765
potěšit,4447
mimoškolních,9766
slovníkem,3868
propad,9767
neustálým,9768
pouliční,5591
palác,9769
antivirů,9770
dokáží,1105
buď,9771
dlažbu,9772
pluje,9773
nezasahuje,6918
ovládne,5301
olympijské,936
zákonné,1829
vyžádalo,5836
věk,9774
respondenty,1046
přepadení,9775
diecézní,9776
nechali,1822
vybralo,961
položen,9777
virem,7038
nejsi,2244
pozoun,9778
vybírala,1018
použije,1688
sídelních,4892
chirurgického,2432
pochlubila,1732
zkoušce,3617
satelitním,3815
věřilo,2311
odlišného,4310
děkovat,3422
fotbalovém,1199
přednáškách,8567
komunikoval,9779
bytového,4417
selen,9780
kašna,9781
švestek,9782
zařazením,9783
upevňuje,9784
vypočítat,9785
biotop,9786
dusík,9787
církev,9262
střílí,8012
zájmeno,8479
vytvořila,671
charakteristickou,2333
galerie,9438
náhrobních,9788
hlídal,9789
ţák,9790
zabít,5857
přemnožení,9791
logickým,2010
vidíme,1551
chodící,9792
šatník,9793
bankovní,9794
nocích,9795
stvořen,1188
pokračovat,3034
udělat,1689
hůře,9796
sklíčko,9797
infostránce,9798
prolíná,9799
ankety,8231
fázi,4664
předražený,9800
létě,9801
přepnout,9802
odhalilo,1696
pravoslavné,1519
sprchového,2431
praktikuje,9803
vyhrazuje,9804
životu,2640
nastoupí,3188
světě,2730
zastupitelů,506
pravým,3183
pravomocí,9805
dotisk,9806
spojeneckých,9807
tanku,4997
interiérového,9808
pěchotní,9809
vyřízení,9810
kontaktovali,9811
dostává,6071
převede,2137
lymfatických,9812
třtinový,9813
přehrávat,9814
miniatury,9815
nahráno,1966
dostupných,9816
zákoníku,4028
podrobnosti,4848
maturitním,5655
metoda,4165
kojí,9817
čtyřech,9818
unavení,822
odloží,4235
obchodyz,9819
odvolán,9820
pozemkového,9606
následovali,4736
vojáků,200
zahraničním,3049
lehkosti,9821
přibývalo,9822
krypty,9823
technologiím,7636
převádět,5040
jednoho,1281
kde,9824
podržel,7773
nejlevnějších,8448
měnič,9825
knedlík,9826
akciového,2638
překrásný,9827
dochovaných,8167
měnou,9828
handicapem,7727
zvedava,9829
drink,9830
plakala,2165
obzvlášť,9831
vzezření,9832
tuzemském,1215
nakrájená,9833
šampon,9834
zapojí,3231
trasy,6012
vlka,4352
nehmotný,9835
nedělá,1466
přijetí,7705
vypravit,1670
nedovolí,1887
zastřešené,9836
obchodníkem,330
vnímáte,1967
zájezd,6981
blbé,2105
milence,2459
nastalé,9837
židé,9838
náhodně,9839
ohlásí,1162
řezací,9840
hermelín,9841
komunikuje,9779
asymetrický,9842
nenese,5677
účastníka,527
obsluhuje,9843
naznačují,2285
maso,7963
široký,9844
kognitivní,9845
svoj,9846
houslí,9847
energetických,3645
korytem,9848
českobudějovického,9849
vlastníka,493
generacemi,7831
manuálního,8781
zpravidla,9850
slíbí,1088
nevšimne,1444
otázka,5620
možný,5577
špetka,8249
nehodu,9851
ciferníkuzelenábarva,9852
přijdu,2674
specializuje,9853
vraždu,8933
mlýnek,9854
tendence,6391
sílu,6044
ubytováníluxusní,9855
přesvědčí,1446
demontovat,9856
projevující,9857
national,9858
klukem,942
vlny,9859
originále,2077
mnichovské,9860
demontáže,9861
přínosem,3676
prodá,5686
mléčná,6258
milování,9862
penzi,9863
panelových,9864
ilegálních,9865
odstavcích,8968
vytvořte,671
ovládaný,9866
blbě,9867
kdysi,9868
přála,1626
anti,9869
podnětů,5578
domněnka,8765
myšlenkám,1065
vytisknout,9870
rozhodnutá,4214
erupci,9871
ujednáno,9872
gymnáziích,9662
vynakládat,9873
naposledy,9874
nevýhoda,8312
parkováním,9875
importu,9876
sourozenci,9877
tajit,1214
skeptiků,9878
jedince,977
rozmanitostí,9879
češtiny,9880
šoku,4618
pomáhali,2512
kteří,2116
lokalitách,6922
nemohli,1998
negativního,7799
víkendech,8291
oratorium,9881
svírá,9882
modus,9883
důchodovém,5854
držitelkou,9884
tolerantní,9885
rozhodnou,985
zničil,9886
kláštera,5077
vyjasnit,9887
vyskytly,5792
základě,6233
přidá,2607
věřili,2311
taky,9888
významnému,1022
křovinořez,9889
úlohami,2518
pátrací,9890
prapradědečka,9891
propojený,9892
návyky,7058
třech,9893
zahradní,8817
výtahů,9205
anotace,9894
panenku,9473
pojistný,9895
zažít,1635
seznámila,3073
začínali,2299
firmách,2727
přesvědčte,1446
publicity,9403
signatářů,9896
poloostrova,3013
žákovi,601
bodových,7349
dokončený,9257
příjemců,3540
návštěvníků,1330
např,1807
etnickou,1964
hlavičkou,9897
omezovač,9898
návrat,8914
ošetřujícím,496
volá,4484
závažných,5316
časovou,1066
zúčastňují,9899
vyrovnávání,9900
zemědělství,9901
složitějších,2682
škol,4433
nepříjemnosti,9902
popřát,9903
zahradách,6550
diskriminací,9904
schéma,7212
nejzapeklitějších,9905
vychovávat,9906
souvislosti,8272
potřebuji,2922
flakonu,9907
fragmenty,3806
zřídkakdy,9908
inzerujete,9909
půst,9910
pavouci,9911
pečlivé,934
zaručený,9912
odsavač,9913
sochou,3281
mívá,9198
sester,2985
osmažíme,9914
provozoval,9915
rozdělením,9916
vyslechnout,3557
rezervačního,7790
léčebná,6464
omáčku,9917
neviete,9918
závažné,5316
psychiatrické,4866
mafii,9919
stoka,9920
přístavů,6626
vyvázl,9921
úvahu,4406
lékařky,1596
popularity,3778
jednotlivé,1628
ohromující,9922
profesního,4602
dostane,3965
komplikací,3797
nedostane,3965
prosklením,9923
vyvrcholily,6998
nepromokavého,9924
výfukových,9925
přilehlého,6013
kulatiny,9926
klasických,2122
sériového,1722
zbytečnost,9927
lícní,9928
snědl,9929
dráždí,9930
samosprávné,5033
zásobník,9931
namočíme,9932
pokrokem,9933
požadavkem,4715
zveřejnili,1504
rozsáhlého,4059
pokeru,9934
schválilo,1196
sklon,8203
ústavě,6030
savců,9935
stejnosměrný,9936
motocykl,9937
politickou,903
space,9938
dávkovač,9939
metráž,9940
lidem,2455
opraví,4062
know,9941
tempem,9942
četbě,7559
list,9943
odpůrcům,9944
zákazníky,819
pekle,8174
přítomných,554
vámi,9945
opravdovým,1929
domáhá,9946
rafinované,1090
policejního,3428
očních,9947
sociálním,4826
duchů,1849
vodou,7500
načítá,9948
kvantitativní,9949
protikorupční,9950
zpětná,9951
realizujeme,828
čtvrtích,8920
inspirovanou,9952
závěrky,3329
šachových,3675
fašistické,9953
rovnoprávnost,9954
zodpovězení,9955
nejvýznamnějšími,1022
poskytne,1133
severního,7361
strčil,5323
školy,4433
penězům,7535
dominantní,9956
fyzickou,3515
fyzika,110
svatebních,8837
nadšené,655
uvolnilo,3457
prezentační,9957
formálních,9958
ledvinách,9959
následovně,9960
válkám,5568
fontány,9961
narozením,9962
městečko,9963
usilovně,9964
bojovým,2956
milovníky,720
hlídá,9789
zvoní,9965
ratingu,9966
angličtina,9140
záplavy,9967
diskusních,9968
léčby,9969
půle,9604
stavbách,6231
problem,9970
samostatně,9971
náhrobku,9972
násilné,4050
sklizně,9973
osamělých,1390
důsledku,2525
hlasová,1273
korálek,9974
poslanců,187
dešťů,1600
article,9975
rozličných,9976
proslavily,719
oborů,4720
čtvrtě,9977
klientům,767
nekvalitní,4532
maďarská,748
voňavý,9978
zachyceno,1109
zjistili,3606
následníka,1177
masných,9979
komety,5379
události,6542
komentářem,5783
firem,2727
stopových,9980
vrtulníkem,1607
slovenské,372
vodoměrů,9981
kancelářských,3947
tábora,7471
různého,6244
navštěvuje,5235
závěrečnou,2391
bestsellerem,1673
gramatické,7782
řev,9982
zálohování,9983
konstant,9984
hotelu,5462
nastaveném,7935
večírků,5939
plout,9773
odstěhovat,5987
velkolepá,1752
statutem,4281
najde,3790
designové,2530
oblastní,8132
padá,6080
erotickou,1475
brusný,9985
poradit,1868
zločinecké,340
regentem,9986
označen,9987
činitelem,1042
krokům,6121
budeme,2244
výchovné,908
zazpívali,1755
glukóza,9988
elektroinstalace,4903
tahá,9526
labuť,9989
střetům,6190
náboženským,1835
přehlasované,9990
způsobila,1299
komory,9991
podkladech,9992
majetkový,7333
pohřbeni,2214
trauma,9993
laserových,3334
remix,9994
přesilovku,9995
papeži,469
basketbal,9996
nedokonalosti,9997
různorodých,5870
přestávkami,3634
vycházející,9998
parametrech,6104
silných,1891
kuchařů,186
nádraží,9999
poznávacích,10000
vystěhovat,10001
obsluhování,9843
územním,8972
jezer,9019
stisknutím,10002
zkoušku,3617
sepsali,10003
sedmnáct,10004
sběrači,10005
generací,7831
fólií,10006
doprovázet,1767
věčnost,10007
předveden,1401
zemětřesení,5908
nadzemní,10008
zaplacením,10009
výboru,987
nechapu,10010
posmrtné,10011
potravinových,10012
pohyb,5280
připravovaná,1417
pravopisné,10013
vadu,8637
ústředna,10014
hořce,10015
advokáta,180
lesbičky,10016
přeboru,10017
klapkou,1138
spotřební,6710
track,10018
bitev,10019
přepravit,10020
zaděláno,10021
mafie,9919
tvoří,1581
rezerv,10022
sezónu,5298
restaurační,7253
citlivým,1205
narození,9962
půlnoc,2309
kosmických,2972
vláček,10023
zavedeného,3276
nejkvalitnější,4532
svobodného,4058
viceprezidentem,1014
řešili,3227
dát,4122
ředitelství,10024
nehodlám,1479
konzumní,10025
záchranáře,294
členky,2961
převzato,1642
schoval,10026
turnaj,10027
obojí,10028
nekoná,8004
pivem,7895
vlády,2639
pornografii,5587
zobrazovací,10029
mezd,10030
vybrala,961
chápán,10031
silněji,10032
atomového,7944
smrkový,10033
většinové,1458
plzeňském,838
existuje,6867
zkoušeli,3181
strukturách,9389
vyrůstající,10034
vojenských,1293
oslavám,4976
postupem,3724
zužitkovat,10035
šátkem,4915
ikon,6708
psychiky,8213
přijalo,1154
ochráncem,1568
zúčastnili,1842
rozvahu,10036
odtud,10037
ošetřuje,496
překvapeně,10038
začleňování,10039
banky,3721
dále,10040
stylového,2965
způsobující,10041
hebrejštiny,10042
napíšeme,1402
stočné,10043
požádá,3190
součástmi,6837
bibliografie,10044
cestujícího,6075
dobrovolným,3936
záření,10045
vlastnosti,8119
vnímají,1967
rozmixujeme,10046
vesnic,10047
iniciativ,7309
četných,10048
kapacita,6800
upřesnila,775
mandarinka,10049
soulad,10050
stoprocentně,10051
vyberte,961
nedorazí,10052
dálnicí,2876
obchodního,10053
měsíc,10054
hlasuji,3500
uvolní,3457
plaveckého,4579
dům,10055
přihlížet,5434
sborník,10056
zdát,6262
ohýbat,10057
poušť,5426
mistry,171
strávili,2211
společnice,972
báječná,1746
zpracovávají,3159
chorobu,6081
nepůsobí,1236
prospěšná,4718
vtéká,10058
zkázy,10059
předn,10060
hostil,9221
prohrané,10061
francouzská,428
umírat,3755
archeologické,2371
ligovým,1961
součástí,6837
okurek,10062
temných,2064
odejde,3793
vstřikováním,10063
přednostmi,10064
kořeněná,10065
rádo,1052
dieselových,10066
zastaralý,10067
nezvládli,1981
nepříjemného,2700
fantastické,1314
psychického,6274
zvolené,1164
designed,10068
padající,6080
romanticky,10069
postech,10070
výrazy,1554
vysavačů,4024
mentálních,9376
silnému,1891
audit,8895
dohodla,3363
plní,7461
provozem,9733
zedníků,613
zpochybnění,10071
šedesát,10072
doprovodem,1269
neuznal,1541
autobusů,4940
jednoduchého,5809
veterinárních,10073
předvedou,1401
zaregistrovat,3743
porušuje,10074
hráčské,8980
boom,10075
zdravotnictví,10076
portfeje,10077
chorvatsky,10078
budu,2244
hazardní,7008
duševních,10079
rozběhu,10080
čele,10081
devatenáct,10082
pracovala,1285
poruší,4863
ožívá,10083
iniciovat,10084
vinu,5019
tmavý,10085
redigoval,10086
pavouk,9911
subjektivním,4429
vousů,10087
podnikateli,83
svátcích,4453
vedro,10088
podob,6365
podhledy,10089
atributy,7780
problematické,1937
množstvím,10090
nizozemského,597
křestním,10091
ukrýval,10092
vážnosti,7787
bezpečnostních,10093
etnického,1964
autorizaci,10094
vyloučit,3742
sestrojit,10095
stíhací,7239
neměnil,9040
kytarou,5459
statisíce,10096
složité,2682
očko,10097
vydat,3761
nejradši,1052
vzdá,6297
vraždě,8933
neobviklé,10098
liturgických,5613
řidičské,3214
odhady,4020
odkladem,10099
strašné,5085
otevírá,10100
srozumitelným,4137
obchází,10101
obyvatelům,2583
řidičů,238
pracovali,1285
institutů,2426
vířivky,10102
osmahneme,10103
ovladači,3609
napsán,9478
minule,10104
specialistka,417
předmětné,6026
koupelna,3004
středočeských,10105
licenčních,10106
školného,10107
líbí,1991
časovač,10108
počas,10109
vejde,6557
věrní,3435
členech,497
administrátorem,10110
nedokážeme,1105
způsobený,3870
ministryní,1925
signálů,3445
uskupení,10111
krás,6786
aktuálních,10112
bramborem,6972
nestihla,2408
současn,10113
imobilizér,10114
otázkám,5620
chrastítko,10115
obalu,4898
fiktivním,5684
letovisku,10116
přečtu,3717
manuálním,8781
atrakci,7295
protější,10117
biotopu,10118
drobným,2906
kontingenční,10119
pohovoru,10120
zapadne,7712
demo,10121
protéká,10122
předpovědí,10123
porodnosti,10124
považujeme,4772
typových,10125
odložit,4235
narodila,1158
díváte,2308
nejnovější,1377
skupinou,10126
poutních,10127
modelové,5034
krokem,6121
žebříčku,10128
těžbou,7351
změn,4129
ozdobí,9546
surového,10129
sestřičky,2444
ultrazvukem,10130
vyzýval,10131
skeneru,10132
operací,10133
konzervativního,4744
vystavěné,2418
případů,1952
lahůdky,10134
zvládnete,1981
vlajkovou,10135
bezdomovce,6048
vilové,10136
následkem,5531
domorodci,8341
odpadech,2490
svařované,10137
rukávem,10138
uchazeče,976
think,10139
projednat,3046
rádi,1052
diskutovat,3122
nedochoval,10140
donutili,5942
božstvo,10141
toaletní,10142
charakteristickým,2333
vodorovné,6784
vektory,2758
rozhodly,985
přelijeme,10143
hrůzy,7740
spolehlivého,2283
konkurentem,1620
brněnským,484
blondýnky,10144
přemýšlení,10145
napájecí,10146
rekordů,7360
individuálních,10147
počátečních,10148
náhon,10149
odhadem,10150
zahrnout,4835
kampani,4440
sepsán,10151
zadáváním,10152
českými,250
říčka,10153
projíždějící,10154
navrženého,5293
mamina,10155
zářez,9489
přibývat,9822
vysokoškolská,453
klasiku,579
zlobit,4130
výkonná,539
veličin,4906
chrámů,6828
situovaná,10156
frontální,10157
pyšnit,10158
sněmovně,6482
jihočeských,6247
vysvětlit,558
penzionu,10159
trance,10160
rozběh,10080
násilnou,4050
prostorách,10161
kariérního,10162
hráčích,316
disertační,10163
spacáky,8774
manažerům,137
oboje,10028
kostelů,7116
divokého,5402
rysem,3132
komodit,10164
koncernem,788
charakterizované,7026
pacientek,504
chodníků,4752
významným,1022
transplantace,7155
azylového,10165
ducha,1849
léčbou,9969
pršet,9385
kávu,7698
proroka,10166
zaujali,2350
chodci,10167
trávím,3989
chápat,2128
pneumonie,10168
všimla,1444
zakysanou,10169
živočišná,2189
paliativní,10170
dělostřeleckého,2953
splněním,10171
kávovar,10172
nejnáročnějších,1749
kulturami,5233
severu,4763
velkých,5075
kritického,1923
spojeno,5665
záměrné,10173
vápník,10174
důchodového,5854
rozbočovač,10175
dánských,519
léto,9801
vyšel,5729
diskusním,9968
čelili,4626
samotě,6790
možného,5577
fotbalu,4612
nepřirozeně,9010
vojenského,1293
soukromníků,10176
sociálního,4826
býval,10177
pigment,10178
skládky,10179
dnešek,10180
bezdomovců,6048
konečná,3164
společníků,972
chvění,10181
nešťastnou,1017
značkou,4872
hymny,8711
krajina,3508
financovat,1826
šelma,10182
deskové,10183
vyjadřovali,3088
nejcennějších,6053
fotografií,4337
chutí,10184
benigní,10185
aspoň,10186
sebevražedného,2234
součástka,10187
expediční,10188
rekvalifikační,10189
vypadalo,5881
ocas,10190
iphone,10191
efektem,2313
válečném,636
pravidla,6311
složitou,2682
senátory,155
lososový,10192
pomsty,5274
pozáruční,10193
spánek,10194
menšinu,4131
žádném,3693
nespokojí,6619
korektury,10195
strojní,10196
nepříjemné,2700
koupelny,3004
namíchat,3300
cenám,2268
kontra,10197
vdávat,10198
naplněný,10199
dodávkami,6129
zprostředkovává,10200
tužkové,10201
někdejšího,2035
svářecí,10202
nataženo,10203
plánovaných,1633
poklademe,5936
zodpovědná,1033
rakev,10204
technice,6617
plastu,9106
začátečníci,1220
nebudete,2244
partou,2206
účastí,10205
balkón,7901
řeckého,1004
ženy,1743
bulharských,1319
hloupí,907
vánoc,10206
písemným,5638
databanka,10207
hře,2996
skýtá,10208
plánovaná,1633
šikulka,10209
slaninu,10210
bývaní,10211
čekáte,2228
přednáškové,10212
vypovídat,7519
zón,10213
závěrka,3329
zapomenou,3037
ročníkem,3967
zavedením,10214
průzkumy,3350
biography,10215
tematikou,10216
opar,10217
odsud,10218
svaly,3953
vinotéka,10219
polibky,1834
papírny,10220
muslimského,1398
definován,4298
klientelu,10221
českému,250
názory,2300
bratra,332
vyhýbá,5479
uspěli,1309
nedávnem,10222
prostudování,10223
zpívají,1201
fandím,10224
přivézt,2142
sodík,10225
federálních,5737
přežije,10226
počátku,3969
mapuje,10227
pochvalu,1556
iracionální,10228
všechno,7917
myslíš,1194
počítala,1549
oltářů,4365
zajišťujeme,4929
srbské,795
kabiny,10229
nedávám,10230
sešlo,4833
trhá,9161
upozorňovali,1719
jedinečná,1532
nosnou,1082
opětovně,10231
věcmi,7282
changing,10232
panička,10233
zatěžuje,10234
historicky,10235
posedmé,10236
udušení,10237
poradní,6313
sovětskou,516
fén,10238
paprikou,10239
vlakem,4117
personálu,1231
zaměří,4796
centrálních,10240
přihrál,10241
rozpočtovým,4747
souběh,10242
pevninou,10243
ověřený,10244
podepsána,1041
předčasného,6812
kluka,942
spotřebuje,10245
nejstarší,1982
vznikem,7665
recenzích,5579
spoustu,10246
předehra,10247
zbytečné,5842
lidskosti,4104
autonomním,7495
souviselo,10248
chyba,4879
astronomického,3723
důkazní,10249
pozitivní,9705
studu,7007
schopná,637
uvedu,395
bavila,925
sjezd,10250
proroků,10166
stejný,5320
domluvíme,2542
srdcích,3298
obléci,8834
stavebními,4581
mokrý,10251
turbodmychadlem,10252
dárek,6736
centrálního,10240
křižáckých,10253
punk,10254
babičky,3669
jaderné,1577
odvysílána,10255
šije,10256
zveme,4782
ozvat,3208
najme,1675
bezpečností,10257
geographic,10258
hotelových,3247
nemalý,10259
debatovat,10260
vracíme,6263
restartu,10261
vypočítá,9785
krátkosrstý,10262
civilních,9251
zase,10263
věkem,9774
věznic,7403
trpíte,2373
získá,2291
průřezových,10264
křesťanů,1130
fondů,1499
nádražní,10265
které,2116
zkopírovat,10266
politicky,10267
dokud,10268
tanková,10269
narozeninový,10270
brankáře,166
prostorných,4335
pomstě,5274
titulkem,490
nebrání,6409
stylech,4072
těšíme,1949
ozubený,10271
přistoupilo,2013
preferovat,10272
předložen,5115
obohacený,10273
klasifikovat,9723
uvařila,3315
osvobodil,10274
použiji,1688
matčiny,10275
sběrného,10276
církvemi,9262
softshellová,10277
posunu,4795
studentské,1413
prolínání,9799
realisticky,10278
saje,10279
logickou,2010
zaplať,3059
utkáním,7405
mrkve,10280
knížky,4719
vyčíslit,10281
unikl,10282
nečetla,10283
neznam,10284
schopnostem,6402
příslušného,1956
uplatněním,10285
jezdí,6022
tahle,1113
vyhnal,5581
zrušením,10286
ţivotního,10287
izolační,7794
exportu,10288
zpracujeme,709
odrazilo,10289
vložený,10290
shodil,10291
příhodu,8354
dozvěděla,3439
pomozte,10292
gminy,10293
etapa,2976
přehlédnout,3078
šlehač,10294
elektrospotřebičů,10295
mockrát,10296
duchovními,3650
mezinárodního,7961
federativní,10297
hněvu,3941
měnového,2493
kněze,147
trenérskou,10298
odstoupit,3858
obdobně,10299
projektory,10300
parking,10301
fucking,10302
teze,10303
ochotny,900
načerpat,10304
procesní,5748
kardinála,763
zabýváme,2386
seriózně,10305
lilek,10306
sloučil,10307
znamenalo,7266
spolku,1617
dělnice,10308
lineárního,6278
workflow,10309
rozhodčím,1089
nuda,9177
tebou,7065
propracovanější,4297
komora,9991
technickými,1127
obsažen,5220
představeno,833
rámeček,10310
debata,6465
božská,837
octavia,10311
vyslancem,1081
stresových,10312
trávicího,10313
řeckokatolické,2500
schopnosti,6402
mandlový,10314
nemálo,10315
vodotěsnost,10316
smažíme,10317
kostele,7116
švýcarských,960
nesporné,5775
nikdy,10318
pirátů,1745
pohlídat,9789
vložíme,2491
dálkový,8582
významnou,1022
nejznámějšími,292
dvoupodlažní,10319
dovču,10320
náhradní,9272
balkony,10321
master,10322
rybka,10323
metodiku,10324
četby,7559
rádia,5999
drsné,1683
obklopuje,10325
diskutovali,3122
posvátný,10326
prémiových,1993
elektroodpadu,10327
pravoslaví,10328
řazením,10329
game,10330
stránkách,6229
vypracovala,1011
zveřejněno,7009
delegátem,1021
skupina,10126
sním,9929
krajských,1573
záznamům,10331
přihodit,10332
fyziologie,10333
lety,10334
konfigurační,10335
gel,10336
palbou,10337
známé,292
volnosti,9337
jedl,4003
závrať,10338
potkáváme,7199
nadchne,3882
předat,2935
sedl,10339
koníčkem,3129
zaměstnával,6023
blbá,2105
potravou,10340
konečně,10341
maloobchodních,10342
lamelami,10343
mechanismy,3277
kauzu,10344
polévky,8431
zničeného,9459
mus,10345
dělostřeleckých,2953
skrývá,2420
náčelníkem,1070
uzel,10346
skutečném,1411
nenechám,9250
písmem,10347
niečo,10348
ciferník,10349
aranžování,10350
vařič,10351
ústavních,9395
náznaků,5965
tvarem,4644
davu,2945
vděční,1268
představené,1583
venkova,4460
živými,2564
odpálil,10352
přečetla,3717
veskrze,10353
trámy,10354
těžiště,6451
chystali,1498
pořadím,5771
očekávaným,2721
otravuje,10355
opakovaným,4473
nespokojenost,10356
toto,1656
nepokojů,5722
pohlíží,10357
nikoho,2979
řadil,9025
vařte,3392
seřadit,10358
knížka,4719
druhému,2037
pohánět,6683
porušit,4863
mrtvola,7565
ukázáno,1984
nedostalo,3965
posunutí,10359
odvodu,8952
zvedák,10360
přijímacím,7781
úseky,3384
engine,10361
poučí,10362
pension,10363
migrantům,10364
navštívíme,5234
umíte,2703
objektivně,10365
úplňku,8828
zrušeného,4917
urazí,3211
redaktorkou,10366
duchovnímu,3650
rámcem,9282
slavnost,3309
sdílí,7031
skluz,10367
svůdné,1403
stropní,10368
důstojnost,10369
porodila,10370
zákazníkům,819
expedic,10371
radují,10372
obdélníkový,10373
výsledku,2390
neplacené,10374
cukrovku,10375
sebereflexe,10376
kraviny,4161
milovníkům,720
jednají,3698
podpůrnou,4296
rumunská,541
takovém,2095
norem,10377
baroka,10378
odvedenou,1660
jediným,1870
oscilátor,10379
reflex,10380
sezonu,4809
pedagogickou,713
kancléře,1608
samostatném,1713
vyjádřený,10381
médiu,10382
zvěř,10383
šťavnatá,10384
povětrnostních,10385
dcer,2743
strávila,2211
oprávněnosti,10386
sudetských,10387
neuvěřitelné,10388
nepamatuje,4005
oživení,10389
točivým,10390
ingrediencí,10391
vokály,10392
vanu,10393
okres,10394
devítiletá,10395
lehkým,3198
přeměnu,6516
zaměstnaní,2987
alternative,6009
sněmu,3446
řeky,2389
let,10334
patentovaným,10396
vnučkou,2549
železniční,4519
kosmického,2972
podpořilo,1387
montáži,4576
magazínů,10397
úžasné,3248
živili,1995
ledvinami,9959
chaloupka,10398
formulaci,10399
vrcholné,1567
panda,10400
schvalovací,10401
nastěhovali,10402
odkazovat,6299
půjčí,5310
lidovci,3220
mrtev,4894
oddělí,7600
refinancování,10403
vášně,7220
vrak,10404
tatarák,10405
nepřišlo,2674
přídavek,10406
šesté,5056
psychickými,6274
modelům,2668
čerpali,1691
spouští,7864
vydrží,6340
pokapeme,10407
posudků,2440
židlemi,10408
oslovení,10409
veřejně,10410
usnout,3413
republik,8381
hranicemi,4931
svalového,4038
mamutů,10411
obdrží,4660
chuťové,10412
drážní,10413
vyjmeme,10414
svit,10415
rajčat,7874
prvním,5133
mašinky,10416
přednášce,8567
akci,7015
utíká,8911
rozinky,10417
kosmonautiku,10418
aktuálního,10112
květnu,10419
povedených,2039
obvinili,3343
beze,10420
optickým,5055
vypněte,7200
vysavače,4024
rovinou,1885
drony,3683
sestry,2985
vysvětlovala,722
znovuzrození,10421
opora,10422
postavení,5064
nabídneme,1788
chladným,5959
slabým,3504
převelen,10423
mlhovina,8418
upřednostňuje,10424
have,10425
jednotlivci,2751
domovská,10426
historickým,1593
sňatku,3566
profesionálně,10427
klidně,10428
všední,5558
těžkých,5858
nádechem,7190
můţe,10429
neručíme,10430
potřebovalo,2922
útočníka,309
komunitní,6270
absenci,10431
pomůže,3041
návrhům,2177
sněží,10432
mlha,10433
vykázal,10434
poručíka,725
prokáže,2162
sopečných,10435
laboratorních,10436
názornost,10437
vysvětlili,558
hardwaru,10438
intuitivním,7234
parník,10439
dcerku,5778
opakovalo,1681
oko,10440
dopravní,6485
současní,923
doplňkových,9223
profesionály,448
chvílí,2832
mikrofiltrem,10441
přístavy,6626
odstraníme,4989
podílela,1000
plynovou,6891
duše,4270
obléknout,10442
komunálního,3254
dres,10443
zimou,10444
logo,10445
zaskočila,6296
ponorky,7849
snoubence,4141
logiku,4836
vytvářen,1709
maličký,10446
vyslovilo,1699
vyhráno,10447
inovacích,8423
podáním,10448
zaujme,2350
vyroste,6157
odborníkovi,244
koupelnách,3004
živočišných,2189
objeven,6413
vrcholových,3959
vektorů,2758
stopové,9980
útěku,10449
hloubkách,5821
stavebnictví,10450
chráněný,10451
vlnách,9859
podpůrná,4296
handicapovaných,10452
vařit,3392
šetřit,5215
světly,5123
chválím,2312
kvalifikační,7560
oslavami,4976
tureckých,1114
nemusí,1107
činech,2441
hodinky,7591
nalijeme,10453
postupům,3724
vývojovým,1076
sedadel,8246
odborníkům,244
předali,2935
doprovázen,4870
pobočkou,10454
výjimečným,1305
zájezdů,6981
zádech,10455
odcházet,2123
hypotečních,8783
sjednává,10456
skauting,6569
kabriolet,10457
přátelích,298
položit,5045
telekomunikačního,8770
druhém,2037
únor,9380
uklidní,3764
billboardy,10458
vyjádření,6738
tanker,10459
zažilo,10460
malovaný,10461
vyslovení,10462
poznáním,10463
vrozená,6397
předvedla,1401
bytostí,6295
legislativě,6925
vlivy,4450
obrození,10464
nemoc,10465
category,10466
doprovázejí,3106
mírným,8200
rozvoj,7263
sametový,10467
dnehttps,10468
povodních,9194
provozní,9655
partička,10469
heraldická,10470
samostatných,1713
váhám,10471
stavitele,239
web,10472
drzost,10473
zkusit,3702
úřadem,1971
jasného,7208
předešlých,4186
jaře,10474
přijíždějí,3127
přestavěl,8065
identitě,4741
komplikovanou,1947
koeficient,10475
nim,2360
líná,4148
změním,7185
rozvodem,6308
občasník,10476
revitalizaci,10477
narážky,10478
článkem,2769
automatem,5006
hejtmana,510
naučit,2462
činy,2441
začít,3030
osu,9412
oříškem,3801
řekněte,407
opravený,10479
sklepů,7053
zaměstnání,5253
texturu,10480
smrt,6236
sporákem,8120
dopustili,2345
vyprodaný,10481
sousoší,10482
sestřelení,10483
cenou,2268
samého,326
kompenzovat,10484
třicítce,10485
silničních,10486
smog,10487
výhru,7801
nevzniká,2711
podmínky,3827
tobolka,10488
založí,2819
posunout,4363
povodně,9194
metodou,4165
dob,10489
zkrátit,5668
vstupem,6002
upozorní,633
toužící,10490
závěrečného,2391
podlahové,1680
nepřímých,9120
zdravotnických,1742
kluzák,10491
přesvědčila,1446
čáp,10492
vyšlo,5729
poradím,1868
evangelického,4095
předáním,10493
doplněk,10494
zavražděni,3578
energetickém,3645
ňadra,10495
hodnotných,4254
putuje,5561
sjezdu,10250
jablek,10496
problémy,2175
příjemným,2700
čítač,10497
tajným,3539
zubní,10498
chorvatské,660
chatkách,10499
plat,10500
grafů,4209
údržbou,10501
agendu,10502
mateřských,4975
porodnictví,10503
větě,4851
utváření,10504
zastánců,2329
přímky,10505
účastnili,2450
korporacích,10506
výhodě,9626
výpravách,3230
éteru,10507
zadostiučinění,10508
terénních,10509
totožný,10510
sobě,6676
sídel,10511
hostiny,9357
českobudějovické,9849
památkou,7423
chrámové,1487
vysokých,10512
chytí,3666
nabídlo,1788
schválila,1196
soda,10513
odsouzen,1232
komerčním,8607
správných,1704
hlasujících,3500
obtížností,10514
službách,10515
oddělit,7600
předvádějí,2790
vítěze,753
nejedna,10516
možnostmi,6145
zaváděcí,10517
osvědčuje,10518
fotkám,7498
některá,2220
plynových,6891
odloučení,10519
úkolům,4068
kávových,10520
čerpací,4788
úkazy,4425
zaměřuje,5852
průzkumné,3350
vodovodní,7987
datum,10521
ukázkami,4585
zakládání,10522
zvažují,1359
přijímačů,2217
ano,10523
nezávislá,724
magnas,10524
nalít,10525
lustry,10526
dokončit,1877
zvládli,1981
anesteziologie,10527
dogma,10528
domáhat,9946
další,8867
optimistické,1480
předsedkyní,3924
stejného,5320
útočnou,3261
zločinem,2495
modní,10529
propustil,10530
produkované,10531
svazek,10532
kousku,6982
odtok,10533
obrazně,10534
přibyl,10535
plyšová,10536
setkáváme,9154
zajímavostmi,8073
nominována,1425
golfových,6441
bateriemi,8516
nejhezčích,6502
kolagen,10537
potopit,10538
příležitost,10539
vládě,2639
volejbal,10540
poskytlo,1133
spirituality,10541
dědice,4369
razantně,10542
rozpracování,10543
porodem,6268
vyšetřováním,10544
zdokumentovat,10545
filozofická,3039
příčku,9034
vysloví,1699
smůla,7679
demisi,10546
zavádění,8289
železnicí,6651
cizí,10547
citlivostí,9136
rozkošný,10548
zmateně,10549
poskytovatelům,765
kibuc,10550
zasvěcená,3713
vystupovali,1973
sežere,10551
odhalena,4792
pilu,5573
cenných,6053
mák,10552
ekologickým,2589
prosazovat,2428
tělesa,5769
výcvikového,10553
převodovka,10554
mladém,174
osobách,1555
břehu,2567
pravděpodobností,10555
nesouhlasila,1071
schématu,7212
pastorační,10556
surovina,4304
přesouvá,10557
přírodovědného,4445
naskytla,10558
připojený,10559
chytrými,2106
množení,10560
jakkoli,10561
neřešil,3227
doplní,528
chod,10562
věřitelům,820
malárie,10563
látka,5519
hrst,10564
současnými,923
přistání,6525
maloobchodu,8410
původních,5222
trio,10565
work,10566
pramení,10567
institutem,2426
pláž,2269
talk,10568
pixelů,10569
pitného,3781
čtyřka,10570
kauzou,10571
pecky,3983
součin,10572
plánovanou,1633
levný,8448
úpravách,7113
odvádět,8057
upečeme,10573
věčným,3980
uvidim,10574
ostatky,10575
generálem,231
zastupitele,506
dřevitá,10576
neznámo,8528
lednu,10577
částečného,3911
firewall,10578
tomtéž,2290
skoda,10579
vysněného,10580
nechodil,5309
útulný,10581
širým,10582
hokejová,969
nemáme,2115
lékařem,183
oslovených,10583
stojatých,10584
vybráno,975
projektorům,10585
měřítka,7285
dojít,5839
pamětí,10586
připadat,2999
svěže,10587
spjaté,1111
pětka,10588
dobrému,2419
hrobu,6556
výcvikový,10553
maturit,7270
viadukt,10589
obavě,3972
následovníků,986
pozvednout,10590
odvětvím,10591
zahřívá,10592
vířivka,10593
těchto,1656
zrcadlení,10594
hradit,7686
témata,2471
křik,10595
podněty,5578
výherní,7671
odběratelem,1153
belgického,1429
papriku,10239
zvažovala,1359
zrekonstruován,8715
obávají,2103
balón,10596
amoniak,10597
trojici,7838
chrámu,6828
bourání,10598
pomocnými,425
záchranných,3862
tvorů,1636
zasílá,10599
zvláštnosti,10600
nejprestižnější,3135
způsobenou,3870
vztažné,10601
nesrovnalostí,10602
plazů,10603
vanilkovým,8108
vietnamské,10604
nezaslouží,10605
aparátem,4695
sportovní,7865
natrvalo,10606
prase,10607
cokoli,10608
taktiky,7378
účastnících,527
citace,5191
stanovovat,1485
notečkou,10609
vyžádá,5836
rusky,10610
vyhlášen,3769
liberálů,10611
komunity,10612
možnostech,6145
nedávno,10222
slovačiny,10613
žalovat,10614
fotografická,773
všimli,1444
dravých,10615
řádové,10616
doplácí,10617
šachovnice,10618
vzpomínka,2877
slabých,3504
časech,6203
potvrdily,836
extrémní,5236
nektar,10619
oslavují,8495
poznat,2036
vnitrostátních,10620
nejistoty,5118
šťávou,3001
víceletých,10621
malířskou,2722
několikrát,10622
nezaměstnané,766
mrazícího,10623
přípravu,2048
mítinku,10624
start,8697
obráceně,10625
modernizací,10626
tržních,10627
sluší,8106
sejmout,10628
mostu,6433
kosmonautů,459
spraví,10629
zábavou,10630
bol,10631
rozpozná,10632
ohřívač,10633
překl,10634
systémů,4308
filozofů,65
nezávislost,10635
nebudem,2244
metody,4165
svařování,10636
doplněním,10637
úroda,10638
robota,1257
nemocnou,10639
epilepsie,10640
pamatujete,4005
cedr,10641
média,3584
poválečné,1157
vyplývá,10642
pixel,10643
kritizují,1582
technologické,1302
propaguje,3376
barel,10644
děkujeme,6440
japonské,642
terorismus,10645
vrat,10646
odesílatele,10647
tranzistor,10648
zálohové,10649
ostatních,10650
rezervace,10651
tematika,8006
nosníky,10652
vytvářeli,1709
zakoupí,4780
diagnostický,10653
nahrávají,3069
hliník,10654
lehkých,3198
pohybuje,5556
továrního,10655
farmaceutické,1171
stojící,10656
sezóně,5298
pahýlů,10657
odpovědného,1409
milostí,10658
spínačem,4584
mediálním,4246
libovolným,7172
samém,326
vyrobit,1778
bojovníků,823
mrakodrap,8523
vyslanci,1081
křesílko,8772
čsfd,10659
srov,4200
tolik,10660
dávkách,10661
vyjímatelný,10662
baziliky,10663
klady,4882
pozoruhodná,1693
letošním,5407
pojďte,4153
vybraných,975
usmrtil,10664
exotického,1561
práce,3993
science,10665
slíbila,1088
zásahem,7002
doplňuji,2737
sovětskými,516
tajném,3539
zaměs,10666
zlá,1221
inteligentních,6944
změny,4129
dbáme,10667
výborech,987
jaro,10474
pravidelný,9703
zdražení,10668
návštěvu,8850
tvrdila,1073
švagra,712
mlčení,10669
skonu,10670
kupujeme,10671
živobytí,10672
oživování,10673
komínový,10674
sehrála,1537
ošetřujícího,10675
počkej,2843
odhadu,4020
protoţe,10676
odchylky,10677
sluch,10678
justiční,10679
užitím,10680
korekční,10681
přesné,2378
napíšu,1402
krátkého,2882
což,10682
hospodách,10683
kosmonautiky,10418
lanovku,10684
síce,10685
postupný,8876
výkyvy,10686
finanční,7216
legislativy,6925
školního,9362
klenoty,2417
genderové,10687
obtížněji,10688
odůvodnění,2411
zajímavě,10689
vodotěsná,7916
elita,10690
vyjádřilo,979
pomůcku,10691
tunel,10692
exkluzivním,6137
nadpoloviční,10693
válcovitý,10694
výpočtech,8829
přístupem,7003
půvabné,2661
provided,10695
torzo,10696
zprávy,5682
honička,10697
povaha,6729
úmrtí,9634
klíček,10698
akreditaci,10699
kolektivního,10700
týmová,1566
nuceni,2265
telefonem,7826
zaúčtování,10701
čerpáním,10702
spousta,10246
expertní,10703
nedělám,1466
komunitním,6270
operaci,10133
otevření,7796
melír,10704
sourozence,9877
ptáci,2190
výkonem,4789
třísetovém,10705
grantů,3930
fotogalerii,10706
nesmrtelnost,7813
stroj,3288
popálenin,10707
požadavky,4715
uvidíte,2919
příroda,10708
poslouchal,8627
rating,10709
osvobozování,10710
hrníček,10711
spoleènost,10712
jednoduchých,5809
kašny,9781
okraj,10713
květnových,5244
chytrém,2106
relaxovat,10714
hrála,1393
šachty,10715
dobít,10716
sídlištích,6398
rozlišuje,9427
slovníku,3868
škodlivý,10717
pátečního,10718
vlévá,10719
magisterské,2298
protestovali,4573
diskvalifikován,10720
zavádějící,10721
dlouhodobou,3901
odkazuje,6134
štola,10722
mikroskop,10723
květinových,10724
vychází,4502
plastovou,2676
komunistům,164
víra,8474
jiny,10725
podněcuje,10726
nevědělo,1267
opatřeních,10727
zákazníku,819
výchově,9463
realizují,828
zadat,2660
pokrytý,10728
přidávám,10729
stažen,10730
odmrazování,10731
spekulace,7137
lidmi,377
prstenec,10732
sektorem,3425
šťastné,1017
medií,10733
šetřením,10734
činnostech,8467
finská,563
limuzína,10735
citové,2379
zpětně,10736
little,10737
výbornými,2075
zoologická,3395
střediska,10738
alternativa,6009
rozpuštění,10739
odpoví,2009
překonat,5726
vestoje,10740
tramvaje,10741
summitu,10742
vědomosti,10743
řeku,2389
when,10744
tenisového,3852
daří,10745
diktát,10746
varphi,10747
skautek,10748
přijatelnější,5395
řečeno,4245
středních,10749
marie,10750
teroristy,547
šlechtického,3812
nevydržím,6340
senzace,6276
kruhový,10751
předcích,5831
psán,10752
nevýhod,8312
temného,2064
dostatečný,10753
vyloučených,8494
departement,10754
okupační,10755
zpěvy,2949
mocnostmi,10756
šířil,10757
hladomor,10758
probral,8353
kongresů,10759
takovéto,3221
věčná,3980
majitelky,441
obnáší,10760
rozdělit,3109
předělali,7685
neexistuje,6867
solární,7306
figurují,10761
oválný,10762
věřitelem,820
autentické,1210
fungováním,10763
stanice,10764
prostranstvích,10765
prezidentu,54
testovací,10766
výsuvný,10767
teplárny,10768
centrální,10240
nadprůměrné,3456
zářením,10045
elegantně,10769
vězně,442
řeholních,10770
vědeckým,1055
samohlásku,9522
vestavby,10771
armádním,5571
zákoutí,10772
způsoby,1873
ţivota,10773
alespoň,10774
samosprávou,10775
navrhovat,1421
světovém,1295
špatném,1495
odst,8968
povodeň,9194
čárových,10776
pocházejícího,7574
cítila,2348
jmenovaného,1329
dobová,1459
obohacují,10777
jazykového,1712
nestal,1941
nedaleký,10778
motivované,3877
afghánské,10779
pozůstatek,8736
korunách,10780
korunní,10781
ramen,10782
tranzitu,10783
expozici,4282
úroků,10784
nabíječ,10785
distribucí,6642
objektivní,9234
loňském,3933
neuvidíte,2919
zpravodajství,10786
dopadající,4342
takovéhle,5524
zaplavení,10787
slovenskou,372
nezasáhl,10788
uvádějí,2138
zachráněn,6819
optimalizovaný,10789
prudkých,4409
femme,10790
zjemňuje,10791
zaměřený,10792
sympatie,10793
měně,9828
jednou,1281
častým,2615
řešit,3227
chemickým,3738
vzděláváním,10794
tramvajové,4011
sklonem,8203
rodinná,3453
zazitku,10795
potopil,10796
pečený,10797
sprej,10798
ideologií,9512
pracovníkovi,323
hlasovou,1273
nutného,3283
misijní,10799
kousků,6982
tocích,5996
rostlinu,8531
pramenech,5299
zvedl,10800
prvn,10801
zaměstnavateli,443
editaci,10802
docenta,10803
testosteronu,10804
přepadne,10805
diplomacie,10806
přípravná,1751
mixérem,4067
operátorů,652
setrvá,10807
znárodnění,10808
právnickou,4154
samotnou,559
žijeme,4204
gólů,2603
prudkému,4409
nejednu,1185
hradů,10809
biblická,849
kompaktních,8855
babkazov,10810
nenutí,3851
nepravdivé,1563
životním,3770
muzeum,5442
ďáblem,3949
peněz,7535
porušen,4863
spánkové,10811
hybrid,10812
neučinil,3861
řešení,5231
odehrávaly,3732
výhradou,5494
polévek,8431
potřebnou,7783
vesnička,10813
dobré,2419
třetím,5504
zaujmou,2350
představovali,2321
kultivar,10814
setrvačník,10815
nechvalně,10816
manga,3107
zmatenost,10817
realizován,3476
temná,2064
tíha,6457
moravského,2368
bohoslužbách,7730
hele,10818
rozkol,10819
nedostupný,10820
vojáky,200
potěšila,4447
linii,8549
citlivé,1205
setká,3053
mixovací,10821
potomků,1450
zkoušky,3617
sexuálně,10822
krev,10823
referendum,4398
pravicové,684
export,10288
polovinou,7879
nevybíravě,10824
pojetí,8716
teroristické,3204
miss,10825
pomalým,9050
marketingem,8295
přepravou,10826
podívá,8624
trénovat,2746
šestou,5056
operátorem,652
předzvěstí,10827
asfaltových,10828
stávající,10829
nejcennější,6053
birth,10830
celosvětově,10831
odráží,10832
grand,10833
použitelný,10834
nezapomínejte,3771
jmény,3138
pólu,6432
těšila,1949
nepředstavuje,2321
přivítáme,2998
podstaty,4546
dlužníkem,1079
nelékařských,10835
poznamenán,632
bojim,10836
agenta,346
převzali,1642
rychlíků,7641
zapomenu,3037
skalních,10837
archanděla,10838
důležitosti,10839
sprchou,10840
vicemiss,10841
rozhodnutími,4968
uplynulých,5070
sběrače,10005
vysychání,10842
pračku,10843
odcházím,2123
trůnu,6649
rodiny,6567
tezí,10303
žebříčcích,10844
letadlo,8795
frekventovaných,10845
šperky,3545
uteče,5125
šlo,4153
buržoazní,10846
prezentovaných,3408
odlišných,4310
klasice,10847
zbývající,10848
kočár,10849
nemůžete,1998
vodoznak,10850
ekologického,2589
nové,1377
kritériím,7922
lze,9544
dohodnou,3363
dceřinou,8094
kamenem,6931
výzvám,10851
popravou,10852
výsledná,2402
založený,10853
plynového,6891
náhodě,3021
neuměli,2703
zdarmabez,10854
ringu,10855
zapomnělo,3037
čerty,1474
sedacích,10856
věcech,7282
pokrmu,2494
beztak,10857
obtížně,10688
zaměstnavatelům,443
většině,5674
umožňujeme,10858
těžší,5858
reprezentovat,5803
místotř,10859
přesilovce,9995
intuici,10860
etnická,1964
mohlo,1998
rezervního,10861
protivná,10862
inženýrská,4340
čaroděje,6142
pilota,230
ignoroval,10863
létá,10864
jménech,3138
dočkala,2272
vyrazí,5811
pravdu,2576
milované,1134
hotelech,5462
potrat,10865
státních,10866
tělovýchovy,10867
složila,1478
poskytnutím,10868
elektrárnu,5641
štíhlejší,9055
věnovat,4589
pojďme,4153
odlišném,4310
jednoduššího,5809
mazu,10869
křídlech,10870
skotskou,643
telefonicky,10871
textilních,10872
vybraná,975
hľadáte,10873
shodují,10874
neustálý,9768
biopaliv,10875
vsadili,1931
vypisuje,10876
rozluštit,10877
kurfiřta,10878
zalesněných,3760
reagovat,1275
důmyslně,10879
vlivných,1209
těhotenstvím,10880
výuční,10881
křesťanství,10882
samým,326
krážem,10883
letectví,10884
toaletního,10142
uveďme,395
paráda,10885
sepsání,10886
sympozia,10887
vhodnější,5816
sarkazmus,10888
misionářů,550
prezentovaná,3408
povrch,10889
mírová,2629
bažant,10890
nejpřísnější,1586
nůžky,8293
metadata,10891
povíme,1208
spouštěcí,7864
učením,10892
zelený,10893
opřít,6921
nebezpečné,3185
okem,10440
motorek,10894
poradenskou,1748
česání,10895
zastupitelstvem,5975
výkonné,539
souvislostí,8272
panelový,9864
usednout,5621
stavbami,6231
nedodržení,10896
průběžný,5292
vesnické,1230
prostředcích,7493
upoutat,6968
jednomyslně,10897
vínem,9514
nástupcem,2675
koloběhu,8748
strmý,10898
navíjení,10899
udělením,10900
telekomunikačních,8770
závislostí,10901
plovárně,10902
title,10903
příspěvkem,10904
uděláme,1689
nevěřím,2311
vysvětlování,10905
bolestivé,8064
čerstvým,904
přikázání,6893
argumenty,2139
přináší,10906
ohniskem,10907
obdobným,10908
zpívala,1201
navázat,3370
vysvětlí,558
projednán,10909
look,10910
nedělních,10911
otvor,10912
rámcově,10913
černobíle,10914
takové,2095
fundamentální,10915
oslavovat,3615
zábavnou,1235
apartment,10916
akcionářům,676
stipendií,10917
spánkem,10194
osobnostní,6130
energií,7531
dodavateli,498
kmenových,759
příčin,6559
vážného,2314
novém,1377
zdůrazňují,1101
přístrojem,1912
odkaz,10918
podnikáním,10919
slovníček,10920
imdb,10921
prodyšného,4515
onkologické,8830
skrytou,5963
znenadání,10922
hlasují,3500
psychoterapie,10923
výzkumy,4102
vzdálenějších,10924
severní,7361
svahů,10925
souhláska,10926
propagandou,10927
pětici,10928
ofenzivu,6151
kontaktovat,10929
chorvatském,660
norské,565
uplatní,1091
předválečné,10930
spalovacích,10931
karosářské,10932
současnému,923
radikálně,10933
rybíz,10934
plánovaným,1633
petržel,10935
strojovny,10936
akvizice,8210
rozkaz,10937
retardací,10938
letce,891
prej,3728
pomocných,425
inspirováno,1115
adventu,3349
obdob,10939
nařídí,2584
zpomalení,10940
svalovou,4038
dechových,6735
mléčných,6258
kalkulátor,10941
nemocnicích,8573
komisi,7280
kulovitý,10942
see,10943
prostředníkem,2047
letité,10944
nezdálo,6262
nostalgie,10945
kopie,8826
měřítko,7285
studijní,6740
otočením,10946
představenstvu,3245
mlčí,6197
norským,565
příkladů,2478
předplatného,10947
koná,8004
propustili,10530
izraelským,701
arzenál,10948
krmítko,10949
svévolně,10950
makeup,10951
piju,3685
podezřelým,2008
ropné,1780
exekutorů,10952
navržen,5293
rakoviny,3268
báňská,10953
fasádu,8970
představilo,833
rozvíjení,10954
střídání,4561
referát,10955
poplatků,6530
třicetiletá,10956
něco,6696
identifikátor,10957
zeptá,2762
divokých,5402
xxxx,10958
závodníky,205
narazil,10959
bankomat,8160
samostatná,1713
decentně,10960
sedadle,8246
splnění,10961
vyzkouší,3381
nakladatelstvím,5717
kazetu,8552
působila,1236
poskytovatele,765
nákladech,8348
vzlétl,10962
koncepčně,10963
trenéry,148
granát,10964
ohraničený,10965
připojuje,10966
etnika,10967
síni,8919
líbit,1991
posily,10968
dřina,10969
zobrazený,10970
pozitiv,10971
xml,10972
známým,292
csfd,10973
inspirovaly,1115
balicí,6613
vítězná,930
dálničního,7139
automobilové,1363
torza,10974
srozumitelné,4137
neobvyklým,4751
kořením,10975
kroutící,10976
fixací,10977
ohledem,6444
dřeň,10978
drobnými,2906
překládání,3733
krajině,3508
insolvenčnímu,8393
vlakové,8695
skalními,10837
jedinečných,1532
skartační,10979
vyloučeno,8494
podřídit,10980
zpřístupní,10981
placených,2179
islámu,6791
chřest,10982
bočních,10983
společenskými,3946
postaven,4144
čerpají,1691
jeřábu,3105
utéct,5125
serotoninu,10984
řídicího,10985
sklem,10986
učebnicích,7951
povedla,3503
obyčejně,10987
dosedací,10988
souborech,1063
patent,10989
dohodne,3363
úklidem,10990
duben,10991
zajisté,10992
vlaky,4117
vystavený,10993
opaku,5005
zastat,10994
etického,2355
výběžek,10995
prokuratura,7592
orientuje,6454
vyčerpaná,1093
řidičských,3214
slunečné,4820
vládu,2639
valné,4920
diamant,10996
kedy,10997
sedací,10998
automatů,5006
okupaci,2344
zásobách,10999
zvládat,3472
napořád,11000
čtyř,9818
výprodeje,11001
oceánem,7965
stanoviska,4639
křesťanským,1489
šálek,11002
exportní,11003
jantar,11004
markýzy,11005
plodí,11006
stanovisku,4639
likvidací,11007
into,11008
projevovat,4886
textovými,2016
jiném,1327
komentářích,5783
dálkového,8582
posta,11009
invalidním,7657
přečetli,3717
webů,11010
uvolnit,3457
liniích,8549
mířící,11011
obráběním,11012
teologická,6109
rozhodit,11013
gynekologa,11014
králíků,3036
interiéru,2171
obešel,11015
masážních,11016
protínají,11017
ben,11018
projektového,1051
psychika,8213
naměřili,11019
obdobím,8882
úmysly,2735
with,11020
draka,11021
práci,3993
neukazuje,11022
přemýšlím,1986
muzeu,5442
určíte,1622
letištěm,11023
fps,11024
zeleninových,5254
úvazek,11025
zkontroloval,11026
sejít,4833
šroubovák,11027
vládci,1460
státu,1941
oslavách,4976
maturitě,7270
domácího,4126
karma,11028
prarodičů,3319
samota,6790
precizním,3750
obrázkům,5020
doporučuji,6680
nezaměnitelnou,1878
obdobné,10908
spojovat,11029
dělostřelecké,2953
seminářů,6987
nezbytného,6029
téhle,1113
déle,6242
špičkové,1096
povrchového,5121
dlažby,9772
švédským,768
rozsáhlých,4059
hodlám,11030
funkcionalismu,11031
přeji,1626
vývozu,11032
vypadá,5881
liberálních,4927
vydatně,11033
hloupé,907
oním,1989
pomohli,3041
pivovarnictví,11034
lidovým,1534
guvernéra,511
interdisciplinární,11035
podplukovníka,692
seznamuje,11036
atletických,1627
sebevědomé,1009
nejmodernějších,7104
činitelů,1042
italská,639
závěť,11037
multiplatformní,11038
záleželo,6395
podepisovat,1311
rodičák,11039
sloup,11040
čtyřicítce,11041
začíná,2299
krajiny,3508
vstávám,11042
mechanicky,11043
katastrofu,11044
inspirovala,1115
soudech,1181
stím,11045
hrůzou,7740
tajemnice,11046
výtisk,11047
hvězdné,517
úvěrech,5155
zaměstnána,2987
nezávislosti,10635
trestního,11048
rodinou,6567
zkázu,10059
reálnými,5112
považuju,4772
jiná,1327
porodnost,10124
tolerovat,11049
plátce,11050
popření,11051
oxidů,3520
vyřešení,11052
dopadech,5647
důležitost,10839
levým,8690
vlajkové,10135
koupelně,3004
zastřihovač,11053
srovnat,4200
ekonomiku,9364
zprávu,5682
jogurtů,5606
odložený,11054
předpony,11055
výjimečnou,1305
zahraničními,3049
bojíte,2507
hmyzem,7516
židovských,1195
opravdových,1929
proudy,3057
nepřízeň,11056
velitelů,495
stylů,4072
poslání,3412
západu,4397
rozešli,3052
spojených,5665
zbrojního,8557
sádrové,11057
vyhozen,3716
chytit,3666
vyhrazený,11058
číselný,9644
hláška,2759
získáváním,11059
mládež,11060
vyvíjí,11061
nedá,4122
počínání,11062
bobovité,11063
paměťová,3814
plníme,7461
rumem,11064
zubaři,661
tahu,4972
vystavovatele,11065
konzerva,11066
závažnou,5316
odstraní,4989
zakázek,3956
těšim,11067
tahů,11068
inspirace,4318
kind,11069
léčebným,6464
těžkou,5858
běžeckých,7433
přeměnil,11070
skáče,11071
mnoho,11072
křehkou,3280
sazebníku,11073
pozemkových,9606
zeměkoule,11074
dotyčné,1059
vzácnější,5997
vlastenci,11075
demolice,5710
datového,3527
prohlašují,1522
nedosáhl,7977
ponejvíce,11076
partyzánů,3794
místy,9414
vážíme,5570
židů,2435
branku,7954
příměstských,5199
překvápko,11077
spáchání,11078
vskutku,11079
chudoba,11080
syrské,1486
popravu,10852
neštěstí,11081
statistických,2651
mladým,174
přírodovědecké,11082
relaxační,11083
bankovních,9794
fosilních,11084
halucinace,11085
recyklovaných,11086
poznala,2036
nechávám,3314
přídi,11087
zaměstnance,429
transakční,11088
looking,11089
obdobných,10908
penaltovém,11090
kódechv,11091
světu,2730
čarodějnický,761
koordinaci,11092
umístěn,7093
zápasy,4739
kartu,11093
vyhrálo,3559
pětiletou,897
rodiči,529
jistota,6384
sbírku,8658
fungovalo,5890
vhodného,5816
úpravy,7113
poptávajícíz,11094
klukama,11095
šestým,5056
hrály,1393
chirurgickou,2432
tělísko,5769
schovávat,9609
příruček,11096
zvláštně,11097
přívrženci,11098
spojeným,5665
zaznamenávání,4840
včera,11099
veřejnost,8214
multitasking,11100
finančními,7216
roláky,3005
dosavadní,11101
ústecké,11102
nemyslet,1194
malířská,2722
tajemných,1768
evaluační,11103
muj,11104
uspokojuje,11105
odstínů,11106
místapo,11107
svědectví,11108
uvolňováním,11109
lehnout,11110
dospělou,1003
katastrálních,11111
sedadla,8246
dítěte,5649
zodpoví,11112
písčité,11113
fakta,11114
japonštiny,11115
analogových,4628
devátých,5790
zvolení,1164
aplikačního,11116
zdůvodnění,3934
rezervujte,11117
sněžit,10432
hnětací,11118
slide,11119
lifestyle,11120
krytinou,11121
samotnými,559
demografické,3895
kanalizaci,6839
odpočinkem,11122
uvítací,11123
slepého,1954
nájemních,6303
létem,9801
povolit,3649
teoretické,2068
dvouhře,11124
odborového,1407
trendům,11125
chaosu,7071
horoskop,11126
předmostí,11127
četla,4109
spojnice,7732
náhorní,11128
hodnotách,11129
odpověděla,2009
tátovi,385
zásadnímu,2486
astrologie,11130
koordinace,11092
střednědobého,11131
přesností,11132
nestačí,5025
úřednické,11133
šachta,10715
smíchejte,11134
rizikovým,5909
vynáší,11135
veterinárního,10073
daňovému,3120
vina,5019
vyhodnocen,6953
nedoporučuje,6680
dohodu,11136
nevlastním,11137
ukázkou,4585
nervové,2974
automobilku,3432
hloubkové,11138
lži,11139
složitě,11140
odehráli,4446
sebevraždy,3569
jedenáctého,2297
běžkyně,11141
nemalou,2879
generacích,7831
chorobách,6081
kvalifikovaným,1643
nikoliv,11142
čtverec,11143
větrná,6419
frustraci,11144
onemocněním,11145
dvojku,1833
ucelených,6854
australská,731
starosty,318
bikinách,11146
odlišné,4310
nástupišti,11147
přijďte,2674
ocet,11148
popisek,11149
sklíčkem,11150
návyk,7058
výkonnou,539
pauza,7666
pravosměrný,11151
sobotního,11152
důstojně,11153
uměli,2703
organizovat,3137
nepovažuji,4772
kuchařku,3618
povrchní,11154
stiskněte,11155
porážkách,11156
vznést,11157
hotová,1424
risk,11158
pokojích,8021
nevěděla,1267
motivuje,8475
zdravotního,5813
kádru,5331
leteckém,1375
vyprodánopodívejte,11159
first,11160
ochotu,8734
urologické,11161
použitých,3061
udělám,1689
levicové,483
napíši,1402
lyžařského,4803
zbytečným,5842
radioaktivní,7228
paradigmatu,11162
zastřelit,4684
strachy,2750
týdeníku,4125
utváří,11163
kouzelných,2995
nic,8385
vážnému,2314
kteréhokoliv,2109
ekumenické,11164
posvátných,10326
protipovodňová,4423
děvčátka,5102
čep,11165
puška,11166
say,11167
elegantních,9315
osloví,963
transformací,9687
mladšími,174
souhrnný,11168
zasláním,11169
svatebním,8837
bance,3721
nabídnut,11170
hrozilo,4824
agresivnější,11171
skladbě,3931
centimetrů,6514
památkového,2014
železných,2529
způsobená,3870
hnusný,11172
zatčení,11173
snem,2120
nejjednodušším,5809
přihrávku,11174
věřiteli,820
nocleh,11175
vypadli,3840
nepřátelé,1602
partii,9556
soul,11176
extrakt,11177
znásilňování,11178
eurookna,11179
psaný,11180
hrozné,4097
spoustě,10246
čtvrtfinále,11181
zastávali,4598
popisující,1894
obalech,4898
provést,1819
fotbalová,1199
nástupnictví,11182
dráha,5505
stabilizaci,9690
fauny,6198
růstových,6700
clonu,11183
držáků,11184
daňového,3120
podepisujeme,3502
správného,1704
otvírá,11185
betonového,2611
mozkových,8061
vypouští,11186
rezervu,10022
spadlo,8459
potenciálních,8927
chytají,11187
zplodin,11188
dokončené,9257
domov,8277
písky,5676
rebely,11189
íránské,679
vyznívá,11190
dovoluji,4466
testují,4452
přitáhnout,4193
jedna,1281
sody,11191
zákroky,2457
odpoledne,8758
ochranných,2275
smlouvu,11192
řekněme,3909
subsaharské,11193
přípravy,2048
církvi,9262
chemoterapii,9259
formální,9958
benzín,11194
berlínského,11195
přichystali,1697
nástěnný,11196
sólo,11197
silových,5605
pozitivního,9705
reklamaci,11198
kdykoli,11199
kladně,11200
zkratce,11201
signálu,3445
dárkem,6736
vyslán,7678
pocítit,3958
tímto,1656
šťastně,11202
ukázka,4585
dvoulůžkových,11203
originály,2077
kvantitativních,9949
humanistické,11204
čokoládu,11205
heslo,11206
územního,8972
vyměněn,11207
oblačno,11208
prohlásili,468
europoslanců,11209
navrhla,1064
nátěrové,11210
poddruhu,11211
stránkami,6229
připomenutí,11212
španělským,674
vytvořeného,6239
ozaslání,11213
šestnáct,11214
hřbitova,6714
nepříjemným,2700
spojnicí,7732
velšského,797
luxusního,5600
zítřka,5988
pyšní,1647
nástupci,2675
pýchou,11215
vlasovou,2145
solidní,11216
stíhacích,7239
vznikla,3710
vražda,8933
paměti,10586
zkouškám,3617
vjel,11217
obklopen,4034
oves,11218
tvary,4644
sulfát,11219
fakturu,11220
díra,11221
zpracovanou,2306
poražené,6770
dopravního,6485
nekuřácký,11222
metodologie,11223
anglických,1007
socialistů,7041
exekučního,11224
takovými,2095
blokády,11225
dávat,8586
neodpověděl,2009
zprávě,5682
výplň,11226
případného,3124
pohanských,11227
soutěží,7477
používaný,11228
začátečníkům,1220
definování,11229
periodikách,11230
nenajde,3790
dynamické,2460
průběhu,3657
dort,11231
důvěřovat,11232
klinického,3678
policistou,90
klientech,767
projevilo,1703
plynoucí,11233
symbolů,7855
českém,250
zájemci,6975
musica,11234
císaře,411
určitého,4082
dělil,11235
ženám,1743
hodinkami,7591
standard,11236
odehrávají,3732
voj,11237
skoků,11238
věnující,4589
pravomoce,9805
osnova,3671
várku,11239
došlo,5839
západního,6943
deset,11240
splnit,2917
ovlivnili,2761
ušleháme,11241
ševci,11242
propracovaným,4297
turnaje,10027
vracející,11243
postupovali,4294
nepřehlédněte,11244
měníme,9040
výběrové,7297
chlubit,6220
viděním,11245
protíná,11246
konečného,3164
nosit,6172
rozvíjejících,11247
nevěřili,2311
zapsán,2885
jedinečném,1532
systémem,4308
předprodeji,6911
mláďata,5137
trpím,2373
nemocnice,8573
celému,3194
kritériem,7922
aktivnější,11248
paveljirsa,11249
zbourání,11250
soupeři,1272
záměně,11251
fakturační,11252
překvapila,2516
mne,6374
kočka,6224
rolníků,1117
večerním,5872
sociální,4826
užili,2126
léčivou,2717
programátory,303
kolagenu,11253
vyšívací,11254
směny,11255
dolem,11256
výsadková,11257
akce,7015
formulací,10399
salon,11258
uhradit,9553
určují,2621
vyplněny,2701
záhadou,7751
odpoledních,11259
subwoofer,11260
hnědý,11261
internetových,4157
salonek,11262
nezůstává,11263
doporučuju,6680
aktuálnědostupné,11264
náhlým,5994
parfemovaná,11265
salonu,11266
obtížná,8072
spořitelna,11267
touha,9503
neuvidí,2919
patologie,11268
pijete,3685
alternativy,6009
obviňuje,11269
dusno,11270
vzpomínkou,2877
uspěchané,11271
stokrát,11272
kulturním,2630
používáním,11273
nejpříjemnější,2700
baterii,8516
kultem,5742
kempy,11274
opravám,8604
přesunu,9443
popularizace,11275
sexuálním,3630
podvodní,11276
žulové,11277
živočišné,2189
pozvala,1435
smutnou,890
náhodném,4986
fáze,4664
knížkou,11278
tvořivé,11279
ledová,7346
opravné,8626
elektromotorů,3747
výrazné,1360
nepříznivým,11280
přivede,5475
tenistek,2473
opakovat,1681
křečových,11281
podtrženo,11282
konfliktů,2401
provaz,11283
léčebných,6464
památek,7423
vstřícnosti,11284
plyš,11285
překonán,5726
ovládáním,11286
tělesem,5769
nestane,1941
afrického,2414
regálové,11287
sklepa,7053
barvami,9144
nepořádek,11288
oplocení,11289
bestie,11290
ztracen,4132
meč,11291
diskusí,11292
vysavači,4024
postoje,2393
modální,11293
opravu,8604
rikam,11294
education,11295
přičíst,11296
sláma,11297
rozpadlo,11298
poražených,6770
vraždy,8933
fondu,1499
sériovou,1722
významem,5654
nezní,9529
nevěra,7554
převis,11299
panovníky,358
panuje,11300
formálního,9958
nastala,6408
mistryň,11301
orná,11302
výhodách,9626
střelce,594
vzácně,11303
interpersonální,11304
autorádio,8308
zakryté,11305
puk,11306
orgánu,1261
umožněno,11307
tropický,11308
nitru,6989
trosky,11309
oblačnosti,11310
nachádzať,11311
podívat,8624
osvěty,11312
trubky,5819
own,11313
odmítne,1786
husité,11314
pokojíček,11315
historickému,1593
obrany,11316
ušlechtilá,2504
koncovku,11317
útrapy,11318
rytmicky,11319
zmáčknout,11320
páteřní,11321
výnos,9317
konce,2959
charity,11322
vydrželo,6340
cítili,2348
uváděné,2946
lidu,2455
dobrodružnou,818
průhledného,3780
levného,8448
podepisují,3502
československou,758
aktualit,7353
překvapivá,2448
poesie,11323
strašidelných,11324
pokutu,11325
hamburger,11326
maratonu,11327
citlivost,9136
umějí,2703
snowboardové,11328
karimatky,11329
krytka,11330
nedokončené,9257
nevěnoval,4589
diagram,11331
smluvně,11332
geografické,11333
zaměřením,11334
rozsudkem,8594
muže,262
uvážení,11335
črc,11336
metodologii,11223
souborné,11337
popíše,1353
přeživších,11338
vybrány,975
odstavců,8968
ohnisek,10907
origins,11339
jakému,2815
milénia,11340
vyvážit,11341
spokojeně,11342
puče,11343
republikáni,5503
vypuštěn,4462
zabití,11344
objektům,4216
dozvídá,8620
pozdního,11345
následovalo,4736
organických,3531
vteřiny,4527
vinařské,6166
nikam,11346
zvěrokruhu,11347
fotku,7498
hračka,5062
obyvatelstvo,11348
nezastavil,11349
snažilo,2023
praktikami,6804
soprán,11350
neshody,11351
dluží,11352
náramek,11353
nezletilých,4464
táborech,7471
bojující,11354
nepovinných,11355
skluzu,11356
omezený,11357
oslovují,11358
hovořilo,1488
vylepšil,11359
nečekala,11360
unikátním,5100
manžele,146
trestní,11048
kromě,9229
vinařská,6166
koalici,11361
pomocníky,2288
malovat,3641
středisko,10738
drátěný,11362
řeknou,407
stranických,1953
zaměstnavatelů,443
mravní,11363
rytířského,5922
nevychází,4502
vysloveně,11364
nenávidět,8236
experimentálně,11365
pardubická,1219
novostavbě,7445
pronikne,11366
přistát,11367
tisku,6621
vznikat,2711
snažící,11368
světelností,11369
nabitých,4834
tlakový,11370
loajalitu,11371
podnikat,5086
věneček,11372
omyjeme,11373
gesta,5861
londýnského,2294
obdivují,2792
hymnu,8711
laboratoří,6705
zastoupením,11374
bojů,11375
družstevních,11376
hádat,7624
mladistvých,2286
nepřetržitý,11377
subjektivního,4429
kusem,5957
poradu,11378
evangelia,11379
spravedlivé,3011
balkoně,11380
dar,11381
znovuotevření,11382
přirozeným,3818
zapněte,9347
reálného,5112
fantastická,1314
říkáš,370
pískovec,11383
společných,4712
splnili,2917
předchozími,7434
fyzikálními,3196
domluvit,2542
trikot,11384
zastupitelstva,5975
vnitřních,11385
přepravních,9310
aktivizační,11386
petice,5624
výbory,987
srdečním,11387
povrchové,5121
význačných,9097
pevnější,3521
můţeme,11388
sestávající,11389
prodejního,11390
stěhovat,5071
prudké,4409
biomasy,11391
aerolinie,8268
volené,2178
taxon,11392
sdružující,11393
jemnější,3799
očekávané,2721
odpovědné,1409
chovat,5436
klobásou,11394
pohladit,11395
předpovědět,2117
areálů,5989
obdobný,10908
pokladen,11396
jazzové,662
sigma,11397
neudělali,1689
evangeliu,11398
supersportech,11399
specifickým,2185
duvodu,11400
osvětové,11401
důvěryhodných,4735
ukončení,11402
raut,11403
přehrady,7722
zjistí,3606
pitvy,7367
spuštěn,11404
mikrofiltr,10441
plavek,8095
podporován,4890
fotkách,7498
naladění,11405
motorem,4390
vyvinuli,4661
nepřijali,1154
truhlík,11406
pojmenování,3682
prvotní,5536
chodí,5309
zážitkům,1128
předčasných,6812
akcích,7015
riviéra,11407
kruchta,11408
sklípek,11409
nepočítá,1549
žlučníku,7898
rozsáhlým,4059
programů,2784
postavit,2617
aktivitou,8881
druhá,2037
komnata,11410
podpůrných,4296
překvapeni,1183
bydlící,11411
povedly,11412
nákresy,6726
trvalý,11413
převodem,8300
bicí,11414
zvyklé,1968
ony,2360
zkrachovala,11415
přísavkou,11416
oteplování,11417
evangelíků,11418
konstruování,11419
straně,3643
elektro,11420
gymnáziu,9662
vzpomeňte,1957
zrady,11421
kurzů,11422
litinový,11423
prostorem,4843
pohánějící,6683
jelen,11424
podpořit,1387
kamarádky,3367
odhalovat,2551
káva,7698
vstupy,6002
neláká,5780
team,11425
rezervaci,10651
snáší,4896
trolejbusové,11426
načtení,11427
gravitačním,7859
kompozitní,7087
emirátů,11428
diskusního,9968
interaktivní,6435
pohonu,6146
viděn,11429
snímkování,11430
kamarádů,215
sebepoznání,11431
porovnáním,11432
nenechala,1822
dál,4122
kursu,8051
odbojové,11433
ústavního,9395
použili,1688
nácvik,8478
omáček,9917
přirozenější,3818
nesrovnalosti,10602
krásnej,11434
silničního,10486
salónek,11435
rozpadu,4461
severozápad,11436
zřízený,11437
deals,11438
vývozní,11439
výmalba,11440
seznámí,3073
pátrají,7483
zůstával,11263
zdrobnělá,11441
přikazuje,11442
ukončuje,11443
bahenní,11444
vzpřímený,11445
zkratku,11446
nezávislém,3554
pitné,3781
institucionální,8175
životospráva,11447
mobil,11448
ruchem,11449
subjektům,534
zkazit,11450
divočině,7647
mužským,812
zadarmo,11451
výdělečnou,11452
praktických,3044
tabákové,11453
sklárny,11454
uchovává,11455
zažívací,11456
týmy,584
než,11457
lékařských,3217
abdikaci,11458
koníčka,3129
hrtanu,11459
led,8975
nejasnosti,11460
ulevilo,11461
vířivkou,11462
doporučím,2770
nervových,2974
přibrat,11463
kuchyňské,2104
mezilidské,2804
osmnáctkami,11464
terapeutických,4945
řešeních,5231
klást,2209
ovládací,11465
hovor,11466
zánět,11467
rodový,11468
vlažné,11469
konferencí,11470
návštěvníka,1330
pracím,3993
průnik,11471
lezce,11472
odhalují,2551
směnný,11473
rovnici,11474
svátosti,11475
nevyhnutelně,11476
found,11477
věčnosti,10007
opuštěného,4850
myje,11478
kroku,6121
převodu,8300
anyone,11479
energetickým,3645
typicky,11480
tolerantnější,9885
spár,11481
startuje,6378
kontaktem,11482
citací,5191
odpadovému,7301
bankovky,11483
vážnou,2314
narozeninách,11484
dopisu,11485
naplněn,10199
předepsán,11486
energiemi,7531
gravitace,11487
začarovaným,11488
funkcionářem,243
náhrobní,9788
klozet,11489
mandarinky,10049
ploch,11490
zorganizovat,3677
odpovědná,1409
půjde,4153
švýcarským,960
vážil,5570
ukřižování,11491
dánském,519
obnoveného,5136
nových,1377
polská,488
nečistoty,11492
osvědčená,1420
manipulačních,11493
každá,1663
stanovený,8724
pohladí,11494
hypotečním,8783
sloužil,11495
prodejen,11496
skotské,643
nehodnotil,11497
provozních,9655
zakřivení,11498
pozdně,11499
fontána,9961
vzhled,11500
opakovaných,4473
jíst,4003
tónem,8577
doktorku,3610
odeslal,11501
manželům,11502
sloučit,10307
moudrostí,11503
posilu,10968
soukromých,3808
hlubokým,6544
odehraných,11504
dělí,11235
gotické,2875
plněný,11505
rodinu,6567
pluk,11506
vlaku,4117
licenční,10106
zbudován,9667
udělila,1955
městečka,9963
naftových,11507
podporuji,3739
příjem,7244
planeta,11508
varných,11509
vrtá,11510
započaté,11511
světy,2730
úsporných,6085
nafotila,1616
dvorem,8918
užít,2126
autorádia,8308
lítosti,8254
révy,5169
vybranými,975
vypuknutí,11512
opilá,850
kauzy,10344
ruské,381
přítele,298
nevědí,1267
navodit,11513
totéž,2290
zavírá,11514
nadnárodních,5898
sluníčko,11515
nápadný,2786
zákazníkovi,819
uklidnit,3764
šermu,11516
důležitou,2498
předmětného,11517
kosmologie,11518
pacientovi,504
nezkoušel,11519
vypnutí,11520
věcem,7282
omylem,3786
naštvaná,1374
těžkého,5858
neuvádí,2138
vyspělejší,3957
výkony,4789
krade,11521
minutové,3847
zamilovaná,911
kontejnerech,11522
nelíbila,1991
barvou,9144
výchovného,908
představeným,1583
vyšetřuje,11523
doku,5146
vyjadřování,11524
uhličitého,2388
znamenat,7266
nepříznivých,11280
políbí,11525
restartovat,11526
červnu,11527
dodán,314
těstovin,11528
šťastnou,1017
but,11529
neúspěšném,11530
chladně,11531
doménových,11532
šestka,11533
kněžského,11534
pohlavního,8264
still,11535
ministerstev,1809
dělali,1466
trefili,3787
samohlásky,9522
necítil,2348
určité,4082
pozorujeme,5073
identifikuje,4704
předpokládala,1924
krizového,1517
smírčí,11536
kancelář,11537
vodního,6690
vzor,11538
postupu,3724
udělilo,1955
seniorům,11539
jednoduchým,5809
kauci,11540
čeza,11541
charakteristická,2333
geologického,3722
fotbalovým,1199
propagace,8967
nezapomeňte,3037
lití,11542
aftermarket,11543
působištěm,11544
pozorovací,11545
opuštěn,7049
pěstounů,11546
dobovým,1459
hladomoru,10758
spokojeno,1634
turbíny,7920
ovlivňován,8462
plátcem,11050
naplnění,11547
dotykem,11548
spolupracují,1080
nahlásil,11549
poslanecké,3463
člena,497
patrona,11550
nerozuměl,11551
makléře,552
rozvojovou,1344
neztrácí,11552
docílit,4923
odstartovali,3023
motivem,1727
poslouchám,8627
nadpřirozených,8957
politiku,7525
sezónou,5298
znalostem,4900
jednorázovým,3131
rodných,5532
startupů,11553
průřezového,11554
proměnilo,3359
kloboukem,5217
archeologického,2371
psalo,1451
soukromém,3808
kyslíkem,5058
unaveni,11555
všechen,7917
having,11556
zesnulých,470
vznikaly,2711
školné,10107
revizní,11557
budovat,2871
rozvrhu,11558
příčina,6559
poskytoval,11559
kanálový,11560
dávkových,11561
společně,11562
vyloučí,3742
tiskárnami,9761
nosních,11563
vyhodnotit,6953
následujícího,9686
vrahy,286
podstatného,4500
hotelového,3247
zmapovat,11564
obleku,2739
pult,3229
vyhledává,11565
přednášek,8567
síra,11566
svíčkách,11567
potrubí,11568
upřesňují,11569
stolních,11570
automatizovaný,11571
len,11572
přehrávejte,11573
ochutnávkou,11574
interval,9651
porovnává,11575
euforii,11576
vyplnění,11577
sprcha,10840
převládá,11578
diferenciál,11579
předají,2935
pere,11580
prohlášen,11581
sexuálnímu,3630
krotit,11582
obytný,6783
občanovi,779
totalitním,3524
fakultních,11583
pitná,3781
zisk,7567
socialismu,11584
řešící,11585
částečné,3911
poměr,4285
vykreslování,11586
fakty,11587
zájmů,6293
komunikacích,9678
stěna,6865
potiskem,11588
heavy,11589
nedostatku,4195
koupelnové,3004
závěrečném,2391
nákupních,11590
dotykový,11591
větve,11592
vystihují,11593
mostem,6433
článok,11594
černochů,11595
kvalitnější,4532
jablko,10496
klínový,11596
pravost,11597
lingvistika,7046
vyčerpání,5572
důkazem,3421
srozumitelnost,11598
provizorně,11599
spotřebitelů,1100
svéprávnosti,11600
směrovač,11601
bohatými,1942
saka,11602
jmenovitě,11603
platbu,11604
protestu,5464
socialismus,11584
auditorské,11605
hračkami,5062
vybaví,3295
bezpečnostní,10093
firmwaru,11606
rybích,11607
sestřelil,9685
limonády,8721
stálo,1941
španělské,674
sestavy,6106
charakterizovat,2096
kompetencí,11608
otevřenosti,9170
zákonného,1829
předsíně,11609
usiluje,3726
potřebné,7783
for,11610
zas,11611
přestěhovat,5855
popravit,11612
obrázky,5020
svede,11613
konverzí,11614
přepínání,11615
řádek,11616
fyzicky,11617
zemědělského,2749
facelift,11618
nejistá,1019
zvířaty,5667
nejžádanější,3471
hospic,11619
naučný,11620
sebevědomí,1009
zdědil,11621
čemuž,10682
lekce,7357
šanci,11622
kapsách,11623
viru,7038
rozkolu,10819
třílůžkový,11624
milion,11625
zaujaly,2350
zřízením,11626
kterak,11627
vetřelci,11628
vesnická,1230
vybereme,961
bryndza,11629
karbanátky,11630
zákazem,6904
areálu,5989
splacení,11631
kroků,6121
podtrhne,11632
interface,11633
křehká,3280
podzimních,11634
nejdůležitějším,2498
důstojnosti,10369
mistrovské,2915
shodla,5868
puč,11343
občiny,11635
pomeranče,4463
vzducholoď,11636
civilním,9251
existují,6867
smetanu,6709
zachycují,3850
hodinkám,7591
opouští,11637
čelní,11638
bažin,11639
materiály,1526
předvádět,2790
podlahovou,11640
vzniknout,3710
nameilu,11641
nuceně,11642
bohů,876
dohodnutou,6720
prostituce,11643
proniká,11644
usnesl,11645
bojovou,2956
inovací,8423
elektřinu,8805
podkladem,5706
ségra,11646
středověk,11647
baterie,8516
dopis,11485
rozprostírá,11648
zvládání,11649
prestižním,3135
účelné,11650
obnovil,11651
břišních,8245
poločas,8530
rozboru,2693
vytáhne,5730
pozůstatky,8736
reagovalo,1275
won,11652
spotřebovává,11653
myšleno,11654
panovníka,358
vesnicích,10047
motá,11655
zprávách,5682
budoucímu,4029
prolínají,9799
jistiny,11656
připravení,2093
hradní,5966
ekzém,11657
vývojovou,1076
chlapcem,665
vášnivě,11658
plynové,6891
rodu,6855
kolečkách,11659
pomocníka,2288
schváleného,4857
laktózu,11660
kněží,147
nenecháme,9250
svalové,4038
mělký,11661
technologickém,1302
závodem,6818
armádního,5571
kniha,4503
used,11662
autismu,11663
komplexnost,11664
řetězce,2347
racionálních,11665
skupinkách,11666
tamějších,4671
obraze,2153
dubnu,10991
nastaly,6408
financovaný,11667
dronů,3683
pivovarů,3464
regulačním,4408
poznatky,3331
silueta,11668
dluhy,11669
brzdou,11670
periodický,11671
opačnou,4315
kuřecího,9096
olivový,11672
dluhů,11669
komerčních,8607
soukromí,3808
ochotna,900
dřevotříska,11673
nemorální,5202
zákonná,1829
obecnější,6314
botanických,11674
intimní,6829
výhradním,4703
rýnský,11675
nejzávažnější,5316
neznalost,11676
vnímání,4189
účastnice,2450
kavárny,9391
ražení,11677
líní,4148
zámek,5739
záhy,11678
vír,11679
poskytovatelů,765
moudrost,11503
masového,7167
plyne,11680
hravě,11681
kybernetické,11682
vypršel,11683
provozuje,9915
textového,2016
komunitních,6270
tréninků,11684
zasedá,11685
sluníčkem,11515
teorii,7421
technikami,6617
křížek,11686
nenávidím,8236
mudrců,11687
pozitivními,9705
občanská,2337
podmisky,11688
posádce,11689
doba,10489
tmou,6906
veškeré,7318
uvedeného,2210
přelomu,8998
odhodlání,4827
rok,10334
večerní,5872
vín,9514
kolotoče,11690
americkému,261
odůvodněné,11691
lež,11139
sobotu,11692
dostupný,9816
podokrsku,11693
utvořit,11694
hasičský,11695
vyniká,3440
dočkají,2272
motorce,10894
zabrání,6416
podtlak,11696
dřevu,11697
podílových,6346
sport,7013
prvotřídního,7494
nerozhoduje,2195
požitků,11698
kolotoč,11690
habr,11699
včas,11700
nežijí,4204
kafe,11701
minibarem,11702
vinárna,11703
metalu,11704
zavěšené,3848
vychytal,11705
horách,7509
nepřihazuje,11706
švédská,768
pokusím,2098
majitele,441
přijedou,1229
softwarová,1657
závodech,6818
tuhle,1113
věnovaný,11707
přejeme,1626
zasraný,11708
infrastruktury,11709
zacházet,3090
pardubické,1219
facto,11710
drogově,11711
market,11712
ohřev,11713
objasnit,1659
znázorňující,11714
exponáty,3597
demokraticky,11715
transformaci,9687
výstupních,11716
objevů,1254
techno,11717
vrtačka,11718
událostem,6542
přímočaré,11719
website,11720
bezdomovectví,11721
rozpouští,11722
obžalovaných,909
mluvících,8047
symbolizuje,11723
poháru,9652
tiskárna,9761
válečnou,636
prezidentská,922
neumí,2703
poker,9934
recitaci,11724
lásko,4556
mládeži,11060
zřizování,11725
tvořen,11726
dioptrické,11727
filozofii,6318
tytéž,2290
change,11728
pronajímat,7036
sedne,10339
císařství,11729
nenašel,3790
usadit,3058
dotaz,11730
komunita,10612
nenechat,1822
akreditace,11731
připomínat,3292
retro,11732
majonézy,11733
pondělním,11734
slunovratu,11735
veškerého,7318
bakalářskou,11736
ultrazvuk,10130
poskytli,1133
pádu,6814
doktorském,7130
největším,5075
výhodu,9626
donutí,5942
nekonečno,11737
podmíněno,5678
nechtěné,11738
rošt,11739
čestného,1416
hostitelů,670
operativního,11740
bolestmi,8326
sklepem,7053
opracovaného,11741
vzpomínat,1240
zásadami,2952
záznamník,11742
žraloky,4686
dvoulůžkový,11203
registruje,11743
sazeb,8609
mikroflóry,11744
klubech,3328
proměnné,11745
soukromé,3808
elektrárnou,5641
kladného,6315
průzkumech,3350
hmot,11746
rovině,1885
loveckých,4322
trávíme,3989
anglického,1007
inovační,11747
zahájit,2665
neúčastní,2450
blogem,11748
prst,11749
upozorněním,11750
usvětši,11751
lyrika,11752
adresáta,2365
kouzelné,2995
produktových,11753
negativní,7799
sklad,11754
ztratil,7766
tří,9893
fandí,11755
medvědem,1053
paštiky,11756
zažité,11757
utáhnout,11758
zakládali,6474
vinylové,11759
hrnek,10711
skotském,643
ledaže,11760
výkonnější,539
sbalit,6613
typického,2089
vyvedl,11761
radikálních,5128
řeči,11762
zvýraznit,11763
mše,11764
vytiskne,11765
prodlužovací,11766
silikonovým,2681
primárních,11767
porážku,11156
zobrazovacích,11768
autority,5363
cílová,5897
objevy,1254
manažerského,9557
mentální,9376
gramatice,11769
sousedního,11770
vegetační,11771
wave,11772
silnějšího,1891
mladých,174
vyjádřen,10381
úpadku,7630
skutečnostem,3009
vadný,11773
jídla,11774
stravovacích,11775
polévku,8431
kapitulaci,11776
report,11777
korekcí,11778
španělštiny,5980
karetní,11779
šťáv,3001
adrenalinu,5804
stvoření,11780
nepřímou,8596
variantou,6114
šelem,10182
staňte,11781
farmářů,335
narozenin,11484
prosil,8488
rozehřejeme,11782
prodejních,11390
klepněte,11783
dočetla,3679
poděla,11784
nejvíc,11785
americkou,261
zaútočil,11786
psychickou,6274
dělící,11787
rameny,10782
zodpovědět,11788
donutilo,5942
nepovinný,11355
posilou,10968
komoru,9991
autobusové,1766
kuřecím,9096
zavolali,2004
jazyků,2981
strojvedoucího,2570
logistiku,11789
doporučíme,2770
trestá,11790
orgánem,1261
stromečkovým,11791
stočného,10043
baskytara,11792
atraktivní,8447
těžkými,5858
převeden,11793
schválení,5245
games,11794
alb,11795
sedm,11796
příprava,2048
dřez,11797
tehdejšího,4197
uveďte,395
mezivládní,11798
přílohu,11799
existenci,7995
kapitolách,11800
zaplnit,9193
řas,11801
vyděšená,11802
dvorek,11803
osvědčených,1420
hodnot,11129
oponenty,1226
čoček,3978
ctnost,11804
dohadovat,11805
zoufale,11806
vjezd,11807
dokončeno,9257
plot,8252
bioplynové,11808
nejoblíbenějším,1503
poskytla,1133
dobové,1459
trail,11809
změna,4129
předními,3703
intenzivně,11810
tetování,11811
zopakovali,1667
přílišné,11812
zásobě,10999
hrad,10809
posuzované,11813
zateplovací,11814
příležitostech,10539
zamiluje,3008
účinný,11815
pouze,11816
respondentů,1046
nešťastná,1017
civilizačních,11817
nýbrž,11818
shows,11819
dámských,2689
jezdící,11820
ukazatel,11821
odpočinek,11122
napájet,7170
měst,5562
kritické,1923
nespavost,8046
neprokázal,11822
nikoli,11142
pomocníkem,2288
momentální,11823
propouští,11824
potkáme,5762
domek,11825
pokyn,11826
kolektorů,11827
vyřešilo,2353
mrtvého,4894
embryo,11828
touží,5109
vyznání,11829
vytvářet,1709
přestává,6376
kytici,11830
peníze,7535
živ,2564
póly,6432
radit,2844
popsat,1353
smyslů,3517
stříkací,11831
rozšiřte,11832
přičemž,11833
přímých,9120
bojem,11375
cílem,5428
posunut,11834
obyčejných,2510
úprava,7113
sportovcům,310
dílna,5074
uplatnila,1091
dýchá,8527
vyhlášením,11835
jezdců,333
kongresu,5841
chirurgická,2432
prohlídkách,11836
pánských,2545
červenci,11837
nepíšu,11838
roštů,11739
poslouchejte,8627
teroristickým,3204
venkovského,2655
aktivitám,8881
sounáležitosti,11839
plánujete,1282
předávat,4778
oživit,5550
čerstvou,904
podmíněn,5678
ochránil,11840
skákat,11071
pohledů,11841
dneška,10180
rights,11842
egyptských,1471
pojí,11843
softshell,11844
rušivých,8062
soutěžemi,7477
bariérou,11845
lorda,2557
pronásleduje,7761
půlky,6515
ozbrojeným,5691
drahých,4382
posuvných,11846
členů,497
krocích,6121
proudových,3784
zvykne,3200
vánocích,10206
vlasteneckých,11847
vlaková,11848
pamětních,11849
triddlerů,11850
televizory,4933
vyhlížející,11851
nehoda,9851
mlýnky,9854
stavovského,11852
proužek,11853
průjmy,11854
nebyli,2244
farním,9304
přikláním,11855
klasického,2122
případným,3124
funkčností,11856
lidovými,1534
dominanta,11857
klobásy,11394
důleţité,11858
premonstrátů,11859
difuzéry,11860
narušené,11861
použitou,11862
výslovností,11863
kartou,11093
poznám,2036
malo,11864
únosci,11865
watch,11866
potřebu,5482
pozůstalých,11867
auditorů,11868
zakrytí,11869
potažený,11870
silnější,1891
poprosila,3306
malebná,11871
prvenství,11872
plát,11873
pomůžu,3041
polské,488
církevního,6811
nahromadění,11874
pitnou,3781
zdejších,7576
doplnila,528
závratě,10338
statická,3097
pomohlo,3041
odvádějí,8057
onoho,1989
kvalitativně,11875
nezávislou,724
nedařilo,10745
jemností,11876
zástěny,9125
podrobných,3866
nepomohl,3041
plyn,11877
šikmé,9095
srpen,9388
rozuměli,11551
léčí,8139
poradenstvím,11878
thajské,11879
turistických,9618
browser,11880
oceňování,11881
zářivých,8363
země,11882
tramvajová,11883
konfederace,11884
paragraf,11885
řídit,2632
funkcích,11886
výsledky,2390
řetěz,11887
klenbami,11888
svateb,4637
diář,11889
zoznam,11890
dánsky,11891
empirické,6789
posouvají,6739
nezájem,11892
půjčuje,11893
horkými,2167
moudra,11894
mystiky,11895
autovraků,11896
znevýhodněné,7680
samotné,559
antického,3149
slavnostně,11897
letech,10334
určitými,4082
pohyblivých,2766
vychutnávat,11898
statistického,2651
portfoliem,8491
chlapců,665
proměnlivou,5588
prvý,6970
rentgen,11899
poznatků,3331
účesy,11900
nestátní,10866
zpřístupňuje,11901
jeslí,11902
diesel,11903
fondech,1499
pochybení,11904
vybírejte,11905
máme,2115
způsobům,1873
nepozná,2036
velkým,5075
zubního,10498
ochranného,2275
denního,11906
uranových,11907
kotel,11908
zmíněném,1264
zpaměti,11909
odpadkový,11910
papírových,3372
vychutnat,11911
mísí,11912
sekulární,11913
zkoušejí,3181
klášterů,5077
takovy,11914
poběží,6180
vybudovali,3093
družice,11915
nejhezčí,6502
doručí,11916
nastoupit,3188
zastupují,6073
léta,9801
slečny,6980
koupáním,11917
prostřednictvím,11918
meziválečné,1310
zřetelné,11919
monografii,11920
nastavování,11921
behaviorální,11922
úkonu,11923
nožem,11924
jemnými,3799
znamenal,7266
údajných,1097
střetu,6190
vdala,11925
medvědí,11926
špínou,11927
gravitačního,7859
konstrukčním,5948
kompletních,9714
přípravek,11928
nemyslela,1194
využit,11929
šlechtici,576
žáby,7502
šlehače,11930
fyzickými,3515
županu,6844
přinese,2811
vyřeší,2353
prachem,7188
novou,1377
ztratit,7766
korporátních,11931
křesťana,1130
udelal,11932
letových,5501
rezortu,11933
studijního,6740
plavecké,4579
památných,7517
modelovací,11934
sondy,7083
nestihnu,11935
zipem,11936
zemích,11882
tisíciletí,11937
vidělo,1551
tvaroh,11938
vystupovala,1973
přístrojů,1912
hazardu,11939
kuřáci,1710
benzinky,11940
infekční,11941
přicházejí,2968
podhledu,11942
zdatné,962
záležitosti,7714
konstelace,11943
skupiny,10126
dolních,11944
zopakovala,1667
koledy,11945
měsíčník,11946
bavím,925
zámeckých,2273
výuce,5734
trpaslíka,5108
řezačky,11947
sprchu,10840
spojuje,11029
mocně,11948
pominu,11949
nájemci,1859
balkóny,7901
vyklube,11950
starověkých,3950
záznamové,11951
nestíhám,11952
muzejních,7163
projevům,2055
obsadilo,1118
masovým,7167
společnými,4712
stranám,3643
přeměně,6516
dlaních,11953
černý,11954
sestoupil,11955
loví,11956
posledních,8238
zvládají,11957
toho,2113
binárních,11958
nevyrovná,2814
nedovedu,3642
potají,11959
jazykovou,1712
lodžie,11960
přímo,6334
pravidlech,6311
čtvrtstoletí,11961
čtyřkolek,11962
melodické,11963
čekala,2228
jednotlivých,1628
plnohodnotným,6505
nemyslitelné,11964
fashion,11965
topné,7142
čerstvými,904
exekutora,11966
kód,11967
dotázaných,11968
odrazil,10289
splácet,4442
atletiky,11969
kdybyste,5039
laserem,11970
průplavu,5616
potravinářských,4041
zvěsti,11971
stanovených,8724
novorenesanční,11972
rizicích,7394
jídel,11774
srbsky,11973
nesetkali,3053
minutu,5478
tajemníka,373
rozhledny,11974
sportem,7013
nezbytně,11975
revolučních,11976
střediscích,10738
extralize,7288
končetinami,9273
podvozkových,11977
bránící,11978
rozdílných,8645
církvích,9262
lepších,11979
rozdává,11980
dodatečná,4248
pohodlný,11981
jídlo,11774
tendenci,6391
zvolna,11982
stiskem,5527
selekci,11983
informačních,11984
rocku,7413
pochopíte,2204
přihlédnutím,11985
vychovatele,422
problematiku,7765
odchylku,10677
netriviálních,11986
dozví,3439
přebalu,11987
zaměnitelné,11988
sluneční,8961
dýchacího,8533
karavanu,11989
spodních,11990
výchovnou,908
děcka,7510
really,11991
rázu,4413
extrémním,5236
poradenské,1748
prso,11992
postupným,8876
onkologie,11993
odběrem,11994
kolaudace,9701
sledování,5021
vnímala,1967
nedej,11995
jemných,3799
kabátů,8718
výborně,11996
zrakové,4167
nek,11997
pokrok,9933
problémové,11998
zviditelnění,11999
nenávistí,12000
úloha,2518
názorně,12001
skvěle,12002
entita,8725
mrkev,10280
vrtulníků,1607
frustrace,12003
neobvyklá,4751
konstrukci,7129
časovém,1066
varovat,2140
ňygto,12004
soupisu,12005
perly,12006
nesmysly,6037
milostné,2546
jasan,12007
trosek,11309
přednosty,699
uzenin,12008
možných,5577
věřících,1671
členy,497
nížinách,12009
parketu,12010
zamířit,5262
ţivot,12011
vysídlení,12012
kamarády,215
kontrastem,4662
nedával,8586
překonávání,12013
konstrukce,7129
bankách,3721
pozdních,11345
ojedinělé,3591
klubového,1765
mladšího,174
spíše,9402
brněnském,484
obřího,12014
otřesů,7623
vsi,12015
ovladačem,3609
bolí,10631
převézt,12016
vyrovnaný,12017
kartáčkem,12018
dohlížet,4111
opatrnosti,12019
link,12020
variaci,9382
katolickým,1331
nemám,2115
čtverečních,9504
pavuza,12021
schůzkách,12022
dvoudílné,12023
popularitě,3778
finálním,3541
jednomu,1281
ptákem,2190
malina,7893
krajní,12024
úterním,8378
stejným,5320
prvku,2339
obytným,12025
říkají,370
povrchových,5121
řemínku,12026
typickým,2089
spočítá,3066
antiperspirant,12027
dopravců,2736
nosím,6172
výraznými,1360
restaurace,7476
určen,8240
triumfu,8539
alibi,12028
imagí,12029
souvisejících,12030
notu,12031
připsat,5346
polohu,4313
možn,12032
překlady,1026
cvičeních,12033
ohlásit,1162
spotřebního,6710
vyloučené,8494
tupý,12034
veselé,2412
měnil,9040
zdravotními,5813
mnohaleté,12035
startu,8697
zatáček,12036
přijímačem,2217
popsala,1353
evokuje,12037
firmám,2727
elektroniky,12038
barové,12039
slovanských,4465
chyby,4879
konferenci,11470
samospráva,10775
táty,385
symbolické,3552
tvrzení,4571
pověřenců,1094
navrací,12040
načíst,9358
panáka,8125
taková,2095
trestný,12041
turecká,1114
skončím,6860
říkáme,370
poměrům,12042
doprovodné,1791
works,12043
vyvolat,2404
kontrastní,12044
chybějících,9348
přesnosti,11132
dojíždět,8440
výhony,12045
nechceš,1129
podává,12046
inzulín,12047
inteligentním,6944
pozvolna,12048
postižená,885
tvořený,11726
požár,12049
vypouštět,4462
odvodnění,12050
internován,12051
pátečním,10718
nepíše,1451
plugin,12052
pedagogiku,2738
skalnatých,2740
plastickou,920
zvláštním,7487
zkusím,3702
startující,6378
uklidňující,12053
prodejců,1382
proslulá,509
přenosem,2986
necítí,2348
inspektorátu,3859
korekci,12054
kámoška,12055
jízdního,8405
strašidel,12056
předváděli,2790
specialitou,12057
lodyhy,4271
praček,10843
vichřice,12058
obálce,6194
jednom,1281
františkánského,1614
ponětí,12059
stínové,12060
klinice,6032
neplodnost,12061
cíle,5428
posloupnost,8204
luštěniny,12062
sekne,12063
hradecké,7662
tabák,12064
oblíbenosti,12065
úpravu,7113
poctivost,12066
rohovky,12067
rodném,5532
předčasným,6812
metabolismu,12068
zaregistrován,3743
zkomplikuje,12069
látkami,5519
mnoha,11072
again,12070
proboštem,12071
splňovat,7198
pěstován,4867
výzvou,10851
energetiky,12072
kvóty,8480
nezřídka,12073
natáhnout,8668
zakázán,4991
mateřská,4975
ohněm,12074
pensionu,12075
korigovat,12076
psychologii,6528
skřítků,1497
zastřešující,12077
zajímavostí,8073
upustil,12078
třídní,12079
pláčem,4224
uzdraví,7354
muzejního,7163
řezem,5419
nadmíru,12080
chondroitin,12081
ochutnávky,12082
metra,12083
autismem,12084
elity,10690
úchvatné,1886
přijmeme,1154
školicí,12085
stacionáře,12086
vzdělávacími,1799
duševně,12087
sněmovních,12088
monetární,12089
zápalu,2686
hardware,10438
výslednou,2402
rozhodnutí,4968
tfuj,12090
krást,11521
uchvátí,12091
držet,6363
únava,8453
povrchovou,5121
zabráněno,6416
spousty,10246
nedojde,5839
spořící,12092
stadiony,5214
islámských,4533
povedou,3503
skladbami,3931
dělnických,6799
stavěný,12093
ujistěte,1367
odjakživa,12094
prozatímní,9331
syny,322
kontrakce,12095
přijatelné,5395
rozvržení,12096
červenec,11837
maskách,4169
surovinách,4304
kolonistů,12097
skořicí,12098
sláva,6103
předkolo,5216
splňuje,7198
relační,12099
alpských,3803
zajímavosti,8073
patřili,6185
zánik,12100
kabelovou,5004
rajčaty,7874
specialistou,417
posunulo,4363
bolelo,10631
nelegálního,4918
středová,12101
střety,6190
zálivu,9035
identifikačních,12102
úvěrů,5155
odcházíte,2123
zaznamenaný,12103
brumdinka,12104
vyhodí,3716
pokusilo,2098
decentním,7620
úbytkem,12105
usínání,12106
nepřízní,12107
pozastavit,4258
propustnosti,12108
zpřístupňování,12109
kontury,12110
potřeme,12111
potěší,4447
metodách,4165
nosní,11563
dokonalá,3796
odlišně,12112
přitáhne,4193
nevyjadřuje,3088
pozemek,12113
napjaté,12114
avec,12115
jakéhosi,2196
princeznu,3473
libosti,12116
nejpřesněji,8151
vyrábět,7201
deklaruje,12117
výzkumná,957
javor,12118
výsledné,2402
slušným,2330
pokazit,12119
rozložit,12120
čalouněný,12121
odpadů,2490
sportům,7013
also,12122
vyrůstá,4685
odveden,1660
zánětech,11467
tuberkulózu,12123
vysavačem,4024
elektrony,9328
klienty,767
toalet,12124
březen,12125
uvítala,2230
nebývá,10177
jasmín,12126
advokátní,12127
skleníku,8515
volena,2515
domovských,10426
obsadili,1118
linkový,12128
čerpat,1691
stipendium,10917
kapitol,11800
pití,6107
celozrnný,12129
modul,12130
oblastech,12131
nepodařilo,5962
assfucking,12132
extraligu,7288
znalost,4900
zaživa,12133
pochybovat,3136
párům,7728
případné,3124
neuteče,12134
kecat,12135
pošleme,6643
soutěžním,4207
svědění,12136
nemocní,1030
exkluzivního,6137
zapínáním,12137
kalíšek,12138
jód,12139
univerzity,9199
odvrátil,12140
muslimů,1187
jezerech,9019
zčásti,12141
uplatňovat,3548
posunuli,4363
hotové,1424
inspekci,12142
posloupností,8204
útěk,10449
dovedli,3642
poptává,12143
ovocných,7286
keratin,12144
teplárenství,12145
prémii,12146
kontaktního,12147
srozumitelně,12148
katedrální,5683
nabíječku,12149
bombardování,7606
plotu,8252
naoko,12150
vstupenek,12151
základními,5517
širokoúhlé,12152
kovových,2902
struktur,9389
raketového,5168
svědomitě,12153
kooperativní,12154
profesionálními,2709
skládku,10179
řeckým,1004
chyb,4879
netrpělivě,4993
třídílné,12155
zapomenout,3037
revitalizace,12156
samospráv,10775
ohrožoval,12157
zareagovat,2062
židle,10408
rezidenci,12158
krosová,12159
vyučovacích,6428
kanovníkem,12160
slovanskej,12161
judaismu,12162
ukončil,12163
ohnivý,12164
paláců,9769
stručným,3270
poznali,2036
been,12165
nachystané,12166
něčem,6696
závěti,11037
ovlivněno,3380
agenty,346
osobami,1555
rozhodujícího,6008
invaze,12167
bratranci,610
přebírají,12168
bič,12169
dílnách,5074
podílelo,1000
restrukturalizaci,8904
odjezdu,9014
ohřát,12170
vázán,8777
rovnic,11474
psem,2074
elastického,3151
wikipedistu,2245
dovozní,12171
lhal,6167
noci,9795
propagaci,8967
spojenou,5665
pozornost,7958
asistencí,12172
zásadně,12173
množin,12174
osách,9412
administrativním,5049
mítink,10624
kopule,12175
výchovná,908
znělo,9529
právì,12176
židovským,1195
beseda,2243
oporu,10422
vodopády,5423
živým,2564
motýlek,7802
výslovnosti,11863
hvězdárně,4410
splatnost,12177
pohybu,5280
posádka,11689
zrcadlové,7760
cítit,2348
národní,7888
vedlejšího,4732
doplnit,528
spolehlivostí,12178
nizozemských,597
záhlaví,12179
tvrdostí,12180
por,12181
savce,9935
málo,4837
rozklad,12182
předek,5831
milovaná,1134
cvik,12183
misionáře,550
pochodeň,12184
cení,6241
nečistotami,11492
vyučujícími,12185
nesmí,1316
pokusu,5242
hostit,9221
vypočte,12186
tuňák,12187
monitor,12188
nevyhne,12189
některou,2220
naplnit,1818
medvědy,1053
matrikářky,12190
pohoršení,12191
vyklizení,9188
síň,8919
neprošlo,12192
rampu,12193
benzin,12194
webovou,1654
zmíněno,1264
čtvrteční,12195
zažívat,5050
ztěžuje,12196
balon,12197
přídavných,3134
ovládacího,12198
pyl,12199
uzavře,2006
kdykoliv,11199
ženat,2628
krátkými,2882
draftu,12200
počítačové,1348
tabletem,12201
básni,4526
jasných,7208
zveřejněného,7009
vypít,6475
nejvhodnější,5816
řešeními,5231
doprovodnou,1791
přečtěte,3717
zaregistrujte,3743
rozvojem,7263
mrazícím,12202
rámcových,12203
máta,12204
kukuřice,12205
prosinci,12206
vyjměte,10414
dědici,4369
metodiky,12207
klubů,3328
nevypadalo,12208
znázorněno,12209
uvádím,2138
dán,4122
rezervní,10861
rychlostní,6385
nabídkou,5795
překračování,12210
přistýlkou,12211
důležitým,2498
příchodem,8870
nezletilé,12212
angažovanosti,9587
mít,2115
posila,10968
nepříjemně,12213
pletený,12214
odmítají,3441
křemen,12215
katedrálou,5683
ohlídat,12216
předávkování,12217
interiérem,2171
přivítali,2998
kolektivních,10700
napravit,4988
smyšlené,12218
nahlášen,11549
týče,7537
klasicistní,12219
značným,12220
zacílení,12221
čtyřdílné,12222
nadává,8189
lázeňském,5132
potápěčů,12223
skvělých,1385
dohodnutém,6720
kšeft,12224
spojenci,2836
běžní,7726
květinový,10724
rostlinného,2163
svícení,12225
vyživuje,12226
vraždění,12227
kladným,6315
address,12228
podepsanou,1041
kulometem,7164
zásob,10999
ovlivnily,2761
klávesy,12229
kvalitními,4532
tahače,12230
bederní,12231
založit,2819
slyšíte,5104
koutek,12232
revolver,12233
dosavadních,11101
vzbudí,2532
pěšce,12234
pojištěn,6214
filtrační,12235
vysílané,6004
hrdosti,7829
vykonání,12236
nadlouho,12237
vrátí,3974
nález,12238
man,12239
manuálně,12240
zakončit,6965
holčičky,3835
webovém,1654
zkomplikovat,12069
webdesign,12241
nespokojení,12242
olympiádě,5875
potvrzen,9422
potíží,7819
desek,4768
výdajích,12243
chvíli,2832
kuriózní,12244
páteční,10718
umělém,4787
čtete,4109
kryl,12245
dvorech,8918
cech,12246
zněl,9529
hvězdička,4821
podstatným,4500
zámková,12247
vyhotovení,12248
jmenujme,2559
procesů,2821
nemocná,1030
uzavřelo,2006
dealera,1193
update,12249
materiálového,8075
neznámá,8528
meteorologické,3239
kochat,12250
gest,5861
terasa,7319
príbuzných,12251
citronovou,12252
prodejny,11496
pomáháme,2512
fuck,12253
šikmý,9095
kvantitativního,9949
přestřelce,8643
lesbické,6722
bratrům,332
prarodiči,3319
obývacího,3040
technikách,6617
potkám,5762
vytvořenou,6239
každého,1663
zapracovat,12254
začali,3030
testových,12255
zasloužily,1653
letohrádek,12256
odvrácené,12140
motorkářů,984
odpovídá,6832
pište,1451
zábavy,10630
památkami,7423
nutn,12257
kazet,8552
ročníkové,12258
průvan,12259
hranicích,4931
antisemitismu,4568
narušil,12260
fusak,12261
demokratických,1758
proporce,12262
zadní,8543
nepochopení,12263
archivnictví,12264
doprovázeli,3106
vyběhl,12265
parku,5761
lokalitou,6922
mikrovlnnou,12266
dosadit,2506
nevytváří,1709
buddhismu,12267
středečním,12268
součásti,6837
zajišťující,12269
čističky,12270
rozšířil,11832
tíživé,12271
nevyřeší,2353
kontraproduktivní,12272
diamantem,10996
definitivním,9421
leden,10577
inovacím,12273
jednoletou,12274
žiji,4204
podzemní,7372
nohama,12275
odsouhlasila,12276
nuceným,2265
světelného,2240
mrtví,4894
nedostatečným,10753
jehněčí,12277
vyměníme,9013
potenciálu,3592
terminálů,8941
recyklace,12278
odeznění,12279
odlehlých,12280
dotyk,11548
ukončením,11402
neobsahuje,9215
nezmiňuje,12281
prave,12282
oprávněným,2914
staršímu,12283
výprodejidle,12284
suspensions,12285
bipolární,12286
křesťanského,1489
interním,12287
dvojí,12288
spálil,12289
správnou,1704
poslaneckého,3463
mohutnější,7455
oprávněnost,10386
parkovací,8524
mění,9040
očím,10440
udělovat,3802
energie,7531
ledových,7346
vytváram,12290
odborného,1690
sekundu,12291
hippies,12292
obětí,6158
dynamickou,2460
velezrady,12293
prohlíží,12294
petrasove,12295
podrobným,3866
nedodává,12296
geomorfologického,3964
uzávěr,12297
působilo,1236
mužům,262
závodí,6852
příjemné,2700
manažerská,9557
polotovarů,12298
charitě,11322
vyrobíme,1778
skupinového,3102
recepcí,12299
čtyřletou,1763
přehradou,7722
oslabuje,12300
fyzikálním,3196
splní,2917
požadovaným,5382
klen,12301
pečením,12302
nakreslit,3800
vyhrává,12303
esencí,12304
lístky,6594
nechcete,1129
mamince,1388
shodnout,5868
automaty,5006
kultuře,5233
nemělo,2115
zatěžovat,10234
přistěhovalectví,12305
albu,5618
rozlišením,12306
angažovala,1023
předky,5831
ukázaly,1984
náklad,8348
fyziologické,5970
požádat,3190
uložením,12307
šedesáti,10072
pražské,992
nastanou,6408
případných,3124
vlastni,9241
prosbu,12308
postupných,8876
výpočtem,8829
maminy,12309
vzhledů,11500
pobytech,12310
hlasové,1273
analýza,6598
izraelské,701
stropních,10368
popisovat,1894
schová,10026
zmíněné,1264
nechávat,1822
definiční,12311
silnice,6369
údajného,1097
schodiště,12312
principy,3469
mikrovlnná,12313
úžasném,3248
napínací,12314
atletů,582
dánské,519
šokovala,12315
požadované,5382
lim,12316
měnách,9828
uvedených,2210
hlásí,3259
komplet,12317
převezli,12016
adoptovat,12318
asociací,2970
přenese,6481
farmářské,8333
kráčí,12319
obři,12320
základem,6233
podporovalo,3739
poslechněte,12321
úzký,8704
spočívat,7465
usilovat,3726
odpovídám,6832
funkci,11886
nejprodávanější,4501
svézt,12322
substantivem,12323
tribuna,6077
prodával,12324
augustiniánů,12325
sedadlo,8246
nepadlo,8407
přehrajete,12326
filosofů,12327
podobné,6449
porozumí,12328
říkanky,12329
přijatelný,5395
napoví,12330
zamilovali,3008
gram,12331
tělních,12332
zatím,12333
divizní,12334
vpád,12335
cestovatele,4334
botaniky,12336
resuscitaci,12337
nemožný,5577
čerstvého,904
vydělali,1392
rozpáleném,12338
světelnými,2240
zobákem,12339
ananasu,3917
ghettu,9460
pět,12340
rakví,10204
moučník,12341
bezbarvý,12342
skládající,12343
češtinou,9880
neposkytne,12344
relax,12345
vraty,10646
dřevěného,4952
svalech,3953
stranického,1953
těsnícího,12346
pacienta,504
demonstracích,12347
politickém,903
chystala,1498
klání,12348
testuje,4452
bezpočet,12349
odněkud,12350
ovládáte,4265
stavebně,12351
měřící,12352
navázali,3370
mobilních,12353
bejt,2244
standardů,11236
vrchního,2850
oxidací,12354
vzestup,12355
vyhlášku,12356
neznámých,292
jižní,8932
bohoslužbě,7730
elektrických,5107
nejlépe,8055
trendu,4525
dýl,12357
vroucí,12358
křesťanům,1130
osvěžovač,12359
rituály,12360
dcerky,5778
zazněly,4361
vyvine,4661
tepelných,8054
nikomu,2979
nesplňuje,7198
zálibu,9022
závěry,1410
jihoslovanských,12361
manželská,691
loďstva,12362
carem,4238
lekla,12363
vzbuzují,6281
vodky,9749
odběratele,1153
následného,2410
rytmu,3353
kompaktního,8855
vybojovat,4051
znáš,4312
plastů,9106
zničilo,9886
chybělo,4220
protržení,12364
nastane,6408
zapojování,12365
zmírňuje,12366
golfového,6441
medvídci,8173
přípony,6025
jedlý,12367
školou,4433
hrozba,12368
surovin,4304
nejnebezpečnější,3185
neplatíte,3462
nejhorších,1495
zaujímají,4222
hraběnka,12369
ropu,8191
úsporného,6085
antioxidant,12370
vlněný,12371
bytovou,4417
svěžest,12372
bezmála,12373
sbírkou,8658
půlku,6515
úloh,2518
vitamín,12374
dokonalost,12375
nevhodným,5816
obviněného,653
kapr,12376
dceřiných,8094
lepšího,11979
výjimek,6036
neslyšících,1717
dospělého,1003
masce,4169
udržitelnosti,12377
podobných,6449
rozkládacím,12378
rodičovského,4240
impulsem,5167
obranou,11316
správnému,1704
zasnoubení,12379
projednání,12380
pohraničního,12381
svatých,1037
nezávadného,6523
přitéká,12382
posílá,12383
názvuv,12384
bankéře,218
čtvrtečním,12195
částečná,3911
vylepšením,12385
neskutečné,1411
proudovým,3784
nepřežil,10226
společensky,12386
provozující,12387
mořských,4670
podobným,6449
astronomické,3723
anekdoty,12388
popisován,1894
válec,8253
výtvory,2021
uslyší,5810
zlomí,7897
předků,5831
přicházet,2968
katolická,1331
reprezentativním,12389
čtyřlůžkových,12390
označoval,12391
ponechá,4913
korunovace,12392
živnostníky,577
trpaslíků,5108
zlehka,12393
potratu,10865
přednáškou,12394
bude,2244
pozic,6371
postavenou,4144
nánosy,12395
tancích,4247
opravoval,9288
půjdem,12396
obracím,12397
vypracujeme,1011
severozápadních,12398
akceptuje,8396
vyrůst,6157
kuchyňskou,2104
vyšetřován,12399
následném,2410
perfektního,12400
někdejších,2035
trávník,12401
mimořádném,2537
artritida,12402
povlak,12403
uteklo,5125
souhvězdí,12404
poslech,12405
sklepní,6660
neomrzí,12406
fotek,7498
mnichy,853
novému,1377
tvarech,4644
úhly,5745
bazény,5559
nesouvisí,10248
create,12407
vzorem,11538
parket,12010
zbraních,12408
kratších,2882
pomůckami,10691
hovoru,11466
dozvěděli,3439
kočárkům,6418
připravená,2093
zjišťuje,4457
horolezectví,12409
nainstaluje,6345
kabina,10229
rozvětvené,12410
stihla,2408
operativní,11740
antropologii,12411
výzkumnými,957
zhoršených,12412
začínat,2299
dekádě,3898
roztomilé,3082
rozvodového,12413
díky,12414
uklidnění,12415
opuštěných,4850
lidskou,1365
zbývalo,6533
polepšil,12416
vyzařuje,12417
dělaný,12418
nutričních,12419
nařídit,2584
jednoznačným,5873
nápis,12420
banda,12421
porcelánový,12422
jsi,2244
míchat,12423
kvanta,12424
broskví,6913
četným,10048
deficit,12425
metodicky,12426
portugalského,817
principech,3469
jihlavi,12427
nečitelnost,12428
vole,2515
chátrající,12429
způsobeny,3870
prohra,9510
sako,11602
odkazující,6134
pomáhalo,2512
připraveným,2093
brzdu,11670
navazoval,12430
takovou,2095
krajních,12024
verzí,12431
vypíná,12432
belgických,1429
nejmilejší,2287
zastavil,11349
stati,12433
odpuzuje,12434
automatickým,2650
vydařil,12435
ziskovosti,12436
dobrovolných,3936
kopírování,12437
kompenzační,12438
ručiček,12439
úplnému,8413
nadaci,7978
embrya,11828
infekčních,11941
helikoptéry,12440
propustit,10530
kulturu,5233
autorizace,12441
spojku,5286
diskem,4486
sendvič,12442
předpovídat,6248
stoky,9920
skála,12443
desítek,8654
dítěti,5649
zodpovídat,4852
připravenost,12444
trubkami,5819
obyvatelstvem,11348
neznámé,12445
částečně,12446
slavení,12447
potrestat,11790
souvislého,12448
degradace,12449
třiceti,8294
probíhalo,12450
svést,6404
domluvila,2542
hotových,1424
počíná,7168
mathcal,12451
kovu,9121
koupelnou,3004
oddíl,12452
záchranná,3862
chválili,2312
vůle,9037
papežského,2045
pozlacený,12453
kovaného,12454
bolestem,8326
praporem,5491
duely,12455
obzvláště,12456
srovnávací,12457
vysvětlím,558
velení,12458
synagoze,9243
ptactvo,12459
použít,1688
prázdniny,3460
slona,4006
řepka,12460
vstřikovací,12461
referáty,10955
budovou,9739
nepoznala,2036
odběratelů,1153
spotřebitele,1100
opravných,8626
setkat,3053
těhotnou,5319
předchůdci,2793
myčku,12462
technikou,6617
fusaky,12463
nakupuje,12464
trávit,3989
seznámili,3073
ovlivňoval,8462
zájmových,12465
tuším,1256
vţdy,12466
kongregace,12467
koncentrovat,12468
závisí,7070
sebere,7654
nacionální,12469
faktech,1511
nepřekáží,12470
milost,10658
neexistenci,7995
spoustou,10246
zárukou,9368
chytrých,2106
otestovat,4452
školek,12471
balvany,9187
poctivě,12472
půstu,12473
zachovalý,12474
přinášel,10906
nadechnout,12475
nejchudší,2324
uniká,12476
svěřence,2662
vařila,3392
protivníkem,1280
herními,3596
vrcholech,5312
bydlištěm,12477
infos,12478
individuálního,10147
tumor,12479
support,12480
manipulovat,4540
verbální,12481
diakonie,12482
nejaktivnější,11248
sleduju,3575
čínským,954
vstupenky,12151
shledanou,12483
vlivné,1209
špatnou,1495
poznání,10463
záminku,12484
nemam,12485
chápali,2128
trpěli,2373
narazíme,10959
řešíme,3227
nákupem,12486
soutěžích,7477
platových,12487
útěkem,10449
květů,8804
motorovou,4383
uchazečů,976
koupí,12488
jednotlivého,1628
kariérového,12489
nezabrání,6416
převážně,12490
miniaturních,12491
výpočetní,12492
regionálního,9475
výměnný,12493
kilogramech,9605
zdejšího,7576
specifické,2185
radovali,1542
hříchu,3914
garsonek,12494
vyberou,961
klanu,5327
postihlo,7651
rozvody,6308
zdí,12495
dotyčného,1059
larvy,12496
vyhřívaný,12497
polytechnická,12498
nedošlo,5839
copak,12499
nevidím,1551
tmavší,10085
katastrofa,11044
úrazového,12500
ráno,12501
hřejivá,6936
nepřestane,12502
příjmech,7244
souhlasim,4829
záložních,12503
kořeněné,10065
skupinku,11666
půjček,5424
jednorázově,12504
supermarketů,9189
odnesli,2695
jednorázových,3131
včela,4599
cisterciáckého,12505
dodržování,5221
klimatickými,8140
nenásilně,12506
vidíte,1551
partnerskou,1926
vlažnou,11469
hospodě,10683
obalové,12507
předkládat,1871
fronta,12508
zaměření,10792
temnou,2064
modernější,7104
certifikačních,12509
ruiny,12510
arény,12511
textilu,12512
vhodné,5816
podělila,1793
klokan,12513
můžetemít,12514
teenagerů,12515
dědečkovi,475
armády,5259
patronkou,12516
jas,12517
zajímavostech,8073
metodě,4165
kterých,2116
pixely,12518
aplikační,11116
poprosit,8488
nedává,8586
nápojové,12519
obsáhlém,3987
trefit,3787
jakož,12520
pobytem,12310
manipulační,11493
způsobují,5290
havárií,12521
silnějších,1891
musela,1107
poskytnutých,12522
typů,5776
vysněnou,12523
jámu,12524
účelem,6758
invazní,12525
ušetřil,12526
neruší,12527
společenskou,3946
vegetariánství,12528
dodatečných,4248
poskytovatelem,765
horko,12529
vezmeme,2582
vizitkou,12530
programovacích,12531
letiště,11023
cukrové,4854
švestka,9782
velikonočních,12532
archeology,2050
své,4364
národnostní,3522
dohodlo,12533
chirurgické,2432
protektorátu,5348
čímž,10682
toner,12534
zámořských,12535
večeři,8233
ověřuje,12536
větách,4851
datových,3527
depozitáře,6702
sděleno,12537
naneste,7107
slavit,2466
zotavení,12538
odchodu,6445
pátou,1910
soustavy,12539
konal,8004
homo,12540
ohromná,6724
koření,10975
poplatek,6530
přívěšek,12541
trek,12542
švestky,9782
podvod,12543
podivného,3593
vyzývá,10131
spáchán,1266
nevznikne,3710
similar,12544
širších,9844
nesprávné,1704
otevřeme,6217
pozitivně,12545
hradním,5966
atleti,582
login,12546
směřovalo,12547
vyfotila,3404
šňůru,12548
osidlování,12549
arbitrů,12550
souřadnice,12551
lahví,12552
židovskými,1195
sdružením,7566
smažené,4774
drazí,4382
paprskem,12553
dildo,12554
výstupy,8020
reportu,12555
plošný,5150
nevhodné,5816
organického,3531
objektem,4216
automobilů,7189
magického,3505
demoliční,12556
připravené,2093
kapacitou,6800
vdovy,3798
přerušit,5291
zajímá,5484
židli,10408
splácení,12557
vytrvalá,2246
svojí,4364
společným,4712
složených,6087
jaderném,1577
bytovém,4417
specifika,12558
pokuste,2098
plastem,9106
dluh,11669
žaludkem,5445
řasu,11801
ochotné,900
variantách,6114
přechodů,12559
sedláka,847
odměnu,12560
upřímné,1490
zvířátek,12561
nadporučíka,918
patentovat,12562
slovesu,4042
ztrátám,12563
pohřbít,12564
zavedli,3047
bosse,12565
akciová,2638
asfalt,12566
plovoucí,12567
továrních,10655
žebříček,10128
specializační,12568
nastaví,2838
porovnávací,12569
pekel,8174
textová,2016
pozdìji,12570
váží,5570
tělese,5769
elektrického,5107
posil,6701
integritu,12571
chvilku,12572
doživotí,12573
prodávat,12324
znaleckého,1899
teroristům,547
laboratoři,6705
fotogalerie,10706
sekunda,12291
velryby,6205
dětská,1355
čekají,2228
přetrvává,12574
autistického,12575
novým,1377
rozpočtovém,4747
dovednostech,6558
whirlpool,12576
zralé,2302
minulých,3244
chodníku,4752
obchodníků,330
problematiky,7765
vystěhování,12577
nedokážete,1105
sepsat,10003
úžasná,3248
fotbalem,4612
jasnější,7208
kampusu,12578
event,12579
banku,3721
připlatit,12580
milovali,2785
nešťastně,11202
srpnem,9388
využíváním,12581
římskokatolické,3016
přihlaste,2895
příšery,12582
pokračující,12583
propagující,3376
setkávám,9154
provedlo,1819
věkový,8422
termínu,2593
postoji,2393
svobodným,4058
vést,4586
zateplený,12584
finském,563
nákupu,12486
ústavním,9395
keře,3659
nedostaví,12585
barevných,2853
žadateli,12586
jedinému,1870
dvou,12587
šatičky,12588
cestovat,3165
vyhlásilo,2772
nesmyslné,12589
plynech,11877
nemožnosti,12590
lidového,1534
pustila,1629
rovnice,11474
mapující,12591
podával,12046
vrtat,11510
vyvolání,12592
nenapsala,1402
ikonou,6708
zařazen,12593
prezentují,1806
identifikovat,4704
exkluzivní,6137
uskutečňuje,12594
stereo,12595
potvrzujete,1315
pochodů,12596
tvoříme,1581
pach,12597
píchat,7547
válkách,5568
přijedeme,1229
peruť,12598
prut,12599
následující,9686
izolovaný,12600
pojď,4153
starého,1982
planetární,12601
tajně,12602
měnovou,2493
letounu,2747
přijímacího,7781
odkázán,12603
lámat,5879
rodinách,6567
souboji,3286
přikládá,12604
inzulínu,12047
závodnice,12605
dopravcem,2736
prosazení,12606
postrádá,12607
hip,12608
výrobu,6575
znají,4312
zárodky,2605
frameworku,12609
tezi,10303
vibracemi,12610
šancí,11622
receptor,12611
pot,12612
exekuční,12613
odhalenými,4792
glukózy,9988
koutu,3587
papriky,10239
určitém,4082
příspěvkových,12614
řídícího,2592
zpřísnění,12615
minerální,7342
trojky,5798
splatný,12616
žebřík,12617
tlumič,12618
prstění,12619
nedostatečný,10753
žalobou,8115
východní,12620
nejkrásnějším,6744
otevře,6217
front,12508
eidam,12621
pøedevším,12622
krytý,12623
anket,8231
spravedlivého,3011
zajistí,2781
výhře,7801
velk,12624
korytě,12625
měšťané,1463
ohled,6444
reprezentativních,12389
nestanoví,12626
solidaritu,12627
opakovaného,4473
metal,12628
sanitární,12629
cukrovka,10375
jehož,2040
oddělení,12630
čtenářky,7237
touze,9503
metodice,12631
předcházejících,12632
ústavů,3400
ekosystém,12633
horních,12634
zlatíčko,12635
předávají,4778
jemným,3799
zadáváte,12636
vlky,4352
jezdili,6022
vesničky,10813
planina,12637
dováží,12638
sborech,12639
zánětem,11467
průsmyk,12640
dopraven,5114
hýbat,8807
implantátů,12641
chlapeckými,2765
zajímavou,2282
užila,2126
reprodukovat,12642
kanálech,3206
zadrží,9707
výzkumném,957
nepříznivý,11280
mluvila,1651
zákazníci,819
jseš,2244
oheň,12074
pramene,5299
chlapce,665
vyměřovacího,12643
nevýznamné,3538
bombardovací,12644
pacienty,504
elektrickým,5107
interakcí,12645
civilního,9251
kupředu,12646
komunitách,10612
aféru,12647
královně,3111
padne,8407
zvířatům,5667
vrásek,12648
březnu,12125
nechť,12649
naplno,12650
náznaky,5965
snahám,7347
naléhavé,12651
head,12652
operační,12653
praporu,5491
postihnout,7651
etapě,2976
silnou,1891
obě,8614
nelegálně,12654
how,12655
přátelským,4139
zdrojům,2056
přeju,1626
vrch,12656
citově,12657
podílely,1000
setkalo,3053
závazky,3423
vlna,9859
spotřebiteli,1100
registračních,12658
nature,12659
zmínku,12660
povídala,1006
neduhy,12661
aktivujte,12662
rozdělte,3109
pancíř,12663
bazilika,12664
chris,12665
lymfodrenáž,12666
bývalého,279
kariérní,10162
stáčí,12667
akutního,12668
another,12669
maraton,11327
odchylek,10677
nabádá,12670
nestojí,1941
stali,1941
opakem,5005
srandy,5322
rehabilitačních,12671
poddaní,9301
materi,12672
odpadovém,7301
ideologicky,12673
autonomní,7495
lahvích,12674
polotovary,12298
byt,12675
akryl,12676
vakcína,12677
restrikce,12678
must,12679
stávajícího,10829
aktuálnost,12680
bídu,12681
školkách,12471
matematického,1889
užitkovou,8618
probírá,12682
papírech,3125
titulárním,12683
hrajících,1823
skocích,11238
vsedě,12684
zakázáno,4991
stěží,12685
poloviny,7879
kulových,6985
logická,2010
potvrzením,12686
zmíněným,1264
rčení,12687
účinků,7743
postižené,885
bývalých,279
často,12688
mylné,12689
sprosté,2855
celej,12690
dělením,12691
vyhodnotí,6953
rukopisu,1716
komerční,8607
živnostníků,577
tajemné,1768
zařazovat,4267
hrubý,12692
sodný,12693
zadaného,12694
insolvenčním,12695
singlu,12696
srozumitelná,4137
totožnosti,9612
záplav,9967
kožních,6407
plánovala,1282
týkat,7537
napodobit,6859
původními,5222
ukázala,1984
dekorace,12697
tělesně,12698
přísady,12699
nevyplatí,2580
hebký,12700
times,12701
rad,2992
univerzit,9199
vznikly,3710
sílou,6044
propojovací,12702
půdorysu,5910
shrnout,1506
neopustí,7049
vlnovou,6057
spalovny,12703
víkendových,8450
technologická,1302
ostraha,12704
vymění,9013
kontaktní,12147
časová,1066
piloty,230
řvala,5263
dutinách,12705
napsanou,12706
omezením,7845
autobuse,4940
vypovídající,7519
dítětem,5649
nepřeberné,12707
obchodů,12708
šířkách,12709
opylovány,12710
dotkne,3358
interní,12287
potencionální,12711
poradenského,1748
malebnou,11871
teroristického,3204
masa,7963
kufřík,12712
cizího,10547
výběrovým,7297
jeřáby,3105
odborností,12713
konverzi,12714
geografického,4150
nuceno,3851
neformálních,12715
silikon,12716
znam,12717
trhem,2352
odumřelé,12718
podobou,6365
umístili,4175
čtenářského,3872
výskyt,12719
koupě,12488
byzantských,3232
výraznou,1360
baskytaru,12720
protějšky,445
závorce,12721
programovém,402
different,12722
instalačního,5460
veselých,2412
letů,12723
terase,7319
odkazů,10918
počítačovými,1348
rýže,12724
svislé,2755
sleduji,3575
specializaci,8183
nejpopulárnějším,3608
sestřičku,2444
rytířských,5922
slušel,12725
zřetelem,12726
objevili,1854
revolucí,12727
trvala,5344
vyloženě,12728
žárlivost,5227
technické,1127
minutová,3847
mačkat,12729
zapomněla,3037
proste,8488
narozeniny,11484
předsevzetí,12730
odlišnost,6135
severského,4764
lístků,6594
některým,2220
toxických,5835
zahřeje,12731
právních,9717
převzetím,12732
investic,5399
poradního,6313
tušíte,1256
kázal,12733
přetrvávající,12734
sněhu,2626
diplomatické,7076
dopravy,12735
privatizací,12736
intenzitu,12737
výchovou,9463
zaměřovat,5852
jistoty,6384
hangár,12738
komunitou,10612
pohovkou,12739
posbírat,12740
pojmenováním,3682
předepsaných,8085
mistrovstvích,3487
potřebného,7783
vypracované,4291
povedená,2039
prosadila,858
kontrolách,12741
dočkaly,2272
průvodem,5529
baleríny,12742
vtom,12743
navazování,12744
fotbálek,4612
představovalo,2321
konzoli,12745
liberálního,4927
vodotěsnosti,12746
letovisko,6147
obezita,12747
důležitá,2498
želatina,12748
budované,12749
budoucím,4029
zasluhují,12750
pohraničních,12381
vysocí,10512
posílal,12383
píšeme,1451
líbat,11525
dařilo,10745
poradenská,1748
makroekonomie,12751
naučné,11620
vypínat,7200
neřekla,407
pomyšlení,12752
oporou,10422
pokulhává,12753
vynálezu,2951
zápach,12754
švédských,768
vyřazovací,12755
zralá,2302
přesná,2378
lepidlo,12756
záležitostí,7714
spustit,3940
kupé,12757
prodejní,11390
soudě,1184
nalézáme,12758
odůvodněných,11691
špatnými,1495
stopou,9360
batohy,8345
vítězstvím,12759
zobecnění,12760
broušený,12761
slunečnější,4820
sedák,12762
přepínat,12763
kulometu,7164
skleněným,4096
zákony,1198
strategicky,12764
nejlíp,8055
rámcového,5276
lize,8324
regulérní,12765
domnění,12766
ofenzívu,12767
hlasitým,6610
brzdná,5546
putovat,5561
dáreček,6736
sjíždění,12768
rádiových,4043
práva,5766
předložili,1589
čekám,2228
tvuj,12769
srdečních,11387
perník,12770
trénovali,2746
otázce,5620
fólii,10006
močí,12771
stáje,12772
dospělým,1003
neumíme,2703
plul,9773
žhavé,3371
rostlinou,8531
závidět,12773
následován,4736
lišil,12774
požadovanou,5382
končím,5925
přílišná,11812
získáme,2291
dílčí,6532
varepsilon,12775
šťastného,1017
ideálních,12776
zaslali,2773
kupuje,10671
diplomovou,6892
fyziku,7211
hezkého,6502
samčích,12777
železného,2529
instance,12778
výborných,2075
jilm,12779
vzdušných,4722
poškozením,12780
hlavu,4448
pokličkou,12781
vylučovat,6204
seřizování,12782
stylovou,2965
analogového,4628
hotelovém,3247
projeví,1703
jevil,12783
ldots,12784
katastrofě,11044
přednost,10064
přesných,2378
nezastaví,11349
donutit,5942
hrozne,9442
policejním,3428
blokuje,12785
nehrají,1393
doporučují,6680
vedrech,10088
renesančního,9334
fórech,7952
migranty,12786
chybí,4220
dopady,5647
výroky,1167
noze,12275
stojánková,12787
nenávist,12000
věru,12788
zapisuje,12789
vykoupat,12790
palma,12791
gotickým,2875
povstalců,4797
přehrála,12792
garantujeme,6560
orální,12793
klademe,2209
fondům,1499
výrobně,12794
mapka,12795
vytvoření,5207
výzdobu,12796
otěhotnět,8946
ošklivý,12797
jednotlivcům,2751
rodině,6567
šroubu,6946
expedujeme,12798
provoz,9733
přátelům,298
rozdělen,12799
sex,5928
setkala,3053
odpověď,12800
krmit,12801
stlačený,12802
dopustit,2345
výletem,12803
traktu,12804
zprovoznění,12805
studium,1123
fatální,12806
svolení,5637
cloudovému,9044
šek,12807
edukační,12808
jedeme,6284
lisovací,12809
havárii,12521
nejasných,12810
největš,12811
latex,12812
štafetu,12813
zveřejňování,12814
dárci,4520
polohy,4313
měchýř,12815
ojedinělým,3591
přívlastek,12816
výraznější,1360
nezávadnost,12817
napětím,7143
série,4953
srovnáním,12818
upraví,4302
křesel,8772
doom,12819
chodím,5309
geodetických,12820
dusíku,9787
křižuje,12821
sedačkou,12822
nářečí,12823
polytechnického,12498
vytvoříme,671
painting,12824
copyvio,12825
firemních,12826
reakci,3832
sis,6676
současnou,923
nimž,2040
nástavec,12827
známými,292
kolekce,6806
obsazeny,2164
škodliviny,12828
vybíráte,12829
architektuře,4071
klepnutím,11783
finalisty,2176
vchodové,5902
specializačního,12830
fouká,12831
nebytových,4417
doktorských,7130
speciální,7138
úrodná,12832
rybnících,7717
servisem,12833
obdobného,10908
nejdále,12834
dosavadního,11101
hojný,12835
obhajobě,8518
smysluplné,2362
oddenku,12836
vápně,12837
překrásném,9827
výrazným,1360
nadbytečné,12838
lekníny,12839
propojující,12840
žádoucí,12841
prezidentskou,922
nevšimli,12842
sprintu,12843
pojmech,8719
polyester,12844
slibů,3581
doložit,4306
známosti,9468
puku,12845
trable,12846
displej,12847
omluví,2867
přemýšlíte,1986
budoucna,12848
četba,7559
vakcíny,12677
idnes,12849
obrázkem,5020
vynést,7384
vlci,4352
nachystáno,12850
přísnější,1586
osvícení,12851
jasná,7208
miluju,2785
zvažte,6269
dotazníku,8678
flexibilní,12852
neřeším,12853
nejdražším,4382
čitelný,12854
jednali,3698
obsahoval,9215
žlučových,12855
nezištně,12856
zahradním,8817
úřady,1971
kapucí,12857
získanou,5893
kouzelná,2995
nebránilo,12858
volnější,12859
zvyklostech,6024
impulzy,12860
teraz,12861
jménu,3138
kritériích,7922
nominační,12862
slovně,12863
střetů,6190
částice,12864
přehodit,12865
kamenické,12866
nasadit,2585
dialektu,4395
vztahu,3263
vysokofrekvenční,12867
motivace,6450
sedaček,12822
prodává,12324
made,12868
vznětové,12869
výtěžku,8885
desátém,2847
těšte,1949
komentáři,5783
zavzpomínat,12870
odboji,4099
momentálně,12871
přesným,2378
připojovací,12872
úvěru,5155
pomůžeme,10292
natažené,12873
smyk,12874
rezervovaného,12875
absencí,10431
chemického,3738
pláži,2269
zvedne,10800
dřívější,12876
sesterských,12877
odposlechů,12878
ocitá,12879
inkoustových,12880
příjemnější,2700
verzích,12431
družina,12881
komplexní,9268
přežijí,10226
starožitností,12882
klimatizace,12883
vypínací,12884
matematicky,12885
elektronikou,12038
gauč,12886
cítíte,2348
desítkami,8654
vzniklou,2472
záchodě,4120
platů,10500
setkávají,9154
podél,12887
demokracie,12888
poledni,8878
nezapsaný,12889
abecedně,12890
infarktu,3241
spánku,10194
domácí,4126
zradě,11421
likéry,12891
podezřením,12892
akreditované,12893
víš,1267
nezaručuje,12894
použitými,3061
získali,2291
zdaněním,12895
puči,12896
kalifornské,8571
norma,10377
emisích,12897
brokolici,12898
jezdím,6022
blonde,12899
chodce,10167
jemně,12900
zivot,12901
perel,12006
subjektech,12902
shánění,12903
stejnì,12904
robustní,12905
nekoupil,7776
big,12906
dávku,10661
obtíž,8838
intervenční,12907
environment,12908
vstoupili,3474
časných,12909
občana,779
trolejbusová,12910
zachytávání,12911
přehodnotit,12912
školka,12471
správci,1825
zdravotníky,1677
zbavovat,6584
látkou,5519
navigačního,12913
úskalí,12914
apoštolů,12915
klídek,12916
tělíčko,12917
amatérky,12918
paměť,10586
krajským,1573
flétny,12919
bývali,10177
portálech,12920
potřebných,7783
příkon,12921
informatiky,875
příspěvků,10904
odolných,4016
určenou,8240
transparentnosti,12922
roztokem,3699
externího,9124
míchání,12923
podhorských,12924
zmiňovat,974
stručnosti,12925
uvolnění,5149
akumulátorové,12926
chtela,12927
sluchátek,8186
lovit,11956
slunečnice,12928
antidepresiva,12929
rozvodí,12930
úmoří,12931
touhou,9503
uvažují,1483
daruje,3145
uklidnila,3764
eventuální,12932
neexistující,8301
vilu,12933
eskortní,12934
hedvábný,12935
uskuteční,8846
jáma,12524
překrývá,12936
zaměřit,4796
příčinami,6559
zásilku,12937
nekompromisně,12938
týkaly,7537
důvěryhodnosti,12939
přepnutí,12940
diagonální,12941
observatoři,12942
pěkný,9665
přiblíží,2756
pracovním,12943
zabývalo,2386
where,12944
agresivní,11171
apartmánu,5282
ukazují,4909
soudců,406
sanatoria,12945
psychotropních,12946
letectvu,12947
ješte,12948
menšině,4131
inspekční,12949
náletů,12950
újezd,12951
nedělejte,1466
hrozného,4097
informatika,875
rodičia,12952
navazovat,12430
antologie,12953
plavce,595
pojedeme,6284
probudí,8352
kouty,3587
letenek,12954
tvořivosti,12955
atributů,12956
milou,12957
agentů,346
probouzet,8352
beru,5405
kontrolních,12958
vygeneruje,12959
prudkou,4409
deskriptivní,12960
hospitalizaci,12961
carského,12962
plynovým,6891
přiměřené,12963
cukrovou,4854
modernizaci,10626
milým,2287
předstihu,2924
fašismu,3603
doprovodným,1791
hluk,12964
předpovědi,10123
bojuje,3876
prosbou,12308
analýz,6598
pojaté,2975
západočeské,12965
stolkem,8940
poskytnutý,12522
silné,1891
doprovodu,1269
produktivní,3166
panský,12966
návodem,6673
neklidu,6949
zavraždili,2427
namontovat,4973
lídry,12967
dočkáte,2272
určitým,4082
zapadnout,7712
unie,12968
vodopádů,5423
levnějších,8448
palivového,3928
spoilery,12969
patriarchy,627
normu,10377
přesného,2378
iglite,12970
vrozené,6397
hrubých,12692
vydá,3761
zemních,12971
vlastnostech,8119
zorganizovali,3677
manipulací,12972
nevidim,12973
vědí,1267
financovala,1826
uzavíracího,12974
oceánu,7965
citačních,12975
krajského,1573
spočívající,12976
církevními,6811
stavitelný,239
pozorován,12977
konstanty,9984
chystají,1498
nadváhu,12978
zapadají,7853
popisují,1894
kreslení,12979
deportován,12980
volebním,7902
úctu,4090
nbqde,12981
pohyblivá,2766
hraběnky,12369
stabilizátorem,4616
středověkých,2264
zahuštění,12982
uvedené,2210
nadpisy,3776
vědomé,1386
vadit,3133
kultura,5233
neměli,2115
otáčet,12983
doprovázely,3106
masérek,12984
ostravském,706
krychlových,12985
názorů,2300
proměn,5186
závěrečná,2391
navodí,12986
délek,12987
obýval,12988
mlékem,12989
hospodářským,4300
vkladem,7059
živiny,12990
nervů,9718
soutěži,7477
hostinců,8675
neklikejte,12991
mostecké,12992
cloud,12993
zámeckého,2273
mzdové,2839
dobovými,1459
kšiltovky,12994
vanilka,12995
chválu,12996
československém,758
maturitní,5655
pojede,6284
letecky,12997
rakousko,12998
řidičák,12999
zůstává,11263
cyklem,2024
dokladů,7912
samy,326
čtyřjádrovým,13000
bavíme,925
jasnou,7208
revoluční,11976
rytíři,843
hydrofobní,13001
náklonnost,13002
těšili,1949
stáží,13003
předcházet,5447
nehodí,5866
izolačního,7794
narozeninám,11484
uvítání,13004
analyzovat,4651
pátého,1910
nakažení,13005
nabídka,5795
chirurgických,2432
bůhví,13006
přišli,2674
vyrůstat,4685
stávce,13007
zaujala,2350
únosnosti,13008
mluvíme,1651
přehledných,7452
obsahově,13009
soudů,1181
stejnopohlavní,13010
důležit,13011
programově,13012
vzpoury,13013
táhnout,8668
hladu,6639
existujících,8301
zdravotnického,1742
hrobky,4314
přicházíme,2968
převládající,13014
mámy,1706
skladovacích,13015
zpracovaného,2306
armatur,13016
plnohodnotného,6505
věcných,2485
sekund,12291
zabije,5857
ujel,13017
dlouhý,9451
opětovné,13018
zveřejňovat,3977
kancléřky,1431
soupis,13019
hada,5883
akcemi,7015
tibetského,1259
kampus,13020
neexistují,6867
objevování,13021
zvolených,1164
neskončí,6860
vodivosti,13022
nymfy,13023
legislativně,13024
konektor,13025
tónech,8577
úložiště,13026
dat,13027
zavolat,2004
rozdílům,5744
klimatizací,12883
vestibulu,13028
plavky,8095
pokládat,2599
dovršení,13029
zpomalil,13030
vzpomenete,1957
východního,12620
doplňovacích,13031
příslušným,1956
měřením,13032
žádáme,4015
opěrku,13033
židovské,1195
tradiční,3975
deštivé,13034
awesome,13035
dokladem,7912
recepci,12299
neurony,13036
opozici,4474
negativně,13037
poradíte,1868
spravedlnost,6458
vstoupila,3474
kanónu,7521
loňských,3933
ranních,13038
koukám,5357
sledován,4629
požádáni,4221
shrnutím,13039
zapojit,3231
těžkým,5858
podrobněji,13040
touto,1656
kajetan,13041
food,13042
hlavni,13043
potřeb,5482
následnictví,13044
kulová,6985
výkup,5054
delikty,13045
kapitálem,5844
lépe,8055
nedávejte,13046
komunikačními,6350
modelovou,13047
nezávidím,13048
zraněními,13049
komisích,7280
naučím,2462
vyznačením,13050
odebral,13051
pevných,3521
stonky,6834
vegetačního,11771
válkami,5568
nedělích,8553
zpravodajskou,1169
divizí,13052
chudobu,11080
svěžím,8452
nekonalo,13053
nálad,4984
zaniklý,13054
jimž,2040
snoubí,13055
pomocné,425
kondenzátoru,2452
rodn,13056
svrškem,13057
koupat,13058
nervy,9718
učiva,13059
autonomních,7495
pokusům,5242
osobne,13060
chystám,1498
propozice,13061
vozový,13062
čelí,4626
horninami,13063
obrábění,13064
všelijak,13065
obrácený,13066
hořčici,13067
oběd,13068
učinili,3861
nevrátí,3974
soukromá,3808
přidělit,2958
knihám,4503
založili,2819
prohlubuje,13069
tloušťkou,9516
fandit,13070
přirozené,3818
vrt,13071
bolševiky,6797
cembalo,13072
smrti,6236
obchodně,13073
holdingu,5206
kabinu,13074
ledu,8975
znalostech,4900
šokem,4618
výstupního,13075
žádaných,3471
parkovacích,8524
překážkami,5237
převodovku,10554
nebezpečného,3185
náboženském,1835
mlhy,10433
slušnosti,13076
neváhala,13077
marný,13078
prezentované,3408
jakože,13079
stoprocentní,13080
úkonech,13081
krásu,6786
vytéká,13082
vztahy,3263
svadba,13083
armádou,5259
archivy,2439
hřídel,13084
akorát,13085
útočných,3261
pocitově,13086
důchodové,5854
objasní,1659
motivovat,8475
muslimy,1187
magazine,4244
tele,13087
federálního,5737
společníka,972
zdrojem,2056
stěhovali,5071
preferuji,13088
doplňující,13089
chodu,10562
někoho,1445
nejisté,1019
zprostil,13090
proměnných,13091
songů,13092
vyhodnocením,13093
rotující,13094
tyčka,13095
object,13096
kuřecí,9096
léčebného,6464
pomocnou,425
výborná,2075
štětcem,13097
mlýnů,6367
nedodržování,13098
diecéze,13099
přestěhuje,5855
opravňuje,13100
spýtať,13101
globálních,13102
staršího,1982
spolujezdce,659
application,13103
medicíny,13104
raketoplánů,4606
obnovy,13105
outfity,13106
horolezecké,220
nechám,1822
nerozumím,11551
osadníků,2487
zavedené,3276
message,13107
vyslat,7678
jiří,13108
funkcionáře,243
svědčí,13109
vyřizujeme,9005
zapamatování,8275
knihovnických,13110
rychlí,13111
factor,13112
ocelového,4049
přišlo,2674
mimořádnými,2537
sklidila,1491
upravuje,13113
mimoúrovňové,13114
přednostně,13115
provazy,11283
posel,13116
klasickým,2122
ilustrativní,13117
biskupovi,645
zahrnut,13118
uplynulé,5070
zabrat,7269
postupnou,8876
grácií,13119
trubek,5819
volnočasových,13120
kachna,13121
finančním,7216
reforma,3824
housle,9847
dětským,1355
dělostřelectva,7232
varovali,2140
halových,13122
hinduismu,13123
úsporným,6085
rejstřík,13124
obohatit,4392
hybridního,13125
podnož,13126
placená,2179
přidejte,2607
tvarovanou,13127
stihnu,13128
primární,11767
důstojníky,324
páčka,13129
komentovala,1029
aukční,13130
svùj,13131
stavět,3908
užívá,6571
zvířete,5667
nepřetržitého,11377
kolektoru,13132
módními,2980
opačných,4315
holčina,7661
kanálů,3206
vikariát,13133
dočasných,2619
zdolal,13134
zřizovací,13135
železničním,4519
konstituce,13136
neberu,5405
ukradl,13137
rozebrat,13138
hlasů,3000
měli,2115
vývoz,11032
osvětlením,13139
položený,9777
vysvětleno,558
krizovou,1517
way,13140
balkónu,7901
celostátních,13141
chudého,2324
seniorském,13142
pravidelných,9703
právním,9717
rallye,13143
setrval,13144
plavidel,9688
zařízením,13145
resortů,6636
bohatstvím,13146
vyprodané,10481
opětovném,13018
štuky,13147
těžbě,7351
šlechta,13148
karlovarské,917
archívu,5767
plevel,13149
mořskou,4670
spočítat,3066
uspořádalo,3026
neutuchající,13150
gymnaziální,13151
lomítko,13152
vhodnost,13153
třetině,3209
vzrušení,13154
civilistů,4357
nádorem,5663
šumu,13155
špína,11927
vládců,1460
polynomu,13156
van,10393
šamponem,13157
královny,3111
naskytne,10558
neurčité,4082
shromažďuje,13158
neobhájil,13159
stěhování,7446
plánuju,1282
konfrontace,7926
skočí,9637
desítky,8654
vegetativní,13160
přijdeme,2674
dodáván,13161
kodexu,13162
stereofonní,13163
vyjmenovat,13164
úterní,8378
dlažbou,13165
bydlím,4303
nováčků,560
molo,13166
nudličky,13167
palivové,3928
věnec,11372
rozpočty,2090
interních,12287
kolonu,13168
punku,13169
stáhnete,6522
plynulou,13170
pokojových,13171
přizpůsobený,13172
viní,13173
stromků,6496
monitorovacích,13174
vypnutím,13175
ovládacích,13176
nechalo,1822
opatrná,3178
endokrinní,13177
hrozen,9442
dodatečné,4248
soustavou,12539
hluboce,13178
expanduje,13179
závadné,7001
uhrát,13180
jakmile,13181
pohanů,13182
porodní,13183
platili,3462
rozkládá,13184
ovlivnila,2761
onom,1989
identifikací,13185
stejnej,13186
školky,12471
radu,2992
zasluhuje,12750
schopnou,637
chovám,5436
betonovou,2611
dlouhodobě,13187
odpověděli,2009
nenastoupil,3188
jazykovými,1712
stěžují,3361
zrcadel,7760
vyšetřovací,13188
únik,13189
závodům,6818
vládou,2639
samosprávy,10775
vzorce,5390
nepočítám,1549
odlišným,4310
uklízí,13190
běhá,13191
oholení,13192
žádného,3693
strojírenská,2249
přiznán,434
víkendu,8291
ligového,1961
ověří,7404
chudých,2324
holkou,3475
přinesli,2811
pojatá,13193
spalováním,13194
kabely,4184
bakteriálních,13195
jemného,3799
požadovaného,5382
zub,13196
dozvím,3439
skupinky,11666
spor,13197
francouzské,428
kuchyňská,2104
nehodě,9851
spotřebičů,6339
analogii,13198
mezilidském,2804
robustnější,12905
doměkka,13199
kulmy,13200
svobodné,4058
ručník,9038
ovládat,4265
nejsledovanějších,4629
spočívala,7465
dívají,2308
pardubickém,1219
ubrat,13201
chceš,1129
nepřilnavý,13202
dudy,13203
statečných,1308
subjektivity,13204
rodokmeňa,13205
uložený,13206
půlka,6515
analýzy,6598
vážném,2314
skrytě,13207
charitu,11322
prodavačky,4753
artefakty,5535
přechod,12559
přidanou,6256
zbyl,13208
hlasům,3000
nastavit,2838
mýtného,13209
hravá,2261
pozůstalost,13210
neuznává,1996
zástavu,13211
obcích,13212
pondělí,13213
unavené,822
kontaktních,12147
tvrdá,5894
chiptuning,13214
neděle,8553
postihne,7651
striktně,13215
blistr,13216
láhve,12674
různorodé,5870
prováděný,13217
používá,7967
bitevním,3686
cílového,5897
rozdělený,12799
bezchybně,13218
sumu,13219
snahu,7347
komodity,10164
dodělat,13220
automaticky,13221
čten,4109
iontů,13222
zjistěte,3606
zásluhou,1796
provádět,4079
trenérské,13223
předškolního,13224
předepsat,13225
vývalky,13226
intenzivních,13227
zařízený,13228
interního,12287
příležitostných,424
mono,13229
zvítězí,2289
povel,13230
poddruhy,13231
lepenky,13232
nerezavějící,13233
ropou,8191
sráží,13234
říčního,13235
střeží,13236
sestrou,2985
negativními,7799
pozdějšího,4023
zazpívala,1755
iniciativě,7309
startů,8697
třídí,7715
povětšinou,13237
krátkodobou,6470
ponořit,6438
kratší,2882
zapíše,2885
košilka,13238
kurzové,13239
uprchla,4566
pořádná,2741
milovanou,1134
orient,13240
zasedal,13241
brýle,3414
symbolu,7855
oficiálními,3297
městům,5562
ekonomickému,1476
hvězdokupa,13242
gestapa,13243
observatoř,13244
sejdou,4833
berte,5405
železnice,6651
dezinfekční,13245
dešťová,1530
ohniskovou,13246
disciplína,13247
jediného,1870
originálními,1974
problémových,11998
pěstitele,4883
napadla,3499
nočních,13248
zástupcům,1203
kočkami,6224
závodních,13249
provincie,13250
archeologie,13251
zoomu,13252
orientálních,13253
průměrná,2247
pozor,13254
pověřené,1094
zklidní,13255
pojmenováno,6781
ukončí,12163
samčí,12777
zhoršující,13256
uvidím,2919
spojit,2892
vzorci,5390
porážkou,11156
cenového,3822
rovnou,13257
frontu,12508
přístavem,6626
nabídky,5795
záznamy,2108
šest,13258
synka,941
strýčka,362
vyleze,7047
zkoumat,4299
plnili,7461
chlebíček,13259
veterány,331
hračky,5062
obrovského,8457
dotací,13260
směli,1316
pohledávka,13261
dovolí,1887
křížových,13262
prokazovat,3547
znepokojení,13263
spoluúčast,13264
frontách,12508
potlačil,13265
nenápadně,13266
popsaný,13267
typických,2089
typově,13268
box,13269
zajímavými,2282
mluvíte,1651
doslovně,13270
nutit,3851
nabízelo,7128
říčních,13235
emisí,12897
poměrem,4285
dvojnásobek,13271
islamistů,13272
need,13273
přidávat,7150
dorazili,3938
dekoraci,13274
hypermarketu,13275
loučím,13276
snažte,2023
benzínu,11194
sousedů,861
tvárnic,13277
jihovýchod,13278
strukturní,13279
napsalo,1402
fresh,13280
bonusy,7960
mottem,3756
výkupné,13281
ingredienci,13282
stínu,3836
vzdělání,2634
prodlužování,13283
vlastnímu,4680
rameno,10782
vzácných,5997
nástup,13284
zvyšováním,13285
tlačítko,6437
vyjít,5729
přírůstku,7956
umístěte,4175
uživatelům,672
afektivní,13286
pálí,13287
střílet,8012
tepelné,8054
zkratkou,11201
obhajovat,2861
neznámého,292
zasklení,13288
lvem,928
prodlužovat,13289
budete,2244
přísluší,13290
vstřikování,10063
nábor,13291
trpělivosti,7078
přicházeli,2968
čisticí,13292
amatéry,403
konzolí,13293
pozdrav,4223
závodù,13294
kurva,13295
piercing,13296
áčka,13297
letišť,11023
mzdová,2839
svobodu,5685
pokory,1631
vozem,6148
cibulkou,9057
reálným,5112
uživatele,672
tim,13298
písmenu,9386
příspěvek,10904
konkurenti,1620
otravné,13299
výrobními,5414
hliníku,10654
externím,9124
ubírá,13300
podat,1624
moderním,7104
nejasností,11460
ráji,7820
průchod,13301
objektivním,9234
slovenskými,372
spamboty,13302
sest,13303
period,13304
vyučování,13305
index,13306
stěžovat,3361
klon,13307
komunitně,13308
singlů,13309
pojmenován,3682
cestu,13310
tiskne,13311
jednoduchost,13312
použitému,3061
četné,10048
dokonalosti,12375
šikany,13313
stanů,4325
mistrovská,2915
pamlsek,13314
optimálního,7437
vykonávání,13315
samostatné,1713
zapnout,9347
krásnější,6744
věznicích,7403
přínosné,3633
štětec,13097
hlukem,12964
průměrným,2247
zesilovačem,9562
přízemní,7206
vraku,10404
potíže,7819
antukových,13316
potkají,5762
adekvátní,13317
známou,13318
studeným,2503
reedici,13319
zvedlo,10800
objevení,13320
přetrvávají,12574
rozpoznání,13321
odmítat,3441
špinavou,13322
mezinárodní,7961
zkouška,3617
prostředním,13323
potěšující,13324
obdivovat,2792
kříže,3307
něžná,1666
architektura,4071
udělován,3802
ohrožen,6521
pojmy,8719
starobní,9420
logického,2010
alergická,3099
působily,1236
potichu,13325
pohovor,13326
meditací,13327
nejdu,4153
doladit,13328
důvěryhodnost,12939
využívající,13329
takto,13330
odsoudit,7399
klienta,767
citronem,4394
simulace,13331
poškozuje,13332
popravy,10852
kontaktech,11482
leda,13333
obživy,13334
dusí,13335
zvířecí,9032
hranoly,13336
kombinuje,13337
nejjasnější,7208
vodíkové,13338
sklizeň,9973
aplikovat,5314
válečná,636
detoxikační,13339
komunikačním,6350
zpoplatněno,13340
ozdobný,13341
diskriminace,13342
uplynula,4257
brněnskou,484
živě,13343
penzí,9863
jachty,13344
výslovnost,11863
dobrá,2419
otázky,5620
vůně,13345
zabaleno,4932
ověřovat,12536
dětičky,13346
pásku,4963
venkovském,2655
prezentery,13347
potřebou,5482
zachraňovat,5986
veliteli,495
náhlé,5994
místostarosty,562
tabákových,11453
bolestivých,8064
východních,12620
hmoždinky,13348
spacáku,8774
malička,13349
přístupných,5907
napadají,7243
jede,6284
čekejte,2228
optikou,9049
návštěvnost,7656
vymalovat,13350
uděláte,1689
zřetelný,11919
vládnoucího,13351
vyčnívali,7735
skladováním,13352
vězněn,13353
cokoliv,13354
vypustili,4462
fosforu,8597
přemýšlela,1986
hledisko,9406
vzali,2582
domeček,13355
dopravit,5114
hrušek,7729
kosmetických,9321
ediční,13356
výřezy,5409
gangu,13357
krajpřed,13358
intenzitou,12737
status,13359
stěnou,6865
znázorňuje,13360
vyzbrojen,13361
právem,5766
víkendů,8291
jedinců,977
parcelní,13362
desáté,2847
částkou,13363
vlastnických,13364
soukromě,13365
výstaviště,13366
žezlo,13367
zatykač,13368
rozjíždí,13369
was,13370
arcibiskupa,707
rozpustit,4737
daní,9616
příležitosti,10539
koutů,3587
funkcemi,11886
začalo,3030
klíčová,966
nabíjením,13371
procesního,5748
janinka,13372
příklon,13373
signály,3445
zábrany,9689
zadávacích,13374
tenké,4227
prosí,8488
přehradu,7722
mřížemi,13375
krypta,9823
spolužačky,4174
ujednání,13376
božského,837
čest,13377
mrakodrapů,8523
pásmem,13378
potravina,13379
kompilační,13380
tvarovaná,13381
šestiletého,13382
dekorativních,13383
vinobraní,13384
sklenici,13385
automatu,5006
astronomie,13386
informovala,2151
siluetu,11668
reálném,5112
nepustili,1629
vysílána,13387
řeč,11762
tříletého,1260
velkoobchodní,13388
dóm,13389
záchranu,3330
zraní,3660
kategórii,13390
bombu,13391
violoncello,13392
kupoval,10671
úrok,10784
tříděného,13393
dočasnému,2619
twitteru,13394
dodatečně,13395
cihlový,13396
křižníku,4587
spermií,8534
středovým,1831
tango,13397
základním,5517
zachovat,4815
nástupnické,13398
vyvěrá,13399
algoritmu,2932
stať,12433
záporně,13400
osnov,3671
nepostrádá,13401
ekonomiky,9364
průvody,5529
spustilo,3940
šílenství,13402
ovládacím,13403
shoduje,10874
přihlédnout,13404
fota,13405
ruštině,7314
zimních,13406
smartphony,7006
zakázaného,4991
experts,13407
potratila,13408
fráze,13409
sein,13410
eurech,13411
telegram,13412
specifickými,2185
evropským,1983
uchycen,13413
postřik,13414
krůček,13415
přístroje,1912
přesnější,2378
vstřícnost,11284
katolíků,6553
chuť,10184
administrátorů,13416
žilách,13417
dvanácté,2930
kamkoliv,13418
nebeských,1895
klávesou,12229
konkurenty,1620
parametrům,6104
řvát,5263
váček,13419
žal,13420
continue,13421
loď,13422
popruhů,13423
školce,12471
lampy,13424
zaměstnavatele,443
vysvěcení,13425
již,13426
pořádek,8639
rukávu,10138
kompromisu,5822
německým,693
lyžařským,4803
kosmetického,9321
burzy,13427
dívali,2308
zavěšen,13428
obhajoby,8518
vpádu,13429
jídelních,13430
síla,6044
laboratoře,6705
vybaven,7062
mikiny,13431
medaili,13432
sestrám,2985
nainstalujte,6345
křeslo,8772
léčebně,5260
neznalosti,11676
vychovávají,9906
nejasný,7208
vydaný,13433
suverénně,13434
mám,2115
vydírat,13435
čistička,12270
nenechají,1822
etika,13436
pobývali,3032
mýlím,5321
posuvná,13437
obstojí,13438
vlků,4352
skupin,10126
přiměřený,12963
zařazují,6527
majitelkou,13439
světlomet,13440
neznali,4312
zvláštního,7487
koučování,13441
zajišťuje,4929
kladných,6315
hromada,13442
řadíme,9025
hodnotové,13443
formu,13444
hybridních,13125
kamenný,13445
rozlišujeme,9427
exlibris,13446
nouzových,13447
vracím,6263
nedokázalo,1105
redakčním,7359
ledvinky,13448
pulzní,13449
hovoříme,1488
chrámech,6828
není,2244
subtropických,13450
cívky,13451
pročtěte,13452
předním,3703
seberealizaci,8034
malebné,11871
zavedených,3276
remízy,6014
vestibul,13453
sesazen,8230
uranu,13454
podělím,1793
lezci,13455
opadavý,13456
rekonstruované,13457
otázek,5620
vyhraje,3559
vědeckou,1055
zúčastnila,1842
odtoku,13458
recept,13459
expedicí,10371
vymyká,13460
vymáhat,13461
dluhopisů,13462
sát,13463
ukrajinském,695
velmoc,13464
mrtvolu,7565
ovlivňující,13465
žraloků,4686
dobrodružstvím,8030
rámové,13466
turnajem,10027
motorů,4390
útočníky,309
historická,1593
lokalit,6922
diagnózou,13467
oboupohlavné,13468
elektrotechniky,13469
potravinářském,4041
chaotické,13470
vyučení,13471
zapomenete,3037
protivníka,1280
obávala,2103
socialistických,1362
inteligencí,13472
vykoupit,7904
trvalým,11413
formálně,13473
zváží,6269
cukrovky,10375
potaz,13474
podezření,12892
hodinového,3335
nějakého,2801
mantinely,13475
dodacích,13476
čajem,4740
pokročilém,7284
členských,7255
sebemenší,13477
mrazem,4091
skutečnostech,3009
hodinách,9053
díru,11221
porudí,13478
přistýlka,12211
ubytovacích,13479
hrobem,6556
placené,2179
vídat,1551
rozdělovat,6468
příčinách,6559
kojila,9817
zainteresovaných,7639
typografie,13480
vitráže,13481
scull,13482
šňůry,12548
městského,4031
častých,2615
spokojeni,1634
náležitosti,13483
bakalářská,13484
ověřovaných,13485
skryté,5963
nejjednodušších,5809
varianty,6114
hovězí,13486
okouzlí,8029
ose,9412
okapy,13487
zapojeni,3231
žebříku,12617
svoji,4364
larva,12496
korunovaci,12392
zelenac,13488
osy,9412
postýlce,13489
pozůstalosti,13210
činům,2441
šablonách,7213
stojí,1941
turnajů,10027
každé,1663
světe,2730
věrným,3435
kovového,2902
nerovnováha,13490
engineering,13491
obrazců,2468
konkrétním,4419
štítnou,13492
elektrické,5107
balzám,13493
informovali,2151
fyzických,3515
historickou,1593
vedoucími,711
mnichem,853
spouštět,3940
klientovi,767
vchodu,6648
nezbude,13208
výkazů,13494
rozštěpení,13495
mechaniky,1553
přijmou,1154
stanech,4325
nejchudších,2324
zpestření,8706
zpracováno,2306
pracovitost,13496
zbourat,13497
cíleně,13498
letěl,13499
nevypadá,5881
korekce,12054
horkého,2167
trojboj,13500
kasáren,13501
zavazadel,13502
dokázáno,13503
publikovali,2818
pijí,3685
zavítat,3943
getting,13504
učíme,3640
volní,12859
vesničce,10813
polském,488
vyhlídkový,13505
historií,13506
vládnout,4283
zaznamenali,3706
pevným,3521
silám,6044
císaři,411
zhroucení,13507
dědičkou,13508
indiánské,7075
demonstrantů,3996
basovou,2521
krytiny,13509
nechybělo,4220
fuk,13510
týdne,6583
iniciace,13511
lákat,5780
intro,13512
vydáme,3761
platebních,13513
přineslo,2811
poplatky,6530
koncovce,11317
nevyžaduje,3255
atributem,7780
biologického,2862
pěstovat,4867
prostředníka,2047
shromáždění,13514
aktualizováno,6863
preferuje,10272
nahých,3098
navazujícího,13515
sestavený,13516
pasti,13517
očí,10440
kosmu,13518
cite,1441
přijímače,2217
topná,7142
narozeninami,11484
posedlost,13519
čtení,5817
střevě,13520
nechová,5436
ligu,8324
odrůdu,13521
zakázková,13522
lesklých,13523
civilizační,11817
vyhledá,3955
písemného,5638
omezil,13524
klapek,1138
postupné,8876
použité,3061
cestách,13310
oprávněno,2914
pasažéry,5377
objednalo,4982
personálně,13525
záchranné,3862
orientačních,13526
brazilská,755
nezabírá,13527
dětskými,1355
test,9470
rukávech,10138
izolací,13528
ženijní,13529
každýho,13530
vyplní,2701
skvělém,1385
málem,13531
jdeme,4153
sestrami,2985
všechny,7917
spouštění,13532
organickou,3531
horkým,2167
citované,6627
policy,13533
nepřechýleně,13534
môžete,13535
vypnout,7200
zisku,7567
čelech,10081
dělalo,1466
koridorů,13536
podstavec,13537
klášterních,13538
taktického,7044
potřebami,5482
věrně,13539
živém,2564
vyčerpat,13540
nákladnou,4208
srdeční,11387
outsourcing,13541
stereotypu,2328
kurzorem,4317
rezervací,10651
snažíte,2023
nizozemsky,13542
urážel,13543
variabilita,13544
provedení,7187
recyklační,13545
rozvíjející,11247
pacientů,504
žaludeční,8076
kácení,13546
nákladné,4208
dřívějších,12876
skvělá,1385
supermarketech,9189
gotika,13547
klidnou,7133
pronesla,1701
nabídli,1788
postranních,13548
analytickou,1034
zkusili,3702
speciálními,7138
poděkovali,3422
dopoledne,13549
zvukově,13550
dokázaly,1105
zákonodárství,13551
názvy,2226
potratů,10865
mělo,2115
židovskému,1195
technika,829
zhubla,13552
pořádalo,4588
pytlík,13553
vstupenku,12151
kvalifikaci,8694
přálo,1626
vnímáno,2284
public,13554
porodnici,13555
hlavolamy,13556
dcerami,2743
dohodnutých,6720
ethanol,13557
konvenční,2566
hybridní,13125
nevěří,2311
typech,5776
celoživotního,7984
logem,13558
znali,4312
náma,9628
snižováním,13559
ohrožením,13560
chtějí,1129
dědičných,5264
oba,8614
koukají,5357
skupinami,10126
nejvýkonnější,539
věžích,13561
pupeny,13562
zaměřujeme,5852
definicí,8942
jan,13563
som,13564
možnými,5577
koronární,13565
živlů,1725
cizinců,790
vlasové,2145
slova,3479
vodáky,13566
magisterském,2298
spotřebitelských,6206
strouhání,13567
professional,13568
studených,2503
mírovou,2629
bratislavské,7969
těsta,13569
odděleně,13570
světlých,7332
zetě,1332
brada,13571
školící,13572
prostupu,13573
mexické,746
nadačních,13574
hleděl,13575
uvažuji,13576
galerii,9438
oceněny,566
lidském,1365
čerstvá,904
ulicích,13577
dětí,5649
oslabil,13578
dovolené,9340
chytrého,2106
promenáda,13579
panoval,11300
autobusová,1766
perspektivě,5840
jmenujeme,2559
prachy,13580
horizont,13581
změnilo,7185
vysokorychlostní,7225
karcinom,13582
kamarádku,3367
hráno,1393
čtvrtletník,13583
hráčkou,6072
autosedačku,13584
nechutná,9436
této,1656
výpočetních,12492
živočišnou,2189
nade,13585
jediné,1870
postupují,4294
rodinní,3453
nešlo,4153
promiň,5476
chalupu,13586
němčiny,13587
sedmá,1977
náležel,13588
palby,10337
kolekcí,6806
olomouckého,1668
optika,9049
zasáhlo,6128
transkripci,13589
kuchyně,8857
zdání,13590
působení,4268
sledovanosti,13591
diskusi,11292
nepřízni,13592
vědeckými,1055
pravomoci,9805
diskutabilní,13593
chůzí,13594
užívaný,13595
zejm,13596
velkostatkářskou,13597
tyto,1656
pošle,6643
pánského,2545
natvrdo,13598
knoflík,13599
náhled,13600
držíme,6363
demokratické,1758
nedosahuje,13601
unikátnímu,5100
jevům,4076
zvedá,13602
odmalička,13603
dočasného,2619
věci,7282
ambasádu,6235
půjčovat,11893
remízu,6014
dominantou,13604
vlnění,13605
sušená,2343
zašle,2773
zjednodušeně,13606
kožešin,7242
hřebíky,3915
trápí,5920
nastoupili,3188
trestně,13607
schůzku,12022
táhl,8668
odpolední,11259
nesedí,4381
škrábance,13608
avokádo,13609
ruština,7314
opětovným,13018
překážka,5237
jednoznačně,13610
běhal,13191
označuje,12391
americkém,261
rozdělování,13611
zelených,10893
vědu,8782
čerta,1474
kukuřičné,5048
curil,13612
pískovcových,13613
skloňovat,13614
palivových,3928
půdního,6882
fixní,13615
ohledu,6444
poptávkou,6916
cibulka,9057
prefix,13616
cvičením,12033
přísahu,13617
problémů,2175
znevýhodněných,7680
skupince,13618
trávicím,10313
trasou,6012
vystupování,4499
jubilejní,9450
projevily,1703
ziskem,7567
jezdcù,13619
vlastenecké,11847
nepřihlásil,13620
kardinálů,763
děkuji,6440
náhle,13621
jedinečnému,1532
dobrovolnictví,13622
stacionárních,13623
tlačit,3167
dovedností,6558
čepicí,13624
ohroženého,6521
doporučila,2770
českou,250
smlouvou,11192
náboženství,13625
chlapci,665
přejde,13626
manželskou,691
zdejším,7576
operačních,12653
devatenáctého,13627
hran,4692
studují,2034
napájen,7170
priority,6608
vytvářejí,1709
zahradního,8817
jedenácté,2297
skandálu,3523
vyslali,13628
deska,4768
stav,13629
držiteli,478
kroky,6121
hnát,7523
pačuli,13630
stavělo,3908
podniků,3033
papa,13631
altán,13632
sedačky,12822
započaly,13633
techniky,6617
faraona,3289
mycí,13634
teror,13635
defenzivní,13636
podniknout,3072
slovu,3479
doplňku,10494
tištěného,6881
závislost,10901
charakteristika,9477
přihlášku,13637
nakazit,3282
tepelná,8054
dětskou,1355
robotické,13638
chalupách,13586
propojí,13639
nemocí,10465
rozpadl,11298
disponuje,8681
vnějších,13640
snazšího,13641
doby,10489
vína,9514
typická,2089
večírky,5939
webem,13642
téže,2787
postupném,8876
alarmující,13643
úměrný,13644
vešli,6557
specifikací,12558
zastřelili,4684
korbu,13645
dešťovou,1530
domovského,10426
slotů,13646
moţnost,13647
vzestupnědle,13648
šikovná,735
preventivního,7450
pacientky,504
penis,13649
gruzínské,738
pátrám,13650
nezajímá,5484
obecněji,8907
nekladou,13651
kolébka,13652
nádherným,8800
alkoholem,6443
pracovněprávních,13653
planetek,13654
kamarádce,3367
osm,13655
mladistvé,2286
vysvětlíme,558
éry,13656
telefonního,13657
převodník,13658
jakkoliv,10561
skromné,1684
témže,2787
právům,5766
radioaktivního,7228
božích,13659
zrna,13660
nechuť,13661
výkyvů,10686
zamilované,911
oslavou,4976
známém,292
mrtvých,4894
drakem,11021
obsahujícího,13662
ránem,12501
komplementární,13663
rychlému,13111
druhotně,13664
hlubokou,6544
povodni,9194
přihodilo,10332
běloši,13665
pilates,13666
nadkolenky,13667
zdobí,13668
vařili,3392
pouť,9066
navrhovala,1421
dohady,13669
malebném,11871
přepadl,13670
kováře,628
ligových,1961
dívek,3495
uvedenou,2210
vyznačující,6668
zabezpečuje,13671
znamením,13672
elegantní,9315
nadcházejících,7640
tesim,13673
rady,2992
pociťují,5008
sehnat,2788
varhany,9078
bratry,332
výplatu,13674
zaplavila,10787
prohlášení,4242
svými,4364
sjezdovkách,13675
vystavit,7195
břehům,2567
občanství,13676
robotů,1257
reagovala,1275
keřů,3659
úniku,13189
zvykla,3200
nevíte,1267
metr,13677
šílenou,996
nejrozsáhlejší,4059
chtěly,1129
zapojte,3231
příhodné,13678
inovaci,8423
katolických,1331
mletých,2292
hitem,2642
dlouholeté,304
portálů,13679
zdaleka,13680
většinovou,1458
jižního,8932
benediktinů,13681
zoufalá,1447
přeloženo,1227
zařídit,2938
zrno,13660
hlubinných,13682
kultivaci,13683
procesorů,1336
nepustí,1629
inspirovány,1115
napodobuje,13684
nadané,436
zařazujeme,6527
oprávněním,13685
půjčit,5310
předchůdkyně,13686
půjdeme,4153
modernizace,10626
těžce,13687
časem,6203
usazení,13688
žádaným,3471
situované,2222
ukrytý,13689
vymalování,13350
nejnovějším,1377
skladovou,3257
souběhu,10242
hostince,8675
laboratorního,10436
hraběcího,13690
řeholnice,13691
penzijního,5391
razí,13692
odolného,4016
přeruší,5291
západní,6943
radosti,6564
odpovědnosti,7469
nahrány,1966
vzrůstem,13693
zimy,10444
nezaměstnaných,766
pivovarem,3464
cenové,3822
poslechu,12405
příspěvkové,12614
rukou,8138
zavedení,10214
nezpůsobuje,13694
good,13695
lunárního,13696
sporům,13197
vybírána,13697
trendem,4525
poplatníků,1394
zvolilo,1334
bohuzel,13698
sbory,2208
apartmány,5282
kontinuity,13699
shodného,13700
neobvykle,6453
ujde,13701
strukturovaný,13702
třídních,12079
léčivá,2717
dostavbě,7684
typické,2089
kompenzace,7868
překonávat,6846
kráječe,13703
šaten,4101
destička,13704
vládnoucí,13351
včel,4599
tlačí,3167
stabilizátoru,4616
rasové,5014
kalkulaci,5967
shoda,6563
mediační,13705
klasifikací,13706
účinky,7743
mírnější,8200
přečíst,3717
podporuje,3739
nespokojenosti,10356
spoluvlastnického,13707
náklady,8348
destinací,13708
devatenácti,10082
reklamace,11198
posledního,8238
tajných,3539
schodech,13709
náboženské,1835
rozloučení,13710
povinných,2931
vyloučením,13711
vleže,13712
kalhotami,8755
políčko,3345
cílení,7921
záchrannou,3862
ska,13713
panují,11300
nastavíme,2838
dotacích,13260
záminkou,12484
obsahu,5901
asistenci,12172
číselník,13714
útočné,3261
nápovědy,13715
přestavbu,8685
takt,5466
created,13716
zříceniny,13717
instalaci,2279
bazénu,5559
kauza,10344
partie,9556
kladů,13718
pohybovali,5556
následným,2410
prostřední,13323
zneužitím,13719
porodné,13720
pokrájenou,13721
izolace,13528
začnu,3030
kasino,9457
konstantu,9984
africká,2414
korun,10780
projednalo,3046
úvodním,4921
rotační,13722
eviduje,13723
blogu,13724
rozlohou,13725
běda,13726
kostru,13727
obrázků,5020
vztahům,3263
akademického,2442
tajného,3539
námořní,13728
opečeme,13729
nepříjemných,2700
setkání,7771
šaty,3210
obránců,784
derivace,13730
organické,3531
skončit,6860
miluješ,2785
udělané,4233
odlehčená,4138
ztrát,12563
vydáváním,13731
světech,2730
spolehlivější,2283
fauna,6198
jednodílných,13732
porušili,4863
karoserií,13733
planetka,13654
dvojitým,5891
šablona,7213
nápisu,12420
telefonech,7826
staniční,13734
jezdci,333
přednášky,8567
vypravili,1670
řeziva,8532
oplození,13735
zastupovala,6073
městyse,9439
princeznou,3473
podnikají,5086
devastaci,13736
dobách,10489
steh,13737
průjem,11854
seženu,2788
jmenovalo,2559
zaslala,2773
zmapování,11564
stanovami,13738
remizovali,13739
odstín,11106
předchozí,7434
většinově,13740
pana,123
intuitivně,13741
dovést,3642
ustupující,13742
bolševické,13743
podřízení,4648
migotati,13744
věnuji,4589
průběžného,5292
říj,13745
robotem,1257
početných,13746
gusta,13747
správcům,1825
zatáhnout,13748
zdravý,13749
inženýrské,4340
nichž,2040
nula,13750
king,13751
sezónních,13752
embryí,13753
živá,2564
kulečník,13754
zkušební,5340
bouřka,6615
přivodit,13755
vytápění,13756
zpoplatnění,13757
kaší,8513
mletou,2292
považujete,4772
ústředí,13758
strašná,5085
zranitelný,13759
ústeckém,13760
protestech,13761
umisťování,13762
výrobcích,1242
spisovně,13763
vymezit,5232
králi,222
zjednodušení,13764
týkající,13765
polyká,13766
klikou,13767
partnerském,1926
grandslam,13768
relations,13769
hvězdiček,4821
chystat,13770
release,13771
učebnicí,7951
plánovanému,1633
poradenských,1748
zvednout,10800
hrášku,2799
strmé,10898
sestřenice,13772
rádiového,4043
dohání,13773
nemocnici,8573
dřeviny,13774
vazů,13775
stádiu,13776
they,13777
vyrazíme,13778
hybnosti,13779
tričku,13780
reprosoustavy,13781
barví,13782
rozumím,11551
rumunské,541
wikipedistovi,2245
osvojení,13783
fotky,7498
platný,13784
rozcvička,13785
chodit,5309
rozdělilo,3109
webu,13786
insolvenčních,13787
odešlete,13788
postaveného,4144
mincovny,13789
spusťte,3940
hektarů,6850
language,13790
třicetileté,10956
nevyplácí,9245
exotické,1561
rafinerie,13791
požadující,13792
zdržel,13793
nacpat,13794
dostalo,3965
pomyslnou,3418
zapojovat,3231
středečního,12268
přesunem,9443
všeobecně,13795
stánků,13796
památné,7517
nejvzácnější,5997
process,13797
kritizovala,1582
mužstvu,6737
vyzkoušeli,3381
topením,9536
podržet,6363
chotí,2218
nesmírné,13798
potřebná,7783
důvěrně,13799
kalibrace,13800
haha,13801
započítává,13802
pušky,11166
stojací,13803
fólie,10006
psala,1451
instrumentální,13804
brouka,4022
investičním,4775
posiluje,13805
kapitulní,13806
zájem,6293
synům,322
nafukovací,13807
vyžadován,3255
barevnost,13808
bankám,3721
rozvahovému,13809
zabaví,13810
měnová,2493
odvézt,4534
závazný,13811
postupové,13812
jízdním,8405
spojí,2892
předpokládaných,4926
pozměňovací,13813
zahřát,12731
zeleninou,13814
kolových,13815
vyhovoval,13816
natalis,13817
odborně,13818
vezměte,2582
vojskem,7871
důchodů,7235
vonná,2888
zřídka,12073
naleziště,13819
pečte,9561
con,13820
středeční,12268
rozvinout,2522
daněmi,9616
dámskou,2689
putování,13821
nepřijatelné,5395
domluvíte,2542
sběratelů,677
obrazovkou,4336
přiřazen,13822
záruční,13823
rizik,7394
působili,1236
konzole,13824
jojo,13825
konání,5389
kontaktovanie,13826
domově,8277
příponu,13827
obtěžovali,13828
půdorysem,5910
penězi,7535
mobilem,11448
brzdné,5546
podstupovat,6065
kavárnu,9391
nápoji,2400
elementu,13829
nebude,2244
zlomenou,13830
akustického,3621
vady,8637
odesláním,13831
odpoledním,11259
perem,13832
soustav,12539
španělská,674
oči,10440
přicházelo,2968
areně,13833
chladnějších,5959
píská,13834
peer,13835
personálního,5627
dominantu,13836
námitka,9306
začnete,3030
zabránilo,6416
systémových,1921
letového,5501
deníček,2849
sídelním,4892
vytvářející,13837
zakotvení,13838
arte,13839
mateřského,4975
diskotéky,13840
pravidelností,13841
přivezli,2142
novinkou,1939
podnikových,3905
sektorech,3425
kánonu,13842
zraky,6483
středisek,10738
příjmu,7244
požádali,3190
chirurgii,13843
neteče,13844
skleněnou,4096
dřevo,11697
podřízených,4648
lidského,1365
samostatnému,1713
únikům,13845
zpestřit,13846
atypických,5874
etická,2355
absorpční,13847
protidrogové,13848
vojenským,1293
kakaové,13849
pohltila,8710
chybné,6187
drogových,13850
neziskovky,13851
otrava,13852
podrobnými,3866
rehabilitován,13853
tuto,1656
metropoli,1379
cos,13854
zprava,13855
vyvolávání,13856
zklamala,1564
dvacítky,13857
keltských,13858
operacích,10133
identický,13859
draku,13860
papričky,13861
lázeňského,5132
jizva,13862
orgány,1261
neztratit,7766
zavazadlový,13863
kouzelného,2995
distribuci,6642
špatnému,1495
vyvlastnění,13864
zdroji,2056
šablony,7213
popisu,6633
čtvrté,2260
salátu,2789
svobodnou,4058
dílnu,5074
zraněním,13049
autodoprava,13865
kondiční,13866
klidných,7133
projevují,4886
pokusů,5242
podlahová,13867
peněžních,13868
zásobní,13869
školskou,1206
lavičce,13870
ergonomickým,5429
moří,9445
vyslání,13871
jet,6284
látkách,5519
systémovou,1921
zásahům,13872
kavárna,9391
etiketu,13873
otravu,13852
chlapa,860
nejv,13874
uveřejněn,2732
dovedu,3642
rozhodného,3018
osmém,4009
dopadem,5647
krásným,6744
skalnaté,2740
luštěnin,12062
malým,2879
přešel,13626
přídě,11087
jazykové,1712
lhostejný,13875
opuštěném,4850
post,10070
matnými,13876
termostatická,13877
čteček,13878
stavěn,3908
náboženskou,1835
bezvadný,13879
vystavěn,2418
výhoda,9626
pěstovali,4867
dosavadním,11101
postupnému,8876
vpadl,13880
koloběžce,9375
brigád,13881
ťuk,13882
rozmachu,6780
sestává,13883
krajinu,3508
mikroskopem,10723
taburet,13884
shromážděním,13514
zář,13885
postrádal,13886
kliniku,6032
mechanického,3084
kostrou,13727
tělesné,6195
shromažďování,13887
utřeme,13888
státního,10866
křičet,8304
stránky,6229
terasy,7319
černoši,11595
legal,13889
poraďte,1868
náhodným,4986
mimozemským,13890
odpor,13891
množství,10090
urbanizace,13892
povinností,13893
jednalo,3698
sporných,5775
každoročním,13894
rovnoměrný,13895
podklady,5706
házet,5892
vlasce,5906
operace,10133
neváhej,13896
kardiovaskulárních,13897
volili,2515
reakce,3832
účastníkovi,527
přehled,13898
získalo,2291
paliv,13899
vyskytne,5792
rodinné,3453
nežli,13900
hranol,13336
staveniště,13901
převahu,13902
katolického,1331
evropská,1983
orloje,7980
uživatelského,5463
friendly,13903
rybami,13904
podepsaly,1311
přiměly,4110
nezastupitelnou,13905
obhájit,7305
křížkem,11686
papežů,469
nepodstatné,4500
kabině,10229
použitým,13906
příčestí,13907
stejných,5320
osedlostí,13908
strhnout,7363
estetickou,2029
návěštími,13909
strýce,397
dosáhneme,7977
ušlechtilých,2504
bláto,13910
konci,2959
kurvička,13295
vyřešen,13911
zavání,13912
záchytné,13913
jídle,11774
vypátrat,13914
rozvine,2522
popisů,6633
jídlem,11774
generacím,7831
morálku,13915
rodičovské,4240
prostředích,6733
společenstvím,13916
maskování,13917
skleněné,4096
palubních,9222
odbory,4199
prostorného,4335
narušení,13918
klobása,11394
diagramu,11331
upřímná,1490
pokračovalo,3034
magnituda,13919
usadili,3058
výtah,9205
mapovat,13920
ruku,8138
mozne,13921
střídavě,13922
popela,4724
velmoci,13464
primárního,11767
rozumět,11551
stěžovali,3361
abecední,13923
rešerše,13924
zálohovat,13925
volným,12859
nejpřesnější,2378
dekorační,13926
síťového,6149
rentgenové,7276
kalamita,13927
povinnost,13893
opis,13928
nadstandardních,13929
neovlivňuje,13930
navázání,13931
cyklické,13932
zaplatíme,3059
vzhůru,13933
příručka,11096
zelím,13934
teplým,2224
brouky,4022
krasové,13935
slavíme,2466
růži,13936
větrné,6419
bundička,13937
najevo,13938
příhod,8354
nebytový,13939
nátlak,13940
vytížení,13941
nezapomenout,13942
ustojí,13943
elektroda,7932
nesuplují,13944
nepoškozený,13945
nohu,12275
sterilizace,13946
šílené,996
uchýlit,7529
úrokovou,6638
igelitové,13947
polárního,5551
mimořádného,2537
přirozenými,3818
obléhání,13948
rozhodují,2195
onemocněních,11145
kalhot,8755
upravený,13949
rozrušení,13950
prasat,10607
vypisovat,4832
sloupků,13951
uvolněn,2907
zbarvený,13952
třetinu,3209
podáváním,13953
nedoporučuji,13954
stolet,13955
dbá,10667
střeše,6191
přinášíme,10906
cloudových,13956
požadavků,4715
přinést,2811
odporem,13891
nabízených,13957
státní,10866
toky,5996
obav,3972
regeneruje,13958
import,9876
víry,8474
much,13959
osmifinále,13960
oběhu,13961
trendy,4525
zákazy,6904
dobytí,13962
polárním,5551
rozličné,9976
pohřby,2553
funguje,5890
toxiny,13963
pokladní,13964
uvažovala,1483
vyvinutý,13965
laciné,13966
modelového,5034
kruhů,13967
provádělo,4079
návštěvě,8850
operačního,12653
second,13968
odesílá,13969
hráčku,6072
surname,13970
svědectvím,11108
představují,2321
čekaly,2228
jezdce,333
poškodil,13971
psacího,13972
námořnictvo,6394
odhalila,1696
odchylka,10677
hmotu,11746
zajímavá,2282
strážci,3988
doposud,13973
nátěr,13974
ulovit,13975
produktech,7558
reprezentativní,12389
ras,13976
začínáte,2299
přívodní,13977
synagoga,9243
chovatele,824
okurky,10062
bře,13978
privatizace,12736
diagnostikována,13979
zastoupení,11374
šipku,13980
manévry,4549
blues,13981
bohatým,1942
nasměrovat,13982
vyrostlo,6157
volby,3888
nepřišli,2674
investují,4733
hustém,6754
ověřit,7404
maturita,7270
trestance,13983
frekventované,10845
zabezpečovací,13984
ovlivnit,2761
počítačích,6694
referátů,10955
odtamtud,13985
spustíte,3940
zahájilo,2665
pravém,3183
doplňte,528
karvinských,13986
masturbaci,13987
nemluvím,1651
válku,5568
předchůdcem,2793
pozitivnímu,9705
jeskyních,13988
běžící,13989
dívčího,4819
neznámými,8528
vyrobily,1778
nádorového,13990
nastavených,7935
plan,13991
stromů,8322
kompost,13992
neděláme,1466
pórek,13993
rybách,13904
kytaru,5459
zahraničím,5867
časovému,1066
úžasným,3248
plněním,13994
priorita,6608
botami,13995
pleistocénu,13996
hravé,2261
komplexem,7362
infty,13997
zachovali,4815
příděl,13998
faul,13999
dopisem,11485
tristní,14000
podejte,1624
vozu,6148
čehokoliv,13354
frází,13409
krvavé,3219
příjemně,12213
zátoka,14001
slabého,3504
udržuje,9341
smaže,10317
odebere,13051
táboře,7471
sektoru,3425
buďto,14002
uhelných,14003
edukace,14004
nepřátele,1602
semeno,14005
nezůstane,7272
mateřským,4975
zvykli,3200
propracované,4297
nevinně,14006
přestup,14007
přistupovat,4477
strčit,14008
kroniku,14009
přesunulo,6976
referenčních,14010
supermarketu,9189
skleničku,14011
vdávala,10198
hornina,13063
odlišnou,4310
vyprodáno,10481
kondicionér,14012
škálu,14013
mimořádnou,2537
hierarchie,14014
cloudové,14015
střelnice,14016
vystudovala,2101
hmota,11746
přítokem,6100
řiďte,2632
vyšetřování,10544
publikační,14017
dovednost,6558
postupovalo,4294
prosila,8488
plynulý,13170
skrytých,5963
neřeší,3227
převodovkou,10554
partnerská,1926
doporučeními,14018
krajskému,1573
loňskou,3933
obrátit,7141
nejbohatších,1942
dresu,10443
metodickou,2375
podívejte,8624
měřicí,14019
nečekaná,3565
minigolf,14020
uchovat,14021
hospůdky,14022
krájení,14023
zbraň,12408
hebrejského,4949
geografickou,4150
liberálně,14024
nákladům,8348
udělena,14025
bombardérů,3303
samici,1909
nejdůležitějšími,2498
nápojů,2400
dědické,14026
vyhledáváním,14027
organizacích,5427
pasáž,5949
očkováním,14028
vrstvu,14029
kolébky,13652
přístupů,7003
vícedenní,14030
mechanické,3084
způsobilostí,14031
odbornému,1690
vas,14032
estetická,2029
řadou,7366
nebezpečná,3185
výrobků,3637
ovečky,14033
výškového,9589
posuzování,14034
koalice,11361
prořezávání,14035
výbornou,2075
botách,13995
sníst,9929
kanále,3206
inkluzivního,14036
mezích,14037
nouze,14038
sepsala,14039
pravidly,6311
jídelního,13430
slovníků,3868
vytrvalostní,14040
evropské,1983
ustoupit,9660
opačná,4315
zpravodaji,3274
japonskými,642
prava,14041
propaganda,6506
řezu,5419
španělštině,5980
vysokozdvižné,14042
současnost,3143
demonstrací,12347
civilizací,14043
rozpoznávat,9107
vrcholek,5312
rezervační,7790
irská,1217
očekávala,2602
některého,2220
doplněný,14044
stranou,3643
projevy,2055
delegáta,1021
podařil,5962
vlastnit,9241
slibně,14045
odrazuje,14046
kobližka,14047
slyšela,5104
anebo,14048
automatického,2650
měsícůtyp,14049
stroužky,6216
nereagoval,1275
chlor,14050
partií,9556
vzbudila,2532
nočního,13248
pracovalo,1285
method,14051
montáž,4576
belgická,1429
tepelného,8054
nerezových,5763
supposedly,14052
ochranným,2275
cest,13310
lehčím,3198
podrží,7773
nahrávkami,2396
lepší,14053
neuvěřitelným,4531
geografie,14054
odkapávací,14055
strukturální,5435
vracíte,6263
šestém,5056
dnešní,14056
vesměs,14057
ještěr,14058
skupinám,10126
prostředků,7493
obdobném,10908
pohárem,9652
ruskému,381
místům,9414
měkkýši,14059
evropsky,14060
půlmaraton,14061
půdách,7274
vědecká,1055
kokos,14062
síťových,6149
používáme,7967
musíš,1107
terénního,10509
prostorná,4335
obvyklého,4751
předcházející,12632
strašidla,12056
souvisí,10248
dalších,8867
zastupitelských,14063
krmí,12801
dlažbě,9772
serverech,14064
neřekli,407
lifting,14065
zachováním,14066
prostorů,4843
prosazování,14067
oblékali,3043
kovovou,2902
dějepisu,3664
knowledge,14068
dozvíte,3439
snowboardy,14069
přicházejících,5030
viac,14070
prodejnosti,14071
zaujetí,14072
plodnosti,14073
cizích,10547
kupujícím,2997
píst,14074
klimatickým,8140
čistky,14075
zmatku,5031
pero,13832
uzavření,8612
předešlé,4186
matematiků,351
hráškem,2799
rozumíme,11551
rostlinným,2163
vakcín,14076
skok,11238
dobirku,14077
neladěné,14078
setkáme,3053
vile,12933
konečnou,3164
zasílat,10599
umožňoval,10858
ledového,7346
tělo,5011
mysl,1648
nezatěžuje,14079
hrudník,14080
agregátů,5303
potisku,14081
zmáčknutí,14082
článku,2769
barech,14083
větvích,11592
dopouštějí,14084
sousedních,11770
hoci,14085
potkat,5762
teďka,14086
škrábanci,14087
skočit,9637
nejel,6284
nekonečných,8336
ideální,12776
táhlo,8668
struktuře,9389
slonů,4006
zvyklosti,6024
bufetovou,14088
zvoleném,1164
lem,14089
bráchou,870
zapůjčit,14090
kontraktu,5824
ovlivní,2761
placenou,2179
překvapena,1183
celostátního,13141
dušení,13335
telefonních,13657
jaká,2815
udeřit,5412
nebezpečných,3185
nacházel,14091
příjemná,2700
trojnásobek,14092
silnými,1891
depilace,14093
poruchu,14094
sledovalo,3575
září,14095
pohlcuje,14096
hledaného,2158
infračerveným,9379
vznikala,2711
odpadky,14097
královského,3420
cizině,14098
severovýchod,14099
několika,8142
environmentálních,14100
konzumuje,14101
lázeňských,5132
pěstitelů,4883
místního,5628
oblibě,6764
přetlak,14102
řazení,14103
vyřídí,5461
elektřina,8805
štěpení,14104
prostředí,6733
hroznů,9442
různých,6244
činnostmi,8467
choulostivé,14105
fucked,14106
halenka,14107
zmínili,974
batolat,14108
přiklání,11855
zdráv,13749
přežil,10226
nedostatečnost,14109
nezastihne,4638
bulharsky,14110
vstupního,6977
otisk,14111
toxické,5835
manévru,4549
dominuje,8361
několikaleté,14112
rizikům,7394
stanovách,13738
římsou,14113
nutkání,14114
účetnictví,14115
realizovaného,3476
naučila,2462
zvláštností,10600
ekonomika,9364
zmocněnce,2118
lhostejné,13875
placení,4640
komunit,10612
nekonečným,8336
autobusech,4940
odrůda,13521
polovině,7879
navigaci,14116
kaváren,9391
vstřícně,14117
ponechání,4913
vikariátu,14118
moderní,7104
zásobovat,9289
závadu,14119
výdělečné,11452
přijedete,1229
fleecová,14120
nezíská,2291
sněmem,14121
tramvají,10741
tabletů,14122
mléko,12989
webového,1654
kariérním,10162
kocoura,1339
vyjmout,10414
husitských,14123
flašku,14124
brzda,11670
skalním,10837
chviličku,14125
narozdíl,14126
sledovat,3575
mojho,14127
vědách,8782
vozů,6148
okolních,14128
hýčkat,14129
while,14130
ktery,14131
dodávky,6129
přivedli,5475
demografie,14132
vrozených,6397
nepřidá,14133
schůzce,12022
nemilosrdně,14134
potlačuje,14135
restauraci,7476
krásných,6744
režimu,3152
republiku,8381
postavíte,2617
takovému,2095
králíka,3036
kalendářích,8429
chladná,5959
protiletadlové,4343
školu,4433
tužkou,14136
ozáření,14137
poruchám,14094
hřišť,14138
fasádě,8970
tištěných,6881
neutrony,9699
peetrax,14139
impedance,14140
psychice,8213
přispívá,7462
složenou,6087
polokouli,14141
barvách,9144
privátní,9087
přihlašte,2895
zvolila,1334
škálovatelným,14142
mladšímu,174
sjednaného,14143
horkou,2167
klikne,14144
ztrátách,12563
vozidlem,14145
zklidňuje,14146
truhlářství,14147
psychiatrie,14148
regionech,4510
prokazují,14149
rozjelo,14150
představujete,2321
kontakt,11482
přestrojení,14151
bouři,3963
závažná,5316
neúspěšná,762
synovce,657
žijí,4204
překáží,14152
podstránky,14153
reprodukci,14154
objevilo,1854
vodopádem,5423
přechází,14155
tomuto,1656
námořníky,590
nežádoucím,14156
předjíždí,14157
plynou,11680
způsobilost,14031
nadačního,14158
slavnými,264
přispěje,2346
bazar,14159
zřeteli,12726
provinciích,13250
návazných,14160
zámkem,5739
vydrželi,6340
řádových,10616
dovednostem,6558
podkožní,14161
laminát,14162
plánuji,1282
příjezdu,7608
prosinec,12206
publikací,7459
připnout,14163
příměří,14164
nůžek,8293
vědní,8629
deštných,14165
volte,14166
pravomoc,9805
ultrazvukové,14167
zvláštnost,10600
zakázkovou,14168
uděleny,14025
naším,1595
nepohodlí,14169
mandátu,8003
jihozápadní,14170
hromadou,13442
přívoz,8469
postaráno,14171
sběru,6068
okresních,14172
letět,13499
desky,4768
výčet,14173
kapitalismu,9024
stejny,14174
disciplín,13247
roztomilá,3082
důkazy,3421
podivných,3593
replika,4781
kulička,14175
drážek,14176
určite,14177
lichý,14178
sankční,14179
zbytečného,5842
nepostradatelným,3865
zažijete,14180
nabrat,4163
věděly,1267
schopných,637
chýlí,14181
neměnila,14182
pohlavní,8264
přirovnání,14183
privilegií,7192
loveckého,4322
pohled,11841
syntetických,8814
mluvích,14184
oficiálním,3297
lesnických,14185
zubních,10498
odbočení,14186
prezentovali,1806
fragmentů,3806
fantasticky,14187
demise,10546
vystačit,8222
ramenem,10782
holce,3475
vycházet,4502
ochota,8734
těšily,1949
kroj,14188
signálem,3445
prospěšnou,4718
eště,8409
nástupců,2675
monarchie,14189
předjíždění,14190
černého,11954
aplikacích,14191
nálety,12950
zkreslení,14192
dálnici,2876
vidim,14193
pracují,1285
fasádou,8970
odpálení,14194
esenci,14195
střelci,594
kluky,942
ručně,14196
snáze,14197
žádali,4015
ukládáním,14198
bin,14199
pultu,3229
záruk,9368
celních,14200
obtěžuje,13828
odvezen,4534
lambda,14201
zasíláním,14202
použito,3061
ústavou,6030
sádry,14203
restituci,9490
zvaný,14204
připojím,4371
složení,14205
hledání,4691
tabletech,14206
číst,4109
pobočky,10454
chronologie,14207
nabídnout,1788
aréna,14208
trafika,14209
revoluce,12727
sekundách,12291
borovic,14210
návodu,6673
označený,9987
látky,5519
neomezený,11357
boří,14211
chléb,14212
rtech,14213
profesním,4602
monitorovacího,14214
opasek,14215
slovanského,4465
jediná,1870
opatrnost,12019
bojujeme,3876
dočasné,2619
zvou,4782
trávicí,10313
rozdílů,5744
počítačová,1348
jedn,14216
nabízený,13957
zvířata,5667
poloze,4313
květina,14217
dvaceti,9709
vozech,6148
odpovědně,14218
ortopedické,14219
alfa,14220
možno,5577
lahve,12552
metodické,2375
židovská,1195
vatikánského,2124
výběrovém,7297
charita,11322
líh,14221
citovaných,6627
příznivě,14222
mimořádným,2537
vyznavači,14223
zavlažovací,14224
ložního,14225
zdrželi,13793
určitá,4082
cswiki,14226
darovat,3145
pohyblivou,2766
pultech,3229
automatické,2650
bakteriemi,14227
facku,14228
řídicích,4290
nejčastější,2615
digitální,5432
mód,4305
rezoluce,14229
obojživelníky,14230
londýnské,2294
zaplacenou,14231
zříceninu,13717
tygři,3962
napaden,3499
teroristickém,3204
přeskočit,14232
prohrává,14233
definitivně,14234
sázkové,14235
odezvu,14236
ohromně,14237
imigraci,14238
sousedům,861
chladného,5959
povědomí,14239
indickém,965
dechu,3388
vzteku,4480
podnájem,14240
tónů,8577
tags,14241
osvobozen,10274
vylézt,7047
palubního,9222
relikvie,14242
být,2244
přepravovat,14243
integrační,14244
prezdivka,14245
střeleckých,8585
předložila,1589
zbylé,4682
navrhované,2568
férové,14246
ust,14247
snadněji,14197
konzumace,14248
nepříznivými,14249
upright,14250
základní,5517
podnože,13126
doplnění,10637
komanda,8506
nem,14251
otočí,12983
dvojicích,2484
šli,4153
pocházeli,3740
léčivé,2717
stůl,14252
církví,9262
fasád,8970
podpořila,1387
environmentální,14100
spojili,2892
nepříznivé,11280
žaluzií,14253
představovala,2321
severozápadního,12398
uzavírací,14254
uvítají,14255
proniknout,3927
spadne,8459
registrovaném,4786
sicilské,14256
syrová,3050
zárodku,2605
srpna,9388
maškarní,14257
redigován,14258
elektřinou,8805
doplňují,2737
mimčo,14259
nezapomněli,3037
chudoby,11080
stadionem,5214
drasticky,14260
čerpadel,14261
vyberu,961
učili,3640
týkajících,13765
metropolitní,14262
snížilo,14263
započala,14264
vkladů,7059
drželo,6363
čelit,4626
mikrofonní,3065
rekordu,7360
vyhlásila,2772
stabilizuje,14265
žehlit,14266
týkají,7537
zabíjet,8133
gregar,14267
porcelánu,6144
palec,14268
odpovědných,1409
drahé,4382
pátých,1910
značkových,3819
studies,14269
sestaven,13516
štípací,14270
nerezového,5763
podkladové,14271
related,14272
catsuit,14273
pergoly,14274
vystavených,10993
slotu,8261
absolvovat,3262
iniciativa,7309
umožnění,14275
ostrovům,3684
doplníme,528
hlásící,14276
lahůdka,14277
analogové,4628
jóséph,14278
fazolí,7501
knihovnictví,14279
volant,6808
kostelík,14280
zacházení,6122
demokratickou,1758
občanů,779
pižmo,14281
vnímali,1967
tradičním,3975
komplexnější,9268
letadel,8795
stopkách,14282
úpravě,7113
předběžnou,4777
srážek,14283
přilehlých,6013
elektrizační,14284
zkombinovat,13337
počasí,7652
normami,10377
makroekonomické,3123
hlasovacích,14285
platného,13784
zajímám,5484
garážích,14286
sirupu,8917
antireflexní,14287
řádným,6084
úspor,14288
hojnost,14289
obnovovací,14290
zachovaný,14291
hádce,14292
užitná,14293
kalkulace,5967
bolestí,8326
úplném,8413
směrování,14294
colorboxu,14295
cool,14296
neudrží,14297
členským,7255
zkonstruován,2476
pletiva,14298
ucho,14299
příkopů,14300
hledali,4210
vyřadilo,14301
nepřála,1626
vyráběn,7201
nechtějí,1129
tvarovaných,3628
skutků,6688
kvalitnímu,4532
daň,9616
zvednou,10800
slibu,3581
genealogická,14302
přetáhnout,14303
pulovry,14304
rozpis,14305
frézky,14306
dražší,4382
koncovky,11317
vojskům,7871
https,14307
domova,8277
vystouplá,14308
rotačního,14309
schodištěm,12312
vzato,14310
odměněni,4930
výtečnou,648
konstatování,14311
snahy,7347
vyhlásit,2772
parkování,9875
citrónová,14312
poskládat,14313
léčivého,2717
žadatelům,796
humanitní,7267
postroj,14314
prosíme,8488
pivních,14315
ukazovat,4909
policii,8732
růstu,14316
emigrace,5302
linky,14317
nejaktuálnější,10112
počítačovou,1348
nastřílel,14318
zabírat,7269
odhalily,1696
dáme,4122
každodenních,14319
řadí,9025
komplikovat,7019
tovární,10655
grafickými,1124
diplomatického,7076
studovat,2034
finalistky,383
lidové,1534
tříletou,1260
vyživující,14320
jinému,1327
pastelových,14321
potřebuju,2922
detektorem,3853
kompletu,12317
ostrovní,14322
borovicového,14323
vykoupení,14324
dějí,7515
zákonní,1829
sedím,4381
rozchodu,14325
horkých,2167
maly,14326
nemovitostmi,14327
vysoký,10512
procentního,14328
balné,14329
mrtvice,7218
pobočku,10454
prototypů,3537
tématikou,14330
vpravo,14331
mimořádná,2537
rozlišit,14332
poskytnout,1133
hlasy,3000
elementární,7811
main,14333
včelích,14334
objektivních,9234
pokladem,5936
svá,4364
nabije,14335
termostaty,14336
neplodnosti,12061
charakteristikou,9477
matematika,14337
zrcátek,14338
královéhradecké,14339
nákaza,14340
exempláře,7344
vyjádřené,10381
min,14341
zemřelého,14342
dráhou,5505
štěrku,7081
svalová,4038
specifickou,2185
prodat,5686
without,14343
nemožnost,12590
pověřila,2022
nouzový,13447
mladíky,190
vilem,14344
jam,12524
zku,14345
porodů,6268
solí,7642
mrcha,14346
dehydratace,14347
fleretem,14348
politice,7525
lišta,14349
teoretického,2068
playlisty,8745
kulturně,14350
prestiže,14351
blokem,9336
divná,2899
vrtačky,11718
zmiňovaného,1728
spat,14352
skladovat,14353
vyrovnali,2814
výběrů,3568
reorganizaci,14354
chutná,7030
nevolí,6490
tato,1656
halách,14355
nedodržuje,6958
splněna,8663
vinic,14356
bike,14357
vepřová,6386
navazuje,12430
jizvu,13862
vysílači,14358
podvodníky,494
hotelovým,3247
burza,13427
ekonomické,1476
dynamiky,7994
vložili,2491
nas,14359
přijímají,4183
vádí,14360
potopen,10796
národy,1213
maturity,7270
parkem,5761
reklamovat,14361
necháte,1822
plochých,14362
hebrejština,14363
tmel,14364
jednostranný,14365
zastávají,4598
dělaj,14366
telekomunikací,8255
whisky,14367
sezapomněli,14368
anaerobní,14369
chuti,10184
čepičku,14370
čistící,14371
částku,13363
učiní,3861
vybití,14372
doktorské,7130
mládežnické,1265
nacistickému,1069
psacích,13972
rozvoji,7263
oplodnění,14373
převodovky,10554
útěchu,14374
propustností,14375
značkách,4872
okolím,14376
způsobených,3870
prázdnotou,14377
zesílí,14378
panorama,14379
doplnili,528
připisují,5695
rozmístění,14380
doporučený,14381
uslyšíte,5810
treba,14382
odděluje,14383
enter,14384
podzemním,7372
přibude,14385
maličkosti,14386
zapínat,9347
klimatizační,14387
reálné,5112
úklidová,14388
programovacího,12531
délky,12987
podrážděnou,14389
ikony,6708
mezidobí,14390
vrátím,3974
převzat,7759
vymezeno,14391
ovací,14392
dinosaura,14393
anténu,14394
spokojí,6619
výjimkou,6036
pracovníkům,323
tenisových,3852
lineární,6278
týmech,584
pokojíčku,14395
imitací,14396
aha,14397
pojmenovali,6781
četli,4109
různorodost,14398
tekutinou,14399
domovních,14400
palbu,10337
polštář,14401
extrémy,8049
přezdívku,6604
sluchátko,8186
pokochat,12250
daňovém,3120
stanic,10764
speciálního,7138
desetiletích,9230
oxidu,3520
trápit,5920
výchozího,4765
licencování,14402
edém,14403
mladších,174
bordel,14404
čípek,14405
peřeje,14406
miminek,9416
sirupem,8917
pojmenujete,14407
odstraňte,4989
syfilis,14408
ověřili,7404
dominanty,14409
výkonových,14410
světelných,2240
nepohodlné,11981
rozhodčího,1089
nůž,11924
tiše,14411
verši,3391
neber,14412
křemík,14413
dolaru,2579
editování,4941
připadne,14414
bohu,876
forem,13444
doporučovat,6680
dešti,1600
částic,12864
mírnému,8200
takovýho,2095
charakteristickými,2333
křídlo,10870
pirátské,14415
milionem,11625
dospělosti,14416
přesvědčily,1446
zorientovat,14417
tip,14418
silná,1891
andělů,1552
kauz,14419
vyhrazen,14420
vedlejšími,4732
hodinek,7591
formách,13444
mys,14421
připojili,4371
rodinným,3453
zaručuje,12894
participace,14422
mlátí,14423
bomba,13391
placku,14424
katolíky,6553
jara,10474
vypůjčit,14425
průtahu,14426
výstupu,8020
policií,8732
přesněji,8151
svobodná,4058
sídliště,6398
pračka,10843
dochoval,14427
emulze,14428
barbarů,14429
zjistíme,3606
litoměřického,14430
zastupování,14431
jižanského,14432
sud,14433
dialektů,4395
spaluje,14434
umírají,3755
sestavách,6106
přítomná,554
mihotat,14435
definujeme,1920
stálého,1883
vrcholy,5312
vyčlenit,14436
schází,14437
kotevní,14438
basketbalu,9996
závorek,12721
hormonu,6192
patologické,14439
bankovním,9794
takovýmto,3221
řízení,5549
starce,1364
cyklostezku,14440
pověřena,1094
vojsko,7871
kousíček,14441
výsadku,14442
analytická,1034
ledvin,9959
programům,2784
vznáší,11157
smyčcové,14443
vrcholí,14444
tiskovin,14445
mrtvoly,7565
krční,14446
panelového,9864
páč,14447
náboje,3646
odstraněn,14448
skládek,14449
driver,14450
sestoupilo,11955
nevydrží,6340
travnatá,14451
oceněno,566
kruh,13967
kognitivních,14452
ukážeme,1984
informaci,14453
démonů,6362
ústavech,3400
dostatečné,10753
ostudu,4013
územní,8972
nejdál,12834
citrusových,14454
emigrovali,3984
troškou,14455
levou,8690
nesprávných,1704
panoramatické,14456
ukládat,4790
pila,5573
mezinárodními,7961
vlevo,14457
povedenou,2039
sestup,14458
dosáhne,7977
nádražím,9999
lov,7307
zlatnictví,14459
odstraňuje,14460
tlakem,14461
rezoluci,14229
tovaru,14462
očekávaných,2721
principu,3469
časopisech,5515
proměnlivá,5588
zákusek,14463
sazba,8609
odbornost,12713
vysílají,2903
cykly,2024
teoreticky,14464
ukrajinskou,695
socialistickou,1362
předevčírem,14465
zájemcům,6975
rozlišení,12306
plantáží,14466
neuděláte,1689
posádku,11689
vzácného,5997
dělit,11235
plochý,14362
dávných,1960
žijícího,2213
přibývajícími,14467
kloub,14468
živou,2564
ustanoveními,14469
email,14470
nejlepším,5791
dědiců,4369
neberte,14471
zabalení,14472
settings,14473
masné,9979
protizánětlivé,14474
chladem,7410
šelmy,10182
prostranství,14475
podobnou,6449
odevzdání,14476
postoupit,5122
právo,5766
prodejně,11496
líhnou,14477
korene,14478
neumíte,14479
zavražděna,2427
odličovací,14480
směnku,14481
dočasně,14482
zákonech,1198
nepoznáte,2036
svislou,2755
nejrůznější,6244
kotoučky,14483
všech,7917
opel,14484
nekonal,8004
konečným,3164
psychology,85
vynikajících,2893
tramvaj,10741
nákazy,14340
telefonu,7826
přidám,2607
naprostá,7010
plotem,8252
nabízíme,7128
hlasového,1273
hlasitě,14485
deváté,5790
prestiž,14351
kladou,2209
eurozóny,14486
recesi,8128
kazeta,8552
rozhodovacích,14487
kontextové,14488
délku,12987
obdobími,8882
rozuměl,11551
svému,4364
vzrostlých,14489
spravuje,14490
mikrofiltru,10441
podčeleď,14491
technickém,1127
trhuhttps,14492
renesančním,9334
obnově,13105
partu,2206
instalovat,4145
mezerník,14493
bílkovin,14494
nebezpeční,9535
ostrahy,12704
separace,14495
sousedi,861
zaměstnancům,429
komentování,1029
procesoru,1336
výrobním,5414
sankcemi,14496
tajemství,8141
provedli,1819
kytary,5459
vylučuje,6204
osobního,5492
papírů,3125
předběžně,14497
technologickou,1302
bezlepková,14498
močení,12771
těsto,13569
popisované,14499
ořech,14500
podstatná,4500
okrasná,14501
zapojují,14502
vznikají,2711
barely,14503
mimoškolní,9766
básničky,14504
karimatka,11329
hrdá,1369
poradíme,1868
industrial,14505
stimulační,14506
petrželkou,14507
zaplacení,10009
větších,5075
pomaleji,14508
mocného,1685
chick,14509
slovním,14510
požárem,12049
nejvyhledávanější,14511
nepůjde,4153
pronásledovat,7761
stěny,6865
pařížská,2110
vezmete,2582
obvinila,3343
legitimní,14512
laboratoř,6705
baba,14513
obráběcí,8401
osady,9239
pomerančů,4463
zřetele,12726
kdyz,14514
závažnosti,8640
obranného,6875
dvě,12587
sestavě,6106
brunetky,14515
pramálo,14516
trávíte,3989
kulturními,2630
dobre,14517
vedle,14518
kamenolomu,14519
betonem,6928
minulou,3244
nedělním,10911
kronik,14520
kolaborace,14521
dodržovali,6958
automobilkou,3432
organizacemi,5427
službou,10515
zaslat,2773
skupinu,10126
zaplatili,3059
stavebnímu,4581
krizové,1517
probl,14522
uzavřeli,2006
rovněţ,14523
ghetta,9460
nákladové,14524
omyjte,14525
střevo,13520
změnili,7185
dřevní,14526
plastová,2676
chytili,3666
podalo,1624
čtk,14527
sednout,10339
davy,2945
páření,14528
empatie,14529
očekávaná,2721
vana,8113
páru,14530
fotosyntézy,14531
útlum,14532
sjeli,4396
oddělením,12630
zabralo,14533
nechají,1822
možnostem,6145
krycím,7997
snadno,14197
padesáti,9281
ranního,13038
navýšením,14534
zabezpečovacího,14535
přiřazuje,14536
poslouchat,8627
vyvolaly,2404
dbát,10667
prodají,5686
klubaktual,14537
čistírna,14538
kokainu,8408
slanina,10210
zpívali,1201
kuchyňského,2104
převzalo,1642
fungujícího,14539
pobytových,6568
připojen,10559
slušně,14540
prosazovali,2428
nezávaznou,14541
masážní,11016
pálil,13287
skládají,3656
sebevíc,14542
disciplínou,13247
kojením,14543
dávali,8586
letišti,11023
sebepojetí,14544
implantáty,12641
speciálu,14545
řemesla,6749
lyžařské,4803
tamním,2677
migati,14546
nenáročná,1749
nervovou,2974
podpořené,4081
vyřešené,13911
naslouchat,8551
sekundární,14547
chováme,5436
dveřmi,14548
složen,6087
ponechán,4913
dekor,14549
kvě,14550
konzula,1202
spojovacím,6488
proměnili,3359
neformálního,12715
nedávného,1960
koridory,14551
ventilační,14552
anorganická,6298
soustavách,12539
hořčicí,13067
zbývajících,10848
administrátora,14553
bordelu,14404
soka,14554
stabilizované,14555
velkovévody,927
yacute,14556
zohledňující,14557
planet,11508
nepletu,14558
klobouku,5217
bublinky,14559
syndromy,14560
este,14561
sjezdovky,13675
vdechla,14562
kalhoty,8755
umřela,2259
tehdejších,4197
kalifornském,8571
pozadí,7066
hrobech,6556
inu,14563
vidíš,1551
halenku,14107
asi,14564
obhájci,968
páskou,4963
magistra,14565
dělání,1466
nedaří,10745
prázdných,9366
zvládla,1981
nezapomněla,13942
příslušné,1956
vycházelo,4502
divů,14566
div,2505
osvětě,11312
oblastí,12131
dobu,10489
přenosová,3352
odmítali,3441
kožený,14567
obtížnosti,10514
nemít,2115
textovém,2016
pokoušejí,2858
žlaby,14568
finskou,563
začínám,2299
šťávy,3001
dusit,14569
spořitelny,11267
úhlu,5745
peřinu,14570
měsících,10054
severním,7361
vinným,4275
vlastnostem,8119
stíněný,14571
uzávěrky,8282
přehradní,7722
dobou,10489
eacute,14572
disciplíny,13247
podkrovím,7742
word,14573
pořádají,4588
nejprodávanějším,4501
reproduktorů,7438
předejít,14574
insolvenčního,14575
hřeje,14576
sbírky,8658
samostatnosti,8915
diamantový,14577
členěním,14578
minutes,14579
nepoužíval,7967
výborné,2075
pastýře,1579
černohorského,14580
přesnému,2378
pasáži,5949
hloubek,5821
pásmech,13378
spojky,5286
bože,876
vybírány,14581
nápojům,2400
podélné,4366
horká,2167
jiným,1327
rozhodčích,1089
trvalá,11413
garsonka,14582
přejet,14583
paprsky,5483
dialekty,4395
branky,7954
laclem,14584
fóru,14585
ligovém,1961
tanci,4247
sekt,14586
odsouzení,1232
cloudovým,14587
přijelo,1229
jinými,1327
nádechu,7190
ostrým,5277
podvádí,14588
honosné,14589
mozky,2898
příjezdová,14590
hrací,8560
normalizaci,5672
uspořádat,3026
léku,4770
esteticky,14591
jse,14592
výraznějším,1360
obrázku,5020
propracovanou,4297
chvilky,12572
začlenit,14593
pozdravit,4223
wikipedie,14594
tržního,10627
spolků,1617
mapových,14595
jedenácti,7755
klapky,1138
vládními,4100
odběrateli,1153
neskončil,6860
prodávajícímu,2277
přeřazen,14596
dortík,14597
oltářní,14598
nehod,9851
číselné,9644
popud,14599
překladače,3256
úplného,8413
borců,522
laserovým,3334
vyndat,14600
prostorné,4335
označili,3544
koupeli,14601
vyzvednout,6511
rozsvícení,14602
who,14603
pronásledován,7761
iba,14604
zanechává,14605
meziválečném,1310
blízká,5530
donutila,5942
perla,12006
napøíklad,14606
mladším,174
naplněná,10199
výstražný,14607
preto,14608
východu,7615
úrody,10638
odrůdou,14609
vlásti,14610
nechtěly,1129
posloužit,4895
střídali,3902
opravit,4062
quiet,14611
zdravotně,14612
uzeniny,12008
antibiotikum,14613
demokracií,12888
nežádoucí,12841
neexistovalo,6867
odletem,14614
předpokládané,4926
sedadlem,8246
italské,639
ukradli,14615
such,14616
souvislý,12448
elastickým,3151
trpěla,2373
dokazovat,2489
bezprostředně,14617
obchodníky,330
prosincové,14618
neřeknou,14619
nedělo,7515
parfémovaná,14620
nádobu,14621
zmije,14622
porovnáváme,11575
dan,14623
nátlakem,13940
imitaci,14624
nouzi,14038
nechme,1822
příklady,2478
handicapované,10452
výživného,14625
patrný,8913
certifikací,14626
vypuštění,14627
návštěvách,8850
ženskými,964
záhadných,1824
uznávat,1541
nevyhnuli,14628
edit,14629
nauku,14630
novýho,14631
užitných,8332
výběrového,7297
městu,5562
ionty,13222
povětrnostním,14632
profile,14633
prostoru,4843
před,14634
zpevnit,14635
pochvala,1556
česané,14636
sedláků,847
žáka,601
úložného,14637
bohoslužba,7730
zarezervovat,14638
kombinací,14639
maloobchodní,10342
jahodami,7334
nechodí,5309
množstvích,10090
postihla,7651
stropů,9064
fotbalovou,1199
flexibilitu,14640
sedadly,8246
školské,1206
důkazů,3421
bavorského,1821
čínštiny,14641
vyrobili,1778
starostky,3450
zhotovena,245
něžné,1666
segmentech,14642
snížením,14643
misi,8027
osamostatnění,14644
palestinské,5017
popularizaci,11275
reprodukce,14154
eobchod,14645
dopátrat,5143
způsobovat,5290
couvání,14646
zdražování,14647
rezignaci,14648
komplexy,7362
rybářského,4817
stávky,13007
vytápěním,14649
zadávání,14650
ožívají,14651
odehrála,4446
ajka,14652
připojíte,4371
ruší,12527
podnikatelském,1292
pozorované,12977
chemických,3738
náhradu,14653
poznáváme,7718
pohovku,12739
prémiové,14654
pair,14655
gastronomii,14656
kinetickou,8512
postarala,1251
inteligenci,13472
jakékoli,3720
povzbudit,14657
lhostejnost,14658
úzkostné,14659
jednoduchostí,13312
provázání,14660
maďarské,748
technologiemi,7636
ráj,7820
pestrost,14661
jemu,2360
infuzní,14662
následujícím,9686
rozeznat,14663
vyzkoušíme,3381
napojen,14664
odmlce,14665
tarifů,14666
dražších,4382
učni,1897
spárů,14667
zavřený,14668
dvojic,2484
půdním,6882
saunování,14669
zabavit,13810
final,14670
dialektech,4395
vychladnutí,14671
kuriozit,14672
strašidelné,11324
rokem,10334
loga,10445
popruhem,14673
asijské,1980
polovodičových,14674
filtry,5113
spolkem,1617
špičkovou,1096
textur,14675
drobností,14676
objednávku,14677
uznala,1541
baráž,14678
regionální,9475
podáván,14679
zdravotnickém,1742
slovenském,372
broskve,6913
ekleinovka,14680
spolcích,1617
chemickém,3738
přiložte,6520
bariéra,11845
legislativou,6925
nárok,14681
prohrou,9510
pneumatik,14682
kormidlo,7240
prostém,2860
pořizovací,14683
budovali,2871
papíru,3125
zastupitelky,506
zrcadlo,7760
dluhopis,13462
měnu,9828
výber,14684
dopolední,6679
juniorská,14685
uprchli,4566
příteli,298
dobrovolného,3936
střídavý,14686
pokladnice,14687
tabu,14688
neomezeným,11357
spokojení,1634
dospělými,1003
administrativní,5049
anestezie,14689
plynulé,13170
vyústil,8327
propracovaná,4297
opory,10422
francouzskou,428
kráteru,4876
památková,2014
strašně,14690
přijatého,2271
argumentaci,14691
zateplením,14692
nemá,2115
bývalými,279
kritérium,7922
zlomu,4998
křesťanském,1489
zateplování,14693
tajnosti,14694
tříděný,14695
vynálezů,2951
alkalických,14696
jdu,4153
elánu,14697
nohami,12275
odstraněním,14698
vyčerpané,1093
sborové,5139
příčném,5985
skvrnu,14699
nepřátelům,1602
dovnitř,14700
odevzdaných,14701
policistovi,90
komunikujeme,9779
přiměřenosti,14702
zpomalí,13030
bojové,2956
koukam,14703
slávě,6103
minibar,11702
zhluboka,14704
diabetem,14705
překročil,14706
zastihla,14707
třtiny,14708
soutěsky,14709
závist,14710
stromeček,14711
čtvrtiny,14712
naučili,2462
neskutečná,1411
epidemie,14713
prasátko,14714
fotbalové,1199
degustační,14715
rozdělení,9916
grantu,3930
selský,14716
obsahovat,9215
zařadit,4267
posilující,14717
sdělte,464
totální,14718
vyzkoušejte,3381
lihovin,14719
nehledejte,14720
predikát,14721
pravděpodobnost,10555
zaznamenávat,4840
německy,14722
utrpí,4416
mámou,1706
noc,9795
smlouvě,11192
možnosti,6145
hliníkového,3519
koupi,12488
kalendáři,8429
manželské,691
třetího,5504
zrcadlí,10594
fotečku,14723
konference,11470
zapříčinila,4236
prospělo,14724
nezachrání,14725
internátu,14726
atraveo,14727
páska,4963
svědí,14728
touhy,9503
jižním,8932
mexická,746
jmenovaných,1329
horoskopu,11126
evidenčního,14729
statí,14730
melo,14731
dividendy,14732
otevíráme,10100
kostelech,7116
brexitu,14733
upravili,4302
opatrností,12019
vyjednat,14734
nádorových,13990
testovat,4452
parfumerie,14735
žirafy,6665
potopení,14736
stáhnout,6522
pruhů,14737
grantových,14738
kamnech,14739
dalšímu,8867
častými,2615
přejmenovat,8392
náměstkem,624
dýchat,8527
jednohlasně,14740
královnu,3111
prohře,9510
vězňů,442
pestrých,6731
drobné,2906
filtrem,5113
petras,14741
organizacím,5427
variabilní,14742
vážené,3179
předkupní,14743
uzeného,2317
registrech,14744
uznávají,1996
porovnánízobrazit,14745
srdce,3298
zbytku,6168
termosky,14746
hektaru,6850
zeptám,2762
prodam,14747
kolečkem,11659
topných,7142
zámeckém,2273
adekvátně,14748
sprchové,2431
figurovala,3458
chlebem,14212
individuální,10147
krbové,4874
vegetací,14749
sousto,14750
pračkou,10843
struna,14751
strávený,8331
mezní,5341
teoretickým,2068
zvířetem,5667
tetanu,14752
autem,14753
pravidelným,9703
testům,9470
tři,9893
utratit,14754
pokládání,2599
ozývá,14755
poruchách,14094
ohne,14756
transportu,14757
spolehlivým,2283
bagety,14758
epilepsií,10640
elitní,14759
kartony,14760
třes,14761
rozdíly,5744
mletého,2292
tajemná,1768
zveřejnění,4944
nudná,5938
pravy,14762
iniciály,14763
eshopů,14764
příslušenství,14765
příruční,14766
torpédoborců,8162
výjimky,6036
porodí,10370
tréninkových,5731
synovci,657
přistýlky,12211
písemném,5638
způsobeným,3870
pohodovou,2988
kukuřičná,5048
radi,14767
extremismus,14768
přídavná,3134
překážkou,5237
pečující,14769
mooooc,14770
bradu,13571
známy,292
přestupném,14771
ničeho,8385
dovozem,14772
vehementně,14773
vybudován,3093
záležitostem,7714
sedačka,12822
návykových,14774
kráse,6786
situovány,7551
nesou,5677
nakládat,3387
častá,2615
pěchoty,14775
úklid,14776
konzervativním,4744
dárců,4520
krásní,6744
naživu,14777
náraz,8208
potravu,10340
sklopení,14778
aktivitách,8881
plachet,14779
napište,1402
žalobci,1296
nemůžou,1998
dílky,14780
doplním,528
vystoupila,1756
souvisel,10248
chilli,14781
vodiče,14782
oněch,1989
kyselinu,14783
střelců,594
zařízeních,13145
optimalizace,14784
nárazníku,9743
zvířátko,12561
gangů,14785
vytrvale,14786
výmazu,14787
pochoutky,14788
stáže,14789
maďarsky,14790
snášet,4896
jednoduchými,5809
řeckými,1004
jihu,8667
aplikován,5314
mořská,4670
image,14791
dvoukolovým,14792
vítají,4773
rikala,14793
srp,14794
reprezentačním,3160
transport,14757
sedanu,8672
těl,5011
zámoří,14795
bronz,14796
zavěsit,14797
lebo,14798
teplomilných,14799
dobyto,8587
německé,693
vyhlídkou,13505
ramenech,10782
rozešle,14800
zadního,8543
neručí,5719
ostřejší,5277
geny,5687
filtrů,5113
poutavou,1448
rakve,10204
klasicistním,14801
občanům,779
venkově,4460
příšerné,5134
snubní,14802
bílkovina,14494
podmíněna,5678
poskytovateli,765
svobody,5685
oříšků,3801
veterinární,10073
tmě,6906
zaměřen,10792
autoskel,14803
triko,5533
docházejí,9287
personalizaci,14804
paruky,14805
řetězcem,2347
hrajte,1393
povolený,14806
postiženým,885
nalézá,12758
nesmírně,14807
infrastrukturu,11709
světelnost,14808
splněn,8663
věnováním,4589
dopravcům,2736
výpadky,7350
tokem,5996
dynamika,7994
dosud,14809
zjednodušuje,14810
závazně,14811
zkoumají,4299
pokračovali,3034
předepsané,8085
předčasnému,6812
asistentek,380
světelná,14812
licenci,14813
objednávek,14677
jelenů,11424
vojska,7871
designová,2530
garážová,14814
ojetých,14815
smaltovaný,14816
dlouhých,9451
obvyklých,4751
rozloží,12120
anarchie,14817
přežívá,14818
dorozumívání,14819
produktivním,3166
třetina,3209
hraběcí,13690
jehličnatých,14820
nastavovat,14821
jakosti,14822
hvězdičkový,14823
povídají,1006
šance,11622
mele,14824
gravitaci,14825
nechejte,1822
ledního,7631
stanovy,9444
nedělat,1466
výstřely,6070
pokusila,2098
stromem,8322
běžce,756
výrobny,12794
nápěv,14826
otočil,12983
navázalo,3370
stravitelné,14827
oddělený,14828
dostavit,4902
sjednocením,14829
restauracemi,7476
nedotčené,14830
haly,14355
funkcionalitu,14831
rozvrh,11558
organizují,3137
křídle,10870
français,14832
zkusila,3702
letadle,8795
udály,9157
mladou,174
elektromobilů,4907
nutnosti,8344
šíleného,996
liturgie,14833
vrátka,14834
dálkovém,8582
socialistické,1362
banán,14835
klientky,14836
bojovnice,823
malebného,11871
mladiství,2286
vegetariánské,14837
výtržnictví,14838
termínem,2593
republikánské,14839
naučíte,2462
vřed,14840
poslán,14841
trojlodní,14842
ospalost,14843
přívěsek,14844
průměrů,14845
znalostní,4900
skládce,14846
zneužíváním,14847
rehabilitační,14848
celoplošné,14849
odletí,7627
modelová,14850
nejvýchodnější,12620
vesmíru,7345
hradem,10809
vytvářené,14851
jezdeckých,7196
vybraly,961
listnatých,14852
vybrať,14853
úsporám,14854
doplňovat,2737
předběžné,4777
povinnostmi,13893
vyloučili,3742
plánována,1633
uznatelné,14855
lokality,6922
komoře,9991
klávesu,12229
sáhne,4119
nejmenované,1329
principiálně,14856
fdb,14857
sere,14858
podepsáno,1311
vyvíjený,14859
nabídla,1788
zatlačit,14860
recyklovaného,11086
strategickém,2136
nabídkách,5795
zaměříme,4796
nejde,4153
mozkové,8061
svuj,14861
oblohou,14862
raketoví,5168
rozdávat,11980
ložnic,14863
čestně,14864
jdem,14865
nehody,9851
namířeno,14866
koncentrací,14867
středovou,14868
nestaví,14869
donedávna,14870
starokatolické,14871
falešným,3022
důkladně,14872
napájecího,14873
příšerně,14874
předkládaných,14875
stavebnic,14876
benátské,1252
doplňků,10494
konverze,12714
stastnanevesta,14877
stretávajú,14878
nezbývalo,6533
shrnula,1506
mysli,1648
řemínkem,14879
prožívala,2481
umístění,7077
reagují,1275
sadů,14880
kostce,14881
úředního,14882
ozbrojenců,7595
úchytka,14883
příčky,9034
telefonického,4470
záchvatu,6675
nabízí,7128
upadl,14884
dřevěná,4952
soutěžit,14885
vyústila,8327
bohatství,13146
mezinárodním,7961
tvarové,14886
rolet,14887
vestavěného,5602
optimalizuje,14888
obličeji,8305
úložným,14889
miminkem,9416
prodloužen,14890
obchodníkovi,330
stavbám,6231
nutná,3283
ručitele,14891
rodné,5532
dialogovém,14892
soše,3281
nestátních,14893
kilometr,14894
volajícího,14895
intervenci,14896
houslové,924
námořních,13728
zřícenina,13717
soužití,14897
turisty,899
akcionáře,676
dodržena,14898
veverky,8194
zlost,14899
nakažených,13005
sjezdovek,13675
najel,14900
nosila,6172
vítězí,14901
investovali,4733
ztrátami,12563
pokračujeme,3034
instalován,4145
přemístit,14902
tanga,14903
méně,4837
fair,14904
organizovali,3137
striktní,14905
odsávače,14906
eau,14907
filologie,191
slyšíme,5104
slovních,14510
našeho,1595
platidlo,14908
nesprávnou,1704
meteo,14909
spoleènosti,14910
lidskými,1365
opakujících,14911
zlomeninu,14912
laminátové,14913
sedlová,14914
skautské,1112
strany,3643
konvici,14915
citrónovou,14312
ukážou,1984
zajímavém,2282
ztraceno,4132
kontinuální,14916
ledem,8975
daným,3390
řádka,11616
pohřební,14917
pomalejší,9050
přebití,14918
historie,13506
přístupových,8773
recenzovanými,14919
paluby,14920
skalní,10837
vyplývající,14921
burzách,13427
účincích,7743
zralost,14922
dobrota,14923
výdrž,9751
vrtu,13071
snižoval,14924
zřizuje,14925
vyzve,5871
jabloň,14926
definovala,1920
byzantského,3232
zařazujte,6527
losu,14927
prověřuje,14928
zbytkových,14929
utajení,14930
domu,10055
bohoslužby,7730
počátečního,10148
hadi,5883
zvěst,11971
modem,14931
předběžných,4777
mobilního,12353
specificky,14932
jihoamerické,8135
strážců,3988
kávovary,10172
patentovanou,14933
vajíčkem,14934
raného,3841
ročních,14935
nervózně,14936
automobilech,7189
lexikon,14937
chorobám,6081
zakázali,4112
oblíben,14938
napodobeniny,14939
uvězněn,14940
skleníků,8515
cestují,3165
atletického,1627
přílivem,5370
čer,14941
loterii,14942
pohoda,14943
obsazeno,1118
leták,14944
vstoupilo,3474
transformovat,6935
vyrovnání,14945
propadu,9767
brambory,14946
hledám,4210
napadnout,3499
obrácení,13066
hormonů,6192
letadlové,8872
zasílejte,10599
závěsy,9736
internetová,4157
marně,14947
vybavením,14948
urážlivé,14949
protektora,14950
dvouhru,14951
nákupního,11590
jdete,4153
zažívají,14952
vila,12933
vyvstala,14953
hraběti,1237
citronová,12252
povaříme,14954
přestoupit,7699
jejího,9143
svižně,14955
uhelnatého,7125
zahájen,9579
hlouposti,4404
lesní,6213
marné,13078
pány,789
tukem,6574
přistál,11367
krajinou,3508
nastavenou,7935
nakazí,3282
napájením,7170
suterénu,14956
střetnutí,14957
budován,2871
oné,1989
lampa,13424
nenosím,14958
vozíčkáře,14959
kotoučů,14960
tehdejšímu,4197
uran,13454
collen,14961
vzdušným,4722
zády,10455
nadýmání,14962
přídavku,10406
slabosti,3881
lovu,7307
květen,10419
výhradně,14963
křivdy,14964
stresové,14965
anál,14966
baroko,10378
uzavírají,2181
dědictví,14967
zažívacího,14968
rozchod,14325
seniorát,14969
privatizaci,12736
pluku,11506
páteří,14970
zdržet,13793
vlivem,4450
vztyčen,14971
světelnou,14972
spolehlivost,12178
platby,11604
vlnu,9859
uváděla,2138
připrav,1013
vykouzlit,14973
identit,4741
vyhrožovat,4485
ukrývá,10092
bronzovým,6476
pravní,14974
nutnou,3283
lotyšské,1356
motorické,7880
pořízených,6858
dvacetileté,311
odvolat,4426
dlužníků,1079
kompetenci,11608
řasami,11801
padding,14975
sezónní,13752
silném,1891
rozvíjejí,5092
vrstev,14029
vezmou,2582
nakládání,14976
polymerů,14977
rychloupínací,14978
dospělých,1003
uvedenému,2210
chladné,5959
tyčku,14979
zděného,14980
uctívali,14981
traumatu,9993
nádorů,5663
poctivá,2251
odvětví,10591
vinylu,14982
pokazí,12119
trvají,5344
přispět,2346
kabelem,4184
vleze,4869
garažévých,14983
bakalářském,2684
očekávanou,2721
dílce,14984
setrvačnosti,14985
chladu,7410
legií,14986
provedený,14987
záloze,5508
pozemského,2199
konferencích,11470
zemí,11882
respektování,14988
pomyslné,3418
mandlí,14989
spravedlivě,14990
studna,14991
osadu,9239
salónu,14992
syrovátka,3177
pokynů,11826
komerčnímu,8607
mobilům,11448
pokyny,11826
čtvereční,9504
poddruhů,14993
žaloby,8115
medailistů,444
stávalo,2625
prohlídku,14994
učitelském,6177
jarních,14995
prodloužený,14890
přístrojové,14996
tratě,14997
mikina,13431
nelegální,4918
prostého,2860
svolat,4950
pokojíchbezplatná,14998
stanovení,4234
srážkou,14283
obviněni,653
konzultační,14999
chatách,15000
postiženého,885
nezaměstnanost,15001
ukažte,1984
zaznamenání,15002
vypadat,5881
sundat,9426
šablonami,7213
mlčky,15003
ekonomická,1476
moj,15004
jednoznačná,5873
vrstva,14029
specializovaného,2926
dávkami,10661
australské,731
osiva,15005
drahách,5505
zaměstnaneckých,15006
administrativně,15007
kompilace,15008
rodičovských,4240
pražským,992
vyprodání,15009
prohlížel,12294
automobilem,7189
sušenými,2343
schopny,637
nedělali,1466
trestních,11048
odraz,15010
rozdil,15011
hřištěm,14138
mastnotu,15012
hvězdárna,4410
krystal,15013
náhonu,15014
hřeben,15015
sovětu,15016
opevněný,15017
reflexy,10380
nabídněte,15018
svoje,4364
blízkých,5530
klubu,3328
pohovka,12739
ethanolu,15019
účelům,6758
paralyzéry,15020
lehké,3198
fóra,7952
zastřešuje,15021
samostudium,15022
mahagon,15023
ledviny,9959
golfu,15024
krátká,2882
sekací,15025
halového,5753
fakultní,11583
jistého,1019
prvnímu,5133
funkcím,11886
objektu,4216
hrnec,15026
výkladu,5131
faktorům,1462
řádí,5895
proměnná,15027
zhotovování,15028
spokojeny,6619
měsíců,10054
přistupují,4477
dodávaných,5782
motorových,4383
podnájmu,14240
prijde,15029
drůbežího,15030
konferenčních,15031
křesťanské,1489
prošli,4577
topic,15032
zhoršení,15033
tříměsíční,15034
kněžství,15035
komplexního,9268
kontrastuje,15036
popisem,6633
průměrné,2247
nedalekých,10778
veškerými,7318
napadat,3499
vodním,6690
běžců,756
stíhačka,9291
moderny,15037
sudech,14433
cívku,13451
řemeslu,6749
dělostřelecká,2953
biopotravin,15038
tchána,600
připravovala,1456
velikých,8022
vyléčit,15039
brzdit,9569
rozměrově,15040
dárkových,15041
only,15042
fixace,15043
uváděno,15044
doprovázeno,4870
ovládají,4265
obepíná,15045
zmíním,974
poslouchají,8627
dovoleno,15046
zapnete,9347
hrobka,4314
úvěrových,3265
vázáni,8777
vyšleháme,15047
zvolená,1164
spíme,5596
obrannou,6875
osteoporózy,15048
heren,15049
živinami,12990
vyjde,5729
číslech,15050
najíst,15051
financován,11667
akustické,3621
padlo,8407
zaostal,15052
rybáře,393
lepsi,15053
euru,13411
ofenzívy,12767
komponentů,15054
učenců,15055
extrémního,5236
zlomenina,14912
prováděli,4079
korporaci,10506
odbornou,1690
varnou,11509
protiskluzové,15056
adresář,15057
jarmark,15058
dohled,15059
svodidla,15060
sperma,8955
wikipedii,14594
provozech,9733
léčit,8139
lékárníka,587
liniemi,8549
písmen,9386
sousedem,861
odlišuje,15061
značkami,4872
tichu,9624
exhibice,15062
zadána,15063
patnácti,8969
šňůrku,15064
přibývá,9822
nová,1377
venkovního,8550
míč,15065
popsali,1353
zabývají,2386
začínala,2299
odstranili,4989
cestami,13310
tempu,8569
diskusní,9968
heroinu,15066
synovi,322
pozitivním,9705
hloubce,5821
stěnu,6865
tekutých,9274
faktur,11220
udrží,6095
renální,15067
obraťte,7141
ignorovat,10863
blogerky,15068
novostavba,7445
žito,15069
poválečná,1157
požírá,15070
úlevu,15071
průměrnými,2247
referenční,14010
klášteře,5077
terénem,15072
růžový,15073
věnujeme,4589
rozjede,9212
březích,2567
pozorovali,5073
zakázkou,15074
obrázcích,5020
secesním,7633
erupcí,15075
křížku,11686
citrónu,5164
hodí,5866
rozmnožování,15076
sklokeramické,15077
přijdete,2674
citlivých,1205
nepřísluší,15078
písemně,15079
držáku,15080
manipulaci,12972
mýty,2326
styly,4072
night,15081
najít,3790
vyústí,8327
ovládali,4265
končetiny,9273
točivého,4964
inspirovaných,2197
týmů,584
kotelna,15082
kovaných,15083
nabití,15084
rozmanité,4992
abych,15085
pozoruhodně,15086
přidat,2607
předcházelo,5447
flipové,15087
tvořilo,1581
vlhký,15088
tělovýchovné,10867
radioaktivity,15089
nakoupí,7605
back,15090
řidičům,238
pokles,15091
šifra,15092
porozumět,12328
užijte,15093
říční,13235
ponížení,15094
klesání,15095
prvotním,5536
barem,14083
gender,15096
nedalo,4122
kopců,15097
zemědělců,1191
nepřináší,10906
čajů,4740
mikinu,13431
skupinka,11666
leva,15098
součástek,10187
trestů,6957
nezbytnosti,15099
uherských,2779
financováno,1826
shromáždit,3729
hodnotili,7744
odhaleny,4792
přijati,2271
teroristce,15100
cvičit,9249
inspirované,2197
prohloubit,15101
sonáty,5716
zapalovač,15102
činitele,1042
jasně,15103
dovážet,12638
výzkumnou,957
radioterapie,15104
mírové,2629
zanechá,6978
svitu,10415
als,15105
ozvala,3208
radikálním,5128
sklo,10986
disciplínu,13247
žádat,4015
početí,15106
hlídku,15107
římského,1798
spisovné,3007
přihrávek,11174
preferenci,15108
firmami,2727
chápou,2128
obývá,12988
zakotveno,15109
systémech,4308
ručit,5719
zanedbatelné,15110
mrknout,15111
klonování,15112
korunu,10780
uvedete,395
kinu,276
všemožné,15113
sklizni,9973
zaveden,3276
studuji,2034
základům,6233
obezřetně,15114
vydrž,6340
památkové,2014
patříme,6185
anomálií,15115
třtina,15116
šikaně,13313
binární,11958
příznakem,5636
repaktual,15117
tropů,15118
maličkost,14386
názorné,15119
desce,4768
hydraulických,3653
nemocniční,9099
dnů,6508
nevzali,2582
strečové,15120
základech,6233
mrňouska,15121
zúčtování,15122
líbání,15123
ovocnými,7286
smrky,15124
riziko,7394
prosté,2860
diskuzích,15125
živočicha,3873
samozrejme,15126
příznivců,764
sjednáno,14143
ztrácel,11552
kapsou,11623
markantní,15127
neovlivní,2761
autosedačka,13584
pušku,11166
mikinka,15128
nesnese,15129
podivným,3593
řekly,407
kanceláří,11537
přelet,15130
bourat,15131
tlustá,4203
minoritní,15132
simulátoru,15133
výroba,6575
umístíme,4175
geotermální,15134
celoplátěná,15135
svržení,15136
informovalo,2151
ročn,15137
chodba,15138
ryzího,8060
značkové,3819
místa,9414
placeného,2179
vodorovně,15139
lázní,8124
studijním,6740
suchých,7907
druhotné,15140
provozovaný,15141
kletba,15142
prodloužením,15143
kondenzátory,15144
šablonou,7213
skupinová,3102
suchým,7907
tréninkového,5731
střechách,6191
plochu,11490
specializace,8183
úspěšnými,762
delšího,9451
hospodu,10683
obří,15145
kamarádovi,215
přesunout,6976
snažila,2023
čestnou,1416
pekáč,15146
randit,15147
desítce,8654
technologií,7636
následovala,4736
uložen,13206
tiskem,6621
držte,6363
památkovou,2014
nízkopodlažní,15148
genetického,3886
řidičského,3214
preventivním,7450
minute,15149
měšťanské,15150
neudělají,15151
kapek,15152
jednoduché,5809
započítáním,15153
koupací,15154
tečou,15155
novy,15156
nedozví,3439
vyvolávací,15157
optimalizací,15158
ponoření,15159
uspořádání,7577
milióny,9151
výhodnější,15160
synů,322
nejzákladnější,5517
hřebenech,15015
hrobů,6556
úhlem,5745
odměn,12560
hraničních,15161
přehoz,15162
průkazem,6752
prožití,15163
odbavení,15164
neprospěl,15165
čehokoli,10608
vysvětlení,6849
odpoved,15166
páskem,15167
bezvýznamné,15168
anglicky,15169
dobročinné,15170
výhybka,15171
zákonnými,1829
výstřelu,15172
posouvání,15173
dráždit,9930
znevýhodnění,7680
předměty,6026
svatojánské,15174
tloušťku,9516
náhrobky,15175
lví,15176
rodine,15177
částky,13363
pilin,15178
pojišťovně,15179
touhle,1113
zkratky,11201
uhličitanu,15180
souboje,3286
džungle,15181
jinou,1327
družstevního,11376
direct,15182
uvedeným,2210
kořenového,4206
matný,13876
leštěný,15183
nucených,2265
můstek,15184
bydlením,15185
přebalem,15186
svině,15187
matoucí,15188
modely,2668
plechovky,15189
žádná,3693
hlídací,15190
cizojazyčné,1625
samsung,15191
propojování,15192
vydán,13433
zpracovaná,2306
bezpečný,3185
stálých,1883
výuka,5734
povídali,1006
motoriku,15193
sportovním,7865
provádějí,4079
vytvořené,6239
domluvte,2542
dbejte,15194
izraelskými,701
časti,15195
obrovským,8457
nesouhlasu,7147
centra,15196
třídního,12079
poslalo,6643
rozchodem,14325
útok,8858
databázích,15197
kapkami,15152
abuse,15198
doprovázené,4870
zamlouvat,8032
přechodné,7750
gramů,12331
tkáň,15199
doučování,15200
tenkého,4227
nemalé,2879
padesátce,9281
poražení,6770
větrací,15201
nemoci,10465
židlí,10408
priateľov,15202
špionáže,15203
nelegitimní,15204
živností,15205
schválené,4857
operátorům,652
vířivé,15206
moskevského,2742
necelými,3194
pacientům,504
lávky,15207
pouta,7909
gamma,15208
modlitbu,15209
cizince,790
zprostředkovat,8507
padnout,8407
přepne,15210
tolerancí,15211
teoretickou,2068
mieste,15212
brankové,15213
bruslích,15214
údajích,4338
úsloví,15215
stavíte,3908
páteř,14970
neviem,15216
šíp,15217
vyrazit,5811
devátého,5790
přenesen,6481
zajat,15218
gastronomické,15219
speciálním,7138
fakultách,4830
inovačního,15220
odnesla,2695
elitou,15221
výlet,12803
dopaden,15222
spolkových,8212
zvolenému,1164
slevu,15223
rychlý,13111
lyžařů,463
čtyřmi,9818
tvořeného,11726
oceněna,566
vkládat,2449
zakoupením,15224
švýcarské,960
parametry,6104
odpovědět,2009
mostecka,15225
nepoužíváme,7967
zaevidovat,15226
variant,6114
připravenosti,12444
hardwarem,10438
staveništi,13901
značkám,4872
hrubého,12692
plánovaném,1633
magistrály,15227
sbírkových,15228
doplatit,2633
správná,1704
olověných,15229
sil,6044
táborem,7471
jury,15230
jednotkách,15231
veselou,2412
vystřelil,15232
primitivní,15233
výcviku,9567
klid,7695
ešte,15234
antikoncepce,15235
kontrolujeme,5818
sporem,13197
čtyřhru,15236
diagnostických,10653
použitém,15237
monitorovací,15238
rampy,15239
silikonovou,2681
družici,11915
poznáte,2036
zajištěnou,4865
provedou,1819
předurčuje,15240
plachtu,14779
portále,15241
vyslovila,1699
rozpočtovou,4747
módním,2980
pozemcích,12113
pervitin,15242
chrámem,6828
vláhy,15243
kvapem,15244
perzekuce,15245
zasloužené,1803
svršek,15246
měřič,15247
přispělo,2346
nesmělo,1316
špagety,15248
zmizení,15249
struny,15250
přihrávky,11174
místnostech,15251
tužku,14136
kachny,13121
opylení,15252
užíváte,15253
vzorců,5390
obojživelníků,15254
dřívějšího,12876
výuku,5734
olše,15255
vystaven,10993
konstruován,11419
pásu,6577
drátů,6510
pojmout,1518
kuchařce,3618
lešení,15256
podlahu,13867
váma,15257
lékárníkem,587
přidávají,7150
kvalifikovaných,1643
astronomická,3723
nazev,15258
akademii,8165
školáků,15259
která,2116
osvobodí,10274
značný,12220
chován,5436
přeloženy,1227
simulací,15260
podporovat,3739
tolikrát,15261
vepřového,15262
nároží,15263
vlasů,8722
rozlohu,13725
školám,4433
veteránů,331
dodají,314
aquaplaningu,15264
rozhodovalo,2195
upřesnění,15265
raněn,15266
ako,15267
umísťování,15268
kouřovodu,15269
bleskem,7675
modifikací,15270
vůlí,9037
naruší,15271
algoritmy,2932
poputuje,15272
cukrovce,10375
osvědčenou,1420
deníčku,15273
zpětný,9951
radami,2992
short,15274
vesnice,10047
podepsalo,1311
trvaly,5344
zadny,15275
dodrženy,15276
kanónů,7521
nepřátelským,15277
obchodem,12708
vzniklá,2472
děkana,723
pekla,8174
rest,15278
nezpůsobí,1299
velkoplošné,6596
zásluze,15279
halou,14355
pohledávku,13261
bodovým,7349
přednosti,10064
neuvědomují,1468
modlit,9507
nehodou,9851
upozorňující,1719
nationale,9858
realitním,6333
světadílů,15280
kamkoli,13418
stropě,9064
míse,15281
prostředky,7493
složky,5326
vazbu,8689
snímačů,15282
rozporů,5569
šlechtické,3812
babiček,3669
provdala,15283
dotacemi,13260
druhu,6552
poptávkového,15284
tutéž,2290
potravy,10340
jakékoliv,5287
telefonickém,4470
doktríny,15285
obytná,15286
elektrotechnické,2331
saních,15287
maiden,15288
jedný,15289
jader,15290
neobjevuje,5553
střetl,15291
vertikálním,9601
třídenní,15292
podnikatelské,1292
záliby,9022
masáž,15293
garanci,15294
nejtvrdší,5894
dopadnou,4202
rivalem,15295
ručičky,12439
řádcích,15296
prodám,5686
říše,15297
poklička,15298
hornických,15299
trvalky,15300
abstrakce,15301
syntézy,7298
průmyslovým,2480
pozoruji,5073
uskutečňovat,12594
soudy,1181
přívrženců,11098
ppt,15302
pracovních,12943
subtropech,15303
gumových,4215
čelního,6442
mošav,15304
novorozenců,15305
konvicí,14915
knihovnách,15306
léty,9801
čtrnáctého,4347
stejn,15307
pokladnu,11396
traktoru,4289
kaskády,15308
zákaznických,8936
menšími,2879
roláda,15309
oblohu,14862
nejvýkonnějších,539
nebylo,2244
renovací,15310
povstání,9252
článků,2769
recyklaci,12278
využívá,8768
nádherné,8800
splátkách,15311
trhy,2352
přezdívka,6604
revoluci,12727
pomáhajících,15312
hlubších,6544
přísného,1586
záchranou,3330
sprint,15313
přenesli,6481
víly,3103
zablokoval,15314
svépomocí,15315
ráže,15316
žen,1743
vyčnívají,7735
smetana,6709
veškerou,7318
pořizují,392
přiměje,4110
přípustné,8827
vstřícná,1951
vyhánět,5581
special,15317
záštitou,8535
růstem,14316
nějakou,2801
niekto,15318
tisíc,15319
dekret,8714
harfa,15320
ráží,15316
květinu,14217
motorech,4390
record,15321
nejbližších,5530
kužel,15322
úvazku,11025
důlních,15323
novinami,6186
hygienickým,5930
limitovanou,15324
rozmnožovat,15325
světovými,1295
nejčastějším,2615
trefa,15326
snížil,14263
pásová,3929
slušné,2330
vypne,7200
tiskárnu,9761
úložišť,15327
nepřímé,9120
starožitnosti,12882
překonání,15328
zabili,5857
kávovaru,10172
autě,14753
nezajistí,15329
dvoupatrová,15330
žákyně,15331
přečerpávací,15332
doporučených,14381
informacemi,14453
určování,15333
patří,6185
přivést,5475
neinvazivní,15334
finálovou,2909
běhů,15335
plátek,15336
armád,5259
hlasitosti,15337
filtrovat,15338
pěchota,14775
bojištích,15339
vyhledat,3955
disponovat,8681
provide,15340
odkazem,10918
kojím,9817
pokusily,2098
milé,2287
nepatřil,6185
rozkladem,12182
přístrojového,14996
dobro,8649
ovzduší,15341
francouzskému,428
zábavě,10630
zahájili,2665
nar,1723
nadřízeného,1233
kočkou,6224
námořnickém,15342
obejde,11015
hadů,5883
ploty,8252
krásného,6744
úplatek,15343
spojováno,11029
netřeba,15344
optickými,5055
služka,1502
záchvatů,6675
kamen,14739
citovala,2458
tužka,14136
obchodovatelných,15345
gorily,15346
obočí,15347
bezpečnostního,10093
žácích,601
životností,15348
létajících,15349
posílí,6701
přesunovat,6976
time,15350
kopií,8826
stříbrném,6827
obviněných,653
opuštěné,4850
prověří,15351
inteligence,13472
vytvořených,6239
manžou,15352
toaletě,12124
destinace,15353
zdravotníků,1677
dědického,15354
hormony,6192
nočník,15355
blížil,15356
instalačních,5460
sopečného,10435
možným,5577
výročím,15357
odebírá,15358
přijaly,1154
prokázaly,2162
kryptě,9823
povědět,1208
výčitky,15359
neškodí,15360
kontrolního,12958
vyspělých,3957
modelování,15361
tříkrálová,15362
zbourán,13497
neplacení,15363
zrekonstruovaná,15364
dobyt,8587
odnož,15365
plynem,11877
vybudované,4454
předcházela,5447
spojeného,5665
bývá,10177
vánočního,6728
pískovcové,15366
uživatelské,5463
international,15367
formulářem,9720
počátečním,10148
rezervou,10022
pasty,15368
šrouby,6946
širšího,9844
horších,7005
chráněn,10451
hospodářskému,4300
dětmi,5649
kotvení,15369
závorkách,12721
tvrdě,15370
místním,5628
bakterie,14227
opevněním,15371
podlaha,13867
povolí,3649
protected,15372
ubývá,15373
odpadové,7301
doménou,15374
jezero,9019
tepna,15375
vyrostou,6157
neomezeného,15376
berlínské,11195
chránič,15377
probrat,8353
roku,10334
přehnaná,7757
skle,10986
děkují,6440
zrekonstruovaných,15378
anketa,8231
terasu,7319
našich,1595
dobývá,15379
dubového,6420
tiskárnám,9761
uchazečům,976
uzavírání,15380
šlehačkou,15381
dosáhli,7977
oznámily,871
asociaci,2970
něčím,15382
čekání,15383
suchem,14616
dohodnuté,6720
obřích,15145
kouř,15384
převzatých,7759
zbylo,13208
obchod,12708
islámem,6791
dobrovolnické,6169
uschovat,15385
vycházejícího,9998
ztrátou,12563
morálně,15386
starších,1982
největšími,5075
jakém,2815
dotýkat,3358
psaného,11180
léčivo,15387
značením,15388
legie,14986
podivnou,3593
mylně,15389
pudr,15390
ničivé,15391
umývat,15392
porodnice,13555
napomáhá,15393
vyhledávanou,15394
vinaře,15395
počkala,2843
vyjadřující,15396
omlazující,15397
rozdělila,3109
žalmů,15398
minutka,15399
retenční,15400
těles,5769
přenesení,15401
exotická,1561
rally,15402
dopisech,11485
serverů,15403
aktovka,6471
víkendovém,8450
stáhněte,6522
současném,923
žraloka,4686
marcipán,15404
mzdu,10030
úspoře,14288
rozloučila,3311
střídačku,15405
zajistit,2781
omyly,3786
nemuzu,15406
mobilní,12353
kněžny,15407
mokřadů,15408
staletími,15409
vestu,15410
jezdcům,333
pobyt,12310
klinika,6032
týkajícího,13765
vstupní,6977
zkouším,3181
rybky,10323
souvětí,15411
son,15412
mezigenerační,15413
svěžesti,12372
reálná,5112
rasistické,15414
dance,15415
hladovění,15416
hlídat,9789
systematickou,6611
formou,13444
podřídila,10980
sbírat,4348
narušen,11861
suroviny,4304
namáhání,15417
urážet,3211
veselejší,2412
sídlí,7073
řeším,3227
koluje,15418
skalární,15419
fámy,15420
vzdaluje,15421
efektivních,15422
mumie,15423
vysazen,15424
svetru,6592
zažádat,15425
elektrotechnice,13469
prospektu,15426
ideálu,7029
klíště,15427
světlomety,13440
hlavami,4448
spolehlivých,2283
feudální,15428
ocelové,4049
sjet,15429
obliby,6764
studnu,14991
obecných,6314
havárie,12521
viry,7038
vyrovná,2814
aniž,15430
připravte,1013
tvrdší,5894
nepsala,15431
regresní,15432
andelka,15433
partě,2206
sladkého,6499
stadiu,15434
zachránili,6819
pokoj,8021
plati,15435
kurýrem,2591
létající,15436
šíje,15437
uspokojí,15438
tvořivost,12955
transportem,14757
odtržení,15439
smluvním,8948
chutnal,15440
onkologii,15441
prototypu,3537
hlídacího,15442
hustoty,15443
vykonán,15444
dub,15445
vlek,15446
četnosti,15447
zámku,5739
mříže,13375
dieselové,15448
průčelím,8622
hospodářské,4300
ovládala,4265
rétorika,8742
páté,1910
osvědčilo,4987
pobavení,15449
projít,4577
lodyhou,4271
formulované,15450
ovlivňují,8462
kupce,1368
ultimátum,15451
dostatkem,5393
projede,9302
zápalky,15452
prioritou,6608
využitím,15453
ara,15454
rozhled,15455
tygrů,3962
chudší,2324
poskytnem,1133
propojen,13639
internetového,4157
resuscitace,12337
marek,15456
kapku,15152
ţivotní,15457
vydařila,15458
plic,15459
vodítku,15460
zápornými,3919
poutní,15461
námitek,9306
fronty,12508
přechodové,3849
britskými,297
paralelní,7180
kontinentů,7299
chovatelských,15462
praktiky,6804
chybě,4879
nevěřila,2311
provozními,9655
dortem,11231
stanicí,10764
pozorování,5604
kritizována,3085
povětrnostní,15463
nesmějí,1316
korunami,10780
polovodičové,14674
školením,15464
projděte,4577
sladkovodních,15465
bungalov,15466
organizován,3137
pinyin,15467
tøetí,15468
protesty,5464
umyvadla,15469
nejlepsi,15470
nepoužitelný,15471
pravosti,15472
výchozím,4765
modernizované,15473
faktorech,15474
logistická,4578
výlučně,15475
spojující,15476
tematické,2094
přitahují,9400
spisů,15477
čtou,4109
neptá,2905
obvyklé,4751
odnést,2695
navýšil,15478
prodaných,15479
nástrahy,15480
pokličku,15481
naložit,3387
mno,15482
játra,15483
hracího,8560
průběžnou,5292
úrazem,15484
upozorňovat,1719
kaprů,12376
kruzích,13967
členům,497
půjčené,15485
dělají,1466
usoudit,2528
užšího,8704
aktuality,7353
štěpí,15486
funkcionářů,243
pouhým,3337
posielal,15487
kopec,15097
přírody,10708
žebříčků,15488
ležím,7703
nástrahami,15480
injekční,15489
ústící,15490
letištní,15491
nastavení,7424
struktury,9389
kolejiště,15492
opakující,14911
protihráče,15493
třetímu,5504
francouzsky,15494
rozčlenění,15495
dispozičně,15496
přesnými,2378
mlhovky,15497
lososem,4479
trubkou,5819
hydratační,15498
kamenných,13445
odsouhlasení,15499
přežít,10226
čtyřhře,15500
uložíme,3344
vévodí,15501
dělostřeleckou,2953
liberálové,10611
nucení,2265
požadovali,2005
předváděcí,2790
řadových,2027
digestoře,15502
kontrolovaných,15503
obýváku,15504
ratifikaci,15505
mozku,2898
podorlicko,15506
stimuluje,15507
majetek,15508
výživové,15509
dvorů,8918
zálivem,9035
akutní,12668
zdmi,12495
dřevin,15510
bohatých,1942
dekoltu,15511
pozemního,5007
česku,15512
sáček,15513
modulární,15514
obyčejným,2510
kilogramů,9605
hledačů,15515
stanovenou,8724
administrator,15516
končetinách,9273
brašny,15517
dinosaur,14393
doutníků,15518
budovy,9739
rekonvalescence,15519
proudů,3057
arabštiny,15520
rekordních,15521
drtí,15522
podvozkem,15523
dívčí,4819
útočná,3261
svatební,8837
pojmenovaná,15524
stylu,4072
miláčka,2173
náročném,1749
veřejným,4800
zámeckou,15525
lůžkový,8791
systémové,1921
snese,15526
nevyužili,2125
negace,15527
marže,15528
dominantním,9956
nejsilnějším,1891
pronásledování,7761
jízdného,15529
regulovaných,15530
nejasná,7208
zřetelně,15531
nalezen,9650
brance,7954
páteře,14970
odhodlala,1853
posílejte,12383
gastronomie,14656
pokrmy,2494
travel,15532
finančního,7216
trpících,3662
srdci,3298
existovat,6867
kouzel,4875
racionální,11665
lokomotiva,15533
panel,15534
svátostí,15535
ústech,5386
hospodářském,4300
souviset,10248
satelitů,6271
výfukové,15536
závorky,12721
prašníky,15537
výsuvnou,15538
domovském,10426
civilizace,14043
uprostřed,15539
spěchu,15540
dceřiné,8094
odsávačka,15541
nadání,15542
provádíme,4079
stanem,4325
fotečky,15543
nepokoje,5722
nebrat,15544
korektnost,15545
rozbil,15546
podřízenosti,15547
komponenty,15548
zastavením,15549
konstituční,15550
severozápadní,12398
mechanickými,3084
protestantů,7660
žádaná,3471
katalogů,9558
řezné,6743
sklenku,15551
výšin,15552
nechávali,3314
sehrály,15553
odležet,15554
rezignace,14648
rozvaha,10036
předpisech,8808
pravidelně,15555
potkávají,7199
prababička,15556
zaznamenán,12103
přede,14634
zapálení,15557
medailové,15558
progressive,15559
okamžitý,15560
řízený,15561
stezkách,15562
ujede,13017
pojednávají,15563
přivedeme,5475
zraku,6483
dědu,602
severojižní,9101
sestavit,2405
sestřenicí,13772
draci,15564
děsivá,1879
financial,15565
přejí,1626
dohledat,15566
krví,10823
užíváním,15567
lovecké,4322
virtualizace,15568
narozené,1723
otevíráním,15569
severozápadě,11436
pravomocné,2509
kamarádek,3367
smyčky,8134
nezbytných,9594
stojan,7763
tloušťce,9516
laserovou,3334
propadl,15570
spořit,15571
postelí,15572
partnerské,1926
plynných,15573
opatřit,3064
neodmyslitelně,15574
obtéká,15575
rovnicí,11474
vyměňovat,15576
označit,3544
aplikací,14191
naladit,15577
močového,6403
zatouží,15578
souvisejí,10248
párů,7728
každém,1663
čistší,15579
molekuly,15580
hrozně,15581
budoucích,4029
tvrdých,5894
zpochybnit,4583
poptat,15582
podkategorií,15583
náklonu,15584
nenabízí,7128
přejmenování,15585
polohou,4313
klientela,10221
zástavbu,15586
nezaplatila,3059
podnebí,15587
nezoufejte,15588
připadají,2999
hodně,7734
nejmladším,174
naučnou,15589
zklidnit,15590
několikadenní,15591
lepí,15592
těsnou,15593
hora,7509
dopise,11485
požadovalo,2005
samozřejmost,15594
výšková,9589
výživu,15595
čtyřiadvacet,15596
summit,10742
kakaa,6377
válečníka,668
lehátko,15597
bílí,15598
ocitli,4178
oděvů,8733
osvědčí,4987
opatrní,3178
významu,5654
kupci,1368
povodí,15599
konzumovat,14101
help,15600
neschopnosti,9486
korálky,9974
farmáře,335
musely,1107
rasa,13976
někým,1445
berou,5405
klasicismu,15601
nadací,7978
australském,731
žádané,3471
nestabilita,15602
tlakových,11370
směnky,14481
odvolali,4426
léčebné,6464
šunku,15603
potkávám,15604
pevninské,15605
nepatrné,15606
dárky,6736
svěřených,15607
týmového,1566
biopaliva,15608
křesťanská,1489
agend,10502
nezanechává,15609
variantami,6114
dotazem,11730
učilišť,15610
zdroje,2056
smrkových,10033
návraty,8914
očích,10440
wellness,15611
včelařů,15612
ohraničuje,15613
future,15614
piv,7895
univerzitě,9199
omáčkou,9917
mechanizmy,15615
připouštějí,1874
zbavit,6584
pána,789
nejím,4003
stejnými,5320
zájmem,6293
přitahovat,9400
posílám,12383
oxidační,15616
sokolské,15617
červený,15618
nepříjemná,2700
voličů,1086
komunistickou,609
odlesky,15619
dovodit,15620
kmitočet,15621
přihlašovací,15622
stanovují,4730
soustavně,15623
ratolesti,15624
hlasivky,15625
minimálně,15626
opětovnému,13018
klientů,767
škůdce,15627
practice,15628
tety,3809
projížděl,15629
kolektivní,10700
řádem,4609
korektní,15630
vyhovovalo,13816
ramínek,15631
léčba,9969
republiky,8381
tanky,4997
spoj,2892
zakládat,6474
souladu,10050
rychlých,13111
revue,15632
převzata,1642
obytné,6783
povidla,15633
pokládají,2599
barevnosti,15634
motorového,4383
předáme,15635
měkkým,5843
zlu,5153
trasách,6012
leží,7703
skutku,6688
vnoučata,15636
situováno,7551
střevních,15637
pěstují,4867
kartografie,15638
prosazovala,2428
pevného,3521
lebku,15639
nejmodernějšími,7104
průtok,15640
statečně,15641
zámkové,15642
muzeem,5442
územím,15643
statků,15644
zpracovaných,2306
budit,5746
vystoupilo,1756
skrytého,5963
značce,4872
strojového,3616
presbytáři,15645
camp,15646
vybudovanou,15647
vodárenská,15648
tenkým,4227
nedokázaly,1105
letadlových,8872
bokem,15649
přípustný,8827
domorodé,9160
lanovky,15650
zkrat,15651
následovaly,4736
mužů,262
vyzvání,15652
písečné,7052
úplná,8413
přijatelná,5395
zalít,7670
středoevropské,6223
náhodné,4986
funkčních,15653
přijímáni,3213
nájemném,15654
parky,15655
lednem,10577
člení,15656
sestavovat,5991
nainstalován,6345
ekonomickou,1476
fyziologii,10333
nádherná,8800
zadané,2657
diskusích,11292
zlepšením,15657
vyplula,15658
nefungoval,5890
komor,9991
odložen,11054
zdravotnickými,1742
vyhověl,15659
pracovištěm,15660
vítaným,15661
zakázkové,15662
faceliftu,15663
učinit,3861
farní,9304
stánky,13796
šestnáctého,15664
jazycích,2981
úkonům,15665
znalosti,4900
exportovat,15666
sledu,5509
vymáhání,15667
třemi,9893
slovenština,2488
nejstaršího,1982
dřevostaveb,15668
měrná,15669
italském,639
uprchnout,4566
soustavu,12539
vyobrazením,15670
bereme,5405
srazilo,15671
držím,6363
kostelu,7116
bije,15672
zmrzlina,15673
bezpečného,3185
zákonnou,1829
inspekce,12142
vyřešeno,2353
července,11837
stojíte,1941
střeleckého,8585
potomky,1450
uvolněná,2907
ikonu,6708
amp,15674
resit,15675
plave,15676
sokolovny,15677
negativa,15678
dávají,8586
instantní,15679
zvyky,2887
nebeského,1895
očekáváte,2602
nejmodernější,7104
mala,11864
nadprůměrně,15680
ovál,15681
nepatrný,8913
bezdrátový,15682
stanu,4325
symbolickou,3552
velikonočního,12532
basketbalová,2991
dlouhodobými,3901
imho,15683
pomocí,15684
hlasovali,3500
rozpálené,12338
doplňkem,10494
ryba,13904
banjo,15685
krmiv,15686
zástavou,15687
přeměňuje,15688
chyběla,4220
dokazování,15689
půjčce,5424
offroad,15690
výhry,7801
vyplněn,2701
vůči,15691
jezírek,15692
nájem,15693
koresponduje,15694
požadovaných,5382
kladivem,15695
drůbeží,15696
podsvětí,15697
povstalce,2886
cenné,6053
postýlku,13489
spoluúčasti,13264
drum,15698
manuálu,15699
domina,15700
žádnému,3693
smazáním,15701
rozlišují,9427
stavy,13629
zkomplikovala,12069
bunkr,15702
důležitými,2498
vydra,15703
snaze,7347
pobočka,10454
porucha,14094
domovským,10426
vyrůstají,4685
krávu,7968
týkal,7537
zbavíme,6584
nekomerční,15704
muslimská,1398
sladidlo,15705
informuje,2151
váže,15706
bezpilotní,15707
smuteční,15708
spořitelen,11267
komorách,9991
nemovitostech,14327
prioritu,6608
zohlednění,5003
standardy,11236
formálním,9958
stažením,15709
abychom,15085
diskuzní,15710
davem,2945
jednoduchá,5809
očima,10440
rekordy,7360
nedostatečné,10753
bajky,15711
zakoupit,4780
dotaci,13260
sokolovna,15677
židličky,15712
ložnici,14863
domě,10055
potrpí,15713
portálu,8592
odmítala,3441
arcibiskupství,15714
cítíš,2348
vášnivé,956
městským,4031
klidného,7133
polovina,7879
větev,11592
kontinuálně,15715
zvyklá,1968
divila,3607
koláč,15716
připíšeme,5346
vše,7917
dýně,15717
chřipku,15718
technologicky,15719
vlně,9859
odpálit,15720
vydělané,15721
krouží,15722
roucha,15723
sofistikované,1816
sáčky,15513
vychovat,4293
našlo,3790
územích,15643
vyhlazuje,15724
kvalitním,4532
zobrazovaných,15725
výkonnými,539
městská,4031
dostaneme,3965
střehu,15726
spojkou,5286
vibrací,15727
týmovou,1566
odvodňuje,15728
návykové,14774
začátečníky,1220
dostupnosti,9454
dosažením,15729
antickém,3149
chlup,15730
převážet,12016
přiblížili,2756
obnovu,13105
úplným,8413
uložíte,3344
hitparády,5837
seznámíme,3073
pohlavnímu,8264
výraznému,1360
korunního,10781
nezvládla,1981
walking,15731
portfolia,8491
zdvořile,15732
bohatého,1942
pronajatém,15733
kočárku,6418
hlubinné,13682
depresi,6919
nedochází,9287
bohatší,1942
zastávky,8865
rybářské,4817
semínek,15734
dutý,15735
vozovka,15736
ostatním,10650
endemit,15737
zasáhli,6128
závodiště,15738
dotáhnout,7406
končit,5925
hazard,11939
spektrální,15739
vášni,15740
uváděli,2138
nasadili,2585
kolektory,15741
repozitáře,15742
tunery,15743
soukromým,3808
prvoligové,945
vnímána,2284
vchody,6648
mrazy,4091
cílům,5428
pohony,15744
mincovna,13789
nadchla,3882
lanovkou,15650
rohlíku,9086
levných,8448
dynastii,5923
tmavými,10085
jasmínu,15745
lávku,15746
narodilo,1158
bezprostřední,15747
hmmm,15748
bižuterie,15749
výsadba,7365
manipulace,12972
skupinek,11666
pečovatelské,15750
senátě,1321
červen,11527
raketoplánu,4606
dostatečným,10753
určením,15751
domovech,8277
laserového,3334
úsilí,4977
zpětných,9951
zřízen,11437
zasílám,15752
glosy,15753
tabulkový,15754
diplom,15755
vozítka,15756
kolejových,15757
kadeřnictví,15758
příznivé,11280
finsky,15759
sériové,1722
kandidovala,2019
předcházely,5447
tranzitní,10783
monotónní,15760
ses,6676
biologická,2862
nastaveno,2838
řezů,5419
kosmické,2972
utajit,15761
kufr,15762
poctivou,2251
hvězdicový,15763
akutním,12668
doporučován,6680
skladech,11754
překvapily,2516
domovskou,10426
mimozemšťanů,3081
důlního,15764
tisíckrát,15765
kdežto,15766
diplomu,15767
krácení,15768
pojezd,15769
obchodními,10053
neuvěřitelnou,10388
plodem,6503
otravě,13852
pravěku,15770
dopadení,15222
dodržujte,6958
pomezí,15771
ilegální,9865
životně,15772
frontě,12508
liší,12774
zveřejněných,7009
ejakulace,15773
nehodách,9851
uličky,15774
algoritmů,2932
záhadné,1824
nesetkala,3053
nezažila,1635
obtíže,8838
veletrzích,4785
histoire,15775
moderně,15037
metro,12083
hlavách,4448
sítnice,15776
pravěké,8215
vděčí,15777
expedice,10371
protoze,15778
produktové,15779
sbližování,15780
místě,9414
předepsaného,8085
rychlejšího,13111
kanceláře,11537
tiskárny,9761
zdrcující,15781
zapoměla,15782
hej,15783
kontakktu,15784
islandské,978
zaměstnávají,6023
hlídané,15785
zlatého,7850
závěsem,9736
mozků,2898
vyhlašují,3992
peklo,8174
sloučením,15786
potížích,7819
cestovních,15787
nedohlednu,15788
los,14927
kolonisty,15789
účelnost,15790
obsahem,5901
středa,15791
palubě,14920
nahradili,6370
oblibu,6764
věř,2311
pohraničí,15792
facebookové,15793
poznámkou,7933
křesla,8772
botník,15794
středověkým,2264
tekutiny,14399
nechápala,2128
teroru,13635
smyčce,15795
pálením,15796
ohromujících,9922
minout,9615
dodaných,15797
lístku,6594
křehké,3280
hodin,9053
zralou,2302
spojení,7169
ulic,13577
pristehovali,15798
trůně,15799
uživatelským,5463
pizzerie,15800
alergii,15801
pohání,6683
bakaláře,3948
umělé,4787
chladí,15802
kompakty,15803
zvláštními,7487
zajděte,3144
vypnutý,15804
omluva,8089
stůj,1941
uličkách,15774
sionismu,15805
pohřbena,12564
opravách,8604
nepředstavitelné,15806
implicitně,15807
publikaci,7459
konkurenta,1620
účtujeme,6597
ublížit,15808
náměstka,624
aule,15809
naskočí,15810
testujeme,4452
fungovat,5890
úrazu,15484
rozbory,2693
nadcházejícím,7640
měkkého,5843
zavést,3047
utajované,15811
lang,15812
koutě,3587
montovat,15813
designů,2637
jedněch,1281
osmnáctého,15814
halu,14355
vyznávají,15815
týmové,1566
odnětím,15816
inclusive,15817
přepracován,2646
spotřebitelům,1100
stellen,15818
pobytů,12310
nezávisle,15819
jednotlivým,1628
jmenovaní,1329
odrazy,15820
vodítko,15460
znít,9529
autíčka,15821
book,15822
liga,8324
papouška,5630
peso,15823
psacím,13972
zveřejněn,7009
zábrana,9689
dávkou,10661
poznejte,2036
počítaly,1549
železnou,2529
vytvoříte,671
uplatňování,15824
živočichů,3873
domku,11825
jakýchkoli,3720
startovací,15825
spojek,5286
shlednutí,15826
zázraky,2262
mračen,15827
bočního,10983
geometrie,15828
odchylkou,10677
tiskoviny,14445
sebedůvěry,7037
špehoval,15829
stodola,15830
testován,4452
lukrativní,15831
civilisty,4357
genetických,3886
kresbami,3251
dela,15832
toaleta,12124
přihlásí,2895
reaktorů,4726
převrátil,15833
květnem,10419
hladina,15834
lněné,15835
dvakrát,15836
obnoven,5136
nejzápadnější,6943
muka,15837
domén,15838
sériovým,1722
metodikou,15839
záměnou,15840
pojmenované,15841
žloutky,7428
pyšná,1647
cílové,5897
opravdovou,1929
dopustila,2345
rizoto,15842
morálky,13915
bergamotu,15843
sledovali,3575
římská,1798
opravy,8604
lícové,15844
piva,7895
zopakování,1667
rádiovým,4043
managementem,4376
důstojníků,324
matematiky,14337
tělocviku,15845
uspokojit,15438
kterym,15846
vlasům,8722
učedníky,2734
infračerveného,9379
neuměla,2703
uspořádali,3026
zlikviduje,9735
řezané,15847
hala,14355
diskutovaných,15848
letounů,2747
snadné,15849
dokončili,1877
dnech,6508
podpoře,15850
bezlepkovou,14498
časopisecky,15851
vedeného,6431
path,15852
úložných,15853
nadšence,862
kyčlí,15854
ústraní,15855
dohodnuto,6720
dobrých,2419
lekci,7357
pohledem,11841
sporu,13197
požadavcích,4715
unijních,15856
boží,13659
ubytovacího,13479
udělalo,1689
zazněla,4361
pýcha,11215
soulož,15857
potoky,2535
těle,5011
kruhovým,10751
integrovat,15858
wellnes,15859
těhle,1113
nedosahují,15860
někam,15861
přiliš,15862
cílovým,5897
začleněn,15863
texturou,15864
odstavci,8968
koupališti,15865
apartmánů,5282
bydlíme,4303
etikety,15866
migrény,15867
významně,15868
definované,4298
spekulací,7137
obřadní,15869
minulostí,9132
poskytující,15870
přitažlivost,8169
boha,876
zateplení,15871
bundu,13937
chytat,8172
katastrofy,11044
studovali,2034
obviněna,653
zaručujeme,12894
bible,15872
anonymních,15873
náročnějším,1749
vepřové,6386
bunkru,15874
barevným,2853
nábojů,3646
ohromné,6724
úroku,10784
protilodní,15875
prodlužuje,13289
sboru,2208
odpoutat,15876
paláci,9769
masivních,15877
pleťové,15878
záložním,15879
vyhodit,3716
šuká,15880
oční,9947
samostatnou,1713
hraješ,1393
sobotní,11152
batohu,8345
potravinách,13379
vrcholnou,1567
štoly,10722
dostatku,5393
zmíněnou,1264
jakost,14822
čase,6203
nadměrným,8738
aktuálně,15881
use,15882
ein,15883
systematické,6611
opálový,15884
ozbrojeného,5691
šátky,4915
připevněn,15885
objednávkou,14677
kontaminace,15886
fotce,7498
jezerem,9019
kašel,15887
bytovými,4417
chytrá,2106
úchyt,15888
poruchou,14094
leteckou,1375
tehdejšími,4197
vojnu,15889
parního,15890
vyřazen,8123
předchozího,7434
finálové,2909
lavička,13870
akademických,2442
přikládáme,12604
věšáky,8642
woman,15891
ojediněle,15892
měsíčně,15893
prameny,5299
továrnu,5828
nuuna,15894
geologie,15895
akustická,3621
ozdoben,9546
separatisty,3031
specifikované,15896
smluvního,8948
zvěří,15897
vysokoškolsky,15898
píšete,1451
elektronickým,8910
vypadáš,5881
efektu,2313
strukturou,9389
brazilské,755
námořníků,590
rozpočtová,4747
ženském,964
srovná,15899
nazvaný,15900
zabývajících,4575
dlouze,15901
laseru,15902
banner,15903
středisku,10738
příjezdem,7608
přestupku,15904
příznivý,11280
právní,9717
rodin,6567
uložiště,15905
kostelíku,14280
napříště,15906
lakovaný,15907
veletrhy,4785
antiky,15908
luxusně,15909
odehrávala,3732
formací,15910
závěsný,15911
gratulujeme,15912
nechaly,1822
malování,15913
křivku,15914
ostrovy,3684
intonace,15915
hlediska,9406
prosperitu,15916
přívodu,15917
zrušilo,7126
korýši,15918
památkám,7423
dusíme,13335
maminek,1388
kovů,9121
cukrovkou,10375
neurologie,15919
klíčí,15920
going,15921
reflektují,15922
vzdali,6297
báječně,15923
vanilkového,8108
kladnou,6315
koukali,5357
hypotékou,7557
kapličce,15924
jaksi,15925
státy,1941
bolet,10631
potoka,2535
sparen,15926
vřelé,3240
přesouvat,10557
ragby,15927
úplnost,15928
nesprávného,1704
účinku,7743
poloměr,15929
císařovnou,15930
postu,10070
zásahy,7002
nechávají,3314
receiver,15931
aktuální,10112
normálních,15932
uplatňují,3548
podstatně,15933
jubilejním,9450
jichž,2040
zástavby,15586
prodloužit,8787
nesplní,2917
učitelského,6177
infekcím,15934
tematicky,15935
jezdectva,15936
distribuován,15937
neočekávaně,15938
konaný,15939
rozměrem,7737
podélných,4366
čtvrtém,2260
neuvěřitelná,10388
vykouzlí,15940
vynechat,6406
víkendy,8291
vstávání,15941
čeština,9880
ledna,10577
bleskům,7675
lehčích,3198
fotkami,7498
nedávných,1960
odvést,1660
příkladu,2478
oku,10440
rtuť,15942
deutschen,15943
prádle,15944
kombinační,15945
přáním,15946
knize,4503
naplnila,1818
nevrací,15947
klubem,3328
ústavem,3400
sóla,11197
zajati,15218
netrápí,15948
mlhu,10433
přejezd,15949
golf,15024
vyhodnocování,15950
vyplývajících,14921
nedaleko,15951
sdělíme,464
odvolání,8634
neplní,7461
slunečního,8961
autohifi,15952
znějící,15953
rozcestníku,6047
saunou,15954
kapotou,15955
postih,15956
zadávat,15957
kategorizovat,15958
víceúčelového,7326
levé,8690
clona,11183
strana,3643
zabita,5857
úlomky,15959
objemů,15960
bytová,4417
stromy,8322
prohřešky,7847
stolky,8940
postgraduální,15961
lisy,8956
biologické,2862
station,15962
palivem,13899
charakteristiky,9477
ušít,15963
mraků,15964
císařem,411
prolomení,15965
měsíčních,15966
plateb,11604
věrnosti,15967
obklopeno,15968
pondělního,11734
lednička,15969
kalhotek,15970
obklady,6645
nechyběla,4220
minulé,3244
vrata,10646
dárku,6736
instant,15971
patriarchátu,15972
stopách,9360
poušti,5426
sanace,15973
příchodu,8870
častého,2615
posadit,4191
pokryje,15974
křečové,11281
hodina,9053
slabou,3504
odloženo,11054
ideálního,12776
nosičem,1641
předvedly,1401
představena,833
mathbf,15975
rekonvalescenci,15976
lákala,15977
morálkou,15978
sazenic,15979
radostné,8776
vzniklého,2472
šikovného,735
nijak,15980
lamelové,15981
libi,15982
živé,2564
pětileté,897
učebnách,15983
jednolodní,15984
švédské,768
stoupající,15985
křivek,15986
přechody,12559
játrech,15483
balkónem,7901
dosažen,15987
strojním,10196
uváděná,2946
černošské,15988
vydává,5449
mikrobiologie,15989
kanadském,398
kope,15990
dánskou,519
zemědělce,1191
doplň,528
vytáhnout,5730
tabletu,15991
kukuřici,12205
cvičební,15992
bitvy,10019
magmatu,15993
všeobecného,6110
ustavujícího,15994
mnohá,2928
dopraví,5114
obvodů,15995
lunární,13696
přepadem,15996
deskami,4768
robotu,15997
rublů,4804
toaletu,12124
obchodech,12708
network,15998
vypila,6475
dozrávání,15999
systému,4308
sprostě,16000
svobodě,5685
textilního,10872
dušené,16001
křížovky,16002
platformách,16003
otázku,5620
turistického,9618
batohů,8345
vynikajícími,2893
nasvědčují,8335
úrokové,6638
oprava,8604
všemi,7917
nainstalovat,6345
chlapy,860
plynout,11680
kartáčku,16004
school,16005
administrativa,16006
hledáte,4210
šílená,996
vakuum,16007
stěžovatele,1008
ponoru,16008
květin,14217
vzletu,16009
pohřebiště,16010
střídavým,14686
přímka,10505
složeného,6087
môže,16011
upřesněno,775
ozdobou,16012
léger,16013
zvládám,16014
vložte,2491
mnichů,853
dně,16015
tmavých,10085
nastupovat,5328
visel,16016
savany,16017
nevyrábí,7201
saténu,16018
frontou,12508
jihovýchodní,16019
nedávají,8586
kontaktům,11482
polovodičů,16020
nabízející,16021
nejrůznějšího,6244
stačili,5025
kyslíku,5058
připomínající,16022
parametru,6104
dálkovým,8582
heroin,15066
vnitřně,16023
dovolila,1887
klauzule,16024
dodací,13476
jídelníček,16025
zbytečnosti,9927
duševním,10079
statickou,3097
strojku,16026
zapnutí,16027
mandolína,16028
říz,16029
celonárodní,16030
nemocnému,1030
patologických,14439
přítomna,554
shledán,16031
vyložit,4241
pařížského,2110
kategorizace,16032
vcard,16033
domů,10055
pečicí,16034
úplatu,16035
single,16036
nerušený,16037
havloicich,16038
soukromou,3808
příjezdové,16039
lom,16040
anatomické,6942
šperkovnice,16041
best,16042
úklidové,14388
kamenného,13445
fantastickou,1314
rekordně,16043
off,16044
limity,7900
zpětnou,9951
vycházejí,4502
požehnání,9094
vzdlávání,16045
nakrmit,12801
měšťanských,15150
odborné,1690
bezchybné,2925
mod,16046
vyhozené,16047
kohouty,7990
násobek,16048
obývacím,3040
periferií,16049
dodávané,5782
sebeurčení,16050
křesťanskými,1489
antikorozní,16051
ohlášení,16052
příčce,9034
rohový,16053
tenčí,4227
ruskými,381
kalendářního,16054
dopadají,4342
levnější,8448
společenskovědní,16055
státnice,16056
předložené,5115
include,16057
platebními,13513
využívaný,16058
knížce,4719
vestavba,10771
komentáře,5783
bahno,16059
dláta,16060
všem,7917
zákoně,1198
statistickým,2651
hledět,13575
nadílku,16061
skokem,11238
jež,2040
univerzitu,9199
dlužníka,1079
hypotéka,7557
domem,10055
příjmové,16062
aminokyseliny,16063
sály,2533
zproštění,7091
sociálnímu,4826
diskriminační,16064
tématických,16065
znaménko,16066
jablka,10496
anonymity,16067
dovolují,4466
dávka,10661
neporadím,16068
mobilů,11448
pas,16069
přepravy,10826
sklokeramickou,15077
prchá,4107
přítomno,554
samci,16070
product,16071
rybí,11607
měsíce,10054
tratí,14997
vystavování,16072
podílem,7287
uvaříte,3315
elektrokol,16073
pracovního,12943
balením,16074
koloběžky,9375
pivnice,16075
dovedou,3642
hotelnictví,16076
vulkanického,16077
protiskluzovým,16078
záchody,4120
relevantních,16079
válet,16080
utkají,16081
nabízet,7128
každodenního,14319
obrátí,7141
rotačním,16082
intolerance,16083
bermudy,16084
pravé,3183
šesti,13258
anatomicky,16085
solution,16086
naučte,2462
léčitelství,16087
limit,7900
nehodám,9851
hokeji,3807
předplatné,10947
natož,16088
blahopřání,16089
prodyšná,4515
zasažení,7870
spodní,11990
směsice,16090
podepsaná,1041
narazilo,10959
produktovými,16091
nepomohlo,3041
počínající,7168
hezké,6502
anténní,16092
týdenního,16093
asteroid,16094
prachu,7188
hostina,9357
zhola,16095
cibulí,5847
faulu,13999
vyřídit,5461
větviček,16096
hodinku,9053
lampu,13424
ložnicí,14863
ticho,9624
riziky,7394
chovali,5436
samosprávě,10775
atak,16097
cíli,5428
pátrání,16098
dodávání,16099
respektována,16100
kysané,16101
problematickou,1937
získané,5893
dotykovým,16102
samí,326
gotickém,2875
kartami,11093
zničených,9459
porovnat,16103
odmítnutí,16104
evakuaci,16105
demonstranty,3996
nahlédnout,16106
smečky,16107
výřezu,5409
závodě,6818
došli,5839
kancelářích,11537
tvarované,3628
žes,16108
účelových,16109
úcta,4090
úbytek,12105
pavouka,9911
přenášen,16110
problematická,1937
námořnictvem,6394
produktům,7558
svalu,3953
arabských,3779
rodinnými,3453
přesčas,16111
libanonské,16112
vodní,6690
ovesných,16113
zobrazit,16114
dáváte,8586
křížový,13262
bednění,16115
oběma,8614
kožním,6407
splátkový,16116
dobrat,16117
lehká,3198
likviduje,16118
šetrný,16119
obývák,15504
poctivého,2251
částečném,3911
nádrže,16120
just,16121
zájmy,6293
kavárně,9391
vnímány,1967
památníky,4121
relevantní,16079
zprostředkování,16122
naboural,16123
újezdu,12951
strojních,10196
kauze,10344
seminární,16124
podnikajících,4899
vysílány,6004
nedokázala,1105
budem,16125
přivítat,4773
odvětvích,10591
odnětí,15816
košilky,16126
povolením,16127
automatizaci,16128
interwiki,16129
mícháme,3300
souborové,2483
syntetického,8814
vylučovací,16130
bavlnu,16131
přibližné,8111
přísunu,9765
odrazu,15010
zviditelnit,16132
parkové,16133
druhem,6552
milovníka,720
wikipedisty,2245
potřebovala,2922
radili,2844
polokoule,14141
obtížích,8838
laické,16134
podpořena,1387
dekretů,8714
tvořené,11726
křížením,16135
svěřeno,15607
ohniska,10907
napodobování,16136
molekulární,16137
lanové,16138
elektronických,8910
penziony,16139
zahradničení,16140
slunečníky,7906
odbornými,1690
nestandardních,16141
pasažérů,5377
těžilo,16142
semestru,7260
rozsáhlými,4059
zjistila,3606
intrik,16143
jednoleté,12274
zkoumání,16144
budila,5746
epidemiologie,16145
vyrážíme,16146
křižácké,16147
vzorů,11538
zřetelná,11919
judikatury,16148
mladočeské,16149
běžných,7726
dvacáté,4418
digestoř,16150
větví,11592
audity,16151
silách,6044
luxusním,5600
rodiště,6707
vous,10087
evidenčních,14729
přísné,1586
proudu,3057
stavům,13629
sezonní,16152
horského,2423
zvýrazní,11763
gotická,2875
večeře,8233
prvními,5133
silikonu,16153
platba,11604
oficiálně,16154
penisy,13649
working,16155
pizzy,16156
atomová,7944
těžších,5858
formulace,10399
sborů,2208
cukrů,8226
anorganické,6298
zrnka,16157
předkládání,16158
zlomeniny,14912
síly,6044
akcií,16159
vyvolené,16160
silní,1891
stanicích,10764
čtyři,9818
bylinných,4654
řetězců,2347
konzumaci,14248
keramických,7748
dostupnější,9816
brzdění,16161
nabíjení,13371
ústup,16162
soudům,1181
nezbylo,13208
řídícím,2592
obsáhlé,3987
ziskovost,12436
pruhovaný,16163
komerčními,8607
ledové,7346
pro,16164
alternativně,16165
trpasličí,16166
závazků,3423
čerstvost,16167
návrhové,16168
baram,16169
chtěj,1129
přinášející,16170
chlazením,16171
zemského,2464
parcel,6582
snadného,15849
hloubkou,5821
považují,4772
samičí,16172
pamatují,4005
kolují,16173
chemie,16174
nabídnuta,11170
ruštinu,7314
svobod,5685
potravinu,13379
muslimské,1398
skryto,16175
přezdívky,6604
pásové,3929
učebnice,7951
pojmům,8719
palivo,13899
spolehlivě,16176
desetinné,16177
kruhem,13967
přidaná,6256
kupón,16178
přirozených,3818
utkal,16081
hroznou,4097
vyvozovat,16179
archived,16180
místečko,16181
čelem,10081
šxvxh,16182
navštíví,5234
sádrokartonu,16183
ležet,7703
zakládací,16184
podporu,15850
všechnu,7917
otevřelo,6217
stromky,6496
kurzu,11422
revizí,16185
stresu,5567
přínosná,3633
jevy,4076
těstoviny,11528
tweet,16186
demonstraci,12347
čemž,10682
čokoláda,11205
univerzitním,7321
zlatem,16187
perfektně,16188
nejpohodlnější,11981
porážka,11156
lokomotiv,15533
sprše,10840
síťové,6149
sjednanou,14143
pramenem,5299
řešilo,3227
revolučního,11976
mrtvým,4894
kost,9246
dinosauři,5375
právními,9717
vodárenské,16189
kmenech,6551
ideálním,12776
vyvážet,7236
špičkách,16190
požádala,3190
morfologické,16191
dopravními,6485
párem,7728
antikvariát,16192
rezervovat,14638
kurzem,11422
změní,7185
rodové,11468
předpokládaným,4926
naši,1595
zóna,10213
portugalských,817
vyslance,1081
písmenko,16193
praktikovat,3396
panovníkovi,16194
odnesou,2695
slavnou,264
vyzvat,10131
jízdní,8405
křižovatka,6841
pružnost,16195
laviček,13870
bojovat,3876
hľadám,16196
uvedeném,2210
předpověď,10123
zemního,16197
opuštění,4850
plechu,5704
nesoucí,16198
bláboly,7478
botanika,12336
záškoláctví,16199
převezeny,9349
výpočet,8829
receptury,16200
zadkem,16201
ucelené,6854
prodloužení,15143
palubky,16202
angličtinou,9140
vědeckém,1055
vytrvalé,2246
půda,7274
zašli,3144
location,16203
uzivam,16204
října,8267
spuštěno,3940
říkadla,16205
odbočuje,16206
posledním,8238
obrátilo,7141
jedinečnou,1532
přehrávačem,2248
pokynům,11826
pracovn,16207
slušného,2330
očkovací,16208
třením,16209
nesluší,16210
mizerné,16211
koníčky,3129
uvolňující,7173
tøeba,16212
vědomostí,10743
putují,5561
přenechat,7867
zasněžených,16213
velitelství,16214
zasvěcené,3713
mimosezóna,16215
žáhy,16216
nádržky,16217
přináším,16218
ulicemi,13577
pojištěním,16219
posílen,16220
stropem,9064
come,16221
ryby,13904
protiskluzová,16222
schopna,637
nálepku,16223
kanálky,16224
diskutované,15848
price,16225
nabídkám,5795
únorem,9380
žádostech,16226
městečku,9963
zamilovat,2785
zvonička,16227
mazlíčka,16228
indukční,16229
různorodá,5870
nepřítelem,1602
libovolně,16230
bolela,10631
nepříjemnou,16231
reklamací,11198
fiskální,16232
přesnost,11132
šestnácti,11214
zabitých,5472
strojního,10196
celku,2715
encyklopedií,16233
usedlosti,16234
osvěží,16235
šílených,996
náskokem,16236
přejel,14583
teleskopu,7938
letní,5201
rozložený,16237
odpočinku,11122
plastové,2676
sedmnácti,10004
zaparkovat,16238
kněžím,147
nedali,4122
stádium,13776
chlupy,15730
nefungovalo,5890
dohánět,16239
nádobím,16240
odezní,16241
protáhne,16242
source,16243
španělském,674
komukoli,2087
aktualizací,16244
kojit,9817
podmětu,4928
škáluje,16245
mauzoleum,16246
slovního,14510
sukni,16247
nabíjecích,8702
palba,10337
fleku,16248
můra,16249
přeháňky,16250
zhotovené,8996
propagandu,16251
předání,10493
narodily,1158
sloučení,15786
účastnila,2450
oprávněného,2914
prvočíslo,16252
vyžadovat,3255
přečtou,3717
nezaplacení,16253
janice,16254
vířivce,16255
budov,9739
sledovanost,13591
ratolestí,15624
směn,11255
polojasno,16256
chodbě,15138
posíláme,12383
fakticky,16257
náběh,16258
úpravou,7113
šetření,16259
celky,2715
výbuchu,3854
uvěznit,16260
pilně,16261
předhradí,16262
libovolných,7172
nepříznivého,11280
spojíme,2892
vystavěno,2418
daleko,12834
uvedeni,2210
children,16263
horkém,2167
znečištění,8442
rodinnému,3453
půjdete,4153
hormonální,16264
zácpa,16265
konzultaci,16266
pupek,16267
promlčení,16268
podm,16269
nesnižuje,14924
procesorech,1336
osadníky,2487
zástavbou,15586
svatosti,16270
celkových,16271
odbočit,16272
plodové,16273
managementu,4376
dušená,16274
životy,2640
oblečené,3035
vyskytnout,5792
dietu,16275
stanovila,1485
příčkou,9034
odlehčovací,16276
putovali,16277
výher,7801
mincích,16278
fleecové,16279
vydáváme,5449
odpisů,7422
příchutí,16280
ženskost,7511
komunitu,10612
preventivně,16281
položí,5045
upadne,14884
tvrdou,5894
obtížnost,10514
pud,16282
odhlučnění,16283
službu,10515
stezku,15562
rodového,11468
dali,4122
hnacím,16284
wiki,16285
břemeno,16286
brandy,16287
dírku,16288
hebrejské,4949
zkrotit,11582
považovat,4772
draselného,16289
studni,14991
vstupu,6002
všimnete,1444
sporná,5775
řetízku,16290
online,16291
kávovarům,10172
parkovištěm,6684
budoucnu,12848
diplomacii,10806
věcnou,2485
motocyklová,1428
zástupy,7616
mikroskopu,10723
sedělo,4381
vypuklo,16292
strojnická,16293
kostech,9246
žně,16294
nejíst,16295
spole,16296
hutě,7619
senioři,16297
minerály,7573
připomínek,4430
dráze,5505
čtvrtky,16298
vyčerpávající,16299
vagíny,16300
provedeme,1819
odměnou,12560
neboj,2507
automatickému,2650
elektroniku,12038
přinesly,2811
měsícem,10054
pra,16301
baru,14083
krátkodobě,16302
produktů,7558
zastávka,8865
povinnostech,13893
jmenovitý,16303
louhovače,16304
zakročit,16305
demokratická,1758
koupíte,7776
biologie,16306
dřeva,11697
karaoke,16307
standardního,16308
junioři,4316
implementovat,5224
úředníků,482
otopných,16309
prov,16310
budují,2871
úctyhodných,16311
věnován,11707
zavražděných,3578
rámce,9282
výluky,16312
lhát,6167
seance,16313
plochého,14362
teplákové,16314
žerou,16315
potravin,13379
najdu,3790
poznámkách,7933
arcidiecéze,16316
návratnosti,16317
soustružení,16318
bylina,16319
filosofií,9704
balónu,10596
útrob,16320
vystřídalo,2620
hrozná,4097
volný,12859
jubilea,7692
universální,16321
soustava,12539
incest,16322
soustřeďují,6966
varná,11509
lihu,16323
autíčko,16324
inženýrství,16325
town,16326
branami,16327
umístěnou,7093
britském,297
hornaté,16328
mať,16329
hrom,16330
písma,10347
částicemi,12864
jedí,4003
programy,2784
datům,10521
výšek,16331
úplných,8413
instrumenty,16332
poločasem,8530
turistické,9618
posloužila,4895
zrušeno,4917
popírání,16333
dorostenci,16334
pojišťovna,15179
polsky,16335
kolektivu,1881
užití,10680
výzva,10851
vyhlídková,13505
egyptského,1471
výtečně,16336
původnímu,5222
prokázala,2162
výpůjční,16337
styčné,16338
olympiáda,5875
navrátit,5607
surové,10129
prime,16339
vkládají,2449
hlínou,16340
jednotka,15231
slony,4006
genetiky,16341
motocyklu,9937
prasečí,16342
vrátit,3974
milosti,10658
individuálním,10147
nitky,16343
procházejí,5097
solidarity,12627
cara,4238
řada,7366
útulku,8232
puškou,11166
užijí,16344
desátá,2847
ocasem,10190
psychická,6274
pohanka,16345
mech,16346
sumce,13564
uniklo,10282
usnula,3413
homosexuály,485
zápisech,16347
zácpy,16265
stáhnutí,16348
slaďování,16349
vitaminu,16350
obvodního,16351
léčivech,15387
republice,8381
područkami,16352
vzhledy,11500
dolary,2579
vytěžit,16353
květem,8804
zvážení,16354
plachty,14779
volejbalu,10540
vlivu,4450
koncentrace,14867
bod,16355
snadná,15849
slaných,16356
sdílený,16357
pani,16358
pojistných,9895
doporučujeme,6680
bysme,2244
pohybují,5556
trestním,11048
tašek,16359
porazilo,7214
panovala,11300
poutním,16360
náleželo,13588
tyhle,1113
zabalené,5502
studena,16361
cívka,13451
krvácet,16362
duelů,16363
poradili,1868
založte,2819
krátkosti,16364
zemědělské,2749
uctění,16365
úmrtnosti,16366
prodlužte,8787
penzionů,16367
služebního,16368
článkům,2769
agresivitu,16369
sestupnědle,16370
sériových,1722
markraběte,1736
čtvercového,3903
chorobami,6081
projednala,3046
spojitost,16371
čtu,4109
neleží,7703
chodbách,15138
zůstane,7272
tuhého,6099
sestavení,9345
příkaz,16372
letu,12723
cvičných,16373
lokalizaci,16374
hrubou,12692
úroky,10784
přibývají,9822
bankrotu,16375
náboru,13291
protiskluzovou,16376
reprodukcí,16377
facebook,16378
tvrdým,5894
gradolabz,16379
svíčkovou,16380
rohovou,16053
hnůj,16381
odškodné,16382
prodejné,16383
dělnické,6799
rozměry,7737
svádí,16384
tíhou,6457
sklepě,7053
proveďte,1819
nepřesné,2378
opravdového,1929
fosilní,11084
nebezpečnou,3185
zkáze,10059
považováni,3588
zásobníku,9931
židlička,10408
právy,5766
polních,16385
jednoletá,12274
reformace,3824
týdnů,6583
stylově,16386
sváteční,16387
objevily,1854
výjde,16388
výčtem,14173
výškových,9589
zacatku,16389
sportu,7013
klukům,942
diskrétnost,16390
betonové,2611
kapuce,16391
neschopnost,9486
věkové,8422
krátkodobého,6470
kořist,16392
adaptivní,16393
města,5562
přiřadí,13822
zjištění,2891
teba,16394
odeslat,1692
ventilace,16395
zdrobnělina,16396
pupeční,16397
naženou,16398
tajnými,3539
přímým,9120
pahýlu,16399
hlubšího,6544
certifikační,16400
pevností,16401
posuzují,6787
solárním,7306
bor,16402
číselnou,16403
posedlá,2215
svítidlo,16404
zámeckým,2273
ušetřit,12526
loděnici,7463
loňská,3933
zdravotnímu,5813
sledujete,3575
webech,16405
autosedaček,13584
hrubší,12692
zásobování,16406
soboty,11692
části,5740
možném,5577
objednávce,14677
vyřešíme,2353
inkluze,16407
pozpátku,16408
nepoznali,2036
dřevního,16409
poznámkový,7933
blahopřejeme,16410
matematiku,14337
zpřístupnění,16411
oddálit,16412
vaz,16413
zdokonalit,16414
předmětech,6026
přeshraničních,16415
zvolte,1334
sojové,1845
směřovat,12547
vůní,13345
charakterizující,16416
vzdání,16417
dělíme,11235
pomůcek,10691
odstartovalo,3023
slečně,6980
švédském,768
detailní,9467
domovské,10426
horku,12529
zvonů,9657
lékařské,3217
hlavičku,9897
létat,10864
pozůstatkem,8736
přestěhovali,5855
mnohém,2928
šestkrát,16418
týhle,16419
inzertní,16420
nástupnickou,13398
prchají,4107
náleží,13588
nezaměstnaností,15001
vytrvalou,2246
vydržela,6340
žádné,3693
kolínské,16421
destinacích,16422
bariéru,11845
lopatek,16423
flek,16248
unií,12968
objemových,16424
orgie,16425
březnovém,16426
účtem,9374
systémového,1921
vyžadovala,3255
opravě,8604
pivní,14315
integrovaným,5325
škodlivin,12828
vznikajícím,5522
vojně,15889
americkými,261
nazýval,16427
bratrstvo,16428
pořadovým,16429
podivné,3593
chovných,16430
rukách,8138
oborových,16431
týdnech,6583
toleruje,11049
schovat,10026
jazyky,2981
bylinkami,16319
virů,7038
psa,2074
sídlo,10511
dělejte,1466
nepromokavá,16432
stánek,13796
úkon,15665
trávou,16433
šťastných,1017
privátního,9087
prosazují,2428
odsunu,9571
pátém,1910
katolickém,1331
podílového,6346
dimenze,16434
povětrnostními,15463
penisem,13649
device,16435
odjet,3397
ochlazování,16436
astronautů,312
plodnost,14073
čaje,4740
rouno,16437
oblíbených,1503
jízdními,8405
pražskou,992
kasárnách,13501
vysvětlena,16438
univerzálního,16439
podáváme,12046
otěhotněním,16440
lokálních,16441
ohrožená,6521
testovali,4452
nároky,14681
schodek,16442
prostá,2860
opomíjet,16443
začlenění,16444
aplikujte,5314
průběžně,16445
odpady,2490
továrním,10655
bílý,15598
profilů,16446
zlou,1221
zaměstnanců,429
excurrendo,16447
sestával,13883
přijímaných,3213
voláním,16448
pyré,16449
citlivá,1205
nárazy,8208
příležitostí,10539
úvěrového,3265
přiřazení,13822
barák,16450
berlínském,11195
vyhlásily,2772
nákup,12486
bezvadné,13879
zemědělstvím,9901
toužím,5109
průmyslového,2480
požadavkům,4715
diskuse,11292
úmyslné,16451
zajal,15218
státoprávní,16452
nosičů,1641
zabezpečený,16453
nádržka,16454
střešními,4750
vzniknou,3710
rekuperací,16455
vody,7500
výnosu,9317
devatenáctém,13627
jmenovali,2559
triček,13780
množstevní,16456
studny,14991
vzrostlé,14489
komisařů,593
letadlem,8795
koridoru,5159
not,12031
karoserie,16457
chovatelů,824
výdajů,12243
mor,16458
nedokážou,1105
rozběhl,16459
uživateli,672
diskutovalo,3122
vhodných,5816
moučka,16460
břichem,16461
dekorativním,13383
nenastane,6408
štěně,16462
dorazilo,3938
zvolíte,1334
opěrky,16463
vyrostly,6157
nepodaří,5962
jasnými,7208
kávy,7698
vlajku,16464
prevencí,16465
trn,16466
vodotěsné,7916
pláštěnky,16467
magnetickým,6954
bojích,11375
vydání,6020
horníků,1095
připravených,2093
dovolenou,9340
akademická,2442
staršími,1982
garda,16468
nebolelo,16469
jídelen,16470
délkách,12987
pásem,13378
sázet,7308
skoncovat,16471
zajišťování,16472
nejmenších,2879
hřejivé,6936
mouka,6732
android,16473
zasloužila,1653
nazývaný,16474
pojmenovanou,16475
rybníkem,7717
výdaj,12243
padnoucí,16476
dusíkem,9787
zástupců,1203
triviální,16477
plesové,16478
udržitelnost,16479
zábavu,10630
zadávacího,16480
množné,16481
pravdě,2576
mosty,6433
autobusem,4940
nejjednodušší,5809
inkasa,16482
venkovské,2655
dlažba,9772
pracně,16483
vyvrcholila,6998
krásná,6744
dílně,5074
tenisty,341
hlasování,5385
kusy,5957
středové,1831
myší,16484
lahvičku,16485
uživatelských,5463
namáhavé,16486
lázeňským,5132
kontrastu,4662
všemožných,15113
hráčky,6072
svátost,16487
krvavou,3219
valivý,16488
smazal,16489
šifrovací,16490
nudné,5938
objevovat,5553
brigádě,13881
podélníky,4366
celá,3194
třinácti,7955
psáno,11180
dokonalého,3796
pochutiny,16491
vzdorovat,16492
splynutí,16493
chudobou,11080
mírou,6640
kapsy,11623
pasivních,16494
účelnosti,15790
ukládají,4790
zůstalo,7272
dovozu,14772
rámci,9282
vyváženým,7598
sektu,14586
sedačku,12822
upload,16495
šířit,10757
dlouhodobého,3901
znamení,13672
městském,4031
horizontální,7768
sapiens,16496
kteř,16497
arena,16498
trvalejší,11413
dojet,6405
referenčního,14010
nerozumí,11551
povzbudí,14657
evakuace,16105
spatřili,3631
automatizace,16128
pujde,16499
uherským,2779
časté,2615
chybět,4220
nejefektivněji,16500
rezervy,10022
zdobit,9546
zákazníků,819
vodopádu,5423
odstoupení,16501
protokol,16502
chutě,10184
nukleární,16503
neochota,16504
přírodními,7335
stylus,16505
půdní,6882
primárně,16506
fungující,14539
inovovaných,16507
státem,1941
rozšířený,16508
konzultačních,16509
emigrovala,3984
patients,16510
uznána,16511
druhými,2037
hodilo,5866
nadřazené,16512
navrácení,16513
porušování,16514
sdělění,16515
zajištěn,4865
udržovaný,16516
mnohými,2928
jdeš,4153
rukojeť,16517
reading,16518
půjdu,4153
materiálům,1526
barokně,16519
přirození,3818
vícedílné,16520
geometrií,15828
porozumění,6655
sin,16521
hovorů,11466
omezení,7845
závazná,13811
polyamid,16522
účelu,6758
násilně,16523
houfnice,16524
uvidime,16525
jejích,9143
proslulou,509
odkladu,5802
uvažuju,1483
počítačů,6694
obdrželi,4660
vystavěli,2418
vyučován,2499
horizontálním,7768
klášterního,13538
podzemí,16526
generování,16527
buddhistické,1612
vodíku,5877
archy,16528
vestavěných,5602
předvánočním,16529
pády,6814
prokázáno,16530
výkonnostních,16531
nabyté,16532
nauky,16533
pečoval,14769
perfektní,12400
zajištěno,4865
kolísání,16534
kompresi,16535
adresářů,15057
ohřívá,16536
sňatky,3566
zprávami,5682
soustředěn,16537
kotě,16538
prosklené,16539
doporučeno,14381
starostů,318
odsouzeného,1232
střednědobé,11131
dostupnostks,9454
trvání,16540
dětskému,1355
dělo,7515
přestane,8065
klame,16541
třídním,12079
povinně,16542
oslavy,4976
sprchování,16543
topí,16544
bičem,16545
brouci,4022
hrany,4692
aktualizace,16546
suverenitu,9586
obézní,16547
potrubím,11568
tìchto,16548
hladem,6639
zapálil,16549
závan,16550
soběstačnosti,16551
digitálním,5432
vyhodili,3716
jakýmkoliv,5287
kabelky,7072
povstalecké,16552
předmětů,6026
přihlášením,2895
sobota,11692
šedi,16553
viditelný,6622
hmotné,8153
semifinálové,16554
útočiště,16555
závislosti,10901
tmy,6906
nejednoho,16556
okruzích,16557
lenka,16558
prvotřídním,7494
rektora,696
aktivuje,12662
protilátek,16559
všemu,7917
zkusim,16560
průhlednost,16561
spojilo,2892
střevech,13520
označí,3544
tepla,16562
nemuze,16563
konvice,14915
tělové,3744
trofeje,16564
kapuci,16565
chrupavek,16566
křížem,3307
úlovek,16567
milují,2785
tahačů,8874
rukopisy,1716
psychoterapii,10923
dělala,1466
zapojili,3231
lákavá,16568
štafety,12813
nevede,4586
sazbou,8609
vizte,1551
alergických,3099
komplexním,9268
output,16569
presidenta,54
lůžkové,8791
nádherných,8800
ostatní,10650
trhliny,16570
nevejde,16571
opatření,10727
prohlídek,14994
navazující,13515
rýmu,16572
počáteční,10148
orientaci,9204
nábytkové,16573
monde,16574
vrtů,13071
brynza,16575
nezmění,7185
šlehačka,16576
slunečními,8961
správním,2954
slabším,3504
popelem,4724
pánům,789
univerzálnost,16577
rozmanitá,4992
erupce,15075
personálním,5627
úrodnou,12832
zvlášt,16578
nejblíž,16579
grandslamu,16580
připevnit,15885
zpravodaje,3274
vybaveností,16581
záchrany,3330
národním,7888
ideologii,9512
kladli,2209
povinnostem,13893
katolictví,16582
stanete,1941
postroje,14314
řízeného,15561
armatury,16583
rozhodovací,14487
sázkových,16584
podceňovat,16585
bandu,12421
zahrnoval,16586
přepisováno,16587
zlákat,16588
zesílit,14378
vyjadřují,3088
knihami,4503
románského,5697
harmonika,8655
recenzepřihlásit,16589
židovském,1195
zastávek,8865
sazenice,15979
přijímání,16590
rukavic,16591
laťka,3158
dalekohledy,3516
stabilních,16592
neznáma,16593
jahoda,7334
vzdělávají,16594
treatment,16595
respektu,6317
porušovat,4863
vyvinula,4661
alma,16596
otevřít,6217
přístupu,7003
úraz,15484
evoluce,16597
vlastníkovi,16598
protichůdné,16599
zeptala,2762
děťátka,9240
laika,16600
eliminace,16601
můžem,1998
vlajek,16464
detail,4152
dorazit,3938
trička,13780
sousedy,861
učinilo,3861
dýchacích,8533
vyznačují,6668
stavím,3908
mouchy,13959
účinosti,16602
popisupouze,16603
kanónem,7521
neměnné,16604
nefiguruje,16605
slovíčko,16606
nestabilní,16592
hnout,16607
terminálu,8941
cukrovinek,16608
zachvátil,16609
agresi,16610
obrovsky,16611
zušlechtění,2376
zahnutý,16612
celosvětovým,7973
psanou,11180
posilovač,16613
dávejte,8586
pokusy,5242
sklípku,16614
farmacie,16615
jemné,3799
poškrábání,16616
kritickém,1923
zápisem,16347
vědě,8782
zaplacené,14231
tmavém,10085
optimalizaci,16617
magických,3505
eleganci,16618
apoštolské,1437
položili,5045
obsahovalo,9215
povolování,16619
přenosnou,7089
úspěšnosti,16620
rozpadá,16621
bývalém,279
výcvik,9567
kostí,9246
neefektivní,15422
přípojka,16622
hybnost,13779
danému,3390
přestat,8065
příslušných,1956
podpisů,4728
lyžovat,16623
preferencích,16624
probrali,8353
žádost,16226
kabelů,4184
quattro,16625
nepřímým,8596
úkonů,15665
latinského,3879
trestat,11790
těstovinami,11528
kaňonu,16626
teto,3809
posvátná,10326
nerezovou,5763
lidské,1365
sladidla,16627
stejné,5320
písmene,9386
trsy,16628
oblečená,3035
zaměstnanosti,16629
souseda,861
kontinentech,7299
otcova,7821
montované,16630
adopce,16631
fotoalbum,16632
skleněnými,4096
setkávali,9154
podnikla,3072
přepraví,16633
zvýhodnili,16634
zaměstnaných,2987
before,16635
užíváme,6571
záruky,9368
upevní,8176
hnízdiště,16636
zápisů,16347
psychosociální,16637
hospodáře,879
šikovnou,735
soustruhy,16638
kapitolu,11800
jihočeská,6247
hvězdnou,517
velkokapacitní,16639
vytvořily,671
přeneseném,6481
vysadila,15424
pocítíte,3958
osada,9239
nástrojové,16640
strávených,8331
nezájmu,11892
zprostředkovávají,16641
tepelným,16642
vzdělaných,1173
místu,9414
karavan,16643
široko,16644
rozptýlení,16645
ptáků,2190
souvisejícího,12030
umístíte,4175
deseti,11240
anální,16646
síťovým,6149
plicních,16647
delší,9451
neznají,4312
víně,9514
lyžích,16648
srozumitelnou,4137
trénincích,16649
slovní,14510
čidlo,16650
příjemnému,2700
půjdehledání,16651
kouzelným,2995
platu,10500
růst,14316
února,9380
ţáky,16652
pokročilého,7284
hlubin,16653
svalstva,16654
fakult,4830
účtovat,6597
pěstounské,16655
udělovaná,16656
zpívání,16657
protiútoku,2604
každému,1663
obzor,16658
hmotnostních,16659
terč,16660
limitován,16661
plynová,6891
aromatických,16662
vyvolaných,3580
dočtete,3679
zaměstnané,2987
lahev,12552
vysněné,16663
tempomat,16664
poprsí,16665
dřezu,16666
podsvícený,16667
máj,16668
tričko,13780
důvodné,16669
těžkém,5858
řešen,7835
lithia,16670
teplotní,16671
polykarbonátu,16672
chloupků,9355
loňské,3933
vyžadující,16673
datovým,3527
mixéru,4067
starším,1982
kristi,16674
nejpočetnější,13746
vedeme,4586
maskovací,16675
srovnávat,3157
příď,11087
čárového,2993
komín,16676
arcivévody,8199
otřesům,7623
budoucnost,8367
přizpůsobíte,5101
vaně,10393
přihlášce,16677
přednáška,8567
uchová,14021
plášťů,9440
selže,16678
pracovny,16679
jógy,16680
ekonomikou,9364
proměnlivé,5588
růstové,6700
rovnocenné,16681
pevnostní,16401
mizerně,16682
útlumu,14532
antispamového,16683
string,16684
pohodlnější,11981
klíční,16685
trekové,16686
plynule,16687
aby,15085
víru,8474
teriér,16688
nadějně,16689
bavlny,16131
suchými,7907
náhradním,9272
načítám,16690
platem,10500
kompostování,16691
zakazuje,16692
nedalekého,16693
uložili,3344
účtů,9374
deníkem,2849
karton,16694
kvalifikace,8694
ploutev,16695
individuálními,10147
virových,16696
znalecké,1899
požádalo,3190
učence,617
pivu,7895
založen,10853
spotřebiče,6339
kateder,3094
barokním,4106
nabírat,16697
interakci,12645
domluvu,16698
korupci,16699
obstarání,3118
skrytým,5963
ropa,8191
vyhnout,9280
úplet,16700
zač,5135
ekonomickém,1476
profilové,16701
politickému,903
nadřazenost,16702
přišla,2674
držitelů,478
vůni,13345
resortu,6636
odbočkou,6175
započalo,16703
prověříme,15351
zahnat,16704
dědovi,16705
dospělo,1847
utvářejí,11163
kontrolovat,5818
jezdit,6022
padesátém,6884
toužíte,5109
nátěrem,13974
eura,13411
rolní,16706
osvobozenecké,16707
uličce,15774
zabývala,2386
vlečka,16708
udělované,16709
utvářet,11694
paničky,10233
rendys,16710
vak,16711
jezírko,15692
matematickou,1889
akciemi,16159
maďarském,748
zavřenými,14668
sekretariátu,8726
interpelace,16712
pohár,9652
ledovou,7346
věrného,3435
dle,16713
semeny,14005
náběhu,16258
nepraktické,16714
jednorázového,3131
boční,10983
vrchů,12656
leporelo,16715
database,16716
babka,16717
zavře,5666
minuta,5478
vetší,16718
formy,13444
dluhopisech,13462
atletické,1627
vypovídací,16719
rozumně,16720
adapter,16721
útočil,16722
čestná,1416
antické,3149
židům,2435
králové,222
připadl,14414
zátěžových,16723
elektrotechnika,16724
zvoleno,1334
sestava,6106
evropskou,1983
populárníblížící,16725
vyvolají,2404
sekta,14586
prudká,4409
zápis,16347
závady,14119
pokrmů,2494
zůstavitele,16726
zatížen,16727
rozdílné,8645
insolvenci,16728
vzdálenostech,16729
doplňkového,9223
inkasovali,6756
plánovány,1633
vízum,16730
navěky,16731
sítnici,15776
jedinou,1870
potenciálním,8927
dekorativní,13383
mechanice,1553
potvrzení,12686
vyplněno,2701
aféra,12647
autonomii,16732
uváděných,2946
výkonech,4789
databázová,2977
netýká,7537
vhodnejšie,16733
nápadné,2786
geomorfologické,3964
přírodním,7335
potrava,10340
baterku,7563
telefonáty,6840
textury,16734
nepřímá,8596
stavěla,3908
komplikují,7019
povýšeno,6566
dodržují,6958
započato,16735
zkontrolovat,16736
osuška,16737
atletika,11969
klíšťatům,15427
hitparádě,16738
předávací,16739
šroubování,16740
tenisové,3852
charakterizují,2096
vyhlásili,2772
prostředkem,7493
studené,2503
anglickými,1007
profilech,16741
majiteli,441
sněhová,5255
pobytylevné,16742
republic,16743
klepe,16744
utká,16081
nádherném,8800
nadpisem,3776
nabývá,16745
casino,16746
poloosy,16747
týdenních,16093
intervencí,14896
užité,16748
monster,16749
soustruh,16638
houba,16750
mocnost,10756
vyvinulo,4661
řízků,2713
podkladě,5706
jasněji,15103
vyšetřují,11523
okvětní,16751
vlnou,9859
zásobovací,16752
podobném,6449
rozlišování,16753
affiliate,16754
zavírají,11514
vážící,16755
žalud,16756
nastavili,2838
nalezení,16757
dostupnost,9454
objednávky,14677
indikuje,16758
devátá,5790
poin,16759
navštívených,16760
knoflíkem,13599
vyváženost,16761
radniční,16762
nakrátko,16763
rozvíjet,5092
dodaného,15797
německému,693
latinským,3879
von,2360
podřebuje,16764
zneškodnit,16765
jarmarku,15058
směšně,16766
odpověďmi,12800
ústních,16767
ostatního,10650
veletrhů,4785
podepsání,7293
kapalin,16768
islámského,4533
antigeny,6332
pistolí,16769
výběhu,16770
výpůjčky,16771
mlčenlivosti,16772
oštěp,16773
deprese,6919
benzínové,3636
ložnicemi,14863
styk,7292
lékařským,3217
zamilovala,3008
vzděl,16774
smečka,16107
motocyklů,9937
důvěryhodné,4735
výdajové,16775
nazí,3098
symbolem,7855
výrazněji,7580
zřídit,4228
zjištěné,16776
severské,4764
narušit,15271
stránce,6229
svahy,9324
vázací,16777
vyplatit,2580
konsensus,16778
osazení,16779
testík,16780
pastu,15368
zálivku,16781
našli,3790
podělíte,1793
kulomety,7164
souvislost,8272
pořadač,16782
plicích,15459
přenosných,7089
nadpisu,3776
trávení,16783
přebytkem,8584
plynulá,13170
přesouvají,16784
nejedno,16785
diskontní,16786
hlídače,6426
slavili,2466
padákem,4645
rutinní,16787
čistý,15579
staticky,16788
tymiánu,3141
mixu,7040
omezující,16789
jednoznačné,5873
elektromotoru,3747
uliček,15774
vubec,16790
koupaliště,16791
hlína,16340
babe,16792
nalepovací,16793
mazlíčků,16794
dárkové,16795
slezského,6896
umožní,4033
neomezuje,16796
tekutinu,14399
dokončených,9257
nezměnilo,7185
vrcholem,5312
zaručí,7050
tipy,14418
pivovary,3464
kláštery,5077
palácem,9769
potřebách,5482
vitální,16797
vloček,16798
vyjíždí,16799
bytě,12675
lesem,16800
pokročilejší,7284
traktorů,4289
dílenské,16801
docházet,9287
úředníky,482
slovensky,16802
komplexu,7362
otroci,5342
falešných,3022
potisky,16803
vypustit,4462
mládeže,11060
ostřikovače,16804
nauka,14630
úspěšně,16805
zvýšením,16806
jezuity,16807
posádkou,11689
moku,16808
celulóza,16809
brzdami,11670
lodi,13422
dechovou,6735
ústrojím,16810
poledne,8878
úsečky,16811
individuálně,16812
zaplaceno,14231
ordinací,16813
osídlovali,16814
osou,9412
šňůrky,16815
sestavených,13516
aplikačních,11116
specifického,2185
terapeutická,4945
blahodárné,16816
propustí,10530
památka,7423
celém,3194
upgrade,16817
pěkných,9665
průřezu,9398
trápení,16818
ročníky,3967
hubnout,13552
balíčkem,16819
příčných,5985
turistům,899
zmírní,8193
napomoci,16820
žláza,16821
létajícím,16822
výslechy,8477
dokončila,1877
poznámka,7933
obcas,16823
vídeňská,2672
charakteristikami,9477
plastická,920
přístupnou,5907
organizmů,8248
nizozemskou,597
novinové,9085
poslední,8238
malované,16824
rozměrné,16825
priori,16826
etnicky,16827
jemnosti,16828
závodního,13249
demokratického,1758
recepce,12299
kolektivním,10700
miláčkem,2173
odlišit,16829
okupovaném,7704
definováno,1920
vypsat,4832
atmosférického,2336
ušima,14299
specialistů,417
chřestu,10982
šroubů,6946
neoficiální,3297
provizi,16830
nabíječka,12149
španělskou,674
kmenová,759
exkurzí,16831
ponižující,16832
onu,1989
biomasu,16833
vedra,10088
přerušení,7171
zareagovala,2062
oblohy,14862
nosností,6607
blesky,7675
přesvědčování,16834
nezvolena,16835
růženec,16836
filtrací,16837
hokejka,16838
výhody,9626
information,16839
mešity,16840
celkový,16271
vzhledu,11500
japonském,642
oblíbeném,1503
regulovatelný,16841
nepřijdou,2674
nefunguje,5890
trolejbusy,16842
satelitem,6271
tenis,16843
živější,2564
záře,16844
ložnice,14863
bedra,8700
přípravném,1751
umisťovat,4175
rybníka,7717
ztrácí,11552
hadr,16845
zabránili,6416
liberalizace,16846
trénink,8887
problematice,7765
lebka,15639
ceníku,4864
bodě,16355
prověřovat,14928
interakce,12645
spekulativní,16847
setrvat,10807
obdržení,16848
pojistka,16849
pokládku,16850
svet,16851
zpracovány,2306
naprogramovat,16852
vzácnost,16853
zničením,16854
azylové,10165
skvrnitá,16855
obchodnímu,10053
geometrického,3777
oceli,16856
důvodové,16857
latentní,16858
překročen,16859
nevratná,16860
potřebám,5482
zeminu,9054
raketových,5168
zapomněli,3037
životnímu,3770
nadále,16861
reprezentují,5803
pupenů,13562
povrchů,10889
lisování,16862
závidí,12773
verzi,12431
kritickou,1923
činná,1975
plavidla,9688
buněk,16863
zinek,16864
turistů,899
statusu,13359
hadřík,16865
opakované,4473
zaručeně,16866
zabiti,5472
zuří,16867
kopírují,5534
škole,4433
oblé,16868
probíhajícího,16869
bys,2244
kluby,3328
nádržích,16120
genom,16870
libovolného,7172
odcházejí,2123
osamostatnila,16871
sfér,16872
mail,16873
nejlevnější,8448
zadeček,16201
hybridnímu,13125
programovatelný,16874
uzavírka,16875
otočení,16876
typickou,2089
mathrm,16877
plodiny,7258
shodovat,5868
chodíte,5309
zastoupené,6136
specialit,16878
demontu,16879
reprezentovali,5803
fungování,10763
kancelářského,3947
jazykově,16880
při,16881
vařené,16882
svody,16883
sortiment,16884
nízko,16885
nižšího,16886
rozšiřováním,16887
osazené,16888
výživné,5849
byliny,16319
mnohem,16889
křižovatky,6841
farníky,16890
přijely,1229
použila,1688
negativním,7799
zkušebním,5340
končí,5925
rybího,11607
vily,12933
hliníkovou,3519
nadměrná,8738
vyobrazení,15670
zvolena,1164
dvanácti,8542
vzpouru,13013
flexibilita,14640
pojedu,6284
holou,16891
příchozím,7491
zbytkem,6168
namístě,16892
tiskárně,9761
príspevkov,16893
obrazovka,4336
plénu,16894
cvičný,16373
ohrožených,6521
podzimu,4620
předcházejícího,12632
atraktivity,16895
instagramu,16896
geograficky,16897
seznámit,3073
srazil,15671
výhodám,9626
baterka,7563
nějak,16898
slově,3479
záliba,9022
kanovníků,16899
chloupky,9355
obratnost,16900
karate,16901
západním,6943
sestře,2985
anestezii,16902
jedem,9653
nájmů,16903
nazýván,16474
konkrétními,4419
převrácení,15833
sejmutí,16904
sinic,16905
hájit,6181
kynout,16906
city,1441
radarem,6853
tajné,3539
zpeněžení,16907
klientských,16908
čerstvé,904
uvozovky,16909
útočníkovi,309
zraněné,2802
středověkém,2264
pervitinu,16910
splátku,15311
nevolnost,16911
navštívilo,5234
kašlu,16912
osmého,4009
cyklistické,3294
kadeřnické,16913
započata,16914
určitou,4082
šípem,15217
obřady,2848
implicitní,16915
zavolala,2004
žili,4204
přilákat,8349
pramenící,16916
čáru,16917
svazů,1516
jednotky,15231
osmiletého,683
otok,16918
únavě,8453
organizér,16919
berete,5405
splátek,15311
pátá,1910
rubriky,16920
moučkového,5354
cívkou,13451
oprostit,16921
iniciovala,16922
sortimentem,16884
všetky,16923
varné,11509
diskriminaci,13342
great,16924
následovníky,986
koupelí,16925
hrozí,4824
italština,16926
okrajově,16927
batole,14108
kříži,3307
čerpadlo,14261
nejvýhodnější,15160
zdánlivě,16928
kvalifikované,1643
liberalismu,9417
mušle,16929
kloubech,14468
obdrželo,4660
osvětlení,13139
nutných,3283
vynálezem,2951
kuchyňku,16930
nepoužije,1688
navijáku,3249
organická,3531
účelů,6758
ivzez,16931
kovovými,16932
výtažky,16933
dýni,15717
mučení,16934
občany,779
etiky,13436
vitalitu,16935
dobovou,1459
odešle,1692
náhodnou,4986
nedosáhne,7977
kojící,16936
holandských,1083
bojům,11375
vytvořená,6239
vítání,16937
chirurgie,13843
japonskou,642
panelové,9864
doktorce,3610
družic,11915
kolikátého,16938
batohem,8345
návštěvy,8850
normál,16939
průmyslová,2480
kanadskou,398
přesnou,2378
jmenného,16940
minulým,3244
stabilitu,16941
relaxací,16942
činnosti,8467
kokpitu,16943
noha,12275
provincii,13250
pohlavně,16944
substance,16945
kulovitá,10942
souběžné,16946
červnem,11527
postoupilo,5122
podrobného,3866
visící,16947
podprsenku,16948
elektrifikace,16949
memory,16950
značné,12220
data,10521
musi,16951
beletrii,3857
uzeným,2317
učitelské,6177
boku,15649
plc,16952
dědictvím,14967
zimního,13406
opírat,6255
stavů,13629
zasvěcených,3713
prsní,16953
obdobu,10939
theory,16954
příčnými,5985
židovství,16955
ručního,7825
lodní,16956
termální,8470
centrum,15196
úhlopříčka,16957
milionové,16958
poškozen,9277
přátelství,16959
partnerskými,1926
změnit,7185
zvol,1334
doplňkovou,9223
křivky,15986
patram,16960
zdokonaluje,16961
sovětů,16962
kvalifikovaného,1643
chlazené,16963
opakovala,1681
bojovali,3876
křivka,15986
nastaveného,7935
přestěhování,16964
účetním,3383
vraždám,8933
síle,6044
kombinující,13337
clony,16965
mravenců,16966
zeleninu,13814
rozešla,3052
kritická,1923
lámou,5879
navrácen,5607
radách,2992
nabídnuto,11170
kosmetické,9321
skútrů,16967
cihlových,13396
krátkém,2882
spotřebitelské,6206
gymnázií,9662
using,16968
podařila,5962
čtyřikrát,16969
pořádán,4588
bedně,16970
kapituly,16971
koeficientů,10475
chloru,14050
konkurence,16972
nováčky,560
umožnili,4033
blíž,16579
nevědomí,16973
vypínání,16974
nařízeních,16975
kvalitně,16976
koloidní,16977
popruhu,16978
akademií,8165
kotlety,16979
oslavu,4976
zásoby,10999
rakovině,3268
prodlouží,8787
poskytnut,1133
neslyšeli,5104
kategorií,16980
plamen,16981
přechodnou,7750
kamínky,16982
zavolám,2004
slut,16983
rolovací,16984
průkazu,6752
obvodových,16985
komunikovat,9779
dívky,3495
vojny,15889
ptáte,2905
basové,2521
skončená,16986
zabilo,5857
příslušná,1956
sladkých,6499
schváleno,4857
zkontroluje,16736
jednací,16987
platformy,16003
nocí,9795
slotem,16988
úniků,13189
zprovozněna,16989
kilometrový,16990
orál,16991
akcionářů,676
podnikem,3033
padlých,16992
operačním,12653
čtvrtá,2260
milimetrech,16993
port,16994
seznamte,16995
žijících,2213
vypočtené,16996
letadlech,8795
podpor,15850
chyběli,4220
márnice,16997
strýci,397
meze,14037
nespokojených,1634
kolemjdoucích,6159
kolejnice,16998
nikterak,16999
důlní,17000
vzoru,11538
souborům,1063
rekordem,7360
postavili,2617
rozpočtové,4747
odolává,17001
závazným,13811
maxim,17002
serverům,17003
šicí,17004
pahýly,17005
pověstné,1366
hotelové,3247
přátel,298
prioritní,9146
vyhlášení,11835
ipad,17006
zjevná,4859
sladší,6499
oteplení,17007
setkávat,9154
podělte,1793
poklesem,15091
zavření,14668
tepelnými,8054
brutálně,17008
ponorné,17009
zjistit,3606
údržby,10501
přípojky,16622
rovný,13257
nehmotného,8153
lehčí,3198
zen,17010
tréningu,17011
předpolí,17012
výzdobě,17013
toaletou,12124
obědě,13068
čemu,5135
přispěly,2346
autonomie,16732
středočeského,10105
doručením,17014
dospěla,1847
nechala,1822
drogou,5052
hasiče,866
přísnou,1586
nepotřebuji,2922
někdejším,2035
kotelny,15082
vracet,6263
persons,17015
katalozích,17016
pokryt,15974
svolává,17017
subpahýl,17018
velkého,5075
povoláni,3228
dodávku,6129
celkovým,16271
nosí,6172
nenáročné,4893
dohodly,3363
trestného,12041
neprospívá,17019
využíváme,8768
zapsala,2885
kliku,13767
kladeny,17020
zabránily,6416
burze,13427
obkladu,6645
odměnách,12560
symptomů,17021
gotiky,13547
přístupové,8773
ušité,17022
bývalé,279
vlastníkům,493
tras,6012
kapitula,17023
daném,3390
zapomeňte,3037
regulaci,17024
pocházet,3740
stručná,3270
sójové,1058
občanku,17025
francouzština,6807
kritérii,17026
elektrozařízení,17027
lesklý,13523
mnohým,2928
zákazníka,819
rolnické,17028
automatech,5006
vzácné,5997
dekoru,17029
žáru,17030
nejčistší,17031
sladu,8461
opěrka,17032
domovině,9659
prověřené,17033
slibem,3581
africké,2414
celoživotním,7984
encyklopedického,8152
ubylo,17034
můžou,1998
ultrazvuku,10130
sterilizaci,17035
prohry,9510
slabé,3504
moudrá,794
archivace,17036
datovými,3527
výpočetního,12492
služba,10515
netopýry,4563
věřícími,17037
přijímači,2217
stranické,1953
stovek,17038
městské,4031
smrtelně,17039
autorizovaném,1132
renesance,17040
pánskou,2545
proběhl,17041
sběrné,3374
potýkala,17042
kroupy,17043
nějaká,2801
matematická,1889
vyrobenou,6173
květinami,14217
náruče,17044
úrodou,10638
laterální,17045
vývody,17046
poprava,10852
nezměnil,7185
spolužačku,4174
starat,4436
šedý,17047
mimořádné,2537
snést,15526
ohromí,17048
zipu,17049
orgasmu,17050
prvňáčků,17051
svatou,1037
ovládání,11286
dráty,6510
kvíz,17052
násobky,16048
volna,17053
relacích,17054
věnujte,4589
krupice,17055
východě,7615
utratili,14754
závěsů,9736
hodnotné,4254
izoluje,17056
motoru,4390
izraelském,701
deštníky,4962
síranu,4069
studenou,2503
uzavírky,17057
hustým,6754
obyvatele,2583
always,17058
uživatelů,672
přítomnosti,6357
kapra,12376
instituty,2426
bìhem,17059
opěradlo,17060
zábradlím,8164
lesního,6213
řecká,1004
meta,17061
ledničkou,15969
potlačovat,14135
mapového,14595
arkády,17062
vymřela,8350
adaptéry,7597
tempa,8569
procesech,2821
dodatečného,4248
výskytem,12719
losování,17063
propojení,8908
podepsány,1041
periferie,16049
tyčemi,17064
hasičského,11695
zpětného,9951
makléřů,552
epitelu,17065
rekonstruován,9599
zajišťovali,4929
náboženskými,1835
sopka,17066
mrazák,17067
dobrou,2419
zřítila,9326
vydávaný,17068
programovat,17069
okruh,16557
monografie,11920
opatřením,10727
seděli,4381
presnejší,17070
vpřed,17071
samými,326
připojování,17072
vysílačky,3360
chirurgickém,2432
mrazení,17073
nákladového,14524
zvyšoval,17074
platím,3462
zvuky,1122
datumu,17075
horami,7509
křídlem,10870
neplatnost,17076
podávali,12046
vyživovací,17077
pořádného,2741
díry,11221
nezaměstnanosti,15001
pilíře,6529
tropických,11308
hostitelské,17078
uvítáme,2230
lineárním,6278
dlouhými,9451
pravomocemi,9805
koeficienty,10475
zobrazuje,6375
pohodlného,11981
krásném,6744
potencionálních,12711
italštiny,16926
náhražka,17079
minulost,9132
ponorek,7849
dvoulůžkové,11203
otazníky,3342
slabik,17080
talíř,17081
nedůvěry,8464
ozvěte,3208
spalovacího,10931
datace,17082
seřízení,17083
cedrové,17084
uzavřeme,17085
žabky,17086
částka,13363
úředníkům,482
čitelnost,17087
sírové,17088
pečícím,17089
součet,17090
maligní,17091
buňkách,16863
rodná,5532
přihlášeným,6895
hloupá,907
vyvíjel,11061
ocitne,4178
stealth,17092
vysadit,15424
prohrát,9500
klasické,2122
příčného,5985
položkou,17093
uzavřít,2006
optickou,5055
generuje,17094
pelíšky,17095
máty,12204
obr,17096
latinských,3879
tematického,2094
tuberkulózou,12123
vyniknout,3509
zákonům,1198
hospod,10683
prostudovat,17097
beránek,17098
diskuzí,15125
odkup,17099
vzpouře,13013
povodňové,6463
čára,16917
vodn,17100
odradit,17101
výčtu,14173
koordinovat,4438
sjelo,17102
nezávadnosti,12817
bylo,2244
estonském,544
obchodníkům,330
předpisem,8808
přímluvu,17103
likvidace,11007
vypadali,5881
drátěné,11362
friends,17104
řasenku,17105
nabídnou,1788
mošavu,17106
sádlo,17107
genetické,3886
opilosti,17108
obloha,14862
perského,2341
ohraničení,17109
mrtvými,4894
úst,5386
pocházejících,7574
areálech,5989
stocking,17110
ustanovení,14469
věku,9774
těhule,17111
vrátili,3974
definují,1920
nabít,17112
technologie,7636
demonstrace,12347
drobnost,14676
středoevropského,6223
jsouněmčina,17113
nos,17114
zváni,17115
wikipedistů,2245
safari,17116
přicházely,2968
vyznat,9202
litr,17117
bytovým,4417
cyklistiky,17118
zoufalé,1447
hrubým,12692
věrnostního,17119
veřejného,4800
fénem,17120
kliknutím,17121
požadováno,5382
podávat,12046
jednotku,15231
rozbitý,17122
svítit,8647
vazeb,8689
opláchněte,17123
krávy,7968
nevyjde,5729
pokrytím,17124
úřadě,1971
přenášejí,6152
přecitlivělosti,17125
vlhkosti,17126
hmoty,11746
dechové,6735
novelizován,17127
existence,7995
ženami,1743
etc,17128
vedly,4586
popisujete,1894
kořene,4035
proudit,17129
pokut,11325
brankami,7954
portugalsky,17130
stíny,3836
významnými,1022
čísly,15050
letící,17131
změří,17132
hradě,10809
napít,17133
poskytuji,17134
hezčí,6502
založení,2679
kartonů,17135
elektronika,12038
tajů,17136
příček,9034
slupkou,17137
odpočívají,7221
svrhl,17138
hrot,17139
správními,2954
zákazů,6904
kuchařské,4608
potřebě,5482
střešního,4750
fórum,7952
uvolněné,2907
přátele,298
volno,17053
nizozemské,597
hmotou,11746
zmrzlinu,15673
vytvořeno,6239
útočící,17140
vodě,7500
neprojevuje,4886
schodišť,12312
předložení,4947
navrch,17141
návratu,8914
rozhodovala,2195
dotazníkového,17142
nejefektivnější,15422
mathrmx,17143
údaje,4338
přijela,1229
bankomatů,8160
odměna,12560
zdar,8387
obstát,13438
naších,17144
plodů,6503
památce,7423
poznávají,7718
otrokem,5342
hojnosti,14289
odmítly,1786
chodíme,5309
bublin,17145
záloh,5508
zažívání,17146
částečnou,3911
softshellové,17147
fabriky,17148
ostrými,5277
okruhů,16557
foukat,12831
šišky,17149
pilového,7903
kandidátní,17150
navrženou,5293
nìkterých,17151
plynárny,17152
odstěhovali,5987
intelektu,7548
hloubení,17153
doprovázela,3106
krádeži,17154
šachovnici,10618
myčkou,12462
definici,8942
ustavičně,17155
vedru,10088
barvám,9144
ohodnocení,17156
basová,2521
alpského,3803
velryb,6205
připisováno,5695
hřištích,14138
použijte,1688
přežívají,14818
kelímek,17157
továrnou,5828
nejednalo,3698
polovodiče,16020
sledovaného,4629
specifická,2185
výpůjčka,16771
koaxiální,17158
penalty,7088
sekundárních,14547
frázi,13409
kosmickém,2972
kapitálového,5794
zavěšení,3848
ruch,17159
geologickou,3722
destruktivní,17160
hodině,9053
místem,9414
plyše,11285
připravována,1456
jejíž,2040
vědomostní,10743
důležitém,2498
superior,17161
tisků,17162
vyhořel,17163
mapách,17164
vypálen,17165
indiány,2812
popředí,17166
satelity,6271
postiženými,885
německými,693
salón,14992
výkaznictví,17167
úředníka,482
dorost,17168
injekci,17169
předškolním,13224
odevzdat,6674
nedorozumění,17170
čítající,17171
pečící,17172
vysoušeč,17173
vodami,7500
devíti,9244
modlí,9507
menu,17174
manažerské,9557
ochutnat,17175
dneska,17176
jihočeského,6247
odlet,14614
nalezne,4771
stářím,17177
odpadá,17178
patu,17179
výpomoc,17180
vylepšování,17181
krysy,17182
zavazadlo,13502
vyznačené,17183
minimálních,17184
dešifrování,17185
dlužníkovi,17186
nešťastných,17187
nedostatečného,10753
zvědavost,17188
nerezovým,5763
bicích,11414
kněžiště,17189
vyplňovat,17190
smrk,15124
přispěním,17191
nesouladu,8973
vyrostli,6157
výhled,17192
honem,17193
collection,17194
stepí,17195
svrchovanost,17196
programovací,12531
dvoře,8918
stagnaci,17197
nároků,14681
klávesami,12229
národnímu,7888
poloostrovem,3013
kostek,14881
postavte,2617
sourozenců,9877
pobřežní,7989
výraznějších,1360
skupinách,10126
kočárků,6418
podobal,17198
samice,1909
pohonů,17199
including,17200
stisku,17201
června,11527
kladě,17202
duchy,1849
začátečníků,1220
určeného,8240
naráz,17203
kontaminaci,17204
ustavení,17205
sledují,3575
zánětlivých,17206
zemin,9054
implementován,5224
nejhorším,1495
kanály,3206
napsáno,9478
hřbitovy,6714
kurýrní,17207
přiměřeného,12963
padě,17208
manual,17209
kreditu,9702
naozaj,17210
ozařování,17211
sbírkami,8658
vyneslo,7384
dostáváme,6071
patentované,17212
bodů,16355
trestnímu,11048
jake,17213
setkáte,3053
vytrvalost,17214
prospěšných,4718
bazalkou,17215
práh,17216
odrazí,10289
bydleli,4303
geologické,3722
mléka,12989
vyprostit,17217
japonsky,17218
čipy,9738
formule,17219
šroubem,6946
uloženého,13206
kryje,12245
airbag,17220
present,17221
dodávaného,5782
balíček,16819
připojte,4371
finálovém,2909
polemiky,17222
zarostlé,1962
třešně,17223
polotučné,17224
postihly,7651
fondy,1499
odštěpný,17225
úklidových,14388
přestupek,15904
automatických,2650
samičích,16172
veslování,17226
oříšky,3801
knihovního,17227
pochod,12596
neoprávněný,17228
polštářek,14401
multiwatt,17229
transformátorů,8159
nejdokonalejší,3796
koleno,17230
sluchové,6868
suk,17231
těch,2113
německou,693
pověření,17232
podvojného,17233
referátu,10955
zmírnit,8193
šum,13155
konvenčním,2566
preparátů,4841
zavítají,17234
vysoušení,17235
nalezli,4771
solo,17236
odměnit,4930
nekoho,17237
pochodu,12596
přihodí,10332
pocházejí,3740
překročit,14706
mleté,2292
oznámena,4171
zvedat,13602
hádanky,9452
pralese,4627
odrazem,15010
úroveň,17238
rozbalit,17239
summer,17240
věřila,2311
srážka,14283
svalstvo,16654
vhodným,5816
koktejlů,17241
pozdějšímu,4023
úchytky,17242
oxidy,17243
prodloužíte,8787
lezu,17244
chemické,3738
nezbytná,9594
prosperující,17245
vstupenka,12151
zabezpečeného,16453
biatlonu,17246
ocelová,4049
neutralitu,17247
zapomenuté,2003
detektoru,3853
šunkou,15603
zraněného,2802
tresty,6957
potyčce,17248
šunka,15603
rytířů,843
rušné,17249
holandského,1083
pročíst,13452
podlah,13867
okresní,14172
míra,6640
dobírky,17250
povinném,2931
strážníka,580
rádio,5999
buněčných,17251
nezbyde,17252
modulů,17253
mimozemské,13890
horáchubytování,17254
potvrzeno,9422
dosažený,15987
zkrátila,5668
sliznic,17255
tepláčky,17256
ochraňuje,17257
emisních,17258
příslušnou,1956
shodnou,5868
metrem,13677
ubytovat,8216
spolkového,8212
měřitelné,17259
obsáhlá,3987
nezbytností,15099
vyrobeny,6173
tělech,5011
stoletím,15409
rampa,17260
potah,17261
potřeby,5482
odejmout,17262
varlat,17263
odpovídat,6832
britskou,297
šálkem,11002
dinosaurů,14393
čárkou,17264
donucení,5812
znatelný,17265
přátelskou,4139
pružnosti,16195
jezdeckého,7196
svýho,4364
lišky,17266
spiknutí,17267
trenažér,17268
pádech,6814
dobíjet,17269
organismů,4862
nebezpečnými,9535
provokace,7613
samostatne,17270
zůstat,7272
přivedly,5475
snímači,17271
svíčkami,11567
úhlopříčky,16957
procentech,7355
říkaly,370
kouřovým,17272
obřím,15145
sedmnáctého,17273
vnutit,17274
uskutečněných,17275
odolným,4016
kartáčem,9744
neváží,5570
vzorech,11538
zděné,17276
předběžného,4777
úrodné,12832
savci,9935
přetrvávat,17277
hlubokými,6544
knížetem,678
uzávěrem,12297
vzduchem,6156
nadmořské,17278
kněžském,11534
rasu,13976
předkrmy,17279
skladů,11754
slabiky,17080
pětiletého,897
budoucími,4029
hokejovou,969
provozním,9655
využili,2125
française,17280
vizitky,12530
statcích,15644
sebeovládání,17281
hektar,6850
nemocné,1030
olejomalba,17282
příspěvkovou,12614
patronací,11550
činil,17283
hranami,4692
napsané,9478
členek,2961
rozdílným,8645
důkladném,17284
zdrojování,1678
droga,5052
místními,5628
oblíbené,1503
přístaviště,17285
hardwarového,9150
vínku,17286
potenciálního,8927
svazem,1516
nabíjet,17112
ledy,8975
porážce,11156
kat,17287
kostka,14881
kouzlu,4875
nazván,17288
externích,9124
otevřete,6217
dražební,17289
dotazníkové,17290
kurzech,17291
rozbití,17292
opětovného,13018
hádky,14292
učeben,17293
kouzla,4875
vodného,17294
nabíječky,12149
sekcích,17295
námrazy,17296
dřevem,11697
císařova,17297
nazouváky,17298
templářů,17299
diskových,17300
rostlinných,2163
nádoby,14621
automobilovou,1363
dvouletou,2281
jantaru,17301
dobírku,17302
přednastavených,17303
prameni,5299
hořlavé,17304
kaše,8513
atraktivním,8447
časopisu,5515
navigačním,17305
dvojnásobná,2152
bezpečnostním,10093
zájmového,12465
pojišťoven,15179
vejít,6557
odvedla,17306
zpětném,9951
anexi,17307
záložního,17308
pánské,2545
informacím,14453
velké,5075
danou,3390
námahu,17309
odstartovala,3023
atomů,7204
potápět,10796
sekaček,17310
fary,17311
kočku,6224
zabývaly,2386
patentem,17312
čestné,1416
umožněn,4033
otřesy,7623
spjata,1111
zařadilo,4267
outfitu,17313
správa,17314
násobí,17315
kombinace,14639
bruslí,15214
značnou,12220
ustavena,17316
práceje,17317
alexandra,17318
opožděně,17319
ovce,17320
vystavovat,7134
vysavačům,4024
bobů,17321
platnou,13784
spolupracujících,3028
všemožně,17322
vykonávat,4287
opustí,7049
hasičům,866
kupole,17323
stezek,15562
odhadují,6864
hranu,4692
kroniky,17324
obrněných,4823
zrakového,4167
uzení,2317
publikování,17325
bombardéry,3303
vinné,4275
dvorcích,9732
menší,2879
kamene,6931
vysvěcen,17326
letecká,1375
náledí,17327
stojícího,10656
dopravním,6485
chatové,17328
germánského,9697
pytlů,9679
apartmá,17329
vodičů,3663
květinou,14217
nečte,17330
probudit,8352
specifikace,12558
nespornou,17331
jádro,15290
odložení,17332
matrací,17333
vagonů,17334
regulátorem,2729
nesnášenlivost,9578
instalované,17335
úleva,15071
regulace,17024
stech,17336
okno,17337
akumulaci,17338
nucená,2265
převzala,1642
nájemné,9674
brzdových,5848
spolehlivosti,12178
přičiněním,17339
hodinářském,17340
zle,17341
koncentraci,14867
záhady,7751
mandátů,8003
vrásky,12648
podporovali,3739
sjezdové,17342
vytvořena,6239
prohlížíte,12294
čtvrtletí,17343
statistikách,17344
uniforem,17345
zdůraznění,17346
entropie,17347
protonů,17348
vynese,7384
pruského,1927
vychovatelky,422
přípojek,17349
snažení,17350
vecer,17351
složkám,5326
telefonické,4470
postupujte,4294
příchozího,7491
stahy,17352
chodem,10562
mořského,4670
certifikát,17353
nejpozději,4541
sokolovně,15677
hádek,14292
zeminy,9054
tehdejším,4197
ručička,12439
patřičnou,4198
pozítří,17354
nejmenšího,2879
kapse,11623
rozsáhlému,4059
teploměr,17355
papírovým,3372
měsíčku,17356
volitelného,9437
zmiňovaných,1728
burzu,13427
objednatelem,1473
katastrof,11044
koupíme,7776
dieta,16275
pižma,17357
nejasné,7208
storno,17358
zavedou,3047
vyplácet,9245
účtován,6597
terénní,10509
čtrnácti,9312
zakazovat,16692
mířit,7682
podšívkou,17359
vyjímkou,17360
pozemských,2199
výkaz,13494
designovou,2530
zkoušela,3181
laně,17361
objemech,15960
čtenářské,3872
popište,1353
hmotných,8153
veřejnými,4800
neživé,17362
uzavřou,2006
imunitní,17363
vědomí,3673
skleníky,8515
poutě,9066
obhajoba,8518
dvoudílná,17364
kupuji,10671
norskou,565
aktivity,8881
hodní,3589
úrokem,10784
odlišnými,4310
seznamují,11036
ovoce,17365
unesli,4358
pravomocně,17366
vyhodnocení,13093
planety,11508
chladičem,8045
dluhu,11669
odbočka,6175
přijímána,4183
jednotlivě,17367
spokojená,1634
samozøejmì,17368
asfaltové,10828
postačí,17369
těhotenský,17370
cílovou,5897
vydávám,17371
řádů,4609
séria,17372
tel,7826
technologii,7636
ohrožuje,12157
ted,17373
administrativního,5049
communication,17374
povodním,9194
gramáž,17375
ramenou,10782
pen,17376
lisované,17377
ozdobu,17378
nadvláda,17379
arms,17380
živočišného,2189
planině,12637
zatim,17381
parádní,17382
zámořské,12535
smýšlení,17383
továrně,5828
iniciativou,7309
hřišti,14138
francouzskými,428
doktrína,15285
stejném,5320
sdělovací,7273
paradigma,17384
rovinaté,17385
poškozeného,9277
nadváhou,17386
zbytečnému,5842
odepínací,17387
krabičkou,17388
drinky,17389
vyráběli,7201
nevinných,3629
linka,14317
material,17390
snažily,2023
příštím,7719
stylová,2965
ovcí,17320
čistí,15579
přílet,17391
držíte,6363
kůží,17392
automobilu,7189
obezity,17393
lišit,12774
šikovných,735
užitečné,9162
poskytnutou,12522
interier,17394
neinvestičních,17395
squash,17396
norském,565
spinkat,17397
společenské,3946
fotodokumentace,17398
zavlažování,17399
mléku,12989
diamanty,10996
dalekých,16693
výsady,17400
hovory,11466
terapeutické,4945
výročí,15357
dohledem,15059
navržené,5293
zpochybňují,6387
leasingové,17401
jednotného,9446
madlo,17402
nezávislými,724
zpevňuje,17403
taurin,17404
tričkem,13780
rošty,11739
kompetence,11608
masovou,7167
vlasti,17405
ostrovem,3684
platnost,17406
cykloturistika,17407
topným,7142
odvozu,17408
přizpůsobí,5101
specialita,17409
kazetě,8552
pasta,15368
předposledním,8599
předminulých,17410
školní,9362
baseballu,17411
osolené,17412
součinitele,17413
hodnocených,6011
regenerační,17414
produktys,7558
češtinu,9880
začnou,3030
klasifikačního,17415
výstavišti,13366
pořádání,17416
trvající,17417
kohouta,7990
místnímu,5628
zdravotní,5813
demencí,17418
omezenou,11357
jakýchkoliv,5287
mrtvou,4894
batolata,14108
přítomnost,6357
celých,3194
kapsa,11623
vyhynulý,17419
ist,17420
cenovou,3822
očkovat,17421
označovaného,5376
zbraně,12408
snazší,15849
anglická,1007
efektivnější,15422
patrná,8913
vymezený,17422
stříkající,17423
upsaný,17424
recirkulace,17425
považovalo,4772
modifikovaných,17426
korporací,10506
čerpání,17427
konopné,17428
špenátu,3692
tuberkulózy,12123
postel,15572
infekčním,11941
jihovýchodu,13278
prověřování,17429
vyřadí,17430
kamenech,6931
spravoval,14490
nejlehčí,3198
závodit,6852
filtrace,17431
nemovitých,17432
nemovitosti,14327
objem,15960
teprv,17433
aféře,12647
zaměňuje,17434
poskytneme,1133
nepřítele,1602
podporou,15850
stavíme,3908
aparátu,4695
obživu,17435
kyselé,3426
sloučeniny,17436
šlechtických,3812
předčí,17437
pozdním,11345
vleklé,17438
souši,17439
ventilkách,17440
přiměřeným,12963
familia,17441
nahrazen,17442
promíchejte,17443
tradicím,5400
senátorské,17444
paralelně,17445
čeleď,17446
ukončování,17447
reliéfu,17448
real,17449
pražskými,992
láhví,12674
přehradě,7722
nadaných,436
neregistrovaný,17450
zlomku,5043
nepřineslo,2811
hodné,3589
krevním,8844
danem,17451
dynamicky,17452
rohovém,16053
pálivé,17453
zátoky,14001
připojením,17454
sendviče,12442
voucher,17455
obviňují,11269
povznesení,17456
tramvajovou,17457
využito,11929
zemím,11882
tropického,11308
informačního,11984
pronikání,17458
investičními,4775
znala,4312
předčasné,6812
připojit,4371
donuceni,5942
vhodném,5816
pokládky,17459
varováním,17460
mušlí,16929
potravinami,13379
izotopy,17461
drogové,13850
detektorů,3853
bídy,12681
automatizační,17462
pomalu,17463
slyším,5104
přehledem,13898
zpoza,17464
stánkové,17465
přinesla,2811
magií,17466
průjezd,17467
náhodnému,4986
skalách,12443
self,17468
úschovy,17469
strašlivě,17470
tendr,17471
zlepšení,15657
neomezenou,11357
sója,17472
stíhačky,9291
jehličkovým,17473
segregace,17474
snaha,7347
svatba,4637
kolmo,17475
angličtině,9140
ostrově,3684
zhroutí,17476
drogu,5052
korporace,10506
meditační,17477
počítačem,6694
embolie,17478
potvrzovací,17479
podniky,3033
žár,17030
zajišťovací,17480
vlastivědné,17481
rakouské,743
plochách,11490
hranatý,17482
šikovné,735
mravenčí,17483
označující,17484
studená,2503
vybavenosti,16581
odpovědi,12800
napodobovat,16136
tloušťka,9516
bačkory,17485
nazývat,16427
nevyužívá,17486
nehodovosti,17487
výstřihu,17488
popudu,14599
prošlo,4577
roj,17489
správ,17314
tržnice,17490
pěstování,7485
patřičně,17491
chřipky,15718
esenciálních,17492
turistiky,17493
podvazcích,17494
vypadla,3840
zámečku,6536
výtahem,9205
hrobce,4314
neuveden,17495
perfect,17496
osobu,1555
oprávněni,2914
lišejníky,17497
rozkládající,17498
stárnutí,17499
imitace,14396
jeskyní,13988
crash,17500
uškodí,17501
souznění,17502
incidentu,7590
přepážkou,17503
nehlásí,3259
púzěti,17504
čtyřhry,17505
stáž,14789
mapu,17164
omamné,17506
bývalému,279
náhlou,5994
smrtící,17507
mechaniku,1553
průjezdné,17508
uniformách,17509
řetízkem,17510
pastou,15368
vzbouřili,17511
praci,17512
čistotou,17513
skálou,12443
zapůjčení,17514
pravidlům,6311
přeložených,5271
zmrzlinou,15673
vyšších,10512
porn,17515
terapie,17516
draslík,17517
nejhůř,4230
voděodolná,6038
tablet,15991
přiloženém,4170
loňským,3933
dovednosti,6558
malinko,17518
habilitační,17519
řešeno,7835
nechávala,3314
vybudována,4454
svědčit,13109
desinfekční,17520
potreba,17521
kvalifikovanou,1643
předcházejícím,12632
testem,9470
žere,17522
udávají,8959
povzbuzení,17523
převodovek,10554
sluchově,17524
slaná,16356
obsahuje,9215
džíny,17525
pokuty,11325
standardům,11236
neumějí,2703
administrátory,17526
řasenky,17527
aka,17528
bolest,8326
vlastníte,9241
termostatu,17529
pochybné,17530
pánů,789
platformu,16003
dnešního,14056
zapište,2885
matek,2100
náručí,17044
názorově,17531
rovnováhu,17532
reliéfy,17533
československými,758
ekonomickými,1476
majestátní,17534
rekapitulace,17535
hymnou,8711
uvedená,2210
sjednávání,17536
elektrodou,7932
průtoků,17537
rýží,12724
domovem,8277
interaktivity,17538
ledovce,5634
zobrazením,17539
myokardu,17540
zavíráním,11514
testovacím,17541
etiketa,15866
nerovný,13257
technická,1127
stromech,8322
neumožňuje,10858
slučování,17542
soukromému,3808
koupelnová,3004
spinká,17543
prodávajícího,2277
výchovu,9463
vytržení,17544
vyjádřena,10381
propagovat,3376
stručnou,3270
domluvě,16698
zabíjení,17545
švýcarská,960
balkonové,17546
čínské,954
skúste,17547
geologická,3722
moniotry,17548
měřících,12352
štíhlé,9055
dezén,17549
odložena,11054
nevidíte,1551
dodatku,3714
vykopávky,17550
členovi,497
nemůžeš,1998
vousy,10087
dřezy,17551
nohavicemi,17552
analogie,13198
instrukcí,17553
vysokorychlostního,7225
setkaly,3053
vyjmenovaných,17554
dostavila,4902
hroutí,17555
lepidlem,12756
primitivních,15233
gril,17556
veselá,2412
hierarchii,14014
sedmileté,17557
procentuální,17558
srazu,17559
propouštění,17560
spojeni,5665
stagnující,17561
zlepšilo,17562
pohřbívání,17563
baráže,17564
zadanou,17565
kamenů,6931
paprsku,5483
minuty,5478
globálně,17566
stále,17567
mechu,16346
čilý,17568
zaváhání,17569
vyzkoušet,3381
donést,7317
okresního,14172
spojena,5665
česneku,3562
čtrnácté,4347
delat,17570
telefonními,13657
skupinovou,3102
paží,17571
románské,5697
nekončí,5925
hledalo,4210
dobrými,2419
osadami,9239
garsonce,17572
podvodů,12543
vztahovat,17573
milosrdenství,17574
nevolno,17575
nizozemském,597
příkopem,14300
hair,17576
přiměřeně,17577
míti,2115
kybníku,17578
oblíbenost,5521
inak,17579
obyčeje,17580
potřebovat,2922
nabídce,5795
patogenní,17581
humánní,17582
technickou,1127
seženete,17583
náhlého,5994
závěsných,15911
žijícím,2213
vyznavače,14223
nevědomosti,17584
táto,385
fotonů,17585
údajem,4338
uzpůsobeny,17586
kyselina,14783
new,17587
zápatí,17588
dubnem,10991
ledovců,5634
objednávat,4087
doručuje,17589
buněčného,17251
kuře,17590
hospodařit,7762
nebes,17591
lokalizovat,17592
přívlastkem,12816
podanou,17593
souhlasíte,1071
hypotetické,17594
párech,7728
situována,7551
hladinu,15834
stabilizovat,14265
školská,1206
vážit,5570
společného,4712
energetickými,3645
nahlížení,17595
zmatené,3320
informací,14453
neskutečně,17596
onemocnění,11145
knihovny,15306
kosmickou,2972
pokroku,9933
nakupuji,12464
kroje,14188
bazénem,5559
inovace,8423
vyhrát,3559
obsažené,5220
vylepšeným,7348
vlastivědy,17597
držením,17598
hodnotící,17599
průměrnou,2247
pohlížet,10357
stezky,15562
cyklostezky,14440
mohutným,7455
zastupitelstev,5975
přesném,2378
zásahů,7002
etapou,2976
osobní,5492
diamantů,10996
škodí,17600
vyhlazování,17601
nejaky,17602
přineseme,2811
volná,12859
kotelen,15082
ktorom,17603
drogami,5052
konkurenční,9481
mapové,14595
tagy,17604
doporučením,14018
znovuzvolení,17605
rolety,17606
doporučené,14381
řízeních,5549
krmné,17607
motúčko,17608
kapitulace,11776
strasne,17609
neformální,9958
pěnového,9233
rozumíte,11551
kameny,6931
vánoční,6728
nechodím,5309
desítku,8654
pomůcka,10691
prospěje,17610
řekami,2389
uděleno,14025
pleso,17611
přibudou,14385
obchody,12708
krabičku,17388
úžlabí,17612
spalin,17613
nesplacených,17614
majetkového,7333
roštu,11739
mužstev,6737
nevyhověl,17615
kotvící,17616
řasy,11801
narozeného,1723
nedobrovolné,17617
každou,1663
helmu,17618
jednorázovou,3131
klíč,17619
kulové,6985
vyjednávání,17620
unikátními,5100
odstranit,4989
středových,1831
převáží,17621
prostých,2860
prstýnky,4965
ostrých,5277
plaveb,17622
každých,1663
rozbalení,17239
občanskému,2337
kopřivy,17623
obsadila,1118
myslivců,17624
tržbu,2508
minimálními,17184
ztrátě,12563
překročení,17625
paper,17626
hříchem,3914
okurka,10062
iacute,17627
bytostmi,6295
popisky,11149
nespokojená,12242
kvantové,17628
vhodnou,5816
podlahách,13867
splatnosti,12177
kapsami,11623
end,17629
senzorů,17630
singly,17631
deklarace,17632
umýt,17633
chmele,5063
tábory,7471
obejít,11015
reporting,17634
denních,11906
připsání,17635
aktualizaci,16546
hejtmanství,17636
vanička,17637
pěst,17638
nejobsáhlejších,3987
ztrátu,12563
chronického,2572
pravopisu,6903
nezmizí,8257
důchody,7235
dalším,8867
závazných,13811
únikem,17639
kor,17640
ponecháno,4913
nelegálním,17641
výsuvná,17642
ambra,17643
podmínce,3827
boxem,13269
administrativě,16006
vyprovokovat,17644
svršku,17645
nemocech,10465
dunamů,17646
bytové,4417
archu,16528
přestěhovalo,5855
topného,7142
tíží,17647
pronajatý,15733
královnou,3111
důchodovou,5854
pohledávky,13261
říznutý,17648
zahájeného,9579
stativu,17649
nucené,2265
jmenování,6687
ubohé,17650
patrová,17651
zirkony,17652
pořádáme,4588
dýha,17653
return,17654
přiveďte,5475
kupujícímu,2997
zjistím,3606
uplynulém,5070
obnovitelné,8541
vozidlo,14145
jetel,17655
spojené,5665
vlastníků,493
dvířek,17656
benzinové,5584
příznivým,11280
francouzském,428
sekat,17657
mravenci,16966
zveřejňovaných,17658
napájení,17659
hlavnì,17660
sféře,16872
hromadu,13442
kvarta,17661
velkoobchodu,6990
vyzrazení,17662
tunelu,10692
menstruačního,17663
stavem,13629
intenzitě,12737
opodál,17664
zemědělským,2749
proběhne,17041
nemocenského,17665
nahrazuje,17666
jabloně,14926
tematická,2094
vyhodnocuje,17667
chovem,17668
užívám,6571
officinalis,17669
probíhá,12450
opožděné,17670
odstavce,8968
jediném,1870
eurozóně,17671
koláčů,15716
něž,2040
mrak,15964
přijdou,2674
vepřovým,15262
poskytly,1133
pružně,17672
brož,17673
enginu,17674
protein,17675
karet,11093
zkrácen,5668
tlakům,14461
gumovým,4215
oblíbeným,1503
drobná,2906
neoprávněným,2914
přírodopis,17676
odpovědnou,1409
lidovou,1534
postiženy,885
úvazků,17677
předškolních,13224
ledovci,5634
podzimního,11634
obrovské,8457
papíry,3125
čtyřku,17678
zašleme,17679
roztoku,3699
jadernou,1577
koncovkou,11317
zlevnění,17680
ovlivňujících,13465
nikl,17681
sleduj,3575
nesmírnou,13798
vědecky,17682
přestavba,8685
účetními,3383
renovace,17683
zněly,9529
kupců,1368
tenkou,4227
ostré,5277
rozumná,1890
pojišťovnictví,17684
available,17685
mercedes,17686
jakémukoliv,5287
dny,6508
vyučovala,2499
vyžádat,5836
ostrůvku,8078
panelů,15534
reference,17687
skončilo,6860
vytrácí,17688
plným,17689
jakostní,17690
pudy,16282
pasiv,17691
záboru,17692
zajistěte,2781
klam,16541
masáží,15293
rybníčku,17693
nedělalo,1466
spory,13197
komunikace,9678
masové,7167
optimální,7437
najednou,17694
pouštní,17695
uspořádán,17696
mužském,812
neuvěřitelných,10388
objemové,16424
stávku,13007
lepenka,13232
textura,17697
kompromisů,5822
nahrála,1966
podíly,7287
humusu,9168
vlásky,17698
replaced,17699
výpadku,7350
průsvitné,1864
tka,17700
koruna,10780
vylíhnutí,17701
částem,5740
dalece,17702
odliv,17703
kancelářemi,11537
pravých,3183
hřbitovu,6714
prominutí,5673
přístroji,1912
telemetrických,17704
detekovat,17705
kvartálu,8574
západnímu,6943
cílovém,5897
knedlíků,9826
operují,17706
čínsky,17707
shořel,17708
rozmanitost,9879
efektivnosti,17709
odebrání,17710
míchy,17711
křižovatku,6841
vystopovat,17712
čínském,954
odvozuje,17713
porovnávat,11575
terčem,16660
nerezové,5763
napomůže,17714
prodejích,5518
plesy,7412
krmných,17607
institucím,6101
lanová,17715
alergické,3099
procento,7355
západě,4397
knihe,17716
ozdravné,17717
řadového,2027
inzerce,17718
posuvným,17719
nemocného,1030
oblečením,17720
kulometů,7164
disciplínách,13247
držáky,17721
věnovali,4589
intriky,16143
populárním,3608
prázdná,9366
šňůrou,12548
poplatku,6530
zeměpisné,4387
stopku,17722
demokracii,12888
udržitelného,17723
venkovním,8550
astma,17724
sněžení,17725
zapojení,5117
věnovanou,11707
roztrhl,17726
odcestovat,4375
prášky,6771
skrytí,5963
náhledů,17727
pověsit,17728
zpátky,17729
planetky,13654
myšlena,1194
vážená,3179
víře,8474
narazí,10959
stálou,1883
doma,17730
zbavte,6584
ostatn,17731
shodný,13700
dam,2631
dell,17732
spěje,17733
milionů,9151
obrovských,8457
hlubší,6544
ruchu,17159
nahradí,6370
ocel,16856
hádka,14292
emancipace,17734
rozdělené,12799
vrstvou,14029
jejím,9143
lepit,17735
obdivovali,2792
jeví,12783
brusné,9985
alllousek,17736
dubna,10991
opravou,8604
podlepené,17737
zakoupilo,4780
content,17738
připomínalo,3292
internetu,17739
pomerančovou,5603
normální,15932
dostat,3965
kurs,8051
syntaxe,17740
both,17741
přítomny,554
činnost,8467
sklonu,8203
log,13558
zahrajete,869
zamezí,17742
pozinkovaného,17743
balík,17744
upozorňovala,1719
simple,17745
koncese,17746
lano,17747
rozhodujícím,6008
najdeme,3790
těhulky,17748
nevole,6490
bezbariérové,6079
vyjádřeno,10381
sauny,15954
izotopů,17461
osedlosti,17749
vypínačem,4960
sobotním,11152
jihovýchodního,16019
platebního,13513
vemte,17750
pronikla,3927
něčí,15382
brejku,17751
dočíst,3679
polymeru,17752
sloučenin,17436
újmu,17753
luxusními,5600
schůzí,17754
vrtulníky,1607
fázové,17755
tělocvičnu,17756
hnědého,11261
podpaží,17757
dřevotřísky,11673
přizpůsobuje,17758
spuštěné,17759
zdravých,13749
používám,7967
nepotvrdila,836
stahování,5800
několikaměsíční,17760
spojují,11029
intenzity,12737
potřebnosti,17761
milých,2287
bosých,17762
zakázané,4991
poměru,4285
zřizované,17763
klín,17764
sušit,17765
přizpůsoben,5101
begin,17766
pera,13832
distriktu,17767
celosvětové,7973
létech,9801
lebek,15639
vyřešeny,13911
kabelového,5004
hodnotami,11129
povinnosti,13893
sáhněte,4119
bankami,3721
obratlovci,17768
spáchali,1266
špička,16190
panovalo,11300
mezer,17769
nezvykle,17770
dokořán,17771
ojedinělá,3591
pracovna,16679
funkčního,15653
toy,17772
deklaraci,17632
střelbou,17773
získala,2291
integrovaného,5325
šetří,5215
límec,17774
personal,17775
inzerovat,17776
otroků,5342
přátelsky,17777
bližšího,5530
tomografie,17778
motorovým,4383
odvod,8952
dalšími,8867
prodejním,11390
kopeček,15097
diferenciace,17779
prospěch,17780
aktivační,17781
bývalo,10177
vytahovat,8993
pravděpodobnosti,10555
mořské,4670
nápravou,17782
sportovat,17783
fregat,17784
tou,2113
nevhodného,17785
řemesel,6749
zakoupení,15224
bohatém,1942
girl,17786
krátkodobá,6470
městy,5562
indické,965
přiměřenou,12963
kolekcích,6806
branek,7954
rovinné,17787
duševní,10079
podkladového,17788
mrazů,4091
obliba,6764
opakují,1681
severovýchodu,14099
nemluvě,1651
polohovací,17789
mimi,17790
pošlete,6643
krovy,5555
klimatizovaná,17791
učiliště,15610
stylové,2965
příčka,9034
vlnité,17792
dozadu,17793
pekařské,17794
lužní,17795
vyvíjející,11061
pontifikátu,17796
notebook,17797
záchvaty,6675
měřil,17798
lákavé,16568
žlabu,17799
společenská,3946
libovolné,7172
době,10489
vybaveno,7062
nafukovacím,17800
skutky,6688
nesli,5677
nahraných,8023
přinášet,10906
antikoncepci,15235
klasicky,17801
někomu,1445
protestantských,3749
nastavené,7935
reproduktorem,7438
dick,17802
láhev,12674
dřevěné,4952
pomůckou,10691
křídel,10870
razítkem,17803
věčně,17804
zveřejňují,3977
nalezišť,13819
zabudování,17805
xxx,17806
better,17807
potažená,17808
hloubi,17809
širokých,9844
poplatníka,1394
okolního,14128
referenci,17810
soustředění,17811
kontrolován,15503
znamének,16066
entit,8725
dřevostavba,15668
nezbytnost,15099
bezprostředním,15747
předčila,17812
alt,17813
proměnily,3359
hezká,6502
rozvinutých,9600
brod,17814
třikrát,17815
uvěřili,5765
náporu,7323
dlouhodobější,3901
popsán,13267
elektronů,9328
kdesi,17816
skriptů,17817
neva,17818
emisního,17258
nedostali,3965
klinické,3678
oceníte,1812
kongresové,17819
příznivých,11280
branné,17820
methods,17821
železnici,6651
globálního,13102
uměla,2703
mohutného,7455
kojenců,17822
pohotovosti,17823
typickém,2089
schémata,7212
vydalo,3761
shromážděné,17824
přihlásit,2895
mramor,9453
neunikne,17825
listí,17826
jedněmi,17827
zakázku,3956
zasíláme,17828
syntéza,7298
ohýbání,10057
vnitrozemí,17829
faktury,11220
nehovoří,17830
hlásila,3259
spotřebitelského,6206
evidenci,17831
rodem,6855
doloží,4306
neúspěšně,16805
nosiči,1641
prohrálo,9500
netriviální,17832
zpevnění,17833
sběratelské,17834
protony,17348
nečiní,17283
varianta,6114
šťávě,3001
zavádějí,7503
šněrováním,17835
kapitoly,11800
znázornění,17836
aktivní,11248
voucherů,17455
řasa,11801
napomáhat,15393
vydejte,3761
nezákonné,1829
citrusy,17837
sací,17838
selhaly,17839
děláš,1466
rodinami,6567
zhoršené,12412
spojenými,5665
přijímané,17840
babičce,3669
stahovat,8365
pili,3685
specialistu,417
pavouků,9911
integruje,15858
lovců,574
kazí,11450
agresivního,11171
arbitra,17841
názorové,17842
nucena,2265
pamětihodnosti,8484
pracovními,12943
dvojlůžko,17843
bulharské,1319
mučedníků,1137
urgentně,17844
kosmopolitní,17845
kofeinu,17846
zavedla,3047
puberty,17847
rozhleden,15455
občasného,1932
živin,12990
šortek,17848
prostředku,7493
zavolejte,2004
dokončená,9257
středního,10749
pokročilé,7284
nezobrazí,17849
bibli,15872
bonusové,17850
kraslickontakt,17851
zahradami,6550
překračuje,17852
podezřelé,2008
ponesou,5677
absorbuje,17853
dochovalo,17854
stíhání,17855
nezískali,2291
peru,13832
předehřáté,17856
výměnou,17857
rakouským,743
přídavným,3134
rozumu,4748
vlasová,2145
dávalo,8586
udělaná,4233
vynaložené,17858
too,17859
regulované,15530
vertikálního,9601
chodnících,4752
care,4238
nádory,5663
danými,17860
poznamenána,17861
verze,12431
dojezd,17862
teplejší,2224
hrází,17863
šafránu,17864
hydrochloridum,17865
zuřivě,17866
průchodem,13301
platebním,13513
poruch,14094
konvence,7375
kočárem,10849
vzniklým,17867
upíry,17868
multifunkčních,17869
propočty,17870
strmých,10898
agrese,16610
promile,17871
zadržení,5846
zahřátí,17872
smluvních,8948
posledn,17873
zítřejší,17874
pravá,3183
prosklení,9923
energetická,3645
banány,14835
derivát,17875
odborná,1690
kategoriemi,16980
mango,3107
moderními,7104
rozliší,14332
prostituci,11643
zima,10444
související,12030
zbytečných,5842
rozsáhlejší,4059
uspořádala,3026
ohebné,2897
trochu,17876
řádu,4609
odchov,17877
důkazu,3421
kožených,14567
zoubek,17878
zánětů,11467
knížecího,17879
postižených,885
derby,17880
náramkové,17881
jasne,17882
souborového,2483
znečišťujících,17883
barvy,9144
džbán,17884
narozenou,1723
usnadňuje,17885
lidovém,1534
magnetů,17886
jižněji,17887
ústa,5386
heslem,11206
nepřiměřené,12963
download,17888
nikým,2979
postrádají,12607
gardy,16468
zavřeno,14668
bobule,17889
pocházely,3740
pohrdání,17890
kotlem,11908
sqrt,17891
cestujících,6075
tvořenou,11726
levná,8448
miminku,9416
opakování,9575
nástupem,13284
hladký,17892
relaxace,17893
jeli,6284
ovlivněna,3380
bioodpadu,17894
flétna,12919
korálků,9974
sanatorium,17895
plnotučné,17896
vesmírnou,1588
zašlu,17897
neobyčejnou,2510
vyřešila,2353
diakritikou,17898
podnikům,3033
přidají,2607
typologie,17899
objekty,4216
potápění,17900
stolků,8940
zajíždí,17901
zadlužení,17902
šnorchlování,17903
lžičkou,17904
siluety,11668
záněty,11467
nejkratší,2882
krvavá,3219
panely,15534
textil,12512
žula,17905
předražené,17906
typu,5776
bikiny,11146
elektrospotřebiče,10295
zadaná,17907
izraelskou,701
jasným,7208
zakořenili,17908
radary,6853
chipsy,17909
jámy,12524
proběhlo,17041
udělejte,1689
informovat,2151
pohodlně,17910
komnaty,11410
podívají,8624
esence,17911
nejúčinnější,11815
zajišťovat,4929
repro,17912
společenství,13916
studovala,2034
odvezli,4534
hřbitovů,6714
obranné,6875
považováno,3588
ztížení,17913
myslivost,17914
ekonomy,98
drobnosti,14676
psovi,2074
nepomáhá,2512
linku,14317
client,17915
stopě,9360
jmenují,2559
hlídka,15107
cesty,13310
benzinu,17916
vlajka,16464
zapálit,16549
nejsnáze,14197
prasknutí,17917
útlaku,17918
koloběžek,9375
sladká,6499
stěhují,5071
izolačním,7794
presbytáře,15645
ordinační,17919
popravě,10852
hromadný,17920
kosmetická,9321
pletiv,14298
značkového,3819
zasáhnou,6128
uspokojení,17921
legální,4918
ohledně,17922
příštích,7719
větvičky,16096
rotací,17923
leto,17924
pověřeného,1094
opakovanou,4473
nařizuje,17925
praskliny,17926
žádám,4015
evakuovat,17927
variabilitu,17928
svalů,3953
fetish,17929
splněny,8663
obilnin,17930
císařovna,15930
porušení,7677
pozvánek,6507
čepici,13624
nedat,4122
zahrnovalo,16586
realizovaných,3476
jednotlivce,2751
návlek,17931
přiblížení,17932
napojením,17933
provedených,14987
nečistot,11492
variace,9382
prosklenými,17934
záměny,11251
hladkého,17892
okapat,17935
vybavit,3295
rozdávání,17936
federaci,9071
orientační,13526
spočívají,7465
prodávají,12324
přesunou,6976
řízen,15561
únavy,8453
náměstím,17937
draft,12200
standardech,17938
mateřskou,4975
skal,12443
ztotožnění,17939
padlým,16992
luxusu,17940
usazovat,3058
umělými,4787
mocenské,7575
třída,17941
válí,16080
rozchází,17942
nepříznivě,14222
lhůtou,8414
ucpání,17943
nemocnicí,8573
tichým,7144
tisícovky,17944
zahrady,6550
odkázat,6299
bulbapedia,17945
vzorníku,17946
králičí,17947
čínština,17948
skupině,10126
zástavních,17949
žádných,3693
šířením,17950
vyřídíme,5461
přivlastňovací,17951
hrozbě,12368
cvičí,9249
řádnému,6084
vykonali,5147
poskytnutého,12522
probíhající,16869
vydali,3761
postaveném,4144
stripes,17952
ohrožení,13560
tahat,9526
basa,2296
nevíš,1267
odstaven,17953
daním,9616
okenní,7504
neúplných,6349
vnitřnosti,17954
přiřadit,13822
vymanit,17955
využíván,16058
cenná,6053
stezka,15562
umožňující,17956
antibakteriální,17957
stimulující,17958
rybu,13904
předkládané,14875
hospodárnost,17959
kvalifikovat,4591
desetileté,793
dva,12587
predikce,17960
kultivace,13683
hrušky,7729
nepojede,6284
neberou,5405
odkazování,6134
autoškoly,17961
cenného,6053
rozúčtování,17962
přestupem,14007
čtvrt,9977
emigrací,17963
smazán,16489
transakci,17964
navigation,17965
vyhráli,3559
nezobrazuje,17966
příhody,8354
závodní,13249
kombinovaného,6062
prohlédněte,17967
míči,15065
platbě,11604
pojmenována,6781
uvedeny,2210
vice,17968
africkém,2414
kolektivně,17969
potvrzena,9422
naušnice,17970
zálivkou,17971
značná,12220
zakládají,6474
masiv,17972
akceptace,17973
nen,17974
hřib,17975
ovlivňovat,8462
cihlové,13396
přirozená,3818
kloubové,17976
výstupní,17977
žádosti,16226
středověké,2264
faktické,4713
porodních,13183
dotyku,11548
miniaturní,12491
přestaňte,8065
vinných,4275
nacházeji,14091
obdoba,10939
zdržovat,13793
předepsanou,8085
nálepka,16223
vùbec,17978
hašení,17979
umělou,4787
rádiem,5999
nádrž,16120
projevila,1703
cam,17980
kardiologie,17981
kapalinou,16768
střelecky,17982
databázi,15197
papíře,3125
sushi,17983
algebry,17984
probudili,8352
letouny,2747
polyesteru,17985
suchého,7907
rotačních,17986
rodičovská,4240
zřizovat,14925
umožnila,4033
barelů,10644
typy,5776
podrobnou,3866
století,15409
vědy,8782
výhodnosti,17987
pečuje,14769
vypravila,1670
klimatu,7033
povrchy,10889
otrokyně,5342
patrový,17988
vln,9859
ambulantních,17989
transportní,17990
inverzní,17991
týmům,584
uniformě,17509
teoretická,2068
připadlo,14414
imigrace,17992
přepočet,17993
vzájemný,17994
sedět,4381
městysu,9439
věnujete,4589
keramickým,7748
year,17995
obrovská,8457
koncovkami,11317
chrupavky,17996
výučním,17997
prkno,1262
užitečného,9162
korunku,17998
zaniklého,13054
trénované,17999
vařiče,10351
ischemické,18000
ohnisko,10907
rukavicích,16591
ukulele,18001
zranitelnost,18002
hltanu,18003
obsahujících,13662
popáleniny,10707
paliva,13899
upravení,13949
čteme,4109
vývin,18004
dřevina,15510
vysunutí,18005
platností,17406
vyklízení,18006
nastavují,18007
nezlob,4130
volných,12859
slovanská,4465
modernímu,7104
slibovali,1773
květy,8804
nájezdech,18008
výběry,3568
jater,15483
znovuobnovení,18009
útvarů,7254
nějakému,2801
koloniálních,18010
úrazové,12500
zjistíte,3606
dutých,15735
pokojíku,18011
open,18012
construction,18013
pavla,5437
odstranění,14698
válce,5568
podusíme,18014
teï,18015
kohokoliv,1884
dosaženého,15987
asfaltová,10828
vsadila,1931
pleťová,18016
početná,13746
bezvědomí,18017
divili,3607
semináře,6987
uskutečňují,12594
ňom,18018
rostliny,8531
psaná,18019
dokládat,4306
týdny,6583
ulehčuje,18020
elektrotechniku,13469
operacemi,10133
umělá,4787
padat,6080
povadi,18021
azylu,18022
brožovaná,18023
jakéhokoli,3720
výměně,17857
přírodní,7335
transportních,18024
blogů,18025
ušetří,12526
odolné,4016
blocích,9336
slunečného,4820
příletu,17391
postýlky,13489
přemění,11070
nazvat,6484
následnému,2410
editací,10802
vtrhli,18026
zájemců,6975
ordinace,16813
konvička,14915
aktivně,18027
rozlišovací,18028
božské,837
krám,18029
baseball,17411
dimenzí,16434
ohně,12074
stabilizace,9690
rytmy,3353
pobytová,18030
lanovka,15650
zámecká,2273
dozvědí,3439
kupovat,10671
schválenou,4857
poskytováním,18031
čtvrtka,6779
nadzemním,18032
prosklená,18033
betonu,6928
notebooku,17797
zahradě,6550
výtisků,11047
platném,13784
krátkou,2882
habilitoval,18034
dostatečnou,10753
obálek,6194
plamenem,16981
spektroskopie,18035
přípojku,18036
vlastnické,13364
vyměřovací,18037
tmavého,10085
vybudovala,3093
držákem,18038
flash,18039
dechová,6735
poutko,7909
častější,2615
římských,1798
osušky,16737
implementaci,18040
plynárenská,18041
kontinenty,7299
dosáhnout,7977
světovému,1295
obalem,4898
global,18042
zakazující,18043
bok,15649
cukrárna,18044
hřebík,3915
záhadného,1824
krmivem,15686
lisu,8956
plese,17611
fixaci,15043
more,16458
vytvořeny,6239
serverem,18045
pustý,18046
ověřování,18047
vysoko,18048
čáry,16917
vulgaris,18049
oblíbili,5521
pískovišti,18050
více,7734
poměry,4285
mořským,4670
uzdě,18051
minutky,15399
praktickým,3044
přijímány,3213
symboly,7855
vertikální,9601
vyplňování,18052
náhonem,18053
fan,18054
rozdělených,12799
objednaná,18055
ivf,18056
natěračské,18057
fotbale,4612
družičky,18058
cem,18059
voděodolné,6038
nelibosti,18060
potvrzeny,836
vyrozumí,18061
sadech,14880
šlape,18062
panice,9434
funkcí,11886
přestanete,8065
transparent,18063
výsadbě,7365
hnědými,11261
nechyběly,18064
elektrokola,16073
vzduchu,6156
vozidly,14145
aktivním,11248
benefit,18065
legálně,12654
chodníkové,18066
navyšování,18067
diagnóz,18068
odměně,12560
cestovali,3165
naprostou,7010
hovězího,13486
chemickou,3738
lávovými,18069
přijatelnosti,18070
spojování,5688
samých,326
pomstít,18071
hradu,10809
setkají,3053
těhotné,5319
lososa,4479
nedostanou,3965
stehenní,18072
invazi,12167
vyberete,961
hladovku,18073
rozsah,18074
nádhernou,8800
nadpisů,3776
sbírají,4348
protivníků,1280
ponechali,4913
chování,6320
zrekonstruována,8715
vozidle,18075
kolejnic,16998
plnější,17689
hlasovalo,3500
městečkem,9963
druhové,18076
pořízené,6858
farem,18077
atestaci,18078
jednala,3698
zvětšování,18079
chytlo,18080
peeling,18081
rozvíjelo,5092
zad,10455
plavat,15676
bezvadně,18082
lékem,4770
training,18083
hygienické,5930
čínská,954
mobilními,12353
gestapo,13243
dobrotu,14923
textilní,10872
ovocným,7286
neodolatelnou,18084
sedmého,1977
užitečnější,9162
ožije,18085
pozbývá,18086
lednicí,18087
žehlička,18088
všude,18089
umyvadlem,15469
lopaty,18090
shodě,6563
narozená,1723
moderna,15037
osivo,18091
vyhledávaným,18092
vložím,2491
zanedbatelný,15110
semnou,18093
bank,3721
ararat,18094
krb,9647
bytu,12675
ligové,1961
prefektury,18095
oklikou,18096
hotově,18097
pohyblivým,2766
běžet,6180
měna,9828
rotaci,18098
adresu,18099
zataženo,13748
přesunuto,6976
zabarvení,18100
procesním,5748
zaměstnávání,18101
house,18102
vzdálen,10924
postaveno,4144
loterií,14942
mantinelu,13475
teplo,16562
nálet,12950
poradě,11378
astmatu,18103
nastolení,18104
konzervy,11066
výzvu,10851
editace,10802
zastupitelství,18105
medicínu,13104
procenty,7355
smlouvy,11192
rybníku,7717
statutárním,18106
vysílačů,3360
zařídila,2938
svítání,18107
ústním,16767
brankářské,18108
obdivu,5814
frisbee,18109
konvertor,18110
dobýt,8587
rekordéry,18111
otcově,7821
peruti,12598
žijete,4204
prováděla,4079
socialistická,1362
nepřístupné,7388
regiony,4510
orientace,9204
bezprostředního,15747
obojek,18112
nečtu,18113
filé,18114
reálnou,5112
spektrometrie,18115
výplaty,13674
pooperační,18116
sjezdem,10250
severočeské,18117
říšských,2066
otvírání,18118
zdědili,11621
dvoru,8918
sauně,15954
odkvětu,18119
správnímu,2954
viniční,18120
lákají,5780
pšenici,18121
dopisů,11485
urychleně,18122
spustili,3940
nejdelší,9451
přívod,15917
cit,1441
rychleji,18123
blahobyt,18124
ochozu,18125
evaluace,18126
příslušníky,1440
houpačce,18127
sdruţení,18128
církevním,6811
mého,1595
parních,15890
vodními,6690
dolů,5853
vybízí,18129
masáži,15293
sušeného,2343
omezuje,16796
šumavské,6997
sáhnout,4119
kopcích,15097
velením,12458
vyžádala,5836
pripade,18130
sýry,4333
oslava,4976
došlých,18131
vyrazím,18132
promícháme,17443
období,8882
překážky,5237
lino,18133
obslužnosti,18134
ražby,18135
contact,18136
vydával,5449
dosahuje,13601
náhodná,4986
defekt,18137
kovovým,2902
přístupy,7003
ego,18138
kamarádům,215
cinch,18139
plodné,937
využívání,12581
droždí,18140
registračním,12658
zakázala,4112
reagující,1275
diagnostikovat,13979
veselými,2412
příslušnými,1956
reverzní,18141
drahá,4382
dezertů,18142
prohlížeči,5096
adventních,18143
obaly,4898
úzkého,8704
různými,6244
opírající,18144
kreditních,18145
cihlového,13396
odložila,4235
zavedly,3047
formám,13444
tipů,18146
pirátství,18147
vlnami,9859
cviku,12183
překračující,17852
smyku,18148
rostlinné,2163
bližšie,18149
vyměnit,9013
aut,14753
chromozomu,18150
pejska,2590
pokročilým,7284
korporátní,11931
utrpěli,4416
odnímatelná,8741
hotelů,5462
nečistotám,11492
králova,6264
častém,2615
integrací,18151
dietní,18152
výhodami,9626
vděčnost,18153
skladu,11754
zastávku,8865
časopisů,5515
předsíni,11609
naměřená,18154
čtvrtina,14712
zásilek,12937
delikátní,18155
nepříliš,18156
bit,18157
blesku,7675
nepravdivá,1563
přímořské,18158
panského,12966
nevinné,4275
standardizovaných,18159
mělkých,11661
podlehne,4344
safírové,18160
chladničce,18161
rostlinách,8531
omezování,18162
tramvaji,10741
socializace,18163
jednodušeji,8441
zástavní,17949
místo,9414
přibývajícím,14467
čtvrtfinálové,18164
odzkoušené,18165
geografii,18166
nemovitostem,14327
povinni,2931
pracovišť,15660
měřen,17798
terénním,10509
čestných,1416
chleba,14212
podélnými,4366
rodinnou,3453
obrovskou,8457
jezdecké,7196
cévní,18167
aféry,12647
dvířka,18168
specializovaná,2926
nejjemnější,3799
jedoucího,9592
vyústit,8327
kontrastním,12044
řetízky,5733
chrámy,6828
poděkování,18169
pronikat,11644
vložíte,2491
lavina,18170
představily,833
trestných,12041
nedráždí,18171
manévrování,18172
muze,18173
ozbrojené,5691
drobnou,2906
medvídků,8173
snesla,15526
ptačího,18174
impozantní,18175
přiložené,4170
vývojovými,1076
ukazovali,4909
vyskytovat,5792
pořadové,16429
skutečnou,1411
zakoupeného,3935
synchronizaci,18176
proceduru,18177
střev,13520
průtokem,18178
stovkách,17038
kompaktním,8855
zaměřili,4796
navržených,5293
lasery,18179
konstantním,18180
skvrna,14699
orla,18181
podepsané,1041
pytli,9679
každodenně,18182
zamítla,2685
výšiny,18183
ubírat,13300
splněno,2917
překrásné,9827
skupinové,3102
obyčejnými,2510
různé,6244
slabém,3504
rakvi,10204
samé,326
neobyčejné,18184
žalovaného,18185
krytou,12623
obdankovany,18186
vygenerování,18187
vyskytuje,18188
feat,18189
koalicí,11361
zvítězit,2289
stožáru,7294
směřuje,12547
nedejbože,18190
dlužníky,1079
odebírají,18191
vyřešena,13911
nesměla,1316
bezúhonnost,18192
konečném,3164
škrábanců,18193
chyběly,4220
prvcích,2339
vizitka,12530
čerpala,1691
zveřejněné,7009
nájemního,6303
nenajdeme,3790
ponorkou,7849
centrem,15196
připsali,18194
udělala,1689
kvasnic,18195
množinou,12174
náměstí,17937
soudku,18196
zajištěné,4865
rychlejší,13111
dlouhodobé,3901
pokraji,18197
outfit,18198
dojezdu,18199
plodolistů,18200
vzniklých,2472
nedělní,10911
rak,18201
nemocenském,17665
areálem,5989
advokáty,180
penále,18202
klasická,2122
notebookem,17797
vévodovi,7043
naplněné,10199
lan,18203
dotykových,18204
švédskou,768
napsaly,1402
zajistily,2781
rozpustná,18205
vymření,18206
meteostanice,18207
jednacího,16987
karty,11093
čety,18208
francouzštině,6807
příliš,18209
plovací,18210
náboženská,1835
kombinovaných,6062
tisíců,15319
tenisek,18211
osmnácti,7528
hotovy,1424
webovým,1654
svenska,18212
stávka,13007
kladla,2209
parcely,6582
koupilo,7776
modifikovat,18213
nálevu,18214
bohaté,1942
barevného,2853
poplach,18215
dobrovolné,3936
krevního,8844
zeleniny,13814
vektoru,2758
moře,9445
plastovými,2676
ohledy,6444
důrazem,5698
účtová,18216
stabilitou,16941
plno,18217
neprojde,4577
litografie,18218
péčí,18219
historii,13506
výhodné,15160
povídání,18220
nejrychlejším,13111
umu,18221
půdě,7274
zkontrolujte,16736
testech,9470
jihozápadního,14170
ekosystému,12633
vedu,18222
srdečního,11387
nespravedlivě,14990
ojedinělou,3591
počtů,18223
vznikajících,5522
pokročilých,7284
možnou,5577
třídními,12079
kolísá,18224
službami,10515
hepatitida,18225
portálem,8592
domečky,13355
vyrůstala,4685
získávají,6947
úmrtnost,16366
milého,2287
mocí,18226
uhlíkových,4613
zobák,12339
hubená,6019
travnatých,14451
piano,18227
nástrojů,7798
píšeš,1451
vystřídaly,2620
franků,5727
bitvou,10019
obsahovaly,9215
stranickou,1953
pěna,18228
opatřeními,10727
pokémonů,18229
ratings,18230
lžící,18231
docházelo,9287
koukněte,18232
zdravotnické,1742
rutiny,18233
marmeláda,18234
magnetem,18235
neprobádaných,18236
sraz,17559
zakoupíte,4780
luxusní,5600
uvažujete,1483
odolností,18237
vleky,8419
políčka,3345
obrovském,8457
tajnou,3539
aminokyselin,16063
kultu,5742
propojit,13639
číselníku,13714
kolektivů,1881
severněji,18238
roztroušenou,18239
polohrubé,18240
omylu,3786
milostná,2546
poděkovala,3422
logice,4836
ever,18241
strojů,3288
tvrdého,5894
ochutnávka,18242
rozeznává,14663
designy,2637
dám,4122
uzlin,18243
potravinářské,4041
střední,10749
bariéry,11845
přidali,2607
bída,12681
aplikace,14191
potřebnými,7783
elektrickými,5107
radikálů,18244
bratrance,610
předškolní,13224
srst,18245
pavilony,18246
polarizace,18247
překonali,5726
nápisů,12420
stupeň,18248
nedělního,10911
horským,2423
opor,10422
sirupy,8917
sumy,13219
potrzují,18249
bylinky,18250
prsou,18251
potřebujete,2922
skalnatém,2740
ter,18252
kozí,18253
pohybovat,5556
rozsáhlém,4059
karcinomu,18254
žila,4204
odkazují,6134
konají,8004
husitství,18255
pobírání,18256
spálí,12289
podstata,4546
hostinu,9357
podzimní,11634
paletou,18257
vyhrazena,11058
liška,17266
magnetických,6954
polstrováním,18258
ztracenou,4132
stříbrným,6827
deníky,2849
poutí,9066
ultrafialové,18259
vídeňských,2672
štěrbiny,18260
irskou,1217
oxidačním,18261
chápání,18262
nežádoucích,12841
vsunutím,18263
přestupky,15904
nacházím,14091
oprávnění,13685
kompletace,18264
umožňuje,10858
jiskru,18265
dlaždic,18266
kamarádství,18267
stoupenců,7672
nadešel,18268
obloze,14862
opěrný,18269
utekli,5125
sekerou,18270
biochemické,9219
smyčka,16107
kondici,18271
objasnění,18272
vstřelených,18273
tečkou,18274
magazíny,18275
mající,18276
rozestavěné,18277
syrskou,1486
aerodynamické,7645
léčiva,15387
položte,5045
tajemnou,1768
křižovatkou,6841
cestou,13310
likvidaci,11007
pořídím,18278
ovocem,17365
community,18279
pater,18280
dotazovaných,18281
rolníky,1117
existujícím,8301
topnou,7142
potkala,5762
úložišti,18282
centralizace,18283
vyzvánění,18284
rozsáhlé,4059
rybářská,4817
prohlížečích,5096
péro,18285
napsaná,9478
poptávce,6916
narušování,18286
sond,7083
radaru,6853
dosaženo,15987
kabáty,8718
boxerky,18287
sdílejte,7031
databází,15197
okrajová,8156
podala,1624
výkaly,18288
králíky,3036
sociálně,18289
rozstřelu,18290
zprávám,5682
transformátory,8159
hlásek,18291
základová,18292
darem,11381
trávila,3989
společnou,4712
tunerem,18293
proudění,18294
pohrůžkou,18295
basketbalové,2991
movitého,18296
nezůstalo,7272
nahrané,8023
domků,11825
biskupy,645
ztracené,4132
latexové,18297
námořnictvu,6394
kámoše,18298
seká,17657
kalendářotvorce,18299
bezva,18300
nasazení,3080
včerejšího,18301
účtenku,18302
presbytář,15645
their,18303
přestanu,8065
obsaženo,5220
laserové,3334
русский,18304
konventu,18305
lidová,1534
implementace,18040
přesuneme,6976
posilovny,18306
ležící,18307
internet,17739
helmy,17618
taktické,7044
rota,18308
startovali,6378
svahu,9324
odběrů,11994
pomáhala,2512
čechách,18309
školku,12471
pohodová,2988
pořídila,3002
pozorováno,5073
vyzvali,5871
poháněny,6683
oplocené,18310
likvidační,18311
velky,18312
nižších,16886
pohraniční,12381
sortimentu,16884
listinou,18313
tvořila,1581
sekání,18314
páchání,18315
akorat,18316
sdílet,7031
nízkoenergetické,8281
jogurtem,5606
mel,18317
pomoc,15684
trimestru,18318
zlým,1221
navštívit,5234
příjmy,7244
kontaktním,12147
skončí,6860
vnitřního,11385
spřízněných,18319
laiků,18320
dobyli,8587
zajetí,18321
adres,18099
vypustila,4462
údolích,18322
pocházela,3740
vibrace,18323
přívěsů,18324
zmást,10817
armádu,5259
opìt,18325
pilířích,6529
periodicky,18326
medu,8860
ručníku,9038
zkoumali,4299
slalom,18327
sociologii,3773
obědem,13068
sympozium,18328
stanovenými,8724
nedáme,18329
uznány,1541
vyd,18330
prázdninové,8105
znamenala,7266
tanků,4997
sesterská,12877
chladno,18331
mezerou,17769
proměnným,18332
neuvedeno,17495
depresí,6919
knihovních,17227
motorky,10894
tělesného,6195
ubytovny,18333
podpůrné,4296
školáka,15259
použiju,1688
nějakým,2801
farnosti,18334
lepicí,18335
like,18336
stěrače,8652
puma,18337
uložení,12307
atentáty,2768
nejvyššího,10512
baziliku,18338
dělnickou,6799
víkendové,8450
tkáních,15199
tiskopis,18339
italsky,18340
dosáhlo,7977
donekonečna,18341
božstva,10141
křeče,7653
pov,18342
sales,18343
pokrývka,18344
pařížskou,2110
lumenů,18345
rytmů,3353
nadávat,8189
krémový,18346
skleniček,14011
nickem,18347
vídeňského,2672
mobilním,18348
pásků,15167
starověku,8818
ochranářské,18349
proměnlivým,5588
nedostaly,3965
zřetel,12726
posílili,6701
mohutnými,7455
paštika,18350
spravne,18351
kanóny,7521
pražskému,992
sázka,18352
katalogu,9558
vypustí,4462
vrhnout,5349
milými,2287
zadáte,18353
projíždí,15629
showroomu,18354
adresa,18099
kuse,5957
jeskyně,13988
kazit,11450
podobě,6365
protisměru,18355
bříško,16461
skreč,18356
urychluje,18357
organizovaného,6021
koberci,7479
šlach,18358
mravy,9322
lžička,17904
trav,16433
plechovek,15189
krásnými,6744
konfigurací,18359
srazy,17559
řezačka,18360
sídlící,18361
rychlobruslení,18362
vodárny,18363
hoppova,18364
life,18365
sdružují,18366
konzervanty,18367
zavazadlového,13863
populace,18368
poslouží,4895
argumentu,2139
zastávkami,8865
londýnském,2294
pořiďte,18369
hledané,2158
zoubků,18370
přivítala,2998
degradaci,18371
obilniny,18372
expandovat,18373
symbolizující,18374
lodního,16956
kdyžtak,18375
archeologická,2371
specializovanou,2926
kabelová,5004
pronájmem,18376
nepotřebuju,18377
počínaje,7168
plemene,18378
kotlů,11908
moţné,18379
zabudované,18380
obchodovat,9591
zařazení,9783
parkoviště,6684
krátkodobé,6470
otrávit,10355
doušky,18381
zakázat,4112
elektronice,18382
energetice,12072
mezinárodnímu,7961
obsluhovat,9843
předčasném,6812
jiste,18383
produktová,15779
ventilátorem,4951
fúze,18384
výluka,16312
škodlivé,10717
stran,3643
konkrétnímu,4419
vypukly,18385
amore,18386
kotouči,18387
panelech,15534
protiprávního,18388
pesticidy,18389
učivo,13059
červ,18390
carské,12962
vruty,18391
mediálně,18392
teplomilné,14799
ukrajinsky,18393
popeloviny,18394
křížové,13262
investování,18395
upravovat,13113
zaběhnuté,9456
zralých,2302
moravským,2368
elasticitu,18396
zaútočit,16722
zitra,18397
hodnotících,17599
srovnatelný,18398
výpočty,8829
krádeže,17154
přenášených,18399
křižníků,4587
oplechování,18400
dodatečnou,4248
podnos,18401
nicht,18402
stíháno,8247
oživí,5550
amnestie,18403
parkety,18404
signalizuje,18405
žlutý,18406
akutně,18407
pozornosti,7958
podvodu,12543
kooptací,18408
komoditní,18409
zaměstnávala,6023
prokázán,2162
dohromady,18410
měny,9828
mulčovací,18411
éra,13656
mávnutím,18412
mořích,9445
kategorizaci,18413
sedli,10339
přímého,9120
obchodních,10053
nástěnných,11196
zničeno,9459
exotickou,1561
zapínání,18414
náušnice,18415
vojensky,18416
vyšli,5729
čárka,17264
ztrácím,11552
aplikovanou,7387
frézování,18417
výbušné,18418
zamezuje,18419
chladnou,18420
roků,10334
mody,18421
monohydrát,18422
chybného,6187
ideálem,7029
ovesné,16113
tun,18423
myši,18424
druzích,6552
křovinořezy,9889
usuzovat,18425
karta,11093
víček,18426
ubytoven,18427
džem,18428
vynikají,18429
robotiky,18430
konvoje,7079
příslušníků,1440
druhotných,15140
webhosting,18431
jogurty,5606
schůzi,17754
udeří,5412
klientely,10221
ptáčky,18432
neurčito,18433
uličkami,15774
výbušniny,18434
reguluje,18435
loterie,14942
podmíněná,5678
pláštěnka,18436
objevíte,1854
zbraněmi,12408
pověřeným,1094
trysky,18437
párky,2794
dies,18438
pusou,18439
odpovím,2009
lahodnou,6282
zaostává,18440
zastávkou,8865
přikrývku,18441
panelovém,9864
kliknout,18442
provedenou,14987
dřeně,10978
trvalého,11413
nedochovalo,10140
šištice,18443
půl,18444
poh,18445
hledají,4210
lopatky,16423
extraligové,18446
touch,18447
lavičky,13870
benefitů,18065
mùže,18448
rotace,18449
potkávat,5762
bílými,15598
funkčnost,18450
sebevražd,3569
jakž,18451
inflace,18452
hesla,11206
draků,18453
turnaji,10027
krásné,6744
bytů,12675
poučení,18454
omítek,18455
konkurovat,18456
prezentováno,1806
obdobnou,10908
charakteristiku,9477
živo,18457
nesmíš,1316
vyškolení,18458
pěšky,18459
leželo,7703
přijímat,4183
včelí,14334
ční,18460
motýla,7802
zjištěno,16776
zápisu,16347
přebytky,8584
zformovala,18461
děkuju,6440
spektra,18462
vinici,1361
pohodička,14943
citováno,2458
roh,18463
kohokoli,2087
vlastenectví,18464
chvilka,2832
dobytkem,8130
produkty,7558
kuřat,17590
nadržená,6355
protivníky,1280
lymfatické,9812
srsti,18245
věznici,7403
zvýšil,18465
císařského,4714
antivirus,18466
společenskému,3946
uspokojivé,18467
sloupek,13951
náboženstvím,13625
okrajovou,8156
projet,9302
procentní,14328
comments,18468
bilanční,18469
odpovídáme,6832
restituce,9490
slovinsky,18470
sledovaných,4629
rozeznávat,18471
komunikaci,9678
sondou,18472
kontaktuje,11482
patrno,8913
užívejte,18473
dostupnýprodukt,18474
pohromadě,18475
nátěrů,13974
považovali,4772
odpovídali,6832
řetězová,18476
objednali,4982
osad,9239
hal,14355
novodobé,1599
přiměřenost,14702
posledními,8238
navštívili,5234
ospravedlnění,18477
rádius,18478
jihovýchodě,13278
nesla,5677
lní,18479
kapitálu,5844
biskupů,645
plnému,17689
nejlepšími,5791
zastavuje,18480
pejsci,2590
hádanek,9452
rolka,18481
varovala,2140
umyjte,18482
podium,18483
kauce,11540
přenesou,6481
formátování,18484
pásmo,13378
vadami,8637
odborových,1407
předvedení,1401
environmentálního,14100
olejů,7106
splatná,12616
loupeže,9258
inkvizice,18485
opata,1103
blíží,15356
příznivá,11280
údržbu,10501
stížnost,18486
odsoudila,7399
nevýrazné,1360
profi,18487
plnohodnotná,6505
hraběte,1237
sladce,18488
zranit,3660
inventář,18489
vykládat,4385
ovčí,18490
roury,18491
zasunout,18492
čísle,15050
farnost,18334
matematické,1889
samouky,18493
formace,15910
ozdoby,18494
křížů,18495
zemina,9054
tělu,5011
basketbalovou,2991
pravděpodobná,3313
podepisování,3502
evoluční,18496
trysek,18497
prodáváme,12324
spadnout,8459
publikace,7459
posudky,2440
promoci,18498
komfortně,18499
vyslechli,3557
střele,18500
espressa,18501
pravoslavnou,1519
kompatibilitu,18502
věrné,3435
hrudní,18503
seznamů,18504
setu,18505
rychlým,13111
odpočinete,18506
odhadované,18507
edge,18508
kmdo,18509
nejlevněji,18510
šerm,11516
pořídíte,3002
odborném,1690
liturgii,18511
vyber,961
dotačních,18512
grafech,4209
padělky,18513
proroctví,18514
šestinedělí,18515
stáži,14789
potřebným,7783
vzdy,18516
nabere,18517
létajícího,18518
pohoří,18519
dětské,1355
stě,17336
bodem,16355
přeplatek,18520
vynechání,18521
kořenové,4206
páně,18522
jarním,14995
vybavení,14948
obyvateli,2583
mrakodrapy,8523
výpis,18523
metabolismus,18524
ustálené,18525
krajů,2664
zásobu,10999
mikroorganismy,18526
mci,18527
požádání,18528
bezpečných,3185
polskou,488
potravinářská,4041
stanici,10764
socialisty,7041
objevující,18529
makedonské,18530
žaloba,8115
přispěla,2346
dostatečného,10753
zesilovači,9562
nájemní,6303
fyzickému,3515
zadními,8543
slaninou,10210
tvrdé,5894
euforie,11576
stisknutí,10002
budík,18531
pohledová,18532
rámců,9282
vychladit,18533
stativy,18534
odpadků,18535
nalepit,15592
tělovýchovu,10867
tréninku,8887
stipendia,10917
dotáhli,18536
zavřou,5666
kolenem,17230
skořici,12098
zhruba,18537
cyklostezek,14440
dopravně,18538
tiež,18539
pahorek,18540
karcinomem,18541
vývojová,1076
spořitelní,18542
urážka,18543
dir,18544
zlaté,7850
poklesu,15091
diodové,18545
zúčastnilo,1842
nabízenou,13957
bohatá,1942
střelivo,18546
pigmentu,18547
způsobilých,6761
pláštěm,9440
jedinečnými,1532
kredity,18548
dělohy,18549
přidalo,2607
filtračního,18550
orchidejí,18551
chovají,5436
sehnala,2788
podobnému,6449
lůžek,18552
zhasnutí,18553
připraveno,2093
aorty,18554
zasedání,18555
přesměrování,18556
lemuje,18557
mitochondriální,18558
založily,2819
mějte,2115
vizitek,12530
várka,11239
honit,7725
nevzala,2582
vyrobené,6173
aplikovaného,7387
platila,3462
měšťanskou,15150
registrovaným,4786
kvasinek,18559
hřbitovem,6714
držen,6363
stálá,1883
protiklady,2842
metodika,12207
odvykačce,18560
sankce,14496
obzoru,16658
druhům,6552
stvořená,18561
poletí,13499
stavitelství,18562
odběr,11994
dozrávají,18563
hraničního,15161
účinnou,11815
zapnutý,18564
navenek,18565
semestrální,18566
psí,18567
zednické,18568
bližších,18569
přednostní,18570
přihlásila,2895
dokonalé,3796
světlým,7332
němčinu,13587
měnící,18571
přízeň,18572
žaludku,5445
snadnější,15849
cenová,3822
uvidíš,2919
výhodnost,18573
společenském,3946
přidáním,18574
šitý,18575
bar,14083
nerovnice,18576
pružina,18577
zaručených,9912
odložené,11054
nejmíň,4837
formě,13444
evropském,1983
překážek,5237
vodivost,13022
fúzí,18384
reálce,18578
rozdílnou,8645
orgánů,1261
zábav,10630
ukládání,18579
brouků,4022
pozůstalým,11867
meditaci,13327
monopolu,9316
anglickému,1007
vhodně,18580
polstrovaný,18581
veřejná,4800
akord,18582
zrání,18583
nahlížet,18584
říkalo,370
nápoje,2400
zastoupeni,3054
konstanta,9984
základnu,18585
dokládající,5749
nepatrnou,8913
hodností,18586
samostatnými,1713
tranzistory,10648
history,18587
případná,3124
výměník,18588
kompresorem,18589
ilustrovaná,18590
podobnými,6449
skladování,13352
listině,18313
kapesné,18591
gallery,18592
dotazy,11730
zájezdy,6981
čtyřhr,18593
pramenům,5299
předností,10064
svahem,18594
odborové,1407
polích,18595
zázračně,18596
cesta,13310
ostře,18597
duhy,18598
vlastněná,18599
monitorů,12188
turnajích,10027
šíření,17950
kaskádových,18600
barokními,4106
pokročilí,7284
nasazovat,2585
stoupnout,18601
koupel,16925
oznamují,6294
věcného,2485
můry,16249
probojovat,18602
vrstvách,14029
erekci,18603
průmyslové,2480
věcná,2485
zemní,16197
intoxikace,18604
předpokládaného,4926
trvanlivosti,18605
zhoršuje,18606
spadal,18607
překážku,5237
zdrželo,13793
známkách,18608
pěkné,9665
výzev,10851
vzácným,5997
komorami,9991
pozorovatelné,18609
moci,18610
uskutečnili,8846
redukovat,18611
komunitě,10612
nenosí,6172
zněním,8698
poznají,2036
dveře,14548
předchozím,7434
systematického,6611
podpoříte,1387
stanovená,8724
aroma,18612
dodáváno,18613
air,18614
zpoplatněna,18615
potřebují,2922
citátů,18616
hledejte,4210
přispívající,18617
dubové,6420
letenku,12954
erozí,18618
tradičnímu,3975
nosnost,6607
muzu,18619
náhlá,5994
dost,18620
psaných,11180
jezdecká,7196
okamžitého,15560
laloku,18621
ucítíte,18622
myčce,12462
daně,9616
poslali,6643
sektorů,18623
protiprávní,18388
četnost,15447
poddanství,18624
zemřou,1287
slibovala,1773
čárku,17264
levici,18625
odrůdy,13521
totiz,18626
exekucí,18627
obrovskými,8457
vázat,15706
řekneš,3909
nekonečná,3164
nepříjemnému,16231
nástupu,13284
enzymu,3694
dravce,18628
seskupení,18629
šikmou,9095
kalibrační,18630
form,18631
správy,17314
březnem,12125
vylepšení,12385
následujícími,9686
nahradit,6370
kartách,11093
běžícím,13989
sešly,4833
vyškrtnutí,18632
prohlídce,14994
bourací,18633
procedura,18177
vaječníku,18634
snímače,18635
obvodovými,16985
olivovým,11672
osvobodit,10274
varovné,5865
potažena,18636
neoprávněně,9372
psali,1451
kapsu,11623
hloubka,5821
agregátní,5303
zavádět,7503
parkovišti,6684
pojišťovny,15179
zavítala,18637
zajištění,7812
moc,18226
osobám,1555
přestupní,14007
vyjednávat,14734
wie,18638
vyhazovat,18639
prádlem,15944
přecházející,14155
set,18640
daty,10521
objemné,18641
nádvoří,18642
slz,3910
hasicí,18643
zjednodušeném,6721
bramborami,14946
lží,11139
záhon,18644
objektech,4216
barev,9144
žehlicí,18645
stolní,11570
věnováno,11707
vyhrazené,11058
vaničku,17637
těsný,15593
zámecké,2273
kopání,18646
geodetické,12820
analogovým,4628
tvarosloví,18647
rozlehlých,7390
představeného,18648
objednala,4982
jednolůžkový,18649
potvrďte,836
zpomaluje,18650
úměrné,13644
nebezpečně,18651
potrubní,18652
plotteru,18653
klubové,1765
vlajkami,16464
hmyzu,7516
smrtícím,17507
hledaly,4210
bojiště,15339
poradny,18654
extrakce,18655
expedici,10371
budou,2244
archivovat,18656
nebo,14048
hospodářská,4300
organismu,4862
soutoku,18657
rustikální,18658
vysvětleny,558
ekonomii,6869
uvolněných,2907
obec,13212
státě,1941
domácnosti,18659
hrubé,12692
houbu,16750
porážky,11156
funkčními,15653
vlastnoručně,18660
dobývat,15379
peníz,18661
registračního,12658
store,18662
kaplí,18663
veselí,2412
odlehčené,4138
bene,18664
oblak,9353
růže,13936
cizincům,790
koktejly,18665
bytech,12675
zajistíme,2781
jezuitské,1637
dotační,18512
výstupním,18666
nepoužívejte,18667
notnou,18668
propuknutí,18669
globalizace,18670
módy,4305
síťovou,6149
gramáže,18671
stránk,18672
ven,18673
bratrstva,16428
využiji,18674
přidružených,18675
dávkování,18676
krůtí,18677
tekutin,14399
laptop,18678
nejmodernějším,7104
tvarovky,18679
úžasných,3248
družinu,12881
vychutnáte,18680
hromadného,17920
zastoupených,3054
městskými,4031
preferenčních,18681
vložila,2491
domácnostech,18659
vysvětlen,558
poruchami,14094
podívám,8624
evangelické,4095
kraťasy,18682
krytky,18683
cévních,18684
provedla,1819
využít,2125
svítidla,18685
upravován,13113
plazmové,18686
finančnímu,7216
maybe,18687
hospodářství,18688
pokračujte,3034
oken,17337
buchty,18689
leteckými,1375
dražbu,18690
skloňuje,18691
rovného,13257
spis,15477
nosem,17114
koryta,9363
svinstvo,18692
tureckým,1114
vytištěné,18693
papežské,2045
levnou,8448
pokrývá,18694
obdoby,10939
dozorem,3038
popsání,18695
vaničky,17637
skříněk,18696
current,18697
spokojena,1634
poskytuje,11559
obra,12320
služeb,10515
porody,6268
kategórie,18698
trať,14997
smazání,16489
vyvinutou,13965
průniku,18699
cestovala,3165
celostní,18700
zahrada,6550
background,18701
vrátíme,3974
bring,18702
nemovitá,17432
ruském,381
voleni,2515
kupujete,10671
kolmé,18703
zakončenou,6965
vitaminů,18704
inkluzi,18705
faktoru,1462
záchrana,3330
prosklenou,18706
mikroskopie,18707
lyžařském,4803
zrychlil,18708
mokřady,15408
nedocházelo,9287
doplňovací,18709
map,17164
instalují,4145
secese,18710
vyskytující,18711
rozložení,9017
pohřbeno,18712
monografií,18713
sloučenina,17436
teritorií,18714
oslabení,18715
vozovce,15736
splatností,12177
varu,18716
důchodců,1866
vystavovatelů,11065
záložna,18717
kontaminované,18718
tygří,18719
zahození,18720
otočným,18721
zavřeli,5666
vyhláškou,12356
krabičky,17388
klášterech,5077
kolej,9760
řádků,15296
příspěvku,10904
kteréhokoli,2274
obvod,15995
obtěžovat,13828
botanické,11674
zánětu,11467
selfie,18722
geometrické,3777
programování,18723
investovala,4733
stávajících,10829
startovat,6378
konzervantů,18724
vylučování,6204
sesterské,12877
ročně,18725
zhoubné,6661
nemusejí,1107
tvrdosti,12180
rybářů,393
fototapeta,18726
výše,18727
vítězství,12759
zabraňuje,18728
vnitřek,18729
přistýlek,12211
svítidel,18730
kritéria,7922
upravíme,4302
below,18731
oblíbení,1503
surově,18732
kočičky,18733
svetry,6592
jednotlivými,1628
nebi,7023
tečku,18274
přistoupila,2013
plyšové,18734
oblíbenější,1503
zvířeti,5667
terapií,17516
cizími,10547
zbytečně,18735
nemel,18736
školkou,12471
přemístěn,7777
mužete,18737
vzešly,6796
městem,5562
shift,18738
vazba,8689
pomníky,4061
západními,6943
vymezení,9367
postupovaly,4294
místnosti,15251
vlajky,16464
intenzivněji,11810
leta,18739
náplň,18740
čtvrtí,8920
archivaci,18741
netkané,18742
legalizaci,18743
výborném,2075
takováto,3221
rampě,18744
dětském,1355
šablon,7213
kompatibilita,18745
ergonomie,18746
plnit,7461
rozlehlá,7390
kupujícího,2997
nesrovnatelně,18747
kopcovité,18748
venkovská,2655
prsu,18749
procházkách,18750
člunem,5468
zpevňující,18751
přidala,2607
příměsi,18752
bavlna,16131
ohniskové,10907
teplotních,16671
nejmenší,2879
akademické,2442
seznámíte,3073
úvěry,5155
vyvodit,18753
sonoma,18754
skládačky,8451
pubertě,18755
bankrot,16375
his,18756
krovů,5555
časopisem,5515
zanikl,18757
nejméně,4837
žebříky,12617
hotova,1424
ochlazení,18758
href,18759
babi,18760
okamžitě,18761
populační,18762
stany,4325
grantové,14738
pocházejícími,7574
plynoucích,11233
miliónu,9151
zvětšit,18763
palcový,18764
fyzickém,3515
informujeme,2151
mletá,2292
inspekcí,18765
koupím,7776
hříchy,3914
trávníků,12401
odvozených,4738
měnili,9040
toxicity,18766
nezletilého,12212
hospody,10683
spona,18767
března,12125
oběh,13961
conditions,18768
střídaly,3902
linkou,14317
jemnou,3799
vzpírání,18769
územně,18770
navýšení,14534
praktickými,3044
tvořeno,1581
kostry,13727
meeting,18771
vezu,18772
patříte,6185
džunglí,15181
prototypy,3537
nedostala,3965
anatomie,18773
rodičovskou,4240
jídelní,13430
zlatým,7850
cílenou,7921
klína,17764
navození,18774
navazujících,13515
schválených,4857
řady,7366
univerzálních,16439
tisícovku,17944
dokonale,18775
uvedenými,2210
zvěře,10383
kešu,18776
problematika,7765
šlehací,18777
povinny,2931
red,3507
planetu,11508
dělby,18778
nadváhy,18779
následují,4736
vyvinout,4661
knihovní,17227
destrukce,18780
obchůdek,12708
ready,18781
obušky,18782
nížina,18783
testovaného,18784
sprchová,2431
lodí,13422
dřevěným,4952
spojeny,5665
baby,14513
posilovně,18306
hlaveň,13043
latiny,18785
vestavěnou,5602
milujete,2785
normy,10377
minulá,3244
šachet,18786
saláty,2789
last,18787
penál,18788
řadicí,18789
zbude,13208
stranami,3643
platební,13513
kolegia,18790
logiky,4836
ekonomicky,18791
omamných,17506
užovka,18792
zajímaly,5484
symbolika,18793
čarodějnice,761
proškolení,18794
úspěšností,16620
nevhodnou,17785
ztracených,4132
eskadry,18795
disco,18796
syst,18797
slovíčka,16606
respirační,18798
dojeli,6405
pruh,14737
izotopu,17461
nastartuje,4176
opěradla,17060
probírané,18799
prodl,18800
základů,6233
masivní,15877
povýšen,18801
úžasně,18802
krizová,1517
modlitbách,15209
obrátili,7141
ulice,13577
křestních,18803
dnešních,14056
propustnost,18804
zeď,12495
zručnosti,5404
dohnat,18805
vysvobození,18806
zničehonic,18807
vyprázdnit,18808
vítejte,4773
vévody,7043
okrajové,8156
vstřícné,1951
vyzívám,18809
provedly,1819
plasty,9106
zmizet,8257
smlouva,11192
nejrůznějším,6244
zájemcem,18810
denkas,18811
zasouvá,18812
dílků,18813
after,18814
ruda,18815
některém,2220
křoví,18816
seniory,3354
lampička,13424
měřítkem,7285
výškové,9589
stupních,18248
side,18817
drtivé,5057
sjednotil,18818
případnými,3124
stravovací,11775
krvinek,18819
levandule,18820
vánocům,10206
pokrýt,15974
kolpůjčovna,18821
kontrolu,12741
hloubky,5821
psích,18567
business,18822
omluvila,2867
dopadli,4202
ochraně,18823
pořídili,3002
třísloviny,18824
pouzdro,18825
ubrus,18826
neustále,18827
omítku,18455
racionálního,11665
zvonek,18828
reaktory,4726
zahrádek,18829
pohyblivosti,18830
ala,18831
far,18832
mírném,8200
ozbrojených,5691
popsaného,13267
šíleně,18833
hlodavců,18834
periodik,18835
typovou,18836
smetl,18837
dědičnost,18838
rozhlednou,11974
trošku,18839
řídili,2632
nedělej,1466
nevyznám,18840
křiž,18841
pokoji,8021
dokonalejší,3796
celkově,18842
kurtu,18843
vdovou,3798
vybereš,961
hypoalergenní,18844
nejvyššími,10512
něni,18845
mohutných,7455
šuplík,18846
lehko,18847
pøípadì,18848
vypsané,18849
sítem,18850
volného,12859
dělený,18851
toast,18852
prodejnách,11496
celkovou,16271
odstraněna,14448
koncertovala,18853
stínování,18854
laminovaná,18855
šampionem,18856
místností,15251
rozměrech,7737
buňka,16863
jedenkrát,18857
horyměsíčník,18858
záři,16844
zrušení,10286
řeholníků,18859
převládají,11578
dřevěnou,4952
jakákoli,3720
ohnisková,10907
novelizováno,17127
normálního,15932
životnost,15348
důkladnou,17284
ohřátí,18860
jidlo,18861
přísahy,13617
zklidnění,18862
harmonii,18863
nárazům,8208
růstového,6700
efektivity,18864
obětní,18865
předplatném,10947
urychlit,18866
žáků,601
změněné,18867
úchyty,18868
zhotoveny,245
financovaných,11667
vinicích,14356
pozvánky,6507
parapet,18869
úctě,4090
transfer,18870
vysočina,8126
osvobození,18871
hlasitost,15337
přespání,18872
hodím,5866
vyhlídky,13505
celulózy,16809
evidencí,18873
kapacitně,6800
zefektivníte,18874
podobnosti,18875
letové,5501
administrativy,16006
taktika,7378
variability,18876
postřikovače,18877
obcím,13212
izolaci,13528
opraveno,4062
spo,18878
stavěli,3908
mechanizmů,18879
hebrejsky,18880
kardiovaskulárního,18881
hladin,15834
lehkou,3198
neposkytuje,11559
tóny,8577
železářství,18882
kéž,18883
kabinou,18884
příslušníka,1440
množinu,12174
chvály,12996
kroužkem,9471
vojsku,7871
ekonomice,9364
svátky,4453
římskokatolická,3016
dlouhá,9451
oslavili,3615
spodního,11990
your,18885
zabrala,7269
cirkulární,18886
povzbuzující,18887
zaujímali,18888
otevřena,8688
škálovatelné,14142
kouknout,5357
lavičku,13870
udržet,6095
week,18889
chrání,8013
rozpadla,11298
břiše,16461
parapetů,18869
pestrá,6731
anglické,1007
přijata,2271
nájemců,1859
sousloví,18890
prezentovala,1806
sedákem,18891
šíří,10757
žehličkou,18088
kalendářů,8429
spjaty,1111
písku,5676
narůst,18892
deskou,4768
zděšení,18893
předložených,5115
přechodně,18894
bydli,4303
stylovém,2965
holek,3475
plody,6503
náhlém,5994
obtíží,8838
důsledné,18895
detekce,18896
hrobku,4314
trénování,18897
demence,18898
neustálého,9768
daňové,3120
typům,5776
dětma,18899
vyspat,18900
zdravotnická,1742
močových,6403
celním,14200
choroby,6081
středohoří,18901
poslat,6643
olomouckých,1668
programovatelných,16874
preference,16624
žijícími,18902
předpisy,8808
prověřených,17033
kuličkami,14175
dveří,14548
farářovi,228
knihovnické,13110
rozpouštědla,18903
sněmovnu,6482
vyučovacím,6428
žárovku,18904
půlstoletí,18905
uplynutí,18906
irské,1217
propadne,15570
zvonem,9657
chátrá,18907
univerzitami,9199
získávání,11059
odkoupení,18908
nekonečně,10341
rozjasňující,18909
branka,7954
úchop,18910
vyplňte,2701
zakysané,18911
atypické,5874
paušál,18912
seniorské,13142
vyhodnocovat,6953
slet,18913
personalistiky,18914
řídítek,18915
poklidný,18916
dimorfismus,18917
polymerové,18918
nynějška,18919
účinností,18920
obsahující,13662
koncovka,11317
vypravování,18921
bota,13995
závěsu,9736
postižena,885
arts,18922
přeměny,6516
mokřadní,18923
antioxidační,18924
vaničkou,17637
vypsaných,18925
obíhá,18926
pískovců,11383
písečná,7052
zrušili,7126
heraldické,18927
stavebnice,14876
smlouvách,11192
budově,9739
multikulturní,18928
dozoru,3038
postní,18929
samosprávu,10775
čtecí,18930
vypnuté,15804
integraci,18931
přepólování,18932
motocyklem,9937
úderem,5983
produktivity,18933
jednoduchosti,13312
motorová,4383
mode,18934
hvězdokupy,13242
příslušnému,1956
vymoženosti,18935
servo,18936
dispozic,18937
participation,18938
koník,18939
hlasovací,14285
užijete,18940
nedostatečná,10753
nezabere,18941
tadeas,18942
alergie,15801
levným,8448
osídlili,18943
bioplynu,18944
dávno,18945
technickému,1127
plicní,16647
schodišti,12312
sotva,18946
věků,9774
zmíněnými,1264
benefity,18065
visí,16016
tyfus,18947
nakoupíte,7605
uzamčení,18948
šachtě,10715
kontraktů,5824
spisu,15477
křesťanskou,1489
ověřené,10244
sankcí,14496
podstatě,4546
zvedají,13602
lemováním,18949
měřené,8170
modrý,18950
ukazatelů,11821
prémie,12146
odstraňovat,14460
pojistit,18951
adware,18952
kachních,18953
železo,18954
označujeme,12391
třinácté,5560
cosi,18955
přesile,18956
kterémkoli,2274
vzorek,18957
vcelku,18958
využijí,2125
srovnání,12818
žákovských,18959
opomenutí,18960
les,16800
dařit,10745
krajská,1573
numerické,18961
tvarovou,18962
ohřívače,18963
mark,18964
depozitáři,6702
plnohodnotné,6505
lyží,16648
bubny,8358
jasu,12517
kuchyň,8857
pásy,6577
argumentace,14691
vykazoval,18965
obnovené,5136
uschovejte,18966
origami,18967
zvládnou,18968
špitálu,18969
rodokmen,18970
srážku,14283
podnikli,18971
činnostem,8467
podnicích,3033
lodě,13422
převzaly,1642
výhřevnost,18972
cestujícími,6075
dovědět,6201
můžeš,1998
fotka,7498
panování,11300
hospodaření,18973
ošetřovatelství,18974
sběr,6068
čitelná,12854
inkoustem,9228
zrušen,4917
zaměstnáni,2987
špitál,18975
tchýni,8556
rekvalifikace,18976
připojuji,18977
pěnu,18228
získat,2291
květenstvích,18978
léky,4770
vozíku,7464
nápovědě,18979
poznamenáno,17861
zastávala,4598
jídly,11774
bunda,13937
vestavěným,5602
serie,18980
teplou,2224
featuring,18981
vyrobeného,6173
používejte,7967
probíhajících,16869
cyklistům,269
připravily,1013
komentovanou,18982
žárovkou,18904
prosince,12206
italskou,639
atomy,7204
sopek,17066
konferenční,18983
skalního,10837
přepínačem,18984
mši,11764
zatěžují,18985
dotýkají,5961
vrátilo,3974
štít,18986
pradávna,18987
pokojové,13171
přízni,18988
softwarovou,1657
neplatný,18989
nerezu,18990
identifikaci,18991
zákaznického,8936
pěknému,9665
posunula,4363
kufrů,15762
plocha,11490
kolizí,18992
výpad,18993
sekundárního,14547
částek,13363
nìkolik,18994
rejstříku,13124
nesplnění,18995
molekula,15580
výzbroj,18996
borce,522
automatickou,2650
reaktoru,4726
jakoby,18997
vyhrazujeme,9804
korzety,6164
prožité,18998
masturbace,13987
pivko,18999
předpisu,8808
divně,19000
odbornosti,12713
směnárna,19001
přídavky,10406
slezských,6896
zkratka,11201
deti,19002
there,19003
posloucháte,8627
poli,18595
součástky,10187
lokomotivy,15533
kladen,17020
testování,8290
nanejvýš,19004
zakoupila,4780
dvoudenní,19005
porce,19006
pastorky,19007
náloží,19008
půjčení,19009
dobírkou,19010
autobaterie,19011
porost,19012
chut,19013
posuvné,19014
věčné,3980
vyplníte,2701
štafet,12813
klášterním,13538
zaručují,12894
ropě,8191
zapisovat,12789
arašídy,19015
přídavkem,10406
distribuovat,3922
evidenčním,14729
soudně,19016
rozporu,5569
synchronizace,19017
zábaly,6162
vam,19018
družstvech,19019
proc,7355
čtvrtině,14712
úměrně,19020
blbou,2105
potomstvo,19021
přenosného,7089
spolehlivé,2283
ztroskotání,8859
volitelné,9437
chycen,3666
vracejí,6263
genetická,3886
množina,12174
zmocnili,4558
fax,19022
vrstevníků,3486
nádobách,14621
pohledávek,13261
seznamech,18504
dosahoval,13601
trestán,11790
paraboly,19023
načas,19024
přebytku,8584
alergií,15801
pokoje,8021
dvorku,11803
ulehčí,19025
oznamovací,19026
kamenná,13445
karoserii,19027
juda,19028
velikostech,19029
termostat,19030
podobne,19031
motivují,8475
království,19032
koza,19033
hliníková,3519
zmiňováno,4655
snažíš,2023
šlechtice,576
východním,12620
námořního,13728
nereaguje,19034
nasazování,19035
eparchie,19036
dokončeny,9257
dispozicí,18937
utratí,14754
řádky,11616
stabilní,16592
takovouto,3221
válečky,19037
neudělala,1689
stupňuje,19038
paprsků,5483
poblíž,19039
nakonfigurovat,19040
zaznamenala,3706
rovnoběžné,19041
pohybovaly,5556
jaderná,1577
hrozbu,12368
údržbě,10501
prachového,19042
layout,19043
dostali,3965
severozápadu,11436
lak,19044
duální,19045
občerstvením,19046
pryč,19047
visačkou,19048
hlavička,9897
konat,8004
orientovat,6454
mocností,10756
imunitou,19049
schváleny,4857
olejem,7106
vzbudily,2532
izolován,17056
menšího,2879
dotekem,8810
volnou,12859
členité,19050
kosti,9246
šatníku,9793
hořkost,19051
čerstvě,19052
odolá,19053
bezodkladně,19054
bezpodmínečně,19055
voliče,1086
provinciemi,13250
oddělující,14383
mluvení,2358
zřejmá,7084
těžká,5858
autoimunitní,19056
přezdívá,19057
intenzivnější,13227
občasnou,1932
hajní,19058
podezřelých,2008
ručních,7825
nárůst,19059
smyček,8134
podávají,12046
obvodní,16351
diamantu,19060
postižení,885
asistence,12172
telefonům,7826
současníky,7697
porušila,4863
esenciální,19061
záslepky,19062
ptají,2905
diecézí,19063
návodů,6673
slepice,19064
zápočtu,19065
setí,19066
devizové,4162
motivováni,8475
úkor,19067
jízdenek,19068
stovce,17038
obchůdků,19069
zbaví,6584
alternativou,6009
gerda,19070
ropná,1780
rybám,13904
vesnicí,10047
juniorů,4316
reportů,19071
zátiší,19072
vysoké,10512
krátké,2882
národnostně,4652
operátory,652
opravdové,1929
hlídkování,19073
vybudovaných,4454
kostely,7116
sametové,10467
listě,9943
bronzových,6476
nenašlo,19074
citrónové,14312
velice,19075
tau,19076
překlepy,19077
neurčitou,4082
nevyšel,5729
nástupiště,11147
rybolov,19078
stejnou,5320
brzy,4211
neslo,5677
platbách,11604
porostů,19012
začaly,3030
dožívá,19079
houbami,16750
olomouckém,1668
úspornější,6085
hranice,4931
neadekvátní,19080
řádech,4609
hranách,4692
spádové,19081
nejstarších,1982
přechodem,12559
oblečeni,3035
chodby,15138
rezervujete,11117
zakázaná,4991
nebolí,10631
ověřeno,7404
vzalo,2582
stolce,9602
opatřen,3064
zmínka,12660
pumy,19082
zamezit,17742
ztrácet,11552
preview,19083
svítilna,19084
nať,19085
velikou,8022
odešla,3793
nejvýš,18048
výboje,6792
brazilském,755
nějaké,2801
stávat,2625
rozhodné,3018
tažné,19086
prefektuře,19087
neslyšela,5104
jééé,19088
pěti,12340
mláďaty,5137
šaría,19089
bramborové,5583
nadstandardní,13929
maličkostí,14386
pomýšlet,19090
podšívku,19091
limitovaná,19092
smyčkou,8134
folie,19093
poptavky,19094
studeného,2503
aktivitu,8881
úspěšnost,16620
zkrátí,5668
navýšit,19095
umírali,3755
mužu,19096
nejvyšších,10512
setech,18505
vyplácení,19097
zástěra,19098
zavírání,19099
beautiful,19100
rozvoz,19101
judu,19102
zajištěného,4865
pomohou,3041
dispozice,18937
lordů,2557
předešlo,14574
zvracení,7604
provždy,19103
private,19104
seznamem,18504
hroby,6556
muslimům,1187
tráva,16433
bezkonkurenčně,19105
zlikvidován,9735
pásce,4963
účinkům,7743
vypadající,19106
pohlazení,19107
nedílnou,19108
vyvinut,13965
fara,19109
palubovce,19110
posouzení,19111
vrcholku,19112
výrazném,1360
sklopit,19113
kolonády,19114
rozepisovat,19115
mozna,19116
přijatým,19117
důkladná,17284
zapsat,2885
pouhých,3337
vázy,19118
italskému,639
získaných,5893
nit,19119
přístupné,5907
podlahou,13867
kuličku,19120
rybičky,19121
utekly,5125
ježka,7467
geneticky,19122
bezchybnou,2925
nezdrobnělá,19123
our,19124
nežádoucímu,14156
sukýnka,16247
rozvaze,10036
relací,17054
krajskými,1573
potkaly,5762
individua,19125
dálniční,7139
domácnostem,18659
taktikou,19126
střelou,18500
rubriku,16920
obchodní,10053
číslům,15050
nezbytným,9594
tlačné,19127
podprsenky,16948
upravit,4302
nárazu,8208
škálovatelných,14142
ledničku,15969
překážet,14152
tuneru,19128
zdiva,19129
klimatické,8140
číslicí,19130
dvojčátka,19131
postihuje,19132
nabídkové,19133
obsazenost,1118
účtují,6597
vyplatila,2580
spokojenost,19134
katastrofou,11044
pomoci,15684
akumulační,19135
slast,19136
zříceninou,13717
organismy,4862
match,19137
posílat,12383
vymírání,19138
přepracované,2646
dodání,9029
slev,15223
polopenzí,19139
dolní,11944
váhové,19140
uspěla,1309
vzorcích,5390
posádky,11689
kořenem,4035
žehličku,18088
kajsav,19141
výhrůžky,19142
nachází,14091
napojuje,19143
sponky,19144
kapky,15152
oslavě,4976
vyzváni,3863
milimetrů,16993
těžit,6955
jemná,3799
nehrála,19145
tvořících,19146
daly,4122
společné,4712
vznešené,19147
hovořila,1488
zátah,19148
jmena,19149
různ,19150
bronzového,6476
šachového,3675
halenky,14107
odpověz,2009
voděodolnost,19151
zmrzlé,19152
čipů,9738
patách,17179
mame,19153
potenciálně,19154
škála,14013
antivirové,8428
doprodej,19155
sedačce,12822
sanaci,15973
prodalo,5686
zachyceny,19156
antén,14394
kartě,11093
integrován,15858
sňatků,3566
poražená,6770
kapitálová,5794
posílit,6701
kapradiny,19157
ekokůže,19158
aspon,19159
toleranci,19160
manžetové,19161
zprostředkují,19162
chromovaná,19163
porcelánové,12422
parádně,19164
stagnace,17197
nebezpečným,3185
pohodu,14943
nerosty,19165
zábava,10630
ved,19166
opodstatnění,19167
nákladná,4208
vojenskou,1293
ovládnout,5301
tunelů,10692
položení,19168
cyklistu,269
podľa,19169
návratnost,16317
deskách,4768
stepní,19170
nevyužít,19171
polykání,19172
kolečko,11659
centimetry,6514
vážení,3179
bavorská,1821
ochrannými,2275
mír,19173
eshop,19174
vystavení,7195
mlýna,6367
jmenovaná,1329
hrana,4692
kapličky,15924
hladinou,15834
respektují,3369
prověřit,15351
profesionála,448
lavicích,19175
mezeru,17769
kladu,4882
proměnit,3359
zásobou,10999
mapa,17164
měšťany,19176
vycpávky,19177
předsíň,11609
stříbra,19178
realizované,3476
žvýkací,19179
došly,5839
letá,2726
uškodit,17600
cdots,19180
pořádat,4588
bavily,925
malého,2879
náhlavní,19181
komukoliv,1884
vyplývají,10642
průjmu,11854
agendě,19182
útočí,16722
ocelovým,4049
potopila,10796
externími,9124
regionem,4510
plyny,11877
nepřátelských,4139
harmonická,6238
skrze,19183
léčbu,9969
spoluvlastnictví,19184
napojení,17933
else,19185
zaujaté,1298
učebnici,7951
jakémukoli,3720
hrazen,7686
krapet,19186
zaplatila,3059
splývá,19187
lig,8324
rakouském,743
centrech,15196
krasny,19188
pobývala,3032
volitelů,19189
tématicky,19190
praktického,3044
celního,14200
abecedy,19191
nastoupila,3188
uzlem,10346
gymnastiky,19192
tištěné,6881
microsite,19193
aerobiku,19194
tónování,19195
ryb,13904
zakoupených,3935
palmy,12791
zúčastnily,1842
hemoglobinu,19196
obrat,19197
lékárna,19198
krajském,1573
tapet,19199
pravidelnost,13841
kecy,19200
nacistickou,1069
proplacení,19201
sušené,2343
složek,5326
teček,18274
šipkami,13980
chráněného,10451
registrován,4786
informacích,14453
údajnému,1097
koleček,11659
objemy,15960
vstupním,6977
rovnováha,17532
léčbě,9969
nezareaguje,19202
zdálky,19203
moravská,2368
nabízely,7128
trezor,6830
chutnalo,15440
drive,19204
matrice,19205
gangy,6425
monitoru,12188
jejímž,19206
satelitu,6271
papírového,3372
ostrého,5277
dokladech,7912
protažení,19207
auta,14753
konzervativně,19208
vředů,19209
cysty,19210
olomoucké,1668
dělilo,11235
případnou,3124
spalovat,14434
poruchy,14094
ústrojí,19211
čistých,15579
pracovně,16679
mluvnice,19212
semináři,6987
zbytečná,5842
kabátku,4580
snah,7347
skladové,3257
účinným,11815
samopaly,6184
nepovažují,4772
vakcínu,19213
štítek,19214
kapacitní,7336
poptávkua,6916
rovným,13257
aktualizovat,6863
úseku,3384
drobně,19215
nika,19216
úhrnu,19217
látek,5519
několikanásobně,19218
vrstevníky,3486
nadstandardně,19219
proběhly,17041
query,19220
převzetí,12732
klučičí,19221
holandská,1083
mlýny,6367
jihočeské,6247
výdělečně,19222
paže,17571
seřazen,10358
trans,19223
dlouhodobá,3901
řešené,7835
zastaveno,19224
změnila,7185
sportovními,7865
kachlová,19225
selhala,16678
závadného,7001
expresní,19226
krytím,19227
zavedenou,3276
testovaných,19228
zálohy,5508
zákalu,19229
pojedete,6284
kufru,15762
akcie,16159
zaměstnanecké,15006
překrásná,9827
vysokého,10512
soutěžilo,14885
částečky,19230
briket,19231
dávkovače,19232
dochovaná,19233
poloostrově,3013
doladění,19234
nesrozumitelné,19235
mamky,19236
integrovanou,5325
revertoval,19237
běží,6180
hasičských,11695
následná,2410
factory,19238
zeměpis,19239
květnového,5244
light,19240
stovkami,17038
přemístění,19241
přidáte,2607
vyjímečně,19242
rozsáhlá,4059
vic,19243
bund,13937
nějakýho,19244
mlátit,14423
fialky,19245
zpřesnění,19246
svazkem,10532
vybíhá,19247
epocha,5204
vzestupu,12355
disponující,8681
protistrany,19248
příhraniční,19249
elfů,19250
zajistila,2781
uloženou,13206
klasifikační,19251
kukly,19252
dvoulůžkovém,11203
reformaci,3824
máte,2115
beránka,17098
cípu,19253
bran,16327
tečka,18274
ručním,7825
otroka,5342
specializovaným,2926
dokumentují,4761
přivedou,5475
podání,10448
latinky,19254
pozorně,19255
vyrazili,5811
vyzkoušené,19256
dohodě,11136
kapitola,11800
vzájemným,17994
vážila,5570
duha,18598
veľa,19257
zlomené,13830
pomocníků,2288
členu,497
výklady,5131
komponentu,19258
rychlost,19259
odnoží,19260
palem,12791
rozdělují,6468
roštem,11739
hrozila,4824
logotypu,19261
being,19262
zlato,16187
vytoužené,19263
vrchních,19264
přihlášek,13637
podobat,17198
úředním,14882
drobného,2906
smyslné,7431
sbírali,4348
standardních,16308
kladn,19265
infekci,15934
podíváme,8624
znamenaly,7266
pražském,992
přibrala,19266
obdélníkového,10373
sendvičové,19267
levné,8448
vždyt,19268
armádě,5259
zlepšil,17562
čekárně,19269
ošetřen,19270
kabelka,7072
zapomnění,19271
svítilny,19084
středním,10749
jakémkoli,3720
potřebovaly,2922
existenční,19272
realizováno,828
externě,19273
umožněna,4033
mrazech,4091
tuhých,6099
zítra,19274
torpéd,19275
rozhodnuti,4214
kapesní,19276
ctnosti,11804
osvětu,11312
sklenících,8515
živly,1725
modlitbou,15209
ztroskotala,8859
provedené,14987
založila,2819
odolná,4016
tříd,17941
servírování,9059
under,19277
ilustrované,19278
celostátně,19279
lupus,19280
neschopenku,637
klimatizaci,12883
rozbaleno,17239
navštěvovat,5235
objednat,4982
omlazení,19281
energetika,12072
nově,7918
spolky,1617
hradech,10809
ozvalo,3208
silikonové,2681
autobusy,4940
působnost,19282
telecí,19283
křižovatce,6841
shodit,19284
spektrem,18462
probereme,8353
dárcovství,19285
zdvihem,19286
zavřít,5666
kouzelnou,2995
úspornou,6085
potrápit,5920
tep,19287
spálit,12289
rybářství,19288
cibulky,9057
hořlavých,17304
asfaltu,12566
podložku,19289
anamnéza,19290
prvého,6970
okamžitým,15560
ozdobným,13341
aktivum,19291
svislými,2755
padělání,19292
přívěskem,14844
nákupním,11590
mámě,1706
jakémkoliv,5287
zájmena,8479
zlata,16187
cihlovém,13396
způsobilosti,14031
mohutné,7455
intenzivním,13227
spořitelně,11267
síťoviny,19293
odehrály,4446
disku,4486
hotelem,5462
studentskou,1413
předpokládanou,4926
střelných,19294
institucemi,6101
odloženého,11054
indonéské,19295
statistika,19296
social,19297
vlhkost,17126
popisné,8136
tažení,7628
ulicí,13577
šedých,17047
čínskými,954
strhne,7363
inspirovaná,2197
cennosti,19298
polskými,488
zastoupeno,6136
potlačení,19299
reproduktory,7438
chronickou,2572
vojenské,1293
dřevěnými,4952
povrchová,5121
pětina,19300
nastavitelná,19301
optické,5055
novorozence,15305
elektrod,7932
scriptstyle,19302
zák,19303
moři,9445
ochránkyně,2254
účast,10205
sukní,16247
optického,5055
zápočet,19065
ptactva,19304
skladovací,19305
zapsaného,5735
generátorem,5458
představeny,1583
podpořených,4081
aplikácie,19306
kategoriích,16980
novými,1377
lékárníkovi,19307
odlivu,17703
poškrábáním,16616
okna,17337
sanační,19308
vozidel,14145
fosílie,19309
neviditelné,19310
hliníkové,3519
vzácnými,5997
konalo,8004
diety,16275
potvora,19311
volně,19312
koženého,14567
kurzívou,19313
množí,19314
stropy,9064
edition,19315
vyslala,7678
panenky,9473
rohlíčky,19316
vitamínů,12374
smíšeným,6043
splněných,8663
oštěpem,16773
live,19317
veliká,8022
křížovou,13262
kras,19318
chladiče,8045
vyšetřením,19319
bukového,19320
koled,11945
trojlodí,19321
zkrácené,9056
genu,5687
přestavěný,19322
dvouletého,2281
odsouzeni,1232
úspory,14288
pohodlném,11981
prostředkům,7493
mocenského,7575
presbytářem,15645
nožní,19323
motorkáře,984
odložili,4235
bojová,2956
pozvedne,19324
aerobik,19194
vložen,2491
pojištěné,6214
stanou,1941
supernovy,19325
elastická,3151
discích,4486
stala,1941
trupem,7205
oznamte,871
urcite,19326
vitamínu,12374
vezmu,2582
značných,12220
vyústily,8327
obzorem,16658
prasete,10607
jednota,19327
skandinávské,4367
vyzývám,10131
ocelovou,4049
neznala,4312
nebeské,1895
zpolatněno,19328
zploštělé,19329
replikace,19330
důrazu,5698
ušila,15963
čtyřkolky,11962
přehláska,19331
dohody,11136
taktice,19332
kytka,19333
formují,6666
zapomenutí,19334
nekonečnou,3164
strašlivé,19335
listopadu,8756
kouta,3587
narazím,10959
procesory,1336
nastavíte,2838
šikana,13313
osamělé,1390
úcty,4090
maďarštině,9068
výzdobou,19336
kompilaci,15008
výrobky,3637
neřídí,2632
spínače,4584
podán,17593
integrované,5325
přidělování,19337
odpisování,19338
znaků,8454
užívají,6571
prokazatelné,19339
vojvodství,19340
redukce,19341
dívkám,3495
přilehlým,6013
supr,19342
nevratné,16860
připadající,19343
úrovně,17238
krystalů,15013
učinily,3861
výhrách,7801
dány,3390
zaručena,9912
písčitých,11113
dostavili,4902
audi,19344
odvozené,4738
potkáte,5762
garáž,14286
dekrety,8714
nadměrné,8738
odebrána,13051
mládeží,11060
řečtiny,19345
desetkrát,19346
přenášení,19347
třídu,17941
želv,8754
kolébce,13652
stupínek,19348
družstevní,11376
objednaného,8265
trofej,16564
vyrovnanost,19349
pirátská,14415
zaznamenávají,4840
represe,9596
vzdálenější,10924
kolejí,9760
melouny,3871
pšenice,18121
nenávisti,12000
souvisela,10248
uzené,2317
průměrně,19350
následování,4736
malými,2879
nabízím,7128
vozy,6148
jmenovala,2559
bronzu,14796
kyselinou,14783
otevřeným,8688
mazací,19351
dávného,1960
kachní,19352
troubě,9638
slupky,17137
vyšetřovat,11523
koncové,4056
procházet,5097
lego,19353
provincií,13250
přibližovat,2756
ďakujem,19354
řece,2389
mléčné,6258
nevlastního,4680
polohrubá,18240
žádnými,3693
družičku,18058
zakázka,3956
nástrojem,7798
zvýšilo,18465
malém,2879
sejdeme,4833
provize,16830
sněmovního,12088
hodnotila,7744
keramické,7748
příměsí,18752
zak,19355
úřadech,1971
machine,19356
solárního,7306
opravovat,9288
hle,19357
drátu,6510
semene,14005
zubaté,19358
integrity,12571
špínu,11927
kapesníky,19359
kompresorů,19360
viaduktu,19361
houpačka,18127
přesídlila,5732
neformálním,9958
vzaly,2582
zpětným,9951
pohlednice,19362
pondělní,11734
složkami,5326
muzete,19363
leze,9411
radiální,19364
generátorů,5458
odděleného,14828
podílové,6346
sblížení,19365
udrželo,6095
odpoledni,8758
vozovky,15736
mísa,15281
napájecích,19366
děloha,18549
kanálků,19367
přechodu,12559
kontrolní,12958
báje,19368
pátrat,13914
hadříkem,19369
doplňková,9223
bankovního,9794
provenience,19370
regionálním,9475
dívkami,3495
nepomůže,3041
zastřeleni,4177
infrastrukturou,11709
rezidencí,19371
lázeňství,19372
identifikační,19373
paralelního,7180
propustné,19374
rozích,18463
coli,19375
knedlíkem,9826
evropskými,1983
styku,7292
rozrostl,19376
chybách,4879
camera,19377
studoven,19378
útoků,8858
hračkou,5062
cukrárně,18044
čtyřletá,1763
tys,7065
vymizí,19379
školními,9362
globalizaci,18670
použitelného,10834
vpředu,19380
přizpůsobivost,19381
onemocněními,11145
povoleno,14806
padlí,16992
pussy,19382
zohledněny,5003
mikrovlnné,19383
odděleních,12630
ubytovaní,19384
prospívá,17019
mlíka,5084
vzdálený,10924
rodinám,6567
přívěs,18324
zneužívá,19385
litrů,17117
bočními,10983
úřední,14882
dodávala,1278
praskne,19386
mali,19387
toužila,5109
jedinými,1870
mrtvé,4894
vyvolala,2404
template,19388
formami,13444
případném,3124
tunelem,10692
dveřní,19389
telefonovat,19390
teplem,16562
biopsie,19391
falešné,3022
malé,2879
nebezpečím,19392
spatřila,3631
vztahuje,17573
doplněn,14044
cívek,13451
určení,15751
unikat,12476
veřejném,4800
sněhovou,5255
publikován,2818
vojenském,1293
uvolnila,3457
default,19393
well,19394
předškoláky,19395
kontrakty,5824
kol,19396
oblačnost,11310
izolovat,17056
zastavit,11349
přetížení,19397
přidání,18574
osadě,9239
chybové,19398
majetkovou,7333
odvíjet,8043
player,19399
většího,5075
obvyklá,4751
zničení,16854
reputace,8311
posuvu,19400
úžasnou,3248
rozdílně,19401
soudnictví,19402
stanoveny,8724
šabloně,7213
přesouvání,10557
jit,4153
zbavili,6584
závada,14119
corporate,19403
hlubinách,16653
přiložených,4170
inverze,19404
silikony,19405
úrazech,15484
instrukcemi,17553
vroubkování,19406
nulový,19407
povolení,16127
sladění,19408
belgické,1429
srážce,14283
oddělují,14383
chatky,19409
vypadnutí,19410
rozdělena,12799
zjišťovat,4457
pankreatu,19411
kriminalitu,19412
nedůvěra,8464
národními,7888
zdravotnickou,1742
ponorkám,7849
prace,19413
diskuzi,15125
volitelně,19414
zobrazen,19415
převažuje,19416
kraje,2664
rande,19417
technology,19418
ekzémy,19419
starých,1982
úhrn,19217
truhlíky,11406
odporné,5307
statek,15644
křemene,12215
domací,19420
vojenskému,1293
katolickou,1331
miminka,9416
zabudovanou,19421
dutin,12705
realizovaná,3476
rozvázání,19422
determinováno,19423
používat,7967
klouby,14468
žárovkami,18904
omezeni,13524
satén,16018
úte,19424
uzemnění,19425
víceméně,19426
najit,3790
astrologii,11130
sounds,19427
necelých,3194
koutku,12232
pigmenty,19428
stanovené,8724
hlídkových,19429
nevídané,19430
uvedena,2210
encyklopedická,8152
opouštět,11637
garsonky,19431
naměřených,19432
zavedená,3276
nejmenším,2879
kleště,19433
vybojovali,4051
slasti,19136
stěžovala,3361
řazena,9025
prostěradla,19434
obezitou,19435
revizi,16185
obroučky,19436
stranì,19437
úvěrová,3265
zvířátka,12561
meditace,13327
hmotného,8153
pronajatých,15733
vinná,4275
splnila,2917
automobily,7189
rostlin,8531
emailovou,19438
vor,19439
tedka,19440
následné,2410
psané,11180
doupě,19441
otvorem,10912
grantového,14738
řepy,8364
přihlásilo,2895
vypadnout,3840
příspěvkům,10904
dílčího,6532
intenzivního,13227
skvrnami,14699
přerušen,19442
léčebnou,5260
šlechtění,19443
moudrosti,11503
jakákoliv,5287
strojírenství,19444
flíček,19445
přátelských,4139
vzpoura,13013
spolubojovníky,19446
obřadech,2848
prohlídky,14994
robotická,2057
nez,19447
nejvyspělejších,3957
planetou,11508
udělené,19448
viděly,1551
mušky,9098
ustanovením,14469
dělily,11235
kulturistiky,19449
změněn,7185
publikované,7908
tureckém,1114
odeslán,19450
kaplička,15924
teplých,2224
černou,11954
volali,4484
nejvíce,7734
naplněna,10199
dvojitých,5891
neobsahují,9215
nesprávně,8351
tiez,19451
raněných,19452
esa,9515
nekdy,19453
mečem,11291
rivala,2600
přejmenováno,8392
napsána,9478
opravili,4062
diodou,19454
poživatin,19455
odkazy,10918
vozidlům,19456
agresivita,16369
holinky,19457
poskytnutí,10868
minišaty,19458
dvojnásobné,2152
pravého,3183
bleskové,19459
lokalizace,19460
rostlinná,2163
konopí,19461
štíhlou,9055
čtvrti,8920
klikneme,19462
plýtvání,19463
římsy,14113
dovedla,3642
objevují,5553
přísně,19464
tvořily,1581
trénují,19465
ploutví,16695
kamarádkami,3367
skloňování,13614
vykonávají,4287
vynikne,3509
pánská,2545
multimédia,19466
pracujících,3266
předešlém,4186
vyplňují,17190
nábožensky,19467
horečce,19468
zájmovou,12465
účtové,18216
sum,19469
stranách,3643
listopadem,8756
skenování,19470
stimulace,19471
hraniční,15161
pásky,4963
nedoporučujeme,6680
nekonečné,3164
zkameněliny,19472
kojenecké,9565
zemním,16197
vyvíjen,14859
zůstaneme,7272
vozidlech,14145
krajem,2664
cukrárny,18044
piana,18227
opláštění,19473
firewally,19474
kompletně,19475
škálou,14013
zdraží,19476
mlíčko,12989
vzácnou,5997
mìsto,19477
prostěradlo,19434
energetiku,12072
neuronů,13036
určeno,8240
trochou,17876
ledovým,7346
rovnými,13257
měnit,9040
jděte,4153
individualizace,19478
skluzavky,19479
tělocvičně,17756
stupňů,18248
dodávka,6129
narazit,10959
rubové,19480
dodané,15797
nepřátelskými,15277
cukety,19481
ciferníkem,10349
kupolí,19482
diodami,19483
měkka,19484
organizovala,3137
zavedeným,3276
načítání,19485
vyhynutí,19486
vyloučeni,8494
klobouky,5217
ovlivněné,3380
rozdělily,3109
klany,19487
licence,14813
hodnotu,11129
značková,19488
vyznačen,13050
tekoucí,19489
dobrém,2419
vynálezy,2951
katalyzátoru,3130
korunou,10780
dómu,13389
postoupení,5122
nekompatibilní,19490
studánky,19491
pokolení,19492
jooo,19493
kolona,13168
zasněžené,16213
left,19494
dnem,6508
statisticky,19495
desatero,19496
komentářu,5783
hrneček,15026
schodů,13709
květnovém,5244
trávu,16433
nefunkční,15653
podélně,19497
orgánům,1261
hnojivo,19498
walk,19499
džusu,4745
neoprávněnému,17228
případnému,3124
nedovolila,1887
připište,19500
kterékoliv,2109
zásilky,12937
uživatelská,5463
skleničky,14011
slevový,19501
studovna,19502
balonu,19503
necelé,3194
cena,2268
požadován,2005
testováno,4452
horkovzdušná,19504
žadatelů,796
nuly,13750
kal,19505
predem,19506
namáhané,19507
hledáčku,19508
prostou,2860
zakázky,3956
zvířátky,19509
rozpustné,7101
efektivního,15422
trhat,9161
implementací,18040
výfuk,19510
expanzi,19511
každoroční,13894
boulderingu,19512
vibrátorem,19513
pěsti,17638
členěn,15656
šamponu,19514
brali,5405
skleněná,19515
spojily,2892
hojně,19516
hybridním,13125
teologii,19517
nepřišla,2674
switch,19518
propojovat,13639
pušek,11166
ordinaci,16813
posteli,15572
agresivity,16369
tříkolky,19519
odolat,19053
vločkami,16798
kyselosti,19520
bydliště,12477
furt,19521
krby,9647
přepravovaných,19522
nejrychlejší,13111
expanzí,19511
věčného,3980
zelenina,13814
viskóza,19523
paniku,9434
koruně,10780
kvalifikovala,4591
kvasnice,18195
doplněnou,14044
občanskou,2337
receptů,13459
přečti,3717
moţnosti,19524
obecních,19525
praktičnost,19526
nanášení,19527
odstoupila,3858
obrů,12320
resources,19528
aretací,19529
nějakými,2801
konzistentní,19530
vypálil,19531
krasavice,19532
sesazení,19533
úplné,8413
směsí,19534
finančnictví,19535
číhá,19536
náhradách,14653
údržba,10501
úklidu,14776
zaslaných,19537
dostavěn,19538
prsů,18749
závislým,724
hranolu,19539
borové,19540
brokovnice,19541
sblíží,19542
spojenectví,19543
výchova,9463
totožného,10510
seš,19544
strašnou,5085
autíček,19545
obnovení,5582
magistrála,19546
hysterie,19547
sporáku,8120
módou,4305
čela,10081
usmrcení,19548
ovladačů,3609
pistoli,16769
bezplatným,19549
elegantním,9315
virtuálních,19550
škod,4849
vynechala,6406
uniformu,17509
peče,9561
měnících,18571
medvědice,1053
doprovázena,3106
neuvěřitelně,19551
liberalizaci,16846
ergonomické,5429
omyvatelné,19552
běh,15335
nízkého,16886
vozíků,7464
úhradou,19553
mírných,8200
potvrzené,9422
sirotčince,19554
zahájeno,9579
kontrolou,12741
nastupují,5328
volitelných,9437
výplet,19555
molekul,15580
ubytovně,18333
účastnilo,2450
repase,19556
záblesku,7389
tapetu,19557
myslivosti,17914
take,19558
lstí,19559
delka,19560
zaberou,19561
kněžištěm,19562
nakládací,19563
unijní,15856
hromadí,19564
rozpustnost,19565
ohlédnutí,19566
trestným,12041
vedou,4586
baskytary,19567
etiologie,19568
vestavbu,10771
uveřejnění,2732
jogurtu,5606
přírodovědné,4445
mřížkou,19569
podpisy,4728
běhat,13191
položek,17093
zónami,10213
testu,9470
vrtací,19570
vine,9290
včerejška,19571
mnoţství,19572
obecnímu,19525
krychle,19573
celní,14200
vyrobeno,6173
paprika,10239
přidaného,6256
duchovně,19574
dioda,19575
radovala,1542
odveta,4632
volné,12859
traviny,19576
konzervace,19577
muslimskou,1398
prokázání,19578
podšívka,19579
diskuzním,15710
usazenin,19580
darovací,19581
nadmořských,17278
vylepšuje,19582
vrcholové,3959
společenstvo,19583
phi,19584
nesmyslů,6037
hustého,6754
vstoupily,3474
nasazené,3080
napojeno,14664
směnu,11255
cizinecké,19585
lesů,16800
příjemnou,2700
vymezených,17422
sekvenční,19586
šikanu,13313
saně,19587
specializovaných,2926
neúčast,19588
unixových,19589
odvrátit,12140
objetí,19590
pašování,19591
rozlehlé,7390
bělící,19592
mozno,19593
výplně,19594
ovladače,3609
agendy,10502
osudným,19595
aukcí,19596
kovová,2902
anonymní,15873
osob,1555
podstavce,19597
dovádění,19598
pevnými,3521
biskupa,645
pojednání,19599
foukání,12831
stěnami,6865
vkladanie,19600
nesmyslná,12589
tajná,3539
antigenu,6332
chráněných,10451
přídavnými,3134
lyžařskou,4803
držadlo,19601
anatomii,19602
jednoznačnou,5873
zástavba,15586
prostøedí,19603
vyjmutí,19604
kdybys,5039
kapitolou,11800
zbavení,19605
riflové,19606
tria,19607
účastnických,19608
optice,9049
kulatý,19609
periferii,16049
památku,7423
vypršela,11683
výslužby,19610
záhadná,1824
uzavřela,2006
promoce,18498
blízkého,5530
zatočit,19611
informovanosti,19612
týkala,7537
utíkají,8911
sauna,15954
narozeninové,10270
upravila,4302
gely,19613
unisex,19614
sportovnímu,7865
senzorem,19615
špenátem,3692
sendvičová,19616
mama,19617
přidej,2607
přikládám,12604
klávesnic,19618
nohejbal,19619
prokázané,16530
upřednostňují,10424
veškerým,7318
oblaků,9353
žel,19620
mrazicí,19621
stáhlo,6522
svítí,8647
výplní,19622
karcinogenní,19623
pěkným,9665
výskytu,12719
sušiny,19624
podkoží,19625
dámského,2689
napíšete,1402
příbalový,19626
postýlek,13489
stával,2625
čerpány,19627
letáku,19628
odstřeďování,19629
rozmazané,19630
vzešla,6796
věková,8422
klávesa,12229
hejno,19631
dortů,11231
rameni,10782
trati,14997
ekologickém,2589
chybně,19632
obyvatelstva,11348
aplikaci,14191
vysílače,19633
zdolat,13134
nainstalované,19634
porovná,19635
cti,13377
blikání,19636
prázdného,9366
nápravu,17782
ulož,3344
koloniální,18010
long,19637
format,19638
bádání,19639
zániku,12100
pokladu,5936
sup,19640
takze,19641
přerušila,5291
dovolat,19642
rybaření,19643
konzumu,19644
extraliga,7288
solidární,19645
montují,4973
shora,19646
papírnictví,19647
záplava,9967
dohoda,11136
same,19648
pepře,2081
mašličkou,19649
volených,2178
užitečných,9162
vid,19650
majetková,19651
holínky,19652
levely,19653
vyhledávací,19654
kouří,19655
přepsat,3536
poznámek,7933
blazena,19656
naprava,19657
vyrovnanou,12017
neublíží,15808
toť,19658
třicítka,10485
míry,6640
zajet,9472
family,19659
drážkou,19660
publikovaných,7908
národům,1213
matici,19661
čistotu,17513
vládli,4283
osvobozené,19662
střeva,13520
odebírat,18191
střed,19663
zázračné,3264
frekvencích,19664
obnovou,13105
dohledné,19665
tobě,7065
přejmenován,8392
zeptejte,2762
navštívila,5234
rýhy,19666
náhrdelníku,9424
lišící,19667
vedlejším,4732
ztráty,12563
receptur,19668
plnosti,19669
projednána,10909
přímá,9120
nakupovat,12464
chat,15000
slušnost,13076
bridge,19670
důtky,19671
pilíři,6529
barva,9144
úplatku,15343
karavany,19672
zdatnost,19673
národně,19674
trubce,19675
vypsala,4832
návštěva,8850
kouřením,19676
plošinu,19677
skály,12443
známému,292
zkráceně,19678
agresivních,11171
soustavná,19679
otiskům,19680
čehož,10682
rozvor,19681
sběrnice,19682
possible,19683
sklepení,19684
připojenou,10559
urychlí,18866
hodnostářů,19685
radiátorů,19686
stádo,19687
urážku,18543
zákoníkem,4028
dnešním,14056
oblázky,19688
linek,14317
hnízda,19689
obsadily,1118
konečnému,3164
regulací,17024
oděrky,19690
březí,19691
preventivní,7450
výsledcích,2390
servírovací,19692
odpov,19693
ostří,5277
zdánlivá,6234
skálu,12443
položených,9777
závidím,12773
odpojí,19694
střelkyně,594
zoznamu,19695
přísada,12699
unesena,4358
pastí,13517
prodána,15479
formuli,17219
medicína,13104
alkoholu,6443
lezecké,19696
preferencí,16624
nalezneme,4771
sokl,19697
velká,5075
týdnem,6583
ledním,7631
karafy,19698
vyřizování,19699
potomkům,1450
výkřiky,6588
ach,19700
jizev,13862
přinutit,6603
asimilace,19701
hodnocena,6011
mezistátních,19702
tísňového,19703
encyclopedia,19704
slepé,1954
zaměnit,17434
nepoužívá,7967
samičky,5984
příčině,6559
hodnost,18586
nabídly,1788
vypsány,4832
nemocenské,17665
datech,10521
bazénové,19705
plátci,19706
státním,10866
pozorují,5073
neuškodí,19707
jeruzalémského,2982
vyloučení,13711
měnilo,9040
stěračů,8652
zažily,1635
podobá,17198
rozumných,1890
párování,19708
egyptská,1471
odvody,8952
nepatří,6185
vyššího,10512
symbolizují,19709
řeckou,1004
jaterních,19710
stay,19711
sousedící,19712
teroristická,3204
poznávat,7718
seznamu,18504
hradbách,19713
divy,2505
nenajdou,3790
desítka,8654
špinavý,13322
arkáda,17062
psaly,1451
dají,4122
ubytovací,13479
tuky,6574
porážek,11156
příznaky,5636
parazitů,19714
složkách,5326
zakoupené,3935
češtině,9880
příznivější,11280
kontejnerů,9401
trpaslíky,5108
knoflíky,13599
organizovanou,6021
dokládají,5749
katalyzátory,19715
odstraňují,19716
zábranou,9689
nejnutnější,3283
dobyla,8587
paušální,19717
nutriční,19718
světlometů,19719
posílilo,6701
jednodílné,19720
kontrolovaného,15503
devátém,5790
přinesou,2811
přiblížit,2756
balené,19721
vylučují,6204
smrtelná,8481
osvětlování,19722
využitelný,19723
dočasnou,2619
píchání,7547
stoletích,15409
výpadků,19724
prohlídkou,19725
lest,19559
vločky,16798
osvobodili,10274
nastolit,19726
odjeli,3397
vyzývají,10131
nepoznání,10463
lanko,19727
šetrně,19728
nepracují,19729
obsluhují,9843
dvoulůžko,19730
psů,2074
čepička,13624
speciality,17409
medem,8860
hrnci,15026
mechanickému,3084
příbor,19731
vaty,8399
zastavení,15549
roztoků,3699
drahého,4382
vyvolána,2404
pejskem,2590
hruď,19732
odsávání,19733
ponechat,4913
rozvinula,2522
střelbu,17773
hnusná,11172
anděly,1552
nemovitého,18296
neohrozí,19734
těmi,2113
upravte,4302
motýli,7802
umožnit,4033
příjmeních,6140
obzory,16658
růžového,15073
poskytovali,11559
zatáčky,12036
fun,19735
vyzkoušíte,3381
postavilo,2617
ideálně,19736
cvičiště,19737
počítače,6694
spolková,8212
údivu,3731
nepřinese,2811
adventní,18143
skripty,19738
sériově,19739
osvětlit,19740
bazalka,17215
usilovali,3726
špičkami,16190
nalézt,19741
zastoupeny,3054
firemního,12826
převezeno,9349
cennými,6053
odškodnění,19742
nespala,5596
výtahy,9205
nedostanu,3965
početné,13746
stříleli,8012
veliké,8022
přivítají,19743
drahou,4382
transparenty,18063
hranicím,4931
zbraním,12408
letmo,19744
statečnost,19745
ocelovými,4049
spáchané,19746
zaútočí,11786
velmocí,13464
pokladna,11396
citronu,4394
encyklopedie,16233
kameni,6931
pětky,10588
očistí,19747
řečiště,19748
schůzky,12022
lomů,16040
dýchání,9381
lenní,19749
vybudováno,3093
horní,12634
kontinentu,7299
cim,19750
nenajdete,3790
kódové,19751
osvěžit,16235
obraně,11316
hvězdičky,4821
znamenají,7266
táhnoucí,19752
zřídili,19753
meteorologie,106
svačiny,19754
návštěvní,8850
destičky,19755
odpovídající,19756
svazích,9324
mechanikou,1553
sledky,19757
bavlněného,5352
vyhoštění,19758
semínky,6323
zavírat,11514
regenerace,19759
výhodný,15160
objevena,6413
skupenství,19760
nulová,19407
internetovou,4157
rozhledně,11974
svatá,1037
knihovně,15306
ostatními,10650
rýži,12724
ucelenou,6854
přimět,4110
vaječníků,18634
vložení,19761
čtyřky,19762
bezplatných,19549
údajnou,1097
kapři,12376
zázvoru,2890
samolepicí,19763
připomínají,3292
poradila,1868
psací,13972
měj,2115
husitského,14123
zásahu,7002
forma,13444
zmenšil,19764
označila,3544
garáži,14286
vzdušná,4722
zvládly,19765
staletích,15409
hrsti,10564
stříška,6191
užily,2126
střetnou,19766
svádění,19767
učila,3640
mnohonásobně,19768
racionálně,19769
útočit,16722
pohybujících,6116
bonusu,7960
množit,19314
absolutního,19770
poradte,19771
italiano,19772
jehličnany,19773
uhlí,19774
střepy,19775
pokladně,11396
granty,3930
přeneseny,6481
omezených,11357
zaniklé,13054
požárních,19776
léčiv,15387
chřipce,15718
klávesnice,19618
projížďka,19777
zbyly,13208
železná,2529
arabského,3779
připevnění,15885
odznak,19778
zalesněná,3760
břity,19779
příbuzným,4816
shodným,13700
bloků,9336
zaoblené,7876
paneláku,19780
béžový,19781
dostatečném,10753
skla,10986
odlévání,19782
medailí,13432
nemovitostí,14327
chalupě,13586
dokovací,19783
get,19784
rozenou,19785
svíček,11567
hebkost,19786
uhlím,19774
střeleckou,8585
odsoudili,7399
filtrování,15338
rozdílu,5744
daňovým,3120
náležitě,19787
přilákala,8349
kalendáře,8429
kůži,17392
dostupného,9816
žebříčky,19788
sloužit,11495
homogenní,19789
nevyplývá,10642
záhonů,18644
závoje,5455
motoristů,5269
ročního,14935
říšského,2066
lamely,10343
noclehů,11175
variabilním,14742
požádejte,3190
odvození,19790
těsnící,12346
teamu,19791
přestavět,19792
mlýně,6367
starověké,3950
myš,18424
zhodnocení,19793
domény,19794
střediskem,10738
bomby,13391
objevená,19795
počítači,6694
ustoupí,9660
vyrábějí,7201
jízda,9118
středu,15791
zónu,10213
zabudovaná,19796
jídelny,16470
rozvinutí,19797
vladimiru,19798
symbolická,3552
náležitostí,13483
nejsevernější,7361
výměnu,17857
přizpůsobit,5101
hmm,19799
dvojlůžka,17843
zvu,19800
křížení,18841
kšiltem,19801
databáze,15197
sevření,19802
pracovní,12943
praxi,5099
míček,19803
registrovat,11743
hráček,6072
kojíte,9817
ztuhnout,19804
starali,4436
vyskočil,19805
slabá,3504
kopírována,5534
lustr,10526
omezeného,11357
božstev,10141
číslování,19806
poměrně,19807
žádala,4015
anorexie,19808
úbytku,12105
vlhkých,15088
vší,8266
smrtelnou,8481
popelnic,19809
kmene,6551
družinou,12881
ostřikovačů,19810
čistoty,17513
normou,10377
požádají,3190
ventilem,19811
hvězdičkami,4821
upevněn,8176
zářivky,19812
páku,19813
odlišná,4310
zbytky,6168
polypropylen,19814
ekvivalentem,7793
nabytých,16532
vlacích,4117
chudších,2324
výrobku,3637
územími,15643
prediktivní,19815
nemáte,2115
pily,5573
půjčky,5424
odpovědích,12800
markýze,19816
australskou,731
sur,19817
navázána,19818
výhod,9626
lidma,377
ubytování,8011
ploténky,19819
odemčení,19820
one,19821
zásilka,12937
zaoblenými,7876
přišly,2674
buk,19822
zmíněná,1264
loděmi,13422
chřipka,15718
cestě,13310
zachrání,6819
dřevotřískové,19823
řídké,7852
podlaze,13867
prodělala,5933
hlodavci,19824
potravinové,10012
brigádu,13881
skvělou,1385
povlečení,19825
haléřů,19826
jističe,19827
chata,15000
zabránit,6416
opsat,19828
ovlivněny,3380
vyskočí,19805
sháněla,2670
olivového,11672
slunečnímu,8961
vyskočit,19805
srovnatelných,18398
otevřu,6217
vystoupat,19829
freevideí,19830
mimořádně,19831
krmivo,15686
učinila,3861
recenzemi,5579
komplety,19832
ptačích,18174
vedet,19833
poprve,19834
nákupech,12486
realitních,6333
datle,19835
námahou,17309
genomu,16870
pochvaly,1556
železné,2529
kabelu,19836
zabezpečen,19837
obdobná,10908
mrkví,10280
disků,4486
demontáž,19838
potraviny,13379
písmo,10347
škodit,17600
docela,19839
vítáni,4773
and,19840
úpatí,19841
uspořádaný,17696
sedmém,1977
obdobnými,10908
vězení,19842
středověku,11647
stanoveného,8724
trápila,5920
trvajícím,17417
rizika,7394
zrn,13660
černém,11954
rowspan,19843
rakouskými,743
roka,10334
bazaru,19844
vápenatého,6291
tebe,7065
zněla,9529
svrchovanosti,17196
liberálním,4927
ledovcové,19845
zaručen,9912
velkou,5075
articles,19846
omáčka,9917
pachů,12597
integrovaných,5325
přibližně,19847
gelu,19848
bráno,16327
university,19849
útvaru,7254
odvozen,4738
cementu,9255
rozdělená,12799
stabilita,16941
prodávám,12324
obnovují,19850
přehlednost,19851
třpytí,19852
kavárnou,9391
pozemku,12113
bábovka,19853
zdržují,4253
usmála,1720
zóny,10213
puvodni,19854
uložte,3344
vozíkem,7464
emisi,12897
vzorkování,19855
ochranou,18823
stahujte,8365
chybných,6187
dávek,10661
kusech,5957
nezměněné,18867
obale,4898
vyrobena,6173
rané,3841
dílců,14984
velmi,19856
podpořeno,1387
zakáže,4112
systematicky,19857
žádnou,3693
legalizace,19858
nálepkou,16223
černými,11954
filosofii,9704
taburety,13884
koncová,4056
zjednodušená,6721
instancí,12778
lamino,19859
vojenskými,1293
kázně,19860
ceníky,4864
strasti,19861
jihomoravské,8845
takž,19862
semen,14005
zranila,3660
údajům,4338
omáčce,9917
pohovce,12739
morálka,13915
zmiňovaná,1728
zavazují,6831
zavázali,5736
hojném,12835
stadión,8377
garážové,19863
mikroorganismů,18526
pohanské,11227
vybudovaná,4454
zajišťovalo,4929
závody,6818
přestavbě,8685
hospodářskými,4300
chudobě,11080
absorbovat,17853
detekcí,19864
tónu,8577
ulička,15774
pohybujete,5556
panelem,15534
jakýmkoli,3720
opatřený,19865
orbitální,19866
kalů,19505
účinkem,7743
požadovaném,5382
pevná,3521
lyžování,19867
svìta,19868
krůčky,13415
krém,19869
vjezdem,11807
raně,19870
odebrán,19871
sousedovi,861
mechanika,1553
darovali,3145
dostatečně,19872
neskutečnou,19873
bundě,13937
klikněte,19874
vhodn,19875
průmyslovými,2480
autoritní,5363
nepotřebují,2922
třídou,17941
poštovních,19876
plemeno,18378
casu,19877
obležení,19878
speciálně,19879
objednatele,1473
vyžádaly,5836
viskózy,19880
departmentu,19881
měkká,5843
ztratilo,7766
chodili,5309
zaplatím,3059
odpojit,19694
doutníky,19882
meziobecní,19883
darů,11381
oblečení,3035
divoce,19884
plechů,5704
then,19885
pěstovaná,19886
chladnička,18161
mořském,4670
odměny,12560
biochemie,19887
podkategorie,19888
odvodit,19889
ukáží,1984
zaplacených,14231
středočeské,10105
odstínem,19890
vulkánu,19891
hard,19892
plnící,19893
prudkého,4409
vzat,14310
pokédexu,19894
úměrná,13644
prdelka,19895
fázemi,4664
rukáv,10138
konsorcia,7772
horské,2423
duny,19896
žádným,3693
obsahovala,9215
molekulárních,16137
vyrazilo,19897
řadit,9025
prenatální,19898
přesunut,6976
toku,5996
nenáročnou,4893
skládala,3656
sedmi,11796
čtverců,11143
statistiku,19296
vychytávky,8242
nejteplejší,2224
samozřejmostí,15594
svobodných,4058
otáčení,19899
vzpěra,19900
využívanou,16058
nejdéle,6242
skoro,19901
asijská,1980
matrik,19205
individual,19125
výletech,12803
slečnou,6980
dotazníků,8678
celostátní,13141
kouknu,18232
nedělí,8553
konkurencí,16972
sestupu,14458
otestování,19902
rasy,13976
rytiny,19903
spodek,19904
patře,18280
mléčnou,6258
velkostatku,8966
vzrůstu,13693
klubovna,19905
ponožek,19906
mínus,19907
jejímu,9143
celodenní,19908
pectoris,19909
rodokmenem,18970
dobra,8649
inflační,19910
telefonním,13657
přírůstkem,7956
nabízen,13957
akrobacie,19911
radarové,19912
značí,19913
preferujete,10272
těstíčku,19914
kláv,19915
dolu,11256
rámem,19916
růžice,19917
dosažené,15987
neúplná,6349
navádění,19918
autobusovou,1766
nejstaršíchdle,19919
cyklistů,269
režimy,3152
vlhčené,19920
neoprávněné,2914
plochá,14362
provozovat,9915
jasnost,19921
poukaz,7182
infekce,15934
unii,12968
ruskou,381
rozprašovačem,19922
přežívat,10226
směs,19534
lodních,16956
linků,19923
redukuje,18611
náchylnost,19924
kombinézy,19925
kardiovaskulární,19926
zaznamenaných,12103
hnízdí,19927
parníku,10439
příjemných,2700
redukční,19928
migraci,19929
solidarita,12627
štípané,19930
zídky,19931
silvestrovské,19932
náporem,7323
asiatky,19933
kávová,10520
automobilová,1363
pevninu,10243
činilo,17283
vzpěry,19934
dívčími,4819
označováni,12391
prádlo,15944
holí,19935
řadící,19936
vězeňské,19937
měrné,15669
vyspělé,3957
der,6510
tibetské,1259
micelární,19938
člunu,5468
poloha,4313
žaluzie,19939
nabírají,19940
jakéhokoliv,5287
bot,13995
fotorámečky,19941
světlejší,7332
dokoupit,19942
slyšeli,5104
sporů,13197
vitaminy,19943
požití,19944
odolnější,4016
celé,3194
zmiňované,1728
příchuť,16280
císařským,4714
filtraci,19945
protilehlé,19946
eventuálně,19947
provdat,15283
válcová,19948
epilace,19949
dělnická,6799
float,19950
federalizaci,19951
jezu,19952
citrusů,17837
spalovací,10931
materiální,9493
bezdrátového,15682
abatyše,19953
odlitky,7250
pracujícího,3266
chorobě,6081
nepřátel,1602
mohla,1998
mírného,8200
letadly,8795
nekončící,5925
pojištění,16219
poplachu,19954
nič,19955
odpověd,19956
měřidla,19957
sestřelit,9685
rozvíjejícím,11247
slušivé,19958
těmito,1656
udělována,3802
duševního,10079
zónách,10213
brigáda,13881
kancelářím,11537
kompenzací,19959
funkční,15653
smyslové,9237
vkladu,7059
sliny,19960
ustavující,19961
break,19962
jejíhož,19206
uživatelsky,19963
broušeného,12761
polygrafie,19964
cestování,4994
probíhaly,12450
lampou,13424
vodnímu,6690
prenájom,19965
prostornou,4335
ozdobných,13341
vrty,13071
porci,19006
vývodů,19966
oranžový,19967
outdoor,19968
oknem,17337
stomatologické,19969
atomovou,7944
výhledově,19970
splňující,7198
learning,19971
součinnosti,19972
poznámce,7933
příležitostné,424
háj,19973
atomu,7204
chránili,8013
humanismu,19974
přehrávači,2248
hoďky,19975
rytíře,843
obézních,16547
pořádaný,19976
vojenská,1293
kliknutí,19977
cizím,10547
odezva,14236
utz,19978
prvém,6970
úkony,15665
polyuretanová,19979
kostra,13727
juniorském,3398
boilies,19980
outsourcingu,19981
zkreslené,19982
hraničním,15161
spolehlivá,2283
celokovové,4098
procházeli,5097
setů,19983
odpadkové,19984
koberce,7479
obchodu,12708
proudové,19985
postačující,19986
korunka,17998
praprababičky,19987
umožňovalo,10858
nabíječce,12149
odměňování,19988
hranatá,17482
jednoduchou,5809
joint,19989
hlavicí,19990
free,19991
leskem,19992
otáčkách,19993
profit,19994
kouřit,19655
soustavnou,19679
ozdobit,9546
chuťově,19995
obsluhu,8630
mikrovlnka,19996
neobejde,11015
latexu,19997
loděnicí,7463
vydáte,3761
poháněné,19998
vodíkem,5877
vymezenou,17422
medián,19999
bass,20000
ztrátové,20001
vedli,4586
přání,15946
přímém,9120
nevinná,3629
dosáhnete,7977
přenosné,7089
čar,16917
klasickém,2122
sušák,20002
cihla,20003
útržky,20004
hlídky,15107
doručit,11916
bezdrátových,20005
prostorově,10161
genetiku,16341
kobry,20006
vyveden,11761
rozpadající,16621
sodíková,20007
očistíme,19747
žádají,4015
hýždě,20008
poštovné,20009
zraněni,2802
hodnocení,9346
segmentu,5477
osmkrát,20010
předvánoční,16529
přepážky,17503
propagují,3376
župany,6844
pfiedpisû,20011
vodné,20012
kondenzace,20013
pilířů,6529
závazkem,3423
dynamice,7994
vyrábělo,7201
ověřovací,20014
teplejších,2224
dema,20015
područky,20016
vzduchových,8696
chřipkou,15718
takzvaného,5703
rádiové,4043
postavila,2617
vlasy,8722
kilometrech,14894
padesátku,20017
hardwarovou,9150
position,20018
vínu,9514
kovem,20019
moskevské,2742
podrážděnost,20020
andělem,1552
osídlení,20021
vývod,20022
čitelné,12854
odcházela,2123
erozi,20023
polikliniky,20024
vaječníky,18634
krysa,17182
mocnou,1685
usazené,20025
zničující,20026
chodeb,15138
jakýmsi,2196
tøídy,20027
ukončený,20028
tvaru,4644
přilnavostí,20029
dlouhým,9451
silně,10032
šedou,17047
parádu,10885
informácie,20030
přírodně,20031
lednice,18087
nabízejí,7128
jednatele,20032
konkurenci,16972
službám,10515
župa,20033
zaregistrovali,3743
pokožkou,20034
zobrazovat,6375
hepatitidy,20035
hornické,15299
písmena,9386
robustním,12905
pluků,20036
nástupnických,13398
even,20037
snění,20038
součtem,17090
tryskou,20039
udělej,1689
obrněné,4823
flip,20040
odlišovat,16829
koupání,20041
sprchy,10840
vyrovnala,2814
systémová,1921
nenachází,14091
kmenem,6551
věrná,3435
zkumavky,20042
sušičkou,20043
zasedla,20044
vac,20045
živnosti,15205
chybějí,4220
nejede,20046
rostlině,8531
deku,20047
detailněji,20048
nemocnými,1030
výbavou,20049
kvantová,17628
kyselých,3426
koloniích,20050
konstrukčně,20051
barevnými,2853
řízeným,15561
membránu,20052
vlaštovky,20053
prodané,15479
zmenšení,20054
obnovte,11651
genetika,16341
zdravím,20055
stejná,5320
aktivita,8881
pořádaného,19976
bodování,20056
freevidea,19830
vánočními,6728
she,20057
zahájila,2665
porazit,7214
separaci,14495
stanovena,8724
sousedství,20058
kaple,18663
kovárna,20059
nákladním,5187
bodovat,20060
říši,15297
srpnové,20061
vystřídala,2620
stejnosměrného,9936
celosvětová,7973
založilo,2819
pleti,20062
vazne,20063
bezpečnosti,10257
akrobacii,20064
památky,7423
brigády,13881
odolnou,4016
zajišťovala,4929
energetické,3645
nestability,15602
sodného,12693
náskok,16236
plnily,7461
žlázy,16821
proudí,17129
farmách,18077
podnětu,5578
kostičky,20065
zlých,1221
klimatická,8140
nejrozšířenějších,16508
svazku,10532
automatická,2650
nerovnost,20066
vyhlazení,20067
podporovaného,4890
porovnejte,20068
slovíček,16606
stěně,6865
pomohly,3041
přenesených,20069
usazování,20070
culture,20071
smysly,3517
měřicích,14019
plynu,11877
takříkajíc,20072
aktualizovaného,9185
nástupišť,11147
gama,20073
nezávazně,14811
nemohou,1998
elektronického,8910
usmíření,20074
komplexů,7362
zapojila,3231
suite,20075
pojmenovala,20076
opracování,20077
průmyslovou,2480
utečou,5125
položku,17093
čistících,20078
střelecké,8585
nátlaku,13940
hromady,13442
císařském,4714
cukru,8226
stoupáním,20079
přízně,18572
kávě,7698
kvést,20080
zřízenou,11437
baráži,20081
mší,11764
rozloze,13725
výletů,12803
skrýt,20082
syndromu,4472
nezakládá,6474
odcizení,20083
nápravě,17782
provdaná,20084
družiny,12881
čepičky,14370
průkazů,6752
důkladné,17284
extáze,20085
vyhovět,15659
zobrazující,6375
nervu,9718
vidličkou,20086
podobnost,18875
projevovala,4886
mateřském,4975
míře,6640
odjela,3397
nebezpečí,19392
patnácté,7708
dynastií,5923
změřit,17132
patentové,20087
stoupla,18601
penze,9863
vláken,20088
požárního,19776
útokem,8858
sedíte,4381
vypnuto,7200
potlačit,13265
plného,17689
obklopeny,15968
auty,14753
bolesti,8326
rády,1052
podrobně,13040
drogy,5052
leq,20089
gramotnost,20090
výšky,16331
dopadu,5647
odezvou,20091
pořádaných,19976
korektně,20092
nejhlubší,6544
pravidelnými,9703
laděných,20093
umístila,4175
bolestivost,20094
odešli,3793
kostelíka,14280
liány,20095
záviset,7070
pružiny,18577
zobrazována,6375
exit,20096
barevnou,2853
přecenění,20097
kvete,20080
dokoupení,19942
čidlem,20098
vystřelit,15232
jihlavské,20099
usnadnění,20100
klasifikaci,13706
školáky,20101
zachycena,19156
jez,19952
jakoukoli,3720
uklízet,13190
podstoupila,6065
push,20102
necgtěj,20103
neznámým,292
hranatých,17482
zlepšování,20104
mořskými,4670
spojce,5286
cedulí,20105
uskutečnilo,8846
zabudovaným,20106
rozkládací,20107
jednotu,19327
sousední,11770
zejtra,20108
pouhého,3337
námahy,17309
sluníčka,11515
kamenité,20109
enormní,20110
peřím,20111
namísto,20112
nespolehlivé,20113
stáda,19687
vyrážejí,20114
porostlé,20115
jarem,10474
drahokamy,20116
hodiny,20117
neobjevila,1854
zasahovali,6918
hydraulického,3653
stínění,20118
elektrickou,5107
táhnou,8668
životnosti,15348
šťastnými,1017
náhražky,17079
dopadly,4202
slovenštině,2488
odbyt,8244
vinifera,20119
telegrafní,20120
odstínech,20121
stáj,12772
vzdalo,20122
letištích,11023
panovaly,11300
snídaněmi,20123
kosmická,2972
pískovcová,20124
nepřesná,20125
miocénu,20126
servis,12833
podstavci,20127
pouhá,3337
gymplu,20128
joo,20129
uskladnění,20130
coura,20131
jednoty,19327
zasáhla,6128
kupuju,10671
prokazování,20132
vylepšenou,11359
domečku,13355
vyhne,9280
vánočním,6728
poř,20133
problémová,11998
additional,20134
nepříznivém,14249
legíny,20135
krajním,12024
přechodech,12559
mýt,11478
vidinou,20136
zabezpečování,20137
bulharská,1319
definovaných,4298
volnými,12859
objemu,15960
univerzální,16439
agresivně,20138
sme,2244
menstruace,20139
svý,4364
kopat,18646
kuchyni,8857
nošení,20140
opustit,7049
myška,20141
vydáních,6020
vany,10393
doprovázeny,3106
globální,13102
hodnoty,11129
začala,3030
zadejte,2660
vyvíjejí,11061
turistickým,9618
pohodě,14943
otočného,20142
chodbu,15138
elektronové,20143
umístěna,7093
datové,3527
testy,9470
rozbije,15546
chutné,7030
registrací,20144
reliéfní,20145
zůstanu,7272
židovskou,1195
nedochovala,10140
konzumují,19644
garsoniéra,20146
nestandardní,16141
znečišťování,20147
začínají,2299
získán,2291
ostřelování,20148
tlakovou,11370
tonerů,20149
pronikli,20150
natural,20151
ubytovacím,13479
diskrétně,20152
sestavila,2405
úplnosti,15928
knihovníků,369
vibrátory,20153
pořídit,3002
stávajícím,10829
uvěznění,20154
guide,20155
piliny,20156
šlechtě,13148
vyplněnou,2701
průletu,20157
zaznamenalo,3706
připojovat,4371
hravou,2261
modernizovat,20158
prostornější,4335
přírodnímu,7335
uctívají,20159
fluktuace,20160
power,20161
poškozené,9277
cihelny,20162
stýkat,20163
radovánky,8499
provdána,20164
používán,11228
zalíbení,20165
tělocvik,15845
tenisová,3852
kloubních,20166
spustila,3940
zemědělská,2749
evidován,13723
obecnými,6314
vápníku,10174
měřidel,20167
aku,20168
build,20169
právnímu,9717
všeobecných,6110
naučily,2462
odlišují,15061
smluvními,8948
štiky,20170
umožňovat,4033
zahrádky,18829
jednotlivá,1628
navrženým,5293
papriček,20171
používali,7967
chrupu,20172
encyklopedicky,20173
dílčím,6532
libovolná,7172
orientačně,20174
dřevostavby,15668
pronájmů,18376
zahrádkářské,20175
keltského,13858
trošičku,20176
postarají,1251
hrazení,7686
produktivita,18933
postupná,8876
čipových,20177
ošetření,20178
souvisle,20179
prováděn,20180
indická,965
zakoupen,4780
intravilánu,20181
jednotlivců,2751
statistiky,19296
serverové,20182
pekáčku,20183
kterékoli,2274
obecní,19525
péřová,20184
četná,10048
šestá,5056
účasti,10205
pomůcky,10691
rozmrazování,20185
nehne,20186
postýlka,13489
proniknutí,20187
přeneseno,6481
dní,6508
spáry,20188
instalovaných,8605
svádět,16384
temna,20189
úsporná,6085
hůl,19935
tichého,7144
bankou,3721
zvlněné,20190
širokým,9844
výmaz,20191
umístěno,7093
ekologickými,2589
navigace,20192
použity,3061
celoročního,20193
during,20194
kamínkem,20195
severovýchodních,20196
slušných,2330
kupují,10671
otočnou,20197
utrpěla,4416
matného,13876
tekla,8468
domlouvat,20198
koeficientem,10475
úderu,5983
plavou,15676
nárůstu,19059
tlak,14461
vnitrostátní,10620
pažní,20199
granáty,10964
nádhernými,8800
upevnit,8176
efektivnímu,15422
ještì,20200
vítány,4773
nestará,1982
dvojitého,5891
předán,20201
vítězně,20202
boudu,20203
nepřátelskou,4139
cupuje,20204
poslušně,20205
modřiny,20206
dysfunkce,20207
zaručující,20208
zmenšování,20209
zádveří,20210
specifikaci,12558
paletu,18257
rozdělovníku,20211
chovala,5436
vypouštěcí,20212
oknech,17337
hřbet,20213
shodně,20214
vygenerovat,20215
antická,3149
mesic,20216
startovního,20217
skryta,5963
ztráta,12563
základy,6233
biologicky,20218
sledujte,3575
natažení,12873
levelů,20219
proher,9510
čidel,16650
krytů,5543
nepotvrzené,20220
transparentnost,20221
upekla,20222
úvěrové,3265
vězením,19842
kočky,6224
udržitelný,17723
směrem,4555
učiněn,20223
pastvin,20224
jablíčka,20225
stovkou,17038
pokladny,11396
přijatou,20226
najděte,3790
rotundy,20227
operačními,12653
tzn,20228
blůzy,20229
staročeské,20230
vyjasnění,20231
operacím,10133
temném,2064
přepracováno,1707
vydávat,5449
zasazena,1544
elfové,19250
značného,12220
gregoriánského,20232
splátkového,16116
horniny,13063
dědí,20233
vyhnali,5581
infračervené,20234
syntaxi,20235
tématické,20236
terorismu,10645
dopravné,20237
relace,17054
cyklistika,17118
švýcarském,960
variety,20238
vrcholového,3959
ovlivnění,20239
kompletní,9714
obdržet,4660
příjmem,7244
sušička,20043
lebky,15639
pečeně,20240
praktickému,3044
včerejší,18301
kvetou,20080
nemocenská,20241
dívala,2308
začátečníka,1220
pozdějším,4023
houpací,20242
zvědavosti,17188
závislé,724
playlistu,8745
usazeniny,19580
minimu,20243
informační,11984
napadnou,3499
gelem,20244
potřebném,7783
živočichy,3873
poutníky,732
ptala,2905
domluvy,16698
průřezové,20245
jednotce,15231
hostitelských,17078
objednejte,4982
zástavním,17949
zářivek,19812
absolvují,3262
pojiva,20246
ocitlo,4178
lázeň,20247
hrána,1393
upevňování,20248
zbořen,20249
došla,5839
sudu,14433
neúměrně,19020
položena,9777
neznámou,12445
vévodu,7043
mísu,15281
platforma,16003
kata,17287
rovníku,20250
prolomit,15965
kbelík,20251
nesplňují,7198
kříží,18841
paprik,10239
příslušnost,20252
zbyde,13208
bezdrátovým,20253
ventilaci,20254
prve,20255
zap,20256
silničním,10486
výroční,6950
jednotkami,15231
nepřítomnost,20257
odrážejí,10832
holkám,3475
svisle,20258
moooc,20259
ktorej,20260
kapucínů,20261
nádoba,14621
veškerá,7318
šířku,12709
rozd,20262
těmto,1656
nadřazenosti,16702
údajné,1097
protékající,20263
přidaly,2607
kšiltovka,12994
aacute,20264
peáž,20265
vyplněných,9713
prověřeno,20266
zemřely,1287
zrcátko,20267
trojské,20268
obálkou,6194
srubu,20269
nedělala,1466
vázáním,20270
zjednoduší,20271
houkačky,20272
náhrad,14653
rozhledna,11974
četností,20273
oblíbená,1503
dvěma,12587
olovo,20274
teploměru,17355
nezískala,2291
četnými,10048
nadměrného,8738
řecké,1004
nahlásí,11549
družstvo,19019
zhorší,20275
tukové,8662
miliony,11625
vyrovnaném,12017
neosobní,20276
přípravcích,20277
vyčistí,20278
nalezneš,20279
plující,20280
volejbalové,2947
úzkým,8704
oblastmi,12131
perličky,20281
jiskra,18265
sekundárně,20282
věnovaných,11707
zmizelo,8257
roboty,15997
monitoringu,20283
neb,20284
podpořeny,1387
emisní,17258
opěrných,20285
pohodlnému,11981
udělají,1689
výkonností,20286
přísadou,12699
krásnou,6744
vetsinou,20287
krásy,6786
stálými,1883
intenzívní,20288
odvrácení,20289
taška,16359
zvětšený,20290
výživy,15595
mocné,1685
nazývá,16427
směřujte,12547
vestavěné,5602
pneuservis,20291
různý,6244
mrtvá,4894
nádorové,13990
vojne,20292
snížený,20293
spadnutí,20294
blízkými,5530
periferních,20295
hygieně,20296
okně,17337
nepotřebujete,2922
jištění,20297
vznikli,20298
výšku,16331
záhad,7751
vzadu,20299
spadá,18607
stopa,9360
rovném,13257
kurtů,18843
sférou,16872
tunelování,20300
skutečnému,1411
ozubených,20301
zmírnění,20302
výztuž,20303
teroristickou,3204
miliardu,20304
křížence,9008
tryska,20305
loket,20306
průhledná,3780
bonusem,7960
galaxií,20307
rekuperace,20308
znehodnocení,20309
odpovědí,12800
odnímatelnou,8741
přemostění,20310
pohyblivost,18830
sportovně,20311
těžbu,7351
užívat,6571
opravte,4062
slevách,15223
zaměňovat,17434
spotřebu,20312
lůžková,8791
blahodárně,20313
zděnou,20314
žlutého,18406
pozemské,2199
obnovující,20315
nerostů,19165
lahodná,6282
pečovatelskou,15750
popsaným,13267
integrální,20316
poněkud,20317
doteku,8810
vyhřáté,20318
sbírce,8658
vodorovná,6784
oddlužení,20319
konkurenceschopnosti,20320
masivu,17972
dožít,7241
trávníku,12401
polokošile,20321
vinnou,4275
krevety,20322
bramborovou,5583
porazí,7214
pozlacené,12453
bezplatně,20323
matným,13876
shodné,13700
učilišti,15610
reproduktoru,7438
overaly,5808
vanilkové,8108
středového,1831
cock,20324
otočná,20325
léčivými,2717
otravovat,10355
vrstvami,14029
plný,17689
soupravou,20326
nebytového,13939
objevené,20327
regionu,4510
nálezem,12238
drtiče,20328
laskavé,1175
vyvíjelo,11061
karosérií,20329
objevila,1854
tónovanými,20330
flotilu,20331
nočním,13248
hledala,4210
nosíte,6172
ochranném,2275
tuhá,6099
zvedání,20332
slunečním,8961
uleví,11461
bouda,20203
vši,8266
elektricky,20333
funk,20334
alkapinka,20335
přebalovací,20336
kmitání,20337
rozeznáváme,18471
vrstvení,20338
obuv,20339
stromě,8322
sporty,7013
vyvést,11761
sich,20340
lokalitě,6922
výpovědní,20341
nevyskytuje,18188
rámcové,20342
sportoviště,9462
medicínské,5212
ochrání,11840
bezkonkurenční,20343
zaznamenané,12103
čítá,20344
vil,12933
příruba,20345
stažené,20346
vyjádřeny,10381
percentil,20347
manchesterské,20348
příspěvcích,20349
jmenované,1329
zakončeno,6965
sedátka,20350
lávové,20351
otočných,20352
than,20353
nárocích,14681
pořádnou,2741
taškou,16359
přerozdělování,20354
viola,7617
nezbytnou,9594
ekologické,2589
nevznikla,3710
pastelové,20355
starobylých,8673
perutě,12598
neslučitelné,20356
diplomatickou,7076
probírali,12682
vkládání,20357
travních,20358
příborů,19731
ramena,10782
dráždění,20359
chvála,12996
tělesy,5769
měkkých,5843
zablokován,15314
bazénech,5559
průlivu,9155
tiskárnou,9761
sporadicky,20360
race,20361
zorného,20362
zranitelné,13759
čarodějky,761
polí,18595
povlakem,12403
meteorologická,3239
suší,17765
jemnost,20363
malou,2879
provedeného,14987
bitva,10019
magyar,20364
rozumného,1890
dostihu,20365
prověrky,20366
doplnily,528
stlačeného,20367
hnusně,20368
početně,20369
jednotkou,15231
rozpravy,20370
kompatibilní,20371
dvora,8918
elektromobily,4907
příslušném,1956
nepaměti,20372
vagóny,7407
nazvali,6484
rozděleno,12799
nemohla,1998
dokončena,9257
laděná,20373
ovlivňování,20374
dravé,10615
pražené,20375
neučiní,3861
jedne,20376
školském,1206
výsadní,20377
klubům,3328
poloviční,20378
povinného,2931
nepoužité,3061
odvádění,20379
regulovat,18435
stovku,17038
rozděleni,12799
postavených,4144
soupravu,20326
všeobecnou,6110
jednotliv,20380
střevní,15637
kanceláři,11537
vybavenost,16581
inkoustové,12880
chráněnou,10451
sdílení,20381
koncentracích,14867
chi,20382
otvírají,11185
hnízdění,20383
zajdu,3144
účtování,20384
pochována,4226
nynějším,4948
flotila,20331
bohům,876
stavebnici,14876
zátěž,20385
ktere,20386
hluku,12964
cartr,20387
tržní,10627
opatrovníka,20388
odesílání,13969
hraničí,20389
šířící,20390
dýchají,8527
vektorového,5333
bedny,16970
instrumentů,20391
kravského,20392
označovat,12391
seznam,18504
kapka,15152
ořechů,14500
vestavěnými,5602
posvícení,20393
ulevit,11461
tkané,20394
cedule,20105
účinnosti,18920
květiny,14217
kostku,14881
dražeb,18690
sopky,17066
boli,20395
vraťte,3974
líc,20396
narušena,20397
smetaně,6709
přijď,2674
jehlu,20398
přiláká,8349
planiny,20399
kontakty,11482
škodám,4849
nezávadné,7001
nákladní,5187
břidlice,20400
roubenka,20401
obdržíte,4660
lyžařská,4803
vaření,20402
imail,20403
stup,20404
mřížku,19569
moll,20405
přisedlé,20406
družstevním,11376
přihlášených,6895
odvoz,17408
výběrová,7297
autosedačky,13584
potlačování,20407
nějakém,2801
zavazadlovém,13863
zmrazení,20408
poklop,20409
konkurenceschopnost,20320
předu,20410
pruty,12599
vypada,20411
nabývání,20412
principům,3469
schváleným,4857
bezplatný,19549
propadnutí,20413
příloze,11799
následovanými,6456
nezapočítává,20414
spotřebitelském,6206
nebeská,1895
hliníkovými,3519
tenisovém,3852
služebně,20415
nekonala,20416
zmiňovala,4655
všecko,20417
posla,13116
přívěsu,18324
kdekoliv,20418
chalupa,13586
instrukce,17553
přijatých,2271
menstruaci,20139
opisy,13928
síť,9695
pracné,20419
mikin,13431
katastr,20420
žilo,4204
simuluje,20421
družstva,19019
odolal,19053
dolech,5853
čelist,20422
jízdách,9118
divize,13052
bažiny,11639
gynekologické,20423
domech,10055
třídění,20424
tvořených,11726
utajovaných,15811
zpevněné,20425
zapojily,3231
nastavitelné,20426
maximálních,20427
nerovné,20428
struktura,9389
citronové,12252
objednáte,4982
kartonu,20429
trouby,9638
košili,13238
pojmenovány,6781
častěji,12688
memorandum,20430
juniorek,20431
ornamenty,20432
vodorovnou,6784
lávka,15207
uskutečnily,8846
stádia,13776
průchody,13301
dostávají,6071
doleva,20433
ukradne,13137
světlu,5123
počtem,18223
strojírna,20434
dietou,16275
hliníkovém,3519
něčemu,6696
řepky,12460
položky,17093
molitan,20435
mechanická,3084
egyptským,1471
skoky,11238
nahoře,20436
masy,20437
šálků,11002
feeder,20438
charakteristice,9477
dět,20439
desátého,2847
levém,8690
párkrát,20440
rozšířením,20441
šířky,12709
názvosloví,20442
snížíme,14263
hotelová,3247
trojúhelníka,3322
prosperitě,15916
neprůchozí,20443
invazí,12167
rozmarýnu,8780
viď,20444
morfologie,20445
nehrozí,4824
řečí,11762
vyzkoušela,3381
dveřím,14548
odezvy,14236
zařazování,20446
nabíječkou,12149
nejstarším,1982
obdélníkové,10373
stará,1982
působícího,3846
tiskáren,9761
císařů,411
přistoupení,20447
omezená,11357
naslepo,20448
aktivací,20449
smoothie,20450
přepočtu,17993
mùžete,20451
zařízená,13228
vandalů,20452
skříňka,18696
kundičku,20453
osmi,13655
metalíza,20454
věnují,4589
pekařství,20455
pohroma,20456
ohrozit,19734
přihlášky,13637
pomohla,3041
rozezní,20457
hodnocené,6011
fans,20458
reflexní,20459
kyvadlo,20460
abyste,15085
elektrokolo,16073
rozené,19785
vyladit,20461
plášti,9440
zástavě,13211
proteinů,17675
taxi,20462
kurvičky,20463
otáček,20464
kombinovat,13337
roce,10334
mohutnou,7455
ţáků,20465
teplovodní,20466
kovářství,20467
zařadili,4267
kočičku,20468
členského,7255
bezúplatně,20469
lesnická,14185
srbskou,795
gramáží,20470
asistenční,20471
děložního,20472
čelním,6442
sandály,20473
taxonomie,20474
bannery,20475
frame,20476
materiálové,8075
šestileté,13382
ignoruje,10863
seznamovací,20477
naměřené,20478
ochránců,1568
důkazech,3421
podají,1624
rozmlouvám,20479
ceduli,20105
newsletter,20480
nepřetržitě,20481
internetem,17739
mračna,20482
školička,4433
vola,2710
šalvěje,20483
datovou,3527
rybou,13904
úspora,14288
oder,20484
kdekoli,20485
sedimentech,20486
cviků,20487
platformou,16003
spárování,20488
uskutečnila,8846
kostelem,7116
smysluplně,20489
bolestivá,8064
horníky,1095
střelami,18500
sekačku,17310
povolen,14806
postupovala,4294
zahradnické,20490
rána,12501
lokalita,6922
tlustého,4203
lékárnách,19198
plechovka,15189
ledničce,15969
přidané,6256
litinová,20491
vyskytnou,5792
náboji,3646
čárky,17264
zvýraznění,11763
podélnou,4366
kapalné,4985
stolem,14252
shromáždili,3729
přibližná,8111
nožiček,20492
objeveno,6413
chráněno,10451
headset,20493
zveřejněná,7009
combi,20494
krajské,1573
okamžité,15560
jednoroční,20495
hodnotám,11129
sýrů,4333
cílená,7921
otvírací,20496
chladném,5959
vyrostla,6157
hráz,20497
wikipedistům,2245
vítána,15661
nepřiměřeně,17577
display,20498
metabolické,8727
chladicí,20499
rozjet,9212
tejto,20500
průběžné,5292
nakl,20501
riziková,5909
sdružuje,18366
fialový,20502
požadují,2005
webové,1654
sladkovodní,15465
detailnější,9467
zapuštěné,20503
lužních,17795
rozmanitou,4992
oddělování,20504
kontrolním,12958
kapli,18663
posezením,20505
gastro,20506
čísel,15050
kriminality,19412
přidávání,20507
páka,19813
překračují,17852
čirý,20508
kolen,17230
odbourávání,20509
detailním,9467
přímotopy,20510
nádobě,14621
podmíněné,5678
vynutit,7012
molekulu,15580
bob,17321
intenzivní,20288
pouzder,18825
řasenka,20511
vynesení,20512
nauk,20513
ramínko,15631
hobby,20514
trvalé,11413
sídlišti,6398
poctě,3533
zmatení,3320
poplatkem,6530
regionálními,9475
facebooku,20515
správou,17314
lupa,20516
pružnější,3774
probírat,12682
citrusové,20517
murynka,20518
čistým,15579
dědy,602
ocele,16856
včerejším,18301
varování,17460
stěnách,6865
hmotě,11746
kapesních,19276
akustickou,3621
genealogické,14302
symbolizovat,11723
vyžadují,3255
takticky,20519
esperanto,8000
kovy,9121
rozpisu,14305
aplikovaných,7387
reagovaly,1275
vyznačení,13050
provázanost,20520
turistickou,9618
deky,20047
vrub,20521
přívěsné,20522
brata,20523
stanovisek,4639
searching,20524
ozvu,3208
termostatem,20525
jarního,14995
vyznačeny,17183
kursy,8051
prodávalo,12324
sedlovou,20526
nerespektování,20527
zjištěných,16776
krevní,8844
kočárkem,6418
sednou,10339
plechové,4554
bilancí,20528
expanze,19511
tábořiště,20529
útlého,20530
kulovité,10942
opevnění,15371
teleskopická,5329
krámu,18029
elastické,3151
zapracování,12254
pyramid,20531
volám,4484
velikého,8022
odpojení,20532
riziku,7394
brownfields,20533
obranu,11316
převodovce,10554
centrála,20534
tlakové,11370
upozorněni,20535
potrestáni,7153
judikatura,20536
pěšího,20537
návěsy,20538
drželi,6363
demonstrovat,6940
úhlopříčkou,16957
kvóta,8480
adventním,18143
zničen,9886
zbytkového,14929
císařských,4714
provozy,9733
činžovních,20539
obcházet,11015
rudých,9387
snadný,15849
upoutá,6968
přesuny,9443
přívětivé,4103
léčených,20540
sebeobrany,20541
lide,20542
grupy,8683
mražené,20543
street,20544
sousedí,20545
plus,20546
zemřelé,14342
menstruační,17663
koženým,14567
klubovou,20547
koncipována,20548
mlze,10433
alergickou,3099
všelijaké,20549
zasáhly,6128
chodbou,15138
jádrem,15290
poslouchání,8627
zdarmakód,20550
venkovní,8550
kozy,19033
nudle,7996
municí,20551
konkurenceschopné,20552
pasivní,16494
snadnému,15849
zubním,10498
bloku,9336
lžičku,17904
nežádoucího,14156
celosvětového,7973
klidové,20553
příležitostem,10539
provizí,16830
vršek,20554
pohřbeny,20555
starty,8697
sušených,2343
místnostmi,15251
kondicionéry,20556
požadujete,2005
sledované,4629
zaplatíte,3059
destiček,20557
jímky,20558
svrhnout,20559
šlapat,20560
zatčeni,6112
froté,20561
zlikvidovat,9735
desetin,20562
levice,18625
chodníky,4752
vytištění,20563
sedátko,20350
kovové,2902
vředy,20564
diagramů,11331
vráceny,20565
rajče,7874
pořádala,4588
loňsku,8610
notoricky,20566
nitě,19119
nevznikají,2711
kytku,19333
průtoku,15640
srdíčkem,20567
nasazenou,3080
skoku,11238
milovala,2785
obtížnou,8072
květní,20568
připomínala,3292
pozn,7933
fuj,20569
detektory,3853
pozdravy,6411
housky,20570
nedokonalé,20571
hlínu,16340
arzenálu,10948
bakteriím,14227
trading,20572
novověké,20573
nabízeli,7128
přiblížila,2756
substrátu,8355
zvonu,9657
byrokracie,20574
zachránit,6819
položené,9777
smazáno,16489
posílila,6701
jednoduchému,5809
oborům,4720
vysloužila,3258
kúry,20575
kompostu,13992
úplně,20576
bydlela,4303
publikováno,2818
hospitalizace,12961
akutních,12668
třem,9893
enzymy,20577
zraněná,20578
barviv,20579
řešíte,3227
lóže,20580
obce,13212
blízkosti,20581
předběžná,4777
minulém,3244
intervalů,9651
konsolidace,20582
házeli,5892
úrovních,17238
platnosti,17406
resorty,6636
zjednodušit,20271
dosahující,20583
zlepšující,20584
senzoru,20585
etiku,13436
mlýnku,9854
kloubem,14468
ohlašovací,20586
zaměřeného,10792
jsouangličtina,20587
vypukla,18385
obyvatelstvu,11348
periodické,11671
ozdobnými,13341
krémem,20588
invazivní,20589
obvyklém,4751
přílišnou,11812
datovém,3527
nevydržela,6340
zveřejňovány,3977
drážky,20590
těhotenství,10880
žuly,17905
vysoce,20591
sporáků,8120
kokosového,5094
velkém,5075
řezy,5419
pojmenovana,20592
mezera,17769
approach,20593
otevřenou,8688
offline,20594
řemeny,20595
radikály,18244
německém,693
opravené,10479
válcové,20596
okénko,20597
nukleových,20598
sjednat,20599
malýho,20600
ergonomicky,20601
příbuzné,20602
poskytování,18031
advokátů,180
jízdy,9118
čokolády,11205
nezkoušela,20603
navázala,3370
naléhání,20604
kartáčků,20605
oblíbenou,1503
redirect,20606
centru,15196
hezkým,6502
límcem,17774
kosmetickou,9321
stříbrných,6827
bariér,11845
aktivovat,12662
vektorové,5333
termálního,8470
system,20607
military,20608
viz,20609
počeštěno,20610
chronických,2572
nasbírat,4911
produktovou,15779
service,20611
zrušuje,20612
zhoršilo,20275
přeneseně,6481
kopané,20613
využity,11929
rozšiřujeme,20614
band,12421
podloží,20615
zatáčkách,12036
časovače,10108
nevýhodné,15160
členstvím,20616
deštné,14165
pytle,9679
zaslané,19537
stížnosti,18486
sjednaná,20617
podráždění,14389
činiteli,1042
předvoleb,20618
tableta,15991
slovanskou,4465
dluhopisu,13462
učení,10892
identifikace,18991
hybridů,20619
víl,3103
financovány,11667
karamel,20620
obtěžující,13828
součinnost,19972
uns,20621
obchodě,12708
pěších,20537
můstkem,15184
bankovnictví,20622
složené,6087
seniora,20623
zabrali,7269
běžeckého,7433
obleky,2739
pasem,16069
zapomínají,3771
chytré,2106
bacha,20624
kilometrů,14894
dámské,2689
stonků,6834
systems,20625
dno,16015
strávená,8331
polní,16385
epub,20626
stropu,9064
agregátu,5303
bělavé,20627
silikonová,2681
ukázkové,5103
krýt,12245
spali,5596
čelisti,20422
poutníků,732
kalendářem,8429
prodejnu,11496
útulně,20628
now,20629
tisících,20630
old,20631
druhů,6552
vyhlášeny,3769
zvoleni,1164
sloty,8261
výšinách,15552
ústřičná,20632
aktuálními,10112
tenkém,4227
nedělají,1466
vyčistit,20278
stadium,15434
sklokeramická,15077
míchané,20633
rozvozu,19101
pohárů,9652
vlajková,10135
antibiotiky,14613
rebelie,20634
plážové,8391
prodávajícím,2277
smír,20635
nevhodných,5816
adresáři,15057
plachtou,14779
foukací,20636
hnedka,20637
lepším,11979
zablokuje,20638
denně,20639
nervová,2974
sodíku,10225
motoriky,20640
odchody,6445
domky,11825
vyráběný,20641
schránku,20642
mýdlem,20643
prodán,15479
kohoutku,20644
zařízení,13145
lehkém,3198
katastru,20420
praktické,3044
závazku,3423
svěření,15607
zneužití,13719
dimenzi,16434
biotopů,20645
uvádíte,20646
probudila,8352
tašku,16359
mlčenlivost,16772
ostatni,20647
filipovi,20648
stačila,5025
nejrychlejších,13111
vyhlídku,13505
okamžitá,15560
faktickou,4713
vzory,11538
vanová,20649
přežitek,20650
žactvo,20651
výměnným,20652
tmavé,10085
hlenu,20653
lomu,16040
milimetry,16993
oblasti,12131
krovu,5555
ozdobné,13341
klik,13767
nosily,6172
nastavitelným,20654
prodyšné,4515
pohořím,18519
tvrdými,5894
neutrálního,20655
pouzdra,18825
stromečkem,14711
pokročilými,7284
kostky,14881
styků,7292
mezery,17769
typickými,2089
místechpo,9414
očního,9947
prováděly,4079
stoje,20656
destrukci,18780
receptura,20657
kruhových,10751
srážkách,14283
click,20658
navyšuje,20659
arbitrážní,20660
vládami,2639
rozptylu,9256
přivedla,5475
schengenského,20661
elektřině,8805
tržním,10627
minerálním,7342
objednáno,4982
oddělených,14828
vložená,20662
zkrácenou,9056
říčním,13235
koupit,7776
blatníky,8892
funkcionality,20663
vlhkého,15088
mívám,20664
integrace,18931
výpusti,20665
připevněna,15885
poèasí,20666
jedy,9653
stavebniny,6631
jack,20667
mýtné,20668
mate,16329
viditelně,20669
soft,20670
bodového,7349
svozu,20671
nabízeného,13957
hustotu,15443
definovanou,4298
proměnnými,20672
přestali,8065
kolečkových,20673
argumentů,2139
tlačítku,6437
nativní,20674
kari,20675
písem,10347
vyhladit,20676
nejníže,16885
zabíjejí,8133
oceány,7965
reprezentovala,5803
kůže,17392
čtyřem,9818
petruszkaa,20677
drog,5052
využijte,20678
ptákům,2190
přestalo,8065
zachovaných,14291
smiluj,20679
diskuze,15125
vir,7038
hnědých,11261
pokožce,20034
multifunkčního,17869
doživotní,20680
pevné,3521
irelevantní,20681
vzdáleností,16729
jehličnaté,14820
prevenci,20682
reporty,20683
mokrých,10251
odemknout,20684
podobná,6449
injekcí,17169
hagusy,20685
rozpuštěna,4737
teplotně,20686
římském,1798
umíš,2703
modern,20687
nima,2360
kladení,20688
zpevněných,20425
poraden,20689
oddělovat,7600
oprávněných,2914
odlehlé,12280
kabelku,7072
podla,20690
voucheru,17455
vytvořeným,6239
úniky,13189
letou,2726
úplatky,15343
neznámém,292
dvojnásobnou,2152
renovaci,17683
husa,20691
vyšetřit,20692
potahu,17261
zvídavé,20693
vykonané,20694
stěhovala,5071
nerozumíte,11551
dřevinami,15510
pečené,10797
sídlem,10511
přidělení,9131
arytmie,20695
šachové,3675
slalomu,18327
stranky,20696
torpédo,19275
vědění,20697
vyměním,9013
sloupců,20698
stávají,2625
užívání,15567
požadovaná,5382
měchýře,12815
dlouhotrvající,20699
omezovat,16796
zajímat,5484
obracejí,9063
statistické,2651
kalich,20700
přijímali,4183
poklidné,18916
tvrdost,12180
rozbít,15546
vitamíny,12374
žlutém,18406
metrů,13677
ochrannou,2275
kroužků,9471
nejlevnějšího,8448
najlepšie,20701
spojitosti,16371
mzdou,10030
zatáčce,12036
tranzistorů,10648
šlechtou,13148
zkracování,20702
zdokonalovat,20703
domluva,16698
myčka,12462
veta,20704
martina,20705
pozadu,20706
maják,20707
pos,20708
jehličnanů,19773
zahrnující,20709
cloudu,20710
akordy,18582
listu,9943
oslavila,3615
karabiny,20711
šály,20712
rušit,12527
vejcích,20713
vešlo,6557
snědla,9929
staletí,15409
scházeli,14437
paprice,10239
ukrýt,5152
měřených,8170
zaměřila,4796
jednot,19327
holčičí,20714
nedávném,1960
nečetli,4109
blond,20715
úsporou,20716
směrnic,20717
opravila,4062
stvořené,20718
nádoru,5663
úložné,20719
doložku,20720
námořním,13728
orientální,13253
paket,20721
odletu,14614
omezené,11357
trosku,11309
utrácet,20722
lékařství,20723
výdejních,20724
ranou,3841
hořícího,20725
pětiny,19300
zastaralých,10067
kteøí,20726
výdrže,9751
dálkové,8582
usneslo,20727
cyklostezka,14440
nejrychleji,18123
tarif,14666
zabila,5857
orientován,9563
závěrce,3329
zácpě,16265
nejbezpečnější,3185
vyžádejte,5836
energetickému,3645
čokoládou,11205
potažené,11870
celosvětovém,7973
slevových,20728
zadlužování,20729
home,20730
spojů,20731
podaly,1624
nemocemi,10465
slitování,20732
cigaret,20733
pevnou,3521
slevou,15223
božství,20734
účtovány,6597
jejími,9143
obilí,20735
výkonu,4789
šestidenní,20736
vycházely,4502
poslouchali,8627
penisu,13649
zdobený,20737
oblečky,20738
nepodporuje,20739
padáku,20740
dani,9616
přeložena,1227
medical,20741
iure,20742
sedících,20743
oceánské,20744
bránilo,6409
pochutnat,20745
přivítání,2998
pasivně,20746
dispozici,18937
ekosystémů,20747
řádná,6084
prohlédnete,7658
finance,1615
formovat,6666
plošině,19677
výhledu,17192
sadou,20748
května,10419
matriky,19205
epilepsii,10640
překrytí,20749
taxislužby,20750
rovnovážné,20751
garance,15294
služebnosti,20752
srstí,18245
letí,13499
things,20753
sejf,20754
malá,2879
pachu,12597
odkoupila,20755
padaly,6080
normám,10377
nabrala,4163
rohem,18463
odkládat,8520
sněmy,3446
responzivní,20756
údajná,1097
zanedbávání,20757
lesoparku,20758
pokoušela,2858
transferu,18870
dobøe,20759
želvy,8754
freskami,20760
uvězněni,16260
ked,20761
org,20762
nejbližší,5530
ziskové,3550
alespon,20763
kolonie,20050
hlavičce,9897
říjnové,20764
smrad,20765
povinna,2931
výstrahu,20766
kamny,14739
asistenčních,20767
agregáty,5303
obklopující,20768
zapálí,16549
pokožku,20034
využití,15453
nory,20769
užitek,20770
hlavne,20771
pevnosti,16401
podbřišku,20772
knihovna,15306
záplavě,9967
antibiotika,14613
přidružené,18675
vyhledávat,11565
použijete,1688
plastovým,2676
osídleno,20773
utéci,5125
lodžií,11960
dožití,20774
prohlubovat,15101
běžkách,20775
náklonnosti,13002
otoků,20776
integrovaném,5325
zavázala,5736
budovami,9739
volila,2515
spojená,5665
chytla,20777
opouštějí,11637
vypukne,18385
two,20778
řádnou,6084
výbavu,20049
krystalky,15013
zahynuly,6382
střeliva,18546
rekordní,15521
lázeňské,5132
hřebene,15015
postů,10070
poklesla,20779
příbuzného,4816
inkoustová,12880
palubu,14920
sériová,1722
prstech,11749
zezadu,20780
soupeřům,1272
zabraňující,20781
vytrvalosti,17214
sametovou,10467
věkově,20782
poskytovalo,11559
rýmy,16572
poškozených,9277
psech,2074
těsně,20783
křišťálové,20784
přihrávce,11174
bajtů,20785
zařízeními,13145
prírody,20786
univerzálně,20787
nacházíme,14091
kamennou,13445
utkat,16081
malware,20788
dveřích,14548
hodná,3589
uzavřely,2006
buňku,16863
písemné,5638
oblouků,6715
hrozbám,12368
pozemkové,9606
různým,6244
specialisty,417
pedál,20789
startovní,20217
báňské,1903
cihly,20003
klidném,7133
výhodným,15160
pojistné,9895
účinnost,18920
odpovědní,1409
příručku,11096
rezerva,10022
klíčenka,20790
velkými,5075
mikroregionu,20791
předka,5831
funkce,11886
plazi,10603
nažka,20792
srovnávání,3157
jednotných,9446
městskou,4031
použiť,20793
odvětrávání,20794
bodech,16355
dotykového,11591
šalvěj,20483
síťované,20795
přístupového,8773
přijato,2271
letadlovou,8872
blinkry,20796
jejich,9143
nedostatečně,19872
základna,18585
chovné,20797
dvorské,20798
chip,20799
sklenky,15551
permanentní,20800
dávce,10661
bublina,17145
nejčastějších,2615
hojná,12835
najdou,3790
kursů,8051
zamknout,20801
měď,20802
ročním,14935
čtečkou,13878
pergola,20803
zlomků,5043
tvoření,20804
zaškolení,20805
upuštěno,20806
zajímají,5484
objet,20807
sol,20808
vyřadit,8608
omezenými,11357
dovezeme,6257
plnohodnotně,20809
masivního,15877
činidla,20810
ponořené,15159
chloridu,20811
obchůdku,20812
kupujíkód,20813
hlásím,3259
alarm,20814
odběrná,20815
chutnou,7030
létání,20816
iviska,20817
nástrojích,7798
sladit,20818
předmětem,6026
přenesena,6481
správě,17314
starému,1982
učiněno,20223
forall,20819
drcení,20820
výnosy,9317
ránko,20821
doliny,20822
automotive,20823
fíky,20824
nevhodná,5816
evangelická,4095
kotva,20825
důvodně,20826
spala,5596
písemnost,20827
tišší,7144
pát,20828
pořádkové,20829
vařených,16882
peněžním,13868
rychleschnoucí,20830
ibn,20831
památkově,20832
mimo,20833
sanskrtu,20834
početnou,13746
zařaďte,4267
pojedou,6284
zdánlivé,6234
ramene,10782
sloní,20835
míčem,15065
skladová,3257
prd,20836
podívejme,8624
kobercem,7479
skipas,20837
nákaze,20838
propadá,20839
rychlého,13111
certifikátů,17353
přihlášeni,2895
okénka,20597
útulné,10581
vysoká,10512
podrobná,3866
hradbami,19713
lesa,16800
přikládat,12604
turistická,9618
motýly,7802
aplikovaná,7387
listnaté,20840
sněmů,20841
děvčat,7209
reserved,20842
dobrovolnou,3936
kouře,15384
odesílat,1692
pěstované,20843
císařovny,15930
třesku,20844
latenci,20845
skladem,11754
účelovou,16109
bílých,15598
ích,20846
limitované,20847
nárůstem,19059
štafetě,12813
minimální,17184
mříž,13375
rozdílnými,8645
samce,16070
zvratu,3006
sklepy,7053
obchodním,10053
promění,3359
smíšených,6043
zástavy,13211
kapitálovém,5794
doplňováno,2737
zalíbí,6576
spojila,2892
roleta,20848
invalidity,20849
trojúhelníků,3322
velitelské,20850
smíšeného,6043
tučně,20851
uši,14299
nevzhledné,20852
antologii,12953
šachy,20853
dog,20854
nástrah,15480
servery,20855
otevírání,15569
vyvolaná,3580
efektivněji,16500
nerovnosti,20856
loketní,20857
daru,11381
šampony,20858
přivezla,2142
kluzáků,20859
pomalého,9050
určených,8240
páček,13129
dosažená,15987
středy,15791
diabetu,20860
dvojnásobně,20861
odebíráte,20862
split,20863
sukně,16247
vakcinace,20864
nepřetržité,11377
lípa,20865
erekce,18603
masáže,15293
nadvládu,17379
vyhrazených,11058
hesly,11206
staráme,4436
lovecká,4322
vzala,2582
myším,20866
pásma,13378
vložené,10290
včasné,20867
větvené,20868
redukci,19341
cyklotrasy,20869
odprodej,20870
zakázce,3956
závislých,724
komplexně,20871
nepravidelně,15555
odstraňování,20872
královen,3111
btw,20873
vidina,20136
potravinářství,20874
můstků,15184
rozzáří,20875
vídeňskou,2672
očka,10097
spotřebou,20312
konzultací,20876
nesvítí,8647
industrializace,20877
poklady,5936
slohová,20878
zahrnutí,20879
tonikum,20880
sítě,9695
záruka,9368
hrubě,20881
ikonka,20882
justici,20883
závislou,724
falešná,3022
vlašských,20884
dotace,13260
stepi,20885
hustota,15443
jezírka,15692
knoflíku,13599
vesta,15410
morem,20886
držitelům,478
hostingu,20887
moja,20888
profily,7512
strun,20889
píší,1451
zřízeného,11437
garancí,15294
erbu,20890
dávkovací,20891
pečivem,20892
ich,20893
tekutina,14399
tepen,15375
komp,20894
josefka,20895
nebyly,2244
pytlíku,20896
rozebrána,20897
jednorázové,3131
based,20898
bříškem,20899
hat,20900
super,20901
nadměrně,20902
intenzita,12737
zaměřují,5852
kabátě,8718
sítí,9695
stáří,17177
intenzivnímu,13227
zatížením,20903
jelo,6284
pohlednic,19362
flow,20904
poškodí,13971
ostrůvků,8078
hadem,5883
pudu,16282
stíhačů,2433
vypovídají,7519
převahou,13902
obklopené,4034
úředních,14882
nedáte,20905
zanechat,6978
opalovací,20906
plošné,5150
pružných,3774
odemykání,20684
lot,20907
virtuálním,20908
griddlerů,20909
podlouhle,20910
paláce,9769
praktika,6804
záloha,5508
imunitního,17363
sítko,20911
zlatými,7850
falešného,3022
uchovávání,20912
vysílačem,3360
hodnosti,18586
volala,4484
opuštěná,4850
ničemu,8385
vyhledání,3955
funkčně,20913
brázdy,20914
nenápadné,2786
pojmem,8719
častému,2615
perioda,13304
výskyty,20915
jsou,2244
klidná,7133
zápasům,4739
bezpečnostními,10093
uklidit,13190
diverzifikace,20916
zadávacím,20917
nejvýše,18048
přesunuli,6976
násl,20918
antioxidanty,12370
skly,10986
kázeň,19860
infra,20919
vem,20920
changes,20921
kalendářní,16054
podniku,3033
maličko,13349
sladké,6499
poboček,10454
ustupovat,13742
obcí,13212
prodaly,5686
boule,20922
hnízdní,20923
zruší,7126
česky,20924
propojeno,13639
bezdrátově,20925
poruše,14094
vjezdu,11807
terminály,8941
útvary,7254
separační,20926
přehodnocení,20927
kasy,20928
beden,16970
označování,20929
vysokém,10512
body,16355
objevovala,5553
teritorium,18714
obohacené,4392
agenda,10502
pečovat,14769
sedmkrát,20930
přesměrovat,18556
přímou,9120
nemusela,1107
prostaty,20931
podílu,7287
vyslechla,3557
neuvedené,17495
letním,5201
lokálního,16441
draho,20932
vejci,20713
červy,18390
očním,9947
průsmyku,12640
kostiček,20933
solidně,20934
kondenzátu,20935
shrnutí,13039
dopravou,12735
jednotkám,15231
stavějí,3908
věrných,3435
vyznačí,13050
získanými,5893
křížová,13262
labutě,9989
sladkým,6499
věnována,11707
omezen,11357
zadním,8543
motorové,4383
tag,20936
vyřadili,8608
usnadní,20937
přilehlém,6013
formičky,20938
zákonu,1198
půjčují,11893
loajality,20939
flóra,20940
nálezů,12238
vonné,2888
kojence,17822
vyvíjet,11061
krátery,20941
říjnem,8267
klony,20942
mycích,20943
formuláře,9720
připravena,2093
optimálním,7437
pneuservisu,20291
nížin,20944
urovnat,20945
tlakového,11370
vzkazy,5332
severovýchodní,20196
usilují,3726
připomínkování,20946
zahrnovat,16586
deklarované,20947
absence,10431
dojíždějí,20948
družině,20949
rouškou,20950
textilií,20951
všetko,20952
nepřátelské,4139
netkaná,20953
jehly,20398
stadia,15434
zabírají,20954
krystalická,20955
zkušebnictví,20956
que,20957
sledovaném,4629
půjdou,4153
dvanáctého,2930
pařížské,2110
uvádějte,20958
zaškrtnutí,20959
moravském,2368
tlumící,20960
pórů,20961
přírodu,10708
vzdušného,4722
zmíněna,974
napodobují,13684
tonery,20962
svedla,20963
kaučuku,20964
výpomoci,20965
úrovněmi,17238
osvětlené,20966
ošklivě,20967
konverzace,20968
dejte,4122
divizi,13052
rekonstruována,9599
hliníkovým,3519
novější,1377
přílohách,11799
vedeném,6431
zavinění,20969
folii,20970
cestovního,15787
přihlašovat,20971
ochutnali,17175
tolika,10660
škůdci,15627
korunních,10781
age,20972
dubů,15445
navrhovaná,2568
teploměrem,17355
akvárií,20973
jasnosti,19921
vane,8113
velikosti,19029
normách,10377
odsavače,20974
botanickou,11674
diferenciálu,20975
tropech,20976
náhrdelníky,9424
protilátky,16559
hmotnostní,16659
vlnová,6057
ozbrojenými,5691
vyměnili,9013
čisto,20977
samá,326
vyprazdňování,20978
prudkém,4409
kyčle,15854
konzoly,20979
prioritně,6608
přilne,20980
větrání,20981
boj,11375
halogenové,20982
můrou,16249
odsouzených,1232
průběžném,5292
zákna,20983
úředně,20984
chlapecká,2765
eliminaci,20985
bezpečnost,10257
zbraní,12408
komoda,20986
zavázat,5736
stezkou,15562
skládalo,3656
ostrahu,12704
ctností,11804
matně,20987
osídlen,20988
trojku,5798
zkratu,15651
obklíčení,20989
trofejí,20990
nápisem,12420
váhu,10471
hotovosti,20991
jednoduchém,5809
kriteria,20992
symetrie,20993
nařízením,16975
zmocnění,20994
náprav,17782
přehřátí,20995
misku,20996
čarodějnictví,20997
výplatě,13674
ekologická,2589
oblíbí,20998
hlavy,4448
huť,7619
prokázána,16530
potraty,10865
třešeň,20999
ležela,7703
stáhla,6522
zalezi,21000
zvýšený,21001
otisky,14111
taktická,7044
mandlemi,14989
těla,5011
šťavnaté,10384
sehnání,21002
dlouhé,9451
vlastnického,13364
tísňové,21003
červencem,11837
pořízeny,3002
akciovou,2638
doslova,21004
hubení,6019
očkování,14028
hop,21005
přep,21006
odstraníte,4989
slepá,1954
malému,2879
synchronní,21007
marii,10750
dokola,21008
nie,21009
zem,11882
zrcadle,7760
jazyce,2981
slim,21010
bavorském,1821
strukturami,9389
dosažena,21011
zranění,2802
řekni,3909
zadluženost,21012
platové,12487
označeny,9987
alokace,21013
založeného,10853
podlahy,13867
severoamerické,6249
aerobní,21014
cykloturistiku,17407
telefony,7826
žlutou,18406
připojila,4371
barevné,2853
určitému,4082
dash,21015
formiček,21016
kamna,14739
mluvíš,1651
masivními,15877
indikátorů,7928
hesle,11206
přecházet,14155
antibiotik,14613
zavolej,2004
salony,21017
párty,21018
building,21019
vybudovány,3093
šířen,10757
šatu,3210
archeologii,13251
kuřete,17590
elektromagnetické,21020
nej,21021
bedna,16970
přinášejí,10906
řeckém,1004
hromadných,17920
zhroutila,8168
grip,21022
řemene,21023
zadávací,21024
knížeti,678
klesaly,15095
přikrývka,18441
edicí,21025
kilo,21026
přípravků,11928
dělaly,1466
bavlněnou,5352
plných,17689
objednání,4982
nevedlo,4586
samovolně,21027
strhla,7363
čeledi,17446
financována,11667
hlouběji,13178
ohni,12074
laminátu,21028
nástavbového,21029
ušlechtilé,2504
zeptej,2762
speciálnímu,7138
výdejního,20724
topinkovače,21030
kostelní,21031
dekuji,21032
vyobrazena,21033
odvolala,4426
rámů,21034
diskrétní,21035
pobytové,21036
dostřel,21037
prověření,17033
zůstávali,11263
hesel,11206
obsluhou,8630
bočním,10983
cukrářské,21038
bannerů,21039
tetou,3809
nejnovějšími,1377
nepřesně,8151
kalkulačky,21040
ploché,14362
doložení,21041
dolinou,20822
staženo,21042
otravy,13852
zařízen,21043
otevírací,21044
fire,21045
klacek,21046
poznáš,2036
označilo,3544
vzduchové,8696
barvě,9144
štěněte,16462
vládnutí,21047
typové,21048
pozměněné,21049
zadržela,9707
stehen,21050
koňmi,4762
zařízeného,13228
čtečky,13878
nesouvisející,21051
slunečno,21052
odvozeno,4738
hodnocená,6011
prováděných,13217
jednotné,9446
frakcí,21053
výbušnin,18434
pásů,6577
vyžadovaly,3255
lůžkem,18552
obvodového,16985
přijaté,2271
potenciálními,8927
smíšené,6043
miliardami,20304
zásobami,10999
uznávána,1996
mobily,11448
dojíždění,21054
dezerty,21055
hromadění,21056
version,21057
indickou,965
imbus,21058
emitentů,4231
územními,8972
pronikají,11644
doménu,21059
fyzioterapie,21060
branou,16327
odstupu,4811
opojení,21061
moznost,21062
získávali,6947
minus,21063
přeplněné,21064
opěrkou,21065
sebehodnocení,21066
lepidel,12756
hlubokých,6544
zemědělském,2749
měkčí,21067
zůstávat,11263
osobními,5492
zakotvena,3236
vlhku,21068
velikost,19029
inkluzivní,21069
naruby,21070
turistika,17493
osmileté,683
smetí,21071
kontrol,12741
stříšky,21072
hubené,6019
justice,21073
soutěž,7477
přijímačky,2217
pololetí,21074
bandy,12421
kotník,21075
poddaných,9301
těsném,15593
asynchronní,21076
perorální,21077
kloubů,14468
dilda,12554
pověry,21078
nastavená,7935
pravítka,21079
písků,5676
porcelánová,12422
francouzštinu,6807
porušují,10074
odstraňovač,21080
krajně,21081
padají,6080
odedávna,21082
group,21083
šířce,12709
hracím,8560
vnějšího,13640
uliční,21084
spojence,2836
lišily,12774
blokáda,11225
statusem,13359
velezradu,12293
tunika,21085
napodobující,16136
roztečí,21086
libovolném,7172
cash,21087
skloviny,21088
notářské,6917
prohlídka,14994
ložisek,21089
zbrojnici,21090
follow,21091
ladem,21092
nejnižších,16886
nap,21093
zeměpisu,19239
výš,18048
vyrobená,6173
různorodou,5870
meči,11291
rozšiřoval,20614
edice,21094
compile,21095
výběžky,10995
podpory,15850
protékají,21096
paměťového,3814
kýta,21097
mírnou,8200
spojovala,11029
dostávalo,6071
svírají,9882
tkání,15199
nìkolika,21098
rozumné,1890
lůžky,18552
nebudeš,2244
zástava,13211
výstupem,8020
konverzaci,20968
gotickou,2875
vyloučila,3742
spotřebiči,6339
zastaralé,10067
hladkém,17892
osvěžení,21099
plazmě,21100
vypsána,4832
energetickou,3645
zpřístupněn,10981
nejdelších,9451
zahynuli,6382
drtivě,21101
erbem,21102
nouzové,13447
počítačům,6694
každodenními,14319
příslušenstvím,14765
generovat,17094
rezervovalo,11117
příslušnosti,20252
nebesa,17591
kolečka,11659
obratle,21103
výměře,21104
rovných,13257
efektivitě,21105
státními,10866
přestavuje,21106
impériu,6487
mobilizaci,21107
genetice,16341
zahradnictví,21108
klávesnicí,19618
korupce,16699
pískoviště,18050
page,21109
zvýhodnění,21110
proudící,21111
èást,21112
rozpouštění,21113
mraky,15964
nevšimla,1444
jednání,4711
zadrželi,9707
dostávat,6071
křídla,10870
jedle,21114
stromu,8322
kupon,21115
kratším,2882
aktivního,11248
pětkrát,21116
rozlohy,13725
statistická,2651
certifikované,21117
špičku,16190
zdokonalování,21118
zahradníky,492
počest,21119
jednotek,15231
květinářství,21120
utíkat,8911
kompatibilních,20371
trvanlivost,18605
zvolenou,1164
čisticích,21121
ohromnou,6724
okruhem,16557
nemusíš,1107
věstník,21122
přirozenou,3818
pozdějšími,4023
prázdno,9366
obdélníku,9122
pizzu,16156
kurt,18843
mam,21123
patřilo,6185
nošená,21124
přejmenovali,8392
otvoru,10912
nepozorovaně,21125
anglickém,1007
balistických,21126
spokojené,1634
ultra,21127
břicha,16461
milá,2287
pracovištích,15660
sázku,18352
hezkou,6502
krve,10823
přestupcích,15904
kole,19396
pracovněprávní,13653
standart,21128
zemřelo,1287
nepořádku,11288
obvyklým,4751
plovoucích,12567
pamětní,11849
širokého,9844
sruby,21129
bolševiků,6797
slohu,5454
ochoty,8734
suché,7907
nabude,8083
sféry,16872
encyklopedické,8152
monarchii,14189
tvrzené,21130
ležícího,18307
utrpělo,4416
květináč,21131
zmizí,8257
nastavitelných,21132
lese,16800
sypané,9696
zhubnout,21133
tipické,21134
chraňte,8013
drahami,5505
absolvovala,3262
vyzdobit,21135
podkladu,5706
znakové,5807
kostní,21136
jízdu,9118
celodenním,19908
živnost,15205
japonštině,11115
letenky,12954
mohly,1998
horizontem,13581
sbírala,4348
čelovka,21137
odkoupit,20755
celorepublikové,21138
detailně,20048
přestupků,15904
synchronizovat,21139
lamel,10343
zlepšuje,21140
určila,1622
zamířili,7682
nádržemi,16120
snáz,21141
vejčité,21142
nezákonně,21143
spodním,11990
sudů,14433
květech,8804
přepětí,21144
videt,21145
pokutového,3600
zemských,2464
připravíte,1013
sraženiny,21146
zubech,13196
zboření,21147
poliček,21148
absolutních,19770
lidstvu,8007
perlou,12006
opakujte,1681
kultivary,21149
kněžími,147
signální,21150
návleky,17931
kontaktu,11482
nádherně,21151
stínidla,21152
aukce,19596
vyskytují,18188
hlučnost,21153
vyhláškách,21154
šetřící,21155
zachovala,4815
laboratorní,10436
pochoutku,21156
spojována,5688
tunu,18423
žiješ,4204
prohlédnout,7658
zjištěny,16776
tagu,21157
omezeným,11357
slohové,20878
rozpětí,21158
zachovalo,4815
kopačky,21159
dlani,11953
poškozeným,9277
svobodna,21160
popálení,21161
bowlingu,21162
bílého,15598
rychlými,13111
about,21163
hnojení,21164
dojela,6405
nakloněné,21165
naftu,21166
nákupů,12486
popisuješ,1894
klece,21167
jablkem,10496
kázání,21168
změníte,7185
neprovádí,4079
yes,21169
zvládneš,21170
osmanské,21171
způsobilá,6761
palici,21172
dvouměsíční,21173
neuspěli,1309
městskému,4031
větvi,21174
plodech,6503
dárečky,21175
chronická,2572
páková,21176
kajka,21177
střídavé,14686
hands,21178
slovníky,3868
překonala,5726
písemnosti,21179
odkázala,6299
zdravým,13749
přidána,2607
kruhovém,10751
sytě,21180
přepravě,10826
znemožňuje,21181
faktuře,11220
kohezní,21182
tisknout,13311
elektromotory,3747
hydrataci,21183
ihned,21184
narovnání,21185
slouží,11495
mezizubní,21186
hornatiny,21187
staré,1982
odběrných,21188
podvozku,21189
predátorů,21190
vaj,21191
sledovací,21192
vrtání,21193
odporu,13891
palubním,9222
lesklého,13523
prodali,5686
pobočkách,10454
zveřejněna,7009
čokoládovou,4542
předávány,21194
raketové,5168
slevové,21195
bezdětné,1739
dávky,10661
strane,21196
arabském,3779
dírky,21197
bílým,15598
hladiny,15834
ski,21198
micro,21199
kočičích,21200
skate,21201
rovnosti,20066
chlebu,21202
červeného,15618
funkčnosti,21203
znaménka,16066
miliónů,9151
shrnující,21204
mírná,8200
nejezdí,6022
předčasně,21205
cyklisty,269
kolonizaci,21206
spolkové,8212
klenba,11888
zářím,14095
bronze,14796
zasahují,6918
příkop,14300
vysazení,21207
inkaso,16482
černošky,1408
verzím,12431
krátkodobém,6470
profitovat,21208
dělení,12691
překontrolovat,21209
zamrzlé,21210
probojovali,21211
přípravku,11928
borůvky,21212
multimetr,21213
utěrkou,21214
tlumí,21215
bohatě,21216
závaznými,13811
démony,6362
eur,13411
obohacen,4392
uvaření,9648
písemností,21217
distribuovaných,15937
přejezdu,15949
mouky,6732
koberců,7479
pětinu,19300
zvonicí,21218
slovanské,4465
neumožní,21219
mýho,1595
zákusky,21220
léků,4770
patogeny,21221
pomůžou,10292
uváděny,2946
vyžadováno,3255
tvarohem,11938
hromadnou,17920
mazlíčky,21222
uveřejněné,21223
společenstva,21224
levá,8690
vázaná,8777
zlatém,7850
mědi,20802
dekretu,8714
celistvosti,21225
garantují,6560
plechy,5704
nastavte,2838
utěsnění,21226
kaučuk,20964
děsně,21227
poznávacím,10000
zvedli,10800
stop,9360
všechna,7917
vloženo,2491
stavu,13629
položeny,9777
ukrást,11521
kódovým,21228
piráty,1745
sekce,17295
souhlásek,10926
odejdou,3793
nahodou,21229
píšou,1451
rizikového,5909
vřetene,21230
číselná,21231
univerzitou,9199
nevyhovuje,13816
silnici,6369
patch,21232
švech,21233
vibrační,21234
bližnímu,21235
půdy,7274
zna,21236
šál,20712
certifikátu,17353
zapékací,21237
modeláž,21238
královských,3420
stoleté,21239
sebrat,7654
oponenta,1226
nejhůře,15581
srovnávači,21240
náramně,21241
sankci,14496
nenesou,21242
wenge,21243
narazíte,10959
roll,21244
označovanou,21245
ořechové,21246
kopu,15990
planě,21247
zadala,21248
tratích,14997
kolonii,20050
polypropylenu,21249
cele,21250
mocných,1685
seznámeni,3073
zářit,21251
volilo,2515
raketách,21252
módů,21253
hledí,13575
výhybky,21254
dlaní,11953
přeměnit,11070
sbíráme,4348
měsíčníku,11946
stříbrnou,6827
zesilovačů,9562
otisku,21255
značnému,12220
tyči,17064
psč,21256
získávat,6947
nejpoužívanějších,11228
dřívějším,12876
tažná,19086
starověkém,3950
adresách,18099
transferů,18870
kořínků,21257
lepšímu,11979
troubou,9638
celosvětovou,7973
mnohde,21258
buněčné,17251
jubileu,7692
volejte,4484
výlohy,21259
výdaje,12243
church,21260
periodikum,21261
povolte,3649
auto,14753
zbývají,6533
bludy,21262
překročili,14706
prošetření,21263
vrstvy,14029
zašla,3144
delegátů,1021
navázaly,21264
přechodného,7750
míjí,21265
vozovku,15736
from,21266
započtení,21267
přírodopisu,17676
dezénem,21268
gets,21269
hodnotilo,7744
hrátky,21270
mezi,21271
ambulantní,17989
domácím,4126
hrabětem,1237
bratrské,21272
sčítají,21273
grup,8683
výtok,21274
přeměna,6516
sinice,16905
upraveného,13949
pomáhají,2512
spojencem,2836
kontrolované,15503
munici,20551
spirála,21275
nech,1822
desetiny,20562
keři,3659
hávu,21276
pohotovostním,21277
bránili,6409
zakončili,6965
ewa,21278
zamčené,21279
sjezdovka,13675
komárů,8659
rychlostí,19259
zabezpečí,21280
těm,2113
spolkovou,21281
upéct,21282
zásobení,21283
svěřené,15607
privilegia,7192
sacharidů,21284
naplněny,1818
turecké,1114
zaniklo,18757
obsahují,9215
zahynula,6382
pelíšku,21285
falšování,21286
koncentrované,6301
villa,21287
informace,14453
tranzistoru,10648
nevhodně,18580
ega,18138
polyuretan,21288
sjednané,14143
odkudkoliv,21289
uděláš,1689
polymery,21290
nacházet,14091
dobíjení,21291
konečníku,21292
převzaty,1642
využila,2125
poškodit,13971
prodáván,12324
zamilují,3008
pásmu,13378
kolonizace,21206
ochránit,11840
konto,4133
startovním,20217
them,21293
nadměrnou,8738
možně,21294
rozloučenou,21295
letáků,14944
toalety,12124
nepotřebných,21296
průlivem,9155
budovách,9739
pohromy,20456
sednu,10339
rezignovala,4678
celkové,16271
tolerance,19160
subtropické,21297
toneru,21298
referencí,21299
nemocných,1030
správců,1825
propuštění,6809
kyselá,3426
preparátu,4841
oblaka,9353
splňují,7198
servisu,12833
přispějí,2346
magie,17466
bezobratlých,21300
náležící,21301
prázdnou,9366
plevele,21302
převedeno,11793
pøíruèka,21303
hodného,3589
břízy,21304
zásobníkem,9931
žilní,21305
departementu,10754
těhotných,5319
příkonu,21306
bylinek,21307
mohou,1998
řešená,21308
note,21309
kondenzační,21310
spadla,8459
desetitisíce,21311
alergiky,21312
obrátila,7141
koupila,7776
účty,9374
posunuly,4363
připojeno,10559
ovladatelnosti,21313
průměr,14845
belgickém,1429
svačinu,19754
horském,2423
říze,21314
knihoven,15306
vystoupily,1756
centre,2596
plošiny,19677
nieco,21315
zasvěcena,6524
provozováno,9915
metanu,21316
položila,5045
věrnost,15967
vyšívané,21317
objevených,6413
dotazování,21318
listech,9943
dne,6508
internetovém,4157
uctily,21319
rajská,21320
slušná,2330
terasou,7319
prutů,12599
sionistické,21321
nestačili,5025
utekla,5125
těhotným,5319
vydala,3761
palcem,14268
kotouče,7174
zdola,21322
klasickými,2122
hřiště,14138
pojišťovnu,15179
zámožné,21323
zabudovaných,21324
vyhození,21325
použijí,1688
zaměřenou,10792
uzavřen,8631
spaní,21326
stovky,17038
okrese,10394
proveden,14987
doporučení,14018
procesům,2821
děvčata,7209
drážka,21327
barona,1380
přispění,17191
zájmům,6293
krátí,21328
úrovni,17238
obchůdky,21329
nebrali,5405
premium,21330
disponují,8681
close,21331
vztahující,21332
civilizaci,14043
koncipovány,6590
připraveny,2093
koupili,7776
puzzle,21333
pasivního,16494
party,2206
skútr,21334
pachy,12597
hygiena,21335
otvorů,10912
koťata,16538
ostřím,21336
zpětnému,9951
zástavbě,15586
obratlovců,17768
vrátila,3974
inspirována,1115
biskupství,21337
farma,18077
slučuje,21338
zářila,21251
hlásiče,21339
zemědělskými,2749
dokonalých,3796
vynětí,21340
stoupence,7672
pálit,13287
nesměly,1316
kosmetiky,21341
bud,20203
vykázat,10434
mandátní,21342
celkového,16271
vrhu,21343
obdržela,4660
těly,5011
load,21344
odeslání,13831
nepovinné,21345
měsíci,10054
křesťany,1130
span,21346
handsfree,21347
výhledy,17192
solné,21348
strážní,6033
dědičné,5264
vytvářela,1709
dum,21349
absolutní,19770
účastnily,2450
vyřizovat,9005
zachován,14291
tabáku,12064
zebra,21350
sekcí,17295
důvěra,6894
jídelním,13430
protipožární,21351
uživatelském,5463
zeleninové,5254
lineárně,21352
zatknout,21353
šachová,21354
návnady,21355
přepravu,10826
mrtvém,4894
získávala,6947
cel,21250
cyklokrosu,21356
modifikaci,15270
domácností,18659
přenosovou,3352
permanentně,21357
aromatické,16662
zvonici,21218
podmořské,3570
neviditelná,19310
neztratí,7766
planetách,11508
vnitrobloku,21358
přibylo,14385
stejne,21359
sešit,21360
simulaci,21361
výklenku,21362
uchování,9052
podporovaných,4890
sledováni,3575
registrační,12658
klesající,21363
zpřístupnit,10981
předmětové,21364
dodatků,3714
pavouky,9911
velkovévodství,21365
spojencům,2836
milionu,11625
byrokracii,20574
cvičím,9249
hlásit,3259
vyžádání,21366
alokaci,21367
přeslici,21368
výměr,21369
absolutně,21370
keramického,7748
ochran,18823
stožáry,7294
protáhlé,21371
hejna,19631
řešeného,21372
kázat,12733
window,21373
přesměruj,18556
applications,21374
dodáno,15797
břemena,16286
osobním,5492
čistou,15579
zastavěné,21375
usadila,3058
podnikání,10919
projdou,4577
poškozena,9277
našem,1595
výletní,21376
seniorů,21377
crew,21378
galaxy,21379
kombi,21380
jezeru,9019
trvanlivé,21381
noclehu,11175
vzorcem,5390
pokračují,3034
rekreačního,21382
mamkou,21383
vita,21384
ukončeného,20028
infekcí,15934
zavírací,21385
příručce,11096
spotřebují,10245
segmenty,21386
zastaven,19224
výstražných,14607
startovalo,6378
dvouleté,2281
matrikách,19205
plachetnice,21387
zjišťují,4457
veřejnou,4800
libovolnou,7172
napříč,21388
auch,21389
živnostenské,7401
skrytá,5963
židy,2435
imunní,21390
terénu,7186
plochy,11490
evropskému,1983
pravd,2576
adaptérem,7597
okr,21391
pokládali,2599
kořisti,16392
job,21392
centrály,20534
čtyřletého,1763
kernel,21393
kaštan,21394
vývojově,21395
farnostech,18334
amnestii,18403
vzhledově,21396
nálož,19008
sdílejí,7031
naprosté,7010
sestávala,13883
motory,4390
ošetřovat,496
lázeňskou,5132
motocyklové,1428
havarijním,21397
otevřených,8688
emailem,21398
vyráběno,7201
přirozeném,3818
rovnoměrně,21399
bakteriální,21400
obnoví,11651
pochutnáte,21401
abecedu,19191
hřbetů,20213
šátku,4915
zobrazí,16114
dvojkolí,21402
náležející,13588
verzemi,12431
následnou,2410
zajatých,21403
plavbu,17622
divokým,5402
vypukl,18385
poznávací,10000
oddanosti,21404
ciziny,14098
nulovým,19407
matrace,17333
zavěšeny,14797
probíhajícím,16869
přestupu,14007
stříbro,19178
obviňování,21405
dubnovém,21406
rangle,21407
čelistí,20422
mince,16278
osazen,8644
údaji,4338
udržitelné,17723
nepřetržitým,11377
pistole,16769
centrál,20534
konkurenčním,9481
obstarávání,21408
zkráceném,9056
dovoz,14772
vydáno,13433
drátky,21409
zůstanete,7272
plavby,17622
jezdíte,6022
sety,18505
paleolitu,21410
sousedících,19712
byla,2244
využívajících,13329
cykloturistiky,17407
podpořily,1387
razit,13692
bujení,21411
metodická,2375
vniknutí,21412
podávané,7702
ostrovu,3684
nejběžnějších,7726
poháněná,21413
zaschnutí,21414
předmětu,6026
kufry,15762
metrech,13677
narušují,9530
výdej,21415
středověká,2264
prasata,10607
hnacího,21416
blokován,12785
neustálou,9768
padlé,16992
koruny,10780
kódu,11967
odčítání,21417
rukávů,10138
revolučním,11976
zábřežsku,21418
gothic,21419
suvenýrů,21420
připadla,14414
cookie,21421
republikou,8381
přibyla,14385
fungují,5890
grafu,4209
centrálním,10240
pozemků,12113
schůzek,12022
voze,6148
fenka,21422
lux,21423
zastávce,8865
posloužily,4895
opadavé,21424
presne,21425
dorazila,3938
ritu,21426
trus,21427
fyzice,7211
dřezová,21428
vázáno,8777
vhodnými,5816
předřadného,21429
brazilskou,755
rozsvítí,14602
byte,12675
přenesené,6481
vybavila,3295
objeveny,6413
úvazky,21430
versus,21431
potěšení,6091
linoleum,21432
uhrazení,21433
aglomerací,21434
útlém,20530
postiženou,885
read,21435
kokosové,5094
mašlí,21436
jakoukoliv,5287
litoměřické,1898
přilnavosti,21437
bio,21438
chladičů,21439
užitné,8332
jmenováni,1329
omítky,18455
kokosu,14062
slivovice,21440
meteoritu,5175
dostatečná,10753
jídlu,11774
neúplné,6349
uzávěru,21441
považované,3588
nepočítají,1549
škodlivá,10717
dozvědět,3439
dvouletém,2281
sekery,18270
kolonií,20050
kondice,18271
omezí,13524
zvítězila,2289
průměrném,2247
dokonalému,3796
vagína,16300
vyšetří,20692
procentuálním,21442
lenost,21443
jezerní,21444
moravské,2368
zápisníky,21445
účelně,21446
vesele,21447
lymfocyty,21448
zahodit,21449
objevte,1854
zobrazených,10970
mají,2115
perských,2341
vyhoví,15659
past,13517
dlaň,11953
dlouhodobému,3901
hod,21450
zajistíte,2781
husitské,14123
neodkladné,21451
ověřen,7404
vat,8399
brašna,15517
distanční,21452
šířili,10757
umožnily,4033
královstvím,19032
nečinnosti,21453
světlého,7332
vysokokapacitní,21454
mákem,10552
helem,21455
doplňování,21456
dosti,18620
vakua,21457
nutným,3283
pytlíky,21458
bola,21459
krivošová,21460
enzymů,21461
přikrývky,18441
vlákny,20088
startéru,1604
laktózy,21462
sdíleli,7031
odmítání,21463
tuniky,21085
nebot,21464
vozům,6148
hemoroidy,21465
kroužku,9471
zřídilo,4228
kulatým,19609
obnovili,11651
ovládaná,9866
květu,8804
detoxikaci,21466
gymnastika,19192
závaznou,13811
štika,20170
latinské,3879
šlachy,18358
plátky,15336
chodců,10167
dědičného,5264
známa,292
akvária,20973
šup,21467
brašnu,15517
dělaná,21468
příčná,5985
vyhledávačích,21469
stale,21470
zadek,16201
fobie,21471
revíru,5779
objemem,15960
latě,21472
nejrozšířenější,16508
virové,16696
jedovatá,7290
šroubováky,11027
kapalná,4985
zhoršil,20275
mailem,21473
čirého,20508
nouzového,13447
bydlení,15185
nosnosti,6607
nárokům,14681
užitková,8618
ohřívání,21474
topit,16544
podnikového,3905
teleskopické,21475
přilehlé,6013
mapování,21476
dvojího,12288
nadměrnému,8738
toxinů,13963
spray,21477
velikonoce,21478
nedosáhli,7977
podcelku,21479
domovní,14400
odpovídajícího,19756
zaručeno,9912
dobrovolná,3936
nezjištěno,21480
krajka,21481
elektrickém,5107
jahod,7334
chudým,2324
členská,7255
ničení,21482
podivná,3593
provozovnách,21483
řítí,21484
vzorků,18957
zaniklých,13054
gelových,21485
zavřené,14668
lepící,21486
zasaženo,7870
relaci,21487
blesků,7675
bodové,7349
připravovány,1456
cestujícím,6075
kaktusy,21488
seděly,4381
cyklistická,3294
dorostenců,21489
krbem,9647
ostrohu,21490
modulu,21491
dorůstají,21492
zefektivnění,21493
dojdu,5839
potřebuješ,2922
přenosná,7089
supermarkety,9189
kuliček,14175
omluvy,8089
změňte,7185
hustá,6754
zpříjemnit,21494
nosítka,21495
pivovarské,21496
vrtuli,21497
nazýváme,16427
prospěšnosti,21498
rychtáře,1571
ovládán,4265
luk,21499
věnovalo,4589
člunů,5468
výjezd,21500
budova,9739
ledničky,15969
psího,18567
protáhnout,9693
vidlicí,21501
křídly,10870
drážkami,21502
pohody,14943
sčítat,21503
čipem,21504
obyčejného,2510
kom,3301
sladkostí,21505
komprese,6820
přezkumného,21506
úlevy,15071
obyv,21507
bronzovou,6476
dosažení,15729
vyhodnocena,6953
oboustrannou,9224
drahým,4382
oválné,21508
tabletách,15991
energy,21509
láhvi,12674
fox,21510
nepravidelného,21511
zahrnujících,20709
meli,21512
stoly,14252
příkrmy,21513
salámu,9276
zásahové,21514
ranami,21515
zipy,21516
poklidu,21517
poškozená,9277
rozsáhlou,4059
aukci,19596
polštině,7833
hlášeny,21518
kalkulátory,21519
otevřeno,8688
odletět,13499
přísluš,21520
krasu,19318
zakoupili,4780
podrobnější,3866
zavřete,5666
ošetřit,19270
vlastnická,13364
hraběnkou,12369
kaktusů,21488
odkazu,10918
našim,1595
zelenině,13814
horská,2423
sloupcích,13951
ořechy,14500
klientského,16908
zánětlivé,21521
odstranila,4989
psychiatrii,117
nuceny,2265
bodovky,21522
právu,5766
incidentů,7590
uskutečněné,17275
pomáhaly,2512
čípky,14405
jdou,4153
uvolňují,7173
konkurenčního,9481
začleněny,21523
prkénko,21524
žvýkačky,21525
eng,21526
usídlili,21527
vibracím,21528
setrvání,21529
míčové,21530
děloze,18549
škůdcům,21531
medicíně,13104
zařízené,13228
oxidem,21532
pivoňka,21533
ploše,11490
procesy,2821
dominovat,8361
eukaryot,21534
helma,17618
věkovou,8422
invalidy,21535
vyhrávat,3559
slupce,17137
plavání,21536
otevírají,10100
produktu,7558
doložen,4306
vypadají,5881
sekačka,17310
docílíte,4923
sekera,18270
přichycení,21537
uzavřeno,8631
necítila,2348
množiny,12174
kombinéza,19925
poháněna,6683
zátoce,14001
dlužné,21538
klikni,21539
stažení,15709
dovybavení,21540
rychlejším,13111
lhůtách,8414
třetích,5504
genetickou,3886
dotacím,21541
slanou,16356
brzdnou,5546
spotřebním,6710
aktuálním,10112
elit,10690
trafiky,14209
účinně,21542
ministerské,686
srážky,14283
vysokohorské,21543
pérování,21544
bitvu,10019
zranili,3660
anglikánské,21545
záď,21546
ergonomii,21547
stříškou,21548
zaznamenaly,3706
zničily,9886
potahů,17261
nohou,12275
zahrnuje,16586
nepotřebovali,2922
otvory,10912
dáte,4122
zblízka,21549
vzdáleny,10924
probošta,21550
poškozují,13332
souprav,20326
zajištěných,4865
ozdobené,8455
říčky,10153
vlastnili,9241
šachu,20853
objevovaly,5553
vesnicemi,10047
žlutých,18406
obecnou,6314
koutkem,12232
barvivo,20579
zátka,21551
místodržitelství,21552
provinění,21553
štěňat,16462
budovány,12749
mohutná,7455
abnormální,21554
vraceli,6263
standardním,16308
blozích,21555
nudy,9177
tabulku,21556
vložek,21557
rozmanitosti,9879
přepadu,21558
vstřebávání,21559
evidovat,13723
tuku,6574
bílkovinu,14494
přímé,9120
rozkoše,21560
seznamovat,11036
příchutě,21561
vystavěná,2418
prohlížečů,5096
bezpečně,18651
alergeny,21562
ubytováni,19384
ztracená,4132
pletu,21563
troskách,11309
takova,21564
otevřen,8688
rehabilitaci,21565
listina,18313
bříška,20899
řádění,21566
sjezdovku,13675
žlázu,16821
odkryté,21567
oprávněna,2914
moduly,21568
zamířila,7682
rychlovarná,21569
nechápou,2128
ovladatelné,8563
orné,11302
poraženo,7214
mléce,12989
rozcházejí,21570
dítka,21571
kuřata,17590
zahrnovaly,16586
určené,8240
složeném,6087
vypořádání,21572
hospůdce,14022
definovaná,4298
zredukovat,21573
zastrašit,21574
strojové,3616
zarudnutí,21575
zůstatek,21576
zapojeno,5117
hoď,5866
zahájily,2665
oleji,7106
paralelním,7180
odchozí,21577
halogenová,20982
pohybovala,5556
sportování,17783
přiměřená,12963
property,21578
zvonice,21218
diskotéka,13840
obraty,19197
pálení,21579
extrémně,21580
mechanickou,3084
složeny,6087
otočit,12983
plec,21581
krk,21582
agresivním,11171
otroctví,21583
špiček,16190
germánské,9697
vidění,11245
radiátoru,21584
džemy,18428
smetanové,6709
mapy,17164
cdot,21585
pripadne,21586
kraji,2664
přípravkem,21587
flóry,20940
vzrostlo,13693
proužky,11853
povinným,2931
navštívíte,5234
zmrzliny,15673
tiskařské,21588
nejblíže,16579
výsuvné,21589
zabránila,6416
pizza,16156
raketa,21252
tkáně,15199
kolize,18992
portugalském,817
edici,21094
ochlazuje,21590
kmeny,6551
identifikována,21591
ověřte,7404
hasičskou,11695
falešnou,3022
řadové,2027
příručky,11096
gymnastice,19192
uskutečněn,17275
hranicí,4931
radio,5999
neprodejné,21592
style,4072
dobrem,8649
hierarchicky,21593
bouřce,6615
leasing,21594
provozně,21595
činných,1975
doložka,20720
netopýrů,4563
moto,21596
sekty,14586
poctivé,2251
jámě,12524
nejvyšší,10512
nároku,14681
poraněním,21597
peněžní,13868
houbou,16750
klinickou,3678
find,21598
rychle,18123
odposlech,12878
šifry,15092
inzeráty,9247
ověřenou,10244
zachovávají,9681
vnitrozemské,21599
skládka,10179
vyloučeny,8494
terapii,17516
nedávná,1960
popisy,6633
příze,21600
majáku,20707
skladiště,21601
lenbur,21602
vlast,17405
stráže,21603
lůžko,18552
tepu,21604
vypálení,21605
rekreačních,21382
počtu,18223
slunci,6133
budka,21606
teplotami,21607
synonymum,21608
nedaleké,16693
uzavírat,2181
nakladače,21609
použitelnosti,21610
pobočce,10454
mocnosti,10756
semínka,6323
mbank,21611
zeměmi,11882
plete,21563
tažného,19086
hliněné,21612
umisťují,21613
zásoba,10999
přechodných,7750
root,21614
lupínky,21615
proteinové,5525
absolvovali,3262
dotčeno,3358
kradou,11521
prohlížeče,5096
reakční,21616
kapsička,11623
trojúhelníky,3322
magdu,21617
zmíněny,974
vzdělávání,21618
přilehlou,6013
výživou,15595
magnetické,6954
němčině,13587
nájmu,15693
stupněm,18248
doplňky,10494
smrkové,10033
vyspělá,3957
urgentní,21619
protahování,21620
cigaretu,20733
přežití,21621
stromečku,14711
vlajkou,16464
písmu,10347
splnily,2917
řádných,6084
skype,21622
základce,21623
srážkové,21624
navždy,21625
podivně,21626
rodnou,5532
prakticky,21627
jakýchsi,2196
aktivními,11248
podporovala,3739
výfuků,19510
sporech,13197
samovolnému,21628
mokrá,10251
udáván,21629
pře,21630
charakterizována,7026
listinu,18313
půjčka,5424
kloboučky,7885
pilník,21631
jakousi,2196
svěcení,21632
adresy,18099
moskevském,2742
pračky,10843
zaznamenáno,12103
mase,7963
uších,14299
gymnázium,9662
nadávají,8189
tvarovaným,3628
republikové,21633
svislá,2755
vyhlášeno,3769
stroje,3288
službě,10515
cast,21634
lehkými,3198
mísy,15281
nafty,21166
nešli,4153
předloženy,5115
osvědčením,21635
bavlněná,5352
střelného,19294
proutí,21636
snaž,2023
společná,4712
volnočasová,13120
vévodství,21637
naložení,21638
zhoršila,20275
vánoce,10206
vyhláška,12356
holkama,21639
souhrnu,21640
vrcholovou,3959
litý,11542
plném,17689
every,21641
octem,11148
mrazu,4091
gaelštině,21642
zaznamenány,12103
čerpadlem,21643
omáčky,9917
podlouhlé,21644
dopravě,12735
ene,21645
konvertory,21646
vršku,20554
mřížka,19569
nikde,21647
tečkami,18274
eskadra,18795
páčky,13129
osvědčení,21635
vzduchová,8696
kalu,19505
chemickými,3738
zánikem,12100
books,21648
zmizeli,8257
bolely,10631
měříme,17798
uhrazena,21649
horšímu,7005
přilehlými,6013
rámy,6933
platnými,13784
karbonovými,21650
podnikatelskou,1292
traktory,4289
zadržených,5846
hypertenze,21651
stříbrem,19178
ptáky,2190
předložka,21652
generované,21653
zárubně,21654
naprostého,7010
bedlivě,21655
poměrné,21656
podací,21657
hodne,21658
lítat,21659
rem,21660
elixír,21661
podřízeny,4648
stabilnější,16592
nedostačující,21662
překonaly,5726
embargo,21663
stimulaci,19471
mobilheimu,21664
byzantskou,3232
eská,21665
placky,14424
holandské,1083
hostila,9221
štíhlá,9055
stáhly,6522
pravému,3183
displeji,21666
due,21667
obrázkové,21668
spojenců,2836
nejbližšího,5530
zesilovače,9562
projíždějí,21669
společném,4712
puse,18439
zrušené,4917
polštářem,14401
zimní,13406
koncentrátu,21670
zámků,5739
zdoben,13668
rychlovarné,21569
učebně,15983
telefonní,13657
imunologie,21671
znázorňují,21672
hlučností,21673
dědičně,21674
nastartování,4176
elektronu,9328
kalorie,21675
znatelně,21676
nehmotné,9835
posílení,21677
nezajímají,5484
plynů,11877
plusjednicka,21678
ohrožena,6521
makro,21679
pokrývat,15974
nepoužívám,7967
zrychlení,21680
dásní,21681
terciárního,21682
referenčním,14010
procentem,7355
cukroví,21683
šrotu,6494
jihočeském,6247
potahem,17261
škody,4849
krádeží,17154
nul,13750
zemské,2464
doplňován,2737
flexibilně,21684
arteriální,21685
probiotika,21686
omítka,18455
basů,21687
napájecím,21688
zvony,9657
prima,21689
pyramidu,20531
smluv,11192
kabin,10229
zastoupena,3054
platné,13784
computing,21690
vrtáky,6836
holení,21691
pátku,8077
knihovnu,15306
stodoly,15830
dravci,18628
údolní,21692
vyprší,11683
perlami,12006
přibližnou,8111
prostřed,21693
hřbitovní,6714
stávali,21694
penízky,21695
odolávající,17001
prádelna,21696
informačním,11984
navrženo,5293
uchycení,21697
mrkněte,21698
site,21699
pořádně,21700
sklenice,13385
zastaralá,10067
paleta,18257
šla,4153
kolika,6275
stáncích,13796
poukázku,21701
mírem,19173
stráních,21702
plodu,6503
hřebenu,15015
dýmek,21703
posilovna,18306
dělej,1466
brusle,15214
golfové,6441
zasaženy,7870
matematice,14337
výprask,21704
střelby,17773
receptory,21705
mívají,9198
knedlíčky,21706
listopadové,21707
jezeře,9019
pruhy,14737
časovce,21708
aspirace,21709
vzdělanost,21710
skrz,19183
hornin,13063
weby,21711
ostrá,5277
vázne,21712
překročila,14706
option,21713
napsaných,9478
kupujících,2997
nylon,21714
vejcem,20713
otevřou,6217
pohovky,12739
hýbou,8807
quad,21715
svetlo,21716
transakcí,17964
hostiteli,670
diabetiků,21717
podoblasti,21718
dýmky,21719
neco,21720
parapetu,18869
vlastnictvím,21721
předepsaném,8085
tihla,21722
nevyjímaje,21723
indikací,21724
prohráli,9500
flóře,20940
uhelné,14003
vyhrazená,11058
přilbu,21725
ochranu,18823
konsenzus,21726
vyzařování,21727
movitých,18296
sněhové,5255
sjednotit,18818
zádi,21546
octa,11148
přeřazení,21728
náhodných,4986
latinčine,21729
převislé,21730
staff,21731
notně,21732
tyče,17064
čárkovité,21733
selektivní,21734
klíčky,21735
ochlupení,21736
prosba,12308
sousedními,11770
neříkají,370
maticí,19661
studovny,21737
ebook,21738
nemocem,10465
nabytím,21739
chemii,16174
nepřátelství,21740
hranaté,17482
módě,4305
specializují,9853
soustředěné,16537
úplnou,8413
insignie,21741
mazivo,21742
mar,21743
pobočkami,10454
zastoupená,3054
přiznána,21744
ekologie,21745
spínání,21746
vymezují,8863
obětování,7057
skladě,11754
podzimním,11634
příznaků,5636
starobylé,8673
juniorské,3398
spolufinancována,8070
osvobodila,10274
jiskry,18265
stávajícímu,10829
kalendářních,16054
inkubátoru,21747
epizodě,1784
zápachem,12754
revize,16185
zasláno,21748
kmitočtu,15621
obci,13212
ponožky,19906
ovládnutí,21749
konstantní,18180
vděčnosti,18153
přidán,2607
zlomení,13830
objednací,21750
nevyhovující,21751
prosit,8488
nov,21752
kolenní,21753
znatelné,17265
určenému,8240
vajíčko,14934
reálně,21754
osvědčila,4987
červenou,15618
čarodějnic,761
dodatečným,4248
korupcí,16699
odvezla,4534
lokalite,21755
pěnou,18228
obvyklou,4751
bohoslovecké,21756
drogám,5052
vodítka,15460
efektivním,15422
odvozují,17713
explozi,21757
kvítky,21758
těžším,5858
jine,21759
komody,20986
ústavně,21760
trase,6012
opustila,7049
prošly,4577
hustotě,15443
bahně,16059
vlhkostí,17126
pozdní,11345
tělocvičny,17756
ořechu,14500
prozkoumání,21761
zahradou,6550
vlhko,21068
lithium,16670
zapojilo,3231
hledáš,4210
vysvětlivky,21762
ráži,15316
cibuloviny,21763
tropickém,11308
hořáku,21764
parkovat,21765
většími,5075
sjezdovce,13675
rozloha,13725
pečovatelská,21766
dokladu,7912
opce,21767
hodinová,3335
utahování,21768
myslivce,948
zvýrazněny,11763
podnikatelská,1292
administrací,21769
hrachu,21770
ohňů,12074
podrostu,21771
efektivnost,17709
přehledná,7452
čepu,21772
sazby,8609
doporučováno,6680
střelu,18500
krytu,5543
zradu,11421
vlákninu,21773
prstence,10732
ozdobná,13341
nástroje,7798
kvìtna,21774
koženka,21775
financovaného,11667
běžte,6180
nekompletní,21776
magické,3505
banánů,14835
ovocné,7286
kuřáků,1710
vyjádřená,10381
vystavěna,2418
copy,21777
podmíněného,5678
jídelníčku,21778
přesáhla,21779
taktu,5466
delty,21780
podezřelá,2008
výdeje,21781
spřátelí,21782
alu,21783
obyčejné,2510
vyhovující,21751
lahvička,16485
vyletí,21784
lištami,14349
vstoupíte,3474
jablky,10496
zlomky,5043
euro,13411
upustit,12078
přírodou,10708
vyvinutých,13965
botanická,11674
zvýšit,18465
mzda,10030
sytosti,21785
láva,21786
skříňku,18696
nabízejících,16021
kakaem,6377
komíny,16676
připravovaly,1456
žádostí,16226
odpracovaných,21787
vyvážení,21788
kartonové,21789
rozšiřuje,20614
pondělka,21790
těžní,21791
unit,21792
skel,10986
peniaze,21793
proxy,21794
horka,12529
zakázána,4991
vyhledávají,11565
rezistentní,21795
přesáhl,21779
ohrožené,6521
sek,21796
kurzoru,4317
markets,21797
pohyblivými,2766
přepětím,21798
ovládli,5301
porazily,7214
svazy,1516
špalky,21799
jejímiž,19206
zabezpečením,21800
jezery,9019
soukromými,3808
poklesly,20779
velikostí,19029
pěny,18228
regeneraci,19759
doping,21801
chytrou,2106
svaloviny,21802
vápencových,21803
samu,326
tůně,21804
obyčejná,2510
nadávky,21805
rostlinky,21806
studní,14991
keramiky,21807
kalibraci,21808
božího,13659
horskými,2423
koeficientu,10475
jedete,6284
alobalu,21809
nezadržitelně,21810
cyklotrasa,20869
hláska,18291
běžného,7726
toužili,5109
růží,13936
hodnota,11129
olomouckým,1668
tlaková,11370
sáčku,15513
nejčastěji,12688
ukazovaly,4909
kokosová,5094
homologaci,21811
listinách,18313
utkali,16081
polygonální,21812
čtyřhra,15500
příruby,21813
zřídí,4228
tejden,6583
sousedské,21814
přístupná,5907
nezávazné,14541
vypadala,5881
střelnici,14016
slavila,2466
zařadila,4267
silnějším,1891
viset,16016
omezeném,11357
žláz,16821
svrchní,21815
olympijskou,936
tělní,12332
nakoupit,7605
zakřivené,11498
lenošení,21816
fermentace,21817
severovýchodního,20196
odpružení,21818
považovala,4772
izolovaných,12600
pozoru,13254
čtvrtinu,14712
uznané,21819
faře,21820
pojmenovaných,3682
kouření,19676
psím,18567
zarovnání,21821
týdně,21822
objímky,21823
vulkanické,16077
očkem,21824
indikativní,21825
usnadnit,20937
ovládanou,9866
prefektura,21826
vytočit,21827
načerno,21828
nejbohatším,1942
rovni,13257
rozsahem,18074
mol,21829
slané,16356
routery,21830
vlhkém,15088
dedo,21831
navštěvují,5235
effect,21832
hackerů,2144
ratanový,21833
občánků,21834
zastavěná,21835
bojují,3876
teplot,21607
licencí,14813
světlou,7332
obiloviny,21836
klasickou,2122
scházejí,14437
olivy,21837
protokolu,16502
harmonicky,21838
upálení,21839
domácími,4126
odevzdali,6674
krádež,17154
napojit,14664
kleští,19433
příbuzenstvo,21840
mutaci,21841
náušníky,21842
vestavná,21843
makra,21844
jihozápadu,7489
void,21845
strojem,3288
pořízená,6858
pohotovost,17823
procházek,18750
vítìzství,21846
knížectví,21847
plavba,17622
pošlu,6643
desetina,20562
poškodilo,13971
draslíku,17517
ligou,8324
hořáky,6634
adopci,16631
vystřelí,15232
máslo,21848
severovýchodě,14099
růžových,15073
vystavěny,2418
námaze,17309
roztoky,3699
pool,21849
popruhy,21850
složce,5326
tour,21851
instalováno,4145
sdelit,21852
nazýváni,16427
horskou,2423
podřízena,4648
laminované,21853
prevence,20682
hůlka,21854
kroužky,9471
jakási,2196
vycházku,21855
zraněných,2802
dochované,8167
přímému,9120
býka,4269
nárazníky,9743
prodlouženou,21856
probíhat,12450
point,21857
hangáru,21858
inzerované,21859
zachránilo,6819
plněná,11505
popisováno,1894
dokonalou,3796
černým,11954
tepelnou,8054
neřešíte,21860
pokynu,11826
osádky,21861
rozhlednu,11974
vejce,20713
využívat,8768
formuláři,9720
obytnou,21862
dudlíky,8831
užity,21863
dárková,21864
screening,21865
kmenové,759
perníčky,21866
vrcholky,21867
sedáku,21868
zapalovače,15102
informováni,2745
názvem,2226
udělených,14025
spokojenosti,19134
semena,14005
wir,21869
trakční,21870
energeticky,21871
organizovaná,6021
milionům,11625
vyčíst,21872
mimosoudní,21873
článcích,2769
přihlásily,2895
teóma,21874
snášejí,4896
jízdné,15529
klasickému,2122
požadovala,2005
likvidují,16118
vyjímat,10414
otřásla,21875
peču,21876
geometrii,15828
odstraněny,14448
přehlednosti,21877
měly,2115
troubu,9638
ukončeno,20028
ukončit,12163
titanu,21878
zbrojí,21879
sakristií,21880
pohledu,11841
slušet,8106
vaku,16711
porostem,19012
věčnou,3980
zabavení,21881
pošlou,6643
teploty,21607
sladkou,6499
kladnými,6315
pájecí,21882
tvárnice,13277
krasne,21883
lisů,8956
prát,11580
nesouhlasíte,1071
obecného,6314
nádobka,14621
navštěvované,4981
hrazených,21884
těžila,6955
kapilární,21885
vzrůstající,21886
potištěné,21887
trubici,21888
pořeby,21889
pastvinách,20224
černých,11954
ukážu,1984
myčky,12462
kopaná,20613
rukavičky,21890
sedlem,21891
zaslán,19537
napadly,3499
výdejní,20724
přerušeno,19442
žebro,21892
škodlivého,10717
skříňkou,18696
podlaží,21893
jednotným,9446
písmeny,9386
výmluvy,21894
byly,2244
hady,5883
rovnat,21895
uniknout,10282
kytice,11830
spisy,15477
porcí,19006
moření,21896
pěstovaných,21897
místnost,15251
koněm,4762
ohrožovat,12157
blížící,21898
měděné,7252
nálezu,12238
vyzkoušeno,3381
koleni,17230
ubytovna,18333
zanikne,18757
rostou,14316
kupte,21899
zbrani,12408
registrů,21900
vzorové,5700
odmítnuta,7621
ovládaného,9866
certifikaci,21901
diktátu,10746
nápravy,17782
stabilního,16592
křečí,7653
zřízení,11626
vrcholová,3959
prémiová,21902
pridala,21903
direkt,21904
neštovice,21905
poskytován,11559
krabic,21906
frekvencí,19664
posunuta,21907
herminka,21908
certifikátem,17353
povinnému,2931
čau,21909
abeceda,19191
zapsali,2885
rivalita,21910
budeš,2244
mláďat,5137
chromatografie,21911
tapeta,19199
vápencové,21912
pravidelného,9703
povrchem,10889
jehlou,20398
zmiňují,4655
uhelná,14003
oranžovým,19967
horizontálně,21913
lahodné,6282
znázorněny,17836
torpédoborce,8162
sídlila,7073
účtech,9374
stejnému,5320
poskytujeme,11559
výlučné,21914
zapnutém,21915
karibské,21916
okrsku,21917
římsa,14113
pohárové,21918
normálně,21919
označeného,9987
spotřeby,20312
jednohubky,21920
zimě,10444
prachové,19042
palety,18257
radiobudíky,21921
výhodného,15160
obhájila,7305
používáte,7967
vodovody,5537
boje,11375
chudé,2324
ochrany,18823
nejjižnější,8932
hale,14355
délce,12987
běžnější,7726
titan,21878
časopise,5515
three,21922
získaným,21923
defekty,21924
zalévání,21925
dostačující,21662
ústní,16767
hygienická,5930
zemském,2464
zatkli,21353
dutiny,12705
připojeni,4371
držela,6363
využily,21926
blahobytu,18124
zastaví,11349
dalsi,21927
závislá,724
ohledání,21928
odrůd,13521
dotkly,3358
pánevní,21929
skončili,6860
zohledněn,5003
robotům,1257
tabulkách,21556
pyžama,21930
pečeť,21931
vyhledávané,21932
udělaly,1689
harfu,15320
otevřeného,8688
alchymie,21933
běžela,6180
klády,21934
kozáků,21935
koleje,9760
pestřejší,6731
liber,21936
neodmyslitelnou,21937
houpačky,18127
pudry,15390
příkazů,16372
notebooků,17797
nenašli,3790
zdolávání,21938
korespondovat,15694
lepšími,11979
vycházek,21939
přezkoumání,21940
rej,21941
vniknutím,21942
průhledné,3780
tříleté,1260
kopírka,21943
propojují,21944
zrcátkem,21945
lištu,14349
nasbírané,21946
květinovým,10724
objednám,4982
vyhlášených,3769
gramáži,21947
klimatizované,21948
zlevněné,21949
pač,21950
úrodu,10638
řízených,15561
exaktní,21951
rituální,21952
lehátka,15597
věznění,21953
zamčení,21279
přednastaveny,21954
podrážku,21955
opatství,21956
oběžných,21957
odstěhovala,5987
vykonávali,4287
rokle,21958
nepodložené,21959
dotykové,21960
ústního,16767
efektivita,18864
stálém,1883
určo,21961
vzdušné,4722
slanině,10210
kameniva,21962
zakončený,21963
podlimitním,21964
horlivě,21965
minima,20243
rozkladu,12182
poševní,21966
nepřihlíží,21967
hodnou,3589
povšimnutí,21968
úrazy,15484
balkonem,21969
mansardovou,21970
značená,21971
pre,21972
pěn,18228
barvení,21973
postavená,4144
bohyně,21974
zobrazily,21975
vymezen,21976
pozemním,21977
strukturovaných,13702
vyšetření,19319
zasedací,21978
odborem,4199
všeobecným,6110
spyware,21979
eliminovat,21980
vyspělosti,21981
lžic,18231
označením,21982
nástupní,21983
napadeného,21984
kantonu,21985
kontroly,12741
svačinku,21986
skořice,12098
vedeno,6431
zářivka,19812
bídě,12681
mastných,9474
zachovávat,4815
zamykání,20801
kýmkoliv,1884
tyč,17064
náznaku,5965
bezdůvodně,21987
nepozornosti,21988
sežrat,21989
publikovala,2818
lékařská,3217
vyhlášeného,3769
rozebrání,21990
nálože,19008
bývají,10177
odloučené,10519
digitálními,5432
použita,3061
převyšuje,21991
taštičky,21992
využitelnosti,21993
kontejneru,9401
bojišti,15339
doporučovala,6680
probuzení,21994
trvalou,11413
šlehání,21995
porada,11378
platným,13784
analogicky,21996
dezinfekci,21997
čítal,21998
prahu,17216
sjednaných,14143
zacházeno,3090
přejezdy,21999
obracet,9063
jedlou,12367
rychlosti,19259
nemilost,22000
vychovávali,9906
spojité,22001
vespod,22002
přívlastku,12816
redukcí,19341
najdete,3790
jedli,4003
maďarskou,748
horninách,13063
daňová,3120
veľmi,22003
result,22004
systémově,22005
různá,6244
měn,9828
těsnost,22006
nazvanou,15900
tělesnou,6195
měla,2115
tenkými,4227
nebezpečnosti,22007
tepelně,22008
naš,22009
vyhledávaní,22010
vyjede,9264
zničené,9459
knoflíků,22011
uznávání,22012
plachta,14779
patřit,6185
umístilo,4175
juniorskou,22013
nesmyslných,12589
zeleninová,5254
dubem,15445
psi,2074
dobytka,8130
zřítilo,9326
nádr,22014
elektrickému,5107
zrušena,4917
nájezd,22015
kosmetikou,22016
rozjímání,22017
mrdání,22018
portugalština,22019
konektorům,22020
lednové,22021
vydaného,13433
upravenou,13949
tuze,22022
tichém,7144
alej,22023
zachraňují,5986
ojetá,14815
kliknete,22024
nezačala,3030
zachování,14066
podpora,15850
tuhnutí,22025
del,22026
obory,22027
náruči,17044
plenkách,22028
výrazně,7580
zhoršování,18606
výstraha,22029
bránu,16327
hnojiv,19498
potahy,17261
standardem,11236
chráněnými,10451
treter,22030
příměstské,5199
pochody,12596
desetinu,20562
frakce,21053
zanedbané,22031
destinaci,22032
bombou,13391
doložená,22033
váze,10471
cílí,22034
tampony,22035
občerstvení,19046
zkvalitnění,22036
rychlejšímu,13111
letky,22037
buffa,22038
nasazena,2585
mobilnímu,12353
zásuvku,22039
ošetřovatelské,22040
bitvách,10019
písněte,22041
pohovory,13326
svítivosti,22042
mandle,14989
stacionární,22043
svázané,22044
aplikacemi,14191
květinová,10724
krav,7968
labutí,9989
vytvářeny,14851
vyjet,9264
pěnová,9233
opakujeme,1681
probíhají,12450
vybraném,975
zpevněná,22045
chladničky,18161
prozatím,22046
bohoslovců,22047
starají,4436
oběda,13068
chovatelské,15462
stáhnou,6522
připojení,17454
poskytnou,1133
činely,22048
postihující,22049
lezení,22050
položená,22051
nosu,17114
vyzrát,22052
chces,22053
prsty,11749
extraktů,22054
služebních,16368
zbořena,22055
klonů,22056
úsporné,6085
statku,15644
trestem,6957
zkusenosti,22057
sušičku,20043
pohřešovaných,22058
upravíte,4302
otevřeli,6217
plavbě,17622
tkanina,22059
luční,22060
oddělen,7600
explozí,21757
vedeným,22061
šlechty,13148
prcka,2470
vzdáleně,22062
regálů,22063
zaslání,22064
vyrazíte,22065
zadluženosti,21012
doména,15374
krystalu,15013
tuningové,22066
dílnou,5074
podléhá,22067
drátové,22068
vystaveno,10993
sad,14880
královském,3420
hygienu,21335
kotle,11908
through,22069
zabezpečují,22070
soutěžili,14885
blízké,5530
plantáže,22071
čeledě,17446
písemná,5638
virtuální,22072
ambulanci,22073
tréninkové,5731
sektory,3425
dubu,15445
kolonky,22074
četa,18208
zemským,2464
pokecat,22075
efektivní,15422
zjištěn,16776
tělíska,22076
zrcadla,7760
mírné,8200
použitá,3061
náprava,17782
chránit,8013
školami,4433
kapičky,22077
visit,22078
korba,13645
balónky,22079
mraznička,22080
synagogu,9243
tísně,22081
znečištěné,22082
buly,22083
větší,5075
nastavitelnou,22084
spamu,22085
kontaktování,22086
přistávání,22087
soupeření,22088
písemnictví,22089
bielizeň,22090
vintage,22091
internetovými,4157
uherské,2779
předložky,21652
nebrala,5405
lékové,22092
card,22093
true,22094
daňovými,3120
roamingu,22095
taveniny,22096
napomáhají,22097
inflaci,18452
zkonstruována,2476
grilované,22098
zamítnuta,5751
základové,22099
rychlíky,7641
způsobilé,6761
vyměňte,9013
kladené,22100
optimálně,22101
porostech,19012
sazbě,8609
mikroskopické,22102
obnovovat,11651
představovaly,2321
narazili,10959
draky,22103
lokálními,16441
krámy,18029
překližky,22104
dědičnosti,18838
velka,22105
spuštěna,11404
zůstávalo,11263
lupy,22106
aktuálnímu,10112
višně,22107
okrsek,22108
kreditů,22109
dotované,22110
požívání,22111
hnědou,11261
validní,22112
osmičky,22113
spol,22114
frekvenčním,22115
dvacátá,4418
opticky,22116
krkem,21582
povstalcům,4797
stojících,10656
maje,2115
svatyně,22117
rajónu,8947
krajům,2664
nepostoupila,7607
catf,22118
daleké,16693
čistého,15579
dálková,8582
zvenčí,22119
litinové,22120
dávnějších,1960
zbývajícím,10848
krajky,21481
toxicita,18766
samou,326
kartáčky,22121
oblíbila,5521
dur,22122
záclony,22123
dominují,8361
genů,5687
nekolik,22124
noviny,6186
vyváženou,7598
medaile,13432
prodejna,11496
notace,22125
vysokotlaké,22126
zobrazují,6375
výztuhy,22127
požáru,12049
minimálním,17184
kopírky,21943
videokonference,22128
nahlásit,11549
hustou,6754
rudého,9387
bílou,15598
doručen,11916
svíčkové,22129
kmínu,22130
financované,11667
anomálie,15115
vystaveni,10993
fakultou,4830
předala,2935
zabaven,13810
horším,7005
sněmovní,12088
doručeného,22131
složeno,6087
padla,8407
barviva,20579
praktická,3044
vyléčí,15039
repre,22132
kufříky,22133
napadených,21984
hostinci,8675
pojistníka,3278
okolí,14376
pokrývající,22134
požadavku,4715
chloubou,22135
hřebenem,15015
zpracována,2306
dominantního,9956
uloženými,13206
okresem,10394
druhy,6552
char,22136
stahovací,22137
baráku,16450
valí,22138
prodáno,15479
kůrou,4509
spalovacím,10931
nepatrně,6677
vloženého,10290
směsné,22139
vylezla,22140
podmíněně,22141
spravit,10629
playoff,22142
štěňata,16462
mešitě,16840
diakritiky,17898
neni,22143
kulturnímu,2630
provozujeme,9915
odkudkoli,21289
kombinovaném,6062
kamenném,13445
vymezeného,17422
měděná,7252
optimalizované,22144
olivovém,11672
praktickou,3044
tupě,22145
existovalo,6867
příjemném,2700
stagnuje,22146
plně,22147
majetkem,15508
škrobu,7985
slečen,6980
záložny,18717
mrazničky,22080
gumové,4215
odpruženou,22148
hranici,4931
terminologie,22149
rozebrán,22150
všeobecná,6110
oázy,22151
čelo,10081
kotlině,22152
tmavým,10085
síti,9695
tlusté,4203
nabývat,16745
kůra,4509
písemnou,5638
vzájemných,17994
pryskyřice,22153
keltské,13858
kyselině,14783
sloupy,11040
kočičí,21200
adaptéru,7597
očistit,19747
využijete,2125
vře,22154
nepromokavé,22155
lomy,16040
škodlivých,10717
převažovat,19416
lehu,22156
čtv,22157
přihlášené,6895
bavlněné,5352
zlomenin,14912
okénkem,20597
normalni,22158
ručníků,9038
změněno,18867
osvojí,9642
babes,22159
příkazem,16372
košile,13238
pěkná,9665
všestrannost,22160
pravice,22161
potu,12612
suchém,7907
přístřeší,22162
aktiv,19291
informačně,22163
přepážce,17503
světské,8701
mytí,22164
sáhla,4119
přečtete,3717
bílkoviny,14494
severozápadním,12398
sekačky,17310
vodiči,3663
vládnímu,4100
smazány,16489
uplatnění,10285
nur,22165
žlutými,18406
kartuše,22166
hrozbami,12368
lákavě,22167
vzešlo,6796
records,22168
položkách,17093
balíčků,16819
feny,22169
laserová,3334
souvisejícími,12030
rozpětím,22170
vikariátů,22171
men,22172
snížili,14263
dána,3390
administrační,22173
lesnictví,22174
bus,22175
hmotnosti,22176
laděné,22177
korelace,22178
přečtení,22179
bezdrátové,22180
opakovaná,4473
hodit,5866
trvalém,11413
deblové,22181
kravatu,22182
propasti,9384
disciplíně,13247
naražená,22183
inkousty,9228
dírou,11221
houpání,22184
kapitálové,5794
útvarem,7254
spojem,22185
taxa,22186
překročena,16859
step,22187
střípky,22188
útoku,8858
jmenném,22189
exekuci,22190
objednávka,14677
dosažených,15987
punčochy,22191
hliněných,21612
kapalinu,16768
socket,22192
tekuté,9274
sklenic,13385
likvidovat,16118
kazatelna,480
dravců,18628
nástřik,22193
padnou,8407
poznámky,7933
přízemí,22194
výšivka,22195
nitro,6989
udržovací,22196
náhradními,9272
počet,18223
rozkládají,13184
salátů,2789
hromadným,17920
terciární,22197
poklesne,20779
vydírání,22198
vyhlášek,12356
fúzi,18384
nabýt,8083
zabývajícím,4575
punčochové,22199
sezónně,22200
chatová,22201
ktera,22202
vzdálenost,16729
manželi,146
suchu,14616
trámů,22203
miamia,22204
šíře,10757
působícím,3846
fréza,22205
pomalou,9050
železa,18954
zpomalit,13030
čemkoliv,13354
brala,5405
bolavé,22206
rozpoznávání,22207
schované,6228
střetli,22208
panovnické,22209
pořádali,4588
saunu,15954
měřena,17798
nejpoužívanější,11228
ultrabooky,22210
dojdou,5839
omotávky,22211
přizpůsobili,5101
mlýnem,6367
rámečky,22212
náprsní,22213
účinnější,11815
řetězcích,2347
hadí,22214
eliminuje,21980
nevelké,22215
zjednodušené,6721
rohože,22216
potápějí,10538
získaly,2291
prázdné,9366
sponou,18767
reorganizace,14354
nahrána,1966
pružné,3774
vyp,22217
džungli,15181
nedostatečnou,10753
soustředěna,16537
vdát,11925
džínové,22218
různém,6244
unikne,10282
hledej,4210
hrabata,1237
kočáru,10849
napadli,3499
surovinyje,4304
záměna,11251
interně,22219
pozorovala,5073
pozorována,5073
sektorové,22220
výzvy,10851
pratelný,22221
till,22222
geografická,4150
antioxidantů,12370
bratrství,22223
postoupila,5122
odrážet,10832
zaklínadlo,22224
integrovaná,5325
mon,22225
neověřené,22226
začínalo,2299
práškem,6771
options,22227
sídlilo,7073
magnetickými,6954
vágní,22228
sledovaly,3575
rozděleny,12799
jedu,6284
syntetickou,8814
rozmezí,22229
náhradníků,2044
posvátného,10326
radonu,22230
odolnost,18237
číslem,15050
neaktivní,22231
laickou,16134
dìti,22232
zabavili,13810
přerušena,19442
červených,15618
hodili,5866
péct,22233
chráničů,22234
prozkoumat,7340
projetí,22235
viditelné,6622
akné,22236
šly,4153
napadení,21984
access,22237
povinná,2931
teplotním,16671
boby,17321
sakristii,22238
mapou,17164
zdárně,22239
neobyčejně,10987
schválena,4857
proti,22240
nahrazující,22241
tlačili,3167
inkubační,22242
registraci,20144
žampiony,22243
atlasy,22244
podezřelého,2008
grandslamové,22245
pouhými,3337
nerovností,20856
puky,22246
procházíte,5097
emo,22247
podložky,19289
plazma,21100
krbu,9647
pestrou,6731
state,22248
neutrálních,20655
nejnižším,16886
stomatologie,22249
dlouhého,9451
blízko,16579
stržena,7363
patřící,22250
listin,18313
obratu,19197
autentizaci,22251
pluginy,22252
stád,19687
zemřeli,1287
vzletová,22253
evoluci,16597
brždění,22254
chápáno,10031
vyhodnoceny,6953
office,22255
chlazení,16171
důvěry,6894
vhodná,5816
mužov,22256
brožuru,22257
éru,13656
tuňáka,12187
ocelí,16856
zvětrávání,22258
sféru,16872
kamínků,22259
paždí,22260
nejodolnější,4016
falešně,22261
pšeničná,22262
fonty,22263
křižníky,4587
karabina,22264
šít,22265
tlačítka,6437
zhoršovat,18606
airbagu,22266
upozornění,11750
souvrství,22267
ikarkulka,22268
detekci,18896
terorismem,22269
dopravníky,6485
snižovat,14924
početní,22270
nevyžadují,3255
používají,7967
kolene,17230
volitelnou,9437
plazmy,21100
realizována,3476
detekuje,17705
vzdělanostní,21710
potokem,2535
shromažďovat,13158
lidskému,1365
cas,22271
rozmístěny,22272
hoří,22273
kilometru,14894
vchodů,6648
nehet,22274
placka,14424
působících,3846
slitin,22275
leukémie,22276
nebytové,4417
přineste,2811
bradavky,22277
porazila,7214
rámečků,22278
podrobit,5934
vyléčení,22279
uloženo,13206
sestávají,13883
celou,3194
zdobeného,20737
vypíše,4832
infrastruktuře,11709
nabytí,21739
horizontu,13581
poradenství,11878
víčka,18426
kombinovaným,6062
obslužnost,22280
škodě,4849
výměny,17857
trvalých,11413
klec,21167
náušnic,18415
epidemii,14713
porazili,7214
zemi,11882
tombola,22281
mathbb,22282
mokrém,10251
plošinou,19677
týdnu,6583
zast,22283
misto,22284
stolu,14252
rizikové,5909
pumpy,22285
sbírka,8658
pyžamo,21930
podaných,22286
příloha,11799
skluzavka,19479
miláčky,2173
výkonnosti,20286
zakázkově,22287
napravo,22288
mazlíčci,22289
monitorům,12188
zmínek,22290
přetaktování,22291
byzantská,3232
doručíme,11916
dovolená,9340
zametací,22292
kadetů,22293
polohování,22294
prodeji,5518
chladničku,18161
tašky,16359
nice,19216
úmluva,22295
dovolání,22296
ventilů,22297
částečnému,3911
certifikace,21901
vydanou,13433
úzkými,8704
size,22298
modrých,18950
kyselin,14783
uchovávat,14021
kuponu,22299
sdílených,16357
pohodlím,22300
vyhnáni,5581
zapojené,22301
obchodování,22302
digitálně,22303
vařená,16882
sie,22304
nemohly,1998
magnetického,6954
posilovnu,18306
lípu,20865
dutého,15735
vysušení,22305
koček,6224
podkolenky,22306
rozjeli,22307
spásu,22308
oboustranným,9224
třpytky,22309
celkovy,22310
palustris,22311
stanoveným,8724
tématického,16065
smažení,22312
fungovaly,5890
nekuřácké,11222
průmyslovém,2480
třídami,17941
nerozlišuje,22313
ovladatelnost,22314
přijatá,2271
slevovou,22315
ztratí,7766
klinická,3678
dochovanou,22316
nevztahuje,17573
úzkém,8704
mečů,11291
obrovskému,8457
mutace,21841
vec,22317
kosa,22318
uniklých,22319
rehabilitace,21565
plaku,22320
miliarda,20304
chlóru,22321
kooperace,22322
nejbližšími,5530
květenství,22323
dvěmi,22324
klidné,7133
snížení,14643
vzdala,6297
katastrálním,22325
položíme,5045
palet,18257
potravinovou,10012
lišila,12774
ustupuje,13742
posledně,22326
hordy,22327
flotily,20331
ozývají,14755
úhrady,22328
zvedací,22329
vazební,22330
skrývají,2420
požárů,12049
kolektivy,1881
badminton,22331
zbořeny,22332
konfigurace,22333
kundičky,22334
jihozápadním,14170
poskytovat,11559
přímými,9120
metru,13677
povinnou,2931
parcele,6582
kytičku,22335
jednodenní,22336
senzory,22337
záhony,18644
plnohodnotnou,6505
obsaženy,5220
neslouží,11495
dvouhry,22338
holá,16891
skalky,22339
tlumit,21215
posvátnou,10326
odvozeny,4738
četnická,22340
nam,22341
pečená,10797
zorganizovala,3677
spálení,22342
zůstávají,11263
bodnutí,22343
ovsem,11218
přáteli,298
nasadila,2585
klima,7033
obnovená,5136
sýrové,22344
mohutně,22345
biotechnologie,22346
příznivého,11280
bodová,7349
ocasní,22347
buňky,16863
propast,9384
chladných,5959
zajišťují,4929
ohnivé,12164
dýky,22348
bělení,22349
vhod,22350
dluhům,11669
plátů,11873
spotřeba,20312
dans,22351
přejídání,22352
panenství,22353
obědů,13068
uzpůsobena,8372
zrušit,7126
tekutého,9274
ošklivá,12797
rozpadat,16621
mitote,22354
uvnitř,22355
zájmové,12465
přeprava,10826
vrchnost,22356
vládla,4283
bezplatného,19549
teplého,2224
prutu,12599
vybojovala,4051
vyhledávačů,22357
ošetřené,22358
hospodářskou,4300
podvodům,12543
vozidla,14145
výzdoba,12796
gumovou,4215
sobe,22359
pečiva,20892
pojídání,22360
výměnné,12493
zdarma,22361
pochoutka,22362
dopravu,12735
minimem,20243
cyklistiku,22363
kategorii,16980
sestavené,13516
elementů,1730
místně,22364
vydatné,22365
ergonomická,5429
železem,18954
uviděla,2919
pružným,3774
členění,14578
pravítko,21079
umožnuje,22366
příslušníkům,1440
bezu,10420
pujdu,22367
prázdným,9366
saského,2562
centry,2596
sedícího,22368
bohyní,21974
přehřívání,22369
vyčištění,22370
spadající,22371
používanou,11228
schody,13709
dělila,11235
otopné,22372
patentu,10989
zvanou,14204
blikačky,22373
marxismu,22374
kondomy,8526
filologii,191
krystalické,20955
víčko,18426
střelba,17773
břevno,22375
rezonanci,22376
block,22377
někde,22378
mikrogramů,22379
materiálního,9493
akademickou,2442
prodávaných,4501
chráněny,10451
kalkulačku,21040
barů,14083
žilnatinou,22380
rozbité,17122
struhadlo,22381
kancelářská,3947
receptoru,22382
elitu,10690
útokům,8858
nádrží,16120
pojistkou,16849
oddaných,2913
ergonomickou,5429
hygienicky,22383
normálu,16939
organizmu,8248
rakouskou,743
označováno,12391
nedochovaly,10140
kapaliny,16768
žárovka,18904
ukončené,20028
nalezené,9650
připomínána,3292
posilovat,13805
uplatněn,1091
zcela,22384
sloužící,22385
útesů,22386
černí,11954
jednotnou,9446
vyrovnané,12017
latinsky,22387
stojánky,22388
tmavou,10085
cable,22389
masivním,15877
zahynulo,6382
administraci,22390
jídelnu,16470
upon,22391
ţáka,22392
holuby,22393
věky,9774
lípy,20865
modlitbě,15209
složena,6087
kuchyňkou,22394
převodové,22395
dividend,14732
pravidelnému,9703
jdoucí,22396
zastavilo,11349
krmítka,22397
mikro,22398
skluzavkou,19479
normalne,22399
turistickými,9618
odrážedla,22400
hrajou,1393
nabízení,22401
včasná,20867
nádobky,22402
dobru,8649
řetězci,2347
choti,2218
says,22403
review,22404
people,22405
sledovala,3575
registrujte,11743
nebudou,2244
koncovým,4056
císařské,4714
vyžadujících,16673
skvrn,14699
vedené,6431
ústí,22406
tištěnou,6881
připsala,5346
usnesla,22407
prodloužené,14890
mapky,22408
minu,9615
vyhlídkovou,22409
vlečky,16708
nìco,22410
konektory,22411
měšťanů,1463
vepředu,22412
bil,15672
snažší,22413
měkkou,5843
vrtáku,6836
basketbale,9996
faxem,19022
vzestupně,12355
odrazit,10289
bezkontaktní,22414
loňskému,3933
obsluhy,8630
štítkem,22415
nejvyšším,10512
získaného,5893
platforem,16003
sto,17336
dědičná,5264
připevněny,15885
lopatka,16423
normal,22416
jižně,17887
přístrojích,1912
spoléhají,6526
poskytovaného,22417
bližší,5530
bonbony,22418
nejvyspělejší,3957
divokém,5402
včelařství,22419
šířkou,12709
vhazování,22420
područí,22421
využívali,8768
malovaná,22422
podzemními,7372
schránkou,20642
pravici,22161
vyhodnocují,17667
nepostradatelné,3865
zlatou,7850
shonu,22423
ekologii,21745
zraněno,2802
hřbetě,20213
oknům,17337
únorovém,22424
zal,22425
nenápadná,2786
hrazeny,21884
lodích,13422
patnáctého,7708
získání,5223
aliance,22426
estonsky,22427
síní,8919
jedů,9653
nenáleží,13588
pošt,22428
měděných,7252
infrastruktura,11709
postiženo,885
čárou,16917
červi,18390
arbitráž,22429
spojte,2892
rašelinišť,22430
větrů,1433
kódy,11967
rýžová,5724
border,22431
stoupat,22432
lékárny,19198
přístřešky,8558
hlasité,6610
migrací,19929
čistění,22433
největšímu,5075
násobení,22434
botu,13995
vedených,6431
kličky,22435
slosování,22436
dřev,11697
kop,15990
kabeláž,22437
trenky,22438
lipidů,22439
sucho,14616
výměna,17857
tržišti,22440
pákové,21176
příměs,18752
účinnými,11815
hrozit,4824
hladové,1985
označená,9987
knihovnou,15306
plurál,22441
beta,22442
přijaty,2271
jazýček,2981
procedurami,18177
útočištěm,16555
standardně,22443
uzdu,18051
klitoris,22444
inzerátu,9247
náplastí,22445
pouzdrem,18825
výletům,12803
sjednocování,22446
přidělena,9131
clonou,22447
kartičku,22448
vysouvací,22449
lemují,22450
judo,22451
turbo,22452
úschovna,22453
vymazání,22454
golfová,6441
zabránění,22455
cartridge,22456
zrada,11421
odcizil,22457
takzvaných,5703
lhůtě,8414
samému,326
pokládána,2599
môžu,22458
měsíčního,15966
přirozenému,3818
konala,8004
periody,13304
garantovanou,22459
patentů,10989
stráně,21702
orientovaných,9563
urychlení,22460
učily,3640
zdanění,12895
výbrusů,22461
nízká,16886
místì,22462
banánu,14835
štafeta,12813
župního,22463
bezcenné,22464
příčnou,5985
tvořená,11726
member,22465
příkopu,14300
dopisy,11485
bezproblémová,6086
libra,21936
uvolněna,3457
away,22466
břichu,16461
říší,15297
čokoládové,4542
marihuana,22467
potrestání,22468
přítoku,6100
seřazené,22469
vypovědět,8823
soustředila,3951
vyprázdnění,22470
naučení,22471
hodily,5866
vypínače,4960
nerezovém,5763
kávové,10520
věžemi,13561
pevniny,10243
olomoucká,1668
nepřítomnosti,20257
dotkla,3358
čelila,4626
oka,10440
vyhovovala,13816
stačily,5025
lžíci,18231
křižáků,9719
směrnicí,20717
neomezená,11357
scházet,14437
činžovního,22472
programovacím,12531
šířila,10757
čarodějnici,761
expedičním,10188
komínů,16676
quot,22473
obsazenosti,22474
obratem,19197
rýžové,5724
baroku,10378
límečkem,22475
vyhlídka,13505
třásněmi,22476
tku,22477
nepostradatelnou,3865
dodávaná,22478
rychlá,13111
úzce,22479
maps,22480
koz,19033
změnily,7185
krytem,5543
trupu,7205
profilu,7512
raket,21252
slábne,22481
vyměněna,9013
dochovaným,8167
drž,6363
komorou,9991
statistickou,2651
balistické,21126
žita,15069
pusu,18439
nákupní,11590
květinové,10724
svete,22482
vyplněné,9713
spojích,20731
kompatibilním,20371
žití,22483
čajovou,2943
dress,22484
kalhotky,15970
hubice,22485
datován,22486
rukávy,10138
prohlížené,12294
jízdenky,19068
prsa,18251
nach,22487
neztratili,7766
zkracuje,22488
využ,22489
posvátné,10326
hot,22490
soukolí,22491
doručování,22492
obecná,6314
internetové,4157
vzdálení,10924
břemene,16286
hrubá,12692
stopy,9360
rozsáhle,22493
součtu,17090
získaná,5893
stíhat,8247
průměru,14845
zajmout,5484
pletivo,14298
poškozeno,9277
dobírka,22494
nezměnila,7185
motocyklù,9937
úhradu,22328
molekulami,15580
kladiva,15695
sekrece,22495
spisech,15477
získejte,2291
ledovcem,5634
teritoriální,22496
course,22497
prvni,22498
školnímu,9362
viditelného,6622
naproti,22499
sníženou,20293
sepsané,22500
hořčice,13067
posedět,22501
doživotně,22502
klasifikace,13706
nestrukturovaná,22503
jedlá,12367
pojmu,8719
zaměstnanost,16629
prohloubení,22504
seria,22505
buchta,18689
pozemkem,12113
závodnic,12605
běžné,7726
internetovému,4157
severně,18238
máslem,21848
oranžových,19967
uplynutím,18906
skotu,5203
šité,22506
uhlíku,8318
doplňujících,13089
rytířské,5922
věrnostních,22507
koncentráty,22508
ošetřování,22509
info,22510
celkovém,16271
služby,10515
platinovou,22511
srazí,15671
zesiluje,22512
lázeňská,22513
zimu,10444
vyměňují,15576
diplomy,15755
imunity,19049
svitky,5657
exploze,21757
území,15643
dečka,22514
horoskopy,11126
koloně,13168
litru,17117
vyznačených,17183
řazeni,9025
drápy,22515
zobrazené,22516
ladí,22517
zděná,22518
pařížském,2110
létají,10864
ago,22519
přeletu,15130
velikým,8022
konečky,22520
perníku,12770
přibyly,14385
převažují,19416
sborníku,10056
klášterní,13538
alkalické,22521
příbuzném,4816
šedivé,22522
bubnů,8358
byty,12675
brutto,22523
nepoužívat,7967
výstřiky,22524
zvaného,14204
různě,22525
úmluv,22526
kareta,22527
vyčlenění,7103
stráži,21603
zdála,6262
čokoládě,11205
zásadám,2952
obnovování,22528
jedincům,22529
nezapomeň,13942
kontinentálního,22530
květnové,5244
podhůří,22531
shody,6563
prošla,4577
ověření,22532
posty,10070
lokomotivu,15533
víko,22533
kloubu,14468
celistvé,22534
obloukové,22535
ních,22536
příbuzných,4816
indexy,13306
právně,22537
dosáhnou,7977
hromadě,13442
chatka,15000
brikety,22538
začleněno,22539
řádově,22540
datu,10521
sportech,7013
škodné,22541
břemen,16286
nízkých,16886
vsichni,22542
sveta,22543
vaši,4734
lesk,19992
welcome,22544
tieto,22545
podčeledi,22546
župní,22463
modlitba,15209
stručné,3270
kontrole,12741
kašle,15887
vídeňské,2672
gumová,4215
stanicemi,10764
přihlásili,2895
society,22547
dodány,15797
arogance,22548
používaného,11228
jednopatrová,22549
chatu,15000
požáry,12049
pronájem,18376
orientují,6454
nautického,22550
pořádku,8639
allow,22551
bitové,22552
oček,22553
čistotě,17513
patria,22554
informování,22555
založené,10853
rekondiční,22556
opustili,7049
platformami,16003
prdele,22557
doplatek,22558
vrba,22559
poskytnuté,12522
mongolské,22560
vynesly,7384
onomu,1989
saténová,22561
posuvnými,22562
formulovány,1439
hradiště,22563
portugalská,817
záhonu,18644
kapoty,22564
bold,22565
skvrnám,14699
klíšťata,15427
překonávají,22566
hladce,22567
zbudována,9667
závory,22568
dinosaury,5375
nastavitelnými,9235
štítné,22569
domnělé,22570
prepsat,22571
špíny,11927
tvářenku,22572
zaregistrovala,3743
poskytovaných,22417
vodojemu,22573
nahrazení,22574
pospolu,22575
masivně,22576
použití,9152
recorded,22577
cvičila,9249
poměrnou,21656
minimalizaci,22578
vyhovuje,13816
stodole,15830
zprovoznit,22579
hospodárnosti,22580
misce,20996
ské,22581
klenbu,11888
lepení,22582
vesnici,10047
zkus,3702
podněcování,10726
lol,22583
výhodných,15160
draze,22584
výletě,12803
aréně,22585
diametrálně,22586
valley,22587
spoření,22588
hnusné,11172
alkaloidy,22589
štítků,22590
vyrovnaná,12017
přednostního,18570
administrativu,16006
patrech,18280
terminologii,22149
tureckou,1114
zúčtovací,22591
shall,22592
nil,22593
důvěře,6894
dotačního,18512
svítilo,8647
tagů,22594
tlaků,14461
formulářů,9720
minerálů,22595
čekárny,19269
kreditní,18145
permanentky,22596
vzorkem,18957
šlehačky,22597
psům,2074
zneužívat,8406
magnetickém,6954
jarní,14995
number,22598
jeskyni,13988
ztuhlost,22599
zamilujete,3008
psy,2074
centrálu,20534
kontrolují,5818
kartičky,22600
omezeně,22601
válcovou,22602
cestovním,15787
über,22603
bylinná,4654
vyprání,22604
kotvy,20825
hlubokého,6544
testované,22605
panelu,15534
definice,8942
hlavové,22606
lyže,16648
tuků,6574
pøímo,22607
prohraje,9500
nadchnou,3882
activities,22608
nedají,4122
nájezdů,22015
kořistí,16392
románská,5697
přizpůsobovat,17758
sílící,22609
postaráme,1251
brzd,11670
mých,1595
lampičky,22610
pracoviště,15660
příkazu,16372
raritou,22611
řídila,2632
praktickém,3044
odblokování,22612
póry,22613
tenisu,16843
rozumové,22614
užívali,6571
dotčeny,3358
mýta,22615
porostou,22616
znakem,8454
stánku,13796
kamení,22617
vyvíjela,11061
eské,22618
podlažích,21893
dotyková,22619
háčků,9103
staci,22620
pozvánka,6507
jizvy,13862
šarže,22621
nedokáží,1105
normálnímu,15932
kombinacích,14639
živnostenského,7401
vídeňském,2672
újma,17753
hlídání,22622
obratlů,21103
vzácná,5997
zrušených,4917
podřízeno,4648
nastartovat,4176
roubené,22623
impaktní,22624
hlubším,6544
tréninková,22625
přestávají,6376
doručení,17014
nedám,4122
papírovou,3372
mola,22626
obuvi,20339
usr,22627
upravujícího,22628
galaxie,20307
báječnou,1746
čísla,15050
krvácením,22629
chladicích,22630
vložených,10290
zacvičit,22631
zvrátit,22632
rakety,21252
citační,22633
vejdou,6557
letenka,12954
kosmetiku,21341
zboţí,22634
pokračovací,22635
páteři,14970
modlitby,15209
dostanou,3965
natřít,22636
dadma,22637
sloužícího,22385
diagramy,11331
srovnali,22638
triumfovala,22639
průchodnost,22640
zlikvidována,9735
vyřazené,22641
plazmatu,21100
živnostenském,7401
probíhal,12450
základì,22642
pobytu,12310
slušnou,2330
franc,22643
ceske,22644
zbyla,13208
neplatnosti,22645
musea,22646
vybavených,7062
kotoučová,22647
jezírku,15692
opuštěna,7049
degenerace,22648
naše,1595
nábřeží,22649
masívu,22650
ztraceny,7766
vyhnuli,9280
speciály,22651
vyjížděli,22652
helium,22653
diferenciaci,17779
žárovek,18904
vad,8637
sty,17336
znaku,8454
blokádu,11225
domaci,22654
smrtelných,8481
lesích,16800
hojí,22655
produktivitu,18933
zranitelnosti,18002
minimalizuje,22656
nevedla,4586
pokořit,6902
zápisky,22657
usedlost,16234
telefonie,7826
ovládla,5301
kvasinky,18559
kapry,12376
vyhýbají,5479
sucha,14616
kolové,13815
chlebové,22658
netýkají,7537
publikovaná,7908
asteroidů,16094
žíla,22659
toxická,5835
adresáře,15057
realizovány,3476
aktualizován,6863
pravými,3183
zapisují,12789
ech,22660
rozcestníky,6047
puntíky,22661
kurie,22662
zatčena,21353
vestavěná,5602
máku,10552
hlučné,22663
doporučeného,14381
projeli,9302
sporáky,8120
mléčného,6258
zobrazovány,6375
budována,2871
vzdycky,22664
konkláve,22665
kelímku,22666
dotčena,3358
protection,22667
center,15196
vyhrajte,3559
elektrotechnická,2331
přivolat,4279
putovala,22668
lůžkoviny,22669
sedimenty,22670
špičky,16190
šetrnější,16119
ponižování,22671
sahat,22672
opasky,14215
rómadži,22673
nebyla,2244
trojúhelníkové,6573
hlasovala,3500
přejděte,13626
uniformy,17509
výkazu,13494
sousedním,11770
ovládané,9866
skříňky,18696
plynné,15573
postaveným,4144
prstem,11749
měkce,22674
zatkla,21353
přibližování,22675
řešily,3227
bary,14083
otevřely,6217
zvednutí,22676
konče,5925
hlučnosti,22677
sjednocuje,22678
obdržené,22679
stáhli,6522
psaníčko,2699
koleny,17230
pořádané,19976
stimulují,22680
mezí,14037
pekárny,22681
založenou,10853
zbožím,22682
příbuznost,22683
zajištěny,4865
kyrysar,22684
označenou,9987
bílém,15598
měření,13032
tělovýchovná,22685
gepe,22686
kon,22687
rozšiřování,16887
jmenovitá,22688
předměstí,22689
vyspělost,21981
kluziště,22690
získáte,2291
jevit,12783
napsány,1402
utvořila,11694
alegorie,22691
mokru,22692
mìsta,22693
slyšení,22694
bankovek,11483
imunita,19049
ilegálně,22695
cpát,22696
účtováno,6597
obecné,6314
nebezpečnost,22697
hasičské,11695
zpět,22698
kompresní,6820
bezplatné,19549
založeném,10853
obalené,22699
návaznost,22700
celnice,22701
dik,22702
tílko,22703
plátku,15336
odvozená,4738
ložní,22704
normativní,22705
přehlednější,7452
řečtina,19345
obědu,13068
ochoz,18125
zátěžové,22706
předškolnímu,13224
papírování,3372
náplni,18740
zahradu,6550
pojištěným,6214
podlehla,4344
nástaveb,22707
zanikající,22708
lůžku,18552
smazat,22709
dušnost,22710
jemném,3799
tvá,7842
vsech,22711
podvozků,22712
nenasycených,22713
menšímu,2879
vícevrstvé,22714
šortky,17848
pozemky,12113
závazné,13811
dotazů,11730
prsteny,4360
teplotu,21607
boot,22715
krmení,22716
jezdila,6022
procházka,18750
splachování,22717
vymožeností,18935
postavené,4144
roaming,22718
plesa,17611
sesterskou,12877
pøed,22719
pojistitelem,4980
vysokým,10512
vloženy,10290
knedlíky,9826
urny,22720
pětičetné,22721
objednané,8265
nedávala,8586
oznamovat,871
water,22722
pohodové,2988
populaci,18368
navštěvovala,5235
volantu,6808
pískovci,11383
živnostenských,7401
galanterie,22723
volitelným,9437
přizpůsobení,22724
stravou,22725
třídy,17941
vyhřívání,22726
tulipány,22727
opravny,22728
mariánské,5284
telefonická,4470
levého,8690
kombinují,13337
polo,22729
dlaně,11953
dvojitými,5891
měří,17798
zastrašování,22730
uvolňování,11109
šikmo,22731
žraločí,22732
nemožná,5577
objednaných,8265
raketami,21252
minimalizace,22733
ccm,22734
protestantské,3749
soupeřit,22735
nenahradí,6370
dvoulůžka,19730
hemží,22736
einer,22737
federací,9071
výsluní,22738
souhrnem,21640
customers,22739
vyniknou,22740
divokými,5402
zatížené,16727
příbuzenství,22741
uhasit,22742
vedla,4586
zajištěná,4865
meste,22743
uzavřeného,8631
sepsána,22744
květináči,21131
pořádné,2741
centrále,20534
exemplářů,7344
podporují,3739
facka,14228
sob,22359
běžným,7726
vydržely,6340
věnovala,4589
čalouněná,22745
občasné,1932
vyhnání,5581
poštovného,20009
vyšplhal,22746
nepravidelných,21511
bezpečná,3185
převaze,13902
varlata,17263
rekvalifikaci,18976
stouply,18601
spisové,22747
oddálení,22748
řády,4609
šibenice,22749
packy,22750
multifunkční,17869
přispívat,7462
virtualizaci,22751
šňůr,12548
nohám,12275
vědou,8782
lehátky,22752
mulče,22753
hrábě,22754
hafo,22755
cenově,22756
polystyrenu,8147
rozkvětu,8638
zodpovíme,22757
nehtové,22758
hovno,22759
cloudů,22760
lednovém,22021
kopyta,22761
uloženy,13206
středem,19663
vypracována,4291
mzdy,10030
průchozí,22762
substráty,8355
moravskou,2368
vandalismus,22763
porovnávání,11575
noty,12031
aktualizované,9185
dokonalém,3796
drahokamů,20116
tož,22764
skříním,22765
úžasu,22766
soustředili,3951
lesklým,13523
polština,7833
zakázaných,4991
tržnici,22767
nacházející,22768
vazy,22769
menšinou,4131
neodpovídá,6832
kožíšek,22770
sdružování,22771
zablokování,22772
parní,15890
prohrávali,14233
odstraněno,14448
vytáhli,5730
nepřátelského,4139
balíkem,17744
poškození,12780
obývali,12988
salonku,22773
expres,22774
pohodlných,11981
poškozovat,13971
vrcholu,5312
maximálnímu,20427
povolenek,22775
automatizované,22776
nazvaného,15900
lite,22777
srážlivosti,22778
zlomila,7897
revíry,5779
periodika,22779
svačina,19754
freevideo,19830
stránkach,6229
činí,17283
kovovém,2902
otisků,14111
zničit,9886
vyhýbat,5479
vyjma,22780
kulatou,19609
vytvářely,1709
raná,3841
ztratíte,7766
belgickou,1429
strádání,22781
bezhlavě,22782
zóně,10213
podskupin,22783
zasahování,22784
směrnice,20717
vyhledávače,22785
táboru,7471
udaje,22786
solárium,22787
účelové,16109
uzly,10346
islámská,4533
month,22788
aleje,22023
termo,22789
tyden,22790
automatickém,2650
zateplená,22791
nabídnuty,11170
paluba,14920
therapy,22792
nakupují,12464
spojenecké,9807
ručením,22793
klíně,17764
kaček,22794
přírůstky,7956
sázce,18352
nepotřebovala,2922
world,22795
ostrahou,12704
výšivky,22796
dorty,11231
krmiva,15686
pestré,6731
užitečným,9162
špinavá,13322
posvěcení,22797
existovala,6867
všudypřítomné,22798
sbíráte,4348
chorob,6081
strávené,8331
činění,22799
zneužívání,14847
rozvíjely,5092
normálním,15932
dělané,22800
vyrážka,22801
cell,22802
aditiva,22803
celoevropské,22804
terény,22805
klíčení,22806
přicházela,2968
listů,9943
napadené,21984
mesta,22807
domovního,14400
takřka,22808
slonoviny,22809
consulting,22810
sve,22811
steroidy,22812
vašich,4734
užívajících,22813
ranní,13038
chráněné,10451
hůlky,21854
ryzost,22814
mňa,22815
psány,1451
ozdoba,18494
přistáli,11367
dividendu,14732
miska,20996
výtěžnost,22816
hnědé,11261
ovocnou,7286
tradičními,3975
používání,11273
chov,22817
dekorů,22818
znamenající,7266
zdály,6262
nažloutlá,22819
vyplněna,2701
diagnostické,10653
semafory,22820
ohřevu,22821
jezdilo,6022
give,22822
bezprecedentní,22823
ošetřeno,19270
pokročilá,7284
certyk,22824
pravidelnou,9703
popsaných,13267
mňam,22825
růžici,22826
neškodné,22827
orchidej,18551
ověřena,7404
vyzdoben,22828
zvyšování,13285
uváděna,2946
within,22829
pancéřování,22830
učebny,15983
jaterní,19710
zakrátko,22831
časně,22832
sirotky,4742
bilanci,20528
some,22833
služební,16368
metrové,22834
kontrolovali,5818
júl,22835
ovladatelná,8563
bývalou,279
cenným,6053
gramotnosti,20090
monitorem,12188
souhrnná,11168
časovačem,10108
lepidla,12756
rybolovu,19078
manžely,146
znemožní,9566
adidas,22836
brzdového,5848
schválená,4857
túry,22837
vypracovány,4291
nota,12031
postihují,19132
umístěny,7093
škodlivosti,22838
hornictví,22839
nab,22840
kartiček,22841
się,22842
plochami,11490
neoficiálně,16154
mistryní,22843
informačními,11984
vosy,22844
výpůjčce,22845
vypadly,3840
nenašly,3790
kamenným,13445
zanedbatelná,15110
deportace,22846
unikly,10282
kmitočtů,15621
břicho,16461
rukám,8138
přeshraniční,16415
chátral,22847
závisti,14710
extraktem,11177
rekreační,21382
action,22848
lezou,22849
tučné,22850
pam,22851
vysazena,15424
hodnotíte,7744
palmového,6466
havarijního,22852
ozubeného,22853
dupačky,22854
instalována,8605
ozubené,22855
chvilce,12572
snižování,13559
marginální,22856
internátní,14726
uzavřete,22857
sídla,10511
výfuky,19510
textilním,10872
podlimitní,22858
pěstována,4867
felace,22859
výzbroje,18996
ventilátory,4951
krajková,22860
zalidnění,22861
komodu,20986
nedosáhla,7977
definována,4298
těsné,15593
shodu,6563
centralizované,22862
kolizi,18992
monitorování,22863
zadej,22864
zaměňován,17434
konvent,22865
dezinfekce,22866
provozován,9915
běžném,7726
mic,22867
zavřela,5666
světlé,7332
dnešnímu,14056
plamene,16981
lehce,22868
tachometr,22869
horního,12634
bloky,9336
soupravy,20326
žrát,17522
dvojitou,5891
dem,22870
vytáhnu,5730
vrtule,22871
objímka,22872
lokomotivou,15533
okamžitou,15560
kronika,14009
cviky,12183
nadmořskou,17278
opisu,13928
vandaly,22873
procházela,5097
cyklotras,22874
perfektním,12400
kulatého,19609
obvejčité,22875
chlupů,15730
laskavost,22876
stačit,5025
pozink,22877
vesty,15410
utěrka,22878
porušena,22879
každodenním,14319
výši,22880
působnosti,19282
tabulek,21556
procházkám,18750
zakončené,6965
átéčko,22881
odrazila,10289
vlastnila,9241
vykazování,22882
rozšíření,20441
specializované,2926
oknu,17337
průtoky,22883
volnému,12859
classic,22884
mamku,22885
relativně,22886
náchylnější,9015
globálním,13102
ukazatelem,11821
bitů,18157
ploutve,16695
onou,1989
věno,22887
účinná,11815
materiálně,22888
družstvem,19019
zveřejněny,7009
nevyužité,11929
aji,22889
kruhu,13967
imisní,22890
rodů,6855
mikrovlnky,19996
slitina,22275
logu,10445
zátky,21551
nepřilnavým,22891
přepínací,22892
souhrn,21640
návaznosti,22700
polohovatelné,22893
dírek,22894
věnce,11372
koně,4762
provozované,22895
střídavými,14686
čirou,20508
mikroskopy,10723
dohod,11136
včasného,20867
cyklistickou,3294
vyplacení,22896
průchodu,13301
ochranářskou,22897
odkupu,17099
geologii,22898
besídka,22899
insurance,22900
beznadějně,22901
input,22902
pojišťovnou,15179
plazy,10603
věž,13561
peřiny,14570
moji,1595
pfii,22903
konsolidované,22904
povětří,22905
kmitů,22906
blistru,22907
chráněná,10451
daleký,16693
kriminalita,19412
sametová,10467
spásy,22308
sada,20748
doklady,7912
červnovém,22908
spadala,18607
drátem,6510
dieťa,22909
bojovalo,3876
střely,18500
standardní,16308
upnutí,22910
komína,16676
seřazeny,22911
pojistku,16849
poničené,22912
informativní,22913
viditelných,6622
futures,22914
směřují,12547
souostroví,22915
poštou,22428
přilehlá,6013
uspokojivě,22916
zaměřeném,10792
bezešvé,22917
lana,17747
jeţ,22918
plochými,14362
husí,22919
broušené,12761
následovaná,6456
navýšena,22920
souvislé,12448
snižuje,14924
podrobili,5934
vlhkým,15088
padělek,18513
péče,18219
obezitě,22921
gratulace,22922
seznamování,22923
chladící,22924
odstupné,22925
nedávnou,1960
tlačítkům,6437
rámu,6933
oblast,12131
odkázáni,6299
stěrka,22926
dutině,12705
narůstající,22927
bubliny,17145
regál,22063
obrana,11316
nekonečna,11737
kalorií,21675
játry,15483
příčně,22928
široká,9844
koukala,5357
povinno,2931
souhrnné,11168
klášterem,5077
oválného,22929
vychladnout,22930
nepřinesla,2811
čidla,16650
púza,22931
vzrůst,13693
garáží,14286
třetími,5504
téměř,22932
nevyhovujících,22933
relativní,22934
optimalizovat,14888
zablokovat,15314
zalesněné,3760
kalené,22935
aaa,22936
řešila,3227
koupeno,7776
potravní,22937
přístupném,5907
jednorázová,3131
hmyzí,22938
zbytků,6168
sdílenou,16357
čteš,4109
nájmy,15693
dělená,18851
listem,9943
dámském,2689
podrobné,3866
nahodilé,22939
brzdy,11670
aplikované,7387
přílohami,11799
šipek,13980
volitelná,9437
vzdálených,10924
zachováno,14291
nalačno,22940
tkaninou,22059
lézt,9411
zaměstnáno,2987
kulatými,19609
procedury,18177
vyvážené,7598
podívali,8624
stanoveném,8724
velkému,5075
ruky,8138
events,22941
stovkám,17038
fleece,22942
kóje,22943
závit,22944
horním,12634
klášteru,5077
následované,6456
kanton,21985
zvedla,10800
faxu,19022
ptačí,18174
zdokonalení,22945
hrádku,9748
stříbrnými,6827
založená,10853
rohlíky,9086
zapečené,22946
bad,22947
magická,3505
sítím,9695
zjistily,3606
definovány,4298
uzliny,18243
průběžná,5292
zatčeno,21353
výpisů,18523
zkamenělin,19472
dark,22948
smrtelné,8481
plotny,22949
vegetace,22950
opadávají,22951
sluţeb,22952
propuštěna,10530
prohnala,22953
bříšku,20899
kupní,22954
para,22955
padly,8407
souprava,20326
nohách,12275
královskému,3420
motorovém,4383
polstrovaná,22956
vyráběla,7201
brokolice,12898
zadržování,22957
derivátů,17875
ratanu,22958
osvěta,11312
přestupy,22959
charge,22960
temeni,22961
trvalému,11413
postavena,4144
příplatky,22962
parts,22963
neveřejné,4800
huti,7619
hájení,22964
přehledů,13898
zasílají,22965
aristokracie,22966
začneš,3030
využívalo,8768
piš,22967
učebna,15983
inzerátů,9247
odečíst,22968
medová,22969
zakazují,16692
podílů,7287
celoročně,22970
kotliny,22152
aktivují,12662
neomezené,11357
obohacování,22971
snack,22972
krytého,12623
konaném,22973
víceboji,22974
rybníků,7717
polyuretanu,22975
pronajaté,15733
náhledu,22976
marmeládou,18234
procházely,5097
poštovním,19876
provedeno,14987
zúžení,22977
nákladem,8348
bydlíte,4303
kámošky,22978
větné,22979
přízí,21600
proběhnout,17041
navazují,12430
transporty,14757
volném,12859
příznivou,11280
vyhnanství,22980
casto,22981
kladivo,15695
zemskou,2464
pomalé,9050
ošklivé,12797
hořící,20725
počítadlo,22982
výměra,21104
potravě,10340
stály,1941
chaloupky,10398
solutions,22983
poslednímu,8238
diabetiky,21717
jedny,1281
určeném,8240
likvidita,22984
stěhov,22985
hodu,21450
trika,5533
minimum,20243
užitkové,8618
sloupec,22986
anal,22987
sladkosti,21505
nešla,4153
třídách,17941
krvinky,18819
vlákno,20088
chaloupce,10398
galvanicky,22988
letními,5201
vrby,22559
stoličky,22989
návsi,22990
registrovaní,4786
uspořit,15571
ložiskem,21089
barevně,22991
vstala,3215
zavazování,22992
spuštěny,3940
řemenu,22993
hlášení,22994
rovnost,20066
narušovat,15271
sekundy,12291
editační,22995
povrchu,10889
přípravky,11928
osmá,4009
identifikují,4704
dominovala,8361
hlavic,22996
obydlené,22997
eucharistie,22998
příplatek,22962
obrněná,4823
uzivane,22999
kontinentální,22530
hodů,23000
rozkoš,21560
podána,17593
kódů,11967
hadici,23001
prameniště,23002
skryty,23003
jednoruční,23004
nemocenskou,23005
lesnické,14185
nazývanou,16474
jihovýchodním,16019
udelat,23006
úkrytu,8390
sta,17336
hodinou,9053
betony,23007
věží,13561
chlebíčky,13259
čepice,13624
delta,21780
absorpce,23008
procentům,7355
orientovaného,9563
aktivován,12662
zemskému,2464
zásuvkami,22039
rovně,23009
dorostu,17168
bydlišti,12477
postovne,23010
žehličky,18088
cechu,12246
proměnila,3359
koupily,7776
ukládány,23011
nose,17114
vytahování,23012
jedla,4003
vydávají,5449
krytkou,23013
zhoršily,20275
provozovnu,21483
zdolala,13134
kurii,23014
náctileté,23015
návazností,22700
rezidence,12158
šňůrka,23016
sféra,16872
kolenou,17230
kterýž,2116
arbitrážního,20660
špici,23017
posádek,11689
donucena,5812
servisních,23018
nalezeno,9650
volnoběh,23019
smrkového,10033
hodnotou,11129
limitní,23020
černému,11954
dek,20047
šifrování,23021
podávejte,23022
plnila,7461
číslovky,23023
přetečení,23024
bojovala,3876
najetí,23025
zabily,5857
trestnou,12041
regulátorů,2729
vlasem,8722
vylepší,11359
prodyšnost,23026
transformována,6935
rho,23027
okrasné,23028
jednolůžko,23029
uchovávají,11455
sova,23030
eine,23031
cholesterol,23032
vitality,23033
keramickými,7748
zanechalo,6978
nabídková,19133
hrozby,12368
šuplíku,18846
bradavek,23034
war,23035
espresso,23036
hrudníku,14080
aktivitě,8881
jazykům,2981
cirkulace,23037
arach,23038
výletu,12803
věnování,4589
podporující,23039
elastan,23040
prohlížení,23041
ostrém,5277
hořčíku,5981
březnové,16426
listiny,18313
pravidlu,6311
napr,23042
tarifem,23043
mrazákem,17067
generátoru,5458
schůdky,23044
bránit,6409
kolena,17230
počty,18223
aglomeraci,23045
přestěhovala,5855
platformě,16003
běhu,15335
úzkorozchodné,23046
broušení,23047
zboží,22682
roztroušené,18239
ušetřili,12526
orientačního,13526
svýma,4364
nepoužíváte,7967
tělesná,6195
dlaždice,18266
stahují,8365
elastickou,3151
diecézi,23048
vypouštění,23049
znaky,8454
sídlištěm,6398
umožňovaly,10858
nasazeným,3080
řetězové,23050
lékáren,19198
hokejky,16838
portu,23051
ušní,23052
sub,23053
máchání,23054
červeným,15618
komínu,16676
pracovišti,15660
účely,6758
notáře,1515
zavazadla,13502
èásti,23055
zjištěna,16776
přerozdělení,23056
odolnosti,18237
provozovna,21483
vybaveni,7062
nevrátila,3974
dortu,11231
pruzích,14737
násada,23057
dopingu,21801
kočárky,6418
bakterií,14227
mnišské,23058
bezdrátovou,23059
přidělené,9131
zářivou,8363
flétnu,12919
cestovní,15787
délkou,12987
obilovin,21836
harmonie,18863
naprosto,23060
odvětrání,23061
kapalina,16768
hlídají,9789
stranka,23062
modifikované,23063
svazcích,10532
bezpečné,3185
sudová,23064
chatování,23065
naprostým,7010
radiace,23066
sluchátka,8186
rasově,23067
vertikálně,23068
katalogy,9558
ovládaných,9866
metry,13677
závitem,22944
raz,13692
hráze,17863
fusion,23069
léno,23070
vyznačeno,13050
stojanů,7763
atolu,23071
svatebni,23072
přidáno,2607
uzavřenou,8631
ovlivňována,23073
koleji,9760
těsná,15593
slipy,23074
porostlá,23075
výfuku,19510
vyráběného,20641
odpovíme,2009
rozesílání,23076
bodům,16355
snadnou,15849
čtenářství,23077
zlaťáků,23078
starém,1982
zdravého,13749
šukání,23079
stálost,23080
instalovány,8605
hnízdo,19689
našima,23081
zasažena,7870
posilují,13805
rychlovka,23082
orientované,9563
plošin,19677
nožů,11924
zemědělskou,2749
drop,23083
činka,23084
chemikálie,23085
zahrnují,16586
screeningu,23086
konaly,8004
půjčování,23087
spadly,8459
srážkami,14283
zimním,13406
level,23088
zájmu,6293
vyhledávacího,23089
dostávali,6071
půlroční,23090
matraci,17333
cyklostezce,14440
membrána,20052
prosim,23091
koš,23092
nástavců,23093
nalezeny,9650
dráž,23094
dorazily,3938
ochutnání,17175
pěstí,17638
tiskopisu,18339
litého,23095
tendru,23096
křišťálově,23097
početnější,13746
zamykat,20801
svatyni,22117
kurzy,11422
ventilátoru,4951
dvojím,12288
pouhé,3337
vnitřním,11385
kódem,11967
víza,16730
průhlednou,3780
zbylá,4682
plnicí,23098
jihozápadě,7489
nože,11924
tepláky,23099
alarmu,23100
výměn,17857
vyhlášenou,3769
podatelna,23101
neaktuální,23102
obsáhlou,3987
vybaveného,7062
nedala,4122
srostlé,4853
kůře,4509
mrazáky,17067
ozubená,23103
rohu,18463
hlídala,9789
výbojky,23104
øízení,23105
bum,23106
nee,23107
suvenýry,21420
objednávala,4087
escort,23108
plnění,13994
otevřeném,8688
vratná,23109
plátěná,23110
lanka,23111
nepřátelská,4139
hromadné,17920
dala,4122
odkládání,8520
švýcarskou,960
zelenými,10893
veřejn,23112
saty,23113
meče,23114
rostlinnými,2163
blízkým,5530
pokroky,9933
projdeme,4577
barákem,16450
indikátoru,7928
platy,10500
informovaly,2151
blízkost,20581
hladkých,17892
dnešními,14056
hrotu,17139
šikmá,9095
předpisům,8808
ukončenou,20028
včetně,23115
pouhou,3337
páry,14530
nákupnímu,11590
přiléhající,23116
přecházení,23117
krajích,2664
vztahujících,21332
správu,17314
delším,9451
kontaktů,11482
šunky,15603
mešita,16840
vyrazily,5811
tílka,22703
pádů,6814
call,23118
firemní,12826
kelímky,23119
výšce,16331
násady,23057
navazujícím,13515
nejdou,4153
zašpičatělé,23120
štětiny,23121
linux,23122
mailu,16873
párové,23123
try,23124
neposkytují,11559
akcelerace,23125
růžovými,15073
přísad,12699
grilem,23126
žákyň,23127
pruhu,14737
vnitřními,11385
výstražného,14607
kundy,23128
upínací,23129
procházce,18750
nemusely,1107
cihelna,20162
nevešlo,23130
výzbrojí,23131
nedávné,1960
zapalovací,23132
odporuje,23133
vodítkem,15460
zbytečnou,5842
stromku,23134
regulární,23135
odkazech,10918
nesprávná,1704
nemela,23136
tankování,23137
duchovenstva,23138
communis,23139
střelbě,17773
kontejnery,9401
sedě,4381
předsíní,11609
vykašlat,23140
stupni,18248
volají,4484
mluvě,1651
servisního,23018
zlacené,23141
vyřazených,8123
zapnu,9347
klubová,23142
zůstali,7272
relativního,22934
nelepí,23143
dbají,10667
jesle,11902
registru,9614
patra,18280
podaná,17593
zásobníků,9931
vešly,6557
trestné,12041
čistota,17513
hrozbou,12368
nastavena,2838
blaho,23144
nízkým,16886
rudou,18815
vyhotoven,23145
nerezová,5763
zvětšil,18763
propuštěni,6809
úlovky,23146
eventuelně,23147
otevírat,10100
vsí,12015
vymezena,23148
rozumí,11551
příplatkovou,23149
bundy,13937
útes,22386
simulovat,20421
transparentní,23150
procházkou,18750
směně,11255
hladkou,17892
klesly,23151
maže,22709
nízké,16886
výměníku,18588
platná,13784
granátu,10964
hmotnou,8153
cukry,8226
čist,23152
obložení,23153
azurová,23154
vit,23155
ublížení,23156
náves,22990
turistickém,9618
farmacii,23157
zat,23158
vztahují,17573
ochranné,2275
radeji,23159
výstroj,23160
hon,23161
samoobsluhy,23162
dřevě,11697
jamek,23163
navštěvovali,5235
kruhového,10751
zaměřené,10792
zvítězili,2289
kytička,19333
mutací,21841
kousnutí,23164
zajímala,5484
měkkýšů,23165
florbalu,23166
dresech,10443
vakuu,23167
dubnové,21406
popsaná,13267
obyčejnou,2510
doznala,23168
vyrobených,6173
rychlostmi,19259
řízenou,15561
kategorie,16980
určená,8240
pon,23169
pracího,23170
opatřeno,3064
ned,23171
incidenty,7590
knížecí,17879
shell,23172
výpustí,23173
aktualizovaná,9185
břidlic,20400
absorpci,23008
nadílka,23174
displejů,23175
zanedbání,23176
indexů,13306
rozvaděčů,23177
anglickou,1007
výší,22880
parazity,23178
využívají,8768
exkurzi,16831
římským,1798
zřizovaných,23179
uzdravení,23180
vrchnosti,22356
pahorku,23181
bereš,5405
přiléhá,23182
nynějších,4948
zrychlit,18708
totožné,10510
plamenech,16981
opcí,21767
poznámkového,23183
its,23184
korpus,23185
mouce,6732
kapitule,23186
čelenky,23187
širší,9844
uzdravit,7354
raketou,21252
utkalo,16081
nasbírali,4911
šetrné,16119
svíčky,11567
odrážedlo,22400
vydávali,5449
válců,8253
poškozenou,9277
koště,23188
kudrnaté,23189
sklopná,23190
nad,13585
výměnných,12493
altánu,23191
plynárenské,23192
nástěnné,11196
receptorů,23193
orchideje,18551
srdíčky,20567
vysledovat,23194
gramy,23195
vzrostly,13693
odpisy,7422
složená,6087
zapojených,5117
zdaňovacího,23196
leasingu,21594
lesním,6213
bohoslovce,22047
tkanin,22059
spotřebované,23197
jádru,15290
registrovalo,23198
kyvadlová,20460
tvrdém,5894
diagnostická,10653
pohode,23199
intenzívně,23200
mobilu,11448
vypočítána,9785
gauči,12886
platbou,11604
naleznout,4771
stavovské,11852
svorka,23201
šik,23202
rozkládat,12120
probíhala,12450
skřínka,23203
pony,23204
bahna,16059
proražení,23205
google,23206
vycházela,4502
nedbalosti,23207
balerínky,12742
kilogramy,9605
jatka,23208
polopenze,19139
milionech,11625
vytažení,23209
vedenou,6431
tuning,23210
výčitek,15359
čtyřhranné,23211
oddělené,14828
rybníce,7717
zdobením,23212
menším,2879
kotlina,22152
ustálil,23213
samolepka,23214
spinning,23215
přežila,10226
zdi,12495
převezena,12016
vodárna,18363
prachových,19042
použitelných,10834
cestujete,3165
podvýboru,23216
kleci,21167
sání,23217
lopatkami,16423
postačuje,23218
přímce,10505
spotřebě,20312
vyhlášky,12356
liché,14178
spadajících,22371
rozhraním,23219
encyklopedickou,8152
sekretáře,1592
bezpečněji,18651
novu,23220
síťová,6149
procesí,23221
našemu,1595
uzavřena,8631
tahání,23222
zavedeno,3276
frac,23223
federálním,5737
oldid,23224
heřmánku,7913
nejvyššímu,10512
proof,23225
kopce,15097
pracujícím,3266
intervaly,9651
rovnoběžně,23226
sbohem,23227
zápachu,12754
lhaní,23228
mřížky,19569
lécích,4770
pekárně,22681
vyskytla,5792
stopkaté,23229
postavily,2617
buku,19822
blank,23230
brána,5405
ratolest,15624
kontrolovaná,15503
nejedla,23231
řemínky,23232
uzpůsobené,23233
přesahuje,23234
chráněným,10451
běžnou,7726
vyhledejte,3955
proprietární,23235
hranolová,23236
above,23237
media,23238
odpočítávání,23239
poslala,6643
přístřešku,8558
talíři,17081
sekrecí,23240
směřovala,12547
aplikují,5314
citelně,23241
kompletním,9714
neúčasti,19588
ceně,2268
obranyschopnosti,23242
prezenční,23243
pasů,16069
nerostné,23244
nejužší,8704
hrozící,23245
měřím,17798
mem,23246
řídítka,23247
mesto,22743
sudoku,23248
morče,23249
okolními,14128
press,23250
přiděleno,9131
ohrožující,23251
úchytu,23252
zasahovaly,6918
dostala,3965
sestupně,23253
rozvíjela,5092
shluk,23254
sázení,23255
boxech,13269
pohostinství,23256
obnovit,11651
akumulace,23257
přesunula,6976
pneumatiku,14682
jógu,23258
czech,23259
stráž,21603
vèetnì,23260
privátním,9087
lepené,23261
uzavíratelné,23262
stravné,23263
bránou,16327
neda,23264
nasazená,3080
nemine,9615
stoji,23265
rozrůstá,23266
samolepící,23267
vozovny,23268
péči,18219
spolupracovaly,1080
vydají,3761
éře,13656
filtru,5113
jídelnou,16470
kyseliny,14783
litry,17117
kůry,4509
zástavního,17949
nazýváno,16474
nanečisto,23269
narazíš,10959
startování,23270
buněčná,17251
prostory,4843
švy,23271
spočítána,3066
zrcátka,23272
pořízena,6858
vozíky,7464
víz,16730
stabilitě,16941
čistými,15579
abecedě,19191
stáji,12772
lince,14317
náplní,18740
dekuju,23273
přepsání,23274
jedlé,12367
řadiče,23275
these,23276
bufetu,9329
šití,23277
vyzvala,5871
continuo,23278
designově,23279
šíři,23280
neplnění,23281
přizpůsobeno,5101
oslovíte,23282
dostanete,3965
dresy,10443
minimalizovat,22656
nulovou,19407
kolo,19396
nebývale,23283
cui,23284
kruhy,13967
kafi,11701
pláty,11873
teplé,2224
over,23285
vložku,23286
prix,23287
informovanost,19612
maximum,17002
jeste,23288
evidované,23289
plevelů,23290
plochým,14362
photos,23291
chutnat,17175
dome,10055
sila,23292
zapsaná,23293
nepřežila,10226
měřítku,7285
čtečka,13878
databázové,2977
jabloní,14926
nepřehledné,23294
ekvivalence,23295
obrátky,23296
zdech,12495
mravence,16966
indikace,23297
gynekologie,23298
mletí,2292
veci,23299
running,23300
dvouhr,23301
používalo,7967
osahat,23302
nošené,23303
včasnou,20867
nastoupilo,3188
procházky,18750
nakupujících,12464
výklopné,23304
zrušila,7126
visací,23305
systémy,4308
umožňují,10858
pohanství,23306
horečkou,19468
ochladí,23307
zvyšovat,17074
prodávali,12324
ekologickou,2589
zveřejňované,17658
celeru,2587
septima,23308
modifikace,15270
jednacím,23309
dotykovou,23310
hřbetní,23311
smarty,23312
datumovka,23313
servisní,23018
podáno,17593
vitaminem,23314
dlouhodobém,3901
zatěžování,23315
poddané,23316
listinné,23317
uchycením,23318
hlíny,16340
lištou,14349
dual,23319
kuchyňka,22394
smetanou,6709
uskutečněno,17275
noční,13248
omezit,13524
okresů,10394
prodlužují,13289
pozinkované,23320
obcemi,13212
islámské,4533
rano,23321
trip,23322
logopedická,23323
zástrčky,23324
dáváš,8586
stimulovat,23325
zaznamenána,12103
rokov,23326
manganu,5095
udržován,9341
oblíbíte,23327
zvýšení,16806
půjčila,5310
harmonické,6238
stovka,17038
proužkem,23328
dopadla,4202
růžovým,15073
přispívají,7462
slepou,1954
nepřetržitém,11377
smazána,16489
pojistná,23329
zaregistrované,23330
kmenu,6551
zahájena,9579
hovorové,23331
útrobách,16320
módu,4305
hematologie,23332
pohodlná,11981
monitoruje,23333
vyzkoušenírok,23334
řešených,7835
vyhodila,3716
indikátorem,7928
neběží,23335
měnily,9040
držadla,19601
coţ,23336
odpovědělo,2009
parcela,6582
nakupujete,12464
přijatelnou,5395
kolony,13168
sýra,4333
intervence,14896
zbarvením,23337
prováděny,13217
blatníků,8892
tra,23338
emailu,23339
jádry,15290
glovers,23340
soupravě,20326
sčítání,23341
zaslány,23342
zdatnosti,19673
převodníku,23343
ukončen,20028
vozovek,15736
elektronické,8910
obohacení,23344
ucelená,6854
kostkami,14881
dnům,16015
bukové,19320
mým,1595
poráží,23345
skvele,23346
dodatky,3714
lumen,18345
červnové,22908
bránila,6409
prstů,11749
necelá,3194
postelemi,15572
etice,13436
menovci,23347
instanci,12778
hygieny,21335
int,23348
orig,23349
uložené,13206
diagnostiky,23350
datovat,22486
červeném,15618
přebalování,23351
sloučen,10307
arabská,3779
bezpečnější,3185
útvarech,7254
sind,23352
spínací,23353
zničena,9459
aktivních,11248
podložkou,23354
plošného,5150
křižáky,9719
doplňkové,9223
koláče,15716
garážového,23355
hotely,5462
našimi,1595
mrazící,23356
biologickou,2862
pojištěnému,6214
přívěsem,18324
tyčky,13095
zahrádkou,18829
nárožní,23357
pokec,23358
integrovanými,5325
hydratace,23359
veřejné,4800
okrajích,10713
komfortním,23360
club,23361
orientovanou,9563
houby,16750
znějí,9529
výpady,18993
vylepšovat,23362
vyrozumění,23363
nestačily,5025
farmy,18077
spermatu,8955
order,23364
servisním,23018
napojena,14664
květinovou,10724
čtvrtku,16298
balení,16074
konzultace,16266
startéry,1604
vzdělávacímu,1799
zakončen,6965
pilulky,23365
třídě,17941
pronásledují,7761
radia,23366
přijdeš,2674
selského,14716
obsažených,5220
miny,14341
exekuce,23367
popsané,13267
týlu,23368
slunění,23369
čistě,23370
alla,23371
vytáčení,23372
střídavého,14686
evidují,23373
průjezdu,17467
tuny,18423
mýto,23374
tužky,14136
hooodně,23375
tipovací,23376
sloučila,10307
zajímáte,5484
položenou,9777
antény,14394
brzdové,5848
snížit,14263
milimetru,16993
dve,23377
koncového,4056
browsing,23378
kulatá,19609
žádostem,16226
questions,23379
mříží,13375
aneb,23380
zboku,23381
palačinky,23382
výšlap,23383
křídlu,10870
měřiče,23384
postele,15572
since,23385
korpusy,23185
hospoda,10683
zastavte,11349
control,23386
halové,5753
ložisko,21089
starala,4436
vrhla,5349
základnímu,5517
komentované,23387
zaniklá,23388
silente,23389
singlové,23390
pošli,6643
blechy,23391
jednolůžky,23029
egovernmentu,23392
reaktivní,23393
anténa,14394
zařazené,23394
umyvadlová,15469
ventily,8545
obranná,6875
řidítek,23395
tuhost,23396
obrácené,13066
pojízdné,6316
preferují,10272
celková,16271
zvětšuje,23397
teploměry,17355
dýhy,17653
roč,3967
jmění,23398
akrylové,23399
orlice,6352
jmenována,1329
vynášení,23400
určena,8240
hadicí,23001
široce,23401
prosby,12308
trub,9638
arabským,3779
pantofle,23402
evidujeme,13723
věnné,23403
vrácen,20565
kabeláže,23404
zadni,23405
osadou,9239
odolávat,17001
měřit,17798
ostření,23406
knížat,678
našly,3790
symptomy,17021
umístily,4175
trávy,16433
označené,9987
naší,1595
beztrestně,23407
hřídele,13084
pet,23408
homeopatie,23409
rozsudky,8594
zanikla,18757
dohodou,11136
pomazánky,23410
ručení,22793
stuhy,23411
házené,23412
vyznačovala,6668
vakuové,23413
chatek,23414
plotýnky,23415
panstvím,23416
airbagy,23417
druky,23418
florbal,23166
štětinami,23121
otevřela,6217
pokryté,10728
tlaku,14461
chatovat,23419
orestujeme,23420
wich,23421
plechovou,4554
posoudila,5471
sestavená,13516
vzdušnou,4722
masová,7167
častou,2615
lahvičky,23422
komínem,16676
chybná,6187
nedostanete,3965
zatížení,20903
návěstidla,23423
potvory,19311
chia,23424
dvorci,9732
vysávání,23425
bonbóny,23426
hrabat,1237
nejrozšířenějším,16508
považována,3588
funkčním,15653
koncovek,11317
špinavé,13322
prosincem,12206
nepřístupná,7388
pokrokové,23427
vyzkouším,3381
severovýchodně,23428
najetím,23429
vidlička,20086
reprezentovalo,5803
stáčení,23430
nevykazuje,23431
zachovaly,4815
dostihy,20365
kožená,14567
kmenů,6551
results,23432
rychlostech,19259
využívám,23433
brožura,23434
dosahování,23435
bohy,876
stříbrné,6827
kontrola,12741
našla,3790
vážou,15706
spirální,23436
konaného,23437
bitvě,10019
nekoupila,7776
lamp,13424
žebra,21892
nálezy,12238
jejichž,2040
zakončila,6965
démona,6362
rostlinami,8531
samců,16070
strojům,3288
zrychlí,18708
narůstat,23438
oddanost,21404
cherry,23439
oběžnou,21957
knížata,678
poč,23440
rychlém,13111
rekordním,15521
kováním,23441
centrálně,23442
počtech,18223
učebnu,15983
cévnatých,23443
svítící,23444
vytvářena,1709
flitry,23445
prodloužená,21856
stanovišť,23446
zdvih,23447
zřízené,11437
drogerie,23448
pozměnit,21049
zasílání,23449
stability,16941
astronomii,13386
omítkou,18455
adresní,23450
vysočiny,8126
údolím,18322
garantovaná,23451
okolnímu,14128
lesními,6213
otvírat,6217
textilem,12512
tisícovka,17944
odradí,17101
virtuálního,23452
chráněna,10451
administrace,23453
přehledném,7452
trestu,6957
snížily,14263
hořáků,23454
husitů,23455
portem,23456
šlechticů,576
kravata,22182
rozená,19785
zaplacena,14231
bájné,23457
vložena,10290
encyklopedii,16233
příručkou,11096
ničí,19955
spam,23458
elektromagnetických,21020
překrásnou,9827
tropické,11308
žárovky,18904
jídelna,16470
začla,3030
prdeli,22557
vyrobce,23459
dosazení,23460
zařazený,12593
můstku,15184
srovnatelné,18398
outlooku,23461
bylin,16319
bezhotovostní,23462
nevyšla,5729
low,23463
vrh,21343
pohodlnost,23464
třísky,23465
tool,23466
soudržnosti,23467
tunely,10692
schránek,20642
viditelným,6622
minulému,3244
soutěžení,23468
nárt,23469
simulátory,23470
vývrt,23471
prvňáčky,23472
radsi,23473
zkrácená,9056
úpletu,23474
lenosti,23475
zabraňují,18728
opakovací,23476
efektivitu,18864
bezproblémovou,6086
slitiny,22275
nor,20769
zatáčení,23477
mag,23478
rozvodné,23479
výtisku,23480
nárazů,8208
teritoria,18714
unikli,10282
obnoveno,5136
diáře,11889
vlas,8722
ausgewählten,23481
dalekém,16693
ransomware,23482
trubice,21888
zapalování,23483
čištění,8205
pack,23484
kyselost,19520
správcovských,23485
kyvadlové,20460
prodloužena,14890
tuhosti,23486
neurologii,103
sladkost,21505
nasazeny,2585
ročenka,23487
rohy,18463
přízi,21600
vyhrožování,4485
ambulance,22073
séru,23488
růžence,16836
flexibility,23489
tiskove,23490
nerušeně,23491
sušenky,23492
sestoupila,11955
středně,23493
ptejte,23494
otevřenými,8688
fungovala,5890
plnobarevných,23495
rozměru,7737
apr,23496
zákaznické,8936
ukryté,13689
nižší,16886
obrubníky,23497
náhledy,23498
prodejnou,11496
chrup,20172
pronajem,23499
piškoty,23500
resp,6353
nemají,2115
udržování,23501
odebraných,19871
nakoupím,7605
vícenásobné,23502
hrdlo,23503
vymizení,23504
přípojkou,23505
přirovnat,8028
ekvivalentu,7793
viditelnost,23506
tek,23507
výsledkové,23508
bolo,23509
rozvinuté,9600
tepny,15375
suspenze,23510
porosty,19012
nigra,23511
váhy,10471
úsporu,14288
podléhající,23512
museum,23513
chodily,5309
křížovek,16002
each,23514
tylu,23515
výkonnost,20286
ode,23516
poničen,23517
nižšími,16886
populací,18368
základu,6233
mìli,23518
provozoven,21483
uživatelskou,5463
topinky,23519
sudé,23520
dej,4122
pokličky,23521
services,23522
jún,23523
ruce,8138
maximální,20427
boxu,13269
náhradou,14653
publikovány,7908
kopaček,21159
garsoniery,23524
ostrou,5277
ošetřovatelská,22040
nějakých,2801
budíky,18531
ran,21515
milicí,23525
přehledně,23526
krystaly,15013
poštovní,19876
parabolická,23527
sluchátky,8186
započítá,23528
známku,18608
jiţ,23529
skialpy,23530
ničit,19955
blikající,23531
uzavřených,8631
stráží,21603
koňské,23532
etiketě,23533
soli,7642
opakovanému,4473
kojení,9817
skočila,9637
kombinování,13337
plést,21563
neutrality,17247
předáno,20201
diferenciální,4673
jablečné,6956
pracovnímu,12943
smrku,15124
naprázdno,23534
oslabit,13578
neuspěla,1309
dobití,23535
přikoupit,23536
tym,23537
vítanou,15661
přesunuta,6976
fena,22169
sedlové,23538
věže,13561
kapitole,11800
kláves,12229
činní,1975
obratů,19197
konanou,23539
smíšená,6043
stlačení,23540
hmotná,8153
zlepšila,17562
cév,23541
snesou,15526
přívěsky,14844
neutrální,20655
řádně,23542
ničím,8385
směřujících,23543
hlubokém,6544
vytlačit,23544
závitky,23545
koutky,12232
připojilo,4371
umístěných,7093
type,5776
cisterny,23546
dotazu,11730
odpalovací,23547
výprodej,11001
nahrazovat,17666
vzdáleného,10924
spadají,18607
kilogramu,9605
obvodovou,16985
vyloučena,8494
přestanou,8065
spasení,23548
kompresory,23549
nejběžnější,7726
stojany,7763
šev,21233
aktivnímu,11248
kalendářním,16054
provedete,1819
otáčky,23550
průkazy,6752
běhy,15335
false,23551
stabilním,16592
obelisk,23552
příbuzná,4816
nekuřáky,23553
inhibitory,23554
zaručená,9912
bilaterální,23555
organizovaných,6021
krásně,23556
peněžitou,23557
stuhou,23411
pevnost,16401
problemy,23558
užší,8704
zarážky,23559
podporovaly,3739
shrnuty,1506
spoje,20731
motoristy,5269
parciální,23560
zdravou,13749
nápadně,13266
navržená,5293
hluboko,23561
naprostém,7010
prezentovány,3408
minci,16278
pevnině,10243
vlčí,23562
doplňovaly,2737
výcvikové,23563
diod,23564
mob,23565
plechem,23566
kolie,23567
šroubové,23568
vyřazení,23569
povely,13230
obrysu,4769
komfortem,23570
nacházeli,14091
kolech,19396
zjišťování,23571
vyvinuly,4661
grafy,4209
polička,21148
oparu,10217
předhůří,23572
dovezli,6257
poho,23573
stolku,8940
určeným,8240
lišty,14349
výškově,23574
kil,21026
řádném,6084
střela,18500
morálce,13915
snadným,15849
měnila,9040
pronikly,3927
šipka,13980
relevance,23575
vrstvám,14029
skelet,23576
sep,23577
kterémkoliv,2109
vrácení,23578
doručeno,11916
seděla,4381
sirény,23579
odstíny,11106
dvouletá,2281
ramínka,15631
metla,23580
kontrolovány,5818
sílí,23581
pneumatické,23582
ocitnou,4178
hustší,6754
okresu,10394
zařazených,12593
umytí,23583
plošně,23584
notebooky,17797
frosted,23585
cukrovinky,23586
zákaznická,8936
vzorku,18957
směrové,14294
houbách,16750
zelí,13934
výloh,21259
doménám,23587
nalevo,23588
aromatická,16662
pevnému,3521
nažloutlé,23589
tréninky,8887
měsíční,15966
latina,18785
markery,23590
devices,23591
limitem,23592
napojené,17933
qui,23593
kravské,20392
újmy,17753
biotopy,23594
rozšířit,11832
procentních,14328
obíhající,23595
rus,23596
zajíce,4755
fregaty,17784
osvícenství,23597
hranolovou,23598
usnesením,23599
jódu,23600
vloženou,23601
střelné,19294
mikroklima,23602
razítko,17803
magii,17466
nulu,13750
zeleného,10893
krvi,10823
prováděno,13217
brány,16327
pekny,23603
pokryto,23604
ohybu,23605
nestala,1941
litiny,23606
brzo,4211
sypké,9012
stezce,15562
frekvenční,22115
chodilo,5309
imunitu,19049
velkýma,5075
časopisy,5515
doprava,12735
styky,7292
bašta,23607
sloupci,22986
růžovou,15073
vláčky,10023
drůbeže,15696
kolonku,23608
hradeb,19713
midi,23609
okresy,10394
jazyku,2981
náhrada,14653
připojeného,10559
sacharidy,21284
aktivaci,23610
čtyřleté,1763
living,23611
pelet,23612
černé,11954
zobrazíte,16114
kolíky,5715
kachen,13121
práškové,23613
neo,23614
ovulaci,23615
sed,23616
detailu,4152
vzdělanosti,21710
mechanizace,23617
doručovací,23618
kráterů,23619
infocentrum,23620
darování,3145
parapety,18869
okrajů,10713
pejsků,2590
pamlsky,23621
hájovny,23622
odposlechy,12878
areas,23623
soupeřky,23624
lysý,23625
vazbě,8689
potoční,23626
datem,10521
kmitočty,15621
přerušeny,19442
kancelářské,3947
hluboké,6544
freefoto,23627
rychlou,13111
písm,23628
strojích,3288
kamaradku,23629
tác,23630
injekce,17169
máje,16668
posezení,23631
tobolky,10488
činné,1975
koncovými,4056
kombinaci,14639
pumpa,22285
těžba,7351
zvýšily,18465
nahradilo,6370
podlehly,4344
unikají,12476
modlili,9507
manifestace,23632
homepage,23633
profilem,7512
převažující,23634
čokoládová,4542
rozpadne,11298
milice,23525
tisíce,15319
ohnuté,23635
pronikala,11644
nainstalovány,6345
pískovce,11383
říšské,2066
myslivecké,23636
podsvícením,23637
zdravém,13749
kupu,23638
vyráběných,20641
juniorky,23639
protikladu,2842
file,23640
zbrojnice,23641
years,23642
vybavené,7062
teplotě,21607
základen,18585
věstníku,21122
tvrzí,23643
rybízu,10934
párou,23644
zpříjemní,23645
plechová,4554
indexu,13306
ranním,13038
výhledem,17192
ohraničen,17109
členství,20616
křemíku,14413
předchozímu,7434
nazývali,16427
sluchu,10678
ekzému,23646
považovaná,23647
stoupá,22432
smetanová,6709
upraveno,13949
tenisovou,3852
ikonku,23648
vracela,6263
pístu,23649
certifikovaných,23650
tuhostí,23651
klidu,7695
kempování,23652
motorku,10894
chytila,3666
spojovány,11029
tužší,6099
jídelně,16470
přesnídávky,23653
stonku,6834
odpovídala,6832
mokro,23654
regulována,15530
kapsičkou,23655
odběru,11994
domovu,8277
kontrolám,12741
pomazánkou,23656
vyskytovalo,23657
čiré,20508
knoflíčky,23658
ozdobnou,13341
vyřešíte,2353
popírají,4092
odzbrojení,23659
úderů,5983
stupně,18248
gratuluji,15912
zdravě,23660
plané,23661
dobroty,14923
grilovat,23662
podlehlo,4344
ujet,13017
těhu,23663
jezdily,6022
prováděné,13217
soustavné,19679
stáním,23664
schůze,17754
šipky,13980
výbavy,20049
target,23665
kočkám,6224
minimálního,17184
účinných,11815
květináčů,21131
slepě,23666
vyhoření,23667
raném,3841
uložila,3344
zahrádka,18829
pekárnu,22681
melounu,3871
jízdenku,19068
tisky,6621
oblaku,9353
between,23668
hradba,19713
pojistiteli,4980
páskové,15167
zásuvkou,22039
hladině,15834
sezení,23669
časného,12909
all,23670
mna,23671
korozi,23672
odešlo,3793
pláně,23673
soustavě,12539
předešli,14574
míru,6640
příbory,19731
větším,5075
trenýrky,23674
polyesterové,23675
cappuccino,23676
vypadaly,5881
klepnutí,23677
upcr,23678
certifikovaná,23679
zničí,9886
pomalá,9050
tichosti,23680
tachykardie,23681
baleno,6613
cysta,23682
intelligence,23683
zvýhodněná,23684
dračí,23685
balíku,17744
marmelády,18234
vlašské,20884
šetrných,16119
zabezpečit,23686
top,16544
užíván,13595
aug,23687
přihlašování,23688
zapnuto,9347
látkovou,6625
kombinovanou,23689
provozovali,9915
závad,14119
indukce,23690
větvení,23691
coz,23692
mast,23693
elektromagnetického,21020
minula,9615
pise,23694
schovala,10026
pozemkům,12113
nešly,4153
přihláška,13637
nezlepší,23695
východně,23696
zastavují,23697
bludiště,23698
nbsp,23699
dostání,23700
spíž,23701
rozvinutá,9600
řešeny,7835
údery,5983
mapě,17164
sbírání,23702
rozšířených,16508
stole,14252
nalepení,23703
nepřetržitou,11377
hlásky,18291
oblouku,6715
zachovalých,12474
marihuanu,23704
gumovými,4215
holý,16891
pošty,22428
nájezdy,22015
celkovému,16271
leštěná,23705
stol,23706
ice,23707
vstříc,23708
zvítězily,2289
pojištěnců,23709
průměry,14845
souvislou,12448
motorizace,23710
synonyma,21608
navýší,23711
jakési,2196
hnojiva,19498
neplatná,13784
atletice,11969
potlačena,13265
vyššími,10512
sjezdy,10250
bobulí,17889
dutina,12705
hypo,23712
vzpřímené,11445
plochou,11490
alergenů,21562
opustilo,7049
mešit,16840
udávané,23713
vzplanutí,23714
inline,23715
církvím,9262
suchou,7907
autodoplňky,23716
substituční,23717
prádelny,21696
oběhové,23718
anténou,14394
klikat,19874
poškozeny,9277
odívání,23719
špičkou,16190
zřízeno,4228
košík,23720
alpské,3803
arabskou,3779
lékárně,19198
rušení,23721
květeny,23722
týdenním,16093
kandži,23723
code,23724
diagnostikou,23725
ránu,21515
stavěly,3908
revertováno,23726
vypadávání,23727
fotoalba,23728
vyměnila,9013
arbitráže,22429
leštěnou,23729
nevyhrála,3559
takove,23730
říšským,2066
střílení,23731
základny,18585
zvyšuje,17074
opet,23732
zřiď,23733
dite,23734
posuzovány,6787
zničeny,9459
niti,19119
gesci,23735
přístrojovou,14996
exkurze,16831
škodlivým,10717
dodávce,6129
dřevěném,4952
kališní,23736
udržela,6095
kojenecká,9565
zajišťovaly,4929
míle,23737
stanoviště,23446
zabezpečení,21800
pohotovostní,21277
nabízeno,13957
zvyšovala,17074
polyamidu,23738
počala,23739
některému,2220
klinicky,23740
opakovaném,4473
omezeny,11357
krvácení,22629
roztažení,23741
požární,19776
rifle,23742
epidemií,14713
popraveni,11612
kaz,23743
praktičnosti,19526
silice,23744
odřený,23745
tipu,23746
ešení,23747
očistu,23748
urážky,18543
květinovými,10724
kontraindikace,23749
horu,7509
čistit,23750
polním,16385
zdivo,19129
spektrum,18462
enduro,23751
dojdeme,5839
shodných,13700
sjednocení,14829
rovnováhy,17532
věnovány,4589
korby,13645
řízená,15561
palivy,13899
ovocná,7286
algebra,17984
hebkou,12700
šeky,12807
koncových,4056
hrazena,7686
starým,1982
pojistného,9895
oficialne,23752
zemřelých,14342
nakoupené,23753
neho,23754
upraven,13949
naturální,23755
farmě,18077
altány,23756
jízdě,9118
pletí,23757
lokální,16441
domovy,8277
strojírny,20434
průhledným,3780
oacute,23758
kupóny,16178
překročí,14706
žlutým,18406
holuba,22393
lítá,21659
dáváno,8586
servisů,12833
uplatněna,1091
hlavicemi,22996
konfigurovat,23759
závazného,13811
zaměřena,10792
poradku,23760
nápadná,2786
faxy,19022
neolitu,23761
věnované,11707
jednostranného,14365
hopu,23762
vnějšími,13640
fluorescenční,23763
zeleně,23764
obvody,15995
chytání,23765
číslicemi,19130
bramborová,5583
určována,23766
dvory,8918
křidélka,23767
mastí,23768
boudy,20203
hlásili,3259
výhodnou,15160
mělce,23769
řazených,23770
anamnéze,23771
neprodleně,23772
verejná,23773
nastaveny,2838
předložena,5115
perou,11580
matičky,23774
dolním,11944
chránící,23775
udrželi,6095
náruč,17044
detoxikace,23776
městě,5562
women,23777
poklicí,23778
kompresoru,23779
polstrování,23780
obdobou,10939
prodávané,4501
neměly,2115
zapojeny,5117
navzájem,23781
oázu,22151
pour,23782
nájezdu,22015
šicích,23202
nádobou,14621
vybavenou,7062
etiket,23783
náramku,11353
reflexními,20459
užitečná,9162
bezpečným,3185
neprůhledné,23784
komfortnější,23360
přívěsy,18324
efektivně,16500
taštička,16359
šálky,23785
nejlevnějším,8448
pata,17179
použitelné,10834
postranní,13548
rudá,9387
zařízených,13228
kryjí,12245
bývala,10177
chutně,23786
str,3643
ekosystémy,23787
tenise,16843
none,23788
karosérie,20329
rupie,23789
vyvíjeny,11061
kamenné,13445
čtečku,13878
nepoškozeném,9277
sjednána,14143
may,23790
směrnici,20717
čáře,16917
zastavěného,21375
poukazy,7182
moje,1595
tmely,23791
přehledným,7452
kuřba,23792
odřené,23793
rostly,14316
crossbody,23794
škodlivými,10717
vyhnat,5581
vrchoviny,23795
kilometry,14894
upravenými,13949
boudě,20203
podrážkou,21955
lžou,6167
broušená,23796
uskutečněna,17275
nahoru,23797
stabilizátory,23798
známkami,18608
uchem,14299
pul,23799
mobilizace,21107
balanční,23800
oblíbenými,1503
novoroční,23801
published,23802
vydaných,13433
osvobozeno,10274
propojených,9892
zajímali,5484
prost,2860
týmto,23803
chránila,8013
různou,6244
označována,5376
stoupne,18601
čerstvém,904
formulí,17219
nepodléhá,22067
poskytovanou,22417
plísně,23804
seznamka,23805
zdědila,11621
pasiva,17691
zpracovávány,3159
vymýtit,23806
testovala,4452
lhůt,8414
grily,23807
hlavičky,9897
sloupů,11040
opraven,4062
usnadňující,23808
matice,19661
garden,23809
kulma,13200
brázda,20914
startovné,23810
stála,1941
jídelníčky,23811
nástrojům,7798
sklápěcí,23812
perské,2341
čirým,20508
ukradené,8588
neprošla,23813
propukla,23814
gynekologii,23298
nástěnce,23815
vegetaci,22950
cévy,23541
panenské,8905
provedená,14987
procházku,18750
uchovávány,11455
skvrny,14699
křovin,23816
výživa,15595
nepřekročí,14706
powered,23817
uzávěry,12297
krytá,12623
jednobarevné,23818
regionálně,23819
čipu,9738
výstražné,14607
ocitnete,4178
organizované,6021
výhodná,15160
vyšla,5729
utěrky,23820
session,23821
odstraň,4989
kokosem,14062
faktura,11220
origo,23822
docíleno,4923
plnými,17689
zubu,13196
neexistence,7995
chalup,13586
nova,15156
doplněné,14044
kadence,23823
vlastnictví,21721
nehtů,22274
optická,5055
povýšení,23824
účtenky,18302
panelová,9864
vacat,23825
hovězím,13486
zanikají,23826
desetinná,16177
deka,20047
podrážka,21955
přidaných,6256
zdvojnásobil,23827
penize,23828
chodila,5309
dívčím,4819
tabuli,23829
protokolem,16502
vyjímatelná,10662
dosažitelné,23830
chladit,23831
souhrnně,23832
papoušků,5630
nakupování,23833
nevolnictví,23834
stisknete,23835
rostlinnou,2163
holubi,22393
nářadí,23836
zmiňovanou,1728
háčky,9103
kuličky,14175
ciferníku,10349
carte,23837
podíváš,8624
vynesla,7384
tvořeny,11726
motorka,10894
chronické,2572
extremismu,23838
postranními,13548
poporodní,23839
přecházejí,14155
neprávem,23840
trade,23841
pneumatikou,14682
buky,23842
šňůrkou,23843
vzorně,23844
nepravidelné,9703
vadné,11773
barvičky,23845
obecným,6314
značené,23846
žilek,23847
návaly,23848
útesu,22386
klávesnici,19618
hradební,23849
formaci,15910
signalizační,23850
inventarizaci,23851
celkom,23852
alpská,3803
založena,10853
ekvivalentní,7793
hospodářsky,23853
stěrky,22926
účtu,9374
uhrazeny,9553
praporů,5491
zvýšených,21001
umyvadlo,15469
vzestupněod,23854
nastěhování,23855
informatice,875
přesahující,23856
sono,23857
spadaly,18607
bytem,12675
pásech,6577
tan,23858
uhlíkové,4613
buňkám,16863
dotazníky,8678
vylepšit,11359
nemovité,18296
vrátily,3974
císařskou,4714
zlepšovat,21140
poškozeném,9277
zkrácena,9056
směřující,23543
synonymem,21608
nemovitost,14327
lavic,19175
osazena,8644
tašce,16359
pružinou,18577
aretace,23859
příspěvky,10904
osobnímu,5492
praskla,19386
podniková,3905
html,23860
informatiku,875
asistované,23861
cílené,7921
strike,23862
docházky,23863
ustanoveních,14469
jmenovité,16303
lobby,23864
zajali,15218
neexistovala,6867
spadalo,18607
roveň,23865
stráni,21702
zdanitelné,23866
sídle,10511
halovém,5753
pilky,23867
odděleno,7600
vyrazila,5811
drogerii,23448
ohroženým,6521
věcné,2485
maj,2115
husitská,23868
harmonizaci,23869
rezonance,23870
zaměřených,10792
podpatky,23871
viditelnou,6622
chápány,10031
páře,23872
purpurová,23873
alianci,22426
padli,8407
čajová,2943
recepty,13459
centralisticky,23874
mokrého,10251
mobilheimů,23875
tvrz,23643
pláště,9440
užívala,6571
zesílený,23876
excelence,23877
migrace,19929
ukládána,23878
silniční,10486
bazénům,5559
šen,23879
dna,16015
dámská,2689
mrazničkou,22080
výskytů,23880
vnitřku,18729
centrům,15196
odečtena,23881
basy,2296
akademickém,2442
marihuany,23882
blokují,12785
probojovala,23883
staly,1941
vešla,6557
specializovala,23884
peněžního,13868
získají,2291
špinavých,13322
uspořádaných,17696
schůzka,12022
vyráběny,20641
modlitebna,23885
náletu,12950
asteroidu,16094
naleznete,4771
příbuzenské,23886
příbuznými,4816
odvykání,23887
sopečné,10435
radkaja,23888
doběhla,9373
postaveny,4144
sedlo,10339
wattů,23889
botě,13995
čakry,23890
prodloužila,8787
dávala,8586
bylinné,4654
napíšeš,1402
oranžovou,19967
plnou,17689
vyráběly,7201
shořela,17708
stažena,23891
hotovostí,20991
latte,23892
zanikly,23826
plošná,5150
stromům,8322
arabské,3779
bliká,23531
orientačním,13526
přehlednou,7452
ladit,22517
radiostanice,23893
počkání,23894
bednu,16970
chrániče,23895
havarijní,23896
cigarety,20733
magistrále,23897
zabito,5472
ohroženi,6521
sebrali,7654
harmonizace,23869
ást,23898
skóre,23899
věnovaly,4589
das,23900
pořádanou,19976
lysé,23625
nárokem,14681
dražby,18690
akcii,16159
nástěnná,11196
stravného,23263
mání,23901
necháš,1822
čárkami,17264
evidenční,14729
mělké,11661
řidší,7852
krabici,21906
nevypadají,12208
hydraulické,3653
rozmístěných,22272
inhibice,23902
výpisem,18523
popraveno,11612
standardizace,23903
charakterizovány,7026
kapalného,4985
degustace,23904
zmínky,12660
mokra,23905
vosky,8852
manžeta,23906
nálepek,16223
navštivte,5234
začínaly,2299
stolové,23907
spojitá,22001
čekací,23908
ktoré,23909
sítěmi,9695
kovaná,23910
vajíček,14934
přechodná,7750
děla,1493
táhly,8668
podané,17593
computer,23911
uzavírané,23912
svazků,10532
podívej,8624
převedena,11793
oblouky,6715
navrhovány,1421
povolených,14806
chůzi,23913
zápisy,16347
pneumatika,14682
panty,23914
habsburské,23915
universitě,23916
vyhořela,17163
vzájemnou,17994
pejsky,2590
chápána,10031
abysme,23917
kuřáky,1710
nevztahují,23918
lednici,18087
vykonávané,23919
http,23920
rozsahu,18074
nečinnost,21453
udržují,9341
nadvládou,17379
žily,4204
vyložené,3491
nejak,23921
zůstanou,7272
náležitou,23922
objednána,4982
spokojených,1634
nabývají,16745
odpovídají,6832
odesíláme,13969
noky,23923
rozety,23924
zásilce,12937
mrazáku,17067
získáváte,6947
vysokými,10512
podpěry,23925
schránky,20642
oddílu,12452
tvarohu,11938
působícími,3846
sms,23926
vlastněné,18599
přístupová,8773
poukázek,23927
okolní,14128
užitnou,8332
kladky,23928
eroze,23929
rozdílná,8645
èíslo,23930
štítku,23931
výlety,12803
cost,23932
příkazové,23933
červeně,23934
plameni,16981
dluhové,23935
ring,10855
terária,23936
rekreačním,21382
lhůta,8414
podložce,19289
kontaktujte,10929
vráceno,3974
nevyžádané,23937
munulosti,23938
hybridy,20619
státnímu,10866
saské,2562
granátů,10964
znemožnit,21181
clo,23939
sou,23940
náplast,22445
výměnnými,12493
rašeliny,23941
víceúčelové,7326
koní,4762
prezentována,3408
strong,23942
zadečky,23943
chronicky,23944
přesměrováni,18556
polopenzi,19139
setkávání,23945
čelovky,21137
důvěrné,23946
pšeničného,22262
odstavení,23947
blan,23948
úpravny,23949
klenby,11888
podprsenka,16948
lahvi,23950
slevy,15223
výklopná,23951
rodokmenu,18970
poslaly,6643
náležitostech,13483
blikat,23531
zena,23952
neţ,23953
vitamínem,12374
zelenou,10893
cín,23954
rozeta,23955
školním,9362
nazývaného,16474
letopočtu,9464
herny,15049
měkké,5843
levněji,18510
neměla,2115
sahají,22672
kooperaci,22322
nepotřebné,7783
frekvenci,19664
pokrytí,17124
buňce,16863
polici,23956
podány,17593
sdružovat,18366
hořel,22273
vzácněji,11303
obývají,12988
ohřevem,23957
zeměkouli,11074
sjednocené,23958
fregata,17784
vidličky,20086
čerpadly,23959
bodù,23960
zakoupeno,4780
dávaly,8586
házenou,23412
granulí,23961
zdají,6262
rozložená,16237
tema,23962
lege,23963
juniory,23964
komunikují,9779
frézy,23965
naplňte,1818
záda,10455
majetky,15508
napospas,23966
děkanátu,23967
pexeso,23968
hodinové,3335
sníží,14263
jízdenka,19068
tvarově,23969
sterilní,23970
krabička,17388
měřená,8170
coffee,23971
třešní,17223
víčkem,18426
podvojné,17233
umístěnými,7093
směřovaly,12547
rozuměly,11551
meziročním,23972
udržovat,9341
nechutenství,23973
všestranně,23974
distanci,23975
vázání,23976
přivrácené,23977
letěli,13499
stupňová,23978
konfiguraci,23979
polední,23980
čínskou,954
webkamera,23981
přenášeny,23982
celkovými,16271
bird,23983
modrém,18950
vedená,6431
družstev,19019
markrabství,23984
zvaní,14204
pohlednici,19362
vrácené,23985
přeměněn,11070
nacházejících,22768
ohroženy,6521
extrakty,23986
ladění,8575
péra,18285
patøí,23987
činili,17283
měřeno,8170
plemenné,23988
poleva,23989
stálezelené,23990
víceletá,23991
umožňujících,17956
chlupaté,7746
sídlili,7073
rozvaděče,23992
vyrážky,22801
vykázala,10434
sandálky,23993
monitorovat,23333
inkoustu,9228
rámečkem,23994
kartáče,9744
označení,21982
disease,23995
mnohostranné,23996
krytých,12623
spalování,13194
ejhle,23997
female,23998
hebká,12700
doporučeně,2770
vypálit,19531
konsolidaci,20582
ryzosti,23999
cirkulaci,24000
bezplatná,19549
řádného,6084
motorovými,4383
diamantové,24001
punčocháče,24002
koťátka,24003
najetých,24004
stanovištích,23446
spadat,8459
obchodují,9591
sušších,7907
lípou,20865
zdanitelného,23866
teplotám,21607
použitelnost,21610
prohlubují,24005
kravaty,22182
potomstva,19021
jedovaté,7290
pohledy,11841
obousměrně,24006
šat,3210
přístrojová,24007
zralosti,14922
plavkové,24008
děkanství,24009
pln,17689
nepatrná,15606
pyramida,20531
protiprávně,24010
čechach,24011
chovů,24012
šedého,17047
srovnatelnou,18398
tlačítek,6437
povrchově,24013
those,24014
distribuovanou,24015
směna,11255
zdolali,13134
poznávání,24016
rozložené,16237
dekorem,24017
řízeno,2632
drahými,4382
ochrana,18823
pěknou,9665
hnízd,19689
poukazu,24018
hmotností,22176
vyúčtování,24019
vyšly,5729
stojanem,7763
sloupu,11040
rotunda,20227
vzduchového,8696
kování,24020
římské,1798
mokré,10251
řapíkaté,24021
záhadně,24022
vozového,13062
rozjela,24023
lyceum,24024
přešlo,13626
výjezdu,24025
geodézie,24026
zákaznickou,8936
šála,20712
proběhla,17041
vynaložených,17858
leskle,24027
zevní,24028
chůze,23913
blížit,15356
blogování,24029
nylonové,24030
žluté,18406
čističe,24031
rozkroku,24032
nedostupné,9816
posílali,12383
zlepší,17562
předloktí,24033
oborové,16431
domácímu,4126
vyprané,24034
používala,7967
lišt,14349
manko,24035
pastelky,24036
upálili,24037
jícnu,24038
náležité,23922
egyptské,1471
standartní,24039
vzorky,18957
magnetická,6954
zástrčka,23324
klanů,24040
opevněné,24041
stuhu,23411
vyhlášené,3769
against,24042
narozena,1158
radila,2844
bla,24043
předvolby,20618
vzdáleno,24044
pletená,24045
bílky,3119
srdíčko,3298
vyřízena,5461
mezerami,17769
pokračovala,3034
travnaté,14451
setin,24046
poskytují,11559
topologie,24047
nachlazení,24048
dvoukolově,24049
vypovězení,24050
řízené,15561
meziročně,24051
lokty,20306
peněženky,24052
celostátním,13141
zvětšovat,18763
pračce,10843
půjdeš,4153
popisná,8136
tem,6906
disky,4486
dostavěna,24053
všecky,20417
vajíčky,14934
doprovázená,4870
označených,9987
probudilo,8352
roztoče,24054
nesmyslně,24055
mailů,24056
ozvučnice,24057
vašim,4734
kyselou,3426
zpětvzetí,24058
vinutí,24059
táhla,8668
tlaky,14461
dlouhou,9451
lámání,24060
rozpoutala,24061
volejbale,10540
ukryta,5152
úplnì,24062
udržovali,9341
budes,24063
vyžadovány,3255
popisovala,1894
vyhrála,3559
poskytované,22417
kotoučové,22647
věrnou,3435
modliteb,15209
nepředstavují,2321
úbočí,24064
zmenší,19764
nukleotidů,24065
zrychluje,24066
vyžití,24067
titanové,24068
poškodily,13971
provádějte,24069
standardnímu,16308
vyhrávají,24070
tropy,24071
par,24072
souhlásky,10926
suma,13219
rány,21515
listovou,24073
příkonem,24074
čalounění,24075
hroznech,9442
neumožňují,24076
množině,12174
zavináč,24077
středn,24078
hojné,12835
slin,19960
doručené,24079
hladkým,17892
bití,24080
bláta,13910
řetězů,11887
necelou,24081
borůvek,21212
chudá,2324
můstky,15184
zobrazená,24082
obstrukce,24083
úročení,24084
usedlostí,16234
ignorování,24085
praskají,24086
zdvojnásobit,23827
takzvané,5703
lakování,24087
zastavovat,11349
podívala,8624
folií,24088
červené,15618
zničili,9886
slu,24089
plni,17689
navazovala,12430
polena,24090
pravidelné,9703
impregnace,24091
oddělenou,14828
miluse,24092
rauty,11403
navštěvovalo,5235
stavech,13629
sázek,18352
pořádaly,4588
nulové,19407
překročily,14706
klesnout,23151
nádob,14621
parou,24093
kontinentě,7299
vysokou,10512
prospěchem,17780
kolejové,24094
clanek,24095
wifi,24096
daňovou,3120
věst,24097
saldo,24098
konaných,15939
vyvýšené,24099
sýru,4333
kůl,24100
výtlak,24101
slezské,6896
clear,24102
poskytujících,15870
zaměřeným,10792
busem,24103
prodlouženým,14890
library,24104
královské,3420
narozených,1723
válcem,24105
chutnala,15440
aerobic,24106
pracovaly,1285
nezákonnou,24107
stříkání,24108
prospěchu,17780
pěší,20537
stolech,14252
dálky,24109
mýdlo,20643
budovám,9739
ret,14213
panství,23416
dekory,24110
pěnové,9233
otáčkami,24111
hadry,16845
nástavby,22707
nažky,20792
dochovala,24112
zanechali,6978
existovaly,6867
fitka,24113
sloužilo,11495
přezůvky,24114
platily,3462
přemístěny,7777
kvádrů,24115
těsněním,24116
řazené,24117
nevejdou,24118
mýdla,20643
šera,24119
suchá,7907
sóji,17472
každodenní,14319
schne,24120
poradně,18654
nasycení,24121
vystavené,10993
portugalské,817
pekárna,22681
zlatých,7850
maziva,24122
patřila,6185
rovnováze,17532
příbalovou,24123
krabice,21906
přihlásíte,2895
narozky,24124
poohlédnout,24125
stehno,21050
trestná,12041
odpovídajících,19756
podložka,19289
rezonanční,24126
procvičit,24127
číslo,15050
neprobíhá,12450
webovými,1654
příčné,5985
slepic,19064
volat,4484
výkonnostní,20286
jóga,24128
podkategorii,24129
bránily,6409
topidlo,24130
považovány,3588
umístěná,7093
sestřelů,24131
suti,24132
využita,11929
pohodlné,11981
nevyhovují,24133
praskání,24134
darovala,3145
odečtení,24135
výjezdů,24025
zmenšit,19764
tichá,7144
převodníky,24136
popsáno,13267
skrývání,24137
vybuchla,24138
answers,24139
smíšenou,6043
pdf,24140
takzvaným,5703
nabízené,13957
procenta,7355
mooc,24141
třmen,24142
membrán,20052
červenými,15618
smlouvami,11192
určeny,8240
doméně,24143
napojeny,14664
nerez,24144
rukavice,16591
uveřejněny,2732
zasazeny,1544
dosáhla,7977
kouřové,17272
výtisky,11047
uhlovodíků,24145
pokračovaly,3034
obohacená,4392
vyvěšení,24146
dohledu,15059
hrnku,10711
nízkému,16886
nepomohla,3041
testo,24147
bezlepkové,14498
parfemace,24148
modrého,18950
barevném,2853
elektronickém,8910
mněli,24149
startují,6378
rostl,14316
vystavují,7134
úhlová,24150
zahradnická,20490
pasivním,16494
inzerci,17718
registrace,20144
sic,24151
okresech,10394
jednotném,9446
chovu,22817
vnější,13640
přistýlce,12211
víčku,18426
provedeny,14987
shodném,13700
monitoring,20283
želé,24152
mapami,17164
horečka,19468
čajové,2943
kupovali,10671
vyhověno,24153
připomínaly,3292
vycházejících,9998
stoupání,20079
poranění,21597
kordem,24154
konsensu,16778
prahy,17216
bambus,24155
posledni,24156
potírání,24157
přistálo,11367
poledníku,24158
aglomerace,24159
vybaveny,7062
stolci,9602
dostáváte,6071
neustálému,9768
úmluvy,22295
stavení,24160
provedeném,14987
zobrazení,17539
vzetí,24161
rotoru,8074
latinu,18785
čínštině,24162
paketu,24163
krůt,24164
pum,24165
pojezdu,24166
vládám,2639
vlákniny,21773
otočné,24167
domům,10055
lazury,24168
vyhovovat,13816
features,24169
podsvícení,24170
váza,19118
umístěné,7093
padně,24171
účinného,11815
polstrované,24172
predátory,24173
absolvovalo,3262
hezky,24174
registrovaného,4786
vaky,16711
zkvalitnit,24175
zdivu,19129
hrazené,21884
klesají,15095
účinné,11815
rtů,14213
věži,13561
dtí,24176
ahojky,24177
fleky,16248
podhradí,24178
zachované,14291
potravinám,13379
neformálně,24179
přepadli,13670
udržitelnému,17723
vosku,8852
latinská,3879
krajskou,24180
kopulí,24181
transakce,17964
uživatelky,672
nehodnoceno,24182
chaty,15000
herně,15049
šroubky,24183
využilo,2125
kdož,3301
tržiště,22440
blatníku,8892
poražena,6770
surfování,24184
věncem,11372
bocích,15649
navrženy,5293
pry,24185
ocitly,4178
italštině,16926
bavorské,1821
kapes,11623
vykazuje,18965
stoletou,24186
čalouněné,24187
syntetické,8814
upravující,22628
průřezová,24188
žíly,22659
pečují,14769
strukturované,13702
dluhopisy,13462
vrátnice,24189
neustálém,9768
ložné,24190
linkách,14317
splátky,15311
geologicky,24191
kvetení,24192
molární,24193
čisté,15579
cedulky,24194
kladka,23928
zbavila,6584
emise,12897
obvodem,15995
mýdel,20643
zaútočili,11786
přiřazena,13822
soudržnost,23467
zpáteční,24195
klíčem,17619
vymezeném,17422
scan,24196
lhůty,8414
vnitřní,11385
zátěži,20385
tvořena,11726
pysky,24197
oliv,21837
vrhli,5349
pověřených,1094
diskové,17300
oslabené,24198
zářící,24199
zdobily,13668
filatelie,24200
rudy,18815
vyhřívaná,24201
upravených,13949
konzistenci,24202
snídaní,20123
srazit,15671
matrika,19205
výživě,15595
stravu,24203
reader,24204
výplatou,13674
pánev,24205
ventilátorů,4951
rozhledy,15455
die,24206
nejake,24207
tabulí,23829
buchtu,18689
misie,24208
částce,13363
modulem,24209
křivkou,24210
prášků,6771
jehla,20398
roucho,15723
sovy,23030
podnoží,13126
roztočů,24211
přistavěna,24212
tělocvična,17756
císařská,4714
nanovo,24213
lepku,8278
přehledné,7452
poškozování,24214
nakoupila,7605
užitečnost,24215
přezkoušení,24216
problemu,24217
nesvědčí,13109
nařídila,2584
lanem,24218
mizí,24219
rozkazu,10937
storna,24220
gratuluju,15912
sledovány,4629
bohatou,1942
přidělených,9131
umývání,24221
ionizujícího,24222
nenašla,3790
posláni,6643
vysušené,22305
grilu,17556
uší,14299
pneu,24223
jednotná,9446
vyprat,24224
vratné,23109
táhli,8668
střechou,6191
příkazového,23933
uzavřeném,8631
obklopují,10325
mio,24225
úchytem,24226
vládnoucích,13351
pojistnými,9895
spadnou,8459
strmě,24227
rozhraní,24228
nástroji,7798
pou,24229
mylná,12689
akceleraci,23125
buzení,24230
mocná,1685
hedvábí,24231
sešla,4833
munice,20551
zakončeny,6965
konzol,24232
vykazovat,18965
držav,24233
opustily,7049
fakturace,11220
nulou,13750
ref,24234
kamennými,13445
zahrádku,18829
atributu,24235
odeslaných,24236
regálu,22063
žloutenka,24237
nakoupili,7605
letům,24238
zásuvek,22039
zabijí,5857
vybíjení,24239
revertů,24240
modulech,24241
nomenklatury,24242
pokožky,20034
kancelářskou,3947
vahou,10471
přizpůsobují,17758
mokasíny,24243
prostudujte,17097
uchu,14299
policí,23956
míčky,19803
pruhem,14737
ponechala,4913
škrabka,24244
délka,12987
podatelny,23101
pouzdru,18825
zdarmaa,24245
adaptérů,7597
používaly,7967
marná,13078
čet,18208
každodennímu,14319
blokovat,12785
komfort,24246
takzvanou,5703
snídani,20123
pout,7909
nevedou,24247
ostrůvky,8078
árie,24248
upravují,13113
odeslána,24249
roční,14935
nepoužitelné,10834
extraktu,24250
fungujících,14539
sloupky,13951
použ,24251
závodním,13249
vybaveným,7062
všestranné,3399
vyspělou,3957
hradbou,19713
hlízy,24252
šířily,10757
nabízená,13957
spatne,24253
sedimentů,22670
okolním,14128
stupnice,24254
vrchovina,23795
cennou,6053
přátelském,4139
tvrze,23643
okamžitému,15560
vlajce,16464
balíčky,16819
řídce,24255
závěsné,15911
sdílela,7031
kované,24256
ústím,22406
hurá,24257
srážení,24258
taxonomii,24259
členěné,24260
revert,24261
špičce,16190
pumpu,22285
chalupy,13586
skříň,22765
lékařskou,3217
kóta,24262
odnímatelné,8741
děly,1493
full,24263
zbožnosti,24264
sloupech,11040
platných,13784
ehealth,24265
obloukem,6715
odpovídalo,6832
nacházejícího,22768
blíže,16579
kopci,15097
návody,6673
štětce,13097
výměry,21104
prohlubování,24266
teplém,2224
inge,24267
prodlouženo,8787
dodávána,24268
zařadily,4267
předány,20201
symetrická,7506
obnovena,5136
končila,5925
buňkami,16863
odpočtu,24269
položkami,17093
systematická,6611
smíru,20635
okružní,24270
měnícím,18571
nástěnku,24271
lehla,11110
sedle,21891
saténové,24272
nafta,21166
majetkové,7333
nežádoucími,14156
polštářů,14401
prádla,15944
spolehlivou,2283
klecí,24273
navštívily,5234
košťata,23188
dávnou,1960
protáhla,9693
dostávám,6071
portal,24274
autu,14753
mšice,24275
neprojeví,1703
questy,24276
hodnì,24277
feb,24278
myček,12462
převedeny,11793
přežili,10226
letáky,14944
čili,24279
používajících,7910
přejete,24280
kurty,18843
plnost,24281
arabskými,3779
vládnou,4283
desátky,24282
řádné,6084
nevyužila,2125
tvrzi,23643
complete,24283
rostlo,14316
dobrot,14923
výšivkou,24284
manikúru,24285
uspokojování,24286
snow,24287
naslouchání,8551
uherská,2779
matrix,24288
usilovala,3726
vyplněným,9713
nosili,6172
řetězem,24289
zepředu,24290
neliší,12774
vcera,24291
kukla,24292
girls,24293
trefila,3787
skills,24294
zůstala,7272
borovice,14210
dlouhému,9451
brožur,24295
pomluvy,24296
polního,16385
středomořské,24297
exponenciální,24298
žehlící,24299
ubytovani,24300
jdoucích,22396
zneužít,8406
bug,24301
komponenta,24302
pákou,19813
hlásilo,3259
závity,22944
jádře,15290
starou,1982
racku,24303
nádrži,16120
fot,24304
bowling,24305
torpéda,19275
dojdete,5839
dražbách,18690
vypuštěna,24306
převahy,13902
neodolala,19053
ahoj,24307
neoprávněného,2914
svíčka,11567
kouřem,24308
hemžilo,24309
kiwi,24310
nejkratším,2882
zásuvka,22039
distribuovány,15937
bambusové,24311
complex,24312
jem,24313
záložku,24314
běžecká,24315
membránou,20052
cholesterolu,23032
zaniká,23826
tlumiče,24316
ujetých,24317
pronásledováni,7761
oddíly,12452
vyhlídkové,13505
kryté,12623
zbroj,21879
škály,14013
celistvost,24318
hnědým,11261
dramma,24319
plátěné,23110
skútru,24320
pročištění,24321
zpřístupněny,10981
pralinky,24322
sušenek,23492
vleku,8419
dědičnou,5264
klasifikovány,9723
standardizaci,24323
ukrytá,13689
tkáni,15199
střel,18500
nacházíte,14091
košíků,24324
ohroženo,6521
pára,14530
pečeti,21931
sky,24325
toliko,24326
osvobozeni,19662
lucerna,24327
oleje,7106
povýšena,6566
širokému,9844
loďstvo,12362
jasem,12517
poslouchala,8627
ztrácela,11552
sepnutí,24328
držené,24329
bistro,24330
atd,24331
plemena,18378
olověné,15229
potlačují,24332
započítávají,13802
nalezených,9650
vzroste,13693
spokojeného,1634
variantě,6114
bandáže,24333
tuhou,24334
zastavili,11349
mazlení,24335
posuzována,24336
dvojitě,24337
maximálně,24338
patre,24339
poštovního,19876
odpovídaly,6832
čipové,24340
neon,24341
stroji,3288
hustých,6754
hrady,10809
výškách,16331
programovatelné,16874
udržovaném,16516
bity,18157
odvozena,4738
pohodlnou,11981
mit,24342
přenášena,24343
površích,10889
tvých,7842
zaměřeny,10792
ohnisku,10907
připisována,5695
hodnoceny,6011
platinové,22511
pravidelne,6311
vrtáků,6836
anonymního,15873
rubrikách,16920
biopotraviny,24344
paragrafy,11885
podkovy,24345
odkládací,24346
neřešila,24347
středními,10749
nylonu,21714
error,24348
jednotlivou,1628
teleskopickou,5329
areály,5989
vyučovalo,2499
ves,12015
uzavřeným,8631
ukončilo,12163
tisíci,15319
vyšší,10512
činily,17283
zahřívání,24349
testována,4452
synu,322
bezpečnému,3185
field,24350
kvuli,24351
nema,24352
porad,11378
ovoci,17365
velikostně,19029
mazat,16489
zakončená,6965
cnc,24353
cvočky,24354
napiš,1402
zárubní,21654
naftové,24355
ohrožují,12157
tropická,11308
pěstičky,24356
hory,7509
fleků,16248
měs,24357
sáně,15287
malinké,8320
oicialni,24358
nestačila,5025
rozšířeného,16508
nenošené,24359
vozovkou,15736
upraveném,13949
basu,2296
karbon,24360
přílohou,11799
indikátory,7928
výstupky,24361
hebrejštině,24362
neskončila,6860
jiz,24363
troše,17876
magnitudy,24364
kolíčky,24365
easy,24366
doplňovány,2737
chromozomů,18150
uličkou,15774
obvodu,15995
kompatibility,24367
alejí,22023
sklady,11754
přírodovědná,24368
upevnění,24369
kartám,11093
podporováno,3739
neztratila,7766
modu,24370
klesne,23151
podprsenek,16948
datuje,22486
připojištění,24371
mohyly,24372
kola,19396
vydaném,13433
konektorem,24373
svítivost,24374
koupele,16925
tapety,19199
únorové,22424
regály,22063
plátků,15336
gumičkou,24375
hustotou,15443
krčku,24376
nahrazování,17666
odebrali,13051
vloupání,24377
útočili,16722
sloužili,11495
dietě,16275
odděleny,7600
jednotě,19327
spa,24378
konstruované,24379
vypálili,19531
pohodlným,11981
popravených,9577
ubytované,24380
skále,12443
písty,24381
celými,3194
zdobené,20737
solária,22787
rozkládala,13184
dvouhra,24382
pastviny,20224
blogy,24383
úlu,24384
hedvábně,24385
hodnoceno,6011
užitku,20770
zlepšit,17562
třpytivé,24386
manžetou,24387
bronzové,6476
transparentním,23150
jmenné,24388
horečku,19468
husity,24389
doplněno,528
stravovat,24390
vzájemně,24391
hlášeno,3259
kulatých,19609
velikonoční,12532
dostávala,6071
bříza,21304
používané,11228
nákupy,12486
polévková,8431
zvýší,18465
subprovincie,24392
háky,8898
tretry,22030
tez,24393
krajkou,21481
obývající,12988
vysvědčení,24394
extra,24395
oddělená,14828
vzrostla,13693
vyhotovená,24396
připadly,14414
denní,11906
msta,24397
oddělenými,14828
hotfix,24398
debetní,24399
zorné,20362
magnetickou,6954
zahrnovala,16586
rudé,9387
publikována,7908
hrudi,19732
obsažena,5220
ovčího,18490
nohavic,17552
vápna,12837
cizoložství,24400
prohlédnutí,24401
san,24402
cestovné,24403
nainstalována,6345
slevami,15223
běžně,24404
bottom,24405
přiřazeny,13822
quo,24406
zápěstí,24407
tetu,3809
mzdě,10030
nahradila,6370
rohové,16053
šedém,17047
tachometru,22869
stupnici,24254
znázorněna,17836
navržena,5293
královská,3420
běhají,24408
sedcard,24409
tyčí,17064
kožené,14567
vzájemnému,17994
vyhrazeno,11058
použij,1688
poraženi,7214
doručeny,24410
zdvihu,24411
dosahovat,13601
lichá,14178
líné,4148
startujících,24412
blízkém,5530
čarou,16917
kantonů,21985
zapnuté,24413
zahrádce,18829
pokrývky,24414
malwaru,20788
pájení,24415
zeleným,10893
věnců,11372
zaútočila,11786
poskytnuty,12522
smart,24416
řemenů,24417
husté,6754
provozují,9915
sdílená,16357
planetě,11508
postoupily,5122
pruské,1927
obnova,13105
oděvy,8733
štěňátka,24418
bradavice,24419
gelové,24420
pupínky,24421
systemy,24422
usnesení,23599
upgradu,24423
bránění,24424
řazeny,24425
golfky,24426
monarchií,14189
zelení,10893
èas,24427
pruská,1927
klubovny,19905
currendo,24428
zapsaných,5735
bezproblémové,6086
velikostní,24429
heart,24430
překrývají,24431
nakupujte,12464
vzad,24432
kuličková,24433
poliklinikou,20024
stížností,18486
turecky,24434
patřily,6185
palcích,14268
peněženka,24052
dobyta,8587
systémům,4308
limitu,7900
dvouděložných,24435
moči,24436
disková,24437
turistiku,17493
vlhké,15088
příbytek,24438
bomb,13391
popelnice,19809
metalurgie,24439
zbarvení,23337
prahem,24440
loukami,21499
larev,12496
dole,5853
nýty,24441
vajíčka,14934
poroste,19012
delšími,9451
ide,24442
převodů,8300
skořápky,24443
startovala,6378
zpravy,24444
stávajícími,10829
vláknová,24445
nejnižší,16886
jednolůžka,23029
mincí,16278
vyztužené,24446
bezpečném,3185
chvili,24447
příkazy,16372
vestavné,24448
diference,11579
pronájmy,18376
teplá,2224
garáže,14286
posílání,12383
držely,6363
opravena,4062
dávné,1960
odnímatelným,8741
nezůstala,7272
local,24449
pokročilou,7284
louku,21499
kontaktují,11482
arcidiecézi,24450
služebním,16368
chutnají,15440
iontové,24451
patou,17179
průduchy,24452
úchytů,24453
zdolání,24454
nemocným,1030
březosti,24455
krys,17182
poplatníky,1394
kosmetice,21341
opotřebení,24456
oválu,24457
mou,1595
okresním,14172
biodiverzity,24458
užívané,13595
odlišení,24459
zašlete,24460
stálé,1883
zaměřovala,5852
procedur,18177
výškou,16331
bývaly,10177
tóma,24461
prokazatelně,24462
nadmořská,17278
průměrem,14845
poutkem,24463
zaručené,9912
zónou,10213
multifunkčním,17869
osvobozena,19662
flex,24464
členském,7255
pocházelo,3740
společnému,4712
nav,24465
indikaci,24466
tvářenky,22572
cestám,13310
doporučena,2770
zodpovězených,24467
víku,22533
přibližují,3704
čluny,5468
autentizace,24468
tabulkové,15754
blížícím,21898
kosmetika,21341
tíži,24469
ukazatele,11821
zájmovém,12465
zájmová,12465
sníženým,20293
přizpůsobeny,5101
dražbě,18690
zhoršují,18606
nou,24470
braní,24471
emailové,24472
class,24473
neustálé,9768
míčku,24474
ložisky,21089
kružnice,24475
šroubovací,24476
linkami,14317
poskytnutá,12522
žehlení,24477
obklopena,15968
táboření,24478
vojenství,24479
bulletin,24480
měničů,24481
pneumatiky,14682
snižující,24482
zátěže,20385
královským,3420
sázky,18352
mramorové,24483
mírně,24484
šupinami,24485
třmenu,24486
nesly,5677
vláknina,21773
sena,4307
udržované,16516
rozšířená,16508
ztratili,7766
minimis,24487
linuxové,24488
hodinovou,3335
pigmentů,24489
chemicky,24490
segmentů,5477
kortikoidy,24491
zbavena,6584
nezdravé,24492
cihel,20003
protiponorkové,24493
maximálního,20427
jehličky,24494
odběry,11994
obcházení,24495
pokrytá,10728
radiační,24496
pevném,3521
vyjeli,9264
svorky,23201
špionáž,15203
plechovce,15189
upadla,14884
porostu,19012
max,24497
žákovské,18959
odolávají,17001
ústupu,16162
spravovat,14490
honu,23161
zvoleny,1334
hrnečky,24498
koních,4762
haldy,24499
dálkovou,8582
vzdálena,10924
ulehčit,19025
monitory,12188
ping,24500
vyvážená,7598
pojišťovnami,15179
mas,20437
válci,8253
voní,24501
oběžné,21957
bábovku,19853
šípy,15217
narozeni,1158
ležely,7703
roz,24502
nahradily,6370
svorek,23201
vyhněte,9280
âástka,24503
zapsány,2885
kapkou,15152
dostupné,9816
prac,19413
zapisování,12789
hloubkově,5821
zbourána,13497
předpokládaném,4926
podávání,13953
nevoní,24501
kriminalitě,19412
lžíce,18231
plameny,16981
prospekty,24504
nominální,24505
linuxu,24506
poličky,21148
akvarijní,24507
skříní,22765
ohrožujících,23251
electronic,24508
url,24509
zdobena,13668
datování,22486
stájí,12772
blízka,24510
koni,4762
hotovostní,24511
plná,17689
kultivarů,21149
čímkoliv,13354
nedovolené,15046
vykořisťování,24512
sušší,7907
zařazovány,6527
deodoranty,24513
jaki,24514
nejsou,2244
ozdob,9546
jakémsi,2196
půd,7274
zateplené,24515
větš,24516
fakultativní,24517
zvýšeného,21001
známkou,18608
sdílej,7031
adresou,18099
stolů,14252
faru,24518
jest,2244
třecí,24519
snadnějšího,15849
mini,24520
nalezla,4771
začlo,24521
zvýšeným,21001
hole,24522
las,24523
podsvícená,24524
albumy,24525
miliardy,20304
identifikovány,4704
hebké,12700
odinstalovat,24526
dolního,11944
odpočtem,24527
propojené,9892
bojujících,11354
udržovala,9341
římskou,1798
šitá,24528
pojízdná,24529
výběžku,24530
přísl,24531
paletě,18257
povolila,3649
vyčíslena,10281
pánevního,21929
regulátory,2729
nadstavba,24532
kostkou,14881
měkkými,5843
rasou,13976
žilky,24533
vrchem,24534
mandáty,8003
rezistence,24535
zemská,2464
vyhovovaly,13816
nahlášení,11549
provoní,24536
nepřesáhne,24537
tónovaná,24538
did,24539
potopena,10796
návštěv,8850
léze,24540
stříkačku,24541
spínacích,24542
kúra,20575
testovány,4452
nenacházejí,24543
splatné,12616
nařízena,2584
parčíku,24544
růžové,15073
vlákna,20088
dásně,21681
pred,24545
vyplaceno,24546
kloubní,24547
flag,24548
házení,24549
komentářů,5783
pump,22285
izolovaná,12600
sloučeny,10307
beim,24550
rohů,18463
manuály,24551
dolině,20822
ustálila,23213
klesajícím,21363
nedaly,4122
výsadou,17400
sloučeno,10307
moč,12771
vaječné,4756
ječmene,7224
povolenou,14806
vřesoviště,24552
doplněny,14044
oznámení,9192
barevná,2853
zdravější,13749
komfortu,24553
zvětšením,18763
paticí,24554
okraje,10713
jsu,24555
selské,14716
šipkou,13980
stráň,21702
pánví,24205
jelena,11424
umožňovala,10858
movité,18296
kožíškem,24556
nazvala,6484
teple,16562
doteky,8810
zvýšenou,21001
lázně,20247
strojově,24557
otevřené,8688
dovezené,24558
biskupského,8786
arabštině,15520
lit,24559
koupené,7804
položeným,9777
tisícům,15319
býti,2244
označeni,3544
močové,6403
stélky,24560
výztuže,24561
mířila,5262
activity,24562
konektoru,24563
oslabenou,13578
kvetoucí,24564
využíváte,8768
tri,24565
devětkrát,24566
farmu,18077
nechodila,5309
svoz,24567
oddílů,12452
hlásku,18291
prohlížečem,5096
luštění,24568
farností,18334
položka,17093
převaha,13902
regrese,24569
jehličkové,17473
klesala,15095
vzájemného,17994
samolepky,23214
herna,15049
škrabky,24244
crostini,24570
nebývají,10177
vzdálenosti,16729
rozšíří,11832
receptu,24571
nařízeno,24572
skripta,24573
vymazat,24574
měsíčním,15966
ovulace,24575
zavřená,14668
pokuta,11325
žetony,24576
via,24577
dalekého,16693
down,24578
aktivace,23610
kryty,24579
rozuměj,11551
trakce,24580
rubrik,16920
opraveny,4062
využitelnost,24581
oxidace,24582
vyhlášena,3769
procvičí,24127
síto,18850
nonstop,24583
masti,24584
zaměřeno,10792
trampolínu,24585
potoku,2535
zasahovala,6918
bavlnou,16131
zajišťujících,12269
slo,24586
mažu,22709
tlumičů,24587
regulovaném,15530
přípustná,8827
pověřenou,1094
nefungovala,5890
stavění,12093
dáli,24588
míčkem,24589
línat,24590
globálnímu,13102
spony,18767
rozpouštědel,24591
koly,19396
nářadím,23836
pusy,18439
byzantské,3232
pocasi,24592
modrým,18950
peněženku,24052
zkracují,24593
severovýchodním,20196
paketů,24594
snížené,20293
sultána,983
opěrné,24595
ověřená,10244
balíčku,16819
povolena,14806
koncovému,4056
širokými,9844
kombinované,6062
vysokému,10512
opalování,24596
nápisy,12420
eshopu,24597
poukázky,23927
pojistnou,9895
mop,24598
školení,15464
šálku,11002
přes,24599
degli,24600
řetězy,11887
jistému,1019
opatřeny,19865
combo,24601
vyzvednutí,24602
kronice,24603
nástavcem,24604
zastarale,24605
prosperita,15916
zajišťována,24606
palečky,24607
homologace,21811
výpisu,18523
stromové,24608
nenahrazuje,24609
letého,2726
skola,24610
butt,24611
erb,24612
proužků,24613
zanechávají,14605
úzká,8704
nazdar,24614
diagnostika,24615
konkávní,24616
plemen,18378
filter,24617
obsažená,5220
činky,23084
úrovní,17238
money,24618
upadá,24619
členské,7255
law,24620
desktopu,24621
peněžitá,24622
telekomunikace,8255
absolutním,19770
přinášela,10906
palce,14268
bandáž,24623
eines,24624
řízeny,15561
mir,24625
grafit,24626
prdel,22557
elektrická,5107
pokryty,10728
projížďku,19777
pěstovány,4867
konvergence,24627
bezproblémově,24628
zlatá,7850
arabsky,24629
pomerančové,5603
zaregistrováno,3635
jedeš,24630
olejová,3114
konzervaci,19577
attached,24631
kbit,24632
trampolíny,24585
zápise,16347
spisová,24633
budíku,18531
mat,24634
dělené,18851
obecném,6314
zlepšili,17562
stojánku,24635
generují,24636
chemikálií,23085
obligátní,24637
membrány,20052
informujte,2151
bodu,16355
poly,24638
připojují,10966
svedena,24639
přilnavost,24640
mikrovlákno,24641
příloh,11799
gamy,24642
zvětšená,20290
váhou,10471
klacky,21046
šířka,12709
zespodu,24643
vyhrají,3559
biologii,16306
deníčky,24644
kraťásky,24645
antice,15908
pakety,24646
rase,13976
plachtění,14779
mamce,24647
benzínová,3636
věcičky,24648
ježdění,24649
správcovská,24650
zvětšení,24651
dìtí,24652
očištění,24653
editačním,24654
skříňce,18696
minerálu,24655
poradnu,18654
pšeničné,22262
silver,24656
hus,20691
gubernie,24657
zdění,24658
doloženo,6410
obuví,20339
atlas,24659
kytky,19333
laloky,24660
trocha,17876
letem,24661
vlhkou,15088
prenájmy,24662
údolí,18322
výdaji,12243
other,24663
fontů,24664
maily,24665
chráněni,10451
metly,23580
dostanu,3965
kolenům,17230
rodokmeni,24666
sinus,24667
diskety,24668
kolečky,11659
odeslány,24669
kuželek,24670
gumu,24671
och,24672
vyměnitelné,24673
disponibilních,24674
omezena,11357
análu,24675
view,24676
krytým,12623
vítej,4773
cizímu,10547
sweet,24677
procvičování,24678
magenta,24679
sudy,14433
ubránit,24680
ověřených,10244
chatě,15000
vybavená,7062
písmenka,24681
plněné,11505
označují,12391
kolu,19396
plísním,23804
založených,10853
nekde,24682
periferní,20295
podpatek,23871
zamezení,24683
odstavit,24684
zahájeném,9579
výplatní,24685
brožury,23434
zachovalá,12474
vozovna,24686
zásuvce,22039
inkontinence,24687
oddělila,7600
soupeří,22735
coal,24688
založeno,10853
přepínače,24689
mokrou,10251
vydaná,13433
evidence,17831
kosticí,24690
malta,24691
tvého,7842
oddílem,12452
jednotkové,24692
zadečku,24693
šněrování,24694
nacházelo,14091
dodána,15797
přesunuly,6976
stoupl,18601
plísní,23804
peněžité,24695
zajištěna,4865
ostřice,24696
pravidelném,9703
dochovaly,24697
úplaty,24698
agregace,24699
činit,17283
žalob,8115
viditelná,6622
příbalové,24700
viditelnosti,23506
bezpečí,24701
útesy,22386
vouchery,17455
diagnostice,24702
čile,24703
rozšířen,16508
prodala,5686
osazeny,8644
většímu,5075
dvojlůžkem,17843
slezská,6896
spuštěných,11404
síťka,24704
spektru,18462
popsána,1353
pravidelná,9703
purpurové,23873
hnacích,24705
novověku,24706
fialovou,20502
vyvíjena,11061
mžiku,24707
prudce,24708
zesílení,24709
tyčinkami,24710
vápenců,7979
tuhé,6099
abys,15085
známka,18608
garantované,24711
vsechno,24712
příbuznou,4816
absolvovaly,3262
švihadlo,24713
levelu,24714
běžecké,7433
zlepšily,17562
kočce,6224
krku,21582
rekreace,24715
zátěží,20385
provozovny,21483
buněčnou,17251
posílají,12383
závaží,24716
uchránit,24717
zachovaná,14291
neupravené,24718
vonět,24501
buxusy,24719
kila,21026
keramickou,7748
užívalo,24720
řetězu,11887
zmizely,8257
dev,24721
standardními,16308
words,24722
směrovače,24723
vrších,24724
poutka,24725
biskupská,8786
vystavila,7195
přátelská,4139
neomezeně,24726
topinek,23519
flexi,24727
dlouhém,9451
závodění,24728
kou,24729
požadována,2005
pořádány,4588
zvonění,24730
kvašení,24731
zpětné,9951
arabština,15520
sloužila,11495
propadla,15570
podrobeny,5934
letka,22037
mobile,11448
prkénka,24732
informována,2745
zachránila,6819
depo,24733
stoupala,22432
loukách,21499
vašeho,4734
fototapety,18726
oáza,22151
sluníčku,11515
mřížce,19569
dílné,24734
vzdelání,24735
boxů,13269
modrou,18950
připojených,10559
vašimi,4734
pokryta,24736
přístupovou,8773
očištěné,24737
nevyskytují,18188
nízkými,16886
zdaňovacím,24738
obvodech,15995
obranyschopnost,23242
kyselinami,14783
vypnuta,7200
hubu,24739
druhe,24740
obtěžování,24741
dolina,20822
pečení,20240
polevou,24742
knihtisku,24743
radiové,24744
univerzálním,16439
přivolání,4279
odpovídajícími,19756
pozastavena,4258
uspokojovat,11105
zmenšila,19764
pouzdře,18825
identické,13859
deficitu,12425
cze,24745
prohlédli,7658
rozpadají,16621
atp,24746
linkové,24747
sklíčidlo,24748
nezahrnují,16586
úhrad,24749
zapsaným,24750
šatní,24751
poskytovaly,11559
propojena,13639
doručovat,24752
dostupnou,9816
rytí,24753
těsnění,24754
grilování,24755
realitky,24756
žaludu,16756
mosaz,24757
protokoly,16502
navštěvujete,5235
padání,6080
míče,15065
dvousetovém,24758
přehledy,13898
sestoupily,11955
mph,24759
vyhovují,13816
procvičovat,24127
vycházka,21855
vyráběné,20641
zašlou,24760
dosáhly,7977
dutá,15735
soklu,19697
pošta,22428
www,24761
zdravému,13749
vyšlechtěna,24762
leštěného,24763
předána,20201
tyčinky,24710
takzvaná,5703
vypršení,24764
keramická,7748
kozu,19033
vidlice,24765
zahrnula,4835
pleť,20062
ukaž,1984
balená,24766
jednostranné,14365
rozšířeným,16508
proběhnou,17041
sušení,24767
nazvané,15900
rozmístěné,24768
obědy,13068
ochranná,2275
listeny,24769
posilování,24770
účtům,9374
starými,1982
eshopy,24771
diky,24772
klubovně,19905
úzkou,8704
poslána,6643
nepřesahuje,23234
mrknu,21698
otěru,24773
fit,24774
kosticemi,24775
přestala,8065
dóza,24776
distance,24777
razie,24778
zobáku,12339
pětku,10588
kteroukoli,2274
naložené,21638
kluzáku,24779
čistá,15579
smetany,6709
nepřáteli,1602
košer,24780
vsem,24781
rozvahy,10036
papírová,3372
tlakoměry,24782
uje,24783
patní,24784
týkajícím,13765
polštáři,14401
korunky,17998
nutričně,24785
ban,24786
tarifní,24787
provozovány,9915
květináče,21131
miliard,20304
podíváte,8624
sadu,20748
nezměnily,7185
litá,24788
tarify,14666
přírubou,24789
prohlášeno,468
sušičce,20043
zahlédla,24790
vydaly,3761
plínky,24791
zkonfiskován,24792
vycházková,24793
můžes,24794
stromořadí,24795
vzd,24796
vrstvě,14029
namazat,22709
put,24797
vyzkoušení,24798
přirážky,24799
přistane,11367
přírodě,10708
zuby,13196
odebrat,13051
nezahrnuje,16586
alpském,3803
vek,24800
akvárium,20973
frakci,21053
sahající,22672
ligovou,1961
náhradě,14653
zvýhodněných,24801
flotile,24802
kaštany,21394
držby,24803
kolem,24804
rovince,24805
images,24806
hojení,22655
základnou,18585
určenými,8240
povlaky,12403
mými,1595
výhodně,24807
serva,24808
barvené,24809
praváky,24810
displeje,12847
obecního,19525
javoru,12118
vse,24811
myšky,20141
lahviček,24812
rozšiřující,24813
přežilo,10226
dcl,24814
pojistným,9895
pochvě,24815
postranním,13548
projdete,4577
hrnce,15026
klesla,23151
vrácena,20565
vzdálené,10924
roven,13257
zhoršit,20275
pěším,20537
výr,24816
splývají,19187
věrnostní,15967
trhlin,16570
mezistátním,19702
ustupují,13742
přepážka,17503
totožná,10510
tekutá,9274
odešly,3793
cyrilice,24817
zbavená,7152
news,24818
vedeni,24819
nerozhodně,4493
taje,24820
filiální,24821
ústředny,10014
pusté,18046
textílie,24822
docházku,23863
včelího,14334
kamsi,24823
vyhledávání,14027
okraji,10713
lavice,19175
husy,20691
spr,24824
ocitla,4178
traťové,24825
majetků,15508
středověkou,2264
běžnými,7726
šetrnou,16119
ukazovala,4909
chemická,3738
shopping,24826
ocitají,12879
keramiku,21807
valem,8149
ových,24827
lázni,20247
obydlí,24828
tarifu,24829
vevnitř,24830
rýma,16572
uacute,24831
diskusia,24832
nařízení,16975
sat,24833
kružnici,24475
sestaveny,13516
chodíš,5309
ozubení,24834
značení,24835
krémy,24836
poště,22428
nabízeným,13957
rohož,22216
demonstrovalo,6940
předmětům,6026
paragrafů,11885
řešena,7835
rovné,13257
rozpínání,24837
fitness,24838
pase,16069
bronzová,6476
topidla,24130
rozšířilo,11832
misek,20996
modrými,18950
stř,24839
mastné,9474
lodím,13422
komfortní,23360
výběh,16770
oběžná,21957
smlouvám,11192
tvarohové,24840
drápky,24841
nabízela,7128
popraskané,24842
písková,24843
výbava,20049
kem,24844
kolonce,24845
vyjdou,5729
číslic,19130
hlavici,19990
stat,24846
mém,1595
bráně,16327
pokrývají,18694
osídlena,24847
krupobití,24848
zjistíš,3606
autům,14753
piknik,24849
dožívají,24850
zřízených,11437
ovou,24851
raketu,21252
diskutována,3122
hřebeni,15015
neprodává,12324
vandalismu,24852
trestání,24853
key,24854
googlu,24855
hutnictví,24856
užívaly,6571
topy,24857
patka,24858
ruzne,24859
links,24860
jely,6284
krupobitím,24848
opatřené,19865
pelety,24861
pokutě,11325
clubu,24862
římskými,1798
říčce,10153
spreji,24863
hladší,17892
klientské,16908
sádla,17107
nepoškozené,9277
vytáhla,5730
muzes,24864
inventáře,24865
účtována,6597
pojištěnce,6214
užitečnosti,24215
zvýhodněné,24801
podšité,24866
desktopové,24867
netu,24868
užším,8704
přiléhají,24869
vom,24870
testery,24871
odznaku,24872
nízký,16886
diverzity,24873
genové,24874
nahlédnutí,24875
pneumatice,14682
rukojeti,16517
emailová,24876
preparáty,4841
odhadována,6864
nepříteli,1602
pojistném,24877
sim,24878
ohm,24879
vrátíte,3974
svíčková,16380
podporované,4890
utkala,16081
vápno,12837
raketě,21252
registrována,11743
sušičky,20043
dříví,24880
využíváno,16058
rovnoměrné,13895
neodpovídají,6832
rozumnou,1890
využívaly,8768
groše,24881
sladěné,24882
nespadá,24883
neobejdou,24884
ležících,18307
krabičce,17388
novějším,1377
ohraničena,17109
zlepšují,21140
rozumějí,11551
okt,24885
schránce,20642
prodávala,12324
družstvu,19019
pluky,24886
php,24887
dobì,24888
přešli,13626
ovládána,4265
relé,24889
modře,24890
navi,24891
spotřebovat,10245
okolo,24892
rychlé,13111
obvodě,15995
stehů,24893
zaregistrována,3743
blokování,24894
polem,18595
pedikúra,24895
brno,24896
skříni,22765
ethernet,24897
vyhrály,3559
pekáče,24898
výztuží,24899
špičaté,24900
zubů,13196
kněžské,24901
maximálním,20427
tření,24902
ustoupila,9660
valign,24903
hrdle,23503
zabezpečené,16453
nástavci,24904
zdvojené,24905
žlutozelené,24906
room,24907
srdíčka,20567
sahá,22672
rašeliniště,22430
ubytovány,8216
převýšením,24908
plenky,24909
daj,24910
rozšířili,11832
výnosem,9317
hlídek,15107
zaměřená,10792
mobility,24911
chodidlo,24912
hasičská,11695
blokace,24913
evidovaných,24914
skus,24915
odiv,24916
uplatňována,3548
obklopená,4034
hrdlem,23503
označované,5376
jehličí,24917
vyuţití,24918
dostaly,3965
pom,24919
širokou,9844
stříbrná,6827
izolované,12600
ných,24920
donesla,7317
radiátory,24921
tlačítky,6437
dálkově,24922
aplikacím,14191
vaší,4734
prsy,18251
bez,10420
obnoveny,5136
kožovité,24923
celulitidy,24924
zmiňovány,4655
diesely,24925
nezapsaná,24926
jízd,9118
výplata,13674
sdružených,24927
sestupněod,24928
omalovánky,24929
dresů,10443
gelová,24930
generátory,5458
zůstaly,7272
nížiny,18783
běžnému,7726
pedálu,24931
pružin,18577
ověřeny,7404
jedovatých,7290
uplatněny,24932
přizpůsobené,13172
synodu,24933
smrdí,24934
rozkazy,10937
měkkost,24935
porovnání,24936
neexistovaly,6867
pustá,18046
rozptýlené,16645
vedenými,6431
pokojová,13171
máš,2115
jeans,24937
kopečku,24938
uspořádané,17696
hrozeb,12368
koulí,24939
mingské,24940
sbíhají,24941
ušetříte,12526
vzlétly,24942
drobky,24943
palice,21172
kryptografie,24944
vyčleněny,24945
jádra,15290
rostoucí,24946
rukojetí,16517
upravená,13949
objednávání,4087
trusu,24947
přešla,13626
vystaveny,10993
ová,24948
černě,24949
přihrádka,24950
společenstev,19583
vedeny,6431
ucha,14299
díře,11221
neobejdete,11015
madla,17402
návrší,24951
vydáván,17068
ohraničené,10965
safety,24952
využívaná,16058
kyvné,24953
nedalekém,16693
notifikace,24954
bít,15672
poskytnuta,12522
ležícím,24955
app,24956
vazby,8689
palbě,10337
udržení,24957
balzámy,13493
paletka,24958
sešitů,21360
reset,24959
pryž,24960
označovali,12391
mobilitu,24961
mojí,1595
němčina,13587
trampolíně,24585
telefonování,24962
spravován,14490
střetly,24963
konektivitu,24964
lně,24965
učivu,13059
maličká,10446
pomazánka,23410
sira,3907
duplicitní,24966
kombinovaná,24967
samic,1909
ahojte,24968
nasycené,24121
odhlášení,24969
uhlíky,8318
koukla,18232
přílohy,11799
konektivity,24970
dvojité,5891
tvářenka,22572
šedým,17047
získej,2291
přizpůsobena,5101
nerostou,24971
sadách,20748
datová,3527
common,24972
statkem,15644
skin,24973
oddělena,14828
und,24974
ručníky,9038
budky,21606
rep,24975
klesl,23151
konali,8004
vlhká,15088
denním,11906
přenesla,6481
nordic,24976
obojky,18112
kasárna,13501
roky,10334
pojištěných,6214
niklu,17681
hladká,17892
štítem,18986
zvětší,18763
zasunutí,24977
vystavena,10993
čipovou,24978
upečení,24979
najet,14900
brnění,24980
nacházejí,14091
cizinou,14098
přihlášeno,2895
čepelí,24981
pocet,24982
čepů,24983
doloženy,4306
oproti,24984
zvl,24985
nefungují,5890
jmelí,24986
košů,23092
střetla,24987
nikotinu,24988
příbuznému,4816
patchwork,24989
zapsané,5735
vozidlu,24990
gripy,24991
přejmenovala,8392
alarmy,24992
insolvence,24993
svazky,10532
převyšují,21991
vyplacených,24546
value,24994
peptidy,24995
svolání,24996
primárním,11767
terče,16660
stejnosměrné,9936
umožňujícím,17956
sérum,23488
dates,24997
des,24998
stopkou,24999
vrstvené,20338
automobilní,25000
konecne,25001
přívěšky,25002
stehy,25003
tištěná,6881
kopinaté,25004
elektronicky,25005
užij,25006
znacích,8454
vyvíjely,11061
malinká,8320
dozlatova,25007
holé,16891
lahvičce,25008
indukci,25009
hluboká,6544
chlupatá,7746
zjištěná,16776
moučníky,12341
paži,17571
připojena,10559
mimča,25010
feed,25011
hotovost,20991
nasucho,25012
rozteč,25013
kusové,25014
dentální,25015
hubnutí,25016
deltě,21780
spravovaných,25017
misky,20996
celoročním,20193
check,25018
zanechala,6978
houbaření,25019
úchopu,25020
color,25021
absolutismu,25022
utrpěly,4416
latině,18785
horou,7509
kupovala,10671
nedoporučená,25023
kašli,15887
praní,25024
vykázání,25025
totálně,25026
ošetřena,19270
označovalo,12391
symetrické,7506
červenohnědé,25027
desítkové,8654
informují,2151
stojánkem,25028
pahorkatina,25029
kids,25030
zaslána,19537
oblastem,12131
svícny,25031
rozcestí,25032
magickou,3505
teplota,21607
podešev,25033
kapusta,25034
šetrnost,25035
házená,23412
nazpět,25036
větvemi,11592
směrová,14294
kapsičky,25037
magnetu,25038
got,25039
notebookům,17797
propojená,9892
volnočasové,13120
umístěni,7093
pobyty,12310
zažloutlé,25040
bučiny,25041
přestavěno,25042
cordata,25043
provozovaná,25044
porady,11378
týdenní,16093
brusinky,25045
basso,25046
clip,25047
layer,25048
puls,25049
přispívání,7462
ekologicky,25050
proužku,25051
číslice,19130
širokém,9844
musite,25052
doporučená,14381
high,25053
příplatku,22962
vyšívání,25054
celozrnné,12129
nejširší,9844
šlechtu,13148
cyklistice,17118
tvrzeného,25055
korupční,25056
expanzní,25057
polyuretanové,19979
nove,25058
kotníky,21075
polštáře,14401
příbalová,25059
zam,25060
chu,25061
subwooferu,25062
vyžadována,25063
lilie,25064
dec,25065
odpovídajícím,19756
objektově,25066
uspořádaná,17696
plošina,19677
substituce,25067
krému,25068
naboso,25069
grošů,25070
zavolání,25071
vera,25072
rybniční,25073
vaším,4734
číslovaných,25074
značném,12220
organisace,25075
praporky,25076
million,25077
příp,25078
beauty,25079
zavedeny,3276
koňských,23532
podléhat,22067
dutinu,12705
progrese,25080
trvale,25081
odhlásit,24969
uloženým,13206
úhlopříčce,16957
pojezdem,25082
poliklinika,20024
zásobovaná,25083
ozvi,3208
bazální,25084
plátců,11050
úhrnem,25085
nohy,12275
spřežení,25086
háčku,9103
narůstá,23438
pečetí,21931
pupíku,25087
výkonové,25088
opravují,9288
zúžené,25089
osvědčily,4987
klíšťat,15427
přemístěna,7777
nazvána,25090
rodě,641
zbavíte,6584
luku,25091
železárny,5111
ratan,25092
jela,6284
ráfky,25093
prům,25094
ložiska,21089
aplikovány,5314
zdobeny,13668
nevolnosti,16911
bylinkové,25095
vyšš,25096
double,25097
semišové,25098
desíti,11240
doplněných,14044
stolování,25099
aplikována,5314
hornatina,21187
majetku,15508
vitríny,25100
centů,5148
zapsána,5735
šikanování,25101
výzvě,10851
vylepšená,11359
bledě,25102
diody,19575
lázněmi,25103
omezují,16796
sandále,20473
una,25104
čchi,25105
zvyšující,25106
elektrika,25107
teměř,25108
skeletu,25109
holubů,22393
báze,25110
podporovány,3739
duby,15445
přehledu,13898
kazu,23743
bušení,25111
kolmá,18703
zefektivnit,18874
užíváno,25112
early,25113
jdi,4153
tání,25114
podléhají,22067
ceníkové,25115
nejdelším,9451
cvičení,12033
ásti,25116
přivedena,5475
zachována,14291
včelstva,25117
lité,25118
obsahujícím,13662
skalami,12443
přejmenována,25119
syté,25120
hřídelí,25121
odpočet,24269
relaxaci,17893
nepodporují,25122
trny,16466
nepoškozená,25123
neplatné,13784
nenošená,25124
posilovací,25125
součinu,10572
provedena,14987
přátelské,4139
masu,20437
motýlů,7802
opatřená,25126
dolet,25127
brzké,8794
plodnice,25128
cípy,25129
standardu,11236
hmotnost,22176
prokrvení,25130
bilionu,25131
pořádána,4588
houbičky,25132
zahrnuta,13118
vzájemném,17994
ubrusy,18826
valu,8149
podlehli,4344
rostoucím,24946
otěhotnění,25133
kteri,25134
nadobro,25135
upraveným,13949
klíčů,17619
pláň,23673
postihu,15956
usnadňují,25136
náčiní,25137
mocným,1685
vašem,7842
poklopem,20409
lékárnu,19198
popsány,1353
explodovala,25138
sběrnici,25139
takzvaně,25140
oddílech,12452
sešity,21360
prohlíželi,12294
plíseň,23804
rubu,25141
pletou,21563
odcizené,25142
non,25143
jihovýchodně,13278
nátěry,13974
advokacie,25144
vylepšené,7348
příkopy,14300
činžovní,25145
lina,18133
zasílány,25146
pyramidy,20531
váha,10471
hradby,19713
egyptskou,1471
přípravka,2048
stupnicí,25147
utkaly,16081
zdobení,20737
snížena,20293
skončila,6860
zdaňovací,25148
vyšplhat,22746
omega,25149
klenbě,11888
doplněna,528
any,25150
logopedické,23323
jehel,20398
entry,25151
osazeno,8644
posílala,12383
nízkou,16886
voskem,8852
aviváž,25152
sekci,17295
louka,21499
uznáno,25153
stavitelné,239
urovnání,25154
tkaní,20394
kvadrantu,25155
mému,1595
klíny,25156
ního,25157
docházce,25158
vyjímatelné,10662
posílily,6701
koženou,14567
augusta,25159
olejové,3114
vyčerpány,1093
spodky,19904
srovnatelná,18398
praha,25160
biskupské,8786
müsli,25161
acid,25162
vejčitá,25163
hlodavce,19824
ukoncení,25164
nalézají,12758
doly,5853
kalkulačka,21040
odebrány,13051
skončily,6860
smalt,25165
dobe,25166
středisky,10738
dělové,25167
skákání,25168
opravená,10479
presenční,25169
volání,16448
procvičení,24127
župy,20033
růžovém,15073
přidávány,7150
medzi,25170
zářiče,25171
zvýhodněnou,25172
zapálili,16549
osídlené,25173
pořádaná,19976
stavěné,25174
emaily,25175
pernerova,25176
motocykly,9937
dýní,15717
záruce,9368
posílena,16220
poslušnost,25177
pluginů,25178
nožičky,20492
hlavice,22996
veřejnému,4800
pralesy,4627
shromažďují,13158
matic,19661
zobrazena,25179
držadlem,19601
výkazy,13494
značených,25180
zapojena,5117
zmizela,8257
odhadován,18507
předvolba,20618
vydána,13433
příklepem,25181
zaútočily,11786
členskou,7255
žetonů,25182
vitrína,25100
nabídek,5795
sign,25183
reliéfem,25184
využívané,16058
zakoupena,4780
uzavřená,8631
roje,25185
splátka,15311
dom,25186
odsouzeno,7399
nabyla,8083
lady,25187
pasu,16069
intervalu,9651
vázány,8777
zevnitř,25188
pls,25189
kmeni,25190
trubičky,25191
pøes,25192
neuplatní,25193
zavedena,3276
silové,5605
rub,25141
konektorů,25194
slaniny,10210
udržely,6095
stanovišti,23446
zařazena,12593
karbonové,21650
orientovaná,9563
libry,21936
přiděleny,9131
vaše,4734
zasedala,11685
přepínačů,25195
olova,20274
search,25196
hořet,22273
vnějším,13640
out,25197
indexem,13306
zužuje,25198
nasazených,3080
ocasu,10190
podvodné,11276
výstroje,25199
zatáčkou,12036
zelené,10893
vyvinutým,13965
kity,25200
textilie,25201
kusů,5957
běžky,20775
zkoumala,4299
spodku,19904
ppm,25202
nižším,16886
patrem,18280
širšímu,9844
ponechány,4913
botičky,25203
zvýšená,21001
letopočtem,9464
přežily,10226
sady,20748
kryta,12623
nástavba,22707
unikla,10282
léčení,25204
turnajovou,25205
hrnky,10711
vyčleněno,25206
vyhřívané,25207
vazbou,8689
vydané,13433
neroste,14316
cross,25208
omezujících,16789
modlitební,23885
mailového,25209
nejbližším,5530
cla,23939
měřeny,17798
nejeví,12783
frčí,25210
spořitelnou,25211
základně,18585
začni,3030
èinnosti,25212
zmenšuje,25213
ráně,21515
zřizovány,14925
kbelíky,20251
odpružená,25214
vyhnula,9280
lůžka,18552
štětců,13097
vymezená,17422
arkádami,17062
zpřístupněna,10981
omezila,13524
zlatě,16187
dvorce,9732
four,25215
měniče,9825
nenávratně,25216
obora,22027
uložených,13206
diff,25217
black,25218
prasátka,14714
celulitidě,25219
hedvábné,12935
plastovém,2676
zablokovali,15314
smazané,25220
kontrolka,25221
míčků,25222
balíky,17744
vylepšila,11359
schránka,20642
dona,5029
rozšiřovat,20614
jeji,25223
trojí,25224
cigareta,20733
vsude,25225
zadávané,25226
podložek,25227
portů,25228
měsícům,10054
poklice,25229
lakována,25230
svrchního,25231
čepele,25232
mesice,25233
kit,25234
opírají,6255
mastná,9474
abs,25235
okny,17337
nožičkami,20492
účelově,25236
červená,15618
křivé,25237
routeru,25238
tech,25239
koníka,18939
prosperity,15916
hledána,4210
trial,25240
páky,19813
potlačeno,13265
vysláni,25241
oplatky,25242
shluky,25243
virům,25244
samolepek,23214
tlumení,25245
roste,14316
mediace,25246
rostoucího,24946
nahrazují,17666
tlamy,25247
lidově,25248
čítala,25249
around,25250
směsi,19534
mez,14037
včelstev,25117
pøi,25251
chránily,8013
montována,4973
zakázány,4991
pokojovou,13171
viditelném,6622
pilastry,25252
dálce,24109
phone,25253
zahrnuté,13118
zahrnuto,13118
pusinky,25254
chlopně,25255
zeleň,25256
přeslenech,25257
kolům,19396
details,25258
růžově,25259
virtuálně,25260
ztrácejí,11552
rozsahy,25261
brusky,25262
přestavěn,8065
rybníky,7717
upravené,13949
normě,10377
zřízena,11437
vyřadila,8608
zvýšila,18465
žab,7502
dezénu,25263
capáčky,25264
vysok,25265
moče,24436
tkaniny,22059
mrazničce,22080
blány,23948
lesu,16800
předcházení,25266
přezky,25267
vyšším,10512
nevyužívají,8768
morové,25268
klidne,25269
tabletky,25270
promlčecí,25271
vnitřnímu,11385
tyčinek,24710
kóty,25272
pozorovány,5073
volume,25273
roty,18308
hvězdičkyz,4821
bruska,25274
neinvestiční,25275
působností,19282
doobjednat,25276
značně,25277
meziroční,23972
přesáhnout,21779
pesticidů,18389
vzdáleným,10924
zbarvuje,25278
sleziny,25279
klikání,25280
granule,25281
obhospodařování,25282
světle,5123
ignorují,10863
nákladu,8348
pecí,25283
pekelně,25284
děložní,20472
tlustou,4203
cons,25285
jednostranně,25286
udržovány,9341
pojištěného,6214
klasifikována,9723
podvody,12543
uzavřeny,8631
koním,4762
uzlu,10346
vitro,25287
poukazů,7182
úplne,25288
vyskytujících,18711
projížďky,19777
kap,25289
lupou,20516
bluetooth,25290
bezbarvá,12342
pískové,25291
všema,25292
popř,9365
omezeno,11357
vìtší,25293
veľké,25294
kurtech,18843
hromadně,25295
emailů,25296
sklíčidla,24748
anémie,25297
vztaženy,25298
tobolek,10488
převody,8300
lení,25299
ustanovena,25300
jamky,23163
oxidaci,25301
upravovány,13113
krémů,25302
hadice,23001
vaginální,25303
xenony,25304
species,25305
hoření,22273
asymetrické,9842
korespondenční,25306
zámky,5739
vsetko,25307
letěla,13499
příbuzenstva,21840
kapsli,25308
zadku,16201
renesanci,17040
keep,25309
pololetní,25310
kopcem,15097
vyjížďky,25311
odtah,25312
záložka,25313
airbagů,25314
bodově,25315
svezení,25316
zářivé,8363
připojeným,10559
add,25317
držení,17598
kopanou,20613
forum,25318
pastvy,25319
shop,25320
cyklo,25321
balance,25322
imperiální,25323
listových,25324
označeno,9987
nálepky,16223
papírové,3372
kumulativní,25325
dvojitá,5891
vyšplhala,22746
náplně,18740
vah,10471
ponechána,25326
aloe,25327
rody,6855
depa,25328
transformátoru,8159
leváky,25329
hygienickou,5930
provozovala,9915
obydlených,22997
nemáš,2115
umístěného,7093
moru,25330
koláčky,25331
segmentace,25332
přenocování,25333
tofu,25334
are,25335
mlýnu,6367
kozačky,25336
prodávaly,12324
morčata,23249
prokázány,2162
schodku,16442
lomech,16040
portály,25337
pedikúru,24895
vzrůstá,25338
rtu,14213
botníky,15794
korpusu,23185
ask,25339
pružinami,18577
nepoužívají,7967
zneužívají,19385
sloužících,22385
dosahem,25340
sloupku,13951
kupované,25341
označovaly,12391
noži,11924
spreje,25342
obdržených,25343
vyhledávači,25344
jpg,25345
síťovina,19293
vyhrazeny,14420
gumičky,25346
bezplatnou,19549
aktualizovány,6863
narazila,10959
hladké,17892
míčů,15065
najdi,3790
zbytkové,14929
vezmi,2582
periodou,13304
vlněné,12371
ošetřeny,19270
dodani,25347
tupé,12034
přeměněny,11070
nalezena,9650
odpařování,25348
spise,25349
blížila,15356
plněn,7461
korespondenci,25350
provozovaných,15141
čípku,14405
trávníky,12401
nazývají,16427
cloudech,25351
hody,25352
přepravky,25353
obvodová,16985
podporována,3739
pěkně,25354
zkvalitňování,25355
elegance,25356
cvičné,16373
účelová,16109
upravujících,22628
hodinami,9053
procházení,5097
square,25357
bolení,10631
nejširším,9844
dodávány,25358
mastnou,9474
shodila,10291
loktů,20306
webkamery,25359
trezory,6830
pružná,3774
lines,25360
náplasti,22445
oktáva,25361
sluţby,25362
prošívaná,25363
vyzbrojena,13361
patro,18280
tavení,25364
vložkou,25365
plenkové,25366
emisemi,12897
regulátoru,2729
svíčku,11567
rovno,25367
storage,25368
tits,25369
dvì,25370
zvenku,25371
oboře,22027
rezistenci,25372
prostírání,25373
uspořádány,17696
zařazeny,12593
clusterů,25374
bambusu,25375
bezpečnou,3185
skutkové,25376
turistice,17493
pat,25377
šedé,17047
limitována,16661
očista,23748
vyčleněna,25378
hořela,22273
ktorá,25379
tree,25380
nezařazené,25381
blízce,25382
tøi,25383
lesklé,13523
uzamykatelné,25384
přestavěná,25385
olivami,21837
polévkové,8431
vyhnete,9280
šestihran,25386
olivové,11672
vzájemná,17994
stojícím,25387
mezipředmětové,25388
pěkném,9665
rostoucímu,24946
nestála,1941
zničila,9886
lávy,25389
čirá,20508
psána,1451
transfery,18870
zmiňována,4655
keramikou,21807
spoji,25390
šasi,25391
prodány,15479
primo,25392
číslici,19130
nenasycené,25393
fix,25394
rájem,7820
tribu,25395
čeledí,17446
krajkové,22860
prohrály,9500
nížině,25396
beach,25397
pujcka,25398
case,25399
dálku,24109
mbox,25400
řečtině,19345
per,13832
narostla,25401
vyztužená,25402
klesat,15095
puchýře,25403
hlídali,9789
všeobecné,6110
khaki,25404
vyhlášená,3769
hadičky,25405
vázané,8777
změněna,18867
zapsanou,25406
redukují,25407
mívala,9198
tablety,15991
ukrývají,25408
snížila,14263
označovaná,25409
využívala,8768
vynaložení,25410
zpod,25411
plíce,15459
datují,22486
praze,25160
papírky,25412
firewallu,25413
metalická,25414
grilovací,25415
udržitelnou,17723
bulk,25416
dosahovala,13601
maličké,10446
útoky,8858
hustě,25417
zvýšené,21001
poškodila,13971
vykonávala,4287
vykonávána,4287
pahorkatiny,25029
tram,25418
cum,25419
vévodů,7043
vetsi,25420
polobotky,25421
bašty,23607
ios,25422
rtuti,15942
cínu,23954
nazývalo,16427
stávaly,2625
deep,25423
pøíspìvkù,25424
peří,20111
dosahují,13601
pohodlí,25425
vozíčkářů,14959
bojovaly,3876
zůstatku,21576
balonky,25426
zvaným,14204
rámečku,10310
peněžence,24052
přihrádky,24950
křivce,15986
vedena,6431
skútry,25427
přesahují,23234
škále,14013
pedálů,25428
šálu,20712
venku,25429
hromadná,17920
prstu,11749
pages,25430
stoupal,22432
špinění,25431
másle,21848
široké,9844
mela,25432
snadne,25433
vymezeny,25434
stuha,23411
činila,17283
klasy,25435
nahrazeno,6370
tlapky,25436
hnízdě,19689
závodně,25437
věnovaná,11707
laky,25438
pokožka,20034
fast,25439
dosažitelná,23830
obecním,19525
tepové,25440
chráněném,10451
jezdectví,25441
vsechny,25442
dobývání,25443
chovy,22817
fontsize,25444
třmeny,25445
zvýšili,18465
klika,13767
funkcionalita,25446
nacházejícím,22768
travní,20358
vyvinutá,13965
konvexní,25447
potrebné,25448
print,25449
obdélná,25450
směrovací,25451
rtěnku,25452
auf,25453
sleva,15223
hodila,5866
čtverce,11143
ubrousky,5885
nízkém,16886
bei,25454
záložky,25455
tyrkysová,25456
pylu,12199
zmenšovat,19764
upgradovat,25457
odsazení,25458
bilionů,25131
výložky,25459
náhrady,14653
krásne,25460
blokové,25461
vrchovině,23795
cely,21250
magnolia,25462
bruslení,25463
knihovnami,15306
nehtech,22274
breakfast,25464
dvere,25465
otevřeny,8688
prevalence,25466
krytí,19227
tiché,7144
nano,25467
bratru,332
displejem,12847
stání,25468
zvyšují,17074
nazvaném,15900
docházkové,25469
ubytovacími,13479
chromu,25470
length,25471
stravenky,25472
prohlížet,12294
vyššímu,10512
sbírejte,4348
přečteno,3717
vyznačena,13050
mikrovlákna,24641
fondue,25473
village,25474
šípu,15217
širším,9844
hnoje,25475
snídaně,20123
akváriu,20973
symetricky,25476
sníženy,20293
maximem,17002
pánve,24205
nejakou,25477
spravují,14490
lžičky,17904
provozovně,21483
asijskou,1980
členěna,15656
všestrannosti,25478
zářivá,8363
rozšířené,16508
patenty,10989
lízání,25479
povolená,14806
těhotenské,17370
kruhová,10751
vyhl,25480
mezistátní,19702
běžná,7726
transparentně,25481
dary,11381
challenge,25482
tky,25483
rostla,14316
switche,25484
listového,25485
mosazné,25486
využitelných,19723
koroze,23672
balíků,17744
pálené,25487
plotry,25488
hřídeli,25489
obslužné,25490
plenek,25491
lemované,25492
semi,25493
boků,15649
chození,25494
řadami,7366
kupónu,25495
emiráty,25496
pruhované,16163
přihlášení,2895
řidčeji,24255
popisovány,1894
plné,17689
frekvence,19664
koupíš,7776
obdélníková,10373
ohraničená,17109
řecky,25497
prášku,6771
trávě,16433
tabulce,21556
vinice,1361
celkem,25498
souvislá,12448
pravo,25499
pohoštění,25500
zahrnuty,13118
popelnici,19809
šíji,15437
homeopatika,25501
čepel,24981
výška,16331
náležela,13588
nemaj,25502
připojeny,4371
obohacena,4392
blokaci,25503
levně,18510
zapsání,25504
bohyni,21974
pujcky,25505
lunetami,25506
stélku,25507
tetě,3809
opište,25508
konta,4133
poradna,18654
thumb,25509
bratrská,21272
domácnost,18659
mazání,25510
používáno,11228
rosa,25511
files,25512
area,25513
podélná,4366
tucích,6574
pronájmům,18376
erby,25514
otevřená,8688
mysu,14421
nadýchané,25515
zdraví,13749
kontrolovala,5818
predaj,25516
parc,25517
obdržely,4660
kteroukoliv,2109
soustředěny,16537
zvětšené,25518
mmmk,25519
jedou,6284
deluxe,25520
kuličkové,25521
odměrky,25522
solid,25523
vybavena,7062
označena,9987
úhlové,24150
male,25524
fin,25525
háčkem,9103
známce,18608
manikúra,24285
náchylné,9015
lipidy,25526
manžety,25527
patřících,22250
střežit,13236
malty,24691
dostávaly,6071
běž,6180
zásuvky,22039
nabízeny,13957
vyvinuté,13965
účinném,11815
vnějšku,25528
diagnostiku,25529
vypálena,25530
rapid,25531
hernu,15049
nástavce,25532
obnovila,11651
odstínu,11106
kardio,25533
ass,25534
dei,25535
využitelné,19723
vyskytovaly,18188
function,25536
maxima,17002
použitelná,10834
zastavily,11349
nalezená,9650
dla,25537
čistém,15579
jazýčky,25538
patentky,25539
odesláni,25540
obvodové,16985
zachovány,14291
obecnému,6314
koblihy,25541
založeným,10853
rozběhla,16459
doložky,20720
připojená,10559
english,25542
odřená,23745
poskytovala,11559
modré,18950
propisky,25543
členěny,15656
aus,25544
zachovalé,12474
karbonu,24360
vycházky,21855
metrické,25545
ovu,25546
používaných,11228
jaru,10474
košíček,25547
vzájemné,17994
mrkni,21698
lemem,25548
zdravá,13749
narostl,18892
lakem,25549
inventarizace,23851
ušetřila,12526
mánie,25550
teplotách,21607
dvoje,12288
poukázka,23927
vracení,25551
certifikáty,17353
cihlová,13396
rostlinám,8531
cihelnu,20162
výdejním,25552
polesí,25553
konstruovány,11419
severozápadně,25554
boji,11375
okoli,25555
groups,25556
psu,2074
témuž,2787
šířena,10757
žaláře,25557
registrované,4786
stolička,22989
seznamy,18504
značena,19913
jurisdikci,25558
prenájmu,25559
img,25560
membráně,20052
ubytovaných,19384
brady,13571
pedály,25561
kaly,19505
vydávání,13731
skříně,22765
deaktivovat,25562
převyšující,25563
hlídkové,25564
pídím,25565
kapitalizace,25566
pečujících,14769
čelenka,23187
elektronickou,8910
jersey,25567
kotli,11908
srazily,15671
vyskytovala,18188
gramu,12331
nosti,25568
bag,25569
ráfek,25093
strava,24203
přilby,21725
regulují,18435
oboustranná,9224
záplaty,25570
přejdou,13626
heterogenní,25571
snížená,20293
úzké,8704
členskými,7255
angl,25572
dpi,25573
chátrala,18907
evidováno,13723
užívaná,25574
lavici,19175
nadvládě,17379
okruhu,16557
seo,25575
jednotlivkyň,25576
polic,23956
iii,25577
zrušeny,4917
opékání,25578
tehu,25579
nožky,25580
matná,13876
alebo,25581
nadvlády,17379
srnčí,25582
poloměru,15929
poseté,25583
obden,25584
drancování,25585
nost,25586
vně,25587
hand,25588
lakovaná,25589
zastaveny,19224
aktiva,19291
výbavě,20049
podložené,21959
ušetřete,12526
durch,25590
pod,25591
řízena,15561
štítů,18986
zaběhla,9456
krémovou,25592
vyzbrojené,25593
kvinta,25594
zvýšenému,21001
nepoužitá,25595
roklí,21958
zkr,25596
nouzově,25597
vonící,25598
obrobku,25599
výjezdy,21500
chodidel,24912
dostupném,9816
prapory,5491
přeměněna,11070
matnou,13876
voňavé,9978
ulici,13577
zdrav,23660
apod,25600
oboustranné,9224
vyměněny,9013
disponovala,8681
přestaly,8065
views,25601
komanditní,25602
získáš,2291
hoc,25603
zakončena,6965
připojené,10559
souvisejícím,12030
chleby,21202
stopami,9360
ovládly,5301
diet,16275
bitu,18157
sec,25604
výslovného,25605
est,25606
patina,25607
zvonky,18828
vybarvení,25608
pres,25609
povolené,14806
zkontrolovali,16736
tvému,7842
width,25610
přezkumu,25611
newsletteru,25612
podávaná,25613
hovorově,25614
elektronická,8910
označovala,12391
čaji,4740
lock,25615
napadání,7243
přesunuty,25616
rozrostla,19376
oboustranně,25617
hýčkání,25618
uznaných,25619
protokolů,16502
bulletinu,24480
predaji,25620
standardizované,18159
elfy,19250
požadovány,2005
pří,21630
skinny,25621
zařízeny,25622
učiněné,20223
uplně,25623
guma,24671
zvýšeném,21001
penetrace,25624
odeslané,24236
propojeny,9892
tmavá,10085
poskytována,22417
náramků,11353
konektivita,25625
lesku,19992
statistice,19296
rtěnka,25626
švů,25627
konsole,25628
přezka,25267
odebírání,25629
nejaka,25630
louce,21499
nepřesahující,25631
bleskově,25632
očištěna,19747
keramika,21807
pojistitele,4980
proteinu,17675
cyrilicí,24817
šavlí,25633
katalogové,25634
hrubém,12692
rázem,4413
zkratek,11201
projíždět,15629
likvidity,22984
přesahovat,23234
doplněná,14044
podporovaná,4890
klesá,15095
neutrálně,25635
prodávány,4501
konané,15939
studánka,14991
hub,16750
honění,25636
duté,15735
prodej,5518
rozbila,15546
kopy,15990
opasku,14215
laku,25637
pleteniny,25638
košíčků,25639
krystalem,15013
odesláno,25640
servisy,12833
policemi,23956
sečení,25641
slevě,15223
proteiny,17675
tabule,23829
šuplíky,18846
turisticky,25642
vašemu,4734
palisty,25643
stavěna,3908
vzorovaná,25644
kup,7776
projela,9302
magnety,25645
products,25646
řádku,11616
horečky,19468
pin,25647
tkaničky,25648
másla,21848
pruhovaná,16163
upadat,14884
rovná,13257
stabilně,25649
júna,25650
ování,25651
krát,25652
měr,6640
víka,22533
vidlici,25653
organizovány,3137
nástavbou,22707
stoupají,22432
získána,2291
sekáče,25654
date,25655
kynuté,25656
lnu,11572
uzlů,10346
oválná,10762
nádobí,16240
huby,24739
župě,20033
polepy,25657
chromatičnosti,25658
tvé,7842
zachovalou,12474
mega,25659
počítání,25660
ramínky,15631
označovány,5376
svolána,25661
propojenými,9892
obc,25662
poskytnuto,12522
uzavřené,8631
nastoupily,3188
hřbetem,20213
razítek,17803
čelně,25663
stolici,25664
varieta,25665
nabízena,13957
pole,18595
atlasu,24659
udávaná,25666
ekvivalenty,7793
many,25667
kufříku,12712
upsání,25668
listy,9943
amoniaku,10597
mezikontinentální,25669
říšská,2066
teplotou,21607
shodná,13700
čtverečky,25670
zdobená,20737
rekreačnímu,21382
náležely,13588
ukončeny,20028
lib,1991
zadu,25671
masově,25672
tabletě,15991
parním,15890
zař,25673
unifikované,25674
statky,15644
metu,17061
kolečkové,11659
minor,25675
stravy,24203
západně,25676
ztracena,7766
tea,25677
rozšířila,11832
poslušnosti,25177
snižují,14924
slabě,25678
vajec,20713
zásobníky,9931
syntetika,25679
šumivé,25680
využívány,16058
wild,25681
usb,25682
aktualizována,6863
vel,3712
otroky,5342
bílé,15598
tools,25683
doletem,25127
končily,5925
zvětšují,23397
oslabila,13578
trakci,25684
sledována,4629
minim,20243
šlapání,25685
přilnou,25686
decembra,25687
distribuované,25688
sloučena,10307
firemním,12826
používaná,11228
redukované,25689
prohlášena,468
odebrané,25690
dáš,4122
kuchyňky,22394
vínové,25691
notes,25692
výstrahy,22029
koukni,18232
odpaliště,25693
zřídila,4228
lesíku,25694
vrchu,12656
přistála,11367
napomenutí,25695
were,25696
državy,24233
potahované,25697
vadného,11773
cache,25698
věštění,25699
spotř,25700
pronájmu,18376
konsenzu,21726
vyrobeným,6173
oil,25701
zabezpečena,19837
válcovité,25702
čepy,25703
disponibilní,25704
odebrala,13051
poji,25705
vyplacena,2580
nasazovány,25706
hodnoceni,6011
zeleném,10893
příl,25707
delle,25708
okrsky,22108
začleněna,25709
pohárky,25710
sýpka,25711
tečky,18274
tyčinka,24710
sešitu,21360
zůstávaly,11263
kupony,25712
přileb,21725
reverty,25713
sedu,25714
issue,25715
zbrojení,25716
slámy,11297
signalizací,25717
uspořádána,17696
fixy,25718
závitů,22944
nepoužitelná,15471
nátěru,13974
líci,25719
oděru,25720
board,25721
vypalování,25722
kulaté,19609
run,25723
časné,12909
háje,19973
tuba,25724
pólů,6432
používána,11228
růžičky,25725
placebo,25726
jednotně,25727
nekalé,25728
výpletu,25729
píča,25730
zum,25731
boty,13995
coated,25732
rue,25733
úrazů,15484
chovech,22817
pružnou,3774
leštění,25734
obutí,25735
papoušky,5630
multi,25736
hezkém,6502
pojistek,16849
sdružené,24927
pattern,25737
prastaré,25738
forte,25739
series,25740
razii,25741
pravotočivým,25742
celiakie,25743
měř,17798
vyzkoušej,3381
elektronickými,8910
implementovány,5224
využívána,16058
nábř,25744
proboštství,25745
sjednání,25746
korály,25747
obešla,11015
klíče,17619
klesal,15095
úhony,25748
odporují,23133
udržována,9341
nástavbové,22707
nacházela,14091
zbroje,21879
udržovaná,16516
tvým,7842
chromové,25749
nerovnoměrně,21399
hřebeny,15015
ražba,25750
lože,25751
vázána,8777
založeny,10853
smazaných,25752
přesáhne,21779
café,25753
medové,22969
konaná,25754
sloužily,11495
item,25755
tyrkysové,25456
clanku,25756
dkg,25757
krabiček,17388
patice,24554
poskytovány,22417
solná,21348
nerozeznání,25758
prohledávat,25759
ztratila,7766
vidlic,25760
seznámení,25761
otočili,12983
zdravé,13749
doporučenou,14381
oddíle,12452
zvětšenou,20290
merino,25762
kwh,25763
pryže,25764
najeto,25765
zničená,9459
květované,25766
niekde,25767
doložené,25768
séra,23488
doložena,4306
zadnice,25769
zinku,16864
niky,19216
domy,10055
položce,17093
pláni,23673
užitečnou,9162
zemědělsky,25770
propadli,15570
létaly,10864
modulace,25771
nahrazena,17442
stick,25772
lysá,23625
opatřena,3064
zablokovala,15314
duhovky,25773
zánovní,25774
zvětšila,18763
vyslána,25775
neprospěch,25776
oranžové,19967
vystavená,10993
lymfocytů,25777
kouli,24939
fretky,25778
maximu,17002
marca,25779
une,25780
police,23956
štítě,18986
prstíky,25781
emitenta,25782
užívána,25783
majících,18276
lokálním,16441
razítka,17803
kluzáky,25784
řidítka,25785
patě,17179
zrcadlově,7760
kruhové,10751
rohová,16053
konstruována,11419
okruhy,16557
tělová,3744
údolími,18322
valenou,25786
tabulkou,21556
colspan,25787
laků,25788
jízdárna,25789
lamina,19859
provozována,9915
náramky,11353
mobilita,25790
zastavila,11349
papírově,25791
takzvaném,5703
látková,25792
ošacení,25793
skákací,25794
zařazeno,12593
užívej,25795
ber,25796
stolním,11570
nabylo,8083
staročesky,25797
stávala,2625
pneumatikách,14682
rozšířena,16508
naj,25798
košem,23092
nemaji,25799
defektu,25800
nazývané,16474
přemístila,7777
nazývána,16427
vínová,25801
poschodí,25802
využívaných,16058
obíhají,18926
organizována,6021
pletené,25803
stélkou,25804
botky,25805
zakoupeny,4780
poštu,22428
pri,25806
stříkačky,25807
dosah,25340
dosahovaly,13601
zářivkové,19812
speed,25808
vydávaných,17068
sídlech,25809
dýmu,9727
vklady,7059
řazeno,9025
pleny,25810
ohroženými,6521
převýšení,25811
pánvi,24205
mešitu,16840
žebry,21892
pros,25812
infikovaných,25813
křupavé,25814
var,18716
přáníčka,25815
jihozápadně,25816
zeměpisná,19239
sliznici,17255
podvozky,25817
uložená,13206
pocení,25818
opálení,25819
loubí,25820
přestavěna,25042
hornická,15299
šetrná,16119
lat,25821
valy,8149
fialové,20502
přezkum,25822
blízkou,5530
nedostupná,9816
štítky,19214
netto,25823
pece,25283
pol,7879
ftp,25824
povoleny,14806
bází,25110
antuce,25825
chytalo,25826
teritoriu,18714
table,25827
patky,25828
úhradě,22328
látkové,6625
boxy,13269
upisování,25829
používanými,11228
osobni,25830
propadly,15570
spravovali,14490
kužely,15322
upravena,13949
poklesl,20779
doručena,11916
sklopné,25831
strání,21702
příkazům,16372
náchylná,9015
indoor,25832
omezily,13524
pečivo,20892
výpisy,18523
stopky,25833
ang,25834
zastavena,25835
vymezené,17422
zvonku,18828
pletení,25836
tenisky,18211
ojeté,14815
ippon,25837
arbitráži,22429
podskupiny,25838
zrušují,25839
syntetická,8814
vyráběna,7201
podporujících,23039
ostění,25840
tyrkys,25841
sdílené,16357
rozumném,1890
cart,25842
vláknem,20088
vpichu,25843
sestavena,13516
sedla,21891
štítu,18986
korespondence,25350
úschovu,17469
helpdesk,25844
patek,24858
zbožnost,24264
rozšířenou,16508
neutrálním,20655
pigmentace,25845
osazená,25846
drůbež,15696
jos,25847
okrajem,10713
ukazateli,11821
odtahu,25848
section,25849
vložky,21557
popisována,1894
vyložení,3491
subsp,25850
umi,25851
nedalekou,10778
nude,25852
čtvrtletní,13583
připsaly,25853
průmyslově,25854
rtěnky,25855
mosazi,25856
zavody,25857
víceúčelová,7326
lívance,25858
napadena,25859
dni,6508
livescore,25860
zoubky,25861
nky,25862
boky,15649
nepravidelná,21511
zmenšují,25213
fialová,20502
síry,11566
listovými,25863
chromované,19163
vidle,25864
für,25865
porty,25866
zajišťovány,24606
sebrala,7654
košíku,23720
dózy,25867
adrese,18099
šířeny,10757
rejstříky,13124
orientovány,6454
zjedodušili,25868
výprodeji,11001
háčkování,25869
ahref,25870
day,25871
cupu,25872
sexta,25873
kotníková,25874
tvém,7842
vyřazeni,25875
ukončila,12163
stříkačka,24541
rate,25876
zařazeni,12593
kontrolována,15503
žeber,21892
madlem,17402
závěsná,15911
bezbarvé,12342
hoře,22273
mld,20304
chátrat,18907
zvnějšku,25877
klesnou,23151
lesklou,13523
duplex,25878
řec,25879
dominance,25880
jejíchž,2040
molekule,25881
litina,23606
rovna,13257
používány,11228
core,25882
tvojí,7842
hrotem,17139
editována,4941
dominanci,25883
černá,11954
mája,25884
tabulkami,21556
zbarvené,13952
signalizace,25885
matné,13876
stravě,24203
sdíleny,7031
ohmů,25886
sea,25887
daňově,25888
dostupnými,9816
registrovaná,4786
hřbety,20213
vyřazena,8123
spp,25889
špunty,25890
dostupná,9816
users,25891
setrvala,25892
vyvinuta,4661
přejít,13626
paty,17179
score,25893
stélka,25894
zobrazeno,25895
strie,25896
vol,2515
nearabské,25897
zřízeny,11437
neúčinné,11815
dopl,25898
síťky,24704
vyjely,25899
rubrice,16920
omezovala,25900
kytičky,22335
piosenatore,25901
svíce,25902
košíky,23720
paličky,25903
blízkému,5530
leté,2726
lemování,25904
přívěsku,14844
revertovat,23726
přihrádek,24950
evidovány,13723
journal,25905
královskou,3420
klenbou,11888
basic,25906
stehna,21050
záložce,25907
tie,25908
taxony,25909
plen,25810
povlaku,12403
bilance,20528
známky,18608
vázaných,8777
podrážky,21955
háji,19973
dnešku,10180
trampolína,24585
modrá,18950
známek,18608
vrchy,25910
lusky,6232
nepoužívané,25911
bubnu,8358
prošívané,25912
snížen,20293
odd,25913
pojistky,16849
konzistence,24202
okrouhlé,25914
nedáš,25915
vzrostl,13693
iné,25916
dečky,22514
lesklá,13523
rud,18815
tvoji,7842
levo,25917
hrabství,25918
pokutou,11325
listové,25919
oranžově,25920
prošití,25921
tower,25922
ztratily,7766
line,25923
okrsků,22108
úhrada,22328
della,25924
plamenů,16981
umístěným,7093
druha,6552
noh,12275
uklízení,25925
nahrazeny,17442
čerpadla,14261
nacházely,14091
roztroušeně,25926
vzdálená,10924
middle,25927
háku,8898
zapsáno,2885
košíčky,25928
obývané,25929
panské,25930
živelní,25931
pražce,25932
hroty,17139
desktop,25933
mašle,25934
béžové,19781
kvetoucích,24564
nazvaná,15900
placičky,25935
ventilu,8545
podávána,25936
kupa,23638
navštívené,5234
žlutá,18406
připojily,4371
výměru,21104
incidence,25937
íslo,25938
health,25939
koši,23092
rapidně,25940
obj,25941
bezdrátová,25942
nehty,22274
podnikovou,3905
tabulka,21556
integrovány,15858
sýpky,25711
poskytováno,11559
pekne,25943
povolenky,22775
elastanu,25944
dosahu,25340
jednostranná,14365
stolního,11570
identická,13859
innosti,25945
vyhlášce,12356
pálka,25946
prumer,25947
doplnky,25948
docházka,23863
okrskové,25949
registrováno,4786
udání,25950
registry,14744
ležení,25951
zaøízení,25952
kuželky,24670
omak,25953
pahorkatině,25029
kostkovaná,25954
vitae,25955
osvobozeny,19662
barokni,25956
uvězněna,16260
hčp,25957
límci,17774
vis,16016
vymazala,24574
koule,24939
podezřele,25958
champwd,25959
běhání,25960
rates,25961
kostice,24775
jádrové,25962
naleznou,4771
ikonky,25963
voci,25964
zamku,25965
doplňována,2737
pancéřové,25966
měřila,17798
ukončili,12163
raw,25967
víkem,25968
otoky,25969
prohrála,9500
polka,25970
jelení,25971
kabelce,7072
palcové,18764
posts,25972
hradci,25973
nasi,25974
months,25975
flíčky,25976
zadne,25977
medium,23238
čti,4109
tabulky,21556
odsouzena,1232
vydávala,5449
kytiček,25978
spravovala,14490
hrazeno,7686
nepodléhají,22067
sadě,20748
pánu,789
pálky,25946
pestře,25979
zůstávala,11263
apps,25980
neboli,25981
aktivována,12662
com,25982
odpo,25983
zřízená,11437
ohniště,25984
ředění,25985
dílná,25986
teplu,16562
topeniště,25987
archive,2439
select,25988
depu,24733
vykazují,18965
dolování,25989
opeření,25990
scházela,25991
uložena,13206
ouška,25992
spravována,14490
okvětí,25993
řkm,25994
vyřazeny,8123
bližším,5530
nehtu,22274
diabetické,25995
src,25996
upraveny,13949
celokrajné,25997
orientována,6454
zablokována,15314
cca,25998
mil,23737
bázi,25110
prováděna,13217
right,25999
samolepkami,23214
prováděná,13217
podávány,26000
nástěnka,24271
zahnuté,26001
countries,26002
váz,19118
datována,22486
implementována,5224
obložené,26003
tlumiči,26004
vnějšímu,13640
metalické,26005
tichou,7144
řapíky,26006
obojku,18112
vydávané,17068
mass,26007
škůdců,26008
nástěnky,24271
vydány,13433
dnu,16015
pičky,26009
zakládány,6474
prohledávání,26010
stavové,26011
laiky,26012
kuše,26013
sliznice,17255
vyvinuto,4661
orange,26014
denne,26015
najdeš,3790
hodnotě,11129
tvou,7842
utility,26016
hours,26017
rostoucími,24946
vložka,21557
ové,26018
žup,20033
zusammen,26019
ukončena,20028
výměníkem,18588
base,2296
vatě,8399
stojanu,7763
silonky,26020
eko,26021
nazývaná,16474
ení,26022
maximalizovat,26023
šupin,26024
zvyšujícím,25106
maxi,26025
podávala,12046
používaným,11228
lodičky,26026
registrovanou,4786
novembra,26027
flat,26028
pinů,26029
rodech,6855
přez,26030
floor,26031
cyan,26032
situ,26033
rouna,16437
žlutě,26034
omezili,13524
sekundárním,14547
doplatku,26035
využitelná,19723
lýtka,26036
poháry,9652
vzdáleném,10924
dvířky,26037
staženy,20346
pasy,16069
tiskopisy,18339
koše,23092
kotníčkové,26038
tis,26039
zvaná,14204
nahore,26040
deriváty,17875
foot,26041
pec,25283
řadičů,26042
poskytovaná,22417
peci,25283
eds,26043
baňky,26044
dostaneš,3965
označovaných,5376
hnědě,26045
rooms,26046
approx,26047
near,26048
ball,26049
modemu,26050
tvoje,7842
turnajové,26051
rekreaci,24715
tyčinku,24710
maximalizaci,26052
tzv,5703
jmenovky,26053
yardů,26054
ízení,26055
zvaném,14204
hřbetu,20213
tropickou,11308
změněny,7185
srazila,15671
zobrazeny,26056
leštěné,26057
bulou,22083
nadlimitní,26058
červeno,26059
ratanové,26060
chrom,25470
desk,4768
eliptické,26061
cream,26062
růžova,26063
null,26064
bal,6613
límce,17774
nazývaných,16474
mine,9615
total,26065
navýšen,26066
rozšířeno,16508
agility,26067
vápence,7979
nohavice,17552
mlpozítří,26068
polštářky,26069
sun,26070
upínání,26071
uhlovodíky,24145
rubrika,16920
security,26072
spirály,21275
vest,15410
kruhovou,10751
křída,26073
kupy,23638
kotníku,21075
lemy,26074
zvýšena,21001
height,26075
ustájení,26076
používáš,7967
podobají,17198
křídy,26073
otočila,12983
netbooky,26077
army,26078
nepravidelnou,21511
rez,26079
plexi,26080
kotníků,21075
vyhýbání,26081
vráskám,12648
sídly,26082
farou,26083
temperované,26084
nowrap,26085
přilba,21725
jednokřídlé,26086
galaxii,20307
hadic,23001
kapsle,26087
dostupným,9816
meho,26088
grey,26089
potoce,2535
podstavcem,26090
cmdélka,26091
zahrnujícím,20709
palců,14268
růžová,15073
přešly,13626
vydaným,26092
chodidla,24912
šňůra,12548
šedá,17047
tej,26093
cyrilici,24817
vysvěcena,26094
bočnici,26095
small,26096
truhly,26097
příklepu,26098
rpm,26099
rozšířily,11832
jílu,26100
těma,2113
nivou,26101
clanky,26102
pneumatikami,14682
pastilky,26103
ukončených,20028
hnědá,11261
pečování,14769
čtvercové,3903
zevně,26104
sloupce,22986
nití,19119
vyjela,9264
polstry,26105
hlášených,21518
liště,14349
vlasu,8722
modra,26106
cmšířka,26107
icq,26108
vyvinuty,13965
dvoukřídlé,26109
swap,26110
bočnice,26111
bliznou,26112
požárním,19776
líbíly,26113
listování,26114
brown,26115
ostny,26116
získáno,2291
hrázi,17863
clean,26117
hash,26118
nadávaly,8189
evidována,13723
eco,26119
spravované,25017
talířky,26120
obi,26121
nártu,23469
odznaky,19778
šupiny,26122
korkové,26123
doletu,25127
chovaných,26124
zvané,14204
užívány,13595
bed,26125
odečteno,26126
pidi,26127
large,26128
deaktivace,26129
šroubení,26130
bis,26131
yellow,26132
few,26133
hony,23161
vliesové,26134
cat,26135
zářivě,26136
gold,26137
tmavě,26138
kombo,26139
uplne,26140
asymetrická,9842
range,26141
záložek,26142
maji,26143
dot,26144
vzdálenou,10924
lip,20865
lesy,16800
nasazeno,2585
děr,11221
windows,26145
závitu,22944
dos,26146
čtvercová,3903
rostoucích,24946
kytek,19333
obyč,26147
logy,10445
běhounu,26148
vzorované,26149
shopy,26150
podnikové,3905
pad,8407
lokálně,26151
vřetena,26152
trnem,26153
obligace,26154
echo,26155
paragrafu,11885
sla,26156
přezkou,26157
vyráběná,20641
mmol,26158
olivově,26159
užívaných,13595
hrdla,23503
zelená,10893
cap,26160
lakovány,25230
dph,26161
rejstříků,13124
oktávu,25361
gumy,24671
points,26162
dia,26163
cvičná,16373
vydávána,17068
bicolor,26164
kliky,13767
kapslí,26165
jehlice,26166
antuka,25825
červena,26059
zvaných,14204
oranžová,19967
judem,26167
registrovány,4786
septembra,26168
čtvrtletně,26169
svrchu,26170
černo,26171
niva,26101
bíle,26172
rozšiřujících,24813
cup,25872
inch,26173
glykémie,26174
mes,26175
vyskočila,19805
louky,21499
vydávány,17068
tab,26176
světlá,7332
peckovice,26177
kotníkové,25874
spodu,26178
steel,26179
číslu,15050
cela,21250
ukončily,12163
lokte,20306
rozšiřují,20614
nase,26180
cislo,26181
ebay,26182
nule,13750
zur,26183
signalizaci,25885
antracit,26184
met,17061
vystřelila,15232
bílá,15598
přidány,2607
šípů,15217
net,26185
zbarvená,13952
kcal,26186
kužele,15322
mety,17061
chatou,15000
green,26187
active,26188
rozšiřovala,20614
spálené,26189
api,26190
celoroční,20193
zbozi,26191
kod,26192
krémová,18346
sametově,26193
druhově,26194
uchy,14299
cookies,26195
align,26196
řapíku,26197
nahrazovány,17666
bordó,26198
nazývala,16427
taxonů,26199
ratio,26200
uni,26201
talířů,17081
tax,26202
zeleni,26203
podprogramu,26204
pac,26205
sálové,26206
compliance,26207
turba,26208
dražba,18690
poštovným,20009
uzlech,26209
výzbroji,26210
troje,26211
klíči,17619
piny,26212
stravování,26213
aux,26214
sti,26215
dry,26216
zesílenou,14378
tercie,26217
hrotů,17139
force,26218
kvk,26219
júla,26220
béžová,19781
etue,26221
kopí,26222
comfort,26223
hrnců,15026
bila,15672
win,26224
sites,26225
velke,26226
vaků,16711
svorkovnice,26227
patrové,17988
stavěny,12093
tbl,26228
kontrolky,25221
lakované,15907
řídká,7852
sít,18850
pdle,26229
lemu,26230
zesílená,26231
přestavěny,25042
rty,14213
zlk,26232
klínku,26233
tex,26234
doi,26235
nazývány,16427
utm,26236
nivě,26101
bgcolor,26237
ráfku,25093
šedě,26238
špice,23017
blue,26239
white,26240
popisilustrační,26241
registrovaných,4786
days,26242
wireless,26243
pochvy,24815
mobilheimy,26244
beige,26245
round,26246
udávána,26247
éček,26248
rozšířeny,16508
váčky,13419
podpatku,26249
vež,26250
stolice,25664
rzi,26251
lila,26252
zimni,26253
aqua,26254
modř,26255
exp,26256
žactva,26257
žst,26258
vozové,26259
muffiny,26260
pink,26261
ohradní,26262
oky,10440
spravovány,14490
rose,25511
talíře,17081
októbra,26263
res,26264
vyřazeno,26265
ráfků,25093
cez,26266
hcg,26267
štíty,18986
klínu,26268
vložce,26269
listová,26270
zvýšen,21001
plne,26271
sit,26272
krémové,18346
chrpa,26273
zesílené,26274
krémově,26275
získány,5893
nožkách,25580
shopu,26276
čís,26277
ver,26278
nivy,26279
fialově,26280
modro,26106
gumou,24671
bílo,26281
vcetne,26282
najdte,26283
skore,26284
navy,26285
ordo,26286
reg,26287
giveaway,26288
