slovo,poradi
říjen,1
duben,2
prosinec,3
červen,4
březen,5
listopad,6
srpen,7
červenec,8
květen,9
leden,10
září,11
únor,12
října,1
listopadu,6
dubna,2
února,12
června,4
března,5
srpna,7
května,9
července,8
prosince,3
ledna,10
říjnu,1
lednu,10
únoru,12
březnu,5
dubnu,2
květnu,9
červnu,4
srpnu,7
prosinci,3
červenci,8
měsíc,13
podzim,14
rok,15
roku,15
listopadem,6
roce,15
prosincem,3
měsícem,13
ročník,16
únorem,12
dubnem,2
říjnem,1
středa,17
březnem,5
vydáno,18
srpnem,7
lednem,10
červencem,8
rokem,15
přelom,19
zářím,11
jaře,20
týden,21
květnem,9
máj,22
červnem,4
sobota,23
jaro,20
měsíce,13
loňský,24
podzimu,14
neděle,25
čtvrtletí,26
létě,27
plánováno,28
den,29
septembra,30
srp,31
říj,32
kvìtna,33
júl,34
novembra,35
čtvrtek,36
letošního,37
kvě,38
naplánováno,39
přelomu,19
bře,40
zář,41
jún,42
léto,27
júna,43
loňského,24
týdnem,21
období,44
pátek,45
decembra,46
začátkem,47
měsících,13
naplánován,48
čer,49
črc,50
kalendářní,51
sezónou,52
led,53
októbra,54
kvartál,55
pololetí,56
příštího,57
květnový,58
konec,59
letošní,37
měsíci,13
minulý,60
plánován,28
počátkem,61
půlrok,62
úterý,63
lis,64
júla,65
vydání,66
sezóně,52
jara,20
týdny,21
obdobím,44
šestý,67
století,68
léta,27
zpráva,69
sezóna,52
připravujeme,70
dub,71
začátek,47
týdne,21
roč,16
sezóny,52
jedenáctý,72
uplynulý,73
osmý,74
záři,75
aug,76
termín,77
letos,78
příští,57
dnem,29
zima,79
ročníku,16
plánujeme,80
teplý,81
listopadové,82
kvartálu,55
březnové,83
říjnové,84
naplánovali,85
augusta,86
počátek,61
jedenácté,72
lednové,87
předběžný,88
uzávěrka,89
klubaktual,90
pondělí,91
naplánoval,92
studený,93
repaktual,94
minulého,60
zpravodaj,95
aktualizováno,96
únorové,97
plánována,28
naplánované,39
apr,98
jan,99
výroční,100
stol,101
koncem,59
polovině,102
víkend,103
květnové,58
zimy,79
dnešek,104
sedmý,105
čtvrtletník,106
devátý,107
třináctého,108
týdnů,21
mar,109
úno,110
ročníky,16
týdnu,21
ročníků,16
dubnové,111
měsíčník,112
uplynulého,73
marca,113
zimě,79
fotogalerie,114
proběhl,115
podvečer,116
dny,29
připravuje,70
uplynul,117
sezónu,52
vyšlo,118
srpnové,119
ročníkový,120
čtvrtletní,106
vyhlášen,121
chystáme,122
naplánována,39
proběhlo,115
dnech,29
potřetí,123
okt,124
prosincové,125
proběhly,115
since,126
prázdnin,127
chystá,122
čtvrtý,128
kalendářního,51
plánovaný,28
nedohlednu,129
plánuje,80
hod,130
odloženo,131
dvanáctý,132
prázdninami,127
etapa,133
večer,134
kolaudace,135
stoletím,68
harmonogram,136
letech,15
roční,137
občasník,138
pátý,139
vánoce,140
naplánovaný,39
patnácté,141
závěrečná,142
týdnech,21
jedenáctého,72
prázdniny,127
projektový,143
polednem,144
dvacátého,145
školní,146
slunečný,147
půlce,148
dvanáctého,132
aktualizace,149
svátkem,150
začátku,47
vyhlásil,151
čtvrtletně,152
současnosti,153
měsíců,13
závěr,154
feb,155
odložili,156
stanoven,157
plánovalo,80
oznámen,158
včera,159
mája,160
středověk,161
letošek,162
katalog,163
loňské,24
dokončení,164
sezony,165
dne,29
schváleno,166
celý,167
vyhlásilo,151
seminář,168
statistická,169
ppt,170
počtvrté,171
sklonku,172
připravili,173
atd,174
konce,59
předpokládaný,175
ohlásil,176
červnové,177
hodinou,178
podzimní,179
kalendář,180
květnových,58
sep,181
plán,182
patnáctého,141
necelý,167
navečer,183
celoročně,184
dní,29
dopoledne,185
čeká,186
datum,187
narozeniny,188
vyd,189
tisková,190
zavřeno,191
osmé,74
zahájení,192
zahajuje,193
připadá,194
školním,146
chladný,195
loňským,24
plánovala,80
vánoc,140
předběžně,196
vyhlásila,151
poloviny,102
přílet,197
ohlásila,176
dokončeno,198
každoročně,199
šesté,67
tisíciletí,200
přednáška,201
sezona,165
vyhlášení,202
konci,59
dec,203
dotisk,204
nejteplejší,81
horký,205
posmrtně,206
desátý,207
plánované,28
publikováno,208
předevčírem,209
atp,210
apod,211
vyhlašuje,212
přinesl,213
přehled,214
nevyšel,118
sedmé,105
školního,146
strana,215
deváté,107
slušovské,216
zahájilo,217
odkládá,218
dokončený,198
loňském,24
kongres,219
proběhla,115
dekádě,220
vychází,221
semestr,222
odpoledne,223
datem,187
roků,15
blíží,224
polovina,102
ročn,225
lety,15
čtrnáctý,226
neprodejné,227
zkraje,228
čtrnáctého,226
krátce,229
loni,230
nastalo,231
připomínáme,232
nejpravděpodobnější,233
nejhorší,234
plánovali,80
probíhal,235
druhý,236
letošním,37
třináctý,108
předposlední,237
měsícům,13
nevyšlo,118
uplyne,117
otevřeno,238
mimořádné,239
pořádal,240
vyjde,118
sezonou,165
sezoně,165
měsíční,241
deštivé,242
uzávěrky,89
připravilo,173
desáté,207
upřesněno,243
pošesté,244
soboty,23
zahájen,245
nov,246
datuje,247
pololetní,248
knižně,249
připravován,70
proběhne,115
sborník,250
dveřmi,251
pořádáme,240
počátku,61
tradičně,252
odlet,253
narozeninami,188
narozenin,188
připravovaný,254
dvacátém,145
naposledy,255
odpoledních,256
loňská,24
vysíláno,257
vyjít,118
připravovali,70
zastihl,258
podruhé,259
svátek,150
devátých,107
realizace,260
podzimním,179
patnáctý,141
následujícího,261
nastal,231
stolet,262
dnes,263
datu,187
nevyjde,118
zveřejněn,264
poněkolikáté,265
čtvrté,128
výukový,266
stanoveno,157
ročníkem,16
týdenní,267
zdaňovací,268
hodina,178
nestihla,269
volbami,270
dvacáté,145
vyšel,118
prázdninách,127
zveřejněno,264
obdobích,44
pořízený,271
války,272
promoce,273
konečný,274
odhad,275
předvečer,276
tel,277
téhož,278
publikován,208
dvacátý,145
odložila,156
víkendy,103
loňska,279
létem,27
přichystal,280
dni,29
výukového,266
mokrý,281
přichystali,280
neděli,25
slavíme,282
díl,283
veřejnost,284
prší,285
pětiletý,286
zimním,287
páté,139
obdobími,44
sezónách,52
konference,288
oficiálně,289
narozeninách,188
nástup,290
zorganizovali,291
rámcový,292
tříletý,293
každoroční,294
nestihne,295
republika,296
dopoledních,297
plánovány,28
třída,298
současnost,153
metodický,299
slunce,300
naposled,301
jarní,302
tamtéž,303
slunečno,304
staženo,305
novinky,306
připravila,173
nevychází,221
dvanácté,132
stihnout,269
průzkumu,307
příjezd,308
antivirů,309
svátky,150
prezidentské,310
vánocích,140
kalendářním,51
teď,311
předpokládaná,175
neoficiální,312
prezentace,313
devatenáctého,314
školními,146
datován,247
několikáté,315
výzva,316
prožili,317
vyhlásili,151
vytvoření,318
odklad,319
plánovaná,28
sešel,320
uskutečnili,321
pořádali,240
krizový,322
doprovodný,323
okamžik,324
úplněk,325
foto,326
odjezd,327
odložena,131
blížil,224
časopis,328
každopádně,329
včerejška,330
odevzdání,331
informujeme,332
lunárního,333
uskutečnil,321
splatnost,334
zveřejněná,264
pršelo,285
předpoklad,335
pořádá,240
zdaňovacího,336
ukončený,337
závěrek,338
čekají,186
termínu,77
odložen,131
přišel,339
dostupných,340
bulletin,341
průzkum,307
následný,342
vyprodáno,343
dneška,104
zasedání,344
potvrzeno,345
výročí,346
sluncem,300
akademický,347
uspořádalo,348
letopočet,349
minulém,60
nejnižší,350
vloni,230
víkendu,103
narození,351
teplotně,352
přivítat,353
sestup,354
vyhlášením,202
půlnoci,355
ránem,356
ukončení,357
sobotu,23
inspekční,358
ráno,356
vyhlásit,151
akční,359
článek,360
čekáme,186
připravil,173
snímek,361
rudý,362
létech,27
naplánovat,48
zhodnocení,363
chystali,122
desetiletý,364
zprávy,69
přednáškový,365
vyhlášeno,121
poprvé,366
leták,367
cca,368
plánuju,80
přivítali,369
sedmnáctého,370
východ,371
oznámeno,158
str,215
ročně,372
evaluační,373
tragický,374
vyhodnocení,375
posedmé,376
setmění,377
měs,378
nebývá,379
poslední,380
oznámil,381
vyhlášeny,121
nálada,382
devátém,107
minulé,60
nezažila,383
sezónně,384
ročního,137
tisk,385
několikadenní,386
jarem,20
hodin,178
rozpočet,387
dokončen,198
generálporučík,388
doteď,389
nejvhodnější,390
netrpělivě,391
uspořádali,348
převzato,392
očekáváme,393
zveřejněný,264
příprava,394
speciál,395
projekt,396
plánovaným,28
vydařil,397
očekávaná,398
nabídkové,399
připomínám,232
ročních,137
připadl,400
dekády,220
březnovém,83
ročníkové,401
zimu,79
nechystá,122
zpracováno,402
nabídky,403
závěrky,338
velikonoce,404
neplánuje,80
předběžná,88
příznivé,405
přijde,339
včerejší,406
narozen,407
posunut,408
slavil,282
zorganizovala,291
dvouleté,409
dlouhodobým,410
odložit,156
nestihli,411
vyvrcholením,412
lunární,333
dlouhodobý,410
nepřinesl,413
akce,414
dvoudenní,415
anovinky,416
prázdninové,417
startuje,418
proběhnout,115
neuveden,419
odhaduje,420
pátku,45
uskutečnilo,321
neúspěch,421
vydán,18
odložil,156
vycházka,422
počasí,423
předpokládá,424
vzpomínkové,425
úvod,426
shrnutí,427
pátého,139
zánik,428
časové,429
osmého,74
uspořádala,348
hodiny,430
čtvrteční,431
vyhrazen,432
slavili,282
modelový,433
průměrná,434
papírový,435
krvavý,436
sezonu,165
dopolední,297
době,437
senátní,438
následoval,439
přestože,440
vyhlásí,151
tanková,441
jednorázový,442
chladnější,195
číslo,443
očekávaný,398
publikovaný,444
beseda,445
čas,446
dvouletý,409
aktualita,447
zprovozněn,448
let,15
workshop,449
čtvrtým,128
květnovém,58
krátká,450
program,451
zítřek,452
přivítala,369
slaví,282
půlky,148
předvánoční,453
šestnáctého,454
poledne,144
uskutečněných,455
sklizeň,456
rozhovor,457
větrný,458
patře,459
teprve,460
vítá,353
konaný,461
uskutečnily,321
čekali,186
stažení,462
report,463
doba,437
informovali,332
počítačová,464
dočkali,465
výstava,466
sluníčko,467
dneska,468
vznik,469
pořádala,240
dnů,29
oslavili,470
karneval,471
anotace,472
předprodej,473
jednorázově,474
příspěvek,475
příznivá,405
zítra,476
červena,477
byl,478
probíhá,235
podzimních,179
připadlo,400
slunný,479
předběžné,88
posledním,380
čekalo,186
plánují,80
zemřel,480
uplynulé,73
únorovém,97
půl,481
nabitý,482
nadešel,483
počasím,423
probíhaly,235
nadcházející,484
tis,485
brožura,486
nicméně,487
zkratce,488
záměr,489
nejoblíbenější,490
ročním,137
nyní,491
vydáním,66
opravný,492
scénář,493
víkendový,494
čtrnácté,226
máje,22
roky,15
statistika,495
přichází,496
půlnocí,355
porada,497
prožíváme,498
schůzky,499
prezentováno,500
revize,501
aktuality,447
ročnících,16
ceník,502
novinka,306
předloni,503
vytvořeno,504
čtvrt,505
spuštěn,506
oficiální,312
třicátých,507
večerních,508
ochutnávky,509
úplňku,325
předchozími,510
oznámili,381
několikátý,511
ačkoli,512
zahájila,217
česku,513
připravuji,514
výstavy,466
zelený,515
otevřených,238
odstartoval,516
třetí,517
nejpozději,518
raný,519
devátého,107
předchozí,510
demise,520
zatmění,521
neoficiálně,289
zveřejnilo,522
prospekt,523
brzkých,524
procházka,525
hodině,178
vůbec,526
povedl,527
citováno,528
samotný,529
průběhu,530
těšili,531
přijeli,532
nástin,533
zprávě,69
přípravné,534
závěrečný,142
úmrtí,535
dotazníkové,536
připadalo,194
lednovém,87
ukončeno,337
oficiálních,312
ledem,53
představen,537
výtisk,538
časový,429
otevřený,238
závěrka,338
souborné,539
realizováno,540
letům,541
probíhají,235
reportu,542
závěrem,154
pořízených,271
publikace,543
květnového,58
newsletter,544
došlo,545
konečně,546
horko,547
pořádán,240
nastává,548
první,549
oznámila,381
tiskové,190
pátým,139
připravována,70
plánoval,80
nabídka,403
zažili,383
advent,550
tankový,551
neúspěšný,552
pořádaný,553
podzimního,179
generálmajor,554
událo,555
vinobraní,556
absolventy,557
večerní,508
pád,558
předešlého,559
uplynulém,73
devátým,107
úryvek,560
prázdninový,417
jindy,561
vzpomínka,425
čtvrtého,128
desetiletí,562
besídka,563
přesunuto,564
dočkal,465
připravují,70
poválečná,565
nejpříjemnější,566
zatím,567
nejoblíbenějším,490
obdob,568
středověku,161
stručný,569
tiskový,190
konal,570
dokončené,198
vnímán,571
připadající,572
vzpomínám,573
pořádalo,240
chystají,122
magazín,574
jednorázové,442
narozky,575
hodnotilo,576
aktuální,577
ačkoliv,578
třinácté,108
zprovozněna,579
anketa,580
fronta,581
filmový,582
nepřekvapuje,583
dubnovém,111
překvapit,584
dostupný,340
připravoval,70
uskutečněné,455
tříleté,293
nepřišla,339
zahájili,217
diplomová,585
příchod,586
uveřejněn,587
mírný,588
vycházelo,221
obzor,589
začínáme,590
aktualizovaný,591
předčasné,592
následovalo,439
připadal,194
chystal,122
směje,593
věnec,594
májový,595
těšíme,531
nezklamal,596
zažívá,597
astronomický,598
stupeň,599
vydaný,18
okamžikem,324
patřil,600
kapitola,601
oslav,602
nepřišlo,339
celostátní,603
semináře,168
přijímán,604
dějepis,605
noviny,606
chladné,195
posledních,380
pouhý,607
svolal,608
mesic,609
webový,610
spolufinancován,611
viz,612
nepřekvapí,613
zaznamenali,614
loňských,24
zanedlouho,615
započalo,616
ceny,617
ročenka,618
nabídková,399
ahojky,619
napsal,620
narodil,621
šestého,67
odstartovali,516
narozený,407
suchý,622
srovnání,623
krátkodobý,624
zažil,383
vrcholí,625
představoval,626
nejdříve,627
následující,261
příspěvková,628
oslavit,470
starověk,629
zažila,383
skautský,630
členská,631
sezónní,632
brožury,486
pokles,633
nepovedl,634
najevo,635
konání,636
odehrálo,637
zahájena,245
přijít,339
epizoda,638
neúspěšné,552
letopočtu,349
ranních,639
leto,640
pol,102
léty,27
nedožil,641
zprovoznění,642
akreditovaný,643
parlamentní,644
nedlouho,645
pořádají,240
cílem,646
noci,647
letopočtem,349
zaznamenat,614
měsíčním,241
nepřichází,496
rekordně,648
odpolední,256
vypršel,649
grafický,650
nevidět,651
návrh,652
finální,653
uplynulých,73
konzultace,654
plánovaných,28
hostilo,655
vyhlášena,121
cenová,656
uváděno,657
přehledu,214
poklesly,658
realizovali,540
předstihem,659
zastihla,660
výtah,661
řádné,662
ohňostroj,663
napadlo,664
chvíli,665
připraven,666
emailová,667
reedice,668
prvovýstup,669
příštím,57
popáté,670
výstavba,671
ukončené,337
připravované,254
barevný,672
odehrává,673
rubrika,674
pohodový,675
nouzový,676
statistický,169
schválen,166
minulých,60
náklad,677
západem,678
comments,679
výtisků,538
opět,680
zaváděcí,681
otevření,682
schválila,683
poznámka,684
zmíněn,685
kurz,686
připravený,666
volební,687
nepřišel,339
plánovaném,28
nadcházejícího,484
schůze,688
vyhlíží,689
průběžná,690
uveřejnění,587
zklamáním,691
nejzajímavější,692
šestým,67
vzdělávací,693
připravovat,70
bývá,379
míněno,694
dvacátých,145
příště,695
desátým,207
plodný,696
devatenáctém,314
krátký,450
volby,270
zveme,697
nevyjímaje,698
pozvánka,699
státnosti,700
probíhalo,235
představit,701
takže,702
materiál,703
pozdní,704
naznačují,705
zase,706
sahá,707
novoroční,708
dodržen,709
započata,710
očekávali,393
neuvedeno,419
neudáno,711
minuta,712
prožívali,498
výjimečný,713
odhady,275
dnešním,714
letních,715
oslaví,470
devadesátých,716
uvítali,717
uskutečněno,455
podlahový,718
letními,715
patro,459
photo,719
pořádaných,553
učební,720
autor,721
výhled,722
nezoufejte,723
vítězný,724
narozeninám,188
předchozím,510
neurčito,725
realizován,726
vyhlášky,727
zhlédnutí,728
předcházel,729
tematický,730
dokončením,164
statutárním,731
přišlo,339
uplynulo,117
edice,732
akcí,414
naskladňujeme,733
páteční,734
pozvánky,699
účelem,735
odnejnovějšíhonejstaršíhonejlepšíhovybrat,736
prvních,549
stanovený,157
vyleze,737
předpokládáme,424
harmonogramu,136
tento,738
přesunut,564
zveřejnila,522
udílení,739
zataženo,740
večerem,134
průběžný,690
rodným,741
stálá,742
studie,743
čekala,186
pozn,684
horké,205
vypukne,744
souhrnná,745
připravit,173
premiéry,746
držitel,747
zbývá,748
večera,134
překvapilo,584
vegetačního,749
cíl,646
slavit,282
poradě,497
nadcházejícím,484
přípravami,394
zavřenými,191
volno,750
vydaných,18
prezentován,500
konaly,570
souhrnný,745
horečka,751
nábor,752
republice,296
začíná,590
sněží,753
výřez,754
nadílka,755
nemine,756
čísle,443
prvním,549
republiky,296
pravidelné,757
termínem,77
sraz,758
každý,759
prvního,549
uvítala,717
parlamentními,644
průběh,530
vyhlásily,151
dobou,437
nedoporučuje,760
byla,478
letní,715
projektu,396
schůzka,499
přijel,532
prováděný,761
nevrátil,762
nedávnem,763
hmmm,764
předposledním,237
znamenal,765
klepe,766
uvidíme,767
publikované,444
nevypadalo,768
úvodní,769
nejslabší,770
připravené,666
mimořádný,239
zaznamenal,614
počas,771
dešťů,772
ministerský,773
aktuálně,774
výročím,346
přípravná,534
přinese,213
dlouhodobá,410
zvolen,775
skončilo,776
déšťobchody,777
prodáno,778
absolventské,779
ujít,780
báječná,781
informuje,332
stihli,269
teplejší,81
událostmi,782
okolím,783
jednodenní,784
průměrné,434
druhým,236
rozpad,785
vernisáž,786
slunovratu,787
sníh,788
těšit,531
sebevražda,789
závěrečné,142
průběžně,790
odehrával,673
oznamuje,791
vybraný,792
jednou,793
předcházejícího,794
archive,795
kupon,796
výstup,797
prezidentská,310
otevřen,238
volbách,270
jmenován,798
každých,759
schválil,683
štědrý,799
etapy,133
starověku,629
západ,678
pobočka,800
přednášky,201
nejaktivnější,801
neauditované,802
spadne,803
univerzita,804
středy,17
necelých,167
monitorovací,805
vyšla,118
počkat,806
odložení,807
cenové,656
zveřejnění,808
předpokladu,335
připravovaných,254
padl,809
uspořádal,348
sborový,810
minuty,712
jedenkrát,811
etapě,133
bohužel,812
připomeneme,813
týž,278
celkový,814
svítání,815
brigáda,816
číslech,443
nebyl,478
přivítal,369
odehrál,637
náhlý,817
utekl,818
posledními,380
zralost,819
horka,547
okolo,820
připadají,194
zveřejnil,522
sklizně,456
oznámena,158
připravovala,70
měsíčně,821
komentáře,822
zvýhodněné,823
končí,824
akcemi,414
koncert,825
vítěz,826
převrat,827
těšila,531
záchranný,828
přehledy,214
nečekaně,829
zhodnotit,830
prvními,549
celkově,831
pětileté,286
odehrát,673
tentokrát,832
oslavami,602
organizuje,833
mráz,834
pokračování,835
detail,836
čtyřleté,837
archiv,795
trvá,838
nezažil,383
volebním,687
uplynula,117
hnědý,839
realizovala,540
šok,840
tropický,841
vykázal,842
plánování,843
významný,844
druhé,236
dokument,845
ohlásili,176
fialová,846
počkáme,806
vypukla,744
kontrolní,847
oslavil,470
akciový,848
during,849
minutami,712
desátém,207
jarním,302
spojován,850
kurzy,851
několikrát,852
moskevský,853
vycházky,422
vítáme,353
dostání,854
rozhlas,855
plánem,182
dvouměsíční,856
placený,857
plánu,182
končící,858
nepřipadá,194
zpracovala,859
nedokončený,860
obvykle,861
všem,862
zúčtování,863
předčasných,592
srovnatelný,864
spolupráce,865
slunné,479
polovinu,102
předběžných,88
cenový,656
chvílí,665
nevypadá,866
příroda,867
včerejším,406
pořízení,868
tyden,869
kraj,870
vždyť,871
uskutečnila,321
vycházel,221
zpracoval,859
posloužil,872
předešlý,559
veřejná,873
plánuji,80
pokus,874
metodického,299
výlet,875
popraven,876
nemocenská,877
oranžová,878
správa,879
utíká,880
tohle,881
sametový,882
nejnovější,883
očekávala,393
příznivější,405
rozvojový,884
aneb,885
nevím,886
prognóza,887
neváhejte,888
ankety,580
měrná,889
optimistický,890
přípravný,534
brzy,627
koneckonců,891
dočkáme,465
slevy,892
jarních,302
tejden,21
kdy,893
doktorských,894
dodání,895
červený,896
turistické,897
známo,898
loňsku,279
zhruba,899
titul,900
čerstvý,901
slet,902
konferenci,288
teplé,81
plánovat,80
uskutečnit,321
vyhlášený,121
očekává,393
nestihl,269
narozeninový,903
vydána,18
nedávný,904
požádala,905
kalendáře,180
sběr,906
domluvě,907
exkurze,908
klíčovým,909
primátor,910
desátou,207
přiznání,911
okny,912
nedočkal,913
odsouhlasila,914
uveřejnil,587
nejzajímavějším,692
východě,371
realizované,726
bulletinu,341
deníčku,915
předplatné,916
tříd,298
padesátých,917
podávaný,918
památný,919
přibližný,920
dlouhodobé,410
zítřka,452
popravdě,921
třídenní,922
žně,923
ago,924
celoročního,925
odjel,926
napadá,927
periodický,928
pontifikátu,929
jelikož,930
hodnotit,576
růstový,931
dobyt,932
nemluvě,933
večery,134
vedro,934
aktualizovaná,591
spojený,935
iniciovala,936
představení,937
konečným,274
dokončena,198
zahájením,192
veřejnosti,284
neláká,938
dobrý,939
oficiálním,312
rohem,940
recenze,941
semestru,222
samý,942
doprovodným,323
vypsala,943
celoroční,925
minutě,712
ledový,944
okupace,945
vytvořen,504
naznačuje,705
mimosezóna,946
chladno,947
vycházíme,221
pořádané,553
déšť,772
milník,948
užili,949
zkrátka,950
vypravili,951
sedmého,105
nejšťastnější,952
příprav,394
pořádaly,240
sedmdesátých,953
nastěhování,954
nejprodávanějším,955
kolem,956
volba,270
katalogové,957
vypracování,958
předtím,959
klíčový,909
besedy,445
grandslam,960
vítají,353
spuštěno,961
vyvrcholení,412
přivítáme,369
premiérový,962
zveřejněna,264
pilotní,963
narozená,407
těším,531
petr,964
vypsal,943
velkolepý,965
videoklip,966
redakce,967
vyhodnocen,968
akreditace,969
znovuotevření,970
bakalářská,971
udáván,972
přicházíme,496
průzkumů,307
porovnání,973
workshopy,974
nadmořské,975
přišla,339
špatný,234
vymezeno,976
kurýr,977
probíhat,235
zve,697
meeting,978
přírůstek,979
kvarta,980
nejžádanější,981
expedice,982
celodenní,983
nový,883
již,984
přijede,532
oceněno,985
rámcové,986
vánoční,987
internetový,988
dorazila,989
článku,360
pochod,990
oběd,991
nepřálo,992
referendum,993
konstatovat,994
náma,995
šířkách,996
nevzpomínám,573
nevíme,886
dispozici,997
magisterský,998
důležitým,999
krajskými,1000
nepočítám,1001
příručka,1002
dříve,627
dopadlo,1003
zpravodaji,95
nedávno,763
chviličku,1004
uskuteční,321
spustili,961
provázel,1005
málokdy,1006
oslavila,470
dokončila,1007
poptávek,1008
sucha,1009
aktualizované,591
podtrženo,1010
přihlašte,1011
překvapením,1012
tvorby,1013
odstartovalo,516
změna,1014
uskutečněn,455
výjezd,1015
realizovaný,726
světová,1016
stihne,269
komentoval,1017
evaluace,1018
optimistické,890
zjišťujeme,1019
nadprůměrný,1020
což,1021
odstartovala,516
hodnocen,1022
hrůza,1023
čtyřicátých,1024
rezignoval,1025
pokusili,1026
šestém,67
protože,1027
bonus,1028
spotřebovat,1029
předání,1030
převzat,1031
pořádaná,553
ochutnávka,1032
přináší,1033
dlouhodobém,410
očekávání,1034
pravděpodobně,1035
listí,1036
hodnocené,1022
pořadovým,1037
rubrice,674
pozorováno,1038
usmívá,1039
okres,1040
měsíčních,241
vegetační,749
summer,1041
horší,1042
klubová,1043
nárůst,1044
donedávna,1045
hodnocený,1022
zápis,1046
naopak,1047
stručné,569
okrsek,1048
hodinách,178
půlka,148
absolutoriu,1049
báječný,781
potvrzený,345
veletrh,1050
klesly,1051
během,1052
bakalář,1053
připomenutí,1054
dramatický,1055
čekat,186
odhaleno,1056
večeru,134
maturita,1057
taky,1058
realizační,1059
hodinu,178
dopadne,1003
zapadá,1060
spoluautor,1061
příznivý,405
počítáno,1001
odnímatelný,1062
may,1063
hydrometeorologický,1064
kategoriemomentálně,1065
projednávání,1066
olympiáda,1067
běží,1068
slevami,892
čekal,186
statistické,169
snažení,1069
obědu,991
místo,1070
journal,1071
oblohou,1072
připravenosti,1073
podplukovník,1074
červnovém,177
krátkodobé,624
přidáno,1075
započato,1076
avizoval,1077
oceněn,985
odehrávalo,673
americký,1078
dodatek,1079
stihla,269
vzpomínání,1080
kamny,1081
společným,1082
spolupracovníci,1083
potrvá,1084
zrealizovat,1085
zavítat,1086
bylo,478
maturitních,1087
objeven,1088
minulá,60
objednáno,1089
zpřístupněn,1090
procházky,525
nastávají,548
nápad,1091
námi,995
širým,1092
schovává,1093
předkládáme,1094
smutný,1095
skončení,1096
pražský,1097
distribuován,1098
profesionál,1099
záměrem,489
meziročním,1100
vánočními,987
překvápko,1101
cen,617
povrch,1102
zahajovacím,1103
objednávky,1104
objednaný,1105
doporučováno,760
přesněji,1106
rozhodně,1107
nočník,1108
nepředpokládá,424
zátěžové,1109
dočkat,465
převratu,827
sešli,320
scéna,1110
trvání,1111
pomocní,1112
průměrný,434
netěší,531
rozpuštění,1113
snížená,1114
letový,1115
výplatní,1116
month,1117
loňskému,24
evidenční,1118
nejlepší,1119
výtvarný,1120
upright,1121
stoleté,1122
volitelný,1123
přemýšlíme,1124
průzkumy,307
obecně,1125
maloobchod,1126
zaplacené,1127
mateřské,1128
česky,1129
zpracovali,859
termínech,77
účinnosti,1130
nejsilnějším,1131
vysvědčení,1132
rozpis,1133
tropy,1134
připravovaná,254
programové,1135
stanovili,1136
vstříc,1137
spustit,961
odstrcilikove,1138
nejnovějšíchod,883
pestrý,1139
komentuje,1017
zveřejněny,264
oslavuje,1140
septima,1141
komentář,822
rozhodný,1142
papírová,435
půlroční,1143
zahájeno,245
přináším,1144
rámcového,292
zaznamenán,1145
nabízíme,1146
zítřejší,1147
úvahy,1148
mapka,1149
položen,1150
deník,1151
očekávat,393
týdenních,267
zorganizoval,291
vznikl,1152
dorazil,989
výukové,1153
projektové,143
neznáme,1154
slevomat,1155
milénia,1156
navrhovaný,1157
zaplaceno,1127
spustilo,961
kosmonaut,1158
nar,407
mítink,1159
projektová,143
denní,1160
vzdělávacích,693
valná,1161
plánujete,80
východem,371
nechodí,1162
sobotní,1163
benefiční,1164
sněžit,753
testování,1165
nezačal,1166
mimořádných,239
chtěli,1167
nejdůležitější,999
zvolený,775
dokončil,1007
kampaně,1168
přijato,1169
day,1170
rozjíždí,1171
mesice,1172
zaznamenáno,1145
orientačně,1173
nehodovosti,1174
popis,1175
přišli,339
průmysl,1176
pryč,1177
ohlédnutí,1178
strávili,1179
nejpopulárnější,1180
hlášeno,1181
mezzosoprán,1182
podrážděnost,1183
následuje,439
děs,1184
nasvědčuje,1185
jedinými,1186
vrcholný,1187
předplatném,916
úterní,1188
stihl,269
přehlídka,1189
nejlevnější,1190
etapu,133
čtvrtina,1191
noc,647
datadisk,1192
články,360
sebou,1193
následovat,439
zdaleka,1194
konečná,274
trvala,838
nedávná,904
předložili,1195
slevové,1196
bouřlivé,1197
předložení,1198
objednali,1089
zpětně,1199
vyúčtování,1200
předpokládalo,424
inicioval,1201
éry,1202
cena,617
nástěnky,1203
nevzdává,1204
představovali,626
zveřejňuje,1205
šedesátých,1206
poté,1207
projektových,143
nanečisto,1208
prohlášen,1209
nejdřív,1210
povětrnostními,1211
odložené,131
ohlášení,1212
poplach,1213
rozhodnuto,1214
nejlepšími,1119
neúspěšně,1215
tříměsíční,1216
mrknout,1217
nákupy,1218
ostatními,1219
snažili,1220
průměrně,1221
řádná,662
velikonoční,1222
růžový,1223
schůzi,688
končil,824
zasedl,1224
křest,1225
předložila,1195
spojen,935
završil,1226
nastane,231
stálé,742
předpovědi,1227
výjde,1228
dělostřelecký,1229
traduje,1230
koná,570
nepamatuje,1231
uvolněn,1232
viděn,1233
mrazivé,1234
necelé,167
polokouli,1235
doplňkový,1236
nemůžu,1237
roka,15
zveřejněné,264
konzultaci,654
počítala,1001
náročný,1238
současné,1239
časová,429
zdarma,1240
nástěnka,1203
odhadů,275
dálkové,1241
přednesl,1242
tuším,1243
zesnulý,1244
mimochodem,1245
představujeme,626
deštné,1246
předložit,1195
skončil,776
stočné,1247
martin,1248
prohlásil,1249
později,518
pátá,139
nezjištěno,1250
někdy,1251
požádalo,905
předpokladem,335
osvědčilo,1252
hodnotíme,576
rekonstruovaný,1253
vol,1254
skrýt,1255
letním,715
kongresu,219
nekonala,1256
vzato,1257
vyhrazeny,432
klikový,1258
pařížský,1259
započal,1260
příležitostné,1261
netuším,1262
vypukly,744
evidujeme,1263
spuštění,1264
napadne,664
akordeon,1265
vernisáže,786
dřívější,1266
časopisu,328
ligový,1267
postupný,1268
rozpuštěna,1269
naštěstí,1270
šestidenní,1271
letí,1272
výborný,1273
červená,896
nejhorším,234
očekávalo,393
třes,1274
zdařilý,1275
zaznamenaly,614
nedávných,904
nezmínil,685
prezentoval,500
odborný,1276
sortiment,1277
vyhlašují,212
trimestru,1278
mezidobí,1279
nepřijde,339
oznámilo,381
chystala,122
premiéra,1280
docházky,1281
nakonec,1282
astronomické,598
úspěšný,552
nejnovějším,883
komunismus,1283
startem,1284
titulů,900
odhadován,1285
večírky,1286
úvaha,1148
představila,701
zahájily,217
dokončená,198
zobrazit,1287
středeční,1288
uváděný,1289
hlavními,1290
společný,1082
nejúspěšnějším,552
uteče,818
zpracován,402
příjde,1291
trvanlivost,1292
posudek,1293
snažíme,1220
neprošlo,1294
neexistuje,1295
fakt,1296
nedá,1297
metodická,299
lékařský,1298
slunečné,147
zelená,515
stránkách,1299
výprodeje,1300
rozšířený,1301
událostem,782
přehledný,1302
jediný,1186
peruti,1303
hospodářský,1304
nejdražší,1305
připravily,173
předkolo,1306
rekvalifikační,1307
příchodem,586
návrat,1308
očekávané,398
zpožděním,1309
úplné,1310
obzvlášť,1311
dopaden,1312
trval,838
netrvalo,838
venku,1313
mimořádném,239
meziroční,1100
necelými,167
neprobíhá,235
téma,1314
nadmořská,975
zpracovaná,402
desátého,207
dobu,437
neexistoval,1295
déle,645
historický,1315
neznámý,898
koresponduje,1316
několik,1317
prožívá,498
opětovné,1318
nahráno,1319
námět,1320
emise,1321
deset,1322
klimatickými,1323
výplaty,1324
marný,1325
dotazníky,1326
předchozích,510
koordinace,1327
střednědobé,1328
neví,886
meteorologický,1329
vydané,18
příloha,1330
ikdyž,1331
rozcestník,1332
hotový,1333
hodnotící,1334
zkráceně,1335
citace,1336
nezklame,1337
rozhoduje,1338
novinku,306
fotoalbum,1339
tvorba,1013
svíčková,1340
zavítal,1341
putovní,1342
vánocům,140
ostravský,1343
zimní,287
definitivní,1344
představilo,701
nestihnu,1345
večeře,1346
pozdního,704
reportů,1347
zakoupit,1348
když,1349
šílený,1350
pozorujeme,1038
nejvýraznější,1351
opravné,492
upřesnění,1352
sociologický,1353
připadne,400
valné,1161
nezdá,1354
dorazí,989
vždy,1355
odjížděl,1356
hurikán,1357
požádal,905
vzestup,1358
poschodí,1359
překvapuje,583
dovolená,1360
ohňostroje,663
připomene,813
probíhala,235
sněhem,788
výplatě,1324
obědě,991
meteorologové,1361
neexistovalo,1295
třebaže,1362
tiskem,385
svatého,1363
několikaleté,1364
víkendech,103
počítalo,1001
pořízen,271
organizován,833
aktivita,1365
skvělé,1366
nezačala,1166
pleistocénu,1367
návštěvníky,1368
padá,1369
saláty,1370
kohezní,1371
odjakživa,1372
plynový,1373
nedokázaly,1374
příplatek,1375
prohlídka,1376
zal,1377
tady,1378
pravděpodobné,233
hostila,655
publikována,444
pozdě,518
úroda,1379
nedokážeme,1374
nepřežil,1380
projednání,1381
nedovedu,1382
dnům,1383
rodičák,1384
předpokládala,424
příčce,1385
prodl,1386
narozena,621
včas,1387
dluhopis,1388
nejúspěšnější,552
výnos,1389
trhy,1390
sklad,1391
podklad,1392
víme,886
slavila,282
otevírá,1393
webových,610
vodné,1394
opětovně,1395
fotografické,1396
podáno,1397
uveden,1398
vzpomíná,573
ožívá,1399
osmém,74
třetím,517
ofenzíva,1400
kamarádi,1401
víš,886
císařství,1402
mrazy,834
trvanlivosti,1292
nedokázal,1374
termínů,77
průběžné,690
připravena,666
finálový,1403
vydrželi,1404
rozmezí,1405
nečeká,186
dlouhodobými,410
pravidelný,757
strašný,1406
jenže,1407
svazek,1408
informovala,332
doktorský,894
celoročním,925
uvádí,1409
singlový,1410
zuří,1411
činil,1412
zvažovala,1413
maturitním,1087
požadujeme,1414
počká,806
obsáhlý,1415
nejspíše,1416
listy,1417
klávesové,1418
plánovaného,28
padal,1369
oheň,1419
dárkové,1420
neobjeví,1421
výborná,1273
důležitý,999
shlédnutí,1422
stanovena,157
elektřina,1423
computing,1424
červeně,1425
výtvarná,1120
cestovali,1426
nejvýznamnějším,844
jediným,1186
patra,459
sluníčkem,467
počítal,1001
včasné,1427
slavnosti,1428
opožděné,1429
podlahové,718
ostatně,1430
někteří,1431
kontrolního,847
úsvitu,1432
lékařská,1298
bakalářský,1433
chýlí,1434
turistická,897
vysvěcení,1435
programovém,1135
předpokládal,424
tragické,374
tiskoviny,1436
lino,1437
nepotvrdila,1438
manuál,1439
distribuovaných,1098
prožije,317
prodělal,1440
počin,1441
návštěva,1442
celková,814
představený,537
minulým,60
spouští,1443
dorazilo,989
nejčtenější,1444
nejhezčí,1445
události,782
utratí,1446
splatný,1447
rekordním,1448
memoriam,1449
nálady,382
povodně,1450
vyrážíme,1451
smutek,1452
závěrce,338
katalogu,163
telefonický,1453
večeří,1346
slunečného,147
podávat,1454
třetího,517
chladných,195
týdenního,267
potvrdil,1438
odhadována,420
vyjeli,1455
zaregistrováno,1456
inspekce,1457
turistika,1458
sklerózou,1459
prožil,317
dokončili,1007
porovnánízobrazit,1460
list,1417
sypaný,1461
světě,1462
povodněmi,1450
nečekala,1463
dokončených,198
přeje,1464
pokusil,1026
dotazník,1326
neúspěchy,421
herec,1465
nepřežila,1380
jedno,793
nestálo,1466
vypracovaný,1467
nátěrové,1468
oblíbený,490
dokumentace,1469
časových,429
činohra,1470
platnost,1471
kalendářem,180
zazněl,1472
nezapomenutelný,1473
okolními,1474
podkladem,1392
odstartovat,516
vyšly,118
debutoval,1475
konců,59
možný,1476
podal,1477
plakát,1478
teplých,81
vyhláškou,727
závěrečným,142
olympiády,1067
zmiňován,1479
zakončení,1480
rajčatový,1481
volitelné,1123
organizovali,833
haha,1482
pavel,1483
série,1484
požádali,905
kolo,1485
nejbližší,1486
celým,167
absolvování,1487
brzo,627
učebních,720
nízké,350
spadnutí,1488
informoval,332
festivaly,1489
proběhnou,115
sedmém,105
provází,1005
válka,272
otevře,1490
spolupracovník,1083
trojboj,1491
kabelová,1492
projednán,1493
čekám,186
seminářů,168
očekávají,393
svit,1494
jednoznačný,1495
mimořádná,239
nahlášen,1496
odletěl,1497
organizovala,833
dorazit,989
médii,1498
rozpočtový,1499
třetina,1500
zmiňovaný,1501
limitovaná,1502
jednorázová,442
zaveden,1503
závěru,154
předpokladům,335
pozorován,1504
vid,1505
překvapil,584
film,1506
novinkami,306
nejnáročnější,1238
publikovaná,444
výprodej,1300
spadl,803
trh,1390
horkými,205
těžký,1507
nekoná,570
zpravidla,1508
vícedenní,1509
programového,1135
nastupuje,1510
zklamal,596
panuje,1511
obrněná,1512
stádium,1513
soutěže,1514
dětství,1515
ligovým,1267
přibližně,1516
šéfredaktor,1517
místě,1070
poledni,144
systémový,1518
zaznamenala,614
maiden,1519
střednědobého,1328
souhrnné,745
přetrvává,1520
konala,570
podává,1454
štve,1521
padlo,809
dodatečně,1522
sekční,1523
takhle,1524
nákladem,677
stručným,569
rozhodující,1525
vepřová,1526
online,1527
fondy,1528
meteorolog,1529
zorganizovat,291
přede,1530
narodila,621
rekordní,1448
upozorňovali,1531
prožila,317
opakované,1532
všudy,1533
dvakrát,1534
sluneční,1535
povedlo,1536
aféra,1537
čajový,1538
dřív,627
vystoupat,1539
ukončen,337
přestupném,1540
zakončila,1541
nultý,1542
novinkou,306
fáze,1543
předplatitele,1544
přesvědčivé,1545
vzpomínat,573
starokatolické,1546
přeplatek,1547
oficiálního,312
nepotvrdil,1438
rodiči,1548
teda,1549
třídními,1550
knižní,1551
výhodnější,1552
světlý,1553
údaj,1554
zúčastnilo,1555
publikuje,208
rehabilitován,1556
spadlo,803
osmým,74
ach,1557
aktuálního,577
vzpomínky,425
datována,247
výčet,1558
odpočinkové,1559
aktualizován,96
hodinová,1560
zmizel,1561
evidenčním,1118
drcený,1562
geologický,1563
kocour,1564
provedli,1565
podali,1477
sólová,1566
pochádzam,1567
deníky,1151
stagnuje,1568
zanikl,1569
devátá,107
červ,1570
plánovací,1571
devět,1572
dřívějším,1266
předčasný,592
přírůstky,979
nadcházejících,484
dostavila,1573
veřejností,284
uváděn,1289
novinář,1574
fax,1575
armáda,1576
časech,446
navštívilo,1577
telefonickém,1453
experiment,1578
máme,1579
obsazen,1580
připomínkování,1581
ověřeno,1582
uživatelská,1583
startují,418
napadl,664
termíny,77
vývoj,1584
lístek,1585
prezentuje,500
resp,1586
obzoru,589
spatřen,1587
zpravodaje,95
odehrála,637
článkem,360
doplatek,1588
vyhrává,1589
senátních,438
nejdůležitějším,999
verze,1590
dolarů,1591
kariéry,1592
doporučuje,760
nepamatuji,1231
zdát,1354
charakteristika,1593
meziročně,1594
slunečními,1535
zvýhodněná,1595
začínal,590
květem,1596
sleva,892
premiérka,1597
přehlídky,1189
nalezeno,1598
stěží,1599
ohněm,1419
státnice,1600
adventní,1601
chystaný,1602
zúčastnili,1555
prezidentských,310
website,1603
vypuklo,1604
grandslamový,1605
neobjevila,1606
maškarní,1607
zpravodajský,1608
premiérou,746
trénovali,1609
přivítá,369
rozhleden,1610
komnata,1611
neuvádí,1409
činnosti,1612
primátorem,910
zúčastnil,1555
odletí,1497
krásný,1613
realizoval,540
klapne,1614
výsledků,1615
nejkrásnějším,1613
nízká,350
osmdesátých,1616
nedošlo,545
dárková,1617
hodnotili,576
světové,1016
neshodám,1618
provaz,1619
opakuje,1620
úkol,1621
audiokniha,1622
povrchový,1623
režie,1624
magnituda,1625
znamenat,765
pátém,139
válečný,1626
přijela,532
přinesly,213
vzrostly,1627
východní,1628
eur,1629
přiložený,1630
nemůžeme,1237
nespí,1631
objednané,1105
red,967
zapálit,1632
uděleno,1633
vydařila,1634
zahájeného,245
project,1635
vysněný,1636
nedopadlo,1003
vydávané,1637
zmizelo,1561
kulatý,1638
datovat,247
významným,844
přístupný,1639
zakoupen,1348
dlouhodobě,1640
tištěný,1641
vyučovacích,1642
nejkrásnější,1613
release,1643
preventivní,1644
příp,1645
vlastně,1646
podpořených,1647
dočká,465
přivítání,369
spustila,961
dostavit,1573
úspěchy,1648
jasný,1649
nechtěl,1167
čtvrtém,128
tréninkový,1650
výukových,1651
realizovat,540
vybrán,792
předcházelo,729
propuštěn,1652
nedávné,904
spuštěna,506
připravená,666
nepřinesla,213
video,1653
dlouhodobého,410
fotodokumentace,1654
dokumentární,1655
oslavy,602
měsíčního,241
pořádána,240
trávili,1656
dvojnásobný,1657
nejspíš,1658
dožil,1659
zimních,287
vyhotovení,1660
uvádíme,1409
absolvovali,1661
aktualizovaného,591
nepřála,1464
plynovým,1373
neznámo,1662
nedosáhne,1663
jednání,1664
náš,1665
studená,93
konalo,570
nakladatel,1666
fotka,1667
březosti,1668
ukončil,1669
neúspěchem,421
zažilo,1670
neočekává,393
archivní,1671
posezení,1672
barva,1673
projednává,1674
celého,167
protektorát,1675
nepřál,1464
definitivně,1676
večírek,1286
hrozný,1677
voleb,270
nepříznivé,405
jeden,793
oceánem,1678
předpokládám,424
dočasný,1679
tma,1680
spěchá,1681
bakalářské,1433
předcházející,794
sedmá,105
studentská,1682
očekával,393
trailer,1683
seriál,1684
druhou,236
objevu,1685
minutu,712
výhledy,722
kopřivka,1686
román,1687
evakuace,1688
leté,1689
realizujeme,540
umřel,1690
maturoval,1691
kronika,1692
nejprodávanější,955
zahajovací,1103
olympijský,1693
zveřejňujeme,1205
masový,1694
dodnes,1695
botanická,1696
těšíte,531
očekávaným,398
celkové,814
prodloužený,1697
procházku,525
záštitou,1698
anonym,1699
lem,1700
časopisy,328
poválečný,565
pluk,1701
porovnávací,1702
pravěku,1703
sejmutí,1704
nejrozsáhlejší,1705
topný,1706
tubus,1707
pomalu,1708
končím,824
tomto,738
turnaj,1709
kaštany,1710
nemůže,1237
farmářské,1711
účtová,1712
událostech,782
nekonalo,1713
čerstvé,901
juniorský,1714
osmnáctého,1715
vydáván,1637
fialový,846
krajské,1000
pozorována,1038
hodnotila,576
horami,1716
prezident,1717
velkoformátový,1718
tovaru,1719
zvolili,1720
horká,205
poznamenat,1721
svolává,1722
otestování,1723
jenomže,1724
zamítl,1725
fotografická,1396
navštívil,1577
nepovinný,1726
představovala,626
maturitní,1087
hlavním,1290
doporučujeme,760
dovolených,1360
nepovede,1727
dodaných,1728
letošních,37
myšlenka,1729
skončená,1730
hezký,1445
začalo,1166
narozeninové,903
schvaluje,1731
platný,1732
projektem,396
vítejte,353
skvělý,1366
metodické,299
pět,1733
netroufám,1734
absolvovala,1661
představili,701
podkladů,1392
kresba,1735
uklidňuje,1736
absolvent,557
zadaří,1737
nedorazí,1738
zrovna,1739
dnešní,714
plány,182
týdeník,1740
vzpomínáte,573
stanovujeme,1741
shrnout,1742
jedněmi,1743
nedokážu,1374
schválená,166
současným,1239
dějství,1744
domluvené,1745
výchozím,1746
uvítal,717
neúspěšná,552
rovinatý,1747
oznámit,381
přiznal,1748
dočíst,1749
druhými,236
přečtení,1750
vyzkoušeno,1751
výstavou,466
obhajoba,1752
protestovali,1753
svátku,150
prezentované,1754
magisterské,998
původně,1755
osobně,1756
tip,1757
akumulátorový,1758
promoval,1759
kontrolované,1760
nepovedlo,1536
knihy,1761
brněnský,1762
vykonán,1763
semestrální,1764
podpořila,1765
nejpopulárnějším,1180
básník,1766
nápadem,1091
promoci,273
vládními,1767
krutý,1768
snídaně,1769
daleký,1770
hodinový,1560
přinesli,213
facebook,1771
příznivého,405
splněn,1772
započala,1773
dostavili,1573
novinkydle,1774
říkám,1775
školce,1776
přinesla,213
prezentovali,500
věku,1777
jediné,1186
počítáme,1001
poštou,1778
umírá,1779
podotknout,1780
publikovali,208
klinický,1781
kdykoli,1782
konzultační,1783
nedostavil,1784
naskytla,1785
vycházejí,221
strouhaným,1786
překvapení,1012
zavřené,191
samotná,529
hovoří,1787
golfový,1788
spustil,961
tradičními,1789
jedním,793
pól,1790
přijatelné,1791
bronzová,1792
pohybuje,1793
nervozita,1794
dopadli,1003
skvělá,1366
skvrnitá,1795
jeví,1796
založeno,1797
neuvažuje,1798
drtivá,1799
nečekali,186
šéfredaktorka,1517
ochutnávkou,1800
slunného,479
dlouho,645
kancléřka,1801
autoportrét,1802
narozeni,621
ahoj,1803
dorůstá,1804
deň,1805
bezplatné,1806
pořád,1807
nepřetržitě,1808
chcem,1809
okamžitý,1810
středu,17
opony,1811
taktéž,1812
strávila,1179
odchod,1813
pořízené,271
platnosti,1471
nejkratší,450
víkendů,103
spotřeby,1814
školních,146
konstatuje,994
devítiletá,1815
zhroutil,1816
odznak,1817
vyjímkou,1818
připomínán,232
výběr,1819
myšlenkový,1820
plážemi,1821
příznivých,405
skončila,776
nebere,1822
kontrola,1823
čtvrtině,1191
dokončeny,198
objevilo,1606
přicházejí,496
nedokáže,1374
nedokázala,1374
mimořádného,239
hotovo,1333
tenký,1824
posvícení,1825
festivalové,1826
doporučen,1827
meteorologické,1329
nejvyšší,1828
nezapomněli,1829
rozhodné,1142
psal,1830
klesaly,1831
konat,570
vždycky,1832
vyskočí,1833
necháváme,1834
přijďte,339
úkazy,1835
týdenním,267
společná,1082
budiž,478
ústředním,1836
rozpočtové,1499
brzké,524
svět,1462
padne,809
nejvýznamnějšími,844
táhne,1837
stránka,1299
zahájil,217
rané,519
výsledek,1615
fakulta,1838
chápán,1839
přerušením,1840
vstup,1841
schovat,1842
astronomická,598
zájezd,1843
svatý,1363
otevřena,238
odstavení,1844
nepatřil,600
sněhový,1845
zpestření,1846
krátkém,450
výstižný,1847
víkendové,494
sklepních,1848
vyrážka,1849
projednala,1850
výšlap,1851
pultech,1852
jedenáct,1853
odvolala,1854
dlouhý,1855
neskončil,776
vyústilo,1856
maximem,1857
vzalo,1858
zažije,383
odhaduji,1859
vydařené,1860
stavebnictví,1861
skoro,1862
bod,1863
deště,772
čtyřikrát,1864
konstatovala,994
učebního,720
vydávaný,1637
zákazníkům,1865
takový,1866
republikové,1867
třetinu,1500
metodiky,1868
vyvrcholily,1869
komentářů,822
maloobchodní,1870
zkušební,1871
prázdninových,417
uzavřelo,1872
zimou,79
brno,1873
pokoušel,1874
hodnotím,1875
lehký,1876
protlak,1877
připomněli,813
neviděli,651
aktivity,1365
slavnostní,1878
spol,1879
přejde,1880
chemický,1881
trvalo,838
podtitulem,1882
odvolán,1883
pomalý,1884
sprint,1885
nezávislosti,1886
patřit,600
následujícím,261
doprovází,1887
dobrá,939
ihned,1888
dodatečný,1889
půli,1890
skončí,776
dojmy,1891
počítám,1001
růžově,1892
pokoušeli,1874
mobilizace,1893
uvažuje,1798
načasování,1894
koluje,1895
nevyšla,118
zavítali,1896
oznámeny,158
představil,701
pochopitelný,1897
tělovodavyšetřenívztahvývojzdravíčasžena,1898
doprovodné,323
nepředstavuje,626
nastoupil,1899
akademickém,347
připravovaného,254
zachvátil,1900
tatínky,1901
prostorách,1902
fantastický,1903
kompletního,1904
celej,1905
rekonstrukce,1906
představeno,701
oslavovat,470
vyplula,1907
květ,1596
šest,1908
zavzpomínat,1909
aktualit,447
tankové,551
spisovatel,1910
předpokládají,424
poplatek,1911
chtěla,1167
víkendových,494
odehraje,637
kolísání,1912
čaj,1913
ukázka,1914
vzdělávacími,693
komunistický,1915
odmítla,1916
nástěnný,1917
nadarmo,1918
vykázala,842
nemluví,933
vzpomene,1919
přívětivé,1920
tržby,1921
hrozná,1677
vytvořený,504
název,1922
střed,1923
nepřesahuje,1924
delším,1855
schůzkách,499
česnek,1925
čtvrtka,36
všeobecně,1926
čtrnáct,1927
ples,1928
pokračoval,1929
tragická,374
časovým,429
pátých,139
zničen,1930
telefonické,1453
edition,1931
nedokázali,1374
neoficiálních,1932
dlani,1933
předložen,1934
analýza,1935
regionálními,1936
dálková,1241
ruky,1937
otevřelo,1490
připravíme,173
hodinové,1560
čin,1938
předpovědět,1939
všude,1940
soutěžemi,1514
nabízí,1146
znovu,1941
života,1942
asi,1943
rozšířené,1301
žloutenka,1944
představena,701
nadějný,1945
epizodu,638
vydaná,18
sol,1946
pojďme,1947
nenapadá,1948
dodatečným,1889
ohně,1419
částečná,1949
kolísá,1950
varovný,1951
divný,1952
přežije,1380
statistik,1953
doplňovací,1954
účastnilo,1955
minulému,60
chystané,1602
milníky,948
krokem,1956
zatčen,1957
dočkalo,465
pokračuje,1929
realizuje,540
zdaňovacím,1958
nepodařilo,1959
teplem,1960
telefonicky,1961
vydal,1962
časů,446
publikovala,208
akčního,359
podrobný,1963
diplomových,585
čtyřech,1964
hodnotíte,576
soukromíubytovna,1965
nepoužíval,1966
diskuse,1967
pěšího,1968
magnitudy,1969
slevou,892
koordinační,1970
předškolním,1971
současníky,1972
cenových,656
vojsky,1973
studentský,1974
překlad,1975
hodnotil,576
oblohy,1072
modře,1976
počítali,1001
mnozí,1977
letního,715
součást,1978
nekonal,570
navštívili,1577
děsivá,1979
výjimečným,713
vstřelil,1980
pravidelnými,757
pozvánek,699
špatná,234
tvrdil,1981
sklep,1982
geologická,1563
zůstává,1983
bulbapedia,1984
ucelený,1985
hotové,1333
okupací,945
užila,949
školy,1986
západě,678
realistický,1987
šťastných,952
korun,1988
přívětivý,1920
koncerty,825
dobyla,932
potvrdilo,1438
osmá,74
ukázkové,1989
připomenout,813
rozdává,1990
stoupá,1991
dodávka,1992
přidané,1993
obloha,1072
nedostatečná,1994
katalogwebových,1995
příležitostný,1261
neumím,1996
published,1997
počínaje,1998
odstrcilikovi,1999
organizoval,833
nastávající,2000
desetiletích,562
dohodnuto,2001
dodatečné,1889
okraj,2002
upozorňujeme,1531
retardace,2003
koutek,2004
spekuluje,2005
prostředním,2006
nestál,1466
vydavatel,2007
kdoví,2008
bakalářského,1433
podala,1477
proslov,2009
zklamalo,596
předpokládali,424
desátá,207
operační,2010
páření,2011
minulosti,2012
prvé,2013
desetileté,364
utajit,2014
všichni,862
představovalo,626
vybrali,2015
zajímalo,2016
lyžařský,2017
teplým,81
ukázkový,1989
nocí,647
autosalon,2018
možném,1476
těší,531
oběda,991
bramborem,2019
hlášení,2020
respektive,1586
vítání,2021
použit,2022
osvobození,2023
sušší,622
zeleninové,2024
patnáct,2025
deníček,1151
průhledný,2026
přesáhl,2027
vysoká,1828
nevrátila,762
odloží,156
podílový,2028
podáváme,1454
příjemné,566
vzpomněla,1919
vybírá,2029
zlatíčko,2030
teplo,1960
počítá,1001
vojenství,2031
konané,461
protiskluzová,2032
pořizovací,2033
čase,446
konkrétně,2034
narozené,407
současná,1239
hodnotí,576
shledanou,2035
zúčastnila,1555
akademie,2036
stanovení,2037
nálet,2038
maskot,2039
hororový,2040
otevřeme,1490
teplotách,2041
časopisecky,2042
nejbezpečnější,2043
smutné,1095
stouply,2044
započatý,2045
operačními,2010
nepřišli,339
chvilku,2046
připraví,173
doopravdy,2047
nedovede,1382
šlehačkou,2048
dvojnásobek,2049
podávali,1454
marně,2050
nabídnut,2051
vypnuto,2052
stravovacích,2053
oficiálními,312
odvysílán,2054
zpracování,2055
začátky,47
okénko,2056
financováno,2057
pokouší,1874
plochý,2058
konají,570
delší,1855
realizaci,260
vypsaných,2059
pochádza,2060
naším,1665
popisováno,2061
mínění,2062
pracovními,2063
vyhlašování,2064
nulová,2065
nevyhrál,2066
děsí,1184
letý,1689
vyrazili,2067
anglický,2068
chvílemi,665
stanovené,157
projděte,2069
provedeného,2070
tématem,1314
následná,342
programovací,2071
kartografie,2072
čekající,2073
ztraceno,2074
stromeček,2075
odhadnout,2076
válečná,1626
příspěvku,475
přírodovědná,2077
výpůjční,2078
dopadl,1003
skvrnitý,2079
meziválečném,2080
slevovou,2081
uzavřeno,2082
vyplývajících,2083
dešťový,2084
parlament,2085
sklizni,456
vodného,2086
vesmírný,2087
uhelnatý,2088
odstartuje,516
předcházejících,794
srovnávací,2089
obědů,991
zavřený,191
nájmy,2090
směnný,2091
nástupní,2092
očekáváním,1034
výsledkům,1615
slabý,770
stalo,1466
ahojte,2093
dlouhodobému,410
publikovaných,444
pálení,2094
stačilo,2095
báňská,2096
vracíme,2097
živě,2098
vzpomínkách,425
koncertní,2099
stěhování,2100
ilustrační,2101
rozloučení,2102
koncepce,2103
minulostí,2012
závěrečnou,142
čekaly,186
posedět,2104
úklid,2105
armády,1576
oloupeme,2106
nedávném,904
elektrotechnický,2107
adaptační,2108
přijedou,532
nejhůř,2109
přikládáme,2110
stěhovali,2111
nevede,2112
týdně,2113
otiskl,2114
poukázek,2115
zvýšení,2116
proveden,2070
třetiny,1500
zpracované,402
čekáte,186
připadla,400
žebříček,2117
dostavil,1573
stříšky,2118
hovořit,1787
nevešlo,2119
zlevnění,2120
dosáhl,1663
střech,2121
uskutečnění,2122
statistických,169
archív,2123
večerním,508
nižší,350
vyprší,649
vrchol,2124
mandarinka,2125
ústup,2126
zas,2127
předkládá,1094
třemi,2128
meči,2129
maturitě,1057
propad,2130
připraveno,666
minut,712
vložení,2131
zveřejnili,522
zrození,2132
nadprůměrné,1020
letáky,367
vyrazila,2067
nepřijdou,339
přesunuli,564
schválení,2133
akademickým,347
kdykoliv,1782
vybíráme,2029
projížďka,2134
hepatitida,2135
osudným,2136
neúčastnil,2137
uvažovala,1798
krach,2138
zvýhodněnou,2139
dosahovala,2140
práceje,2141
vítězí,2142
hýbe,2143
divadlo,2144
balíček,2145
páska,2146
perioda,2147
rozhovory,457
pořádání,2148
spadá,2149
událost,782
nepříznivém,2150
cyklus,2151
vypadá,866
dokončovací,2152
záporná,2153
završení,2154
otázka,2155
otevřeli,1490
zakončil,1541
připrav,173
provedla,1565
blog,2156
statisticky,2157
aktualizaci,149
tohoto,738
vřele,2158
snídani,1769
připomíná,232
vrch,2159
výnosem,1389
vyústila,1856
očima,2160
celorepublikové,2161
provázely,1005
půjdem,2162
nástupem,290
nejsilnější,1131
nedáme,2163
podpořeno,1765
uspořádán,2164
šestá,67
meziválečné,2080
uvítání,2165
nevykazuje,2166
nedokázalo,1374
zemřela,480
èíslo,2167
nezapomenutelné,2168
kniha,1761
stranami,215
chceme,1167
probíhající,2169
tenkrát,2170
všemi,862
pondělní,2171
zodpovídá,2172
podat,1477
zveřejnit,522
navázalo,2173
pdf,2174
nepřinese,213
nadmořských,975
dvouletého,409
zakázky,2175
dojem,1891
telefonická,1453
účinnost,1130
objednána,1089
sedmým,105
kvetení,2176
nakladatelstvím,2177
přijelo,532
ukončila,1669
inzerce,2178
příliv,2179
karton,2180
maliny,2181
alt,2182
stoletích,68
slunečnější,147
bydlíme,2183
info,2184
nezapomněla,2185
perutě,1303
testovala,2186
našim,1665
předáno,2187
zahájí,217
nabízen,2188
nejoblíbenějších,490
město,2189
spekulovat,2190
neboť,2191
zadáno,2192
analytiky,2193
stravné,2194
klademe,2195
komiks,2196
teplotami,2041
mrkněte,2197
mlha,2198
zemský,2199
vyvrcholilo,1869
narozených,407
nezaznamenal,614
moravský,2200
prožívají,498
opakovaný,1532
zmíněný,2201
začal,1166
udělen,2202
přebytkem,2203
tematické,730
odpoledním,256
odstín,2204
kůra,2205
plánů,182
muzikál,2206
navštívila,1577
vstoupilo,2207
skladem,1391
odběr,2208
voděodolný,2209
veřejné,873
veselejší,2210
připravovaly,70
loučí,2211
cihla,2212
poletí,1272
částka,2213
skladě,1391
neuvěřitelný,2214
obchoduje,2215
bude,478
označováno,2216
bývalými,2217
uváděné,1289
obědy,991
vyšli,118
přesunout,564
citát,2218
nechtěla,1167
nevyhrála,2066
zapoměla,2219
náročným,1238
před,1530
dostavěn,2220
přiznat,1748
úřad,2221
přivítají,2222
grafická,650
výjimky,2223
suchá,622
xxxx,2224
pokusila,1026
vycházet,221
pozdním,704
zavražděn,2225
můžeme,1237
koncepční,2226
počinů,1441
fiskální,2227
skalnatý,2228
preventivních,1644
založen,1797
zavedený,1503
odehráli,637
zakončili,1541
nepostradatelný,2229
přesouvá,2230
admin,2231
otvírák,2232
představuje,626
přístupná,1639
předložil,1195
příjemný,566
trvaly,838
testovali,2186
vyrazíme,2233
opakovaně,2234
koupáním,2235
znova,2236
citronová,2237
hostem,2238
připomnělo,813
nehtů,2239
ohraničuje,2240
portál,2241
vystoupili,2242
jednohlasně,2243
plenkové,2244
existuje,1295
laserový,2245
narůstá,2246
zahynul,2247
východu,371
ukončuje,2248
jarmark,2249
projektům,396
vývar,2250
registrační,2251
žádal,2252
celosvětovým,2253
vysledovat,2254
summit,2255
odletem,253
sbíráme,2256
turistický,897
predikce,2257
informací,2258
říci,2259
bouřlivý,1197
hotov,1333
volný,2260
official,2261
krajina,2262
cílovým,2263
financí,2264
zalesněný,2265
padesátém,917
půlmaraton,2266
jedny,793
filmové,582
blížící,2267
rozpočtem,387
vyjížděli,2268
sní,2269
půlnoční,2270
vchodové,2271
následovala,439
výsledky,1615
doporučila,1827
nejsledovanější,2272
přežívá,2273
soutěž,1514
počkám,806
vyhlášených,121
předvánočním,453
podpořilo,1765
videozáznam,2274
netušili,1243
obhajoby,1752
katastrofa,2275
naplno,2276
dílčí,2277
připustil,2278
obyv,2279
olivový,2280
pokladna,2281
výhodné,1552
diář,2282
přistoupilo,2283
předvídat,2284
balkón,2285
špenát,2286
textová,2287
překvapivý,2288
paleta,2289
přežili,1380
grafické,650
klesla,1051
provedený,2070
večerů,134
nezlobí,2290
zaplacení,2291
sezonní,2292
nevěděl,886
výroby,2293
užíván,2294
prostě,2295
nejdelší,1855
dělostřelecká,1229
ustanoven,2296
natočen,2297
zadařilo,2298
třech,2128
závěrečných,142
třikrát,2299
zlatý,2300
vstupuje,2301
adventu,550
mld,2302
internet,2303
ocenění,2304
zhoršení,2305
dílna,2306
plánovanému,28
zdá,1354
reálný,2307
splatné,1447
ozdobíme,2308
těšte,531
otvírá,2309
nepatří,600
počátky,61
prohlásit,1249
předpokládaným,175
znám,898
vyhřívaný,2310
táboření,2311
masovým,1694
uzavřených,2082
vyústěním,2312
čtvrtě,505
prohráli,2313
pozadu,2314
dostupné,340
nejvýhodnější,1552
každoročním,294
snažila,1220
tříletého,293
studentské,1974
přát,1464
produktový,2315
nepřeje,1464
předchází,729
nakl,2316
mil,2317
vypuštěn,2318
úvahu,1148
dovolí,2319
trénoval,1609
oček,2320
koště,2321
přálo,1464
smaltovaný,2322
autoevaluace,2323
zahrádka,2324
hlásil,1181
certifikační,2325
vyčerpáním,2326
rozhodnutím,2327
donesl,2328
přehodnocení,2329
dosahoval,2140
nejvýznamnější,844
prezentačních,2330
sympozium,2331
snaží,1220
podotýká,2332
dobách,437
nejaktuálnější,577
volejbale,2333
svítí,2334
natočeno,2335
singl,2336
československá,2337
převzetím,2338
odkladem,2339
hrdina,2340
objednávek,1104
počiny,1441
slavnostního,1878
přístupných,1639
přinášíme,1033
rozsáhlý,1705
spolupracovníky,1083
zrealizujeme,2341
příšerný,2342
geografický,2343
pedagogické,2344
plat,2345
mellitus,2346
vloženo,2347
vysazen,2348
příchodu,586
průzkumech,307
posunulo,2349
básnická,2350
setkání,2351
potkáme,2352
nemohli,1237
nevyjádřil,2353
šestileté,2354
nezařazené,2355
úkolem,1621
potvrzen,345
nezlobte,2356
dodacích,2357
propadák,2358
chvíle,665
vyšplhal,2359
dopis,2360
nekonečno,2361
shrnuje,2362
těžkým,1507
třídy,298
přípravách,394
vzpomínal,573
nekončí,824
návraty,1308
rozloučili,2363
volebního,687
kontrolním,847
studených,93
násl,2364
testováno,2186
zábal,2365
pepř,2366
kapalná,2367
píšu,1830
kole,1485
dorazili,989
průvodní,2368
neuvěřitelné,2369
minidisk,2370
testován,2186
rozlišuje,2371
domluvili,1745
zadržen,2372
again,2373
důvodem,2374
nevadilo,2375
náhled,2376
podnikli,2377
kterýkoliv,2378
schůzce,499
nebem,2379
výpis,2380
stáhněte,2381
krajský,1000
podílového,2028
obdržel,2382
nenastane,231
primátorka,2383
pečeme,2384
překvapivě,2385
zahájeny,245
dóm,2386
pořádat,240
náladu,382
vydalo,1962
legislativy,2387
báječné,781
propuštění,1652
denně,2388
traileru,2389
osvědčil,1252
optimismem,2390
ukázaly,2391
sledujeme,2392
výjimkou,2223
přijet,532
supervize,2393
údaje,1554
přednášející,2394
nejnižších,350
započaly,2395
uvažujeme,1798
opakoval,1620
venkovních,2396
narozeného,407
novém,883
platí,2397
výkyvy,2398
mockrát,2399
pokračovalo,1929
plánek,2400
úžasný,2401
svolána,2402
zimního,287
pokusím,1026
donákupního,2403
domovská,2404
obnovený,2405
nabídnout,2406
sestupuje,2407
překvapila,584
podařil,1959
chcela,2408
pravidelná,757
použitý,2022
tréninková,2409
diplomové,585
zažít,383
územního,2410
koktejl,2411
vyhrálo,2066
vysokých,1828
pokladem,2412
nejkvalitnějších,2413
fondů,1528
recenzi,941
poèasí,2414
kapitole,601
těšil,531
následovník,2415
rozhovoru,457
zlevněné,2416
atraveo,2417
symbolicky,2418
pokračujeme,1929
polovinou,102
bilance,2419
školský,2420
zahrnuto,2421
kritický,2422
druhá,236
indikátor,2423
kopeček,2424
podnětné,2425
mezníkem,2426
vylodění,2427
nesl,2428
nejkvalitnější,2413
absolventům,557
pevný,2429
vysvětluje,2430
nepadlo,809
posloužila,872
finálním,653
černobílá,2431
distribuce,2432
stín,2433
veletrhu,1050
nejnovějšími,883
chladnějších,195
horoskop,2434
obědem,991
nedosáhla,1663
jižní,2435
nového,883
ekzém,2436
záloha,2437
igelitové,2438
skvělej,2439
vypadalo,866
zjišťuje,1019
esej,2440
hroutí,2441
ním,2442
vypracoval,2443
zřídka,2444
baroko,2445
občanským,2446
vinyl,2447
domníváme,2448
možno,1476
mariánský,2449
smích,2450
optimismus,2390
obhájila,2451
potvrdila,1438
fórum,2452
otisk,2453
není,478
euforie,2454
předseda,2455
účast,2456
aktuálním,577
oznámení,2457
dan,2458
včerejšího,406
there,2459
mrazů,834
zábavný,2460
předkládání,2461
opomíjet,2462
běžná,2463
dospělosti,2464
výstavby,671
volejbal,2333
ukázalo,2391
předpokladů,335
mohli,1237
ovocný,2465
odehrály,637
horská,2466
úchvatný,2467
překvapivé,2288
architektonický,2468
testík,2469
bojujeme,2470
spojováno,2471
slunečním,1535
technická,2472
vydavatelstvím,2473
chodíme,1162
obnoveno,2405
tvrdili,1981
schválit,683
letenka,2474
věstník,2475
neziskovými,2476
prodejní,2477
základna,2478
dramatik,2479
antivirový,2480
bazar,2481
poukázky,2115
kódovým,2482
nestíhám,2483
vnitra,2484
možným,1476
chodník,2485
neviem,2486
financovaný,2487
celkem,2488
varianta,2489
office,2490
koncept,2491
chladném,195
dávno,2492
obnoven,2405
srdečně,2493
užijeme,949
viď,2494
milí,2495
sejde,320
vyrazit,2067
existoval,1295
cyklu,2151
obvyklý,2496
dokončuje,2497
dvouletém,409
vchodem,2498
dáreček,2499
čtvrtá,128
dopad,2500
nevzal,1858
zazvoní,2501
premiér,1280
průvodce,2502
posouvá,2503
pochádzajúci,2504
děsivý,1979
nepodaří,1959
nebude,478
neočekávaně,2505
několikaměsíční,2506
přijala,2507
věneček,594
užívaný,2294
klimatu,2508
čtenářský,2509
diáře,2282
ukázal,2391
vytvořených,504
kolektivy,2510
kostce,2511
dokazuje,2512
dosahuje,2140
tymián,2513
pozinkovaný,2514
vyplul,2515
plechový,2516
říct,2259
dechový,2517
připustit,2278
nejistý,2518
natáčecí,2519
osvobozen,2520
vydala,1962
zatčení,2521
year,2522
nedorazil,989
historickým,1315
průvod,2523
bavili,2524
klíčovými,909
půstu,2525
prováděli,2526
vyžádání,2527
světec,2528
prognózy,887
nemohl,1237
slevě,892
doporučují,760
našimi,1665
žijeme,2529
příležitostem,2530
sjednocené,2531
festival,1489
nešel,1947
plánovanou,28
požádat,905
vystoupit,2242
vydáváme,2532
odlétá,2533
čtyřmi,1964
patří,600
unikl,2534
poločas,2535
většině,2536
žádný,2537
výročních,100
nálev,2538
tropická,841
eurozóně,2539
dovolím,2319
úplném,1310
informovat,332
místem,1070
nemocenské,2540
konzultačních,2541
prohrané,2542
faktický,2543
provázela,1005
oknem,912
zavítala,2544
dětmi,2545
zařazujeme,2546
zasílá,2547
dojmu,1891
bezplatných,1806
vzpomenu,1919
aspoň,2548
konstatoval,994
část,2549
sejdeme,320
nejisté,2518
jasným,1649
kilometr,2550
prázdno,2551
prodloužen,1697
edicí,2552
dočtete,1749
kterém,2553
vyskočil,1833
dvouhře,2554
porovnáním,2555
inventarizace,2556
samostatný,2557
prováděno,761
nepamatuju,1231
tipy,1757
nájemné,2558
integrační,2559
podnět,2560
konečné,274
přijdeme,339
úrody,1379
dosáhly,1663
vypisuje,2561
krajským,1000
přidán,1075
večeři,1346
rozloučila,2363
pršet,285
útlum,2562
zpěv,2563
poklad,2412
malý,2564
olympiádě,1067
klasifikačního,2565
kursy,686
nabízený,2188
britský,2566
plastová,2567
dotované,2568
shlédnout,1422
reportáž,2569
vím,886
deštníky,2570
energetice,2571
zvoleno,1720
nastat,231
vyzkoušeli,1751
manžel,2572
bezesporu,2573
olomoucký,2574
nesvědčí,2575
prodaných,778
hovořil,1787
kap,2576
začátků,47
červené,896
vystihnout,2577
stačil,2095
nestalo,1466
přehledů,214
celé,167
draho,2578
žádali,2252
koncertem,825
zajímavé,692
says,2579
nejnižším,350
blbý,2580
rozpočtu,387
otevřená,238
upraveno,2581
nezaměstnanosti,2582
sestřih,2583
vydávaných,1637
ani,2584
západními,2585
tmavými,2586
protáhl,2587
předešlých,559
doporučit,1827
skleróza,2588
snažilo,1220
nabízelo,1146
může,1237
uzavření,2589
uvažovalo,1798
děje,2590
končila,824
anketu,580
čerstvými,901
hvězdárna,2591
spustí,961
kompletace,2592
vzlétl,2593
zajímá,2016
baskytara,2594
vyhlášenou,121
vzdělávacího,693
balkóně,2285
zpráv,69
nejbližšími,1486
příjezdová,2595
uhličitý,2596
přípravných,534
chladná,195
teplota,2041
pořadové,1037
hvězdách,2597
předem,2598
nemáme,1579
zahájit,217
nákres,2599
zemřeli,480
ústřední,1836
závěrů,154
příznivým,405
prstence,2600
pravděpodobnější,233
větrná,458
odst,2601
průlet,2602
losování,2603
chladu,2604
naskytne,1785
kódové,2605
krizových,322
členství,2606
dolar,1591
nepřetržitým,2607
úhrada,2608
vykonali,2609
soumrak,2610
nejkratším,450
vítězně,2611
dobývá,2612
úsměv,2613
průzkumné,307
strávil,1179
podotýkám,2332
rychlovarná,2614
zaznamenalo,614
divadelní,2615
úplná,1310
naše,1665
stál,1466
mazec,2616
stagnace,2617
narozením,351
sedm,2618
využijte,2619
naznačila,2620
skončily,776
přicházeli,496
redakční,2621
update,2622
spoluobčané,2623
stihnu,2624
protektorátu,1675
císařský,2625
teďka,2626
konečky,2627
vzpomínají,573
odjezdem,327
výzvy,316
mezd,2628
časté,2629
vítej,353
kolikátého,2630
časového,429
zájezdy,1843
generální,2631
použitelný,2632
jedn,2633
bonusový,2634
střešními,2635
úřadem,2221
budoucími,2636
obhájit,2451
projevilo,2637
vypadal,866
udělované,2638
přídavek,2639
předškolního,1971
zveřejní,522
terase,2640
tentokráte,832
pozítří,2641
masopustní,2642
upozornili,2643
přijatelnější,1791
vyhraje,2066
světlá,1553
podalo,1477
ustupuje,2644
deštěm,772
ocenila,2645
vystoupil,2242
symbolické,2646
end,2647
skladech,1391
výběrové,2648
ohlásit,176
potravinářský,2649
degustační,2650
zákazníky,1865
veletrhy,1050
doprovázeli,1887
prázdný,2551
nezastavil,2651
srážkami,2652
dopravné,2653
ligy,2654
spálí,2655
finálních,653
přinést,213
pokusu,874
pokračovala,1929
tematická,730
opětovného,1318
obsazený,1580
celém,167
nevzali,1858
graf,2656
přepracované,2657
kanadský,2658
prapor,2659
zkouška,2660
cenám,617
magazine,574
europoslanec,2661
trhu,1390
bowling,2662
uhličitého,2596
prezentovat,500
přesto,2663
pravděpodobný,233
upozorňuje,1531
absolvoval,1661
lednice,2664
kalkulace,2665
minul,756
stydím,2666
zákaznický,2667
odhadované,1285
karma,2668
konaném,2669
obklopuje,2670
vyhlídka,2671
propagační,2672
kvapem,2673
platné,1732
nátěr,2674
kontakt,2675
hovořili,1787
atmosféry,2676
konaného,2677
počinem,1441
založení,2678
projednána,1493
nenáročný,2679
ukončením,357
prověrky,2680
řekne,2681
podávané,918
placená,857
provedlo,1565
informační,2682
rozhodla,2683
kombinovaný,2684
vypuknutím,2685
přineslo,213
okomentoval,2686
fungovalo,2687
proto,2688
množné,2689
účastnila,1955
odběrmagazín,2690
předběhne,2691
playlist,2692
nepaměti,2693
navazuje,2694
zažily,383
vypracována,1467
nepříznivými,2150
sahají,707
realizačního,2695
vítám,353
prozatímní,2696
zvedl,2697
špatné,234
akademického,347
vysoké,1828
nominován,2698
zajímavější,692
rezignace,2699
nevadí,2375
připravovány,70
můžu,1237
zápisech,1046
dohled,2700
bitva,2701
nedostane,2702
vizitka,2703
tmy,1680
neumožňuje,2704
porodem,2705
zastřelen,2706
béžový,2707
week,2708
slavnostním,1878
nedostupný,2709
zprávu,69
hladomor,2710
chirurgický,2711
zahynulo,2247
vyčíslit,2712
výstavě,466
vyznamenán,2713
nee,2714
změněno,2715
zkrácený,2716
povýšení,2717
minutách,712
výplata,1324
takovýto,2718
pětiletého,286
všimli,2719
internetová,988
percentil,2720
navštívit,1577
určitě,2721
normálu,2722
skutečně,2723
odměna,2724
provedl,1565
toto,738
spěchu,2725
ekolog,2726
polední,2727
ratolesti,2728
poklesla,658
vydány,18
neuměli,1996
ideální,2729
splněno,2730
golfové,1788
ono,2731
nejzajímavějších,692
nazvat,2732
svědčí,2575
přihlašování,2733
výletům,875
hlásím,1181
schválením,2133
činila,1412
japonský,2734
práce,2735
obojí,2736
klidným,2737
účastnil,1955
nejjednodušší,2738
jednali,2739
potvrzují,2740
koupilo,2741
nejznámějším,898
chřest,2742
podpořil,1765
korunován,2743
vínová,2744
statistiky,495
prožít,317
čerpání,2745
nástupu,290
zvedlo,2697
kůry,2205
nedivím,2746
spolufinancována,611
vystavení,2747
nejtěžší,1507
burza,2748
zahraničím,2749
přidaná,1993
nejhorších,234
absolventi,557
rozpuštěn,2750
nejnavštěvovanějším,2751
bezplatný,1806
známka,2752
ukončena,337
klíčenka,2753
salát,1370
vymalování,2754
obal,2755
zapomněla,1829
srovnává,2756
partnerský,2757
zhotovení,2758
zamýšlený,2759
dřevěný,2760
úsměvy,2613
srovnatelná,864
odmaturoval,2761
nedostalo,2702
bezkonkurenčně,2762
exkluzivně,2763
vydává,2532
protiskluzovým,2764
odešel,2765
samotnými,529
předškolnímu,1971
chřipka,2766
uvařila,2767
výhledem,722
žhavé,2768
prvotina,2769
čemž,1021
hattrick,2770
zajímavost,2771
schválili,683
prohra,2772
nejnověji,2773
nejrozšířenějším,1301
přiletěl,2774
společné,1082
konaných,461
this,2775
krážem,2776
stagnaci,2617
dokumentuje,2777
neposlední,380
publikoval,208
spáchal,2778
vyčerpání,2326
připraveným,666
titulem,900
rámcově,2779
postupná,1268
následné,342
útocích,2780
raduje,2781
zúčastnit,1555
stálý,742
kosmonautiky,2782
brožovaná,2783
nakladatelství,2177
pěšky,2784
schoval,1842
zmínila,685
ceníku,502
popsat,2785
shlednutí,2786
výkupní,2787
rozhodnout,2683
bankrot,2788
užijte,2789
vybráno,792
sekunda,2790
našem,1665
dlouhá,1855
kupony,2791
baterietypanalogovétvar,2792
vyřazen,2793
zpracovaných,402
posledního,380
pěchotní,2794
gratulujeme,2795
orientační,2796
stvořený,2797
nejhezčích,1445
poklesl,658
celosvětově,2798
neznáte,1154
písnička,2799
přírodopis,2800
neplatnévše,2801
vzrůstá,2802
ruku,1937
zpracovává,2803
článok,2804
přikládám,2110
výlety,875
rozhledna,2805
zrušen,2806
klubové,2807
krátké,450
teplotám,2041
hromadné,2808
krát,2809
proces,2810
rajčata,2811
vypovídá,2812
provedeno,2070
kandidát,2813
plesy,1928
pozdějším,2814
what,2815
epilace,2816
rozhodli,2683
modelová,2817
sucho,1009
reporty,2818
neuměl,1996
vypukl,744
vypracován,1467
sušený,2819
klubový,2807
facebookové,2820
smog,2821
pádem,558
vzali,1858
oznámily,381
průměrných,434
potom,2822
zmíní,685
strategickým,2823
univerzitní,2824
náznakem,2825
brečela,2826
depresemi,2827
stránkami,1299
stříbrný,2828
supermarketech,2829
vypracované,1467
dostupnosti,2830
ošetřovatelství,2831
souzen,2832
netrápí,2833
matematický,2834
neviděla,651
zakončí,1541
komunální,2835
žlutá,2836
zjištěno,2837
sebehodnocení,2838
zavřeli,2839
spotřebitelské,2840
pochopitelné,1897
poválečné,565
dovolujeme,2841
olympijská,1693
dobrodružný,2842
skutečný,2843
nehovoří,2844
skutečným,2843
prvotní,2845
tabulkový,2846
rešerše,2847
vyzkoušení,2848
platové,2849
oceněných,985
jednoznačně,2850
nabídkydle,2851
oslavách,602
page,2852
časovém,429
vzestupněod,2853
síce,2854
pouhých,607
používán,2855
dosažitelné,2856
vnímáme,2857
chápáno,1839
početí,2858
záchvat,2859
videokonference,2860
blížícím,2267
návštěvní,1442
děláme,2861
sjezd,2862
française,2863
mořeplavec,2864
venkov,2865
mise,2866
poněvadž,2867
smutku,1452
peruť,1303
invaze,2868
pedagogický,2344
dovču,2869
pohybujeme,1793
verejná,2870
mohlo,1237
nezastihne,258
otevřenými,238
dvacátá,145
zhlédnout,2871
zůstal,2872
pozorovali,1038
vycházeli,221
senzační,2873
nejbližším,1486
prodejů,2874
neprošel,2069
karnevalu,471
školky,1776
přijat,1169
poslednímu,380
státními,2875
schválena,166
přednášce,201
lilek,2876
vyhlídky,2671
domovní,2877
test,2878
dok,2879
naštve,2880
domluvy,907
kompletní,1904
krok,1956
nevydržel,1404
zkoušeli,2881
otevřeným,238
přeci,2882
přežil,1380
placené,857
nahlédnutí,2883
včasná,1427
hodnocených,1022
litoměřický,2884
objevuje,2885
dle,2886
tak,2887
letem,2888
uběhlo,2889
charakterizovat,2890
nejdůležitějšími,999
deseti,1322
kožich,2891
konanou,2892
vystavaworkshopkinodivadlokoncertpartysportconkonferenceostatnifestival,2893
spekulacím,2894
nám,2895
zkouškám,2660
cykloturistika,2896
půjdeme,1947
příklad,2897
průměrnými,434
zvýhodněných,823
dopadá,2898
vyvrcholil,1869
snížené,1114
jahody,2899
ohlásí,176
ukazuje,2900
případové,2901
časně,2902
zaostává,2903
nezaplacení,2904
nedosáhl,1663
podání,2905
překonán,2906
kabelový,1492
lekce,2907
cenového,656
tisku,385
závěry,154
zavedení,2908
povídá,2909
jednomotorový,2910
otevřené,238
webu,2911
znovuzrození,2912
analytická,2913
recenzepřihlásit,2914
porovnáváme,2915
nebyla,478
výbuch,2916
louka,2917
opakuji,1620
dostupnost,2830
posledn,2918
ofenzívy,2919
tiskových,190
měsíčníku,112
bateriový,2920
vítězka,2921
propukla,2922
dojít,545
hry,2923
dnešnímu,714
šťastný,952
vybrala,2015
plánům,182
brali,1822
poskytnut,2924
smyčcový,2925
stanovil,1136
vybral,2015
spojeno,935
schválený,166
infarkt,2926
galerie,2927
trávila,1656
žlutý,2836
láká,938
doplňovacích,2928
opakovalo,1620
skleník,2929
koncipován,2930
shromáždění,2931
meteorologů,1529
patrně,2932
vlhký,2933
promo,2934
výtvarné,1120
nepřihlásil,2935
obranyschopnosti,2936
klidná,2737
babkazov,2937
komunikační,2938
odjeli,926
užívala,2939
nejsložitější,2940
potratila,2941
výletu,875
celodenním,983
oznamují,791
třetice,2942
volna,750
vysvětleno,2943
vyhrávají,2944
snad,2945
týče,2946
zrušeno,2806
akt,2947
doprovázela,1887
dokončování,2948
stálém,742
dešti,772
oblastní,2949
vzpomínce,425
symbolizuje,2950
dvacet,2951
planetka,2952
médiích,1498
vládní,1767
nejvýraznějším,1351
patronací,2953
balkon,2285
začínali,590
elektřiny,1423
protestuje,1753
šálek,2954
kvete,2955
spálit,2655
dodal,2956
řízený,2957
nákup,1218
raut,2958
spočítal,2959
purpurová,2960
dodávaných,2961
důsledek,2962
zrušený,2806
proměnlivý,2963
bezdomovectví,2964
investiční,2965
kontrolních,847
nevydržela,1404
čtenářské,2509
obkladové,2966
rozpálené,2967
otevřeného,238
netrvá,838
vyjet,1455
papa,2968
hodnocení,2969
dodáno,1728
diskutovalo,2970
napoví,2971
zpestřením,1846
panika,2972
rychlý,2973
nezapomenu,1829
klub,2974
podotkl,1780
ukončilo,1669
prodělala,1440
vlakem,2975
training,2976
sovětský,2977
znenadání,2978
prvnímu,549
kapitoly,601
sestavení,2979
pravidelného,757
zmínili,685
vydávali,2532
stanovuje,1741
zkusili,2980
školné,2981
žhavý,2768
neinvestiční,2982
státního,2875
modrá,2983
nezájem,2984
zbytek,2985
zvolena,775
zkoušky,2660
průzkumný,307
novináři,1574
platilo,2397
prodejních,2477
opadavý,2986
radují,2987
dočkají,465
čtvrtečním,431
neposkytuje,2988
ochranný,2989
věděl,886
pravidelném,757
pokračovat,1929
probouzí,2990
podával,1454
motto,2991
viditelný,2992
domluvit,1745
rozhlasový,2993
málokdo,2994
maturitního,1087
masakr,2995
objednávce,1104
violoncellista,2996
podaných,2997
možná,2998
šestkrát,2999
dlouhodobých,410
frosted,3000
vrátil,762
rozpočty,387
narodili,621
poukazuje,3001
rozpisu,1133
družiny,3002
spěchat,1681
atmosféra,2676
nejlevnějším,1190
dosáhla,1663
dovoluje,2841
chystaných,1602
nezkoušel,3003
dorazily,989
znamení,3004
velkoobchodní,3005
degustace,3006
dopadnout,1003
from,3007
provázejí,1005
tají,3008
investičními,2965
měkký,3009
datech,187
půjde,1947
neumí,1996
zaslání,3010
rozchod,3011
příslušný,3012
uprchl,3013
programový,1135
kolaps,3014
výroba,2293
potvrdily,1438
prezidentský,310
autorových,3015
zvykem,3016
rozvrh,3017
chystám,122
klobouk,3018
připadala,194
kapitolou,601
jednorázových,442
trvat,838
vyvrcholí,1869
přesáhla,2027
zemřelo,480
zkouškami,2660
vzpomenout,1919
současném,1239
newsletteru,3019
ilustruje,3020
znamenaly,765
neručí,3021
oni,2442
prudký,3022
hmm,3023
významnější,844
náměstek,3024
lhůtou,3025
vyznívá,3026
dostavby,3027
zkušebním,1871
sešlo,320
uteklo,818
filharmonie,3028
důležitými,999
přispělo,3029
užil,949
otevíráme,1393
podělil,3030
obsah,3031
úvodním,769
naznačovat,705
postřehy,3032
analýzy,1935
výměnný,3033
tenhle,881
obdrželo,2382
plášť,3034
maloobchodu,1126
služba,3035
mizí,3036
pozitivně,3037
přerušila,3038
základní,3039
zrušilo,3040
zřejmě,3041
prezentovala,500
rozšířeno,1301
důchod,3042
hodnocena,1022
registrováno,3043
vyfotografovat,3044
patřilo,600
současný,1239
nastěhovali,3045
věrnostní,3046
klasifikační,3047
tělesným,3048
výchozí,1746
trzích,1390
stříbrná,2828
realizovaných,726
sváteční,3049
třicet,3050
hvězdný,3051
jistí,2518
mluvili,933
ministerské,773
použili,3052
neměli,1579
příjemná,566
domovině,3053
čtyřiceti,3054
atmosféře,2676
dějištěm,3055
komunikačními,2938
testů,2878
výzkumů,3056
uznán,3057
symbolický,2646
tituly,900
bezproblémový,3058
skrýval,3059
řád,3060
vyhráli,2066
přednášku,201
mottem,2991
zmiňoval,1479
krátkodobě,3061
žádá,2252
politik,3062
naznačil,2620
stažen,3063
zdokumentovat,3064
pozvat,3065
projektant,3066
kostýmy,3067
přáli,1464
čili,3068
letá,1689
pracujeme,3069
zvěrokruhu,3070
pořízená,271
plavecký,3071
sestavili,3072
ověření,3073
zrekonstruovaný,3074
doporučuji,760
spálil,2655
krize,3075
nechtěli,1167
výborné,1273
plavba,3076
čtvrtstoletí,3077
severní,3078
reagovali,3079
nevěděla,886
zdarmabez,3080
prezentační,3081
nejníže,3082
klokan,3083
přesunuta,564
zdálo,1354
připisuje,3084
dozvíme,3085
zbláznil,3086
podílové,2028
vyhrála,2066
uvolněna,3087
svátků,150
velitel,3088
kolaudaci,135
snímku,361
nebyli,478
chtěl,1167
prioritou,3089
pravidelně,3090
romantismus,3091
rekapitulace,3092
konáním,636
počítačový,464
patriarcha,3093
břeh,3094
bouře,3095
stejně,3096
nevydržím,1404
krátkodobá,624
daňové,3097
povodním,1450
produkce,3098
pozvání,3099
ležel,3100
zopakovat,3101
comment,3102
prarodiči,3103
půjčovna,3104
psycholog,3105
podívat,3106
přece,3107
dočasné,1679
uveřejněné,3108
vypsány,943
mylně,3109
záložka,3110
jednoznačné,1495
stáhnout,2381
životním,3111
neříká,1775
solárním,3112
prodloužení,3113
odhadovat,420
shoduje,3114
uvítáme,717
závěrečném,142
výtisky,538
zkrácená,2716
familia,3115
podrobná,1963
filmová,582
zaplatíme,3116
přidělen,3117
referenda,993
občanského,2446
prožívala,498
chlapeček,3118
zpřístupněna,1090
představí,701
věděli,886
výška,3119
ruch,3120
favoritem,3121
spáchali,2778
vydáních,66
statutárního,3122
komerčními,3123
zajímavý,692
dekretem,3124
úplný,1310
rámeček,3125
interaktivní,3126
dobová,3127
iviska,3128
dožívá,3129
plakal,3130
hejtman,3131
artritida,3132
epidemie,3133
nepoužitý,3134
etapách,133
fungoval,2687
poznamenán,1721
dotazníků,1326
škole,1986
pozáruční,3135
bříza,3136
nedokončené,198
zemře,480
hotová,1333
nezúčastnil,3137
vylezla,3138
studiový,3139
zeptat,3140
sledovali,2392
mateřská,1128
oteplování,3141
radniční,3142
fotografiích,3143
nedělí,25
zpracovanný,3144
nezabije,3145
výtečný,3146
radovánky,3147
naštvalo,2880
dokazují,2512
nedosáhli,1663
neopakovatelné,3148
brigády,816
vítán,353
potvrzené,345
ztělesňuje,3149
pátečním,734
osvobozeno,2520
předstihu,659
hvězdárně,2591
telefonie,277
křečové,3150
balík,3151
novinové,3152
varovné,1951
potkat,2352
čtyřletého,837
popisován,2061
zakoupených,3153
nevim,3154
oprava,3155
čtyřhře,3156
požaduje,1414
naměřených,3157
zapříčinilo,3158
platvčera,3159
neplatí,2397
připraveny,666
nevšimla,2719
propočty,3160
neopustil,3161
průmyslová,3162
srážkové,3163
nádvoří,3164
neumožní,3165
vzpomínkami,425
neudělala,3166
prozatím,3167
jezdíme,3168
příčka,1385
severovýchod,3169
zlatým,2300
příjemným,566
výkazy,3170
nádherný,3171
gramů,3172
stupně,599
přijatý,1169
chce,1167
změny,1014
zjednodušený,3173
připomněla,813
fašismus,3174
strategický,2823
nástavbové,3175
rána,356
dovolili,2319
ano,3176
vzrostl,1627
renovace,3177
provedeme,1565
blahopřejeme,3178
nastala,231
protiletadlový,3179
nejpřesnější,3180
dnešku,104
zmiňovala,1479
vtipný,3181
neznám,1154
aktualizovat,96
smrtelný,3182
bramborový,3183
schová,1842
rozjelo,3184
napovídá,3185
nedělní,3186
adventním,1601
splatnosti,334
parlamentem,2085
překročen,3187
obloze,1072
pozastavil,3188
vyvěšení,3189
přednáškové,3190
hovořila,1787
vyhrál,2066
pracovní,2063
turistickými,897
píši,1830
limitované,3191
nejasný,1649
sluníčka,467
testoval,2186
minutové,3192
napadnout,664
hádanka,3193
neřekl,2259
předvolební,3194
tvrdí,1981
evropskými,3195
náhlým,817
magický,3196
nebylo,478
vyhlídkové,2671
prohrála,2313
útěk,3197
devátou,107
oživení,3198
záporný,2153
odzkoušené,3199
dobyli,932
pulty,1852
oxidační,3200
komentovala,1017
dvouletá,409
inzertní,3201
vypuknutí,3202
občanská,2446
symbolika,3203
zoufalá,3204
památkový,3205
trvalém,3206
platností,1471
strmý,3207
podařilo,1959
úspěšným,552
výzdoba,3208
zážitky,3209
vypracovali,2443
kolektor,3210
potvrdili,1438
románové,3211
totéž,3212
regionální,1936
disertační,3213
uzavírá,3214
splátky,3215
uzavřela,1872
nejhůře,3216
chodí,1162
vítr,3217
bojový,3218
milion,3219
zásluhy,3220
stačí,2095
jídelně,3221
kontroly,1823
meteorologická,1329
růstové,931
novověku,3222
podělit,3030
představím,701
autorka,3223
nachystáno,3224
padla,809
plastový,2567
předpokládaných,175
výstupy,797
rezignovala,1025
přemýšlím,1124
vyhrajte,2066
členské,631
ukončeného,337
dostavba,3027
západu,678
nestačilo,2095
profil,3225
schválilo,683
vyrážky,1849
nevzala,1858
akreditační,3226
potvrdí,1438
kterým,2553
krátko,3227
dvůr,3228
výslužbě,3229
předložený,1934
nízkých,350
všechno,862
tři,2128
rajčaty,2811
soudě,2832
vystoupila,2242
překvapí,584
prováděn,3230
tentýž,3212
poloostrov,3231
oratorium,3232
kurýrem,977
rozhodlo,2683
nestačí,2095
neúspěchu,421
knihe,3233
zlatě,3234
vyčkat,3235
medicína,3236
odvolacím,3237
poštovné,3238
pokusy,874
srovnatelné,864
happening,3239
nosila,3240
přestávkami,3241
prostaty,3242
barví,3243
rýsuje,3244
pomerančový,3245
jedni,793
péřová,3246
kruhový,3247
hele,3248
zaslala,3249
skutečnosti,3250
ruchu,3120
mylné,3251
nebála,3252
mírná,588
vypsání,3253
celkovými,814
stálo,1466
vypustila,2318
nové,883
tramvajový,3254
reakce,3255
hodnoceno,1022
opuštěn,3256
pedagogy,3257
opakovat,1620
zpracujeme,859
kolektiv,2510
provádíme,2526
nabídku,403
pozitivními,3258
tušit,1243
místostarosta,3259
sejít,320
poštovného,3238
nedám,1297
fotograf,3260
vyrazil,2067
veselý,2210
živými,3261
dodací,2357
splátka,3215
hlasový,3262
monitorovacího,3263
zpívání,3264
zážitkům,3209
dosah,3265
opakovala,1620
papírové,435
sezón,52
vyráběli,3266
slavnost,1428
vraceli,2097
obnova,3267
vycházku,422
epocha,3268
prémiový,3269
zjištění,3270
rozbaleno,3271
nepíše,1830
biskupská,3272
tudíž,3273
nešla,1947
souvisí,3274
upřímně,3275
zasedá,3276
silný,1131
zpracovat,859
římský,3277
dodatečného,1889
nabídli,2406
svatby,3278
nekladou,3279
sjednocení,3280
územní,2410
jev,3281
servis,3282
nominováno,2698
ranní,639
rekord,3283
žádala,2252
sojový,3284
nezapomenout,2185
čtyřletý,837
poznávací,3285
považuje,3286
pobýval,3287
vzala,1858
neva,3288
datují,247
hoří,3289
zklamala,596
mívá,3290
základního,3039
souvislosti,3291
nejdražším,1305
klesl,1051
podrobné,1963
komiksový,3292
testujeme,2186
salátem,1370
neviděl,651
rozšíření,3293
after,3294
bicí,3295
krajem,870
zasílat,2547
porod,2705
zatim,3296
ukazují,2900
každým,759
podpořili,1765
nahrává,3297
panování,1511
volejbalový,3298
kilometrový,3299
nejvyššími,1828
odchází,3300
koupený,3301
prohlídky,1376
odstavec,2601
poznávacím,3285
požár,3302
oblek,3303
scénáře,493
horizontu,3304
pomyslel,3305
doporučován,760
hraný,3306
úplným,1310
alokace,3307
garant,3308
překvapená,3309
úhrnem,3310
návštěvy,1442
udělování,3311
nejrychlejší,2973
souhlasila,3312
považován,3313
zavítá,1086
správní,3314
referendem,993
miocénu,3315
hladu,3316
nákladu,677
sortimentu,1277
státním,2875
hodnocená,1022
autobusový,3317
netradičně,252
tušení,3318
rozjela,3319
komplikacím,3320
skandál,3321
povětrnostních,3322
zahrnout,3323
průmyslovými,3162
vláda,3324
inzerujete,3325
zpočátku,3326
provádí,2526
pozvali,3065
celá,167
puče,3327
zklamání,691
ropný,3328
učiněn,3329
nepoužitelný,3330
jééé,3331
nadprůměrně,3332
odměněn,3333
kapesníky,3334
dárkových,3335
zářil,3336
ceně,617
připravovaném,254
opravdu,3337
registrován,3043
knihovna,3338
dramatická,1055
vypsat,943
cihlových,3339
sedmileté,3340
způsobilo,3341
mezitím,3342
promítá,3343
klesá,1831
plukovník,3344
nejdéle,645
ránko,3345
stejný,3346
modrý,2983
nemožné,1476
nejlíp,3347
dostává,3348
pozdrav,3349
plesu,1928
síťový,3350
uvádím,1409
first,3351
neuteče,3352
stezka,3353
neudělali,3166
slabé,770
institut,3354
okamžiky,324
provoz,3355
svědění,3356
pak,3357
otevřela,1490
katedrála,3358
třiceti,3050
šílená,1350
pozorované,1504
potvrzuje,2740
rozloučit,2363
vlády,3324
obrázek,3359
dobytí,3360
nedokončil,3361
astronaut,3362
horolezec,3363
stráví,1179
univerzity,804
kilogram,3364
nemocen,3365
datům,187
publikační,3366
diskutuje,2970
adventura,550
výzvě,316
metropolita,3367
známe,1154
měchýře,3368
ojedinělý,3369
spadla,803
záznam,3370
svitu,1494
novým,883
psychologický,3371
uniklo,2534
nedokážou,1374
sektor,3372
jubilejním,3373
převzalo,392
vidíme,651
jediná,1186
souvisel,3274
kříž,3374
bibliografie,3375
prodloužit,3376
zajít,3377
můžem,1237
nechyběl,3378
družině,3379
zakoupení,3380
pořadatel,3381
závod,3382
ekonomická,3383
pokřtěn,3384
slunečník,3385
kroniky,3386
obvyklé,2496
šachový,3387
obdrželi,2382
radostně,3388
vydat,1962
býval,379
nafotila,3389
řečeno,3390
kantáta,3391
třicetiletá,3392
vyvolán,3393
novými,883
snáší,3394
dokonce,3395
závratě,3396
zájmovém,3397
několikanásobný,3398
pohodička,3399
rozloha,3400
pošta,1778
představa,3401
plošné,3402
účastník,3403
doufejme,3404
ergonomický,3405
nahlásil,1496
nadřízený,3406
kadeřnický,3407
jednotné,3408
počet,3409
kolenům,3410
jasné,1649
obden,3411
vyhrazena,3412
krytýbazén,3413
spjatý,3414
nula,3415
altán,3416
konzultací,3417
vstoupil,2207
současností,153
mistrovský,3418
naboso,3419
návštěvu,1442
nechodil,1162
nečekal,186
vymyslela,3420
stručně,3421
nenese,2428
cenu,617
keramický,3422
tomtéž,3212
preventivním,1644
předčasným,592
přijatelný,1791
občasné,3423
nejlidnatější,3424
aukce,3425
oceněný,985
oslavují,1140
metodika,1868
zdařilé,1275
permanentní,3426
sólový,1566
nato,3427
inflace,3428
průzkumem,307
opožděně,3429
přiložen,3430
spáchala,2778
nudný,3431
jednotlivými,3432
tudy,3433
světový,1016
mrtvými,3434
dočkaly,465
festivalu,1489
nereálné,2307
připomínka,3435
dětský,3436
vytápěním,3437
podávejte,3438
bohatý,3439
modelového,433
stránky,1299
peníz,3440
nedaří,3441
největším,3442
dočkala,465
rybářská,3443
zamýšlel,3444
dynastie,3445
seskok,3446
představená,537
účely,735
vytisknout,3447
vydanou,18
nejlepším,1119
preventivně,3448
varovala,3449
dělostřelecké,1229
hymna,3450
básnické,2350
aktivitami,1365
spoluúčasti,3451
objevil,1606
záměry,489
zasněžené,3452
začínáte,590
nejvyšších,1828
ředitel,3453
evidenčního,1118
zapůjčení,3454
neděje,3455
zvolil,1720
klimatické,1323
stručná,569
zbyl,3456
občasný,3423
připomeňme,813
maloobchodních,1870
nemohlo,1237
vymysleli,3420
kartonů,3457
přesný,3180
informace,2258
vydaného,18
sarkazmus,3458
obřad,3459
obyčejně,3460
házené,3461
předchozího,510
ochoz,3462
přerušeno,3463
oranžově,3464
zaplatili,3116
spontánní,3465
objednávala,3466
závěrku,338
vyplaceno,3467
soutěžní,3468
boduje,3469
sníst,3470
vzdělávacím,693
dotační,3471
přijali,2507
nedochovala,3472
neuvěřitelná,2369
testovat,2186
zákaznická,2667
pojali,3473
zavře,2839
kvalita,3474
pláštěnky,3475
vytištění,3476
neodpověděl,3477
povede,1536
sporadicky,3478
přibližné,920
sady,3479
usměje,3480
mzdový,3481
biologický,3482
padesát,3483
rauty,2958
přehlédnout,3484
kalendářů,180
zeptá,3140
postelemi,3485
zápise,1046
písemné,3486
přestávka,3241
orientačním,2796
jejími,3487
muzeum,3488
změnám,1014
pořadatelé,3381
potěšilo,3489
uvedlo,3490
projednávat,1674
ukázky,1914
předávací,3491
vchodových,2271
prohlásila,1249
séria,3492
varoval,3449
symfonie,3493
implementace,3494
vzrůst,1627
dobyto,932
odepínací,3495
dodáním,895
vývojový,3496
chvilky,2046
pilotním,963
vánočních,987
potravinářských,2649
besedě,445
horkým,205
zasedal,3497
pláň,3498
zveřejníme,3499
anglicky,3500
pozvala,3065
senátor,3501
intervence,3502
raném,519
fotogalerii,114
vydá,1962
nevratná,3503
tráva,3504
datace,3505
výzkumný,3506
žlučník,3507
vyšplhala,2359
vyplynulo,3508
pokrývačské,3509
grilování,3510
fotovoltaické,3511
samotní,529
demo,3512
review,3513
přestavuje,3514
nepříjemný,566
provádělo,2526
version,3515
vykoupení,3516
vyrazilo,3517
vybírat,2029
nechal,3518
situace,3519
idnes,3520
vyhláška,727
útočí,3521
rajče,2811
zopakovala,3101
drink,3522
zahynula,2247
čtete,3523
trvalá,3206
olomoucká,2574
papež,3524
zmínil,685
nezařízený,3525
ligovém,1267
potěšením,3526
geografická,2343
rodila,3527
projektového,143
tabulkové,2846
hlásí,1181
uměleckoprůmyslová,3528
ztráta,3529
nezapomene,1829
nadzemní,3530
propagačních,2672
poslanec,3531
přijal,2507
zaútočí,3532
expedujeme,3533
vezmeme,1858
nechodila,1162
odhalen,3534
předsedové,2455
publikovat,208
třením,3535
říká,1775
napadla,664
dieťa,3536
tématické,3537
strašná,1406
pěší,1968
mob,3538
organizacemi,3539
funkční,3540
permanentky,3541
neváhal,3542
cestopis,3543
hrabe,3544
didaktický,3545
prováděl,2526
nečekané,3546
denních,1160
nepletu,3547
přímý,3548
realizátor,3549
smutná,1095
ojedinělé,3369
uváděných,1289
domluvte,1745
připraveni,666
zřízen,3550
pocit,3551
okamžité,1810
nechává,1834
říkal,1775
návaznosti,3552
sousedy,3553
potřebami,3554
pořádány,240
veřejně,3555
vzít,1858
bílý,3556
hlásila,1181
programy,451
rozpočtovém,1499
kopec,2424
vyhodnocením,375
eviduje,1263
tenista,3557
předběžného,88
přiznám,1748
nejlehčí,1876
stěžejní,3558
trénuje,1609
uvedli,3490
tajný,3559
přerušení,1840
zvukový,3560
vydali,1962
koutem,3561
výstižné,1847
souviselo,3274
občanské,2446
samospráva,3562
mrzí,3563
udělován,3564
zvedá,3565
použila,3052
základě,3566
podrobnostech,3567
domnívají,2448
růstem,3568
mořem,3569
vzkříšení,3570
panoramatický,3571
dobový,3127
dirigent,3572
současně,3573
legislativa,2387
nedalo,1297
páně,3574
narodit,621
nachystané,3575
certifikovaný,3576
nestála,1466
zpracovaného,402
uváděl,1409
stanem,3577
tisíc,3578
příručky,1002
doveze,3579
zúčastněným,3580
hovorové,3581
obsazeno,3582
načase,3583
hagusy,3584
každ,3585
požádání,3586
doplněné,3587
pobývá,3287
vypíše,943
pardubický,3588
přeneseném,3589
nedostatečný,1994
zpřístupnění,3590
instalováno,3591
prodlužuje,3592
úder,3593
levný,1190
zajat,3594
zastupitelstva,3595
běžně,3596
úmrtím,535
moravská,2200
klesala,1831
přibývá,3597
krizové,322
intenzivnější,3598
uplynutí,3599
krajská,1000
druhotných,3600
webová,610
předplatného,916
kurzu,851
sametová,882
růžová,1223
pokrývá,3601
pohybovali,1793
pozdravit,3349
odeslání,3602
nepomůže,3603
mag,3604
dotazníkového,3605
tiskovin,1436
vstupné,3606
natěračské,3607
prováděné,761
píše,1830
hodinami,178
jihovýchodní,3608
zůstával,1983
popisné,3609
těhotenství,3610
zjistila,3611
colspan,3612
běžkách,3613
nehráli,3614
poradenská,3615
zřizovaných,3616
kraji,870
volbám,270
představením,937
skupinová,3617
parlamentních,644
nejdůležitějších,999
debut,3618
myšleno,3619
nikdy,3620
neuškodí,3621
nejistota,3622
novozélandský,3623
rekonstruován,3624
tiskárnami,3625
nepotřebovali,3626
comeback,3627
obchodyz,3628
oceněné,985
nadzemním,3629
nechala,3518
rodičovský,3630
scénářů,493
datovými,3631
společenský,3632
pod,3633
informatik,3634
nezměnilo,3635
potěšující,3636
navštivte,1577
odmítl,1916
nehrála,3637
okruh,3638
udělovaná,3639
obdržela,2382
jedněch,793
sedmdesát,3640
poznamenal,1721
srovnáním,623
vrátím,762
koncentrační,3641
celer,3642
doloženo,3643
koupit,2741
zkrachovala,3644
pomyšlení,3645
oktáva,3646
lákavé,3647
tragického,374
navrhovala,3648
softwarový,3649
pamatuji,1231
úhrnu,3650
radostné,3651
padnout,809
šestou,67
čarodějnický,3652
podán,1397
bezpečný,2043
zaznamenává,3653
předkrm,3654
zpomalil,3655
návštěvníkům,1368
studeným,93
zvou,697
každodenně,3656
úmysl,3657
děkuji,3658
konzumaci,3659
nejzásadnější,3660
pozdější,2814
bývalý,2217
úterním,1188
kmenový,3661
čtenářství,3662
jedeme,3663
zhroucení,3664
odletět,1272
nezkoušela,3665
odpočívat,3666
povídat,2909
ordinačních,3667
reflexe,3668
zvednout,2697
výdejní,3669
stručnosti,3670
zahrnují,3671
firemních,3672
atletické,3673
prodloužená,3674
vydavatelství,3675
vydavatelské,3676
plzeňský,3677
yacute,3678
údajů,1554
kráčí,3679
předešlém,559
plesové,3680
neudělal,3166
ten,3681
očištění,3682
zahraničními,3683
vrcholový,3684
příspěvků,475
pokračovaly,1929
ústava,3685
vybírali,2029
letenky,2474
půlstoletí,3686
garážových,3687
točené,3688
milión,3689
objevila,1606
sluchátkový,3690
bum,3691
západní,2585
dění,3692
trojúhelníkový,3693
střídá,3694
otěhotněla,3695
spadly,803
absolventů,557
druhotné,3600
stříška,2121
anexi,3696
analytik,2193
potížemi,3697
úspěšném,552
informovalo,332
vydržet,1404
scénické,3698
blogu,3699
mezník,2426
zvířegril,3700
přihlásil,1011
přihlášeniprosím,3701
obvyklým,2496
historickými,1315
ožije,3702
akademické,347
jižních,2435
nevylučuje,3703
spadala,2149
vystačí,3704
krátkodobém,624
živo,3705
přijedeme,532
zóna,3706
splacení,3707
suché,622
půlku,148
grafickými,650
nejúžasnější,2401
předpokládané,175
stejném,3346
zachytili,3708
navození,3709
přípravy,394
předešlé,559
vedl,2112
prvorozený,3710
výsledný,3711
vysvětlení,3712
kalhotách,3713
akcím,414
sborníku,250
strategie,3714
pokoušet,1874
entropie,3715
řepa,3716
románu,1687
zůstalo,2872
dalo,1297
zúčastněnými,3580
kapitulace,3717
působivé,3718
zpívá,3719
koordinátor,3720
devizových,3721
dobýt,932
koncertovat,3722
cyklistické,3723
směn,3724
výživný,3725
vypuštění,3726
uvedeno,1398
zateplením,3727
známý,898
vědecký,3728
formulář,3729
vysadila,2348
objevily,1606
prodloužil,3376
bouřky,3730
komunálních,2835
chlebíček,3731
záněty,3732
pomyslný,3733
společných,1082
nedává,3734
uvolněný,1232
poznamenává,3735
nepřetržitý,2607
chladem,2604
organizátoři,3736
optimista,3737
zavedli,3738
podařila,1959
činí,1412
rovněž,3739
náležel,3740
nelze,3741
zámková,3742
pokulhává,3743
zábava,3744
fond,1528
rodiče,1548
popsaný,3745
porodné,3746
rowspan,3747
povýšeno,3748
mluví,933
strávený,3749
výcvikové,3750
organizovaný,3751
králík,3752
hlavní,1290
přesvědčili,3753
častý,2629
srazu,758
nejvyšším,1828
bodem,1863
petras,3754
časných,3755
sdílený,3756
pauza,3757
nedokážete,1374
zprávou,69
nevydrží,1404
sněmovní,3758
standardně,3759
metropolitní,3760
nedosahuje,2140
jedna,793
jednoletá,3761
šetření,3762
otevřít,1490
obvyklá,2496
vykázat,842
středečního,1288
kompilace,3763
vyhýbá,3764
sazby,3765
stáhl,2381
spjat,3414
slavný,3766
deníkem,1151
summitu,2255
omlouváme,3767
připravující,3768
opakování,3769
dostupná,340
pozvolný,3770
trojnásobek,3771
žáky,3772
možně,3773
poručík,3774
potopen,3775
poutavý,3776
postihlo,3777
přiznává,3778
titulu,900
analytický,2913
nemusíme,3779
městský,3780
široký,3781
důsledků,2962
pradávna,3782
úsměvem,2613
tvůrčí,3783
veřejnými,873
sazeb,3765
okamžitá,1810
obavami,3784
účetní,3785
připomněl,813
čtěte,3523
připravených,666
kyčelního,3786
průměr,3787
vykazoval,3788
povodeň,1450
záloh,2437
nátěrových,3789
stáhne,2381
usoudil,3790
pětadvacet,3791
zpoplatněno,3792
cesta,3793
očekávaných,398
unii,3794
táta,3795
snem,3796
prudkým,3022
pardubická,3588
nezajímá,2016
probírá,3797
osvobozena,3798
sněžení,3799
kočka,3800
porodu,2705
pruh,3801
chladným,195
svrchní,3802
císař,3803
výmalba,3804
výslužby,3805
letěl,1272
stejnojmenný,3806
rozhodnutí,2327
zahájeném,245
spotřební,3807
řepka,3808
nastrouháme,3809
nevedou,3810
působivý,3718
dotazníku,1326
dokořán,3811
nevyhne,3812
plánováním,843
dubový,3813
velkovévoda,3814
soutěžilo,3815
sklízet,3816
symfonická,3817
bezkonkurenční,3818
suchém,622
aktivisté,3819
odvar,3820
nákupní,3821
investičních,2965
převládá,3822
kvést,2955
psát,1830
jasno,3823
zpětná,3824
bývalo,379
rozjede,3825
reálných,2307
opravám,3155
rodičovství,3826
dobré,939
pozval,3065
ukončili,1669
začala,1166
arcibiskup,3827
domluvil,1745
čtvrtou,128
kancelářských,3828
animovaný,3829
fleecová,3830
reportér,3831
periodické,928
vyjede,1455
sál,3832
změněn,3635
normalizace,3833
odjíždí,1356
střechou,2121
nedařilo,3441
kandidátky,3834
hellspy,3835
stanoveny,157
bezbariérový,3836
teplot,2041
panel,3837
externími,3838
magisterského,998
odložený,131
prvoligový,3839
zamýšlené,2759
klesnout,1051
sestavuje,3840
uskladnění,3841
vypršela,649
zahrnut,2421
vnímána,571
úžasné,2401
projektování,3842
pracuje,3069
osušíme,3843
nalezen,1598
odeznění,3844
bramborová,3183
stůj,1466
dodám,2956
vestibul,3845
obchodech,3846
páskové,3847
chvílích,665
ekonom,3848
smetanová,3849
plakáty,1478
zúčastňuje,3850
zkušebnictví,3851
naznačit,2620
přiměly,3852
těsně,3853
hradě,3854
tchán,3855
kurs,686
lákalo,938
koordinuje,3856
paráda,3857
cyklistický,3723
jednorázovým,442
provedeném,2070
zkouškách,2660
revue,3858
zvuková,3560
promítne,3859
fajn,3860
zanedbatelný,3861
vizualizace,3862
obrazně,3863
utratili,1446
dozrávají,3864
přeložen,3865
posloužit,872
náleží,3740
ocenit,2645
doporučeno,3866
vědecká,3728
nezapomíná,3867
železný,3868
dnešními,714
čtyřicet,3054
osmiletý,3869
papírového,435
nulový,2065
nejkrásnějších,1613
praporem,2659
plamenech,3870
birth,3871
hrami,2923
vracel,2097
pravděpodobná,233
děsný,3872
najednou,3873
považujeme,3286
kavárna,3874
vytištěné,3875
turnajem,1709
končetin,3876
rozumný,3877
moravskoslezské,3878
sezónních,632
půjčení,3879
nevyhnutelné,3880
vědci,3881
čís,3882
růst,3568
pojedeme,3663
informacím,2258
vzpomeňte,1919
chemickými,1881
nastoupila,1899
představování,626
výjimkami,2223
podlahách,3883
rozhodného,1142
expedici,982
vystupovali,3884
hostit,655
prohrává,3885
zpracovatelského,3886
chemická,1881
jedinečná,3887
myšlen,3888
častější,2629
draftu,3889
stejnojmenným,3806
doprava,3890
příležitost,2530
vypovídací,3891
neexistují,1295
nadšením,3892
důkazem,3893
projektů,396
sestupněod,3894
usilovali,3895
podnikový,3896
detailní,3897
posunuje,3898
vítězným,724
uznávaný,3899
porady,497
neúspěšných,552
odjela,926
multiplayer,3900
zavěšený,3901
časy,446
vítěze,826
napořád,3902
úklidové,3903
popsán,3745
alespoň,3904
přicházel,496
odsouzen,3905
dohnat,3906
nákupních,3821
výjimka,2223
posoudit,3907
činily,1412
společně,3908
ohřát,3909
omezeně,3910
samozřejmě,3911
razítko,3912
převzali,392
doporučený,3866
karikaturista,3913
eucharistie,3914
netušila,1243
vystoupí,2242
zrekonstruován,3915
omezená,3916
schvalovat,1731
temnější,3917
vyklízení,3918
dožívají,3919
archivních,1671
doprovodných,323
fotbalista,3920
biochemické,3921
nejsevernější,3078
epilepsie,3922
kabriolet,3923
sledovala,2392
listů,1417
uvede,3490
vzdali,3924
programovým,1135
státní,2875
naších,3925
dosáhnout,1663
neskončila,776
otec,3926
devatenáct,3927
svolat,608
dobrým,939
nezdařilo,3928
podaří,1959
přepadl,3929
zřízení,3930
startoval,418
předkládám,1094
zastupitelstvem,3595
hlasovalo,3931
osvědčuje,3932
zaživa,3933
basketbale,3934
nejnovějších,883
planeta,3935
událostí,782
internetovými,988
finančními,3936
vlajková,3937
uveřejněny,587
vydavatelem,2007
černý,3938
upozorňuji,3939
velkolepé,965
dosažen,3940
vdávala,3941
stejnojmenné,3806
certifikace,3942
zúčastní,1555
vydaným,3943
kalamita,3944
zelenina,3945
vyčerpat,3946
andelka,3947
prezentována,1754
nevyužít,3948
ambicemi,3949
vlivům,3950
nezaměstnanost,2582
rudá,362
větrné,458
automatický,3951
pás,3952
neříkám,1775
kompletním,1904
prohlášením,3953
stanovených,157
přípravě,394
psali,1830
reportáže,2569
klubovna,3954
obranyschopnost,2936
nejčerstvější,901
here,3955
žlutě,3956
zavraždění,3957
volná,2260
závěrečného,142
natož,3958
vzpomenete,1919
sledovaném,2272
zač,3959
rodný,741
photos,3960
odesláno,3961
rekondiční,3962
diskuzní,3963
teplejších,81
potěšila,3489
náhražka,3964
mohl,1237
zakoupením,3380
stanovila,1136
slabším,770
plavební,3965
nadšená,3966
šedivé,3967
odehrávala,673
čtyři,1964
míst,1070
přídavný,3968
bronzový,1792
neřekla,2259
školení,3969
znázorněn,3970
titulní,3971
charakterizován,3972
důl,3973
předškoláky,3974
visí,3975
zamrzlé,3976
provázet,1005
integrovaný,3977
ekonomický,3383
vznikli,3978
vařené,3979
realizovaného,726
nepovinné,3980
obnovené,2405
stal,1466
datové,3631
kotelna,3981
nevyskytuje,3982
doporučuju,760
běžný,2463
vědělo,886
nepříznivým,405
přijíždějí,3983
určen,3984
sbor,3985
vyprodánopodívejte,3986
jihovýchodě,3987
rozhlasová,2993
skladník,3988
považováno,3313
odborné,1276
divize,3989
mýtus,3990
muškátový,3991
vzal,1858
objednaná,3992
lze,3741
vydáme,1962
fotografie,3143
plastovými,2567
záchranného,828
novinami,606
mokré,281
všeobecný,3993
draft,3889
zveřejňované,3994
nenapadlo,664
básně,3995
záchranná,828
vyústění,2312
nepravděpodobné,233
srážek,2652
klesají,1831
neskončí,776
popáleniny,3996
poskytovaných,3997
stranický,3998
nedokáží,1374
produktové,3999
doposud,4000
túry,4001
studené,93
přepracováno,4002
otevřením,682
organizují,833
ověřený,4003
nehraje,3614
prvý,2013
nasvědčují,1185
osm,4004
rozčarování,4005
pobývali,3287
riviéra,4006
trávy,3504
cihlová,3339
všemu,862
potřebovala,3626
katalogy,163
živé,3261
natočený,2297
tvarohový,4007
epizody,638
nevědí,886
výměnnými,3033
telegram,4008
čítá,4009
učebna,4010
vyjímatelný,4011
terapeutický,4012
doplňujeme,4013
výcvikový,4014
většina,2536
apoštol,4015
distributor,4016
oddálit,4017
tvořivé,4018
poklesem,633
kancelářský,3828
zůstatek,4019
kupón,4020
zamyšlení,4021
pěkný,4022
příjezdu,308
ceníky,502
slovinský,4023
docházka,1281
žádosti,4024
emisní,4025
neurolog,4026
biblický,4027
fotografický,1396
krátkometrážní,4028
stan,3577
mnohým,1977
dárků,2499
obnáší,4029
mluvíme,933
faktem,1296
dohody,4030
vyhlášená,121
uzený,4031
viděli,651
státech,1466
pozváni,4032
výpočty,4033
pojďte,1947
doprovodného,323
uvedený,1398
registračních,2251
náhodou,4034
přijetí,4035
symfonický,3817
statistikách,4036
dobrovolnické,4037
královéhradecké,4038
částečné,1949
odcházel,3300
impéria,4039
depresivní,4040
zahynuli,2247
rekordních,1448
sledujte,2392
horský,2466
jih,4041
rozestavěné,4042
novinek,306
získání,4043
suchými,622
jinde,4044
klimatická,1323
vyučovací,1642
sděleno,4045
podpis,4046
běhá,4047
deníků,1151
kupříkladu,4048
slibuje,4049
bonusem,1028
gólů,4050
opětovném,1318
vypustili,2318
poklop,4051
rozšířená,1301
životního,3111
válkám,272
oslavující,4052
schválené,166
jehličí,4053
pozorovatelné,4054
podívejme,3106
neobvyklý,2496
zřídkakdy,4055
pevným,2429
úroková,4056
guvernér,4057
outdoorové,4058
zveřejňují,1205
odznaky,1817
probíhajících,2169
publikaci,543
uzavřen,2082
rodit,3527
přemýšleli,1124
avšak,4059
vyjdou,118
kultura,4060
dodávky,1992
rámci,4061
uzavřely,1872
podívejte,3106
vnímáno,571
vybízí,4062
klíčové,909
světovými,1016
odborový,4063
zhotoven,4064
přijímá,4065
nosí,3240
testovací,4066
hora,1716
vědecké,3728
zaregistrována,4067
nynějším,4068
průměrnou,434
zadán,2192
sekretariát,4069
lidová,4070
navrhl,4071
kouzelný,4072
přešlo,1880
subprovincie,4073
hnus,4074
polévková,4075
výplatu,1324
přestěhování,4076
hospodářstvíspecializovaný,4077
teze,4078
omalovánky,4079
nesměli,4080
pokračováním,835
přihlášky,4081
členským,631
výprava,4082
štítek,4083
pozdravil,3349
příkladem,2897
používaný,2855
vrcholem,2124
obzvláště,4084
jmenována,798
vyráží,4085
diskutovali,2970
probíhajícího,2169
přisuzuje,4086
herna,4087
kladné,4088
investorům,4089
mínus,4090
průmyslové,3162
přála,1464
následným,342
mincovna,4091
snaha,4092
nizozemsky,4093
doplňkového,1236
důstojník,4094
započetím,4095
úkoly,1621
prvn,4096
přiletí,2774
biomasa,4097
příspěvkové,4098
raná,519
pobočkách,800
zopakovali,3101
přiznán,1748
mělo,1579
sněmu,4099
skladová,4100
stažením,462
lakovaný,4101
stoupají,1991
čtvrtinu,1191
naživu,4102
vzniku,469
sedím,4103
řádných,662
shořel,4104
pravidelným,757
mapa,4105
rozsudek,4106
silvestrovské,4107
nejbohatší,3439
jedinečný,3887
hnědá,839
úspěchům,1648
testu,2878
vstoupili,2207
soutěžili,3815
zasloužený,4108
začínala,590
přítomen,4109
poskytnem,2924
hrozné,1677
výdej,4110
rozpracování,4111
skupinový,3617
trek,4112
počtu,3409
wikicitáty,4113
podklady,1392
years,4114
výbor,4115
převažuje,4116
prohlédnutí,4117
výtahem,661
obracím,4118
vodami,4119
pedagogickými,2344
nepůjde,1947
posílení,4120
vedlo,2112
plamen,3870
stupněm,599
vývoje,1584
informovanosti,4121
pátečního,734
zasloužili,4122
rozloučil,2363
prodeje,2874
slinivky,4123
prosila,4124
hojný,4125
pravoslavný,4126
neuvidí,767
rozběhl,4127
impulsem,4128
přehnané,4129
účastníky,3403
veletrzích,1050
filmy,1506
projekty,396
vyplývá,4130
umisťuje,4131
obálek,4132
testům,2878
usilovala,3895
snubní,4133
sděluje,4134
zeměpis,4135
vynikající,4136
kulaté,1638
nezaplatí,4137
fyziky,4138
dvaceti,2951
neobjevuje,2885
záplavy,4139
hnusný,4140
dlouholetý,4141
záporné,2153
příjemných,566
ochutnávku,4142
hostil,655
stravného,2194
seznamovací,4143
věřili,4144
card,4145
výzvu,316
bavlněný,4146
děním,4147
nepravidelný,757
však,4148
rozmanitý,4149
orel,4150
rozkaz,4151
hliníkový,4152
testy,2878
vyhořel,4153
lisovaný,4154
výsadba,4155
případný,4156
zprávách,69
měl,1579
placení,4157
jmenování,4158
unie,3794
teprv,4159
zrekonstruované,4160
náhlé,817
nevšimli,4161
rekonstruovat,3624
zápasem,4162
psala,1830
slev,892
zemích,4163
věděla,886
horor,4164
navrhoval,3648
pořídit,4165
zaplatilo,3116
povýšen,4166
esejista,4167
nosily,3240
karta,4168
daňová,3097
tištěná,1641
shromážděním,2931
zařazen,4169
vylezl,737
výpočtech,4033
usnesl,4170
vyjednat,4171
panovaly,1511
základny,2478
nespadá,4172
referenční,4173
požadován,1414
pokládá,4174
ohraničený,4175
katastrofální,4176
podepisujeme,4177
školským,2420
produktová,3999
pohybovaly,1793
pravda,4178
informatika,3634
uznáván,4179
životě,1942
zvýšený,4180
procházce,525
kuchyňský,4181
navazujícího,4182
projížděl,4183
vědec,3881
setí,4184
časné,3755
tulipány,4185
debakl,4186
stimulace,4187
městyse,4188
promítán,3343
němž,4189
výkres,4190
dostane,2702
panovala,1511
nepsala,4191
poštovným,3238
řekl,2259
nadšeně,4192
předcházely,729
užíváno,4193
solárních,3112
zaregistrovali,4067
ucelené,1985
sporák,4194
dekret,3124
výjimečně,4195
dokumentační,4196
prováděných,761
neroste,3568
evropský,3195
vyšší,1828
hody,4197
dárkovém,4198
nešťastný,952
čehokoliv,4199
předpovídat,4200
rozbor,4201
konkurz,4202
slevu,892
skalnaté,2228
začínat,590
dva,4203
oslavám,602
tedy,4204
aktuálních,577
emisemi,1321
minute,4205
podobách,4206
vstoupit,2207
zavřená,191
příležitostně,4207
dílny,2306
trávíme,1656
předškolní,1971
těžko,4208
přicházelo,496
uzavřený,2082
butt,4209
jede,3663
vatikánský,4210
vytvořením,318
nejraději,4211
schránky,4212
dlouhodobější,410
frank,4213
zmiňováno,1479
následovně,4214
číslem,443
pálí,4215
informována,4216
šel,1947
porovnávání,2915
dopady,2500
nezávislý,4217
zmapování,4218
zřizovatelem,4219
mletý,4220
blbci,4221
protáhla,2587
využili,4222
stanovisko,4223
světem,1462
redakčního,2621
pozorovat,1038
povinný,4224
uvedl,3490
blížila,224
janice,4225
poskytnuta,4226
neobjevil,1606
výstaviště,4227
nakrájený,4228
ztrátě,3529
tatarák,4229
neprodává,4230
podávání,4231
zakoupený,3153
minule,4232
nízkými,350
nevrátí,762
zapomnělo,1829
zeleninová,2024
horečky,751
stanovit,1136
odeslaných,4233
nebojte,3252
oceán,1678
uvedení,1398
průjmy,4234
vybereme,2015
bližšího,1486
mávnutím,4235
elektronická,4236
skutečné,2843
minimálně,4237
drak,4238
jarního,302
kabinet,4239
nehodí,4240
ohlas,4241
bráno,4242
nenabízí,1146
podepsal,4243
vzácně,4244
vypočtené,4245
upadá,4246
obklad,4247
napínavý,4248
kolektivní,4249
organický,4250
samostatné,2557
nákupech,1218
získáním,4043
going,4251
světe,1462
písemná,3486
balkonů,4252
rokov,4253
zabrat,4254
hudba,4255
internetu,2303
technický,2472
nejproduktivnější,4256
snížení,4257
nedosahují,4258
spotřebované,4259
vyvolal,4260
nepočítá,1001
trilogie,4261
zahrádky,2324
deštích,772
nejjasnější,1649
přečetla,4262
faktury,4263
basketbalová,4264
růžovými,1223
předpovídá,4200
dokonalý,4265
vybrána,792
turnaje,1709
visel,3975
abdikoval,4266
solární,3112
klade,2195
středisko,4267
odhodlal,4268
vítaným,4269
úvahám,1148
odmítli,1916
neplatný,4270
vlna,4271
nehrál,3614
výstupů,797
onemocněla,4272
rozporuplné,4273
jeli,3663
nevidíme,651
zvážit,4274
pár,4275
informován,4216
spolupracovali,4276
pořádanou,553
nestačil,2095
odměnu,2724
tepla,1960
používáme,1966
hadr,4277
modelování,4278
dopadla,1003
zpravodajská,1608
zvolila,1720
výklad,4279
stánkové,4280
depilace,4281
migotati,4282
košíku,4283
přihlášek,4081
vystoupení,4284
touží,4285
dohady,4286
viceprezident,4287
rodinou,4288
infračervený,4289
připouští,4290
pohřeb,4291
expediční,4292
štítky,4083
navíc,4293
rozhodne,2683
nástěnce,4294
členskými,631
krémový,4295
cestovatel,4296
panička,4297
odborného,1276
opětovným,1318
opadávají,4298
koupání,4299
většinou,2536
nezahrnuje,3671
schvalování,4300
kdepak,4301
doprovázely,1887
dodávaný,2961
hůř,2109
zakázka,2175
našich,1665
devizové,3721
výsadek,4302
dodán,2956
archeologická,4303
kompenzačních,4304
skromný,4305
úspěšná,552
dohodnout,4306
vyprodaný,343
objevy,1685
šestiletého,2354
zopakoval,3101
netušil,1243
tradiční,1789
potvrdit,1438
vodotěsný,4307
vycházela,221
startovala,418
překvapující,4308
sobotním,1163
kongresové,4309
omlouvá,3767
kapacita,4310
přežilo,1380
přidáváme,4311
revizní,4312
umělec,4313
závazné,4314
dálkového,1241
nezměněné,2715
označován,4315
starosta,4316
medailista,4317
povedený,4318
deprese,2827
dramatické,1055
tragédie,4319
náminfo,4320
ejhle,4321
hrajeme,3614
botanické,1696
velký,3442
plameny,3870
poprava,4322
literatura,4323
ohraničená,4324
katastrofě,2275
únava,4325
oslava,602
toužili,4285
hrášek,4326
incident,4327
opustila,3256
vycházející,4328
financemi,2264
nařízením,4329
energetickými,4330
živá,3261
eidam,4331
anonymní,4332
skladovat,4333
otestovat,2186
místech,1070
zavření,191
nesvítí,2334
nemyslitelné,4334
stoupnout,2044
počítají,1001
celých,167
testováním,1165
půle,1890
vyvolávací,4335
přijdou,339
mobil,4336
přečteno,4262
zváni,4337
hospodářským,1304
aktualizací,4338
ven,4339
dialog,4340
podotkla,1780
průšvih,4341
čítal,4342
fyzickým,4343
loňskou,24
dodány,1728
okrsku,4344
prožíval,498
podlimitní,4345
výjezdů,4346
krtek,4347
vestibulu,4348
zařadit,4349
dohodě,4030
poplatníky,4350
dohánět,4351
stresem,4352
socialismus,4353
agentura,4354
uvažovat,1798
nositel,4355
návratem,1308
vegetace,4356
firmwaru,4357
doplněk,4358
pochází,4359
platíme,2397
lhůty,3025
zvažoval,1413
kopřivy,4360
projevit,2637
zasloužil,4122
dvoulůžkový,4361
středními,4362
kamerový,4363
vznikla,1152
zmizí,1561
spatřit,1587
vojskům,1973
potravinářském,2649
předcházela,729
odvolací,3237
povšimnutí,4364
orloj,4365
jednoleté,3761
němuž,4189
plavec,4366
klasický,4367
předveden,4368
build,4369
svinstvo,4370
vyskočila,1833
nacházíme,4371
přátelé,4372
vynoří,4373
věřte,4144
blahopřání,4374
výběrový,2648
partnerskými,2757
málem,4375
popisuje,2061
tradičním,1789
místì,4376
naučná,4377
zaměstnanecké,4378
hlasovat,3931
úhrn,3650
upřesňuje,4379
zvítězilo,4380
jedinečným,3887
ostrov,4381
připravte,173
zakončeno,1541
přírodovědec,4382
kabel,4383
uklidní,4384
manažer,4385
leteckými,4386
tajně,4387
pestré,1139
hudebními,4388
identifikační,4389
nábytkem,4390
dřevozpracující,4391
pořádná,4392
pokoušela,1874
komentované,4393
turistickým,897
nejistoty,3622
ústavodárný,4394
samostatná,2557
hvězdárny,2591
elektrický,4395
třináct,4396
vsítil,4397
revizi,501
úspěch,1648
vzorový,4398
australský,4399
novelizace,4400
největší,3442
jednoroční,4401
skladu,1391
rádiový,4402
odkudkoli,4403
sním,3470
nařízeno,4404
tištěné,1641
nehnuteľnosti,4405
kytara,4406
věk,1777
setkáváme,4407
říšský,4408
víte,886
konečném,274
nepřesáhne,4409
přidání,4410
byli,478
využíván,4411
zřítila,4412
vestavěným,4413
pohyboval,1793
generálním,2631
koupele,4414
zaplatit,3116
běžným,2463
spolupracuje,4276
řepy,3716
svůj,4415
zveřejněných,264
obsazuje,4416
objev,1685
zvedne,2697
přípravka,394
mučedník,4417
komunitní,4418
totality,4419
sestavování,4420
pondělka,4421
složili,4422
uvařené,4423
nervové,4424
konaná,4425
komunikativnost,4426
pirátská,4427
gregoriánského,4428
obřadem,3459
michal,4429
informačních,2682
vyšplhat,2359
prožití,4430
dýně,4431
blížit,224
dárkový,4198
víceúčelový,4432
zhasne,4433
nejmodernějšími,4434
předvádí,4435
muzejních,4436
viděl,651
obecný,4437
připravenost,1073
dostupnější,340
vtip,4438
nezměnila,3635
jednoznačným,1495
hráli,3614
stres,4352
současníků,1972
tehdy,4439
auditu,4440
nabízeli,1146
podepsáno,4243
slunci,300
zajišťovali,4441
strýček,4442
nových,883
akreditovaných,643
palmový,4443
švihadlo,4444
krytých,4445
provozu,3355
medailon,4446
nenesou,4447
celostátním,603
mysleli,4448
zaplatila,3116
přístavby,4449
provedených,2070
ustaven,4450
favority,4451
úrazy,4452
následovaný,4453
viadukt,4454
meteorologických,1329
architektura,4455
životními,3111
dosažený,3940
špičkový,4456
zaměstnanosti,4457
bojkot,4458
nátěry,2674
bláznivý,4459
erotický,4460
strategické,2823
najlepšie,4461
zrodil,4462
uvádějí,1409
třetině,1500
přijíždí,3983
odznaku,4463
museum,4464
občas,4465
jídlo,4466
jediní,1186
rukávech,4467
vymyslel,3420
přestěhovali,4468
útok,2780
klídek,4469
pedagogická,2344
přebírá,4470
průběhový,4471
deskových,4472
vyhodnotit,968
akcích,414
využitelný,4473
nehrozí,4474
solárního,3112
větry,3217
zůstávali,1983
seznam,4475
papír,4476
nabízeno,2188
poskytnutý,4226
kopule,4477
milovali,4478
internetových,988
čert,4479
významnými,844
příspěvkem,475
nedoporučuji,4480
sdělil,4481
úsměvné,4482
pětkrát,4483
maturitou,1057
projel,4484
četa,4485
obkladům,4486
vytvořena,504
elektronické,4236
příležitosti,2530
opona,1811
strašidelné,4487
zavinil,4488
přesahem,4489
nadřízeným,3406
skladové,4100
kandidatury,4490
implementován,4491
štít,4492
vaříme,4493
vystavěné,4494
neprojde,2069
eura,1629
nenapsal,620
historická,1315
chtělo,1167
dvoujádrový,4495
doložen,4496
trvalý,3206
hydratuje,4497
holokaustu,4498
vítězná,724
dívám,4499
platná,1732
článků,360
nedostaví,4500
vládla,4501
uvěřil,4502
pamatuju,1231
sazba,3765
trojnásobný,4503
kampaň,1168
předmět,4504
zavedla,3738
následujícími,261
prohlédnout,4505
vybudován,4506
stáhla,2381
letého,1689
prověřeno,4507
povětří,4508
vrací,2097
zúčastněných,3580
dnu,1383
nestojí,1466
otok,4509
parapetů,4510
infrastruktura,4511
loutkový,4512
měli,1579
prstýnky,4513
akciová,848
pečovatelské,4514
budem,4515
rozhodovalo,1338
necháme,3518
návštěvnosti,4516
patřila,600
realizována,726
titulkem,4517
přesun,4518
reedici,4519
ostrý,4520
podělíte,3030
zvlášť,4521
vypravil,951
nepřipouští,4290
nechápu,4522
zavedl,3738
novela,4523
bobkový,4524
svadba,4525
vysvěcen,4526
nemohu,1237
výhledu,722
rozlišujeme,2371
soudí,2832
jedenácti,1853
entry,4527
foťákem,4528
ožívají,4529
koncertního,2099
klidný,2737
was,4530
pokračují,1929
zeleným,515
městské,3780
záblesk,4531
energetický,4330
nakažených,4532
východním,1628
teplá,81
estonský,4533
projednal,1850
plavby,3076
zkusíme,2980
odhodlala,4268
anketě,580
dáváme,3734
energiemi,4534
metodických,299
rozkazu,4151
účasti,2456
průměrem,3787
zaujímá,4535
sluníčku,467
výzkumu,3056
pijeme,4536
dlaních,1933
znamenalo,765
antologie,4537
hřbet,4538
představovat,626
milionů,3689
výsledkem,1615
obr,4539
tísňové,4540
rozpočtovým,1499
negativní,4541
logický,4542
stmívání,4543
stojánková,4544
dráha,4545
podílových,2028
kadeřnické,4546
nepřestává,4547
přímým,3548
webové,610
smíření,4548
dlouholetým,4141
sloužil,4549
přesvědčit,3753
vynachválit,4550
kandidátem,2813
bezdrátový,4551
opravený,4552
prarodiče,3103
očekávám,393
oběšením,4553
přemýšlela,1124
létá,4554
pravděpodobnosti,4555
úvodu,426
webkamera,4556
bouřka,3730
tímto,738
teplotní,4557
přijímacím,4558
úryvky,560
návštěvnost,4516
měřeno,4559
návlek,4560
humorista,4561
nese,2428
pedikúra,4562
pociťuje,4563
bratranec,4564
odměně,2724
nosil,3240
přilehlých,4565
nájemníky,4566
pravoslaví,4567
mimořádně,4568
podrobnější,1963
zářivý,4569
souhrn,4570
konzultovat,4571
pokusí,1026
obchod,3846
ničivé,4572
oznámí,381
snažil,1220
běžného,2463
rámcových,4573
hrůzou,1023
zajímavým,692
spektroskopie,4574
udržovací,4575
fota,4576
nechalo,3518
prošel,2069
povětrnostní,1211
vyzkoušet,1751
zájmové,3397
vyhlášek,727
energetické,4330
večerního,508
krabice,4577
záchranném,828
odchov,4578
farmaceutická,4579
teoretický,4580
zkratka,488
usmíval,1039
zařadili,4349
nominace,4581
kurátorka,4582
nadějně,4583
kouř,4584
jazyková,4585
informovanost,4121
protestní,4586
kolegové,4587
dluhopisy,1388
antický,4588
obhajovat,4589
tabletech,4590
vystouplá,4591
teploty,2041
dlouholetá,4141
plavání,4592
horizont,3304
přišly,339
uspořádat,348
výpočtu,4033
vysvětlením,3712
předvedla,4368
zavírací,4593
vzpomínek,425
časově,4594
sledován,2272
letáku,4595
poválečném,565
stanov,4596
přibude,4597
dostaneme,2702
podlaží,4598
vydávat,2532
dosažena,4599
ještě,4600
oranžový,878
prospektu,4601
fyziolog,4602
využít,4222
vstoupily,2207
navrhovali,3648
kolektory,4603
překročit,4604
klad,4605
netýká,2946
pozadí,4606
kanál,4607
oblíbené,490
nejširší,3781
způsobil,3341
zjistili,3611
auditů,4608
neopustí,3256
zkoušek,2660
můžete,1237
vydržím,1404
čtení,4609
smazáno,4610
vlevo,4611
alarmující,4612
pozorování,4613
prodloužené,1697
spatřil,1587
vzrostla,1627
audity,4614
krátkodobého,624
odůvodněním,4615
realismus,4616
biskup,4617
tábor,4618
perský,4619
počítat,1001
nazvali,2732
prosíme,4124
počkala,806
sovětskými,2977
různorodý,4620
mix,4621
evidováno,1263
odkladu,319
určit,4622
speciálu,4623
slavností,1428
přiblížil,4624
mrazem,834
kulatým,1638
bombardovací,4625
rukávy,4467
šťastnými,952
trvají,838
bláznivá,4459
říkali,1775
moře,3569
způsob,4626
koncertovala,4627
regiony,4628
jdeme,1947
mobilizaci,1893
udělení,4629
přispívá,4630
vyskytly,4631
kalendářních,51
alba,4632
facebookovém,4633
vnímá,2857
aspektem,4634
těšim,4635
kombinované,2684
finalista,4636
slibovali,4049
nevrací,4637
překvapen,3309
obrázku,3359
seminární,4638
zkoušet,2881
dosáhne,1663
rakovině,4639
rovnoměrný,4640
pozastavení,4641
čínský,4642
proměnlivá,2963
pouhými,607
premiéře,746
pravým,4643
pozoun,4644
pamatujete,1231
zápisem,1046
objevené,4645
šlehačka,4646
útokem,2780
koncový,4647
děkuje,3658
pohodové,675
visit,4648
čem,3959
detailním,3897
standardizace,4649
tvrdila,1981
přicházející,4650
impuls,4128
přestoupil,4651
běžel,1068
lesklý,4652
obličejový,4653
doby,437
věková,4654
prostředek,4655
různorodé,4620
zakončený,4656
kamarádka,4657
jmenoval,4658
platném,1732
fusak,4659
nejširším,3781
založena,1797
přístupových,4660
režisér,4661
denního,1160
nejnavštěvovanější,2751
náročné,1238
konzumuje,4662
nepřetržité,2607
schází,4663
kosmická,4664
hustý,4665
pobavit,4666
týmový,4667
medicíny,3236
objeví,1606
efekty,4668
došel,545
seznamuje,4669
zavřel,2839
kandidoval,4670
eds,4671
posunul,2349
přežít,1380
doktorské,894
průsvitný,4672
nevšiml,2719
vynesl,4673
výdělky,4674
přírodovědecké,4675
povolil,4676
oteplení,4677
mluvilo,933
programovacím,2071
panují,1511
zadarmo,4678
díle,283
metodik,4679
pomocný,1112
dabing,4680
člověk,4681
optický,4682
nedodává,4683
zabral,4254
zasloužené,4108
zde,4684
deníčky,4685
zmíněno,2201
zmatenost,4686
rekordy,3283
postřik,4687
komentovali,1017
fotky,1667
tiskovém,190
výzdoby,4688
nezvládli,4689
vyrobený,4690
sháním,4691
volali,4692
honí,4693
vyhotoven,4694
pozdějšími,2814
promítáním,4695
zjištěním,3270
představeny,537
ústředna,4696
stolem,4697
jíme,4698
středoškolský,4699
důvodu,2374
stimulační,4700
usednout,4701
proškolení,4702
střecha,2121
ekonomické,3383
gymnaziální,4703
natočil,2335
rozhodl,2683
pozorovány,1038
přežily,1380
slavnostních,1878
jídly,4466
kovový,4704
dosažení,4705
začne,1166
našeho,1665
vstupenek,4706
komunikátor,4707
ostatní,1219
výstavní,4708
pilotních,963
nosným,4709
procentních,4710
bordó,4711
který,2553
prenájom,4712
zániku,428
přáníčka,4713
zavedeno,1503
lokace,4714
čtverečního,4715
programovacího,2071
staletí,68
dopravě,3890
svolání,4716
zkoušíme,2881
zastupitel,4717
empirické,4718
atletice,4719
pomocník,4720
úspěchem,1648
překročila,4604
používáno,2855
doporučil,1827
zřizovací,4721
geologické,1563
tisky,385
nařídil,4722
bílými,3556
prodalo,4723
milenka,4724
nářez,4725
kabátě,4726
vzdělávání,4727
moderoval,4728
dotace,4729
dobrovolný,4730
zpracovaný,402
odlehčený,4731
sezonách,4732
dnešního,714
nechutenství,4733
rekonvalescence,4734
usiloval,3895
městem,2189
ustavení,4735
papírovým,435
citrónem,4736
zahrnuje,3671
nepříznivého,405
podkladě,1392
procházeli,4737
terasa,2640
přijímačky,4738
nechce,1167
udržovaný,4739
vystoupilo,2242
trasa,4740
informují,332
dodávek,1992
bouřce,3730
before,4741
systémů,4742
zlákat,4743
sádrokartonové,4744
teplárenství,4745
prvého,2013
odměn,2724
nechodím,1162
předčasnému,592
témata,1314
nepřijatelný,1791
biologické,3482
výzkumy,3056
světlé,1553
nepřineslo,213
denním,1160
nepřímý,4746
zapojte,4747
zbarvuje,4748
zadání,4749
počkejte,806
veselo,4750
objevení,4751
dodatečných,1889
číhá,4752
rohlík,4753
střih,4754
bleskové,4755
spočítat,2959
zelené,515
přerušil,3038
přednáší,4756
zpracováváme,2803
začít,1166
doručen,4757
dovolila,2319
účastníkům,3403
provozovaný,4758
setkávali,4407
netbooky,4759
vizuální,4760
přestup,4761
ukončování,4762
různí,4763
start,1284
doprovázejí,1887
časopise,328
přesvědčovat,4764
nařízení,4329
letišti,4765
činnostech,1612
nemožný,1476
dopravními,4766
staniční,4767
atentáty,4768
vyjela,1455
neukazuje,4769
neměnila,4770
kalendáři,180
zhroutila,1816
popř,4771
definovaný,4772
záloze,2437
spali,1631
obvodovými,4773
černobílý,2431
jmenovalo,4658
přál,1464
zachyceno,3708
veřejnou,873
nezačne,1166
přicházím,496
volitelná,1123
signální,4774
zákona,4775
zlatá,2300
horkém,205
emisi,1321
výrobními,4776
chápete,4522
horskými,2466
rozhodoval,1338
zhotovitel,4064
dob,437
zvedli,2697
učitelské,4777
interview,4778
písničkář,4779
zbořen,4780
podomítková,4781
neměla,1579
květinový,4782
magazínu,574
počátků,61
přesvědčil,3753
multiplatformní,4783
kpt,4784
statistickým,169
politiky,4785
vzniklo,1152
něž,4189
olivami,4786
cestování,4787
měna,4788
náladě,382
největšími,3442
foyer,4789
veterán,4790
přemýšlel,1124
biochemik,4791
bilancí,2419
chlapeckými,4792
nefungovalo,2687
polyester,4793
pomůcka,4794
přesnější,3180
tun,4795
široká,3781
dalším,4796
takovéhle,4797
schodištěm,4798
slavnostně,4799
barevné,672
stane,1466
koncertě,825
sepsání,4800
dokázal,1374
sklepa,1982
přednášel,4756
úpadek,4801
brigádu,816
odhalili,1056
ujistit,4802
herními,4803
každodenním,4804
protiskluzové,4805
vystavěný,4494
rozmanitá,4149
nejznámější,898
neodmyslitelně,4806
ztvárnění,4807
podpořen,1647
některých,1431
silami,4808
vánočním,987
žert,4809
dokončit,1007
vzpomínkou,425
skutečnost,3250
doušky,4810
strojnická,4811
druhého,236
pořádáním,240
ozáření,4812
otevřenost,4813
interval,4814
umísťuje,4815
moniotry,4816
jahodami,2899
rotunda,4817
svítilo,2334
kandidatura,4490
létají,4554
shrnul,1742
solná,4818
prostorech,4819
odvysílala,4820
zaujalo,4821
nevydal,4822
zážitkem,3209
srazy,758
reforma,4823
lednička,4824
jídlu,4466
ordinační,4825
zvracení,4826
gumový,4827
mohla,1237
mzdové,3481
beletrie,4828
vypršení,4829
navrhla,4071
fascinuje,4830
bezbarierový,4831
selže,4832
mimořádnými,239
nevnímá,2857
účetními,3785
zprávami,69
setkat,4833
zděný,4834
klubovně,3954
chvilka,665
členských,631
zánikem,428
zanikla,1569
výrazný,1351
nejznámějšími,898
dělostřeleckého,1229
placených,857
programů,451
připomínat,232
čtvrtky,4835
objevený,1088
pozitivní,3258
proveditelnosti,4836
spoluobčany,2623
archeologové,4837
nepřihazuje,4838
pokryl,4839
obepíná,4840
proměnlivé,2963
ukončených,337
umřela,1690
uvažovali,1798
neuspěli,4841
přestávkou,3241
představovaly,626
kinech,4842
vysvětlit,2943
chodbě,4843
svatém,1363
osnova,4844
suchým,622
objednejte,1089
vycházejících,4328
nepochopila,4845
finálního,653
saxofon,4846
tour,4847
opálení,4848
vdávat,3941
vystavovat,4849
převzít,392
kolekce,4850
učiva,4851
pracovna,4852
prováděcí,4853
nezapomněl,1829
lahůdky,4854
vánočního,987
nenapsala,620
přihlásit,1011
koupily,2741
předkrmy,4855
považují,3286
kalkulačka,4856
přistání,4857
nahlásit,1496
příjemnější,566
vydaném,18
prst,4858
sedmkrát,4859
hudebník,4860
spolupráci,865
řada,4861
zaměstnaneckých,4378
dozvěděla,3085
celkových,814
semináři,168
tahá,4862
experimentování,4863
album,4632
vyšším,1828
skladovací,4864
převis,4865
hotově,4866
kryje,4867
úleva,4868
obrovský,4869
gruzínský,4870
nezbude,3456
zanedbatelné,3861
situační,4871
pohřbu,4291
nejproduktivnějším,4256
demonstrace,4872
chladného,195
rozhlasem,855
obávali,4873
pořídil,4165
dovoluji,2841
nevěděli,886
dostaví,4874
totiž,4875
hodlá,4876
vylézt,737
bylinný,4877
průměrným,434
plynové,1373
nedostal,2702
neznámí,1662
poradenský,3615
medvědí,4878
odchytal,4879
grafického,650
žádat,2252
zakrytí,4880
naskladněn,4881
vytápění,4882
vítězem,826
narůst,4883
písemný,3486
nabídce,403
atentátník,4884
zproštění,4885
navazoval,2694
rybářský,3443
příhodné,4886
vrcholné,1187
zdění,4887
rozvojového,884
komunikuje,4888
stůl,4697
zapomenutý,4889
obřady,3459
sledované,2272
ponětí,4890
kritizován,4891
následných,342
pohovory,4892
doprovázet,4893
hoďky,4894
sotva,4895
optimisticky,4896
jídelna,3221
okr,4897
aparátem,4898
velikonočního,1222
vnějším,4899
title,4900
odmění,4901
koncertním,2099
blesky,4902
přeloženo,3865
uchopit,4903
důraz,4904
studijního,4905
skladatel,4906
společnostmi,4907
koncertu,825
liga,2654
zakoupeno,1348
zvládli,4689
nepřináší,1033
tělocvična,4908
sexta,4909
výkazů,3170
neomezeným,3916
podělte,3030
kuchyňka,4910
funkciesklominerálnípouzdroobecný,4911
sláma,4912
obtížné,4913
navigátor,4914
finská,4915
výjimečných,713
vyhovovalo,4916
přínosný,4917
odhadem,4918
rozbalit,3271
jiní,4919
kouknout,4920
souvislostech,3291
důkaz,3893
tyrkysová,4921
územím,4922
odjinud,4923
významné,844
vyjednávání,4924
zopakuje,3101
výtvor,4925
hráno,3614
doporučovala,760
cílový,2263
věnce,594
předškolních,1971
povodni,1450
lákadlem,4926
domnívali,2448
okresní,4927
slibně,4928
firemního,3672
vyfotila,4929
investování,4930
družina,3002
tmavá,2586
sledky,4931
rezignaci,2699
přechodný,4932
vysvětil,4933
flash,4934
rozhodovali,1338
náhle,4935
úspěšné,552
kroužek,4936
vepřový,1526
minutová,3192
kapitulaci,3717
voják,4937
registračním,2251
vyloučen,4938
didaktické,4939
dubem,71
zálohování,4940
preventivního,1644
příslušného,3012
střední,4362
letěli,1272
evropská,3195
volebních,687
hořký,4941
nakrájená,4942
současných,1239
nalezený,1598
schovala,1842
přesvědčila,3753
detoxikace,4943
mistrovské,3418
dovolil,2319
turistického,897
vyjma,4944
světlejší,1553
diskuze,4945
zhotovit,4064
dvouhra,4946
kontrolách,1823
zasvěcen,4947
zkusila,2980
důsledku,2962
časem,446
považovaný,3313
přidána,1075
světelný,4948
stěžejních,3558
elektronický,4236
důsledkem,2962
rozpadem,785
zpět,4949
scéně,1110
nešlo,1947
nudlemi,4950
věcný,4951
kusů,4952
usiluje,3895
vlivy,3950
okně,912
sejdou,320
erupce,4953
strávit,1179
připojen,4954
chápu,4522
podpořený,1647
mluvit,933
volné,2260
odpovědi,4955
říkáte,1775
nejčastější,2629
světovém,1016
činilo,1412
platných,1732
bezproblémová,3058
návrhů,652
opoždění,4956
přiznávám,3778
školného,2981
pecka,4957
chrámový,4958
zarazilo,4959
zajímavá,692
odnesl,4960
jednotlivý,3432
velkoobchod,4961
minimalistický,4962
podpory,4963
ženatý,4964
legie,4965
třešně,4966
přiveze,4967
okresem,1040
dochutíme,4968
nejpodstatnější,4969
výzkum,3056
zjišťování,4970
panovalo,1511
perspektivě,4971
správními,3314
šarže,4972
nealkoholické,4973
užíval,2939
aktualizuje,96
kompostování,4974
hliníková,4152
vršek,4975
download,4976
celkovém,814
zastavěná,4977
záběr,4978
snížený,1114
dosáhli,1663
záznamů,3370
návštěvě,1442
učebnic,4979
kancelář,4980
konsolidace,4981
vznětové,4982
hypoteční,4983
vpravo,4984
odplul,4985
drží,4986
prodlouženo,3376
objeveno,1088
používala,1966
sbírka,4987
aranžmá,4988
prý,4989
vojenský,4990
nehodnoceno,4991
dnešních,714
pohoda,3399
partner,4992
startujících,4993
stanoveném,157
herečka,4994
pásek,2146
zažívat,597
řádném,662
začleněn,4995
končit,824
netopýr,4996
drahý,1305
přijatelná,1791
oceněni,2645
udělali,3166
umím,1996
dlouhé,1855
ohlasy,4241
vlastním,4997
úklidová,3903
devatenácti,3927
energetickým,4330
event,4998
příležitostech,2530
oslabuje,4999
metry,5000
postní,5001
padákem,5002
dopředu,5003
literární,5004
dovolené,1360
upřesnil,243
předsedkyně,5005
vyvolává,5006
horečce,751
dostavbě,3027
samostatným,2557
skvělých,1366
sešit,5007
postaráno,5008
opravných,492
neuvěřitelných,2369
filmovými,582
pobytylevné,5009
přicházejících,4650
močového,5010
programem,451
vykazuje,3788
nespočet,5011
reformě,4823
nepočítal,1001
jihu,4041
odnáší,5012
jubileum,5013
uvedla,3490
finský,4915
vše,862
necelá,167
neznají,1154
mluvil,933
typický,5014
neuvedl,3490
srovnatelných,864
udává,5015
dolem,5016
musíme,3779
poskytnutých,4226
přestávce,3241
obálka,4132
obklady,4247
pozván,4032
mytí,5017
posunuta,5018
výpadek,5019
povím,5020
objednávka,1104
změnami,1014
stuha,5021
biftek,5022
odhalení,5023
městská,3780
sháněla,4691
neovlivní,5024
skutečnými,2843
budoucnosti,5025
éra,1202
emailem,5026
odměněni,4901
vývojářské,5027
slunečníky,3385
chatkách,5028
medaile,5029
pokyn,5030
pochodeň,5031
liberecký,5032
představíme,701
udělovat,3564
vyhľadané,5033
samostatnost,5034
nepoužívá,1966
objevit,1606
odvážný,5035
přepracování,5036
čehož,1021
prováděla,2526
shrnula,1742
financován,2487
jubilejní,3373
azurová,5037
zámecký,5038
poprve,5039
severních,3078
zasláno,5040
členský,631
technologický,5041
předpokládanou,175
inspektor,5042
výtvarnými,1120
uvádělo,1409
odehrávají,673
poskytován,2988
promlouvá,5043
zápal,5044
hloubka,5045
programová,1135
dozvěděl,3085
řádného,662
netuší,1243
dostupném,340
eseje,2440
chudý,5046
půlnoc,355
neberte,5047
dohání,5048
duhy,5049
uvažoval,1798
běžnými,2463
příspěvky,475
okamžiku,324
samotné,529
vinylové,5050
pokladny,2281
regionech,4628
životopis,5051
výrok,5052
výběžek,5053
vchod,2498
odehrávat,673
mateřských,1128
sběrné,5054
celými,167
přesvědčivý,1545
syntéza,5055
suterénu,5056
odkaz,5057
zrekonstruovaná,5058
zaslal,3249
pracovním,2063
překročil,4604
křižáci,5059
pořízeny,4165
oboje,2736
předpokládat,424
úřední,5060
drsná,5061
absolventem,557
neklid,5062
rozsáhlejší,1705
teroristický,5063
plyšový,5064
prozradit,5065
symbolická,2646
distribuovat,5066
akreditované,5067
trekové,5068
římskokatolický,5069
neexistovala,1295
slávy,5070
vrátila,762
nedělo,3455
chodit,1162
povídky,5071
nedivil,5072
trup,5073
usnesla,5074
rozhodneme,2683
nepřímým,4746
nález,5075
platových,2849
požadoval,1414
slavení,5076
nečekaný,3546
výrazná,1351
vstupného,3606
poklademe,2412
severovýchodního,5077
certifikačních,5078
zlínský,5079
kalkulačky,4856
jednotka,5080
popsal,2785
platící,5081
přivedlo,5082
jednomyslně,5083
slohová,5084
vývojovým,3496
nejasné,1649
plynárenská,5085
krajském,1000
rozběhla,4127
čtvereční,4715
rozdávat,1990
trumpetista,5086
soutěžním,3468
levým,5087
travnatá,5088
nejprodávanějších,955
moct,1237
nižšími,350
sportovec,5089
uděluje,3564
míní,5090
renesance,5091
nejjižnější,2435
cibuloviny,5092
místopředsedou,5093
akčním,359
manikúra,5094
nehledě,5095
přijímáme,4065
uvedeného,1398
dlažby,5096
právě,5097
sestavil,3072
ležela,3100
místopředseda,5093
křesťanský,5098
připravení,666
historické,1315
kartami,4168
listě,1417
doklad,5099
bring,5100
započaté,5101
načež,5102
uveřejňuje,5103
zeleninový,2024
čtyřhru,5104
mívám,5105
brněnská,1762
doufat,3404
povolila,4676
nesmysl,5106
pilíř,5107
bateriemi,5108
zákonodárný,5109
nekonečný,274
náznak,2825
vlastními,4997
nadlouho,5110
ang,5111
vypsané,5112
návratu,1308
světlým,1553
vegetariánské,5113
jihovýchod,3987
nebavilo,2524
vydatné,5114
parťák,5115
prémie,5116
maximum,1857
vecer,5117
zapomene,1829
objemových,5118
bus,5119
krátkou,450
setkáních,2351
terapie,5120
souborový,5121
nejdelším,1855
prodiskutovat,2970
nepokoje,5122
uživatelský,1583
tučně,5123
nejmenší,2564
veselá,2210
lákavá,3647
setkávání,5124
potkalo,2352
stažena,5125
mandát,5126
kartonové,5127
spekulace,2894
deklaroval,5128
domovech,5129
betonový,5130
zaniklý,5131
diskotéka,5132
osmkrát,5133
předražený,5134
následek,5135
třicetileté,3392
přenosný,5136
klouže,5137
řemeslné,5138
dobrovolníci,5139
materiály,703
malování,5140
digitálními,5141
přenesení,5142
sliznice,5143
veliká,5144
čtyřhra,3156
ministr,5145
zhroutí,5146
rekonstrukci,1906
dozrává,5147
dostal,2702
makroekonomické,5148
navázaly,5149
pozorovala,1038
minus,5150
zjištěn,2837
seznámení,5151
dostupnými,340
odběrem,2208
vystavování,5152
bezplatná,1806
meziválečného,2080
masové,1694
bůhví,5153
lhůta,3025
stupňů,599
obvod,5154
šla,1947
těhule,5155
ucházel,5156
papírových,435
studiové,5157
neuvěřitelným,2214
vínem,5158
zvládnu,5159
soumraku,2610
chodil,1162
supermarket,2829
přikláním,5160
room,5161
nedochoval,3472
sdílených,3756
špičková,4456
bída,5162
předváděli,4435
zanedbatelná,3861
dokumentovat,2777
prohlašoval,5163
minutka,5164
osvětlené,5165
mluvené,5166
nebránilo,5167
skladových,4100
jednoduchý,2738
konzulát,5168
prognózu,887
sháněl,4691
prohlížíte,5169
užívali,2939
indikativní,5170
obsáhlé,1415
prokázalo,5171
vyrazím,5172
brožur,5173
působil,5174
neváhala,5175
zamítla,1725
diskusní,5176
nepomohlo,3603
balkonu,5177
došli,545
vane,5178
průřezových,5179
externím,3838
stačit,2095
ledovec,5180
stipendium,5181
uplynutím,3599
nedělá,2861
lidové,4070
nervózní,5182
chápe,4522
farní,5183
nastoupit,1899
byly,478
průvodem,2523
předehra,5184
uvítá,717
kladná,4088
potažmo,5185
představené,537
jmenovala,4658
záznamník,5186
stáhli,2381
nerozhoduje,1338
pobyt,5187
minutový,3192
dosáhlo,1663
pomůcek,4794
vydržel,1404
článkům,360
hydraulický,5188
slunečních,1535
realizovány,726
zařazuje,2546
sněm,4099
domovního,2877
lítat,5189
prostřední,2006
postup,5190
autorovy,3015
uvedeném,1398
dopravy,3890
účastnili,1955
brikety,5191
novinářka,1574
délka,5192
hlasování,5193
hnědými,839
spolužáci,5194
pořádné,4392
požádá,905
sbírky,4987
tým,5195
krizová,322
mozaika,5196
termosublimační,5197
neziskový,2476
next,5198
středečním,1288
fosfor,5199
zjistit,3611
pedagogové,3257
platnéjen,5200
rozpustit,1269
pásky,2146
diskutabilní,5201
zaslaných,5202
dokázáno,5203
plný,5204
zhodnotil,830
hrubý,5205
povoleno,5206
podíleli,5207
oslabení,5208
názorné,5209
trojka,5210
skrývání,5211
volili,1254
bakaláře,1053
reálně,5212
tištěného,1641
vaječné,5213
zdůraznění,5214
zasedla,5215
iluze,5216
půda,5217
uděláno,3166
pultem,1852
prstů,4858
pobyty,5187
tisícovku,5218
zelených,515
výtisku,5219
etapou,133
věnovaný,5220
povídání,5221
sloužilo,4549
devadesáti,5222
nebrala,1822
mnohokrát,5223
sňatek,5224
nabírá,5225
záblesky,5226
možné,1476
čtyřletá,837
informovaly,332
spolužáky,5194
jinými,4919
vzrostlo,1627
oznámením,2457
československými,2337
vlak,2975
pokusit,1026
překročili,4604
revoluce,5227
přiložit,3430
komunismu,1283
menstruačního,5228
slovo,5229
koupě,5230
posuzuje,5231
schéma,5232
pan,5233
fantastická,1903
osvobozenecké,5234
nabytím,5235
normálně,5236
zakázku,2175
užít,949
charakterizované,3972
výsledná,3711
listovými,5237
poukázal,5238
hudební,4388
líbil,5239
hořčík,5240
zvykli,5241
samozřejmost,5242
příčku,1385
kupodivu,5243
zůstali,2872
pověsit,5244
jednotná,3408
kostýmů,3067
ekonomika,5245
hospodaření,5246
dálkovým,1241
zpravodajství,5247
pamětní,5248
přežila,1380
končinách,5249
pupek,5250
údajích,1554
plánech,182
dohodl,4306
fakturace,4263
workshopu,5251
služby,3035
iacute,5252
překrásný,5253
výhodný,1552
nevíte,886
zastavilo,2651
podobně,5254
harmonizace,5255
pařížská,1259
nabídla,2406
vědeckými,3728
kvalifikačním,5256
nějaký,5257
izolačních,5258
zeměpisné,5259
vedly,2112
nevyužila,4222
houpačce,5260
snídaní,1769
zavedeného,1503
stálými,742
žádných,2537
podíváme,3106
fest,5261
stráně,5262
určený,3984
cyklista,5263
válce,272
letáků,367
komunikačního,2938
oblékla,5264
statutární,5265
údržba,5266
občany,5267
plakátech,1478
nedostali,2702
studium,5268
letec,5269
internován,5270
rozrůstá,5271
dosažitelná,2856
neprojevuje,5272
pevninou,5273
řádů,3060
sice,5274
představami,3401
nájem,2090
vstřebává,5275
dopadly,1003
užíváme,2939
hodí,4240
oceněna,985
umytí,5276
řepkový,5277
myslím,3888
pokřtít,5278
benediktinský,5279
snesla,5280
primát,5281
námětu,1320
modul,5282
taktické,5283
zmizela,1561
vybírají,2029
tab,5284
předpis,5285
barvami,1673
atentát,4768
časopisů,328
vznáší,5286
nejrozšířenější,1301
nedostatečné,1994
záchrana,5287
obsadilo,3582
night,5288
výsledné,3711
minimálními,5289
východního,1628
brigádě,816
teplém,81
blázen,5290
vizuálního,4760
ošklivý,5291
objednání,1089
sedmnáct,5292
klobouček,5293
portfolia,5294
ceremoniál,5295
čerpáním,5296
horským,2466
součástmi,1978
přejí,1464
doprovázená,5297
kýta,5298
vysokoškolské,5299
sporný,5300
šestinedělí,5301
horolezecké,3363
odnímatelným,1062
recenzní,5302
výšky,3119
sledovaný,2272
scénou,1110
dvojnásobná,1657
směrnice,5303
jídlem,4466
odvezen,5304
týmové,4667
slunečnicový,5305
fázi,1543
pozinkovaného,5306
nemůžeš,1237
zlato,3234
obálce,4132
dostat,2702
adresář,5307
nepomohl,3603
sklízí,3816
vyčerpávající,5308
zbytkem,2985
průměru,3787
neměl,1579
nahrávka,5309
neobhájil,5310
školami,1986
neustálý,5311
kanadská,2658
nejedla,5312
sušenými,2819
bratr,5313
válečník,5314
deportován,5315
formuloval,5316
pořízena,271
nedělních,3186
nevyužili,4222
laskavý,5317
výnosech,1389
válcovitý,5318
okurka,5319
trhů,1390
vlakové,5320
podporováno,5321
náměstí,5322
příslib,5323
odesílat,5324
vysvětlil,2943
vyfotit,4929
popisek,5325
vybraly,2015
posezením,5326
přírodou,867
nekonečna,2361
podélnými,5327
fikčních,5328
brambory,5329
reportážní,2569
spekulovalo,5330
vystoupeních,4284
ptají,5331
planetárium,5332
začínalo,590
viděla,651
obdobné,5333
zvyklí,5334
investoři,4089
popraveno,5335
jeskyních,5336
podnítil,5337
periodikum,5338
nedoporučujeme,760
pláč,5339
doprovázený,5297
symbolizovat,2950
zapomněli,1829
objednal,1089
zkusit,2980
stáncích,5340
odstaven,5341
financoval,2057
schůzku,499
společenskovědní,5342
odboj,5343
patříme,600
zasedala,3276
obecních,5344
novější,883
min,5345
neskutečná,2843
veterinář,5346
smůla,5347
dárečky,5348
nějž,4189
uvidí,767
zúčtovací,5349
nabídl,2406
zpoždění,1309
nevzdal,5350
born,5351
nacistický,5352
plavkové,5353
upozorňují,1531
světa,1462
letěla,1272
terén,5354
proplacení,5355
pluku,1701
ruce,1937
chodba,4843
oproti,5356
některý,1431
krátkosti,5357
prohrál,2313
učebním,720
dalšími,4796
zdražení,5358
dílu,283
audit,4440
vstoupila,2207
jednotný,3408
vyzkoušíme,1751
špička,5359
jižního,2435
odpoledni,223
poběží,1068
návrhu,652
bezdrátové,5360
odehrají,637
použitelné,2632
měděný,5361
dozor,5362
podíváš,3106
ekologický,5363
informacích,2258
shrnutím,427
zaznělo,1472
zvolená,775
vyhozen,5364
osvědčení,5365
efekt,4668
smíšený,5366
nenecháme,5367
omezenými,3916
pronajmutí,5368
anonymně,5369
divadlem,2144
přetrvávají,1520
dokončí,1007
prodejnách,5370
příjezdové,5371
vezměte,1858
mírový,5372
auditor,5373
pocity,3551
kašel,5374
rozvod,5375
dřívějších,1266
kolektivně,5376
průdušek,5377
statutu,5378
dosaženo,3940
verdikt,5379
prezentovaný,1754
přivedly,5082
předpověď,1227
přerušen,3463
naší,1665
vážení,5380
politika,3062
dostali,2702
juniorská,5381
čtenář,5382
vyřazeno,5383
účastníci,3403
tomografie,5384
kostkovaná,5385
nechat,3518
promítání,4695
poslanecký,5386
písemným,3486
mateřský,1128
přebytek,2203
jasnější,1649
těhu,5387
mokra,5388
úkolu,1621
kočárem,5389
vojáci,4937
účinný,5390
přízemí,5391
napsali,620
uskutečňuje,5392
stonek,5393
prověřuje,5394
arzenál,5395
dlouhých,1855
zvukové,3560
prahu,5396
chlad,2604
opalování,5397
jasnými,1649
zážitkové,5398
pěkné,4022
zakoupila,1348
negativně,5399
prováděna,761
viditelná,2992
úspora,5400
projects,5401
lyžování,5402
hrací,5403
přátelské,5404
diplom,5405
víno,5158
nezůstává,1983
projít,2069
pokročilý,5406
ledvin,5407
kulový,5408
určo,5409
objednala,1089
dosažením,4705
žádost,4024
krémová,4295
zvýšených,4180
osmou,74
jel,3663
zabaleno,5410
spojenci,5411
kabátek,5412
sestupnědle,5413
klíčoví,909
vraty,5414
uhradit,5415
volitelným,1123
současn,5416
kemp,5417
placením,4157
zoologická,5418
odsouhlasení,5419
letecká,4386
spotřebitelský,2840
potřebovali,3626
span,5420
nepřidá,5421
inspirovaný,5422
saténová,5423
schované,5424
spálení,5425
miliard,2302
tabulka,5426
oranžové,878
zateplovací,5427
armádou,1576
neprospěl,5428
zaslán,5202
částech,2549
rozvoje,5429
poskytuje,2988
realita,5430
středním,4362
provozováno,5431
maturit,1057
severním,3078
zamícháme,5432
rozpočtová,1499
zvedání,5433
přemýšlí,1124
hypotézy,5434
myšlenky,1729
ukončily,1669
inženýrská,5435
betonová,5130
přispěl,3029
spouštění,5436
rozúčtování,5437
sestřelen,5438
pozoruje,1038
obecní,5344
nespavost,5439
měnová,5440
zřízený,3550
uvaříme,2767
hororové,2040
zápasů,4162
žlutozelené,5441
musím,3779
žebříčku,2117
pomeranč,5442
každému,759
odměny,2724
probírali,3797
metalová,5443
spáchán,2778
financovaného,2487
kvetou,2955
inženýr,5444
strávených,3749
zpochybňují,5445
ustanovena,5446
charakterizuje,2890
existují,1295
pojede,3663
pokojové,5447
slouží,4549
garážové,5448
irský,5449
neočekávané,398
uskutečněna,455
vynález,5450
zprostředkuje,5451
vědí,886
zvážení,5452
numerické,5453
nováček,5454
zastřešení,5455
ministerského,773
uznává,5456
pásový,5457
nabytí,5235
projede,4484
spektrometrie,5458
objevovat,2885
detoxikační,5459
nať,5460
vyrazí,2067
fyziku,4138
rozbalení,3271
přiznali,1748
pásové,5457
obleky,3303
rychlá,2973
vinný,5461
pochlubit,5462
dvanáct,5463
jsme,478
pitná,5464
family,5465
fakturační,5466
minimálních,5289
nabídkami,403
smíšená,5366
obtížná,4913
vystavených,5467
nechali,3518
topol,5468
astma,5469
důkladném,5470
spuštěné,5471
zpátky,5472
veřejný,873
čerstvém,901
studijní,4905
jednat,2739
atomová,5473
opakovaném,1532
pomůckami,4794
odpočinkem,5474
účtován,5475
nápady,1091
druhém,236
muž,5476
otřásla,5477
kandidaturu,4490
instalován,3591
iniciativy,5478
záložky,5479
ovzduší,5480
chystáte,122
přístupový,4660
chodby,4843
otázkám,2155
brožuru,5481
sláva,5070
odezva,5482
dodala,2956
vybraných,792
last,5483
nejeví,1796
mluvčí,5484
doprovázel,1887
vycházejícího,4328
potažený,5485
honorář,5486
zinečnatý,5487
naplnil,5488
zápisník,5489
vystaveno,5467
nemohla,1237
platil,2397
nebývalý,2217
jojo,5490
následků,5135
tiež,5491
novinových,3152
návštěvníci,1368
předáním,1030
bezkontaktní,5492
piáno,5493
zahřát,5494
průvan,5495
předložené,1934
iglite,5496
debutovala,5497
předčasného,592
prohrálo,2313
počkal,806
alarm,5498
pláštěnka,5499
zánět,3732
dojde,545
uzavřeli,1872
předními,5500
promítnout,3859
zakrátko,5501
podáván,5502
celosvětové,2253
upozornila,2643
stavem,5503
prostranství,5504
specializovaný,5505
varovat,3449
shodit,5506
relaxovat,5507
negativními,4541
slunečního,1535
hokejový,5508
rodí,3527
životospráva,5509
pohybovat,1793
zářit,5510
nabídne,2406
faktor,5511
formálně,5512
pátou,139
strop,5513
prožitků,5514
takovýmto,2718
dvoudílný,5515
nespala,1631
odcestoval,5516
ligové,1267
kapesní,5517
přinášejí,1033
instalovaný,5518
děsivé,1979
italština,5519
vyhrazené,3412
pohybovala,1793
kupovali,5520
kuchařka,5521
odhadu,275
kampani,1168
dílek,5522
debutovalo,5523
motivační,5524
brát,1822
tématy,1314
krásnější,1613
nafotit,3389
spoluúčast,3451
považovali,3286
přihlásila,1011
publikování,5525
jedině,5526
indický,5527
zpěvák,5528
facebooku,5529
základ,3566
prémiové,5530
promluvil,5531
sehrál,5532
potýká,5533
sborové,810
padat,1369
zázrak,5534
nulovým,2065
polytechnická,5535
pracuju,3069
middle,5536
týmová,4667
zakoupeny,1348
rodičovská,3630
soutok,5537
evakuovat,5538
available,5539
natáčeli,5540
jihozápadním,5541
krycím,5542
odtamtud,5543
adventních,1601
nepřeberné,5544
cyklistika,5545
jmenovali,4658
synchronizace,5546
těžkými,1507
pauze,3757
nástřik,5547
hřebíček,5548
volnými,2260
kdekoliv,5549
strukturované,5550
distribuované,5551
úsek,5552
zádový,5553
loučení,5554
povedly,5555
přestavby,5556
prováděcím,4853
trénink,5557
příslušnými,3012
zapomněl,1829
nemluvil,933
velkými,3442
děti,2545
kandiduje,4670
konče,824
absolvovalo,1661
vodovod,5558
předkládat,1094
nemluvím,933
opouští,5559
palác,5560
zateplený,5561
správy,879
způsobených,5562
instalatér,5563
charakteristický,5564
lesklým,4652
sdělíme,4481
základem,3566
stáhlo,2381
švagrová,5565
čarodějnice,3652
vyprodané,343
menstruace,5566
jasná,1649
věnován,5220
nepředvídatelné,5567
nízkým,350
spýtať,5568
vážený,5380
objednaných,1105
zvýšila,5569
studenty,5570
archeologický,4303
ořech,5571
očkování,5572
news,5573
burzy,2748
srovná,5574
nejzápadnější,2585
vysokoškolským,5299
kol,1485
funkčního,3540
legislativního,5575
otoky,5576
přímému,3548
zlom,5577
dvojnásob,5578
nezůstalo,2872
vypočítána,5579
zachytit,3708
směšné,5580
farmář,5581
přehledné,1302
zmatená,5582
přátelský,5404
dopravou,3890
značí,5583
nastaly,231
vévoda,5584
dobyta,932
funguje,2687
účel,735
politici,3062
střet,5585
vařili,4493
nedali,1297
donesla,2328
jít,1947
připraveného,666
výstupem,797
únos,5586
vzdoru,5587
výhodami,5588
plošná,3402
poražen,5589
rozmrzá,5590
supermarketu,2829
neboj,3252
návrhům,652
podpora,4963
aféry,1537
spadnou,803
rybářské,3443
neznámé,5591
armádní,5592
akreditovaného,5593
členek,5594
nepomáhá,5595
časopisem,328
celostátních,603
konferenční,5596
vyjel,1455
odmítnut,5597
srozumitelný,5598
světlo,5599
přinejmenším,5600
současnými,1239
ergonomická,3405
setkává,4407
nominální,5601
začínají,590
rasismus,5602
internetové,988
jahoda,2899
agregátní,5603
vstal,5604
úřadující,5605
pomsta,5606
nárůstem,1044
normál,2722
falešný,5607
budoucna,5608
odvolal,1854
energetická,4330
mód,5609
sdělit,4481
patriarchátu,5610
volil,1254
podkladech,5611
vyzkouším,1751
ekzémy,5612
záběrem,4978
malej,5613
nadále,5614
nejvýznamnějších,844
hermelín,5615
smrt,5616
prožívat,498
zákon,4775
bolševici,5617
diecéze,5618
bezproblémové,3058
řadové,5619
počítačové,464
vymalovat,2754
nestabilita,5620
spoluautoři,1061
spuštěním,1264
mikrovlnka,5621
hurá,5622
natáčela,5540
mnohými,1977
důležitější,999
převzala,392
medailí,5029
dokumenty,845
chápeme,4522
regenerace,5623
plnohodnotné,5624
otevřely,1490
kwh,5625
povodních,1450
data,187
vidět,651
publicista,5626
between,5627
zakoupí,1348
průzkumná,307
podlehl,5628
rezervace,5629
zato,5630
zápisu,1046
nehlásí,1181
odpisy,5631
travnatých,5088
pokochat,5632
town,5633
doufali,3404
uvědomila,5634
výkopové,5635
schodech,5636
tragických,374
pilotního,963
přednes,1242
honoráře,5486
rozpočtového,1499
okolí,783
hrad,3854
nezastaví,2651
potřebujeme,3626
napoleonských,5637
padají,1369
putovali,5638
nereaguje,5639
vyvrcholila,1869
označuje,2216
vlajka,5640
nehodlá,4876
sehráli,5532
atletický,3673
obléknout,5641
tréninkové,1650
kolektivizace,5642
nedožitých,5643
uživatelské,1583
nabízel,1146
zelenině,3945
zmínka,5644
dalšího,4796
běžné,2463
model,5645
nevešel,5646
promluvit,5531
otvírací,5647
letecký,4386
severovýchodní,5077
čepice,5648
předčasně,5649
nezní,5650
nezbývá,748
napadly,664
zasíláme,5651
chocholatý,5652
senát,5653
penězi,5654
zavěsit,5655
zápas,4162
konferencí,288
turistickém,897
zvažovat,1413
nouzových,676
astronom,5656
západního,2585
vládou,3324
povídali,2909
tvoření,5657
vzat,1257
kabelové,1492
škola,1986
prohibice,5658
nahraný,5659
momentálně,5660
domově,5129
okolnostem,5661
patch,5662
pracovních,2063
recese,5663
vyhlášce,727
čtk,5664
úžasná,2401
plesů,1928
lektorka,5665
známce,2752
odkudkoliv,4403
dlouholeté,4141
románek,5666
kraje,870
dotacemi,4729
olympijské,1693
dovede,1382
dítě,2545
nás,2895
výchozích,1746
rady,5667
teplovodní,5668
nudná,3431
magisterských,998
kovpovrchová,5669
podrobných,1963
převzal,392
výměna,5670
vybírání,5671
přelet,5672
definitivním,1344
výcvik,5673
srovnávání,2756
fotkách,1667
krutá,1768
využilo,4222
provázek,5674
schodek,5675
přílohy,1330
aktuálními,577
interaktivity,5676
německý,5677
lev,5678
vizitky,2703
fotili,5679
přispěla,3029
sběru,906
život,1942
uspořádá,348
základním,3039
dálkový,1241
kalendářích,180
pokrývky,5680
územními,2410
pokusilo,1026
zamilovaných,5681
externí,3838
kurikula,5682
vzejde,5683
ústavy,3685
součtem,5684
polykarbonátový,5685
kamarády,1401
diagnostický,5686
přímém,3548
přijatým,5687
držíme,4986
soustavy,5688
versus,5689
česká,5690
klobouku,3018
nohavicemi,5691
využila,4222
využitelné,4473
vzešlo,5683
nezmiňuje,5692
předvedli,4368
kalkulaci,2665
dešťových,2084
koupila,2741
jasných,1649
novely,4523
střípky,5693
zbývají,748
srážka,2652
alergické,5694
nějakých,5257
intervencí,3502
průřezová,5695
nedávám,5696
volitelně,5697
podpůrný,5698
jela,3663
třílůžkový,5699
ledová,944
ppm,5700
piknik,5701
příměstský,5702
podána,1397
portfolio,5294
dochází,5703
vyzkoušela,1751
prstýnek,4513
expedicí,982
celkového,814
narukoval,5704
retrospektivní,5705
květinová,4782
about,5706
ted,5707
obrovská,4869
datový,3631
linoleum,5708
vysílané,5709
revír,5710
sjeli,5711
nácvik,5712
úzký,5713
zaregistrován,4067
geniální,5714
holokaust,4498
svrchního,5715
vládnímu,1767
propagace,5716
komise,5717
nejhoršího,5718
nařídila,4722
uvedeme,3490
nenechal,3518
nejbohatším,3439
shodila,5719
tmavší,2586
kolotoč,5720
ochutíme,5721
vyjadřovali,5722
jehož,4189
financovala,2057
kreslený,5723
myšlenkou,1729
okamžitě,5724
bonusy,1028
dojezd,5725
argentinský,5726
popovídat,5727
nemusím,3779
zavřela,2839
uklízečka,5728
publikovány,444
centrála,5729
odveta,5730
neúspěšném,5731
vítána,4269
schůzí,688
humoresky,5732
nepřístupná,5733
raného,519
vytáhne,5734
provedly,1565
audioknihy,1622
jednom,793
pěkného,4022
hůře,5735
jedná,2739
průlom,5736
slosování,5737
domluvíme,1745
růžovým,1223
některými,1431
redaktor,5738
pořadí,5739
staletích,68
lákala,5740
přiložené,1630
zaměstnáním,5741
přesvědčte,3753
zvýšená,4180
svátcích,150
ukradli,5742
parapetu,4510
primárním,5743
zisk,5744
čtenáři,5382
sporům,5745
partnery,4992
výdaje,5746
nedostanou,2702
např,5747
bočními,5748
šokovala,5749
premiéru,746
softshellová,5750
vinná,5461
podpořit,1765
širším,3781
dodatku,1079
obranný,5751
olympijských,1693
podrobnosti,3567
vstává,5752
mrak,5753
letecky,5754
balkonové,5755
stěžejním,3558
kapalný,2367
nákupním,3821
nemocná,3365
vzhůru,5756
hraném,3306
šokující,5757
zlomek,5758
shromáždit,5759
stopa,5760
zastaveno,5761
soundtrack,5762
chronický,5763
zeměmi,4163
rezidenčních,5764
nepřijali,2507
ucházet,5156
hemží,5765
květinovými,4782
přebývá,5766
centrální,5767
ovšem,5768
nepřekročí,4604
studentům,5570
teplého,81
téměř,5769
mokrá,281
iniciativa,5478
partnerem,4992
vykonávala,5770
dobrodružné,2842
oblečená,5771
honička,5772
potřeboval,3626
venkovní,2396
prstech,4858
personálních,5773
nefunguje,2687
rozvoj,5429
lékařské,1298
ztrácí,5774
řešených,5775
stolní,5776
limitovanou,5777
metalická,5778
sever,5779
žlutém,2836
mánie,5780
hračkami,5781
hlásit,1181
vymyslí,5782
zaznamenány,1145
obhájil,2451
muzikolog,5783
využívaný,4411
pamětních,5248
vším,5784
procházkou,525
vypracovala,2443
hostí,2238
jihoafrický,5785
stěhov,5786
early,5787
počítačovými,464
grafickým,650
zavírá,5788
splývá,5789
nezakrývá,5790
opustili,3256
jasného,1649
viditelné,2992
směl,4080
jízdními,5791
pobavilo,4666
zahradě,5792
zdravotnictví,5793
odměnit,4901
matematik,5794
oblačno,5795
dozvěděli,3085
bližších,5796
legionáři,5797
klimatickým,1323
razítek,3912
otevřeny,238
neviete,5798
vycházely,221
xenofobie,5799
mladšími,5800
pohled,5801
ruchem,5802
pracovali,3069
zaslali,3249
neříkal,1775
považovat,3286
zahrádce,2324
nevyplácí,5803
popravy,4322
nepomohla,3603
ilustrátor,5804
zemního,5805
receptura,5806
všech,862
vyústily,1856
počátečním,5807
hrdlo,5808
šli,1947
udávána,5809
koupili,2741
vymezen,5810
portrét,5811
nedostupná,340
vysoko,5812
svými,4415
absolvuje,1661
nízký,350
zralosti,819
chlebíčky,3731
zbývalo,748
věncem,594
protáhne,5813
doporučoval,760
makroekonomických,5148
navrhli,4071
vydrželo,1404
nadměrný,5814
udělalo,3166
následovaly,439
protesty,5815
pohodě,3399
samosprávy,3562
škálu,5816
neobejde,5817
připomenou,5818
obrat,5819
klempířské,5820
nejlepších,1119
horizontem,3304
kusech,4952
nepřímé,3548
směna,3724
nejde,1947
navýšení,5821
přesahuje,1924
lednicí,2664
vybraná,792
rozšiřujeme,5822
projev,5823
vystopovat,5824
vyvrátit,5825
nedělala,2861
uzavře,1872
rozmixujeme,5826
protidrogové,5827
jaru,20
odjezdu,327
promícháme,5828
středoškolské,4699
zvolilo,1720
zakrýt,5829
přičemž,5830
liturgického,5831
souladu,5832
dort,5833
otevřel,1490
vítězové,826
páč,5834
přijedu,532
půst,5835
vyhodnocování,5836
platit,2397
poděkování,5837
čemuž,1021
pozor,5838
nevíš,886
propuštěna,5839
zaznívá,5840
ustavena,5841
vydrž,1404
dobovými,3127
zkouškou,2660
prezentují,500
jízdního,5791
automobilový,5842
červenými,896
klobása,5843
příbalová,5844
řekneme,5845
shopping,5846
ovládnout,5847
vyzdvihnout,5848
partnerům,4992
aspekt,4634
nereagoval,3079
vlastních,4997
občerstvením,5849
svaz,5850
průměry,3787
nebudeme,478
lídr,5851
omáčka,5852
srovnat,5853
podnikl,5854
šťastné,952
sestavy,5855
skutečnostem,3250
podtitul,1882
definován,4772
verše,5856
zdroj,5857
nezabrání,5858
stanovením,2037
prožitky,5514
organizovat,833
uspokojivé,5859
pozvánku,699
vjezd,5860
poutkem,5861
jihozápadě,5862
obnovení,5863
zrakovým,5864
park,5865
této,738
portálu,2241
periody,2147
předávání,5866
experimenty,1578
ukázala,2391
zůstane,2872
odjede,926
neformální,5867
přestavba,5556
závazný,4314
jaký,5868
nouzové,676
kulečník,5869
antivirus,5870
nezadržitelně,5871
vydávají,2532
zastupitelům,4717
pořizovat,5872
hromadně,5873
spisová,5874
bránil,5875
promenáda,5876
společenském,3632
zmrtvýchvstání,5877
zvítězil,4380
zpracovatel,5878
copak,5879
hosting,5880
stropem,5513
kachna,5881
bezprostředně,5882
vznikal,5883
zaznamenané,1145
umělý,5884
stovka,5885
zjednodušeně,5886
generace,5887
sledovat,2392
things,5888
ukončí,1669
náletu,2038
skalními,5889
zastávka,5890
objednává,3466
tristní,5891
gelový,5892
rýžový,5893
variantách,2489
dárkem,2499
nepromokavá,5894
rodinným,5895
přihodilo,5896
podélníky,5327
potápěčské,5897
dostatečným,1994
hradbami,5898
nástupiště,5899
návštěvník,1368
vzděláním,5900
geomorfologický,5901
tendr,5902
živý,3261
vybírala,2029
zajišťujeme,4441
předcházejícím,794
zábaly,2365
využíváno,4411
být,478
smrti,5616
hodilo,4240
bakalářských,1433
opustil,3256
pozastavena,3188
naměřená,5903
poznávacích,3285
příloze,1330
obdržených,5904
vouchery,5905
popisoval,2061
západním,2585
soukromými,5906
zapnuto,5907
sprintu,5908
černá,3938
zařazených,4169
neudělá,3166
úvaze,1148
pozorovací,5909
diskutovat,2970
citron,5910
erupci,5911
nejstarší,5912
projela,4484
odběru,2208
trávím,1656
ověřen,1582
problémům,5913
komunikujeme,4888
budoucnu,5608
přehlídek,1189
horoskopu,2434
heroin,5914
popálení,5915
troufám,5916
produkt,5917
časného,3755
kandidovat,4670
zapomíná,3867
materiálu,703
rozhodovat,1338
dokumentárního,1655
projde,2069
projížďky,2134
srážkách,2652
rekordu,3283
demonstruje,5918
nejprestižnější,5919
navštěvovali,5920
existovalo,1295
předvedly,4368
prezentovaných,1754
vývojové,3496
orlice,4150
vypracovat,2443
obálky,4132
jižním,2435
zářením,5921
muzeích,3488
záře,75
sílí,5922
nenechali,3518
výpočtů,4033
revmatoidní,5923
kontrabas,5924
konfrontace,5925
hnízdění,5926
státnímu,2875
očekáváte,393
náročná,1238
cihlovém,3339
materiálech,703
víceletých,5927
neúčastní,1955
biblická,4027
ucelených,1985
dítěte,2545
krásami,5928
zářila,5510
výpočet,4033
pečený,5929
nepovažuje,3286
říkala,1775
simulace,5930
dohadovat,5931
neberou,1822
benátský,5932
nakloněn,5933
vhodnější,390
zmizení,5934
centrum,5935
soud,5936
zateplení,5937
pedagogika,5938
zabalený,5939
skautské,630
svačina,5940
koupeno,2741
camp,5941
výhodám,5588
plechová,2516
cukrová,5942
stisk,5943
přijaté,1169
úspěšně,1215
obsazena,1580
udržován,5944
čtrnácti,1927
spaním,5945
volbou,270
dárek,2499
vytahuje,5946
navržen,5947
ústupu,2126
registrovaný,3043
tajemník,5948
nemuselo,3779
charakteristickým,5564
přimělo,3852
posouzení,5949
scénograf,5950
nálad,382
koriandr,5951
designer,5952
karlovarský,5953
kuchyně,5954
spolupracujeme,4276
přidělení,3117
žení,5955
poskytnout,2924
deskové,5956
přílohách,1330
patnácti,2025
tibetský,5957
nekoupila,2741
ověřuje,5958
znázorňuje,5959
evidenčních,1118
mých,1665
snažím,1220
rozvahovému,5960
zaplavila,5961
dubové,3813
chlapec,5962
hostovat,5963
sestavila,3072
řeka,5964
exponát,5965
zaškolení,5966
vysoký,1828
zmiňuje,1479
zaměřen,5967
uspořádaná,2164
obtížný,4913
povídka,5071
černobílé,2431
basová,5968
snížily,5969
skeptický,5970
zúčastnily,1555
přejídání,5971
nejčastějším,2629
animace,5972
dělali,2861
zápisů,1046
nedojde,545
balíčky,2145
zdůvodnit,5973
malá,2564
miliónů,3689
libovolný,5974
kterých,2553
posuďte,3907
jídelny,3221
pořídila,4165
patriarchou,3093
svěřeno,5975
přešel,1880
ozbrojenci,5976
vytažení,5977
prosit,4124
prokázáno,5978
otřes,5979
tropů,5980
kontinuální,5981
nominovat,2698
zapříčinila,3158
umí,1996
nepřímých,3548
zarudnutí,5982
usoudit,3790
horolezecký,3363
nečekejte,5983
seděli,4103
všestranný,5984
gramáže,5985
přebírat,392
srubu,5986
zněl,5650
spoluzakládal,5987
psycholožka,5988
předložena,1934
dvojčata,5989
odehrávaly,673
kritizoval,5990
žije,2529
konceptů,2491
nedostala,2702
nezávidím,5991
hlavních,1290
elektrickými,4395
doktorátu,5992
nesetkali,4833
rytíř,5993
novostavbě,5994
snadné,5995
draci,5996
přehlídce,1189
okno,912
snadnější,5995
příliš,5997
zkušebního,1871
pořádný,4392
následujících,261
odstoupil,5998
podržte,5999
soutěžit,3815
platba,6000
tatínkem,1901
výjimečného,713
vlhkým,2933
klubového,2807
nastupoval,1510
výsuvný,6001
padák,5002
startu,1284
patřily,600
rozšiřování,6002
obávám,4873
přilehlým,4565
objevující,6003
ochutnat,6004
zvolíme,1720
stolec,6005
opakovaná,1532
poukazují,3001
generál,6006
rozmarýn,6007
pravomocné,6008
tiskopis,6009
moment,6010
průběžných,690
představy,3401
hodnota,6011
výhledově,6012
citrónová,6013
zapálili,1632
přepracovaný,2657
pouť,6014
rozlehlý,6015
nadměrným,5814
referát,6016
podepsání,6017
koridor,6018
minimální,5289
dohledné,6019
atletika,4719
nadpis,6020
doprovodná,323
fungovat,2687
objevitel,6021
tucet,6022
sedmou,6023
ustavil,4450
průřezové,6024
nedělích,25
čelila,6025
aliance,6026
mandátní,6027
dvojnásobně,6028
dohodou,4030
zkusil,2980
panenský,6029
dokonalá,4265
vazba,6030
znáte,1154
holý,6031
výrazné,1351
menu,6032
krovy,6033
nájemného,2558
školnímu,146
korekce,6034
daňový,3097
žádná,2537
mírným,588
periodicky,6035
potěšit,3489
klíčení,6036
námořnictvem,6037
firemní,3672
zaplatil,3116
nevypadají,768
bulharský,6038
římskými,3277
nenosí,3240
užším,5713
přípravném,534
zásluha,3220
čerstvá,901
výhradním,6039
uvidím,767
zrekonstruovaném,6040
rodičům,1548
slunění,6041
sledoval,2392
funkčním,3540
zpracována,402
mlčí,6042
papíře,4476
zakázán,6043
pořádaného,553
zakoupíte,1348
vítězném,724
zakončit,1541
přípravného,534
kurzů,851
nejbližších,1486
zpochybňuje,5445
minulost,2012
podkroví,6044
divná,1952
rozdával,6045
vícekrát,6046
plátěná,6047
biolog,6048
ocenili,2645
obdrží,2382
spotřeba,1814
nemělo,1579
tiskovou,190
zavádí,6049
chytá,6050
zázemím,6051
novinkám,306
čtenářům,5382
okolnostmi,5661
more,6052
stojí,1466
plese,6053
odhalila,1056
hypotečním,4983
oceánu,1678
trubka,6054
provede,1565
valník,6055
platů,2345
vzácná,6056
obor,6057
kartony,6058
neomrzí,6059
biopotravin,6060
myslíme,3888
středoškolských,4699
pětinu,6061
stavy,5503
krůčky,6062
předvedl,4368
moři,3569
terasy,2640
podmíněn,6063
poměrně,6064
čtvrť,6065
kosmonauti,1158
námětem,1320
můj,1665
nepochopí,4845
platforma,6066
našima,6067
souhlasil,3312
jednáme,2739
konečnému,274
vybudováno,4506
obchodů,3846
návštěvnický,6068
uděláme,3166
prezidenta,1717
plyn,6069
bruslích,6070
prožitek,5514
uváděla,1409
zaplatí,3116
základními,3039
intervalu,4814
paušál,6071
vás,6072
důsledky,2962
loutkové,4512
benefity,6073
sbírá,2256
dvanácti,5463
archivace,6074
sněmy,4099
pustit,6075
ararat,6076
správě,879
přednáškou,6077
zvracením,4826
knihovního,6078
švestek,6079
aktivista,3819
stává,6080
zdraží,6081
pokazí,6082
rozsáhlým,1705
moučník,6083
padesáti,3483
zálohy,2437
trapas,6084
nemyslíte,6085
učitelé,6086
zavražděna,6087
alarmu,6088
možnostmi,6089
uniknout,2534
usuzovat,6090
viditelným,2992
uzavřel,1872
klíšťové,6091
využit,6092
pětiny,6061
netopýry,4996
skleníků,2929
cihlový,3339
otevřeném,238
vidí,651
opar,6093
nezmění,3635
zásoby,6094
udělat,3166
neúspěšného,552
původní,6095
boom,6096
nikde,6097
standardů,6098
přineseme,213
nevědělo,886
zahradník,6099
leta,6100
oblíbená,490
tachykardie,6101
nepředpokládal,424
vstupoval,2301
předán,2187
zván,697
opepříme,6102
elektrické,4395
nadzemních,6103
spolupracoval,4276
mobilními,6104
národní,6105
zaskočit,6106
znamenala,765
chápali,4522
vzešla,5683
vyvolaných,3393
lidový,4070
přesunul,564
odůvodněné,6107
hráčkou,6108
závěrům,154
úvěr,6109
sjezdem,2862
vystupuje,3884
dívá,4499
jediném,1186
náběhu,6110
směle,6111
spolu,6112
hladem,3316
ohodnotit,6113
půjčuje,6114
donekonečna,6115
několika,1317
valčík,6116
kabáty,4726
grafy,2656
gastronomické,6117
socialistická,6118
odmlce,6119
knihovně,3338
symfonické,3817
výzkumným,3506
distribuční,6120
přídavnými,3968
zazněla,1472
přístav,4449
týká,2946
pozdních,704
titulech,900
zákonný,6121
básníky,1766
druhej,236
společenskými,3632
účinností,1130
štáb,6122
chrám,6123
ministerstvem,6124
upgrade,6125
plamene,3870
působnosti,6126
subtropech,6127
tmavým,2586
vyšetřuje,6128
doma,6129
zná,1154
rozpustil,1269
polská,6130
špatným,234
ústraní,6131
zeptal,3140
bere,1822
stěžovat,6132
akademická,347
čarodějnictví,6133
hezčí,1445
získat,6134
kalibrační,6135
omylem,6136
kreativita,6137
krytu,6138
nestačili,2095
trávil,1656
dosud,6139
domov,5129
souviset,3274
vzniklý,6140
katedra,6141
umístilo,6142
zastřešené,6143
síran,6144
nepoškozený,6145
volí,1254
židovskými,6146
končily,824
zpřístupněny,1090
zkušebních,1871
matoucí,6147
požárem,3302
toužil,4285
severozápad,6148
kritizovala,5990
vyžadováno,6149
představte,701
pochodu,990
odpočinek,5474
matematická,2834
pěvecká,6150
teploměry,6151
domě,6152
odboje,5343
klasika,6153
legionář,5797
jinak,6154
rytířský,6155
přídavné,3968
nikdo,6156
držela,4986
zodpovědný,6157
foťák,6158
výhodných,1552
napsání,6159
přibližná,920
přechod,6160
navigační,6161
díváme,4499
víceboji,6162
chodila,1162
testovaný,6163
textil,6164
zaútočit,3521
vyšších,1828
slábne,6165
připnout,6166
vysvětlila,2943
projednat,1850
větrných,458
procházkám,525
říše,6167
vlhčené,6168
samostatnosti,5034
vysazena,2348
ředitelka,6169
rozmnožování,6170
jazykový,4585
pochybovat,6171
krůtí,6172
barvách,1673
napsat,620
slavnostech,1428
legislativních,5575
satelit,6173
učitelům,6086
přepočtu,6174
palivový,6175
korekční,6176
autismus,6177
meziválečný,2080
agenturami,4354
možnost,6089
vlastivědné,6178
výhody,5588
modelech,5645
osvědčily,1252
vrhá,6179
otazník,6180
rozděleno,6181
zvědavá,6182
reprezentativní,6183
učiněno,3329
zakončen,1541
oříšek,6184
kancelářemi,4980
ztrátou,3529
fotoalba,6185
měřítku,6186
pigmentace,6187
nekonečná,274
riziková,6188
zemřít,480
říkanky,6189
press,6190
pražská,1097
čárový,6191
udělilo,2202
ehealth,6192
výtvory,4925
neznáma,6193
šesti,1908
tehdejšími,6194
navrhovaného,1157
neinvestičních,6195
příhoda,6196
nechávám,1834
katastrof,2275
předběžnou,88
částečným,1949
neučinil,6197
spadnout,803
důkladné,5470
fialové,846
terapeutické,4012
rekonstruované,6198
pleťový,6199
nakladač,6200
vyústil,1856
předzvěstí,6201
burze,2748
nábřeží,6202
kámoška,6203
manager,6204
obyčejný,6205
ovládacím,6206
odhadl,2076
uvědomovali,6207
motocyklová,6208
městech,2189
dohodli,4306
telefonních,6209
předprodeji,473
vypovídají,2812
rozdělení,6210
nevěří,4144
fotek,1667
zeptala,3140
gymnastika,6211
vypadat,866
autosalonu,6212
tělocvičně,4908
zbylo,3456
ošetřovatelské,6213
scházejí,4663
samostudium,6214
oprávněným,6215
bohoslužbách,6216
vtipné,3181
zvažují,1413
proof,6217
opuštěný,6218
všeobecným,3993
jihovýchodu,3987
spatřila,1587
weldon,6219
kbit,6220
pitný,5464
nejzávažnější,6221
velkokníže,6222
vídeňský,6223
vážně,6224
faktura,4263
krytí,6225
nárok,6226
vyložení,6227
sleduje,2392
vracím,2097
válečnými,1626
sranda,6228
nestává,6080
sešla,320
prioritách,3089
kritériem,6229
gramotnosti,6230
stálým,742
identifikován,6231
pánevního,6232
pomocná,1112
připsání,6233
biomasy,6234
kafe,6235
včasného,1427
koupat,6236
obnovitelné,6237
hrom,6238
zkušenostech,6239
vrhne,6240
zdatnosti,6241
tuhá,6242
garantovaná,6243
kandidovala,4670
členům,6244
chirurgická,2711
pořizovatel,5872
podsvícený,6245
vícevrstvé,6246
postačí,6247
bavlna,6248
trávník,6249
snímky,361
popraveni,5335
kedy,6250
hvězda,2597
pokrytí,6251
zamlouvá,6252
hřeben,6253
podsklepený,6254
důvod,2374
zážitek,3209
diplomy,5405
údajně,6255
nepřekonatelný,6256
dárky,2499
ochrannými,2989
řeknu,2681
absolvovat,1661
připadly,400
balení,6257
úniky,6258
nezískali,6134
granty,6259
krátí,6260
divočině,6261
odvykačce,6262
loučím,6263
zrušení,6264
střechy,2121
okvětní,6265
doplněný,3587
polárním,6266
kořenům,6267
ovládacího,6268
nošení,6269
vrátili,762
pochopila,4845
sonáta,6270
zem,4163
společnými,1082
zaměstnanec,6271
diecézní,6272
informováni,4216
poetické,6273
posílejte,6274
takové,1866
golfová,1788
půjčovny,3104
dočasným,1679
elektrotechnická,2107
chválí,6275
potěšil,3489
příjem,6276
označil,6277
poprosit,4124
nezajímají,2016
ustoupí,6278
přílohou,1330
tečka,6279
berte,1822
přehrávač,6280
zvedla,2697
vliv,3950
inspektorátu,6281
kilometru,2550
nohejbal,6282
debatovat,6283
vyhrát,2066
odeslat,5324
ukrajinský,6284
setkáním,2351
von,2442
nejlépe,3347
uzávěr,6285
referenčním,4173
nevidí,651
lahůdka,6286
zvládla,4689
vyvolání,6287
bývají,379
nížiny,6288
vrátilo,762
sníženy,1114
kamarád,1401
ultrafialové,6289
výsledných,3711
pečlivý,6290
podkrovní,6291
šílenství,6292
protestů,5815
výzkumná,3506
hlavami,6293
započítáním,6294
rozhledny,2805
orgánem,6295
kronikář,6296
přímé,3548
snažit,1220
kostým,3067
chodili,1162
plastovým,2567
svést,6297
počítejte,1001
vítězné,724
schválených,166
záslepky,6298
potravinářství,6299
užívání,6300
oblouk,6301
research,6302
vstupují,2301
away,6303
spektra,6304
pracoval,3069
promítal,3343
poslechnout,6305
střechu,2121
flexibilita,6306
doplácí,6307
taková,1866
specialista,6308
navrhlo,4071
statistického,169
nejmilejší,2495
astronomického,598
zprostil,6309
výletě,875
prodejního,2477
nenápadný,6310
cyklotrasa,6311
tenor,6312
autoři,721
jednotném,3408
zahraničí,2749
nerezový,6313
uvažují,1798
vytáhnu,5734
staršími,5912
pěším,1968
studijním,4905
nevedlo,2112
oběhu,6314
hala,6315
garantem,3308
večerech,134
činili,1412
zemědělskými,6316
sounáležitosti,6317
ptám,5331
patrem,459
obsáhlá,1415
telekomunikační,6318
epizodě,638
ministerským,773
atomové,5473
nucená,6319
krov,6033
nakrájíme,6320
tepelné,6321
scenárista,6322
výchova,6323
dvoukolově,6324
chatě,6325
bavil,2524
sója,6326
softwarová,3649
speciální,6327
káva,6328
podnebí,6329
plošně,6330
poklesne,658
koupíme,2741
nakoupila,6331
kilometry,2550
občané,5267
marmeláda,6332
fantastické,1903
zmínku,5644
obrněné,1512
neurologické,6333
kvalifikačního,5256
zároveň,6334
novin,606
pečlivé,6290
prozkoumání,6335
síň,6336
obával,4873
veliký,5144
zkazit,6337
podívala,3106
raději,4211
čajových,1538
vyžádalo,6338
komora,6339
postihl,3777
dobrodružstvím,6340
íslo,6341
prstenec,2600
rozsah,6342
aktualizována,96
vyhlídková,2671
podnětem,2560
zvyšování,6343
následném,342
nukleární,6344
účastní,1955
daném,6345
vážným,6346
dvojnásobné,1657
trhá,6347
muselo,3779
pravomocný,6008
shání,4691
průřezového,6348
splněný,1772
použil,3052
ztráty,3529
maraton,6349
ukáže,2391
neznamená,765
třinácti,4396
ledovým,944
výkaz,3170
bezdrátovým,6350
ostrovy,4381
slavík,6351
severovýchodě,3169
institucemi,6352
skok,6353
grant,6259
písek,6354
zeptali,3140
večírku,1286
rozšiřuje,5822
zvládneme,4689
záření,5921
objednací,6355
jde,1947
ovládli,5847
folklorista,6356
vzdala,3924
odměnou,2724
případ,6357
datování,247
charita,6358
výstavišti,4227
stav,5503
zřizovatel,4219
přistoupení,6359
amoniak,6360
symetrický,6361
kočárky,6362
hlasováním,5193
lékařským,1298
napsala,620
očekávanou,398
mušketýři,6363
přijímací,4558
dospěl,6364
obnovuje,6365
jenom,6366
tahal,4862
podnikatelský,6367
výjimečné,713
http,6368
trolejbus,6369
zahradách,5792
krbů,6370
orientace,6371
plnobarevných,6372
brněnským,1762
mluvila,933
bazalka,6373
tvrdím,1981
výraznějším,1351
opláchněte,6374
nevýhody,6375
nadporučík,6376
debaty,6377
doporučili,1827
tepelnými,6321
ranním,639
levostranný,6378
zisky,5744
nevěřila,4144
řízením,6379
podlahových,718
batole,6380
brambor,2019
separatisté,6381
ojedinělá,3369
odpočinku,5474
umožnilo,6382
začaly,1166
světlých,1553
domluvila,1745
výjev,6383
český,5690
kuře,6384
premiérovém,962
vrh,6385
informácie,6386
nezůstane,2872
mostem,6387
výtvarník,6388
bydlení,6389
stabilní,6390
kytka,6391
nárůstu,1044
dědek,6392
náhodné,6393
sbírají,2256
sociolog,6394
kolektivem,6395
max,6396
bienále,6397
podělili,3030
vedra,934
klávesy,6398
podlah,3883
důležitá,999
prodávaných,955
pooperační,6399
zázraky,5534
zůstávala,1983
kašlu,6400
ohlašovací,6401
zůstávají,1983
připravenou,666
praxi,6402
ztrátami,3529
hovořilo,1787
farním,5183
nevyhýbá,3764
praporu,2659
šátek,6403
nominoval,2698
jímž,4189
prohlídkách,6404
názor,6405
poslouží,872
zřítil,4412
faktorem,5511
upozorňoval,1531
zaměřeno,5967
kvalitativních,6406
vydržela,1404
inventář,6407
admirál,6408
počít,1998
vyvolalo,4260
utéct,818
územích,4922
hasičský,6409
pozorováním,4613
zákazníci,1865
viník,6410
geodetické,6411
nepřijal,2507
lektor,6412
výstavu,466
vysvětlovat,2430
kterému,2553
přesunulo,564
pochvaluje,6413
zopakování,3101
přirozený,6414
zlepšením,6415
tieto,6416
výjezdy,1015
literatuře,4323
pěti,1733
zmiňovaná,1501
názornost,6417
známky,2752
protějším,6418
nápadů,1091
uvedených,1398
vracejí,2097
neposkytují,2988
náhodný,6393
uveřejnit,587
asfaltová,6419
cílová,2263
nosit,3240
podporován,6420
rozumné,3877
poskytnutí,6421
lituje,6422
papíry,4476
následovaná,4453
vlajky,5640
sahající,707
brigádní,6423
hypertenze,6424
hostoval,6425
aktivit,1365
transfer,6426
závěsný,6427
zvolí,1720
úvahami,1148
pouzdros,6428
postupným,1268
aktivitám,1365
americkými,1078
zamíří,6429
odvety,6430
reklamní,6431
vynesení,6432
osvědčený,6433
zemědělský,6316
nemusí,3779
magistr,6434
chodím,1162
hodnoceny,1022
ubývá,6435
konali,570
pozitivního,3258
bibliografické,6436
volných,2260
vyrábíme,3266
desítkách,6437
vzbouřenci,6438
ruka,1937
organizátory,3736
trvalé,3206
obleku,3303
představujete,626
stránek,1299
vícedílné,6439
černě,6440
nejpopulárnějších,1180
vládne,4501
biomasu,6441
žlab,6442
schody,5636
východisko,6443
valí,6444
obdélníkový,6445
server,6446
rodné,741
selhání,6447
doplňující,6448
saunování,6449
pokračovací,6450
výši,6451
bříškem,6452
pastelové,6453
keř,6454
natáčel,5540
psychickými,6455
podávají,1454
mraky,5753
vlastní,4997
staveniště,6456
bramborami,5329
zařazení,6457
prohlásili,1249
skála,6458
začínám,590
zlepšuje,6459
mastný,6460
oceněny,985
hrané,3306
zalijeme,6461
osud,6462
jihozápadu,5862
nejíst,6463
uniformy,6464
vyroben,6465
debata,6377
herminka,6466
pásmo,6467
miminko,6468
výjimku,2223
krycí,5542
nepochopitelné,1897
písemných,3486
donést,2328
všimla,2719
slovanská,6469
doplňuje,4013
zažádat,6470
odvolali,1854
úkolům,1621
her,2923
písemně,6471
správný,6472
řešeno,5775
bílek,6473
generálové,6006
záměru,489
tiskárnách,3625
zamířil,6429
proužek,6474
zadané,6475
kandidáty,2813
desetkrát,6476
upečeme,6477
diskutoval,2970
televizní,6478
zrušené,2806
letenek,2474
laboratoře,6479
odůvodněných,6107
překročily,4604
koncertoval,6480
tréninkových,1650
projekce,6481
potravinářská,2649
užitná,6482
systémová,1518
klimatických,1323
záchod,6483
rostl,3568
objednaného,1105
navyšuje,6484
dokládá,6485
dějinách,6486
knize,1761
silnými,1131
předloženého,1934
varuje,3449
nepoužíváme,1966
konspirační,6487
konzervatoře,6488
znělo,5650
průběhem,6489
angl,6490
mořský,6491
panoval,1511
podporujeme,5321
pobývala,3287
odborná,1276
jednáních,1664
větvičky,6492
severu,5779
bolestivý,6493
magistrát,6494
prstu,4858
horách,1716
bezdomovec,6495
výhodou,5588
bojuje,2470
literárními,5004
vyprodukovat,6496
děkuju,3658
panda,6497
benzín,6498
necelou,6499
vztyčen,6500
strukturovaný,5550
limitován,6501
kvalifikační,5256
syntetický,6502
slogan,6503
přikládá,2110
poradenství,6504
převzetí,2338
disk,6505
hostování,6506
zastavil,2651
gram,3172
silném,1131
zjistil,3611
ověřovací,6507
koukám,4920
stojánek,6508
slíbit,6509
geolog,6510
sopka,6511
navrhuji,3648
jubilejního,3373
rezignovat,1025
zámecká,5038
pokud,6512
načas,6513
členové,6244
informativní,6514
nosný,4709
způsobeného,5562
odlehčené,4731
uspěl,4841
nevyjadřuje,5722
formálního,5867
pouhá,607
skvrnami,6515
výdrží,6516
spadají,2149
vzdalo,6517
samostatně,6518
proměna,6519
zasloužila,4122
mírné,588
svatojánské,6520
pohybují,1793
nepoznali,6521
neklidní,6522
pálením,6523
udělala,3166
držitelům,747
hliníkovým,4152
specifikace,6524
americká,1078
sídelní,6525
prokurátor,6526
tábora,4618
systémy,4742
samosprávou,3562
vysílá,6527
bronz,6528
drželo,4986
vyhodnoceny,968
tráví,1656
sladěné,6529
zeměkouli,6530
způsobily,3341
čisto,6531
přivezli,4967
burzovní,6532
běžecký,6533
doplňováno,4013
posunula,2349
nezabírá,6534
málokterý,6535
dluhopisů,1388
tepelný,6321
praktický,6536
karty,4168
neptal,5331
domoviny,3053
dřevo,6537
vezmu,1858
vyčíst,6538
bližší,1486
vzácný,6056
scenérie,6539
neuvidíte,767
zdar,6540
dodali,2956
stupňuje,6541
zeměměřický,6542
snahy,4092
předpověděl,1939
stáhnutí,6543
průkazy,6544
listem,1417
certifikovaná,6545
zmiňovaných,1501
hraje,3614
mějte,1579
nejstarších,5912
operuje,6546
konzervace,6547
vrcholným,1187
charakterizoval,2890
evidován,1263
následkům,5135
jazzová,6548
konferenčních,6549
průmyslových,3162
vyvedl,6550
ruská,6551
udeří,6552
mládežnické,6553
prvně,6554
vestavné,6555
kalhoty,3713
knižního,1551
repertoár,6556
buk,6557
přijímání,6558
dýl,6559
zrekonstruovat,3915
projevy,5823
hojné,4125
pochvaloval,6560
nezbylo,3456
postaral,6561
vulgaris,6562
mání,6563
lidovými,4070
položení,6564
moci,6565
podívaná,6566
některým,1431
havárie,6567
kolečkových,6568
vysvobození,6569
důkazy,3893
vydrží,1404
přestávku,3241
drastické,6570
nanáší,6571
kcal,6572
plynového,1373
vyplacení,6573
celek,6574
edici,732
mahagon,6575
kapacity,4310
eskadra,6576
klubových,2807
otevřeně,6577
sbírali,2256
neformálním,5867
nechám,3518
podzemního,6578
upozornil,2643
dokážu,1374
odchody,1813
posbíral,6579
rychlejší,2973
oblíbenými,490
památka,6580
výraznými,1351
zákal,6581
stříškou,6582
nejvýkonnější,6583
udržení,6584
nezískal,6134
přicházela,496
podáváním,4231
vulkanické,6585
box,6586
tzn,6587
hrálo,3614
úbytek,6588
ukrýt,6589
obrovskými,4869
medián,6590
následují,439
tatínek,1901
dobrovolníky,5139
gymnázia,6591
snímkování,6592
zasílejte,2547
doručit,4757
prošli,2069
postihly,3777
řízeno,6593
platebními,6594
spadal,2149
nejistotě,3622
listnaté,6595
zasloužilý,6596
dostávají,3348
vyhrály,2066
činem,1938
poskytlo,2924
úspěchu,1648
praze,6597
nečetla,6598
přejeme,1464
dramaturg,6599
cíle,646
aquapark,6600
bavlněné,4146
rudé,362
rozebrán,6601
lidský,6602
skvělými,1366
vstupů,1841
ohraničen,4324
čekání,6603
oblečený,5771
bývaly,379
bydlením,6389
hrůzné,6604
krvavá,436
čítala,6605
nebyly,478
klasifikován,6606
zelenými,515
učebnímu,720
mobilem,4336
ojedinělých,3369
hra,2923
běhat,4047
nepříznivý,405
podivem,6607
promluví,5531
ženijní,6608
pavilon,6609
zrušených,2806
strčit,6610
projednalo,1850
přednáškami,201
budovami,6611
dohodnutý,2001
častými,2629
sbližování,6612
ječmen,6613
ovlivnit,5024
mrazí,6614
nováčky,5454
postarala,6561
podnětu,2560
studií,743
podávaná,6615
návaly,6616
holky,6617
požáru,3302
dopisem,2360
gramotnost,6230
ocásek,6618
parník,6619
mytologie,6620
samozřejmé,6621
vymezených,6622
vozovek,6623
vyhrazený,3412
povodní,1450
žádnými,2537
pomáháme,5595
ptali,5331
zkoušení,6624
kurátor,4582
objednávkou,1104
motýl,6625
odstraněno,6626
stanovisek,4223
zkracuje,6627
nákupního,3821
pravidelných,757
všeho,862
hon,6628
paže,6629
zjistěte,3611
průzkumných,6630
vyskytl,4631
skládací,6631
předpoklady,335
odsun,6632
laskavým,5317
cenově,6633
klip,6634
extrémního,6635
dvoukolovým,6636
ale,6637
technické,2472
imisní,6638
zveřejněného,264
ocelový,6639
zpomalení,6640
sérii,1484
třídách,298
pavla,1483
průřez,6641
klavír,6642
pohotovostní,6643
baroka,2445
inkubátor,6644
respondenty,6645
těhulky,6646
pedagogického,2344
hliníkovými,4152
prohlídce,1376
vyššími,1828
silné,1131
doplněno,6647
syn,6648
varují,3449
vyměněn,6649
plocha,6650
doslovný,6651
telefonům,277
mírnému,588
objemech,6652
přivedla,5082
pojmenovat,6653
divím,5072
iniciátorem,6654
automobilem,6655
podělím,3030
setrvala,6656
severního,3078
vyhrazených,3412
prodloužila,3376
poklidný,6657
odehraných,6658
jdem,6659
světovým,1016
putoval,6660
teolog,6661
poznámkový,684
nejchudší,5046
obléhání,6662
brada,6663
zaplacených,1127
koncernem,6664
prd,6665
sto,6666
rekreace,6667
každého,759
aktivizační,6668
chutná,6669
přijímány,604
platinové,6670
stejné,3346
pro,6671
posláním,6672
pedagogickým,2344
zkušenosti,6239
představuji,626
slabým,770
zrekonstruovaných,6673
neuspěl,4841
svatbou,3278
zadržela,6674
mobilita,6675
celoživotní,6676
spí,1631
harmonika,6677
přiznala,1748
přemýšlíte,1124
přílohami,1330
dobrodružná,2842
sir,6678
smál,593
celosvětový,2253
úrokové,4056
prvotním,2845
zajímala,2016
olympijským,1693
výstavbě,671
kontinuálně,6679
nedovoluje,2841
dezinfekce,6680
prostorný,6681
vystřídá,6682
obzorem,589
prémiová,6683
nesplnění,6684
slibovala,4049
mrakodrap,6685
kriminalita,6686
venkovního,2396
nejmladším,5800
obdoby,568
registrace,6687
vypustil,2318
následného,342
míra,6688
prezidentka,6689
tvářit,6690
hřbitovech,6691
polárních,6266
jednorázového,442
ideálně,6692
výherce,6693
zvonění,6694
firemním,3672
miliardu,2302
done,6695
záchvaty,2859
osvětlení,6696
nejistá,2518
šlo,1947
kotníky,6697
certifikátu,6698
tisíci,3578
ohlasů,4241
radnicí,6699
divnej,6700
přechodné,4932
doporučená,3866
evropském,3195
akci,414
nainstalován,6701
kontrolu,1823
nejméně,6702
národními,6105
rota,6703
lidé,4681
odměnách,2724
vystihuje,6704
matka,6705
poč,6706
komentovat,1017
význam,6707
nezisková,6708
charakterizována,3972
opravdová,6709
podobné,6710
dezert,6711
případům,6357
snese,5280
řeckokatolický,6712
amatér,6713
kabát,4726
programu,451
podmínkách,6714
rozčiluje,6715
velšský,6716
číselník,6717
fúze,6718
posvěcení,6719
through,6720
nechávali,1834
puč,3327
smetanový,3849
poptávka,1008
mramor,6721
materiálů,703
výběrová,2648
sledují,2392
vzdává,1204
zdobit,2308
dospívání,6722
držadlo,6723
projevil,2637
odstěhovali,6724
fotografoval,6725
hotelový,6726
přehledem,214
ušima,6727
osmi,4004
stáže,6728
rozvodné,6729
vstoupí,2207
výpadky,5019
zraje,6730
návštěv,1442
těstovinami,6731
zemětřesení,6732
snížena,1114
nedozví,3085
odborným,1276
scénárista,6733
odnětí,6734
sourozence,6735
pobytu,5187
nachádzať,6736
mývalí,6737
převyšuje,6738
triumf,6739
perspektivy,4971
divočina,6261
vlhkých,2933
pokrokem,6740
rozběh,6741
úlovek,6742
požádán,6743
detailnější,3897
topného,1706
vizí,6744
rozhodování,6745
hladoví,6746
velitelé,3088
předsíni,6747
jednáním,1664
antracit,6748
vyjímečně,6749
slíbila,6509
rozsáhlá,1705
frčí,6750
úmyslem,3657
zadostiučinění,6751
slanina,6752
zřízeno,6753
zvažuje,1413
dostalo,2702
urologické,6754
operní,6755
pamatujte,1231
mým,1665
dovedla,1382
mřížemi,6756
přenocování,6757
objednávku,1104
vyrazily,2067
cestovala,1426
železničním,6758
slyšet,6759
vcelku,6760
jednoduchým,2738
upozornit,2643
přínos,6761
vyvrátil,5825
neobvyklého,2496
ultrabooky,6762
ujednáno,6763
bližšie,6764
vyměřovací,6765
soprán,6766
btw,6767
posunuli,2349
rozloučí,2363
joystick,6768
považovalo,3286
ještěrka,6769
vyhráno,6770
dopravcem,6771
plnohodnotným,5624
okoli,6772
doplnění,6773
hodil,4240
generálnímu,2631
příběh,6774
vyznamenání,6775
půdu,5217
nezaplatila,3116
ekvivalent,6776
protestovat,1753
pestrá,1139
hlásili,1181
komplikovaný,6777
prohlášení,3953
podmořský,6778
používání,6779
podporovaný,6420
nutný,6780
obvodu,5154
zrušil,3040
probrali,6781
okrskové,6782
smyslem,6783
vyplatit,6784
uklidnila,4384
nezávislost,1886
nebe,2379
šup,6785
rukávem,4467
daňovým,3097
létat,4554
určeno,3984
přeji,1464
operačním,2010
nezvládla,4689
iniciátor,6654
geomorfologické,5901
topení,6786
filolog,6787
původním,6095
kariéře,1592
podivný,6788
podávala,1454
horoskopy,2434
křesťanském,5098
myokardu,6789
souhrnu,4570
výdejních,3669
nejdražších,6790
schválí,683
vědět,886
rozhovorů,457
procent,6791
zájemci,6792
demografický,6793
vřesoviště,6794
divadel,2144
zajímavými,692
osmdesát,6795
ovlivňuje,6796
podnikatelském,6367
inspirativní,6797
zážitků,3209
nádherná,3171
odmítal,6798
zakázáno,6043
štědrovečerní,6799
pokusíme,1026
nepoužívat,1966
zaznamenaný,1145
státník,6800
celoživotním,6676
závidí,6801
ustálil,6802
provozních,6803
typickým,5014
vyčerpaná,6804
vybraní,792
pardon,6805
absolv,6806
udělaný,6807
číšník,6808
ojedinělým,3369
hladký,6809
kultuře,4060
dvěma,4203
mail,6810
doktorát,6811
sladká,6812
nejnavštěvovanějších,2751
napadli,664
kostýmu,3067
studena,6813
údaji,1554
nechá,3518
připojuje,6814
prognóz,6815
zápisy,1046
elektrickým,4395
stanoviště,6816
přijatých,1169
komunikace,6817
nepřijímá,4065
vysokorychlostních,6818
cestováním,4787
důsledcích,2962
infostránce,6819
lord,6820
šachová,6821
šéfredaktorem,1517
akciové,848
volume,6822
kdybychom,6823
běžnější,2463
sněhových,1845
prokazatelné,6824
chci,1167
stresové,6825
udeřil,6552
auditorem,5373
školák,6826
animační,6827
malba,6828
selhal,6829
doložit,4496
těhotná,6830
biskupský,3272
projektech,396
výuky,6831
oceňování,6832
výsadby,4155
vyplněn,6833
způsobený,5562
tmavý,2586
povolán,6834
prázdná,2551
sehrálo,6835
novostavby,5994
důkazů,3893
operačních,2010
organizátor,3736
přezdívka,6836
provozovnu,6837
připojuji,6838
mingské,6839
školám,1986
pocitům,3551
uměli,1996
nakoupit,6331
pěvecký,6150
schovaný,5424
soukromý,5906
suchých,622
vřelý,6840
pražském,1097
akumulátorem,6841
obrození,6842
nezaslouží,6843
balí,6844
hřebeny,6253
referendu,993
takovéto,2718
rozloučenou,6845
polykarbonát,6846
petržel,6847
podnikla,5854
omezeno,3916
zvyšuje,6848
vašimi,6849
hovoříme,1787
zásnubní,6850
intenzívní,6851
spokojenost,6852
lůžkový,6853
nesměla,4080
pyšnit,6854
ztroskotání,6855
zvýšené,4180
šňůry,6856
středový,6857
televize,6858
novej,6859
podkladové,6860
přivezla,4967
usmál,3480
záložních,6861
letu,6862
objemné,6863
zdůvodněním,6864
výstupu,797
došlých,6865
šanci,6866
křtu,1225
úvodního,769
částečný,1949
sterilizace,6867
nehodám,6868
vydaly,1962
samotným,529
odmítá,6798
ivf,6869
plechových,2516
zakázkové,6870
zdůraznil,6871
hokejová,5508
kampusu,6872
mluvím,933
partneři,4992
hypotéza,5434
impérium,4039
nedají,1297
pověry,6873
sáhl,6874
kancelářích,4980
přednášet,4756
školkách,1776
garážová,6875
jazyk,6876
geografické,6877
pořadatelům,3381
odezní,6878
líbilo,5239
nezvládne,6879
sklepy,1982
redakci,967
manželem,2572
rozkvět,6880
vidění,6881
přitom,6882
připisováno,3084
spolupracovníkům,1083
těmi,3681
vesmír,6883
upřednostňuje,6884
příštích,57
rublů,6885
stažené,6886
schodiště,4798
kotě,6887
besedu,445
pač,6888
stupni,599
rozhledy,1610
sliznic,5143
prospěšné,6889
párkrát,6890
každej,6891
sebevraždu,789
zatímco,6892
špatnému,234
pokladně,2281
výraznější,1351
cvičné,6893
vetší,6894
zabezpečení,6895
chytit,6896
uvést,3490
šťavnatá,6897
propustili,5839
provozovala,5431
hypotéky,6898
běžném,2463
širšího,3781
poskytla,2924
předložením,1198
úkrytu,6899
směny,3724
certifikátů,6698
nezapomeňte,1829
píšeme,1830
pečovatelská,6900
předsedou,2455
říkáš,1775
odletu,253
světlem,5599
napodruhé,6901
vypočítává,6902
slovinská,4023
průběžném,690
neuvědomuje,6207
zábavné,2460
uchopení,6903
přeložení,6904
antice,6905
dovedl,1382
polokoule,1235
žluté,2836
intenzivněji,6906
navštěvoval,5920
prostorových,6907
stráň,5262
závody,3382
typový,6908
participace,6909
běžela,1068
vypočítat,5579
symbolickým,2646
zpracuje,859
vypravila,951
odlehčení,6910
budoucnost,5025
stíněný,6911
stávky,6912
znamením,3004
pálivé,6913
třídě,298
sdělila,4481
předejít,6914
zabit,6915
zažívají,6916
nos,6917
objevují,2885
kajka,6918
nadměrná,5814
omezený,3916
někam,6919
planety,3935
účastníků,3403
růstu,3568
zveřejněním,808
zápory,6920
hořící,6921
historie,6922
fyzik,6923
rozpadla,6924
vyhýbal,3764
právnická,6925
borůvky,6926
získaných,6927
studiového,3139
náročnosti,6928
ozdobit,2308
výučním,6929
dezinfekční,6930
uzavřete,6931
požadovali,1414
návrhové,6932
zapojila,4747
mimořádnou,239
projeví,2637
sekce,6933
zvyk,3016
předcházet,729
většinovým,6934
sezon,6935
univerzitě,804
malíř,6936
vybaví,6937
původními,6095
protest,5815
tréninkem,5557
podtrhuje,6938
ústy,6939
prcek,6940
začleněno,6941
rizikem,6942
uspěje,4841
ohřátí,6943
fotce,1667
považoval,3286
křída,6944
žalobu,6945
komiksů,2196
balíčků,2145
market,6946
neexistovaly,1295
zkolaboval,6947
dostavbu,3027
zazněly,1472
under,6948
průvodcem,2502
nošený,6949
zásah,6950
částmi,2549
vaj,6951
probíhajícím,2169
tučňák,6952
přistál,6953
odolat,6954
ilustrovaný,6955
počáteční,5807
temný,3917
zlepšení,6415
panelová,6956
neřeknu,2259
upozorňovala,1531
pružný,6957
úzkost,6958
opékání,6959
vypsána,943
paradoxně,6960
aktivitě,1365
vycházková,6961
rozhodujícím,1525
objevovaly,2885
tunel,6962
přihlašovací,6963
básničky,6964
komnaty,1611
depozitář,6965
výpisů,2380
vývojovými,3496
syndromem,6966
navrženo,5947
běžec,6967
nejlepsi,6968
zádveří,6969
ledových,944
pobytech,5187
vysněného,6970
prosil,4124
brněnském,1762
stávajícího,6971
důchodové,6972
doufáme,3404
teoretická,4580
astronomických,598
návrhy,652
ukrajinská,6284
přinesou,213
obranné,5751
testuje,2186
manévry,6973
anorexie,6974
nevěřím,4144
elektrizační,6975
distribuovány,1098
žilo,2529
iniciovat,6976
ukryl,6589
preferoval,6977
nevýznamný,6978
krásných,1613
host,2238
získalo,6134
alternativy,6979
kandidatuře,6980
přírodovědné,6981
zakoupené,3153
krásné,1613
biopaliva,6982
vyklizení,6983
dováží,6984
radnice,6699
čajem,1913
odběratelé,6985
beznaděje,6986
nešli,1947
arcidiecéze,6987
přesvědčeni,6988
editor,6989
spisovatelka,6990
vstala,5604
situacemi,3519
příjmy,6276
prac,6991
podělila,3030
regionálního,1936
motá,6992
nejdokonalejší,4265
koncepčních,6993
dotačního,3471
strachy,6994
slovenský,6995
sídelním,6525
odstupem,6996
kryt,6138
záplava,4139
usilovat,3895
terasu,2640
čirým,6997
předřadného,6998
udělil,2202
sledovaného,2272
žetonů,6999
hřbetní,7000
frontou,581
budeme,478
psychologické,3371
nástavby,3175
záměrné,7001
školská,2420
vzdát,3924
dostavěna,7002
kouření,7003
skončili,776
občanském,2446
mokrých,281
vysokoškolská,5299
běželo,1068
minula,756
prvenství,7004
známkách,2752
vyznačoval,7005
veřejných,873
nastoupilo,1899
zvyšovala,6848
dospělými,7006
beru,1822
začátečníci,7007
dat,7008
použitelnosti,7009
řekla,2259
věčnost,7010
exit,7011
celovečerní,7012
trendem,7013
nekdy,7014
capáčky,7015
krátkého,450
přesune,564
udělením,7016
pojedu,3663
vycházek,7017
oblohu,1072
přesáhnout,2027
procházel,4737
zařadil,4349
členskou,631
zvažte,4274
rukavičky,7018
zmiňované,1501
končetiny,3876
reflex,7019
nejmodernějším,4434
dno,1383
nefungoval,2687
princ,7020
svěřuje,7021
císařským,2625
strážní,7022
přebral,7023
podlahová,3883
furt,7024
růstových,931
reflektuje,7025
možnosti,6089
praha,6597
máma,7026
tomhle,881
ocenil,2645
náhradník,7027
hnusně,7028
debatě,6377
dokázaly,1374
zasáhlo,7029
malovaný,7030
špionážní,7031
omluvit,7032
krajských,1000
hory,1716
otevřete,1490
obavy,3784
deficit,7033
vepřovým,7034
realizují,540
dým,7035
zálohové,7036
stádiu,1513
číst,3523
softshell,7037
psychickým,6455
úraz,4452
řekli,2259
drtivě,7038
vyššího,1828
nakoupíte,6331
kapitolu,601
kontrolovaného,1760
vázací,7039
americkým,1078
dlažeb,7040
marketingová,7041
vytrvalá,7042
antuka,7043
necítil,7044
fotila,5679
milované,7045
počtem,3409
červeným,896
setkali,4833
eacute,7046
zanechává,7047
podíval,3106
pravý,4643
nabídlo,2406
flexibilní,7048
prezentovaná,1754
historik,7049
objasnit,7050
zavedena,1503
aktivitách,1365
letka,7051
požáry,3302
gól,4050
terény,7052
drahým,1305
chodníky,2485
topné,1706
posíláme,6274
pohár,7053
výplatou,1324
katastrofu,2275
číslům,443
rukopis,7054
tempem,7055
návštěvou,1442
rybíz,7056
postupných,1268
citronem,5910
zbarvený,7057
lidovém,4070
syntezátor,7058
výměra,7059
vícedílných,7060
lýtka,7061
soutoku,7062
chválit,6275
tuhý,6242
krytý,4445
vede,2112
platby,6000
zateplené,7063
spásy,7064
provádějí,2526
záznamové,7065
jakémkoliv,7066
odečtení,7067
plných,5204
chybět,7068
stabilita,7069
dostatečná,1994
složil,4422
socialismu,4353
řetízkem,7070
umělé,5884
fire,7071
situacím,3519
filmu,1506
fyzika,6923
oběh,6314
stáli,1466
čokoládový,7072
udělá,3166
všeobecná,3993
pravděpodobnost,4555
kontraktu,7073
šlach,7074
rozlišovač,7075
jízda,7076
pomůže,3603
ježek,7077
fakticky,7078
hospitalizován,7079
krytiny,7080
dotázaných,7081
and,7082
výstavních,4708
kusové,7083
spíme,1631
kruh,7084
alternativním,7085
pláče,5339
rubl,6885
neúplný,7086
začleňování,7087
kontrastuje,7088
nuceno,7089
olejomalba,7090
opalovací,7091
sójový,7092
tátou,3795
háj,7093
pletený,7094
konstelace,7095
přehrát,7096
provedené,2070
optickými,4682
osobním,7097
přepis,7098
pohybových,7099
redigoval,7100
inovovaných,7101
nedal,1297
roláda,7102
zemědělská,6316
cibule,7103
přehlédl,3484
nákupu,1218
nejpoužívanější,2855
anatomický,7104
přesné,3180
nemuseli,3779
kladně,7105
hlasatel,7106
doporučeně,1827
lehkým,1876
redakčním,2621
nbsp,7107
nákladný,7108
prezidentem,1717
razítka,3912
drinky,7109
školství,7110
dohromady,7111
kritizuje,5990
vokály,7112
umožnil,6382
potřeba,3554
dostačující,7113
oceány,1678
přechází,7114
vybrať,7115
nenáročná,1238
vědeckým,3728
neteče,7116
mazlíček,7117
úvodních,769
hlásá,7118
spadalo,2149
řešila,7119
vedla,2112
umíte,1996
ústních,7120
vědomím,7121
občan,5267
výzkumnými,3506
naměřené,7122
intenzivní,6851
pozitiva,7123
zjišťoval,1019
orientačního,2796
firmami,7124
hangár,7125
vyzvednout,7126
bezejmenný,7127
donutila,7128
pohádkové,7129
následován,439
bis,7130
prezentací,313
režim,7131
náhorní,7132
rámec,4061
následně,7133
draky,7134
protestům,5815
chlup,7135
slabém,770
sněhu,788
producent,7136
nepochybuje,6171
učitelství,7137
podobného,6710
archived,7138
rovných,7139
nebojí,3252
poslán,7140
atraktivnější,7141
daty,187
poezie,7142
prosazovali,7143
provozními,6803
zeleniny,3945
zapomenout,1829
případů,6357
text,7144
bankami,7145
potvrzení,7146
experimentovat,7147
podá,1477
slámy,4912
hrozba,7148
umělecký,7149
koktejlů,7150
rozhodnut,1214
nepotvrzené,7151
hracích,5403
zkusím,2980
současného,1239
thesis,7152
lepší,7153
rozvojová,884
janinka,7154
povíme,5020
velmistr,7155
německými,5677
zmíněná,2201
interní,7156
kopr,7157
vesmíru,6883
prvotních,2845
neplacené,7158
zakoupil,1348
pravoslavného,4126
růstového,931
odběrných,7159
poradce,7160
dokáže,1374
svahem,7161
teploměr,6151
statutárních,7162
zavraždit,6087
tmě,1680
výskyt,7163
produktem,5917
zahrada,5792
četla,3523
mraků,5753
nespavosti,5439
prokázán,5171
podívám,3106
uchází,5156
emailové,7164
jednotným,3408
rodná,741
obkladů,4247
jazzové,6548
literatury,4323
asteroid,7165
samá,942
nezapomenutelným,2168
demonstraci,4872
dohodla,4306
trápí,7166
fondem,1528
obtížemi,7167
stáhnul,7168
tsunami,7169
snažily,1220
experimentů,1578
nedostupné,340
halucinace,7170
haly,6315
škála,5816
míchané,7171
chřestu,2742
logickým,4542
voní,7172
tvůrčího,3783
šampionát,7173
pardubické,3588
měla,1579
autorská,7174
stropy,5513
modřiny,7175
rozehřejeme,7176
zakončené,1541
voňavý,7177
novinářům,1574
nejsou,478
inspiraci,7178
úrovni,7179
držel,4986
zalesněná,2265
stydět,2666
hlavního,1290
lepenka,7180
vydávána,1637
stála,1466
ponese,2428
dobrovolné,4730
punčochové,7181
koncertů,825
omyvatelný,7182
zatčeno,7183
dostáváte,3348
chudák,7184
vývojová,3496
povzbuzuje,7185
úplného,1310
romantický,7186
nezahrnují,3671
zdůrazňoval,7187
toť,7188
rodinné,5895
bližším,1486
československé,2337
rozpadu,785
nechtělo,1167
výtvarném,1120
perspektiva,4971
pomůcky,4794
vezme,1858
existence,7189
nasbírat,7190
znamená,765
nemalý,7191
nemění,7192
prsteny,7193
chlebem,7194
bezdětný,7195
schváleny,166
zápase,4162
křemičitý,7196
kterýkoli,7197
letecké,4386
regálové,7198
podrobnými,1963
přívlastek,7199
vyhození,7200
zabalíme,5410
kompletních,1904
zakoupilo,1348
popisných,3609
matkám,6705
dramatickým,1055
fasáda,7201
nezapočítává,7202
náročnost,6928
vybere,2015
dosahují,2140
vstupem,1841
skladný,7203
hostiny,7204
jeřáb,7205
náročnější,1238
přeložil,3865
úřadech,2221
výpočtem,4033
stoupla,2044
zastavila,2651
edém,7206
dává,3734
nejmladších,5800
dočasně,7207
kontrolujeme,7208
vydávala,2532
týmovým,4667
požadovaný,7209
sehrát,5532
širokou,3781
uhelnatého,2088
rodičovské,3630
pořídili,4165
možnostech,6089
hodnotících,1334
polojasno,7210
strašné,1406
dokázalo,1374
použ,7211
koncertních,2099
doprovázené,5297
zobrazeno,7212
podívali,3106
držitelů,747
začali,1166
atestační,7213
odkládat,218
nastartoval,7214
odehrávající,673
modelových,433
pokrýt,7215
neradi,7216
nechyběla,7068
reporting,7217
automobilka,7218
pozoroval,1038
letět,1272
konferencích,288
úředníci,7219
pamatuje,1231
nechráněný,7220
nalézt,7221
nedávala,3734
technickými,2472
okolnosti,5661
vychutnejte,7222
officinalis,7223
slide,7224
počest,7225
klienty,7226
zdravotnický,7227
přijata,1169
vyhřáté,7228
miliardář,7229
repozitáře,7230
vysněné,7231
válečné,1626
izraelský,7232
soukromé,5906
zničený,7233
přibyla,4597
fotografy,3260
napospas,7234
řeč,7235
vypracujeme,2443
herní,4803
závidím,6801
zkoušela,2881
ozývá,7236
nesměl,4080
nabídněte,7237
rolovací,7238
dokladem,5099
still,7239
zastřeleni,2706
případy,6357
australská,4399
ubránit,7240
svaté,1363
hodnosti,7241
neprovádí,2526
tiskopisy,6009
mítinku,1159
fotbalový,7242
jednoho,793
pedagogičtí,2344
mrtev,3434
koláž,7243
rýma,7244
tragicky,7245
průmyslem,1176
stezky,3353
usnesení,7246
skokan,7247
pult,1852
individuálními,7248
případech,6357
radiátory,7249
mrtví,3434
sovětská,2977
přijalo,2507
prudké,3022
slabší,770
senátorka,7250
zaostal,7251
verš,5856
bezpečným,2043
prosím,4124
oblíbeným,490
nákupů,1218
jmenuje,4658
uvědomujeme,6207
bavilo,2524
krytina,7252
předsednictví,7253
podmínek,6714
účetních,3785
nižšího,350
stínem,2433
obsadil,3582
ukrajinsky,7254
branné,7255
vozidly,7256
silných,1131
dětičky,7257
hrdinka,2340
základních,3039
říkají,1775
kritická,2422
stíny,2433
odváží,7258
hotových,1333
těmto,738
opery,7259
slovanský,6469
koordinátorka,3720
špatném,234
nadpoloviční,7260
dokumentu,845
například,5747
zbude,3456
stejným,3346
zahraničním,3683
doporučené,3866
uzavřené,2082
vychutnat,7261
správnosti,7262
existovala,1295
šedá,7263
mikroslužeb,7264
poplatníci,4350
podřízeným,7265
předloktí,7266
cisterciácký,7267
motorový,7268
reálné,2307
fotbalová,7242
vašich,6849
nejsnáze,7269
tvrdit,1981
dělaná,7270
druzí,236
vcera,7271
potvrzena,345
speciálními,6327
etap,133
hezkého,1445
potomka,7272
viditelnosti,7273
boby,7274
magistrály,7275
svahy,7276
svatbě,3278
hráč,7277
romány,1687
přivedl,5082
vyvolala,4260
nabyl,7278
finálovém,1403
nejslavnější,3766
kytička,6391
fuj,7279
odbor,7280
zasažen,7281
optimismu,2390
financovaných,2487
nouze,7282
vznesl,7283
holčička,7284
spojenecké,7285
znění,7286
nabízených,2188
zůstaneme,2872
zakončením,1480
uvítací,7287
mírném,588
ozvat,7288
nocích,647
teroristické,5063
nepotřeboval,3626
kolují,7289
zřízených,3550
kino,4842
doplňkových,1236
torpédoborec,7290
finančním,3936
báseň,3995
reakcím,3255
nabídkou,403
těžištěm,7291
nájemník,4566
japonská,2734
složitý,2940
takového,1866
ozdobený,7292
uvedením,7293
ořechové,7294
dortík,7295
bereme,1822
přerušit,3038
tréninkového,1650
poklopem,4051
nynějška,7296
skreč,7297
členského,631
lovecká,7298
přechodový,7299
přítelem,4372
odůvodnění,4615
trvanlivé,7300
civilisté,7301
hodím,4240
nejmladšího,5800
nekomentoval,7302
předepsaného,7303
osmnáctiletý,7304
přímých,3548
matná,7305
mysli,7306
organizační,7307
širší,3781
rodinný,5895
veřejným,873
čísel,443
šňůrka,7308
přežitek,7309
proměny,6519
norský,7310
rallye,7311
klidnější,2737
primátora,910
nahlíží,7312
sauna,7313
severozápadě,6148
epochy,3268
diferenciace,7314
intoxikace,7315
zveřejňování,7316
exteriéry,7317
nízkoenergetické,7318
vzděl,7319
ohni,1419
barevná,672
startovat,418
zisků,5744
tygr,7320
náčelník,7321
nejcennější,7322
šikmý,7323
vyvíjen,7324
předminulých,7325
gestapem,7326
šílené,1350
procentech,6791
zhoršuje,7327
britská,2566
uplatňování,7328
vzbuzuje,7329
trvající,7330
neurčitou,7331
uctění,7332
nenapadne,664
vypuštěna,7333
nevěřil,4144
ediční,7334
pralesa,7335
volbě,270
válku,272
indikátory,2423
generály,6006
užij,7336
přesahují,1924
dohodnutém,2001
odsud,7337
čtyřicítce,7338
vážný,6346
mění,7192
uvedena,1398
vstřícní,7339
úřadům,2221
odhadují,420
kartograf,7340
olivovým,2280
modernizace,7341
rozsáhlé,1705
dočetla,1749
rozpustíme,1269
inženýři,5444
miliarda,2302
křivka,7342
nesnižuje,7343
tunelu,6962
založili,7344
příděl,7345
prim,7346
protestoval,1753
přenést,3589
běhal,4047
telefonem,277
kamkoliv,7347
voda,4119
raketový,7348
konzervační,7349
reportáži,2569
hezké,1445
maxima,1857
postupně,7350
týkalo,2946
probudila,7351
horkého,205
vrcholek,2124
uskutečňovat,5392
němčina,7352
rozmnožovat,7353
zakoupili,1348
oplývá,7354
výzev,316
kontroloval,7208
povedla,1536
labyrint,7355
uváděna,1289
vybraném,792
úžasného,2401
vymyslet,3420
mzdu,2628
vídeňská,6223
cupu,7356
svazků,1408
diplomovou,585
magnát,7357
euro,1629
hliník,7358
normální,7359
vyšetřovací,7360
nepravidelná,7361
řidičský,7362
známkou,2752
uhelné,7363
vyčleněno,7364
splatná,1447
sendvičové,7365
důvěra,7366
milovaný,7045
nová,883
zaúčtování,7367
milování,7368
projíždí,4183
reformy,4823
chození,7369
šatně,7370
knihovnické,7371
vyjednávat,4171
vybrání,7372
jednalo,2739
vidno,7373
dvoupatrový,7374
vepřové,1526
plotteru,7375
znárodnění,7376
vytáhla,5734
odráží,7377
zdůrazňuje,7187
fagot,7378
členěním,7379
chtějí,1167
dokážeme,1374
předchůdci,7380
obsazení,7381
reagovala,3079
dohlížel,7382
elektrikář,7383
design,7384
lyžovat,7385
žurnalista,7386
tužkové,7387
hotova,1333
tělesný,3048
příčina,7388
cup,7356
práh,5396
porážka,7389
veřejném,873
paletka,7390
válkami,272
oceňuje,7391
antisemitismus,7392
předkládaných,7393
bláto,7394
trauma,7395
neobvyklá,2496
domem,6152
přistupuje,7396
titulům,900
skutečná,2843
trávou,3504
orgie,7397
zavěšen,7398
táhnou,1837
záchranných,828
fialově,7399
jihovýchodním,3608
předkládají,1094
poporodní,7400
nesla,2428
člen,6244
vyjádřila,2353
jednokolejná,7401
nakoupí,6331
nezmizí,1561
nulové,2065
tisících,7402
chybný,7403
vyrostl,7404
snížilo,5969
praxe,6402
magistrála,7405
vyhodnocena,968
celosvětová,2253
vytváření,7406
bránila,5875
katedrálou,3358
pohárové,7407
vyvolané,3393
houslový,7408
uvolněných,1232
slovensky,7409
stavíme,7410
kdyby,6823
subtropické,7411
americké,1078
výcvikového,4014
nejnáročnějších,1238
hotelové,6726
rodina,4288
zní,5650
nedostačující,7113
sledovalo,2392
kamenný,7412
občanský,2446
dobrej,939
sociologické,1353
záslužný,7413
dostupným,340
italský,7414
testují,2186
nadšený,3966
rozpacích,7415
cenovou,656
akov,7416
liška,7417
cenách,617
nenechala,3518
energetických,4330
nadvlády,7418
záplav,4139
psacím,7419
vyplatilo,6784
parkování,7420
zařazena,4169
zdmi,7421
tepelným,7422
přiřazen,7423
vztahům,7424
provozujeme,5431
oslabila,7425
stranické,3998
subtropických,7426
širokými,3781
cestami,3793
šéfredaktora,1517
blízkém,1486
pálit,4215
ražba,7427
výslech,7428
zakázali,7429
čtu,3523
grandmother,7430
umožnění,7431
ovládla,5847
stály,1466
ocelovými,6639
interaktivních,3126
nenechá,3518
vysočině,7432
těmito,738
tříkrálová,7433
střeše,2121
topná,1706
snímků,361
mně,2895
hlava,6293
bouří,3095
popravu,4322
domnívat,2448
talíři,7434
zaniklo,1569
portále,7435
dovedu,1382
odvody,7436
těžké,1507
zaměstnání,5741
kolektivním,4249
reálná,2307
vyžádala,6338
stejnojmenném,3806
jděte,1947
přítel,4372
ukrýval,7437
posudků,1293
vchodu,2498
válečném,1626
jedla,4698
citátu,7438
pobytová,7439
řetězová,7440
tesař,7441
debutové,7442
dokázala,1374
volal,4692
zápěstí,7443
akryl,7444
posun,7445
osmiletého,3869
nejsme,478
pokojů,7446
kotelny,3981
kombinovaná,7447
ceremoniálu,5295
mosty,6387
nesporné,5300
šetřením,7448
děvčata,7449
naleznete,7450
tombola,7451
dítětem,2545
staff,7452
spát,1631
fixace,7453
přijď,339
ledové,944
použít,3052
playlisty,2692
poutko,7454
uvědomoval,6207
vyžádat,6338
instalovány,5518
náhodná,6393
stadion,7455
poválečných,565
neověřené,7456
žehlička,7457
koupací,7458
dataprojektor,7459
problematický,7460
obsadila,3582
grantových,7461
objevem,1685
celostátního,603
zrychlený,7462
odrůda,7463
distribučních,6120
topením,6786
údajům,1554
chemické,1881
neuspěla,4841
evangelický,7464
vytvořené,504
rtěnky,7465
starými,5912
jednička,7466
používalo,1966
vysvětlovala,2430
vzestupu,1358
vskutku,7467
osloven,7468
studii,743
english,7469
rodinní,5895
dokázali,1374
vetřelci,7470
následky,5135
nejvýše,5812
nejčastěji,7471
fotografové,3260
mangan,7472
nebojím,3252
brácha,7473
topným,1706
neomezený,3916
dělaný,7474
překvapeni,3309
uctíván,7475
rozpaky,7415
zaměstnanci,6271
nechutná,7476
klientem,7226
hodlal,4876
kolektoru,7477
výzkumné,3506
varovali,3449
klam,7478
křižovatka,7479
dřevotřískové,7480
přidávám,7481
zdůraznit,6871
obnovena,2405
vnitřek,7482
využijeme,4222
planetária,5332
brán,7483
nejpohodlnější,7484
polemizovat,7485
důvěry,7366
průměrném,434
rubriky,674
údajným,7486
komodit,7487
pectoris,7488
ukázku,1914
tradice,7489
nezměnil,3635
cestovat,1426
nástupce,7490
poskytnuté,4226
sovětští,2977
origins,7491
hypotečního,4983
intenzivně,6906
sokolovně,7492
klimatem,2508
uspokojivě,7493
přibývalo,3597
konkrétními,7494
pražské,1097
aktovky,7495
interiéry,7496
potvrzeny,1438
staletími,68
koupíte,2741
obhajuje,4589
kam,7497
maskách,7498
dohoda,4030
představenstvo,7499
pevnými,2429
média,1498
snížila,5969
kariérní,7500
dotačních,3471
nepříjemné,566
nebaví,2524
zvýšily,5569
hrát,3614
trasách,4740
muzea,3488
nařídit,4722
poledníku,7501
lékárnách,7502
poklesu,633
produktovými,7503
ona,2442
urychlení,7504
mapky,7505
balkony,7506
včasnou,1427
závorce,7507
nepovedené,7508
pořádného,4392
nebývají,379
předváděl,7509
vyjmenovat,7510
vodohospodářské,7511
občerstvení,5849
shrnující,7512
polibek,7513
zničení,7514
aktivitou,1365
basketbalista,7515
čerstvým,901
bláznivé,4459
spotřebitelských,2840
ropy,7516
finančně,7517
nicht,7518
bezpochyby,7519
bufet,7520
techniky,7521
letové,1115
prevence,7522
samými,942
klidové,7523
tanec,7524
nedovolí,2319
listové,7525
licence,7526
tato,738
běžet,1068
palivových,6175
vydávání,7527
operativní,7528
předvolebních,3194
městskými,3780
plném,5204
prospekty,7529
používal,1966
úsporám,7530
opakovací,7531
lékařského,1298
návštěvníků,1368
knihovnou,3338
pancéřové,7532
sprava,7533
popisovat,2061
blok,7534
koruna,1988
kristi,7535
položit,7536
seznamování,7537
družstevního,7538
podnikatelským,6367
laboratorních,7539
odchodu,1813
mechanismus,7540
přihlášeným,7541
snížením,4257
pokožka,7542
hájení,7543
sjezdu,2862
pláštěm,3034
rozšířen,1301
nepovažují,3286
modelovat,7544
zabrala,4254
zvláště,7545
platného,1732
tělový,7546
jeskyně,5336
vystřídal,6682
čestný,7547
nejradši,7216
prezidentského,310
pravém,4643
divoký,7548
obsazené,1580
tweet,7549
skotský,7550
připsala,7551
adaptace,7552
zájezdů,1843
recepce,7553
reagoval,3079
poznáváme,7554
placeného,857
ovu,7555
vytrvalý,7042
parlamentu,2085
přilehlá,4565
oldid,7556
prosba,7557
rodinná,5895
elektromobil,7558
chytla,7559
stanoveným,157
farníci,7560
chodbách,4843
britskými,2566
krytá,4445
řídký,7561
než,7562
přesunuly,564
datových,3631
hosté,2238
povzbudit,7563
provozní,6803
nožiček,7564
primátorky,2383
přicházely,496
stálého,742
lákavě,7565
navštěvuje,5920
nepřetržitém,2607
pronájem,7566
podepsané,7567
vyléčení,7568
žádné,2537
centrálních,5767
překvapily,584
dostatečný,1994
pije,4536
stočného,1247
zařadila,4349
rozchodu,3011
autentický,7569
vany,7570
přilákala,7571
závažnými,6221
knihkupectví,7572
předloha,7573
zadními,7574
kasárna,7575
rostla,3568
regulačního,7576
enormní,7577
vyřazeny,2793
rozjel,3825
zahradami,5792
demokracie,7578
sekund,2790
taktiež,7579
upravován,7580
vyhotovená,7581
žst,7582
předchůdce,7380
měření,7583
toaleta,7584
samospráv,3562
komunistická,1915
burzách,2748
stavěn,7410
prostudování,7585
zapotřebí,7586
plným,5204
vyjádřil,2353
vystoupením,4284
tenké,1824
zvýšením,2116
prioritní,7587
mokro,7588
zajímat,2016
pastelových,7589
zastavěné,7590
ustanovení,7591
odpověď,4955
reformám,4823
bychom,478
královský,7592
svršek,7593
infrastruktuře,4511
zákazník,1865
zachytila,3708
stropů,5513
nepravidelné,757
předal,7594
sněmovna,7595
územním,2410
podnikáním,7596
kým,7597
sáhla,6874
vyplacených,3467
kolaborace,7598
kuchař,7599
balkónu,2285
spotřebě,1814
moderátorka,7600
udělována,3564
říšským,4408
vyrovnaný,7601
narodí,621
žákům,3772
vysvětlen,2943
přepadení,7602
čipových,7603
rozprostírá,7604
nabitá,482
architekt,7605
zaplacena,1127
halový,7606
vyhl,7607
pěkná,4022
rodinném,5895
notace,7608
barvičky,7609
častá,2629
lyžařské,2017
podílí,5207
devíti,1572
infos,7610
uvědomíme,5634
milé,2495
průser,7611
strach,6994
požadavků,7612
čárkovité,7613
způsobené,5562
pružnosti,7614
vydra,7615
záměrech,489
opakujeme,1620
plovoucí,7616
spuštěny,961
personál,7617
zrušuje,7618
střídají,3694
těšily,531
průvodu,2523
ochladí,7619
pracovního,2063
zákaznické,2667
lyžích,7620
zájemcům,6792
ergonomickým,3405
uvolnění,7621
rozhlasu,855
maximálně,7622
permanentně,7623
neděláme,2861
neplánovaně,7624
archeolog,7625
přístupné,1639
nabízené,2188
cestovné,7626
závodem,3382
požadavkem,7612
mláďaty,7627
uvolnilo,3087
nadějné,1945
zraněn,7628
kladného,4088
prozradil,5065
meteorologie,1529
památkami,6580
stačili,2095
nedala,1297
udržování,7629
inzerátu,7630
protokol,7631
známa,898
slevových,7632
pronesl,7633
renesanci,5091
patentovaný,7634
inspirovalo,7635
kostýmní,7636
vývojového,3496
gumovými,4827
zmiňovat,685
nabídnuto,2051
experimentu,1578
kontaktům,2675
protektor,7637
dospělé,7006
touha,7638
kompas,7639
propaganda,7640
odezvy,5482
skalní,5889
nohama,7641
antropolog,7642
zaslouží,4122
půjčují,6114
spořitelny,7643
chystat,7644
vředy,7645
uvařit,2767
splněných,1772
dostala,2702
dodáme,7646
koruně,1988
výborem,4115
vyráběla,3266
spolehlivější,7647
dekrety,3124
ovocnými,2465
zaregistrovala,4067
provádějte,7648
hojná,4125
sen,3796
kuskus,7649
pokusech,874
nabídneme,2406
porodila,7650
prachy,7651
pochodů,990
republikou,296
provedení,7652
komisař,7653
software,7654
inspirováno,7635
vojenskými,4990
bodů,1863
pohádkový,7129
nad,7655
dobrovolnictví,7656
pobytový,7657
nedostanete,2702
parcích,5865
suvenýry,7658
používali,1966
koupím,2741
plážový,7659
publikacích,543
přesvědčen,6988
políbí,7660
šedý,7263
posunuly,2349
relativně,7661
podepsat,4243
průmyslový,3162
popřát,7662
expoziční,7663
kachlová,7664
plastický,7665
nejmíň,6702
deska,7666
mistrovství,7667
osmnáct,7668
skalami,6458
křen,7669
jednolůžkový,7670
nemám,1579
zařazeno,4169
řešen,5775
límec,7671
hospodářské,1304
údržby,5266
magnetickými,7672
vymezené,6622
čára,7673
kratší,450
řešili,7119
distributoři,4016
úvodem,426
facilities,7674
otevírací,7675
znalecký,7676
předložených,1934
autorově,3015
keramické,3422
experimentálním,7677
dech,7678
inženýrské,5435
dozvídáme,7679
dlouhém,1855
městům,2189
krámy,7680
vnímám,2857
turistiky,1458
vysokými,1828
tiskopisu,6009
možného,1476
současní,1239
muzikály,2206
větším,3442
udělují,3564
zboží,7681
nosná,4709
manipulační,7682
pozorují,1038
vymezená,6622
písničkami,2799
výherci,6693
lingvista,7683
ovulace,7684
sehnání,7685
bažant,7686
stanovovat,1136
mimořádným,239
eská,7687
přicházet,496
matek,6705
nahoru,7688
neni,7689
řádný,662
stavění,7690
bojovali,2470
pobočky,800
designér,7691
libosti,7692
neovlivňuje,7693
uhrazena,7694
skrývá,3059
štěstím,7695
znovuzvolení,7696
přeneseně,3589
nejmladší,5800
napoprvé,7697
žádostem,4024
nejlepšího,1119
výdajích,5746
příjemného,566
příbor,7698
prostředkům,4655
společného,1082
laserovým,2245
mrcha,7699
přečíst,4262
výsadkové,7700
římskokatolické,5069
nedat,1297
zrady,7701
hlasová,3262
tmavé,2586
nápoj,7702
půdě,5217
hedvábný,7703
vracela,2097
vykazování,7704
grand,7705
planetky,2952
očkovat,7706
vyhodí,5364
výsledku,1615
mejdan,7707
seznamů,4475
tipovací,7708
předsedal,7709
hostitel,7710
pláště,3034
typologie,7711
vinné,5461
soudit,2832
variantě,2489
velkým,3442
zrušili,3040
rest,7712
areál,7713
společník,7714
dráhy,4545
basketbalový,4264
poradna,7715
rychleschnoucí,7716
nahrané,5659
polární,6266
vlastnila,7717
zabezpečený,7718
vyhrazeno,3412
přiznána,7719
milost,7720
fungují,2687
známy,898
nižších,350
srovnávat,2756
poštovní,7721
porody,2705
badatelé,7722
modrém,2983
věstníku,2475
zmapovat,4218
chorvatský,7723
chudobě,7724
kritické,2422
synek,7725
kladou,2195
pozbývá,7726
opravená,4552
laminát,7727
zrušila,3040
vykonané,7728
cyklické,7729
úzkým,5713
originalita,7730
správního,3314
příjezdem,308
přímá,3548
stojan,6508
upálení,7731
baleno,6844
ilustrátorka,7732
šedesát,7733
zraněno,7628
londýnský,7734
odpočinout,7735
světle,5599
zacvičit,7736
volím,1254
krvácení,7737
rostly,3568
objasnil,7050
slovačiny,7738
horkých,205
viditelném,2992
přírůstkem,979
bouřkami,3730
nedostatek,7739
pochopitelně,7740
stravovací,2053
pokusů,874
hrozbami,7148
aranžování,7741
platbách,6000
kuchyňská,4181
dřevěnými,2760
pokrytý,7742
oběma,7743
neplatíte,2397
rehabilitace,7744
jezdili,3168
mod,7745
použitelných,2632
zámoří,7746
domluva,907
barevnými,672
president,1717
navrácen,7747
navázala,2173
svatí,1363
pohrát,7748
vztahuje,7749
tabák,7750
investor,4089
zavedlo,3738
próza,7751
hrob,7752
brigádníky,7753
pochválit,7754
radiační,7755
šokoval,7756
stlačený,7757
přijímaných,604
ostuda,7758
akustický,7759
palmového,4443
stolních,5776
procesu,2810
prošlo,2069
smrtelná,3182
matné,7305
délkách,5192
vařil,4493
pokladní,7760
přestavěný,7761
úrovně,7179
vzešel,5683
zpříjemnit,7762
aha,7763
hmotnost,7764
nekončící,824
lezecké,7765
cyklem,2151
aacute,7766
zlý,7767
úklidových,3903
zaschnutí,7768
stíhací,7769
dosahovaly,2140
příležitostí,2530
stejnojmenná,3806
designy,7384
modrým,2983
fotografovat,6725
přesunula,564
dramatického,1055
rychlovarné,2614
klasickými,4367
těchto,738
tenistka,7770
zřízená,3550
vrhnout,6240
mezní,7771
činnost,1612
zákazníkem,1865
chyběl,7068
zjistilo,3611
rozpustí,1269
lidmi,4681
paveljirsa,7772
pálené,7773
nízko,3082
koncern,6664
zakázala,7429
vojenská,4990
přímotopy,7774
komunitních,4418
demokratická,7775
novinkách,306
vysadit,2348
taktického,5283
výmysl,7776
lokalita,7777
otázku,2155
poskytl,2924
prosklenými,7778
hmoty,7779
odevzdat,7780
distribuuje,5066
ruskými,6551
uvědomte,5634
vyznamenáním,6775
sonoma,7781
vzor,7782
nasazuje,7783
vyhrávat,2066
nedávného,904
autobus,7784
návleky,4560
přeložky,7785
plyne,7786
klientům,7226
myslela,3888
date,7787
dějiště,3055
podány,1397
důsledkům,2962
univerzitou,804
moooc,7788
jedinec,7789
výnosů,1389
chybělo,7068
kalkulátor,7790
podpořena,1765
neřeším,7791
seance,7792
umisťují,7793
nečekaným,7794
děsivých,1979
sleduju,2392
stvoření,7795
doprodej,7796
datová,3631
rocková,7797
katastrofou,2275
docházkové,7798
záchranář,7799
udělané,6807
odsouzený,3905
zapomenutí,7800
smícháme,7801
výnosy,1389
řadě,4861
kočkami,3800
táhl,1837
pravoslavné,4126
pozvolna,7802
bezpečnější,2043
vybrané,792
rozzáří,7803
skočit,7804
odvysílá,7805
dokumentují,2777
svalový,7806
podnik,7807
chvili,7808
zásobení,7809
zhoršené,7810
přístavy,4449
hrál,3614
řádem,3060
postihnout,3777
tepelných,6321
nabíjení,7811
viditelnost,7273
přijdete,339
koláč,7812
sudetoněmecký,7813
dokumentárních,1655
užití,7814
najdete,7815
panelovém,6956
hlasovala,3931
razii,7816
temna,7817
přespání,7818
plošný,3402
zapojuje,7819
praktická,6536
integrované,3977
neobvyklé,2496
nepravidelně,3090
faxem,1575
efektů,4668
závazných,4314
zavřete,2839
dodavatelské,7820
obchodování,7821
hračka,5781
masová,1694
analytici,2193
akvizice,7822
zvraty,7823
moučníky,6083
uzavřeme,7824
užitečným,7825
soudržnosti,7826
rovnými,7139
premiérově,7827
nepozorovaně,7828
řízených,2957
počátcích,61
bruslení,7829
stavba,7830
symbol,7831
doživotí,7832
bazénu,7833
vyznačen,7834
ešte,7835
bývala,379
selhává,7836
vyhodnocuje,7837
založená,1797
dovoleno,7838
demisi,520
jednotlivých,3432
producenti,7136
nedělal,2861
zemětřesením,6732
postavený,7839
perník,7840
zdravím,7841
zdrobnělina,7842
jihokorejský,7843
generálního,2631
bohoslužby,6216
pneumonie,7844
stranu,215
dávkách,7845
nevolnost,7846
reprezentuje,7847
zvýšeného,4180
zvládnuté,7848
výhra,7849
zmizeli,1561
projeli,4484
platpředevčírem,7850
informačním,2682
významní,844
provozovali,5431
soustředění,7851
nevyplatí,6784
středověkém,7852
nefungovala,2687
telekomunikace,7853
prodejním,2477
skladovacích,7854
inkoustové,7855
standardní,7856
topenářské,7857
rekonvalescenci,7858
poštovních,7721
kytičky,7859
obelisk,7860
upřímný,7861
zpětné,3824
jízdné,7862
její,3487
násilné,7863
skřítek,7864
případné,4156
uvítají,7865
náležitostech,7866
diskusního,5176
sekci,6933
out,7867
soustředili,7868
islamisté,7869
revolučního,7870
přesouvají,7871
naplněný,7872
kůže,7873
představ,3401
odpověděl,3477
vynechat,7874
utekla,818
instalované,7875
zakázal,7429
květinovým,4782
potýkala,7876
neustálému,5311
potřebuje,3626
odpočívají,3666
svobodná,7877
zámek,7878
noční,7879
milionem,3219
nárt,7880
pánevní,6232
vichřice,7881
trávníky,6249
zakysanou,7882
kilometrů,2550
odjíždějí,1356
rajská,7883
kukuřice,7884
oblíbenosti,7885
pohádková,7129
magnas,7886
vybírám,7887
reagovat,3079
stahuje,7888
vnější,4899
sad,7889
volá,4692
matriční,7890
přiklání,5160
chemickém,1881
lázněmi,7891
úderem,3593
vyžadován,6149
sebevražd,789
jihozápad,5862
kontextu,7892
místnostech,7893
umět,1996
své,4415
přecenění,7894
rozhodují,1338
přiměla,3852
sestaven,7895
bene,7896
kritickým,2422
astronomové,7897
natočili,2335
pojízdná,7898
logická,4542
obnoveny,2405
zasažených,7281
přesáhne,2027
kupujeme,5520
porodí,7650
nedrží,4986
stanovování,7899
jazzový,6548
základové,7900
nepůsobí,5174
politolog,7901
při,7902
freevideí,7903
měď,7904
operace,7905
financuje,2057
ponorka,7906
pláčem,5339
ruský,6551
zastínění,7907
sklidila,7908
uchýlit,7909
bytě,7910
pondělním,2171
tvořil,7911
kácení,7912
nacisty,7913
hokejista,7914
botanik,7915
makléř,7916
devětkrát,7917
kulatého,1638
splatností,334
lektoři,6412
žádostech,4024
rozpustný,7918
polévka,4075
výdělek,4674
čištění,7919
postupové,7920
ztracený,2074
posloužily,872
výstav,466
partnerství,7921
zážitku,3209
pytel,7922
připojení,7923
očkováním,5572
obchodě,3846
zprostředkovat,5451
potřebou,3554
sourozenci,6735
holocaust,4498
zásobě,6094
zbaven,7924
usilují,3895
dovézt,3579
vzpomněl,1919
fantasy,7925
vysokým,1828
oxid,7926
podzemních,6578
posádka,7927
nucen,6319
prohrát,2313
náboru,752
děkujeme,3658
animované,7928
zákonem,4775
udržela,7929
zvukovými,3560
sudé,7930
dokumentů,845
dojet,7931
stačily,2095
otáčí,7932
rozšířením,3293
krokodýl,7933
kontingenční,7934
návyků,7935
motorovými,7268
probošt,7936
nastartuje,7214
rouškou,7937
nasnadě,7938
opustilo,3256
animovaná,7939
přičiněním,7940
nakoupil,6331
editoval,7941
užitečný,7825
vyrobit,6465
střídání,7942
empirických,4718
povstal,7943
hrám,2923
mořským,6491
způsobila,3341
potenciálními,7944
přiloženém,1630
vyčnívá,7945
řečený,3390
píšící,1830
vyslovil,7946
obchodníci,7947
hypotéka,6898
zrychluje,7948
můžeš,1237
pokrm,7949
dospělí,7006
střelecké,7950
volala,4692
myslíte,3888
plechové,2516
nákladů,677
vypustit,2318
římskokatolická,5069
čau,7951
působnost,6126
úpravám,7952
nadvláda,7418
divné,1952
kopcovité,7953
vypátrat,7954
propadly,7955
točit,7956
třetin,1500
vytáhnout,5734
slabost,7957
zanikly,7958
vytvořená,504
umělecká,7149
zmiňována,1479
přesvědčena,6988
zůstala,2872
kulometem,7959
oslovila,7468
manažerka,7960
výkonný,6583
stříhání,7961
poločasu,2535
místopředsedy,5093
seznámili,7962
nazvaný,7963
baron,7964
rytmická,7965
fondu,1528
stanoví,1136
samo,7966
brala,1822
doktorského,894
platdnes,7967
městským,3780
nestíhá,7968
lázeňský,7969
beze,7970
onkologické,7971
hraného,3306
asfaltové,6419
trupem,5073
přijdu,339
vyšleháme,7972
rysem,7973
povoluje,7974
oblíbenější,490
pánská,7975
when,7976
resources,7977
koupil,2741
výbornými,1273
filmovém,582
protikorupční,7978
neznali,1154
vyvolat,4260
svázané,7979
daný,6345
prodáván,4230
toleruje,7980
něj,2442
váhám,7981
střídavým,7982
trénovat,1609
seděl,4103
otevřou,1490
zábavná,2460
vyhnout,7983
českými,5690
mzdy,2628
naplněn,7872
zahrnovalo,3671
odběrů,2208
uměl,1996
taktická,5283
zmíněném,2201
povel,7984
pročež,7985
opravdový,6709
postihla,3777
náměty,1320
hokejové,5508
skromné,4305
maturity,1057
určitém,7331
mapy,4105
kapitalizace,7986
lázně,7987
města,2189
tuba,7988
delšími,1855
plátno,7989
snižování,7990
grafů,2656
slíbili,6509
navyšování,7991
tenkými,1824
speciálního,6327
odešla,2765
chorobami,7992
zápach,7993
vysokoškolský,5299
bytová,7994
rozpáleném,2967
prochází,4737
povídala,2909
panely,3837
otázkou,2155
zbylí,7995
poznáním,7996
zhotovené,7997
rozchodem,3011
interním,7156
uklidnit,4384
track,7998
tiskového,190
synodu,7999
písněmi,8000
zrychlil,8001
infračervené,8002
výtěžek,8003
béžová,2707
vojne,8004
obyvatelé,8005
pojatý,8006
fantazie,8007
várka,8008
celonárodní,8009
živnostník,8010
omyjeme,8011
pokusem,874
prospěšná,6889
sestaví,3072
vyplatil,6784
kola,1485
vystoupily,2242
internetem,2303
věrohodný,8012
strašit,8013
sada,3479
inkousty,8014
úspěšnými,552
radovat,2781
nepostradatelným,2229
vědcům,3881
skladování,8015
studentka,8016
poskytujeme,2988
zdržet,8017
stoupne,2044
asfalt,8018
kondice,8019
žezlo,8020
aplikácie,8021
neodolala,6954
sporáky,4194
nuda,8022
premiérové,962
pochopitelných,1897
kariéra,1592
policista,8023
zahraničního,3683
podržel,5999
kolena,3410
mimoškolní,8024
výzdobě,8025
sokolovna,7492
komunisti,8026
zemským,2199
vstupní,8027
počkej,806
pořadatele,3381
pochybuje,6171
vybráni,2015
vidíš,651
zářivka,8028
zproštěn,4885
leze,8029
čtvrtfinále,8030
objednávat,3466
pomohlo,3603
arabský,8031
suchého,622
přešla,1880
vyžádaly,6338
pokojových,5447
personální,5773
dotazovaných,8032
reálnými,2307
lokalitách,7777
potravinářského,2649
tradicí,7489
patřili,600
antiky,6905
konkurs,8033
remake,8034
smysluplný,8035
vyrobených,4690
celokovový,8036
církevními,8037
neváhej,8038
úkaz,1835
klíšťatům,8039
nežije,2529
spacák,8040
důvodům,2374
pláni,3498
svěřil,8041
sledování,8042
prokazuje,8043
okamžitému,1810
možných,1476
vyhlídkový,2671
žádní,2537
nechceme,1167
stanovami,8044
udeřit,6552
generálů,6006
kouzelník,8045
chronickým,5763
masově,8046
jasně,8047
přírodě,867
baseball,8048
pokrývka,8049
vzdor,5587
nezměnily,3635
pánové,8050
unikli,2534
zvěsti,8051
umožňujeme,2704
dalekém,1770
nakrájené,8052
přenášení,8053
jehličnany,8054
pojmenován,8055
síťovým,3350
koncertech,825
skýtá,8056
výborným,1273
farmaceutický,4579
důležitém,999
spolkový,8057
fair,8058
kuchyňky,4910
pokračovali,1929
ode,8059
shánět,4691
mňam,8060
nacismus,8061
dlouhodobou,410
trapný,8062
konzistence,8063
půdorys,8064
ráj,8065
komedie,8066
dodělat,8067
poloha,8068
transplantace,8069
oslovil,7468
zachycen,3708
lichý,8070
pardubickém,3588
francouzsky,8071
hlavou,6293
trendům,8072
vrátily,762
shodneme,8073
ilustrace,8074
odkup,8075
zvládnout,4689
lázeňské,7969
kit,8076
stávce,6912
zastupitelstev,3595
příslibem,5323
domeček,8077
středověký,7852
oděvy,8078
jablečný,8079
skleníku,2929
schůzek,499
rozuzlení,8080
kdekoli,8081
telefon,277
zahrnoval,3671
můstek,8082
jednoznačná,1495
ohromný,8083
přehrada,8084
potopena,3775
ukazoval,2900
přihlášku,4081
zmrzlina,8085
bodování,8086
vypálení,8087
pupeny,8088
konsolidované,8089
roste,3568
omotávky,8090
islámský,8091
motivačních,5524
skočil,7804
pohyby,8092
politickými,8093
zvednou,2697
charakteristické,5564
bezpartijní,8094
provádění,8095
využíváme,8096
vděčná,8097
zapíše,8098
nezasáhl,8099
léčebný,8100
strukturovaných,5550
uzávěry,6285
mobility,8101
docela,8102
účinkuje,8103
nastoupí,1899
skupina,8104
rozhodujícího,1525
strávení,3749
zajímavosti,2771
rozvržení,8105
podstatný,4969
přenesl,3589
synem,6648
nejede,8106
újezd,8107
následovali,439
doprovodem,8108
přípravu,394
politička,3062
fázích,1543
manévr,6973
povídce,5071
homepage,8109
zapojen,8110
puberty,8111
rádiovým,4402
příznak,8112
zabalení,8113
sraženiny,8114
účtovány,5475
spotřebou,1814
autora,721
slaná,8115
uhlíkový,8116
propozice,8117
špičkové,4456
výletech,875
transporty,8118
klesnou,1051
prijde,8119
hmotnosti,7764
über,8120
poradu,497
jednotlivé,3432
vyhlášené,121
prostranstvích,8121
nadpisem,6020
rýnský,8122
obviněn,8123
svržení,8124
rozjeli,8125
odlehčovací,8126
seznamovat,4669
modřín,8127
kuponu,8128
největš,8129
stanul,8130
změn,1014
vybavuje,8131
informujte,332
paper,8132
podíl,8133
čitelný,8134
příležitostných,1261
pedagogických,2344
používá,1966
lekcí,2907
náběh,6110
držím,4986
uvařil,2767
obsazeny,1580
převezen,8135
elektroinstalační,8136
zapracování,8137
společenské,3632
klepněte,8138
židlemi,8139
zvítězila,4380
ujímá,8140
fot,8141
trvalým,3206
motorovým,7268
dlažbou,8142
podaly,1477
nákladové,8143
největšího,3442
vlaštovky,8144
zakrývá,8145
zabalit,6844
spolehlivé,7647
kompletu,8146
skládala,8147
vedrech,934
dveří,251
scény,1110
zaměstnancům,6271
telefonát,8148
zakázce,2175
svírá,8149
popravě,4322
vlastník,8150
přínosy,6761
pětina,6061
knih,1761
pedagogiky,5938
aktivace,8151
lehnout,8152
poslankyně,8153
index,8154
naměřili,8155
seznamte,8156
blesk,4902
bramborové,3183
telefonní,6209
mladý,5800
vyplácí,5803
hvězdné,3051
zveřejňovaných,3994
připisují,3084
odběratelům,6985
otázce,2155
ostatním,1219
navázal,2173
bojoval,2470
plodnost,8157
staveništi,6456
linkový,8158
uspěli,4841
nežli,8159
rostlinný,8160
alternativa,6979
smrtí,5616
sousedé,3553
použijeme,3052
krbová,8161
jiří,8162
čísla,443
nutná,6780
draka,8163
poradenské,3615
kontaktů,2675
předali,7594
paměťový,8164
šestka,8165
omezenou,3916
přijedete,532
prezidenti,1717
silným,1131
centre,8166
stroužek,8167
výtvarníci,6388
odolal,6954
pátrám,8168
učitel,6086
sýr,8169
prodlouženým,1697
definováno,8170
okamžitým,1810
jezdím,3168
stadium,8171
založila,7344
známi,898
disků,6505
rozlohou,3400
prožívání,498
pracovalo,3069
možnými,1476
kontrol,1823
und,8172
zális,8173
tréninků,8174
boj,8175
soutěžních,3468
skanzenu,8176
rozlišit,8177
onen,8178
odbojář,8179
krbu,6370
školka,1776
nosili,3240
pocitů,3551
užitková,8180
nájmů,8181
zaměstnanost,4457
koupelně,8182
získala,6134
předpisů,5285
příplatky,1375
punčocháče,8183
legislativní,5575
procházkách,525
nížina,6288
zbyly,3456
zajímathttps,8184
odvodů,7436
propuknutí,8185
prozrazení,8186
intenzivních,3598
návštěvností,4516
bombardování,8187
přihlédnutím,8188
uznali,8189
okupační,8190
rozvíjení,8191
zapsal,8098
smrkový,8192
oblastech,8193
osídlen,8194
uzávěrem,6285
parkovacích,8195
uveďte,3490
cembalo,8196
pohyblivý,8197
kancelářská,3828
nejstarším,5912
plynné,8198
sponzory,8199
rozpoutala,8200
církevním,8037
analýz,1935
vyzývá,8201
krk,8202
odštěpný,8203
plyšová,8204
navázat,2173
předmětné,4504
pohromy,8205
přesvědčily,3753
náročném,1238
vybudování,8206
veškerých,8207
užily,949
překvapivá,2288
zlínské,5079
article,8208
řídké,7561
dostáváme,3348
opatrná,8209
usnesením,7246
obavám,3784
fotbale,8210
cítíme,7044
tradičního,1789
označit,6277
titulek,4517
pohonné,8211
partnerském,2757
fotoaparáty,8212
spánek,8213
diskuzi,4945
kladivo,8214
přijímána,4065
kupovala,5520
vykašlat,8215
budování,8216
palivy,8217
držen,4986
nástupišti,5899
popsala,2785
zaskočil,8218
jízdní,5791
netkaná,8219
znali,1154
kurikulární,8220
opodstatnění,8221
uspěla,4841
odbočka,8222
nemocenskou,8223
garda,8224
kapitán,8225
důstojníci,4094
nahrávání,8226
hygienický,8227
radím,8228
naštvaná,8229
havaroval,8230
příznivě,8231
pokrok,6740
onemocněl,4272
slalom,8232
vývojář,8233
komety,8234
obdobně,8235
rozšířil,8236
rozcestníku,1332
obrazový,8237
vztahů,7424
vyhynulý,8238
oděvního,8239
uklidnění,8240
nevezme,8241
cenami,617
nervy,8242
nezapomenutelných,2168
odcházeli,3300
marketingový,7041
veřejného,873
hlasoval,3931
station,8243
telefonů,277
propuštěni,1652
španělský,8244
turistickou,897
trvalejší,3206
přidává,4311
pokryje,7215
originálního,8245
globálním,8246
zlaté,2300
týkajících,8247
vyhne,7983
zakoupena,1348
vypadala,866
provést,1565
bundička,8248
přehledná,1302
bezpečných,2043
hracího,5403
úplnému,1310
freevidea,7903
květiny,8249
probuzení,8250
fakultativní,8251
parcelní,8252
mezilidských,8253
volejbalové,3298
doplňován,4013
zaskočila,6106
plavkyně,8254
nemocní,3365
fázemi,1543
platným,1732
jihozápadního,5541
prozaik,8255
vlastního,4997
hladomoru,2710
menstruační,5228
pochopili,4845
vrata,5414
hospitalizace,8256
komunikačních,2938
stoupl,2044
zdanitelného,8257
drahými,1305
výškou,3119
odjet,926
hvězdami,2597
křesťanská,5098
kostka,2511
děj,2590
označen,8258
čerpat,8259
vyjížďky,8260
litrů,8261
plast,8262
nevšimne,2719
obchodovat,2215
měníme,7192
tenisový,8263
knihovny,3338
představují,626
protáhnout,2587
optická,4682
záruky,8264
originální,8245
připsat,7551
matný,7305
pamětníků,8265
rozvojové,884
životnost,8266
spolupracující,8267
názvem,1922
olivové,2280
žáci,3772
dějstvích,1744
knižních,1551
podpořily,1765
experience,8268
varianty,2489
pracovala,3069
zářivky,8028
sráží,8269
cigaret,8270
správním,3314
fraška,8271
dětskými,3436
schovávat,1093
spouštěcí,1443
investovali,8272
fotbal,8210
skladatelské,8273
including,8274
grafech,2656
mzdových,3481
keramickými,3422
pórek,8275
řidičák,8276
dokonalým,4265
skládačka,8277
procházela,4737
jednoduché,2738
spatří,1587
pohovor,4892
ukončeny,337
ukazující,8278
vojenské,4990
zastřelil,8279
exkluzivní,8280
knihovnami,3338
pamětníci,8265
stranách,215
skrývat,3059
blízkými,1486
přínosem,6761
kytarový,8281
osvětové,8282
prokázané,5978
snížil,5969
snahou,4092
stacionář,8283
židlička,8139
zodpovědně,8284
pódium,8285
realistické,1987
vykonával,5770
odcházejí,3300
patrné,8286
lítá,5189
připsaly,8287
opatrnost,8288
tvarovaný,8289
žaluzie,8290
dělnická,8291
volitelnou,1123
všední,8292
kojenecké,8293
leží,3100
vypravit,951
konzervy,8294
neporadím,8295
mzdová,3481
chutnal,8296
song,8297
spadajících,8298
spořicí,8299
systémových,1518
stavělo,7410
potěší,3489
rukávu,4467
proveďte,1565
jmény,8300
hlídali,8301
stále,8302
klubovém,2807
mylná,3251
uhrazení,8303
roll,8304
velká,3442
účastí,2456
provedena,2070
nepříjemná,566
poloostrova,3231
sněhové,1845
přijely,532
vybudovaný,8305
označila,6277
daňových,3097
výletem,875
další,4796
sestoupilo,8306
milionům,3219
hovno,8307
vinylu,8308
zaměstnance,6271
rozdělen,6181
jakost,8309
publicistické,8310
havárii,6567
posypeme,8311
fungovala,2687
nepoužil,8312
daňovými,3097
papežem,3524
sporákem,4194
uvaříte,2767
rotundy,4817
vynechala,7874
uvidime,8313
tankování,8314
zemské,2199
potlesk,8315
kosmetický,8316
jejímiž,8317
klima,2508
započítává,8318
umožnili,6382
vybudovaných,8305
hlady,3316
nezvládá,8319
všimnout,8320
jednotlivým,3432
prudkému,3022
nehtech,2239
svézt,8321
stoupat,1991
šířka,996
stěhovat,2111
seznámila,7962
pověřen,8322
icq,8323
plošinou,8324
robotický,8325
odhalil,1056
prcka,6940
rizikům,6942
finále,8326
podoba,4206
prezentaci,313
komentátor,8327
domů,6152
kontrolovali,7208
stejnojmenného,3806
vánek,8328
světoví,1016
dívat,4499
svatbách,3278
nechávala,1834
cestuje,1426
ohnivé,8329
opěrný,8330
rande,8331
záliv,8332
tvrdý,8333
knihovník,8334
restart,8335
standardech,8336
výrobní,4776
samostatného,2557
vzbudila,8337
hraček,5781
přinášející,8338
joo,8339
zaregistrované,8340
konceptem,2491
ipad,8341
námořnictvo,6037
řádí,8342
svačiny,5940
křečových,3150
bas,8343
posuvnými,8344
klasifikována,6606
poradní,8345
stíhacího,7769
nebudem,478
čtvrtiny,1191
hygiena,8346
skutečném,2843
nejezdí,3168
témže,278
zaujal,4821
kopírovací,8347
nabízená,2188
podporovaných,6420
použijte,3052
vyprodání,8348
očista,8349
zesnulých,1244
maluje,8350
kus,4952
diagnostika,8351
ideálních,2729
startovné,8352
vysvětlují,2430
zavírají,5788
zareagovala,8353
vypěstovat,8354
thriller,8355
polyuretan,8356
parapet,4510
odvézt,5304
bral,1822
kumulativní,8357
odrazit,8358
polopenzí,8359
dohodneme,4306
uvolněné,1232
dirigoval,8360
pokojová,5447
potřebovat,3626
vězeň,8361
nepsal,8362
dusíme,8363
šíje,8364
udržitelné,8365
vyřízení,8366
autismu,8367
záleží,8368
zakázkově,8369
bohoslužba,6216
vycestovat,8370
potrat,8371
dovybavení,8372
listová,8373
nebrat,8374
alternativní,7085
spojená,935
jednobarevné,8375
organizačního,7307
multifunkčních,8376
výškách,3119
květech,1596
okresech,1040
utíkal,880
nosíte,3240
komorník,8377
výměnným,8378
významná,844
kroutí,8379
obchodem,3846
protipovodňová,8380
prsty,4858
sloučen,8381
bitevním,8382
žena,8383
krátkých,450
mistrovská,3418
husitská,8384
pozastavit,3188
táhly,1837
restauracích,8385
videohry,8386
stěnami,8387
železniční,6758
patentovat,8388
partnerská,2757
převyšují,6738
objem,6652
samé,942
naživo,8389
turisté,8390
zeleninových,2024
bezdrátových,8391
zabýváme,8392
nedostatečným,1994
pozinkované,8393
setrval,8394
interních,7156
dosáhneme,1663
osobných,8395
znázorněny,8396
dojmů,1891
sloupec,8397
komunikovat,4888
vysvětlili,2943
vstupenka,4706
unikla,2534
takovej,8398
nejrůznějšími,4763
výpravy,4082
duely,8399
utíkají,880
vytvořil,8400
vypovídat,2812
pohroma,8205
povídal,2909
dávali,3734
dějí,3455
cenou,617
mládí,8401
obřadech,3459
umře,1690
nějak,8402
školách,1986
příchozím,8403
rozhovorech,457
náleželo,3740
cestě,3793
vymezuje,8404
turistům,8390
centrálním,5767
opravené,4552
ukážu,2391
zjemňuje,8405
zařadí,4349
filozofická,8406
nebrali,1822
minutky,5164
dlaně,1933
případně,8407
metafora,8408
zkvalitňování,8409
minisérie,8410
španělsky,8411
letů,6862
chován,8412
akceptace,8413
opereta,8414
obezita,8415
podzemí,8416
zvyklá,5334
manažerské,8417
osvědčila,1252
fyzický,4343
přizná,1748
představou,3401
násilných,7863
výřezu,754
prestiže,8418
milostná,8419
nezůstal,2872
nejsilnějších,1131
nahlášení,1496
orchestr,8420
remix,8421
šachista,8422
mikroskopem,8423
dechberoucí,8424
přihlašovat,8425
přistáním,4857
individuálního,7248
uvaření,4423
dopise,2360
events,8426
obdržení,8427
nemocnicí,8428
papežský,8429
zabrali,4254
bydlím,2183
zničehonic,8430
chytili,6896
záběry,4978
poskytované,3997
tříletou,293
mobilního,6104
kóje,8431
akumulátorové,8432
severovýchodu,3169
shodli,8073
hydratace,8433
oblast,8193
life,8434
výtvorů,4925
hasiči,8435
zrod,8436
domnívám,2448
stavby,7830
určili,4622
mlhy,2198
zeptám,3140
věnováno,5220
navštíví,1577
rozšířili,8236
architektonická,2468
snést,5280
báňský,8437
nasazení,8438
hlídací,8439
začneme,1166
následkem,5135
prezidentskou,310
pomeranče,5442
řádky,8440
toužíte,4285
kotouč,8441
levicový,8442
peče,2384
vytrácí,8443
skupinové,3617
notebooky,8444
akorát,8445
závaznou,4314
kvinta,8446
slyšel,6759
bungalov,8447
vyskytuje,3982
pokaždé,8448
vypočítá,5579
protiústavní,8449
jednohubky,8450
bitvy,2701
psalo,1830
otočným,8451
operety,8414
vrátíme,762
starověkém,8452
příletu,197
éře,1202
slovenská,6995
buďme,478
rezervační,8453
zaběhl,8454
uzavřením,2589
totalitních,8455
vynikají,8456
vládním,1767
dušená,8457
odmítala,6798
nejběžnější,2463
průliv,8458
zájezdu,1843
uvolnil,3087
skleničky,8459
uacute,8460
nerezavějící,8461
opraven,8462
pozdravem,8463
fyzikálními,8464
přibylo,4597
volají,4692
organizovaná,3751
výprav,4082
smutno,8465
sleziny,8466
implementační,8467
proutí,8468
manžetové,8469
ohřev,8470
nezaměstnaných,8471
stratég,8472
čaje,1913
hraná,3306
technikami,7521
zdrojový,8473
výsadková,8474
zaplacením,2291
magická,3196
panoramatické,8475
dokladů,5099
letadlem,8476
ptá,5331
nabití,8477
sportům,8478
pára,8479
osmdesáti,6795
špičkami,5359
tržeb,1921
dělalo,2861
běh,8480
úplnost,8481
zpoplatněna,8482
festivalem,1489
přebal,8483
volnočasové,8484
nechme,3518
zaměřili,8485
motocyklový,6208
nemožnost,8486
pouti,6014
organizačním,7307
zaráží,8487
lakované,4101
zaměstnavatel,8488
chutný,6669
prozrazuje,8489
vchází,8490
schváleným,166
týdeníku,1740
sníženou,1114
mlpozítří,8491
vybavenosti,8492
zjišťuji,8493
kanceláře,4980
šéfkuchař,8494
tiskárna,3625
širokým,3781
sklepení,8495
golfky,8496
natalis,8497
nejmenším,2564
vyřešen,8498
praprababičky,8499
neschopnost,8500
větrů,3217
neuvědomují,6207
zveřejňovány,1205
cel,8501
přízemních,8502
mírová,5372
výstavním,4708
úplaty,8503
benefitů,6073
trávení,8504
knižním,1551
plakátů,1478
obléct,8505
charakteristickými,5564
evakuaci,1688
uživatelských,1583
zkrátil,8506
remíza,8507
daně,8508
předsedy,2455
dosavadních,8509
výchovný,8510
temné,3917
udělené,8511
miminka,6468
individuálních,7248
investičním,2965
utrpěli,8512
obliba,8513
osoba,8514
československý,2337
mikroskop,8423
členy,6244
párty,8515
náhoda,4034
náznaky,2825
variabilita,8516
vizitek,2703
nepřihlíží,8517
vhod,8518
pulzní,8519
záložní,8520
platbě,6000
intenzivním,3598
jednal,2739
osada,8521
založil,7344
vize,6744
dělo,3455
hotovy,1333
zbrusu,8522
scházeli,4663
objednám,1089
upřednostňují,6884
specializační,8523
prales,7335
kolegyně,8524
chycen,6896
platnými,1732
nepochopili,4845
představující,8525
nemůžou,1237
vydával,2532
hrách,2923
domněnky,8526
verzích,1590
pocítit,8527
zhoršených,7810
rozhodnou,2683
omezené,3916
přírodními,8528
jablkem,8529
usilovně,8530
doručení,8531
zajímavostmi,2771
účtováno,5475
přednostní,8532
sbírat,2256
sibiřský,8533
auditorské,8534
salonek,8535
teoreticky,8536
recepci,7553
zastaven,5761
nákladní,8537
jedinečné,3887
evropští,3195
svědomím,8538
vyvýšené,8539
lak,8540
transportní,8541
zpracovával,2803
schválně,8542
investičního,2965
předkládané,7393
zvýhodnili,8543
postiženým,8544
společenských,3632
daních,8508
finanční,3936
plochým,2058
inflaci,3428
studenti,5570
přístupů,8545
kruté,1768
spousta,8546
mezinárodní,8547
zkontrolovat,8548
stačila,2095
preferuje,8549
císařovna,8550
polepšil,8551
akustická,7759
ideálním,2729
předsedající,8552
destrukce,8553
stolním,5776
nejel,3663
maminky,8554
vydavatelů,2007
rozvedli,8555
tedka,8556
úředník,7219
atraktivní,7141
zóně,3706
přesně,1106
nečetli,3523
zapojili,4747
patrech,459
vysvětloval,2430
porodit,3527
hovor,8557
ustupovat,2644
odmítali,6798
uzavíracího,8558
dostanou,2702
vybavit,6937
nezdálo,1354
pošty,1778
nesmyslný,8559
dvoře,3228
syntetická,6502
nehty,2239
zemím,4163
balíky,3151
zkrácené,2716
prohrály,2313
uznatelné,8560
ekonomickými,3383
sympozia,8561
potýkal,8562
vodoznak,8563
široko,8564
tenkého,1824
mooooc,8565
pociťovat,8527
potleskem,8315
frekvenční,8566
vzápětí,8567
protestují,1753
žákovské,8568
barákem,8569
úhradě,2608
mušky,8570
vína,5158
ratolest,2728
bývalá,2217
scénami,1110
požádáni,6743
babičky,8571
odstínech,8572
projevila,2637
zmást,4686
propadla,7955
slyšeli,6759
nejblíž,8573
nerozumím,8574
zeleném,515
nezobrazí,8575
dřevěným,2760
pohybové,7099
vedlejšími,8576
pohromadě,8577
uznala,8189
rozebírá,8578
stejnému,3346
podařit,1959
chlubí,8579
železnice,8580
rezervní,8581
klienti,7226
úpravami,7952
věrné,8582
cvičební,8583
pečená,5929
trest,8584
reprezentativním,6183
nesouvisí,3274
vzdal,3924
pahýl,8585
zavražděni,2225
předválečné,8586
nasazený,8438
přívěšek,8587
koníčky,8588
informování,8589
ozdravné,8590
navýšením,5821
slyšení,8591
gotika,8592
užívá,2939
padaly,1369
ochranné,2989
neoriginální,8593
vyjádřit,2353
obtížnější,4913
doložený,3643
hojnosti,8594
silná,1131
zpřesnění,8595
skautského,630
lokálními,8596
opravami,3155
harmonizaci,5255
sepsal,8597
nasbírali,7190
výhoda,5588
koncil,8598
obchodník,7947
syrská,8599
levou,5087
tábory,4618
doplňování,8600
textilie,8601
zmínit,685
jej,2442
dekuju,8602
směrnic,5303
pobytem,5187
garantovat,8603
povrchová,1623
kosmický,4664
hrdinové,2340
kempování,8604
analytických,2913
bydlet,2183
rekvizity,8605
realitou,5430
pitné,5464
super,8606
titaničitý,8607
vnímají,2857
rozpadl,6924
nezískala,6134
netradičního,8608
humanista,8609
smalt,8610
podáním,2905
krbem,6370
barelů,8611
požadovat,1414
manifest,8612
vzletu,8613
mathrm,8614
kulturní,8615
barvy,1673
mými,1665
inkasovali,8616
probojovali,8617
mužský,8618
představitel,8619
knedlíčky,8620
konstituční,8621
signál,8622
ručník,8623
anket,580
procesem,2810
píšou,1830
poznamenala,1721
čtenářského,2509
chemickým,1881
odsuzuje,8624
emocemi,8625
polévek,4075
známému,898
světelnými,4948
každodenními,4804
sušených,2819
objevená,8626
pochválil,7754
hromadný,2808
vestavěný,4413
vyučovacího,1642
teritorium,8627
zateplování,8628
liturgické,8629
předpisu,5285
činit,1412
prázdných,2551
půjdu,1947
pěstičky,8630
úhrady,2608
levém,5087
bojí,3252
porovnává,2915
osmileté,3869
aaa,8631
vedli,2112
zachované,8632
kapitalismus,8633
řádek,8440
přesměruj,8634
pořizuje,8635
převýšením,8636
účtovat,5475
smíchu,2450
občasným,3423
vdovec,8637
vynálezy,5450
inventáře,8638
krveprolití,8639
nezáleží,8368
safari,8640
registruje,8641
moll,8642
průmyslového,3162
výhonky,8643
ohebný,8644
testech,2878
akademik,8645
zkoumáním,8646
outfity,8647
růžových,1223
vrátí,762
chata,6325
odejde,2765
přenosových,8648
vyplňte,6833
club,8649
hvězdicový,8650
exteriérové,8651
vysouvací,8652
nedobrovolné,8653
markýz,8654
uprchlíci,8655
divadelního,2615
odborném,1276
líto,8656
osvědčením,5365
obává,4873
choreograf,8657
přistoupila,2283
linka,8658
ležák,8659
sliboval,4049
umožňuje,2704
salón,8660
komunistické,1915
popředí,8661
ošklivě,8662
tržním,8663
rekordů,3283
vyjíždí,8664
objevovala,2885
luštěniny,8665
smysl,6783
přenosové,8648
intenzita,8666
vyrazíte,8667
pokládán,4174
jmenovaný,798
nemocnice,8428
citovat,528
postihne,3777
posunout,2349
přímořské,8668
nuceným,6319
kontinentální,8669
zářící,8670
koupališti,8671
outsourcing,8672
tichosti,8673
dostatečném,1994
stand,8674
pěvec,8675
potýkají,5533
zahřátí,8676
tiskárnou,3625
sehrála,5532
prodávat,4230
mailem,8677
limitována,6501
tématického,8678
místopředsedkyně,8679
setkáme,4833
klíčových,909
škály,5816
zavádění,8680
dostávali,3348
kariérního,7500
buddhistický,8681
nejúspěšnějších,552
tlačil,8682
literárním,5004
slovy,5229
omyl,6136
lososem,8683
chvilce,2046
vrchní,8684
obecněji,1125
žalud,8685
čtyřiadvacet,8686
volným,2260
zavést,3738
experimentální,7677
husitských,8687
firmware,8688
dalekohled,8689
letectvem,8690
basa,8343
zážehový,8691
spoluzakladatel,8692
vyslovila,7946
jízdních,5791
neplacení,8693
vyskytnout,4631
prospěšný,6889
podepsalo,4243
koktejly,8694
bezprecedentní,8695
vážil,8696
astmatu,8697
aktualizovány,96
čepicí,5648
jazykovědec,8698
nezávislého,4217
kritizovali,5990
platebního,6594
tiskne,8699
zvládá,8700
reflexními,8701
novověké,8702
nastínil,8703
správních,3314
uvědomit,5634
zřízena,3550
středoškolského,4699
fakta,8704
inverze,8705
dojmem,1891
reprezentativních,6183
diví,8706
udržet,7929
platnou,1732
nováčkem,5454
děťátka,8707
skluz,8708
zajde,3377
negativa,8709
nevznikl,1152
vzájemným,8710
nevratné,3503
hypotečních,4983
podané,1397
citrón,4736
oznamovací,8711
mluvích,8712
pozlacený,8713
nezobrazuje,8714
rozhodnutá,1214
pásu,3952
konstituce,8715
družinu,3002
přechodná,4932
informačního,2682
hej,8716
psychologická,3371
animátor,8717
studio,8718
soustředil,7868
draselný,8719
přivádí,8720
klimatizované,8721
případnými,4156
disident,8722
proslovu,2009
rapper,8723
vyhodili,5364
nepotřebovala,3626
použito,2022
zmenšuje,8724
doprostřed,8725
nohách,7641
teoretik,8726
krásnej,8727
vazbě,6030
radě,5667
navrhování,8728
útvar,8729
připravovanou,254
chřipkou,2766
mnohaleté,8730
setkalo,4833
nabízeny,2188
jednotlivec,8731
písečná,8732
vařila,4493
srbský,8733
odporný,8734
německy,8735
nesouhlasila,3312
projevu,5823
nadčasový,8736
kaštan,1710
webkamery,8737
vyústit,1856
vlastn,8738
sedmi,2618
musel,3779
počátečních,5807
banner,8739
poskytly,2924
astronomie,8740
filmovým,582
jízdenka,8741
výstřel,8742
objevena,1088
dodavatelských,7820
doručuje,8743
paprsek,8744
vyplacena,6784
přidaný,1993
lístky,1585
okrese,1040
náročnějším,1238
vyžádá,6338
závidět,6801
dodavateli,8745
pětadvaceti,3791
koukala,4920
řez,8746
umožněn,6382
radiace,8747
jistota,8748
fyzická,4343
běžní,2463
doručovací,8749
vlivný,8750
malými,2564
venkovním,2396
umírají,1779
organizátorům,3736
zaměřený,5967
přístupnost,1639
teplotním,4557
prokázal,5171
nezapomínejte,3867
soustředí,7868
lokalizace,8751
městečko,8752
léčby,8753
outdoorových,8754
patrný,8286
vyhlášku,727
řekou,5964
zamítnuta,8755
vizualizaci,8756
zabírá,8757
jistě,8758
přenosová,8648
policie,8759
bavila,2524
dudák,8760
pečené,5929
turné,8761
zvedat,3565
fotoaparát,8212
přilákal,7571
podhůří,8762
jednají,2739
sestavovat,3840
novýho,8763
básnických,2350
předpovědí,1227
snaze,4092
doprovodil,4893
rozumové,8764
zahradnická,8765
moderátor,7600
známé,898
kompozitní,8766
zamýšlí,3444
zaslouženě,8767
rybářských,3443
železničního,6758
deníku,1151
vařená,3979
vyvolaly,4260
vydáte,1962
pohlednice,8768
bezprostředním,8769
salónek,8770
sdílení,8771
doplněných,3587
loďstva,8772
výbuchy,2916
pastelky,8773
indikátorem,2423
souhrnně,8774
hrdinům,2340
nominovaných,8775
periodou,2147
nabízet,1146
službách,3035
karetní,8776
nádraží,8777
nesouhlasil,3312
dokud,8778
stresovat,8779
bavlněná,4146
setkal,4833
věda,8780
maxim,1857
mapového,8781
modely,5645
uvězněn,8782
doprovázející,8783
nabíjecích,8784
výdrž,6516
vzbudilo,8337
tapeta,8785
spáchat,2778
drželi,4986
prakticky,8786
banány,8787
grafika,8788
marie,8789
spouštět,961
zážitcích,3209
nejbližšího,1486
shodovat,8073
zapůjčit,8790
odborem,7280
řecký,8791
oslovili,7468
zácpa,8792
nemyslel,3888
hodinových,1560
osazen,8793
jednostranného,8794
zastával,8795
spotřebuje,1029
komentářem,822
sluchovým,8796
kontrolovala,7208
házená,3461
slabá,770
samosprávného,8797
užší,5713
obzory,589
poučné,8798
volila,1254
závazně,8799
živočichové,8800
obličej,8801
vytvořila,8400
názoru,6405
obývali,8802
šachové,3387
přiměl,3852
cyklů,2151
využitím,8803
povodňové,8804
historických,1315
popela,8805
vyrobily,6465
kontext,7892
optickým,4682
krouží,8806
úlet,8807
temných,3917
výnosu,1389
mračen,8808
směnu,3724
úchvatné,2467
nížinách,8809
váma,8810
šéf,8811
moudřejší,8812
vodorovná,8813
analytické,2913
doznal,8814
úřadě,2221
průměrů,3787
rodinnými,5895
řešitel,8815
svobody,8816
popsání,8817
zjistíme,3611
studentských,1974
korunami,1988
port,8818
kmenová,3661
doufám,3404
účetního,3785
odkládání,218
hracím,5403
odeslal,8819
zastupitelka,4717
ponechat,8820
nemyslet,3888
udržel,7929
historickém,1315
navzdory,8821
kabátku,5412
účelům,735
skotská,7550
kamerovým,8822
staví,7410
doporučovat,760
podvodům,8823
hospodářskými,1304
vážnými,6346
obvodem,5154
zajímal,2016
podstoupila,8824
posílil,8825
zahrnula,3323
chemik,8826
válkou,272
připojená,4954
osvobozeny,3798
pocitech,3551
nejím,4698
trolejbusové,8827
dvojitými,8828
archivovat,8829
certifikovaných,8830
dividendy,8831
grafička,8832
provincie,8833
relations,8834
grily,8835
jihozápadní,5541
odvysílána,8836
pochopit,4845
leteckým,4386
lanový,8837
vypadne,8838
populárnější,1180
doručené,8839
mrazech,834
nechápe,4522
bavím,2524
využití,8803
prvňáčků,8840
shodil,5719
dětské,3436
vykouzlit,8841
zapálení,8842
vrhla,6240
dobrými,939
počítačovým,464
recorded,8843
přijímacího,4558
rozvozu,8844
nenechává,3518
budovách,6611
nechápala,4522
banka,7145
poskytnuto,4226
medvěd,8845
nevyužil,4222
bliká,8846
nadílku,8847
krajích,870
zažijí,8848
navrhuje,3648
terasách,2640
civilizace,8849
vrcholného,1187
součinitel,8850
uvěřit,4502
vhodný,390
kosmonauta,1158
epizod,638
kolejové,8851
mizerně,8852
vzkazuje,8853
vyčleněna,8854
vojenští,4990
dvojčátka,8855
konzumace,3659
batohem,8856
nosičích,8857
záchvatu,2859
počítačích,8858
distribučním,6120
jooo,8859
dvacetiletý,8860
rostlinami,8861
moto,8862
poslání,6672
popruh,8863
také,8864
nasazením,8865
obojek,8866
kabátu,4726
přivezl,4967
posunem,7445
litoměřického,8867
koeficient,8868
neřešila,8869
poskytování,8870
kožešin,8871
obvyklém,2496
bývali,379
recyklační,8872
humor,8873
utekly,818
pokoušejí,1874
dovolenou,1360
staženy,6886
zásahem,6950
obkladu,4247
dostihy,8874
fungující,8875
rozdávání,8876
cihlové,3339
třídním,1550
známými,898
tenčí,1824
zaznamenána,1145
chytila,6896
tiskárnám,3625
zahradního,8877
tahle,881
přístřešky,8878
vteřin,8879
namátkou,8880
domovních,2877
křižácké,8881
monitorování,8882
společenská,3632
startovací,8883
zásobovat,8884
dobytkem,8885
žádném,2537
turnaji,1709
zrcadlovek,8886
výměny,5670
chlubit,8579
úvahách,1148
přestal,8887
podvod,8823
evropským,3195
zveřejňovat,1205
znásilnění,8888
utajení,8889
známí,898
vyzkoušené,8890
projevili,2637
nespočívá,8891
udělejte,3166
průjem,4234
keramickým,3422
čistící,8892
dohlíží,7382
tématu,1314
tabulce,5426
milionech,3219
lakování,8893
ponechán,8820
zázemí,6051
generování,8894
soudem,5936
nezlepší,8895
housle,8896
ová,8897
pobočkou,800
ústecké,8898
místnostmi,7893
nejtěžších,1507
iure,8899
účet,8900
učitelský,4777
vykonání,8901
biologická,3482
vyklidit,6983
odvolacího,3237
nezachrání,8902
nesnaží,1220
stanoveného,157
knihovnách,3338
vypracuje,2443
domova,5129
ponořit,8903
nedávnou,904
freevideo,7903
příkop,8904
návštěvách,1442
mladými,5800
lyžařským,2017
zážitkuagroturistika,8905
sebevražedné,8906
rezidenční,8907
zdravotními,8908
kouknu,8909
vám,6072
hrála,3614
parfumerie,8910
archívu,2123
tuší,8911
zpěvačka,8912
dokumentech,845
větviček,6492
vyskočit,1833
získal,6134
navrhujeme,3648
zažijete,8913
pokec,8914
aukci,3425
bratrské,8915
horečkou,751
vybrat,2015
prozradila,5065
oženil,8916
sandále,8917
bezplatným,1806
chrastítko,8918
daň,8508
shonu,8919
výprodeji,1300
obchodními,8920
vstupu,1841
zodpovědná,6157
zvedají,3565
přibyl,8921
udělal,3166
podpořené,1647
nulu,3415
zapadne,8922
poutavé,3776
uvědomuje,6207
stávajícími,6971
multifunkční,8376
maminka,8554
odolává,8923
laboratorní,7539
místu,1070
lososový,8924
římští,3277
opírá,8925
výkresové,8926
horkovzdušná,8927
rakovinu,4639
záležitostmi,8928
softshellové,8929
prohře,2772
navštěvované,2751
rakovina,4639
účtujeme,5475
upuštěno,8930
inspirovat,7635
příklady,2897
nevýrazný,8931
nákladné,7108
úpadku,4801
katastrofy,2275
sdělí,4481
oděv,8078
způsobuje,8932
močových,5010
pocházejí,4359
pohlíží,8933
angličtině,8934
zřetelný,8935
apoštola,8936
hygieny,8346
dosavadním,8509
ničem,8937
bylinkové,8938
stíhacím,8939
využito,6092
účtové,1712
praktičtější,6536
zareagovat,8353
holocaustu,4498
chris,8940
umějí,1996
sednout,8941
elektrická,4395
zlobí,2356
členitý,8942
autorova,3015
dobrovolnických,4037
užívejte,8943
osudové,8944
français,8945
mladá,5800
ořechy,5571
nímž,4189
tělovýchovy,8946
úřadu,2221
ukazovaly,2900
ztratil,8947
kúry,8948
nebeská,8949
odhalily,1056
opatrně,8950
překročení,8951
dějepisu,605
neslyšeli,6759
zákusky,8952
trvalého,3206
nepatrný,8286
žactvo,8953
večírků,1286
olympiádu,1067
vyplatí,6784
trendů,7013
rodině,4288
píseň,8000
náklady,677
odedávna,8954
hlášeny,8955
prenatální,8956
ocitá,8957
nudit,8958
pplk,1074
syrová,8959
prohlíží,5169
vyvstala,8960
nakoupené,8961
akustické,7759
doprovázeno,5297
odbyl,8962
rej,8963
minutes,8964
odvolání,8965
knedlík,8966
logické,4542
okapů,8967
pojem,8968
nejefektivněji,8969
chemoterapie,8970
točil,7956
regionálním,1936
zahrnuta,2421
oblačnosti,8971
očekávaného,398
překvapena,3309
česnekem,1925
jednu,793
památky,6580
natočené,8972
korunovace,8973
povinné,4224
energetiky,2571
vybudovaná,8305
pomohl,3603
doložené,8974
tlustý,8975
dotaci,4729
svazku,1408
vozidlech,7256
laureátem,8976
nazpívala,8977
oslavou,602
rezervního,8581
arabskými,8031
pocitu,3551
cestoval,1426
rozeznáváme,8978
viděním,6881
periodika,8979
sektorem,3372
palcem,8980
velitelství,8981
domlouvat,8982
velcí,3442
příznačné,8983
označeno,8258
programům,451
táboře,4618
potisk,8984
kruhovým,3247
komentátoři,8327
zkrátila,8506
podnikové,3896
seberealizace,8985
hledáme,8986
spolupracovala,4276
začínaly,590
osnovy,4844
končetinách,3876
nakoupím,6331
klinické,1781
vstupního,8027
kožním,8987
procesů,2810
navigačních,8988
sponzor,8199
prodlužovací,8989
nacistické,5352
games,8990
podtrhují,6938
postgraduální,8991
problémem,5913
švagr,8992
učitelkami,8993
zmiňují,1479
seznámit,7962
hotelech,8994
trpělivě,391
dřevěná,2760
límcem,7671
ministerstvo,6124
předčasném,592
přítomno,4109
dvojnásobným,1657
nestane,1466
vyprodukuje,6496
sektoru,3372
uzavíratelné,8995
nasadit,8996
vystěhovat,8997
radovali,2781
zkombinovat,8998
zobrazí,1287
triumfoval,8999
anestezie,9000
náhlém,817
udržovaná,4739
podporovali,5321
unikne,2534
klinická,1781
záhy,9001
desky,7666
autobusem,7784
hrajte,3614
diktátor,9002
drsný,5061
webovými,610
učivo,4851
kompostu,9003
přežívat,1380
momentě,6010
úvazek,9004
vyústí,1856
schváleného,166
plavecké,3071
autoimunitní,9005
pozoruhodný,9006
chudší,5046
smíchy,2450
výtvarnice,9007
hlasují,3931
píší,1830
délky,5192
docházel,9008
vložen,2347
středohoří,9009
červeném,896
pohledy,5801
terorismus,9010
koncentračního,3641
poesie,9011
křeče,9012
věcného,4951
projevuje,5272
voděodolné,2209
náhradní,9013
pochyby,9014
zařadilo,4349
františkánského,9015
moderovala,4728
magnetickým,7672
hektar,9016
vynálezem,5450
nejvýš,5812
obsluha,9017
sestupu,354
likvidita,9018
fotovoltaických,9019
kompromis,9020
fyzikou,4138
levné,1190
antivirové,2480
nemoci,9021
rozšířilo,8236
dotykový,9022
vyjádřili,2353
sdělovací,9023
apartmán,9024
opřít,9025
jevům,3281
vojenského,4990
výčtem,1558
rozšířila,8236
rekordman,9026
výstupech,797
instalační,9027
všetko,9028
opera,7259
rodinu,4288
nenávratně,9029
čekejte,186
přáním,9030
manažerská,8417
osobního,7097
líčil,9031
směry,9032
nádhera,9033
krátkými,450
jezdecké,9034
sehrává,9035
sypané,1461
raketoplán,9036
zaměřil,8485
zdržoval,9037
trofej,9038
padlí,9039
vyplývající,2083
velkoformátové,1718
středního,4362
úrokových,4056
židovský,6146
navrch,9040
ustupují,2644
chybí,7068
filantrop,9041
kritika,9042
stě,6666
inkluzivního,9043
přihlásí,1011
maturitu,1057
voděodolná,2209
diskvalifikován,9044
členité,9045
vypadají,866
knížky,9046
biskupové,4617
kuse,4952
zákaznických,2667
připadat,194
upadl,9047
odcestovat,5516
logistických,9048
přidaného,1993
parametr,9049
platila,2397
jater,9050
kandidátka,2813
bydleli,2183
bylina,9051
zaslané,5202
posílá,6274
farnosti,9052
došla,545
inflační,9053
vyhodit,5364
perfektní,9054
uzavřená,2082
zásadního,3660
svoboda,8816
milým,2495
souvisejících,9055
starý,5912
váže,9056
dortu,5833
přeruší,3038
manželkou,9057
nemocný,3365
uniká,9058
známkami,2752
probrat,6781
obleček,3303
jednotlivá,3432
rub,9059
hladině,9060
nynější,4068
sloužila,4549
mozková,9061
knihovníků,8334
rehabilitačních,9062
ledničky,4824
zachytil,3708
aplikace,9063
stehen,9064
minulou,60
dospělý,7006
stejných,3346
bát,3252
výšiny,9065
interiérových,9066
nabíjecí,8784
nor,9067
správným,6472
nabízím,1146
revolver,9068
ministře,5145
kladl,2195
přestalo,8887
ponecháno,8820
oblacích,9069
zdůraznila,6871
naplňuje,9070
had,9071
pamětníky,8265
kupónu,9072
finského,4915
příbalový,9073
soběstačnosti,9074
hasicí,9075
cihlového,3339
plodnosti,8157
head,9076
zavítají,9077
napíšu,620
masového,1694
stejní,3346
akumulátory,6841
poznamenáno,9078
dělíme,9079
miminkem,6468
muzejního,4436
startovního,9080
portréty,5811
nic,8937
stromů,9081
písničky,2799
pozitivním,3258
dopadnou,1003
ledničce,4824
kontaktním,9082
podporovala,5321
nepojede,3663
zradě,7701
meloun,9083
soutěžního,3468
vyprávěli,9084
fungujícího,8875
dodáván,9085
drahé,1305
issue,9086
ptala,5331
zařazují,2546
statický,9087
energie,4534
přezdívaný,9088
boudě,9089
nemožná,1476
samozřejmostí,5242
pravostranný,9090
zarážející,9091
budovou,6611
podílela,5207
kancelářské,3828
podnikatelských,6367
prováděná,761
zajistit,9092
středních,4362
přečtěte,4262
zásadnější,3660
dodavatelům,8745
truhlářské,9093
nedaleký,9094
euforii,2454
přežívají,2273
zmatený,5582
letovisko,9095
nemyslím,4448
průkopník,9096
nasekané,9097
mladším,5800
maličký,9098
hodnotě,6011
narodilo,621
sedmnácti,5292
automatizovaný,9099
usmívat,3480
železobetonové,9100
izolovaný,9101
prohlášena,1249
sendvičová,9102
vědeckotechnický,9103
ďábel,9104
selhala,4832
tuzemské,9105
systémové,1518
zaujmout,4821
věkem,1777
zúčastnění,1555
poznámky,684
účetním,3785
obnoveného,2405
stěhovala,2111
přesuneme,564
plátek,9106
žene,9107
diamantový,9108
náručí,9109
laťka,9110
podělí,3030
vynaložené,9111
herním,4803
kapalné,2367
krásnými,1613
šišky,9112
režíroval,9113
komplet,8146
lístků,1585
přivezou,4967
pouhým,607
účastnící,9114
epilepsií,3922
spojených,935
pokřtil,9115
stáří,9116
chronologicky,9117
vyskytla,4631
nacistickém,5352
pověsti,9118
autory,721
určil,4622
proměňuje,9119
vítězství,9120
nápojů,7702
zkrátit,8506
podepsala,4243
amatérské,9121
plnými,5204
držitelé,747
přidalo,1075
třetími,517
dešťová,2084
hned,9122
soustavná,9123
dávný,904
činnostem,1612
albem,4632
digitálně,9124
vytvořili,8400
nájemném,9125
instalována,5518
účastnících,3403
stravy,9126
vyměňte,9127
myšlenkami,1729
momentální,9128
kontaktu,2675
koruny,1988
pečeti,9129
upravuje,7580
dárcům,9130
odchodem,1813
casting,9131
rádiové,4402
pleso,6053
užitečná,7825
elektronickými,4236
flotila,9132
obsáhnout,9133
průtoků,9134
pohybová,7099
nemyslí,9135
walk,9136
vdaná,9137
odd,9138
sprcha,9139
koupí,5230
čipové,9140
zpoza,9141
sestavit,3072
energetika,2571
většinu,2536
zapomenu,1829
odstoupila,5998
chytlo,9142
jednotkami,5080
spolehnout,9143
čepička,5648
bazén,7833
cvičná,6893
romantické,7186
brána,1822
neprokázal,9144
uherský,9145
antioxidant,9146
vchody,2498
planina,9147
platili,2397
jdu,1947
discích,6505
přemýšlet,1124
vyplývají,4130
přejmenován,9148
zakázkách,2175
nejnebezpečnější,2043
strávíte,1179
zátoce,9149
jazycích,6876
chválím,6275
fyzickými,4343
neprosadil,9150
kamerové,9151
přijatého,1169
putování,9152
pustili,6075
vymyšlený,9153
parc,9154
vyhodila,5364
zbořena,9155
sňatků,5224
potají,9156
pověstný,9157
ambiciózní,9158
finálové,1403
hypotéz,5434
obléci,9159
opečeme,9160
urychlit,9161
konečného,274
upozorněn,2643
starších,5912
hospodářském,1304
nazván,9162
sídelního,6525
neskutečný,2843
umíš,1996
platebních,6594
rozšířeného,1301
nalákat,9163
výměře,7059
překl,9164
vzduch,9165
brouk,9166
zažívání,9167
požitků,9168
univerzitami,804
miliardy,2302
všechny,862
dodavatelský,7820
priorit,3089
čehokoli,9169
kavárnách,3874
girl,9170
tajnosti,9171
odkvětu,9172
elastický,9173
sádrokarton,9174
nemusel,3779
malárie,9175
bundy,8248
třídní,1550
vysokozdvižné,9176
soudím,2832
herecká,9177
zoo,9178
zdržuje,9037
mohu,1237
blogování,9179
teplákové,9180
podnicích,7807
nižším,350
zpomalí,3655
nabytých,9181
uvaří,2767
vytváříme,9182
léčebná,8100
nadstandardní,9183
síťová,3350
automatizační,9184
dědičný,9185
maminkám,8554
school,9186
prostředník,9187
hadřík,9188
vynechání,9189
americkém,1078
vyvinutý,9190
jednotlivě,9191
zodpovědnost,9192
formování,9193
sedmnáctiletý,9194
pražským,1097
vidím,651
muzeem,3488
but,9195
zemědělstvím,9196
vítězky,9197
administrativa,9198
deklarované,9199
využívání,9200
bolestmi,9201
popřel,9202
oběžné,9203
námořnickém,9204
čte,3523
pustila,6075
nesmíme,4080
svědectví,9205
hodnotám,6011
celeru,3642
zavolali,9206
integrovaným,3977
člení,9207
jezdila,3168
výkon,9208
věčný,9209
nakreslil,9210
přetrvávat,9211
ochlazení,9212
rozjet,3825
komunálním,2835
zůstávalo,1983
korunou,1988
předpisech,5285
email,9213
skvost,9214
spolufinancování,9215
zakázek,2175
paliativní,9216
produktů,5917
nevýhodou,6375
ukřižování,9217
doufá,3404
stravování,9218
bol,9219
delegát,9220
domněnka,8526
jedem,9221
elektronickém,4236
hloubení,9222
prohlídek,1376
úrodu,1379
videoklipu,966
autorský,7174
pročíst,9223
různorodá,4620
nevyhovuje,4916
románech,1687
litinový,9224
pseudonymem,9225
priorita,3089
zkušenostmi,6239
úsporný,9226
virtuálně,9227
strojírenství,9228
rozmazané,9229
bobů,7274
požadovala,1414
typická,5014
sdílejte,9230
hluboká,9231
vmícháme,9232
švédsky,9233
open,9234
zajímavých,692
radí,8228
korespondovat,1316
sekundu,2790
účesy,9235
rodinami,4288
pokaždý,9236
amnestie,9237
tyrkysové,4921
startovní,9080
kancelářského,3828
dílo,9238
důležité,999
višně,9239
dosahovat,2140
plodů,9240
rebelové,9241
tvořila,7911
fotografiemi,3143
vlhkého,2933
stříbro,9242
veselé,2210
chřipku,2766
předvést,4368
sociologického,1353
neveřejné,873
zásobami,6094
spořitelna,7643
podobě,4206
snadný,5995
zapojil,4747
nepoužitelné,2632
tvorbě,1013
takovými,1866
růže,9243
bojům,8175
rozhodovala,1338
federálním,9244
vyjely,9245
olomouckým,2574
vyhnání,9246
osobami,8514
stole,4697
obklopují,2670
bilanci,2419
sanace,9247
naprázdno,9248
pořizování,9249
nesnáším,3394
cherry,9250
naskočil,9251
společenským,3632
nejvzácnější,6056
ních,9252
smlouvy,9253
plošina,8324
objednalo,1089
vyhnáni,9246
dozvídá,7679
začátečník,7007
uznávám,5456
vychladnout,9254
vlast,9255
nepříznivých,405
kotníčkové,9256
příjemně,9257
briket,9258
záplaty,9259
třídílné,9260
úspěšnější,552
ozbrojený,9261
spojovacího,9262
tématarekonstrukce,9263
pomerančové,3245
monitoring,9264
měděné,5361
sladký,6812
zřejmé,9265
hlášky,9266
takovém,1866
skvrna,6515
předána,2187
krátkým,450
způsobit,3341
uživatelem,9267
závin,9268
obytná,9269
hostitelem,7710
pěstován,9270
předvede,4368
švýcarský,9271
zaznamenávají,3653
komunikativní,9272
stromečkem,2075
tísňového,9273
exemplář,9274
mezinárodním,8547
optické,4682
nahrávek,5309
kartách,4168
upozorňovat,1531
youtube,9275
dotek,9276
textilní,9277
vznést,5286
potaz,9278
kladným,4088
chladí,9279
zatčeni,1957
ver,9280
novostavba,5994
nečinnosti,9281
mapové,8781
kterého,2553
příznivci,9282
omítky,9283
nástroj,9284
formální,5867
žebříčky,9285
trénování,9286
obávala,4873
příjemném,566
přislíbil,9287
krevního,9288
odstraněn,6626
koordinovat,3856
záblesku,4531
náramkové,9289
náhledy,9290
klarinetista,9291
ústředí,9292
praktické,6536
orgán,6295
napadnou,664
poválečného,565
nastoupili,1899
filozof,9293
záruce,8264
centů,9294
vysočina,7432
výraznému,1351
vymezený,6622
uvědomovat,6207
rezervujte,9295
jednotkám,5080
repríz,9296
nesetkal,4833
duha,5049
mražené,9297
plénu,9298
stínu,2433
ovocným,2465
záložním,9299
systém,4742
banán,8787
přečte,4262
obratlovci,9300
přepadli,3929
uvedené,1398
těžkých,1507
únik,6258
impulz,9301
propadá,9302
pavuza,9303
zahyne,2247
jabloně,9304
sprchování,9305
zájmová,3397
provozovaných,4758
zažité,9306
rozpočtových,1499
komunistickým,1915
olympijského,1693
požadováno,7209
sny,3796
mrtvici,9307
jízdním,5791
plnohodnotná,5624
komplexní,9308
pocasi,9309
urychluje,9310
styku,9311
pracovník,9312
předpokládaném,175
viní,9313
rozdělené,6181
interiérové,9314
poločase,2535
raketoplánů,9036
nepočítají,1001
zákonné,6121
nevoní,7172
neviditelný,2992
žebro,9315
významů,6707
odpočívá,3666
poznamenaly,1721
neúčasti,9316
působností,6126
paměťová,8164
dekretu,3124
horských,2466
divného,1952
nenachází,4371
zjištěna,2837
ústav,9317
nábytek,4390
tiskove,9318
přihlášení,1011
čelenka,9319
přehledných,1302
zákonodárci,9320
pravdivé,9321
dohodnuté,2001
ústeckém,9322
definoval,8170
každodenní,4804
odtržení,9323
archeologické,4303
kladný,4088
autobusové,3317
manažery,4385
protiletadlové,3179
silnicích,9324
instaloval,3591
nominovala,2698
připsal,7551
hrazen,9325
náhodě,4034
instalovaných,5518
puntíky,9326
táhli,1837
bojů,8175
kosatec,9327
zdál,1354
nejpřesněji,1106
zámeckých,5038
bodoval,9328
odhalenými,3534
točí,7956
brněnské,1762
individuální,7248
železné,3868
tvůrčím,3783
památku,6580
lepšími,9329
dosažených,3940
laboratoř,6479
dvacetileté,8860
úředních,5060
rozborů,4201
razit,9330
podnikatelům,9331
tuny,4795
členění,7379
nazval,2732
kritérium,6229
sousedům,3553
ciferníkuzelenábarva,9332
škále,5816
hřbety,4538
komentují,1017
tvaroh,9333
pražskými,1097
nejvýraznějších,1351
probojovat,9334
častým,2629
odnímatelná,1062
dobírka,9335
nájemníci,9336
žil,2529
svolením,9337
zdravotnická,7227
pasu,9338
observatoře,9339
experimentům,1578
prioritu,3089
filmování,9340
příslušník,9341
nevěřili,4144
klíčovou,909
vykonal,2609
provádět,2526
zajisté,9342
těžba,9343
doběhl,9344
kronice,9345
sušení,9346
srážlivosti,9347
cyklistická,3723
bianocz,9348
dispečink,9349
odkazech,5057
tajnými,3559
štafeta,9350
potkáváme,9351
mrtvá,3434
podmíněno,6063
vzkázal,9352
poptávce,1008
poskytováno,2988
klávesista,9353
puchýře,9354
pohledem,5801
vyřazený,2793
akumulační,9355
uzavřeného,2082
znázornění,8396
uvedeny,1398
jihočeští,9356
jedinej,1186
jedovatý,9357
médiím,9358
postižením,9359
zázvor,9360
mnohé,1977
určitých,7331
levná,1190
meč,2129
podpůrné,5698
prodává,4230
hovoru,8557
vystavené,5467
udávaná,9361
hrnek,9362
neprošla,9363
jubilea,5013
čistky,9364
vzdělává,9365
připouštějí,4290
příslušném,3012
vyjasnění,9366
přecitlivělosti,9367
nabídnuta,2051
garantované,9368
lékařských,1298
palečky,9369
většiny,2536
výhodná,1552
dálniční,9370
nejjednodušším,2738
výkřik,9371
trenérské,9372
mnou,2895
odpovědět,3477
schne,9373
zabere,4254
zpravy,9374
zareagoval,8353
chilský,9375
divadelních,2615
triumfovala,9376
strategických,2823
vyzýval,8201
vypravuje,9377
tretry,9378
turisty,8390
sklepní,1848
točila,7956
demokratický,7775
angličtina,8934
inovace,9379
vrcholných,1187
beta,9380
war,9381
naprostá,9382
pravidlem,9383
zvolení,775
jich,2442
užívat,2939
obranného,5751
přiznávají,3778
obav,3784
trhání,6347
výstavách,466
částky,2213
doku,2879
uvědomil,5634
líčí,9031
zakladatelé,9384
obloukem,6301
váha,7981
pořeby,9385
pojmenováno,6653
think,9386
královská,7592
rozdělujeme,9387
vyrovnávací,9388
zdůvodnění,6864
okupaci,945
písky,6354
průmyslu,1176
vidíte,651
přidělené,3117
oběžná,9203
klesat,1831
kapacit,4310
výletů,875
ochlazuje,9389
embargo,9390
zahynuly,2247
popularita,9391
studijních,4905
zranitelný,9392
požadujete,1414
vstupenky,4706
zdvojnásobil,9393
standardy,6098
zatkla,7183
nerada,7216
nemá,1579
měřicí,9394
oči,2160
kometa,8234
platím,2397
nebál,3252
laminátové,9395
kulturním,8615
administrace,9396
psychiatr,9397
srandy,6228
nevztahuje,7749
přesvědčený,6988
parapety,4510
centrálního,5767
zeměkoule,6530
sovětské,2977
metalový,9398
kokosový,9399
zajištěný,9400
individuálním,7248
měřil,9401
materiálního,9402
zednické,9403
kmín,9404
chirurgickém,2711
plno,9405
nepoužívám,1966
kritizují,5990
úsudek,9406
nazdar,9407
obsadit,3582
vzpomínku,425
integrace,9408
nákladům,677
přečtete,4262
objemové,5118
dala,1297
pes,9409
debutového,7442
výherců,6693
rodném,741
koupi,5230
řádu,3060
povaříme,9410
maršálek,9411
zatáhnout,740
sojové,3284
kolej,9412
vzácnost,9413
válcový,9414
klasifikace,9415
létal,9416
stydí,2666
slušný,9417
přešli,1880
baví,2524
environmentálního,9418
učíme,9419
školicí,9420
nacisté,7913
nazýváno,9421
prezenční,9422
šňůrky,9423
expozice,9424
nabídkách,403
doručením,8531
negativním,4541
režijní,9425
indikuje,9426
zapojených,8110
lanové,9427
ozdoby,9428
předávkování,9429
přiložte,3430
politikům,3062
technologické,5041
palivové,6175
zásahové,9430
vystěhování,9431
volíme,1254
hrádek,9432
přiděleno,3117
zřizuje,9433
přejet,9434
nejprve,9435
neklidné,6522
jednoduše,9436
zakázková,9437
zajišťuje,4441
opasky,9438
hektarů,9016
novináře,1574
vyžaduje,6149
parky,9439
kritizovat,5990
konzervaci,6547
zvýšilo,5569
popisovány,2061
jméno,8300
chirurgických,2711
profesního,9440
historiky,7049
slibné,9441
spinká,9442
přistavěna,9443
tuzemsku,9444
metropole,3367
opakovaných,1532
řeší,7119
vjem,9445
chápal,4522
přeháňky,9446
přebor,9447
aktivní,801
krizového,322
nejlepšímu,1119
nezbyde,9448
hlína,9449
vyhovoval,4916
nestydí,2666
částkou,2213
pěchota,9450
pokrájíme,9451
druhých,236
neschopenku,9452
profile,9453
detailněji,9454
světovou,1016
krivošová,9455
latinský,9456
klimatizační,9457
fotbalové,7242
navázali,2173
farmaceutické,4579
čistá,9458
pořad,9459
operátoři,9460
totožný,9461
nejvyššího,1828
desetinu,9462
satén,9463
plochými,2058
zraněný,7628
prázdným,2551
nadačního,9464
pařížském,1259
člověkem,4681
změnilo,3635
životnosti,8266
mobilní,6104
hrával,9465
protivník,9466
neaktivní,9467
postavených,7839
titulků,4517
ustálila,6802
singlem,9468
vysloužil,9469
van,7570
chápou,4522
junior,9470
venkově,2865
takze,9471
těhotenský,9472
začátečníky,7007
jeřáby,7205
vyprat,9473
potkali,2352
zasvěcený,9474
dřevěných,2760
nesnáší,3394
dostatečné,1994
něčem,9475
návrhem,652
juniorském,1714
prostorový,6907
zákonná,6121
záznamy,3370
měřící,9476
podcelek,9477
uvědomili,5634
textilním,9277
kritik,9042
přirovnání,9478
životních,3111
nechápal,4522
scedíme,9479
trhem,1390
magnolia,9480
vypnutím,9481
záhadou,9482
námořníky,9483
kopečku,9484
díla,9238
občanům,5267
cedrové,9485
vyrostlo,7404
spotřebitelé,9486
řádil,8342
zajíc,9487
záštitu,1698
daňovém,3097
kin,4842
ujišťuje,9488
přídavky,2639
hospodář,9489
kráter,9490
potřeby,3554
přehlídkách,9491
použití,9492
biologickým,3482
průletu,9493
léčebné,8100
naštval,2880
natáčení,9494
vozovka,6623
vydělal,9495
vojsko,1973
ucelená,1985
spolužákům,5194
osvědčené,6433
kritérií,6229
flotily,9132
záchvatů,2859
nahrávají,3297
bioplynové,9496
řadíme,9497
odhalilo,1056
dobyl,932
rozlohy,3400
žádají,2252
metoda,9498
koncentračním,3641
around,9499
močový,5010
pokročilí,5406
pravomocemi,9500
vyčištění,9501
strategická,2823
přibližnou,920
župa,9502
tyrkys,9503
zapálil,1632
projedná,1850
přibudou,4597
ničeho,8937
kapr,9504
heslem,9505
rate,9506
ponožky,9507
vytáhl,5734
mlhovina,9508
instalace,9509
poruchami,9510
utkáním,9511
nedovolil,2319
pilíři,5107
realizovaná,726
pohodová,675
ztracen,2074
skutečných,2843
chaotické,9512
odbornými,1276
muzejní,4436
nevyužívá,9513
vrstvy,9514
důchodů,3042
dopustit,9515
grantové,7461
krvavého,436
klientské,9516
dovolují,2841
jack,9517
tělesné,3048
zapadnout,8922
zemědělci,9518
proměnlivým,2963
úrazu,4452
copyright,9519
termální,9520
předhůří,9521
čestné,7547
zemského,2199
stoupal,1991
atrakcemi,9522
krvácením,7737
dvou,4203
kontaktovali,9523
inspirovaná,5422
vzorek,9524
německá,5677
pouhé,607
vodopády,9525
testovacím,9526
neber,9527
velkolepá,965
náhradním,9013
vypůjčit,9528
kamarádkou,4657
sáhnout,6874
uložíme,9529
střelecký,7950
položeny,1150
rozsvítí,9530
zabito,6915
zapojit,4747
přednostně,9531
grilovat,9532
návštěvníka,1368
pronajem,9533
pánský,7975
šunka,9534
razítkem,3912
garážích,9535
samostatnou,2557
spektrem,6304
přizpůsoben,9536
obranná,5751
přestěhovala,4468
vychladit,9537
silikonový,9538
diskem,6505
diplomu,9539
ředitelé,3453
neudržel,7929
účinkovala,8103
nebudu,478
plechovce,9540
ilustrované,9541
stánek,5340
šestnácti,9542
silnější,1131
salátů,1370
úžasným,2401
barem,9543
infrastruktury,4511
spojována,850
oboustranný,9544
months,9545
burzu,2748
zvýšen,4180
zamítnutí,8755
moderními,4434
skutečného,2843
propojeno,9546
hromadného,2808
ramenní,9547
vstupním,8027
součtu,5684
tematického,730
archivy,795
uměla,1996
poskytnutím,6421
cílený,9548
oblékají,8505
příznivou,405
medailové,9549
neuměla,1996
mandátů,5126
vynáší,9550
přehlídku,1189
zaměřujeme,9551
kontroluje,7208
zaregistrovat,4067
pronajmout,5368
spotřebitelům,9486
lesklé,4652
dates,9552
pokutový,9553
klasickým,4367
tlačí,8682
přístupnou,1639
kapusta,9554
textař,9555
používat,1966
tržnice,9556
kompatibilita,9557
souši,9558
přijmout,2507
vysokém,1828
nenáleží,3740
svítit,2334
zdlouhavé,9559
pohyb,8092
umocňuje,9560
nepřízni,9561
reakcí,3255
domnívá,2448
zákoník,9562
bobulí,9563
opravy,3155
syndrom,6966
pláže,1821
provozovatelům,9564
seznámíme,7962
obnovitelných,6237
kuřecím,9565
financované,2487
střechách,2121
mobilních,6104
dopisy,2360
podněty,2560
očích,2160
kontaktovat,9566
kameraman,9567
vylíčil,9568
předat,7594
čtyřka,9569
manželka,9057
zkonfiskován,9570
dokumentům,845
přispěli,3029
vilové,9571
setů,9572
dimorfismus,9573
nevyřeší,9574
mizerné,9575
důvody,2374
dodatečná,1889
nejasných,9576
zóny,3706
neuznává,5456
distrikt,9577
předměty,4504
devadesát,5222
zločin,9578
rozhodnu,2683
místními,9579
investory,4089
umožní,6382
space,9580
vedeme,2112
zaznamenávání,3653
kupoval,5520
medvídek,8845
omlouvat,3767
diagram,9581
posmrtné,9582
neumožňují,9583
sbírkových,9584
navozuje,9585
nabírat,9586
mít,1579
zrekonstruována,3915
chemie,9587
grafických,650
neustálé,5311
odpálení,9588
refinancování,9589
řízení,6379
předci,9590
pros,9591
komplikované,6777
nedělejte,2861
bakalářskou,9592
poznatky,9593
důchodového,6972
mistrovského,3418
nepřístupný,5733
ohrožením,9594
užívané,2294
označovala,2216
dvoumotorový,9595
bytovými,7994
neřekli,2259
profese,9596
stanech,3577
jednala,2739
anamnéza,9597
gramáž,9598
gymnázií,6591
stínů,2433
kartáčovaný,9599
diskutované,9600
hrátky,9601
zaniká,7958
měřila,9401
komplikovanější,6777
ledě,53
zhotovený,7997
kazdy,9602
diplomat,9603
úlovky,9604
nesmělo,4080
sebevražedný,8906
národním,6105
požadovaných,7209
dohledu,2700
ponor,9605
ilustraci,8074
přijetím,4035
sám,942
zlatém,2300
intelligence,9606
tvůrce,9607
prostěradlo,9608
sbírek,4987
jídelen,3221
nástavbového,9609
vybudována,8305
plynárenské,9610
působilo,5174
lebo,9611
částečném,1949
míří,9612
vyhněte,7983
zvířaty,9613
metodice,9614
lišky,7417
čerstvých,901
kyslík,9615
táborů,4618
tam,9616
významného,844
sbírce,4987
dovedli,1382
garážového,9617
jídelníček,9618
seriálová,9619
nulou,3415
napsán,9620
music,9621
používejte,1966
blesků,4902
poznáme,6521
duševním,9622
nešly,1947
listování,9623
ohromí,9624
jezdí,3168
polský,6130
přepracován,2657
markantní,9625
apoštolský,9626
platebním,6594
doprovázen,5297
nejefektivnější,9627
tržního,8663
nemožnosti,8486
hrozil,4474
narozenou,407
určuje,9628
projdeme,2069
newyorském,9629
férové,9630
doplňkové,1236
dodávání,9631
sprinter,9632
změně,1014
okrasný,9633
obávají,4873
vakcíny,9634
snazší,5995
vychovatel,9635
naladit,9636
počátečního,5807
odpovědný,9637
účinným,5390
volant,9638
zásadní,3660
kbelík,9639
diskuzích,4945
živnostníky,8010
podnikat,9640
časti,9641
stádiích,9642
smyslů,6783
uvádíte,9643
čerpány,9644
prodejně,5370
usilující,9645
snědla,3470
minigolf,9646
plk,9647
povinná,4224
dálnice,9648
černými,3938
nastupují,1510
svatbu,3278
vozovce,6623
vyčleněním,9649
výkonnosti,9650
zemědělství,9196
cizími,9651
následník,9652
ochutnání,6004
plochami,6650
letištní,9653
screening,9654
odmítnout,1916
snu,3796
nezíská,6134
dovezli,3579
docházku,1281
studovna,9655
magnetický,7672
generátor,9656
přehnaná,4129
pudink,9657
pořadateli,3381
obchodníky,7947
kritici,9042
sledována,2272
kalibrace,9658
nezůstala,2872
obrněný,1512
ulice,9659
bonusové,9660
alespon,9661
rodič,1548
překladatel,9662
přednášek,201
balkoně,9663
přednastaveny,9664
organizace,3539
pokládka,9665
odkud,9666
přihlaste,1011
baráž,9667
otvírají,2309
vykazují,3788
zákonným,6121
ztuhlost,9668
koncová,4647
známým,898
vzhled,9669
samostatnými,2557
poplatků,1911
panelových,6956
tón,9670
kladla,2195
inspirované,5422
nejcennějších,7322
evokuje,9671
vysazení,9672
workshopů,9673
setkávají,4407
říšské,4408
hrdiny,2340
upadne,9047
dotáhl,9674
hackeři,9675
učinili,6197
export,9676
můžou,1237
veličina,9677
nepřekáží,9678
předvedení,4368
šestnáct,9542
podšívka,9679
konzervativci,9680
rektor,9681
nabízely,1146
sedmdesáti,3640
svateb,3278
vybrány,792
vlhké,2933
rizikovým,6188
kategórii,9682
poptávky,1008
problematická,7460
předala,7594
kozačky,9683
seřizovač,9684
poplatky,1911
dospělým,7006
ovládl,5847
podíváte,3106
jedinečném,3887
kabátů,4726
hrozí,4474
nekonečných,9685
veškerým,8207
tags,9686
vyvíjený,7324
zemřou,480
dělala,2861
netradiční,1789
piju,4536
plynem,6069
nejslavnějším,3766
přestoupit,4651
klasická,4367
nervozní,9687
bašta,9688
dům,6152
kter,9689
sušená,2819
vybavený,9690
sídlo,9691
úprava,7952
definovat,8170
ověřil,1582
koutů,3561
strýc,9692
strategického,2823
elektřinu,1423
nevejde,9693
zlé,7767
kryty,9694
pata,9695
cukrovinky,9696
pracovníky,9312
budované,9697
poště,1778
příměstské,5702
pravá,4643
seznámen,9698
nominována,2698
ukázat,2391
nocleh,9699
primárních,5743
nadšen,3966
naskočí,9700
záchodu,6483
starším,5912
ženský,9701
komplikace,3320
výběry,1819
elektronicky,9702
kontinent,9703
bezešvé,9704
rozhlase,855
povedené,4318
fyzikální,8464
učinil,6197
mrzelo,3563
přenesli,3589
rozumím,8574
stojíme,1466
hlavn,9705
džusy,9706
koťata,6887
záměrně,9707
beton,9708
kor,9709
včetně,9710
reálným,2307
slibují,4049
nevyhnuli,9711
krabička,9712
preview,9713
working,9714
podepsali,4243
popisovala,2061
pískovcový,9715
cítila,7044
krvácet,9716
nebránil,9717
realit,5430
malina,2181
dokoupit,9718
nabídly,2406
etnograf,9719
přenosných,5136
mieste,9720
zazní,1472
úspěšných,552
překlep,9721
divadle,2144
důrazně,9722
doprovod,8108
překladem,1975
posudku,1293
obnovená,2405
udržovali,5944
dočasná,1679
nížin,9723
otevírají,1393
hospodařením,9724
pernerova,9725
odrazilo,8358
hospodářského,1304
kasha,9726
zaujala,4821
znatelné,9727
produkční,9728
minout,756
nakrátko,9729
kamenné,7412
výstavního,4708
uskutečňují,5392
mužem,5476
priority,3089
nefungují,2687
nejsledovanějších,2272
nahé,9730
strýcem,9692
mezinárodními,8547
nastupovat,1510
nejlevnějších,1190
dělený,9731
opatrný,8209
skanzen,9732
zvýšeným,4180
komínový,9733
známek,2752
přeju,1464
nejpřísnější,9734
vyzrazení,9735
elektronové,9736
koupaliště,9737
shodný,9738
měděná,5361
polévkové,4075
otěhotnět,3695
vlk,9739
květu,1596
rekvalifikace,9740
osobními,7097
vyžádal,6338
divadla,2144
dojemné,9741
ideové,9742
ligového,1267
kancléř,9743
sportovci,5089
nedovolila,2319
myšlenkové,1820
kyselý,9744
pětičetné,9745
nabídnou,2406
grandslamové,9746
odradit,9747
projektanti,3066
stavební,9748
alarmy,9749
ozvučení,9750
hodnost,7241
prodleva,9751
vítány,353
zvolna,9752
nechybělo,7068
svislý,9753
servisní,9754
diskutují,2970
názorům,6405
blízké,1486
mapách,4105
nepochází,4359
vychladnutí,9755
sestavením,2979
auditora,9756
výsměch,9757
průběžnou,690
prominentní,9758
smůlu,5347
poušť,9759
nedochovalo,3472
představeních,937
ptáme,9760
nepoužitelná,3330
křesťanskými,5098
digitálním,5141
jen,9761
promítat,3859
pořádně,9762
březí,9763
plnohodnotný,5624
revizí,501
síťové,3350
zaznamená,614
plynárny,9764
spojovací,9262
vanou,5178
volený,9765
klíčová,909
souvisela,3274
fromulář,9766
stroužky,8167
neškodí,9767
ságy,9768
hornická,9769
vystaven,5467
sázkové,9770
sójová,7092
didaktického,3545
kurzem,851
federální,9244
úvěry,6109
alternativ,6979
babička,8571
kamkoli,7347
vzpírání,9771
představenstva,7499
nechybí,7068
koleny,3410
investicím,9772
zůstaly,2872
nastoupily,1899
exportní,9773
zamlouvat,6252
informačními,2682
přihlásilo,1011
konfederace,9774
čteme,3523
vystupovala,3884
falešně,9775
počkání,9776
poskytnuty,4226
dámský,9777
sovětskou,2977
myslim,9778
padouch,9779
stejného,3346
komunistickém,1915
teror,9780
účetnictví,9781
zadaných,6475
smažený,9782
jedli,4698
zlínského,5079
způsobeno,5562
měnové,5440
tažení,9783
požádají,905
fotit,5679
silničním,9784
hodnotné,9785
stavitelný,9786
posílali,6274
využije,4222
skleněnými,9787
pivo,9788
zařazené,9789
pojmout,3473
autobusová,3317
bolely,9219
pobavil,4666
propojen,9546
přítok,9790
zápalky,9791
spisovatelé,1910
front,581
bohuzel,9792
otisku,9793
výdrže,6516
stoleček,9794
novorozenců,9795
aplikován,9796
pólu,1790
development,9797
litr,8261
vzešly,5683
kachních,9798
organizačních,7307
sestavené,7895
psaly,1830
zboření,9799
příjmech,6276
páskem,3847
poradenských,3615
riflové,9800
korkové,9801
ovocné,2465
postiženo,8544
okna,912
zkrat,9802
udělena,1633
excelentní,9803
pobírat,9804
budovali,9805
rozvaha,9806
víkendovém,494
důvodů,2374
diplomaté,9603
aka,9807
investice,9772
výběrovém,2648
řídí,6593
modelů,5645
čarodějnic,3652
uvidíš,767
neumíte,9808
dominikánský,9809
nezabývá,8392
respektuje,9810
antioxidační,9811
dávce,7845
postiženými,8544
kdokoliv,9812
odtud,9813
umístit,6142
fikce,9814
ovládly,5847
výškový,9815
zavede,3738
kufříky,9816
nálepka,9817
nálety,2038
výhodně,9818
hrdosti,9819
úhradou,9820
napětím,9821
hráčské,9822
symfonii,3493
prohlížení,9823
střetům,5585
neváhá,3542
okupované,9824
koncovým,4647
novějším,883
výkaznictví,9825
diskusních,5176
navštívených,9826
vítáni,353
kupuje,5520
kompot,9827
sladit,9828
obnovy,3267
samostatném,2557
srazit,9829
žádané,981
klimatizace,9830
socialistický,6118
doporučených,3866
zpracovávání,9831
svíčkami,9832
střešního,2635
obyvatelstvem,9833
zpětném,3824
oprav,9834
míchy,9835
rozpuštěné,2750
reprezentant,9836
manažerů,4385
činní,9837
kde,9838
poukazy,9839
objevování,9840
náměstím,5322
časovce,9841
respirační,9842
tchýně,9843
tisknout,8699
explozi,9844
parcela,9845
onemocněním,9846
přistávací,9847
milý,2495
ražby,9848
nebral,1822
vyhlídkou,2671
dveře,251
konceptuální,9849
slíbil,6509
sako,9850
mohutný,9851
zabezpečené,7718
vybralo,2015
vozíkem,9852
sežrat,9853
people,9854
naplnění,9855
komiksu,2196
koláže,7243
taška,9856
vážila,8696
prezentovány,1754
srážky,2652
sec,9857
institucionální,9858
platební,6594
prov,9859
šálkem,2954
fén,9860
vypracovány,1467
psychiatrické,9861
nejednou,9862
softwarové,3649
nepotřebujeme,3626
pocházel,4359
monolog,9863
pátrá,9864
okolnost,5661
smrad,9865
vědomí,7121
kamna,1081
formuje,9866
zkouším,2881
zapojí,4747
zastávala,8795
tramvajových,3254
inspektorát,6281
louce,2917
pozdravy,8463
nebrání,5875
nositelem,4355
porovnávat,2915
věrnostních,9867
tiez,9868
nádhernými,3171
svobodné,7877
obstará,9869
tribunál,9870
pohonných,8211
aktem,2947
účastnit,1955
ziskové,6708
parkovacího,8195
poví,5020
financování,9871
nudné,3431
cestopisy,3543
získáno,6134
pokojích,7446
otisky,2453
sklepě,1982
startů,1284
nakládání,9872
zeleně,9873
zahradnické,8765
kvetoucích,9874
příběhem,6774
životů,1942
čokoláda,9875
neúplná,7086
navrhovaných,1157
publicistka,9876
kamen,1081
geologicky,9877
severozápadního,9878
chlorid,9879
užívám,2939
někdo,9880
ukazatel,9881
finančních,3936
informatiky,3634
seznamují,4669
plavkách,9882
referátu,6016
dobrovolní,4730
vyjadřuje,5722
vysílaný,5709
protipovodňové,8380
vážná,6346
vyzval,9883
nositele,4355
chvil,665
hlad,3316
bombardováním,8187
pochopením,9884
katalogů,163
nabízena,2188
pobývat,9885
mater,9886
nastanou,231
výkonové,9887
výkop,9888
dostupností,2830
nebytový,9889
dušené,9890
nákladového,8143
nejhlubší,9231
pokládali,4174
upéct,9891
neříkej,9892
elektrifikace,9893
slezský,9894
nepoznal,6521
blistr,9895
vzteku,9896
ptal,5331
pokličkou,9897
růžovém,1223
podílel,5207
kladen,9898
chronologie,9899
slabých,770
ozubení,9900
procesům,2810
objevili,1606
skládalo,8147
chodilo,1162
sklady,1391
plyny,6069
dávalo,3734
členěn,9207
miliardami,2302
aréna,9901
nehnuteľností,9902
matematické,2834
neustálém,5311
zapalovač,9903
provozního,6803
omezeném,3916
nasbíral,7190
hudebního,4388
optimálních,9904
libreta,9905
řepky,3808
ohromná,8083
odměnil,4901
budoucí,2636
rostlo,3568
otočný,9906
nečetl,9907
logistické,9908
biografie,9909
kleště,9910
posílala,6274
ústavem,9317
kojila,9911
rada,5667
anebo,9912
hodnocením,2969
manuálu,9913
českém,5690
promluvila,5531
zabýval,8392
přikrývky,9914
prodáváme,4230
dodávané,2961
komunikačním,2938
vyjádření,9915
pavouk,9916
vystupující,9917
zvýhodnění,9918
trafika,9919
zajišťoval,4441
ekonomka,9920
jezdecký,9034
hrstka,9921
fanouškovské,9922
čtverečních,4715
ochranným,2989
paluby,9923
riskuje,9924
bezprostřední,8769
vysílala,6527
bezplatného,1806
donutilo,7128
liberecké,5032
ventilační,9925
mapuje,9926
syrové,8959
ujistil,4802
fantastických,1903
zemřelé,9927
utrácet,9928
oslavu,602
prameny,9929
slyší,6759
mapami,4105
rozlišovače,9930
podporované,6420
kolejích,9412
vrah,9931
milimetrů,9932
pustí,6075
žlučníku,3507
poskytovalo,2988
zadána,9933
vyvinuto,9934
jednací,9935
elektřinou,1423
pohody,3399
polibky,7513
připadám,9936
nesedí,4103
plochy,6650
kontrolovaných,1760
starostové,4316
domníval,2448
poutě,6014
plakala,3130
ukázkami,1914
zděšení,9937
podepsaný,7567
podtextem,9938
kryl,4867
pruhovaný,9939
králové,9940
sehnat,9941
osídleno,9942
architektonické,2468
prokazatelně,9943
zmínění,2201
ever,9944
mědi,7904
zvednutí,9945
odstěhovat,6724
překračování,9946
hurikánu,1357
navržený,5947
zahlédnout,9947
martina,9948
vynesla,4673
celoživotního,6676
těhotenstvím,3610
regulérní,9949
nejsem,478
pane,5233
úřady,2221
ochranná,2989
nimi,2442
skladů,1391
tenisová,8263
menšími,2564
spánku,8213
prozkoumat,9950
přiblížila,4624
čemkoliv,4199
poddruh,9951
sdružuje,9952
výhodným,1552
dlouholetého,4141
vtrhli,9953
teplotě,2041
znevýhodněné,9954
schránka,4212
dnehttps,9955
používaných,2855
nealkoholických,4973
osvětluje,9956
nadčasovým,8736
školských,2420
kandidáti,2813
symfonického,3817
parkoviště,9957
cmdélka,9958
bolí,9219
konzumují,9959
nepříjemným,566
kras,9960
uklidit,9961
prodlužují,3592
hlídala,8301
vypadaly,866
nařídí,4722
utopie,9962
bundě,8248
oholení,9963
ošklivé,5291
lední,9964
sloužit,4549
akciových,848
vyřazena,2793
munulosti,9965
zarazil,4959
pověřil,9966
souběžně,9967
památných,919
svádět,9968
iniciace,9969
rozvázání,9970
autíčko,9971
kreslil,9972
rodinných,5895
speciálním,6327
vysokoškolských,5299
částce,2213
pevná,2429
spoluzakladatelem,8692
bezpečná,2043
finalisté,9973
napjaté,9974
povstání,9975
extraligy,9976
kouřením,7003
marketingovým,7041
divit,5072
pracovat,3069
remeslom,9977
diskuzním,3963
starém,5912
neručíme,9978
prima,9979
kontrolovaná,1760
rozmyslí,9980
přerušeny,3463
negativ,9981
beztak,9982
navrhnout,4071
vymyká,9983
elektrárny,9984
družinou,3002
trasy,4740
mecenáš,9985
vyvolá,4260
manželství,9986
stadiu,8171
zabití,9987
vystřídali,6682
neleží,3100
opomenout,9988
kontrolou,1823
neřeší,7119
legrační,9989
komerčním,3123
prospívá,9990
investorem,4089
životní,3111
kvetoucí,9874
balicí,6844
nepokojů,5122
startovali,418
prodloužením,3113
sešity,5007
tušila,1243
tenisového,8263
civilní,9991
okresy,1040
prováděcích,4853
frontách,581
sebrali,9992
nevyrábí,3266
knížka,9046
dávných,904
vyslechnout,9993
ateliéry,9994
registrované,3043
sféře,9995
koleno,3410
činoherní,9996
tónování,9997
žádám,2252
instaluje,3591
splátkový,9998
petrželkou,9999
významnému,844
vypořádání,10000
potřeme,10001
přejděte,1880
kompost,9003
vyfotil,4929
krásná,1613
nepřesné,3180
konečnou,274
vynechal,7874
iphone,10002
cizině,10003
zašla,3377
potraty,8371
spotřebitelském,2840
umučení,10004
požadované,7209
definovala,8170
fotečky,10005
hostovala,10006
nákladním,8537
šátkem,6403
obrazovým,8237
navrhované,1157
určitým,7331
receptury,10007
oblak,9069
grilované,10008
nelehký,10009
snášet,3394
technologiemi,10010
začněte,1166
opětovnému,1318
textový,2287
přáteli,4372
mono,10011
existujícím,10012
intelektuálové,10013
zahrnuté,2421
placka,10014
elektromateriál,10015
leželo,3100
filmoví,582
art,10016
jablek,8529
humorné,10017
simulací,10018
setkaly,4833
celosvětovém,2253
očko,10019
dověděl,10020
přehodnotit,10021
přežijí,1380
uznat,8189
působení,10022
jasnosti,10023
tiskárny,3625
mnohde,10024
potravinami,10025
ochránce,10026
zůstávaly,1983
přibrala,10027
postižený,8544
ovlivňován,6796
moje,1665
finském,4915
explodovala,10028
půjdete,1947
prohlašuje,5163
reálného,2307
odvíjí,10029
vybírejte,10030
projevily,2637
stěhováním,2100
startovalo,418
spolehlivý,7647
auditorech,10031
úrovních,7179
udály,555
neformálně,10032
stěžovali,6132
dechem,7678
připojením,7923
dětském,3436
příčinou,7388
směně,3724
vyjadřovat,5722
putuje,6660
spočítá,2959
mezonetový,10033
odpovídalo,10034
nařízeních,4329
výsluní,10035
správnost,7262
stipendia,5181
spočívala,8891
bezva,10036
litevský,10037
růžové,1223
prováděny,761
olivově,10038
ovládání,10039
gramáží,10040
obálku,4132
dopsat,10041
protiprokluzový,10042
kvality,3474
grilem,10043
slovem,5229
nasazen,8438
jejímž,8317
laboratorního,7539
umělém,5884
porovnat,10044
přebalování,10045
náročných,1238
podepisuje,4177
módy,5609
nazev,10046
projet,4484
místní,9579
odvážnější,5035
bibliografických,6436
peníze,5654
hodit,4240
opačným,10047
moderovat,4728
poslanecké,5386
vědomostní,10048
vychutnávat,10049
nechyběly,10050
vytvořit,8400
srážkou,2652
otázky,2155
irská,5449
sepsán,10051
alternativních,7085
zásobovací,10052
čerpali,8259
vstupy,1841
přirovnává,10053
dřevěné,2760
přesunutí,564
boje,8175
kupóny,4020
kompromisem,9020
prodávali,4230
fyzice,4138
adresní,10054
děťátko,8707
rumunský,10055
zdobí,10056
užije,10057
stínové,10058
dětská,3436
skladba,10059
tvořivosti,10060
středn,10061
ohrožuje,10062
telefony,277
spočívat,8891
směli,4080
zářivá,4569
symbolizují,10063
možnostem,6089
známá,898
mýlím,10064
vydatně,10065
dánský,10066
pokazit,6082
klient,7226
dozvíte,3085
jedinečnými,3887
absolvovaly,1661
získaný,6927
hrdost,9819
dílenské,10067
uviděl,767
opuštění,6218
neruší,10068
faktech,1296
omítek,9283
kříži,3374
prospělo,10069
orientačních,2796
zvýší,5569
vrstevníky,10070
vítězných,724
vyráběl,3266
udělených,1633
spolkového,8057
republikáni,10071
lepším,9329
foťáku,10072
celoevropské,10073
povolenky,10074
okvětních,10075
vojáky,4937
evidence,10076
jarmarku,2249
neznámém,898
nevyznám,10077
změnu,1014
adrese,10078
pocitem,3551
četnost,10079
pohádky,10080
starověký,8452
podpisu,4046
vrátit,762
zastavit,2651
specifikovat,10081
normálního,7359
webdesign,10082
žiju,2529
děkují,3658
temná,3917
krásným,1613
chodec,10083
výkresy,4190
upravený,2581
kečup,10084
rychlé,2973
selhaly,10085
shromáždili,5759
temném,3917
požadována,1414
velkoobchodu,4961
přivedli,5082
teraz,10086
působila,5174
jmenovat,4658
nelepí,10087
přivolat,10088
ustoupila,6278
loutkového,4512
věčná,9209
nejchudších,5046
svěřené,5975
polsky,10089
desková,10090
namítnout,10091
argumentovat,10092
podávána,10093
pokojem,7446
dražší,1305
zákaz,10094
mandátu,5126
evidovaných,10095
manža,10096
předlitavský,10097
sestoupily,8306
napsaly,620
králičí,10098
sjednocuje,10099
umírali,1779
dobrovolná,4730
zápatí,10100
chodíte,1162
fuk,10101
splnilo,2730
zvětšuje,10102
vévodkyně,5584
vyvrací,10103
zvědavý,6182
uměleckým,7149
zahřívání,10104
sídlištích,10105
trend,7013
sklokeramická,10106
tmou,1680
vznikala,5883
nerezové,6313
přestupní,4761
prověří,10107
bomba,10108
archivního,1671
tarif,10109
ovladatelný,10110
pěknej,10111
prohrávali,3885
neznámá,1662
region,4628
kloubové,10112
vysílat,6527
ještěr,10113
konzultant,10114
vystavěn,4494
přepočet,6174
zkomplikovat,10115
rozhovorem,457
posílat,6274
chválili,6275
jeskynní,10116
alergických,5694
představitelé,8619
výluka,10117
sekretariátu,4069
jablko,8529
kvíz,10118
jezdil,3168
gramofonových,10119
sprchy,9139
úplnosti,8481
seniorském,10120
chutnalo,8296
portálem,2241
okrajem,2002
přejmenováno,9148
scénářem,493
oddech,10121
tuberkulózu,10122
povolen,5206
natočila,2335
použitelná,2632
církevního,8037
centrálně,10123
dobrovolník,5139
zájem,10124
barel,8611
klíční,10125
rakouskými,10126
dráždivý,10127
požívání,10128
architektury,4455
vzdělání,5900
lávovými,10129
pedagog,3257
rozinky,10130
morálka,10131
nacházel,4371
házeli,10132
marné,1325
výhodnou,1552
nežijí,2529
ovlivnil,5024
necítila,7044
okresu,1040
patram,10133
utváření,10134
deportace,10135
šupinami,10136
popisy,1175
stromek,10137
učebnice,4979
vypravěč,10138
dodavatelé,8745
zdržení,10139
outdoorová,10140
nelíbil,5239
dětma,10141
popisují,2061
ujal,10142
arbitrážní,10143
spatřuje,10144
jaderný,10145
testery,10146
laboratoři,6479
udávají,5015
přenosů,10147
zrcadlem,10148
ujmout,10142
cizojazyčný,10149
napadají,927
vsedě,10150
nestará,5912
vysokorychlostní,6818
básnickou,2350
příjmeních,10151
nosti,10152
rozpadlo,6924
budováním,8216
klobouky,3018
rozmnožovací,10153
přilehlém,4565
svobodní,7877
zpřístupní,1090
ministryně,10154
malířské,10155
tréninku,5557
skautingu,10156
drazí,1305
ověřit,1582
omezeným,3916
inspirovaných,5422
zaměřením,10157
prošla,2069
štafety,9350
recesi,5663
okénkem,2056
osa,10158
přívěs,10159
podporuje,5321
získán,6134
hodnot,6011
čeho,3959
nepřesahující,10160
soudně,10161
jakože,10162
experimentálních,7677
průkazu,6544
fotografického,1396
nakladače,10163
poděkovat,10164
záchranáři,7799
vypraví,951
jas,10165
čelil,6025
součástí,1978
zastřelili,8279
multimediální,10166
stimulovat,10167
kvalitní,2413
periferních,10168
maj,1579
plněn,10169
loketní,10170
zdobení,10171
podkožní,10172
vítězného,724
zásobování,10173
zahráli,10174
zpřístupnit,1090
mozaiky,5196
modré,2983
důchodce,10175
mezilidské,8253
parním,10176
metr,5000
tanker,10177
vypálit,10178
vražda,10179
mládě,7627
průchod,10180
koncertuje,825
skladatelka,4906
zajistěte,9092
maximálním,10181
činnostmi,1612
zdravotnickém,7227
inspirován,5422
tragédii,4319
zabývali,8392
papričky,10182
připomínku,3435
mírného,588
jídelníčky,10183
nezvládl,4689
romanopisec,10184
uvědomění,10185
takovémto,2718
obvinil,10186
ehm,10187
převzatý,1031
klidných,2737
bývalým,2217
tmavém,2586
dráze,4545
zmíněna,685
zasáhla,7029
přepracovat,4002
uniformách,6464
fotosyntézy,10188
třeba,10189
neberu,1822
natočit,2335
ambicí,3949
jíst,4698
bavily,2524
regionem,4628
nežádoucími,10190
nanést,10191
gymnáziích,6591
plážích,1821
svatebního,10192
kapela,10193
opěrka,10194
břemen,10195
přídavným,3968
výpisy,2380
kodex,10196
festivalů,1489
platbu,6000
asistentka,10197
nadstandardních,9183
krátkodobých,624
takoví,1866
kazeta,10198
slávou,5070
účinkovat,8103
vitamin,10199
vlhko,10200
hořel,3289
klesal,1831
verších,5856
generované,10201
spatřili,1587
ukončenou,337
pochody,990
uhrazeny,5415
lakovaná,10202
narychlo,10203
vín,5158
využil,4222
zdrželo,8017
tréninky,5557
fondech,1528
muzikant,10204
archivů,795
učitelka,8993
podrážka,10205
sítích,10206
prokázaly,5171
motorová,7268
skvělou,1366
spektrum,6304
violoncello,10207
kompenzační,10208
narativů,10209
vesnička,10210
pravomoce,9500
sestoupil,8306
vyčerpány,6804
zjednodušení,10211
úterního,1188
problém,5913
shodně,10212
vystavět,4494
koupelen,8182
králíci,3752
zavražděných,2225
garáž,9535
vytvořeny,504
pohotovostním,6643
vzroste,1627
investicí,9772
temnota,10213
poslali,10214
uvidíte,767
dortem,5833
řetěz,10215
podzemními,6578
programování,10216
lhůtu,3025
reklamace,10217
přízvisko,10218
vnučky,10219
sokl,10220
čelo,10221
baryton,10222
jezdecká,9034
konzervačních,10223
experimentálního,7677
obrany,10224
nejzákladnější,3039
silniční,9784
poznámce,684
užívaly,2939
rozsudku,4106
vyzvali,9883
usmála,3480
logo,10225
student,5570
aktivitu,1365
vyráběn,3266
prohlédnete,4505
umožnit,6382
preferují,8549
jalovec,10226
kolečkové,10227
ratanový,10228
celistvosti,10229
kratším,450
věřilo,4144
nemusela,3779
výstavbu,671
interpreti,10230
založený,1797
neštěstí,10231
atletických,3673
inkasoval,8616
označovat,2216
těžkém,1507
ateliér,9994
snažící,10232
charakteristická,5564
udrželo,7929
vyučovacím,1642
nátěru,2674
sériové,10233
novorozence,9795
prostředky,4655
malovat,8350
kontrakt,7073
sorry,10234
správu,879
spoluzaložil,10235
týmem,5195
vlastnili,7717
zahradníky,6099
účastníka,3403
zaregistrujte,4067
zoufalý,3204
určí,4622
hotelová,6726
automatickým,3951
vykresluje,10236
profesionální,10237
chceš,1167
řádově,10238
dodává,10239
kočky,3800
dechová,2517
viset,3975
polypropylen,10240
nepustí,6075
smysluplně,10241
drogách,10242
nahlas,10243
muzeu,3488
rodného,741
topnou,1706
podmínky,6714
meruňky,10244
pohřby,4291
základnímu,3039
faktů,1296
zpracovány,402
nestačila,2095
letounem,10245
podkladu,1392
zápisníky,10246
požadavkům,7612
musela,3779
nedostatečnost,10247
zahození,10248
katedrále,3358
řády,3060
provedeny,2070
dohodnou,4306
císařovny,8550
dodaného,1728
odysea,10249
syntetické,6502
zejtra,10250
podnikatelská,6367
hrdinou,2340
infračerveným,4289
titulární,10251
dávka,7845
objednatelem,10252
pokládání,4174
závěs,10253
odevzdali,7780
inclusive,10254
nejužší,5713
holínky,10255
pojednává,10256
počítač,8858
důležitou,999
balzám,10257
organizovaných,3751
akademických,347
zvýšil,5569
šokem,840
dětských,3436
zálohu,2437
lenka,10258
počinu,1441
jednacím,10259
zmírnění,10260
propadl,7955
působí,5174
skončit,776
keramická,3422
orgasmus,10261
výsledcích,1615
amnestii,9237
vyřazení,10262
neublíží,10263
výkladem,4279
jezdily,3168
mechanizmus,10264
korby,10265
edukační,10266
vystavit,2747
šílených,1350
hostitelé,7710
trápila,7166
zajati,3594
dodržet,709
tvářenka,10267
přeložený,10268
bytovém,7994
situacích,3519
venkovnífitnesspůjčovna,10269
přestěhoval,4468
gubernie,10270
nedáte,10271
zoufalství,10272
srub,10273
přitažlivý,10274
schopni,9452
potravinářské,2649
vymřel,10275
prospěchem,10276
bránilo,5875
produktůtext,10277
výuční,10278
nevidím,651
stálých,742
struna,10279
připomínána,232
migrény,10280
osamostatnění,10281
záchodě,6483
klíč,10282
pásma,6467
poskytneme,2924
štítkem,10283
plošného,3402
zahrady,5792
řešeních,10284
úzkými,5713
opakují,1620
hospodářská,1304
skaut,10285
mapování,10286
výživy,10287
přehláska,10288
odevzdaných,10289
bílá,3556
přijímané,10290
zachycuje,10291
lhůt,3025
egovernmentu,10292
paměť,10293
komunistického,1915
lepšího,9329
držíte,4986
oddělení,10294
naschvál,10295
vzaly,1858
mívají,3290
balkonem,10296
průjezd,10297
japonskými,2734
tisícovky,5218
okamžiků,324
standard,6098
stovkách,5885
replikáto,10298
časování,10299
katolický,10300
pac,10301
vyskytne,4631
dokoupení,9718
umělecké,7149
levněji,10302
broskev,10303
dusno,10304
nenechte,5367
chodnících,2485
pravoslavných,4126
milionu,3219
nacistickým,5352
živnostníci,8010
neurazí,10305
pořadatelem,3381
ztrácejí,5774
dokola,10306
používám,1966
zásob,6094
rozum,10307
počítání,10308
chuťové,10309
výběrových,2648
vitamín,10310
známku,2752
kolekcích,4850
exilové,10311
zkonstruován,10312
provokuje,10313
spjato,3414
klapka,10314
sladění,10315
rozsudky,4106
hradním,10316
gallery,10317
zefektivnění,10318
zlepšilo,10319
geograf,10320
vydávám,10321
zajímají,2016
neztratil,8947
posvátný,10322
lyžařská,2017
besed,445
předchozímu,510
sousedka,10323
plotry,10324
hrozilo,4474
oslabil,7425
těch,3681
letectva,8690
přístaviště,10325
ocas,10326
nejvíc,10327
odpovědnost,10328
hvězdička,10329
ohnivý,8329
chorobám,7992
domovským,2404
květní,10330
belgická,10331
smířit,10332
úložiště,10333
čajová,1538
kilogramu,3364
mléka,10334
podla,10335
hřebenech,6253
nastřílel,10336
tří,2128
vnímala,2857
konstatování,10337
garáže,9535
vyplácení,10338
evidují,10339
vstřícný,7339
užívaných,2294
pronajatých,10340
nahlásí,1496
smuteční,10341
porucha,9510
pitím,10342
důchodový,6972
nadšeni,3966
archeologického,4303
atomového,5473
kukuřičné,10343
odpověděla,3477
povedená,4318
procentního,4710
nehody,6868
herecký,9177
zad,10344
montáže,10345
každodennímu,4804
obývák,10346
vizuálním,4760
korunovat,2743
kombinovaných,2684
hrozen,10347
klenbami,10348
koncese,10349
spolupracovat,4276
vyplněno,6833
šál,10350
přemýšlení,10351
pohonem,10352
hledala,8986
zajištěn,9400
zbourána,10353
pohádka,10080
nevýznamné,6978
netlačí,10354
pozemkový,10355
zmizet,1561
platy,2345
řidičských,7362
novelizaci,4400
propouštění,10356
psychowalk,10357
orloje,4365
padnou,809
specifikuje,10358
předmětem,4504
žampiony,10359
regrese,10360
základně,2478
pivovar,10361
žili,2529
nechápou,4522
využívali,8096
vesmírném,2087
extrémy,10362
vzestupnědle,10363
odnesla,4960
mrkni,2197
dokládají,6485
husa,10364
vzestupně,1358
prádelna,10365
nazýván,9421
navržených,5947
neudělám,3166
splátek,3215
rozesílání,10366
kouta,3561
vizte,651
kontrole,1823
textura,10367
mlada,10368
polskými,6130
zavedly,3738
mezi,10369
spontánně,10370
signatářů,10371
porovná,10372
neskutečné,2843
jet,3663
promíchejte,5828
stýská,10373
gumovým,4827
anamnéze,10374
krytím,6225
signalizuje,10375
odběratelem,6985
kreslíř,10376
oceněním,2304
souborového,5121
kadeřnictví,10377
opraveno,8462
vládami,3324
expanze,10378
středisku,4267
připojte,10379
bronzovým,1792
sólové,1566
sklápěcí,10380
limonáda,10381
celní,10382
francouzský,10383
díval,4499
description,10384
dodávkou,1992
juniorského,1714
zpracovávají,2803
skřínka,10385
konverzace,10386
sobotního,1163
trénují,10387
obsluhování,10388
tyčový,10389
batůžek,8856
asfaltových,6419
indoor,10390
zbavení,10391
fotbálek,8210
stěhuje,2111
uznal,8189
definované,4772
moc,10392
váš,6849
hygienických,8227
propasti,10393
knihtisku,10394
buďte,478
studentského,1974
zaoblený,10395
italská,7414
přibližuje,10396
dopřát,10397
farního,5183
pochopil,4845
alllousek,10398
úroveň,7179
radiátorů,10399
sledovaných,2272
litinová,10400
tesim,10401
dospěli,6364
břicho,10402
rezervovat,10403
nesplnil,2730
odebrali,10404
vlhkém,2933
jejích,3487
dočetl,1749
rodokmeň,10405
zmíním,685
silonky,10406
intenzitě,8666
šedé,7263
okolní,1474
zastrašit,10407
skonu,10408
přenosná,5136
přístrojové,10409
konfliktům,10410
zpáteční,10411
distributora,4016
špatného,234
ledacos,10412
collection,10413
pacientka,10414
mapující,10415
rodičem,1548
spěje,10416
uklidňující,10417
rtěnka,10418
domluví,1745
členů,6244
dvojnictví,10419
zapisuje,10420
dřívějšího,1266
výstupní,10421
tření,10422
setu,10423
obráceně,10424
pásce,2146
chlor,10425
matriky,10426
pero,10427
losos,8683
překročena,3187
vyvolávají,5006
vodka,10428
posbírat,10429
variace,10430
napájením,10431
hromadná,2808
nepůjdu,1947
pohybový,7099
hrána,3614
knihu,1761
způsobí,3341
úplet,10432
parní,10176
vodním,10433
výkresu,4190
dík,10434
sonáty,6270
uváděny,1289
stvořená,10435
kulturních,8615
koníčkem,8588
ségra,10436
ranního,639
kdekdo,10437
auch,10438
kulovitý,10439
protiútok,10440
odmítlo,1916
mechanickými,10441
zmíněny,685
platíte,2397
exkluzivního,8280
považujete,3286
objednat,1089
zónami,3706
náletů,2038
udělila,2202
bytové,7994
drobný,10442
upíři,10443
paštiky,10444
navodit,10445
podlimitním,10446
švestka,6079
zkusí,2980
velvyslanec,10447
fronty,581
kůži,7873
shánění,10448
označoval,2216
komerčně,10449
výbornou,1273
dobíjecí,10450
držte,4986
kočárek,6362
ekonomickým,3383
uvědomuji,6207
dělník,10451
formulářů,3729
oblíben,10452
plachta,10453
lize,2654
vyzvednutí,10454
kupole,10455
přirovnal,10456
navždy,10457
třídních,1550
účastnice,1955
sebevraždy,789
rozhlednu,2805
portfoliu,5294
doplňková,1236
vyprázdnění,10458
okem,2160
riziky,6942
položka,10459
neslyšela,6759
lidstva,10460
umístěn,10461
účty,8900
televizními,6478
kulatými,1638
botách,10462
vzetí,10463
přesah,10464
alkoholických,4973
městskou,3780
zdrcující,10465
stanovená,157
lhůtě,3025
liturgickém,5831
předčil,10466
nestraník,10467
něhož,4189
úplně,10468
pádu,558
publikací,543
sdílené,3756
semínko,10469
files,10470
objekt,10471
princezna,10472
emeritní,10473
cirkulace,10474
zdání,10475
běhají,10476
ohraničené,4175
nejedno,10477
sledovanosti,10478
návod,10479
nakažení,4532
absenci,10480
anglická,2068
šnorchlování,10481
přirozeným,6414
pustý,10482
ovládáním,10039
propracovanější,10483
balné,10484
astrologie,10485
zastávkami,5890
námrazy,10486
místapo,10487
prokuratura,10488
náhodu,4034
nohavice,5691
doživotní,10489
shoda,10490
nočním,7879
dodávat,10239
pomohli,3603
sněmovny,7595
hřištích,10491
nachlazení,10492
sekera,10493
přátelská,5404
hosty,2238
peklo,10494
kooperace,10495
konkrétnější,7494
přítomný,4109
trolejbusová,10496
starostů,4316
provoní,10497
vysychání,10498
řešením,10284
sídlilo,10499
plusjednicka,10500
oblíbence,10501
karet,4168
dosažená,3940
zařízený,10502
začlenění,10503
nevytváří,9182
hřích,10504
nestanoví,10505
neomezená,3916
lehčí,1876
protější,10506
přítomní,4109
zavedené,1503
odešli,2765
koncentracích,10507
říkáme,1775
ovládá,10508
sloužili,4549
proboha,10509
mnichovské,10510
down,10511
natáhnout,1837
panující,10512
severokorejský,10513
dvojče,5989
trávíte,1656
vanička,10514
automobil,6655
poplatník,4350
prihlásený,10515
křížová,10516
lezení,10517
vystavovatele,10518
zmínky,5644
ambice,3949
testovacího,10519
přiloženého,1630
stávku,6912
dorty,5833
zpřísnění,10520
systematický,10521
obsazená,1580
senátního,438
separační,10522
agentury,4354
kabelových,1492
chromatografie,10523
mluvících,10524
odtéká,10525
vzděláváním,10526
musí,3779
mno,10527
pozitivnímu,3258
nahoře,10528
archanděla,10529
fotografickou,1396
článcích,360
zkouší,2881
turismus,10530
plavbě,3076
celozrnný,10531
poničen,10532
naznačeno,10533
procházet,4737
obrazová,10534
čerty,4479
přísun,10535
čtyřdílné,10536
koledy,10537
přesvědčí,3753
prováděly,2526
mlčení,10538
ghetto,10539
zápasy,4162
prostor,4819
přistálo,6953
tajným,3559
dvě,4203
filmových,582
dvojitým,8828
zákusek,10540
pivovarnictví,10541
způsobili,3341
nepromokavé,10542
hodnoceni,1022
manipulace,10543
schránek,4212
opakovaným,1532
pravé,4643
cítil,7044
akumulátor,6841
navrácení,10544
vadilo,2375
výtahu,661
nepokojům,5122
obviňuje,10545
třpytí,10546
vyznačeno,7834
smáli,593
schopen,9452
považovala,3286
nadváhy,10547
financích,2264
vyznačuje,7005
nedostatečně,10548
fotku,1667
kontrolován,1760
kreditních,10549
pohybů,8092
podniková,3896
nedostává,3348
sprchových,10550
komoditní,10551
ekzému,10552
potvrzením,7146
postupné,1268
hebká,10553
napíši,620
analytiků,2193
vyplácet,5803
skartační,10554
obviněni,8123
sprchová,10550
nerezových,6313
životem,1942
ztracená,2074
telefonního,6209
iluzí,5216
umělým,5884
inženýry,5444
ustanoveními,7591
pláči,5339
pondělního,2171
postupném,1268
doplňkem,4358
podmínkám,6714
intervalech,4814
válí,10555
pozadím,4606
takovým,1866
strání,5262
zabezpečuje,10556
premiérem,1280
vyráběných,10557
obsahovalo,9133
biologie,10558
určila,4622
vyrábět,3266
zůstat,2872
obvodní,10559
neladěné,10560
převezeno,8135
střelec,10561
uschovat,10562
podílelo,5207
bunkr,10563
zvýrazňuje,10564
letadlová,10565
multifunkčním,8376
ovládacích,10566
dílů,283
obvyklého,2496
hlediska,10567
vznikalo,5883
kočárků,6362
městys,4188
domu,6152
žádnou,2537
pravidelnému,757
cesty,3793
průvody,2523
poděla,10568
přezkoušení,10569
plynových,1373
vnějšímu,4899
důkladná,5470
dávek,7845
podílet,5207
dovezl,3579
úhrad,10570
příkrmy,10571
výchovy,6323
šoku,840
mistrovských,3418
převoz,10572
dostávat,3348
navrhne,4071
kladných,4088
exportovat,10573
zaznamenaných,1145
cez,10574
orgánům,6295
svědomí,8538
toalet,7584
uprostřed,10575
lákají,938
široké,3781
soustřeďuje,10576
zakončeny,1541
obsazených,1580
obvodové,4773
přijatá,1169
převyšující,10577
měsícůtyp,10578
vyvolají,4260
utrpěl,8512
převezme,392
místopisné,10579
vést,2112
vývojem,1584
výluky,10117
koutku,2004
odrazil,8358
elektrotechnika,10580
cappuccino,10581
píšete,1830
certifikáty,6698
školáci,10582
spravuje,10583
digitálních,5141
schodišti,4798
generálních,2631
šťastná,952
každou,759
fungujících,8875
tekuté,10584
variabilní,10585
skvělým,1366
knihami,1761
kluk,10586
klenot,10587
vstřelených,10588
průvodci,2502
myslet,3888
vyhlazuje,10589
průplav,10590
obtížněji,10591
stříbrném,2828
sourozenec,10592
tvorbu,1013
dlouhohrající,10593
nedával,3734
korek,10594
výpisu,2380
nálezy,5075
slabiny,10595
protiútoku,10440
ventilace,10596
standardu,6098
zodpovědní,6157
zobrazován,10597
žiji,2529
hlodavci,10598
upekla,10599
gumová,4827
jednostranný,8794
archivu,795
atraktivních,7141
veselými,2210
frontě,581
emisního,4025
srov,5853
statisíce,10600
kotelen,3981
ložnicemi,10601
zaměření,5967
jednotného,3408
nasazená,8438
indikátoru,2423
děkovat,10164
nazvala,2732
příbuzenstvo,10602
šafanda,10603
výdaj,5746
zapojení,8110
lhůtách,3025
významnou,844
nutno,6780
politická,8093
padly,809
nápojové,10604
prostředí,10605
spuštěných,506
nájemci,10606
vyhřívané,10607
vysokoškolského,5299
posuv,10608
mapových,8781
veterinární,10609
opak,10610
nakrájejte,10611
pojmem,8968
platformy,6066
agentka,10612
vyráběné,10557
měří,9401
funkčních,3540
zevnitř,10613
vnímány,2857
označte,6277
změnách,1014
řazen,9497
křídla,10614
grilovací,10615
radnici,6699
výtečné,3146
podnikatelé,9331
dospívají,6722
využitelnosti,10616
reading,10617
vykazovat,3788
akciového,848
jasněji,8047
příměří,10618
cizincům,10619
nehodě,6868
stereofonní,10620
fakulty,1838
divadelním,2615
sníženým,1114
spojencům,5411
historikové,7049
pivovaru,10361
maličká,9098
štoly,10621
zastupitelstvo,3595
alpský,10622
sousedními,10623
ráda,7216
kontaktování,10624
policistům,8023
harmonická,10625
polština,10626
obvyklých,2496
organizovány,833
spodek,10627
cyan,10628
nejslavnějšího,3766
kinematografie,10629
nadsázkou,10630
přihlásitpřihlásit,10631
jediného,1186
antikoncepce,10632
psychický,6455
zjistíte,3611
unikátními,10633
standardními,7856
modrými,2983
horské,2466
zachce,10634
dálkově,10635
vyzvala,9883
uspořádané,2164
dieta,10636
realitě,5430
zvědaví,6182
chytne,10637
koutrestauracevenkovní,10638
rozpouští,10639
vzniklá,6140
dostatečného,1994
navíjení,10640
never,10641
inovacemi,9379
vymazala,10642
teroristé,10643
ostříhat,10644
amatérského,9121
využívaná,4411
zvěst,8051
neomezené,3916
ikonka,10645
bezpečnostního,10646
vývoji,1584
sukně,10647
adrenalinové,10648
koberec,10649
rozhlasovém,2993
konzerva,8294
odpustit,10650
vězení,10651
eliminace,10652
hanba,10653
slušelo,10654
zřizovateli,4219
jiný,4919
existovaly,1295
izraelská,7232
vždyt,10655
zpravodajské,1608
předsíně,6747
kmdo,10656
vynálezce,10657
poho,10658
pohárem,7053
diagnostická,5686
delších,1855
stř,10659
ohrožen,10660
vsadili,10661
sestavený,7895
budována,9805
potápěči,10662
nejvýrazněji,10663
kšeft,10664
veřejnému,873
iii,10665
dochovala,10666
nabylo,7278
podmínkou,6714
podpoří,1765
upozorní,2643
energetickém,4330
vzrůstem,1627
zjistím,3611
unií,3794
fasády,7201
major,10667
sebevraždou,789
adaptérem,10668
představitelům,8619
poražený,5589
postupuje,10669
podaná,1397
výživa,10287
úvazky,10670
mám,1579
svah,7276
učebně,4010
záruka,8264
vezl,8241
stárnutí,10671
dal,1297
vyjadřování,10672
vyplatila,6784
vybíral,2029
příšerné,2342
největšímu,3442
nemuzu,10673
vsetko,10674
com,10675
pokládána,4174
prací,2735
rozpětí,10676
sestavená,7895
sazbu,3765
žula,10677
holt,10678
dobře,3347
držitele,747
story,10679
spojili,10680
opeření,10681
služeb,3035
platpřed,10682
londýnském,7734
operačního,2010
testované,10683
vyvolaná,3393
straší,8013
dobrovolníkům,5139
teritorií,8627
začnu,1166
děložního,10684
libovolných,5974
severozápadní,9878
masky,7498
právník,10685
zaevidovat,10686
neutuchající,10687
vnímal,2857
eurookna,10688
znovuobnovení,10689
přibývajícími,10690
takto,10691
poslechněte,10692
zemském,2199
tipů,10693
oddíl,10694
sena,10695
poslaneckých,5386
come,10696
bit,10697
jednorázovou,442
zábrana,10698
matným,7305
nákupem,1218
plynně,10699
jogurt,10700
sériová,10233
dále,10701
dýchací,10702
vegetariány,10703
spotřebního,3807
neběží,10704
spamboty,10705
šátky,6403
nápadu,1091
každé,759
zahrádkářské,10706
parků,5865
příznivec,9282
koupelny,8182
trolejbusy,10707
unavená,10708
uzení,4031
stabilním,6390
abdikaci,10709
kotníková,10710
kuchyních,5954
kuchyňským,4181
pedagožka,10711
polyuretanová,10712
výkony,9208
bezpečné,2043
externího,3838
kariérového,10713
akreditací,10714
propojením,10715
obydlených,10716
provozovaná,10717
nositelé,4355
omezen,3916
úchop,10718
přijatelnou,1791
udělám,3166
vystavuje,4849
draftován,10719
sestupně,10720
věcné,4951
správou,879
nosím,3240
grilu,10721
halového,7606
sídlila,10499
doping,10722
účtů,8900
vínové,10723
souběžné,10724
dražební,10725
špatně,2109
lihovar,10726
střediskem,4267
rukávů,4467
stoupáním,10727
řeckokatolické,6712
provozním,6803
radoval,2781
přilehlý,4565
letových,1115
červenohnědé,10728
baroku,2445
výkup,10729
elektrosoučástky,10730
zvoleny,1720
výsadbě,4155
mikroskopie,10731
dětským,3436
lenošení,10732
zdravotnictní,10733
rozhraním,10734
záhada,9482
recepční,10735
uspěchané,10736
nájezd,10737
závodů,3382
fungovaly,2687
junioři,9470
uspořádání,10738
sebedůvěry,10739
trestní,10740
vchodů,2498
volnější,2260
hustota,10741
třinecký,10742
zastřelit,8279
myslel,3888
povahy,10743
účinků,10744
lidovým,4070
přirozená,6414
vařených,3979
užitečné,7825
poznali,6521
zákonitě,10745
operátor,10746
distributory,4016
gymnázium,6591
mor,6052
nepředstavitelné,10747
plné,5204
úrazů,4452
šatech,10748
výstižně,10749
zemědělské,6316
faktur,4263
koupelna,8182
splnění,10750
císařském,2625
zasáhl,7029
často,7471
půjčené,10751
stadionu,7455
centralizované,10752
plateb,6000
špatnými,234
vazby,6030
chápána,1839
okurek,5319
obýváku,10346
existujících,10012
liché,8070
temnotě,10213
romantismu,3091
novinářské,10753
rozpustnost,10754
hřebene,6253
chcete,1167
speciálních,6327
větru,3217
výrobě,2293
surname,10755
imunitní,10756
naruby,10757
dávnějších,904
koutech,3561
přístavba,10758
povinnostmi,10759
manipulant,10760
vnímáním,10761
ťuk,10762
naučné,10763
neztrácí,5774
psychická,6455
leteckém,4386
předchůdcem,7380
červy,1570
kaktusy,10764
kosa,10765
zničeno,7233
navazující,4182
olomoucké,2574
dekuji,10766
věcičky,10767
citlivost,10768
ocelová,6639
světadílů,10769
nahrání,10770
bytový,7994
skladováním,8015
vašim,6849
ovlivněno,10771
koupené,3301
zlata,3234
slavní,3766
shromažďuje,10772
trpěla,10773
situován,10774
multikulturní,10775
mamutů,10776
celkovým,814
lehkými,1876
úhradu,2608
objasňuje,10777
využívaných,4411
přeložit,3865
doplatit,10778
vyjádřeno,10779
cukrovka,10780
cílům,646
používaná,2855
staří,5912
bezchybný,10781
závaznými,4314
kamera,10782
levelu,10783
představily,701
eparchie,10784
plynou,7786
tropickém,841
zavedeny,1503
parta,10785
uvedenému,1398
údržbu,5266
dělejte,2861
intenzivního,3598
vypálen,10786
závodil,10787
kolen,3410
fotografování,10788
leasing,10789
obj,10790
týmových,4667
prostředcích,4655
zvládnutí,10791
usíná,10792
bránili,5875
dělá,2861
meze,10793
dlouhými,1855
pasivních,10794
dodáváno,10795
vyrobila,6465
doběhla,9344
válečníci,1626
dávám,3734
originálními,8245
líná,10796
lehké,1876
jednatel,10797
disponovala,10798
milostivý,10799
realizací,260
řešení,10284
střeleckého,7950
prosazoval,7143
povětrnostním,10800
častokrát,10801
skončím,776
točení,10802
zánětech,3732
oslovení,10803
čelním,10804
zákaznice,1865
pátrají,9864
nominovaný,10805
černým,3938
sušené,2819
potravinám,10025
pohodlné,7484
neomezuje,10806
hokej,10807
udržitelnost,10808
věřil,4144
hranicemi,10809
hodinového,1560
věkový,4654
propagandě,7640
bloku,7534
zabralo,10810
vytáhli,5734
svet,10811
dozorčí,10812
bankrotu,2788
nezákonné,6121
nastínit,8703
poslalo,10214
potratu,8371
neziskovou,2476
kómatu,10813
důvodové,10814
images,10815
jídelní,10816
hustá,4665
vystavěno,4494
otevírání,10817
popularizace,10818
přehradě,8084
odchylka,10819
pohřešovaných,10820
havarijního,10821
vleze,10822
oslabené,10823
upřesnit,243
baráku,8569
jakostní,10824
kamion,10825
kovovým,4704
prosadit,9150
zákonů,4775
rychlým,2973
favorit,3121
instalačních,9027
věděly,886
vytvořilo,8400
třídu,298
modifikace,10826
zaplatíte,3116
umělkyně,10827
programech,451
vysílán,10828
rozšiřováním,6002
vynikne,10829
snadná,5995
volen,9765
klepnutím,8138
armádního,5592
zajímavě,10830
zodpovězení,10831
pubertě,10832
pečeť,9129
odvezla,5304
snímkem,361
odevzdal,7780
převažují,4116
dosáhnou,1663
přemístit,10833
pěna,10834
křesťanským,5098
ověřené,4003
samolepící,10835
syrský,8599
umístěný,10461
zahrnutí,10836
smíchejte,10837
užíváním,6300
vanilka,10838
vnějšími,4899
všimněte,2719
společnému,1082
ekonomice,5245
skořápky,10839
štola,10621
pocházeli,4359
přiblížení,10840
míčové,10841
plavat,10842
odpisů,5631
vnukem,10843
osobní,7097
bronzovou,1792
dabér,10844
nedělním,3186
právnickým,6925
nebeský,8949
udržitelný,8365
slušným,9417
poraďte,10845
dokumentarista,10846
bukové,10847
autorství,10848
exteriér,10849
domovem,5129
vyplnit,6833
vyhodnotil,968
olympijští,1693
měřit,9401
olympijském,1693
přineste,213
zaručen,10850
volitelného,1123
velikonočních,1222
cílových,2263
exkurzi,908
vyhledání,10851
solné,4818
opravdovým,6709
nařízena,4722
certifikacích,10852
plnění,10853
rohože,10854
nedělního,3186
řapíky,10855
neunikne,10856
pustíme,6075
velí,10857
klasicismu,10858
zkoušel,2881
sportovní,10859
prach,10860
nahrávky,5309
vyjednávací,10861
tempa,10862
britským,2566
přinášel,1033
zdůvodňuje,10863
bgcolor,10864
hamburger,10865
odbočit,10866
bankéři,10867
exteriérů,10868
oštěpem,10869
pesticidy,10870
sukýnka,10647
žák,3772
kostkami,2511
plantážích,10871
narazit,10872
jeruzalémský,10873
novodobé,10874
tisícovka,5218
provázku,5674
hebký,10553
údajný,7486
zelenac,10875
ukradl,10876
souvisle,10877
vztazích,7424
severovýchodním,5077
copyvio,10878
účinky,10744
uvažuju,1798
osvěžení,10879
míval,3290
prodán,778
látkový,10880
hvězdy,2597
řeckými,8791
úžasném,2401
bezsáčkový,10881
ovlivnily,5024
přihodit,5896
obešla,5817
vojenským,4990
slyšíme,6759
general,10882
účastníkem,3403
předány,2187
věnovali,10883
požadavek,7612
stěžují,6132
nerezového,6313
vodními,10433
funkčními,3540
seriózní,10884
vědeckého,3728
rajčat,2811
přejmenovali,9148
deštník,2570
vrátný,10885
vidělo,651
výzkumníci,10886
věžemi,10887
vyrozumění,10888
pozoruji,1038
klimatizovaná,10889
neříkají,1775
expresní,10890
pták,10891
zastávali,8795
nabízejí,1146
koho,7597
formuláře,3729
vyhořela,4153
zatčena,7183
stavěný,7690
houbách,10892
chovatelé,10893
jevit,1796
žebříky,10894
lyžařském,2017
dívali,4499
přístup,8545
póry,10895
vystupovat,3884
činů,1938
tyto,738
uvádění,10896
potřebách,3554
vyvstává,10897
glykémie,10898
výběru,1819
povodí,10899
prováděním,8095
propadne,7955
příslušným,3012
tiskařské,10900
kosmopolitní,10901
nepoužívají,1966
doporučení,10902
nechtějí,1167
porážce,7389
nárokem,6226
seznamy,4475
menstruaci,5566
snít,2269
stěžoval,6132
jeviště,10903
pociťují,4563
podtext,9938
školkou,1776
pozdějšího,2814
aktuálnost,10904
zdanitelné,8257
nativní,10905
loukách,2917
obdobnými,5333
odmítly,1916
náhrada,10906
útlumu,2562
terminálu,10907
zloděj,10908
nohavic,5691
čestných,7547
netkané,10909
rozpětím,10910
myslí,7306
užitečného,7825
rozšířených,1301
uvedenými,1398
přijímají,4065
kamenným,7412
provokovat,10313
zapracovat,8137
pravomocně,10911
nádherné,3171
složit,4422
vystřídat,6682
synchronní,10912
nepovažoval,3286
pravicový,10913
medailistka,10914
sochařská,10915
nadměrné,5814
opravuje,10916
oko,2160
operacemi,7905
prototyp,10917
těžší,1507
uveďme,3490
zasáhly,7029
zády,10344
dochovaly,10918
nepřítomnosti,10919
registrovalo,10920
kolenou,3410
nákladních,8537
zapojování,10921
partyzány,10922
vyrobili,6465
manifestace,10923
kvalifikace,10924
mém,1665
rozhodujících,1525
mrtvé,3434
drát,10925
nedělat,2861
fakultní,10926
donutili,7128
zaměřuje,9551
adresa,10078
větrání,10927
dán,1297
mostě,6387
žaludek,10928
znázorněna,8396
obsahuje,9133
rámečkem,10929
teoretické,4580
světově,10930
kávová,10931
tušil,1243
velezrady,10932
nemohou,1237
svítící,10933
ustát,10934
průvodkyně,10935
kráteru,9490
luxusními,10936
pátrání,10937
popel,8805
zinek,10938
vozové,10939
skauting,10156
draslík,10940
najíst,10941
bojovalo,2470
autistického,10942
spočívá,8891
psaný,10943
přistáli,6953
týkal,2946
vinařská,10944
křiž,10945
víceúčelová,4432
vybojovala,10946
sakra,10947
chrlí,10948
bioodpad,10949
alkoholismus,10950
společném,1082
skupinových,3617
chtít,1167
ponechali,8820
analogovým,10951
trial,10952
odhalena,3534
odběratel,6985
aktivními,801
vektorový,10953
lokální,8596
nepustili,6075
famózní,10954
středomořské,10955
kontaktní,9082
natočená,10956
soutěži,1514
featuring,10957
nenávidím,10958
ulička,10959
přístavní,10960
obytných,10961
přítomným,4109
nestala,1466
položila,7536
nahlédnout,10962
přejít,1880
uvolnila,3087
rozdělením,6210
tělesy,10963
sjednané,10964
nezaměstnaní,8471
tonerová,10965
družstevním,7538
fotkám,1667
sestavených,7895
zjišťují,1019
xxx,10966
teleskopický,10967
krajním,10968
dědické,10969
demonstrovat,5918
svobodným,7877
rozdělit,10970
kteř,10971
republiku,296
vydělala,9495
zahradničení,10972
dudy,10973
prověření,10974
jízdného,7862
proniká,10975
starostka,10976
podrobným,1963
standart,10977
výbory,4115
svobodna,10978
pstruh,10979
překročí,4604
svoje,4415
ukázali,2391
dlažba,5096
federace,10980
zbývající,10981
přepravních,10982
zbyde,3456
vyšetřován,10983
potkal,2352
varování,10984
doložena,4496
automatické,3951
nebolelo,10985
spojovacím,9262
nepotřebuje,3626
udržuje,5944
provozované,10986
protestech,10987
pocta,10988
oběťmi,10989
projevům,5823
dotazy,10990
platu,2345
indiáni,10991
infekcím,10992
vysušené,10993
sídle,9691
pořízením,868
zavádějí,6049
přeletu,5672
videu,1653
bezdrátová,10994
pigmenty,10995
moderuje,4728
plachtění,10453
nemovitostmi,10996
regulační,7576
vývin,10997
vrchem,10998
oplocený,10999
stojany,6508
probudí,7351
odešlo,2765
ohromující,11000
křížem,3374
uspět,4841
choroba,7992
přeložila,3865
snesou,5280
metodicky,11001
předsedá,7709
hladiny,9060
hlízy,11002
odvedli,11003
integrovanými,3977
realitního,11004
stravenky,11005
zastřešuje,11006
létání,11007
odchozí,11008
reklama,11009
otřesy,5979
vyhoření,11010
zřejmý,9265
přízemní,8502
končetinami,3876
mírnější,588
odpočítávání,11011
dojel,7931
laminované,11012
nějaká,5257
ovlivněný,10771
hit,11013
poštovního,7721
říkat,1775
vetiver,11014
politickým,8093
subjektivně,11015
nbqde,11016
fází,1543
nedůvěra,11017
satelitního,11018
čerstvost,11019
ocelovým,6639
prodlouženou,3674
plotů,11020
přistála,6953
takřka,11021
staráme,11022
podporována,5321
vyřizování,11023
mlze,2198
pad,809
poradíte,10845
vypořádat,11024
database,11025
komfortnější,11026
navigačním,11027
stany,3577
rigorózní,11028
zatykač,11029
prohraje,2313
zklamaná,11030
nastartovat,7214
sloučení,11031
pokožkou,7542
policií,8759
antisemitismu,7392
mikrobiologie,11032
půjčka,11033
chutě,11034
vybudované,8305
telefonovat,11035
loterie,11036
přivýdělek,11037
zdražování,11038
prstenů,7193
plakat,3130
svažitý,11039
předává,11040
dobových,3127
šen,11041
použije,3052
zvykla,5241
welcome,11042
běžných,2463
absence,10480
nezpůsobí,3341
ujistěte,4802
demence,11043
navrhovat,3648
usedl,4701
pytlík,11044
každém,759
získali,6134
položený,1150
indikátorů,2423
posoudí,3907
přístavem,4449
spojené,935
obojživelníci,11045
praktickým,6536
synchronizaci,11046
jednodílné,11047
střelba,11048
náladou,382
kulinářské,11049
vlasech,11050
promítlo,3859
švýcarská,9271
zhoršil,11051
řadu,4861
vyšetřovat,6128
kterou,2553
reprezentantka,11052
lištami,11053
plic,11054
strava,9126
vegetativní,11055
nerozhodně,1107
vařím,4493
řešený,5775
regulačním,7576
činitel,11056
předpokládaného,175
efektem,4668
přivézt,4967
branami,4242
političtí,8093
historicky,11057
jablíčka,11058
výrobek,11059
šikmých,7323
rubové,11060
průtoky,11061
bříška,6452
trestem,8584
demografické,6793
přívěšky,11062
tehu,11063
èas,11064
podnikových,3896
playoff,11065
počtů,3409
pobytové,11066
přinášela,1033
oplození,11067
pokročilé,5406
necítí,7044
nádherným,3171
převlečení,11068
jdete,1947
reaguje,3079
kvalitě,3474
hvězdám,2597
atelier,11069
nařizuje,11070
nehrají,3614
měřený,4559
dělostřelectva,11071
zavedených,1503
muzikálové,11072
rozpadá,11073
ozvu,7288
variantami,2489
oponou,1811
rozlišovat,2371
pískovec,11074
mýlit,10064
chirurgické,2711
nanesení,11075
snižuje,7343
osvědčených,6433
počítaly,1001
nabude,7278
skočila,7804
řadí,9497
půjček,11033
zalesněných,2265
pomalá,1884
plynová,1373
znevýhodněním,9954
zápisky,11076
písně,8000
elektromobilů,7558
oblíbeného,490
varná,11077
odvolává,11078
vypovídající,2812
budoucích,2636
náhradních,9013
vestavný,11079
pokecat,11080
úžasných,2401
pilíře,5107
akčních,359
samosprávě,3562
rizikový,6188
nezávislá,4217
pomalejší,1884
vyvolaný,3393
okrajových,11081
poskytovány,3997
bytového,7994
přebytku,2203
odpojení,11082
uklízení,11083
povolí,4676
přespříliš,11084
hotelovém,6726
výsadbu,4155
pauzy,3757
soutokem,11085
přestávky,3241
testována,2186
autobiografické,11086
magické,3196
gregar,11087
plíseň,11088
smartphony,11089
brokolici,11090
maximální,10181
fyzickém,4343
průkazem,6544
reputace,11091
nástupišť,5899
instalovat,3591
vzniká,5883
dolním,11092
rozhlasovou,2993
muzikoterapie,11093
houbami,10892
rozebírat,8578
procentní,4710
tah,11094
dekorace,11095
neformálního,11096
pohlídat,8301
hoši,11097
kontaktních,9082
popisována,2061
strážníci,11098
potřeb,3554
úst,6939
pochopení,9884
potkám,2352
zátěžových,11099
kontinentech,9703
poskytnutá,4226
vrtulníkem,11100
asociace,11101
dali,1297
generovat,11102
poděkovala,10164
měřitelné,11103
zasílání,11104
stavebními,9748
neřídí,6593
přistane,6953
ústavou,3685
odstavci,2601
čistírna,11105
císařské,2625
hovorů,8557
dvoupodlažní,11106
dáme,1297
prostým,11107
radioterapie,11108
průhledná,2026
svobodný,7877
norem,11109
probojoval,11110
santalové,11111
prosim,11112
seznámeni,7962
you,11113
zhoršilo,11051
komplikuje,11114
níže,11115
programových,1135
dovezeme,3579
žaloba,6945
býk,11116
tesařské,11117
mála,6702
pronásleduje,11118
tisíce,3578
veškerými,8207
postavami,11119
českobudějovické,11120
procházek,525
každodenního,4804
spánkem,8213
naděje,11121
francouzským,10383
popírá,11122
vzdušný,11123
vstávání,11124
citronové,2237
obvinila,10186
malované,11125
věřila,4144
řízeních,6379
slzotvorné,11126
flétnista,11127
záložního,11128
neztratili,8947
rehabilitační,11129
ohrozit,11130
nejdu,1947
pediatr,11131
žízeň,11132
používána,2855
ovládali,10508
maximálního,10181
rodičovskou,3630
akcelerace,11133
pohon,10352
rádiem,11134
rumunské,10055
dílčím,2277
zpomaluje,11135
náhlavní,11136
sepsala,11137
místečko,11138
registraci,6687
opatrnější,8209
redaktorka,11139
tištěných,1641
kalhotami,3713
podrobněji,11140
kalorií,11141
rozebrání,11142
ovládne,5847
záležitost,8928
nalezených,1598
svatební,10192
kosmetika,11143
vidim,11144
lotyšský,11145
šampion,11146
účinkoval,8103
doplníme,6647
opravě,3155
značný,11147
matrika,10426
účtování,11148
zvenku,11149
čistění,11150
informacemi,2258
mech,11151
sociálních,11152
tuňák,11153
požehnal,11154
pavouky,9916
sledovány,2272
spekulací,2894
nabité,482
jugoslávský,11155
nijak,11156
vystihl,2577
otcově,11157
lišta,11053
žádostí,4024
oken,912
maxi,11158
otvírání,11159
present,11160
praktickými,6536
cennými,7322
skupenství,11161
naplňování,11162
mír,11163
nejjemnější,11164
stát,1466
rozdělovat,9387
cílů,646
spolková,8057
rodiny,4288
kopírka,11165
zmíněných,2201
sdělili,4481
extrémní,6635
obhajobu,1752
těhotným,6830
uznáno,11166
pochvalu,6413
vyniká,11167
školička,1986
použiji,3052
vyčítat,11168
vicemiss,11169
povstalci,11170
zřizované,11171
citlivosti,10768
ztrátové,11172
hradit,9325
sběrný,5054
bože,11173
dálkovém,1241
uchazeči,11174
kontaktem,2675
estonské,4533
příznakem,8112
zajímavou,692
filmem,1506
bezplatně,11175
udávané,11176
pečeně,11177
ujala,10142
přeměna,11178
dodávaná,11179
vlakového,5320
doufal,3404
dobrota,11180
stacionáře,11181
odnímatelné,1062
týkat,2946
specialita,11182
nahrávat,3297
pružným,6957
zasouvá,11183
pouze,11184
uživatelé,9267
dolů,3973
živých,3261
zkoumá,11185
přínosné,4917
ohebné,8644
nenechat,3518
vyšetřovatel,11186
válečným,1626
salám,11187
otevřenou,238
zeměpisných,5259
odvodit,11188
dobití,11189
cenné,7322
přeměny,11178
tohohle,881
sádrokartonových,4744
spoluautorem,1061
zpeněžení,11190
pojaté,8006
amerického,1078
zklidňuje,11191
přítomna,4109
jezdectva,11192
navštívily,1577
sleduji,2392
oddělen,11193
stávajících,6971
hnusná,4140
sezení,11194
synonymum,11195
tvořili,7911
strategií,3714
ukážou,2391
přechody,6160
zvukového,3560
řeknou,2259
drápy,11196
nechci,1167
včelstva,11197
kanoista,11198
ohledání,11199
nezávazné,11200
jaksi,11201
prostorová,6907
námětů,1320
poraženi,11202
nerezovým,6313
přátele,4372
neregistrovaný,11203
zvyklý,5334
mléko,10334
mašinka,11204
prosbu,7557
dalš,11205
kampus,11206
úctyhodných,11207
dílen,2306
dosahování,11208
seminářích,168
názory,6405
vinylových,11209
učebny,4010
novodobý,10874
přechodové,7299
kravata,11210
arcivévoda,11211
otevřenosti,4813
rudého,362
nepozná,6521
strážník,11098
zjevuje,11212
postěžoval,11213
snažte,1220
přesná,3180
výprodejizboží,11214
vypije,11215
mrazu,834
pevné,2429
plastových,2567
podepsána,7567
rušné,11216
pevnině,5273
přenosného,5136
odnesli,4960
řídil,6593
korba,10265
líbí,5239
možnému,1476
zdravotnickými,7227
vybranými,792
poslouchejte,6305
technolog,11217
souběh,11218
splátku,3215
jevem,3281
zámecké,5038
srdečním,11219
přístupového,4660
složka,11220
infoboxu,11221
knihovních,6078
byznys,11222
veletrhů,1050
hudby,4255
dočkáte,465
púza,11223
ozval,7288
bioodpadu,11224
válečných,1626
zarezervovat,10403
lepších,9329
virtualizace,11225
populární,1180
kavárny,3874
bavič,11226
sběratelské,11227
doprovázeny,1887
objeveny,1088
plechovka,9540
hrdě,11228
dařilo,3441
lůžkové,6853
jedovatá,9357
platformách,6066
rozruch,11229
vesele,11230
případným,4156
dlouholetých,4141
povinen,4224
homeopatie,11231
flétna,11232
vnoučata,11233
sukní,10647
nosem,6917
povšiml,11234
kamarádům,1401
domovů,5129
lístku,1585
rukavic,11235
šílenec,11236
domovských,2404
výšce,3119
efektivita,11237
partiích,11238
jeslí,11239
zpochybnit,11240
nechával,1834
psychiatrie,11241
klesne,1051
účinek,10744
lůžky,11242
dodat,2956
přílohu,1330
nestabilní,6390
namáhavé,11243
masivním,11244
zaútočili,3532
budován,9805
organizátorů,3736
momenty,6010
zahraniční,3683
nehodách,6868
kompromisu,9020
vozíků,9852
nesli,2428
oživit,11245
jantar,11246
tehdejší,6194
současnému,1239
smysluplné,8035
výřezy,754
pat,11247
přitažlivá,10274
zástup,11248
následovníci,11249
vykopávek,11250
běhání,11251
čtvercový,11252
cvičný,6893
zateplená,11253
natáčet,5540
smyslové,11254
přemístěn,11255
nakupuje,11256
možností,6089
zap,11257
spalováním,11258
bohatší,3439
limitní,11259
systémového,1518
podmíněná,6063
rozezní,11260
rozvojových,884
úlevy,4868
románů,1687
prvočíslo,11261
výjimečná,713
dávala,3734
koutky,2004
kritického,2422
kočárkům,6362
pochopí,4845
každodenních,4804
položena,1150
travnaté,5088
putovala,11262
uzavřena,2082
přispění,11263
prodala,4723
chlapík,11264
figuroval,11265
aerolinie,11266
počty,3409
nápadité,11267
stali,1466
zavádět,6049
médium,1498
rovný,7139
vzducholoď,11268
hlavy,6293
autoservis,11269
kulomet,7959
ostravské,1343
líčení,11270
nesnesitelné,11271
cukety,11272
levných,1190
bezdětné,7195
potkávají,9351
komodity,7487
vypalování,11273
alternativně,11274
pluje,11275
sjednotit,11276
teplotou,2041
sklepem,1982
lesními,11277
češtině,11278
dramatizace,11279
vyučující,11280
archeology,4837
velitelské,11281
opilý,11282
neziskovým,2476
organizátorem,3736
ďakujem,11283
party,10785
mrtvice,9307
relacích,11284
exilu,11285
řidičské,7362
svým,4415
promyšlený,11286
will,11287
rozvíjí,11288
skvělém,1366
nejjednodušších,2738
kámoš,11289
with,11290
vlněný,11291
bezbarvý,11292
koncích,59
kojím,9911
vstupních,8027
poprosila,11293
netvoří,7911
sádrokartony,11294
vyslovili,7946
vystavěná,4494
protipovodňových,8380
sloupek,11295
zařízeních,11296
nemusim,11297
myšlení,11298
přechodně,11299
přijatou,11300
respondentů,6645
rozmyslel,11301
útes,11302
dámské,9777
šíře,11303
básnířka,11304
zamítnut,8755
bavit,2524
hezkých,1445
jednotce,5080
dojdou,545
opustit,3256
autorizovaným,11305
vyhnula,7983
zadávací,11306
novele,4523
vizuálně,11307
turnajů,1709
views,11308
zadávacího,11309
výuka,6831
bla,11310
oddálení,11311
syntezátory,11312
promyšlené,11286
výborném,1273
zákazu,10094
karimatka,11313
typ,11314
podnikal,9640
mateřským,1128
dostatečně,10548
interiérů,7496
drogerii,11315
byzantský,11316
zklamat,596
stávají,6080
rozdělený,6181
zájmového,3397
expertní,11317
spodním,11318
čechach,11319
stala,1466
politický,8093
stimuluje,11320
pověřený,8322
středoevropské,11321
slabosti,7957
podniknout,5854
vonný,11322
samec,11323
štěňat,11324
prudká,3022
poukazu,11325
střediscích,4267
rituál,11326
lince,8658
posledni,11327
bestseller,11328
obíhá,11329
cykloturistiky,2896
nervový,4424
demonstranti,11330
drobní,10442
jevy,3281
tábořiště,11331
dožití,11332
sprchový,10550
donutil,7128
sdílet,9230
domovském,2404
samota,11333
herních,4803
zvrat,7823
ručníkem,8623
nadmořskou,975
patronát,11334
disková,11335
hudebním,4388
nešetří,11336
nestaví,11337
dodavatelem,8745
odpůrci,11338
tornádo,11339
měrné,889
choroby,7992
podmíněné,6063
opojení,11340
běhu,8480
mše,11341
pojď,1947
úspor,5400
vyhrazuje,11342
otcem,3926
odchovanec,11343
zdobený,10171
výměry,7059
poznejte,6521
katolickým,10300
rozkazy,4151
kojí,9911
podpisem,4046
pochvala,6413
odpady,11344
kanálu,4607
erb,11345
biodiverzity,11346
dílné,11347
zahradníkuchyňský,11348
požadovaná,7209
olivového,2280
čelili,6025
produktivita,11349
textovými,2287
podepisují,4177
nejmenších,2564
lesnická,11350
měnový,5440
věrohodné,8012
charakteristiky,1593
oblaka,9069
císařská,2625
vymezeného,6622
nazbyt,11351
kloboukem,3018
šikana,11352
oživil,11245
podráždění,11353
oslabit,7425
signalizace,11354
náhledu,11355
administrativy,9198
ocitl,11356
citační,11357
rukáv,4467
hnojení,11358
vyčnívají,7945
obviňování,11359
srozumitelně,11360
posuvným,11361
desítky,6437
zdravotníky,11362
přestali,8887
požadavky,7612
insignie,11363
zárodek,11364
literárního,5004
chladnou,11365
máte,1579
obléká,8505
pobytových,7657
vypráví,9084
počítačových,464
neměnil,7192
přiblížit,4624
animovaných,11366
malém,2564
poloviční,11367
chuti,11034
vynesly,4673
atmosférický,11368
vařením,11369
necítím,11370
kout,3561
digitální,5141
vaječný,5213
posune,2349
mořskými,6491
rozlohu,3400
nesetkala,4833
zděné,11371
svém,4415
mluvící,10524
neb,11372
neschopnosti,8500
přemístila,11255
špičkách,5359
nabízela,1146
teroristickým,5063
zářivých,4569
džem,11373
zruší,3040
oblačnost,8971
singly,11374
sériový,10233
poutavě,11375
nepřestane,11376
hráze,11377
young,11378
řečové,11379
encyklopedický,11380
hrobu,7752
okamžicích,324
budou,478
pohyblivosti,11381
pravidelnou,757
dcerka,11382
tvarohové,11383
vyhověno,11384
masáže,11385
lidské,6602
překrývá,11386
čepičky,11387
olej,11388
litina,11389
zábavním,11390
slavné,3766
podatelna,11391
barman,11392
řeším,7119
stromem,9081
bylinná,4877
vymezeném,6622
mimozemšťané,11393
supermarketů,2829
relativního,11394
komíny,11395
reprodukce,11396
nepochopil,4845
stanovenými,157
tímhle,881
břehem,3094
zkratek,488
okruhů,3638
vyměřovacího,11397
stabilizovaný,11398
informaci,2258
pohodlnější,7484
exemplářů,9274
klání,11399
čerstvého,901
praktickém,6536
inkasa,11400
vyloučila,11401
nevhodný,390
dívala,4499
vynést,4673
bojové,3218
zaměstnán,11402
vysavač,11403
architekty,7605
rodáci,11404
turistických,897
muzikálu,2206
argumentuje,10092
přirozeně,11405
pásová,5457
hrůzy,1023
běloruský,11406
dvoulůžkové,4361
probudili,7351
autorovi,721
přednostmi,11407
častěji,7471
rozumem,10307
okrasná,11408
znalecké,7676
opíral,8925
rozptyl,11409
zlepšila,10319
desetina,9462
vešel,11410
nekonečné,274
hladovění,11411
stříbrným,2828
soupis,11412
jakosti,8309
hledá,8986
dotykové,11413
svědky,11414
pořady,9459
poslancem,3531
odraz,11415
vyhovět,11416
zaútočil,3532
prodejích,2874
biskupské,3272
ruští,6551
přítelkyní,11417
titulárním,11418
litografie,11419
diabetické,11420
kultivar,11421
poslaneckého,5386
kombinovat,8998
mobilním,11422
montáž,10345
moravském,2200
přátelští,5404
vyhýbají,3764
informatice,3634
chaos,11423
cyklostezky,11424
ubrus,11425
alergická,5694
metrů,5000
závorkách,7507
počínající,1998
listinné,11426
popsána,2785
průmyslovém,3162
knížkou,11427
kochat,5632
rukách,1937
uměleckoprůmyslové,3528
popírají,11122
získáte,6134
podlepené,11428
křesťanstvím,11429
vydírat,11430
priezviska,11431
záchranné,828
fotbalovým,7242
kreslí,9972
nade,7655
activities,11432
vlastníky,8150
stánků,5340
stavitelství,11433
obžaloby,11434
kladenské,11435
jako,11436
placičky,11437
trolejbusů,11438
pojmenovaný,8055
nákupnímu,3821
hašení,11439
účtována,5475
úrazech,4452
prej,4989
dosavadní,8509
chemii,9587
půjdehledání,11440
zvládne,4689
div,11441
zakázat,7429
jedlý,11442
příplatku,1375
ojediněle,11443
unikly,2534
soukromou,5906
translation,11444
pití,10342
stoly,4697
žít,2529
umístil,6142
nejprodávanějšíhood,955
sešly,320
snídaněmi,1769
reálu,11445
patina,11446
mnohý,1977
lanová,11447
příkladu,2897
dalekohledy,8689
financovat,2057
dušení,8363
přehánět,11448
zadavatelem,11449
válkách,272
závažným,6221
výdeje,11450
zbrojnice,11451
opustí,3256
rychlovka,11452
uhlíkové,8116
připojila,10379
fotbalisté,3920
čárových,11453
because,11454
nastalé,11455
vzorkování,11456
čtenářů,5382
vlastenec,11457
podnikatele,9331
tisků,11458
kontrolovat,7208
francouzskými,10383
dílčích,2277
mezerník,11459
teploměrem,6151
argumentoval,10092
kampaních,1168
používaným,2855
naprostý,9382
rozpadne,6924
radiové,11460
nadvládu,7418
challenge,11461
levoruký,11462
modulů,11463
zavolala,9206
lítost,11464
pracuji,3069
průkazů,6544
jízdenky,8741
cykly,2151
zvracet,4826
krásně,11465
červených,896
vyhodil,5364
tohodle,11466
dotací,4729
scénu,1110
štítné,11467
mali,11468
nechávají,1834
dráž,11469
laky,11470
debutu,3618
kotoučová,11471
lyrika,11472
perkuse,11473
vyřadilo,11474
jmenovitý,11475
inovační,11476
tropických,841
otěhotněním,11477
pravicová,10913
zachycující,11478
halové,7606
porodnosti,11479
smrkové,8192
přítomná,4109
reakci,3255
obraně,10224
víně,5158
čechách,11480
vystavený,5467
vyzván,11481
zdravotního,8908
stahovat,7888
vodou,4119
vepřového,7034
vibrátor,11482
zapadl,8922
korektury,11483
šťastní,952
studia,8718
provizorní,11484
čistší,9458
pobavila,4666
lemované,11485
uzel,11486
tisíckrát,11487
chutnala,8296
propracovaný,10483
genealogická,11488
stati,11489
katalozích,11490
testem,2878
imunity,11491
zasadit,11492
nataženo,11493
chápány,1839
sklípek,11494
předvádění,11495
zkušenostem,6239
prohlídkou,11496
odměňování,11497
rozmanité,4149
jakémkoli,11498
rozhodovací,11499
svazu,5850
růžence,11500
filmového,582
průmyslovým,3162
myšlenkám,1729
důchody,3042
donucen,11501
modulech,11502
neplnění,11503
kufřík,11504
krytin,11505
zvládl,4689
prodloužena,1697
zareaguje,8353
snů,3796
jízdenek,8741
přístroj,11506
odezvou,11507
zahradním,8877
autorizovaný,11305
jezdit,3168
vymyšlené,9153
studiová,11508
poplachu,11509
názvu,1922
přístupdětské,11510
stresových,11511
zbavená,7924
tržních,8663
odvaha,11512
pohonná,8211
uvedly,3490
procesy,2810
administrátor,11513
využiji,11514
bezúhonnost,11515
česko,11516
evangelium,11517
soukromým,5906
podrobného,1963
nemocnici,8428
obtížně,10591
dáváno,3734
měkká,3009
stavět,7410
neznal,1154
dušnost,11518
kašna,11519
expedičním,4292
primární,5743
nitky,11520
jehněčí,11521
socialistické,6118
short,11522
ekologickými,5363
odesíláme,11523
vylepšená,11524
otrava,11525
bydlí,2183
napíšeme,620
kuchaři,7599
vzbudil,8337
dotaz,10990
inventarizaci,2556
natočena,2335
fouká,11526
awesome,11527
obsahoval,9133
centimetr,11528
vlasů,11050
zamířila,6429
hudebních,4388
sádry,11529
žákovských,8568
zachovány,8632
ledovou,944
úloha,11530
vzplanutí,11531
fejetonů,11532
zahrnovala,3671
uplatnit,11533
sundat,11534
zkvalitnění,11535
zformovala,11536
ischemické,11537
vypnuta,2052
nanášet,10191
těžiště,7291
velkoplošné,11538
interpretovat,11539
zkoušku,2660
milujeme,4478
osnov,4844
přezůvky,11540
půdní,11541
dokladu,5099
berou,1822
diskety,11542
zajímavostech,2771
lopaty,11543
nepodporuje,11544
skútr,11545
zabývá,8392
jabloň,9304
rozlehlých,6015
orig,11546
punčochy,11547
gastronomických,11548
studánka,11549
skládá,8147
hoře,3289
odběry,2208
nezřídka,2444
místostarostka,11550
čestným,7547
zakáže,7429
vidina,11551
sporné,5300
barák,8569
tajné,3559
detektiv,11552
skleníky,2929
změnou,1014
dostávala,3348
finalistů,9973
rozumnou,3877
tušíte,1243
televizním,6478
vyzkoušel,1751
nick,11553
plynule,11554
funkcionář,11555
nečte,11556
ţivota,11557
aktivnější,801
souhlasem,11558
ilustracemi,8074
představivost,11559
jídelním,10816
zkoumaných,11560
nehne,11561
also,11562
databáze,11563
malířka,6936
vědeckém,3728
cíli,646
celoplátěná,11564
supr,11565
stávajícím,6971
dopisu,2360
suroviny,11566
litinové,11567
vděční,8097
tiskáren,3625
zahrnujících,11568
věčným,9209
připomínal,232
nastartování,7214
svádí,9968
osamostatnila,11569
podceňovat,11570
někde,11571
odpracovaných,11572
taktiky,11573
cihly,2212
autem,11574
odvětil,11575
označujeme,2216
vydáváním,7527
mazlíčci,11576
rukavicích,11235
spadat,803
kaše,11577
variability,11578
bezdrát,11579
kompatibilní,11580
audiovizuální,11581
odhalit,1056
uměle,11582
účinkující,11583
univerzitních,2824
satelitní,11018
odnést,4960
mangy,11584
ubrousek,11585
domovy,5129
odkazem,5057
promyslet,11586
ústředního,1836
polyuretanové,10712
šperky,11587
kupované,11588
opěrkou,11589
pekařské,11590
potřebám,3554
pozitivních,3258
prózy,7751
štěrk,11591
daňového,3097
obrátky,11592
kroku,1956
návrhář,11593
vstávám,11594
krupobitím,11595
alkohol,11596
zhoršila,11051
prohnala,11597
zrakové,5864
postaveno,7839
institucích,6352
pláži,1821
zavedeným,1503
bydlela,2183
bitové,11598
pracoviště,11599
mečem,2129
smlouva,9253
odvetě,5730
otcovy,11157
zaváděním,8680
popřít,9202
snažší,11600
intenzity,8666
pěsti,11601
zviditelnit,11602
přestává,4547
uzavřít,1872
popište,2785
stodole,11603
zužitkovat,11604
bazénech,7833
kruhová,3247
rozšířily,8236
řídím,6593
uznávají,5456
obecná,4437
upon,11605
nestačily,2095
ostrova,4381
přijímacích,4558
připevnění,11606
uděleny,1633
nutným,6780
vyšle,11607
prokázat,5171
dezerty,11608
sama,942
manuály,11609
rozdílným,11610
metropoli,3367
vyčlenit,11611
finalistka,9973
holinky,11612
nejasná,1649
voucheru,5905
bourací,11613
bankovních,11614
železobetonových,9100
nabývá,11615
statut,5378
ozvalo,7288
poslouchali,6305
mužská,8618
krémy,11616
napadení,11617
rychlobruslařka,11618
adaptér,10668
vydělali,9495
lázeňská,11619
označována,4315
zapisovat,10420
předkole,1306
portfeje,11620
tužky,11621
pokoje,7446
vytoužené,11622
ohodnotil,6113
automobily,6655
podezřelý,11623
všeobecné,3993
záminkou,11624
zemřelých,9927
dílko,5522
pianista,11625
připomínky,3435
snil,2269
uživatelsky,11626
zajímali,2016
imunologie,11627
obyčejní,6205
mládeži,11628
koncipovány,2930
předváděcí,4435
stávka,6912
bůh,11173
terapeutická,4012
režiséři,4661
olivovém,2280
výpravě,4082
vzorů,7782
papriky,11629
kadeřník,11630
tabletů,11631
malin,2181
sest,11632
četba,11633
vyplněný,11634
vejít,11410
strom,9081
jpg,11635
řečník,11636
zahradnictví,11637
zřetelné,8935
omyvatelné,11638
podnikatelské,6367
krádež,11639
zapsaných,11640
panelech,3837
popudu,11641
vykoupat,11642
smarty,11643
oranžovou,878
omlouvám,3767
středoevropského,11321
vysokorychlostního,6818
neměly,1579
tahat,4862
přiřazena,7423
rychlém,2973
přemluvit,11644
souborové,5121
prohlédli,4505
opačný,10047
uvádět,1409
autobusových,3317
fyzické,4343
způsoben,5562
dilema,11645
mes,11646
hradech,3854
nenechám,5367
neřekne,2681
močení,11647
splácení,11648
pomaleji,11649
ohrožení,9594
personálem,7617
navýšena,11650
pozůstalým,11651
zjištěná,2837
restrukturalizace,11652
prostorovým,6907
hotelem,8994
diskusích,1967
antuce,7043
hodinkami,11653
udrží,7929
komické,11654
pozemcích,11655
postaráme,6561
jiném,4919
ustanovil,11656
plachtou,10453
římsy,11657
beautiful,11658
prodávaly,4230
ztrát,3529
existovat,1295
přistávání,11659
forum,11660
mluvíte,933
stáhnete,2381
popeloviny,11661
účinné,5390
nakupovat,11256
dotazování,11662
podmiňuje,11663
laserových,2245
rockový,7797
vzdání,11664
platbou,6000
nelehké,1876
zkoumání,11665
okruhu,3638
zprvu,11666
správná,6472
nedávají,3734
tuberkulózou,10122
samolepicí,11667
snížen,1114
nejvíce,11668
teroristickém,5063
odvážné,5035
františkánský,9015
legislativou,2387
stastnanevesta,11669
výhony,11670
užijete,11671
vlivu,3950
černoch,11672
mohyly,11673
aplikovat,9796
pohřben,11674
krkem,8202
vyrobilo,6465
stránkach,1299
ostrově,4381
senátoři,3501
vytvořeného,504
demolici,11675
staly,1466
přátelsky,11676
označili,6277
iniciativou,5478
gumové,4827
opouštějí,5559
probojovala,11677
focení,11678
gramáži,11679
důchodu,3042
úmrtnost,11680
dotknout,11681
věří,4144
ovocná,2465
sedadly,11682
spolehlivým,7647
uklízet,9961
hráčem,7277
scénky,11683
spolek,11684
rotační,11685
rovno,11686
zotavení,11687
rozložený,11688
pitného,5464
koníček,8588
nezanechává,11689
zázvorem,9360
předloží,1195
okupovaných,11690
krabičky,9712
portugalský,11691
vratná,11692
podepsán,7567
celkom,11693
personálním,5773
https,11694
psaní,11695
písčitých,11696
taťka,11697
chatách,6325
krevním,9288
vypadlo,8838
domácími,11698
přepadne,11699
nekonečného,9685
záliby,11700
neplatné,1732
umístění,11701
maximálních,10181
zásluh,3220
sloučena,8381
proslavil,11702
rukou,1937
trpí,10773
pohledu,5801
nakupují,11256
švestky,6079
elektřině,1423
libretista,11703
výrobním,4776
nenechají,3518
přesvědčení,11704
potah,11705
kresby,1735
usměvavá,11706
obvodová,4773
saténové,11707
diagnostické,5686
sekretářka,11708
diskusi,1967
geotermální,11709
pokynu,5030
výpadků,11710
arena,11711
obdržely,2382
zprovoznit,11712
metalurgie,11713
krimi,11714
členka,5594
vině,11715
přispěje,3029
atleti,11716
shledal,11717
přivést,5082
charismatický,11718
soukromá,5906
kalkulačku,4856
bodový,11719
bystrý,11720
štítě,4492
některé,1431
středoevropských,11321
celou,167
rtech,11721
zasvětil,4947
rolet,11722
chuť,11034
rezistence,11723
potrestán,11724
grafickém,650
boudy,9089
dalšímu,4796
příjmu,6276
pancíř,11725
tužka,11621
chodci,11726
domluvíte,1745
romantickým,7186
lidských,6602
slideshow,11727
chorvatsky,11728
trestních,10740
markýzy,11729
nástěnku,1203
kšandy,11730
sanační,11731
reprodukovat,11732
sepsat,11733
struny,11734
přizval,11735
probudilo,7351
nervová,4424
zakořenili,11736
arch,11737
ujde,11738
magistrále,11739
měly,1579
umístili,6142
nutné,6780
laserové,2245
vlnová,11740
rentgenové,11741
spojoval,11742
nezná,1154
komet,8234
termoprádlo,11743
tubusu,11744
kontinentě,9703
protektorátní,1675
potkává,9351
koukla,8909
severozápadním,9878
popisující,2061
zbudován,11745
křídly,10614
dvojka,11746
západoevropských,11747
zlehka,11748
balon,11749
vymizení,11750
pracemi,2735
neptá,5331
popírání,11751
zbytku,2985
seržant,11752
tahání,11753
usneslo,11754
množstevní,11755
plakátu,1478
zařazeny,4169
kabelovou,1492
eurozóny,11756
dcera,11757
obydlené,10716
jsou,478
napaden,664
obchodují,2215
spíše,1416
spojovat,2471
mobily,4336
uměleckém,7149
zasnoubení,11758
podlehla,5628
vráceno,762
kombinace,11759
aktu,2947
posouvají,2503
vyhřívaná,11760
imunitního,10756
soutěžích,1514
pohledová,11761
nedochovaly,3472
podlaha,3883
poskytovat,2988
londýnské,7734
platformami,6066
předávat,11040
paleolitu,11762
hradem,3854
maso,11763
oparu,6093
jakmile,11764
stejnosměrný,11765
východních,1628
definuje,8170
vyzývám,8201
book,11766
zahrát,10174
vestoje,11767
nepřátelskými,11768
připojený,4954
romantická,7186
vedou,2112
rozčlenění,11769
poskytovali,2988
dopravní,4766
terasou,2640
zápornými,2153
linky,8658
agregace,11770
přistoupili,2283
provozován,5431
momentem,6010
kvalitách,3474
záběru,4978
křídy,6944
troubě,11771
přezkum,11772
pochlubila,5462
vodovodu,5558
neviditelné,11773
čten,3523
tenistou,3557
museli,3779
ptáte,5331
implementuje,4491
doručovat,11774
mechanické,10441
vzhledem,11775
autobusech,7784
tadeas,11776
profesor,11777
nažloutlá,11778
šampaňské,11779
zakončuje,11780
kapsička,11781
inženýrství,11782
vlastivědy,11783
posílilo,8825
přesunem,4518
polévky,4075
poznat,6521
mluvčím,5484
uklidnil,4384
zajet,11784
odposlechů,11785
kursů,686
energetického,4330
radši,7216
for,11786
mikroskopy,8423
the,11787
vývoz,11788
regulovatelný,11789
volnočasová,8484
dvoudílná,11790
stavebnic,11791
spolupracují,4276
hmyz,11792
patronem,11793
store,11794
vyhrají,2066
sesterská,11795
stáhly,2381
madlo,11796
dodržování,11797
divoká,7548
mzda,2628
vrchy,11798
kontinentu,9703
materiálních,9402
nepíšu,11799
pečením,11800
neomezenou,3916
cyklisté,5263
zkoušce,2660
alternativního,7085
prodyšného,11801
stejnej,11802
vzrušující,11803
typické,5014
divů,11804
výbuchu,2916
strávená,3749
sněmovnou,7595
tím,3681
výzkumech,3056
kouzelná,4072
incidentu,4327
lingvistika,11805
sruby,11806
listech,1417
poděkoval,10164
kolejových,11807
nositelia,4355
tělesná,3048
spíš,11808
příčkách,1385
zjednodušená,3173
opravdové,6709
related,11809
hvězdičkami,10329
vytvářením,7406
stříbrnými,2828
medicíně,3236
zpravodajských,1608
palety,2289
programovacích,2071
žijete,2529
květina,8249
car,11810
smetanové,3849
samolepka,11811
farníky,11812
obávat,4873
setrvání,11813
sdělování,4134
podlažích,4598
mateřského,1128
označilo,6277
talk,11814
nucení,6319
zkonstruoval,10312
prahem,11815
jejíchž,4189
prestižního,5919
římským,3277
výboj,11816
razie,11817
pohyblivé,8197
krůček,6062
jídel,4466
kina,4842
tanečníci,11818
štíty,4492
účes,11819
epizodách,638
vyrábělo,3266
svobodě,8816
vyhodnocovat,968
nejdelších,1855
nadsázky,10630
zrušena,2806
prodyšný,11801
zavedením,2908
městských,3780
mívala,3290
dávat,3734
bezmála,11820
taneční,11818
zaručeně,11821
plného,5204
zapomeňte,1829
zaplní,11822
vystačit,3704
panelový,6956
gen,11823
mrtvých,3434
probral,6781
měříme,9401
nejúčinnější,5390
odvedené,11824
béžové,2707
kryta,4445
vojny,11825
zničující,11826
snížili,5969
vytrvale,11827
přiblíží,4624
ochrana,11828
vlaku,2975
supermarkety,2829
zák,11829
spoluprací,865
výbava,11830
měřič,11831
české,5690
násada,11832
znázorněno,11833
bankomatů,11834
tlačítkem,11835
videozáznamy,2274
rozená,11836
tématických,8678
štěňata,11324
pověřena,8322
svedl,6297
klidu,11837
statečně,11838
hale,6315
délce,5192
kupuju,5520
obchody,3846
farmáře,5581
faktické,2543
demokratického,7775
nab,11839
poukázka,2115
průkaz,6544
cswiki,11840
vybaveni,9690
přilnavost,11841
geologických,1563
spolupracovníka,1083
krůt,11842
šachty,11843
hokejisté,7914
klidně,11844
krizi,3075
zvýšit,5569
exkluzivních,8280
vile,11845
státy,1466
krovů,6033
dokázat,1374
prostřed,11846
uvidim,11847
podlahy,3883
silnějším,1131
lehátko,11848
předvoleb,11849
ekologického,5363
rozklad,11850
časovou,429
přispíval,4630
divili,5072
vydavatele,2007
přípravou,394
vyšetřování,11851
varujeme,3449
ozvala,7288
makroekonomie,11852
vyhlídku,2671
sektorové,11853
didaktických,3545
slušné,9417
minimum,11854
postřelen,11855
houbaření,11856
mohly,1237
mícháme,11857
kapitálový,11858
služební,11859
vedoucími,11860
utkali,11861
zámkem,7878
infarktu,2926
zprostředkovává,11862
textových,2287
audiovizuálních,11581
obhajoval,4589
dochovaných,11863
muset,3779
hříchem,10504
řadového,5619
detoxikaci,11864
průsmyk,11865
sběrnice,11866
fyziologické,11867
řemeslník,11868
sjelo,11869
vyučován,11870
izolační,5258
zřítilo,4412
falešná,5607
příznaky,8112
oštěp,10869
životopisu,5051
ovládací,11871
klíšťata,8039
přejezd,11872
porodů,2705
oranžovým,878
podstatnější,4969
kanalizace,11873
hrozit,4474
holub,11874
dotacím,11875
fotoaparátem,8212
obrázky,3359
nedělali,2861
zřícení,11876
logistiky,11877
salátu,1370
krabic,4577
včelstev,11197
vnímali,2857
četli,3523
jednodušší,2738
jídelnou,3221
proč,11878
využívala,8096
stup,11879
nákladního,8537
trávicího,11880
negativních,4541
periodikách,11881
odhaluje,11882
uvedeným,1398
hnojivo,11883
obývá,8802
velkém,3442
psychologie,11884
motocyklů,11885
smutně,11886
chyběla,7068
zděného,11887
celovečerním,7012
továrna,11888
ztěžuje,11889
ztrátách,3529
nenajdete,7815
napsané,9620
pravdou,4178
dostaly,2702
podniká,9640
konflikt,10410
katedrální,3358
objektivně,11890
vystupují,3884
mletým,4220
následované,4453
komfortní,11026
asijský,11891
živelní,11892
vyjadřoval,5722
měřených,4559
source,11893
přiřazuje,11894
ustanovením,7591
nepříjemně,9257
falešným,5607
štípané,11895
sauny,7313
játry,9050
autentické,7569
oblékal,8505
vinařské,10944
souvisejí,3274
provozech,3355
považovány,3313
školu,1986
štíhlý,11896
obdivovali,11897
uvolňování,11898
chrpa,11899
přežití,11900
výsuvná,11901
uvažuji,11902
kávou,6328
šachta,11843
food,11903
rychlejším,2973
chirurg,11904
blokáda,11905
pouští,11906
vrácení,11907
seniorské,10120
sebeurčení,11908
standardním,7856
zaměstnávala,11909
demografie,11910
nehod,6868
čtyřhr,11911
nabírají,11912
následnému,342
hádat,11913
zvláštních,11914
lokalit,7777
námořníci,9483
politologie,7901
negativního,4541
nástavec,11915
synovec,11916
odsoudili,11917
palubu,9923
prohlášeno,1249
nezaměstnaností,2582
zvyšováním,6343
doufala,3404
doteky,9276
oděvní,8239
meziobecní,11918
bavíme,2524
agenturou,4354
licenční,11919
ovladač,11920
sanitární,11921
překladu,1975
soudu,5936
tagů,11922
zažívacího,11923
ztratilo,8947
sedákem,11924
arcibiskupství,11925
nepřijetí,11926
krmivo,11927
obyčeje,11928
půjčovat,6114
obdržet,2382
nabrat,11929
knihovnice,11930
výtvarnému,1120
literaturu,4323
bolševiky,5617
bezpečnost,11931
dospělo,6364
kalkulací,2665
softwarových,3649
vojenském,4990
interiérech,7496
prostorná,6681
sdíleli,9230
podmíněný,6063
analogový,10951
bederní,11932
lesby,11933
interaktivním,3126
půdou,5217
kanadské,2658
nepravidelných,7361
ráje,8065
vystřídalo,6682
vylíhnutí,11934
vyměnitelné,11935
cestovního,11936
animací,11937
žádaná,981
sídlišti,10105
bývalí,2217
setech,10423
vodn,11938
nelíbí,5239
showbyznysu,11939
přísluší,11940
otopné,11941
studentskou,1974
odrážedla,11942
rozhlasové,2993
začnou,1166
říkaly,1775
říkadla,11943
vonící,11944
vaječníků,11945
ochranných,2989
přívěsů,10159
redaktoři,5738
základová,11946
obchodním,8920
kritickém,2422
pustím,6075
neomezeného,11947
nápoje,7702
rádce,11948
dodavatel,8745
slovanských,6469
návyk,7935
spravedlnosti,11949
vyrábí,3266
trička,11950
demonstracích,4872
provozovna,6837
sloh,11951
manželský,11952
obaly,2755
typickými,5014
senioři,11953
notář,11954
chudoba,7724
neziskové,6708
rozšířeným,1301
dvorek,11955
nadčasové,8736
držitelka,747
výboru,4115
příznivcům,9282
bohoslužbě,6216
krásného,1613
dobíjení,11956
miliony,3219
přesahovat,1924
římská,3277
čínští,4642
ukradený,11957
glosy,11958
bankovní,11614
univerzitním,2824
snášejí,3394
map,4105
datovým,3631
rozhlasových,2993
obcemi,11959
žadatelé,11960
certifikát,6698
přetaktování,11961
zavolá,9206
trávě,3504
cévnatých,11962
ostatních,1219
laboratořích,6479
byť,11963
připomínalo,232
rozšířena,1301
houby,10892
komunisté,8026
uvádějte,11964
většími,3442
průhledným,2026
potřebují,3626
připojených,4954
empatie,11965
kmenové,3661
apoštolským,9626
vyzkoušejte,1751
observatoř,11966
programovatelné,11967
pomocné,1112
berlínském,11968
penzí,11969
kovovými,11970
sodík,11971
protestantský,11972
analýze,1935
přístupnosti,11973
financovány,2487
nabíjí,11974
ležím,3100
viola,11975
spodní,11318
poziční,11976
nechutné,7476
chlapecký,4792
motivovat,11977
neumíme,1996
obrovským,4869
styk,9311
expozic,9424
odeslán,11978
horském,2466
rozešel,11979
bydliště,11980
svetřík,11981
zakázaný,6043
poutka,11982
zaměstnanců,6271
značným,11147
kterémkoliv,2378
učebnicích,4979
elektrotechnické,2107
ustavující,11983
vodě,4119
plaveb,3076
připojí,10379
chtela,11984
dáno,6345
svědkem,11414
registrujte,8641
interpersonální,11985
term,11986
dovršil,11987
netradičním,1789
zbývajících,10981
dispoziční,11988
výsledného,3711
předložky,11989
dvěmi,11990
sečení,11991
vyzvedne,11992
sochař,11993
orientuje,11994
korálek,11995
podnikatel,9331
plody,9240
textury,11996
víckrát,11997
napsaný,9620
pokrytá,7742
trvalky,11998
spoluobčanům,2623
neda,11999
charakteristických,5564
posuny,7445
klukama,12000
mrtvý,3434
styling,12001
praváky,12002
nekuřácký,12003
přesnídávky,12004
úrodná,12005
neštovice,12006
neotřelý,12007
organická,4250
operativního,7528
nevyskytují,3982
málo,6702
turecká,12008
nikam,12009
proslulý,12010
nárokům,6226
kabelového,1492
promiňte,12011
dalších,4796
teroru,9780
smyčce,12012
lekcích,2907
pracovnících,9312
lhostejný,12013
kotlem,12014
porušením,12015
serie,12016
nekompletní,12017
vypustí,2318
dotýká,12018
viac,12019
lihu,12020
obyvateli,8005
formátech,12021
straně,215
kulturách,4060
folkové,12022
úzké,5713
oves,12023
sklidil,7908
úlohách,11530
zodpovědnosti,9192
tradicemi,7489
patřím,600
živel,12024
sami,942
bazény,7833
dobít,12025
nájemcem,12026
zvonem,12027
tuhé,6242
ananas,12028
udušení,12029
vypnutý,12030
ořechu,5571
popravit,5335
rudých,362
souhlasilo,3312
zahraje,10174
ochutnali,6004
nasadí,8996
výkazu,3170
zavolal,9206
kelímek,12031
utratit,1446
nevědomí,12032
roh,940
kategorie,12033
lásko,12034
cukrárny,12035
zavražděné,2225
slezská,9894
též,12036
komfortu,12037
fasádní,12038
identický,12039
garáži,9535
nasazena,8996
kamerových,12040
active,12041
ubrusy,11425
složitější,2940
zásadnímu,3660
příkladě,2897
vstřebávání,12042
komediální,12043
uhradí,5415
teta,12044
rádiového,4402
procentuální,12045
přilehlými,4565
rozdělili,10970
obyvatele,8005
name,12046
dozajista,12047
zádech,10344
certifikované,12048
vyberete,2015
táhla,1837
potrzují,12049
antickém,4588
módními,12050
uvnitř,12051
fejetony,12052
textové,2287
kadetů,12053
proniknout,12054
zápasu,4162
dospělá,7006
domovské,2404
hybnosti,12055
vzlétly,12056
závazná,4314
vkusné,12057
oznamovat,381
šatník,12058
brazilský,12059
velení,12060
koncepty,12061
předešli,6914
pramenům,9929
odstupné,12062
učinilo,6197
hřib,12063
nízkého,350
čelního,10804
rozcházejí,12064
redaktory,5738
intravilánu,12065
železničních,6758
cestovní,11936
pohotovosti,12066
přátelům,4372
tarifní,12067
obžalován,12068
vyživuje,12069
příznivce,9282
vitalitu,12070
forma,12071
hektolitrů,12072
řasami,12073
míru,6688
řeči,7235
jdoucích,12074
přiřazeny,7423
patron,12075
pohotovost,12066
čestně,12076
každá,759
dýchat,12077
vymezena,12078
jakýsi,12079
věž,10887
sežere,12080
úhony,12081
nepřítelem,12082
hydroizolační,12083
vyplnění,12084
klid,11837
pseudonym,12085
chodníků,2485
vystavená,5467
přikázal,12086
filosofický,12087
plod,9240
nasadila,8996
uzavírací,12088
vrtulník,11100
ovládaný,12089
zrekonstruovaného,12090
urbanistické,12091
namalovat,8350
filmů,1506
špatných,234
britští,2566
čtyř,1964
dosavadního,8509
metodami,9498
předloženy,1934
spolupracujících,8267
zabezpečovacích,12092
zaručený,10850
spot,12093
příbalové,12094
pořadím,5739
kolejiště,12095
průměrného,434
lákat,938
sólového,1566
centralizace,12096
dorůstající,12097
pochybnosti,12098
hnízdo,12099
obytného,12100
absolvují,1661
zazářil,12101
globální,8246
ledu,53
mimi,12102
průtahů,12103
srdečního,11219
možn,12104
vilem,12105
spatřovat,10144
strategickém,2823
miloval,4478
zátky,12106
záporných,2153
ozdobené,7292
včela,12107
zakladatel,9384
geodézie,12108
svěřen,8041
zaregistroval,4067
ekologické,5363
pocení,12109
inspirující,12110
nesmírné,12111
deficitu,7033
studny,11549
rozvinutá,12112
pokuste,1026
dostupnou,340
spím,1631
majitel,12113
resuscitace,12114
kurzívou,12115
zářiče,12116
pilot,12117
pohlednici,8768
graficky,12118
potrápit,7166
díváte,4499
urychleně,12119
diváci,12120
www,12121
velkolepou,965
pozemský,12122
porno,12123
vystaveny,5467
držet,4986
nakupujte,11256
obdobný,5333
hangáru,12124
latina,12125
ředitelství,12126
konající,570
úmrtnosti,11680
dovolit,2319
tonikum,12127
rozsáhlého,1705
dceřiných,12128
otázkami,2155
neklade,12129
gril,10721
sadu,3479
prověřit,10107
disponibilních,12130
pustil,6075
kopie,12131
mezních,7771
diagramu,9581
veterinárního,10609
činitelé,11056
osvědčí,1252
zajišťování,12132
přecházet,7114
regionálních,1936
žádáme,2252
humorem,8873
modelové,433
autonehodě,12133
hradu,3854
projektor,396
zdokonalování,12134
navrátil,7747
basketbal,3934
vybavení,12135
úředně,12136
impaktní,12137
službami,3035
zápasech,4162
diety,10636
dovědět,10020
brzdná,12138
netopýři,4996
polštářky,12139
výbuchem,2916
sdílená,3756
čínskými,4642
sesuvy,12140
soudnímu,12141
bolela,9219
nehtové,12142
sdělovacích,9023
dozvím,3085
zahřeje,5494
běhy,8480
kvantová,12143
šitý,12144
fuška,12145
nepřestal,8887
kuchařské,12146
mathrmx,12147
atentátu,4768
stojím,1466
poohlédnout,12148
dutý,12149
kvantitativního,12150
prodlouží,3376
majitelka,12151
zmiňovány,1479
testovaných,12152
respondenti,6645
olejový,12153
nehodou,6868
fakty,12154
vyplňují,12155
mobilitu,12156
vestavěná,4413
eshop,12157
vodotěsná,4307
potřebujete,3626
interdisciplinární,12158
atrakce,9522
odvážná,5035
amerických,1078
papriček,12159
alergickou,5694
států,1466
nelíbilo,5239
inkaso,11400
toužím,4285
kapitolách,601
zhorší,11051
koutkem,2004
přehlídkou,1189
stylový,12160
vězněn,12161
pochybuju,6171
texty,7144
zbourání,12162
felace,12163
evropské,3195
kusy,4952
učinila,6197
prohloubení,12164
ruštině,12165
výšková,9815
ubrousky,11585
linuxové,12166
spotřebu,1814
přivodit,12167
prokázali,5171
léčebného,8100
navštěvovat,5920
turnajích,1709
značná,11147
hradecké,12168
žurnalistiky,12169
školící,12170
deklaruje,12171
výzdobu,3208
dojede,12172
pořadů,9459
italštině,5519
kladli,2195
východiskem,6443
dívka,12173
prohlédněte,12174
plaveckých,3071
postihuje,12175
materiálům,703
dostanete,2702
nejrozšířenějších,1301
připomínala,232
podstatě,12176
uhličitan,12177
dvojím,12178
hráškem,4326
zastupuje,12179
různé,4763
dani,8508
kočár,5389
stará,5912
popravených,876
sklepů,1982
zákoníku,9562
přehrávačem,6280
holá,6031
mýto,12180
skokem,6353
odnese,4960
podvědomě,12181
slupky,12182
udělaná,6807
volilo,1254
oščiatková,12183
vlastníkům,8150
odmítám,6798
porodnost,11479
nenašla,7815
vstát,5604
dozví,3085
vypila,11215
fyzikálního,8464
štětec,12184
románská,12185
drátové,12186
správných,6472
spojování,850
kandidující,4670
kompromisní,12187
týkala,2946
hodnoty,6011
kanceláři,4980
porcelánová,12188
poznatků,9593
budovy,6611
sušších,622
lovecký,7298
fólie,12189
cituje,528
osvětlovací,12190
souboj,12191
mobilům,4336
bolavé,12192
lisování,12193
plesa,6053
dobírkou,12194
kolapsu,3014
mimino,12195
zpestřit,12196
obležení,12197
zaměstnavatelem,8488
čtyřjádrovým,12198
vyřešené,8498
autorem,721
zraku,12199
podívá,3106
položeným,1150
splněny,1772
pojmenovaná,12200
naplníme,5488
dohledat,12201
marná,1325
zaplacenou,1127
posléze,12202
kontrolována,1760
vládního,1767
obhospodařování,12203
pohádkou,10080
mládež,11628
chopili,12204
živější,3261
pravice,12205
vymýšlí,12206
organizované,3751
umístila,6142
posilovna,12207
nemít,1579
zevní,12208
levnější,1190
pobídky,12209
držitelem,747
vezmete,1858
učebnách,4010
nemyslela,3888
jakožto,12210
maximu,1857
redigován,12211
truhlík,12212
nepřijatelné,1791
viditelného,2992
rodinám,4288
činu,1938
odrazuje,12213
tmavě,12214
maskování,12215
ostravského,1343
luxusních,10936
nábř,12216
slovesnost,12217
zřejmá,9265
kryté,4445
rozsáhlých,1705
vysokotlaké,12218
juniorské,1714
ubylo,12219
lázních,12220
kalifornském,12221
čtvrtku,4835
services,12222
juniorů,9470
smyslu,6783
kavárně,3874
nebytových,7994
neolitu,12223
monografie,12224
světoznámý,12225
účtuje,5475
hromadných,2808
dělí,9079
říčním,12226
technologická,5041
literárních,5004
přestavěná,12227
průřezem,12228
státem,1466
dokumentárním,1655
vládce,12229
nejdále,12230
zeleného,515
puberťák,12231
zvedava,12232
kuřecí,9565
požitek,12233
rychle,12234
nesplní,2730
busta,12235
charakteristikami,1593
koordinátora,3720
rozsáhlými,1705
rovnoměrné,4640
slovenskými,6995
slezské,9894
narůstat,2246
zahradní,8877
svatebním,10192
hrneček,12236
objasnění,12237
automobilová,5842
přízně,12238
studovny,12239
poslouchá,6305
drogerie,11315
zobáku,12240
spolupracovaly,4276
lucerna,12241
květinové,4782
armádním,5592
plastové,2567
nasazeným,8438
dotyk,12242
elektrotechniky,12243
reklamních,6431
kterými,2553
vysílal,12244
utekli,818
gentleman,12245
zachází,12246
kolové,12247
ropná,3328
šance,6866
web,12248
zaplať,3116
nabyla,7278
potížím,3697
invazi,2868
zkreslené,12249
správcem,12250
obnovením,5863
utrpením,12251
reformátor,12252
povinném,4224
potvrzovací,12253
datového,3631
nevěra,12254
přiřazení,7423
policy,12255
kapitula,12256
svědí,12257
environmentálních,9418
měřené,4559
patriot,12258
jezero,12259
interiér,7496
nelékařských,12260
pravdivý,9321
sametové,882
slonoviny,12261
mikrovlákno,12262
původce,12263
najít,7815
vnitřních,12264
výjezdu,4346
sídlištěm,10105
plzeňská,3677
docházce,12265
zábavnější,2460
křižáky,5059
denkas,12266
blázni,5290
rozvaděčů,12267
postoj,12268
teoretickým,4580
všetky,12269
krytů,6138
prostorného,6681
vyběhl,12270
navazují,2694
uzeniny,12271
odstavit,12272
sovětském,2977
postačuje,12273
norma,11109
rumunská,10055
válečného,1626
instruktoři,12274
zastávce,5890
oblastmi,8193
nemocničních,12275
zrušují,12276
nedělají,2861
blesku,4902
epické,12277
odbyt,12278
inspirace,7178
divácky,12279
virtuálním,12280
uživatelky,9267
zmíněné,2201
zamířit,9612
festivalech,1489
tónovanými,12281
alergeny,12282
nesplňuje,12283
globálně,12284
optimální,9904
file,12285
předkové,9590
oceánů,1678
obřadu,3459
příčinách,7388
pozdějších,2814
sortimentem,1277
nazývalo,12286
výpovědi,12287
přezkoumání,12288
stávající,6971
starší,5912
ubírat,12289
srozumitelné,5598
přemístění,12290
vyrážejí,12291
střídaly,3694
splněna,1772
relaxačních,12292
účastnily,1955
času,446
třem,2128
horou,1716
pokladů,2412
osídlovali,12293
provazy,1619
nevidíte,651
plátky,9106
stavěla,7410
hodnotách,6011
spravovali,10583
mna,12294
psacích,7419
systémech,4742
deskami,7666
malířských,10155
podporuji,5321
čelních,10804
pátrat,7954
oslavě,602
italským,7414
provozovatel,9564
časovému,429
potenciál,12295
analytického,2913
zúčastněné,3580
kázně,12296
sweet,12297
dlaní,1933
sociálními,11152
radiátor,12298
špionáže,12299
bolestivé,6493
potenciálním,7944
vyložit,12300
potřebě,3554
sloučit,8381
poslat,10214
nadřízených,3406
porážkou,7389
snadnějšího,5995
žáhy,12301
zajišťovala,4441
povědomí,12302
převzata,392
majitelé,12113
vládl,4501
multiplex,12303
ambra,12304
bolestech,9201
průjezdné,12305
nezvyklé,12306
pozink,12307
utečou,818
technického,2472
osob,8514
přívěsné,12308
hlavnímu,1290
inkvizice,12309
směrovač,12310
začla,1166
nedělalo,2861
ultimátum,12311
spolehlivá,7647
osvobodila,2520
vládu,3324
osvědčeného,6433
provinční,12312
dvojitý,8828
džus,9706
odběratele,6985
produktu,5917
založit,7344
tématům,1314
koloběžce,12313
žárovka,12314
knihovnických,7371
předurčuje,12315
vyslat,11607
golfového,1788
zděná,12316
propaguje,12317
léčivý,12318
hloupý,12319
doplňuji,4013
částí,2549
časovač,12320
cestovním,11936
datovém,3631
svých,4415
předevš,12321
vítězům,12322
veselí,2210
konělázně,12323
barvení,12324
zůstanou,2872
kuřata,6384
desítka,6437
lámání,12325
zvonky,12326
výdejního,3669
přístrojového,10409
žádaný,981
zdrojům,5857
ostravském,1343
knihou,1761
odebrán,12327
oříšky,6184
kontroverzním,12328
vykonává,5770
dětem,2545
ovlivnilo,5024
jedinou,1186
zámeckým,5038
daných,6345
téže,278
hledáček,12329
nadané,12330
exponátů,5965
potíže,3697
rozhodnete,2683
lidičky,12331
účelné,12332
přístřešek,8878
scifi,12333
pěvkyně,8675
kombinovaného,2684
uchovává,12334
konzervativnější,12335
připomínkou,3435
úděl,12336
inženýrských,5435
oceňované,12337
osvobodil,2520
spojenec,5411
poloze,8068
titulky,4517
vyhovuje,4916
vyráběná,10557
ponoří,8903
básníci,1766
ideál,12338
svržen,12339
mrtvým,3434
zhoršit,11051
detailních,3897
geologického,1563
zahrádkáře,12340
doplňovány,4013
řešíme,7119
škálujte,12341
čajů,1913
jedinečného,3887
kosmetice,11143
vedlejším,8576
skupinami,8104
vlnové,11740
berlínské,11968
arabském,8031
chudáci,7184
zbrojní,12342
vrstvami,9514
stěrka,12343
grantu,6259
šlehání,12344
proslulá,12010
výhodnosti,12345
indikace,12346
zaměřila,8485
motorické,12347
stěžovala,6132
obchodní,8920
dokážeš,1374
zásilky,12348
uzavírky,12349
můţeme,12350
příměstských,5702
shořela,4104
pásech,3952
hostuje,12351
všema,12352
koláče,7812
přehledně,12353
ušetřit,12354
inspektoři,5042
tragédií,4319
startující,418
rakev,12355
agrese,12356
keramika,12357
osmnácti,7668
kulatých,1638
umělými,5884
odcházíte,3300
umělého,5884
uzené,4031
lůžko,11242
neobejdou,12358
řídit,6593
vrcholku,12359
sebelepší,12360
zmocněnec,12361
train,12362
hází,10132
hledám,8986
company,12363
hraní,12364
mládeže,11628
tuzemském,9105
rychlí,2973
prestižní,5919
zahrnovat,3671
přívlastkem,7199
osvěží,12365
zkoumali,11185
čtvrti,6065
cukrářské,12366
mimoškolních,8024
aktivován,12367
minimálního,5289
poutník,12368
vac,12369
hřebík,5548
zalévání,12370
osvědčeným,6433
proužky,6474
utrpěla,8512
nepřímá,4746
lesem,12371
zmíněnými,2201
odkazuje,12372
tričkem,11950
bývalém,2217
dobovým,3127
zájemce,6792
zaručené,10850
vyžadovala,6149
veden,12373
kriminality,6686
pedagoga,3257
odstínem,12374
navazovat,2694
nabídkám,403
lézt,8029
květů,1596
částku,2213
obohatí,12375
využívána,4411
dinosauři,12376
kůň,12377
strhující,12378
počítačů,8858
střídali,3694
deštných,1246
patrná,8286
shodla,8073
rozdělovníku,12379
dividendu,8831
dobytek,8885
obvodových,4773
energický,12380
příslušníky,9341
soustřeďují,10576
usnul,12381
paleontolog,12382
armádních,5592
schválenou,166
kuchyňské,4181
režimů,7131
omyly,6136
alb,12383
označený,8258
import,12384
neurčitý,12385
přístupové,4660
zdůrazňovat,7187
pokladen,2281
zmrzlé,12386
paradoxní,12387
zastaví,2651
ekonomického,3383
bylinkami,9051
soupeřem,12388
dámy,12389
ben,12390
venkova,2865
dobíjený,12391
hladovku,12392
hledisko,10567
mladší,5800
koncernu,6664
témat,1314
prohlubování,12393
rýžové,5893
sazbou,3765
střediska,4267
sádlo,12394
území,4922
přimícháme,12395
kdokoli,12396
malé,2564
zákaznického,2667
předkola,12397
uloženo,12398
vtipná,3181
vrat,5414
rychlobruslení,12399
pohledů,5801
účinná,5390
odděleních,10294
ujet,12400
bouda,9089
ozdoba,9428
myslivosti,12401
rozmanitosti,12402
dané,6345
klasické,4367
župan,12403
součin,12404
používaly,1966
benzínový,12405
zatížením,12406
pestrou,1139
položek,10459
infty,12407
zábavou,3744
vyrovnané,7601
dokumentem,845
strojní,12408
zkrácení,12409
platily,2397
užívaná,12410
odloučení,12411
úředním,5060
rukama,1937
posláni,10214
mobilů,4336
plnému,5204
mateřství,12412
extrém,10362
gotiky,8592
republikánské,12413
vrcholky,12414
nečekaná,7794
samému,942
náctileté,12415
řemeslo,12416
původ,12417
cyklistům,5263
liber,12418
popelnice,12419
napojení,12420
animovaného,12421
prohlídku,1376
kvalitních,2413
vyplněním,6833
stresu,4352
rychlostmi,12422
vsadit,10661
ivzez,12423
nezbytná,12424
parazit,12425
osvícenství,12426
profesní,9440
zálohovat,12427
fotbalistou,3920
tarifů,10109
hrozně,3216
ikarkulka,12428
evidované,12429
hrazeno,9325
schránce,4212
smí,4080
sklokeramické,10106
lampička,12430
svazcích,1408
užívalo,12431
naši,1665
černé,3938
advokát,12432
soustředila,7868
analogicky,12433
přesahy,12434
kurty,12435
pracující,12436
neodkladné,12437
páskou,2146
metalíza,12438
sociálního,11152
zdrojích,5857
protipožární,12439
transferu,6426
nadace,12440
referátů,6016
zálivu,8332
faktory,5511
financována,2487
reprezentačních,12441
jejím,3487
důležitých,999
placebo,12442
vypít,11215
mapou,4105
print,12443
prostornější,6681
vyvázl,12444
link,12445
rekonstruována,3624
poptávkou,1008
povodňových,8804
activity,12446
mnoho,12447
vlasový,12448
posílají,6274
tek,12449
schodů,5636
spočívají,8891
created,12450
konzumovat,4662
dolní,11092
revoluční,7870
mírou,6688
výstražné,12451
soustav,5688
unavení,10708
hloubkové,12452
svíčkové,12453
příběhu,6774
tyfus,12454
organizacích,3539
báli,3252
formulovat,5316
amatérský,9121
jednotných,3408
podlehne,5628
odstěhoval,6724
výzkumem,3056
předním,5500
delšího,1855
uchovat,12455
medicínu,3236
jasmín,12456
reliéf,12457
masových,1694
syst,12458
lázeňským,7969
vozovkou,6623
bulharská,6038
peetrax,12459
upsaný,12460
vyplňuje,12461
užívají,2939
konkurenceschopnosti,12462
psáno,10943
tlakový,12463
stromků,10137
ostatky,12464
náhledů,12465
stabilně,12466
klubem,2974
stanovištích,6816
probírat,3797
fotím,5679
nejmodernější,4434
objemů,6652
zachován,8632
neslyšících,12467
investovala,8272
dělal,2861
konsolidační,12468
členstvím,2606
hospodářských,1304
hraniční,12469
bál,3252
regulované,12470
kapesné,12471
seřazen,12472
otazníky,6180
šifrovací,12473
přehrady,8084
těhotných,6830
hnědé,839
login,12474
svěřit,8041
neochota,12475
blbá,2580
poučit,12476
dálničních,9370
hezkým,1445
bobule,9563
podatelny,11391
skrytí,12477
nerez,12478
zasáhnout,7029
dát,1297
vyšetřovatelé,11186
řídicí,12479
rovnocenné,12480
místotř,12481
výborně,12482
čtečka,12483
draze,12484
předepsaném,7303
masivními,11244
televizního,6478
upevnění,12485
postava,11119
ránu,12486
střelci,10561
konzul,12487
intervalů,4814
poražena,5589
využívám,12488
kolekci,4850
předlohy,7573
kalendářotvorce,12489
různý,4763
písečné,8732
náhodně,12490
monetární,12491
havárií,6567
společníci,7714
opravňuje,12492
café,12493
popsali,2785
poukázat,5238
volitelných,1123
ospalost,12494
přizpůsobení,12495
kádr,12496
kontakty,2675
vosk,12497
kamarádkami,4657
třídního,1550
šicí,12498
tržní,8663
horšího,5718
občánků,12499
řešil,7119
heřmánek,12500
klasice,12501
výkladový,12502
směsice,12503
zdatní,12504
italsky,12505
považuji,3286
studentem,5570
triček,11950
vláhy,12506
uvolněná,1232
sekundách,2790
vyřídit,12507
přešly,1880
švédská,12508
profesním,9440
facelift,12509
naráz,12510
olympiádách,1067
líc,12511
nejvýchodnější,1628
protržení,12512
potvrzující,12513
zaběhla,8454
organizování,12514
termo,12515
přijme,2507
komunálního,2835
jevů,3281
násilným,7863
počíná,1998
výtvarných,1120
betony,12516
košile,12517
neurologie,12518
čtením,4609
skvrnám,6515
daného,6345
objektivní,12519
ideálního,2729
patriarchy,3093
odveden,11003
pořídí,12520
třetích,517
evidentní,12521
bezpečnosti,11931
donutily,7128
procházíte,4737
kosmické,4664
plynoucích,12522
vysávání,12523
stromečku,2075
šťastnější,952
pozná,6521
cestovních,11936
vklad,12524
rámcem,4061
zaměstnavatelé,8488
reprezentační,12441
poslech,12525
grafik,12526
zásluhu,3220
kontroverze,12527
obdobných,5333
přispěvatel,12528
vůdčí,12529
nejnovějšího,883
vyvodit,12530
přestěhovat,4468
strojový,12531
číselné,12532
kouřit,12533
zrada,7701
zahnat,12534
zanechalo,12535
povinně,12536
přidej,1075
přísloví,12537
způsobem,4626
ucpání,12538
fotil,5679
přehrává,12539
jádrové,12540
investici,9772
dráždí,12541
zúžení,12542
srazil,9829
národního,6105
evropského,3195
registračního,2251
nástěnné,1917
pyšní,12543
prohlásí,1249
fixní,12544
podlaze,3883
uložen,12398
zastavili,2651
nemocnými,3365
vídeňském,6223
horolezce,3363
manipulovat,12545
nádobím,12546
prodat,4723
konstruktér,12547
šroubové,12548
stavbách,7830
pracovišti,11599
utěrkou,12549
nezbytný,12550
projektanty,3066
zvonek,12326
antukových,12551
závěsy,10253
němu,2442
jinýho,12552
děda,12553
viny,11715
odrážedlo,11942
kvalifikačních,5256
zábavě,3744
mlíko,12554
obalů,2755
dětí,2545
postřeh,3032
vícenásobné,12555
střelnice,12556
havarijní,12557
břízy,3136
vliesové,12558
dluží,12559
nástavba,3175
sídlil,10499
účtem,8900
obliby,8513
lehátky,12560
takovýchto,2718
zlepší,10319
všestranné,5984
nejdražšíhood,6790
zahuštění,12561
třídou,298
lidstvo,10460
žal,12562
obci,11959
pěst,11601
posadit,12563
přečetl,4262
reflektor,12564
uspořádána,2164
diplomatické,12565
hovězí,12566
zkontrolovali,8548
nemam,12567
hodinovou,1560
převod,12568
obsadily,3582
dozrávání,12569
velmi,12570
nechte,3518
drátěný,12571
bílé,3556
identifikačních,12572
dluhopisu,1388
mikrogramů,12573
zahrnující,11568
preferovat,8549
hvězdou,2597
provozovat,5431
grupáč,12574
běžnému,2463
fotoaparátů,8212
čtverec,12575
masivní,11244
paušální,12576
poruchy,9510
geografie,12577
různá,4763
líp,3347
zklamán,11030
rekonstrukcí,1906
pokročilém,5406
existující,10012
anonymity,12578
chovatelské,12579
cílovém,2263
vyznamenal,12580
balíčkem,2145
karcinom,12581
rozvinutý,12112
diskografie,12582
důležitost,12583
zajistili,9092
partnerské,2757
kal,12584
patenty,12585
květinami,8249
dohrál,12586
jezdeckého,9034
odvezli,5304
výtahů,661
něčeho,9475
zprávám,69
táhnout,1837
dobírky,12587
znatelný,9727
spolehlivých,7647
vojskem,1973
nátěrů,2674
vibrační,12588
saxofonista,12589
vytáčení,12590
zařídil,12591
vyloučit,11401
ustoupil,6278
kvalitativní,6406
vyrobeného,4690
řídká,7561
modlili,12592
podepíše,4243
živobytí,12593
knížkách,9046
závažné,6221
naučím,12594
diagnóza,12595
jmenováni,798
odmítají,6798
management,12596
vyměnila,9127
knížce,9046
hnusné,4140
přístrojová,12597
pokožky,7542
kosmetické,8316
zalijte,6461
fotografka,3260
nesprávný,6472
zesílená,12598
korunního,12599
knihovnictví,12600
aktovka,7495
přečetli,4262
svetr,11981
koukat,4920
náplně,12601
účelu,735
myši,12602
lehká,1876
častém,2629
basketbalové,4264
vteřiny,8879
odpočet,12603
hrníček,9362
pocítíte,8527
zařídí,12591
dálničního,9370
vlastnit,7717
podzemní,6578
vozíky,9852
identifikace,12604
předepsaných,7303
nesouhlasí,3312
asociační,12605
vlněné,11291
spjatých,3414
pomyslné,3733
zřetelná,8935
mostecké,12606
doslov,12607
integrovaném,3977
hepatitidy,12608
panice,2972
poklady,2412
vydají,1962
kopíruje,12609
odebrala,10404
nenahrazuje,12610
vděčí,12611
napadat,664
jiná,4919
sněmovních,3758
stay,12612
lehkosti,12613
operním,6755
sériového,10233
kulomety,7959
buďto,12614
výpravách,4082
sálech,3832
bar,9543
svědčit,2575
petice,12615
vezmou,1858
bílým,3556
nepoznáte,6521
chobotnice,12616
jaterních,12617
čínská,4642
houslista,12618
stuhy,5021
bohoslužeb,6216
řeckým,8791
mateřském,1128
příchozí,8403
seznamech,4475
partyzánské,12619
zakládá,12620
názorů,6405
ulicemi,9659
elektrospotřebičů,12621
naplněné,7872
cat,12622
vyzvat,8201
knedlíkem,8966
žáků,3772
upravené,2581
clonu,12623
vygenerovat,12624
zvyknout,5241
žebříku,10894
hřiště,10491
přidám,1075
vzlet,12625
soustředěné,12626
polovodičové,12627
působíme,5174
poskytovatelé,12628
uzavírají,3214
tradičnímu,1789
erbem,12629
kubánský,12630
prádlo,12631
výkupné,12632
radostnou,3651
dělníci,10451
hrazené,12633
autorův,3015
rozmyslet,12634
dřevařské,12635
úředního,5060
povídek,5071
uzavřeným,2082
rozmach,12636
podšité,12637
lunetami,12638
samotnou,529
záhlaví,12639
přidat,1075
remizoval,12640
tresty,8584
konzervativní,12335
klíčí,12641
efektu,4668
vyzkouší,1751
limuzíny,12642
upřímné,7861
překonala,2906
reformách,4823
zdvojnásobit,9393
parního,10176
energická,12380
německým,5677
klidné,2737
zakázána,6043
soutěžení,12643
párou,12644
bolestivost,12645
zahrnuty,2421
prořezávání,12646
častého,2629
fyzických,4343
terapeutických,4012
palivo,8217
vyjádřilo,2353
rozdělil,10970
závažná,6221
infračerveného,4289
benefit,6073
autorům,721
hloubkách,5045
jejíž,4189
chránili,12647
bezpečnostními,10646
center,5935
ligových,1267
civilisty,7301
popsány,2785
láme,12648
testovaného,12649
zaměstnancích,6271
občanských,2446
duny,12650
nikoho,6156
kolektorů,12651
estetický,12652
kaček,12653
zaútočila,3532
strhnout,12654
automatizované,12655
basový,5968
nalepit,12656
kulatiny,12657
rozbočovač,12658
sprše,9139
převezli,12659
zločinem,9578
vyžadovalo,6149
arkáda,12660
těstoviny,6731
vyšš,12661
měřidel,12662
uložit,9529
elektronického,4236
důvodech,2374
kouřovým,12663
osobne,12664
reportérka,3831
pouště,9759
sedl,8941
sekvenční,12665
génius,12666
svalová,7806
stranám,215
uvolňováním,11898
podmínka,6714
zahrádek,2324
přátelském,5404
dělostřeleckou,1229
náležela,3740
lana,12667
bije,12668
kryjí,4867
učinit,6197
označovány,4315
nestátní,2875
spolužákem,5194
hovězím,12566
neúplné,7086
potřebuju,3626
polopenze,8359
guláš,12669
povolení,12670
mláďat,7627
jemný,11164
prsten,7193
reforem,4823
vyslovilo,7946
těžce,12671
zanedbávání,12672
držící,12673
kolegia,12674
nedávejte,12675
odcházela,3300
neumějí,1996
poštovním,7721
soudním,12141
vyskytoval,12676
pevnosti,12677
planetou,3935
nevelký,3442
satelitních,11018
pravoslavná,4126
spočívající,12678
navrhovatel,12679
otravě,11525
založením,2678
posuvný,12680
nouzově,12681
přenos,10147
přidala,1075
dopravit,12682
kuřáci,12683
nevěřícně,12684
radu,5667
neochotně,12685
stránkou,1299
cestujícími,12686
pevninu,5273
etiket,12687
bakalářském,1433
základnu,2478
kecy,12688
samouky,12689
vyjádřená,10779
spáchá,2778
zabudování,12690
zjišťovat,1019
panenka,12691
ztratí,8947
spojila,10680
neprospívá,9990
řízen,2957
nemoc,9021
komplikacemi,3320
kondenzační,12692
vybudovali,4506
registrována,8641
pohyblivým,8197
navštívíme,1577
chátrat,12693
vyrobíme,6465
nechtěné,12694
lihovin,12695
celistvé,12696
krvavých,436
žebra,9315
přehřívání,12697
bojová,3218
nejlevněji,10302
netrpí,10773
uniformě,6464
přilehlé,4565
libo,12698
ponechává,12699
seriálové,12700
taktika,11573
dir,12701
žádaných,981
clanek,12702
uprchnout,3013
střídat,3694
gastronomie,12703
obsahy,3031
nevyužívají,8096
gotický,12704
renovací,12705
zvolením,12706
stálost,12707
člena,6244
depozitáře,6965
vyvinut,9190
skandálu,3321
pomáhá,5595
nočních,7879
výrazným,1351
vytvářeli,9182
nehnutelnosti,12708
uzavírka,12709
odeslána,12710
stahují,7888
ptačí,12711
pedagogům,3257
inspirací,7178
úspěších,1648
exp,12712
odstěhovala,6724
prohlížel,5169
látkami,12713
průtok,12714
rozhodovacích,11499
československou,2337
read,12715
bezpečně,12716
stanicemi,12717
biskupství,12718
cihelna,12719
hnojiva,11883
vrcholová,3684
propagovat,12317
náledí,12720
zajímaly,2016
přísada,12721
plachty,10453
wrongly,12722
indicie,12723
podrobností,3567
majonézy,12724
lišejníky,12725
aplikovaný,12726
označovaný,4315
zánětu,3732
posuzování,12727
zůstatku,4019
hustoty,10741
mnohá,1977
spasení,12728
oblékat,9159
srazilo,9829
přibyly,4597
manželov,12729
pojednání,12730
pokojíček,12731
stáním,12732
strojírenský,12733
univerzálně,12734
napravo,12735
naleznout,7450
novinách,606
dokážete,1374
levhart,12736
incidence,12737
přehodit,12738
nezávaznou,11200
kuchyňkou,4910
přístřešku,8878
útržky,12739
hmot,7779
dovolením,12740
břiše,10402
sepsali,11733
jakž,12741
umírání,12742
korunka,12743
reaktor,12744
vybavením,12135
místopředsedu,5093
plachet,10453
čajové,1538
zvítězí,4380
brečet,2826
péče,12745
lesbická,12746
nedostanu,2702
ušleháme,12747
sokol,12748
krásnému,1613
bourání,12749
napít,12750
úmyslné,12751
charakter,12752
kliknutím,12753
judikatury,12754
nepromokavého,12755
umělých,5884
hrdinské,12756
jizva,12757
šéfka,12758
opustily,3256
konečných,274
neprojeví,2637
válcovité,12759
obývacích,12760
připomínají,232
nalevo,12761
inteligence,12762
vyloučené,4938
čistý,9458
zesílený,12763
vakcinace,12764
slovně,12765
zastává,8795
upřít,12766
pramen,9929
révy,12767
senzace,12768
smála,593
nemocem,9021
ohřevem,12769
majitelům,12113
poslal,10214
branek,12770
diskotéky,5132
polního,12771
diecézi,12772
křídel,10614
filharmonií,3028
fanoušky,12773
teleobjektiv,12774
úpravách,7952
ţivotního,12775
hoc,12776
palubě,9923
čárka,12777
poruchám,9510
karcinomem,12778
lék,12779
vykonávali,5770
státních,2875
nahrával,12780
údajem,1554
kritických,2422
pauzu,3757
ready,12781
psychologického,3371
pokusily,1026
rozvedla,8555
rolnické,12782
vážené,5380
pevninské,12783
příjezdových,12784
kolektivního,4249
účtu,8900
periferie,12785
tabáku,7750
objímá,12786
klást,2195
môže,12787
pozoruhodné,9006
nosné,4709
instrumentální,12788
komorní,12789
rozsáhlém,1705
doslovně,12790
prodejna,5370
hrdlem,5808
podkrovím,6044
kostelem,12791
využita,6092
upadat,9047
pozůstatek,12792
vida,12793
snímá,12794
opláštění,12795
označovali,2216
tvarohem,9333
kožní,8987
zbarvení,12796
připojovací,12797
neznámými,1662
slunečnice,12798
dobrou,939
pupenů,8088
mezích,10793
vtipem,4438
disponibilní,12799
čímž,1021
oblíbenost,12800
nesplacených,12801
potravinových,12802
svobodu,8816
italskými,7414
sešitu,5007
hmotnostní,12803
pobřeží,12804
ukrajinským,6284
parku,5865
prášek,12805
mozkové,9061
vlajkovou,3937
postaven,7839
oblečené,5771
zástavba,12806
extraligové,12807
zámeckém,5038
hračky,5781
ozdoben,2308
návratnosti,12808
pokrývající,12809
nedisponuje,12810
krysy,12811
oktávu,3646
mrkve,12812
montážní,12813
postižené,8544
fleecové,12814
pozorovatelé,12815
zkr,12816
balíků,3151
doznala,12817
předsednictva,12818
vyráběný,10557
zpřístupňování,12819
bráchou,7473
prodlužovat,3592
opačná,10047
prodali,4723
mamka,12820
pastorační,12821
distributorem,4016
konzolí,12822
opačného,10047
přilby,12823
lupus,12824
society,12825
visačkou,12826
brněnských,1762
intro,12827
sloužily,4549
okapy,12828
pokožku,7542
akceptovat,12829
ratingu,12830
sjednocením,3280
zapomínat,3867
významnějších,844
hrudi,12831
minimálním,5289
snadným,5995
zázraku,5534
přinášet,1033
smažení,12832
odebrání,12833
monitorovacích,12834
lyžařskou,2017
lahvích,12835
teplárny,12836
nil,12837
smartphonů,11089
vypadám,866
rusky,12838
soucit,12839
hře,2923
hezká,1445
ohodnocení,12840
umýt,12841
ostraha,12842
zoufale,12843
zaslána,5202
spoluvlastnického,12844
konzervatoř,6488
normálních,7359
překládá,12845
tank,12846
horečku,751
podpořeny,1765
doplnil,6647
přizpůsobený,12847
vymizí,12848
vykouzlí,12849
zajel,11784
nestal,1466
kožešiny,8871
bojím,3252
chybové,12850
typicky,12851
kdyžtak,12852
such,1009
neoprávněný,12853
němečtí,5677
kuchařky,5521
obrazové,8237
neodmyslitelnou,12854
kapitál,12855
čtv,12856
rukopisu,7054
spekulativní,12857
hřeje,12858
odbavovací,12859
berete,1822
sejmenoval,12860
narazilo,10872
práškový,12861
plzeňské,3677
záminku,11624
seria,12862
ust,12863
ředitelem,3453
pocítil,8527
potřebovalo,3626
zdravotníci,11362
mezilidském,8253
stabilnější,6390
hojí,12864
převzaly,392
hávu,12865
ledy,53
zahřívá,12866
přebere,12867
paneláku,12868
teple,1960
pomáhali,5595
centrále,5729
vyneslo,4673
dominovala,12869
probudil,7351
výpravu,4082
vnímání,10761
příčkou,1385
vydavatelé,2007
baterie,5108
odchylkou,10819
budí,12870
lichá,8070
připojeno,4954
zastavily,2651
mládežnický,6553
adekvátní,12871
skauti,10285
továrním,12872
stoprocentní,12873
remizovali,12874
bábovka,12875
volit,1254
sekání,12876
krevních,9288
signalizační,12877
moderních,4434
výložky,12878
plynovod,12879
rozšířeny,1301
chystaném,1602
podrobnou,1963
stromy,9081
klávesami,6398
rozvést,8555
vůdčích,12529
důležitého,999
obsadili,3582
testových,12880
mlhoviny,9508
tagy,12881
nule,3415
kultury,4060
spolehlivost,12882
okrajově,12883
vlajkové,3937
totalitní,8455
aerobik,12884
dospěla,6364
živil,12885
kině,4842
dramaturgie,6599
serveru,6446
plnila,10169
stabilizační,12886
dlouhého,1855
vznětový,12887
neudrží,12888
mio,12889
mrkev,12812
lékařství,12890
společnost,4907
dramatika,2479
hazardních,12891
ztrátám,3529
granát,12892
rám,12893
pořádající,12894
slyšíte,6759
rozvaděč,12895
vleků,12896
novelu,4523
vysláni,12897
masakru,2995
nie,12898
zkoumat,11185
šperk,11587
nastaveno,12899
schopností,12900
získává,12901
výběhu,12902
kvantitativní,12150
mikrofon,12903
zapne,5907
překvapeně,12904
redakčních,2621
monitoruje,12905
nestandardních,12906
klíček,12907
odstíny,2204
ultrazvuk,12908
položil,7536
posuzovat,5231
svíčky,9832
vyhověl,11416
snadnému,5995
sloni,12909
atraktivním,7141
izolace,12910
sírové,12911
hormonální,12912
knížek,9046
lávky,12913
kravské,12914
sejmout,12915
jedl,4698
přiděluje,12916
posuzují,5231
elektrickém,4395
čtenáře,5382
chytil,6896
jednotky,5080
pracích,2735
mezníky,2426
streaming,12917
zvonička,12918
postarali,6561
kóta,12919
sloup,12920
zesiluje,12921
pomýšlet,12922
univerzitního,2824
uvěřili,4502
polévku,4075
klína,12923
zlomenou,12924
mňa,12925
téhle,881
komínů,11395
stárnutím,12926
dovozní,12927
hotelového,6726
mléčné,12928
vyhodnocují,7837
ležet,3100
holkama,12929
otvírat,1490
bezvadný,12930
mikrovlnné,12931
listnatých,12932
balíčku,2145
spořitelně,7643
bunda,8248
tuzemský,9105
mluvě,933
speciály,12933
umývat,12934
řadovým,5619
oceánské,12935
rozdíl,12936
hmota,7779
zazpívá,12937
daněmi,8508
předmětů,4504
green,12938
přeprava,12939
spadající,8298
osvětlením,6696
period,2147
pravidelnost,12940
svetlo,12941
mečů,2129
předstírá,12942
bazénové,12943
opatrní,8209
series,12944
součet,5684
subjektům,12945
vlhká,2933
vystudoval,12946
plynu,6069
drogy,10242
nen,12947
mýtné,12948
obecným,4437
budově,6611
nunacek,12949
dobového,3127
diskutovaných,9600
komik,12950
nenosím,12951
reagovalo,3079
bojovník,12952
poslechu,12525
visací,12953
znají,1154
epilepsii,3922
počítadlo,12954
hodinky,11653
mokrého,281
celním,10382
ruštiny,12165
úvah,1148
špína,12955
vyžadoval,6149
kotliny,12956
bufetovou,12957
vystupoval,3884
pozvednout,12958
vsadil,10661
panelového,6956
lepicí,12959
manžetou,12960
zapsaný,11640
přestavěn,8887
tvůrci,9607
věkových,4654
potravinách,10025
zřízené,3550
něčemu,9475
dávky,7845
hráčům,7277
řemínky,12961
hudebnice,4860
peču,12962
počala,12963
monopol,12964
družstevní,7538
konektor,12965
požárů,3302
černobílých,2431
pokroku,6740
nakladatele,1666
poměrné,12966
záruční,12967
jedné,793
balená,12968
zoubek,12969
zajděte,3377
chodníku,2485
projevovat,5272
napsaných,9620
pomerančů,5442
pohybem,8092
kombinovaným,2684
reprodukční,12970
paletu,2289
polským,6130
ušitý,12971
kruhem,7084
čtyřkolky,12972
kurzové,12973
zbylých,7995
odstřel,12974
jmenovitá,12975
vyslala,11607
štítu,4492
otoků,12976
výhradou,12977
šachtě,11843
útoku,2780
zklamaný,11030
světly,5599
obrazech,12978
strávené,3749
jaderným,10145
tělová,7546
dohodlo,12979
rehabilitačního,12980
dodával,10239
závažný,6221
zadečky,12981
studenou,93
letadly,8476
kapacitě,4310
nasbírané,12982
lovec,12983
fermentace,12984
neuvedené,419
vnitřního,12264
břehům,3094
vyvážení,12985
prominutí,12986
dohodne,4306
štěně,11324
investicích,9772
daným,6345
opatřeních,12987
výsledkové,12988
dáma,12389
volající,12989
vybavených,9690
prodávané,955
kliknout,12990
odbory,7280
spala,1631
podmínkami,6714
zadních,7574
vehementně,12991
raketa,12992
vzdělanosti,12993
radostí,12994
klávesových,1418
oblíbili,12800
digitálního,5141
novostavbu,5994
ústící,12995
zhoubný,12996
výletní,12997
poslala,10214
turista,8390
pomáhalo,5595
pospolu,12998
kompetence,12999
součásti,1978
nákaza,13000
preferujete,8549
využity,6092
natahovat,13001
neodpovídá,10034
fotbaloví,7242
krachu,2138
znáš,1154
srdce,13002
fašismu,3174
bojích,8175
uličkami,10959
miniatury,13003
mezinárodního,8547
světelným,4948
uživatel,9267
vozil,13004
kognitivních,13005
pokoj,7446
historického,1315
bankovky,13006
sdílel,9230
přesvědčená,6988
nevědomosti,13007
plísním,11088
zip,13008
drobnými,10442
přepólování,13009
múzických,13010
potřebnosti,13011
potřebu,3554
nedoporučená,13012
podporovaná,6420
železná,3868
schopný,9452
prod,13013
signálem,8622
vědoma,13014
modra,13015
nováčci,5454
zdolali,13016
autorizace,13017
poputuje,13018
soudech,5936
dámská,9777
myslelo,3888
kompakty,13019
armádu,1576
škol,1986
osušky,13020
vyplňování,13021
šťastným,952
zobrazuje,10597
tapetu,13022
inspirovaly,7635
znehodnocení,13023
ocení,2645
rádiích,11134
spravedlivý,13024
layout,13025
ceremonie,13026
jakýchkoliv,7066
bašty,9688
ledním,9964
řízeným,2957
koupelnách,8182
utkání,9511
bujný,13027
plně,13028
milovaná,7045
vojevůdce,13029
vylepšený,13030
emigroval,13031
stovky,5885
uvězněni,13032
promiň,12011
zhotovena,4064
hromada,13033
centimetrů,11528
zápasí,13034
autorech,721
dobrých,939
podvojné,13035
normalizovaný,13036
celkovy,13037
funkcionality,13038
spokojená,13039
zaútočily,3532
zpevněná,13040
changing,13041
zadním,7574
nasypeme,13042
experimentálně,13043
výšinách,13044
osoby,8514
šatům,13045
malí,2564
katastrální,13046
strukturální,13047
úklidu,2105
debatách,6377
krajského,1000
průmyslník,13048
použitých,2022
chybějí,7068
počítačem,8858
nechová,8412
relativní,11394
cukrář,13049
prodám,4723
skandální,13050
onemocnění,9846
rodičovských,3630
bonusu,1028
napadal,13051
znamenají,765
zdržují,9037
rukavice,11235
terminologie,13052
kůrou,2205
balkóny,2285
ostrým,4520
evidovat,1263
sekretář,13053
poplatníkem,4350
kybernetické,13054
představě,3401
rozdá,13055
komín,11395
překáží,13056
obyvatel,8005
podpoře,4963
ekonomiky,5245
bylinné,4877
stanovenou,157
odpovídal,10034
spolupracovníkem,1083
ukazovat,2900
automatů,13057
blízkých,1486
požití,13058
kupovat,5520
mistr,13059
nechtěly,1167
odpálil,13060
postarat,6561
ložního,13061
engineering,13062
železnici,8580
tenis,13063
maďarská,13064
vlastenecké,13065
podlahového,718
předá,7594
lůžek,11242
slovesnosti,12217
ponorkou,7906
seriály,1684
příčnými,13066
plodné,696
zdravotní,8908
referáty,6016
zlepšování,13067
servisním,9754
zlomeniny,13068
administrativních,13069
územnímu,2410
zvětšený,13070
neobvyklým,2496
prachové,13071
povídku,5071
makeup,13072
nevinná,13073
komory,6339
dřevostavby,13074
roury,13075
kontejner,13076
oválný,13077
četl,3523
reformu,4823
mužích,5476
přestřelky,13078
zabývám,8392
budoucím,2636
paměťové,8164
dosažené,3940
oxidačním,13079
knoflík,13080
útulný,13081
vyznění,13082
shodují,3114
reprezentace,13083
aspektu,4634
aspon,13084
důrazem,4904
vaří,4493
norská,7310
pravdě,4178
tloušťka,13085
spokojen,13039
tričko,11950
lepsi,13086
parních,10176
rodn,13087
zapamatovat,13088
univerzitu,804
nastavitelnými,13089
zasněžených,3452
opačně,13090
navštěvují,5920
léčba,8753
sbírání,13091
kruhy,7084
snímání,13092
povinným,4224
jmenuji,4658
zlomit,13093
příjmením,10151
předně,13094
telefonického,1453
věnujeme,10883
uskutečňování,13095
hlídkové,13096
konzula,12487
schématu,5232
vyzbrojen,13097
přestane,8887
bavlnu,6248
stíhač,13098
ukazovala,2900
uchazečů,11174
taurin,13099
budu,478
vakuum,13100
dotykovým,13101
podnikatelského,6367
dodávku,1992
moravským,2200
postižených,8544
netvrdím,13102
skupinkách,13103
přeložili,3865
prohlédl,4505
američtí,1078
prosí,4124
upravená,2581
veřejn,13104
loví,13105
smluv,9253
píšeš,1830
zradil,13106
español,13107
slyšela,6759
vlny,4271
rychlostní,13108
svetry,11981
sekundy,2790
analog,13109
drby,13110
jablečné,8079
cvičila,13111
složila,4422
zpevnění,13112
cara,11810
suchem,1009
koordinaci,1327
ukazovali,2900
uživatelským,1583
dělané,13113
pamatovat,1231
tanečník,13114
riskantní,13115
nezávazně,8799
celulitidy,13116
zdůvodnil,5973
otravu,11525
zapomnění,13117
dobývat,2612
přehlednější,1302
dohledem,2700
uplatněním,13118
ovocných,2465
egyptský,13119
ekonomickém,3383
opadavé,13120
dalekých,1770
jistotou,8748
zoologické,5418
kotoučky,13121
sjezdy,2862
nesprávná,6472
kalíšek,13122
rozpočtů,387
nost,13123
hokeji,10807
opěrné,13124
zamyslet,3444
kolonisté,13125
pojedete,3663
hledání,13126
kůře,2205
agenda,13127
emailovou,13128
vstřelit,1980
přednosta,13129
všimnul,2719
jednotkové,13130
vrátka,13131
odlehčená,4731
sporáků,4194
porodní,13132
metrové,13133
identity,13134
připojil,10379
zedník,13135
přes,13136
celoplošné,13137
připíšeme,7551
charakterizující,13138
hlavicemi,13139
zákonnými,6121
pomalé,1884
postavou,11119
diskontní,13140
steaky,13141
jemná,11164
použitými,2022
komáři,13142
angličtí,2068
přikrývka,9914
účesů,13143
srdeční,11219
skládají,8147
zkušebně,13144
hladká,6809
určení,13145
zhotovitele,13146
works,13147
udržitelnosti,13148
osolíme,13149
povolit,4676
este,13150
etiketa,13151
povídám,2909
chřipky,2766
palubním,13152
brány,4242
deka,13153
sportování,13154
vyvarovat,13155
smekám,13156
zklidnění,13157
vrcholu,2124
výpravou,4082
statistiku,495
procedury,13158
řidičského,7362
bitvu,2701
surovinami,11566
litoval,6422
probudit,7351
bazalkou,6373
bála,3252
dít,3455
neustále,13159
minibarem,13160
zbroje,13161
útoky,2780
soused,3553
simulátor,13162
rychlého,2973
zaměstnat,13163
skvělí,1366
pažní,13164
agendy,13127
odmítnuta,5597
ztratila,8947
únavu,4325
letiště,4765
stanoviska,4223
demokrat,13165
brož,13166
ovlivňovat,6796
takž,13167
touch,13168
stativy,13169
zasažené,7281
tenisovém,8263
venkovské,13170
táborem,4618
přivolal,10088
pouliční,13171
použity,2022
hranice,10809
hradních,10316
postupovali,10669
potíží,3697
kvantitativních,12150
bolestivá,6493
korunu,1988
buzení,13172
hippies,13173
akreditaci,13174
autorskými,7174
paprika,11629
editovat,7941
img,13175
křičí,13176
sázkových,13177
tvůrcem,9607
představách,3401
zmatek,13178
přeplněné,13179
běžeckého,6533
přidá,1075
korespondence,13180
odvodňuje,13181
sbormistr,13182
doutníky,13183
sme,478
podtrhne,13184
malým,2564
doplnit,6647
změřit,13185
lávka,12913
neživé,13186
navštěvovalo,5920
můstkem,8082
kočkou,3800
zakázané,6043
konvice,13187
definice,13188
zmizely,1561
zámcích,7878
atmosféru,2676
organismus,13189
omluvila,7032
třicítka,13190
skandinávský,13191
duševního,9622
kondiční,13192
přispět,3029
padlé,9039
výstraha,13193
místa,1070
sektorech,3372
autorádia,13194
biopotraviny,13195
emigrovali,13031
úplných,1310
vybraným,792
kurtů,12435
španělským,8244
příloh,1330
aromatických,13196
detektivka,13197
obrazovka,13198
sesazen,13199
spjata,3414
soupeřit,13200
eroze,13201
služebního,11859
koupelnový,8182
prádlem,12631
odpovídá,10034
pracovn,13202
zlomil,13203
rychlosti,12422
velkého,3442
různým,4763
recept,13204
zdržel,8017
předsudků,13205
raněn,13206
vybojoval,10946
prodávala,4230
členském,631
myška,13207
názorně,13208
číslicí,13209
rekonstrukcích,1906
podnikání,7596
porcelánový,12188
knihoven,3338
předpisem,5285
koncovými,4647
biblické,4027
zasaženy,7281
ženami,8383
betonové,5130
logistika,13210
svěřila,8041
jednodušších,2738
klipem,6634
přidal,1075
oněch,8178
fungování,13211
barvivo,13212
zemědělským,6316
transport,8118
vláček,13213
vyrovnávání,13214
kreativní,13215
žito,13216
recyklovaného,13217
prodyšná,11801
vyhýbání,13218
hedvábí,13219
nohou,7641
tom,3681
puči,13220
bioplynu,13221
civilním,9991
upload,13222
ambasády,13223
poradního,8345
makléře,7916
jmenujme,4658
tematických,730
mířil,9612
krytého,4445
nadšeným,3966
obce,11959
strojírenská,12733
papírování,435
široce,13224
podporoval,5321
filmař,13225
horory,13226
neustálým,5311
nalačno,13227
podepisovat,4243
strážníky,11098
nejvyspělejší,13228
získávání,13229
plošných,3402
originálním,8245
symbolických,2646
čerpal,8259
víceúčelové,4432
rozcestí,13230
vozidlům,13231
úzkém,5713
charitativní,13232
bankomat,11834
kolech,1485
mexický,13233
týkaly,2946
přísnější,9734
doporučí,1827
velel,10857
dělat,2861
narostla,13234
karlovarského,5953
tonery,13235
indiány,10991
lesnické,11350
pětka,13236
přirozené,6414
zjištěny,2837
sáček,13237
vsadila,10661
drahá,1305
patentové,13238
ovládnutí,13239
radovala,2781
skladbách,10059
vstávat,5752
chválil,6275
exministr,13240
mlhu,2198
zkušenost,6239
namaloval,13241
špičky,5359
strachem,6994
poptávku,1008
pokladnu,2281
napájecích,13242
ptát,5331
spojovacích,9262
nejnutnější,6780
prožité,13243
minimalistickým,4962
vykonat,2609
kartáč,13244
zapojilo,4747
odboráři,13245
dýchá,12077
vstřícnosti,13246
křik,13247
ledovcem,5180
průkopníky,9096
rumunsky,13248
šéfové,8811
jedinečných,3887
přerušena,3463
erupcí,4953
odsoudila,11917
světy,1462
skotském,7550
vlasem,11050
podporovalo,5321
zabilo,13249
operacích,7905
stínění,13250
studeného,93
rozkvětu,6880
výrobků,11059
četné,13251
kolektivů,2510
zhodnotí,830
vidinou,11551
navýšit,13252
pobídek,12209
srážce,2652
výborného,1273
obrázkové,13253
nuly,3415
plazi,13254
sebral,9992
obsluhuje,10388
fíky,13255
plugin,13256
pády,558
mrňouska,13257
mládežnického,6553
diagnostikovat,13258
porty,13259
zkoumané,11560
cyklistického,3723
krajinný,13260
oděvu,8078
jdoucí,12074
přísunu,10535
tvoří,7911
okresním,4927
doporučenou,3866
parkovat,13261
družstevních,7538
trenky,13262
váhat,13263
čaji,1913
doložená,13264
brilantní,13265
písničkou,2799
receptur,13266
bulharského,6038
kritéria,6229
smiluj,13267
pravděpodobností,4555
vývozní,13268
zapnout,5907
chromozomu,13269
prstnatec,13270
oddíle,10694
koutě,3561
nepřátelská,5404
srazí,9829
vážíme,8696
tlak,13271
myslete,3888
spoustě,8546
ocitnete,11356
neformálních,11096
upír,13272
zavřít,2839
obohacuje,13273
poradte,13274
zásobník,13275
agrární,13276
výkonnostních,13277
plzeňském,3677
ulicích,9659
zrušeny,2806
dával,3734
standardního,7856
knihách,1761
širokém,3781
rostlinnými,8160
dosahující,13278
zvládám,13279
nouzového,676
kánonu,13280
kanálový,13281
výměně,5670
věže,10887
umělá,5884
váhal,13282
barevného,672
gotickém,12704
zločinec,13283
dojeli,7931
poušti,9759
vrcholům,2124
maminkou,8554
prosklením,13284
dlouhým,1855
dodák,13285
zavraždili,6087
přidělených,3117
vydavateli,2007
zasažení,7281
obtížnost,13286
vejde,11410
ukáží,2391
sochařské,13287
kopcem,2424
prolínají,13288
nosu,6917
básních,3995
poplatcích,1911
pánské,7975
lůžkových,6853
poznatek,9593
spolupracovníků,1083
balón,13289
krvavé,436
světelné,4948
ledového,944
monarchie,13290
kapitálová,11858
výhod,5588
hlášených,8955
předepsán,13291
přídavných,3968
vydejte,1962
matematického,2834
motoriky,13292
účinkování,13293
zpracováním,2055
byt,7910
zbourat,10353
mostní,13294
profesionály,1099
procentuálním,13295
setkala,4833
kanadským,2658
poradkyně,13296
sedíte,4103
kampaní,1168
královským,7592
ohledem,13297
věčnosti,7010
poznamenána,9078
pracovitý,13298
zklamaní,11030
vyhodnotí,968
vložíme,2347
továrních,12872
zákoně,4775
studentů,5570
zadává,13299
vyrovnaná,7601
zřetelně,13300
novelou,4523
povrchem,1102
prodávalo,4230
netu,13301
půjčky,11033
zvukovým,3560
motocyklem,11885
tónech,9670
čerti,4479
hlediště,13302
udrželi,7929
sundal,11534
kritikům,9042
moderním,4434
zhotovitelem,13303
živí,3261
dělostřelectvo,11071
jídelnu,3221
net,13304
výzkumných,3506
oacute,13305
drápky,13306
stáž,6728
fondům,1528
kolových,12247
sociální,11152
lymfatických,13307
saunou,7313
zrání,13308
římské,3277
stykem,9311
pořídím,13309
plaveckého,3071
parkovací,8195
prádelny,10365
dodržuje,13310
číselný,12532
poptat,13311
důkazech,3893
sochařka,11993
návykové,13312
paniku,2972
docházelo,5703
popravou,4322
stadiónu,13313
ruským,6551
slot,13314
čelní,13315
umyvadlem,13316
nerezová,6313
republic,13317
kladení,13318
grafice,13319
elektrických,4395
doplatí,10778
pracím,2735
ohromně,13320
arcidiecézi,13321
plynout,7786
logopedická,13322
dovést,1382
dovoz,13323
zahrad,5792
prožitku,5514
terciární,13324
stopy,5760
velké,3442
výcviku,5673
zasazuje,13325
learning,13326
průvodců,2502
pohlavním,13327
nieto,13328
konzulátu,5168
zabezpečovací,13329
skladatelé,4906
zasmál,13330
nápověda,13331
včely,12107
administrativního,13069
vajíčky,13332
žebřík,10894
slanině,6752
bohatými,3439
vyprázdnit,13333
inspiruje,7635
žár,13334
rum,13335
nechaly,3518
upadla,9047
herny,4087
kdysi,13336
jedou,3663
náhlá,817
popisu,1175
dřevěného,2760
sjednáno,10964
vyrobené,4690
razantní,13337
močové,5010
podium,13338
screen,13339
freefoto,13340
rozsudkem,4106
metod,9498
vyučovat,11870
dodatkem,1079
italštiny,5519
milá,2495
periodik,13341
vystavil,2747
země,4163
stálice,13342
likér,13343
úspory,5400
nevýrazné,1351
palácem,5560
výfukové,13344
sportovními,10859
cení,13345
levicová,8442
formě,12071
benátské,5932
specifickými,13346
vypadl,8838
pružnost,7614
nebeské,8949
originál,13347
mobilu,4336
zdrželi,8017
osazenstvo,13348
kartě,4168
organizována,3751
obvinili,10186
popud,11641
pusťte,6075
čistících,13349
cítíš,7044
zakotvil,13350
koncentrovaný,13351
nakupování,13352
čaroděj,3652
obchůdek,3846
bolo,13353
evropských,3195
hodláte,4876
manipuluje,12545
víceméně,13354
litoměřické,2884
sebepoznání,13355
zařídit,12591
montáži,10345
emigrace,13356
zastupitelé,4717
soustředit,7868
objevte,1606
šampionátu,7173
napodobit,13357
vpád,13358
vnitřním,12264
encyklopedické,11380
těsný,13359
zřídili,13360
táborech,4618
zemřely,480
vestavěné,4413
neskutečně,13361
osvobozeni,3798
skládal,8147
stepi,13362
pokládky,13363
nejmocnější,13364
zapékací,13365
dokumentyšperky,13366
kuřecích,9565
koncepci,2103
uchazeč,11174
trávníků,6249
věčné,9209
sauně,7313
karlina,13367
zemědělcům,9518
vyvolávat,5006
chladně,13368
sestoupila,8306
výrazných,1351
lov,13369
minim,11854
chráněná,13370
barevným,672
zvládneš,13371
sluší,10654
srážení,13372
milovala,4478
zajišťovalo,4441
women,13373
nevedla,2112
paradigma,13374
seřadit,12472
bolestné,13375
university,13376
oplechování,13377
matnými,7305
kvalifikoval,13378
pláně,3498
levý,5087
třpytky,13379
mechanická,10441
umělcům,4313
chirurgie,13380
patent,12585
dělnické,8291
mléčná,12928
sníží,5969
dobrovolnou,4730
terminál,10907
jsem,478
rezervačního,8453
rýží,13381
kdežto,13382
věříme,4144
vynutil,13383
otravuje,13384
dávné,904
zatraceně,13385
odzbrojení,13386
odvolat,1854
memorandum,13387
skluzavka,13388
samým,942
klame,7478
osloví,7468
středověké,7852
okruhy,3638
markrabě,13389
výrobku,11059
velezradu,10932
jídle,4466
karbanátky,13390
skripta,13391
uspořádaný,2164
vidlička,13392
sblížení,13393
související,9055
manželského,11952
nedostatkem,7739
pláž,1821
napsáno,9620
importovat,13394
nechávat,3518
smysly,6783
tkaniny,13395
úte,13396
vyřadit,13397
zamknout,13398
ukázáno,2391
panenství,13399
hněv,13400
způsobu,4626
inak,13401
vysvětlování,13402
bytostmi,13403
vybírány,13404
stavěl,7410
adresách,10078
vařiče,13405
kolegy,4587
žloutky,13406
odbornou,1276
odřený,13407
naslouchá,13408
třílůžkových,13409
just,13410
komplexního,9308
rozbory,4201
sety,10423
koženým,13411
záruku,8264
materiálem,703
dlažbě,5096
stojánky,13412
stromové,13413
hodnotou,6011
dovozu,13323
držené,13414
parádní,13415
fasádou,7201
růžovou,1223
komentářu,822
externích,3838
dělostřeleckých,1229
rozešle,13416
chronická,5763
kontaktního,9082
něm,2442
celulóza,13417
čtenářky,13418
máta,13419
novel,4523
bydlišti,11980
sociálním,11152
vynikajícími,4136
komu,7597
nástavbou,3175
měřen,9401
popřípadě,4771
harmonický,10625
čtvrtfinálové,13420
populační,13421
nasvícení,13422
vypadnout,8838
krčku,13423
západnímu,2585
ustupující,2644
varepsilon,13424
nadšené,3966
sekundárním,13425
hygieně,13426
silikonovým,9538
uhelná,7363
dvd,13427
utváří,13428
zodpovědné,6157
zmíněným,2201
nepovažuji,3286
navrhují,3648
nautického,13429
hypermarketu,13430
ověřování,13431
rakouští,10126
zajetí,13432
pěvecké,6150
předurčen,13433
kukuřičný,10343
zleva,13434
atmosférou,2676
prodejné,13435
podřízený,7265
týkají,2946
míle,2317
tenká,1824
autorského,7174
znalostem,13436
raných,519
spat,13437
andílek,13438
provozovnách,6837
určených,3984
překladů,1975
popularity,9391
divizní,13439
pušky,13440
přírody,867
encyklopedická,11380
svatořečení,13441
neslyší,6759
děložní,10684
učila,9419
uvažujete,1798
plynulý,13442
nabídek,403
spolubydlící,13443
hřbitovem,6691
odebírá,13444
viditelných,2992
spáchané,13445
ministři,5145
mikrofonní,12903
kosmologie,13446
ikona,13447
nekomerční,13448
přibývají,3597
hlášku,9266
nejedná,2739
nejvyššímu,1828
nesmyslné,13449
jistější,2518
suvenýrů,7658
zajdu,3377
převládající,13450
libry,12418
snah,4092
výjimek,2223
bludiště,13451
pokusům,874
archivář,13452
měkkými,3009
vytrvalosti,13453
hlídání,13454
přijímali,4065
matematických,2834
nákladech,677
sloužící,13455
dramatickém,1055
vrácen,13456
hrdí,13457
zůstávat,1983
osudech,6462
hlubin,13458
ruském,6551
talíř,7434
editorem,13459
správné,6472
mir,13460
protějšek,13461
pijete,4536
považována,3313
hradeckého,12168
odsouzení,3905
počtech,3409
napřed,13462
předvádějí,4435
vyroste,7404
chráněný,13370
nenápadně,13463
koaxiální,13464
touto,738
formulování,13465
pracovníka,9312
exponovaných,13466
tvořen,13467
podněcuje,13468
zlepšovat,6459
oceňují,7391
stárne,13469
šedi,13470
odcházím,3300
zajmout,2016
standardem,6098
komplexních,9308
ekologická,5363
nehmotný,13471
sytě,13472
pojistný,13473
recyklovaných,13217
asistent,13474
home,13475
financováním,9871
měsíčku,13476
nesrovnatelně,13477
hereckým,9177
roaming,13478
titulcích,4517
podivná,6788
hledali,8986
uhlí,13479
dodávám,13480
ohraničení,4324
specifický,13346
vdala,13481
šlechtický,13482
váží,8696
jihovýchodního,3608
mláďata,7627
okapat,13483
panelů,3837
strachu,6994
lesklá,4652
nervovou,4424
peněženky,13484
agentuře,4354
přitažlivé,10274
tlačit,8682
částečně,13485
příjemnému,566
důstojný,13486
přestěhovalo,4468
dosadil,13487
spolkových,8057
mysl,7306
elektroměr,13488
nanášení,13489
soutěsky,13490
kurátorem,4582
odvozený,13491
hitem,11013
pořadem,9459
psychologové,3105
tříkolky,13492
pneuservis,13493
povzbuzení,13494
síně,6336
lounský,13495
dynamika,13496
mluveného,5166
maličkost,13497
koukali,4920
myšlenkových,1820
činností,1612
magického,3196
hrubá,5205
herního,4803
sedlová,13498
sérií,1484
soudní,12141
zasazen,13499
hlasuje,3931
šťastnou,952
zbytečný,13500
imitace,13501
vyřizuje,13502
standardních,7856
fantazii,8007
polárního,6266
stropu,5513
neslo,2428
měkkýši,13503
prace,6991
pečivo,13504
pedagogickou,2344
výrobního,4776
střílet,13505
těžká,1507
pokryto,13506
tajná,3559
nepřátelé,12082
mateřskou,1128
popálenin,3996
korejský,13507
vařič,13405
modem,13508
meteorit,13509
funkcionáři,11555
skály,6458
dispečer,13510
production,13511
rituály,13512
pásů,3952
zánětlivé,13513
neudělají,13514
zapomenutých,4889
vybudovány,4506
uchování,13515
produkovat,13516
vrcholové,3684
troje,13517
palcový,13518
adrenalin,13519
lubrikační,13520
ověřovat,5958
inkoust,8014
pedagogů,3257
zamířili,6429
dopravních,4766
shrnuty,1742
hraných,3306
erotické,4460
vyjmenovává,13521
personálního,5773
spalování,11258
doplatil,10778
vteřinách,8879
závodit,10787
příručce,1002
trapné,8062
tradičních,1789
rozvinutých,12112
požadovalo,1414
sjel,5711
sporná,5300
sandálky,13522
obdobu,568
vyrobil,6465
domácnostech,13523
volejbalu,2333
širších,3781
tvar,13524
mimčo,13525
signály,8622
nezpůsobuje,13526
čištěním,7919
kulatá,1638
koukněte,8909
pochutnat,13527
přechodu,6160
čemu,3959
podepsány,7567
miska,13528
povolena,5206
úsudku,9406
nablízku,13529
omezili,13530
amfiteátr,13531
škoda,13532
parkovišti,9957
prodávají,4230
udržované,4739
upoutat,13533
smluvními,13534
podsvícením,13535
vázaná,13536
stylovém,12160
národ,13537
světoznámé,12225
věcem,13538
geometrický,13539
nominační,13540
žaludku,10928
žebříčků,13541
staral,11022
řečiště,13542
erekce,13543
reklamovat,13544
muzikanti,10204
svobodného,7877
pultu,1852
vyvíjí,13545
zářez,13546
vznikne,1152
strádání,13547
kteréhokoliv,2378
zkušené,13548
poloostrově,3231
uživateli,9267
kauza,13549
vyhlídkovou,13550
mile,13551
formuluje,5316
autodoprava,13552
stejnými,3346
ostrůvek,13553
radioaktivního,13554
sešitů,5007
kandidátce,3834
akceptuje,12829
hádky,13555
moravské,2200
didaktika,13556
porážkách,7389
dostávám,3348
prokazují,13557
zanechal,12535
vysloužila,9469
touhy,7638
hovory,8557
sakristie,13558
průsvitné,4672
vyčerpaný,6804
smyčcové,13559
skalním,5889
plnili,10169
krájet,13560
nejodolnější,13561
filmovou,582
obvodech,5154
prosklené,13562
hodlají,4876
experimentech,1578
okolností,5661
tehdejším,6194
starobní,13563
suchou,622
falešné,5607
atraktivity,13564
mohou,1237
zvolit,1720
masek,7498
gelové,13565
stoupenci,13566
detektivní,13567
kloboučky,5293
skryty,13568
obchvat,13569
zpochybňovat,5445
zachycené,3708
podélných,5327
nepovinných,1726
hydrometeorologického,1064
spaluje,13570
limitem,13571
bezpilotní,13572
zpod,13573
ztrátu,3529
autorky,3223
libovolným,5974
extrémních,6635
naváže,13574
realitní,11004
smrtelných,3182
všiml,2719
pseudonymy,13575
ukázek,1914
sestává,13576
oslovovat,13577
trase,4740
zbourán,10353
bláta,7394
mírové,5372
toast,13578
natočení,13579
které,2553
žaludu,8685
adaptéry,10668
trávit,1656
horkou,205
štábu,6122
svérázný,13580
jisté,2518
nylonu,13581
edituje,7941
medaili,5029
odolávat,8923
koukal,4920
nahrála,1319
libovolné,5974
kýmkoliv,9812
neobvykle,861
projíždějí,13582
získá,6134
zdrží,13583
vojenských,4990
vygenerování,13584
fotí,5679
intervenci,3502
chvála,13585
vesnický,13586
vyslán,11607
zdála,1354
spinning,13587
požadavku,7612
stanou,1466
budovány,9697
omluva,13588
pamatoval,1231
námořnictva,6037
pásy,3952
špičkového,4456
zásada,13589
švédský,12508
tøídy,13590
pozůstalosti,13591
ploše,6650
procedura,13158
naplnit,5488
krysa,12811
loveckých,7298
vlastníci,8150
skelet,13592
metodikou,13593
obchodního,8920
mikrofonem,12903
spolehlivě,13594
kapacitou,4310
elektrika,13595
vyzvedl,7126
zahlédl,9947
area,13596
pomocníky,4720
přikládat,2110
vážné,6346
liniemi,13597
přijatelnosti,13598
practice,13599
porcelánové,12188
obalové,13600
spustíte,961
poukazů,9839
diagramy,9581
zkušenými,13548
rutinní,13601
vzduchotechniky,13602
hráčka,6108
rád,7216
komentování,1017
okolnostech,5661
radioaktivity,13603
nezareaguje,13604
indukce,13605
vykládá,13606
límci,7671
dolina,13607
stěhoval,2111
osmažíme,13608
postupů,5190
neklidu,5062
zmrzliny,8085
houpačka,5260
přihlásili,1011
unavený,10708
snědl,3470
rodák,13609
přehlednou,1302
tygři,7320
hostům,2238
nakazit,13610
podélná,5327
telefonním,6209
nadledvin,13611
kupte,13612
satelitním,11018
kódy,13613
úniků,6258
daří,3441
vyčerpané,6804
kempy,13614
disponoval,10798
uprchlík,8655
statistice,495
bryndza,13615
uran,13616
závažnější,6221
závrať,3396
vybuchla,13617
koncilu,13618
krnovský,13619
popraskané,13620
provozem,3355
podle,13621
lemováním,13622
bílém,3556
studiích,13623
vrstva,9514
integrovaného,3977
výkonům,9208
navigačního,13624
rozvodu,5375
odpověďmi,4955
hrádku,9432
propojení,10715
vynikajícím,4136
roztomilý,13625
zašpičatělé,13626
kamsi,13627
valy,13628
nadechnout,13629
použitelnost,7009
legislativě,2387
muslimský,13630
spokojenější,13039
nehodnotil,13631
nevýhodu,6375
štěňátka,13632
skandinávských,13191
všestrannost,13633
neúčast,9316
žánr,13634
vložit,2347
vynalezl,13635
harfa,13636
odborných,1276
duel,13637
množstvích,13638
izolovaná,9101
napájecí,13639
vlastne,13640
tep,13641
pamatují,1231
šikulka,13642
chemoterapii,8970
nesmím,4080
armádě,1576
převislé,13643
cloud,13644
příčky,1385
lepenky,7180
vybaven,9690
nátlak,13645
blikat,8846
bezpečném,2043
překrytí,13646
vagíny,13647
přidávat,4311
zahrnovaly,3671
strhne,12654
turismu,10530
legendy,13648
vyp,13649
dcerky,11382
dotyková,13650
kompenzovat,13651
ovlivní,5024
dostupného,340
dobrodruh,13652
vzduchový,13653
výzvou,316
automat,13057
nastaven,12899
kopání,13654
bytových,7994
kilogramů,3364
hladinou,9060
reagují,3079
žlutou,2836
dechových,2517
baterky,13655
zajímavém,692
nemají,1579
zanechá,12535
poskytne,2924
osazení,13656
hnízdě,12099
nejistotu,3622
vítězi,826
situovaný,13657
aut,11574
školáky,13658
přídavku,2639
produktových,13659
zapojením,8110
odtok,13660
mlčet,6042
nejrychleji,12234
ozubené,13661
vyvážený,13662
krasu,9960
senátorem,3501
hardware,13663
bílo,13664
nesmíte,4080
staročesky,13665
kytky,6391
postižen,8544
rampa,13666
public,13667
rovnováha,13668
využitelných,4473
většinový,6934
přeshraniční,13669
dobírku,13670
obalech,2755
čerpá,8259
provozovatelem,9564
nošené,13671
vysílání,13672
zastupiteli,4717
přeložené,10268
falešných,5607
buduje,9805
komplexnější,9308
vůz,13673
popsáno,3745
odebraných,12327
úklidem,13674
reagovaly,3079
vyřídíme,12507
ultrazvukové,13675
člun,13676
nepopulární,1180
suita,13677
stříhat,13678
působišti,13679
kámen,13680
obnovila,13681
vyučování,13682
pojezdem,13683
vydávány,1637
cas,13684
kyslíku,9615
elektrárně,9984
přirozených,6414
nezávislé,4217
pasivní,10794
záhonu,13685
užíváte,13686
stoupala,1991
nepřítel,12082
vápník,13687
nalezení,13688
rakouská,10126
hlavičky,13689
presenční,13690
topit,13691
projdete,2069
postavili,13692
zapsán,8098
korunovační,13693
vzrůstu,1627
setká,4833
course,13694
pře,13695
temeni,13696
užijí,13697
věnců,594
spojení,13698
popíše,2785
produkuje,13516
záležitostem,8928
přítelkyně,11417
citáty,2218
matematiky,13699
pytli,7922
ordo,13700
delegátů,9220
kroužků,4936
využívalo,8096
jídla,4466
jichž,4189
vanilkový,13701
plát,13702
rozvinout,13703
gradolabz,13704
vlezl,10822
šťastného,952
modeláž,13705
lyceum,13706
sýry,8169
šedesáti,7733
bojišti,13707
dečka,13708
pietní,13709
atlet,11716
stimulaci,4187
písm,13710
dotacích,4729
exekučního,13711
sběrači,13712
výborných,1273
vypovězení,13713
prorektor,13714
prostorné,6681
objednáte,1089
posvětil,13715
zanechat,12535
protahování,13716
stráni,5262
zrakem,12199
opravili,8462
odděleno,11193
hesly,9505
lidstvu,10460
naplnila,5488
marketingové,7041
myslitel,13717
spolupracovnice,13718
tiskař,13719
aranžér,13720
tygří,13721
klasiky,13722
směřoval,13723
zbytečným,13500
četbu,11633
pevných,2429
nepotřebujete,3626
sledu,13724
řádové,13725
category,13726
váhání,13727
dorostenci,13728
listu,1417
návrhářka,11593
rozhodnutími,2327
obchodníkům,7947
objevoval,2885
paměťového,8164
uzavřeném,2082
sklářský,13729
levným,1190
krémů,13730
naplněná,7872
pravoslavnou,4126
nalijeme,13731
vikariát,13732
nadobro,13733
nestability,5620
magistra,13734
působištěm,13735
stíhán,13736
mzdou,2628
závan,13737
mezipředmětové,13738
činům,1938
výpad,13739
odrazem,11415
vynese,4673
výklady,4279
oblékl,5264
nalepení,13740
spusťte,961
odpočtu,12603
veršů,5856
postavit,13692
expres,13741
zanikne,1569
tvor,13742
různém,4763
zašel,3377
chronické,5763
dělám,2861
samozrejme,13743
pracovištích,11599
přezdívky,6836
balkónem,2285
pohybbazén,13744
čáře,7673
určena,3984
zásahu,6950
kandidáta,2813
zásilka,12348
postupujeme,10669
sjednaná,13745
kontinuity,13746
lípa,13747
příjmové,13748
schopná,9452
leštěný,13749
prevalence,13750
internetovým,988
hnedka,13751
vyprávěl,9084
sálu,3832
výpočetních,13752
položených,1150
hospodářství,13753
výrazném,1351
vnímat,2857
disponuje,10798
sta,6666
kysané,13754
dějinami,6486
zabývala,8392
stavěli,7410
působit,5174
chiptuning,13755
dřevostaveb,13074
stezce,3353
nevznikla,1152
ropa,7516
dochované,11863
bilanční,13756
fotografii,3143
mimoúrovňové,13757
roztočit,13758
většinově,13759
vyrovnává,13760
druky,13761
studiemi,743
rozděluje,9387
garden,13762
vdova,13763
volnočasových,8484
spojily,10680
vedením,13764
světu,1462
oprávněnosti,13765
manžou,13766
plníme,10169
sdružující,13767
oprávněný,6215
palice,13768
znázorňující,13769
požadují,1414
komparativní,13770
opuštěna,3256
rose,13771
silový,13772
úzkosti,6958
izolačního,5258
pobočku,800
umyvadlová,13316
všestrannosti,13773
spojením,13698
občasného,3423
hlídacího,13774
fóra,2452
několikanásobně,13775
posílily,8825
volena,1254
pomohla,3603
dalekohledem,8689
vubec,13776
přirozenější,6414
nároku,6226
redukce,13777
trestního,10740
hor,1716
letištěm,4765
líhnou,13778
vízum,13779
docílil,13780
dílčího,2277
veliké,5144
překážkou,13781
místnost,7893
nesluší,13782
doplním,6647
nemáte,1579
nájemního,9336
lezl,8029
úrazové,13783
břicha,10402
zpívali,3719
únikům,13784
krasny,13785
využívá,8096
scén,1110
vozem,13673
neaktuální,13786
gramofonové,10119
ustavujícího,13787
zvoleným,775
zaměňuje,13788
užívána,13789
videosekvence,13790
cyklostezka,11424
pevnostní,12677
reorganizace,13791
krby,6370
zemských,2199
publicitu,13792
protokoly,7631
jistoty,8748
případě,6357
označují,2216
partnerských,2757
milenec,4724
porcelán,13793
vymezení,13794
ošetřovatelská,6213
cestách,3793
osvědčená,6433
ochranného,2989
hnojiv,11883
jasnost,10023
zabíjí,13795
čistými,9458
krajková,13796
tukové,13797
pergoly,13798
zaměstnancem,6271
přebírání,13799
zrušením,6264
přilákat,7571
zátěži,13800
ztracené,2074
řešeními,10284
bombardér,13801
kongresů,13802
potištěné,13803
revitalizace,13804
proudí,13805
vjemy,9445
transakční,13806
kompilační,13807
patřičné,13808
vydělat,9495
sálů,13809
vedlejší,8576
vraždou,10179
plášti,3034
lepidel,13810
hledalo,8986
umožňujících,13811
prizmatický,13812
královských,7592
příčinami,7388
zlá,7767
hodlám,13813
vynaložení,13814
kabaret,13815
movie,13816
kočičí,13817
invazí,2868
obměnách,13818
vývojáři,13819
wellness,13820
medvědem,8845
snahám,4092
sněmem,13821
back,13822
klavírní,13823
přelijeme,13824
nést,2428
prozradí,5065
krosová,13825
podléhá,13826
stresující,13827
cítím,7044
kukla,13828
paličky,13829
katastrálním,13830
pevniny,5273
sport,8478
nácviku,5712
panny,12691
poutníci,12368
učedníci,13831
spojenou,935
polyamid,13832
dovážet,6984
oblékání,13833
zběsile,13834
produkované,13835
komunista,8026
dejme,1297
sériovým,10233
fotbalovém,7242
přístupném,1639
laické,13836
čtyřkolek,12972
anglické,2068
směřování,13837
rozmnožují,13838
nápojem,7702
mapě,4105
trestá,13839
sázet,13840
dohodnutých,2001
milovaného,7045
měřena,9401
křižáckých,13841
tragickou,374
point,13842
zjištěných,2837
jinam,13843
podrobně,11140
vykonávané,13844
uzeným,4031
štafet,9350
koňak,13845
příbuznými,13846
lepící,13847
vyrostla,7404
stříbrné,2828
poslouchám,6305
snímkům,361
funkčnosti,13848
duelech,13849
úsporných,9226
estetické,12652
sirény,13850
novomanželé,13851
nasazené,8438
měnou,4788
moskevské,853
pocházela,4359
zodpovíme,13852
thrillery,13853
jahod,2899
písemném,3486
úředníky,7219
příkazové,13854
nutnost,13855
budoucího,2636
odcházející,3300
komunistům,8026
hlavu,6293
emoce,13856
dorost,13857
shopy,13858
ekvivalentem,6776
přihlásily,1011
zdolání,13859
dvorku,11955
umožňoval,2704
korektor,13860
komína,11395
argument,13861
rozjezd,13862
tichý,13863
struktura,13864
podhledy,13865
ztratili,8947
zabila,13249
vzdálenější,13866
technika,13867
letadel,8476
některém,1431
politice,4785
aorty,13868
hnědě,13869
vypisovat,943
tepelného,6321
zpracovatele,5878
prohlašují,5163
dobì,13870
prostředků,4655
ergonomické,3405
souvislé,13871
vytváří,9182
místy,1070
diagnostických,5686
povětšinou,13872
útokům,2780
bronzové,1792
tøetí,13873
dostával,3348
začínajícím,13874
dně,1383
příjmů,6276
krku,8202
přírodovědného,6981
němčině,7352
odhalí,1056
vyjímatelné,4011
spočíval,8891
brutální,13875
použita,2022
nečinnost,9281
golfových,1788
významech,6707
mulčovací,13876
rezidence,13877
odvod,7436
hlídka,13878
arcivévody,13879
hru,2923
divokými,7548
jednotkách,5080
exploze,9844
maloval,8350
plošiny,8324
střevíček,13880
blízkým,1486
frontman,13881
obrysy,13882
sídlili,10499
asistenty,13474
zjistí,3611
vezmi,1858
výzvám,316
argumentace,13883
neznámým,898
hnědým,839
koloběh,13884
důkladně,13885
zachování,13886
vyrobí,6465
seznámil,7962
revolucionář,13887
popisilustrační,13888
napájení,13889
zpřístupňuje,13890
výkonné,6583
investovat,8272
černém,3938
zazpívat,12937
bleskem,4902
kalifornského,12221
well,13891
světovému,1016
study,13892
sféru,9995
pověřuje,13893
snahu,4092
obdoba,568
vadit,2375
honem,13894
lékař,13895
stejná,3346
rozchází,13896
vynálezů,5450
nejpočetnější,13897
titanové,13898
podmořské,6778
litru,8261
opakovaného,1532
pacientem,13899
obýval,8802
jadernou,10145
service,13900
skáče,13901
vysvětlující,13902
federálního,9244
chtěly,1167
vyprávěla,9084
multiwatt,13903
ladí,13904
odvíjet,10029
africký,13905
čísly,443
vyslání,13906
syntézy,5055
epos,13907
buď,13908
ztotožňuje,13909
osvícení,13910
ropné,3328
nezaměstnané,8471
hlásilo,1181
kódů,13613
selháním,13911
bojovala,2470
čekárny,13912
most,6387
kursu,686
oceňuji,13913
zasaženo,7281
nepříjemnosti,13914
zdaněním,13915
naučíme,12594
podivné,6788
amatérských,9121
tolik,13916
toxicita,13917
pochyb,9014
stehno,9064
smutní,1095
sázky,13918
příslušenstvím,13919
zadal,2192
vložte,2347
silueta,13920
pelíšek,13921
pravými,4643
webhosting,13922
výměr,13923
spotřebují,1029
pasažéry,13924
hysterie,13925
nylon,13581
uvěznit,13032
tchyně,13926
nejčistší,13927
zdravotnické,7227
zelenou,515
pohlazení,13928
ekonomik,5245
něčím,13929
úvěrový,13930
sloupci,8397
intuice,13931
odrazí,8358
veverka,13932
opačném,10047
brněnského,1762
chlapečka,3118
special,13933
bazilika,13934
webovým,610
vyžadujících,13935
přidány,1075
uživatelům,9267
převelen,13936
výjimečnou,713
tunu,4795
udržována,5944
regionu,4628
poptávkového,13937
českým,5690
žaloby,6945
vynaložených,9111
kultovního,13938
velvyslancem,10447
střety,5585
fakultních,10926
vytrvalé,7042
uzavřeny,2082
řízené,2957
nerostných,13939
kuřáky,12683
prodána,778
operátorům,10746
odpovědělo,3477
interpretace,13940
katedrály,3358
regulovaných,12470
určením,13145
bariér,13941
hrnečky,13942
vývaru,2250
vesničané,13943
angličtiny,8934
nasadil,8996
splnit,2730
vápenatý,13944
pěstovaná,13945
nehodlám,4876
finské,4915
výzkumném,3506
třpytivé,13946
barviv,13212
začátcích,47
těm,3681
výstrahy,13193
izolačním,5258
sebevražedného,8906
různých,4763
mincích,13947
rádia,11134
dílnu,2306
korporátní,13948
umisťovat,6142
ochraňuje,13949
spojuje,2471
pojí,13950
mobiliáře,13951
topinky,13952
vrub,13953
toužila,4285
jejího,3487
ocitne,11356
probere,6781
cigarety,8270
šířku,996
vraždění,13954
inzerátů,7630
stolci,6005
otcové,3926
vyhovovaly,4916
hadříkem,13955
případu,6357
dodalo,2956
laků,13956
škůdci,13957
snowboarding,13958
phone,13959
stavebního,9748
sokolovny,7492
pochoutky,13960
přehlednost,13961
životy,1942
prokázána,5978
stanovisku,4223
klikni,13962
expresionismu,13963
chraňte,12647
zvl,13964
osmanské,13965
zamyslel,13966
stěnách,8387
potápění,13967
kuchyni,5954
zátěže,13800
zájemcem,13968
busem,13969
geologie,13970
vydržely,1404
využijí,4222
pirátské,4427
disciplína,13971
reálném,2307
zastřešující,13972
genocidy,13973
bojiště,13707
nehodu,6868
technologickým,5041
dluhům,13974
tuto,738
vleky,12896
víza,13779
líbila,5239
sympatický,13975
snadno,7269
session,13976
obraz,12978
sestav,5855
pozice,13977
náhrobek,13978
kreativitě,6137
ověřena,1582
stěně,8387
klenba,10348
pomoct,3603
hierarchie,13979
sněhová,1845
dodávkových,13980
výbušné,13981
skříně,13982
lávové,13983
distributorů,4016
zvířátky,13984
léčebny,13985
hodila,4240
holding,13986
simulaci,13987
nalezli,7450
složitým,2940
poděkovali,10164
figuruje,11265
svobodných,7877
tahu,11094
dílně,2306
francouzština,13988
kontraindikace,13989
ženskými,9701
obsažen,13990
nainstalovaný,13991
nezaručuje,13992
prapradědečka,13993
zástava,13994
nacismu,8061
rty,11721
zadáním,13995
vítězkou,2921
manual,13996
naprostém,9382
dělením,13997
normalizaci,3833
zázračný,13998
vojáka,4937
odeslané,4233
provozoval,5431
zavolat,9206
výherní,13999
odpadá,14000
dávejte,3734
plan,14001
nějakej,14002
dvojčat,5989
utkal,11861
extremismu,14003
zálivem,8332
využívat,8096
kousků,14004
svatým,1363
komerčné,14005
nucena,6319
zaručujeme,13992
žlázy,14006
veterináře,5346
zámeček,14007
ústředních,1836
objímka,14008
soutěží,1514
náhodným,6393
naplní,5488
vnějšího,4899
podají,1477
památková,3205
výkonným,6583
odliv,14009
vytahovat,5946
nadnárodní,14010
zemědělských,6316
všedního,8292
onoho,8178
zamykat,13398
uváděli,1409
svazky,1408
pedagogice,5938
hospitalizaci,8256
sádrové,14011
okrsků,1048
širokoúhlým,14012
označíme,6277
nákazy,13000
zkomponoval,14013
trápit,7166
kožíšek,14014
městě,2189
rádiových,4402
malty,14015
tomuto,738
místopis,10579
akrylové,14016
založené,1797
nízkém,350
pokryta,14017
rybami,14018
postavená,7839
oborech,6057
stolu,4697
vystudovala,12946
velitelem,3088
hořák,14019
filosofické,12087
fúzi,6718
blbost,14020
bezpočet,14021
hračkou,5781
přehledným,1302
oddělením,10294
vysněnou,14022
žití,14023
opravena,8462
aukční,14024
hostinský,14025
smartphone,11089
bíle,14026
lidskými,6602
nejvýznamnějšího,844
rozhodnutích,2327
horníci,14027
hýčkat,14028
krevní,9288
nájemní,9336
brumdinka,14029
rotace,14030
účinku,10744
přípona,14031
federálních,9244
vybranou,792
výběrovým,2648
marcipán,14032
újezdu,8107
riziko,6942
zašlu,14033
ropě,7516
sýrem,8169
původních,6095
městy,2189
šerm,14034
nuceni,6319
soustavách,5688
znak,14035
přítomni,4109
jednotku,5080
podejte,1477
původem,12417
nedaly,1297
malířství,14036
posílit,8825
blízkého,1486
live,14037
rozdílná,11610
identifikovat,6231
přikoupit,14038
stráních,5262
auditorů,14039
squash,14040
uznané,14041
klikněte,14042
teorie,14043
spojeneckých,7285
anglickým,2068
tvářích,14044
pojistné,13473
vlajkami,5640
zazpíval,12937
kopaná,14045
trestný,14046
novějších,883
zajištění,14047
anglickými,2068
zastávek,5890
získaným,14048
kužel,14049
dávaly,3734
eskadry,6576
pracovištěm,11599
šermu,14034
ucpaný,14050
spokojený,13039
kontaktoval,14051
zvyků,3016
automatizace,14052
bolelo,9219
veselým,2210
rezortu,14053
prodá,4723
umožnila,6382
sboru,3985
obsahové,14054
zařízené,10502
deklarace,14055
dopravu,3890
praktikuje,14056
kapesních,5517
linkové,14057
klášter,14058
virtuálního,14059
ubírá,12289
karvinských,14060
sun,14061
stanovují,1741
vzorku,9524
mola,14062
paletě,2289
stojánkem,14063
hladší,6809
bledě,14064
učeň,14065
kojenecká,8293
odlesky,14066
přístrojů,11506
myšky,13207
tvořilo,7911
kapacitu,4310
středovým,6857
vládnutí,14067
otvor,14068
blogem,14069
krajinná,14070
kožená,13411
úplatu,14071
garantuje,8603
podroben,14072
katastru,14073
aplikátor,14074
kurzech,14075
mikinka,14076
ţáci,14077
potopení,14078
serverů,14079
reálie,14080
sestava,5855
stíháno,14081
vesmírná,2087
smíšenou,5366
agent,14082
pokličky,14083
omezuje,10806
nemovitostí,10996
developerské,14084
now,14085
námaze,14086
jazykovými,4585
irelevantní,14087
satelity,6173
svěcení,14088
zkus,2980
uviděla,767
jaderné,10145
číslování,14089
panovníky,14090
sponzoruje,14091
převládají,3822
lodžie,14092
paradox,14093
pamětí,10293
akumulace,14094
kouzelné,4072
zesilovač,14095
zvuků,14096
přístupová,4660
citrusy,14097
mládeží,11628
počítači,8858
vedu,14098
okrajová,11081
rostlina,8861
library,14099
upraven,2581
neobvyklých,2496
osobu,8514
prospěje,14100
stanovišti,6816
překonává,14101
pujdu,14102
dědečkem,14103
sestra,14104
maratonu,6349
strie,14105
zvonici,14106
stálou,742
autobusy,7784
skalnatém,2228
dávají,3734
poradnu,7715
biopsie,14107
stovce,5885
postupného,1268
kasino,14108
službybezbarierový,14109
utopil,14110
centrech,5935
bilionu,14111
používané,2855
jmenují,4658
rozvodem,5375
výstřední,14112
východiska,6443
schopnostmi,12900
vnikl,14113
emitent,14114
dioda,14115
pohyblivá,8197
kombinézy,14116
nezbytným,12424
zvykat,14117
rozhodly,2683
salonku,14118
obdržené,14119
různými,4763
prodával,4230
nemusíte,3779
profesionálními,10237
technologiím,10010
odvezl,5304
komisí,5717
sále,3832
vešli,11410
spotřebních,3807
dopravního,4766
knedlíky,8966
vyrobená,4690
širšímu,3781
zaručená,10850
below,14120
cedr,14121
vlnách,4271
dodavatele,8745
křesťané,14122
kamennými,7412
dětech,2545
žádnej,14123
párky,14124
plochách,6650
církevní,8037
usnula,12381
rozvědky,14125
dvorního,14126
obslužnosti,14127
schopnosti,12900
riskovat,9924
hodností,7241
lehla,8152
obalu,2755
zařídila,12591
kouká,4920
multimediálního,10166
nátěrem,2674
vyřízen,12507
ptáček,14128
takovýhle,4797
lůžková,6853
termálního,9520
sbíral,2256
sféry,9995
sběratel,14129
halových,14130
kloubů,14131
přesunou,564
kolegům,4587
zabezpečování,14132
pronajatý,10340
stupních,599
bytí,14133
hejtmanem,3131
vozíčkáře,14134
řidič,14135
odbočkou,8222
sázka,13918
půjčit,14136
přeřazen,14137
smát,593
třešeň,14138
tloušťce,13085
normálním,7359
slevový,14139
lahodný,14140
zajištěné,9400
velvyslanectví,14141
dýchacího,10702
vyměňovat,14142
studuje,14143
mořská,6491
čeština,11278
hradiště,14144
oblíbila,12800
vztek,9896
trendu,7013
náhradního,9013
písňové,14145
technologiích,10010
elektroda,14146
ukažte,2391
zaměstnává,11909
živočišná,14147
znát,1154
četnými,13251
objektivního,12519
ramen,14148
překonal,2906
aféru,1537
osadníky,14149
obyčejným,6205
zaměřit,8485
železnic,8580
obrátilo,14150
celosvětového,2253
plastovém,2567
lvi,5678
obstarat,9869
tlačítkům,11835
držely,4986
porostů,14151
baskytarista,14152
hotovou,1333
stran,215
ostatn,14153
apartmánů,9024
především,14154
uplatněna,11533
povolání,14155
novu,14156
dočasných,1679
prsu,14157
nadšení,3966
převratné,14158
infobox,14159
details,14160
zahnutý,14161
báječně,14162
slepý,14163
afektivní,14164
tělo,14165
otopných,14166
tempo,10862
vytlačit,14167
křesťanské,5098
přehrála,14168
zvládly,14169
definování,14170
hořet,3289
zvítězili,4380
ukládá,14171
ozdobné,14172
trpaslík,14173
hotového,1333
věta,14174
kolečkem,10227
svařovací,14175
zbyla,3456
zasvěcení,9474
oblastního,2949
nedopatřením,14176
levého,5087
klikneme,14177
samí,942
barevných,672
zákazníků,1865
testo,14178
poznávání,14179
naivně,14180
nesmí,4080
hodinku,178
odlišení,14181
kroužky,4936
paktu,14182
programátoři,14183
eshopu,14184
líbit,5239
cílovou,2263
tání,14185
slyším,6759
stud,14186
procenty,6791
rentgen,14187
poměrem,14188
vzdušného,11123
koalicí,14189
doporučím,1827
popření,14190
cibulka,14191
obyvatelstvo,9833
hygienickým,8227
kolečko,10227
into,14192
nasazeny,8996
potřebuji,3626
přibývat,3597
vjemů,9445
magenta,14193
brázda,14194
hluboký,9231
pěstovali,9270
webem,14195
hodinkám,11653
obvodového,4773
gynekolog,14196
nabádá,14197
seniory,14198
nizozemský,14199
letci,5269
tepové,14200
pohodlná,7484
estetická,12652
košťata,2321
postavy,11119
ustálené,14201
lidským,6602
ohřívá,14202
vlas,11050
vymlouvat,14203
učiní,6197
výhodu,5588
rádio,11134
hravé,14204
zubař,14205
mluvený,5166
sliny,14206
nepřetržitého,2607
laminovaná,14207
zblízka,14208
chřipce,2766
nahlížení,14209
předepsaný,7303
zajímavého,692
družice,14210
facto,14211
něho,2442
minimem,11854
cent,9294
hořká,4941
šatičky,14212
francouzská,10383
výchovného,8510
kreditní,10549
nadává,14213
rotačním,14214
ukrást,14215
sekundárních,13425
dcl,14216
kmenových,3661
nadační,14217
divu,11441
udržoval,5944
palce,8980
budila,12870
nálevu,14218
spreji,14219
hvězdná,3051
lisované,14220
dosadit,13487
kontrolovány,7208
plnohodnotného,5624
aktivních,801
kohout,14221
klíšťat,8039
pobytů,5187
zrušit,3040
přijdeš,339
přihlásitpřihlášení,14222
ovoce,14223
trik,14224
bubny,14225
klubech,2974
rostlinná,8160
všimne,2719
hraničního,12469
kontaktuje,2675
softwaru,7654
databázová,14226
vozový,14227
daly,1297
vysvětlí,2943
komunitního,4418
polštářek,14228
batohy,8856
rozdílem,12936
dějové,14229
tenkým,1824
class,14230
odpustí,10650
poklička,14231
skupinového,3617
aktuálnědostupné,14232
rozcestníky,1332
císařem,3803
středně,14233
koronární,14234
dash,14235
zemská,2199
panovnické,14236
vzorové,4398
babičkou,8571
stupňová,14237
spojeny,935
exkluzivním,8280
penetrace,14238
pokračující,14239
kapka,14240
maďarský,13064
říční,12226
růžova,14241
prohlubuje,14242
prostudovat,14243
zničená,7233
syntetika,14244
vevnitř,14245
tfuj,14246
aktivujte,12367
výplet,14247
kolonizace,14248
prestižním,5919
postýlka,14249
dveřích,251
vystavila,2747
great,14250
lokaci,14251
rozdělila,10970
indická,5527
geodetických,6411
motivován,14252
nahráli,1319
chodeb,4843
nečekaného,7794
režimech,7131
květované,14253
cestou,3793
nastavitelný,13089
výměnných,3033
účastnických,14254
vyzvánění,14255
bezbariérové,3836
tramvaj,14256
framework,14257
souvislý,13871
nově,2773
nemůžete,1237
penze,11969
laser,14258
soustrast,14259
hrály,3614
představitelka,14260
lékárníkem,14261
nabýt,7278
vznikem,469
pojistného,13473
něco,9475
účtenky,14262
účelnosti,14263
jablky,8529
krém,14264
mostů,6387
spravován,10583
odležet,14265
zřetel,14266
muži,5476
přiměřený,14267
drahých,1305
optimálním,9904
občana,5267
niž,4189
pracujících,12436
popisované,14268
citové,14269
cibulkou,14191
nahý,9730
zvládání,14270
vyslechne,9993
bundu,8248
vzpřímený,14271
snazšího,14272
přesídlení,14273
kandidátní,14274
rozsahu,6342
lékařem,13895
svrchovanost,14275
mistrovstvím,7667
pozůstalých,11651
staročeské,14276
napsalo,620
osahat,14277
zabiják,14278
příslušníků,9341
bublina,14279
kriminalitě,6686
pesticidů,10870
vybíhá,14280
zabalené,5939
předepisuje,14281
solidní,14282
vázané,13536
sýpky,14283
čínské,4642
střeleckých,7950
broskve,10303
katolická,10300
pravidelností,12940
zaměřoval,9551
pleťová,14284
pravdu,4178
inverzní,14285
potravinové,12802
bezprostředního,8769
plynech,6069
kočička,3800
nevyhnutelně,14286
mimozemšťany,11393
zabavit,14287
pokojíchbezplatná,14288
domnění,14289
zapadají,1060
vlasy,11050
bronzu,6528
vládnoucí,14290
napájecího,14291
karbonovými,14292
odejít,2765
udělili,2202
spolkové,8057
výchovnými,8510
hluboko,14293
teploměru,6151
obětuje,14294
diamantové,14295
vyprávět,9084
zašleme,14296
předlohou,7573
lemování,14297
týmového,4667
zpracovávat,2803
žádným,2537
vstupovat,2301
potýkat,5533
bergamot,14298
lamino,14299
vyrostou,7404
mnohem,14300
provdala,14301
zřizovány,9433
přímými,3548
lednici,2664
střehu,14302
jezuita,14303
protagonisté,14304
potřebovaly,3626
kytice,14305
ošklivá,5291
dílná,14306
nory,9067
inspekci,1457
dopadů,2500
budov,6611
keď,14307
vodítko,14308
rovníku,14309
datumu,14310
zmírnit,14311
závoj,14312
limitů,14313
naložení,14314
porážky,7389
opilosti,14315
magisterském,998
formovat,9866
trhat,6347
ocel,14316
autorských,7174
fakultě,1838
konkláve,14317
gerda,14318
ghettu,10539
ekonomy,3848
toalety,7584
uliční,14319
kašle,5374
nízkou,350
rychleji,12234
hromady,13033
plyšové,14320
umístěte,6142
schopnost,12900
vytvoří,8400
výpočetní,13752
serverem,14321
poukazem,9839
secesním,14322
zřícenina,14323
přibývajícím,10690
unesen,14324
oslovit,7468
jedlá,11442
ponechal,8820
svépomocí,14325
dosazen,13487
klipu,6634
náhrobní,14326
koncové,4647
mluvčího,5484
dcerami,11757
dodávala,10239
hardwarových,14327
finance,2264
myšlence,1729
kosmetického,8316
stopě,5760
prohloubit,14328
poukaz,9839
ozaslání,14329
strašidelných,4487
nastolení,14330
faktorům,5511
položkou,10459
vyřazené,14331
zakončená,1541
přestávají,4547
vzorky,9524
objemu,6652
kostra,14332
zvolených,775
elektronických,4236
výměnu,5670
největších,3442
zvědavost,14333
desetinné,14334
clona,12623
uvažování,14335
nevolnosti,7846
typových,14336
velice,14337
zapojený,8110
poklidu,14338
groteskní,14339
očistit,14340
ratolestí,2728
pestřejší,1139
citlivý,14341
vločky,14342
starých,5912
koalice,14189
kontinentů,9703
dotkl,11681
vyhnanství,14343
zámkové,14344
neslouží,4549
zvýšena,4180
zvykne,5241
způsobů,4626
gruzínského,4870
odesláni,14345
dodané,1728
vybudovat,4506
hotelu,8994
površích,1102
vynášení,14346
konzistentní,14347
školském,2420
vodní,10433
ruština,12165
dodržováním,11797
číselných,12532
splnili,2730
ohřívání,14348
laserová,2245
tenise,13063
oborem,6057
cítí,7044
zastávku,5890
spjaty,3414
běda,14349
zabarvení,14350
bludy,14351
sankční,14352
momentech,6010
začlo,14353
extrémním,6635
vysvětlím,2943
hřbitovní,6691
děkan,14354
ukončit,1669
odpustil,10650
pochován,14355
příruček,1002
kouzelným,4072
porodnictví,14356
meteostanice,14357
odborník,14358
coming,14359
knihovní,6078
poradenského,3615
kalhot,3713
oba,7743
podlehli,5628
světlou,1553
protiraketové,14360
toxický,14361
automobilek,7218
očištěné,14362
samovolnému,14363
storag,14364
odejdou,2765
přípustný,14365
prodejcem,14366
podepisování,4177
tenisové,8263
nejčastějších,2629
mocný,13364
postupnému,1268
důstojníků,4094
antikoncepční,14367
výběrů,1819
encyklopedie,14368
musíte,3779
nepřilnavým,14369
desítkové,6437
poskytováním,8870
zdůrazňují,7187
manželku,9057
videoklipy,966
catering,14370
svícen,2334
koberci,10649
autobusů,7784
předky,9590
skutečností,3250
kritiky,14371
stříbrného,2828
vyvážená,13662
odměrky,14372
položili,7536
vyzvání,14373
okupačních,14374
odvedenou,11003
botami,10462
tabulky,5426
nebezpečný,2043
ruší,10068
kvalitativně,14375
bezpečnostních,10646
zdálky,14376
setkají,4833
rybízu,7056
tercie,14377
víčko,14378
zvratu,7823
parfémová,14379
alergie,14380
playlistu,2692
začlenit,14381
tělovýchovná,14382
moderování,4728
otázkách,2155
sondy,14383
depresi,2827
médiem,14384
altánu,14385
převažovat,4116
přiměřeným,14267
cenný,7322
běžecké,6533
kmenového,3661
dotkne,11681
administrator,14386
odpálit,14387
podsvícená,14388
viníka,14389
rámečky,14390
vyměnil,9127
automobilní,14391
půdách,5217
navštěvovala,5920
studiím,14392
zdravým,14393
padli,809
výstupních,14394
vděčnost,14395
raz,9330
pozve,3065
prosazování,14396
hygienické,8227
zásobovaná,14397
nepustil,6075
získávali,12901
úkolů,1621
středověkým,7852
meditace,14398
odpovídám,10034
nadkolenky,14399
nadačních,14400
zástupkyně,14401
zdravých,14393
destinace,14402
debat,6377
přejmenovala,9148
zasahovali,14403
dobové,3127
ztroskotala,6855
kaňon,14404
dema,14405
zabránila,5858
gotickým,12704
topných,1706
nelegálně,14406
argentinské,5726
sladkosti,14407
asymetrický,14408
pergola,14409
žádající,14410
vězte,14411
kazí,6337
československým,2337
insolvence,14412
zelení,515
rámce,4061
karaoke,14413
zvolíte,1720
zjednodušeném,3173
post,14414
lékařům,13895
zařazujte,2546
nepoškozená,14415
stupnice,14416
ozbrojenými,9261
parfém,14417
představivosti,11559
realisticky,14418
štítků,14419
australském,4399
exprese,14420
pokrývat,7215
titulku,4517
zřízením,3930
kávy,6328
spojena,935
plátků,9106
dopřejte,14421
barvám,1673
připevněny,11606
citrusové,14422
poznámek,684
aglomerace,14423
brod,14424
pronikla,12054
pozorovatel,12815
sklářská,14425
obdélník,14426
seřizování,14427
rozpory,14428
policejní,14429
marketingového,7041
dostaneš,2702
průchody,10180
netají,3008
řetězy,10215
nepostradatelné,2229
směrnici,5303
pořizují,5872
vločkami,14342
čelí,6025
osvobozené,3798
outdoor,14430
board,14431
sídel,9691
nezávislí,4217
snímcích,361
úspěšní,552
pořádku,14432
člunem,13676
nalezeny,1598
trať,14433
požárních,14434
pěkným,4022
zabezpečovacího,14435
mezivládní,14436
ticho,14437
svýma,4415
překlady,1975
penzi,11969
vlastníkem,8150
spojit,10680
umožnily,6382
kořenové,14438
valnou,1161
stavebník,14439
nenáročné,2679
čtyřem,1964
papírů,4476
otevřu,1490
material,14440
vyrůstá,14441
pyré,14442
ministerstva,6124
zpívala,3719
plošině,8324
bal,6844
poskytovaná,3997
přihlásíte,1011
hardwarové,14327
nenošená,14443
otěhotnění,14444
rizoto,14445
ukážeme,2391
citrónové,6013
nožičky,7564
kajetan,14446
větné,14447
komická,11654
hrají,3614
friends,14448
způsobená,5562
člunů,13676
tvořeno,7911
dobry,14449
nelíbila,5239
fluktuace,14450
plodolistů,14451
provedená,2070
dojela,7931
dočasného,1679
přebalovací,14452
stvořené,14453
spinkat,14454
plazmatu,14455
památník,14456
smíšených,5366
popsané,3745
králíka,3752
technice,7521
vystavěna,4494
běžky,3613
severských,14457
uložila,9529
vzbudit,8337
jaderná,10145
investují,8272
přestávek,3241
položené,1150
vyhláškách,14458
koridoru,6018
neurčité,7331
nenápadná,6310
brzdami,14459
legrace,14460
virové,14461
ekosystémy,14462
postará,6561
oblečením,14463
soudního,12141
stvořen,14464
potopila,3775
životech,1942
gardy,8224
rozumíte,8574
jazýček,6876
obava,3784
prstění,14465
břehu,3094
písčité,11696
nepostoupil,14466
kytičku,7859
prababička,14467
zasáhne,7029
spací,14468
přistoupit,2283
řekneš,2681
zaměříme,8485
diktatura,14469
vítěznou,724
dovezené,14470
kopulí,14471
samotném,529
mostu,6387
odvození,14472
limuzína,14473
otroci,14474
lidech,4681
úspěchů,1648
pohlížet,8933
ztraceného,2074
stožáru,14475
připojili,10379
fotografuje,6725
menšinové,14476
přinutil,14477
provozovatelé,9564
badatel,7722
socializace,14478
výrobky,11059
organizmus,14479
vytéká,14480
kruhové,3247
pomoci,14481
ízení,14482
kánon,14483
přenosné,5136
přepsání,14484
diskusním,5176
viditelně,14485
dodávány,14486
rezervačních,8453
propagátor,14487
určené,3984
zasažena,7281
přidělena,3117
úmysly,3657
udržely,7929
belgický,10331
půjčování,14488
minima,11854
střílečka,14489
japonským,2734
hroznů,10347
ručníků,8623
zaštiťuje,14490
doktorském,894
dluhové,14491
skvrny,6515
vychovatelka,9635
nápor,14492
redaktorská,14493
obrovské,4869
pojištěním,14494
nylonové,14495
bosých,14496
hrozny,10347
okružní,14497
rozrostl,14498
oblíbil,12800
odcizení,14499
skvěle,14500
bratrem,5313
polské,6130
spravnej,14501
projíždějící,14502
mastné,6460
nemocnicích,8428
předsevzetí,14503
umožněno,14504
princip,14505
přestávkách,3241
zasahovala,14403
modelům,5645
vyzkoušíte,1751
dotovat,14506
měřítko,6186
publicistiky,14507
pohraničí,14508
biologických,3482
juniory,14509
záložku,14510
televizory,14511
rámečků,14512
opuštěná,6218
přepravy,12939
mrknu,2197
kojenců,14513
zaměňovat,13788
severozápadu,6148
carské,14514
vzalimuj,14515
bulvár,14516
souhlasili,3312
začarovaným,14517
termotisk,14518
zařizování,14519
triumfu,6739
opálový,14520
zřídilo,6753
motocyklové,6208
zradu,7701
plechu,14521
osobnostmi,14522
anarchie,14523
panelu,3837
drogových,14524
odvodnění,14525
odpoví,3477
agendu,13127
deblový,14526
rozvoz,8844
dočasnému,1679
oprávnění,14527
demolice,11675
rozmícháme,14528
bysme,478
absorpční,14529
vážnější,6346
maximalizovat,14530
reformou,4823
vypnuté,12030
odnětím,6734
drakem,8163
stařec,14531
hubený,14532
krvinky,14533
paměti,10293
obecném,4437
vybudováním,8206
skrz,14534
projížďku,2134
nahrazen,14535
holčičky,7284
osídlena,14536
paštika,14537
cyklistiky,5545
založeny,1797
ustoupit,6278
nalezla,7450
kterémkoli,7197
nemocenském,2540
domech,6152
efektivněji,8969
vrátnice,14538
důvěryhodný,14539
vyplněných,11634
teritoria,8627
moderna,14540
neliší,14541
pohodlně,14542
formách,12071
parkovištěm,9957
psychologických,3371
nesouhlas,14543
sebevědomý,14544
cloudovému,14545
eposu,13907
prvňáčky,14546
odlehlých,14547
rozepisovat,14548
hliníkové,4152
britské,2566
jakýmsi,12079
osvěžující,14549
výzkumník,10886
audia,14550
objedná,1089
zlomila,13203
přesunovat,564
archivaci,14551
kamenném,7412
pack,14552
přesvědčuje,4764
pelet,14553
pěnová,14554
stonky,5393
důstojníkem,4094
utřeme,14555
pilový,14556
vyhledávač,14557
vedoucí,11860
údržbář,14558
způsobeným,5562
vnitrozemí,14559
uzenin,12271
odpad,11344
mci,14560
pádech,558
procesech,2810
modernizaci,7341
elektrárna,9984
figurovala,11265
výdělečné,14561
mrazáky,14562
skořicí,14563
imaginární,14564
četným,13251
mramorové,14565
poboček,800
lhaní,14566
psychoterapie,14567
vrchního,8684
relativity,14568
affiliate,14569
poradny,7715
snažíte,1220
reprezentoval,7847
automobilové,5842
vzácné,6056
nevýhoda,6375
objektivních,12519
sokolské,14570
sójové,7092
tarifem,14571
magistrátu,6494
procenta,6791
spektrální,14572
písková,14573
řídce,14574
levé,5087
odtrhnout,14575
začínající,13874
procvičování,14576
dosáhnete,1663
doporučeného,3866
protektora,14577
misie,14578
stavebnice,11791
slupkou,12182
výš,5812
uznání,14579
úrazem,4452
zatýkání,14580
vtáhnout,14581
prosby,7557
položky,10459
spokojenosti,6852
firma,7124
právníci,10685
přítomnosti,14582
zrak,12199
padesátce,3483
hlavě,6293
fotečku,14583
mračna,14584
vyžadovány,6149
access,14585
smetanou,3849
nahrávkami,5309
difuzní,14586
odpuštění,14587
obrovských,4869
vyvážené,13662
zabývalo,8392
modulem,14588
namočíme,14589
poráží,14590
veslař,14591
kamnech,1081
povzbuzující,14592
úřednické,14593
sebereflexe,14594
manželé,2572
zaberou,14595
jehličnaté,14596
žadatelům,11960
sovětů,14597
trávicí,11880
psychiatrická,9861
zasazené,14598
nemocemi,9021
mrazicí,14599
nesplňují,12283
plnější,5204
prodavač,14600
zdokonaluje,14601
sušiny,14602
opracování,14603
částečnému,1949
špenátem,2286
chlap,14604
konzumní,14605
innosti,14606
podřízen,7265
projevů,5823
bočního,5748
myšlením,11298
podepsaly,4243
dochovaný,11863
akutním,14607
vystřídala,6682
zkrácen,8506
skryt,14608
potichu,14609
povinnostem,10759
věky,1777
velkých,3442
oprávněnost,13765
soudržnost,7826
všecko,14610
zásadě,13589
nerozlišuje,14611
návratnost,12808
výhry,7849
vyložil,12300
cvičení,14612
kšiltovka,14613
naplňovat,9070
masér,14614
kloub,14131
hostitelských,14615
carem,11810
narušen,14616
rozhodit,14617
udělit,2202
pískovci,11074
výkonů,9208
překladatelé,9662
nemocniční,12275
kalkulátory,14618
blogy,14619
volném,2260
zbylá,7995
příručku,1002
painting,14620
schémata,5232
bazénů,7833
přejmenovat,9148
sjednaných,10964
krajinné,13260
aplikujte,9796
vyhrazená,3412
bohoslužbu,6216
psán,14621
kakao,14622
jezuitský,14623
tichá,13863
temně,14624
italští,7414
farnost,9052
spínání,14625
bukového,10847
skóroval,14626
zaparkovat,14627
podporují,5321
zprostředkovatel,14628
obyčejná,6205
skromně,14629
rozlišují,2371
nebývale,14630
pitva,14631
řádech,3060
historiků,7049
rekordem,3283
normalizační,14632
prosbou,7557
jdou,1947
myslíš,3888
designový,14633
uhasit,14634
zpolatněno,14635
vzejít,5683
zanechala,12535
násobí,14636
noky,14637
vegetací,14638
urgentní,14639
sály,3832
nejnebezpečnějších,14640
účelnost,14263
slzy,14641
natáhl,13001
krátkodobou,624
šatů,10748
sebrala,9992
záhony,13685
odpadového,14642
penězům,5654
pakliže,14643
zdrojů,5857
ohniskové,14644
donuceni,7128
nápadný,6310
uznávána,5456
piráty,14645
deaktivace,14646
láhvi,12835
nejlevnějšíhood,1190
nastudování,14647
nedostaly,2702
webového,610
nervozitu,1794
vaně,7570
milostných,8419
uvěznění,14648
šetrný,14649
restauracemi,8385
klidnou,2737
odpolednev,223
tvořily,7911
vyzdobit,14650
nesnese,14651
hrabě,14652
nejdou,1947
bowlingu,14653
případem,6357
arzenálu,5395
předmětové,14654
skot,14655
kuřat,6384
telekomunikačního,6318
pomoc,14481
mého,1665
úzkostí,6958
kilogramech,3364
fatální,14656
nedostatečného,1994
nekoupil,2741
vzácněji,4244
krajskou,14657
leda,14658
zákonných,6121
vlasová,12448
pojmenování,8055
len,14659
obstarání,9869
hrajete,3614
zachránit,14660
palec,8980
takov,14661
napomůže,14662
odesílá,11523
křivky,7342
komiksových,14663
žadatel,11960
třicítce,13190
dýcháním,14664
viaduktu,14665
proboštem,14666
ložnice,10601
náchylnější,14667
područkami,14668
délku,5192
vyhovovat,4916
firmou,7124
centry,8166
penzijního,14669
kódem,13613
planetární,14670
zpoplatnění,14671
oblékali,8505
světské,14672
happy,14673
šroubovák,14674
únosu,5586
závodu,3382
nezájmu,2984
dlužné,14675
reformace,4823
san,14676
běžící,14677
videa,1653
popruhem,14678
plodu,9240
bodům,1863
leccos,14679
sféra,9995
teras,2640
kancléřem,9743
šachu,14680
rozdělilo,10970
odpovědní,9637
svěžesti,14681
splátkách,3215
prózu,7751
technologickém,5041
povstáním,9975
enjoying,14682
problémy,5913
zitra,14683
mnoha,12447
léčbě,8753
pojízdný,14684
měnili,7192
přídomek,14685
odboru,7280
vykonávají,5770
majetek,14686
sjednanou,10964
automatická,3951
toužící,14687
jednoduššího,2738
lesklých,4652
rostoucími,14688
burger,14689
privatizace,14690
skákací,14691
přivede,5082
misto,14692
katolicismu,14693
průběžného,690
tiskárně,3625
zakončena,1541
věků,1777
setrvá,14694
křižník,14695
oživuje,14696
slušná,9417
všedních,8292
building,14697
nainstalována,6701
figurín,14698
kokain,14699
lokomotiva,14700
kudy,14701
rozlišením,14702
estetika,14703
majetkových,14704
vyslali,14705
našla,7815
hydraulické,5188
kolona,14706
jehla,14707
předvádět,4435
bičem,14708
stánky,5340
střetnutí,14709
parfemace,14710
tištěnou,1641
svrchovanosti,14275
méně,6702
zdravotním,8908
výtahy,661
replikace,14711
stabilizace,14712
zničilo,1930
degradace,14713
nechvalně,14714
habsburské,14715
hypoték,6898
prodejem,2874
sponzoři,8199
rozbitý,14716
ústí,14717
světů,1462
ušetřil,12354
myš,12602
kladenského,11435
odečteno,14718
vodítkem,14308
navrhovaná,1157
šxvxh,14719
hřejivý,14720
uzdě,14721
factory,14722
sexuality,14723
zavřou,2839
zabývat,8392
bejt,478
stropě,5513
nadstavba,14724
věřit,4144
prostředím,10605
protinacistického,14725
vatikánského,4210
hmotnostních,12803
kamionů,10825
vejčité,14726
vysídlení,14727
oborové,14728
vyzrát,14729
plechovky,9540
mys,14730
vytěžit,14731
zlomení,12924
nimiž,4189
netřeba,14732
husí,14733
divizi,3989
nehoda,6868
vystupování,14734
hezky,14735
výraznějších,1351
utkají,11861
milionové,14736
rýžová,5893
nesklonné,14737
hladce,14738
startovním,9080
mistři,13059
svádění,14739
sběrného,14740
nepřirozené,14741
závodiště,14742
nedotčené,14743
vysušení,10993
udržovat,5944
pevnější,2429
neobejdete,5817
pravomocného,6008
civilistů,7301
proměnilo,14744
pozoruhodných,9006
záhonů,13685
úzkorozchodné,14745
zdatné,12504
tropické,841
vyvolávání,14746
zimni,14747
rozložit,14748
označovalo,2216
hold,14749
zvaný,14750
prodejnosti,14751
napadena,14752
slohové,5084
demoliční,14753
kamenná,7412
slibuji,4049
adaptovat,14754
zahradních,8877
recitaci,14755
postavička,14756
metráž,14757
sloganem,6503
člověče,4681
frisbee,14758
zaměřené,5967
pochoutka,14759
zhoršily,11051
umyjte,14760
cloudů,14761
vrtá,14762
příval,14763
poroste,14151
výtvarnou,1120
zvládnou,14764
většího,3442
vzdálenějších,13866
laloky,14765
dělení,13997
ekonomie,14766
záchody,6483
hádanky,3193
foukaná,14767
pardubického,3588
vzpoura,14768
parametry,9049
spal,1631
přenesených,14769
poskytována,3997
retardací,14770
datle,14771
dolary,1591
špinění,14772
tož,14773
maskovací,14774
užívány,2294
pohádek,10080
vysvětlena,14775
náměstkyně,14776
krasobruslení,14777
hranicí,10809
kamarádem,1401
zapnutí,14778
aktivum,14779
větrací,14780
blikačky,14781
zjištěné,2837
nesmrtelné,14782
pronikl,12054
domácnostem,13523
smějí,4080
obnovovací,14783
akcionářům,14784
koupeli,14785
cítíte,7044
pojistném,14786
nemalé,2564
rozmístění,14787
románem,1687
chápat,4522
drama,14788
podobném,6710
diagnostikována,13258
doi,14789
přínosná,4917
hlasovali,3931
přikazuje,14790
embolie,14791
dvoumístný,14792
tajemný,14793
rozšiřují,5822
prospěl,14794
popsaného,3745
testovacích,14795
akustického,7759
hostina,7204
senátem,5653
abeceda,14796
cyklisty,5263
voděodolnost,14797
vnučka,10219
vznikly,1152
srdcem,13002
uznávaným,3899
citovaného,14798
autorádio,13194
odborníky,14358
lektory,14799
potvora,14800
veľmi,14801
ochozu,3462
dortů,5833
jakýkoli,11498
internetovém,988
děláte,2861
nepřímo,14802
nejdál,12230
výuce,6831
siluety,13920
čerstvě,14803
hrozbou,7148
pupeční,14804
sklářské,13729
inzeráty,7630
newyorské,9629
právnické,6925
závazek,14805
schvalovací,14806
příkaz,14807
osadníci,14149
vyloučených,4938
pohořím,14808
vlašské,14809
poslaly,10214
stávalo,6080
umřít,1690
noví,883
registrovaných,3043
hitparády,14810
mailového,14811
gymnáziu,6591
důležit,14812
stání,14813
even,14814
typografie,14815
kukuřičná,10343
plochu,6650
předčí,14816
halovém,7606
jedinečnosti,14817
písemností,14818
domněnku,8526
diagnózy,14819
jakási,12079
souhlas,11558
autosedaček,14820
eventuálně,14821
sklípku,14822
úrovní,7179
ironicky,14823
včelařství,14824
lumenů,14825
fialovou,846
nacionalismus,14826
dřevotříska,14827
variantou,2489
stabilitě,7069
nenásilně,14828
brexitu,14829
památkáři,14830
extralize,9976
vytrvalost,13453
tropech,14831
poskytují,2988
zastaralý,14832
ové,14833
gratuluju,2795
výdejním,14834
úsekem,5552
japonské,2734
výstřik,14835
zpochybnění,14836
převážná,14837
štítů,4492
kdybych,6823
kat,14838
miluju,4478
krokům,1956
vešlo,11410
nejvyspělejších,13228
turecký,12008
tmavých,2586
kompakt,14839
uklízí,9961
stáhnou,2381
letohrádku,14840
hasič,8435
kronikáře,14841
kožený,13411
jeslti,14842
momentu,6010
dezertů,14843
vojenskému,4990
skladiště,14844
sehnala,9941
říšská,4408
transferů,6426
skiareálu,14845
příteli,4372
atomových,5473
přičíst,14846
pečlivě,14847
parodie,14848
stránce,1299
vytvořily,8400
klarinet,14849
oběžných,9203
nafta,14850
světech,1462
piano,14851
ukoncení,14852
uplatňovat,14853
muzikanty,10204
projevují,5272
důchodových,6972
zkoumala,11185
určité,7331
inzerované,14854
běžte,1068
vyzdoben,14855
vysok,14856
přistýlka,14857
sušit,14858
vestavěného,4413
slaďování,14859
oxidu,7926
schopnostem,12900
deltě,14860
chatka,6325
řádku,8440
přesunuty,14861
souvisejícího,9055
ciziny,10003
podélný,5327
poškozením,14862
trpělivost,14863
zapsat,8098
věrní,8582
soustředěn,12626
definována,4772
podpisů,4046
uličkách,10959
hyaluronová,14864
návazných,14865
smetaně,3849
lyžařského,2017
doplňků,4358
myšlenku,1729
háje,7093
poznámkách,684
aftermarket,14866
dodatky,1079
blbec,4221
zlobil,2356
měním,7192
volbu,270
zúčastňují,14867
slabších,770
hradby,5898
školku,1776
nazvaná,7963
smršť,14868
válet,10555
aule,14869
řídila,6593
inzerát,7630
usínání,14870
potkaly,2352
hlučnosti,14871
španělská,8244
pečte,2384
vkus,14872
jemuž,4189
nacházela,4371
ředitelkou,6169
službu,3035
zábav,3744
změnili,3635
orientován,14873
svíček,9832
opomenutí,14874
povolal,14875
návody,10479
naprogramovat,14876
projevech,5823
těžit,14877
final,14878
odrazila,8358
děvčátka,14879
dlouhotrvající,14880
lidových,4070
lat,14881
přirovnat,10456
objektivním,12519
přesahující,14882
hledal,8986
kontinenty,9703
nastupující,14883
ušít,14884
demokratické,7775
elektromobily,7558
prosperita,14885
glóbus,14886
vládli,4501
neztratila,8947
představitelů,8619
satirické,14887
blíž,8573
souvisejícím,9055
aktivační,14888
objet,14889
zaslat,3249
vyčlenění,9649
chytí,6896
individuálně,14890
vegetaci,4356
hromadě,13033
mini,14891
zrychlení,14892
hranicím,10809
stanovišť,6816
posudkem,1293
okamžitého,1810
autorizovaných,11305
hole,14893
lišit,14541
nedostatečnou,1994
ušlechtilý,14894
důvěře,7366
pohyblivými,8197
kreslené,5723
rozhlednou,2805
zvětšila,14895
cévních,14896
překonávání,14897
manipulačních,7682
doporučena,1827
provozování,14898
závazků,14805
systematické,10521
výběrového,2648
ujel,12400
opatřená,14899
aplikuje,9796
kardinál,14900
památkových,3205
místostarostou,3259
přísným,9734
žila,2529
hlasové,3262
živým,3261
točivý,14901
volně,14902
mamky,14903
střižny,14904
beige,14905
traumatu,7395
výhřevnost,14906
společnosti,4907
nazýval,12286
uvedu,3490
režisérském,14907
posluchači,14908
dostávalo,3348
územně,14909
nepochopení,14910
nejuznávanějších,3899
peáž,14911
problémové,14912
omáčky,5852
rezervy,14913
úmyslně,14914
kéž,14915
chyběli,7068
kanále,4607
zprava,14916
natažení,14917
blogerka,14918
brouky,9166
bádání,14919
spásu,7064
akcentem,14920
zlatými,2300
postihují,12175
divák,12120
nesly,2428
vyřazených,2793
alokaci,14921
vzdálený,13866
čteček,12483
přeřazení,14922
lžou,14923
tajném,3559
dostihu,8874
kapalných,2367
jedinečnou,3887
hostů,2238
oxidace,14924
jakékoliv,7066
výchozího,1746
jednotliví,3432
dohodu,4030
režisérem,4661
přesunu,4518
skuteční,2843
lymfatické,13307
uprchli,3013
nezávisí,14925
pánev,14926
rytířského,6155
vozovna,14927
okolním,1474
genocidu,14928
lékárně,7502
automobilů,6655
nýbrž,14929
restaurant,14930
porodnice,14931
klesající,14932
výzkumného,3506
proděkan,14933
zvláštní,11914
kulturními,8615
nástrojům,9284
zrodu,8436
zachovaných,8632
soukromému,5906
splácet,14934
rizikové,6188
košík,4283
břemena,10195
ukázce,1914
suchu,1009
pokladnice,14935
popularitě,9391
dopravce,6771
bojovaly,2470
argumentují,10092
zlomky,5758
sluchové,8796
trávu,3504
mnohdy,14936
jídelních,10816
zranitelné,9392
pracovněprávní,14937
aparát,4898
žlutými,2836
rejstřík,14938
určitého,7331
neoprávněným,6215
desce,7666
postižena,8544
vstřícná,7339
pramenů,9929
duchovními,14939
modlitební,14940
instalují,3591
odkoupení,14941
žehlicí,14942
strojky,14943
končin,5249
budova,6611
nejmodernějších,4434
geomorfologického,5901
útočili,3521
misích,2866
kosmickém,4664
jinej,14944
ručníky,8623
rozpoznat,14945
mediálním,14946
stiskem,5943
managementem,12596
centra,5935
plnotučné,14947
předsednictvo,12818
cukr,14948
pěkných,4022
uložení,14949
předběhl,2691
width,14950
rozumíme,8574
slané,8115
lépe,3347
olovo,14951
koňmi,12377
nízkoenergetických,7318
závodník,14952
křesťanští,5098
froté,14953
obsahovala,9133
inspirovala,7635
běžecká,14954
púzěti,14955
nesprávně,14956
pokročilým,5406
opatrnosti,8288
databázový,14226
zmiňovaného,1501
srnčí,14957
podstoupit,8824
kladnými,4088
rolety,14958
dobrovolníků,5139
klasickém,4367
zásobuje,8884
zabiti,6915
kreativního,13215
rozšířenou,1301
venkovském,13170
odmítnutí,14959
penízky,14960
zabránit,5858
dostát,14961
encyclopedia,14962
kauzy,13549
expedic,982
zástavy,13994
všemožně,14963
cisterciáckého,14964
trhuhttps,14965
kolikrát,14966
přírodní,8528
nedochází,5703
kombinéza,14116
bedra,14967
restaurování,14968
potvrďte,1438
zasloužily,4122
jednodílných,14969
smlouvě,9253
pobřežím,12804
trefí,14970
významu,6707
přispěly,3029
záhon,13685
kompromisy,9020
překrásném,5253
ozve,7288
realitním,11004
způsobena,5562
vzdušná,11123
chladit,14971
zárukou,8264
vazbu,6030
dívají,4499
studentky,8016
nastavený,14972
vraždám,10179
úpravoubarva,14973
plnohodnotně,14974
absurdní,14975
sledující,14976
uspořádaných,2164
objednateli,10252
podstatné,4969
přistěhoval,14977
implementována,4491
stabilizované,14978
poradci,7160
závisí,14925
donutit,7128
povinnost,10759
toxická,14361
tělesem,10963
řečtí,8791
odbornost,14979
neprodleně,14980
namíchat,11857
chytrá,14981
odběrateli,6985
bezlepková,14982
domácím,11698
rybářského,3443
motorických,12347
sestřelení,14983
rozdělena,6181
money,14984
poháněný,14985
problematické,7460
skříni,13982
imunitou,11491
terénem,14986
oživí,11245
vlastnil,7717
programátor,14183
inspiroval,7635
hejtmana,3131
dozoru,5362
history,14987
elfové,14988
laskavé,5317
blahobyt,14989
pocházejících,14990
svěřených,5975
pohybu,8092
nezbývalo,748
upevněn,14991
omyjte,14992
hledají,8986
agend,13127
odstavcích,2601
sadech,7889
upřesnila,243
dokumentující,2777
šipka,14993
kontrabasista,14994
administrátory,14995
jíž,4189
vzorcích,14996
yellow,14997
objevených,1088
ztuhnout,14998
obložené,14999
výkonná,6583
výzkumníků,10886
regulačních,7576
povinného,4224
požírá,15000
božská,15001
odpadky,15002
vyučujícími,15003
keramických,3422
stolička,15004
sova,15005
ziskem,5744
jmenováním,4158
lékařskou,1298
hlučnost,15006
neuvěřitelně,15007
rozdělených,6181
poškozen,15008
příslušné,3012
okupovaném,11690
přečtu,4262
nejpoužívanějších,2855
hladina,9060
působiště,15009
nervového,4424
odvahu,11512
strukturní,15010
aquaparku,6600
pochybnost,12098
provozovně,6837
očí,2160
sousedním,10623
řeky,5964
zakryje,5829
televizi,6858
družstev,15011
tvořící,15012
nosnosti,15013
cukrovky,10780
hebké,10553
nakreslit,9972
begin,15014
svačinu,5940
důchodci,10175
odpovědně,15015
komunisty,8026
takovéhoto,2718
webovém,610
dvoupatrová,15016
odstínů,2204
vyhlazování,15017
posluchačům,14908
hlasitý,15018
vytvořím,8400
obrazovkách,13198
nenašli,7815
posudky,1293
supernovy,15019
nealko,15020
nemuze,15021
hromadnou,2808
centimetry,11528
cyklotrasy,6311
sedě,4103
verši,5856
oder,15022
zachránil,14660
rýmy,7244
určite,15023
odpovídali,10034
kanalizační,15024
mediální,14946
pokládají,4174
kapoty,15025
hlubší,9231
zadávání,15026
fetiš,15027
působili,5174
vracet,2097
kopci,2424
kašny,11519
povýšil,3748
odprodej,15028
rozeznává,15029
val,13628
stěna,8387
kotlety,15030
pěstounů,15031
bahno,15032
výkladů,4279
válcová,15033
výběh,12902
úplatek,15034
veslování,15035
stavbě,7830
zobrazen,15036
personalizaci,15037
chemických,1881
plátěné,6047
lese,12371
newyorského,9629
povstalcům,11170
bìhem,15038
kyčle,15039
účtují,5475
společenskou,3632
hypo,15040
folklór,15041
svíčkách,9832
syndromy,15042
projekci,6481
opravit,8462
nepoznala,6521
omluvil,7032
uměleckých,7149
balet,15043
sourozenců,6735
fiction,15044
zákazníkovi,1865
regent,15045
věřím,4144
tónovaná,15046
výhodnost,15047
rtu,11721
revolučním,7870
nezapsaná,15048
opičí,15049
universitě,15050
hospodách,15051
nezvykle,15052
hokejového,5508
vinu,11715
fyzikálním,8464
intervenční,15053
malby,6828
osmnáctkami,15054
čtou,3523
přiložených,1630
miláček,15055
spojenými,935
prostorové,6907
vroubkování,15056
pepřem,2366
dračí,15057
hradbách,5898
přílišné,15058
pružná,6957
gramy,15059
záškoláctví,15060
převahy,15061
imaginace,15062
rudou,15063
zpívají,3719
centrem,5935
stanovy,4596
střídavé,7982
nejblíže,8573
výhodného,1552
elektrokol,15064
paži,6629
záclony,15065
netradičních,8608
znalostní,13436
konkrétních,7494
styků,9311
krmných,15066
obecnější,4437
polypropylenu,15067
till,15068
ochránkyně,15069
přispívání,4630
průchozí,15070
ohlasem,4241
částečného,1949
rozboru,4201
emoční,15071
rádius,15072
obou,7743
sadě,3479
fenomén,15073
fotografických,1396
emigrovala,13031
vážnému,6346
garantujeme,8603
žaludeční,15074
nosného,4709
papírově,15075
oceli,14316
vědomi,13014
jehličkovým,15076
kúra,8948
nejrychlejším,2973
zahrnul,3323
havířovský,15077
vizuálních,4760
horolezectví,15078
památkách,6580
náplň,12601
terorista,10643
spoření,15079
přesného,3180
florbal,15080
dynamický,15081
špičkovými,4456
multimediálních,10166
zařazovat,4349
soudruzi,15082
napojen,15083
funkcím,15084
partnerského,2757
cvičit,13111
padělek,15085
nevznikne,1152
klášterních,15086
nahrán,1319
nákresy,2599
střelnici,12556
těsnící,15087
tašek,9856
podplukovníka,1074
doprovázena,1887
značných,11147
obsadí,3582
diabetes,15088
kluci,10586
nezbytnost,15089
zakysané,15090
stejnosměrné,11765
doručování,15091
výber,15092
jezuitského,14623
lišty,11053
vázne,15093
náchylný,14667
kosmodromu,15094
bedrech,14967
šatny,7370
květeny,15095
oblasti,8193
sladkým,6812
oběhové,15096
italiano,15097
očividně,15098
organizačně,15099
zrcadlí,15100
neviditelná,11773
its,15101
chytal,6050
chleba,7194
serverové,15102
nepřítomnost,10919
servírovat,15103
elektroinstalací,15104
autorské,7174
emigraci,13356
lže,14923
tocích,15105
položkách,10459
krajům,870
radost,12994
průčelí,15106
řidší,7561
zpevněné,15107
zajištěno,9400
omezených,3916
ovulaci,15108
takových,1866
skládání,15109
sekcích,6933
masivních,11244
stojanem,6508
zmíněného,2201
ohraničena,4324
čokolády,9875
barevnosti,15110
skener,15111
nadějí,11121
nekuřáky,15112
garantovanou,15113
květák,15114
přijímat,4065
připojeným,4954
vychvalovaný,15115
nepřízní,15116
dvouhr,15117
likvidační,15118
jezerech,12259
věkové,4654
hořečnatý,15119
suverenity,15120
zastavuje,15121
truhlář,15122
polygrafie,15123
památné,919
vědeckých,3728
line,15124
skladovou,4100
vyhnat,9246
obezitě,15125
postupovalo,10669
objevů,1685
charity,6358
jablka,8529
silničních,9784
telecí,15126
zastávkou,5890
připojit,10379
škálou,5816
efektivity,11237
zapomenete,1829
židovským,6146
čerpala,8259
stipendií,5181
závodì,15127
farma,15128
detailem,836
přívoz,15129
příhody,6196
provizorních,11484
menším,2564
flek,15130
pronájmů,7566
zřekl,15131
vytiskne,15132
střídavě,15133
shromažďují,10772
stěžovatel,15134
uzná,8189
postavil,13692
kvalitu,3474
objasní,7050
játra,9050
zobrazil,15135
čich,15136
železem,15137
naučit,12594
zhoršování,7327
stěhují,2111
globálního,8246
stěn,8387
aktivně,15138
fiktivním,15139
alias,15140
nešťastné,952
vyloučena,4938
vědomostí,10048
přizpůsobivost,15141
zaniklé,5131
jazzového,6548
točivého,14901
přehrávačů,6280
biography,15142
rozebrána,15143
roztomilá,13625
areálem,7713
ofenzívu,2919
neodvolá,15144
polním,12771
snaž,1220
mami,7026
systémům,4742
tančit,15145
slabinou,10595
řítí,15146
rytířských,6155
savci,15147
dekor,15148
polští,6130
dramaticky,15149
podzemním,6578
vzorků,9524
prokázala,5171
umístíme,6142
cestují,1426
povrchy,1102
kompozitních,8766
skleněným,9787
porušování,15150
obrana,10224
nástupcem,7490
kotníků,6697
hluk,15151
předávají,11040
kytarista,15152
nejznámějších,898
obrátili,14150
divácké,15153
pruhem,3801
přitáhl,15154
pravicové,10913
citované,14798
author,15155
řádcích,15156
jižněji,15157
observatoři,15158
kosmu,15159
předsedu,2455
libra,12418
paměťových,8164
cupuje,15160
strčí,15161
soudních,12141
dřeva,6537
tabletem,15162
dobrovolného,4730
kapitalismu,8633
vana,5178
komplety,15163
předmětech,4504
řemeslná,5138
gramofon,15164
vyhozené,15165
chápání,15166
vypnutí,15167
coby,15168
zeleninou,3945
bodě,1863
rapidně,15169
přechodného,4932
fiktivní,15139
přileb,12823
školské,2420
dary,15170
pronajímat,15171
dominoval,12869
našli,7815
koučem,15172
nízkému,350
diakonie,15173
trpím,10773
přestala,8887
zdravější,14393
pěnový,14554
obžaloba,11434
interního,7156
úroků,15174
budovat,9805
komiksové,15175
ovčák,15176
zvyky,3016
označující,15177
venkovská,13170
plenek,15178
support,15179
extáze,15180
who,15181
prodloužíte,3376
polohách,8068
malinký,15182
rozdílům,12936
příjemní,566
přesvědčivě,15183
konflikty,10410
fotografií,3143
rozpouštění,15184
licencování,15185
obohatil,12375
starostou,4316
ponechala,8820
leskem,15186
přístupy,8545
oddlužení,15187
prověřování,15188
nepřístupné,5733
incidenty,4327
pigmentů,15189
potrebné,15190
solidární,15191
filozofie,15192
pasivního,10794
výrobcem,15193
přespat,15194
taktických,5283
popřál,15195
zachraňuje,15196
přesným,3180
oceánech,1678
operoval,15197
těsná,13359
plášťů,3034
mletá,4220
jezírko,15198
horších,5718
opakujte,1620
onemocní,4272
pracné,15199
městského,3780
inspirovali,7635
ptačího,12711
zdravotních,8908
materiálových,15200
nosič,8857
deskách,7666
podpatky,15201
teleskop,15202
environmentální,9418
chopil,12204
zpomalit,3655
nadhledem,15203
usnadnění,15204
zastupovala,12179
využíváním,9200
vyrobena,4690
žulové,15205
miliónu,3689
montujeme,15206
mocnostmi,15207
nastavili,12899
trendy,7013
zámečnické,15208
objektům,10471
reakcemi,3255
jména,8300
nabíječce,15209
cennější,7322
nástěnná,1917
potisku,15210
tvořených,13467
královna,15211
kontě,15212
prohlížet,5169
hlubinách,13458
vyřadila,13397
petruszkaa,15213
náskokem,15214
barvu,1673
nerostou,15215
energetiku,2571
přihláška,4081
zezadu,15216
chůze,15217
vyššímu,1828
odstupu,6996
zábavní,11390
asistence,15218
severně,15219
průhledné,2026
kvóta,15220
důstojnosti,15221
jistý,2518
určitými,7331
tvářemi,14044
vnějších,4899
pozornosti,15222
kladě,15223
démoni,15224
živnostenský,15225
zviditelnění,15226
brokolice,11090
bass,15227
vkládáme,15228
poplatníka,4350
kte,15229
touhou,7638
nákyp,15230
nevyrovná,15231
zkratky,488
sedí,4103
mořské,6491
opakující,15232
kuriozit,15233
víceletá,15234
vzory,7782
zrodila,4462
mlátí,15235
mýlil,10064
zapamatování,13088
nedostatky,7739
kodexu,15236
zadat,2192
výtvarného,1120
ochotní,15237
silové,13772
čtvercová,11252
zdivo,15238
sestávala,13576
manželky,9057
mířit,6429
družstvo,15011
môžu,15239
por,15240
pracovníkům,9312
trpěli,10773
mediálních,14946
jedí,4698
vystavovatelů,10518
bohatí,3439
prvkem,15241
překládal,12845
policejních,14429
utkaly,11861
souhlasim,11558
slevách,892
dolarech,1591
pratelný,15242
blízkosti,15243
sálové,15244
hasičské,6409
přání,9030
dokonalost,15245
objemy,6652
vzdorovat,15246
podezřelým,11623
chaosu,11423
posílila,8825
charakterizují,2890
památníku,14456
chléb,7194
najmout,15247
biskupského,3272
cirkus,15248
mihotat,15249
zástavních,15250
pronesla,7633
jedu,3663
nenávidí,10958
prezidentů,1717
obličeje,8801
chybějících,15251
lhostejné,12013
moskevského,853
anorganická,15252
vyvinutých,9190
rozdělte,10970
radioaktivních,13554
nepatrné,15253
občanství,15254
nima,2442
investoval,8272
letectvo,8690
voliči,15255
odpadech,11344
žebříčcích,15256
vypouští,15257
výdajů,5746
betonových,5130
mnohých,1977
jizvy,12757
historii,6922
sdružují,9952
zvonice,14106
pohárech,7053
obrazovkou,13198
magazíny,15258
okurky,5319
čtenářem,5382
restauračních,15259
megapixelů,15260
půjčila,14136
župní,15261
nominaci,4581
rozvedený,15262
monopolu,12964
udržitelného,8365
stovku,5885
beletrii,4828
propadu,2130
závěsem,10253
spotřebovává,15263
opravil,8462
odolný,13561
zvyklostí,15264
specializačního,15265
prosazení,15266
odmítat,6798
prostý,11107
vyletí,15267
posílen,15268
posledně,15269
polyesterové,15270
učím,9419
někomu,9880
herně,4087
spolužák,5194
tunelem,6962
narušení,15271
vřelé,6840
vývarem,2250
rozprašovačem,15272
vojáků,4937
dekorativní,15273
videem,1653
zavádějící,15274
bulvární,15275
klubovny,3954
nejrůznějším,4763
příkladů,2897
tříděný,15276
akcionáři,14784
přívozu,15129
nominací,4581
zrcadlovka,8886
směrovací,15277
oboustranně,15278
těžby,9343
kůží,7873
lotyšské,11145
karikatury,15279
přestavbě,5556
nude,15280
vozítko,15281
vírou,15282
zpíval,3719
úrazového,13783
destiček,15283
výměru,7059
veterinárních,10609
zadáváním,15284
obejde,5817
mazlíčka,15285
bušení,15286
silničního,9784
mrazákem,14562
nabízenou,2188
vážných,6346
vstřícnost,13246
námořního,15287
dovedou,1382
autonomie,15288
jedine,15289
zakladatelka,15290
volat,4692
předsíní,6747
pozemek,11655
výtvarným,1120
uvolňuje,15291
odpovím,3477
zmírnil,14311
pódia,8285
umožněna,6382
řetízek,15292
protažení,15293
svědkové,11414
pruská,15294
maps,15295
průtoku,12714
soudruh,15082
ohňů,1419
vyžadovat,6149
snění,15296
hotovosti,15297
nervů,8242
vášnivá,15298
rupie,15299
halogen,15300
dodáváme,15301
moderny,14540
menšina,15302
zajištěna,9400
geniálního,5714
changes,15303
královské,7592
relaxační,15304
vinen,5461
zúžené,15305
vkládá,15306
sovětu,15307
íránský,15308
skin,15309
ozubený,15310
očním,15311
dokonalé,4265
klasy,15312
arabským,8031
dcery,11757
pravdivost,15313
frontu,581
emisích,1321
vymýšlet,12206
průchodu,10180
směrnicí,5303
důchodkyně,15314
spisovateli,1910
stavebním,9748
parkety,15315
globálních,8246
určíme,4622
licencí,7526
polski,15316
zmrazení,15317
spravovaných,15318
drahách,4545
příslušenství,13919
křeslo,15319
příjemcem,15320
rychlost,12422
svrhl,15321
obsazením,7381
nemela,15322
ohromné,8083
alfa,15323
utržil,15324
měřiče,15325
zákna,15326
škody,13532
laickou,13836
truhlíky,12212
jevil,1796
příze,15327
lhostejnost,15328
nepracuje,3069
ochrnutí,15329
územních,2410
nedodržování,15330
zatáčkou,15331
sprosté,15332
hradba,5898
stahování,15333
výběžky,5053
pudr,15334
popisů,1175
hady,9071
auf,15335
odpovědné,9637
jaké,5868
zasunout,15336
případná,4156
samostatných,2557
biblického,4027
válek,272
bláznů,5290
artefakt,15337
nikl,15338
kovové,4704
splnil,2730
science,15339
došly,545
pestrost,15340
sloučil,8381
ošetřujícím,15341
starala,11022
personalistiky,15342
nástrahami,15343
strejda,15344
seriálem,1684
seznamu,4475
řazena,9497
násobek,15345
výkonnými,6583
hitparádě,15346
erotická,4460
optimálně,15347
přenosy,10147
kritizována,4891
motýlek,6625
učit,9419
hýbat,2143
táhnoucí,15348
předu,15349
serverům,15350
ovlivňujících,15351
kraťasy,15352
spolehlivosti,12882
obohatit,12375
psem,9409
inspirují,7635
škodlivým,15353
optimalizace,15354
neslyšící,12467
pasuje,15355
divil,5072
přídavkem,2639
pošlete,10214
tvých,15356
rodinného,5895
vybavené,9690
hydroxid,15357
závodí,10787
kurii,15358
pouštět,11906
odpovědných,9637
posílání,6274
fakturu,4263
móda,5609
zvolené,775
kožních,8987
připojím,10379
dominovat,12869
použitím,9492
tahací,15359
nejvyhledávanější,15360
virových,14461
státům,1466
voňavé,7177
mašlí,15361
ekosystém,15362
posluchač,14908
přenášet,15363
terapeutka,15364
vzduchotechnika,15365
konstrukční,15366
sítěmi,10206
řezu,8746
dveřím,251
sprej,15367
krypta,15368
předpisy,5285
jistým,2518
naprava,15369
like,15370
nepatrná,15253
sousedi,3553
popisujete,2061
slovanské,6469
realitce,15371
střídavého,7982
bolest,9201
souběhu,11218
povolených,5206
impulsů,4128
prosazovat,7143
sdělovat,4481
nudy,8022
nabral,11929
jídelníčku,15372
zářivkové,8028
výraznou,1351
edukace,15373
útlého,15374
dřevěném,2760
aparátu,4898
pobírá,15375
detailně,9454
zalesněné,2265
navázána,15376
putovat,6660
působivá,3718
intuitivně,15377
khaki,15378
systému,4742
obroučky,15379
křížových,10516
hlavně,15380
dýní,4431
dovozcem,15381
užity,15382
využily,15383
svalech,15384
genetika,15385
technickým,2472
psy,9409
plus,15386
herecké,9177
zahrála,10174
zaujme,4821
medailonky,15387
slib,15388
ztrácel,5774
veteráni,4790
doprovodnou,323
doklady,5099
parťákem,15389
přijati,1169
někter,15390
porazili,11202
vestavba,15391
pohybujete,1793
zasazena,11492
přenesla,3589
helium,15392
plátcem,15393
vymezeny,15394
rozumná,3877
návěsy,15395
ptáci,10891
otravy,11525
průtahu,15396
potkávat,2352
videozáznamu,2274
ked,15397
šat,10748
čipy,15398
hydroizolace,15399
nazývali,12286
halách,6315
edit,15400
živočich,8800
pánvi,14926
získáváme,12901
monitorovat,12905
předák,15401
zmatené,5582
sledováním,8042
piráti,14645
madlem,11796
částek,2213
judu,15402
nezatěžuje,15403
docházet,5703
určitý,7331
mincovny,4091
výtečně,15404
doručeného,15405
magnetické,7672
trestu,8584
vykoupit,15406
úderu,3593
jízdy,7076
ventilkách,15407
ulevilo,15408
variantu,2489
reprezentačním,12441
poraden,15409
hnůj,15410
vyřazeni,15411
zoolog,15412
přiléhá,15413
voličům,15255
nošená,15414
zohlednit,15415
neprofesionální,10237
nepotřebují,3626
potravina,10025
záležet,8368
servírovací,15416
řešilo,7119
logopedické,13322
šatna,7370
habr,15417
ohledu,13297
kvantové,12143
uzdravil,15418
minisérii,8410
přispěním,11263
písni,8000
nezasahuje,14403
přívěsek,15419
vytvořeným,504
davy,15420
břehy,3094
bytech,7910
květinových,4782
results,15421
planetách,3935
heart,15422
náhradními,9013
úspěšnou,552
poselství,15423
kotníkové,10710
toho,3681
lékárny,7502
plech,14521
japonském,2734
hesel,9505
metro,15424
utíkat,880
neinvazivní,15425
spolužačka,15426
odchylky,10819
opozice,15427
obyvatelům,8005
partou,10785
textů,7144
sídlí,10499
červeno,477
kapalného,2367
vaše,6849
širokoúhlý,15428
opasek,9438
vozit,13004
vzduchu,9165
uložte,9529
jubileu,5013
konečníku,15429
virtualizaci,15430
nešťastná,952
dokumentaci,1469
producenty,7136
dole,3973
finančního,3936
pronikli,15431
cílená,9548
skočí,7804
chudí,5046
nerad,7216
ramínko,15432
mine,756
španělština,15433
vedoucím,11860
preferuji,15434
klasifikovány,6606
čestná,7547
předhradí,15435
lesy,12371
stejn,15436
smíšené,5366
shledán,15437
stříbrnou,2828
hrazených,12633
přitahuje,15438
ověřte,1582
japonských,2734
odpovídáme,10034
fotbalového,7242
zřizování,15439
dobr,15440
upustil,15441
kožovité,15442
diskusia,15443
logicky,15444
faktu,1296
ohroženo,10660
integraci,9408
manažerům,4385
paprik,11629
matematika,13699
designéry,15445
nakazil,13610
analýzou,1935
vybavenost,8492
čtyřlůžkových,15446
blokové,15447
připomínající,15448
nerovnoměrně,15449
oním,8178
uplatňuje,14853
šály,10350
komisích,5717
zemědělském,6316
integrovaná,3977
batoh,8856
prefekt,15450
stavím,7410
labutí,15451
váhy,7981
mořích,3569
autech,15452
barvou,1673
názvech,1922
ztracena,8947
metrem,5000
alpská,10622
prostředích,10605
lepšímu,9329
plastů,8262
protáhlý,15453
multimetr,15454
ubytování,15455
skutečnou,2843
hlídal,8301
tepu,15456
desktopové,15457
nezaměstnaný,8471
multimédia,15458
výzbroje,15459
prosadil,9150
plastového,2567
horní,15460
znít,5650
dogma,15461
rozvojem,5429
výpověď,12287
opravila,8462
hasičských,6409
rebelie,15462
infocentrum,15463
ulehčuje,15464
nerovný,7139
vesta,15465
splývají,5789
invalidní,15466
nachází,4371
žraloky,15467
podporovat,5321
tajit,3008
zvuk,14096
slabou,770
hlasových,3262
šum,15468
barevnost,15469
potomkov,15470
renomovaný,15471
nádražím,8777
pojedou,3663
vyšetřením,15472
medvědi,8845
vyrobeným,4690
poražení,5589
nota,15473
nenajdeme,7815
pomocníkem,4720
obsahu,3031
místnosti,7893
nechtěně,15474
donucena,11501
vypálena,15475
čtečkou,12483
bazénem,7833
tarify,10109
plýtvání,15476
spadaly,2149
jaderných,10145
vinaři,15477
reprezentačního,12441
dotáhnout,9674
uvolněním,7621
zásad,13589
plavci,4366
přeneseno,3589
naléhavé,15478
údajná,7486
pracují,3069
chráněných,13370
pruský,15294
koukni,8909
neproměnil,14744
vytrvalostní,15479
bizarní,15480
slunečnímu,1535
manažerského,8417
poznám,6521
umožňovalo,2704
umíme,1996
hrudník,15481
klíně,12923
dlouhou,1855
stopách,5760
modulu,15482
místopředsedkyní,8679
chytré,14981
opravách,3155
kopírují,12609
gesci,15483
apartmánu,9024
porota,15484
báňské,8437
uvedená,1398
informatiku,3634
tratě,14433
probereme,6781
síťka,15485
tomu,3681
opus,15486
masturbace,15487
ovlivňují,6796
náročnějších,1238
sprostý,15332
konecne,15488
režimem,7131
elektroodpadu,15489
grantového,7461
kooperativní,15490
vjezdu,5860
označovaná,15491
nafty,14850
prostřednictvím,15492
fotkami,1667
průlivem,8458
mimča,15493
seznamka,15494
sodný,15495
trpěl,10773
koly,1485
koncentrace,10507
zkáze,15496
sem,15497
zástavbě,12806
ekologickém,5363
sborů,3985
akcií,15498
stolce,6005
zdravá,14393
vyberte,2015
nepotřebuju,15499
usmíření,15500
mandarinky,2125
šera,15501
volnou,2260
otisků,2453
vykládat,13606
městském,3780
ujali,10142
nalepovací,15502
pomník,15503
psaníčko,11695
kosmetiky,11143
povídají,2909
možnou,1476
milionář,15504
ohmů,15505
zadaný,6475
zařízením,11296
prošly,2069
memory,15506
čeští,5690
verzi,1590
čistoty,15507
cover,15508
bydlel,2183
přenese,3589
astronauti,3362
reflektovat,15509
chová,8412
zabavení,15510
společenského,3632
zneužitím,15511
založilo,7344
góly,4050
procházejí,4737
připomínaly,232
řešené,5775
uzpůsoben,15512
najal,15247
verzemi,1590
nejrůznější,4763
obora,15513
figurkami,15514
sýrové,15515
palubní,13152
kartonu,15516
pasem,9338
vzhledy,9669
plnosti,15517
zámečník,15518
sestrojil,15519
silver,15520
obklopený,15521
strašidel,15522
překračuje,15523
opírají,8925
time,15524
jakými,5868
fyzicky,15525
léčených,15526
kredit,15527
syfilis,15528
vystavěli,4494
definovaných,4772
vrhli,6240
pěstitelé,15529
stínování,15530
knížecí,15531
ztrácet,5774
silného,1131
really,15532
obchodovatelných,15533
většinové,6934
aktivním,801
neposkytne,15534
traviny,15535
užitných,15536
rukojeti,15537
vozovky,6623
frontální,15538
prudkého,3022
prověřil,15539
přebytky,2203
usadil,15540
akademií,2036
vaničky,10514
mechanický,10441
stezkách,3353
avantgardy,15541
tuning,15542
bolševické,15543
lahvička,15544
stanicích,12717
monitor,15545
řecké,8791
měřicích,9394
přetrvávající,15546
kameny,13680
etiologie,15547
rodokmen,15548
zábavního,11390
plodové,15549
přenáší,15363
ovladačů,11920
odkoupit,15550
chyběly,7068
limit,14313
policisté,8023
naději,11121
věnované,5220
fix,15551
zásadním,3660
nezvolena,15552
scházela,15553
náhodnou,6393
nádobách,15554
papíru,4476
soukromém,5906
dařit,3441
pozemní,15555
institutem,3354
ukrytý,15556
překladatelské,15557
vygeneruje,15558
větrem,3217
generuje,11102
úlohy,11530
registrovaným,3043
odvoz,15559
posílal,6274
fantasticky,15560
zeleni,15561
zvířatům,9613
sevření,15562
zeměpisu,4135
brečí,2826
hospodařit,15563
výměnné,3033
seženete,15564
rolníci,15565
podobný,6710
zeď,7421
požádejte,905
ocelové,6639
pohodlný,7484
rybích,15566
zapsáno,8098
diagramů,9581
liposukce,15567
poraněním,15568
vytočit,15569
vyšetřují,6128
využijete,4222
reset,15570
cílového,2263
subsaharské,15571
zvu,15572
žlutých,2836
přeměnu,11178
dosahem,3265
redukční,15573
sudová,15574
diskutována,2970
svozu,15575
obranných,5751
idea,15576
zastupující,15577
hřbitova,6691
francouzští,10383
mandlový,15578
narušování,15579
patách,9695
vozík,9852
dcerkou,11382
lovecké,7298
průřezu,6641
rozjímání,15580
posilovat,15581
komplikovat,11114
udržovány,5944
architektur,4455
navrženy,5947
proražení,15582
obři,15583
filozofické,8406
konstruktivní,15584
motýli,6625
eshopy,15585
demonstrací,4872
závodům,3382
voucher,5905
transformace,15586
zvon,12027
restituce,15587
řádným,662
uliček,10959
banky,7145
agentem,14082
running,15588
zahlédla,15589
vašem,15356
vnučku,10219
skladeb,10059
vyřazovacích,15590
odpadků,15591
ideály,12338
zařízených,10502
miminek,6468
sestřenice,15592
vaječníku,11945
příznivcem,9282
židle,8139
odstraněna,6626
kříže,3374
rostou,3568
předepsal,15593
povinnosti,10759
stavu,5503
chlazením,15594
křoví,15595
zlomu,5577
vznikají,5883
vyjmutí,15596
usnout,12381
zařazením,6457
pohraničních,15597
létaly,4554
kapsy,11781
provedete,1565
rozpínání,15598
pocházející,14990
povinných,4224
chovatelských,12579
způsobují,8932
projektoval,15599
fašistické,15600
dopadení,1312
léčivých,12318
pružného,6957
obec,11959
pokrmy,7949
kavárnu,3874
nastavitelným,15601
výsuvné,15602
alibi,15603
jmenovité,11475
pohyblivost,11381
zažloutlé,15604
tísni,15605
investicemi,9772
vyvolených,15606
odvětrání,15607
vybavená,9690
provokativní,15608
vodivosti,15609
úrokovou,4056
cloudového,14545
hormony,15610
faktuře,4263
nemusíš,3779
vymýšlení,15611
úkolech,1621
odvrácené,15612
požehnáním,15613
zobecnění,15614
osvobozování,15615
dna,1383
lektorem,15616
úsporným,9226
pokapeme,15617
učitelky,8993
klasifikovat,6606
vazeb,6030
morče,15618
příznaků,8112
úzkých,5713
tělíčko,15619
rozšiřující,15620
rozumí,8574
zdravé,14393
vkladem,12524
bojovat,2470
příslušníkům,9341
klaun,15621
počítače,8858
ovlivněn,10771
zvoní,15622
obrubník,15623
spojíme,10680
produkčních,15624
srovnali,15625
příkopů,8904
zbarvené,7057
frajer,15626
fyziologie,15627
hal,6315
slovenském,6995
zástavby,12806
zón,3706
celovečerních,7012
dress,15628
nezajistí,15629
získána,6134
střihu,4754
barech,9543
vine,15630
zasazení,15631
zahraničních,3683
zapojeno,8110
vzdá,3924
slabě,15632
vyzkoušenírok,15633
vandalismus,15634
přestaly,8887
pracovníci,9312
výkonnost,9650
dkg,15635
bohatá,3439
panelové,6956
pahorek,15636
odsouzeni,3905
schizofrenie,15637
páček,15638
imobilizér,15639
atlasy,15640
obyvatelích,8005
kruhu,7084
dobrovolně,15641
osamělý,15642
evidentně,15643
božské,15001
založených,1797
hatchback,15644
ramínek,15432
tanečních,11818
kapelami,10193
brněnští,1762
tlačili,8682
gusta,15645
kakaem,14622
škodliviny,15646
vojska,1973
kdyz,15647
nápadná,6310
skúste,15648
kosmického,4664
odesílání,11523
obilí,15649
bohaté,3439
pozdvižení,15650
freskami,15651
ráže,15652
úpatí,15653
existujícího,10012
searching,15654
nábytku,4390
dopadají,2898
viděly,651
malovaná,15655
spínací,15656
konzervativním,12335
tržiště,15657
rozdal,13055
staršího,5912
konfigurační,15658
zájmem,10124
stisknutím,15659
typických,5014
vyhlazení,15660
nekonečným,9685
zachránilo,14660
sledovací,15661
přenesené,3589
konzole,15662
přidanou,1993
kariérou,1592
upcr,15663
mezera,15664
pojmenovala,15665
jihočeská,9356
záměrů,489
nemalou,2564
přiměřené,14267
dopravním,4766
logotypu,15666
bankovním,11614
studiových,3139
litovat,6422
dvorním,14126
purpurové,2960
dubových,3813
zářivé,4569
předních,5500
opce,15667
ohniště,15668
hádají,11913
vyznačena,7834
velvyslankyně,15669
nabízeného,2188
procento,6791
župany,12403
dospívá,6722
chutné,6669
postupu,5190
českoslovenští,2337
zakázkou,15670
identifikátor,15671
spojeným,935
pařížské,1259
kapely,10193
mikroregionu,15672
dolního,11092
centrály,5729
interakce,15673
oblíbeném,490
emotivní,15674
krb,6370
vložil,2347
obrátila,14150
neučiní,6197
přistoupil,2283
autorizaci,15675
podílejí,5207
doplnila,6647
diskové,15676
pejsci,15677
papírnictví,15678
jejich,3487
tradicím,7489
shodnout,8073
pitomost,15679
neřešil,7119
levá,5087
blahodárné,15680
tiše,15681
dbáme,15682
debutem,15683
zvyšovat,6848
notifikace,15684
čáp,15685
víceúčelového,4432
omáček,5852
trip,15686
lepidlo,13810
ptáčka,14128
brutalita,15687
grandslamu,15688
výhodách,5588
kulturou,4060
psychiky,15689
rejstříku,14938
várku,8008
weby,15690
přiřadit,7423
poháru,7053
zlikvidován,15691
sčítání,15692
stanu,3577
sazebníku,15693
teplotních,4557
chráněni,13370
manžela,2572
údělu,12336
tématicky,15694
poznání,7996
patentem,15695
spád,15696
pohony,15697
ovocem,14223
údolí,15698
souvisejícími,9055
vyprání,15699
splněním,15700
představitelem,8619
pohoštění,15701
ověřili,1582
kontraktů,7073
úkonům,15702
kvalitními,2413
trav,3504
španělští,8244
rašeliny,15703
lesk,15186
control,15704
komplikovaná,6777
posiluje,15581
uplatňoval,14853
marketingových,7041
dárcovství,15705
přínosů,6761
cituji,528
koše,15706
posílám,6274
klenoty,10587
tuzemská,9105
murynka,15707
konkrétní,7494
transformuje,15708
trasu,4740
zajímám,2016
dědeček,14103
vysokého,1828
závodech,3382
kvítky,15709
buddhismus,15710
motivuje,11977
etický,15711
tancem,7524
zástupce,15712
složité,2940
kreativně,15713
otřesům,5979
svoz,15714
metody,9498
sportovcem,5089
zadala,15715
osobám,8514
střešních,2635
player,15716
chlazený,15717
majitelem,12113
posádkou,7927
běžce,6967
neomezeně,15718
porostem,14151
obyčejnými,6205
ubytovna,15719
másla,15720
nevídané,15721
razí,9330
uchránit,15722
stripes,15723
montovat,15724
teplou,81
klávesou,6398
hřištěm,10491
zaplatím,3116
zákalu,15725
šéfem,8811
fanoušci,12773
poliklinika,15726
poskytovatelům,12628
delegáty,9220
dopravníky,4766
západních,2585
zkráceném,2716
umístí,6142
kondici,8019
variant,2489
zábavným,2460
statusu,15727
ciferníkem,15728
sametovou,882
obhajobě,1752
přidáme,1075
nepostoupila,14466
nositeli,4355
hľadám,15729
trojky,5210
cévní,15730
čitelné,8134
rýže,13381
keby,15731
kurfiřt,15732
půjdeš,1947
zámeckého,5038
hromosvodů,15733
sedět,4103
zónách,3706
svátost,15734
pečlivost,15735
obratlovců,9300
zánětem,3732
značkový,15736
stojíte,1466
výkonu,9208
chybějící,15251
sporťák,15737
profilové,15738
využitelnost,15739
zvítězit,4380
nástrojů,9284
vyzařuje,15740
bezproblémově,15741
začínajícího,13874
doplňky,4358
prozatímního,2696
surovina,11566
větvích,15742
řádně,15743
režisérka,15744
ochotný,15237
upečení,15745
cyklistice,5545
periferní,10168
posloucháte,6305
profilovou,15746
rozpouštědel,15747
dřevostavba,13074
pastvy,15748
alkapinka,15749
klubovou,15750
vyrobeno,4690
ošetření,15751
dřevě,6537
doktor,15752
sehrály,15753
četnosti,10079
četnická,15754
ženy,8383
dálkových,1241
ředitelů,3453
vyznačené,15755
souhrnem,4570
mírových,5372
bříško,10402
obdivovat,11897
jmenovky,15756
nasazeno,8996
zabezpečen,15757
utéci,818
pokrývají,3601
krade,14215
očistíme,14340
heraldická,15758
plovárně,15759
rozvor,15760
profesionálního,10237
hrana,15761
pletu,15762
koncentračních,3641
přispěvatele,12528
uvědomují,6207
modelka,15763
tloušťky,13085
vyrábějí,3266
stať,11489
zaměňován,13788
podusíme,15764
zadávacích,15765
elastan,15766
ortopedické,15767
freeware,15768
léčebným,8100
rezoluce,15769
jedničkou,7466
přátelským,5404
vlnami,4271
vybojovat,10946
tbl,15770
procesní,15771
mužů,5476
srazila,9829
sporty,8478
humanitární,15772
řvala,15773
jazykové,4585
zvonů,12027
diváky,12120
dvoulůžkových,4361
vyměním,9127
sponzorům,8199
farmách,15128
zničena,7233
spokojeno,13039
mozkových,9061
šedou,7263
kompaktním,15774
stonku,5393
nepravidelného,7361
vypněte,2052
díry,15775
značková,15776
nejstaršího,5912
ofenzivní,1400
roty,6703
kreditů,15777
jezera,12259
klávesnice,15778
strašně,15779
hedvábně,15780
radikálové,15781
projíždět,4183
environment,15782
myslivecké,15783
obslužné,15784
starosti,15785
aktivována,12367
navýšil,15786
šířil,11303
horninami,15787
dispozice,997
právnických,6925
vnést,15788
slovinsky,15789
podrážděnou,11353
instinkt,15790
napojeno,15083
nacistickému,5352
povýšena,3748
abnormální,15791
spp,15792
ochlazování,15793
krajpřed,15794
restartu,15795
vzdáleno,15796
nabíječky,15209
síni,6336
vysoušení,15797
administrativní,13069
karcinomu,15798
koaliční,15799
subjektivním,15800
srážku,2652
zodpovězených,15801
zasílány,15802
exponenciální,15803
výtěžnost,15804
long,15805
uživatelského,1583
duch,15806
vrcholnou,1187
léčebných,8100
stuhou,5021
neupravené,15807
nestátních,15808
minerál,15809
obutí,15810
vlaky,2975
nadlimitní,15811
rizikového,6188
transportních,15812
mladšího,5800
odebírat,15813
zastavení,15814
svatému,1363
infekce,10992
kmitočet,15815
zapsala,8098
cítili,7044
přemýšlejí,1124
tvořit,7911
jádro,15816
náročnou,1238
máslo,15720
specializace,15817
zapojily,4747
rakouský,10126
hudebníci,4860
vrstvě,9514
členěné,15818
ničení,15819
česání,15820
saních,15821
odečtena,15822
přehledném,1302
korupci,15823
jakých,5868
vklady,12524
dostatek,15824
poskytli,2924
propustit,5839
kdesi,15825
perzekuce,15826
znaleckého,7676
výchovná,8510
vyhnali,9246
miláčky,15055
stranického,3998
zvony,12027
check,15827
pražského,1097
neziskovky,15828
registrovaného,3043
kantor,15829
opice,15830
ploché,2058
zasílají,15831
doktore,15752
drsné,5061
azylové,15832
sítě,10206
kuličkové,15833
hcg,15834
prodlužte,3376
vpichu,15835
zpochybnil,11240
koupelnové,8182
dečky,13708
vytížení,15836
faraon,15837
bunkru,15838
podpůrných,5698
zesnulého,1244
borové,15839
božský,15001
praskne,15840
rybách,14018
hardwarem,13663
zkušeným,13548
připojištění,15841
natočeny,2335
pohádkách,10080
neplní,10169
tahač,15842
naplněna,7872
zděných,15843
zatkli,7183
exponáty,5965
posilování,15844
nepochybně,15845
media,15846
spoluvlastnictví,15847
rodišti,15848
pizzu,15849
zkontroluje,8548
masem,11763
konzervantů,15850
temperované,15851
silnice,9324
zpětných,3824
škodlivými,15353
blábol,15852
psychologem,3105
svislá,9753
výraz,15853
vyhledává,15854
kartuše,15855
rodokmeni,15856
domorodci,15857
nováčka,5454
nahrazuje,15858
objednávání,3466
kytarových,8281
samotných,529
propadli,7955
zrcadlení,15100
vydírání,15859
navěky,15860
zoologie,15861
hvězdokupa,15862
cukrovku,10780
servírka,15863
svěření,5975
dodávkách,1992
automaticky,15864
houslové,7408
desítek,6437
okruzích,3638
vztahy,7424
fyzikálních,8464
házení,15865
rozměrům,15866
arkádami,12660
vědomé,13014
vyzváni,11481
zmenšování,15867
žárlí,15868
stromě,9081
využ,15869
stadionem,7455
střídal,3694
amatérská,9121
tobě,6072
velikým,5144
veteránů,4790
hněvu,13400
neschopný,9452
vyjádří,2353
extremismus,15870
nenošené,15871
státníků,6800
řetězcích,15872
přechodech,6160
žárovkami,12314
celkovou,814
světlu,5599
oblečen,5771
pečení,11177
popová,15873
sopky,6511
desíti,1322
zachránili,14660
daleké,1770
barvě,1673
consulting,15874
odborové,4063
stavitel,9786
vlákno,15875
žetony,15876
rychlobruslař,15877
lososa,8683
hodnotný,9785
bleskově,15878
starožitnosti,15879
bezplatnou,1806
mokrém,281
rozlišovací,15880
autokoberce,15881
off,15882
závislý,4217
pedagogiku,5938
předstírat,12942
liberalizace,15883
úprav,7952
pásmem,6467
nedělám,2861
výslednou,3711
pochlubil,5462
records,15884
skladby,10059
jednotkou,5080
odpis,5631
ostrovem,4381
olověných,15885
osvěžovač,15886
ulicí,9659
zaměstnavateli,8488
andělé,15887
pěstování,15888
zvyšoval,6848
analytika,2193
přihlíží,15889
metodologie,15890
obstát,15891
takzvaný,15892
čínským,4642
tváři,14044
židličky,15893
věrný,8582
presidenta,1717
akát,15894
ženat,4964
úvěrů,6109
práci,2735
hrot,15895
telefonními,6209
převeden,15896
nej,15897
azyl,15898
poslouchají,6305
střídavý,7982
vzácnější,6056
hlas,15899
výslechy,7428
vyvážet,15900
organizovaného,3751
unesl,14324
věc,13538
zalidnění,15901
demokracii,7578
okrouhlé,15902
náplní,12601
psychických,6455
popelem,8805
podvědomí,15903
vlásky,15904
hoření,3289
půjčovnu,3104
pirátství,15905
interface,15906
průjezdu,10297
ořechů,5571
chráněné,13370
případného,4156
zarostlý,15907
předek,9590
hostině,7204
kryptě,15368
ztrácela,5774
maršál,15908
marek,15909
nakrmit,15910
vestavěných,4413
bojíte,3252
zdají,1354
valley,15911
zapnutý,15912
pódiu,8285
negativů,9981
následnou,342
lamelový,15913
zaplnění,15914
brzdí,15915
profesionálním,10237
vizualizací,15916
potopit,15917
držiteli,747
krmiv,11927
nastavitelná,15918
spaní,15919
vyvinula,9934
lom,15920
kasy,15921
vyškolení,15922
designérka,15923
plec,15924
obřadů,3459
patria,15925
zájmu,10124
žloutek,13406
motorest,15926
leasingové,15927
leader,15928
skleničku,8459
jedete,3663
chytřejší,14981
terorismem,15929
zapůsobí,15930
vyráběly,3266
odmítání,15931
přehrávače,6280
pancéřování,15932
nazvané,7963
pořiďte,15933
zabita,13249
vystavena,5467
žaluzií,15934
cloudové,15935
bezodkladně,15936
kynuté,15937
izraelskými,7232
zastánce,15938
ostrá,4520
menší,2564
normalisovaný,15939
čestného,7547
bil,12668
zaměří,8485
postřehů,3032
paruky,15940
bobovité,15941
záložce,15942
paluba,9923
věnována,5220
rafinerie,15943
hruška,15944
standardizované,15945
koukají,4920
partnerky,15946
dílků,15947
železného,3868
prostudujte,14243
vyměníme,9127
zachráněn,14660
onemocněních,9846
malta,14015
uniforem,15948
please,15949
právního,15950
litry,8261
rukojeť,15537
lol,15951
přibližování,15952
protokolů,7631
plochá,2058
klesání,1831
produkty,5917
peněz,5654
skleněný,9787
sportovce,5089
katolík,15953
nerušený,15954
orchestrem,8420
šampaňského,15955
elastickým,9173
antropologie,15956
výkyvů,2398
součinnosti,15957
výše,15958
hokeje,10807
ing,15959
trojúhelník,15960
nasadili,8996
sladké,6812
ústavním,15961
vyřadili,13397
specialit,15962
pocházelo,4359
kloubech,14131
znalostech,13436
rozdílnými,11610
hnědou,839
nafotil,3389
disky,6505
voskových,15963
krajů,870
krácení,15964
komunikacích,6817
penězích,5654
konkrétním,7494
subjektivity,15965
shromažďování,15966
šuplík,15967
vysílacím,15968
uměleckými,7149
produktům,5917
matematicky,15969
kurtech,12435
nasekanou,9097
balónu,13289
žactva,15970
přednost,11407
videla,15971
podnože,15972
zjednodušené,3173
letoun,10245
objímky,15973
process,15974
příběhy,6774
zazpívala,12937
skladbami,10059
překonání,15975
dráhou,4545
tenkém,1824
připlatit,15976
házet,10132
přetlak,15977
atletka,11716
sympatičtější,13975
sedadlem,11682
omítka,9283
vstupenku,4706
fasád,7201
dekretů,3124
ostrém,4520
dlažbu,5096
obviněna,8123
obsáhlém,1415
nejí,4698
proměnách,6519
zbořeny,15978
následovníky,2415
veškerý,8207
struktury,13864
zábavného,2460
bezdomovci,15979
nefiguruje,15980
uzávěru,15981
sukni,10647
mladé,5800
kalhotky,15982
zelí,15983
spojovány,2471
mesta,15984
provozovny,6837
tlapky,15985
písemnictví,15986
manažeři,4385
přehrání,15987
automaty,13057
raketoplánu,9036
milovanou,7045
otočné,15988
osvobodit,2520
obíhají,11329
vodič,15989
chorvatská,7723
citlivější,14341
odhaleny,3534
vzorované,15990
nahrávkou,5309
cukrárna,12035
diplomatických,12565
niekto,15991
pojal,3473
zachovat,15992
jednoduchost,15993
nalezl,7450
kamínek,15994
zjevný,15995
neslyšel,6759
synchronizovat,15996
nabízení,15997
seno,10695
surfování,15998
zakoupeného,3153
sarinka,15999
hlásal,7118
obi,16000
interpret,10230
džíny,16001
letky,7051
jedinci,7789
žilách,16002
poplatkem,1911
přidali,1075
legislativním,5575
kopcích,2424
hrozného,1677
záležitosti,8928
vlažnou,16003
hojení,12864
vzhledů,9669
doktorka,16004
uzlu,11486
demontáž,16005
holandská,16006
dotazu,10990
dálky,16007
nelituji,16008
úložišti,16009
budil,12870
dopisů,2360
bicolor,16010
kapacitních,16011
souvislá,13871
sáhne,6874
obcích,11959
rozšířit,8236
změněné,2715
obývací,12760
gelových,16012
subpahýl,16013
přehrávání,16014
narušit,16015
prošetření,16016
negace,16017
rys,7973
auty,11574
zkušeností,6239
cév,16018
vkladů,12524
jakákoli,11498
atak,16019
důkazu,3893
genealogické,11488
nizozemská,14199
jed,9221
nekonečně,546
days,16020
nemovitostech,10996
kolonizaci,14248
kapitálové,11858
sebevraždě,789
tahačů,15842
vědách,8780
rozměr,15866
bezvýznamné,16021
opakem,10610
natáčí,5540
odlišnými,16022
omítku,9283
šatu,10748
ruční,16023
nádržích,16024
ochotná,15237
střetu,5585
oslovuje,13577
procentům,6791
dělají,2861
pletí,16025
švédské,12508
tlumí,16026
vzácným,6056
nutných,6780
ilustrovaná,16027
stromečkovým,16028
taktem,16029
odkazovat,16030
zdánlivá,16031
onemocněními,9846
obvyklou,2496
homosexualitě,16032
koncipována,16033
bydlící,16034
vysvětlíme,2943
aromatická,13196
knowledge,16035
šířena,11303
nejnáročnějšího,1238
šperku,11587
inscenace,16036
nesoulad,16037
autosedačka,14820
keřů,6454
bílků,6473
videosekvencí,13790
parčíku,16038
moduly,16039
používanými,2855
zvláštního,11914
books,16040
montované,16041
nikoliv,16042
osobnosti,14522
zasadil,11492
drahami,4545
nechapu,16043
pastýř,16044
zvětšit,14895
zrakového,5864
písniček,2799
pasivním,10794
výkupu,10729
udělaly,3166
vysocí,1828
sexualita,16045
tlaky,13271
nečekaných,7794
sídliště,10105
baletní,16046
kopané,14045
upozornění,16047
zabitých,6915
dobývání,16048
zlatého,2300
vzniknout,1152
vraždu,10179
orchestrální,16049
křížů,16050
karlovarské,5953
hájí,16051
líčením,11270
vyvíjela,13545
vydělá,9495
uchýlil,7909
olomouckých,2574
hladinu,9060
orné,16052
bavlněného,4146
setkávat,4407
trouba,11771
uživit,16053
shell,16054
orange,16055
svislými,9753
navázání,16056
trávníku,6249
četností,16057
vajíčko,13332
pitnou,5464
padání,1369
ohnisková,14644
zcela,16058
zdrojovém,8473
zdravotnickým,7227
zátěž,13800
ubytované,16059
rychlejšího,2973
mladí,5800
chytrými,14981
systems,16060
nič,16061
smartphonu,11089
mučedníka,4417
mal,16062
popelnic,12419
demokraté,13165
půjdou,1947
vystihují,16063
regeneruje,16064
narazila,10872
utrpení,12251
die,16065
modlil,12592
náruče,9109
brynza,16066
vedení,13764
nálezem,5075
administrátorem,16067
řetízky,15292
kecat,16068
rozcvička,16069
ovladatelné,10110
vleklé,16070
uctívání,16071
outfit,16072
podporovány,5321
lopatka,16073
podezřelí,11623
teoretických,4580
kompaktní,15774
odnímatelnou,1062
platformě,6066
rozšiřovat,5822
réva,12767
celkovému,814
jeho,3487
zvyklostem,15264
doplatku,16074
prvek,15241
právními,15950
krbových,8161
obiloviny,16075
přilijeme,16076
štíhlejší,11896
vířivka,16077
černobíle,16078
písních,8000
vyčíslena,2712
projekcí,6481
cukrovce,10780
stížnosti,16079
dělil,9079
dopřeje,16080
jazykového,4585
propouští,16081
čalouněný,16082
ženám,8383
představeného,16083
doufají,3404
fluorescenční,16084
partnerů,4992
miluse,16085
předsíň,6747
stahovací,16086
proslul,16087
studies,16088
zpříjemní,16089
nesprávné,6472
dobrodružných,2842
dítko,16090
doc,16091
regeneraci,5623
vyvozovat,16092
nástavcem,16093
provedeních,7652
odborníci,14358
vídat,651
doručí,4757
vozí,13004
prolíná,13288
obhajobou,1752
doplňují,4013
dinosaurus,12376
osobitý,16094
domky,16095
takováto,2718
nacistického,5352
vozů,13673
potahované,16096
prvotního,2845
zřídila,6753
prohledávání,16097
textilu,6164
láska,12034
tendence,16098
vlně,4271
poslouchání,6305
amatéry,6713
užitečnější,7825
narostl,4883
archeologie,16099
vod,4119
nákladná,7108
splnila,2730
neúplných,7086
činy,1938
navazování,16100
terénu,5354
kartou,4168
pít,4536
harmonické,10625
chodíš,1162
odbytu,12278
nálezů,5075
konzervativců,9680
exhibice,16101
spočítána,2959
taktovkou,16102
záplavě,4139
čistíren,16103
zhudebnil,16104
nováčkům,16105
úspěšnost,16106
knížku,9046
depo,16107
bodovým,11719
slečno,16108
spotřebitel,9486
inovacích,9379
kožního,8987
víčka,14378
totalitního,8455
vim,16109
cukrovar,16110
efektivní,9627
vynálezu,5450
nebezpečnými,14640
oficialne,16111
zadavatel,11449
zněly,5650
informovaný,4216
nároků,6226
druhotně,16112
školského,2420
transformována,15708
zničil,1930
čepici,5648
polovodiče,16113
pletení,16114
nutn,16115
čestnou,7547
síry,16116
vyrovná,15231
myšlenkách,1729
použitým,16117
twitteru,16118
pojmenoval,16119
týkajícího,8247
směr,9032
toxicity,13917
projevem,5823
účinkujících,11583
pojistnými,13473
oblázky,16120
dál,1297
rozmnožuje,16121
potkala,2352
nevěnoval,10883
ošetřeno,16122
vjezdem,5860
ručním,16023
kurie,16123
ose,10158
důvodné,16124
opet,16125
provázanost,16126
nabývají,11615
medvědy,8845
obešel,5817
nerostné,16127
požárního,14434
dějem,2590
clubu,16128
zákrok,16129
neutrální,16130
trenéři,16131
umístěny,10461
ignoroval,16132
zvláštním,11914
vypíná,16133
diodami,16134
upgradovat,16135
častých,2629
fleky,15130
šířila,11303
připomínek,3435
ministryní,10154
nástavci,16136
perníčky,16137
stěrky,12343
selen,16138
reality,5430
kalorie,11141
vzbouřili,16139
vesmírem,6883
tekutý,10584
doporučeními,10902
vzdušným,11123
patrový,16140
formálním,5867
elektráren,9984
sazenic,16141
vybavila,6937
žehličkou,7457
provozů,3355
ručení,16142
potopil,3775
hymny,3450
koncových,4647
díly,283
dodržení,16143
ocitlo,11356
kočárkem,6362
vzbuzují,7329
zabezpečeného,7718
formát,16144
tolerovat,7980
obslužnost,16145
nepřesná,16146
divákům,12120
vaším,6849
poctě,10988
smíšeným,5366
železnicí,8580
rozpadat,11073
kult,16147
nevyhověl,16148
neztratí,8947
nesměly,4080
napříč,16149
brandy,16150
průtokem,16151
palivového,6175
energetickému,4330
dražbě,16152
hlídač,16153
editační,16154
družic,14210
nadýmání,16155
fámy,16156
uplatnění,13118
krmení,16157
řezivo,16158
ložnicí,10601
softwarem,7654
střídavými,7982
opakujících,15232
vyslána,16159
vodáky,16160
synové,6648
pojmu,8968
pražce,16161
opis,16162
dopátrat,16163
salony,16164
katastr,14073
brání,5875
krámu,7680
nejedna,16165
adresáře,5307
řezníci,16166
zmenšila,16167
spolku,11684
kernel,16168
psí,16169
kadeřnice,11630
létající,16170
nadbytek,16171
protilátek,16172
četbou,11633
dodrženy,16173
syna,6648
nenašlo,16174
druh,16175
vyvést,6550
meče,16176
nonstop,16177
ukrajinského,6284
zadávané,16178
rolák,16179
souvislostí,3291
uškodit,16180
prohru,2772
poradenstvím,6504
nahrána,1319
pěkně,16181
tou,3681
zralé,16182
textu,7144
svobodném,7877
vraždí,16183
kryptografie,16184
nevyžaduje,6149
automobilech,6655
jenž,4189
šířce,996
naprostým,9382
rozsáhle,16185
poradit,10845
jakej,16186
stabilních,6390
školením,3969
vyjasnit,16187
spojeného,935
obhájce,16188
zlomí,13203
rozpravy,16189
grafiky,8788
rozkládá,16190
latinsky,16191
zhotovování,16192
guvernéra,4057
lívance,16193
československého,2337
úvěrové,13930
tajného,3559
žlučových,16194
dánská,10066
protilátky,16172
desk,7666
sezapomněli,16195
sekací,16196
využívány,4411
referenčních,4173
procedurami,13158
ocitla,11356
hlasitým,15018
nejděsivějších,1979
navenek,16197
obohacená,12375
mediálně,16198
trendech,7013
pozoruhodná,9006
spojte,10680
uprchla,3013
majetková,16199
samičky,16200
srovnal,5853
obrazovce,13198
přivedeme,5082
jiných,4919
hlubokém,9231
kurt,12435
zastupoval,12179
nečtu,16201
ekonomové,3848
korekci,6034
odpovědná,9637
potřebných,16202
zle,16203
obsazování,16204
jaká,5868
vztahují,7749
protiklad,16205
optimalizovaný,16206
berlínského,11968
status,15727
protivníkem,9466
profesorka,16207
kaskády,16208
květinou,8249
zepředu,16209
plen,16210
laclem,16211
minimalizace,16212
smlouvou,9253
napsána,9620
nadstandardně,16213
cukrovkou,10780
zpěvy,2563
souvislost,3291
nacházeli,4371
krásném,1613
přímého,3548
úředníkům,7219
těžební,16214
insurance,16215
novou,883
materiálového,15200
soustavné,9123
trestným,14046
synovci,11916
plynulosti,16216
nabízeným,2188
agresivita,16217
charakterizovány,3972
využitelná,4473
jury,16218
mlčenlivost,16219
drobná,10442
kvalifikovaného,16220
emiráty,16221
klempíř,16222
sekundární,13425
zavěšené,3901
bojovým,3218
křížový,10516
skvělého,1366
významných,844
zivot,16223
drátu,10925
dorůstají,16224
automotive,16225
smrky,16226
kotlina,12956
letenku,2474
vyznačeny,15755
oživování,16227
pohárky,16228
šňůru,6856
exotický,16229
dlaždice,16230
doktoři,15752
dobe,16231
styčné,16232
pletené,16233
patřičný,13808
sbohem,16234
postranními,16235
zakončenou,1541
hlubokých,9231
společníky,7714
jóga,16236
kvalitnější,2413
nároky,6226
libovolného,5974
upravíme,16237
videoher,16238
ochucené,16239
podsvícení,16240
kteří,2553
doraz,989
prolomení,16241
širokého,3781
písečných,8732
extrémně,16242
severovýchodních,5077
talentované,16243
hranic,10809
unaveni,16244
suite,16245
kortikoidy,16246
psaných,10943
posuvných,16247
chemického,1881
kapitálovém,11858
vyhledávané,16248
praskla,15840
stiskněte,16249
přiměřeně,16250
dobročinné,16251
programovatelných,11967
přistát,6953
krémové,4295
kojit,9911
naplněny,5488
interpretuje,11539
nedokonalé,16252
kostelů,12791
subjektem,12945
zejména,16253
slad,16254
soustředěna,12626
maleb,6828
storna,16255
ter,16256
stěny,8387
klubu,2974
lavička,16257
galerii,2927
vibrátory,16258
uplatněn,11533
platem,2345
pelety,16259
kouřovodu,16260
zpětnou,3824
zasahuje,14403
ruské,6551
administraci,16261
ztratily,8947
poznávají,7554
úvazků,16262
strmé,3207
pokrájenou,16263
znásilnil,16264
australského,4399
stolové,16265
drahokamy,16266
dokáží,1374
užšího,5713
zásluze,16267
balit,6844
vyrovnat,15231
zraní,16268
politické,8093
ního,16269
stádia,1513
důvodně,16270
funkciepovrchová,16271
nesprávných,6472
nouzi,7282
vonná,11322
chvění,16272
vicepremiér,16273
náměstkem,3024
dobíjet,16274
délek,5192
zaměstnáni,11402
oplodnění,16275
kontroverzní,12328
letectví,16276
volnosti,16277
kluziště,16278
fanoušek,12773
pevného,2429
zahodit,16279
paláci,5560
přijímáni,604
ekologickým,5363
dost,16280
zázraků,5534
vnitrobloku,16281
vlacích,2975
pohřbeno,16282
parkem,5865
pravopis,16283
darovali,16284
stavům,5503
žádoucí,16285
hodnotných,9785
pořadač,16286
čárového,6191
notebookem,8444
poslána,10214
zvyklé,5334
hlubších,9231
skype,16287
vložena,16288
zánětů,3732
ceněné,16289
úrovněmi,7179
starým,5912
team,16290
vyřešeno,9574
vyjádřen,10779
mzdě,2628
rychlostech,12422
starožitností,15879
používají,1966
prodány,778
vzájemné,8710
opatření,12987
obřadní,16291
vědě,8780
svědomitě,16292
uvádějící,16293
zabývaly,8392
ponechání,8820
stopky,16294
vlnité,16295
kněžském,16296
horším,5718
uplatňována,14853
potěšení,3526
nevidim,16297
zaručena,10850
čelit,6025
eště,4600
měřících,9476
větší,3442
spáchání,16298
ztroskotal,6855
staré,5912
zdolat,13016
dioptrické,16299
přeložena,3865
projektanta,3066
sousedí,16300
zasláním,16301
výtok,16302
bloky,7534
části,2549
členem,6244
jestliže,16303
pravých,4643
zváží,4274
zohlednění,15415
work,16304
sprchou,9139
nahráváním,8226
překrásné,5253
nahrát,1319
ztracených,2074
podstatná,4969
potisky,16305
svědci,11414
nepodložené,16306
sjednává,16307
zobrazována,10597
obíhající,16308
obráběcích,16309
počítačům,8858
vedoucích,11860
broušený,16310
rektorem,16311
zvláštními,11914
mýdlo,16312
běžnou,2463
fóru,16313
bok,16314
tenistky,7770
habilitační,16315
údolích,15698
datovou,3631
zdvořile,16316
scházet,4663
cenzura,16317
metalické,16318
dostřel,16319
výkonových,16320
věnuje,10883
oblečeni,5771
kvalifikované,16220
komponoval,16321
stupínek,16322
vhodnost,16323
vraždit,6087
komplex,16324
sousedské,16325
potraviny,10025
zvedák,16326
vláknová,16327
mentálním,16328
románský,12185
podstavec,16329
kmitočtu,15815
srozumitelnost,16330
hostitele,7710
plantáží,16331
střídáním,7942
kloubu,14131
dávkování,16332
dvoudílné,16333
sehnal,9941
zdatný,12504
producentem,7136
procesor,16334
průlivu,8458
diabetiky,16335
sportem,8478
telefonech,277
nepřátelským,11768
řetězové,16336
pletená,16337
vlastníte,7717
biblických,4027
latiny,12125
dvorec,16338
žehlení,16339
skóre,16340
terénní,16341
úrodnou,12005
tlakem,13271
zjevná,15995
horu,1716
výslechu,7428
neustálého,5311
páteří,16342
odstup,6996
analyzovat,16343
záboru,16344
obětech,10989
nepřehlédněte,16345
ocelových,6639
ztvárnila,16346
žlaby,16347
řeknete,2259
luštěnin,8665
nejenže,16348
archivech,795
jmenné,16349
podélné,5327
reagující,3079
bahenní,16350
pujde,16351
zhotovil,4064
přednosti,11407
dvoje,12178
kreativity,6137
vysavače,11403
středová,16352
rezervujete,9295
zabije,13249
zalít,6461
navržené,5947
polotovarů,16353
původnímu,6095
stavech,5503
javor,16354
verdiktu,16355
sudetoněmeckého,7813
plenkách,16356
obdržíte,2382
čekárně,13912
oblibě,8513
kojíte,9911
dají,1297
životopisy,5051
hnacím,16357
kontaminace,16358
invalidity,16359
gratulace,16360
darovala,16284
pěnové,14554
varné,11077
farmacie,16361
hotelů,8994
nemohly,1237
rovina,16362
hromadným,2808
římském,3277
pošle,10214
pivko,16363
bojkotu,4458
rozpoutal,16364
nakoupili,6331
pytlíku,16365
vybarvení,16366
mýty,3990
valivý,16367
zákonodárce,9320
čokoládu,9875
útesy,11302
nenahradí,16368
cementu,16369
pěstuje,9270
instruktor,16370
záběrů,4978
napojením,12420
kamenných,7412
definovány,4772
information,16371
utrpělo,8512
okolních,1474
domečky,8077
redakcí,16372
lhář,16373
fusaky,16374
ctnost,16375
válcem,16376
mrtvola,16377
rozbití,16378
hospodaří,15563
odkryté,16379
břišní,16380
ledovcové,16381
stadiony,7455
blbé,2580
transparentní,16382
mši,11341
unavené,10708
překračují,15523
herci,1465
popularizaci,10818
stížnost,16079
zhubla,16383
získaná,6927
odškodnění,16384
považováni,3313
person,16385
mathbb,16386
studovali,14143
vypadali,866
rozvine,13703
identifikuje,6231
povedených,4318
preto,16387
komunikují,4888
výkladu,4279
dálnic,9648
ústa,6939
oddílu,10694
ženská,9701
metodám,9498
teologická,16388
objektiv,16389
květináče,16390
hřbitovy,6691
vyrůstal,14441
architektuře,4455
neziskového,2476
click,16391
elektrárnách,9984
kreslit,9210
napříště,16392
lanovkou,16393
císaře,3803
label,16394
dědí,16395
omluví,7032
dobrodružnou,2842
promítají,3343
květináči,16390
chod,16396
vzdělávat,16397
vysoušeč,16398
parádně,16399
nožičkami,7564
intelekt,16400
programovatelný,11967
zavírat,5788
obsazenosti,16401
clony,16402
srazily,9829
dezinfekci,16403
nohami,7641
množí,16404
vyvinuta,9934
zkázy,15496
tržbách,1921
ochranka,16405
stínící,16406
mechanickým,10441
profesích,9596
horním,15460
databanka,16407
lidma,4681
zdanění,13915
dělohy,16408
zapomenuté,4889
kanalizačních,16409
komunikací,6817
stabilizovat,16410
růžového,1223
recenzích,941
sportoviště,16411
přístupu,8545
slovenské,6995
komfortem,16412
rybník,16413
sloučila,8381
shromažďovat,10772
bodu,1863
tvarovaná,16414
pobírání,16415
rozvaděče,16416
nevolnictví,16417
hrazena,9325
pokladu,2412
schopní,9452
debetní,16418
vaření,16419
kabiny,16420
slovinské,4023
zvýšeném,4180
britském,2566
vylepšuje,16421
liturgie,16422
budky,16423
nenacházejí,16424
skříňce,16425
menšího,2564
lásky,12034
chlebové,16426
kombinovaném,2684
zůstavitele,16427
pexeso,16428
oprávněně,16429
posoudila,3907
kalich,16430
světelná,16431
víček,14378
badatele,7722
příslušná,3012
dorostu,13857
směnárna,16432
tvořivost,10060
předával,11040
maybe,16433
potká,2352
poradíme,10845
vyslovit,7946
přinucen,14477
bolševiků,5617
účinnými,5390
fetish,16434
křišťálové,16435
uznávaná,3899
nálezu,5075
hlubším,9231
every,16436
paničky,4297
povoláním,14155
laserového,2245
blikající,8846
dynastii,3445
úvěru,6109
vypadla,8838
rozdílné,11610
prostorem,4819
vypínací,16437
ldots,16438
oblastem,8193
úročení,16439
vládě,3324
zhoršují,7327
virtuální,16440
přívěsy,10159
protizánětlivé,16441
skutky,16442
marihuany,16443
bedna,16444
prokazující,16445
pokryt,7215
architekti,7605
cyklech,2151
ovladatelnosti,16446
antibakteriální,16447
rozšiřoval,5822
zachovává,16448
dřina,16449
posilovny,12207
dotykových,16450
vařit,4493
přísných,9734
přírůstku,979
obnovil,13681
cell,16451
antibiotikum,16452
unesli,14324
studující,14143
hrázi,11377
kostí,16453
samička,16200
děsivě,16454
teplotu,2041
protivná,16455
hračku,5781
zápletka,16456
podšívkou,16457
zastupitelů,4717
stereotyp,16458
manuálním,16459
korunovaci,8973
půjčil,14136
archeologických,4303
carte,16460
ebook,16461
kouřové,12663
jezeře,12259
koupel,4414
břemeno,10195
externě,16462
rozšíří,8236
malého,2564
řetízku,16463
dudlíky,16464
zbudovat,11745
chytají,16465
zklidňující,16466
stodola,11603
chytat,6050
dotklo,11681
mince,13947
kurfiřta,16467
granitový,16468
pokuty,16469
generacemi,5887
světového,1016
vhodnosti,16470
hlasového,3262
identifikována,16471
bezdůvodně,16472
odvetu,5730
chybná,7403
respondent,6645
rychlému,2973
zavolám,9206
šampon,16473
obklopeno,16474
vyučení,16475
katedry,6141
obojky,8866
povidla,16476
smlouvami,9253
samého,942
proudový,16477
demonstranty,11330
etc,16478
kulisy,16479
nástěnných,1917
husitské,8687
spisů,16480
těžbou,9343
separatisty,6381
blank,16481
milice,16482
shromáždil,5759
dražších,1305
cinch,16483
make,16484
dechové,2517
odstavců,2601
leckdy,16485
kovů,16486
produktivním,4256
požadovaném,7209
pilně,16487
železa,15137
věcmi,13538
oddělený,16488
pískoviště,16489
vyřídí,12507
šly,1947
kamerami,10782
lyžařských,2017
impulsy,4128
billboardy,16490
baterií,5108
čtyřjádrový,16491
podstatnou,4969
sopečné,16492
celních,10382
náhradě,10906
přechodných,4932
hotel,8994
pen,16493
lícní,16494
ležérní,16495
vyjímatelná,4011
převzaty,392
obložení,16496
učil,9419
podporu,4963
hmyzem,11792
židovští,6146
skupinovou,3617
jednoduchá,2738
krám,7680
změnily,3635
selský,16497
akutních,14607
kreace,16498
uvědomí,5634
cenzury,16317
nemovitých,16499
napojit,15083
stroj,16500
pěších,1968
gelová,16501
stvořil,14464
pridala,16502
srdcích,13002
zřízeny,3550
historiografie,16503
nedostatku,7739
evidenci,10076
bydlištěm,11980
jedný,16504
akcii,15498
křesťanství,16505
vlasti,9255
subjektivního,15800
druhové,16506
revoluci,5227
vzácnými,6056
bluesový,16507
věrným,8582
samohlásek,16508
kreslení,16509
odkrývá,16510
domácností,13523
rádií,11134
ústřičná,16511
závazného,4314
pustíte,6075
penzijních,14669
ploch,6650
sousedství,16512
kovář,16513
exkurzí,908
doprovodí,4893
příspěvkových,4098
zachováním,13886
hraním,12364
reliéfem,16514
indiánské,16515
podporou,4963
identické,12039
pomazánky,16516
kontrakce,16517
podlouhlé,16518
operativně,16519
teorií,14043
zemí,4163
needs,16520
odešlete,16521
vrtací,16522
nadhledu,16523
zvaná,14750
přestrojení,16524
přiblížili,4624
vozidlem,7256
místností,7893
aktuálnímu,577
neobsahuje,9133
vyprazdňování,16525
emailu,16526
kolekcí,4850
spole,16527
malých,2564
znečištěním,16528
osudu,6462
částem,2549
pohltila,16529
shodným,9738
filé,16530
vyhledáváním,16531
dosahu,3265
zástěny,16532
efektivnosti,16533
rozdělí,10970
šálky,16534
napíše,620
opravovat,10916
přehnaně,16535
obecním,5344
házel,10132
logistice,16536
anaerobní,16537
myšáci,16538
skákat,13901
štěněte,11324
nadměrně,16539
společnice,7714
zipy,16540
pozemského,12122
chatou,6325
logika,16541
daleko,12230
odpadem,11344
rasismu,5602
promluvy,16542
stěžuje,6132
opeře,7259
konkurenty,16543
propagaci,5716
tito,738
paletou,2289
ponožek,9507
zapalování,16544
vlečky,16545
způsoby,4626
arabští,8031
příchozích,8403
hafo,16546
obrovském,4869
zapište,8098
pustá,10482
zachytily,3708
ponorkám,7906
mýtného,16547
získávají,12901
doručeny,16548
repase,16549
náznaků,2825
usnadňuje,16550
zoologických,5418
civilních,9991
dar,15170
obří,16551
provizorně,16552
podvádí,16553
jizev,12757
pavilony,16554
statečnost,16555
odemknout,16556
experimentoval,7147
vyšetření,15472
vyřešila,9574
mitote,16557
draselného,16558
akustických,7759
hladový,6746
lokálním,8596
dochoval,16559
sdílejí,9230
životnímu,3111
noir,16560
apartment,16561
kyselosti,16562
krve,16563
volní,2260
dohodly,4306
sídlem,9691
funkcemi,15084
stanice,12717
stávala,6080
alkoholem,11596
píská,16564
zbavuje,16565
akutního,14607
symbolem,7831
vyvinutá,9190
placenou,857
smýšlení,16566
uchovávat,12455
prudce,16567
obdélníková,6445
peeling,16568
elektrárnou,9984
psychiku,15689
pokličku,16569
spisovatele,1910
jevu,3281
glukóza,16570
závěsných,6427
bouři,3095
vyučen,16571
látková,16572
dáli,16573
industrializace,16574
řekněme,2681
uzpůsobené,16575
tvůrčích,3783
okraji,2002
zakládací,16576
sporných,5300
příkon,16577
blozích,16578
lítosti,11464
screeningu,16579
jogurty,10700
metla,16580
konzumu,9959
naložené,14314
kognitivní,16581
poštu,1778
zdravém,14393
přezdívá,16582
lidskosti,16583
implementaci,3494
hojně,16584
příbuzní,13846
vyhledávací,16585
křesťanských,5098
best,16586
produkci,3098
svršku,16587
výboje,11816
starty,1284
prodal,4723
rameno,14148
bojového,3218
doupě,16588
lžíce,16589
znemožnit,16590
mne,2895
pověření,16591
parket,16592
varováním,10984
čipovou,16593
vyřizovat,13502
vystaví,4494
uznáním,14579
vrhl,6240
operovat,6546
nejslavnějších,3766
předn,16594
mmmk,16595
daní,8508
spisovatelem,1910
osvobodili,2520
zavlažovací,16596
křtitelnice,16597
zabavili,14287
režimu,7131
redaktorem,5738
angličtinou,8934
podhradí,16598
kliknutí,16599
mladej,5800
abychom,16600
profily,3225
zkoumají,11185
stavebniny,16601
krabičce,9712
sledovanost,10478
hrdinkou,16602
štěrbiny,16603
peckovice,16604
učitelů,6086
rádi,7216
věnovaná,5220
ráji,8065
stomatologické,16605
barev,1673
byte,7910
připisována,3084
nahlížet,16606
koláčů,7812
pokládat,4174
mostecka,16607
prázdné,2551
maker,16608
základnou,2478
levnějších,1190
rozešla,11979
nepoužité,2022
pokání,16609
španělském,8244
aplikační,16610
sametově,16611
emigrovat,13031
sovětským,2977
nenutí,7089
podepsaná,7567
příslušných,3012
zisku,5744
archivnictví,16612
spolužáků,5194
objektivem,16389
lásce,12034
respektujeme,9810
oblečky,16613
napadených,11617
depresí,2827
rovni,7139
paží,6629
dvorní,14126
lupou,16614
obdivuje,11897
trápil,7166
vypálili,10178
tamní,16615
klavírista,16616
využíval,8096
podřízených,7265
plovací,16617
přírodopisu,2800
recyklace,16618
slovníků,16619
která,2553
papírem,4476
zřizovatele,4219
nenašel,7815
němčiny,7352
dilda,16620
vědců,3881
evidována,1263
kasační,16621
obrubníky,16622
pozemské,12122
žralok,15467
budoucností,5025
odsouzeno,11917
rohový,16623
metabolické,16624
polštiny,10626
opevněný,16625
jednopatrová,16626
uvážení,16627
povrchového,1623
kmotra,16628
spektru,6304
prodavačka,16629
zařadily,4349
cukroví,16630
prasečí,16631
dirigentem,3572
zdržovat,8017
efektivitě,16632
zemním,5805
církvemi,16633
zábavně,16634
nabít,16635
máš,1579
pojmenovali,6653
obsahovat,9133
projevovala,5272
geologickou,1563
uvolňovat,15291
řeckého,8791
soudkyně,16636
pila,16637
rozvíjíme,11288
buněčná,16638
našlo,7815
nevěsty,16639
přecházející,7114
vítězů,826
aerolinky,16640
dvoulůžkovém,4361
propojený,16641
měny,4788
albu,4632
citačních,16642
hebrejský,16643
klávesovou,1418
vjel,16644
detaily,836
odstavce,2601
příslušníkem,9341
náramků,16645
milosrdenství,16646
dělaj,16647
sexshop,16648
odvozen,13491
abysme,16649
příjmem,6276
sestavena,7895
solidarity,16650
skenování,16651
záznamům,16652
povrchu,1102
převedeno,15896
dvora,3228
hliněné,16653
sestaveny,7895
mužské,8618
vzorovaná,16654
neznam,16655
hlupák,16656
způsobům,4626
betonového,5130
hydraulického,5188
předmětu,4504
doplňkovou,1236
soužití,16657
tíhou,16658
nenastoupil,1899
uživatelském,1583
rozvíjela,11288
zátoka,9149
dívkami,12173
kategoriemi,12033
strojům,16500
laik,16659
business,16660
celního,10382
pronikne,16661
horského,2466
dovnitř,16662
vyválíme,16663
propracovaným,10483
dobrého,939
displej,16664
propagující,12317
stručnou,569
tramvajové,3254
hygienická,8227
kořen,6267
vyjádřený,10779
hity,11013
sjednaného,10964
dobrém,939
španělské,8244
zasklení,16665
provozy,3355
demonstrantů,11330
výchovně,16666
převedení,16667
určeny,3984
korpusy,16668
jím,4698
zřízenou,3550
zvenčí,16669
cyklostezce,11424
outlooku,16670
likvidace,16671
integrován,16672
lenbur,16673
báze,16674
zavěšení,3901
bavorský,16675
nehmotné,13471
masážní,16676
obočí,16677
albánský,16678
luxusní,10936
vžil,16679
cestovatelé,16680
vymezenou,6622
vùbec,16681
převáží,16682
odtoku,16683
atletiky,4719
omáčkou,5852
disciplínách,13971
guide,16684
přehrávači,6280
horolezci,3363
zavináč,16685
letadlo,8476
řemeslníky,11868
procentem,6791
jednotlivého,3432
fosforu,5199
syny,6648
postavila,13692
muzikálů,2206
zanechali,12535
testovány,2186
elektrotechnice,12243
slavnými,3766
oprávněné,6215
rytmické,7965
dětského,3436
přehradou,8084
ozvěte,7288
nikomu,6156
udělají,3166
trading,16686
šířky,996
přejmenování,16687
kuchyňku,16688
slušivé,16689
vyloučení,16690
pink,16691
zkoušejí,2881
pán,8050
produkoval,13516
prvoligového,3839
koridorů,16692
krmné,15066
mediálního,14946
assfucking,16693
výpovědní,16694
ropného,3328
vyhnul,7983
cigareta,8270
prameniště,16695
orestujeme,16696
nazývaný,9421
paradigmatu,16697
krása,5928
integrovaných,3977
oboustranným,9544
penzion,16698
pomalým,1884
látka,12713
only,16699
vypověděl,16700
politiku,4785
svazy,5850
proslulé,12010
tvorbou,1013
bytovým,7994
pohybovým,7099
motivace,16701
nadšenec,16702
porážku,7389
frekvence,16703
hnout,16704
pozoruhodnou,9006
útočník,16705
páni,8050
brusný,16706
přihlášeno,1011
výživného,16707
licenčních,11919
povolená,5206
medailisté,4317
amour,16708
iniciativu,5478
autorita,16709
ještì,16710
vylepšené,13030
kontra,16711
pochvaly,6413
exlibris,16712
vojnu,11825
obstarává,16713
dívčí,16714
doplněn,3587
hrnec,12236
jód,16715
absolutně,16716
jedince,7789
oslovených,16717
vyhovující,16718
bezchybné,10781
buchta,16719
makléři,7916
skloňovat,16720
laně,16721
obytné,10961
svrhnout,16722
taxislužby,16723
učiněné,3329
předávány,16724
biotop,16725
místům,1070
kondicionéry,16726
lóže,16727
zatěžuje,16728
lektorky,16729
poslouchat,6305
pročištění,16730
cílech,646
tečkou,6279
opačné,10047
shop,16731
odhalených,3534
osazený,16732
příkrm,16733
motivy,16734
orientalista,16735
finsky,16736
blogů,16737
oborových,14728
činná,9837
slzami,14641
webmaster,16738
zbavte,16739
platformou,6066
rozeta,16740
hledejte,8986
příslušníci,9341
elastická,9173
kariéru,1592
závazným,4314
vlivem,3950
velkej,16741
úschovna,16742
leštění,16743
kontrolám,1823
simulovat,16744
hráčích,7277
jurisdikci,16745
vášnivé,15298
řeku,5964
příkopu,8904
pohřbít,16746
none,16747
nosičem,8857
tropického,841
desetiny,9462
uchovávání,16748
preference,16749
naprosté,9382
vzniklé,6140
urgentně,16750
uslyší,16751
vesměs,16752
krbové,8161
domáhá,16753
praktickému,6536
komunistických,1915
masiv,16754
relax,16755
základy,3566
dospělých,7006
míče,16756
dialogové,16757
vyřadí,16758
slavná,3766
betlémů,16759
alpském,10622
lezu,16760
pátral,9864
návrší,16761
léčí,16762
horních,15460
průplavu,10590
úplne,16763
produktech,5917
sklem,16764
posel,16765
mýdel,16312
vlajku,5640
melír,16766
uvolnit,3087
krutě,16767
zakládají,12620
vrchním,8684
originálních,8245
atletického,3673
americkou,1078
odpovědnosti,10328
hvězdě,2597
terminály,10907
zahradou,5792
základů,3566
panenky,16768
střelecky,16769
ušlechtilá,14894
vyrovnání,16770
červenou,896
slivovice,16771
páře,16772
nezávadný,16773
dotáhli,16774
bolení,9219
odněkud,16775
vyloučeno,4938
potěšen,16776
sportovat,13154
praktikovat,16777
náčelníkem,7321
oprávněním,14527
zadrželi,6674
odvahy,11512
doporučíme,1827
dovolání,16778
ponaučení,16779
emancipace,16780
dehydratace,16781
blokován,16782
svěřena,8041
zemřelého,9927
tisíců,3578
pořadatelů,3381
cílové,2263
vyřeší,9574
vykládal,13606
hodili,4240
pískovcová,16783
kopírovat,12609
úcty,16784
lékáren,7502
sklenících,2929
pokoji,7446
voláním,16785
ilustrovat,3020
zajíždí,16786
unést,14324
zhasnutí,16787
bohové,11173
rozválíme,16788
nezletilý,16789
útočit,3521
chloupek,16790
sednu,8941
rádo,7216
lokalizovat,16791
křesťan,14122
poradím,10845
liturgických,5831
logistická,9048
obsluze,9017
statické,9087
půjčí,14136
rektora,9681
vhodné,390
smažíme,16792
vlajkou,5640
nucené,6319
upíry,16793
hmyzí,16794
nazpíval,16795
dodávána,16796
pruhovaná,9939
převzatých,1031
nepoužívané,16797
formulářem,3729
živinami,16798
upravili,16237
citrusových,16799
nechejte,3518
holandský,16006
spokojeni,13039
měnila,7192
klidem,11837
stovkou,5885
dedka,16800
složitá,2940
letce,5269
nežádoucím,10190
nejrůznějších,4763
kvalitou,3474
paralelního,16801
matrik,10426
odpočtem,16802
aromatické,13196
rohlíku,4753
robustní,16803
družstva,15011
pravdivosti,15313
tras,4740
manažerských,8417
dřevina,16804
přistoupí,2283
plynných,8198
spoty,16805
vodík,16806
míň,6702
vadí,2375
volič,15255
příspěvcích,16807
hotely,8994
češtiny,11278
úřadů,2221
sluha,16808
federativní,16809
terária,16810
městysu,4188
jednoduchém,2738
legislativně,16811
nichž,4189
fotografům,3260
klobásou,5843
obsluhy,9017
osvětlit,16812
produktivitu,11349
kartičky,16813
povstalecké,16814
vypínání,16815
genetický,16816
vašeho,6849
lusky,16817
hrozila,4474
depozitáři,6965
rozvádí,16818
japonského,2734
francouzské,10383
modifikovaný,16819
svislé,9753
evropskou,3195
zkratu,9802
zkopírovat,16820
evoluce,16821
místních,9579
získají,6134
prohlížeč,16822
špičkovým,4456
autorádií,13194
obdobným,5333
nájmu,2090
dodávkami,1992
zvukových,3560
vyhřívání,16823
bojem,8175
poradí,10845
použiť,16824
řečtina,16825
legální,16826
osídlené,16827
camera,16828
překonávají,16829
připevnit,11606
vyplňovat,12155
životností,8266
podnikatelskou,6367
regionů,4628
zaniklá,16830
společnostem,4907
spravedlnost,11949
komfort,16831
zpaměti,16832
vetvy,16833
tančí,15145
oblastí,8193
restartovat,16834
kovových,4704
obnovili,13681
zaslechl,16835
položí,7536
kuchařský,12146
hornických,9769
tělísko,10963
neexistence,7189
linkou,8658
rajón,16836
angažmá,16837
demonstrovalo,5918
označených,8258
upozorňující,1531
alkoholické,4973
dějin,6486
nieco,16838
procházení,4737
řízená,2957
přírodovědných,6981
obviňují,10545
lang,16839
prut,16840
sdělením,16841
know,16842
pračce,16843
implementovat,4491
ladit,13904
radarové,16844
odpovědích,4955
walking,16845
dopadajícího,2898
propagoval,12317
border,16846
italské,7414
můžetemít,16847
křesťanům,14122
přepracoval,4002
slušel,16848
výpůjčka,16849
hotelových,6726
farmáři,5581
spárování,16850
přejímá,16851
panovník,14090
jelen,16852
polní,12771
disease,16853
vyvolána,4260
grantů,6259
rybaření,16854
chlápek,16855
přistupují,7396
jednoduchými,2738
paralelní,16801
kempu,5417
pohybového,7099
nežil,2529
sportovních,10859
rozhlasového,2993
balvan,16856
sněmovně,7595
nutričních,16857
zemědělec,9518
ned,16858
nepřátelský,5404
keltského,16859
součástka,16860
les,12371
situováno,10774
zásadních,3660
cibulky,14191
dokazování,16861
složí,4422
nezávislým,4217
wellnes,16862
nějakou,5257
pečuje,16863
kreativním,13215
spacáku,8040
nejsi,478
ochotně,12685
skotské,7550
incidentů,4327
ozývají,7236
závislé,4217
vozíku,9852
měšťané,16864
vybojovali,10946
kolego,4587
ovlivněná,10771
používáním,6779
architektonickým,2468
překrásná,5253
solution,16865
podřídit,16866
místního,9579
zvládají,16867
používány,2855
smrdí,16868
coz,16869
špičkou,5359
milimetry,9932
úvazku,9004
hleděl,16870
vedených,12373
čtenářka,13418
loukami,2917
směřovalo,16871
švédským,12508
nudí,16872
náramně,16873
tričku,11950
jednoduchosti,15993
psychosociální,16874
věnovala,10883
postihující,16875
ježdění,16876
misi,2866
všeobecného,3993
kostky,2511
kontroverzních,12328
komentářích,822
handicap,16877
hadry,4277
reálnou,2307
padně,16878
abecedně,16879
blbě,16880
systematická,10521
rodných,741
tajemníkem,5948
pusu,16881
skupinách,8104
grafickou,650
sendvič,16882
zařízeními,11296
zapojena,8110
effect,16883
nur,16884
klitoris,16885
delegáti,9220
vzdálená,13866
nutně,16886
vystřelila,16887
docházejí,5703
skutek,16442
zaměstnáno,11402
představiteli,8619
zahrál,10174
povrchů,1102
sodíková,16888
svátosti,16889
cílené,9548
feature,16890
kouty,3561
třísky,16891
prostředkem,4655
šuplíku,15967
mák,16892
prodejnou,5370
hratelnost,16893
smíchat,11857
poplatníků,4350
výčtu,1558
drogové,14524
pojatá,16894
sídlící,16895
vagína,13647
porozumění,16896
porodnici,14931
kufry,16897
dopisech,2360
dekorační,16898
vězeňské,16899
počítačovou,464
jakákoliv,7066
překližky,16900
oceníte,2645
bezvadně,16901
operatorname,16902
útulné,13081
kvalifikovaný,16220
střídačku,16903
vysvětleny,2943
pestrých,1139
vzdušné,11123
papežské,8429
jely,3663
řekami,5964
astronautů,3362
nástroje,9284
příjmení,10151
stránku,1299
odvrátit,15612
vyhledat,10851
čeza,16904
měchýř,3368
stezek,3353
vajíček,13332
definovaná,4772
díra,15775
nakládací,16905
cukrovinek,16906
primárně,16907
hybridní,16908
reflexní,8701
pin,16909
legalizace,16910
únavě,4325
podlehly,5628
učení,16911
protokolu,7631
nacistickou,5352
podnikatelka,9331
produktivní,4256
zlepšili,10319
kamarádky,4657
stavitelné,9786
samém,942
nature,16912
přívodního,16913
penzijní,14669
jednotlivce,8731
epidemií,3133
překonaly,2906
espresso,16914
ekonoma,3848
woman,16915
lokalitě,7777
teologické,16388
sbírala,2256
architektka,16916
napravil,16917
konkurenčním,16918
varhanní,16919
krystalické,16920
křížovky,16921
postoupily,16922
výběžku,16923
masných,16924
vitamínem,10310
bažiny,16925
měkkým,3009
hrubé,5205
národních,6105
dělníky,10451
termálních,9520
příjemci,15320
don,6695
vědeckou,3728
získaly,6134
slepá,14163
výrazně,10663
absolventa,557
vzdělávají,16926
mluvení,5166
kaváren,3874
otrávit,13384
linkami,8658
world,16927
stavěné,16928
perorální,16929
některá,1431
celokovové,8036
sférou,9995
diabetem,16930
bylinky,16931
amatérským,9121
strojních,12408
povoláni,14875
kvalifikovat,13378
přesných,3180
rychlými,2973
nádražní,16932
vznikat,5883
cizím,9651
údiv,16933
rikala,16934
vstřebat,5275
nešťastně,16935
zápachu,7993
posuvná,16936
efektivního,9627
letoviska,9095
odposlechy,11785
uznána,16937
vyslechl,9993
metru,5000
hláska,16938
publicity,13792
vhodná,390
škodit,16180
mozku,16939
sálem,16940
rakoviny,4639
zákulisí,16941
ložnic,10601
ověřovatele,16942
dorozumívání,16943
vstupující,16944
korejská,13507
myslivci,16945
zazitku,16946
tichým,13863
smyk,16947
komiksy,2196
povídkách,5071
pálka,16948
pořídíte,4165
pečivem,13504
novince,306
sbírku,4987
vyskytovat,4631
kravského,12914
cement,16369
odpařování,16949
městečkem,8752
statická,9087
pavouci,9916
zlým,7767
soupeř,12388
lidská,6602
zadavateli,11449
prošívaná,16950
nač,16951
musim,16952
serial,16953
znázorňují,16954
košíky,4283
podílely,5207
zajíci,9487
vývojových,3496
zavazadel,16955
legenda,13648
soupeření,16956
realismu,4616
trefa,16957
legitimní,16958
zapečené,16959
hluboké,9231
požadovány,1414
nutí,7089
antické,4588
restaurátor,16960
noze,7641
pravomoci,9500
dodavatelů,8745
administrativě,9198
ostrohu,16961
záchranu,5287
disku,6505
spádové,16962
závodní,16963
dies,16964
vybírána,16965
pruhy,3801
značena,5583
salon,16966
zdrojových,8473
lisy,64
stovek,5885
utajované,16967
zvýšili,5569
hlavách,6293
započítávají,8318
přistýlek,14857
kontinuita,16968
inzerovat,16969
psaného,10943
misí,2866
vyrobek,16970
hvězdných,3051
pizzy,15849
mapovat,16971
župního,15261
topí,13691
zastávají,8795
mentálních,16328
zranil,16268
závažných,6221
diagnóze,16972
zakládali,12620
legálně,14406
vajíčkem,13332
kdo,7597
zaměs,16973
seriózně,16974
vyrůstají,14441
cvičením,14612
experti,16975
továrny,11888
přibral,16976
španělštiny,15433
nacházíte,4371
nalézá,16977
špici,16978
etika,16979
kněžiště,16980
pedály,16981
rozložená,11688
žvýkačky,16982
sendviče,16882
instalačního,9027
povolenek,10074
přesouvat,2230
pobavení,16983
materiálové,15200
kombinacích,11759
podniky,7807
mrtvoly,16377
nezapomeň,2185
odeslány,16984
znalostí,13436
zebra,16985
close,16986
svítilna,16987
zkušebny,13144
chodidel,16988
vodu,4119
nalézáme,16977
profesionálních,10237
požadovaného,7209
císařskou,2625
proudem,16989
plemenné,16990
kardiovaskulární,16991
klinik,16992
pedál,16993
pred,16994
nasekáme,16995
nacistů,7913
mrazáku,14562
dějů,2590
oběť,10989
chatové,16996
stříbrem,9242
pytle,7922
kontaktech,2675
zaujali,4821
ovlivňování,16997
strong,16998
nazí,9730
pronajímá,15171
symetrické,6361
potížích,3697
nápěv,16999
terénním,16341
skořice,14563
ověřená,4003
věšáky,17000
přejel,9434
koloběžky,12313
zmáčknout,17001
operetní,17002
hlubokého,9231
umělci,4313
právnička,17003
utopit,14110
kávě,6328
psa,9409
cdots,17004
startér,17005
koňské,17006
site,17007
trestů,8584
shodou,10490
křestním,17008
poškozeno,15008
potažené,5485
jménech,8300
ředitelky,6169
ulici,9659
workflow,17009
zařazovány,2546
splatit,17010
brašna,17011
cihel,2212
zadávacím,17012
sluchátko,3690
otočí,17013
rozložení,17014
míchání,17015
přízni,17016
zakryté,17017
pravidlo,9383
důkazní,17018
šetřit,11336
skipas,17019
patentu,12585
analogové,10951
lodičky,17020
jíl,17021
ekvalizér,17022
předepsat,17023
vestavěnými,4413
potrubní,17024
prohřešek,17025
prvni,17026
kovy,16486
kláv,17027
lamelami,17028
historika,7049
autobiografie,17029
pekny,17030
saka,9850
letového,1115
reproduktor,17031
poznámkou,684
měkké,3009
zbudování,17032
brnění,17033
napadání,927
krasové,17034
vidličky,13392
dodána,1728
odkupu,8075
zajišťují,4441
vyprovokovat,17035
lidském,6602
poradcem,7160
romantickém,7186
vzájemných,8710
ukazatele,9881
hřebeni,6253
zaujímají,4535
mohutnými,9851
vesty,15465
prodávány,955
profesí,9596
pizzerie,17036
řízeného,2957
hesla,9505
oblečení,5771
rict,17037
dokážou,1374
pramenech,9929
hojnost,8594
zapomenou,1829
hravá,14204
popisem,1175
všelijak,17038
ženách,8383
vitaminy,17039
výstupky,17040
rozhořčení,17041
úspěšného,552
budoval,9805
zachováno,8632
položce,10459
žákyně,17042
muzeí,3488
svědkyně,11414
konzumací,17043
dividend,8831
rameny,14148
neschopností,8500
zodpovědností,9192
doktrína,17044
jednostranné,8794
hmotná,17045
sovětského,2977
pronikají,10975
oprávněná,6215
vnutit,17046
vzdáleně,17047
regulátor,17048
perspektivní,17049
poptává,17050
kyselé,9744
zábavních,11390
poskytovala,2988
podrážkou,10205
elektronickým,4236
vesmírné,2087
dynamiky,13496
šílenost,17051
snadněji,7269
sladu,16254
úbytkem,6588
nevinný,13073
marmelády,6332
uvěří,4502
fasádě,7201
návnady,17052
vévodství,17053
nespolehlivé,17054
mandlemi,17055
komínem,11395
důležitosti,12583
držadlem,6723
poř,17056
ceníkové,17057
zásahy,6950
mùžete,17058
esperanto,17059
odpůrce,11338
doladění,17060
stromech,9081
hořícího,6921
prezidia,17061
těžkého,1507
vícero,17062
těžilo,17063
milióny,3689
početnější,13897
plzeňského,3677
lokálně,17064
radit,8228
tomuhle,881
abecední,17065
podhorských,17066
zavěšeny,5655
stylovým,12160
výhradní,6039
vejce,17067
restaurátorské,17068
drobné,10442
collen,17069
naš,17070
tuhle,881
malířská,10155
desek,7666
čistič,17071
poezii,7142
protestu,5815
see,17072
kamerového,4363
papírky,17073
přenášených,17074
svý,4415
gynekologie,17075
pracovny,4852
obklopující,17076
unesena,14324
pejskem,15677
kultivace,17077
ručníku,8623
lékaři,13895
statečných,17078
upozorněni,17079
šrot,17080
konkurzu,4202
nástupců,7490
jednoty,17081
upřímnou,7861
rubriku,674
obousměrně,17082
sushi,17083
domovskou,2404
šestihran,17084
jakýchkoli,11498
nenašly,7815
vlajek,5640
null,17085
pokročilými,5406
uděláte,3166
poselstvím,15423
početní,17086
obdobném,5333
gymnastka,17087
kulová,5408
rozešli,11979
juniorky,17088
lidi,4681
vinifera,17089
areálu,7713
safety,17090
pekle,10494
bazének,17091
políčko,17092
přepravovat,17093
dostatečnou,1994
pochybné,17094
lysý,17095
rentgenového,11741
tekutého,10584
neodolatelnou,17096
léčivé,12318
restaurační,15259
pronikly,12054
borovicového,17097
kousek,14004
určitou,7331
obrázků,3359
zpravodajského,1608
obrazovky,13198
vložená,17098
grey,17099
obilniny,17100
pozvolným,3770
recenzí,941
mlíčko,10334
elektrického,4395
svalstva,17101
vyřešit,9574
rodičů,1548
pekla,10494
polních,12771
kašli,5374
nejasnosti,17102
podnos,17103
neopakovatelnou,3148
prestižních,5919
vámi,17104
naladění,17105
nedodržení,17106
usadili,15540
správného,6472
gripy,17107
kostkou,2511
čerpacích,17108
bestsellerem,11328
propagandou,17109
statutem,5378
motoristé,17110
koberce,10649
čistí,9458
uváděná,1289
sporem,5745
šňůrkou,17111
kreativitu,6137
snoubenci,17112
kilogramy,3364
tucích,17113
tržišti,15657
choť,17114
korupcí,15823
studuji,14143
rtuť,17115
radkaja,17116
trvajícím,7330
parkové,17117
záznamech,3370
prodávám,4230
zvolal,17118
plavbu,3076
gestapo,17119
vyměnit,9127
kovovém,4704
rychlejšímu,2973
historka,17120
vinným,5461
trénované,17121
nohy,7641
účtech,8900
míchá,11857
koncentrát,17122
nespokojenost,17123
odpadu,11344
klinickou,1781
odsoudil,11917
výsadbou,4155
významem,6707
značkách,17124
delegátem,9220
citronu,5910
hřbitov,6691
přehřátí,17125
osídlení,17126
sněhovou,1845
hradci,17127
bubínek,17128
položku,10459
trenér,16131
doplněná,3587
odpočinete,17129
údery,3593
odloučené,12411
zachovalý,17130
moţnost,17131
výpůjčce,17132
zatlačit,17133
měkkých,3009
užitkových,8180
spraví,17134
drsnější,5061
ekosystémů,17135
vajíčka,13332
škodlivé,15353
dvacítky,17136
nejednalo,2739
plantáže,17137
handicapovaných,17138
nešťastnou,952
lokalitu,7777
paliva,8217
surovin,11566
favorita,3121
namístě,17139
věrnosti,3046
žere,17140
platforem,6066
posunutí,17141
označovaly,2216
těžkosti,17142
certifikaci,3942
fixaci,7453
převaha,15061
kamarádství,17143
čokoládová,7072
zničeného,7233
umělce,4313
bránící,17144
kojení,9911
dokumentací,1469
čepu,17145
reakcích,3255
umístěno,10461
nížině,17146
suverénně,17147
příspěvkům,475
morem,17148
skupinou,8104
charakteru,12752
dokazovat,2512
koloniální,17149
číselná,17150
nesprávným,17151
protivníka,9466
službou,3035
dostanu,2702
jícnu,17152
provozuje,5431
nepostrádá,17153
zlepšit,10319
kartáčem,13244
vyznat,17154
pronásledoval,11118
zápočet,17155
zapomínají,3867
neoprávněně,16429
handicapem,16877
kožené,13411
profesionálům,1099
prohrou,2772
zastat,17156
organizaci,3539
konvertory,17157
žalobě,6945
kombinuje,8998
hodnotu,6011
zbudována,11745
třetímu,517
šaty,10748
náramky,16645
communication,17158
klesajícím,14932
posloupnosti,17159
zmenšení,17160
připsali,17161
jmění,17162
ekonomických,3383
lekla,17163
stahy,17164
pytlů,7922
sáně,15821
kvalifikován,13378
zajištěny,9400
závadné,17165
úpravy,7952
pusy,16881
šňůrku,17166
samohlásky,16508
opatřen,17167
polotučné,17168
volte,17169
jezerem,12259
jednotně,17170
vtipným,3181
srozumitelným,5598
kluby,2974
překontrolovat,17171
argumenty,13861
uvolňují,15291
brouci,9166
románského,12185
jazyka,6876
vyhnal,9246
ční,17172
lahví,17173
střeleckou,7950
účinných,5390
nucených,6319
kasárnách,7575
nedocházelo,5703
vložením,17174
koláčky,17175
bojových,3218
dcerku,11382
úspěšnosti,16106
dovednosti,17176
legendární,17177
mobiliář,13951
skálou,6458
propojuje,17178
střevo,17179
vsem,17180
antioxidanty,9146
držák,17181
bikiny,17182
minimalizovat,17183
zjistíš,3611
jednotnou,3408
ředitelce,6169
pahorkatiny,17184
vodovodních,17185
energií,4534
dohod,4030
pozic,13977
obývacího,12760
nahrány,1319
tuhostně,17186
šlehač,17187
vystavoval,4849
křídlo,10614
řídící,17188
ragby,17189
oxidaci,17190
garanční,17191
demokratických,7775
podržet,4986
kartáčkem,17192
ledvinami,5407
dvorech,3228
sejf,17193
fanda,17194
pojistným,13473
trubice,17195
pojmenována,6653
popsaných,3745
německém,5677
slibů,15388
nesmyslná,13449
vejcích,17067
pach,17196
pochopíte,4845
vodíkové,17197
entomolog,17198
soulad,5832
svobodně,17199
mají,1579
uhrát,17200
dovršení,17201
necháte,3518
fotbalem,8210
dekorací,17202
potkáte,2352
renomované,15471
dílům,283
ignorovat,16132
pískem,6354
dvířky,17203
čínském,4642
nainstalovat,6701
přenášeny,17204
přípravek,17205
agenturní,17206
žlutého,2836
vietnamské,17207
povlak,17208
uznávat,8189
kotník,6697
nátlakem,13645
bonusů,1028
umyvadla,13316
českobudějovického,11120
afghánské,17209
holé,6031
hlavičkou,13689
stadión,13313
sčítají,17210
consenting,17211
nejlevnějšího,1190
velkoměsta,17212
trpělivý,17213
dobrovolných,4730
vyplnil,6833
kvalit,3474
speciálně,17214
zohledněny,15415
anémie,17215
nadpisu,6020
propagandy,7640
mladších,5800
mnohonásobně,17216
orgány,6295
sovy,15005
struktur,13864
přidávají,4311
krizí,3075
animovaném,17217
zabudovaným,17218
parking,17219
svíčku,9832
poroty,15484
významně,17220
peer,17221
povrchových,1623
postiţením,17222
strmě,17223
studují,14143
nanovo,17224
procestoval,17225
drž,4986
vnitrozemské,17226
zrcadlovku,8886
lužních,17227
psychiatrických,9861
šedém,7263
portu,17228
klienta,7226
sdílela,9230
řádnou,662
užitný,15536
domluvu,907
poskytovaly,2988
karimatky,11313
zálivkou,17229
hrozby,7148
olejů,11388
kroupy,17230
zjednodušuje,17231
hasiče,8435
záhadný,17232
pomohly,3603
hostitelské,14615
strojek,16500
sílící,17233
tíží,17234
rysy,7973
konstantní,17235
bílých,3556
naučili,12594
zabezpečit,17236
povely,7984
sebedůvěru,10739
vibracím,17237
vypadli,8838
pomazánkou,17238
útěku,3197
zvyšují,6848
ligou,2654
vera,17239
poznámkami,684
pojmenováním,8055
zvláštně,17240
mycí,17241
firmách,7124
španělštině,15433
dochovalo,17242
vyvinuli,9934
kardiologie,17243
obnově,3267
kdejaký,17244
balené,17245
deluxe,17246
jednotlivou,3432
dom,17247
obsluhují,10388
básníků,1766
historikem,7049
stopami,5760
prosperity,14885
hodnotami,6011
jogurtů,10700
klášterním,15086
trpaslíka,14173
záznamu,3370
horník,14027
prostředku,4655
předvolba,11849
županu,12403
konvent,17248
komunitě,17249
spotu,17250
arcivévodkyně,13879
hřebenem,6253
složen,17251
dálce,16007
měst,2189
polštině,10626
zvyku,3016
měj,1579
atentátníka,4884
vystavěl,4494
konkurenční,16918
poliklinikou,15726
kněžna,17252
průkopníkem,9096
polykarbonátu,17253
lesní,11277
boží,17254
vstřícné,7339
roztrhl,17255
fascinující,17256
lůžku,11242
conditions,17257
poslancům,3531
květinu,8249
rýmu,7244
prodejen,5370
internetového,988
seriálu,1684
secese,17258
bývalé,2217
úrodné,12005
skeptiků,17259
tísně,17260
kapsičkou,17261
vinaře,17262
postupům,5190
stability,7069
motivované,14252
propracované,10483
plavky,9882
benzínové,12405
dopravil,12682
vegetariánství,17263
ignoruje,16132
ustojí,17264
offroad,17265
unikají,9058
věži,10887
kriminální,17266
opěrky,17267
znal,1154
ovlivňoval,6796
kovářství,17268
druhému,236
přepravní,10982
službě,3035
ovládané,12089
ráz,17269
kroj,17270
divně,17271
bagr,17272
farmě,15128
kolega,4587
stýkat,17273
špičkových,4456
handicapované,17138
instalací,9509
hotovost,15297
tunely,6962
zlatem,3234
experty,16975
definic,13188
rodový,17274
silikonu,17275
svá,4415
pedikúru,4562
administrační,17276
lehkomyslný,17277
slabostí,7957
potenciální,7944
identifikoval,6231
historky,17120
dospívajících,17278
obdivuhodné,17279
pohlavnímu,13327
opatrností,8288
živnostenského,15225
opravář,17280
přijaty,1169
měřím,9401
emailů,17281
návrháři,11593
betlém,16759
tihla,17282
zánovní,17283
kohoutek,14221
textovém,2287
prohlašuji,5163
alergický,5694
skládky,17284
zavražděného,2225
ručního,16023
krádeže,11639
sestupnězboží,17285
přidělil,17286
střetl,17287
moderního,4434
posilovně,12207
barikády,17288
anglikánské,17289
souprav,17290
ležely,3100
lavina,17291
tvořený,13467
relaxaci,17292
zvýraznění,17293
případném,4156
faktoru,5511
taštičky,17294
jelo,3663
dekorativních,15273
hybridy,17295
nadřazené,17296
vyvíjena,13545
měřením,7583
povaha,10743
kohokoliv,9812
mechanismu,7540
pijí,4536
tělovýchovu,8946
nebudou,478
orient,17297
tuhého,6242
gumičkou,17298
imunita,11491
kardiovaskulárních,17299
mediační,17300
nesporně,17301
zrcadlový,17302
nesouhlasit,3312
výtvarníky,6388
umění,17303
uspokojuje,17304
útvary,8729
toaletou,7584
trvalému,3206
souvislého,13871
mleté,4220
technických,2472
mosazné,17305
milují,4478
upevňování,17306
pokroky,6740
vysvěcena,17307
ohniskem,14644
nepředstavují,626
kávovar,17308
rozdělíme,10970
jámy,17309
trocha,17310
troskách,17311
nažloutlé,17312
neuznal,8189
kultur,4060
vemte,17313
recenzovanými,17314
dýchání,14664
plynovodu,12879
míček,17315
pohltí,16529
krvi,16563
rano,17316
zadržených,2372
těhotenské,9472
vyloučili,11401
situaci,3519
listového,17317
volantem,9638
dílech,283
problémových,14912
kouří,12533
vystavují,4849
bezvadné,12930
volantu,9638
manžety,17318
mokasíny,17319
kojením,17320
předčila,17321
výkonech,9208
could,17322
správnímu,3314
spravoval,10583
plnil,10169
tréningu,17323
máslem,15720
posadí,12563
seriálů,1684
výrobny,17324
profesně,17325
receiver,17326
střetla,17327
citliví,14341
vozítka,17328
opaku,10610
pódiích,8285
jakýmkoli,11498
kladnou,4088
síti,10206
sestávají,13576
hypotézu,5434
sirup,17329
kontaminované,17330
považuju,3286
oboustranné,9544
komplexním,9308
přílišná,15058
novostaveb,5994
bych,478
donucení,11501
byzantská,11316
vyobrazen,17331
sněmovního,3758
portem,17332
trackbally,17333
tvůrcům,9607
casino,17334
podstatou,12176
sulinekmaster,17335
bola,17336
zkušený,13548
papírek,17337
přístavů,4449
mamkou,17338
semínky,10469
neziskových,6708
zaznamenávat,3653
létajícím,17339
přestupy,17340
terapeut,15364
svìta,17341
nádech,17342
generacím,5887
krmítko,17343
zatknout,7183
delegáta,9220
známější,898
latinská,9456
svatebních,10192
choreografie,17344
nakazí,13610
bankomatu,11834
zařazený,4169
spolužačky,15426
obyvatelstva,9833
veterány,4790
uschovejte,17345
obrázcích,3359
fotonů,17346
prokrvení,17347
postupujte,10669
představám,3401
vysíláním,13672
podstatných,4969
bocích,16314
vanová,17348
špičaté,17349
školou,1986
hradí,9325
akutní,14607
načte,17350
režii,1624
zesílit,17351
označovaných,4315
dojetí,17352
náhlého,817
čelenky,9319
názorové,17353
ověří,1582
obojživelníky,17354
přeměnou,11178
keramického,3422
reaktoru,12744
nasazenou,8438
vraždy,10179
ověřovaných,17355
šedým,7263
výmaz,17356
faceliftu,17357
nástrahy,15343
bankéř,10867
našel,7815
benzínu,6498
spacáky,8040
terminálů,10907
zobrazení,17358
ukazatelů,9881
měnovou,5440
odvést,11003
démon,15224
sere,17359
vat,17360
přepnout,17361
plyše,17362
kávu,6328
překonat,2906
pater,459
výtlak,17363
elektrotechnických,2107
ještěrky,6769
syrového,8959
gynekologické,17364
rozmazání,17365
pohlaví,17366
vyměnili,9127
určovat,9628
stavbu,7830
ženich,17367
snech,3796
destinacích,17368
ení,17369
dobrovolným,4730
lékárna,7502
zranitelnosti,17370
ukrývá,7437
synonymem,11195
otevírat,1393
hradní,10316
přesuny,4518
ovládala,10508
transkripce,17371
listina,17372
hlínou,9449
vulkanického,6585
krytinou,17373
emisí,1321
vzájemný,8710
divokým,7548
náhradníkem,7027
ruského,6551
premonstrátů,17374
investorovi,4089
opakováním,3769
padnoucí,17375
ţáky,17376
komentáři,822
jezdilo,3168
specializované,5505
čelovky,17377
indiánského,16515
postupujícím,17378
nádherně,17379
zvonku,12326
divizí,3989
zdárně,17380
vyřešena,8498
studna,11549
trikot,17381
piercing,17382
zasraný,17383
sebevědomé,14544
půdního,11541
ovlivnění,17384
ujede,12400
vestavby,15391
tohto,17385
bezhotovostní,17386
nejznámějšího,898
dupačky,17387
povyku,17388
vyhrazujeme,11342
vědní,17389
zvát,697
talíře,7434
ubytováníluxusní,17390
překvapený,3309
čisticích,17391
gotická,12704
lůžkoviny,17392
provdaná,17393
námořník,9483
potlačit,17394
společnou,1082
kulometu,7959
hydratační,17395
narodily,621
dýni,4431
norským,7310
raketou,12992
hliníkových,4152
položená,17396
dozvědět,3085
časovačem,12320
značka,17124
leteckých,4386
vnitřními,12264
dovednostmi,17176
turistice,1458
oběžnou,9203
konfigurace,17397
jámě,17309
dovozem,13323
holčiny,17398
frekvencích,16703
pronásledovat,11118
údolími,15698
stavitelů,9786
nemocenského,2540
prototypu,10917
marketing,17399
molo,17400
džínové,17401
kdybys,6823
harmoniku,6677
nevyplývá,4130
standardům,6098
odpovědí,4955
prádle,12631
lanovek,17402
přebírají,17403
oblastních,2949
odkazy,5057
šíří,11303
vinných,5461
odlitek,17404
teritoriu,8627
kov,16486
chilli,17405
vodárenská,17406
vstřícně,17407
televizorů,14511
havarijním,17408
trpaslíci,14173
podřídila,16866
transportér,17409
aplikačního,16610
vhodným,390
nabije,17410
nevěsta,16639
nazývat,12286
rod,17411
půdním,11541
zápachem,7993
služebních,11859
trenéry,16131
středisky,4267
sňatku,5224
varhaník,17412
ethernet,17413
ekleinovka,17414
epidemii,3133
promění,14744
pacienty,13899
přel,17415
alternativou,6979
jasne,17416
snižováním,7990
designéři,17417
nelibosti,17418
autobusu,7784
rozsáhlou,1705
podlijeme,17419
slovenským,6995
plechovek,9540
nepoužije,3052
žlutým,2836
saně,17420
rozložené,11688
unikátním,10633
velkostatkářskou,17421
gestem,17422
musely,3779
hybridních,16908
chtěj,1167
soukromých,5906
považované,3313
úbočí,17423
protichůdné,17424
vysílač,17425
aktivuje,12367
look,17426
správně,14956
výzkumnou,3506
nesou,2428
specifickým,13346
dialogovém,17427
vychytávek,17428
požadovaným,7209
polystyren,17429
arabština,17430
bulk,17431
korunní,12599
zvířecí,17432
jezuité,17433
záruk,8264
spořitelnou,17434
pražené,17435
psychické,6455
pořadu,9459
podobnými,6710
páčka,15638
referent,17436
recepty,13204
faraona,15837
vystřelil,16887
nálepek,9817
letadla,8476
pěstounské,17437
takova,17438
použijí,3052
dopadem,2500
setrvat,14694
výživné,3725
samotnému,529
zobák,12240
raketami,12992
zajištěním,14047
slávě,5070
roamingu,17439
vyřešil,9574
náramek,16645
kilo,17440
zakázány,6043
státu,1466
zákonní,6121
pěveckého,6150
kroky,1956
korporace,17441
mnišské,17442
přemnožení,17443
uhelných,7363
jmelí,17444
viceprezidenta,4287
dotváří,17445
hypotetické,17446
souhlasí,3312
dramatických,1055
vysokohorské,17447
ústavní,15961
ztratit,8947
léky,12779
chyba,17448
brněnskou,1762
leštěné,17449
zkusim,17450
vynakládat,17451
šedých,7263
plotem,11020
zajišťovací,17452
zajišťovat,4441
skrývají,3059
označováni,2216
digitalizace,17453
kteréhokoli,7197
padající,1369
too,17454
křehký,17455
likéry,17456
kazatel,17457
zkrácena,2716
konvergence,17458
sob,17459
únavou,4325
biologického,3482
panem,5233
zákonodárství,17460
ptákem,10891
jednotlivci,8731
price,17461
odvolá,1854
hardwarového,14327
lodě,17462
plodiny,17463
příček,1385
živ,3261
interně,17464
drátky,17465
migrace,17466
hebrejské,16643
plasty,8262
oválného,17467
zpevněných,15107
přistýlky,14857
mšice,17468
zaplavení,5961
okamžitou,1810
vzbudí,8337
kulturního,8615
slovenští,6995
vodárenské,17469
řediteli,3453
vláčky,13213
vybavil,6937
koupelnou,8182
zájmovou,3397
termostatická,17470
odešly,2765
rybáři,17471
upřímná,7861
navržená,5947
odkázán,17472
stoletou,17473
obtíže,7167
albech,4632
hasičům,8435
dovozce,15381
planiny,17474
údajov,17475
čipem,17476
lisovací,17477
přetáhnout,17478
kněžími,17479
humus,17480
potencionální,17481
výmluvy,17482
kompletně,17483
chorobách,7992
přenosu,10147
dráždění,17484
listiny,17372
pokrmů,7949
poskytovatel,12628
průjmu,4234
gauč,17485
křičet,13176
dinosaura,17486
kondom,17487
policejního,14429
stavbami,7830
přecházení,17488
chlupatý,17489
bolestem,9201
holou,6031
uspokojit,17490
jednoletou,3761
biotechnologie,17491
boss,17492
nastudovat,14143
následovanými,4453
nabízejících,17493
chovných,17494
soudil,2832
korupce,15823
severské,14457
někým,9880
hodná,17495
krev,16563
samotě,11333
designu,7384
reditel,17496
rafinovaný,17497
ské,17498
potřebuješ,3626
ohlasu,4241
klasických,4367
bezlepkové,14982
brýlemi,17499
smír,17500
stejnosměrného,11765
dánsky,17501
výstavbou,671
jesle,11239
průnik,17502
jazyce,6876
organismu,13189
rozšiřovala,5822
umožňovaly,2704
dovednostech,17176
analogového,10951
sáčky,13237
povolením,12670
dodržujte,13310
projdou,2069
kroniku,1692
namáhání,17503
oponent,17504
trezor,17505
kontrakty,7073
mrazení,17506
zlomenina,13068
chránila,12647
lídři,17507
šňůrou,6856
zamilovaný,5681
šťávou,17508
načerpat,17509
zvlněné,17510
hradního,10316
způsobovat,8932
tribunálu,17511
tablety,17512
stranickou,3998
eco,17513
ohnisku,14644
investigativní,17514
rolní,17515
plazmové,17516
orál,17517
rozumnější,3877
distribuci,2432
špatní,234
sousedů,3553
chodily,1162
simuluje,16744
nevolno,17518
pát,17519
trůn,17520
rovnováhy,13668
predaji,17521
navazovala,2694
rekuperace,17522
cenným,7322
monitoringu,9264
dluhů,13974
tapety,8785
provozovány,5431
čti,3523
poškození,14862
intenzívně,17523
hřbitově,6691
nenajde,7815
vzduchem,9165
lehátka,11848
zahrají,17524
netopýrů,4996
mlátit,15235
pilířem,5107
aukcí,3425
umožňují,2704
dusík,17525
schránkou,4212
prádla,12631
pozdìji,17526
učiteli,6086
sdílí,9230
hymnu,3450
hliníkového,4152
odpadů,11344
zábřežsku,17527
výstřely,8742
inovativní,17528
projevující,17529
nabíjením,7811
miláčka,15055
jamky,17530
asistentů,13474
takticky,17531
dialogy,4340
klientů,7226
jiným,4919
organismy,13189
odpovědnou,9637
francouzštiny,13988
myčce,17532
současnou,1239
prodyšnost,17533
rozsvícení,9530
mrazák,14562
dobro,14449
zvídavé,17534
manželská,11952
zablokoval,17535
nájemních,9336
vychutnáte,17536
poučil,12476
odemykání,16556
sirupem,17329
notebooků,8444
husité,17537
aspekty,4634
gumičky,17538
finálového,1403
poměrnou,12966
pojiva,17539
perfektním,9054
procedur,13158
zabezpečena,15757
kouřem,17540
schodku,5675
dealer,17541
tezí,4078
mlékem,10334
děkanství,17542
prodlení,17543
kontaktují,2675
cukrové,5942
znásilňování,17544
odposlech,11785
jazzových,6548
pouto,7454
vyřizujeme,13502
domácnosti,13523
věcná,4951
názvuv,17545
dýchacích,10702
vyrostly,7404
pokládal,4174
duchovním,14939
plátci,17546
rolníky,15565
volnoběh,17547
kompenzace,17548
čímkoliv,4199
zobrazují,10597
skříňka,16425
nesouhlasili,3312
účelových,17549
sériích,1484
křovinořez,17550
bikinách,17182
skupinám,8104
zhoubných,12996
svěží,17551
přednostního,8532
budík,17552
loutka,17553
zkracování,17554
zřídil,6753
přístavu,4449
řadit,9497
parníku,6619
tyčemi,17555
reader,17556
kopat,13654
jmenovaní,798
ekonomikou,5245
řešeného,17557
trafiky,9919
smažené,9782
nepoužívejte,17558
bílkovina,17559
věznění,17560
vrahy,9931
takovýho,1866
identitě,13134
živnostenské,15225
finských,4915
placky,10014
pořádkové,17561
napravit,16917
rostliny,8861
trubkami,6054
strojírna,17562
zablokovat,17535
pokuta,16469
hovorově,17563
střetů,5585
britského,2566
interiéru,7496
označené,8258
man,17564
pomáhal,5595
onkologie,17565
vybudovala,4506
zaměstnávání,17566
botanických,1696
altány,17567
vyskytovalo,17568
překlepy,17569
slovu,5229
euru,1629
příbytek,17570
věznice,17571
jakého,5868
rybí,15566
učitele,6086
štíhlé,11896
dojdu,545
plísně,11088
rozlehlé,6015
výšivka,17572
zdokonalení,17573
upozorněním,16047
ozařování,17574
podpatek,15201
církvi,16633
disciplinární,17575
spokojené,13039
překážka,13781
zásoba,6094
avokádo,17576
libuje,17577
souostroví,17578
sandály,8917
students,17579
ušetřila,12354
básniček,17580
sloučením,11031
táhlo,1837
savany,17581
pojmenovává,17582
diktatury,14469
sáčku,13237
aplikaci,9063
rozhledně,2805
změnila,3635
rozeznat,15029
dvorem,3228
bilionů,14111
příruční,17583
flag,17584
vysokoškoláků,17585
ptačích,12711
raket,12992
intonace,17586
osmifinále,17587
císařského,2625
postrádá,17588
plíce,11054
romantika,17589
zkontroloval,17590
ošetřuje,15341
vyvlastnění,17591
děkana,14354
zajistilo,9092
otočil,17013
míse,17592
vedru,934
snáze,7269
jazz,17593
slovinských,4023
postupy,5190
zastáncem,15938
vyuţití,17594
elektronika,17595
připevněn,11606
pominu,17596
doručíme,4757
lidem,17597
vytvářené,17598
halenka,17599
velk,17600
nápojům,7702
naložit,17601
trvalých,3206
našly,7815
dochovaná,17602
přítele,4372
okolního,1474
upravila,16237
vyprávění,17603
infuzní,17604
pronikat,10975
badminton,17605
návodu,10479
dárku,2499
biochemických,3921
více,11668
slotem,17606
ostrého,4520
konfliktu,10410
ovládán,10508
moderátoři,17607
vynikajícího,4136
motorových,7268
vyztužený,17608
plná,5204
znepokojení,17609
milostný,8419
záhadně,17610
stech,6666
textilních,9277
listovou,17611
komentovanou,17612
easy,17613
vířivé,17614
řízek,17615
tématech,1314
dotčených,17616
vhodných,390
atmosférického,11368
křestní,17617
dovolte,2319
ohrožoval,10062
štíhlá,11896
mutace,17618
narazili,10872
neskrývá,3059
skupinka,13103
pásků,3847
operního,6755
přepne,17619
proužkem,17620
ušetřete,12354
kousíček,17621
šířkou,996
přihodí,5896
kompetencí,12999
hotelnictví,17622
rozrostla,14498
muslimové,17623
naučte,12594
flipové,17624
mezí,10793
vozy,13673
veškeré,8207
sežene,9941
základce,17625
šikanování,17626
cely,8501
obrys,13882
obdobného,5333
nepřísluší,17627
zastupitelstvu,3595
jezerní,17628
cvičných,6893
dárci,9130
samotného,529
svazem,5850
zlikvidovat,15691
pracovaly,3069
kostelík,17629
rozumného,3877
golf,17630
investuje,8272
osmičky,17631
kancelářím,4980
mokřady,17632
úvěrem,6109
císařských,2625
provokace,17633
květy,1596
panelem,3837
značení,17634
tlakům,13271
zřídit,6753
úseky,5552
sveta,17635
vstoupíte,2207
podílů,8133
dobrodružství,6340
jedničku,7466
globalizace,17636
pětiletou,286
souhlasit,3312
aktivisty,3819
spoleènosti,17637
servisních,9754
přerozdělování,17638
batolat,6380
nacházelo,4371
přísného,9734
konfrontaci,5925
emulze,17639
nechají,3518
konstrukce,17640
textařka,17641
mozkovou,9061
šťáva,17508
údivu,16933
letohrádek,17642
vědění,17643
katolické,10300
spoluobčanů,2623
překonali,2906
videochatování,17644
falešného,5607
stolech,4697
cukrovaru,16110
kon,17645
nakrájenou,17646
mušku,8570
pigment,17647
psychoanalýzy,17648
seznámí,7962
výstřih,17649
délkou,5192
zřízeného,3550
neutrálně,17650
barové,17651
zašli,3377
valem,13628
trail,17652
pečování,16863
chat,6325
demokraty,13165
řemesel,12416
inkubační,17653
produkovala,13516
lázeňském,7969
studovala,14143
svíčka,9832
sólových,1566
ucítíte,17654
dám,1297
propastí,10393
starali,11022
pojednávají,17655
prodlužování,17656
adoptivní,17657
poslankyní,8153
pocitově,17658
diverzifikace,17659
zaklínadlo,17660
štítem,4492
střetli,17661
nastavíme,12899
síranu,6144
omak,17662
kulometů,7959
hadem,9071
úsecích,5552
vyskytují,3982
nebolí,9219
tělem,14165
hvězd,2597
odvětvích,17663
nápravných,17664
vyhnuli,7983
protivníci,9466
kandidátů,2813
odhlučnění,17665
pasů,9338
pronajal,5368
točivým,17666
autismem,17667
vypravování,17668
věd,8780
metodách,9498
leporelo,17669
gel,17670
zakladatelem,9384
bulharské,6038
bohatým,3439
kalkul,17671
profilech,17672
křížek,17673
jistič,17674
dobrému,939
vůně,17675
holka,6617
kohouta,14221
zasazený,13499
způsobech,4626
mýlí,10064
časovače,12320
těsné,13359
maličkosti,13497
řídícího,17188
partnerkou,15946
štěstí,7695
příčná,13066
velmoc,17676
loď,17462
klinického,1781
nespokojen,17677
franků,4213
prosadila,9150
saldo,17678
jedincům,17679
dráhu,4545
léčení,17680
vytvořenou,504
povoleny,5206
postavené,7839
areně,17681
litý,17682
obcí,11959
geometrického,13539
čety,4485
hlubokým,9231
autonomní,17683
cest,3793
heslo,9505
údržbě,5266
směšně,17684
ztepilý,17685
vstřícnými,7339
potřebná,16202
rutiny,17686
patrona,2953
length,17687
lhal,14923
situovaná,17688
toaletního,17689
nějakými,5257
pleny,16210
korektní,17690
čistírny,17691
rodičovského,3630
zametací,17692
proslula,17693
loga,10225
treter,9378
rekreačním,17694
běhů,8480
anonymních,4332
drah,4545
tlačné,17695
pýcha,17696
matky,6705
nadšenci,16702
prohledávat,17697
akvizici,7822
uvědomíte,5634
vrstevníci,10070
teenager,17698
revert,17699
portal,17700
bajonet,17701
stavíte,7410
škrabka,17702
komplexnost,17703
zázračné,13998
sapiens,17704
stěrače,17705
pověřená,8322
výrazného,1351
vyhánět,9246
klapek,10314
centru,5935
vlažné,16003
přírodu,867
záchranky,5287
budovu,6611
měnilo,7192
kartáček,17706
bavlněnou,4146
kořeněná,17707
ratings,17708
odpovídala,10034
jednomu,793
uspořádáním,10738
combi,17709
kód,13613
tvrdíte,1981
křičel,13176
usmrcení,17710
million,17711
astronomii,8740
těžbě,9343
ochranném,2989
prkno,17712
zlepšil,10319
drtivou,1799
sjednána,10964
přidělit,17286
posluchače,14908
porudí,17713
planet,3935
hlasů,15899
nadměrnému,5814
triky,14224
doporučením,10902
spotřebiteli,9486
důstojně,17714
reflektují,17715
severovýchodně,17716
dluhy,13974
medová,17717
konverze,17718
vešla,11410
záchrannou,828
křídlem,10614
krajinářské,17719
úspoře,5400
obvodě,5154
milými,2495
výchovným,8510
drtič,17720
mýta,17721
sponzorem,8199
vyvíjet,13545
synovcem,11916
považovaná,17722
ústeckého,17723
kamarádce,4657
městu,2189
příbězích,6774
sebepojetí,17724
dik,17725
kredity,17726
duelu,13637
plenky,17727
obrázkům,3359
přechodů,6160
mango,11584
švédského,12508
sušeného,2819
dotazů,10990
zajímavostí,2771
nosnou,4709
zeleň,17728
vítězku,17729
swing,17730
zvířecích,17432
obeznámen,17731
zamilované,5681
anděl,15887
nach,17732
technickém,2472
úrok,15174
svoji,4415
zhola,17733
labutě,15451
rozmanitost,12402
tramvaji,14256
závěsů,10253
stříleli,13505
vnímáte,2857
naozaj,17734
podnětů,2560
krátery,17735
satelitem,6173
pohovoru,17736
tovární,12872
zněla,5650
odvozuje,17737
uchováním,13515
severoamerické,17738
rodačka,17739
podrážky,10205
skříň,13982
polyamidu,17740
jízdárna,17741
humanitních,17742
pracovnímu,2063
specifikací,6524
obžalovaný,12068
obnovovat,13681
trestním,10740
lež,17743
rendys,17744
pomazánka,16516
výpomoc,17745
náporem,14492
laděných,17746
preferenčních,17747
wehrmachtu,17748
mládenec,17749
sponky,17750
mohutným,9851
chytrým,14981
rezidencí,17751
praskají,17752
samosprávu,3562
obnovují,17753
pizza,15849
třešní,4966
tepelná,6321
rostlinky,17754
ponorky,7906
dietní,17755
figurka,15514
regálů,17756
pohnout,17757
ochránci,10026
estetiky,14703
řezník,16166
obětování,14294
ohromujících,11000
kontaktujte,9566
politickém,8093
hvězdného,3051
želatina,17758
příčiny,7388
pokynům,5030
rozlehlá,6015
četby,11633
uchy,6727
zajišťovány,17759
plamenem,3870
nazpět,17760
zaměstnávají,11909
carského,14514
vitamíny,10310
pronést,7633
prutů,16840
znečištění,16528
ordinace,17761
kulové,5408
zdobily,10056
kontrastem,17762
nešťastných,17763
jehly,14707
jaterní,12617
ústech,6939
semen,17764
závazkům,14805
rozvinutí,17765
pokyny,5030
homosexuálové,17766
scénáři,493
dostatkem,15824
měnily,7192
výměník,17767
totožné,9461
spona,17768
předsedů,2455
seberealizaci,8985
stánku,5340
truhláři,15122
morové,17769
zbrojení,17770
inu,17771
koťátka,17772
postoupilo,16922
náhody,4034
příjemnou,566
obchází,17773
snižovat,7343
odejmout,17774
sestával,13576
tolikrát,17775
cítění,17776
zemina,17777
akumulátorů,6841
radil,8228
motorovém,7268
dýchají,12077
roztroušenou,17778
výšek,3119
křenem,17779
chátral,17780
volám,4692
obvinění,17781
vlastněná,17782
fotoaparátu,8212
hacker,9675
vděčný,8097
ředitele,3453
překoná,2906
kotel,12014
jejichž,4189
krýt,4867
kníže,17252
spjatá,3414
mazlíčků,17783
ložnici,10601
nuuna,17784
klín,12923
úkryt,6899
mobile,4336
zemědělce,9518
detektivové,11552
vyhnán,9246
vlakových,5320
holčičku,7284
přispívají,4630
doložení,17785
ovládají,10508
detektivky,13197
strategickou,2823
zabíjet,13795
kostela,12791
víz,13779
rozlišení,14702
podmíněně,17786
uzavřenou,2082
tureckým,12008
zámku,7878
dolaru,1591
hojném,4125
takt,16029
štábní,17787
kravina,17788
principů,14505
kondicionér,17789
strouhání,17790
předsedovi,2455
rozdělená,6181
podpaží,17791
číslu,443
nevybíravě,17792
laděný,17793
stoje,17794
karavanu,17795
protoze,17796
stranických,3998
homosexuál,17766
párech,4275
fleece,17797
potřebného,16202
správce,12250
likvidity,9018
iné,17798
elektricky,17799
mazlíčky,17800
majetkový,14704
mříže,6756
křížové,10516
syntetických,6502
balistické,17801
dotekem,9276
kvk,17802
vteřinu,8879
tichém,13863
řezbář,17803
čokoládové,7072
uživatelů,9267
zastavením,15814
tendru,17804
bagety,17805
otcovství,17806
ohlídat,17807
fotografiím,3143
archiválie,17808
nedělej,2861
stavebních,9748
normách,11109
italském,7414
rovnat,17809
respektována,17810
pohonnou,8211
ohnisek,14644
přídavná,3968
trojúhelníkové,3693
duševní,9622
asynchronní,17811
hebrejsky,17812
zahrádkou,2324
titan,17813
islámem,17814
zídky,17815
vozovny,17816
správcům,12250
slovenštině,17817
rodin,4288
slušně,17818
prolomit,16241
dómu,2386
zkušenější,13548
profesoři,11777
aktivního,801
lněné,17819
originále,13347
probírané,17820
hrdla,5808
podnikového,3896
útlém,15374
napínavé,4248
souhlasím,3312
středem,1923
volejte,4692
věrohodně,17821
vzletová,17822
autorizovaného,11305
začleněna,17823
atypický,17824
banjo,17825
světelnost,17826
přestavěno,17827
černošské,17828
účinnější,5390
vyšívané,17829
sesterské,11795
odpalovací,17830
oblíbenou,490
závodě,3382
soustava,5688
demontáže,17831
hřbetu,4538
blány,17832
dodatků,1079
historici,7049
pokut,16469
vzoru,7782
autosedačky,14820
papeže,3524
šikmé,7323
complete,17833
závada,17834
puls,17835
řadil,9497
lesích,12371
zámořské,17836
požadavcích,7612
zvládnete,4689
nedodržuje,13310
vyčnívající,17837
očního,15311
uložil,9529
pověděl,5020
beztrestně,17838
přísné,9734
stožár,14475
nabitých,482
dřevní,17839
železitý,17840
odlitky,17404
mauzoleum,17841
službám,3035
mistrovstvích,7667
nauky,17842
dispozic,997
izraelským,7232
vlivných,8750
vzdálen,13866
zápasům,4162
strojírenských,12733
běžci,17843
nadvládou,7418
nepřáteli,12082
drobnější,10442
delegoval,17844
obalových,17845
církevních,8037
rozporu,14428
zásady,13589
neznala,1154
prve,17846
sklenky,17847
hasičská,6409
templářů,17848
plastu,8262
opouštět,5559
zaměnitelné,17849
dekoraci,17850
steak,13141
virus,17851
kyselých,9744
sytosti,17852
připojena,4954
podstatným,4969
denne,17853
odbavení,17854
prodané,778
nádechem,17342
tržbu,1921
výběrem,1819
pronásledován,11118
ohrožený,10660
erbu,17855
jestli,17856
intervaly,4814
bič,17857
asteroidu,7165
ochoten,15237
podhledů,17858
fenka,17859
uznávané,3899
celníci,17860
pěstovat,9270
sólista,17861
lídrem,17862
módní,12050
fungováním,13211
rostlinným,8160
soupeří,13200
schodišť,4798
automobilu,6655
písemnosti,17863
sebevědomí,14544
made,17864
tajných,3559
verzí,1590
artiklem,17865
rozvedl,8555
hrdinství,17866
kratších,450
špičce,5359
podporujících,17867
odesláním,3602
podľa,17868
nadmíru,17869
týmy,5195
plodem,9240
nearabské,17870
obsazenost,3582
renesanční,17871
postavena,7839
napíšeš,620
šikmá,7323
ministrem,5145
doplňována,4013
citlivých,14341
zašlete,17872
klíště,8039
separace,17873
psychika,15689
pokrmu,7949
gravitačním,17874
povedou,1536
decentní,17875
komerčního,3123
pojištěným,17876
lvy,5678
place,17877
těžebních,16214
stativ,17878
příčném,13066
vévody,17879
věnuji,10883
kotvení,17880
sólisté,17881
zdvihu,17882
nepřilnavý,17883
malička,17884
obsahujících,17885
snížit,5969
dokládat,4496
názvy,1922
beznadějně,17886
czech,17887
správcovská,17888
kanály,4607
franc,17889
operních,6755
terciárního,17890
nezapře,17891
síra,16116
jedinému,1186
advokáti,12432
zádové,5553
započítá,17892
umístěna,10461
můra,17893
oblaků,9069
trpíte,10773
hmotný,17045
prsou,17894
radní,17895
vyzdvihuje,5848
bestselleru,11328
čilý,17896
pomozte,17897
vyráběno,3266
startování,17898
nacházejících,17899
telegrafní,17900
mřížka,17901
prvovýroby,17902
stávali,17903
tvoříme,7911
otočila,17013
hrobech,7752
arbitrážního,10143
měřítek,6186
náhradách,10906
radi,17904
pekař,17905
položíme,7536
barevně,17906
vládních,1767
bronzových,1792
volání,16785
písemného,3486
hospodyně,17907
naléhání,17908
zraněním,17909
firmu,7124
chybného,7403
reaktorů,12744
typograf,17910
případných,4156
ran,12486
odkládací,17911
odvozu,15559
invalidním,15466
kouzlo,17912
vyvinuty,9190
vládci,12229
opatřit,17167
nažka,17913
inkluzivní,17914
intuitivní,17915
teoretického,4580
crossover,17916
dodatečnou,1889
gastronomii,12703
dotyčný,17917
stržena,12654
daním,8508
hliníkovém,4152
konektivita,17918
úžasně,17919
hodně,11668
hrábě,17920
droga,10242
ubodal,17921
jiskra,17922
potřebnými,16202
tónem,9670
kouzelníka,8045
připojilo,10379
smetl,17923
profitovat,17924
osazena,8793
islandský,17925
konkrétního,7494
nabrala,11929
sales,17926
obdivuju,11897
pitvy,14631
odebrané,17927
porozuměním,16896
seniorů,17928
vila,11845
persons,17929
nekorektní,17930
lesa,12371
hostitelů,7710
rozdíly,12936
substráty,17931
odlišný,16022
řady,4861
pošlou,10214
modelovací,17932
závažnosti,17933
krvinek,14533
keři,6454
pěveckých,6150
ponoření,17934
injekce,17935
romance,17936
palma,17937
mùže,17938
ostrými,4520
infekčním,17939
sud,17940
odlitků,17404
vodotěsnost,17941
krajinného,13260
tabulí,17942
textem,7144
křesel,15319
vysokou,1828
pastvinách,17943
myslivec,16945
zařízená,10502
dřevem,6537
elegantní,17944
zpracovanou,402
ohrožujících,17945
dodržena,17946
značkám,17124
kaplička,17947
computer,17948
words,17949
postavením,17950
žita,13216
zkontrolujte,8548
zaděláno,17951
vakua,17952
osmahneme,17953
povědět,5020
bombardéru,13801
neprůchozí,17954
klášterní,15086
hrazeny,12633
vibracemi,17955
algoritmus,17956
zavraždil,6087
zemědělskou,6316
šlape,17957
niečo,17958
pokušení,17959
koček,3800
sleduj,2392
formáty,17960
kořenový,14438
automobilovou,5842
aspektům,4634
oblibou,8513
svazích,7276
policii,8759
propojí,9546
trůně,17961
cyklistickou,3723
materiální,9402
stanoviskem,4223
neřeknou,17962
světových,1016
tajemstvím,17963
hlášek,9266
napomáhá,17964
zálivku,17965
používáte,1966
nerezovém,6313
operaci,7905
formičky,17966
pečovat,16863
zacházet,12246
nepodporují,17967
měnič,17968
děly,17969
kolínské,17970
kněz,17479
fyziologii,15627
neohrozí,11130
vzdělané,17971
metropolí,3367
poskytovatelem,12628
regulace,17972
kritérii,17973
orbitální,17974
pojmenované,17975
paláce,5560
obytný,10961
nedráždí,17976
kritikem,9042
inspektorem,5042
bomby,10108
dopravci,6771
neúnavně,17977
touhle,881
outsourcingu,17978
sjednocování,17979
věnoval,10883
vitae,17980
hereckých,9177
pozůstatky,12792
planetek,2952
přebytečný,17981
dur,17982
zmírňuje,17983
vejčitá,17984
nim,2442
síťového,3350
povinni,4224
doplňujících,6448
hlubokými,9231
přivlastňovací,17985
stepní,17986
trajekt,17987
kapitálového,11858
posuzována,17988
získáváním,13229
přínosu,6761
desetitisíce,17989
okrasné,17990
developeři,17991
výprodejidle,17992
prohry,2772
fashion,17993
provozována,5431
alkoholik,17994
obráběcí,16309
pohode,17995
kluzáky,17996
sládek,17997
sameček,17998
zvedací,17999
rozvíjel,11288
manžele,2572
vojákům,4937
army,18000
doom,18001
poradně,7715
vystupujících,9917
obyčejné,6205
epidemiologie,18002
automobilce,7218
puzzle,18003
kulových,5408
vděčni,8097
právo,18004
ošacení,18005
transparentnost,18006
bez,7970
univerzitách,804
halenky,17599
potápět,3775
řapíku,18007
přihlášením,1011
šikovný,18008
nadměrného,5814
pralesů,7335
referenčního,4173
feat,18009
hustého,4665
náskok,15214
výdělečně,18010
opravte,8462
zvětšení,18011
rezervaci,5629
chybné,7403
ozbrojené,9261
navržení,5947
osvěžit,12365
hubnutí,18012
jmenované,798
vibrátorem,18013
keře,6454
intuici,18014
rozuměli,8574
gestapa,17119
náboženskými,18015
strčil,15161
geografických,2343
chování,18016
získané,6927
motocykly,11885
lanovka,16393
stanovách,8044
vodopád,9525
hranicích,10809
číslovaných,18017
kulička,18018
chuťově,18019
hlukem,15151
člověku,4681
nakupuji,11256
zasunutí,18020
výživové,18021
postižení,8544
ideálem,12338
príspevkov,18022
psací,7419
svěří,8041
vůdce,18023
nasazených,8438
pedagogem,3257
jasan,18024
rampě,18025
registrovat,8641
kriminalisté,18026
vytvářen,9182
rozborem,4201
pocty,10988
odmítne,1916
another,18027
zhoršovat,7327
osudem,6462
zakládající,18028
alergii,14380
automatickém,3951
skříním,13982
aktivací,18029
exportu,9676
přesuňte,564
stopu,5760
teroristických,5063
řešena,5775
vážím,8696
taškou,9856
svalového,7806
portů,18030
cdot,18031
zanechávají,7047
dominuje,12869
randit,18032
překladatelka,18033
právních,15950
ubytováním,15455
vysavačem,11403
vaší,6849
přisypeme,18034
textům,7144
poptávkua,1008
spisovatelky,6990
nedej,18035
ideou,15576
přehrávat,18036
kopírování,18037
týmů,5195
ohled,13297
zájmových,3397
dohlížet,7382
nastavit,12899
tajemná,14793
stravovat,18038
poúnorový,18039
frantiska,18040
síť,10206
zvoleni,775
libovolná,5974
nedůvěry,11017
smlouvám,9253
postojích,12268
vynikal,11167
týkající,8247
svazů,5850
vědomosti,10048
nezdravé,18041
leteckého,4386
stejnojmennou,3806
vrtu,18042
melouny,9083
textového,2287
kruhovém,3247
samopal,18043
lokomotivou,14700
odebírají,15813
bráchu,7473
editoři,18044
eng,18045
brand,18046
relace,11284
dominantním,18047
pracujete,3069
telekomunikací,7853
neuděláte,3166
osy,10158
zapálí,1632
pepře,2366
žen,8383
odřená,13407
přátel,4372
detektivek,13197
zkracují,18048
roleta,18049
nezabere,18050
ústního,7120
efektní,18051
společnostech,4907
repertoáru,6556
péčí,12745
tlačítko,11835
pravou,4643
zásahů,6950
ekonomiku,5245
sovětských,2977
rozkošný,18052
prosklení,13284
orientovat,11994
nitra,18053
stale,18054
jedovaté,9357
příkladech,2897
nejobsáhlejších,1415
lopatkami,16073
fresky,18055
bambusové,18056
poprat,18057
kids,18058
neznámého,898
doplňte,6647
ziskovosti,18059
odpověz,3477
proniknutí,18060
chlapci,5962
zásobách,6094
ovoci,14223
předvedou,4368
detektivních,13567
krabici,4577
váhá,3542
dokonalých,4265
toky,15105
přezky,18061
hradební,18062
výkonného,6583
osadit,8793
radovánek,3147
ukázkou,1914
rozvodů,5375
rodnou,741
stisknutí,15659
nočního,7879
neshody,18063
odvozeno,13491
sympatické,13975
vyspat,18064
stylech,18065
panenek,16768
jménem,8300
lampou,12430
látkové,10880
vydělává,18066
nekvalitní,2413
očkovací,18067
podobných,6710
programátory,14183
stříhací,18068
designů,7384
provincii,8833
rozdělování,18069
četných,13251
značného,11147
těsném,13359
ostrahy,12842
obvodů,5154
âástka,18070
schopno,9452
jelení,18071
nainstalované,18072
zásobní,18073
sepsána,18074
kliniky,18075
německé,5677
kupuji,5520
neteř,18076
celebritou,18077
poradenskou,3615
řídili,6593
ligu,2654
mastných,6460
aquaplaningu,18078
potlačeno,17394
vykonávána,5770
potrestáni,18079
mozne,18080
švédském,12508
standartní,18081
váhou,7981
svíčkovou,1340
krajskému,1000
odhodláním,18082
obohacen,12375
písničkáře,4779
obrácení,18083
osobnost,14522
vyloučeni,4938
svolení,9337
živnostenských,15225
kolonie,18084
dotyčná,17917
skladbě,10059
ujme,10142
stavitelé,9786
katolíci,18085
mámě,7026
nebo,9912
básničku,17580
jdeš,1947
modernizované,18086
poskládat,18087
dynamická,15081
vyznačí,7834
engine,18088
žraloci,15467
nepříliš,18089
bednění,18090
vymření,18091
chalupě,18092
schopna,9452
bolet,9219
ulic,9659
všeobecných,3993
beach,18093
řetězu,10215
sopranistka,18094
sedne,8941
špinavý,18095
řekách,5964
vymřela,10275
pojištění,14494
dirigování,8360
fandové,18096
vyhledal,10851
automatika,18097
kategórie,18098
odborového,4063
bojler,18099
dálnicí,9648
temnoty,10213
rakovinou,4639
lázeňských,7969
prvoligové,3839
startéry,17005
výhru,7849
postavilo,13692
doplnili,6647
břichem,10402
raněných,18100
labyrintu,7355
poznala,6521
tečky,6279
provedou,1565
bojují,2470
balónky,18101
nanejvýš,18102
extrému,18103
jabloní,9304
předsedkyní,5005
ustájení,18104
navýší,18105
písničku,2799
zemědělského,6316
stoprocentně,18106
rezoluci,15769
serverech,18107
autobusového,3317
plemeno,18108
hrdý,13457
obejít,5817
odstínu,2204
vom,18109
šablona,18110
exekuční,18111
lehkého,1876
vrchoviny,18112
kufr,16897
zadaného,18113
vozidel,7256
konektorům,18114
spirála,18115
pouličního,13171
úpravě,7952
chatky,18116
silikonová,9538
psech,9409
vyslovuje,18117
konkurenceschopnost,12462
jídelního,10816
nepřízeň,18118
vesmírného,2087
opraveny,8462
ovládaných,12089
přestat,8887
pachatelé,18119
hnízdí,18120
ušité,18121
svou,4415
koženka,18122
lehkost,18123
zvykl,5241
odezvu,5482
stehenní,18124
konstrukčního,15366
postupnou,1268
čarodějka,18125
přizpůsobili,9536
slovenského,6995
rodinách,4288
zdola,18126
stavovské,18127
delty,14860
zaručuje,13992
šifra,18128
donutí,7128
vypínat,2052
kolony,14706
líbily,5239
konkurenceschopné,18129
zlatou,2300
projektovou,143
planetě,3935
řemeslníci,11868
spolumajitel,18130
ztížení,18131
řadový,5619
oka,2160
rozvíjet,11288
sporů,5745
dokladech,5099
únosnosti,18132
odpadního,18133
potravou,18134
decentně,18135
nervózně,18136
nevýhodné,1552
nepohodlí,18137
porotci,18138
tituliek,18139
plnicí,18140
komorami,6339
křeč,9012
ilegálně,18141
dotkla,11681
umývání,18142
rozpoznává,18143
tarifu,18144
malebná,18145
ozdobnými,14172
notebookům,8444
drahého,1305
transplantaci,8069
akademickou,347
spokojí,18146
rovnoměrně,15449
léčivech,18147
grafu,2656
vyměňují,14142
krytem,6138
podanou,1397
přístrojem,11506
nevidomých,18148
zavírání,18149
známosti,18150
lumen,14825
hrdá,13457
střev,17179
literaturou,4323
soupravě,17290
ostatků,18151
změní,3635
pevnost,12677
dirigenta,3572
always,18152
pohanství,18153
investic,9772
lig,2654
násobky,15345
šampón,18154
dráhách,4545
signálů,8622
řkm,18155
zabudovaná,18156
parcele,9845
částečnou,1949
služebním,11859
eskortní,18157
nepoužíváte,1966
vodovodní,17185
hypotéku,6898
kanalizaci,11873
urbanismu,18158
pravosměrný,18159
ryzosti,18160
obchvatu,13569
výfuků,18161
pozemního,15555
zavedená,1503
apoštolské,9626
těle,14165
zasáhli,7029
improvizace,18162
jehličnatých,14596
tester,18163
pozdějšímu,2814
sankcemi,18164
konopí,18165
zadržuje,18166
falšování,18167
los,18168
vyřazovací,18169
vídeňské,6223
úsměvu,2613
republik,296
loupeže,18170
rozdílný,11610
zastupitelství,18171
humanismus,18172
solutions,18173
ojedinělou,3369
vyžití,18174
dospět,6364
hospodárnost,18175
tisícům,3578
sumy,18176
kreslených,5723
ničemu,8937
znalosti,13436
zaměřovala,9551
pojišťovnou,18177
romantiky,17589
apartmá,18178
anestezii,18179
klikou,18180
monohydrát,18181
based,18182
pastviny,17943
nemusejí,3779
prostorných,6681
vypne,2052
mnohostranné,18183
international,18184
věnujte,10883
problémů,5913
kočku,3800
historickému,1315
střeva,17179
nainstalovány,6701
spiknutí,18185
posuzované,18186
fyziologických,11867
továren,11888
nůž,18187
kareta,18188
palbou,18189
otočit,17013
srst,18190
postýlek,14249
nahrál,1319
přenesou,3589
kořením,18191
čtvercového,11252
silněji,18192
osvěta,18193
nerovnováha,18194
peněžních,18195
arte,18196
výchovných,8510
ovladačem,11920
lázeň,7987
motýly,6625
dokovací,18197
pískovišti,16489
překážkám,13781
meteoritu,13509
pocítí,8527
skutečnostech,3250
královny,15211
nerespektování,18198
kapitol,601
jiţ,18199
opatřeními,12987
kádru,12496
reorganizaci,13791
bránit,5875
chybami,17448
veze,8241
opevnění,18200
tílko,18201
vyslechli,9993
nemovitost,10996
kapsami,11781
normám,11109
používajících,18202
hloupost,18203
znatelně,18204
určitá,7331
košíků,18205
výjimečnosti,18206
odsoudit,11917
lahve,17173
intenzitou,8666
deky,13153
natrvalo,18207
oboustranná,9544
čtvercové,11252
nationale,18208
better,18209
clip,18210
tělese,10963
vyřešilo,9574
trvale,18211
interier,18212
odborníkům,14358
rohlíky,4753
poskytujících,18213
zničené,7233
farmakologie,18214
leč,18215
originálu,13347
sedan,18216
přestřelce,13078
legionářů,5797
jakýmkoliv,7066
our,18217
modlí,12592
zobrazovacích,18218
manažerem,4385
prorok,18219
kapsa,11781
úlohou,11530
developerských,14084
jmenovaného,798
vybíráte,18220
exempláře,9274
uzdravení,18221
hotelovým,6726
všímat,8320
používaného,2855
zastávkách,5890
autovraků,18222
hráči,7277
sprchovým,10550
váze,7981
pyšná,12543
ponoru,18223
delegace,18224
atraktivitu,18225
asistencí,15218
regály,17756
znalostmi,13436
odhlásit,18226
neverbální,18227
kuchařce,5521
přeložených,10268
eobchod,18228
navrženým,5947
pojišťovna,18177
krupobití,11595
nukleových,18229
ručních,16023
hudbou,4255
tendencí,16098
odbojové,18230
podmět,18231
schengenského,18232
jednotlivcům,8731
kosmetická,8316
objektech,10471
splácí,14934
těla,14165
racionálního,18233
mašle,18234
zjistily,3611
svědek,11414
prvotřídních,18235
zasílám,18236
pohlednic,8768
takovému,1866
bezvědomí,18237
proužků,18238
lázeňství,18239
frézovaná,18240
práškové,18241
tajemníka,5948
group,18242
kdybyste,6823
židé,18243
zvěrstva,18244
jim,2442
obtěžovali,18245
klubů,2974
plamenů,3870
inovativním,18246
obtíží,7167
kupují,5520
signálu,8622
potenciálu,12295
střešní,2635
tmavou,2586
stavů,5503
hazardní,12891
venkovských,13170
čelovka,17377
stehna,9064
knihovnu,3338
špiček,5359
dimenze,18247
pakt,14182
patologické,18248
spár,18249
vyrůst,7404
nesouhlasím,3312
oknům,912
komplexu,16324
hřejivá,14720
raketové,7348
konkurent,16543
časopisech,328
nacionalisté,18250
náklaďáku,18251
pokračujte,1929
struktuře,13864
puse,16881
vyplní,6833
socket,18252
tety,12044
měnových,5440
vývojovou,3496
zapíná,18253
zásobou,6094
zavolejte,9206
spotřebitelského,2840
písař,18254
košíček,18255
pěstována,9270
neoprávněné,6215
plastika,18256
hýbou,2143
subjekt,12945
sbírkách,4987
sofistikované,18257
spojilo,10680
neobyčejně,3460
plynulá,13442
stavovského,18127
způsobilosti,18258
vyznačených,15755
cukru,14948
klimatizací,9830
zabírají,18259
promítací,18260
pozornost,15222
parlamentního,644
kozí,18261
browsing,18262
hotovostní,18263
stíhat,14081
stvořit,7911
vězni,8361
automatem,13057
anonymního,4332
lila,18264
stožáry,14475
asistoval,18265
rozumně,18266
pozemkové,10355
doloženy,4496
získávat,12901
mìsto,18267
hotovostí,15297
oddanosti,18268
housky,18269
jehlice,18270
neon,18271
všestranně,18272
záležitostech,8928
pojištěnce,17876
slabého,770
misijní,18273
novodobých,10874
střelného,18274
uctily,18275
strukturálních,13047
ustanovit,18276
kabelek,18277
eventuelně,18278
spořící,18279
hustým,4665
tatínka,1901
vnitřní,12264
natažené,14917
telefonáty,8148
dramata,14788
ztrácím,5774
vyslovení,18280
půdorysem,8064
postupovala,10669
videoklipů,966
splní,2730
anesteziologie,18281
pasivně,18282
zabránilo,5858
nádory,18283
zemní,5805
vokál,18284
botanickou,1696
polstrováním,18285
zrádce,18286
slaniny,6752
popisku,18287
sesazení,18288
estetického,12652
skládačky,8277
hýždě,18289
zvrátit,18290
pekelně,18291
sonda,14383
gumových,4827
dřeně,18292
vaječníky,11945
lidského,6602
vyšlechtěna,18293
významový,18294
mezinárodních,8547
prof,18295
výprask,18296
malou,2564
kněžského,16296
římského,3277
nebát,18297
dražbách,16152
want,18298
finálových,1403
menších,2564
nezávadného,16773
vyvinul,9934
hazardu,18299
nepřirozeně,11405
hektaru,9016
hrdinu,2340
diky,18300
stejnou,3346
pojetí,18301
nákaze,18302
hydraulických,5188
objetí,18303
strojkem,18304
pon,18305
svrškem,18306
předražené,18307
laloku,18308
tóny,9670
dvouhru,18309
houba,10892
penisu,18310
chudá,5046
inkubátoru,18311
klíčů,10282
plošinovka,18312
organisace,18313
věnovány,10883
započtení,18314
spotřebiči,18315
parkováním,7420
rozkládacím,18316
hranolky,18317
redukovat,18318
objektu,10471
pozpátku,18319
emisních,4025
choval,8412
produktového,2315
zapněte,5907
děcka,18320
skandály,3321
víc,11668
vytvářel,9182
vodách,4119
vyřešili,9574
postů,14414
jednotek,5080
ručí,3021
postupoval,10669
bermudy,18321
internátu,18322
diktát,18323
symetrická,6361
rozvíjejících,18324
závažného,6221
legíny,18325
podnikům,7807
agentur,4354
nalezena,1598
značkové,15736
prémii,5116
hrou,2923
emigrací,18326
option,18327
kupa,18328
migrační,18329
zachována,8632
plazy,13254
podivných,6788
balením,6257
zastavena,18330
zdravý,14393
názvů,1922
hernu,4087
populárníblížící,18331
načtení,18332
strašidla,15522
miluji,4478
kupolí,18333
nemovitostem,10996
šifry,18128
jednoznačnou,1495
pomstít,18334
nastavená,14972
spousty,8546
impériu,4039
statek,18335
nezbytných,12424
levandule,18336
pomůžeme,17897
detektor,18337
trenérka,18338
ultrazvukem,12908
technik,13867
apoštolů,18339
krypty,15368
inspekcí,18340
drážní,18341
senátu,5653
zajíce,9487
kterékoli,7197
latinského,9456
als,18342
varphi,18343
benediktinského,5279
ražení,18344
politikou,4785
jazyků,6876
starobního,13563
filologie,6787
řidičem,14135
náležitě,18345
elektron,18346
zdobeného,10171
statečný,17078
těžil,14877
převodem,12568
vědom,13014
neméně,6702
headset,18347
jezírka,15198
zbrojí,13161
lomítko,18348
použitelného,2632
cizinci,10619
hloupá,12319
autorkou,3223
imigrační,18349
obrazy,12978
tchána,3855
beránek,18350
korporátních,13948
vakcína,9634
kolektivních,4249
tuhých,6242
charakteristik,1593
chladnička,18351
nemocným,3365
cvičím,13111
sdělení,18352
vyvíjejí,13545
utkáních,9511
flóra,18353
krystalická,16920
vzrušení,18354
budoucímu,2636
uzamčení,18355
prašníky,18356
svého,4415
hvězdnou,3051
čepele,18357
suší,14858
plazma,14455
pískové,18358
propůjčil,18359
telekomunikačních,6318
mexická,13233
šlehačku,18360
sexem,18361
pastor,18362
okraje,2002
exteriéru,18363
prapory,2659
klepnutí,18364
antiperspirant,18365
obvodního,10559
dřevinami,16804
kávovarům,17308
záchranou,5287
podvody,8823
drogám,10242
nějakém,5257
zrcátkem,18366
daňovému,3097
přidružené,18367
kolemjdoucí,18368
slučuje,18369
mladistvých,18370
ostré,4520
obrovskou,4869
spokojenej,13039
gastro,18371
chytrý,14981
protection,18372
kupec,18373
tenkých,1824
březích,3094
lokálního,8596
slušných,9417
bezpečnostní,10646
zprostředkování,18374
kondomy,17487
ověřených,4003
miláčkem,15055
zabezpečením,6895
designovým,14633
střeží,18375
zdraví,14393
imigrace,18376
noclehů,9699
catf,18377
tea,18378
nátlaku,13645
vystřídaly,6682
samovolně,18379
vzájemném,8710
přidělování,18380
loutky,17553
poprosil,11293
corporate,18381
nejprestižnějších,5919
národy,13537
velkému,3442
žijí,2529
přestěhuje,4468
eso,18382
uděláš,3166
přeskočit,18383
dynamickým,15081
hořela,3289
subjektivních,15800
publikem,18384
oxidy,18385
jádry,15816
neuvěřitelnou,2369
cukrárně,12035
kontrolor,18386
zajišťujících,18387
teroristického,5063
zaručit,18388
uživatelích,18389
poskytovatelů,12628
lodní,18390
vděčnosti,14395
kouře,4584
nepoškozené,15008
vodovodního,17185
nastavených,14972
protoţe,18391
kondomu,17487
korelace,18392
císaři,3803
mužstvo,18393
nesmírnou,12111
zadali,18394
úkonech,18395
pokutu,16469
řekněte,2259
ochránit,18396
plastická,7665
křestního,18397
fena,18398
tématikou,18399
laděná,18400
liturgii,18401
hair,18402
stahováním,15333
vyslal,11607
hrnky,9362
milostí,7720
přivolání,10088
stravitelné,18403
převézt,12659
ústavě,3685
girls,18404
hospice,18405
nasazovány,18406
účelová,17549
prodyšné,11801
message,18407
starostu,4316
starost,15785
traktor,18408
reklamním,6431
hrozne,10347
ekonomickému,3383
vysočiny,7432
učí,9419
pohanských,18409
výpisem,2380
prudkých,3022
muzika,18410
autorizovanou,18411
bicích,3295
leváky,18412
opoziční,18413
formátu,16144
zdravotnímu,8908
ekologie,18414
blízka,18415
sdružených,18416
zpětný,3824
nejběžnějších,2463
dynamických,15081
pouhou,607
zajatci,18417
tanečníky,13114
zábavu,3744
družičku,18418
doobjednat,18419
panovníci,18420
přispívat,4630
úseků,5552
standardizaci,18421
konverzační,18422
tekutin,18423
brzdný,12138
nastaví,12899
stoupající,18424
zkomplikovala,10115
náměstka,3024
koridory,18425
excurrendo,18426
bitvě,2701
hlídá,8301
výživových,18427
karate,18428
jejíhož,8317
ovlivněny,10771
soupeři,12388
zneužívání,18429
prosazuje,7143
slupce,12182
novému,883
registroval,18430
krytka,18431
podtlak,18432
vzdálenou,13866
pomocnou,1112
nárazům,18433
špagety,18434
chlapi,14604
tlumočník,18435
útvarem,8729
dřevního,18436
ošetřování,18437
kroutící,18438
rakví,12355
krást,14215
žily,2529
institucionálních,9858
minibar,13160
doly,3973
uživatele,9267
zaměřených,5967
zvoleného,775
diskuzí,4945
diskusí,1967
složení,18439
uličce,10959
jemnější,11164
ústním,7120
naušnice,18440
vysokokapacitní,18441
křesťany,14122
zaměřeného,5967
vášně,18442
banánů,8787
zvýšenou,4180
nájemce,10606
docílit,13780
doplňovaly,4013
loupež,18170
hořlavé,18443
údolím,15698
naneste,10191
renovaci,3177
lehko,18444
pravo,18445
vyhrožuje,18446
instalatérské,18447
prefix,18448
zabudovaný,18449
hospodařící,18450
zvětšování,18451
krajin,2262
sága,9768
sled,13724
peněžním,18195
objezd,18452
postižená,8544
kobližka,18453
alergií,14380
dieselových,18454
štítku,18455
řešit,7119
citelně,18456
plodnice,18457
pyramida,18458
kosmonauty,1158
pobočkami,800
obratu,5819
pouštím,9759
složkami,11220
zábavy,3744
trápiť,18459
nadchla,18460
zacházením,18461
zasahovaly,14403
emočně,18462
care,11810
propagátorem,14487
rozsáhlému,1705
stanic,12717
pomůžu,3603
smetany,3849
pokrytím,6251
remíze,8507
lehkém,1876
kvalitního,2413
blokem,7534
dceřiné,12128
unikátnímu,10633
csfd,18463
dalekohledu,8689
metabolismus,18464
vymýšlel,12206
majetkového,14704
čípku,18465
venkovský,13170
listin,17372
hadi,9071
bedlivě,18466
pobočce,800
vzrostlé,18467
tlustá,8975
metodickou,299
koření,18191
únikem,18468
etikety,13151
formuláři,3729
určoval,9628
bankovního,11614
prostém,11107
autorským,7174
subjektivní,15800
sklopný,18469
neznalost,18470
zazpívali,12937
dusit,18471
svitek,18472
nahraných,5659
kluzák,18473
echo,18474
próz,18475
podezřele,18476
posílili,8825
zeměpisná,4135
autodoplňky,18477
klipy,6634
všemožné,18478
okrasných,18479
odpovídají,10034
baterka,13655
koník,18480
výslovně,18481
odreagování,18482
ojetých,18483
námořníků,9483
opěrných,18484
vloupání,18485
užitek,18486
měnového,5440
věrná,8582
rolka,18487
transakce,18488
kuřák,12683
opylovány,18489
zákazy,10094
špetka,18490
menšinou,15302
vířivky,18491
modelem,5645
příhraniční,18492
fobie,18493
autobaterie,18494
chlapecká,4792
stráži,18495
taxon,18496
archy,18497
cokoli,9169
přiláká,7571
poháry,7053
předešlo,6914
bramborovou,3183
nevládní,1767
umožňující,13811
vodopádem,9525
snowboardové,18498
databází,11563
prohlížené,5169
radiátoru,18499
kauci,18500
ikonku,18501
luxusního,10936
crazy,18502
chloroform,18503
klony,18504
výrazněji,10663
středisek,4267
ajka,18505
doručena,4757
poukázku,18506
střílečky,18507
uranu,13616
momentů,6010
platformu,6066
užitím,7814
státě,1466
přenesena,3589
jak,18508
zřeteli,14266
mýho,1665
dílce,18509
kurzor,18510
ušetřili,12354
sladkého,6812
žánrové,18511
nastavuje,18512
fazole,18513
tůně,18514
minerálních,18515
bezpečí,18516
rozkoše,18517
veličiny,9677
pochutiny,18518
spolkem,11684
luxus,18519
bund,8248
služebně,18520
úspornější,9226
reflexi,3668
kabelka,18277
tatáž,3212
řadič,18521
optických,4682
hledat,8986
triko,18522
utvořila,18523
wattů,18524
ošetřené,18525
židovské,6146
marže,18526
rytmus,18527
izolován,18528
přepážka,18529
vyplněné,11634
sex,18530
pet,18531
přiveďte,5082
uherským,9145
kauce,18500
vina,11715
kuchyňskou,4181
specializuje,18532
tíživé,18533
vpádu,18534
svetru,11981
divočiny,6261
plnící,18535
intimních,18536
opravu,3155
strategii,3714
sledovaly,2392
rozpoložení,18537
meditační,18538
chutně,18539
sedadel,11682
angažovanost,18540
krematoria,18541
atraktivního,7141
poraženo,11202
staršímu,18542
vývojářům,18543
tutéž,3212
hutnictví,18544
rozdělují,9387
poctivě,18545
regulovat,18546
posuvné,18547
ohrožena,10660
nepodléhá,13826
obličeji,8801
wifi,18548
úroky,15174
otevíráním,10817
pleti,18549
kvalifikovaným,16220
osuška,13020
paliv,8217
tolerantní,18550
seznamem,4475
poseté,18551
udělí,2202
mýtu,3990
rovná,7139
hospodárnosti,18552
toaletě,7584
vydělané,18553
můţe,18554
kriminálního,17266
pořádek,14432
výukou,6831
citoval,528
slaných,8115
čest,18555
škrabky,17702
ponorek,7906
spojil,10680
krajinných,13260
cokoliv,4199
stromky,10137
crossbody,18556
lokty,18557
storno,18558
studiem,5268
někom,9880
farmářských,1711
čitelná,8134
oáza,18559
obě,7743
čipů,15398
sólovou,1566
příspěvkovou,4098
dívčími,16714
obdélný,18560
bezdrátového,4551
pravidel,9383
studovat,14143
kope,18561
portfoliem,5294
poměr,14188
čistých,9458
útočil,3521
koučování,18562
obezřetně,18563
politikem,3062
zbarvená,7057
ponechána,18564
zastoupen,18565
naučných,18566
účesu,18567
saský,18568
dopouštějí,18569
doplňovat,4013
motocyklu,11885
oděvů,8078
jihomoravské,18570
ochotna,15237
vylučování,3703
konvoj,18571
proslavily,11702
jazykových,4585
nervových,4424
ponížení,18572
nejrůznějšího,4763
plicích,11054
nosností,15013
přejdou,1880
krajiny,2262
návěštími,18573
zavázala,18574
vyprávějí,9084
ježka,7077
plátnem,7989
zastupování,18575
skryto,18576
okruhem,3638
nebudeš,478
uchytit,18577
nadávat,14213
odlišným,16022
správném,6472
prestiž,8418
semifinále,18578
postoupila,16922
těžších,1507
typové,18579
pozůstatkem,12792
zbrojního,12342
nějaké,5257
prudkém,3022
porazilo,11202
ministerstvu,6124
plátně,7989
význačné,18580
paty,9695
londýnského,7734
koš,15706
future,18581
překvapivou,2288
velkovévodství,18582
drasticky,18583
příbuzný,13846
rovna,7139
ukradené,11957
pohodovou,675
evangelií,18584
white,18585
zkomplikuje,10115
analýzu,1935
poskytovateli,12628
cykloturistiku,2896
potravě,18134
stráž,18495
kaviár,18586
naučila,12594
jednoduchostí,15993
celokrajné,18587
pořádnou,4392
ručičky,18588
ústředny,4696
byzantských,11316
propůjčuje,18589
spojem,18590
svírají,8149
zpravodajskou,1608
nerozuměl,8574
důstojné,13486
hormon,15610
předehřáté,18591
slezského,9894
veselých,2210
hrudníku,15481
videokamera,18592
desktop,18593
biskupem,4617
rakouským,10126
poplatku,1911
ložní,18594
palubního,13152
éteru,18595
podrobit,18596
náležely,3740
podporovaly,5321
jednacího,9935
korály,18597
protiletadlových,3179
úplnou,1310
kamaráda,1401
pejsky,15677
vynaložit,18598
plínky,18599
bývalého,2217
pralinky,18600
líh,18601
náročného,1238
francouzském,10383
zdoben,10056
cem,18602
zachycení,18603
umožňovala,2704
shodná,9738
krajka,18604
naléhavě,18605
bin,18606
odpoved,18607
kapucí,18608
pohlavím,17366
archeologů,4837
úsporného,9226
domácnost,13523
definujeme,8170
prodaly,4723
přednesu,18609
opat,18610
mléčných,12928
úlevu,4868
technologických,5041
rytířské,6155
mame,18611
dozorce,18612
hlavice,13139
pěstováním,15888
upevnil,14991
lopatky,16073
mlčky,18613
bratrská,8915
lékárník,14261
designové,14633
bravurně,18614
analytickou,2913
opatřením,12987
výchovné,8510
socialisté,18615
obousměrný,18616
nìkolik,18617
koberců,10649
konvicí,13187
alianci,6026
tapet,8785
algebra,18618
silnějšího,1131
fyzického,4343
jističe,18619
podnikají,9640
potravy,18134
jevišti,10903
přeživší,18620
obchodu,3846
metodiku,18621
slalomu,8232
viditelnou,2992
kvalitně,18622
letišť,4765
vysoce,18623
problémová,14912
skříňkou,16425
odstrašující,18624
vody,4119
alternativu,6979
product,18625
držení,18626
nedaleko,18627
kolář,18628
některého,1431
obnoví,13681
větších,3442
uniformu,6464
pivu,9788
průchodnost,18629
rovnou,7139
mladým,5800
attached,18630
pupíku,18631
pšeničné,18632
zvědavosti,14333
skladatelem,4906
límce,7671
prvorepublikový,18633
nepozornosti,18634
muslimské,13630
odporné,8734
nemocech,9021
hlavička,13689
vlasové,12448
útočné,18635
upravených,2581
perfektně,18636
nositelů,4355
poznává,7554
blondýnky,18637
neurony,18638
zdravotníků,11362
podněcování,13468
sdružovat,9952
pochybuji,6171
vysílací,15968
mrakodrapu,6685
sedělo,4103
půjčce,11033
ochlupení,18639
klinických,1781
tabákových,18640
reliéfní,18641
šupiny,18642
geographic,18643
dospělého,7006
psč,18644
lékové,18645
senzaci,12768
žádného,2537
hřejivé,14720
pudy,18646
webů,18647
užívající,2939
kapelník,18648
vylepšil,11524
analyzoval,16343
soudobé,18649
skautů,18650
vadila,2375
řemínek,18651
vzkaz,18652
školek,1776
změnil,3635
zkrátí,8506
rozvinula,13703
populace,18653
gold,18654
tankových,551
bytem,7910
peří,18655
pobaví,4666
stáži,6728
motorové,7268
prodejci,14366
podhledu,18656
postrádají,17588
širokému,3781
trefili,14970
zastánci,15938
plodí,18657
vyřešíme,9574
životopisů,5051
farmaceutických,4579
zájmů,10124
továrník,18658
hlídat,8301
konzervatoři,6488
doletem,18659
nazývá,12286
formulované,18660
jízd,7076
hoppova,18661
směřuje,16871
šířit,11303
uhlovodíky,18662
vzniklých,6140
insolvenci,18663
strukturách,13864
snadného,5995
metadat,18664
branže,18665
ohnisko,14644
naprosto,18666
kterej,18667
chovali,8412
starají,11022
televizích,6858
kožíškem,18668
zachovaný,8632
diváků,12120
příslušnství,18669
prodejny,5370
chránit,12647
duby,71
třtiny,18670
pahorku,18671
zátka,12106
strhl,12654
reklamního,6431
relaxace,17292
odkázáni,16030
chmel,18672
poptávaný,18673
rybnících,16413
rozvoji,5429
laku,18674
cloudu,18675
sympatická,13975
míčky,17315
oplocení,18676
dresů,18677
klady,4605
pružné,6957
výpůjčky,16849
vakcín,18678
stíhání,18679
odvedl,11003
důchodovém,6972
smečka,18680
nevyhovují,18681
vykreslení,18682
tmu,1680
újmy,18683
ide,18684
prefektuře,18685
rozkolu,18686
diplomatického,12565
stavbám,7830
dolet,18659
šetří,11336
desinfekční,18687
chlazené,18688
balanční,18689
zraněními,17909
mocní,13364
zadanou,18690
frekvenčním,8566
probouzet,7351
znějící,18691
normou,11109
sůl,18692
postranním,16235
traťové,18693
vyvolávající,18694
lemují,18695
lyrické,18696
podstránky,18697
výstroje,18698
autodílů,18699
přidejte,1075
excelence,18700
sportovcům,5089
antikvariát,18701
omáčce,5852
dívky,12173
škodlivý,15353
dalekohledů,8689
zemskému,2199
neboli,18702
řešíte,7119
naftových,18703
onkologických,7971
podporovaného,6420
vypadávání,18704
porotce,18138
proste,4124
vnáší,18705
žánrů,13634
převrácení,18706
pronásledováni,11118
nejtvrdší,8333
laguny,18707
básní,3995
tlustého,8975
přeměněn,18708
unit,18709
zlem,18710
sestřelit,5438
stranou,215
konektorem,18711
prodají,4723
provinciích,8833
ovesné,18712
upálili,18713
naplňují,9070
šikovná,18008
očím,2160
vášnivý,15298
solidně,18714
namluvil,18715
atomu,18716
lodžií,14092
obrazových,8237
unikat,9058
priateľov,18717
pahorkatina,17184
ostřelování,18718
vyučoval,11870
pohovka,18719
obuvník,18720
peniaze,18721
detekovat,18722
vylepšením,18723
keltských,16859
zastavěného,7590
rezervou,14913
víčkem,14378
břemene,10195
gratuluji,2795
pronásledují,11118
množství,13638
zoznam,18724
postavte,13692
kohokoli,12396
nejstaršíchdle,18725
základech,3566
lícové,18726
investora,4089
společníků,7714
vyobrazení,18727
běžícím,14677
chovy,18728
kubánské,12630
obchodních,8920
vybraného,792
svařování,18729
hlasy,15899
vyloučí,11401
pekel,10494
autorce,3223
postoje,12268
učenec,18730
nitru,18053
kanadského,2658
dopraven,12682
prokurátora,6526
stěrač,17705
maily,18731
wiki,18732
polského,6130
snoubí,18733
měšťanské,18734
poslouchala,6305
bestie,18735
ukrytá,15556
procesorů,16334
rozvedená,15262
tělesného,3048
absolutních,18736
vlek,18737
tryska,18738
jakéhokoliv,7066
napište,620
vzkazy,18652
bezcenné,18739
původcem,12263
setkávám,4407
mužským,8618
lidství,18740
řidiči,14135
špionáž,12299
revíry,5710
pohodlnost,18741
kluků,10586
arbitráž,18742
samotěwellness,18743
ničím,8937
hornaté,18744
kameník,18745
silnému,1131
prostírání,18746
zastávky,5890
dovedností,17176
imunní,18747
reliéfu,18748
chodící,18749
sázení,18750
kelímku,18751
olympijskou,1693
dluh,13974
firmě,7124
drátem,10925
kaple,18752
zvítězily,4380
lyže,7620
pekárna,18753
zdarmaa,18754
driver,18755
libreto,9905
sebrat,9992
řezání,18756
čtecí,18757
přisedlé,18758
trpasličí,18759
vložený,16288
kurzoru,18510
hnízdiště,18760
chovat,8412
distanční,18761
žrát,17140
odstrčil,18762
ios,18763
japonštině,18764
manipulaci,10543
schopnostech,12900
chaloupka,18765
lovu,13369
ticha,14437
nakládá,17601
dusíku,17525
přeboru,18766
infoboxy,18767
příšery,18768
svitky,18472
probl,18769
kluky,10586
přítoky,9790
nepříjemných,566
designová,14633
určování,18770
pracovně,4852
horníky,14027
tónů,9670
srovnatelnou,864
kardiovaskulárního,18771
relační,18772
tvrzením,18773
znemožní,18774
softwarovou,3649
zdvojené,18775
pages,18776
shromážděné,18777
bei,18778
vystřelit,16887
námitka,18779
bídě,5162
veterináři,5346
podkoží,18780
aplikacemi,9063
zabaven,14287
polikliniky,15726
ješte,18781
specifika,6524
kojeneckých,8293
viceprezidentem,4287
spalovacích,18782
zařazování,18783
řezný,18784
břehů,3094
přeshraničních,13669
rakvi,12355
nezbytné,12424
křižovatce,7479
tytéž,3212
jmenovitě,18785
půdy,5217
přibírá,18786
problematika,18787
domečku,8077
rabín,18788
obsaženo,13990
podstavci,18789
rozvrhu,3017
kokosová,9399
are,18790
pastvin,17943
účincích,10744
paragraf,18791
symbolizující,18792
odkazov,18793
kabina,16420
seniora,18794
šachy,14680
síťované,18795
odrážet,7377
básni,3995
vybaveno,9690
kulovitá,10439
rizikových,6188
tvrdém,8333
soustředěny,12626
inspektora,5042
tajemnice,18796
okresů,1040
výtěžku,8003
styl,18065
zda,18797
přirozenou,6414
zaujímali,18798
síťových,3350
harmonie,18799
pobřežní,18800
sudech,17940
našemu,1665
závislosti,18801
polském,6130
ševci,18802
středověká,7852
scanned,18803
nynějšího,4068
rozpočtovou,1499
spletl,18804
nejbohatších,3439
brýle,17499
oženit,5955
brat,18805
inscenaci,16036
záporně,18806
than,18807
onak,18808
milimetrech,9932
shodě,10490
křížovek,16921
korunách,1988
hříchy,10504
příčný,13066
ochrany,11828
semifinálové,18809
podvodníci,18810
network,18811
radioaktivní,13554
oprávněn,6215
zbytečná,13500
trestná,14046
letištích,4765
místním,9579
hedvábné,7703
reportáží,2569
primátů,18812
dluhu,13974
nastavovat,18813
pláty,13702
navštívíte,1577
zastávám,18814
ovladači,11920
filosofie,18815
ňom,18816
tenisu,13063
chybám,17448
nepřehledné,18817
logických,4542
odpověd,18818
vnuk,10843
přidávány,4311
bolesti,9201
infekci,10992
pozemkových,10355
tvarovat,18819
hráče,7277
někoho,9880
severozápadních,9878
podpůrná,5698
vyváženost,18820
kapitálových,11858
peklem,10494
položkami,10459
dopraví,12682
ovlivňována,18821
odboji,5343
machine,18822
trenérem,16131
příkazy,14807
vily,11845
řidičům,14135
oprávněných,6215
původního,6095
škálovatelných,18823
bielizeň,18824
obviní,10186
přední,5500
boty,10462
krajině,2262
kovová,4704
dvorcích,16338
preferencích,16749
rychlostních,13108
poskytoval,2988
tradic,7489
přiměřená,14267
mámy,7026
husitství,18825
teroristická,5063
využívané,4411
baru,9543
peřiny,18826
kupujícím,18827
přizpůsobena,9536
pul,18828
drátkách,18829
větš,18830
prasata,18831
provozováním,14898
žákyň,18832
router,18833
kamerou,10782
favoritů,3121
císařova,18834
heraldické,18835
zdi,7421
kbelíky,9639
dílem,283
vyvěrá,18836
nepřiměřené,14267
osídlili,18837
dosazení,18838
zastupují,12179
fandím,18839
republikánů,10071
rodiště,15848
proběhlýchvyber,18840
korespondenci,13180
overaly,18841
proměnná,18842
námořní,15287
postoupit,16922
mikroklima,18843
vlákny,15875
musíš,3779
racionální,18233
dovozci,15381
výtvarně,18844
seznámíte,7962
pozorně,18845
jidlo,18846
nemáš,1579
originály,13347
zašle,3249
tkaní,18847
agenti,14082
ponechány,8820
sestavě,5855
aktéry,18848
pěstovaných,18849
tranzitu,18850
bajonetem,17701
rekreaci,6667
čisticí,18851
hollywoodské,18852
netýkají,2946
milovat,4478
dynamického,15081
zvládat,8700
světlého,1553
krávy,18853
strany,215
dělit,9079
masivního,11244
směrovače,18854
cmšířka,18855
střetnou,18856
vlaková,18857
odloženého,131
důtky,18858
porotou,15484
polevou,18859
těleso,10963
dostatku,15824
odvážných,5035
patrony,12075
jevech,3281
vydělávat,18066
šampony,18860
odevzdá,18861
učedníky,13831
lituji,6422
okvětí,18862
strhla,12654
vyčistit,18863
žadatelem,11960
policí,18864
ekumenické,18865
sportů,8478
mistryně,13059
doručeno,4757
plynulé,13442
abstrakce,18866
jemným,11164
filosof,9293
logistického,9048
logem,18867
hospodářsky,18868
katastrálního,18869
jádrem,15816
přívěsem,10159
kněžištěm,18870
častému,2629
katedrálu,3358
portugalsky,18871
propojit,9546
drtivé,1799
filtračního,18872
vlašských,14809
manažerkou,18873
prezidentovi,1717
toxické,14361
talířky,18874
posílí,8825
rating,18875
působily,5174
ploty,11020
lithium,18876
duhovky,18877
převzaté,18878
usne,12381
napomoci,18879
obrábění,18880
stávajícímu,6971
stanicí,12717
brazilská,12059
přepravovaných,18881
neadekvátní,18882
průduchy,18883
chlapecké,4792
odpůrcem,18884
odolá,6954
nadporučíka,6376
hormonů,15610
autoradiím,18885
škrtící,18886
spáry,18887
nevěry,12254
chromatičnosti,18888
dobre,18889
zapisování,10420
motivech,18890
belgické,10331
nebytového,9889
vlastnictví,18891
nehledejte,18892
uzemnění,18893
jste,478
element,18894
nájezdech,18895
peněženka,13484
pokryty,7742
trolejbusu,18896
dekorativním,15273
výrobu,2293
náklaďák,18251
určována,18897
nabývat,11615
techno,18898
přirozeného,6414
míčem,16756
blízcí,1486
účinkům,10744
veľa,18899
hnědého,839
ocet,18900
žárlivost,18901
proměně,18902
asistenti,13474
učili,9419
nezávislou,4217
špenátu,2286
nedílnou,18903
žlabu,18904
vládnout,4501
displejem,16664
specializovaná,5505
mechanizmy,18905
sultán,18906
pleť,18549
notebook,8444
ucelenou,1985
řidička,18907
ohřevu,18908
investorů,4089
bratři,5313
spisové,18909
tranzistor,18910
lištu,11053
péct,18911
režíruje,9113
převážné,14837
vyžadována,18912
spisovný,18913
vyznačovala,7005
judikatura,18914
přiměje,3852
přijmeme,2507
psů,9409
osvojování,18915
kontextové,18916
sbalit,6844
deprivace,18917
podací,18918
žáby,18919
ţivotní,18920
srozumitelná,5598
vozového,14227
zvířata,9613
set,18921
zdědili,18922
členěna,9207
mlýny,18923
režimy,7131
navazujícím,4182
štafetě,9350
dovednostem,17176
národům,13537
mocná,13364
podlahou,3883
zvířatech,9613
škodě,13532
funkcionalita,18924
partií,11238
olomouckém,2574
sesadil,13199
play,18925
jasem,10165
nejasností,17102
červeného,896
ryba,14018
pražskou,1097
exekuce,18926
podmíněna,6063
benzin,18927
chloridu,18928
podílem,8133
dojíždějí,18929
humanistické,18930
rozhraní,18931
rozbít,18932
obecné,4437
offline,18933
vědce,3881
samolepkami,11811
zen,18934
frakce,18935
sekne,18936
vnějšku,18937
receptů,13204
prvorepublikové,18633
vojína,18938
soubor,18939
lůžkem,11242
zaměstnavatele,8488
budka,16423
ryby,14018
mohutnější,9851
církev,16633
nejeden,18940
lamelové,18941
složený,17251
vlajce,5640
zájemců,6792
ústní,7120
tónu,9670
polštář,14228
zkoumaného,11560
balíkem,3151
feed,18942
šlechtic,18943
smrtící,18944
panorama,18945
orná,16052
kulovité,10439
zaujaly,4821
popularitu,9391
regulovaném,12470
křesle,15319
kazety,10198
pečiva,13504
zvolte,1720
letité,18946
tranzitní,18850
štítnou,18947
překračující,15523
gesto,17422
pochována,14355
ramene,14148
způsobilý,18948
přitéká,18949
jakékoli,11498
britských,2566
nadchl,18460
chutnat,6004
pravdy,4178
věrného,8582
stříkací,18950
přístroje,11506
judista,18951
ohrožených,10660
řasa,12073
odolná,13561
moravských,2200
zapsali,8098
přípojka,18952
oblíbení,490
kráva,18853
klientského,9516
reserved,18953
uchazečem,11174
rumem,18954
hraju,3614
moří,3569
zakázaná,6043
vládnou,4501
nebezpečným,2043
kanón,18955
zmatení,5582
bříšku,6452
hřišti,10491
výbavy,11830
vrácené,18956
systémově,18957
kavárnou,3874
mocenského,18958
mrakodrapy,6685
rituálů,18959
zářivek,8028
vysokofrekvenční,18960
vyprostit,18961
cholery,18962
mjr,10667
spínacích,18963
centrům,5935
podnikatelem,9331
jízdou,7076
citlivá,14341
porotě,15484
nebes,18964
tenisté,3557
hubnout,16383
uživatelskou,1583
vespod,18965
koni,12377
krajinou,2262
kolébka,18966
podlehlo,5628
vonět,7172
desku,7666
koupelnových,18967
olověné,15885
krádeži,11639
pochybách,9014
tebe,6072
šifrování,18968
reliéfy,18969
řádění,18970
hraji,3614
kalibru,18971
chrupavek,18972
chráněn,13370
vyzývají,8201
hranici,10809
strojů,16500
nezapsaný,18973
sahat,707
shodné,9738
třásněmi,18974
výborech,4115
ukládání,18975
soukromníků,18976
mandolína,18977
chi,18978
vysokému,1828
přihlédnout,18979
výkonnostní,9650
zakotvena,13350
užitečnosti,18980
obnovit,13681
nalezne,7450
šatníku,12058
obrátit,14150
mus,18981
oblíbených,490
živlu,12024
debatu,6377
víly,18982
letovisku,18983
klouby,14131
šlehačky,18984
zápočtu,17155
myšlena,3888
zdí,7421
mírně,18985
radikální,18986
nevejdou,18987
plynoucí,12522
využívajících,18988
inkoustová,7855
vyrovnal,15231
sladkých,6812
děl,17969
opraváři,17280
křovinořezy,17550
naráží,18989
transparenty,18990
diplomacie,18991
chodbu,4843
prachem,10860
institucím,6352
fyzikálně,18992
mesto,18993
bankovek,13006
hooodně,18994
overal,18841
neutrality,18995
kategorii,12033
nahodou,18996
institutu,3354
odvykání,18997
výskytu,7163
horniny,15787
jemnými,11164
vrchu,2159
sociálnímu,11152
editování,7941
letou,1689
chatová,18998
slovenština,17817
přesnosti,18999
podstatně,19000
najde,7815
maďarsky,19001
smrtelné,3182
přejezdy,19002
kaţdý,19003
jidiš,19004
samosprávných,8797
páteře,16342
vyhlášeného,121
skutečnému,2843
lodi,17462
pravě,19005
solidarita,16650
výdajové,19006
světoznámého,12225
nomenklatury,19007
převozu,10572
ledničkou,4824
nemocných,3365
náruči,9109
zdravě,19008
odbornosti,14979
košíčky,19009
kolik,19010
agregát,5603
zklidní,19011
kaňonu,19012
slon,12909
pelíšku,19013
prosperující,19014
rostoucích,14688
techniků,13867
holuby,19015
závady,17834
dopravně,19016
filiální,19017
komunitně,19018
získával,12901
obracejí,19019
podvýboru,19020
rybář,17471
mista,19021
žilní,19022
léčivými,12318
horskou,2466
zásilku,12348
problémech,5913
maják,19023
šroubovací,19024
byliny,9051
pěnového,14554
zesílí,17351
nadšence,16702
ideje,15576
různého,4763
odbočuje,19025
aerodynamický,19026
bavlnou,6248
košili,12517
bojištích,13707
jednoduchého,2738
koněm,12377
přátelích,4372
béčko,19027
médií,1498
vyskytnou,4631
léze,19028
požární,14434
high,19029
biopaliv,19030
sídelních,6525
pásmu,6467
komunistickému,1915
vedený,12373
zralých,16182
popisky,5325
projevoval,5272
sólo,19031
proměnu,6519
podílu,8133
chybu,17448
společenství,19032
vášnivým,15298
sedák,19033
lesních,11277
mon,19034
tělocviku,19035
mapu,4105
transakcí,18488
voze,13673
dálkovou,1241
jevištní,19036
postaveným,7839
kočárku,6362
bočním,5748
pruhu,3801
bereš,1822
naučí,12594
nutkání,19037
utáhnout,19038
ergonomie,19039
zalíbil,19040
přihlášen,1011
zodpovědět,19041
mat,19042
zakládal,19043
vyniknout,10829
konzervanty,19044
asistenční,19045
univerzálním,19046
religionistiky,19047
krytky,19048
prohlubovat,14328
tablet,17512
upravenými,2581
akcelerátor,19049
regresní,19050
raketového,7348
přehradu,8084
činky,19051
nedejbože,19052
jistá,2518
velkovévody,3814
med,19053
krevety,19054
prostorového,6907
upínací,19055
kombinují,8998
asteroidů,7165
prefektura,19056
míře,6688
páteřní,19057
ukryt,6589
koncentrátu,19058
estonského,4533
stretávajú,19059
lesoparku,19060
fantastickou,1903
that,19061
bezpečného,2043
normě,11109
impulzy,19062
přízvuk,19063
potlačuje,19064
pasažéři,13924
zdrojového,8473
hlasem,15899
zpracovávány,2803
atmosférické,11368
ocelového,6639
mmol,19065
kuličkami,18018
přečti,4262
stolního,5776
ovládat,10508
převodník,19066
foukání,11526
československých,2337
přidaly,1075
autorském,7174
mamce,19067
traktu,19068
vrstvách,9514
patentované,19069
zachraňovat,15196
označena,8258
zabránili,5858
luxusním,10936
blokády,11905
podobal,19070
have,19071
extra,19072
díky,19073
obviněný,8123
vázán,13536
syrskou,8599
ilustroval,3020
nelegálním,19074
rubrik,674
lady,19075
desítku,6437
antického,4588
sterilizaci,19076
přenechal,19077
poměrům,19078
nadváhou,19079
soudnictví,19080
spotů,19081
kapacitní,16011
nepraktické,19082
malýho,19083
dramatu,14788
malému,2564
předloze,7573
nepříjemného,566
laboratoří,6479
zpívat,3719
ztvární,16346
víko,19084
průhlednost,19085
produktys,5917
vytknout,19086
umožňovat,6382
past,19087
osobou,8514
prarodičů,3103
otázek,2155
zasluhuje,19088
orchestrace,19089
copy,19090
přestavět,19091
mužov,19092
manželovi,19093
trade,19094
uctívali,19095
skládka,17284
statistickou,169
hovězího,12566
výhrách,7849
zrušeného,2806
zohledněn,15415
stylová,12160
organizmu,14479
eventuální,19096
kybernetiky,19097
pověstné,9157
pohladí,19098
vyřadil,13397
sionismu,19099
kabině,16420
buky,19100
potřebné,16202
vyvíjel,13545
umístěním,11701
zaměřovat,9551
módou,5609
napsaná,9620
krovu,6033
celky,6574
existencí,7189
věrohodnosti,19101
žaludkem,10928
administrativním,13069
teče,19102
vyřešení,19103
sekretářem,13053
dbejte,19104
vymanit,19105
neplatnosti,19106
oky,2160
hromadění,19107
chirurgického,2711
přirozenými,6414
komunikaci,6817
holení,19108
měř,9401
studu,14186
arach,19109
vykoupil,15406
kotlů,12014
naštvaný,8229
finančnictví,19110
řadící,19111
vodorovné,8813
kanadském,2658
kontaktovanie,19112
nejmenované,798
přírodních,8528
komukoli,12396
pamětihodnosti,19113
diváka,12120
zátah,19114
pomyslnou,3733
vzhledu,9669
řecky,19115
reference,19116
nainstaloval,6701
disciplíny,13971
použijete,3052
chladící,19117
inhibice,19118
proudy,16989
chyby,17448
regentem,19119
zdrav,19008
úvěrová,13930
oddílem,10694
mariánské,2449
vodky,10428
zdokonalovat,19120
praktika,19121
tvůj,15356
kompozice,19122
vydělával,18066
situované,13657
zahradu,5792
prověříme,10107
příčinu,7388
trpět,10773
optimálního,9904
přepínání,19123
náhodném,6393
finalisty,9973
brigád,816
vředů,19124
vynikajících,4136
diverzity,19125
ekonomicky,19126
podívají,3106
zastupitelky,4717
velikého,5144
ohrožená,10660
potravin,10025
pruty,16840
zužuje,19127
udržovaném,4739
jesenický,19128
nesoucí,19129
ejakulace,19130
doložil,4496
závislost,18801
vitro,19131
spotřebák,19132
zmocnili,19133
věnovalo,10883
rozměry,15866
zdolala,13016
jednoduchému,2738
vítězstvím,9120
nevšední,8292
presne,19134
prahy,5396
odděleně,19135
zespodu,19136
autorizované,11305
spjaté,3414
vyloučil,11401
splynutí,19137
reformní,19138
pozemním,19139
hustotě,10741
bránily,5875
utvořit,18523
praní,19140
rozebrat,19141
ringu,19142
náboženský,18015
pevném,2429
úlohami,11530
šlechtického,13482
wir,19143
podřebuje,19144
bílého,3556
pověřeného,8322
mrtvém,3434
ponižování,19145
pouštní,19146
styky,9311
překládat,3865
situací,3519
ulovit,19147
vsude,19148
ignorování,19149
milenci,19150
duše,19151
omezování,19152
krom,19153
komunikoval,4888
provokaci,17633
porostech,14151
opraví,8462
buly,19154
podezřelá,11623
historička,19155
verzím,1590
trapně,19156
stacionární,19157
dozadu,19158
českých,5690
stravě,9126
zachycují,10291
šťávy,17508
without,19159
koprodukci,19160
hymnou,3450
peněžence,13484
ring,19142
správcovských,19161
přilehlého,4565
apoštolové,19162
nerosty,19163
plastem,8262
kocoura,1564
manželům,19164
starostkou,10976
jakéhokoli,11498
slovníky,16619
telekomunikacích,7853
výdělečnou,14561
tok,15105
přijímač,4738
zobákem,12240
vyváží,15900
přemístěna,11255
zavedou,3738
klen,19165
pomůžou,17897
svorky,19166
jetel,19167
profesních,9440
žijící,19168
pohybech,8092
spokojeně,19169
dosaženého,3940
nezbytně,19170
linie,13597
kancléřky,1801
fandí,19171
mohutné,9851
navržena,5947
smrk,16226
utěrky,19172
projetí,19173
vyšetřovatele,11186
rýži,13381
spory,5745
potlačena,17394
představu,3401
vozech,13673
psychology,3105
obratů,5819
těhotné,6830
zapalovače,9903
upsal,19174
renesančním,17871
olympionik,19175
trůny,17520
prázdnotou,19176
hlasovací,19177
evidencí,19178
napodobování,19179
klipů,6634
fragment,19180
slavného,3766
shodném,9738
přenášejí,15363
robotická,8325
konzultantů,10114
lžička,19181
rozuměj,8574
učitelského,4777
účastníkovi,3403
hřišť,10491
vyhýbat,3764
jednatele,19182
fér,19183
vlečka,16545
drážka,19184
zříceninou,14323
fyzioterapeut,19185
tvořena,13467
petici,12615
extrakt,19186
improvizované,19187
diferenciálních,19188
dějiny,6486
píchnout,19189
starobylý,19190
kruhů,7084
knoflíky,13080
kytku,6391
dvojitá,8828
žiješ,2529
označení,19191
skútrů,19192
ženou,8383
deals,19193
chrámových,4958
přímka,19194
interpelace,19195
torzo,19196
bílky,6473
poranil,19197
usadila,15540
únosci,19198
budují,9805
uchazeče,11174
zastávat,8795
konsensus,19199
satelitu,6173
vystřídán,6682
projektory,19200
klavíru,6642
kooperaci,10495
reaktivní,19201
vodotěsné,4307
narazil,10872
asiatky,19202
basketbalu,3934
živnostníků,8010
nevědomky,19203
safírové,19204
vlastnostmi,19205
obale,2755
utkat,11861
úcta,16784
vyzbrojena,13097
kabinetu,4239
rakouské,10126
master,19206
vyšetřováním,11851
smutnou,1095
sicilské,19207
šíleně,19208
instituce,6352
radou,5667
lektora,19209
spravovala,10583
odrážejí,7377
vyhledávat,15854
indonéské,19210
pohoršení,19211
biotopů,19212
zákazů,10094
totální,19213
satyyy,19214
potenciálem,12295
šití,19215
klapkou,10314
celostní,19216
cloudovým,19217
kromě,19153
hledí,16870
přehrál,19218
pivem,9788
hrušky,15944
hledáním,13126
chráničů,19219
růžice,19220
konkurenčních,16918
odrůd,7463
anténní,19221
nabíječka,15209
stepí,19222
mozek,16939
učinily,6197
ostrovům,4381
cestovatele,16680
islámského,8091
jednokřídlé,19223
kanálech,4607
měnu,4788
pány,8050
vyklube,19224
vytvářejí,9182
hnacích,19225
stával,6080
vrstvení,19226
rozbije,18932
vymáhání,19227
uložením,14949
bělící,19228
sňatky,5224
padělky,15085
vesničky,10210
šikovní,18008
spalovacím,18782
podložené,16306
vicemistr,19229
věnování,10883
provozují,5431
propagují,12317
agenta,14082
dlouholetou,4141
panna,12691
prosazují,7143
manžeta,19230
operátora,10746
komunistickou,1915
reklam,11009
přítomných,4109
deti,19231
omluvy,13588
závěsu,10253
expozici,9424
vraždě,10179
zbytky,2985
architektem,7605
nevěnuje,10883
rozštěpení,19232
postmoderní,19233
odrůdou,19234
výšku,3119
schopným,9452
terénního,16341
boky,16314
potřebným,16202
stabilizaci,14712
zrychlit,8001
tramvajová,19235
útěkem,3197
stokrát,19236
pěstitele,15529
vitríny,19237
ledního,9964
šíleného,1350
transformací,15586
kotva,19238
založily,7344
postoupili,16922
práva,18004
komunitou,17249
označování,19239
směřujících,19240
sladkost,14407
nadávají,14213
střelkyně,10561
útočiště,19241
označeny,8258
vodního,10433
svačinku,19242
kopí,19243
pomocníci,4720
nápisem,19244
jistotu,8748
lehkostí,18123
problematických,7460
scénách,1110
navrhovatelem,12679
hlasitost,19245
strojírenské,12733
dvojicích,19246
zastaveny,5761
odlišném,16022
protáhlé,19247
škod,13532
zakazuje,19248
hlavolam,19249
unikátní,10633
povinnostech,10759
pojízdné,14684
trilogii,4261
soběstačnost,19250
primář,19251
libovolném,5974
modrých,2983
dohodnutou,2001
soustružení,19252
monde,19253
atributy,19254
přiděleny,3117
výrobcích,15193
čertem,4479
ředění,19255
telefonování,19256
nejvlivnější,8750
porostou,19257
borovice,19258
hřbetě,4538
gravitační,17874
pohřební,19259
poslouchal,6305
android,19260
distriktu,19261
vnitrostátní,19262
tělocvičny,4908
lemy,19263
užívej,19264
browser,19265
výkopu,9888
ujetých,19266
tabulkami,5426
kompatibilitu,19267
palubky,19268
výherních,13999
natočí,2335
opotřebení,19269
angličtinu,8934
pomůcku,4794
plážové,7659
pervitin,19270
určenými,3984
unijní,19271
maďarského,13064
způsobeny,5562
násilím,19272
rozmístěných,19273
labuť,15451
tunika,19274
doslova,19275
piloti,12117
dvouletou,409
postaveného,7839
zub,19276
hladkým,6809
schopné,9452
zadeček,19277
stimulují,19278
klíče,10282
lékařka,19279
týrání,19280
maminy,19281
rozpor,14428
soul,19282
botičky,19283
obstojí,15891
zabránil,5858
zmatky,13178
závazku,14805
dopustil,9515
skupině,8104
čistým,9458
žadatele,11960
stovkami,5885
vlastnosti,19205
zasahovat,14403
hlasovacích,19177
soška,19284
kodek,19285
hromadou,13033
palba,18189
diskutující,2970
metanu,19286
civilizační,19287
inspirována,7635
zaměstnankyně,19288
tužku,11621
chipsy,19289
dávkových,19290
příbuzným,13846
šíři,19291
vlhkost,19292
myším,19293
uložili,9529
revitalizaci,19294
rychlých,2973
hodný,17495
znam,19295
polena,19296
záhadných,17232
výpomoci,19297
horníků,14027
vrhu,6385
integrací,19298
otočných,19299
poznámku,684
zakládajícím,18028
hasičského,6409
řval,15773
nesprávného,6472
sněmovnu,7595
jakýkoliv,7066
porušení,12015
pánem,8050
dotčený,17616
kompatibility,19300
dělaly,2861
dopustila,9515
lahodné,14140
iniciativě,5478
závitky,19301
násilného,7863
flip,19302
přenášena,19303
obrací,19019
pohne,17757
oltářní,19304
ochota,19305
manévru,6973
pokryté,7742
zralý,16182
hroznou,1677
kuželky,19306
převezena,12659
udržovala,5944
řapíkaté,19307
lůžka,11242
sektorů,19308
prioritních,7587
bránění,19309
zabývající,19310
znakem,14035
oprávněni,6215
vzdálených,13866
třídami,298
egyptská,13119
baráže,19311
obdélníkového,6445
bitevní,8382
frustrace,19312
židovském,6146
suverénní,19313
obraty,5819
společenskému,3632
sekačky,19314
nevlastní,4997
věčně,19315
lišily,14541
elektromagnetické,19316
potrava,18134
nežádoucí,16285
činění,19317
závěsná,6427
kvartet,19318
smrkového,8192
diktátora,9002
pásmech,6467
duchovní,14939
dadma,19319
automobilového,5842
zastupitelských,19320
obezity,19321
potřebný,16202
ušila,14884
vlivné,8750
kuličková,19322
darů,15170
srdíčko,13002
zajistíme,9092
stylového,12160
halogenová,19323
slučování,19324
integrovat,16672
manželstvím,9986
hloubky,5045
přívěsku,15419
řezné,18784
císařů,3803
hazard,18299
resorty,19325
slovesné,19326
klíčového,909
postarají,6561
pište,1830
kostenloser,19327
generacích,5887
vycvičit,13111
pozvedne,19328
poznávat,7554
podpor,4963
ovladatelná,10110
rak,19329
přítomné,4109
vanilkovým,13701
koordinátorem,3720
zajišťována,17759
zásuvka,19330
blůzy,19331
lasery,19332
hřbetů,4538
krasne,19333
manga,11584
těsto,19334
obrněných,1512
medvěda,8845
vrstvou,9514
užitné,15536
výuku,6831
dealerem,17541
poctivá,19335
šípy,19336
aktéři,19337
darovat,16284
talentové,19338
sportovním,10859
vyráběna,3266
vévodou,17879
pružnější,6957
pečoval,16863
veskrze,19339
zařízeného,10502
trestných,14046
balvany,16856
rozjasňující,19340
velitele,3088
mocenské,18958
obory,15513
řecká,8791
živočišný,14147
poklidné,6657
ztvárnil,16346
editačním,19341
teologie,19342
odhlášení,18226
partnera,4992
pachatel,18119
hrtanu,19343
hroznech,10347
porost,14151
zohledňuje,19344
najdeme,7815
kontroverzního,12328
řešily,7119
odrazy,19345
rostoucím,14688
ratanu,19346
výčitek,19347
uznávaného,3899
lipidy,19348
romantických,7186
poznal,6521
vloženy,16288
kalifornské,12221
papírny,19349
právní,15950
desetin,9462
logického,4542
žehličky,7457
nebytové,7994
klenbou,10348
paranoidní,19350
tvé,15356
novelizován,19351
malinká,15182
periferií,12785
prokázány,5171
zaměřena,5967
nabíječku,15209
pristehovali,19352
palubovce,19353
lahev,17173
pohodlným,7484
kotli,12014
rostlinách,8861
kamenem,13680
odvozených,13491
kufru,16897
obývacím,12760
velkoryse,19354
šachového,3387
odsouzena,3905
linku,8658
zacházení,18461
lesku,15186
židlí,8139
výrobkem,11059
životopisný,19355
vydělávají,18066
vyjádřením,9915
tříděného,19356
vídeňského,6223
dorostenců,19357
kontejnery,13076
klasického,4367
germánské,19358
can,19359
zastaralá,14832
háček,19360
předělat,19361
osnovu,4844
přísahy,19362
kámošky,19363
překážet,13056
libereckého,5032
zaručující,19364
hlídky,13878
přívodní,19365
radikály,19366
rally,19367
charakterem,12752
písničce,2799
metrické,19368
léků,12779
pásem,6467
vysílána,19369
normy,11109
šířily,11303
žádaným,981
angažuje,19370
parfémů,14417
vyskytovala,3982
cestovatelů,16680
spojitosti,19371
hájit,16051
dány,6345
tofu,19372
partnerka,4992
vyhledávají,15854
curil,19373
snack,19374
thajská,19375
zjevné,15995
galerií,2927
prohlížečů,16822
dozlatova,19376
zbavovat,16739
rozmachu,12636
vykreslování,19377
olympiád,1067
směrem,9032
miniaturní,19378
výšin,13044
citronovou,2237
protékají,19379
čítající,19380
ošetřovatel,15341
infrastrukturou,4511
hloupé,12319
dekory,19381
plnohodnotnou,5624
skrytým,12477
nazvaném,7963
pleteniny,19382
infra,19383
little,19384
freska,19385
cash,19386
mezinárodně,19387
švédskou,12508
atmosférických,11368
uchová,12455
přesvědčením,11704
jeřábů,7205
nasazování,19388
vitrína,19237
hudbě,4255
pere,19389
pomsty,5606
výstrahu,19390
lenní,19391
spor,5745
blazena,19392
win,19393
plodin,17463
černobílou,2431
baráži,19394
zakročit,19395
sliby,15388
škůdcům,19396
výbavě,11830
zaregistrovaný,1456
čisté,9458
alkalické,19397
gramatika,19398
bývalému,2217
daroval,16284
jeans,19399
koncového,4647
myslivce,16945
úmyslu,3657
přihlížet,15889
asistenčních,19400
měšťan,16864
libanonské,19401
coli,19402
zvol,1720
najdeš,7815
zasvěcené,9474
nevhodná,390
uhlím,13479
vykázání,19403
rozděleni,6181
tkanina,13395
vraťte,762
prohlíželi,5169
instruktorů,19404
přepážky,18529
transfery,6426
předáme,19405
uslyšel,16751
podřízené,7265
heren,4087
syrovátkový,19406
šířen,11303
robotiky,19407
arabské,8031
holicí,19408
litiny,11389
vyhladit,19409
lidového,4070
námitky,18779
tabulku,5426
sportovkyně,19410
nosičů,8857
sklon,19411
studoval,14143
galaxii,19412
křižuje,19413
vykoná,2609
druzích,16175
výkonem,9208
tvarovaným,8289
dunamů,19414
šátku,6403
pohlavních,13327
byzantské,11316
zástavě,13994
vyvinout,9934
nepořádek,19415
peněžního,18195
můrou,17893
tabu,19416
kompaktního,15774
hlíny,9449
policisty,8023
ikony,13447
hnízdní,19417
brusle,6070
rájem,8065
temnot,10213
klášteře,14058
jemné,11164
latexové,19418
chutnají,8296
finalistky,4636
účinkem,10744
hudebníky,4860
asijské,11891
výdělku,4674
homosexualita,16032
napíšete,620
alternátor,19419
hornické,9769
pelíšky,19420
znemožňuje,16590
policistou,8023
navrženého,5947
klávesnic,15778
lámat,12648
praček,16843
podivným,6788
podél,19421
postojů,12268
vpadl,19422
stříbrných,2828
chránil,12647
mužům,5476
liberální,19423
vyvolené,19424
číslovky,19425
příkazů,14807
součástky,16860
řemínku,19426
sýra,8169
kyselá,9744
kruhových,3247
odpovídat,10034
obdobná,5333
cestující,12686
trojí,19427
přitažlivosti,19428
zařízen,19429
svalové,7806
nebudete,478
pojetím,18301
zdrojové,8473
hádka,13555
zářezy,13546
saty,19430
útesu,11302
hlubinné,19431
navýšen,19432
závoje,14312
tratí,14433
zkušená,13548
penzijním,14669
paprsky,8744
zatěžování,19433
správ,879
vcítit,19434
kopírky,11165
zaměstnavatelům,8488
krajkové,13796
umyvadlo,13316
zneužil,19435
přirozeném,6414
skládek,19436
tehdejšímu,6194
řazeno,9497
praktičnost,19437
cyklistů,5263
pušku,13440
renální,19438
určitému,7331
písemnou,3486
šlachy,7074
instagramu,19439
sčítat,19440
vozidlo,7256
dědou,19441
prodejce,14366
tanky,12846
specializovaných,5505
těžším,1507
podepsanou,7567
označované,4315
oblouku,6301
rohlíčky,19442
chtel,19443
nadaných,12330
singlové,19444
docent,19445
opěrku,19446
úhlem,19447
neúměrně,19448
uprchlíky,8655
polohovací,19449
studenta,5570
atlas,19450
spojité,19451
zbytečnosti,19452
poskytnou,2924
fanouškům,12773
formátování,19453
korzet,19454
tonerů,19455
krytým,4445
předložka,11989
odvozená,13491
turnajové,19456
zuřivě,19457
podmíněného,6063
špatnou,234
diferenciálu,19458
elektronu,18346
sumu,18176
různ,19459
nynějších,4068
genetické,16816
urychlí,9161
předepsané,7303
nastavením,19460
hliněných,16653
kartu,4168
porovnejte,19461
sjednání,19462
nadhled,15203
plní,10169
jest,478
vydělají,9495
imail,19463
kamiony,10825
vzájemná,8710
urazí,19464
vyobrazena,19465
transportem,8118
odkoupil,19466
azylového,15832
zápornou,2153
emocionální,19467
stránkám,1299
zničila,1930
průmyslově,19468
strun,19469
jazykovým,4585
katalyzátor,19470
velkýma,3442
pronajatém,10340
ukotvení,19471
vaky,19472
moučkový,19473
organických,4250
klacky,19474
multitasking,19475
sondou,19476
patentů,12585
úkony,15702
obřím,16551
odškodné,19477
fénem,19478
svižně,19479
šité,19480
pankreatu,19481
lavicích,19482
využíváte,8096
cizinec,10619
trasou,4740
prázdného,2551
muka,19483
uloženého,12398
každýho,19484
mixování,19485
ďáblem,19486
roj,19487
starostky,10976
modelu,5645
pěnou,10834
skloňuje,19488
colorboxu,19489
těsnícího,15087
vypínačem,19490
založeným,1797
přiměřenost,19491
vyhovovala,4916
milovníci,19492
loděmi,17462
ostrovů,4381
migrací,17466
osamostatnil,19493
zátěží,13800
perličky,19494
nepodstatné,4969
mezerami,15664
rekordér,19495
robotické,19496
editoru,6989
načítá,19497
živnostenském,15225
chrámu,6123
územími,4922
podnikateli,9331
menšinových,14476
dílnou,2306
konstruování,19498
houslistka,19499
póly,1790
jednatelem,19500
deskou,7666
příruba,19501
stavové,19502
kočičky,19503
klientech,7226
vracení,19504
poruše,9510
přecházejí,7114
stranka,19505
ovlivnila,5024
slovinského,4023
kuchyní,5954
velitelů,3088
zasvěcená,9474
přestupcích,19506
poučen,19507
obchůdku,19508
pasy,9338
odcházet,3300
miamia,19509
gymnastice,6211
generátorů,9656
uložených,12398
mlýn,18923
poruchách,9510
spokojit,18146
doletu,18659
pokorně,19510
hlavicí,19511
přípojky,18952
vejcem,17067
využívaly,8096
otrok,14474
rtg,19512
bazilice,19513
ozdobný,14172
stereotypy,16458
optiky,19514
interpretační,19515
normálnímu,7359
horyměsíčník,19516
odemčení,19517
vrtulníku,11100
therapy,19518
odvedla,19519
včelařů,19520
koaličních,15799
svorka,19166
formám,12071
návodů,10479
midi,19521
zorného,19522
nizozemské,14199
dražbu,16152
poloostrovem,3231
vajec,17067
táto,3795
úžlabí,19523
citací,1336
začneš,1166
helpdesk,19524
blbej,19525
zachová,15992
tvořivě,19526
tolerance,19527
křížení,10945
kardinálem,14900
zeminou,17777
pověst,9118
židovského,6146
ledovci,5180
zločiny,9578
programovat,19528
zdobené,10171
vědomě,19529
islámská,8091
zesílení,19530
řadách,4861
přechodnou,4932
omezeními,19531
zraněni,7628
bratislavské,19532
poddruhu,19533
pokožce,7542
nezávislými,4217
ovládaná,12089
vrchních,19534
elektrody,14146
přesídlil,19535
vrcholových,3684
piva,9788
chlapce,5962
vyrovnaném,7601
zvířetem,9613
přednáškách,201
plněné,19536
obecenstvo,19537
ubohé,19538
proslavila,11702
zvláštnosti,19539
váhu,7981
urcite,19540
astronomů,7897
rozptýlení,19541
mobilheimu,19542
sáhněte,6874
výpadkem,5019
lovit,13105
tematikou,19543
brunetky,19544
ošetřující,15341
lesíku,19545
měšťany,19546
rozvíjející,18324
dynamické,15081
snižují,7343
učitelce,8993
origami,19547
lid,17597
pohrdání,19548
hranatý,19549
měnách,4788
dolu,5016
značném,11147
nezlob,2356
propojeny,16641
ujasnit,19550
úchytky,19551
přizpůsobit,9536
organické,4250
důstojníky,4094
známých,898
ist,19552
lavičce,16257
stereo,19553
komoří,19554
prknech,17712
kruchta,19555
spánkové,19556
světice,19557
zajistila,9092
divila,5072
přenosem,10147
krytinu,19558
seženu,9941
rybníka,16413
okrajové,11081
prohlížeči,16822
úchopu,19559
mìsta,19560
konceptu,2491
předního,5500
samouk,19561
podíly,8133
spoustou,8546
cvičí,13111
jednotliv,19562
dostávaly,3348
okénka,2056
stoka,19563
otočného,19564
jistiny,19565
šťávě,17508
záměna,19566
zobrazující,10597
semena,17764
džunglí,19567
rétorika,19568
imperiální,19569
těžní,19570
konstant,19571
vyberu,2015
stíhá,14081
opírající,19572
omamné,19573
developer,17991
tramvají,14256
pravěké,19574
slavném,3766
čtyřletou,837
osivo,19575
vychovatelky,9635
napodobil,13357
opìt,19576
balady,19577
ostrovech,4381
chránily,12647
využívají,8096
specialitou,19578
mohutná,9851
synovský,19579
zelím,15983
skloubit,19580
babičce,8571
nedalekém,1770
vracíte,2097
trubky,6054
nazvána,19581
dvoukřídlé,19582
ověřeny,1582
uvedenou,1398
vyžadují,6149
agenty,14082
vhazování,19583
zděnou,19584
prchají,19585
vybavena,9690
prověřovat,5394
metalové,19586
chráněno,13370
laciné,19587
sekrece,19588
ropucha,19589
silikonové,9538
unikátních,10633
kolík,19590
doplněním,6773
přezdívkou,6836
zipem,19591
kresbě,1735
pahorkatině,17184
postýlky,14249
léčitel,19592
pěkném,4022
lžičky,19181
jmenovaných,798
solária,19593
oční,15311
izolací,12910
producentka,7136
upírů,19594
mystické,19595
pokračovatelem,19596
vhodnejšie,19597
kradou,14215
letadle,8476
namířeno,19598
přihlášený,7541
intuitivním,17915
spodky,10627
vápenec,19599
děvče,7449
polstrovaná,19600
ponižující,19601
olomouckého,2574
modrou,2983
jiné,4919
potažena,19602
vyhledávaným,19603
akciemi,15498
zavazadla,16955
dutých,12149
získanými,6927
expresivní,19604
odpůrcům,19605
dudlík,16464
typickém,5014
byznysu,11222
vor,19606
bezpodmínečně,19607
dojdeme,545
mýdlem,16312
alergiky,19608
mechaniky,19609
remízou,8507
relé,19610
ozvi,7288
vypouštět,2318
energii,4534
botaniky,19611
zručný,19612
zpětného,3824
rozděleny,6181
komp,19613
celosvětovou,2253
koutu,3561
obraze,12978
nacházejí,4371
přílivem,2179
nosnost,15013
trika,18522
přípojkou,19614
zničených,7233
tematika,19615
těstovin,6731
kompatibilních,11580
obsažený,13990
sbírejte,2256
záhad,9482
bluetooth,19616
tlusté,8975
přiměřeného,14267
glovers,19617
keramiky,12357
ukrajinském,6284
biatlonu,19618
některou,1431
defenzivní,19619
pas,9338
klavírních,13823
zástupci,15712
přípustné,14365
sběratelů,14129
zdůrazní,6871
jedle,19620
demencí,19621
teroristickou,5063
sjezdovek,19622
hrozbě,7148
aplikovaného,12726
králíky,3752
kovového,4704
tvůrců,9607
skupinu,8104
klenby,10348
nabíjet,16635
trefila,14970
místodržící,19623
chudoby,7724
nastavitelné,19624
principu,14505
posadil,12563
melodie,19625
unisex,19626
zbytečné,13500
zničeny,7233
zeleninu,3945
diagnostiky,19627
kosmetických,8316
nádorové,19628
vyztužená,19629
prasknutí,19630
ráfek,19631
drop,19632
osazená,19633
praví,4643
vzdáleným,13866
kapitulní,19634
omezily,13530
dozvědí,3085
kupujete,5520
education,19635
bodech,1863
nulovou,2065
vzájemnému,8710
vykonávat,5770
strmých,3207
absorbovat,19636
živili,12885
hodinkách,11653
faře,19637
vojně,11825
klavíristka,16616
výhradně,19638
recepcí,7553
velkoplošných,11538
svěžím,17551
ramínky,15432
kotlině,12956
kresbami,1735
vzorníku,19639
výrobci,15193
gravitace,19640
mlýnem,18923
protestantské,11972
poradním,8345
chorobě,7992
žehlit,19641
pluginy,19642
sáčků,19643
řídících,17188
nálepky,9817
němý,19644
studoven,19645
manželských,11952
rumunského,10055
usnadnit,19646
převýšení,19647
daruje,16284
knedlíků,8966
tower,19648
bombardérů,13801
světelného,4948
masivně,19649
překážkami,13781
zmocnit,19133
otáčení,19650
pohraniční,15597
zval,697
míchat,19651
znalost,13436
kufříku,11504
šroubů,19652
úložný,19653
hosta,2238
podnikem,7807
tekla,19102
stylizované,19654
nástupnických,19655
nechuť,19656
květin,8249
velikostech,19657
starostí,15785
bruslaře,19658
zbožím,7681
kamínky,19659
konsolidaci,4981
blokuje,16782
propojovací,19660
namontovat,15206
pochvy,19661
servisů,3282
nejrychlejších,2973
říčního,12226
chorvatské,7723
nepřetržitou,2607
pásku,2146
hemoroidy,19662
hrůzu,1023
multifunkčního,8376
cizích,9651
nìkterých,19663
majetku,14686
dolině,13607
marihuana,19664
krajan,19665
zákazníka,1865
lokality,7777
rozkládala,16190
honit,4693
případnou,4156
dovádění,19666
jedy,9221
pravidelne,9383
přímou,3548
koleje,9412
napájecím,19667
bandáže,19668
krabiček,9712
směřovala,16871
socha,19669
úsilím,19670
víra,15282
zadržet,6674
manévrování,19671
ateliérech,19672
dobroty,11180
bílí,3556
spíž,19673
civilizací,8849
šablony,18110
sekrecí,19674
čistota,15507
podávány,19675
chráněném,13370
snímač,19676
farmářů,5581
ovlivňující,15351
blízkému,1486
synagogy,19677
asijská,11891
obdiv,19678
přidáním,4410
zesnulé,1244
kuřecího,9565
historií,6922
portálech,19679
emitentů,14114
role,19680
postupují,10669
charakteristikou,1593
romská,19681
within,19682
popruhu,19683
proudit,13805
lehčím,1876
section,19684
přírodního,8528
vitamínu,10310
ochranky,16405
pramene,9929
rázem,17269
kytaru,4406
kapek,14240
obchodníků,7947
minerály,15809
stolkem,19685
používáš,1966
penis,18310
jugoslávského,11155
udržitelnou,8365
asymetrická,14408
působící,19686
variabilním,10585
oknech,912
nárazy,18433
pomocným,1112
ozdobným,14172
pronajaté,10340
skluzavky,13388
pojmy,8968
sprchové,10550
pozorný,19687
rtěnku,19688
kompetentní,19689
kvintet,19690
objektem,10471
zábradlí,19691
zdrojem,5857
tkví,19692
vypnul,2052
spoje,19693
vtípky,19694
lupič,19695
obchodnímu,8920
odmalička,19696
zacatku,19697
friendly,19698
tradicích,7489
pojistná,19699
tahem,11094
anotaci,19700
dráždit,12541
light,19701
českého,5690
bavlny,6248
výškových,9815
zárodky,11364
praktického,6536
architekturu,4455
univerzální,19046
ropných,3328
klientky,19702
zpracovatelů,5878
sledujete,2392
astronoma,7897
naftové,19703
trošičku,19704
sudoku,19705
dílnách,2306
nelogické,19706
domy,6152
součinnost,15957
rušivých,19707
kritiku,14371
budete,478
stoupencem,13566
lesklého,4652
zničit,1930
konkurzní,19708
spolujezdec,19709
obloukové,19710
vkládal,15306
molární,19711
kontrastu,17762
score,19712
kladiva,8214
smíchem,2450
won,19713
vkusem,14872
smetana,3849
pracího,19714
patřících,19715
pomohou,3603
kusem,4952
účelové,17549
preciznost,19716
párek,14124
jihočeské,9356
úpletu,19717
houpačky,5260
produktivity,11349
okenních,19718
vložila,2347
sbírkou,4987
kila,17440
praxí,6402
píchání,19719
převodovek,19720
silnicí,9324
věci,13538
strane,19721
hledána,8986
éru,1202
vyhoví,11416
milosti,7720
zloděje,10908
komoře,6339
frantisku,19722
postavíme,13692
dominanty,19723
děd,12553
vkládání,19724
tvrdého,8333
návrzích,652
oprávněno,6215
borůvek,6926
fixační,19725
tašky,9856
náchylná,14667
sms,19726
výkřiky,9371
zákonech,4775
ignorují,16132
moderní,4434
srdci,13002
monitorům,15545
bývaní,19727
skupiny,8104
rozvinul,13703
propustil,5839
farmacii,19728
třísetovém,19729
mládežnických,6553
pacienti,13899
rockovou,7797
aplikačních,16610
nadřazenosti,19730
sochařství,19731
týhle,19732
vejci,17067
webech,19733
moskevském,853
rozumných,3877
blízký,1486
predem,19734
svazkem,1408
hokejovou,5508
nafukovací,19735
dělání,2861
astrologii,10485
zaškrtněte,19736
skrytý,12477
sporech,5745
vrácena,13456
exekutor,19737
různorodost,19738
komerční,3123
označeni,6277
převodníky,19739
face,19740
autobiografii,17029
garažévých,19741
nosných,4709
tele,19742
formou,12071
rekultivace,19743
akcie,15498
řepu,3716
součinitele,19744
doučování,19745
geologii,19746
občanů,5267
vousů,19747
hledaly,8986
bodovat,19748
trafí,19749
příklon,19750
jižně,15157
okresních,4927
přímo,14802
galeriích,2927
velením,12060
sousloví,19751
diktafon,19752
autority,16709
stisknout,19753
dámou,12389
plošinu,8324
dědictví,19754
světce,19557
zlém,7767
opora,19755
stezku,3353
tvarové,19756
zarovnání,19757
relaci,19758
jednoruční,19759
hromadí,19760
zdejším,19761
samci,19762
domku,16095
strojírenského,12733
perem,10427
abatyše,19763
měřená,4559
knížecího,15531
dánského,10066
drážkami,19764
kmitočty,15815
sběrných,5054
dočasnou,1679
přitáhnout,15154
pletiv,19765
filatelie,19766
gruzínské,4870
lahvičky,19767
přečerpávací,19768
elixír,19769
katolíky,18085
chováme,8412
penzionu,19770
otvorem,14068
benzinový,19771
kuřáků,12683
dospívající,17278
pøed,19772
tlumící,19773
mikroskopu,8423
věkovou,4654
plněný,19536
poslance,3531
převezeny,8135
automatických,3951
zbytečnost,19452
sbírkami,4987
funkcionářů,11555
kuřete,6384
sesterských,11795
vţdy,19774
zavázali,18574
senátory,3501
where,19775
zlobit,2356
legií,4965
nalezneme,7450
tlačítky,11835
parťáka,19776
jednostranná,8794
packy,19777
nazývaná,9421
chodu,16396
stylové,12160
spolky,11684
úzkostné,19778
dobrat,19779
slibem,15388
kohoutku,19780
egyptským,13119
rukopisů,7054
osvěty,18193
buffa,19781
sekačka,19314
pšenice,19782
sekery,10493
upravil,16237
kolotoče,5720
otočná,19783
zakládání,19784
kázal,19785
fitka,19786
mikroflóry,19787
extraliga,9976
helem,19788
carevna,19789
polepy,19790
zastoupení,19791
tabule,17942
dokonalejší,4265
dostupnýprodukt,19792
nejenom,19793
zpovědi,19794
vypnout,2052
bočnice,19795
typického,5014
karmelitánek,19796
polohovatelné,19797
herečky,4994
znevýhodněných,9954
rozhodce,19798
stylově,19799
novelizováno,19351
vylučuje,3703
ice,19800
typech,11314
adaptaci,7552
pevně,19801
vojenskou,4990
teplomilné,19802
chorvatském,7723
lim,19803
předmostí,19804
křižáků,5059
důsledně,19805
snažíš,1220
tìchto,19806
vitamínů,10310
rockového,7797
národa,13537
skandinávské,13191
novodobého,10874
vylepšování,19807
podskupin,19808
adopci,19809
pročtěte,9223
želva,19810
basu,8343
žadateli,19811
východně,19812
spojenců,5411
adres,10078
kořínků,19813
váleček,19814
pomezí,19815
buben,14225
páková,19816
poražená,5589
nájemníků,4566
závažnost,17933
větve,15742
ramenech,14148
vzorec,14996
barokně,19817
dechu,7678
přeměnil,18708
zákonodárné,5109
puška,13440
turisticky,19818
bitev,2701
nepříjemnému,19819
síťovou,3350
sošky,19820
hokejka,19821
zdolal,13016
srostlý,19822
základen,2478
diamant,19823
vrcholech,2124
zabít,13249
soudy,5936
jeruzalémského,10873
víla,18982
eurech,1629
barevném,672
maje,1579
zbraních,19824
projekční,19825
rozšiřte,8236
postranní,16235
zabývají,8392
hrudní,19826
stisku,19827
padlých,9039
lepku,19828
vynutit,13383
obtížích,7167
můstky,8082
pálky,16948
hodnotové,19829
výtečnou,3146
úsloví,19830
koncepcí,2103
motúčko,19831
hudebnímu,4388
autobazar,19832
souznění,19833
genetická,16816
přívrženců,19834
laseru,19835
zářivě,19836
širokoúhlé,19837
lně,19838
praktických,6536
letounu,10245
voucherů,5905
čitelnost,19839
aktiv,14779
naproti,19840
nastavenou,14972
dopravcům,6771
odolnější,13561
mírných,588
necgtěj,19841
resortu,19325
prům,19842
božstvo,19843
depu,16107
živočišných,14147
filmům,1506
odpověděli,3477
zdali,19844
rozvíjelo,11288
hlučínský,19845
putují,6660
vykopávky,19846
aréně,19847
jedinců,7789
bodové,11719
hematologie,19848
prvku,15241
kvašení,19849
ústavu,3685
záložník,19850
jihokorejském,7843
oplátku,19851
magnetickém,7672
vtipy,4438
tvářenky,10267
izolované,9101
záznamem,3370
hercům,1465
ozdobí,2308
výrobkům,11059
profesionalita,19852
potápěče,19853
poškodit,19854
bezdrátově,19855
nádr,19856
salašnický,19857
neodpovídají,10034
vzdálené,13866
hebrejského,16643
píchá,19719
editory,6989
výstupním,19858
kontrolka,19859
australské,4399
zástupcem,15712
peřím,18655
druhe,19860
cizojazyčné,10149
kamení,19861
prosklená,19862
přestavěna,17827
proudění,19863
hlídané,19864
nezbytností,15089
věrohodnost,19101
absolutní,18736
sázce,13918
šetrné,14649
lakem,19865
poznáš,6521
zoubků,19866
nebezpečná,2043
bradavice,19867
dálnicích,9648
return,19868
osobitým,16094
rádiu,11134
zkušenou,13548
velikostní,19869
láva,19870
zvěří,19871
uvězněna,13032
intenzivnímu,3598
překládání,12845
technology,19872
nažky,17913
návyky,7935
vazbou,6030
oper,7259
porážek,7389
rovinaté,19873
chorobou,7992
vybroušeným,19874
nepotřebné,16202
druholigového,19875
etnický,19876
left,19877
hypoalergenní,19878
quality,19879
stěžovatele,15134
game,19880
obrátil,14150
užitečnost,18980
fregata,19881
pečlivou,6290
topic,19882
záleželo,8368
dělící,19883
nepřítele,12082
schopného,9452
vyšetřit,19884
konfliktů,10410
sestávající,19885
masa,11763
lékárnu,7502
poklicí,19886
zrcadlovky,8886
produkcí,3098
žárovky,12314
maziva,19887
vrchovině,18112
kolečkách,10227
tunelů,6962
hektarech,9016
vytvořte,8400
stereotypu,16458
vodotiskem,19888
fotbalu,8210
tvrzi,19889
stropních,19890
bezchybně,19891
lesbické,12746
dvojí,12178
navigation,19892
doplněna,6647
spokojena,13039
pozemních,15555
noha,7641
masivu,16754
kvót,15220
kouč,19893
demokratickým,7775
odběrná,19894
instrukční,19895
stéká,19896
nich,2442
znečištěné,19897
písní,8000
vyzdvihl,19898
plastické,7665
pohlavní,13327
podoblasti,19899
mezinárodnímu,8547
pocul,19900
vznikaly,5883
efektivních,9627
prezdivka,19901
folklóru,15041
kruzích,7084
partyzáni,10922
kotle,12014
morfologické,19902
saunu,7313
olše,19903
tloušťku,13085
povídkou,5071
knihám,1761
laiky,19904
plechů,14521
hladké,6809
klínový,19905
muslimská,13630
svátostí,19906
vyrovnávat,13760
bylinných,4877
ladem,19907
kobercem,10649
mechanismem,19908
skleněné,9787
aviváž,19909
kyselinami,19910
proudových,16477
technikou,7521
polohu,8068
vytvářet,9182
rychlostí,12422
faktorech,19911
ponejvíce,19912
nastavené,14972
zachránila,14660
splnily,2730
násilnou,7863
použitém,19913
celků,6574
šťavnaté,6897
seš,19914
zhoršující,19915
pravopisné,19916
ilustrativní,19917
uzlem,11486
whirlpool,19918
druhu,16175
rozpadají,11073
jasnou,1649
opravují,10916
pečují,16863
uložíte,9529
zorientovat,19919
omezena,3916
promlčení,19920
trojice,19921
pyramidy,18458
drůbežího,19922
šířili,11303
uspořit,19923
štětcem,12184
animaci,19924
desktopu,19925
vonné,11322
postupovat,10669
kontrast,17762
prorazit,19926
pozemkem,11655
pletou,15762
hlavolamy,19927
kosmonautiku,2782
kolektivu,2510
křovin,19928
dusí,8363
love,13369
obsluhovat,10388
indexu,8154
osobách,8514
plicních,19929
značkami,17124
král,9940
výrokem,5052
protivzdušné,19930
vytvoříme,8400
rostlině,8861
násilí,19272
palačinky,19931
dálnici,9648
ovládal,10508
vypouštění,19932
řadových,5619
odborníkem,14358
řekni,2681
láhve,12835
požehnání,15613
plameni,3870
umístěné,10461
spojitost,19371
mez,10793
stanici,12717
nesmíš,4080
angažoval,19370
výškového,9815
uznávání,19933
these,19934
desatero,19935
ministrů,5145
žíla,19936
vesnicí,19937
vyrozumí,19938
expozicí,9424
skládat,8147
bránou,4242
dvouhry,19939
spojitá,19451
jedlé,11442
osvětlování,19940
darovací,19941
stojatých,19942
zbytků,2985
lahůdek,19943
nalezená,1598
československém,2337
ptáčky,19944
svobodou,8816
polovodičů,16113
kávových,10931
rezerv,14913
regulována,12470
vařte,4493
zapisují,10420
vysílají,6527
užovka,19945
vězením,10651
zásahům,19946
firewall,19947
jiného,4919
bankou,7145
bombou,10108
milf,19948
sites,19949
únavy,4325
bohoslovecké,19950
mikiny,19951
výzdobou,19952
vznikající,19953
zrcadlo,10148
nadchne,18460
žalobce,19954
náhodného,6393
sborem,3985
prioritně,3089
neřešíte,19955
zavání,19956
horku,547
hrady,3854
legendárním,17177
konkurentem,16543
protiskluzovou,19957
zploštělé,19958
zapnutém,19959
pacient,13899
skalách,6458
postaveném,7839
mikrovlnky,5621
trefně,19960
voskem,12497
čočkami,19961
středových,6857
koeficienty,8868
hrst,19962
oponenty,17504
zadny,19963
gólem,4050
podstoupil,8824
pigmentu,19964
vymoženosti,19965
fleretem,19966
florbalu,15080
rozvahy,9806
husity,19967
synagoze,19677
odebral,10404
objednatel,10252
srandu,6228
zadkem,19277
ozbrojených,9261
minoritní,19968
programovou,1135
zajistil,9092
angažovanosti,18540
tlaku,13271
anomálie,19969
skenery,19970
zvolenou,775
švýcarským,9271
dozorem,5362
potkají,2352
bolestivých,6493
masné,16924
poutí,6014
zhotoveny,4064
etická,15711
zastavte,2651
good,19971
zpevňuje,19972
pouta,7454
technici,13867
scenáristka,19973
zejm,19974
strečové,19975
vel,10857
poblíž,19976
zneškodnit,19977
pruhované,9939
odvolávat,11078
vita,19978
dánském,10066
chladicích,19979
vybíjení,19980
rudy,15063
pečující,16863
omezit,13530
objevitele,6021
luštění,19981
reflektorů,12564
poškozeným,15008
kamennou,7412
filozofa,19982
cyklistických,3723
portrétní,5811
nadpřirozených,19983
delikt,19984
unášet,19985
drsných,5061
zachycena,19986
travel,19987
šoubyznysu,19988
osadami,8521
provize,19989
malbou,6828
kladivem,8214
čip,15398
znečišťujících,19990
razantně,19991
blázna,5290
přesnost,18999
střelných,18274
karavan,19992
uši,6727
galaxy,19993
vesnice,19937
infikovaných,19994
obilovin,16075
balíku,3151
autoritou,16709
světelných,4948
hospodářskému,1304
místostarosty,3259
specializovaným,5505
cenzuře,16317
jeskyni,5336
úbytku,6588
dědicové,19995
dítka,19996
sedátko,19997
hackerů,9675
zárubní,19998
zmateně,19999
zranila,16268
utajovaných,16967
středového,6857
radikálů,19366
myje,20000
vojsku,1973
lávy,20001
zapojují,20002
duchové,15806
advokacie,20003
vedlejších,8576
zamilovaná,5681
přistupovat,7396
zachovali,15992
sušička,20004
podobu,4206
výcvikem,5673
nespokojenosti,17123
čluny,13676
vtáhne,20005
profesory,11777
stálezelené,20006
parametrem,9049
duchovních,14939
koženého,13411
odkazují,12372
tramvajovou,20007
polskou,6130
odvoláním,8965
dávného,904
pozůstatků,12792
drsným,5061
věříte,4144
kompilaci,3763
prodej,2874
čípek,18465
potkávám,20008
výhrou,7849
římsa,11657
makro,20009
holčičce,7284
fosilních,20010
cestujete,1426
invazní,20011
optika,19514
osobnostem,14522
aspirace,20012
bankovnictví,20013
psaním,11695
body,1863
zabíjení,20014
podívej,3106
prohnal,20015
otců,3926
zlikvidoval,15691
uměleckého,7149
pověřit,9966
shora,20016
podřízeno,7265
varlat,20017
pověřila,9966
souboji,12191
nádherných,3171
obohacené,12375
provozovatele,9564
som,20018
pohádkového,7129
architektonického,2468
prezentery,20019
klonů,20020
ošetřovat,15341
zajišťující,18387
významném,844
dieselové,20021
zastupitelem,4717
zaznamenání,20022
přidělí,20023
zaměřená,5967
nesmírně,20024
vizi,6744
omezení,19531
řadicí,20025
pocházet,4359
vodovodů,5558
látky,12713
tehdejšího,6194
procvičení,20026
baseballu,8048
bankám,7145
fotografem,3260
zahrádku,2324
pětice,20027
novinářem,1574
podezřelé,11623
cípu,20028
domků,16095
nedobrovolně,15641
zakládajících,18028
cibuli,7103
automobilovém,5842
ovál,20029
nevzniká,5883
obligace,20030
sestřička,20031
zbroj,13161
satelitů,6173
jednota,17081
budeš,478
potratů,8371
kostelní,20032
smetí,20033
managementu,12596
grapefruit,20034
land,20035
procházely,4737
ředitelku,6169
košilky,20036
jíte,20037
zvonicí,14106
instrumenty,20038
svatá,1363
mol,20039
vodíku,16806
arbitráže,18742
tvarovky,20040
rytec,20041
textilního,9277
obřích,16551
anglickém,2068
expanduje,20042
konvoje,18571
prospěšných,6889
vztahovat,7749
kelímky,20043
porozumět,20044
utká,11861
bohatou,3439
přijaly,2507
mírového,5372
sušičky,20004
bajtů,20045
předmětného,20046
opuštěné,6218
škrty,20047
zlikvidována,15691
poli,20048
rezerva,14913
žalovaný,20049
dříví,20050
působením,10022
obohacují,20051
disponovat,10798
osobnostech,14522
svatých,1363
pusinky,20052
televizních,6478
příbalovou,20053
pecí,20054
bratislavského,19532
zvonu,12027
zaslány,20055
šachových,3387
skautek,20056
displeji,20057
číslicemi,13209
navrhovatele,12679
navrátit,7747
rodinnou,5895
rehabilitaci,7744
propracovaná,10483
listeny,20058
uzavírat,3214
takovouto,2718
brzdit,15915
mrakodrapů,6685
pevnému,2429
vracející,20059
dějinám,6486
bannery,20060
ratan,20061
stávaly,6080
antibiotika,16452
popisuješ,2061
propracoval,20062
složkách,11220
ledviny,5407
lymfodrenáž,20063
aerolinií,11266
celiakie,20064
zlomku,5758
spolubojovníky,20065
aplikovaných,12726
tenisty,3557
materiálně,20066
zadek,19277
diodové,20067
umístily,6142
popsaná,3745
intenzitu,8666
vývozu,11788
zvířete,9613
zabránění,20068
levicové,8442
myslivost,12401
autonomního,17683
zabíjejí,13795
klientských,9516
rovnice,20069
konsenzu,20070
ghetta,10539
obráběním,20071
magor,20072
zvnějšku,20073
podezřelých,11623
vypínač,19490
stejnì,20074
nádrže,16024
hádek,13555
identifikovány,6231
stráže,18495
zranění,7628
švech,20075
botanika,19611
orientovaný,14873
komorním,12789
milovníky,19492
směřují,16871
séru,20076
škodí,16180
něčí,13929
husté,4665
citovala,528
doprovodu,8108
krajanem,19665
senior,14198
konektivity,20077
přírodapopulárně,20078
nemilost,20079
přehlednosti,20080
slíbí,6509
peněžní,18195
norském,7310
amoniaku,6360
vědecky,20081
věnovat,10883
řádka,8440
efektivnější,9627
držadla,6723
rizicích,6942
špalky,20082
asistované,20083
růží,9243
čajovou,1538
brzdění,20084
nesmysly,5106
šunkou,9534
soustruhy,20085
zárodku,11364
obsahovaly,9133
obklopené,15521
těhle,881
figurky,15514
protějšky,13461
nápovědy,20086
navodí,20087
rozmanitých,4149
zvířátko,20088
prospěšnosti,20089
vem,20090
symbolů,7831
implicitně,20091
skotského,7550
servisního,9754
zástavbou,12806
mámou,7026
nároží,20092
vtipů,4438
zapojovat,4747
politiků,3062
zapnete,5907
ministra,5145
památníky,14456
zobrazena,20093
dědičná,9185
faktorů,5511
nadýchané,20094
variabilitu,20095
kukuřici,7884
éterických,20096
rolník,15565
náhrdelník,20097
aristokracie,20098
vodovody,5558
mozky,16939
kabely,4383
trojrozměrné,20099
přísný,9734
klasik,20100
vzdušných,11123
přátelských,5404
sekundárního,13425
nezaměnitelný,20101
pohanské,18409
abstraktní,20102
agendě,20103
odebrány,10404
clanky,20104
neztratit,8947
hlubšího,9231
pojezd,20105
dánským,10066
amp,20106
esteticky,20107
softwarového,3649
energetickou,4330
hledající,20108
linkách,8658
předmětům,4504
nikoli,16042
úkonů,15702
nemovitého,20109
sklíčko,20110
zrno,20111
babiček,8571
job,20112
vandalismu,20113
lest,20114
plechy,14521
technikem,13867
registrací,6687
liště,11053
letmo,20115
odpovíme,3477
ironie,20116
zlodějů,10908
vedeno,12373
dutina,20117
obývající,8802
stonků,5393
vhodném,390
přestupu,4761
pomluvy,20118
prosté,11107
anorganických,15252
rybníku,16413
bohatě,20119
professional,20120
farem,15128
hrnku,9362
sušák,20121
zánětlivých,20122
televizor,14511
oprávněna,6215
příhodu,6196
pohyblivou,8197
kamene,13680
kytarové,8281
řece,5964
známém,898
čím,3959
slovíčko,20123
kabelky,18277
generálmajora,554
mezikontinentální,20124
císařovnou,8550
tečku,6279
abecedy,14796
poskytnutého,4226
pouzdrem,20125
příplatkovou,20126
hřídele,20127
nováčků,5454
zachrání,14660
omezují,10806
umístěných,10461
ošetřena,16122
commons,20128
uprchlické,20129
sběrem,906
porcí,20130
dodržují,13310
stolování,20131
najel,20132
kšiltovky,14613
tratích,14433
kolenní,20133
plotu,11020
přepsat,20134
princem,7020
obsahově,20135
redukované,20136
trestnímu,10740
systémem,4742
nostalgie,20137
chráněna,13370
tažením,9783
zaměřují,9551
jistém,2518
emaily,20138
indické,5527
uslyšíte,16751
cvik,20139
konstantním,17235
hrdinku,20140
věrohodných,8012
podniku,7807
kořínky,20141
firmy,7124
stavebnímu,9748
obtížnosti,13286
peněžité,20142
specifického,13346
umírat,1779
airbagu,20143
přihlášeni,1011
fandit,20144
potahem,11705
šperků,11587
pozměňovací,20145
technickou,2472
ukryté,15556
přepraví,20146
výrobce,15193
přílivu,2179
škodlivá,15353
úniku,6258
efektivně,8969
floor,20147
nevhodné,390
výrobký,20148
poražené,5589
řekly,2259
hliníku,7358
vyloučením,16690
originálem,13347
pastevecký,20149
dpi,20150
léčebna,13985
pomníku,15503
náchylné,14667
chlóru,20151
vyvíjeny,13545
vlastnictvím,18891
spotřebičů,18315
mozkem,16939
motivující,11977
obligátní,20152
povrchové,1623
čárou,7673
babka,20153
zločinů,9578
nezávislém,20154
půvab,20155
technikách,7521
autentických,7569
trestné,14046
podepsáním,6017
sponzorů,8199
streamování,20156
trojlodí,20157
infekcí,10992
rotačních,20158
citlivé,14341
citrusů,14097
kuchyň,5954
chodbou,4843
železo,15137
slov,5229
rizika,6942
vojákem,4937
naučil,12594
řadou,4861
arabská,8031
nejv,20159
přechodem,6160
kompromisů,9020
nedaleké,1770
pocházejícího,14990
zdech,7421
opravdového,6709
kempů,20160
automatu,13057
nekuřácké,12003
těží,14877
náchylnost,20161
kanceláří,4980
napodobovat,19179
internetovou,988
úmoří,20162
zaměstnána,11402
dojíždí,20163
porazil,11202
konopné,20164
zachoval,15992
level,20165
urážel,20166
vinařských,10944
magických,3196
samých,942
zbraně,19824
náhražky,3964
ass,20167
kauzou,20168
organizacím,3539
visící,20169
zvuky,14096
chovech,18728
malířskou,10155
vtipných,3181
obrazců,20170
zavolání,20171
říši,6167
sekcí,6933
change,20172
potomkům,7272
podstavcem,20173
fontány,20174
typy,11314
vysvětlivky,20175
pražští,1097
adresát,20176
finskou,4915
personálu,7617
opačných,10047
odlišnosti,20177
nezbytnosti,15089
prosadili,9150
zvětšením,14895
určeným,3984
navrhovány,3648
nejvlivnějších,8750
symptomů,20178
seděla,4103
okrsky,1048
senátorské,20179
hloubce,5045
přepnutí,20180
soudobého,18649
poškozený,15008
tku,20181
podkovy,20182
prokáže,5171
souseda,3553
selekce,20183
pivnice,20184
plátů,13702
loděnice,20185
skalnatých,2228
chatování,20186
rušení,20187
označí,6277
narazíme,10872
nějakým,5257
temného,3917
nesouhlasíte,3312
řas,12073
úložišť,20188
hledačů,20189
bubeník,20190
tanků,12846
nav,20191
baby,20192
norské,7310
filosofové,20193
autům,11574
podobní,6710
vymezit,20194
nacpat,20195
elastické,9173
žánry,13634
kvóty,15220
nájezdy,10737
pohřbeni,11674
lécích,12779
přehlasované,20196
pouhého,607
rodokmeňa,20197
instruktory,20198
ozdobu,20199
lištou,11053
týmto,20200
kanálem,4607
vzbudily,8337
sekačku,19314
rozumu,10307
vášní,18442
vinárna,20201
firewally,20202
usídlili,20203
staveb,7830
simulátory,20204
mandáty,5126
převážet,12659
křesílko,15319
horního,15460
chodníkové,20205
přehrad,8084
vápencových,20206
ovladače,11920
řeziva,16158
leštěná,20207
zadávat,20208
zdejší,19761
hrdle,5808
zdatnost,6241
podložka,20209
efektivnost,16533
sladkostí,14407
přídě,20210
základům,3566
ultrazvuku,12908
muziky,18410
eské,20211
zapsání,20212
čáru,7673
pohřbeny,20213
číselníku,6717
opisu,16162
proměnila,14744
poker,20214
ideálů,12338
zásobníky,13275
tvým,15356
neváží,8696
přemístěny,11255
oxidací,20215
medailistů,4317
via,20216
pátrací,20217
rozbil,18932
ambulantních,20218
stopou,5760
propojování,20219
stáží,20220
velikost,19657
vrcholového,3684
kabeláže,20221
palmy,17937
držitelkou,20222
trpaslíků,14173
severojižním,20223
pečicí,20224
pravidla,9383
právem,18004
odrůdy,7463
automatickému,3951
autobuse,7784
chut,20225
rodičia,20226
kostel,12791
přesném,3180
nutriční,20227
svete,20228
věnovaných,5220
lukrativní,20229
hroby,7752
citlivým,14341
vinného,5461
stoličky,15004
zamčení,20230
kouzelných,4072
bytu,7910
mikrovlnná,20231
adware,20232
skvrn,6515
domek,16095
pasažérů,13924
klukem,10586
energy,20233
error,20234
herce,1465
bottom,20235
hlučné,20236
latinčine,20237
dominantní,18047
lízání,20238
písmeny,20239
hlen,20240
německého,5677
obviněním,17781
obklopená,15521
džungle,19567
navigace,20241
dolních,11092
složkou,11220
omezeného,3916
výsadku,20242
reflexy,7019
kanovníkem,20243
následníka,9652
pivní,20244
babičku,8571
psychologicky,20245
sestřelil,5438
věrnostního,20246
křesťanského,5098
rozvodí,20247
přemístil,11255
pochybností,12098
apartmánech,9024
vydobyl,20248
ekosystému,15362
obtěžuje,18245
tejto,20249
pochoutku,20250
nebeského,8949
odolnosti,20251
padlým,9039
srbská,8733
naslouchat,13408
zraky,12199
ztotožnění,20252
bydlíte,2183
ukrajinských,6284
miluje,4478
olejová,12153
normativní,20253
org,20254
balerínky,20255
úzká,5713
inzerci,2178
sloučeno,8381
kulturistiky,20256
podoby,4206
přidaných,1993
lahvičce,20257
top,13691
nepřesna,20258
classic,20259
metra,15424
úrokem,15174
sportu,8478
zemních,20260
brunetka,20261
vektor,20262
servisy,3282
vestavná,20263
obrazovku,13198
rebely,20264
potahů,11705
praktičnosti,19437
protokolem,7631
samoty,11333
přesídlila,19535
lifting,20265
přeživších,20266
nespravedlivé,13024
mísa,17592
teenagery,20267
pověřených,8322
klinicky,20268
tanečního,11818
vyspělých,13228
hnutím,20269
preparáty,20270
klasicky,20271
peřinu,18826
zásilek,12348
píča,20272
silně,18192
vyzívám,20273
ping,20274
glukózy,16570
vyznavače,20275
jaderného,10145
filtr,20276
hlasitosti,19245
týpek,20277
evropskému,3195
meteo,20278
hokejem,10807
obohacený,20279
prospěchu,10276
step,20280
dospěje,6364
kázání,20281
obrovsky,20282
strašlivé,20283
níž,4189
podezření,20284
odsouzených,3905
kazit,6337
nechcete,1167
řazení,20285
šalvěj,20286
naučný,10763
kůru,2205
zájmy,10124
potrestání,20287
databázových,14226
modlitby,20288
kanónem,18955
postih,20289
genetice,15385
použité,2022
představeným,537
násady,11832
lidí,4681
přivedena,5082
result,20290
písmenem,20239
krocích,1956
tram,20291
šít,20292
sloužících,13455
arts,20293
vyřízena,12507
přístroji,11506
rozpustná,20294
árie,20295
dotýkají,12018
nejste,478
kombi,20296
specializoval,20297
věnovaly,10883
šťastně,16935
psího,16169
podívanou,20298
poražených,5589
akné,20299
modernizovat,20300
vyvíjelo,13545
holčina,17398
oddělené,16488
soucitu,12839
procházející,20301
záchrany,5287
instalaci,9509
rampy,20302
zádi,20303
turistů,8390
ocasem,10326
coţ,20304
traktory,18408
náplni,12601
nastudoval,20305
symbolickou,2646
resuscitaci,12114
neměnné,20306
alpské,10622
drogami,10242
mučení,20307
neutrálním,16130
vlasům,11050
tepna,20308
podlahu,3883
fantazií,8007
dvoulůžko,20309
pařížskou,1259
arcibiskupem,3827
poutní,20310
fotografů,3260
ninja,20311
přepadem,20312
gólu,4050
nepřiměřeně,16250
neznalosti,18470
prostorů,4819
hodní,17495
operují,20313
taštička,9856
obránci,20314
trávicím,11880
elektrárnu,9984
cín,20315
poznámkového,20316
překladech,1975
lemem,20317
nahých,9730
durch,20318
výstupního,20319
útrobách,20320
židovská,6146
iniciativ,5478
zahrajete,10174
hony,6628
pozicích,13977
juniorek,20321
zjevně,20322
nevyhovující,16718
racionálních,18233
vložili,2347
hláška,9266
tvrdých,8333
týmu,5195
nástroji,9284
zásuvkami,19330
lusk,16817
izolovaných,9101
politicky,20323
kooptací,20324
arény,20325
obývané,20326
koulí,20327
doplní,6647
vyměněny,9127
monitorem,15545
rekvalifikaci,9740
činné,9837
obstarávání,20328
zarážky,20329
románských,12185
soupisu,20330
napiš,620
studánky,20331
rosa,13771
anglického,2068
tvarované,8289
hubená,14532
zachovalo,15992
muze,20332
number,20333
inkoustu,8014
bohatém,3439
vznikajícím,19953
evoluční,20334
čínského,4642
sitcom,20335
bulharsky,20336
vyučováním,20337
korektnosti,20338
hardwaru,13663
kabinou,20339
oříškem,6184
rozety,20340
elektroniky,17595
hladkého,6809
vzdálenostech,20341
lepek,19828
extraligu,9976
koupelnového,18967
staňte,20342
nálože,20343
právech,18004
tučňáků,6952
aféře,1537
mixér,20344
bipolární,20345
nábojem,20346
smyslových,11254
roztoky,20347
vestavbu,15391
dochovaným,11863
rikam,20348
pravdivá,9321
řev,20349
hornictví,20350
teroristům,10643
naruší,16015
etiky,16979
zastaralé,14832
hmotě,7779
pracovníků,9312
přizpůsobil,9536
sladidlo,20351
éterické,20352
obvejčité,20353
pejsek,15677
postrádal,20354
rozluštit,20355
kožených,13411
pokeru,20214
přístupem,8545
nastaveném,14972
slepé,14163
dramatickou,1055
spoušť,1443
tržnici,20356
vázáno,13536
pokládám,4174
izraelští,7232
partnerskou,2757
radikálního,18986
folku,20357
malbě,6828
hrnci,12236
postupech,5190
duchovního,14939
převádí,20358
operací,7905
prchá,19585
oxidem,20359
úchytka,20360
podbřišku,20361
krásy,5928
bezbarvá,11292
poctivý,19335
příhod,6196
pamlsek,20362
klinice,18075
prospěch,10276
document,20363
vyváženým,13662
pojišťovnami,18177
upravena,2581
cloudech,20364
nesmějí,4080
desítkám,6437
většinovou,6934
podstaty,12176
chytrém,14981
teamu,20365
sbory,3985
nástrojích,9284
milostné,8419
nikterak,20366
revolučních,7870
zaručují,13992
litá,20367
džbán,20368
vodohospodářských,7511
dýha,20369
většímu,3442
kališní,20370
doplňoval,4013
léčivá,12318
uspořádány,2164
třtinový,20371
vybití,20372
biskupa,4617
sází,13840
výkaly,20373
značnou,11147
zlepšují,6459
občasnou,3423
zámečku,14007
uprchlíka,8655
trpící,20374
přenesen,3589
mody,20375
kořenového,14438
fosílie,20376
vodítku,14308
řazených,20377
vůle,20378
slepice,20379
zapsána,11640
travních,20380
mimozemským,20381
klon,20382
náraz,18433
pohádce,10080
nejvýkonnějších,6583
odstoupení,20383
příchutě,20384
kulisa,16479
ovlivněna,10771
meste,18993
zacílení,20385
hnízd,12099
dojezdu,20386
algoritmu,17956
smlouvách,9253
poločasem,2535
benigní,20387
membrána,20388
vyndat,20389
nevidomé,18148
sériovou,10233
ostrovní,20390
obrácený,18083
protivníky,9466
konstruován,19498
lepit,20391
rodine,20392
dožít,1659
trhliny,20393
rozměrově,20394
těsněním,20395
předpolí,20396
soutěžící,20397
evidovány,1263
basy,8343
nepřátelské,5404
muslimy,17623
spr,20398
ofenzivu,1400
pískovcové,20399
kořeny,6267
pivovarů,10361
příkopy,8904
citlivou,14341
kosterní,20400
příčině,7388
samice,11323
hčp,20401
dvouzónová,20402
varu,20403
porazí,11202
bestsellerů,11328
reaktory,12744
retro,20404
působících,19686
obavě,3784
rozsahem,6342
stavěly,7410
plynovodů,12879
vývod,20405
děvčátko,14879
zadaná,20406
vlivů,3950
dveřních,20407
culture,20408
niekde,20409
dresy,18677
hloubkou,5045
alkoholu,11596
ramena,14148
integrity,20410
principem,14505
kvůli,20411
víry,15282
finálovou,1403
del,20412
onkologického,7971
kojící,20413
hořké,4941
maďarské,13064
šikaně,11352
nevyžadují,6149
báječnou,781
proměnily,14744
nadbytku,16171
morčata,15618
zaujetí,20414
dávku,7845
pytlíky,20415
plotýnky,20416
komfortním,11026
nahodilé,20417
tramvaje,14256
výšivky,20418
hlouběji,20419
výjevy,6383
skrze,14534
dovolat,20420
tepelně,20421
zabijáka,14278
dojíždění,20422
odsunu,6632
topeniště,20423
povadi,20424
vrtulníky,11100
komunistů,8026
mlýně,18923
vzdálenosti,20341
alpha,20425
zřizovat,9433
přidají,1075
zachraňoval,15196
ovce,20426
čepičku,11387
designem,7384
žebry,9315
sklo,16764
leteckou,4386
plc,20427
akty,2947
panenské,6029
zázrakem,5534
pojišťovnictví,20428
sektory,3372
přeměně,11178
konvička,13187
psychologickou,3371
svezení,20429
škodám,13532
perla,20430
monarchií,13290
udržují,5944
užitku,18486
týmům,5195
značkou,17124
alkoholismu,20431
zamčené,20230
věřícími,20432
stříbra,9242
monitory,15545
přirozenost,20433
uložená,12398
obálkou,4132
výstřihu,20434
foukat,11526
plochých,2058
global,20435
poctivé,19335
dánské,10066
hvězdu,2597
zodpovídat,2172
spolehlivého,7647
doktríny,17044
doložka,20436
pilulky,20437
substrát,17931
odřené,20438
čaroděje,18125
ropou,7516
účinkují,8103
patě,9695
úředníkem,7219
ostrůvky,13553
krásní,1613
pre,20439
učeben,20440
označená,8258
bug,20441
mladých,5800
svítidel,20442
hráčku,6108
týmovou,4667
diabetiků,16335
mozna,20443
grafici,20444
kurýrní,20445
převahu,15061
ţivot,20446
dron,20447
řezy,8746
kompenzaci,17548
přejmenována,20448
účelně,20449
neplatnost,20450
výborů,4115
stélky,20451
vyznačují,7005
spravované,15318
polemiky,20452
surově,20453
zavazadlový,20454
přitáhne,15154
kopinaté,20455
slavným,3766
botník,20456
mučedníků,4417
želé,20457
špičku,5359
tetanu,20458
díře,15775
prdelka,20459
literárně,20460
papoušek,20461
kanadskou,2658
alchymie,20462
formulovány,5316
mírem,11163
veliteli,3088
varhan,20463
inovačních,20464
include,20465
nebezpečnější,2043
umisťování,20466
maska,7498
svítilny,16987
rošty,20467
aerodynamické,19026
tkané,18847
rány,12486
svedena,20468
zlomenin,13068
vizitkou,2703
laskavě,20469
chotí,17114
pšeničného,18632
hudebně,20470
pěstované,20471
obdarovat,20472
šedého,7263
nosítka,20473
rokle,20474
stopových,20475
pohanka,20476
platinovou,6670
spoj,10680
asimilace,20477
podkategorie,20478
vyvíjely,13545
jménu,8300
mířící,20479
čirý,6997
národů,13537
uplně,20480
dopingu,10722
zranitelnost,17370
turistiku,1458
chybně,20481
cíleně,20482
psychicky,20483
provádějící,20484
černo,20485
vzduchová,13653
připravíte,173
matně,20486
vylučovací,20487
kombinování,8998
magnetická,7672
útvarů,8729
posuzovány,5231
výsadkových,20488
prvotřídním,18235
nemovité,20109
závodníky,14952
obžalobu,11434
balance,20489
podmisky,20490
příl,20491
prověřené,10974
přípravcích,20492
zaoblenými,10395
diody,14115
zaměřeném,5967
prstenu,7193
tupý,20493
rohová,16623
škrábance,20494
uznány,8189
byrokracie,20495
ukládat,14171
dalekého,1770
varieta,20496
stanů,3577
fakultou,1838
čistit,20497
písmo,20498
devatenáctkami,20499
spojovala,2471
holící,20500
neefektivní,9627
náhrady,10906
ebay,20501
hříchů,10504
přesnými,3180
klobásy,5843
kritériích,6229
přiloží,3430
rozložením,17014
rozmístěny,19273
kterékoliv,2378
volajícího,20502
linux,20503
nespokojení,20504
nepatrnou,8286
prvém,2013
motorce,20505
osobních,7097
dodá,2956
sklopení,20506
kreativních,13215
videt,20507
družičky,18418
imunitu,11491
zpětným,3824
kvalitním,2413
farmy,15128
halogenové,19323
perspektivou,4971
povolený,5206
žalovat,20508
libi,20509
dodávaného,2961
otočili,17013
běloruské,11406
kapuce,20510
hloupí,12319
zábavných,2460
zakázaných,6043
manuálního,16459
odpisování,20511
zodpoví,20512
hop,20513
zasahování,20514
podložku,20209
symboly,7831
posily,20515
firmám,7124
senátora,3501
následníkem,9652
krátkosrstý,20516
hodící,20517
uzpůsobena,15512
pracovišť,11599
švýcarském,9271
jednolůžko,20518
přímluvu,20519
krajních,10968
bodově,20520
návykových,13312
kachní,20521
pozlacené,8713
zkratkou,488
házenou,3461
zákrokem,16129
parfému,14417
kurzorem,18510
soustavně,20522
množit,16404
hydrataci,20523
povinnou,4224
noty,15473
hrubých,5205
rytmy,18527
vážící,20524
bázi,16674
jáma,17309
klacek,19474
kázat,19785
perly,20430
utahování,20525
cenných,7322
nehtu,2239
řečtiny,16825
bažin,16925
biskupy,4617
dotykem,12242
zástavním,15250
klientela,20526
požadující,20527
zedníků,13135
cviku,20139
humanitní,17742
odolávají,8923
zobrazovaných,20528
sopečných,16492
hostinec,20529
pneumatik,20530
krabičku,9712
dodávce,1992
matkou,6705
převážnou,14837
citovaných,14798
nastavování,20531
city,20532
kyčlí,15039
lesnictví,20533
komando,20534
pneuservisu,13493
bubnů,14225
topy,20535
elektrotechniku,12243
gayové,20536
určují,9628
drobným,10442
mezigenerační,20537
garáží,9535
klan,20538
knoflíku,13080
izolovat,18528
keltské,16859
vlčí,20539
laktózu,20540
sousto,20541
šerif,20542
navy,20543
figura,20544
sídla,9691
rušivé,19707
nudličky,20545
drobnost,20546
určená,3984
autorů,721
monotónní,20547
jezdíte,3168
dubového,3813
personal,20548
divoké,7548
smlouvu,9253
bratra,5313
předcházení,20549
ostřejší,4520
znakového,20550
šitá,20551
ekvivalenty,6776
živém,3261
rep,20552
ukrajinské,6284
clusterů,20553
zdarmahttps,20554
uličky,10959
sprchu,9139
přihlášených,7541
nepřátelům,12082
odhalují,11882
životu,1942
rakouském,10126
vestu,15465
stoupence,13566
posilují,15581
viskóza,20555
křemík,20556
vydávající,2532
nezakládá,12620
baziliku,20557
nemocné,3365
kousky,14004
hádce,13555
nenajdou,7815
děvčat,7449
důvěrné,20558
převést,20559
ženicha,17367
kráterů,20560
children,20561
tvém,15356
stahujte,7888
brownfields,20562
novinářů,1574
třesku,20563
doplňku,4358
klimatizaci,9830
chatovat,20564
polohy,8068
taktu,16029
kulturu,4060
starosty,4316
nešikovný,20565
nefunkční,3540
kabelem,4383
varhany,20463
epub,20566
šetrná,14649
stojící,20567
vyskytovaly,3982
adresářů,5307
kynout,20568
budit,12870
jihovýchodně,3987
plyně,20569
režiséry,4661
mělkých,20570
přepravě,12939
tancovat,20571
kalené,20572
nesrovnalosti,20573
moučkového,19473
dospělou,7006
piškoty,20574
televizí,6858
ikonky,20575
licenci,7526
pokutě,16469
zácpy,8792
cit,20532
ekvivalentu,6776
výrazové,20576
technologie,10010
obklopen,15521
podpoříte,1765
žilky,20577
textilem,6164
morálky,10131
vozům,13673
růženec,11500
call,20578
papriku,11629
nepřátele,12082
portrétů,5811
omezením,19531
incest,20579
skrytá,12477
obdivoval,11897
hřištědomácí,20580
věrných,8582
tělocvik,19035
zeminy,17777
praporů,2659
elegantních,17944
tancích,7524
konstruktéři,12547
zablokovala,17535
vertikální,20581
stavěna,7410
kultu,16147
odlehlé,14547
mešita,20582
code,20583
kinematografii,10629
děsně,20584
dietou,10636
jakoukoli,11498
vlasových,12448
zobrazeny,20585
údajné,7486
potažená,20586
naviják,20587
kiwi,20588
editována,7941
ech,20589
zákazem,10094
psychiatrii,9397
eliminovat,20590
muzikou,18410
přihrávky,20591
rovnovážné,20592
zralá,16182
gymplu,20593
gorily,20594
hudbu,4255
nevole,20595
arytmie,20596
vyučil,20597
precizní,20598
automobilky,7218
barona,7964
ramenou,14148
útoků,2780
rozdílů,12936
kultovní,13938
tvarování,20599
fosilní,20010
rakety,12992
skotu,14655
kariérním,7500
hollywoodských,18852
takzvaná,15892
virtuálních,20600
pečovatelskou,4514
přizpůsobí,9536
kultivary,20601
bronzového,1792
stylus,20602
přestupek,19506
hájil,16051
vyniknou,20603
dry,20604
komanditní,20605
moči,20606
smazání,4610
communis,20607
zmocnění,20608
značená,20609
opatřeno,17167
komunita,17249
uvolní,3087
aretací,20610
markery,20611
soudů,5936
neplodnosti,20612
vědy,8780
zříceniny,14323
názorech,6405
chlapců,5962
nalezneš,20613
inovacím,20614
skvělému,1366
zažívací,20615
extraktu,20616
sloty,13314
pokročilá,5406
neoprávněného,6215
valu,13628
milostného,8419
zajal,3594
vkládají,15306
nářadím,20617
zatížen,20618
generátory,9656
remízu,8507
channel,20619
zastoupených,20620
prášky,12805
ropu,7516
vyrovnanou,7601
odolných,13561
hnětení,20621
věrnost,3046
hledáte,8986
pohledný,20622
stojanů,6508
nalijte,20623
jilm,20624
dutině,20117
charitě,6358
karbonu,20625
language,20626
obytným,20627
náhrad,10906
ostravských,1343
sérum,20076
rates,20628
mop,20629
odpo,20630
láskou,12034
pokrytectví,20631
soukromí,5906
sportovního,10859
písmeno,20239
zorné,19522
ranami,12486
poživatin,20632
oščiatku,20633
svedla,20634
starověkých,8452
tanku,12846
dopustili,9515
kilometrech,2550
chrámové,4958
zadní,7574
zmiňovanou,1501
záložna,20635
magazínů,20636
japonskou,2734
osamělé,15642
modlitbě,20288
nejmocnějších,13364
skript,20637
doliny,13607
vozidle,20638
bojovou,3218
helmy,20639
kostele,12791
hrášku,4326
letadlech,8476
ombudsmana,20640
bratrstvo,20641
japonštiny,18764
taje,20642
citaci,1336
antikorozní,20643
zakazují,19248
seřízení,20644
mluvíš,933
outfitu,20645
singlu,20646
dramaturgem,6599
spravovat,10583
afrického,13905
cením,13345
esperanta,17059
regionálně,20647
nedalekého,1770
obratem,5819
úrodou,1379
should,20648
plavidel,20649
zaměstnával,11909
jezery,12259
nápoji,7702
pružných,6957
dobrot,11180
výlučné,20650
použitého,2022
nečistotami,20651
zvýšenému,4180
návaznost,3552
dívčím,16714
stávat,6080
vymezí,20652
uzavírané,20653
obchodně,20654
studiu,8718
přenášen,20655
doladit,20656
nespokojená,20504
inscenacích,16036
roli,19680
českou,5690
úzce,20657
aktivaci,8151
metrech,5000
průhledného,2026
zásadně,20658
mohutně,20659
analyzátor,20660
nějací,5257
smluvním,13534
ponorku,7906
obtíž,7167
kapelou,10193
polyesteru,20661
revolucí,5227
podobným,6710
pojišťovacích,20662
vesnici,19937
lní,20663
léčivého,12318
mechanických,10441
slánského,20664
sodného,15495
nevelké,20665
kontejnerů,13076
zbavili,16739
střílí,13505
podporující,17867
zinku,10938
individuality,20666
neskutečnou,20667
doplněny,3587
posluchačů,14908
ban,20668
etických,15711
uhličitanu,20669
známého,898
celostátně,20670
poloměr,20671
lepí,12656
zřiď,20672
sadů,7889
majetkové,14704
nebezpečím,20673
česneku,1925
obtěžovat,18245
inspirovány,7635
stabilizuje,16410
elektrikáře,7383
přiklonil,20674
rouna,20675
krmit,15910
kapse,11781
župy,9502
kapilární,20676
léčivo,18147
zachytí,3708
restaurace,8385
lepení,20677
námitek,18779
čtvrtích,6065
veškerá,8207
lithia,18876
predaj,20678
toner,20679
prostá,11107
převážně,20680
agenturu,4354
pánských,7975
vzdělaných,17971
výbavou,11830
teoretickou,4580
uns,20681
kyslíkem,9615
baziliky,20682
bazénům,7833
smazána,4610
chytří,14981
pohotově,20683
prenájmy,20684
znaku,14035
using,20685
zničili,1930
zabili,13249
obdélníkové,6445
continue,20686
přepravou,12939
vynětí,20687
královském,7592
nebi,2379
spojencem,5411
tloušťkou,13085
záložny,20635
ozubená,20688
tendenci,16098
spravedlivé,13024
častí,2629
pirátů,14645
komisaře,7653
rozvíjejí,11288
přepětím,20689
cizojazyčných,10149
postovne,20690
obnovující,20691
nábojů,20346
blokádu,11905
hada,9071
vytrhnout,20692
švýcarské,9271
potravní,20693
paní,20694
help,20695
nevinné,5461
prát,19389
pižmo,20696
ctí,20697
derby,20698
kytary,4406
nazývána,12286
sladkovodní,20699
začnete,1166
hmotností,7764
hrabata,14652
zamilovala,20700
nahrazeno,16368
sednou,8941
stoupání,10727
azylu,20701
rozmístěné,20702
tygrů,7320
přerozdělení,20703
podlahovou,20704
detektory,18337
přehradní,8084
získávala,12901
farnostech,9052
okenní,19718
polohování,20705
podkladového,20706
národnímu,6105
suma,18176
pšeničná,18632
prostupuje,20707
údržbou,5266
obušky,20708
hlasující,3931
adresy,10078
koule,20327
impozantní,20709
clo,20710
maďarština,20711
lékařů,13895
skleněná,20712
postavám,11119
sluchátka,3690
vpřed,20713
robustnější,16803
sdělte,4481
false,20714
offroadových,20715
klinika,18075
tenisky,20716
složitosti,20717
značné,11147
přirození,6414
spravedlivého,13024
frekventované,20718
hustých,4665
seniorát,20719
slaninou,6752
unijních,19271
ilegální,20720
free,20721
hustotu,10741
trakční,20722
zobrazený,20723
opylení,20724
plete,15762
domácí,11698
jihokorejské,7843
antických,4588
masovou,1694
trsy,20725
sdružení,20726
identita,13134
odnesou,4960
manikúru,5094
degenerace,20727
konverzaci,10386
šíp,19336
obnovu,3267
přírodním,8528
vinotéka,20728
administrativu,9198
virem,17851
konkursu,8033
spolcích,11684
kraslickontakt,20729
lyžaři,20730
spoluhráči,20731
odebrána,10404
spravit,17134
pomáhala,5595
ohrožující,17945
vědu,8780
utrpěly,8512
poměru,14188
predátory,20732
plodech,9240
zkrácenou,2716
pokládku,20733
frac,20734
komplikovaných,6777
epopej,20735
vykonávající,5770
objezdu,20736
musejí,3779
vůdci,18023
blue,20737
mikrovlákna,12262
inovativních,20738
zapalovací,20739
značené,20740
určeného,3984
revertováno,20741
segregace,20742
spodních,11318
svěže,20743
obrátí,14150
ublížit,10263
klávesu,6398
můry,17893
člověka,4681
prsů,14157
odpadní,18133
bronze,6528
plátna,7989
splňuje,12283
použiju,3052
vzdycky,20744
zasahují,14403
znemožnil,18774
čalouněné,20745
pokojovou,5447
lešení,20746
věst,20747
záhrobí,20748
víčku,14378
řemeslných,5138
dotčen,11681
divy,11441
zákroku,16129
trofeje,9038
chlapem,14604
odpovídaly,10034
olejové,12153
radia,20749
předkupní,20750
zpověď,19794
soda,20751
zasahoval,14403
průmyslovou,3162
vědních,17389
americkému,1078
recirkulace,20752
zakotvení,20753
jimiž,4189
šlechtických,13482
přepisováno,20754
raketu,12992
teóma,20755
sebevědomě,20756
nevyužité,6092
nádherného,3171
kapituly,20757
efektivitu,11237
památkového,3205
princeznu,10472
náročností,6928
údajných,7486
oplocené,20758
uzavřou,1872
zloději,10908
ocasní,20759
bambus,20760
výbojky,20761
saténu,9463
ministry,5145
zabývajících,19310
monitoru,15545
elektroinstalace,15104
vážená,5380
multiplexu,20762
krizovou,322
kritickou,2422
roštu,20467
osobnostní,20763
trofejí,20764
politického,8093
kardinála,14900
optimalizaci,20765
kritiků,9042
stlačeného,20766
příjemce,15320
jezdící,20767
nacházet,4371
půvabná,20768
společníkem,7714
destinací,20769
semínka,10469
hladkých,6809
ústavního,15961
robustním,16803
gely,20770
severněji,15219
mladiství,18370
sjednávání,20771
útrob,20320
default,20772
okresního,4927
talentovaný,16243
pasti,19087
opata,18610
kočičích,13817
trupu,5073
ležení,20773
opuštěných,6218
lehkých,1876
květinářství,20774
nemaj,20775
desetinná,14334
svobodnou,7877
komisařem,7653
vokální,20776
palbě,18189
psích,16169
propojené,16641
upovídaný,20777
skotských,7550
farností,9052
kdosi,20778
nastavena,12899
lektorů,20779
univerzálnost,20780
biologickou,3482
agility,20781
preferenci,20782
jaderném,10145
sídlišť,10105
volnost,16277
komorních,12789
stejne,20783
meta,20784
značce,17124
tenisových,8263
uspokojení,20785
aktivovat,12367
památkou,6580
dřezu,20786
vyladit,20787
ledničku,4824
portugalském,11691
rytiny,20788
upevnit,14991
sekaček,19314
komínu,11395
sliznici,5143
aktivují,12367
univerzit,804
vzorců,14996
hostel,20789
atrakcí,9522
blíže,8573
vyhledávání,16531
ohrožovat,10062
úschovy,20790
opozičních,18413
tanci,7524
ubytován,20791
jež,4189
nastavil,12899
kokosového,9399
přísná,9734
vyhynutí,20792
zdravotnických,7227
vousy,19747
palců,8980
dopadech,2500
polokošile,20793
elektrospotřebiče,12621
kronik,20794
chmele,18672
propojenými,16641
ohroženi,10660
kusu,4952
hours,20795
policejním,14429
mycích,20796
výhodě,5588
výchově,6323
synagoga,19677
disponují,10798
zločince,13283
laťku,9110
ukulele,20797
gotické,12704
kaktusů,10764
ústím,14717
pojmech,8968
výrobcům,15193
šéfkuchaře,20798
řetězec,15872
nepotřebuji,3626
restauraci,8385
sebere,9992
uchazečům,11174
přivydělat,20799
smluvně,20800
secesní,14322
nástupci,7490
formují,9866
freeride,20801
pronajímatel,20802
zneužít,19435
silách,4808
ony,2442
balada,19577
dopravců,6771
přídavného,3968
rem,20803
koně,12377
zadního,7574
ukládají,14171
tepláčky,20804
sexu,18530
zátoky,9149
inovací,9379
jedeš,20805
samolepky,11811
zavlažování,20806
podstatného,4969
proc,6791
živého,3261
někdejší,20807
motivů,16734
jimž,4189
uších,6727
příbuzných,13846
skrytě,20808
spolkovou,20809
šermíř,20810
nejzapeklitějších,20811
mafie,20812
průchodem,10180
snow,20813
dýky,20814
prevenci,7522
vnuka,10843
busty,20815
komisi,5717
skořici,14563
autoritní,16709
nazývány,12286
fakultách,1838
html,20816
zdánlivý,16031
přihrávek,20591
širokých,3781
režisérky,4661
paprikou,11629
odtah,20817
slova,5229
vrba,20818
věčného,9209
fenomenální,20819
zprostředkují,20820
vrtačka,20821
chromované,20822
zvědav,20823
presbytářem,20824
stavebnin,16601
duševních,9622
upravujících,20825
plněním,10853
límečkem,20826
zkoumající,11185
jezdec,20827
huby,20828
pravdepodobné,20829
stářím,9116
štětiny,20830
novy,20831
spokojení,13039
neustálou,5311
řízena,2957
nejak,20832
světel,5599
měřeny,9401
granáty,12892
průvodčí,20833
výrobou,2293
učitelkou,8993
polovodičových,12627
nemovitá,16499
svítivosti,20834
ubytovacími,20835
výpletu,20836
neúmyslně,20837
pronájmem,7566
vhodnými,390
vyspělá,13228
civilizačních,19287
chybě,17448
finančnímu,3936
slečna,16108
silikon,20838
vesnické,13586
těžbu,9343
vrcholy,2124
pavilonu,6609
gauči,17485
latenci,20839
nerušeně,20840
nerespektuje,20841
korpus,16668
hlavové,20842
trati,14433
tvrdá,8333
living,20843
alkalických,20844
vyráběného,10557
nestrukturovaná,20845
bubliny,14279
rakouského,10126
musea,20846
alexandra,20847
stezkou,3353
vodičem,15989
atributem,19254
vymazat,10642
dáváte,3734
solárium,19593
segmentace,20848
zápletky,16456
dásně,20849
zbraním,19824
četná,13251
polyká,20850
roztomilé,13625
řetězů,10215
terénních,16341
filtrační,20851
sousední,10623
mincí,13947
your,20852
ocasu,10326
výmazu,20853
vypada,20854
tvory,13742
vhled,20855
zuby,19276
multiinstrumentalista,20856
starého,5912
tematicky,20857
proudu,16989
vhodn,20858
sakristií,20859
dojdete,545
témuž,278
jakési,12079
klik,18180
vylepšení,18723
říšského,4408
kalibraci,20860
přibrat,20861
vyspělosti,20862
mikina,19951
samičí,20863
právníkem,10685
šancí,6866
alma,20864
pointy,20865
síle,4808
kari,20866
brutálním,13875
specifikaci,6524
vraha,9931
quiet,20867
posádky,7927
diamanty,19823
opravoval,10916
volného,2260
mìli,20868
drátěné,12571
batohu,8856
nekvalitních,20869
postelí,3485
srostlé,19822
příběhů,6774
sedadlo,11682
bruslí,6070
proměnil,14744
inkontinence,20870
vkladanie,20871
plemene,18108
vyloženě,20872
střihy,4754
rozpustné,7918
útulek,20873
netrefil,14970
tango,20874
nespravedlnost,20875
jsi,478
posedlý,20876
pokročilejší,5406
rozdílných,11610
parfémy,14417
mediace,20877
zadluženost,20878
tvarovaných,8289
omlazující,20879
připojené,4954
porodních,13132
stropní,19890
mexické,13233
žaludečních,15074
nakloněné,20880
mladočeské,20881
dodržovali,13310
zdráv,14393
benzínová,12405
jazykům,6876
they,20882
vylepšit,11524
prstíky,20883
milovník,19492
pohřbena,16746
milovníkům,19492
kováře,16513
soukromě,20884
oliv,4786
sháníte,4691
uprchlíků,8655
náhrdelníky,20097
nějakého,5257
aplikacím,9063
nepravdivé,9321
pohoří,14808
ekonomii,14766
školskou,2420
otiskům,20885
zraněných,7628
desítkami,6437
jejž,4189
strojem,16500
sexualitu,20886
justici,20887
šedě,20888
továrně,11888
windows,20889
věty,14174
porazit,11202
šestiválec,20890
sladkovodních,20699
vyslechla,9993
počínání,20891
house,20892
uznávanou,3899
říkalo,1775
zalezi,20893
laktózy,20894
zastavují,20895
vyučovala,11870
skvele,20896
značnému,11147
komorou,6339
lekníny,20897
útočící,20898
profilu,3225
mířila,9612
montáží,10345
křestních,20899
jisti,2518
vpravdě,20900
hrobek,20901
kajsav,20902
tyčinky,20903
pum,20904
dialogu,4340
oddenky,20905
občanem,5267
míčkem,20906
frázi,20907
připevněna,11606
prohlížeče,16822
násilně,20908
hradů,3854
pojmenovány,6653
pevnou,2429
přesnému,3180
kombinační,20909
nutnosti,13855
jádře,15816
obrazovou,8237
křupavé,20910
mladík,20911
hororů,20912
celému,167
kameru,10782
zainteresované,20913
stromku,20914
jam,17309
stolů,4697
odvážně,20915
pirát,14645
verbální,20916
svařované,20917
převodu,12568
bitevních,8382
naučíte,12594
vlhkosti,19292
pamlsky,20918
měřítkem,6186
poutavou,3776
formátů,20919
holandského,16006
konfliktech,10410
komplikací,3320
následovníků,2415
zaměnit,13788
přízeň,12238
vzadu,20920
prostoru,4819
novorenesanční,20921
pecky,4957
neuplatní,20922
kříženec,20923
put,20924
hybridního,16908
označením,19191
koeficientem,8868
samosprávné,8797
obavu,3784
neškodné,20925
vyjádřené,10779
hybridů,17295
tekutá,10584
administrativně,20926
content,20927
vyjadřují,5722
sebeovládání,20928
výrobců,15193
proudovým,16477
vymezují,8404
spotřebitelem,9486
funkcionáře,11555
evangelického,7464
infekční,17939
navštěvujete,5920
nedopustil,20929
vzdaluje,20930
jakoukoliv,7066
londýnských,7734
pracovnice,20931
povzbudí,7563
misce,13528
primárního,5743
olivy,4786
tenisek,20716
adekvátně,20932
rozmarýnu,6007
ochránil,18396
rodilý,3527
černí,3938
drobky,20933
paláců,5560
jádra,15816
coververze,20934
organizovanou,3751
proměn,6519
lineárních,20935
ateliéru,9994
kladů,20936
tekutina,18423
rozkladu,11850
človek,20937
kapři,9504
which,20938
závodù,20939
stromům,9081
písněte,20940
registrovaném,3043
kráse,5928
dceřiná,12128
totožná,9461
přezdívku,6836
pokraji,20941
připojují,6814
restrukturalizaci,11652
vlastněné,17782
rezonanční,20942
záliba,11700
mimo,20943
nizozemském,14199
hrajících,20944
hutní,20945
hříchu,10504
intolerance,20946
motiv,16734
notářské,20947
kostičky,20948
úředníků,7219
poslanci,3531
předchůdkyně,20949
spojí,10680
termostatem,20950
zlomků,5758
slušnosti,20951
trenažér,20952
přepravu,12939
rovnováze,13668
hladin,9060
dráty,10925
soustavě,5688
odstřeďování,20953
složitých,2940
zámořských,17836
úsporné,9226
odvrácení,20954
nápadně,13463
královskému,7592
švýcarského,9271
lehce,20955
stolice,20956
místopředsedů,5093
miminku,6468
schopných,9452
zavazadlového,20454
pohrozil,20957
sucking,20958
alpských,10622
řemen,20959
vysokoškolsky,20960
zlost,20961
úspěšnému,552
sladidla,20962
utěrka,20963
rostlin,8861
přimět,3852
etue,20964
věnováním,10883
šetrnější,14649
atestaci,20965
výrobních,4776
opakovanou,1532
polštářem,14228
yardů,20966
očistu,8349
měkkého,3009
konstrukčním,15366
shopu,20967
nepřesně,1106
efektivním,9627
rybářství,20968
kontakktu,20969
rozměrů,15866
získáme,6134
obžalovaní,12068
zrcadle,10148
sluchátky,3690
artefaktů,15337
založeného,1797
odstranění,20970
přátelskou,5404
sanitky,20971
relací,11284
tajemným,14793
fixy,20972
příčin,7388
gramu,3172
životopisem,5051
prémiových,3269
čočky,19961
provždy,20973
participation,20974
nimž,4189
nádržemi,16024
pupínky,20975
kanadských,2658
stodoly,11603
poradili,10845
telefonu,277
filmaři,13225
rostlinných,8160
nasycení,20976
padáku,20977
konkurovat,20978
podpěry,20979
indukční,20980
vaši,6849
utkala,11861
kázeň,12296
kvanta,20981
děcko,18320
populárním,1180
určující,20982
zapnu,5907
dceřinou,12128
orientovaných,14873
upínání,20983
vyrovnanost,20984
souhlasu,11558
diametrálně,20985
oprostit,20986
zákonného,6121
tuzemského,9105
kávové,10931
pomocnými,1112
vyživovací,20987
vazů,20988
teleskopu,15202
množstvím,13638
konzervativního,12335
otočení,20989
vojensky,20990
abstraktních,20102
tašce,9856
zkázu,15496
utěsnění,20991
výpočetního,13752
krémem,20992
odveze,5304
přátelství,20993
klidne,20994
měřidla,20995
strážníků,11098
vyjměte,20996
líný,10796
spotřebitele,9486
stereotypů,16458
objemem,6652
nosiče,8857
svatba,3278
hokejových,5508
komorního,12789
zajali,3594
zachraňují,15196
tie,20997
víkem,20998
procesorech,16334
redaktorů,5738
kostýmech,20999
rovnosti,21000
umístěnými,10461
geografického,2343
mámu,7026
zapínání,21001
kity,21002
zoubky,21003
viniční,21004
měnící,21005
učebnicí,4979
narušil,21006
nohu,7641
dravci,21007
vybaveného,9690
zpěváci,5528
dolování,21008
podnájem,21009
zástavu,13994
jihočeském,9356
pohřbívání,21010
jakém,5868
dvorské,21011
karibské,21012
elektrokola,15064
začátečníkům,7007
chovala,8412
orgánů,6295
lavičky,16257
has,21013
chovatele,10893
tihle,881
toxických,14361
klasicistním,21014
přísady,12721
kakaa,14622
nůžkami,21015
rozkládat,14748
lan,21016
polštáře,14228
skutků,16442
ušetříte,12354
měniče,17968
zranit,16268
přebytečného,17981
potyčce,21017
vyrovnávají,13760
multimédiím,21018
pokrokové,21019
vyspělý,13228
břidlice,21020
vyučovalo,11870
konkurenti,16543
water,21021
krutou,1768
početných,13897
hravě,21022
nástrah,15343
živit,12885
volnému,2260
tlamy,21023
skútry,21024
entity,21025
legislativu,2387
odpaliště,21026
poškrábáním,21027
vídeňskou,6223
zaprvé,21028
přípojek,21029
sudetských,21030
trpělivosti,14863
řešeny,5775
dásní,20849
žárovkou,12314
vytahování,21031
připojeny,10379
tance,7524
alobalu,21032
balzámy,10257
újma,18683
nebýt,478
příkonem,21033
zprostředkovatele,14628
vaničku,10514
autodíly,21034
gymnastiky,6211
opakovanému,1532
pověřeným,8322
trakce,21035
váza,21036
menšinu,15302
koleček,10227
řízeny,2957
míjí,21037
vzdáleném,13866
pětky,13236
zakotveno,21038
restaurací,8385
rychloupínací,21039
vybaveny,9690
ekonomů,3848
sionistické,21040
vršku,4975
lahvi,21041
nevinných,13073
teritoriální,21042
uchem,6727
přihrádka,21043
she,21044
podpisy,4046
silikony,21045
histoire,21046
indexy,8154
klasikou,21047
účinném,5390
docílíte,13780
tyhle,881
chybou,17448
přírubou,21048
hledět,16870
policajt,21049
uložené,12398
vlévá,21050
typům,11314
milenkou,4724
nepřátelských,5404
vodivost,15609
word,21051
kapitálu,12855
valenou,21052
patre,21053
zakládány,12620
šachet,21054
emirátech,21055
jednodušeji,9436
vápencové,21056
věží,10887
holič,21057
nadpisy,6020
vodotěsnosti,21058
karosářské,21059
posouvání,21060
popsaným,3745
nástupnické,19655
páka,21061
bojovníci,12952
tělesa,10963
sty,6666
nádobí,12546
čela,10221
voci,21062
pravici,12205
vyvinuly,9934
espressa,21063
zdroje,5857
šablonách,18110
půdních,11541
moja,21064
myšlenek,1729
nelegálních,16826
livescore,21065
komunitním,4418
úložných,21066
zredukovat,21067
štětinami,20830
klubům,2974
směru,9032
futures,21068
stěračů,17705
tvora,13742
měnil,7192
nevěřící,21069
hranolovou,21070
architektonických,2468
umístíte,6142
vyděšená,21071
organizér,21072
jednodílném,21073
reprodukci,11396
smoothie,21074
ozdobných,14172
mathbf,21075
navrací,21076
krotit,21077
pojistitelem,21078
kolíčky,21079
hodů,21080
demografického,6793
videích,1653
obratně,21081
fólií,12189
client,21082
sklony,19411
jazýčky,21083
nástrojové,21084
tym,21085
nejmenšího,2564
trefu,21086
činžovního,21087
kritice,14371
složitého,2940
ústavních,15961
nespokojený,13039
manzel,21088
prověřených,10974
smluvních,13534
slipy,21089
mřížky,17901
továrnách,11888
kuličky,18018
zvyklosti,15264
přepisovat,20134
křídle,10614
způsobenou,5562
zdravého,14393
flóry,18353
chováním,18016
zadlužení,21090
závodění,21091
prostory,4819
mlčenlivosti,16219
antibiotik,16452
příkazového,13854
trvalou,3206
hmotné,17045
plevel,21092
nedorozumění,21093
chodce,11726
drog,10242
ambulance,21094
žirafa,21095
obdivuji,11897
vosky,12497
groups,21096
morfologie,21097
slepičí,21098
řídicích,12479
získejte,6134
zakladatelů,9384
poškozena,15008
náušníky,21099
hornatina,21100
looking,21101
markets,21102
cukrem,14948
páry,8479
majiteli,12113
jemném,11164
preparát,20270
řad,4861
badatelů,7722
proceduru,13158
pomníků,21103
mýtů,3990
odběratelů,6985
imigranti,21104
hádanek,3193
čteš,3523
stejnopohlavní,21105
rázu,17269
lyžařka,21106
tys,6072
lines,21107
vaničkou,10514
uni,21108
oválné,21109
závěsné,6427
fototapety,21110
ženu,8383
předkem,9590
lemuje,21111
vole,1254
ostrosti,21112
otáčkami,21113
nálož,20343
jmenný,21114
satira,21115
podkategorií,21116
civilního,9991
čárkou,12777
matematice,13699
tvá,15356
posunu,7445
těsnost,21117
nositelky,4355
spodního,11318
arbitráži,18742
absolutismu,21118
nádoby,15554
semnou,21119
směřujte,16871
zbavit,16739
souprava,17290
vybudoval,4506
směrů,9032
konzoli,21120
padělání,21121
útěchu,21122
výjimečnost,21123
hraničních,12469
močí,11647
neosobní,21124
aspektech,4634
rozbila,18932
hravý,14204
arabštiny,17430
černých,3938
zeptejte,3140
vzdělanost,12993
kandidátku,3834
urazit,19464
byzantského,11316
dřevěnou,2760
unikátního,10633
danými,21125
studni,11549
pracovitost,21126
netto,21127
osvobodí,2520
setrvačnosti,21128
lité,21129
zadejte,2192
fikci,9814
aglomeraci,21130
system,21131
upravovat,7580
standardnímu,7856
komody,21132
definují,8170
namísto,21133
nakolik,21134
zdrobnělá,21135
praporky,21136
švagrem,8992
všecky,14610
tvrz,19889
aglomerací,21137
definicí,13188
módě,5609
tableta,17512
darem,15170
plochého,2058
rybka,21138
zanedbání,21139
editace,21140
označeného,8258
kvalifikaci,10924
jízdě,7076
hranolová,21141
látkám,12713
knížectví,21142
činiteli,11056
úhel,19447
podniků,7807
kinetické,21143
second,21144
tebou,6072
přemění,18708
velvyslance,10447
jeste,21145
fráze,20907
subjektivitu,21146
zástrčka,21147
úsilí,19670
laptop,21148
zabijí,13249
vkladu,12524
mam,21149
injekční,21150
obětoval,14294
mechanik,19609
toaletní,17689
předchůdců,7380
základu,3566
psané,10943
postu,14414
behaviorální,21151
léčil,16762
oběti,10989
dálku,16007
bránu,4242
uznávaných,3899
split,21152
uzivane,21153
travní,20380
ponechá,8820
nevyhovujících,21154
biochemie,21155
centrálu,5729
sladší,6812
skle,16764
prostého,11107
honosné,21156
chronickou,5763
zničením,7514
korzety,19454
střídající,21157
představitele,8619
nezapomenutelnou,2168
speciality,11182
přitažlivost,19428
metadata,21158
sestupující,2407
švy,21159
německých,5677
odpadne,21160
interiérem,7496
přípravky,17205
přítoků,9790
vozu,13673
hloubek,5045
patentovaným,21161
pokojíčku,21162
oblibu,8513
palubních,13152
cyklostezku,11424
písma,20498
malířky,21163
selektivní,21164
železárny,21165
ledaže,21166
nemocnic,8428
obrazů,12978
dopadu,2500
statcích,18335
idejí,15576
něžný,21167
spojují,2471
evangelické,7464
zabily,13249
brousí,21168
rohu,940
rozhodčí,21169
velmoci,17676
slotů,21170
pobřežních,18800
akrobatické,21171
senátě,5653
boji,8175
ostudu,7758
úplatky,15034
molekulárních,21172
vlci,9739
inovačního,21173
trampolína,21174
jihomoravských,18570
pokynů,5030
andělem,15887
sepsané,21175
vrtulníků,11100
gramatické,21176
střepy,21177
stabilitou,7069
úředníka,7219
zhoubné,12996
zapojeny,8110
nástaveb,3175
zamykání,13398
drátů,10925
kravatu,11210
kamionu,10825
zapojené,21178
vyučuje,11870
zbylé,7995
artist,21179
zaměřeny,5967
cyklistiku,21180
geometrické,13539
uherská,9145
důvěryhodné,14539
jemu,2442
neexistující,10012
rezidenci,13877
celebrity,21181
tlakových,12463
voj,21182
ztotožnit,21183
kategorizovat,21184
dřevu,6537
relevance,21185
garsonka,21186
spirály,18115
vrátíte,762
sankce,18164
tvorové,13742
těhotnou,6830
snímací,21187
italského,7414
spotř,21188
žalmů,21189
silnic,9324
přítomnost,14582
zastoupeno,18565
vtipně,21190
norského,7310
železnou,3868
fakult,1838
modní,21191
čáry,7673
paralyzéry,21192
migranti,21193
rybičky,21194
anorganické,15252
vyvinuté,9190
pračka,16843
byzantskou,11316
hospodě,15051
tradici,7489
branži,18665
učebnu,4010
civilizaci,8849
korupční,21195
sklopné,21196
odvodňovací,21197
polem,20048
podvozek,21198
větou,14174
bodových,11719
modlitba,20288
špitál,21199
stránk,21200
skupin,8104
spoléhat,21201
kvalifikovala,13378
zasvěcena,4947
podvojného,13035
všemožných,18478
zbraněmi,19824
kytici,14305
antologii,4537
respektoval,9810
hořčice,21202
úřednice,21203
výkresů,4190
sportovišť,16411
výtažek,21204
mísy,17592
opište,21205
potomek,7272
referencí,21206
mákem,16892
zoom,21207
apartmány,9024
vášeň,18442
koncentrovat,21208
lomy,15920
rybolov,21209
uzivam,21210
kabelu,21211
vzbouřenců,21212
arabského,8031
prdeli,21213
vlásti,21214
taxonů,21215
generaci,5887
zvíře,9613
vanilkové,13701
zbylou,7995
otočnou,21216
porazila,11202
dávkami,7845
kroužku,4936
výsady,21217
diference,21218
udržitelnému,8365
digitizéry,21219
kolejnice,21220
způsobující,21221
zat,21222
pozici,13977
stimulující,21223
epizodní,21224
kuchyňského,4181
est,21225
majitele,12113
odolné,13561
validní,21226
samsung,21227
náklonnosti,21228
strojové,12531
pacientům,13899
dědičných,9185
ruštinu,12165
povstalců,11170
váhové,21229
vysílacích,15968
počítačového,464
zákoníkem,9562
trestán,13839
obvody,5154
tlaková,12463
útočná,18635
situována,10774
kontinentálního,8669
privatizaci,14690
nakupujících,11256
poslušný,21230
focus,21231
skripty,21232
api,21233
plevelů,21234
pouzdro,20125
sériově,21235
živly,12024
spoléhá,21201
srovnávači,21236
povolování,21237
zemědělců,9518
benzinové,19771
lékaře,13895
vložených,16288
his,21238
getting,21239
ktorý,21240
fotbalovou,7242
řasy,12073
přestavbou,5556
osidlování,21241
vyčleněny,21242
endokrinní,21243
vedoucího,11860
napodobuje,21244
pověřené,8322
ponesou,2428
kriminalitu,6686
kazetě,10198
kabelce,18277
členěny,9207
optimalizovat,21245
archiválií,17808
odkazů,5057
holandské,16006
hnědých,839
hladové,6746
nezávisle,21246
funkčně,21247
jihlavské,21248
vyrůstala,14441
důvěru,7366
kamery,10782
předpisům,5285
dešťovou,2084
cirkulaci,21249
měrou,6688
moření,21250
malíři,6936
otravovat,13384
modlitbou,20288
čínština,21251
dabingu,21252
porozumí,20044
přirozenosti,20433
zákaznickou,2667
ptactva,21253
zajistí,9092
létajícího,21254
lanovky,16393
odkazu,5057
rozšiřujících,15620
mužstvem,18393
sacharidy,21255
emirátů,21256
cestu,3793
vesnická,13586
krásne,21257
vloží,2347
kvarteta,19318
jakým,5868
irské,5449
stavení,21258
stravou,21259
ujištění,21260
odbornému,1276
nevztahují,21261
mozků,16939
třídí,21262
klenotů,10587
opuštěném,6218
moče,20606
vzájemného,8710
tašku,9856
spisovatelkou,6990
inteligentních,21263
interprety,10230
miss,21264
pařížského,1259
kamenného,7412
měděných,5361
zemi,4163
položte,7536
otáčením,21265
octem,18900
zdobením,21266
stvořili,14464
fiktivních,15139
reklamací,10217
postýlku,14249
měřítka,6186
dvouděložných,21267
medical,21268
měn,4788
montážního,12813
směsi,21269
gangů,21270
átéčko,21271
katolictví,21272
kapacitně,4310
spisy,16480
masáž,11385
kafi,6235
avantgardní,21273
holkám,6617
synka,7725
pohladit,21274
stadionech,7455
krájení,21275
vazbami,6030
symfonií,3493
brankář,21276
penál,21277
koupelnová,8182
hlídek,13878
obrovského,4869
mikrofiltr,21278
městskému,3780
fyzioterapie,21279
ručička,18588
veličin,9677
vyžadovaly,6149
bio,21280
funkce,15084
defekt,21281
sítí,10206
klany,21282
početné,13897
kasina,14108
mate,21283
nechtěnému,21284
homosexualitu,16032
sea,21285
bodového,11719
dobří,939
doktorce,16004
dětskou,3436
řešená,21286
bezpečnostním,10646
blízká,1486
odpadové,14642
řeklo,2259
zvířat,9613
efektně,21287
říčních,12226
letadlových,10565
mystika,21288
teleskopická,10967
přísluš,21289
nerozumí,8574
bytovou,7994
pohonu,10352
vysílány,5709
original,21290
zásadách,13589
představenstvu,7499
jasu,10165
odlišit,21291
navazujících,4182
řazeny,21292
paragrafy,18791
bannerů,21293
adopce,19809
nesmrtelnost,21294
nezastupitelnou,21295
western,21296
zločinci,13283
ukrajinskou,6284
sekundárně,21297
sázek,13918
železných,3868
týmech,5195
vit,21298
zobrazovány,10597
nedáš,21299
paprice,11629
trojské,21300
vyvážit,21301
kosterních,20400
lodích,17462
snižoval,7343
lodních,18390
botky,21302
mastná,6460
svalů,15384
konvenčním,21303
stavebně,21304
soundtracku,21305
sirupy,17329
vévodové,17879
svéprávnosti,21306
poskytnutou,4226
hraješ,3614
penize,21307
babi,21308
věcí,13538
garancí,21309
psi,9409
ucho,6727
královnu,15211
bible,21310
hornin,15787
truhlářství,21311
slušet,10654
psacího,7419
střižené,21312
uprchlických,20129
latinské,9456
přispějí,3029
daná,6345
albumy,21313
škodlivosti,21314
unese,14324
zmrzlinu,8085
bacha,21315
zoomem,21316
váleční,1626
ptejte,21317
sluchátek,3690
ubytoven,21318
podílející,5207
zoufalé,3204
věnují,10883
šlechtění,21319
instrumentů,21320
snížíme,5969
zhluboka,21321
podvodů,8823
fyzickému,4343
korporacích,17441
estonském,4533
nadával,14213
činely,21322
vrcholovou,3684
uprchlíkům,8655
upravení,2581
polstrovaný,21323
obraťte,14150
jízdenku,8741
ramenem,14148
análek,21324
profit,21325
odhalování,21326
vak,19472
střelby,11048
sloupku,11295
nepříznivě,8231
reklamě,11009
bajonety,17701
yes,21327
likviduje,21328
rovné,7139
banánu,8787
opracovaného,21329
dvojnásobnou,1657
perfect,21330
koncipient,21331
minimu,11854
opozicí,15427
vládcem,12229
nahradil,16368
nastavte,12899
bočních,5748
zobrazovací,21332
klika,18180
soběstačností,21333
vrásky,21334
výtvarníků,6388
zastoupená,20620
starat,11022
vystaveni,5467
mooc,21335
branou,4242
slovník,16619
operu,7259
prospěšnou,6889
privatizací,14690
potrestal,18079
markýze,21336
rezonance,21337
žaláře,21338
kartiček,21339
intencích,21340
podobná,6710
závislá,4217
španělského,8244
rovným,7139
užitnou,15536
přenosovou,8648
laminátu,21341
unikát,21342
plazmě,14455
šelmy,21343
živiny,16798
stmívačem,21344
parkovišť,9957
tyčinek,20903
slovanskou,6469
vztah,7424
rétoriky,19568
odpojit,21345
tmely,21346
zvětšují,10102
sklokeramickou,10106
pekáč,21347
stativu,21348
kapličce,17947
šlechta,21349
dominikánského,9809
pøíruèka,21350
radním,21351
kvarteto,19318
osteoporózy,21352
šroubení,21353
převody,12568
provozně,21354
všechna,862
kruhového,3247
složena,17251
startupů,21355
děkanátu,21356
hospody,15051
aerobní,21357
celulitidě,21358
másle,15720
flexibilitu,6306
výr,21359
pracovněprávních,14937
luxusně,21360
cizinců,10619
pánského,7975
účinnou,5390
střílel,13505
posílena,15268
jódu,21361
nedalekých,9094
figurují,21362
polstrované,21363
peso,21364
zubaři,14205
islamisty,21365
buddhismu,21366
hotelích,8994
roztroušeně,21367
rockové,7797
pejska,15677
mechanizace,21368
ikon,13447
elektronice,21369
matčiny,21370
karavany,21371
biotopu,21372
učitelek,8993
sjezdové,21373
mechanismů,21374
úkor,21375
pohraničního,15597
sítím,10206
úložné,21376
vyznačení,7834
nastolit,21377
hadí,21378
kritériím,6229
čtverců,12575
naprostého,9382
cedulky,21379
sestavách,5855
plechem,21380
zónu,3706
ustanoveních,7591
soudku,21381
structure,21382
konzervativních,12335
funkčností,21383
žerou,21384
boxer,21385
pověřenou,8322
stylistické,21386
legraci,14460
autíčka,21387
cítit,7044
periferii,12785
nedokonalosti,21388
doutníků,21389
proměnlivou,2963
používanou,2855
užitkové,8180
zástěra,21390
galaxie,19412
zadá,21391
překážky,13781
ošetřit,16122
lahviček,21392
wikipedistou,21393
kouzlem,17912
surovinyje,11566
lux,21394
sklenici,21395
vzdělávacímu,693
traktoru,18408
líbání,21396
destruktivní,21397
těles,10963
klidného,2737
pašování,21398
ochrannou,2989
přepadu,21399
romantickou,7186
energeticky,21400
usadit,15540
střihů,4754
vložkou,21401
kraťásky,21402
barviva,13212
usídlil,21403
kuchyňských,4181
umístěni,10461
kostelíku,17629
účtenku,14262
námahu,14086
chovatel,10893
boční,5748
zjevení,21404
letadlové,10565
vlastnostem,19205
vinicích,21405
fox,21406
odličovací,21407
učilišti,21408
pohádkovou,7129
pera,10427
diskriminace,21409
kluzáku,21410
moj,21411
bývalých,2217
galvanicky,21412
zatížení,12406
náhrobku,21413
neznámých,898
nahá,9730
královně,15211
sanitka,21414
ausgewählten,21415
tech,21416
můžes,21417
kováři,16513
plot,11020
omlazení,21418
spony,17768
kotníku,6697
narůstající,21419
kosmonautů,1158
ala,21420
lázni,7987
mamina,21421
hokejistů,7914
obecných,4437
ječmene,6613
chaloupce,18765
cizí,9651
kalhotek,15982
souhlasíte,3312
přestupem,4761
hrobů,7752
přizpůsobeno,9536
izraelské,7232
různorodou,4620
soudce,21422
vrásek,21334
strašlivě,21423
blbosti,14020
nevěru,12254
hororu,21424
rodech,17411
mužského,8618
cetnost,21425
oddělila,11193
fragmenty,19180
zneužití,15511
dceru,11757
žalovaného,21426
porad,497
ochran,11828
beim,21427
nekolik,21428
všechen,862
narušuje,21429
posilovač,21430
trojlodní,21431
oddíly,10694
plotny,21432
spis,16480
údajného,7486
kterýho,21433
utvářejí,13428
profilů,21434
obecnými,4437
ubytovaní,21435
strojích,16500
korbu,10265
navštívené,1577
sprostě,21436
poučení,21437
liberalismus,21438
taktikou,21439
citů,20532
domnělé,21440
mobilnímu,6104
přípustná,14365
neúčinné,5390
nájezdů,10737
metu,20784
vyléčit,21441
přez,21442
plicní,19929
koupelnu,8182
postaví,13692
tropickou,841
kostní,21443
indukci,21444
vrahem,9931
továrního,12872
technicky,21445
prázdnou,2551
poutním,21446
samce,19762
ztvárňuje,21447
závadného,17165
inzulinu,21448
sledováni,2392
nepracují,21449
pivovarem,10361
terčem,21450
ovládaného,12089
větě,14174
britskou,2566
arcibiskupa,3827
mezerou,15664
touze,7638
domovského,2404
strike,21451
dražeb,16152
obyčejného,6205
ukazatelem,9881
kmen,21452
kapsičky,21453
odpadních,18133
srdíčka,21454
tvrzení,18773
reguluje,18546
stomatologie,21455
dehydrataci,21456
automatizaci,14052
útvaru,8729
orientální,21457
urazil,19464
městečku,8752
pojistit,21458
mohutnou,9851
segment,21459
textur,21460
nek,21461
ošetřen,16122
potenciálních,7944
zjeví,21462
dědičnost,21463
zlatnictví,21464
disciplín,13971
basové,5968
ball,21465
názvosloví,21466
požárním,14434
polských,6130
nivy,21467
teologických,16388
chaty,6325
tepen,20308
postiženy,8544
uměním,17303
ústupky,21468
reg,21469
protagonisty,14304
autonomních,17683
zmáčknutí,21470
interpretů,10230
atlasu,19450
urny,21471
právnickou,6925
velkou,3442
aktů,2947
obydlí,21472
kamenické,21473
potoční,21474
výchovu,6323
prodejců,14366
teriér,21475
konzervativně,21476
čerpají,8259
poutních,21477
nesouladu,16037
zapínáním,21478
najdu,7815
figury,20544
operátorem,10746
nástrojem,9284
vyhrožoval,18446
dynastií,3445
uvedeni,1398
výměn,5670
důlních,21479
videokamer,18592
péči,12745
přijímal,4065
rozlišování,21480
nápadné,6310
continuo,21481
plovoucích,7616
ovečky,21482
dlužníky,21483
dotykovou,21484
srozumitelnou,5598
spodu,21485
rakve,12355
agregátů,5603
nevědomě,21486
plukovníka,3344
hořáky,14019
aretace,21487
vyučujícího,21488
starostovi,4316
hash,21489
drobného,10442
rotaci,21490
giveaway,21491
nahrávkách,5309
mořském,6491
levo,21492
reprezentovalo,7847
plul,11275
vyprané,21493
tělních,21494
syntézou,21495
velikosti,19657
hodné,17495
omezil,13530
rakousko,21496
clovek,21497
soundtrackem,21305
patchwork,21498
coated,21499
smíru,17500
slitování,21500
orální,21501
produkují,13516
přednastavených,21502
rozd,21503
kolie,21504
ochraně,11828
zbývajícím,10981
otvoru,14068
občanovi,5267
ponorné,21505
připojovat,10379
perníku,7840
činných,9837
povrchní,21506
koši,15706
odívání,21507
dosti,16280
doufam,21508
spotřebním,3807
činný,9837
otravné,21509
psychologa,3105
nacionalistické,21510
přívodu,21511
poskytovaného,3997
ref,21512
zlacené,21513
upevňuje,21514
optického,4682
odpadkové,21515
klávesa,6398
tužší,6242
vyhledávacího,21516
katedru,6141
kostry,14332
relevantní,21517
soudců,21422
pojištěný,17876
tabuli,17942
starověkého,8452
pečlivostí,15735
analogových,10951
omluvu,13588
děláš,2861
plátců,15393
modliteb,20288
podnikající,21518
kadeřnici,21519
dispečinku,9349
nevlastním,21520
bordel,21521
articles,21522
podobnost,21523
podpatku,21524
odpovědným,9637
držby,21525
pyšný,12543
ochotníků,21526
mešitě,20582
nazývaných,9421
krumpolce,21527
inkoustových,7855
mosaz,21528
cizince,10619
zalíbí,19040
rodinka,4288
propustí,5839
logiky,16541
generátoru,9656
povlečení,21529
vie,21530
rozvodového,21531
podřízení,7265
zajištěná,9400
důstojnost,15221
argumentů,13861
rival,21532
muslimům,17623
grateful,21533
studentkou,8016
odečíst,21534
stáje,21535
resort,19325
combo,21536
ústrojím,21537
pokořit,21538
upraví,16237
dlouhému,1855
knězem,17479
načítání,21539
majitelů,12113
odstraníme,21540
povinností,10759
těsta,19334
konstrukcích,17640
prkénko,21541
jersey,21542
meditací,14398
sloupků,11295
génia,12666
cestám,3793
farmu,15128
zadrží,6674
hořčíku,5240
kabelů,4383
nezávadné,17165
šípem,19336
uspokojování,21543
úsporou,21544
trubkou,6054
mírovou,5372
stadia,8171
formálních,5867
spolků,11684
zmrzlinou,8085
hvězdičkou,10329
středové,6857
značkového,15736
býka,11116
bytostně,21545
aktiva,14779
testosteronu,21546
lokálních,8596
vnitřně,21547
sind,21548
zaměřující,21549
ein,21550
tka,21551
pool,21552
neslučitelné,21553
byste,478
indikaci,21554
svatebni,21555
zmatku,13178
vesmírných,2087
rošt,20467
čarodějky,3652
doktorem,15752
kdyţ,21556
semeník,21557
nepříjemnou,19819
vložím,2347
padesátku,21558
lázeňského,7969
dřevitá,21559
katalyzátory,21560
tanečním,11818
jednoduchých,2738
moru,21561
přibližují,10396
dildo,16620
kvalifikací,10924
zaručených,10850
zkušených,13548
dominantního,18047
loktů,18557
vytržení,21562
vrchnímu,8684
důvěřovat,21563
maličkostí,13497
prototypů,10917
obyčejných,6205
odolávající,8923
vřed,21564
uchovávají,12334
bedny,16444
ostatního,1219
zčásti,21565
obětní,21566
revíru,5710
řiďte,6593
žehlící,21567
odvaze,11512
peněženku,13484
slibu,15388
markrabství,21568
nárokuje,21569
reklamační,21570
upřímnost,21571
slabiky,21572
rafinované,17497
památce,6580
postupovaly,10669
vyvinulo,9934
linek,8658
oponentů,17504
raketě,12992
sýpka,14283
užívajících,21573
sjezdovka,19622
romské,21574
zvětšil,14895
vyber,2015
osiva,21575
dělilo,9079
drogu,10242
zónou,3706
motorového,7268
pout,7454
přivedou,5082
vozidla,7256
odlivu,14009
dekolt,21576
mailů,21577
uráží,21578
korekcí,21579
odborů,7280
vymezil,20194
sjezdovkách,19622
měnit,7192
kompresní,21580
skoncovat,21581
zásobu,6094
zájmům,10124
informačně,21582
obětovat,14294
potahy,11705
kopií,12131
mléčný,12928
polici,18864
obrazovek,13198
nuceného,6319
zásadami,13589
spalovacího,18782
divokého,7548
bavorská,16675
zpívající,3719
ludický,21583
statkem,18335
kufrů,16897
sloupce,8397
cvičeních,14612
protestanti,21584
všelijaké,21585
obecnímu,5344
šampionátů,7173
homeopatika,21586
skladateli,4906
usazenin,21587
slo,21588
sportovců,5089
zbytečně,21589
řeckých,8791
raketových,7348
přirážky,21590
lineární,20935
pudry,15334
škodu,13532
zaujíma,21591
trezoru,17505
činitelů,11056
sloupech,12920
interakcí,15673
brutálně,21592
brázdy,14194
emitenta,21593
etického,15711
hotfix,21594
odvozené,13491
uchycen,21595
číslice,13209
šamponem,21596
potápěčů,21597
těsnění,21598
uložený,12398
zámečníci,21599
kapotou,21600
rytíři,5993
vlasu,11050
zachyceny,19986
vicepremiéra,16273
třmeny,21601
ověřenou,4003
činka,19051
zodpovědného,6157
pilového,14556
utvářet,18523
spoustu,8546
neznámou,5591
misky,13528
tučné,21602
komárů,13142
dědečka,14103
vrazil,21603
obdobou,568
zdály,1354
kolečka,10227
chlupů,7135
vyznačující,7005
osady,8521
flotile,21604
práv,18004
rasistické,21605
nelegálního,16826
buněčných,16638
šetřící,21606
mechanismy,7540
čtečky,12483
kauze,13549
spravována,10583
vlivného,8750
zpěvem,2563
míč,16756
profík,21607
pražských,1097
vzorech,7782
posloupnost,17159
řemeslníků,11868
tlakového,12463
umístěná,10461
sousedících,21608
makra,21609
úchyt,21610
nechť,21611
lišila,14541
neobyčejný,6205
sklopná,21612
skloňování,16720
kopců,2424
algebry,18618
gest,17422
garantují,8603
simulátoru,21613
vložek,21614
ladění,17793
kamínkem,21615
přispívající,21616
školáka,21617
poškodil,19854
citlivě,21618
hlasitě,21619
písku,6354
zatouží,21620
udělej,3166
říz,21621
stojících,20567
založí,7344
znamenající,765
lanko,21622
dabingem,21623
likvidaci,16671
vzpouře,14768
zachovalá,17130
oltáře,21624
paždí,21625
lokte,18557
skly,16764
provided,21626
antibiotiky,16452
příbuzné,21627
poslušně,21628
zajištěných,9400
zastrašování,21629
pojistitel,21078
tváře,14044
pekárně,18753
odkázat,16030
obličejem,8801
advokátka,12432
hrajou,3614
ocitli,11356
gamy,21630
vodorovných,8813
bourat,21631
přidružených,18367
neprávem,21632
líbat,7660
libovolnou,5974
upravovány,7580
near,21633
kapota,21634
zainteresovaných,20913
respektování,21635
prošívané,21636
juniorskou,21637
ukradne,10876
sklenku,17847
extravagantní,21638
náčiní,21639
vešly,11410
stranky,21640
opatřený,21641
vsichni,21642
luční,21643
zranili,16268
demokratů,13165
početnou,13897
supersportech,21644
nazpaměť,21645
skus,21646
zdědil,18922
transformátor,21647
lesnických,11350
gravitaci,21648
stabilitu,7069
žáka,3772
medové,17717
prava,21649
mel,21650
silových,13772
zubaře,14205
being,21651
načerno,21652
pouličních,13171
náznaku,2825
kanóny,18955
svůdný,21653
monografii,12224
plachtu,10453
penisy,18310
pedálů,21654
touhu,7638
encyklopedicky,21655
chodem,16396
kovárna,21656
genové,21657
arteriální,21658
inzulín,21659
nutit,7089
městečka,8752
raritou,21660
opírat,8925
view,21661
sestřenicí,15592
hořlavých,18443
levice,21662
totiz,21663
buňka,21664
jižanského,21665
areálech,7713
zpevnit,21666
neurologii,4026
legendami,13648
úlu,21667
stacionárních,21668
svahu,7276
plurál,21669
dělená,9731
kyselina,19910
doplnily,6647
komukoliv,9812
začátečníků,7007
zavázat,18574
piv,9788
pojistiteli,21078
doméně,21670
storage,21671
úžasnou,2401
homogenní,21672
božstva,19843
big,21673
zpětnému,3824
jiskry,17922
motivaci,16701
vysílači,21674
mrazícím,21675
porazily,11202
fotbalistů,3920
hle,21676
chtě,1167
odhodlání,18082
šéfe,8811
hodinek,11653
vztahu,7424
chov,18728
nabyté,9181
podstupovat,8824
tlumočení,21677
erotika,21678
zklidnit,21679
vypínače,19490
microsite,21680
objektů,10471
analyzuje,16343
dronů,20447
databázové,14226
citlivostí,10768
sedáku,21681
vadami,21682
wireless,21683
prostředníkem,9187
tvořeny,13467
nadřízeného,3406
balistických,17801
početná,13897
textilií,21684
velkokapacitní,21685
transformační,21686
stříkačky,21687
implantátů,21688
handsfree,21689
nakupujete,11256
napadeného,11617
křižovatkách,7479
vyhoštění,21690
uloží,9529
žurnalistiku,12169
liniích,13597
populárního,1180
vážném,6346
pyžamo,21691
deutschen,21692
tuzemskou,9105
půjčku,11033
vitaminu,21693
osazeno,8793
indickém,5527
rozpozná,21694
měnícím,21005
draslíku,10940
nuceně,21695
definiční,21696
chrání,12647
osobitne,21697
vymezením,13794
spouště,1443
rostlinu,8861
lot,21698
aktérů,18848
čítač,21699
factor,21700
dodávají,10239
porostu,14151
přehoz,21701
golfu,17630
syrské,8599
charitu,6358
přilnavostí,21702
vyjmeme,20996
pohyblivých,8197
přijímačů,4738
poševní,21703
augustiniánů,21704
evangelia,21705
hustší,4665
polotovary,16353
vytvářeny,17598
lesů,12371
pohnutky,21706
osmnáctka,7668
kancelářskou,3828
praskání,21707
specifik,21708
tečkami,6279
závorky,7507
utility,21709
plynovou,1373
křídlu,10614
vládám,3324
omezeny,3916
přizpůsobují,21710
vyhazovat,21711
převedena,15896
zablokuje,21712
založte,7344
průsmyku,11865
nabídnuty,2051
pohodlí,21713
nezávadnosti,21714
jatka,21715
oranžových,878
hlodavce,10598
vitální,21716
zbarvením,12796
učiliště,21408
rivalita,21717
úvěrech,6109
spoiler,21718
vzhledově,21719
respondenta,6645
řezané,21720
nky,21721
hůlky,21722
kopce,2424
nevznikají,5883
registrovaná,3043
fotbalisty,3920
najet,20132
reprezentovali,7847
členky,5594
charitativních,13232
zdiva,15238
zadržení,2372
elán,21723
úvěrových,13930
tabulkách,5426
zubů,19276
pokojíku,21724
show,21725
invalidního,15466
ohniskovou,21726
troubou,11771
kněžství,21727
zdravotně,21728
klonování,21729
zaručeno,10850
komplexně,21730
boudu,9089
state,21731
koloidní,21732
rozkol,18686
popruhy,21733
soustavou,5688
napájet,10431
tetování,21734
překrývají,21735
transportu,8118
tělovýchovné,8946
malebného,18145
chutí,11034
tělové,7546
posádce,7927
nestandardní,12906
můstku,8082
omezila,13530
malebném,18145
zabírat,4254
rezistenci,21736
tag,21737
nechtě,21738
návěstidla,21739
operacím,7905
ohledech,13297
kapsou,11781
propustnosti,21740
propast,10393
specifické,13346
výměníkem,17767
mluvčích,5484
narazí,10872
úseku,5552
africká,13905
nádorů,18283
amatérka,21741
semafory,21742
krucifix,21743
spoleènost,21744
kopačky,21745
destičky,21746
špičkovou,4456
alergenů,12282
kladeny,9898
palustris,21747
osadníků,14149
materi,21748
orgasmu,21749
přívěsu,10159
stroji,16500
převezmou,392
korejské,13507
reálnost,21750
matnou,7305
přeměnit,18708
nevzhledné,21751
masážních,16676
zapisovatele,21752
větách,14174
moznost,21753
koukam,21754
referenci,21755
stopové,20475
ara,21756
závist,21757
promile,21758
věru,21759
společenstvo,21760
tchýni,9843
vaz,21761
genderové,21762
provedením,7652
atomovou,5473
drony,20447
řeckém,8791
autoškoly,21763
nasměrovat,21764
pravil,19005
nahrazují,15858
nadchnou,18460
chlazení,15594
balkánských,21765
flíček,21766
hospodáře,9489
spray,21767
věcných,4951
ručit,3021
pozoru,5838
lepidlem,13810
sluţeb,21768
svědka,11414
hereckou,9177
válečníků,5314
léčiv,18147
upoutá,13533
tajemné,14793
pohonů,21769
snímat,21770
záchranářů,7799
vysavačům,11403
kultivaci,17077
šmrnc,21771
rozměrné,21772
piana,14851
kasáren,7575
kultovním,13938
metabolických,16624
houbičky,21773
výhybka,21774
kytiček,21775
skákání,21776
originalitu,21777
zlepšily,10319
mumie,21778
napínací,21779
kolenem,3410
vyrovnali,15231
potok,21780
digital,21781
member,21782
zajišťovaly,4441
přesouvání,2230
regenerační,21783
motivem,16734
mìl,21784
polopenzi,8359
topologie,21785
modlit,12592
broušené,16310
připojíte,10379
souboje,12191
lidovci,21786
maličké,9098
důvěryhodnost,21787
reprezentují,7847
pojistných,13473
sochy,19669
typů,11314
gotického,12704
horšímu,5718
bandáž,21788
prkna,17712
mazivo,21789
konvertor,21790
agresivním,21791
hraničí,21792
pošlu,10214
vloček,14342
šroubováky,14674
parketu,16592
zprostředkovaně,21793
křesťanskou,5098
obsažených,13990
výbavu,11830
indiánů,10991
majitelky,12113
portugalské,11691
notářského,20947
patrová,21794
australskou,4399
pošt,1778
sloupky,11295
zkušeného,13548
nedbalosti,21795
propadnutí,21796
servírování,15103
kreditu,15527
mladistvý,18370
motorech,21797
nebezpečné,2043
absencí,10480
sluţby,21798
hvězdičkový,21799
lampičky,21800
odborn,21801
ohledy,13297
zkusenosti,21802
aktivistů,3819
implantáty,21688
chór,21803
plyš,17362
jací,5868
medií,21804
slovenských,6995
bombardéry,13801
kulturami,4060
šatní,21805
posilovací,21806
ozdobou,21807
rozliší,8177
důvěrně,21808
spravedlivě,21809
industrial,21810
miliardáře,7229
jednostranně,21811
sítnice,21812
měně,4788
výživě,10287
maskou,7498
čistém,9458
mikrofiltru,21278
papírovou,435
střelbě,11048
kapslí,21813
přivrácené,21814
adapter,21815
formami,12071
vedena,12373
postoupil,16922
významy,6707
totalitním,8455
opravou,3155
dýmky,21816
postiženého,8544
uchycením,21817
islám,17814
artefakty,15337
orgánu,6295
sedačka,21818
uzeného,4031
zdvih,21819
prezidentkou,21820
lib,5239
smíšeného,5366
plavidlo,20649
dvojité,8828
vlastnostech,19205
sirotky,21821
magnetických,7672
trezory,17505
zla,18710
nervu,8242
protějškem,13461
vypočte,21822
intimní,18536
aplikacích,9063
tolika,13916
chán,21823
dvířek,21824
bag,21825
slovním,21826
psychologů,3105
sprchového,10550
škodné,21827
posouvat,2503
were,21828
ústrojí,21829
konstruktéra,12547
parametrů,9049
velryby,21830
funkčnost,21831
jakoby,21832
potomky,7272
koalici,14189
výstražných,12451
pacientů,13899
výslovnost,21833
útrapy,21834
lingvistiky,11805
adaptací,7552
minišaty,21835
kužele,14049
uznaných,21836
uhlík,21837
thrilleru,21838
zablokování,21839
hokejky,19821
zavinění,21840
mořských,6491
třídění,21841
rozhodčím,21169
pyl,21842
tvarohu,9333
nepostradatelnou,2229
chrámem,6123
digestoře,21843
trus,21844
kliknete,21845
lužní,17227
vážnosti,21846
tvarů,13524
fór,2452
globalizaci,17636
natřít,21847
motion,21848
svítidla,21849
přepínací,21850
rybníce,16413
inscenací,16036
dědičné,9185
procesního,15771
tabletu,17512
vnitřku,7482
folklorní,21851
právníky,10685
mode,21852
přiměřenou,14267
činidlo,21853
náhodných,6393
polička,21854
elektro,21855
cenzuru,16317
umělcem,4313
hostinců,20529
učitelském,4777
hubené,14532
oltář,21624
kost,16453
vražd,10179
zaostření,21856
servery,21857
skupinku,13103
zatěžovat,16728
smrtelně,21858
smyku,21859
kem,21860
rostlinné,8160
zohledňovat,15415
čtveřice,21861
zákony,4775
kravaty,11210
šíji,8364
nazývají,12286
blokují,16782
rizik,6942
elastického,9173
lidskou,6602
čistou,9458
zbavíme,16739
kočkám,3800
potomkem,7272
rozličných,21862
sofistikovaný,18257
arménský,21863
uranových,21864
zaměstnavatelů,8488
nejen,21865
závazkem,14805
cílení,9548
natáčením,5540
chráněného,13370
dovodit,21866
strojním,12408
dědičnosti,21463
podobne,21867
pánve,14926
zařízeníroubenkastatekubytování,21868
odvede,11003
nedostatků,7739
publikum,18384
tajemných,14793
obklíčení,21869
lokalizaci,21870
sazenice,16141
zastupovat,12179
vzdělanostní,12993
subsp,21871
spojeni,935
questions,21872
směřovat,16871
napájen,10431
dluhopisech,1388
sypké,21873
housenky,21874
draků,21875
rostoucí,14688
aleje,21876
loďstvo,8772
polka,21877
kráječ,21878
dodržovat,13310
zbavila,16739
ochotné,15237
ozbrojeným,9261
dlouze,21879
pořadech,9459
potravu,18134
pocházejícími,14990
přizpůsobuje,21710
obrazem,12978
bytů,7910
chudobou,7724
vagónů,21880
posvátného,10322
přístrojích,11506
sedících,21881
útočníky,16705
kaly,12584
hřebenu,6253
kozy,21882
mikin,19951
kapelu,10193
souhlásky,21883
účtům,8900
přívěsky,15419
zvýrazněny,17293
léčebně,13985
sousedních,10623
skladatele,4906
strážce,21884
minerálů,21885
církvích,16633
změněna,2715
stylových,12160
smyšlené,21886
ochotni,15237
kódu,13613
ženě,8383
mělké,20570
reprosoustavy,21887
spotřebitelů,9486
metodu,9498
spermatem,21888
katastrálních,21889
lékem,12779
plísní,11088
koloniálních,17149
obdivují,11897
rozích,940
soupravy,17290
blahobytu,14989
humanitárních,15772
kosmických,4664
česk,21890
četbě,11633
hostince,20529
ztratíte,8947
mletého,4220
divadlech,2144
blistru,21891
zobrazených,20723
kup,2741
mletí,4220
zřetelem,14266
vazební,21892
smart,21893
legendárního,17177
odkoupila,15550
černošky,11672
jmenovaná,798
starověké,8452
vychytávky,17428
procesory,16334
patients,21894
displejů,21895
masku,7498
herečce,4994
pomocí,14481
vrazi,9931
osobité,16094
případnému,4156
ženské,21896
obuvi,21897
zákonodárců,9320
liberálního,19423
trenýrky,21898
mega,21899
oddělit,11193
rybky,21138
moţné,21900
mass,21901
trámy,21902
expanzi,10378
dávkovač,21903
elektromotorem,21904
registrovány,3043
lehčích,1876
nesmrtelnosti,21294
auto,11574
podivně,21905
skrytých,12477
kulma,21906
prosazovala,7143
množin,21907
der,10925
skills,21908
papežského,8429
strasti,21909
tichu,14437
šicích,21910
elektronů,18346
vyléčí,21441
snáz,21911
zavolej,9206
matrice,10426
strojového,12531
vlnění,21912
hraběte,14652
panský,21913
radosti,12994
spojence,5411
lípou,13747
souborů,18939
řídicího,21914
blues,21915
konstrukčních,15366
lustr,21916
závodním,16963
přesměrovat,8634
království,21917
zakladatele,9384
ruda,15063
mechanice,19609
chátrala,12693
výlohy,21918
nesprávnou,6472
vězně,8361
převádět,20358
větvi,21919
splňoval,12283
obecního,5344
populárních,1180
dotazem,10990
skvrnu,6515
frameworku,21920
regulátory,17048
dána,6345
výčitky,19347
garance,21309
vůdcem,18023
maminek,8554
zámožné,21921
vyčítá,11168
ortopedie,21922
tamního,16615
přívod,21511
roje,21923
členech,6244
nenáročnou,2679
sjet,21924
skleníkových,21925
approach,21926
pružnou,6957
opory,19755
šeky,21927
vyrobeny,4690
ananasu,12028
zbraň,19824
pozorovateli,12815
levně,10302
makat,21928
promyšleně,21929
vážit,8696
diferenciaci,7314
zabezpečují,21930
jachty,21931
sirotek,21821
vrty,18042
nápis,19244
koroze,21932
vzdáleného,13866
špinavé,18095
encyklopedického,11380
velryba,21830
nadměrnou,5814
google,21933
odešle,5324
síní,6336
viem,21934
zobrazíte,1287
srbského,8733
transparentnosti,21935
buditel,21936
flexibility,21937
klíčem,10282
obživy,21938
upgradu,21939
sériových,10233
plukovníkem,3344
delta,14860
máchání,21940
objednatele,10252
použitá,2022
románské,12185
výtvorem,4925
kolejnic,21220
puky,21941
izoluje,18528
plynulost,16216
klášterního,15086
koleji,9412
lahodná,14140
menšiny,15302
pošleme,10214
formiček,21942
kreseb,1735
začni,1166
ochráncem,10026
elektrickému,4395
chráněným,13370
vítanou,4269
kouskem,14004
komprese,21580
pot,21943
levného,1190
rozdílu,12936
korigovat,21944
uložiště,21945
tiché,13863
romského,21574
módů,21946
nůžky,21015
mladšímu,5800
křivé,21947
konstruktérů,12547
kompozic,19122
sifon,21948
otáčky,21949
slovanského,6469
brazilském,12059
buchty,16719
hejna,21950
limonády,10381
lože,21951
aplikovaná,12726
rezistor,21952
vas,21953
polohrubé,21954
součástek,16860
nýty,21955
panovníkem,14090
dubu,71
účinně,21956
sekulární,21957
hráčskou,9822
onkologii,21958
regálu,17756
trápení,21959
zvěř,21960
reakční,21961
ekologických,5363
maďarským,13064
semínek,21962
fenomény,15073
plnit,10169
postavily,13692
pouzder,20125
cizincem,10619
vlastnických,21963
řemínkem,21964
příruby,21965
chůzi,15217
zachránce,15069
potravinovou,12802
ohybu,21966
běžeckých,6533
polesí,21967
adoptovat,21968
naučily,12594
anyone,21969
muslimského,13630
sporáku,4194
statku,18335
tišší,13863
dopouští,21970
vetřelce,21971
výztuhy,21972
komplikují,11114
skladatelů,4906
věřitelům,21973
hrozeb,7148
ideálu,12338
moudrosti,21974
iba,21975
sobě,1193
senzor,21976
kupředu,21977
útulku,20873
podvazcích,21978
čerstvou,901
zásobníkem,13275
zákonu,4775
etické,15711
mramoru,6721
levelů,21979
menšímu,2564
konfliktem,10410
kokosové,9399
zálibou,11700
zombie,21980
šek,21927
organizací,3539
fps,21981
nepravidelnou,7361
bylinek,21982
výhrůžky,21983
vyjímat,20996
brown,21984
odkazující,12372
najdou,7815
romantického,7186
elektrokolo,15064
pěny,10834
nelegitimní,21985
ziskovost,18059
vam,21986
solo,21987
zatěžují,21988
účinného,5390
najetí,21989
šetrných,14649
doživotně,21990
situovány,10774
vzorně,21991
strojírny,17562
ukládána,21992
pravému,4643
powered,21993
vázaný,13536
módního,12050
národnosti,21994
saje,21995
moudrý,8812
pracovníkem,9312
bike,21996
úlohu,11530
autorskou,7174
zástavou,21997
value,21998
helmu,20639
určeném,3984
opuštěného,6218
double,21999
uplatnila,11533
pracujícího,12436
formy,12071
kladu,4605
čerpací,17108
hráčů,7277
organizátora,3736
palet,2289
osel,22000
vyjmout,20996
ruských,6551
globálnímu,8246
oválná,13077
podvodní,22001
transparentně,22002
nádor,18283
standardizovaných,15945
džungli,19567
niklu,15338
silnou,1131
nesouvisející,22003
humanismu,22004
takovy,22005
tlakové,12463
symbolu,7831
učitelem,6086
připojily,10379
komedii,8066
dět,22006
ocitají,8957
omezí,13530
holuba,19015
demontovat,22007
závorek,7507
utz,22008
spisech,16480
specifických,13346
stromu,9081
stroje,16500
derivace,22009
miniatur,22010
obohacení,22011
rolníků,15565
marmeládou,6332
rodové,17274
seřazené,22012
pneu,22013
konventu,22014
mlýnek,22015
nelegální,16826
oslovují,22016
malinké,15182
bezvýhradně,22017
dřevotřísky,14827
kapitálem,12855
smečky,18680
pěknému,4022
vyloučeny,4938
polynomu,22018
uchovávány,12334
ved,22019
duchy,15806
ktoré,22020
palcích,8980
kontejnerech,22021
podezřením,20284
pacientky,13899
nízkopodlažní,22022
lázní,12220
nakonfigurovat,22023
porostlé,22024
pruského,15294
montují,15206
prodejcům,14366
riding,22025
řetězem,22026
adresou,10078
silám,4808
reprezentanty,9836
postroj,22027
znaménko,22028
potravinu,10025
zlo,18710
flakonu,22029
vakcínu,22030
hnízda,12099
připojeného,4954
plnily,10169
chráněny,13370
bob,7274
zohledňující,22031
embrya,22032
krajní,10968
skále,6458
dietě,10636
muzete,22033
lilie,22034
areas,22035
smírčí,22036
montuje,15206
sbíráte,2256
neprůhledné,22037
sklenice,21395
odvahou,11512
jehličkové,15076
reprezentovala,7847
cibulí,7103
radila,8228
mužském,8618
invence,22038
cvočky,22039
husy,10364
hřbetem,4538
katedře,6141
malebné,18145
pozorovatele,12815
chovaných,22040
pruské,15294
barvené,22041
ostatni,22042
štiky,22043
zbytkové,22044
difuzéry,22045
sigma,22046
sexuálních,22047
brata,22048
aerobic,22049
námořnictvu,6037
šampiona,22050
složeno,17251
modro,13015
vylučovat,3703
živočišné,14147
dýchejte,12077
nafukovacím,22051
laika,22052
nalezené,1598
slovenskou,6995
kulmy,21906
texturu,22053
otáčkách,22054
smrkových,8192
útočný,18635
kulatou,1638
posedlá,20876
přepážce,18529
bleskům,4902
čolek,22055
bariéra,13941
radarů,22056
hůlka,21722
hranaté,19549
potrubím,22057
dánských,10066
minerálním,18515
výchovnou,8510
špinavých,18095
prvky,15241
napojena,15083
tátu,3795
hledej,8986
vedoucímu,11860
hlídkových,22058
lifestyle,22059
vybaveníkuřácká,22060
proměnnými,22061
omítkou,9283
deformace,22062
potřebném,16202
střetly,22063
cookie,22064
docíleno,13780
onom,8178
zdvihem,22065
úsečky,22066
kotouče,8441
neutrálního,16130
šibenice,22067
záda,10344
přesilové,22068
politických,8093
hlasuji,3931
regál,17756
krytou,4445
záhadná,17232
prasete,18831
plochou,6650
svítidlo,22069
vyrobenou,4690
indiánských,16515
muzikálech,2206
modemu,22070
vypadnutí,22071
přikrývku,9914
kloubních,22072
odrůdu,7463
výklopný,22073
jamek,17530
ulevit,15408
náhrobky,22074
líci,22075
their,22076
domácího,11698
genius,22077
rázně,22078
čtyřky,22079
skálu,6458
takove,22080
opřel,9025
švadlena,22081
dark,22082
zemskou,2199
spisovatelů,1910
ústně,22083
heavy,22084
torpédoborců,7290
matičky,22085
obsahů,3031
baleríny,20255
kupní,22086
slepých,14163
reputaci,11091
vítìzství,22087
nabízející,17493
zapínat,5907
korespondenční,22088
mletých,4220
chalupa,18092
pokořil,21538
elektrodou,14146
defekty,22089
poranění,15568
výměníku,17767
asistentem,13474
kanálů,4607
part,10785
ramínka,15432
certifikací,22090
důvěrou,7366
stopkách,22091
jaky,18508
vodítka,14308
flétny,11232
pozorovatelů,12815
desítce,6437
směsné,22092
prase,18831
patrové,16140
vyhnete,7983
zaměstnaných,11402
zásluhou,3220
židovskou,6146
vlaků,2975
šištice,22093
zprostředkovávají,22094
zdroji,5857
fotobanka,22095
mandle,17055
absorpce,22096
ozdobná,14172
vrstevníků,10070
sdílej,9230
nebezpečí,20673
pohodlném,7484
frézky,22097
obrazce,20170
reklamy,11009
nahrávací,22098
temnou,3917
podsvětí,22099
odlišné,16022
marihuanu,22100
ledovce,5180
dýmu,7035
výživu,10287
pořádkem,14432
fixací,22101
odchylek,10819
neexistenci,7189
kapradiny,22102
kolene,3410
tempu,10862
válec,19814
krční,22103
otáčet,17013
povedenou,4318
džemy,11373
intelektu,16400
times,22104
stélka,22105
prostitutky,22106
vesničce,10210
hobby,22107
kapry,9504
zabránily,5858
русский,22108
kundičky,22109
metaforou,8408
jin,22110
vážného,6346
vápno,22111
interiérového,22112
odšťavňovač,22113
pdle,22114
montována,15206
obuvníci,18720
čakry,22115
asijských,11891
tool,22116
tolerancí,22117
bylin,9051
tepny,20308
kokosem,22118
zvětšené,22119
čele,10221
stoky,19563
zástupy,11248
znalec,22120
spalovny,22121
cestujících,12686
turbíny,22122
vrchovina,18112
rybám,14018
proprietární,22123
parabolická,22124
spárů,22125
přepravce,22126
kapkou,14240
tepláky,22127
automatech,13057
vyráběny,10557
vinařem,22128
nepatrně,2932
němčinu,7352
stereotypní,22129
rozrušení,22130
ambici,3949
kaprů,9504
chatu,6325
dojíždět,20163
věrně,22131
baskytary,22132
okouzlit,22133
taxa,22134
cedulí,22135
krutost,22136
děkanem,14354
učivu,4851
paprsku,8744
pohledávek,22137
kolos,22138
zavazadlo,16955
říze,22139
nerozumíte,8574
cizinou,10003
ústavech,9317
vedeny,12373
sklářství,22140
ledvinky,22141
poručíka,3774
hledači,22142
ženském,9701
výkonnější,6583
planetu,3935
nabíječkou,15209
dělené,9731
provizi,19989
severozápadně,22143
bráně,4242
civilu,22144
utm,22145
distribuovanou,22146
ochrání,18396
přidávání,22147
kolpůjčovna,22148
valign,22149
manko,22150
svoj,22151
jmen,8300
kojence,14513
zraněná,22152
fialky,22153
přívrženci,19834
cloudových,22154
instruktorem,22155
rozvíjely,11288
skříňky,16425
zábran,10698
zkreslení,22156
chirurgii,13380
proužku,22157
načíst,17350
mošavu,22158
národně,22159
kmitočtů,15815
vzdělával,22160
rovnic,20069
fototapeta,21110
poleva,22161
údajnému,7486
nesmyslných,13449
buněčné,16638
rozvody,5375
žalobkyně,19954
kulturnímu,8615
koncepčně,22162
psychoterapii,14567
frustraci,22163
koncesi,22164
silente,22165
míčku,22166
ptákům,10891
nekdo,22167
podnikatelů,9331
treba,22168
síťoviny,22169
hitů,11013
juniorských,1714
statického,9087
lhát,14923
společníka,7714
osobnímu,7097
hot,22170
družstvem,15011
sídly,22171
smrtelnou,3182
socialistů,18615
granulí,22172
imigrantů,21104
kořeněné,17707
vyveden,6550
pujcky,22173
slovní,21826
dysfunkce,22174
převahou,15061
vrt,18042
infrastrukturu,4511
obcím,11959
šlapat,22175
antispamového,22176
dveřní,22177
přejete,22178
profesi,9596
poloh,8068
jistých,2518
přilnavosti,22179
zakázaného,6043
zvycích,3016
medicínské,22180
čidel,22181
dekorů,22182
protínají,22183
toků,15105
věhlasu,22184
velkostatek,22185
dotyku,12242
nadváhu,22186
polích,20048
jóséph,22187
vrších,22188
tlačítek,11835
vlastníků,8150
oleji,11388
výroku,5052
nepohodlné,7484
písemnost,22189
loděnici,20185
vyškrtnutí,22190
zdokonalit,22191
sil,4808
věžích,10887
subjektů,12945
postojem,12268
náhlou,817
nepořádku,19415
králíků,3752
vzpoury,14768
záběrech,4978
skalního,5889
radami,5667
stáji,21535
místně,22192
svíce,22193
zadáváte,22194
levicově,22195
pos,22196
příbory,7698
občanskou,2446
hlídkování,22197
útočnou,18635
napsanou,22198
kuriózní,22199
jazykem,6876
gynekologa,22200
argentinského,5726
fotbalových,7242
vosku,12497
round,22201
vypil,11215
kartáče,13244
rozličné,21862
kapsách,11781
laděné,22202
stream,22203
pole,20048
kontrolky,19859
tunelování,22204
náruč,9109
uměleckou,7149
odstoupit,5998
links,22205
vykonávání,22206
ako,22207
rohovky,22208
poškodila,19854
domací,22209
nadpisů,6020
scull,22210
lano,12667
metodou,9498
lidskost,16583
šafránu,22211
mastnou,6460
látek,12713
kontrasty,17762
stíhačů,13098
upravit,16237
sklopit,22212
vytvoříte,8400
fórech,2452
kněžny,22213
drobnosti,20546
pohodlných,7484
knoflíků,22214
thajské,22215
špinavá,18095
obojživelníků,22216
výpustí,22217
brzdových,22218
převrátil,18706
strasne,22219
mamku,22220
uší,6727
náležící,22221
bariérou,13941
vládách,3324
poruchu,9510
prso,22222
striktní,22223
jeskyní,5336
koní,12377
šipky,14993
inženýrem,5444
koníčka,8588
kuliček,18018
poznají,6521
dietu,10636
hradeb,5898
dvířka,22224
zdánlivě,22225
portály,22226
dramma,22227
hoboj,22228
arkády,12660
řídítek,22229
niva,22230
anime,22231
kaplan,22232
basovou,5968
haléřů,22233
dřezy,22234
průhlednou,2026
porna,12123
svorek,19166
problému,5913
partnerovi,4992
bombu,10108
leasingu,10789
tanečnice,13114
dámských,9777
davem,15420
toy,22235
klidném,2737
znamének,22028
certifikátem,6698
vyhledá,10851
zvuku,14096
nádob,15554
nacházející,17899
příručkou,1002
mela,22236
škáluje,22237
volitelů,22238
masáži,11385
osazeny,8793
koňských,17006
sazbě,3765
vitaminem,22239
hvězdokupy,15862
industriální,22240
řasenka,22241
ktorom,22242
podobnému,6710
hands,22243
zubního,22244
směnky,22245
elementárních,22246
účinosti,22247
složitost,20717
dominanta,22248
porušili,22249
zkamenělin,22250
nizozemského,14199
proxy,22251
pěvci,22252
nelineární,20935
francouzského,10383
formace,22253
nebankovní,22254
poněkud,22255
rozmanitostí,12402
přepsal,20134
vyřešíte,9574
zkoumal,11185
stat,22256
umírající,22257
lavice,19482
fanoušků,12773
sedimentů,22258
slim,22259
bulharských,6038
seřazeny,22260
hledáčku,22261
inkoustem,8014
inteligentní,21263
národnostních,22262
rotující,22263
bělavé,22264
aplikována,9796
obtížných,4913
veverky,13932
prsy,17894
tibetské,5957
bonbony,22265
vdát,13481
modernější,4434
římských,3277
spisovně,22266
schémat,5232
zrzka,22267
propisky,22268
kuchařů,7599
tampony,22269
turecké,12008
omylu,6136
záviset,14925
jejímu,3487
mrtvou,3434
zaručí,18388
estetických,12652
liberálním,19423
vyberou,2015
ženským,9701
gayů,22270
továrnu,11888
base,8343
inkluze,22271
zkameněliny,22250
platidlo,22272
hokejisty,7914
opevněné,22273
horolezců,3363
bokem,16314
koních,12377
složek,11220
játrech,9050
balkánské,21765
řemesla,12416
asymetrické,14408
vypadající,22274
darování,16284
kávovaru,17308
true,22275
přestavbu,5556
postupující,17378
hraničním,12469
lesním,11277
pohání,22276
významově,22277
vozovku,6623
stěnu,8387
partnerce,15946
vice,22278
odpovědného,9637
diet,10636
respekt,22279
bohem,11173
blokovat,16782
odlišuje,22280
věř,4144
trefil,14970
obchůdky,22281
php,22282
hybridním,16908
selské,16497
zpěvu,2563
buňkami,21664
undergroundu,22283
vpředu,22284
lupa,16614
sbíhají,22285
limity,14313
skotskou,7550
latinským,9456
všímá,8320
nepřátelského,5404
prodeji,2874
hospůdky,22286
kameramana,9567
omáčku,5852
šlechtě,21349
vloženého,16288
celistvost,22287
zrcadlové,10148
pěchoty,9450
uplatnil,11533
nitro,18053
nazýváme,12286
vkládat,15306
omega,22288
čárky,12777
plzeňských,3677
diodou,22289
prvků,15241
vikář,22290
tmel,22291
sexuálním,22047
sedící,22292
did,22293
školáků,21617
koloběžek,12313
barevnou,672
působícího,19686
ledvinách,5407
užité,22294
nakládat,17601
tvrze,19889
fenoménem,15073
živnost,22295
mysu,14730
dlaň,1933
uzamykatelné,22296
léčit,16762
postupujících,17378
èást,22297
drancování,22298
čočka,19961
závaží,22299
samců,19762
terč,21450
konfigurovat,22300
syrského,8599
zabrání,5858
zjednodušit,22301
zhostí,22302
tyčinkami,20903
reproduktorem,17031
perfektního,9054
potencionálních,17481
akutně,22303
trpělivostí,14863
helikoptéry,22304
vedené,12373
pěstují,9270
poskytovatele,12628
klasifikaci,9415
francouzštině,13988
vystupováním,14734
hub,10892
hrubou,5205
důvěryhodných,14539
příslušnosti,22305
expert,16975
vědcem,3881
membrán,20388
alpského,10622
králův,22306
hostující,22307
atom,18716
návodem,10479
zatočit,22308
explozí,9844
střelné,18274
spolužáka,5194
štuky,22309
menovci,22310
křesla,15319
kšiltem,22311
extraktů,22312
strojního,12408
pražskému,1097
tečou,22313
křídlech,10614
vychovává,22314
pres,22315
chorvatského,7723
kuchařku,5521
hrající,20944
podrážku,10205
filtry,20276
kuchaře,7599
svody,22316
template,22317
upravují,7580
plavek,9882
haldy,22318
profesionálové,1099
vědou,8780
zdobená,10171
pravěkých,19574
biologicky,22319
koníka,18480
veřejnoprávní,22320
vymýšlejí,12206
extrakty,22321
pneumatikách,20530
zdobena,10056
bílkoviny,17559
bohoslovců,22322
kauzu,13549
aktivistka,22323
bloků,7534
strategicky,22324
sudy,17940
ošetřujícího,22325
hořáku,22326
stáj,21535
rozeznávat,8978
chronických,5763
náboženské,18015
silnějších,1131
pravidlech,9383
son,22327
paralelním,16801
vodoměrů,22328
připojeni,10379
zrakově,22329
náhradou,10906
povinno,4224
úkon,15702
zvoleném,775
slovníček,22330
podobnosti,21523
zalíbilo,19040
lite,22331
vyrovnala,15231
arbitra,22332
autohifi,22333
projektoru,22334
vyšívací,22335
lokací,22336
čekací,22337
zakázkovou,22338
pěn,10834
lídra,22339
roztažení,22340
spící,22341
kluka,10586
provázání,22342
určíte,4622
specializovala,22343
pověřenců,8322
nekompromisní,12187
proud,16989
plést,15762
důleţité,22344
paprsků,8744
startup,22345
postech,14414
zvětší,14895
dispozicí,997
označovaného,4315
prachového,13071
živočichy,8800
vodičů,15989
předků,9590
nosiči,8857
cannot,22346
útočníci,16705
záhady,9482
nezviklá,22347
korejského,13507
hrází,11377
šikovných,18008
gynekologii,17075
nastavení,19460
obžalovaných,12068
vůdců,18023
specifikované,22348
vedet,22349
želv,19810
mathcal,22350
jedne,22351
služebník,22352
sóji,6326
hejno,21950
autentizace,22353
didaktiky,22354
stádo,22355
ukrývají,22356
pohřebiště,22357
betonu,9708
regulátorem,17048
zast,22358
provizí,19989
porušen,22249
zaměstnávat,11909
minimalizaci,22359
řádnému,662
přebytečné,17981
jízdách,7076
nerostů,19163
jistého,2518
terče,21450
semeno,17764
nektar,22360
tuzemských,9105
upraveném,2581
latentní,22361
ochranářské,22362
čtečku,12483
rozvojovou,884
důstojníka,4094
kolonády,22363
rohovém,16623
vojvodství,22364
identická,12039
zámečnictví,22365
determinováno,22366
deku,13153
čerpadlem,22367
závažnou,6221
mocnosti,15207
zavázal,18574
nosníku,22368
rus,22369
polymerové,22370
přiléhají,22371
začleněny,22372
loubí,22373
užitečných,7825
tuniky,19274
výpadku,5019
oscilátor,22374
prachových,13071
sedimentech,22375
sloní,22376
důvěryhodnosti,21787
oddílů,10694
poškozuje,22377
nevolí,20595
užitého,22378
kolize,22379
tygra,7320
kyvadlová,22380
čokoládě,9875
bitvou,2701
výtvarníka,6388
dopadající,2898
nastrouhanou,22381
větných,22382
nahradilo,16368
tíha,16658
vetsinou,22383
filmech,1506
dalece,22384
zaběhnuté,8454
elementy,18894
košíčků,22385
vlastnické,21963
obdankovany,22386
monster,22387
argumentem,13861
přistýlkou,14857
migrantům,22388
vesnicích,19937
zabil,13249
dynamikou,13496
láhev,12835
převažující,22389
wie,22390
holandských,16006
skoda,22391
opěradlo,22392
proher,2772
dutá,12149
strukturami,13864
příkopem,8904
výpady,13739
církve,16633
podešev,22393
modifikovaných,22394
tělesných,3048
mimozemšťanů,11393
výškové,9815
jazyky,6876
přibližovat,4624
strážný,7022
nainstaluje,6701
zbavena,16739
podrobili,18596
dresu,18677
mokru,22395
křížením,22396
shody,10490
masáží,11385
sebeobrany,22397
vévodí,22398
splňují,12283
podpůrnou,5698
daňovou,3097
pilník,22399
zahlen,22400
main,22401
kámoše,22402
coal,22403
patříte,600
sportovně,22404
autosedačku,14820
sestrami,14104
kroků,1956
židům,22405
profesorem,11777
usnadňují,22406
kopírována,12609
nazývala,12286
tipické,22407
zefektivnit,22408
foukací,22409
klapky,10314
bezdomovce,15979
povlaky,17208
motorů,21797
vlijeme,22410
flétnu,11232
nasazovat,8996
irácké,22411
nem,22412
obojku,8866
vyživující,22413
chybných,7403
reprezentovat,7847
pomáhat,5595
orchideje,22414
výsadou,21217
pyramidu,18458
nacházely,4371
bojovníky,12952
construction,22415
vymýtit,22416
motocykl,11885
nutností,13855
jednotě,17081
nebeských,8949
wich,22417
mexického,13233
řádků,15156
koncentráty,22418
vysílačky,17425
monument,22419
chloupků,16790
povinna,4224
hlav,6293
kod,22420
location,22421
existenci,7189
pojídání,22422
zvratů,22423
okrajích,2002
nadřazenost,19730
jedinečnému,3887
vychován,22424
pls,22425
vytvářela,9182
medvědice,8845
zmenšovat,16167
veselou,2210
mimosoudní,22426
surovinu,11566
blond,22427
nečistotám,20651
kostech,16453
dvory,3228
spisu,16480
baňky,22428
trošku,22429
originálně,22430
zásobníků,13275
dodani,22431
militantní,22432
turnajovou,22433
fundamentální,22434
spravují,10583
unixových,22435
zistil,22436
vychovávali,22437
podobou,4206
závodnice,22438
přiliš,22439
masérka,14614
síťky,15485
chodidlo,16988
posielal,22440
krvavou,436
ujednání,22441
přinutí,14477
nahrazena,14535
řezem,8746
kolegů,4587
příslušníka,9341
hrozící,22442
názorem,6405
přiřadí,7423
květináč,16390
psím,16169
loket,18557
pralesy,7335
nenápadné,6310
vybereš,2015
vejdou,11410
národnostní,22262
čočkou,19961
řve,15773
línat,22443
chytře,22444
vřetena,22445
vikářem,22446
blatníky,22447
tagu,22448
zaplnit,11822
letectvu,22449
přesvědčování,22450
komplementární,22451
držákem,22452
řidčeji,14574
kibucu,22453
pruhů,3801
vzpouru,14768
úplatku,15034
pikantní,22454
zasvěcených,9474
osvědčenou,6433
povolené,5206
bankách,7145
řídícím,17188
děloze,16408
populací,18653
zadržování,22455
opasku,9438
ideologické,22456
okolnímu,1474
load,22457
jedinečnost,14817
závadný,17165
čistého,9458
proroka,22458
démony,15224
mnohém,1977
ateliérů,22459
maximálnímu,10181
ego,22460
šíření,22461
linuxu,22462
integrál,22463
stíhačka,22464
osudů,6462
tlačítka,11835
tělní,21494
maximalizaci,22465
kompaktních,15774
obvodovou,4773
specialistka,6308
množení,22466
kočáru,5389
křivdy,22467
posoudil,3907
mladistvé,18370
bytost,13403
zemin,17777
oknu,912
prodejnu,5370
kamenolomu,22468
středočeského,22469
skládající,22470
ubytovně,15719
spojů,19693
pomníky,15503
sochařem,11993
záměny,19566
generála,6006
madam,22471
myslitele,13717
divokém,7548
vysloví,7946
zaměstnané,11402
věhlas,22472
bojující,22473
dejte,1297
zmocní,22474
bodová,11719
komorách,6339
kameře,10782
šálku,2954
učenci,18730
květináčů,16390
termostaty,22475
say,22476
nepřesnost,22477
najděte,7815
říčka,22478
chovatelů,10893
námahou,14086
pachy,17196
rozvinuté,12112
narozdíl,22479
gigant,22480
potlačení,22481
zajatých,22482
ovládána,10508
muffiny,22483
match,22484
háčkování,22485
hat,22486
nacházím,4371
rozporů,14428
věštění,22487
svede,22488
vzdy,22489
nápisu,19244
výfukových,22490
brzdné,12138
polohou,8068
folie,22491
mažu,22492
romanticky,22493
samopaly,18043
změnit,3635
smýšlející,22494
děvka,22495
latině,12125
pryže,22496
pensionu,22497
facka,22498
překladatelem,9662
svářecí,22499
zacházeno,12246
antikoncepci,10632
leskle,22500
kouzelného,4072
synovce,11916
odesílatel,5324
vola,22501
sopečného,16492
koryto,22502
kvalifikovanou,16220
advokátní,22503
neplodnost,20612
potiskem,22504
registrovaní,3043
obsáhlou,1415
trefit,14970
zipu,22505
přilba,12823
rtů,11721
pohostinství,22506
chick,22507
prototypy,10917
security,22508
vakuové,22509
bulvárních,15275
cedule,22135
prodam,22510
zvyklostech,15264
zvukově,22511
polí,20048
procesorem,16334
ekokůže,22512
dominikánů,22513
blikání,22514
upisování,22515
focením,22516
náboženská,18015
mala,22517
pozorností,15222
vážnost,21846
hovořící,22518
vyrostli,7404
pud,18646
amatéři,6713
kolonisty,22519
semeny,17764
pohybující,22520
zvyšující,22521
kolegyní,8524
teba,22522
nahradit,16368
kostek,2511
nesnázích,22523
databázi,11563
pozdně,22524
světců,19557
vytvářena,9182
izraelského,7232
pohovky,18719
pláží,1821
inteligencí,12762
směřovaly,16871
odpovídajících,22525
steroidy,22526
komedií,8066
autonomním,17683
předsudky,13205
osadách,8521
blahodárně,22527
hlavic,13139
řízků,17615
kotevní,22528
polstrování,22529
savce,15147
chudé,5046
tunerem,22530
zkvalitnit,22531
problematikou,18787
zastoupený,20620
víku,19084
chatek,22532
prost,11107
pěstitelů,15529
misionář,22533
tvoje,15356
sociologie,22534
prosperitě,14885
žláz,14006
vèetnì,22535
sudů,17940
compile,22536
přejmenoval,9148
pasážích,22537
smazané,22538
písmem,20498
arms,22539
zbytkových,22044
bezu,7970
tvrdými,8333
ilustrací,8074
profilem,3225
injekcí,17935
záchranáře,7799
odpor,22540
nápovědu,22541
mutaci,17618
řazené,22542
bradavky,22543
skocích,6353
koloniích,18084
tehdejších,6194
brouka,9166
náprsní,22544
plastických,7665
popisupouze,22545
právníků,10685
tvrdé,8333
klukům,10586
prohlubují,22546
převodové,22547
sací,22548
záhadné,17232
ukládány,22549
munice,22550
jednak,22551
přenosnou,5136
zak,22552
odborně,22553
čističky,22554
rychtář,22555
rušit,10068
vlastnímu,4997
škálovatelným,18823
uctívají,22556
pomstu,5606
zapsaná,22557
cislo,22558
pise,22559
matematiků,5794
tělocvičnu,4908
vlastnoručně,22560
servisem,3282
bruneta,22561
rostlinou,8861
rodičích,1548
nevyžádané,22562
poškozovat,19854
hybnost,12055
xenony,22563
větrák,22564
princezny,10472
emocionálně,22565
amatérky,22566
nemusely,3779
pase,9338
ohýbání,22567
ptactvo,22568
rámečku,3125
obsahující,17885
černého,3938
infekčních,17939
palici,13768
sňatkem,5224
kotvy,19238
kláštera,14058
zušlechtění,22569
podložky,20209
partyzánům,10922
cizinecké,22570
filozofických,8406
obecnému,4437
váčky,22571
skříní,13982
vytvářející,22572
nepřátelství,22573
vzácných,6056
genetiky,15385
zajistily,9092
trosky,17311
kouzel,17912
pojišťovně,18177
kakaové,22574
tuhnutí,22575
koupelí,4414
radili,8228
snowboardu,22576
růžičky,22577
how,22578
ministrovi,5145
žádnému,2537
srsti,18190
osadě,8521
sestavou,5855
postiženou,8544
hýčkání,22579
ubytováni,21435
chemikálie,22580
lyžař,20730
podvodník,18810
sněmů,22581
hrotu,15895
protestantských,11972
pili,4536
stylizace,22582
letců,5269
centr,8166
propojena,9546
rozměru,15866
příšerně,22583
celebrita,21181
oicialni,22584
destrukci,8553
řasenky,22585
skříněk,16425
grupy,22586
zasedací,22587
feny,18398
nacistických,5352
okrajů,2002
mlýna,18923
vagóny,21880
kompatibilním,11580
vnitřnímu,12264
ergonomickou,3405
ozbrojenců,5976
přizpůsobovat,21710
poin,22588
audio,14550
koním,12377
vertikálních,20581
čípky,18465
koncentrované,13351
window,22589
umístěným,10461
prototypem,10917
motýla,6625
zdolávání,22590
homosexuály,17766
kompresor,21580
řadami,4861
zum,22591
utrpí,8512
odumřelé,22592
zakazovat,19248
naj,22593
kněžské,22594
tree,22595
komerčnímu,3123
skeletu,22596
zastaralých,14832
obránce,20314
pozoruhodně,22597
ustavičně,22598
strojvedoucí,22599
odvádění,22600
jakož,22601
lit,22602
trenérskou,22603
všudypřítomné,22604
mongolské,22605
those,22606
redaktora,5738
lodního,18390
sakrálních,22607
zlomené,12924
tabletách,17512
iracionální,22608
pochutnáte,22609
věřitelského,22610
přichycení,22611
lenosti,22612
sestry,14104
levicového,8442
vrcholů,2124
ţáků,22613
zrychlí,8001
textech,7144
uherského,9145
dáte,1297
odvádět,22614
katolického,10300
obalíme,22615
věznici,17571
vsechno,22616
holubů,19015
brzdové,22218
prokazovat,8043
vzniklým,22617
borec,22618
mimozemské,20381
umísťování,22619
teroristy,10643
manželské,11952
poddruhy,22620
debil,22621
čistička,22554
vyjádřeny,10779
rivalem,22622
klíčky,22623
zavedenou,1503
met,20784
polygonální,22624
ozdob,2308
kom,7597
postupem,5190
složených,17251
chronického,5763
nádechu,17342
akciovou,848
vinnou,5461
chladničky,18351
izotopy,22625
zatáčky,15331
petrasove,22626
marketingovou,7041
jantaru,22627
barů,9543
těžkou,1507
muzu,22628
patøí,22629
odhalovat,11882
boli,22630
přítokem,9790
památkové,3205
hnutí,20269
kolmá,22631
sek,22632
mouchy,22633
ověřovatelů,22634
hospůdce,22286
sloučenin,22635
vsechny,22636
hlasité,15018
malířem,6936
songů,22637
textílie,22638
zastupitele,4717
hluku,15151
nemovitosti,10996
syndromu,6966
obětí,10989
jihoamerické,22639
bys,478
pečícím,22640
škálováním,22641
soudobých,18649
katolických,10300
dobytka,8885
biografii,9909
akvárií,22642
then,22643
obsahovou,22644
skal,6458
hydroxidu,15357
zábradlím,19691
nájemců,10606
schůdky,22645
mokrou,281
kytarou,4406
karcinogenní,22646
říšských,4408
specializací,15817
daňově,22647
přijímači,4738
univerzálního,19046
socialistických,6118
respektem,22279
sebemenší,22648
párů,4275
fotografa,3260
zásuvky,19330
dávnou,904
boří,22649
pečujících,16863
rotačního,22650
ftp,22651
retenční,22652
nahromadění,22653
privilegia,22654
taxonomie,22655
larva,22656
nudu,8022
triddlerů,22657
zabráněno,5858
chaloupky,18765
povstalce,7943
mrtvého,3434
zobrazovat,10597
reálce,22658
věcnou,4951
brankami,12770
kinofilmu,22659
vyhlížející,22660
okouzlí,22133
chovají,8412
stabilního,6390
vyhledávanou,22661
přinutit,14477
znaků,14035
krajinu,2262
proudů,16989
privátních,22662
piš,22663
oblíbíte,22664
poškrábání,21027
markraběte,13389
soustruh,20085
basketbalovou,4264
bufetu,7520
vektorové,10953
tajemství,17963
otroctví,22665
usazování,22666
rukopisy,7054
závad,17834
hrotem,15895
plastiky,18256
prostěradla,9608
rovně,22667
opravdovou,6709
pekne,22668
provinciemi,8833
peru,10427
osvojení,22669
krmiva,11927
konkurence,22670
zesilovačů,14095
patronkou,22671
dokonale,22672
zastoupením,19791
blaho,22673
husitského,8687
potreba,22674
klientovi,7226
vrozená,22675
samou,942
samoobsluhy,22676
prášku,12805
majetkem,14686
inspirovanou,22677
silnici,9324
zkonstruována,10312
zařazeni,4169
domům,6152
ozubených,22678
eanu,22679
důkladnou,5470
musica,22680
aku,22681
ručně,22682
kotvící,22683
akvárium,22642
domorodé,22684
pákové,19816
distribucí,2432
vypadly,8838
kormidlo,22685
diabetu,22686
poutníky,12368
upřesňují,22687
ušetří,12354
hospodářskou,1304
armád,1576
ženského,9701
objektivy,16389
odpadkový,22688
instanci,22689
torpédo,22690
kormidla,22685
imitaci,22691
generací,5887
prodávajícímu,22692
fandy,22693
sluchu,22694
chloru,10425
jméně,8300
resortů,19325
frézy,22695
zmírní,14311
obsahují,9133
terapii,5120
nutil,7089
komunitách,17249
přírodně,22696
mechanika,19609
monarchii,13290
rozvaze,9806
vidličkou,13392
etnického,19876
logu,10225
topidlo,22697
antická,4588
chlupaté,17489
drzost,22698
laserem,22699
podmínku,6714
sypkých,21873
rotoru,22700
mph,22701
lipidů,22702
potoka,21780
lodí,17462
instancí,22689
aplikací,9063
věcně,22703
závěti,22704
spojnicí,22705
keramikou,12357
separatistů,6381
akumulátoru,6841
hrdinky,22706
křišťál,22707
sirotčince,22708
obličejové,4653
výškově,22709
justice,22710
ložné,22711
tanečníků,13114
rychlík,22712
vestavěnou,4413
sedu,22713
notoricky,22714
tkaničky,22715
kořenů,6267
roztoků,20347
podnikajících,21518
lakovány,22716
podlouhle,22717
chladicí,22718
parcel,9845
medicínských,22180
temperament,22719
psána,1830
družstvech,15011
pramení,22720
magnetického,7672
bublinky,22721
báje,22722
nábytkové,22723
záhadného,17232
příkazem,14807
vcard,22724
houfnice,22725
pomáhaly,5595
veterána,4790
fúzí,6718
nejednu,18940
zůstanete,2872
uzdraví,15418
judaismus,22726
přeloženy,3865
bojujících,22473
rohy,940
jista,2518
rouno,20675
milencem,19150
letouny,10245
vedeného,12373
žirafy,21095
žehličku,7457
práve,22727
boxem,6586
evangelická,7464
implementací,3494
nepřehrává,22728
ospravedlnění,22729
stovkám,5885
zmije,22730
virtuos,22731
zablokován,17535
doktorkou,16004
cechu,22732
bezobratlých,22733
právy,18004
prediktivní,22734
liberálové,22735
cenného,7322
hodinářském,22736
mark,22737
moderátorem,7600
trable,22738
hltanu,22739
zhubnout,22740
pouzdra,20125
vířivkou,22741
takzvané,15892
soudcem,21422
nebezpečných,2043
speciálnímu,6327
antioxidantů,9146
kolegou,4587
závodního,16963
spalin,22742
automobilku,7218
kotoučů,22743
pasty,22744
špínu,12955
asociací,11101
erotického,4460
vzdělaný,17971
chrupu,22745
krmí,15910
pískovce,11074
obilnin,22746
kibuc,22747
trakt,22748
pletivo,19765
kosti,16453
meli,22749
kapsle,22750
stylem,18065
garsonky,22751
tvořené,13467
spoilery,22752
živou,3261
transplantací,8069
lebka,22753
vyžádejte,6338
tavení,22754
uplatní,11533
skialpy,22755
lázeňskou,7969
vzrostlých,18467
portugalská,11691
obsahem,3031
závory,22756
magickou,3196
vál,22757
toaletu,7584
sloučeny,8381
slabik,21572
hledané,22758
opticky,22759
něžné,21167
pronájmy,7566
sounds,22760
ulehčit,22761
zadne,22762
maže,22492
chemikálií,22580
složitějších,2940
mladém,5800
rekreačních,17694
praktiky,19121
destička,22763
narazím,10872
náhonem,22764
obsluhu,9017
skoky,6353
umožnuje,22765
pneumatikou,20530
lupy,22766
rekuperací,22767
patrno,8286
plátce,15393
knoflíčky,22768
semišové,22769
poznáte,6521
svalu,15384
tipu,22770
mletou,4220
kaskádových,22771
gumy,22772
probošta,22773
ohledně,22774
follow,22775
ohroženy,10660
metal,22776
patronů,22777
emulgátor,22778
pracujícím,12436
zmenšil,16167
vodíkem,16806
vse,22779
prolínání,13288
statických,9087
problem,22780
zvláštností,19539
zapsané,11640
feudální,22781
příjmeními,10151
elektronickou,4236
zápasník,22782
propojených,16641
ocitly,11356
fin,22783
postavení,17950
vulgární,22784
dechovou,2517
zdrojování,8473
slovenštiny,17817
bojim,22785
přehrávejte,22786
jednolůžka,20518
vtipu,4438
španělských,8244
videí,1653
omamných,19573
člunu,13676
klenbě,10348
rumunských,10055
bojovnice,12952
zvýraznit,17293
tazatel,22787
pasáží,22537
hříčky,22788
architekturou,4455
hostujícím,22307
fara,22789
following,22790
shodného,9738
hroty,15895
podmínce,6714
odvětrávání,22791
kostelech,12791
vzniklého,6140
tažná,22792
větami,14174
knoflíkem,13080
hodu,130
rozumějí,8574
útočištěm,19241
farář,22793
beránka,18350
krejčí,22794
jedů,9221
sestřelů,22795
něžná,21167
odolnost,20251
občanskému,2446
pozemkového,10355
synů,6648
gravitačního,17874
naivní,22796
dcerou,11757
display,22797
charakteristickou,5564
druhů,16175
spínač,22798
biotopy,22799
impregnace,22800
tkáně,22801
přejezdu,11872
ovlivnili,5024
vrby,20818
rad,5667
lina,1437
bratrancem,4564
nepodléhají,13826
sulfát,22802
popruhů,22803
erotických,4460
začátečníka,7007
vložka,21614
pusté,10482
konvenčních,21303
obrannou,5751
molitan,22804
pachatelem,18119
dokonalém,4265
likvidují,21328
potoky,21780
zaměstnal,13163
kokos,22118
specifická,13346
obalem,2755
plachetnice,22805
portugalština,22806
way,22807
kyrysar,22808
policistů,8023
pokročilých,5406
ďábla,19486
ciferníku,15728
loterií,11036
původu,12417
danou,6345
lidovou,4070
účelů,735
skutku,16442
památkám,6580
diplomatů,9603
sperma,21888
federací,10980
chemicky,22809
princezně,10472
popisná,3609
community,22810
buržoazní,22811
útočníkem,16705
svěřenci,22812
sqrt,22813
ccm,22814
čárkami,12777
osudy,6462
svícení,22815
zapsaného,11640
kriteria,22816
bance,7145
cibulku,14191
nepřípustné,14365
vraždil,16183
ambasádu,13223
udelat,22817
normami,11109
amfiteátru,13531
úsporná,9226
auta,11574
kočce,3800
rády,7216
vztahujících,22818
manželce,9057
velikou,5144
volené,9765
social,22819
faktickou,2543
cyklotras,22820
převaze,15061
korunku,12743
zatáčení,22821
stravu,9126
mikrofony,12903
rohovou,16623
obyvatelstvu,9833
mluvnice,22822
popularizátor,22823
královského,7592
srdíčky,21454
pomocných,1112
asistentky,13474
tkanin,13395
nohám,7641
oddělena,16488
tureckém,12008
above,22824
složením,22825
rekl,22826
chybách,17448
protékající,22827
vyučujícím,22828
enable,22829
restrikce,22830
signalizaci,11354
odbočky,8222
majetků,14686
holkou,6617
trubičky,22831
šumavských,22832
spínače,22798
ohroženým,10660
zákazníku,1865
přijmou,2507
troškou,22833
prokuratury,10488
hudebníkem,4860
upustit,15441
přidáte,1075
postavičky,22834
podložkou,22835
couvání,22836
strojovny,22837
tuner,22838
skryté,12477
karosérie,22839
hledaný,22758
voleni,1254
anatomické,7104
rovnoprávnost,22840
nastaveného,14972
svěžest,14681
věcech,13538
senátorů,3501
kvalifikovaní,16220
rozsahy,22841
pomůžete,3603
terorismu,9010
dominance,22842
farářem,22793
nožem,18187
činohry,1470
fyziků,6923
nas,22843
instantní,22844
síly,4808
hrsti,19962
esejů,2440
jugoslávské,11155
vývojáře,22845
odkazoval,12372
větev,15742
maličko,17884
barbarů,22846
hvězdičky,10329
konkurenčního,16918
párové,22847
úpravu,7952
manžely,2572
vibrace,22848
obojího,22849
podléhající,22850
společenstvím,19032
zástěna,16532
pozůstalost,13591
raketoví,7348
blízko,8573
demontu,22851
steh,22852
bezpečněji,12716
hmotných,17045
zácpě,8792
holku,6617
jihoslovanských,22853
průkopníka,9096
spoluhráč,20731
preferencí,16749
podšívku,22854
mikroskopické,22855
moţnosti,22856
obhájci,16188
výkonných,6583
majoritní,22857
povolenou,5206
herectví,22858
idiot,22859
malbami,6828
adaptéru,10668
detailech,836
změním,3635
zachovala,15992
upraveného,2581
vada,21682
pronikání,22860
překladatele,9662
soustavnou,9123
penaltovém,22861
napodobeniny,22862
akcionáře,14784
rašelinišť,22863
sbormistrem,13182
pravicových,10913
oborů,6057
sportech,8478
šije,22864
kolejí,9412
odborových,4063
pojme,3473
návazností,3552
customers,22865
chces,22866
nemocí,9021
obezitou,22867
poučí,22868
krásnou,1613
vlastníka,8150
financial,22869
lišil,14541
odpovídajícího,22525
seká,22870
područky,22871
rabi,22872
bonbóny,22873
syté,22874
pouzdře,20125
cvičiště,22875
sign,22876
milimetru,9932
orgánech,6295
dome,6152
rozdělily,10970
obchůdků,22877
lyžaře,20730
cukrovou,5942
motivují,11977
domácích,11698
nástavců,22878
band,22879
izolaci,12910
buňkách,21664
šunky,9534
kostelích,12791
vlhku,10200
opevněním,18200
vězňů,8361
provozovateli,9564
nadšených,3966
placku,10014
adrenalinu,13519
právu,18004
skryta,12477
vztažné,22880
nesmyslů,5106
ratanové,22881
tax,22882
cirkusu,15248
trůnu,17520
chytrých,14981
absolutním,18736
roboty,22883
uvolněnou,1232
kamenité,22884
vínku,22885
nevinně,22886
komických,11654
kamarádů,1401
tahy,11094
nehet,2239
implementovány,4491
designových,14633
padě,22887
smluvní,13534
polymery,22888
vrchů,2159
vyzkoušej,1751
shodných,9738
zastavovat,2651
rozhled,1610
skládce,22889
roven,7139
připište,22890
příslušnou,3012
obnos,22891
čerta,4479
orientované,14873
bezbarvé,11292
modř,22892
skoku,6353
zničí,1930
mbank,22893
vápenatého,13944
žadatelů,11960
chůva,22894
zmenšují,8724
propustnost,22895
obdobnou,5333
hospoda,15051
soše,19669
vázy,21036
sušičkou,20004
motocyklových,6208
restitucí,15587
klášterech,14058
pravy,22896
kolu,1485
otce,3926
čínsky,22897
privátní,22662
pivovary,10361
rozptylu,11409
tyčinka,20903
tvář,14044
ohřívač,22898
char,22899
dutiny,20117
potenciálního,7944
jemně,22900
třídit,21262
mrtvol,16377
zápasníků,22782
poliček,21854
úschovu,20790
stříkání,22901
papouška,20461
řídítka,22902
talenty,22903
australských,4399
dáváš,3734
hebkost,22904
recyklaci,16618
žijících,19168
matter,22905
učebnici,4979
volených,9765
zástupcům,15712
čka,22906
šlehací,22907
ztělesněním,22908
statky,18335
pojmenuje,22909
svahů,22910
arabských,8031
sekretáře,13053
úctou,16784
rozumět,8574
rýhy,22911
realitu,5430
zobrazená,22912
tenisovou,8263
dobrotu,11180
určenou,3984
domáhat,16753
blatník,22447
kloubem,14131
pasáže,22537
dvoru,3228
identitu,13134
složky,11220
potrpí,22913
věkově,22914
výrazem,15853
kyseliny,19910
pravosti,22915
štěpení,22916
medvídci,22917
minimalizuje,17183
tribuna,22918
závislostí,18801
složku,11220
žel,22919
hutě,22920
sousedící,21608
pozemských,12122
věnné,22921
rozloze,3400
plošin,8324
jezdectví,22922
řazením,22923
louky,2917
předlohu,7573
akcionář,14784
plynů,6069
lamina,14299
vynikl,10829
mentální,16328
fanouškem,12773
ušlechtilé,14894
jit,1947
některému,1431
orientoval,11994
háji,7093
příkonu,22924
rovného,7139
vitráže,22925
pravomocí,9500
jsouněmčina,22926
pohárů,7053
vyvinutým,9190
chromové,22927
křižovatky,7479
tvářenku,10267
cisterny,22928
kolegovi,4587
vinou,15630
kancléře,9743
růži,9243
pohodlného,7484
seskupení,22929
germánských,19358
zručnost,22930
lodyha,22931
hlásící,22932
majáku,19023
ranou,519
blízkost,15243
pružně,22933
žácích,3772
popové,22934
objevíte,1606
salónu,8660
výtržnictví,22935
erozi,22936
ovsem,12023
neduhy,22937
zesilovače,14095
hrubým,5205
elementární,22246
úmluva,22938
mocenských,18958
vyjadřující,22939
konfigurací,22940
aktivnímu,801
lavic,19482
zabraňuje,22941
akrylát,22942
pece,20054
vyznavači,20275
socialisty,18615
protilehlé,22943
ozbrojeného,9261
baskytaru,22944
arašídy,22945
bezpečností,11931
matce,6705
ledovců,5180
vrtů,18042
hudebníka,4860
vymění,9127
běžkyně,22946
ublížení,22947
kontury,22948
navi,22949
vznikajících,19953
baterku,13655
bitů,10697
portrétu,5811
odpovídající,22525
jakou,5868
arménské,21863
korálky,11995
trouby,11771
mešity,20582
pokorou,22950
zámeckou,22951
indexů,8154
tmavého,2586
narazíte,10872
improvizaci,22952
tukových,13797
hrušek,15944
porce,20130
field,22953
specializující,22954
loděnicích,20185
archeologii,16099
hospic,22955
kriticky,22956
montážních,12813
rčení,22957
betonem,9708
vývalky,22958
náboj,20346
roláky,16179
neobyčejné,22959
dog,22960
provozovatelů,9564
nadbytečné,22961
básníka,1766
vágní,22962
sono,22963
klasiku,20100
principy,14505
hrubém,5205
tribuně,22918
studnu,11549
litevské,10037
drcení,22964
obracet,19019
splachování,22965
stavebníka,14439
bakteriemi,22966
návsi,22967
braní,22968
muzes,22969
geometrických,13539
ambulantní,20218
úchyty,22970
teplomilných,19802
serotoninu,22971
kriminálních,17266
areálů,7713
citový,14269
sebevíc,22972
ných,22973
imho,22974
zvláštnost,19539
očka,10019
krmítka,22975
karbon,20625
vagonů,22976
digitalizaci,22977
impedance,22978
psům,9409
rodáků,22979
partnerku,15946
nekonečnou,274
přistěhovalci,22980
procesních,15771
kabin,16420
zdravotnického,7227
zasazeny,11492
liší,14541
kop,18561
německou,5677
smazán,4610
racionálně,22981
elegantním,17944
dokonalého,4265
žalobci,19954
granule,22982
masti,22983
důchodců,10175
flotilu,9132
melounu,9083
klínku,22984
protilodní,22985
mosazi,22986
nádorových,19628
rovině,16362
hlavičku,13689
uplatňují,14853
prosadí,9150
universální,22987
půdorysu,8064
uzdu,14721
zastřelí,22988
vadný,22989
penále,22990
pařížských,1259
jazykovou,4585
laskavost,22991
lidově,22992
vodicí,22993
hinduismu,22994
tací,22995
nevhodným,390
útvarech,8729
sterilní,22996
rooms,22997
veľké,22998
divokou,7548
absolutního,18736
nezávislých,20154
aspektů,4634
smyslná,8559
disco,22999
přenechat,19077
zvyšujícím,22521
galanterie,23000
skalky,23001
moravského,2200
sis,1193
thumb,23002
splátkového,9998
technologického,5041
čile,23003
repro,23004
osvětu,18193
detekce,23005
pohlavního,13327
kouzla,17912
sedlo,8941
ušní,23006
velikých,5144
neplatná,1732
vyslanec,23007
věšák,17000
kytar,4406
vysílače,23008
talentem,22903
identitou,13134
ministru,5145
lanka,23009
magie,23010
demokracií,7578
myší,23011
partička,23012
židli,8139
úlomky,23013
smluvního,13534
pšenici,19782
příchozího,8403
inovaci,9379
vychovávají,22437
závodníci,14952
hubu,20828
sedlem,23014
vylepšila,11524
přezkumu,23015
krémově,23016
pičky,23017
houkačky,23018
nečiní,1412
hůl,23019
profesorů,11777
kaší,11577
smyčkou,23020
pov,23021
šestice,23022
kuželek,19306
kofein,23023
decentním,17875
vlnu,4271
svěřence,22812
dokonalosti,15245
zevně,23024
členkou,5594
deaktivovat,23025
departement,23026
sup,23027
obrazu,12978
přehrajete,23028
kolegu,4587
promlčecí,23029
ste,478
odesílatele,23030
misionáři,22533
trubek,6054
virům,23031
změněny,3635
moudré,8812
záležitostí,8928
přebalem,23032
kterak,23033
autorit,16709
mělký,20570
nártu,7880
mixérem,20344
uchvátí,23034
interpretaci,13940
sjednat,23035
dědictvím,19754
přetransformováním,23036
salámu,11187
tvarově,23037
předcích,9590
kulturně,23038
raně,23039
skluzu,23040
tkáních,22801
parciální,23041
ukryta,6589
produktovou,3999
stadionů,7455
odvádějí,22614
databázích,11563
hromadu,13033
compliance,23042
upraveny,2581
chuťovku,23043
záchraně,5287
kvásek,23044
lesbičky,23045
medem,19053
přeměněna,18708
dýhy,20369
funkcionalismu,23046
vitality,23047
zobrazování,23048
bití,23049
patologie,23050
naučnou,23051
přiléhající,23052
lesního,11277
hrozbám,7148
monitorů,15545
slast,23053
náležející,3740
rozměrem,15866
tzv,15892
skleněných,9787
slavných,3766
manuálně,23054
systematického,10521
výtažky,23055
nádobě,15554
tekutiny,18423
swap,23056
pnutí,23057
cenná,7322
ohrožují,10062
soklu,10220
lazury,23058
problematice,18787
narušena,23059
real,23060
vyvine,9934
brusinky,23061
vložené,16288
radního,23062
vlasce,23063
zoznamu,23064
nebankovních,23065
italskou,7414
uzavírání,23066
necháš,3518
vandaly,23067
ligovou,1267
sběrače,13712
quo,23068
fleků,15130
jeřábu,7205
peněžitou,23069
dílky,23070
fakultu,1838
preparátů,20270
otěru,23071
hostinu,7204
ryzost,23072
key,23073
vesnických,13586
odpoutat,23074
nežádoucích,16285
cartridge,23075
lampa,12430
amore,23076
asfaltu,8018
vlastenci,23077
rybou,14018
modifikovat,23078
would,23079
řízky,17615
souvislou,13871
trampolíny,21174
dírou,15775
hřbitovu,6691
slušní,9417
postele,3485
tekutých,10584
znalci,22120
žíly,19936
šikany,11352
komediálním,12043
černou,3938
proteinový,23080
jehlou,14707
pórů,23081
country,23082
deklaraci,14055
fazolí,18513
vikariátu,23083
byty,7910
zapnutou,23084
roztroušené,17778
subjektu,12945
radonu,23085
použij,3052
vyzná,17154
štafetu,9350
ostrých,4520
jihozápadně,23086
keep,23087
path,23088
zázvoru,9360
stím,23089
notebooku,8444
oltářem,21624
personálně,23090
perel,20430
jakododavatel,23091
nerv,8242
zápalem,5044
bezpráví,23092
fotkou,1667
nánosy,23093
mojí,1665
značku,17124
psychického,6455
svaloviny,23094
obstrukce,23095
nádorového,19628
ucha,6727
prezidentu,1717
špunty,23096
správnou,6472
dobrodružstvích,6340
odstraňuje,23097
deriváty,23098
nauka,23099
vylepšeným,13030
romských,21574
samosprávný,8797
nástupnictví,23100
josefka,23101
nezletilé,23102
různě,23103
kartičku,23104
odvětvím,17663
dav,15420
systematicky,23105
příkazům,14807
konstrukčně,23106
zprostředkovateli,14628
spálené,23107
očních,15311
hezkém,1445
konvencí,23108
nabíječ,23109
pohodu,3399
upnutí,23110
naloží,23111
zásobníku,13275
dlužník,21483
skalních,5889
lenost,23112
nezbytného,12550
propagandu,23113
pestře,23114
detektiva,11552
užitečnou,7825
vertikálního,20581
leukémie,23115
kladené,23116
odlišného,16022
rohož,10854
lysá,17095
krapet,23117
bazální,23118
octavia,23119
planině,9147
odstraňování,23120
pohodlím,23121
náhon,23122
dezénu,23123
batohů,8856
hypotékou,6898
zavazadlovém,20454
kokpitu,23124
požadovanou,7209
slovům,5229
motorkář,23125
nacionalismu,14826
zdivu,15238
pornografie,23126
žába,18919
odporem,22540
sportovnímu,10859
syntetického,6502
nosnostní,15013
tabulek,5426
postýlce,14249
posilující,23127
houbou,10892
poháněn,22276
párem,4275
struhadlo,23128
uložena,12398
dřevin,16804
radiostanice,23129
patřící,19715
stíhaček,22464
převedl,20559
disciplínou,13971
výskytem,7163
tuk,17113
zpěvačky,8912
policajti,23130
potíž,3697
beden,16444
smyčka,18680
vln,4271
střeliva,23131
samozøejmì,23132
complex,23133
černoši,23134
kompilátor,23135
puk,23136
angažovat,19370
tělíska,23137
hitparád,14810
signalizací,23138
svatosti,23139
bohatství,23140
tužkou,11621
zachovaná,8632
zvětšená,13070
chránič,23141
výztuže,23142
zahradníka,6099
usazovat,15540
lock,23143
psány,1830
rostlinám,8861
hoď,4240
správci,12250
výzbroji,23144
zajímáte,2016
prefektury,23145
relikvie,23146
plemen,18108
šortky,23147
hejtmanství,23148
spojenectví,23149
sběrnici,23150
videokamery,18592
vzdálenost,20341
jedničce,7466
exotické,16229
sušičce,20004
herců,1465
snoubence,17112
odvozena,13491
zbraní,19824
vzácného,6056
motorkářů,23125
pluginů,23151
střelivo,23131
ručením,16142
droždí,23152
nigra,23153
škodlivin,15646
princi,7020
držáků,23154
duchu,15806
karamel,23155
příkazu,14807
modernizací,7341
prosperitu,14885
křesťanů,14122
ohromnou,8083
pastýře,16044
frekventovaných,20718
dutinách,20117
stocking,23156
odkapávací,23157
ději,2590
navigaci,23158
pošli,10214
tvrdě,23159
profesionálů,1099
deskriptivní,23160
ilegálních,20720
plavidla,20649
majících,23161
podorlicko,23162
akcionářem,14784
limitu,14313
ryzího,23163
krví,16563
křehká,17455
homosexuálů,17766
prokletí,23164
houslí,8896
supposedly,23165
měšťanských,18734
kteroukoli,7197
poličky,21854
nahradili,16368
koncentrací,10507
nika,23166
mačkat,23167
pólů,1790
zachovaly,15992
protíná,23168
sexuální,22047
připojenou,4954
akceleraci,11133
bezúplatně,23169
postačující,23170
propojují,23171
morálních,23172
zařízení,11296
kontejneru,13076
vest,15465
pneumatikami,20530
holubi,19015
někdejším,20807
principiálně,23173
boxu,6586
pronásledování,11118
statků,18335
pádů,558
křivkou,23174
uhlovodíků,18662
minor,23175
brýlí,17499
rekla,23176
torpéd,22690
drůbež,23177
parametru,9049
shodnou,8073
světla,5599
presbytář,20824
lezce,23178
lanem,23179
muslimských,13630
závitem,23180
filozofickou,8406
branka,12770
katolickém,10300
mouka,23181
noh,7641
designed,23182
renesančního,17871
grip,23183
neklikejte,23184
medzi,23185
lovem,13369
pil,16637
ethanol,23186
běženců,23187
záložek,23188
partie,11238
krbovou,8161
sedimenty,22258
hustě,23189
bočnici,23190
fontána,20174
mandlí,17055
obsažena,13990
šlechtické,13482
nadávky,23191
přistýlce,14857
zadáte,23192
citrónu,4736
blan,17832
zdaru,6540
hrobem,7752
gotických,12704
žánrech,13634
náboženským,18015
robot,23193
sádrokartonu,23194
debilní,23195
parazity,23196
ničí,16061
kamarádku,4657
hrdinů,2340
ovou,23197
trestat,13839
klášterem,14058
severočeské,23198
vyrůstat,14441
rasových,23199
nádherném,3171
ostrůvku,13553
prince,7020
pečící,23200
zubech,19276
dědičně,23201
indie,23202
klasicistní,23203
jímky,23204
nebezpečného,2043
přesměrováni,8634
středočeské,22469
dóza,23205
hereckého,9177
tumor,23206
vleže,23207
jezdeckých,9034
generátorem,9656
upevňovací,23208
sólisty,17881
ovlivněné,10771
vyprávěním,17603
rozptýlené,19541
tichého,13863
bezdomovců,15979
podprogramu,23209
sinic,23210
napsány,620
facku,22498
proroctví,23211
propojující,23212
kritikou,14371
učením,16911
akváriu,22642
existenční,23213
cosi,23214
kvalifikovaných,16220
hitparádách,23215
letounů,10245
matematickou,2834
nájezdu,10737
hierarchii,13979
prokazování,23216
doplň,6647
takovou,1866
číselnou,23217
provdat,14301
sestřičky,20031
displeje,16664
útlaku,23218
pochvě,19661
zachovalé,17130
šálu,10350
degradaci,23219
fotbalistu,3920
ochranu,11828
činidla,23220
nepřechýleně,23221
vyřešeny,8498
stejny,23222
cestujícím,12686
odvádí,22614
rejstříků,14938
moč,11647
úložným,23223
různorodých,4620
akademiků,8645
nařčení,23224
šabloně,18110
praskliny,23225
přechýlení,23226
profesionálnímu,10237
dělníka,10451
obrazového,8237
šestistupňovou,23227
hadicí,23228
diagnostikou,23229
sporu,5745
progrese,23230
urážlivé,23231
kobry,23232
champmd,23233
demokraticky,23234
drůbeže,23177
zur,23235
filtrování,23236
namáhané,23237
zpevňující,23238
objektivům,16389
zamilovat,4478
akvizic,7822
pojišťovny,18177
jazzu,17593
postavenou,7839
administrátora,23239
kletba,23240
teplu,1960
applications,23241
vlnových,11740
neutralitu,18995
obcházení,23242
vázána,13536
pozemku,11655
diagnózu,12595
mailu,6810
soupeřům,12388
třtina,23243
úloh,11530
značky,17124
lepidla,13810
africké,13905
kyvadlo,22380
termostatu,23244
zeť,23245
deblové,23246
značně,23247
srbské,8733
upraveným,2581
sekat,22870
bílou,3556
zesilovačem,14095
renomovaného,15471
vyplněna,6833
žákovi,3772
ekonomickou,3383
lyží,7620
prorazil,19926
editora,23248
cyklostezek,11424
coffee,23249
palby,18189
můstků,8082
kauz,23250
zněním,7286
ventil,23251
songy,23252
jader,15816
relevantních,21517
vnitřnosti,23253
funkcích,15084
vývojářů,23254
bohatstvím,23140
frekvencí,16703
presnejší,23255
skutkové,23256
kováním,23257
odkázal,16030
konstruované,23258
kategoriích,12033
zjedodušili,23259
víka,19084
analogie,23260
architektonickou,2468
sedadlech,11682
stuhu,5021
nepříteli,12082
èásti,23261
nedůvěru,11017
motýlů,6625
cholesterol,23262
prokázání,23263
demografických,6793
výklenku,23264
zájmen,23265
lexikální,23266
opravdových,6709
žárlivosti,18901
odbočení,23267
cílí,23268
nazývané,9421
narušují,21429
chorobu,7992
potomstvo,23269
opačnou,10047
kameni,13680
evangelíků,23270
pec,20054
rodového,17274
mikrofiltrem,21278
důlního,23271
vsak,23272
nacionální,23273
gumou,22772
kupy,18328
usb,23274
europoslanců,23275
vhodného,390
podskupiny,23276
heroinu,5914
termosky,23277
respektují,9810
hořáků,23278
metalových,23279
kudrnaté,23280
plující,23281
toku,15105
apps,23282
předají,7594
mravů,23283
mužských,8618
koeficientu,8868
autoservisu,11269
firem,7124
kabeláž,23284
rocku,23285
znala,1154
vypadáš,866
posta,23286
podrobil,18596
mezer,15664
mecenáše,9985
výsuvnou,23287
příslušnost,22305
módním,12050
rašeliniště,22863
setkáte,4833
kamarádovi,1401
dve,23288
abyste,16600
plavce,4366
živností,22295
stoupenec,23289
telemetrických,23290
faul,23291
muže,5476
paketů,23292
poloměru,20671
tuberkulózy,10122
kanalizací,11873
fresek,23293
lezci,23294
akorat,23295
šéfa,8811
přítelkyni,11417
mať,21283
věznicích,17571
nespokojí,18146
mokřadů,17632
air,23296
porostlá,23297
divadlu,2144
obětem,10989
typickou,5014
optikou,19514
míry,6688
detektorů,18337
pasují,15355
stlačení,23298
obsažené,13990
vznikajícího,19953
use,23299
šelma,21343
svatyně,23300
varlata,20017
totožnosti,23301
pyramid,18458
proměnou,23302
sádla,12394
směs,21269
nutričně,23303
pracovníkovi,9312
způsobilostí,18258
literatur,4323
levely,23304
patologických,18248
dávkovací,23305
zlikviduje,15691
krásky,23306
koryta,22502
lemu,23307
penisem,18310
válečnou,1626
přístřeší,23308
vrtačky,20821
dítěti,2545
zůstanu,2872
vyplněným,11634
nepoužitá,23309
lomů,15920
brzdového,22218
lokalite,23310
transparentním,16382
dusíkem,17525
prevencí,23311
šaría,23312
závazky,14805
vaku,19472
sodíku,11971
obklopena,16474
vkusu,14872
hostingu,23313
intelektuální,23314
velke,23315
glukosamin,23316
vakuu,23317
bavorském,16675
štětce,12184
nacházejícím,17899
kondenzátu,23318
oddělená,16488
etnická,19876
přizpůsobené,12847
opozici,15427
loajality,23319
myček,17532
výkonností,9650
důsledné,23320
hranu,15761
nasycené,20976
definici,13188
porcelánu,13793
vzorci,14996
obranu,10224
muj,23321
tiskárnu,3625
migranty,23322
vyztužené,23323
sound,23324
egyptské,13119
vůl,22501
autonomii,15288
zař,23325
přeslenech,23326
potrestat,13839
modlitebna,14940
odporu,22540
nadvládě,7418
hadice,23228
neobsahují,9133
konkurenta,16543
střelbou,11048
klasifikací,9415
extrakce,23327
truhláře,15122
břišních,16380
západočeské,23328
budes,23329
příběhům,6774
jakkoliv,23330
medvídka,22917
kleci,23331
hořkou,4941
výztuží,23332
matného,7305
soukromého,5906
prarodičích,23333
rozkládají,16190
zvlášt,23334
chátrá,12693
profi,23335
jehličnanů,8054
přítomného,4109
chránící,23336
dia,23337
vysílačů,17425
příjemců,15320
ručiček,18588
lokalitou,7777
úroku,15174
usadí,15540
herečkou,4994
nahradila,16368
spojka,23338
postaveny,7839
výdaji,5746
mnich,23339
zkumavky,23340
léku,12779
legend,23341
poměrech,14188
přestupků,19506
ohradil,23342
airbag,23343
nečekanou,3546
brzd,14459
výhrady,12977
kompoziční,23344
elánu,23345
hnoje,23346
seniorům,23347
nárazem,18433
modrého,2983
diod,23348
obytnou,23349
provozující,23350
vyžadující,13935
rozumném,3877
mušle,23351
principech,14505
vanilkového,13701
kandidátům,2813
transakci,18488
zadu,23352
pojišťovací,20662
teologii,23353
kartám,4168
nástupnickou,19655
sklíčidlo,23354
akumulaci,23355
stolky,19685
mraznička,23356
měšťanskou,18734
kmínu,23357
prece,23358
search,23359
vrstvám,9514
upíra,23360
erby,23361
mříží,6756
modulární,23362
aus,23363
obviněných,8123
folklórní,23364
potlačovat,19064
migati,23365
nam,23366
poruchou,9510
čtverečky,23367
linii,13597
železářství,23368
čidlo,22181
milujete,4478
nazvaného,7963
vrtání,23369
odborníků,14358
uloženy,12398
doména,23370
významnosti,23371
manuální,16459
odlišně,23372
repliky,23373
ozubeného,23374
autoritativní,23375
koncovému,4647
porušila,22249
teoretiků,8726
úměrná,23376
nezbytnou,12424
ochoty,19305
style,18065
mrkví,12812
vodopádů,9525
svorkovnice,23377
tyče,17555
komplexy,16324
rodící,23378
sestrou,14104
levicových,8442
chalupách,18092
větu,14174
opatřil,17167
beauty,23379
souboru,18939
lehu,23380
vápence,19599
osvojit,23381
klávesnici,15778
zachovávají,16448
countries,23382
eshopů,23383
servírky,15863
vyzve,9883
branky,12770
dámském,9777
kateder,6141
řezací,23384
kolečky,10227
hledaného,22758
šumivé,23385
nahrávku,5309
zákonům,4775
ruskou,6551
spoléhají,21201
ubrat,23386
skvosty,9214
rozkládající,23387
panovníka,14090
slut,23388
reklamách,11009
rybníkem,16413
šálků,2954
pronajímatele,20802
vkusně,23389
modifikované,23390
all,23391
královskou,7592
žalob,6945
loutek,17553
přesnou,3180
rozuměly,8574
blb,23392
lanovku,23393
mléce,10334
převodovkou,19720
vášnivě,23394
vonných,11322
dodají,2956
lovců,12983
vrstvu,9514
respektovali,9810
èinnosti,23395
domina,23396
oddělování,23397
dřeň,18292
bradavek,23398
tvarosloví,23399
sdílenou,3756
nosní,23400
bohatého,3439
transformátory,21647
táty,3795
podnož,15972
hvězdičkyz,10329
plátku,9106
hrabětem,14652
žárovek,12314
řadičů,23401
tvarech,13524
šlechtična,23402
homosexuálních,23403
knížata,17252
moučka,23404
černochů,23134
orientovaná,14873
vyspělé,13228
poškozená,15008
pračky,16843
poslušnosti,23405
sin,23406
postoji,12268
subjekty,12945
odpadovém,14642
vroucí,23407
průniku,23408
vlka,9739
nazvanou,7963
baletu,15043
včelího,23409
vibrací,23410
tyči,17555
rovněţ,23411
veličinu,9677
autorku,3223
popelnici,12419
kněžím,17479
přijímače,4738
pohovkou,18719
aplikoval,9796
uzdravit,15418
roveň,23412
kluzáků,23413
galaxií,19412
čínských,4642
listině,17372
zápalu,5044
hercem,1465
abs,23414
bohoslovce,22322
zmenší,16167
bodnutí,23415
žláza,14006
náporu,14492
podivného,6788
iráckých,22411
obývají,8802
polymerů,23416
datumovka,23417
křečí,9012
korytě,23418
látku,12713
poškodí,19854
postavě,11119
ovládanou,12089
šetrně,23419
falešnou,5607
rotor,22700
dotyčného,17917
odradí,9747
reklamaci,10217
ložisky,23420
nahrávce,5309
opic,15830
slaninu,6752
jemnosti,23421
legalizaci,23422
motivováni,11977
enwiki,23423
šéfkuchařů,23424
hranol,23425
historickou,1315
šťáv,17508
grafiků,23426
napojené,12420
domovu,5129
nějakýho,23427
postarší,23428
rozené,11836
lžic,16589
posvátná,10322
spojích,19693
zakladateli,9384
poruch,9510
včelí,23409
poklice,23429
poničené,23430
letící,23431
středovou,23432
poháněna,22276
odvodu,7436
zablokovali,17535
syntaxe,23433
uvedete,3490
železáren,21165
redukuje,18318
loveckého,7298
nainstalujte,6701
robotů,23193
kteroukoliv,2378
smaže,16792
stupnicí,23434
profesionality,19852
nacházejícího,17899
čtveřicí,23435
africkém,13905
sluch,22694
kroje,17270
pána,8050
ohrožené,10660
světci,19557
importu,12384
léčitelství,23436
potrubí,22057
převodovky,19720
zanedbané,23437
ovčího,23438
urážet,19464
podvozkem,23439
skútru,23440
output,23441
šaten,7370
kombo,23442
průčelím,15106
domníváte,2448
řemeny,23443
grafit,23444
drogou,10242
komerčních,3123
návrháře,11593
komponent,23445
obalené,23446
keramickou,3422
zaniklého,5131
rozloží,14748
elektromagnetických,19316
zvaných,14750
laviček,16257
odděleného,16488
mozaiku,5196
zanikají,7958
predstavy,23447
môžete,23448
podrží,5999
diecézí,23449
two,23450
tolerantnější,18550
komanda,20534
vzorkem,9524
operou,7259
slovního,21826
omezujících,23451
dělové,23452
pojmenovaných,8055
programátorů,14183
talkshow,23453
odlišných,16022
litého,23454
morálkou,23455
svojí,4415
konsenzus,20070
nožky,23456
koza,21882
vyučujících,23457
jist,2518
sýrů,8169
nacionalistů,23458
náležité,23459
zbytečných,13500
minerální,18515
orientaci,6371
křižovatku,7479
nejednoho,23460
cizího,9651
privilegium,22654
nepotřebných,23461
prepsat,23462
drobně,23463
jezeru,12259
krajky,18604
blechy,23464
slanou,8115
modulace,23465
pou,23466
dámského,9777
stárnoucí,23467
oddělenými,16488
šalvěje,20286
kolům,1485
ochotě,19305
vlnou,4271
dominují,12869
optimalizované,23468
opilá,11282
písmenko,23469
krajkou,18604
milostnou,8419
hledisek,10567
frakci,18935
responzivní,23470
pocházely,4359
ordinaci,17761
náboženstvím,23471
vodiče,23472
kovem,23473
tíhu,16658
teleskopické,23474
pohovce,18719
vzdělaní,17971
registrovanou,3043
milenky,4724
sklonem,19411
mísí,23475
nit,23476
iniciály,23477
slušného,9417
sdruţení,23478
bruska,23479
vlasec,23063
roštů,20467
tepelnou,6321
upoutal,13533
užitkovou,8180
polytechnického,5535
zaostřování,23480
získány,6927
rebel,23481
zasáhnou,7029
sexuálního,22047
anglických,2068
automobilových,5842
odpovědností,10328
che,23482
duchovenstva,23483
korytem,23484
alebo,23485
vlastnická,21963
soudům,5936
akvarijní,23486
grácií,23487
průkopníků,9096
magmatu,23488
msta,23489
dívek,12173
drahokamů,16266
stájí,21535
wikipedie,23490
pronikala,10975
ztvárnili,16346
beat,23491
ubytováníapartmánybotelchalupachatachatka,23492
píst,23493
slohu,11951
předměstí,23494
odvozeny,13491
převodů,12568
address,23495
opravny,23496
motivací,16701
vyjádřena,10779
elektrickou,4395
uniklých,23497
běž,1068
přitahují,15438
lobby,23498
množina,21907
podvodné,22001
náves,22967
topidla,22697
tvořících,23499
milující,23500
šachovnice,23501
předjíždí,23502
sponzora,8199
smyslné,8559
vlhkostí,19292
other,23503
arabštině,17430
pekárny,18753
ciferník,15728
ostří,4520
kto,23504
tekoucí,23505
emocí,13856
stíhacích,7769
odděleny,11193
odbornice,14358
jednolůžky,20518
osobnostních,20763
rádcem,23506
atletů,11716
torpédoborce,7290
zastoupena,20620
rovném,7139
očkem,23507
respektující,23508
tvořená,13467
úspěšností,16106
manažera,4385
okrajovou,11081
nepřímou,4746
guma,22772
iluzi,5216
trusu,23509
komunitu,17249
organickou,4250
hrachu,23510
vrstev,9514
posádku,7927
jogurtem,10700
směrové,23511
vytvářely,9182
legendárních,17177
single,23512
nehmotného,17045
fonty,23513
radio,11134
batolata,6380
natolik,23514
stylu,18065
mozno,23515
profesionálně,23516
sloupu,12920
zábavnou,2460
nabere,23517
uhlíku,21837
koncovka,23518
trpaslíky,14173
bot,10462
vitaminů,23519
jednající,23520
krmivem,11927
zaměřeným,5967
komunity,17249
zasluhují,19088
chorvatských,7723
ozvláštnit,23521
pojmů,8968
zkuste,2980
eau,23522
populaci,18653
trestně,23523
kresbu,1735
následování,439
košem,15706
výfuk,18161
kované,23524
odvrátil,15612
šroub,19652
purkrabí,23525
ústavů,9317
ovesných,18712
turbodiesel,23526
panstvím,23527
hrubého,5205
bradu,6663
zneužíváním,18429
rovnicí,20069
půd,5217
urbanizace,23528
automatickou,3951
horninách,15787
diskových,15676
přepážkou,18529
způsobilé,18948
zavazování,23529
judaismu,23530
anděly,15887
rakouských,10126
nejdražšího,6790
institucí,6352
červi,1570
citátů,23531
křižníky,14695
korunky,12743
rovnost,21000
čist,23532
složkám,11220
explicitně,23533
přispěvatelů,12528
pleťové,23534
řemeslníka,11868
kamenech,13680
mající,23161
oddělovat,11193
replaced,23535
budíku,17552
logickou,4542
moudře,23536
duelů,23537
nitě,23476
mohutného,9851
cross,23538
stavějí,7410
konstanta,19571
vojsk,1973
provenience,23539
nevýhod,6375
vodící,23540
iráckého,22411
drobných,10442
sedlák,23541
doteku,9276
tvárnice,23542
druhům,16175
televizorem,14511
demokratickou,7775
koblihy,23543
osádky,23544
zmínek,23545
vzd,23546
sacího,23547
zabudované,23548
sloupů,12920
kostmi,16453
ideu,15576
jmenujeme,4658
náklonnost,21228
orchidej,22414
kláves,6398
islamistů,23549
nasucho,23550
svině,23551
minimalistické,23552
znakové,20550
posil,8825
larvy,22656
vyspělost,20862
kolonistů,23553
svítivost,23554
ritu,23555
okouzlující,23556
přestaňte,8887
řec,23557
dispozičně,23558
bezdrátovou,23559
splňovat,12283
moravskou,2200
atrakci,9522
roz,23560
definovanou,4772
čističe,23561
papírech,4476
hasičů,8435
konvence,23108
načítám,23562
přítomností,14582
srbsky,23563
rozuměl,8574
souhláska,21883
zákroky,16129
kyvadlové,22380
dělnice,23564
škodlivých,15353
nápovědě,23565
odebrat,10404
modelovou,23566
ber,23567
prostitutka,23568
elitou,23569
spisovné,18913
snowboardingu,23570
pasta,22744
potomků,7272
váz,21036
hostiteli,7710
tahače,23571
inteligentního,21263
edge,23572
pletiva,19765
úhlová,23573
clonou,23574
posty,14414
stavbou,7830
jednotlivců,8731
dotyčné,17917
steel,23575
sadách,3479
formule,23576
řidiče,14135
spise,23577
skandálů,3321
rozpouštědla,23578
add,23579
otáček,23580
obviněného,8123
zvýrazní,17293
nordic,23581
pozicí,13977
diskrétnost,23582
rasa,23583
angažovala,19370
vozíčkářů,14134
pevností,12677
řemene,23584
oklikou,23585
ubytováníubytování,23586
sed,23587
akademii,2036
embryí,23588
závěť,22704
obrobku,23589
měnících,21005
včelích,23409
lamely,17028
rejstříky,14938
doloží,4496
čokoládovou,7072
kdož,7597
zlomeninu,13068
chlebu,23590
zlatých,2300
pochybení,23591
oválu,23592
zpěvákem,5528
střel,23593
přebití,23594
vládnoucích,14290
výstražného,12451
lití,17682
vlohy,23595
substituční,23596
gesty,17422
kultivarů,20601
lví,23597
chlapcem,5962
trio,23598
oplatky,23599
obtěžující,18245
odsávačka,23600
brzda,14459
hravost,23601
znaky,14035
památkovou,3205
otočením,23602
lehkou,1876
osobností,14522
majetky,14686
superior,23603
odlišovat,21291
legendě,13648
pěstoval,9270
levici,21662
škrob,23604
islámu,17814
čarou,7673
maminku,8554
hledáš,8986
striktně,23605
algoritmů,17956
šablonu,18110
řvát,15773
kontraproduktivní,23606
následnictví,23607
akrobacie,23608
zapojeni,4747
kláštery,14058
cívka,23609
soli,18692
obcas,23610
výstroj,23611
křižovatkou,7479
trénincích,23612
psychiatra,9397
vzorce,14996
pyžama,21691
válečky,23613
lebky,22753
rezervu,14913
kamenů,13680
tvárnic,23542
rychlou,2973
turbín,22122
uzlin,23614
dovednost,17176
obohacena,12375
motorky,20505
chrániče,23615
bezproblémovou,3058
ventilaci,23616
přestanu,8887
šumavské,22832
těl,14165
prostituce,23617
postavíte,13692
tim,23618
celnice,23619
výstřiky,23620
způsobilost,18258
háky,23621
náramku,16645
manganu,7472
nechceš,1167
známou,23622
spalovací,18782
severojižní,20223
tuku,17113
kombinaci,11759
share,23623
kódechv,23624
spoluhráče,20731
con,23625
judo,23626
mlíka,12554
číšníka,6808
cyklo,23627
anténa,23628
kyselost,16562
salonu,23629
sekvence,23630
kuřba,23631
lopatek,16073
odstraňovat,23097
národnost,21994
pračkou,16843
kytaristou,23632
hájovny,23633
pumy,23634
lahvičku,15544
boků,16314
doktory,15752
surové,23635
léger,23636
sušičku,20004
tahů,23637
čelisti,23638
démonů,15224
polštáři,14228
břity,23639
dívčích,16714
filmaře,13225
vyhovují,4916
vyrůstající,23640
barokními,23641
naslepo,23642
brašny,17011
rock,23285
syrovátka,19406
obyvatelů,8005
podvodu,8823
prav,19005
stříkačka,23643
stupidní,23644
sudu,17940
precizním,20598
nežádoucímu,10190
velkoform,23645
pomalou,1884
menšině,15302
stolici,20956
crew,23646
iontové,23647
slušnost,20951
dotčeno,11681
hasičskou,6409
hrazení,9325
značením,23648
napevno,23649
hořkost,23650
paměťovou,8164
politologii,7901
těma,3681
nemilosrdně,23651
reformaci,4823
rezervací,5629
medvídků,22917
trampolíně,21174
opatřena,17167
osadu,8521
tělesnou,3048
ikonu,13447
děloha,16408
napětí,9821
tlaků,13271
ovčí,23438
umělecky,23652
tobolky,23653
prasat,18831
smrtícím,18944
právì,23654
rovnoběžné,23655
listinou,17372
ohřívače,23656
šněrování,23657
prsa,17894
dutin,20117
vzdálena,13866
gólman,23658
týkajícím,8247
jdi,1947
česané,23659
obhájcem,23660
hnací,23661
diskrétní,23662
vyzařování,23663
svalových,7806
kliku,18180
hrubší,5205
umístěného,10461
ostění,23664
propagací,5716
nudle,4950
masturbaci,15487
rybího,15566
adaptérů,10668
kaši,11577
používající,18202
ventilátorem,23665
soupeře,12388
šipkami,14993
detailu,836
skleniček,8459
úlomků,23666
sborech,23667
zbaví,16739
plexi,23668
pokročilého,5406
sekerou,10493
panenku,16768
loajalitu,23669
frézování,23670
vlastníkovi,23671
stopkaté,23672
italských,7414
přepravit,23673
spojky,23338
snowboard,23674
bariéry,13941
stoper,23675
integruje,16672
vlád,3324
diplomacii,18991
vymírání,23676
ptáky,10891
louku,2917
hlásky,16938
nivě,22230
zásilce,12348
sedláci,23541
drůbeží,23177
meditaci,14398
čtyřválec,23677
modelkou,15763
tabletě,17512
ubytovat,20791
mechaniku,19609
nevěstu,16639
porušil,22249
tyčí,17555
šířením,22461
radar,22056
zničily,1930
foot,23678
dalsi,23679
válečníka,5314
spokojeny,18146
úměrný,23376
soubojů,12191
rybniční,23680
úmluv,23681
flíčky,23682
slavnou,3766
grafikou,23683
bodù,23684
neutrony,23685
jedničky,7466
detekuje,18722
prvotřídní,18235
zákroků,23686
cordata,23687
nove,23688
zájmeno,23265
pozemkům,11655
paralelních,16801
neoprávněnému,12853
cviky,20139
kladn,23689
mazací,23690
květenství,23691
doleva,23692
atolu,23693
tajnou,3559
spořitelen,7643
subjektivitou,23694
black,23695
karabina,23696
questy,23697
agresi,12356
pojistka,23698
mystiky,23699
prvotřídního,18235
stáčí,23700
korýši,23701
zablokována,17535
závodníků,14952
ctít,20697
alej,21876
brzdou,14459
kutily,23702
death,23703
rozkroku,23704
aby,16600
navrženou,5947
fondue,23705
urovnat,23706
tváří,14044
zařaďte,4349
stage,23707
audi,23708
navijáky,20587
urážka,23709
sušenky,23710
ideologie,23711
odstraňovač,23712
stagnující,23713
sjíždění,23714
úměrné,23376
subjektech,23715
nenasycené,23716
hemžilo,23717
zapnuté,23718
oblaku,9069
gesta,17422
vah,7981
konkurenci,22670
dinosaury,12376
závodních,16963
dvojice,19246
charakterů,12752
marginální,23719
stojánku,23720
hřbitovů,6691
silice,23721
viry,17851
cyklokrosu,23722
šarm,23723
vývody,23724
krádeží,11639
pekáčku,23725
kopy,18561
rangle,23726
dávkou,7845
napůl,23727
vázáni,13536
lebku,22753
dekoltu,23728
vyobrazením,18727
otcova,11157
libovolně,23729
modelky,15763
vysunutí,23730
kořisti,23731
skloviny,23732
zdejších,19761
technologií,10010
kategorizace,23733
dramaturgii,6599
změňte,3635
manželů,2572
pěstí,11601
porotců,18138
úloze,11530
náhodnému,6393
usazené,23734
kolagen,23735
mladíci,20911
buněčného,16638
čalounění,23736
veškerého,8207
společností,4907
temperamentní,23737
duet,23738
čokoládou,9875
hřídeli,23739
pneumatické,23740
vlastnící,23741
srdečních,11219
elegantně,23742
baterii,5108
kontinuitu,16968
osamělých,15642
majestátní,23743
výstražný,12451
videokameru,18592
dílců,18509
miny,5345
jednolodní,23744
chladničce,18351
přihrál,23745
probiotika,23746
zdánlivé,16031
mrazícího,23747
kupujících,18827
souhra,23748
odlišnost,20177
povaze,10743
přestanou,8887
sochařskou,23749
spotřebiče,18315
mág,23750
redaktorkou,23751
úkonu,23752
jse,23753
dědic,23754
rukám,1937
inzulínu,21659
nebot,23755
lymfocytů,23756
blogerky,23757
střelcem,10561
prodavače,14600
reprezentaci,13083
brzdový,22218
vady,21682
poháněná,23758
hraběnka,23759
molekula,23760
balonu,23761
rysů,7973
komisařů,7653
dej,1297
elektromotor,21904
vzniknou,1152
lecitin,23762
fandící,23763
hrozbu,7148
boulderingu,23764
pivních,20244
mému,1665
nosních,23400
asociaci,11101
bubeníkem,20190
autoritě,16709
helma,20639
hard,23765
přehráváním,23766
nadšenců,16702
hordy,23767
military,23768
chladičem,23769
moderátorky,7600
bohyně,23770
senzorem,23771
mezery,15664
dělnického,8291
vybudovanou,23772
vzájemnou,8710
mistry,13059
zbrojnici,23773
diplomata,9603
vztaženy,23774
projektorům,23775
osazené,23776
receptor,23777
vyhrožovat,18446
absorbuje,19636
místodržitelství,23778
rolích,19680
národem,13537
ubytovaných,21435
premium,23779
plati,23780
rozběhu,6741
pluky,23781
způsobilých,18948
nejaky,23782
kousnutí,23783
holek,6617
dřez,23784
kombinací,11759
plechovou,2516
misek,13528
expandovat,23785
hlídají,8301
výbušnin,23786
žákem,3772
květinovou,4782
něžně,23787
pohádkových,7129
všeobecnou,3993
vybaveností,8492
přísahu,19362
abych,16600
registr,23788
roztoče,23789
zajatců,18417
pachatele,18119
slovníku,16619
proměnných,23790
frontmana,23791
dělby,23792
wenge,23793
těsnou,13359
motorizace,23794
trestání,23795
stealth,23796
agresivity,16217
drahou,1305
létajících,23797
péra,23798
jízdu,7076
ostřice,23799
humoru,8873
poctu,10988
preparátu,20270
vedlejšího,8576
rekreační,17694
najit,7815
neobvyklou,2496
jezuitské,14623
tex,23800
tanců,7524
dph,23801
pravěkého,19574
nastavitelných,23802
zákoutí,23803
socialistického,6118
dřev,6537
kanonického,23804
problematiky,18787
propojená,16641
pánům,8050
mokřadní,23805
právním,15950
křišťálově,23806
dotýkat,11681
uspokojovat,17304
irského,5449
bahně,15032
přebytečnou,17981
posvátné,10322
hrobky,20901
sjezdovky,19622
solidaritu,16650
mouky,23181
spravovány,10583
polobotky,23807
nutného,6780
konsorcia,23808
smazat,22492
počeštěno,23809
procesoru,16334
profesionalitu,19852
boxerky,23810
šampionátech,7173
smazaných,23811
tamější,23812
přídi,20210
roštem,20467
továrnou,11888
bagry,17272
obratle,23813
esence,23814
vinařství,23815
korálků,11995
patka,23816
nádoba,15554
points,23817
nemocnou,23818
milence,19150
violu,11975
nizozemských,14199
zasahující,23819
chodců,11726
viskózy,23820
zadluženosti,20878
budovám,6611
chlupatá,17489
ponořené,17934
studentek,8016
rozmrazování,23821
oslabenou,7425
živin,16798
vinařů,23822
korporaci,17441
zátiší,23823
rozpoznal,23824
cost,23825
dbát,15682
houpací,23826
údolní,23827
ubytovacího,20835
deodoranty,23828
úchytem,23829
kanton,23830
vata,17360
vztahem,7424
kuličku,23831
střežit,18375
posilovnu,12207
vychovávat,22437
uchycení,23832
odborníka,14358
ministryni,10154
úmluvy,22938
velikostně,19657
kolika,19010
zavíráním,5788
nalézají,16977
někdejšího,20807
brýlích,17499
tajemného,14793
bláboly,15852
rasu,23583
mic,23833
image,23834
nacházeji,4371
kartáčku,23835
elektrony,18346
formu,12071
race,23836
specialistou,6308
elastickou,9173
konsorcium,23808
ohýbat,22567
množině,21907
neutrálních,16130
vaginální,23837
hledišti,13302
lži,17743
napr,23838
záchytné,23839
přírodnímu,8528
zeptej,3140
nemorální,23172
paprskem,23840
žes,23841
posteli,3485
naslouchání,13408
tibetského,5957
rasové,23199
ducha,15806
váček,22571
zadečku,23842
mocí,10392
žáru,13334
spisovného,18913
zamiloval,20700
horlivě,23843
barokní,23641
barely,23844
sklíčkem,23845
přístupovou,4660
mansardovou,23846
znějí,5650
hyaluronovou,14864
rukojetí,15537
joint,23847
intelektuálů,10013
režiséra,4661
string,23848
chráněnou,13370
procvičovat,20026
samičích,20863
tabákové,18640
latinských,9456
střevních,23849
very,23850
duši,19151
využívající,18988
synům,6648
želvy,19810
perou,19389
vztahující,22818
options,23851
dick,23852
kapaliny,23853
intriky,23854
mýdla,16312
vysloveně,23855
tobolka,23653
skupinek,13103
binární,23856
rybníky,16413
lípu,13747
mezistátním,23857
výher,7849
uzlů,11486
kostku,2511
tetou,12044
zpěvačce,8912
charge,23858
hloubku,5045
terapií,5120
eko,23859
výstřelu,23860
odlišná,16022
abstraktního,20102
kroužkem,4936
pěknou,4022
hlavne,23861
vystavěny,4494
studentovi,5570
renesančních,17871
vstřikovací,23862
oázy,18559
brzdnou,12138
fucked,23863
genomu,23864
ideologií,23711
plané,23865
pozměněné,23866
uzliny,23614
some,23867
laserovou,2245
kukly,23868
sur,23869
pohybovou,7099
automobilkou,7218
termostat,23870
pekařství,23871
amatérů,6713
autorizovaném,11305
psychice,15689
zločinech,9578
inkasuje,23872
vylepšovat,23873
získáváte,12901
kompenzací,23874
stoji,23875
operátorů,10746
usmrtil,23876
chemickou,1881
náhrobků,23877
pervitinu,23878
vyspělejší,13228
sedícího,23879
sakristii,23880
výhybky,23881
krajany,19665
bezpečnému,2043
indexem,8154
výpovědí,12287
orla,23882
ostře,23883
zamezit,23884
válcovou,23885
oddílech,10694
mužstva,18393
rituální,23886
pilířích,5107
pojmům,8968
konvertoval,23887
zvané,14750
poměry,14188
ohniska,14644
sedle,23014
milenců,19150
předělali,19361
parfemovaná,23888
labelu,23889
francouzskou,10383
cze,23890
plni,5204
vymazání,23891
url,23892
výměnou,5670
tlačítku,11835
prozkoumal,9950
varných,11077
rozpoznání,23893
podobat,19070
zásuvek,19330
privátního,22662
složená,17251
poměrů,14188
direkt,23894
fabriky,23895
partu,10785
problematickou,7460
nemel,23896
las,23897
mocně,23898
spirituální,23899
indického,5527
vyšetřovatelů,11186
činitele,11056
stříkající,23900
společensky,23901
proměnili,14744
biologii,10558
výčepní,23902
church,23903
přemostění,23904
morálního,23172
dávající,23905
koled,10537
endemit,23906
sopek,6511
zakládat,12620
nárocích,6226
hranoly,23425
dědicem,19995
sloupcích,11295
operátorovi,23907
vyložené,6227
specializují,18532
tvary,13524
úskalí,23908
sadou,3479
křesťana,14122
dělej,2861
nerezu,23909
hráčky,6108
tools,23910
próze,7751
identifikují,6231
dvojitého,8828
motocyklù,11885
chovné,23911
buněk,21664
listových,23912
zabaví,14287
prohlížečích,16822
klientely,20526
poradců,7160
spřežení,23913
migraci,17466
kapky,14240
odpuzuje,23914
parametrům,9049
vyplněny,6833
zevnější,23915
rezistentní,23916
senzorů,23917
zásadám,13589
lodyhy,22931
tenistů,3557
hlásiče,23918
řezat,23919
toliko,23920
evangelických,7464
souvrství,23921
dělila,9079
poškozených,15008
originality,23922
kytaristy,23632
sloučeniny,22635
dekorem,23923
pasáž,22537
vlastnost,19205
diagnostiku,23924
reflektoru,12564
přepínat,23925
polohrubá,21954
obžalobou,11434
elitní,23926
pravomoc,9500
slezských,9894
křehké,17455
malíře,6936
tuků,17113
odstranili,21540
záměně,19566
interakci,15673
svislých,9753
myslivců,23927
figurální,23928
jezuity,23929
trubku,6054
obnovování,23930
faxu,1575
vývojově,23931
služebnosti,23932
sousedního,10623
chrámů,6123
pušek,13440
sestru,14104
krokodýla,7933
granátů,12892
slona,12909
vybavenou,9690
vybuduje,4506
výrazy,15853
honění,23933
přílišnou,15058
prostupu,23934
samy,942
náležitostí,7866
rifle,23935
dárce,9130
ostřikovače,23936
stop,5760
sestrojit,23937
urovnání,23938
řádových,13725
neprobádaných,23939
aplikované,12726
hvězdičku,10329
výzbrojí,23940
application,23941
prohlížečem,16822
vráceny,13456
koloně,14706
hloupě,23942
proměnit,14744
orchestru,8420
logistiku,23943
pejskovi,15677
chleby,23590
hubice,23944
překonávat,14101
přebalu,23945
duchovnímu,14939
lžičku,19181
běhounu,23946
najetých,23947
hořce,23948
čerpadly,23949
vertikálním,20581
odvozují,17737
trosek,17311
kovovou,4704
náboženském,18015
morálce,10131
algoritmy,17956
dotykového,9022
procesí,23950
přednostou,13129
živočišnou,14147
praktikami,19121
antény,23628
tvrdým,8333
dědického,23951
podezřelého,11623
trojúhelníku,15960
motorem,21797
křivce,7342
krajanů,19665
citrónovou,6013
horizontálním,23952
vyznává,23953
obrazec,20170
protagonistů,14304
páru,8479
provozoven,6837
dramat,14788
anál,23954
spyware,23955
boot,23956
omezující,23451
vystřelí,16887
zjevil,21462
šikmou,7323
provedenou,2070
hustotou,10741
postihu,20289
subwoofer,23957
obrázkem,3359
občanku,23958
mřížkou,17901
psychotropních,23959
polynom,23960
odborní,1276
pedálu,23961
zapsány,8098
lékařky,19279
objektově,23962
anténou,23628
komoru,6339
dinosaurů,17486
zákonitostí,23963
kleští,9910
patek,23816
označenou,8258
protiponorkové,23964
hmotného,17045
mašličkou,23965
bavorské,16675
respektovat,9810
smyčku,23020
jistou,2518
posádek,7927
početně,23966
minu,756
rituálu,23967
podvodníky,18810
latex,23968
podvozkových,23969
jseš,478
bary,9543
avec,23970
básníkem,1766
ocitnou,11356
přípravků,17205
ubytovací,20835
ski,23971
vazne,23972
soudobou,18649
turbína,22122
číslic,13209
podokrsku,23973
belgických,10331
jmenném,23974
partii,11238
křižovatek,7479
pověstí,9118
pavouků,9916
spoluhráčem,20731
šupin,23975
pozitiv,23976
dresech,18677
jogurtu,10700
doktora,15752
slušnou,9417
germánského,19358
technologickou,5041
příčného,13066
src,23977
zadavatele,11449
operátory,10746
zaměstnaní,11402
normalni,23978
poslanců,3531
teroristů,10643
rétoriku,23979
neţ,23980
habilitoval,23981
doplněnou,3587
zastal,23982
uloženými,12398
ňygto,23983
sedlovou,23984
odpovídajícími,22525
odmítající,6798
graffiti,23985
napojuje,23986
slovanskej,23987
ploutve,23988
cpát,23989
agresivnější,21791
učily,9419
vašemu,6849
nákladnou,7108
anal,23990
šablonami,18110
samic,11323
řidičů,14135
tatínkovi,1901
rytířem,5993
přívěskem,15419
ubytovny,15719
antidepresiva,23991
květenstvích,23992
honu,6628
otvory,14068
slin,14206
kořenem,6267
oznamte,381
vyšívání,23993
normalne,23994
zlých,7767
jugoslávských,11155
rozkladem,11850
vázaných,13536
namazat,22492
hlase,15899
blokování,23995
dvousetovém,23996
štíhlou,11896
zneužívají,23997
hráz,23998
systematickou,10521
charakteristiku,1593
obézních,23999
expanzní,24000
přihlášce,24001
formulaci,24002
portrétem,5811
pilota,12117
rybáře,17471
tymiánu,2513
mniši,23339
podnikovou,3896
důlní,24003
broušená,24004
kaplí,18752
entita,21025
patogeny,24005
bohu,11173
zaoblené,10395
kteøí,24006
banku,7145
zlk,24007
prken,17712
kongregace,24008
agregáty,5603
internátní,18322
diff,24009
polyuretanu,24010
postoupí,16922
homosexuality,16032
organismů,13189
kyselině,19910
kosmetiku,11143
atribut,19254
sond,14383
radary,22056
čtverce,12575
odděluje,24011
vypálil,10178
odpojí,21345
skládku,17284
zavazuje,24012
výtky,24013
národnostně,21994
dělníků,10451
dubů,71
ošetřeny,16122
vybaveným,9690
lokomotivy,14700
přilehlou,4565
hák,23621
dvojitě,24014
nárazník,24015
souřadnice,24016
zatížené,20618
plazmy,14455
nadaného,12330
troše,17310
moderátora,7600
poddruhů,24017
bazaru,24018
provdána,24019
veřejnoprávních,22320
soupeřů,12388
koupíš,2741
kmitání,24020
rozvahu,9806
různou,4763
font,24021
plavou,10842
bed,24022
řehole,24023
vikáře,24024
kantonu,23830
surrealismu,24025
paragrafu,18791
davu,15420
pilou,16637
letadlovou,10565
manipulací,10543
přiměřenosti,19491
šroubování,24026
bomb,10108
veta,24027
proslulého,12010
comfort,24028
pramenem,9929
prachu,10860
nůžek,21015
obratlů,23813
zvukovou,3560
pivoňka,24029
značek,17124
lekci,2907
zabezpečí,24030
odbourávání,24031
náhonu,24032
vyhledávaní,24033
sídlech,24034
přep,24035
konzoly,24036
živlů,12024
taveniny,24037
monumentální,24038
motorka,20505
patentky,24039
nepřesnosti,22477
synovi,6648
konzultanta,10114
pixelů,24040
dvorce,16338
filtrace,24041
vepředu,24042
anděla,15887
madla,11796
zakřivené,24043
turecky,24044
opisy,16162
akvária,22642
styly,18065
figurek,15514
nerovnice,24045
místechpo,1070
dezén,24046
orchestry,8420
podobá,19070
perlami,20430
liberalismu,21438
partě,10785
nadrobno,24047
významnost,23371
korpusu,16668
genetických,16816
vlastnického,21963
řečtině,16825
doložky,20436
ekvivalentní,6776
řeznictví,24048
hezkou,1445
nauk,24049
bělení,24050
vládnoucího,14290
zástavního,15250
zvukem,14096
shluk,24051
logice,16541
huti,22920
primitivní,24052
deformací,22062
vsi,24053
hustou,4665
orientovány,11994
druhem,16175
tempomat,24054
čerpadel,24055
oddenku,24056
mazlení,24057
abuse,24058
tanga,24059
panského,21913
radních,24060
námořním,15287
konsole,24061
blatníku,22447
síla,4808
zirkon,24062
ask,24063
choreografii,24064
vařící,24065
mistrem,13059
domácímu,11698
spalovat,13570
zločinu,9578
prasátko,24066
nahrubo,24067
polštářů,14228
sochami,19669
svému,4415
rybolovu,21209
očištěna,14340
předpony,24068
naleziště,24069
ryb,14018
plout,11275
sloves,24070
střílení,24071
slepého,14163
tuningové,24072
zrcadel,10148
jemných,11164
designéra,15445
sobectví,24073
vyměněna,9127
municí,22550
find,24074
splachovací,24075
modlitbách,20288
techniku,7521
přizpůsobeny,9536
soutěžících,20397
neprospěch,24076
stylů,18065
sedla,23014
severoamerických,17738
dobirku,24077
přečtou,4262
dominantu,24078
lení,24079
muzikanta,10204
prudkou,3022
arbitrů,24080
variaci,10430
kovu,16486
kliky,18180
vazy,24081
having,24082
rameni,14148
získaného,6927
liberálů,22735
čtvrtí,6065
vesmírnou,2087
živoucí,24083
expertů,16975
sat,24084
oboře,15513
zbavil,16739
znevýhodnění,9954
útočných,18635
kultem,16147
trojicí,19921
šunku,9534
device,24085
podléhají,13826
flexibilně,24086
situ,24087
clean,24088
hlídače,16153
oděru,24089
zručnosti,22930
dotkly,11681
vytváram,24090
bedně,16444
myčka,17532
čeleď,24091
organického,4250
doménových,24092
asijského,11891
dívenka,24093
orientují,11994
obuv,21897
genetického,16816
surovinou,11566
boxů,6586
elektromotory,21904
tátovi,3795
hlouposti,18203
jednotu,17081
nekonvenční,21303
křižníků,14695
poskytující,18213
dev,24094
plnost,24095
ocelí,14316
vrozené,22675
dotčena,11681
elfy,14988
vši,5784
vdovy,13763
trojce,5210
alu,24096
prvkům,15241
dozorčích,10812
podstata,12176
duševně,24097
motorkáře,23125
biskupů,4617
tryskou,24098
jinou,4919
puškou,13440
kolonce,24099
zubní,22244
šuplíky,15967
tlakoměry,24100
egyptského,13119
zaškrtnutí,24101
čárku,12777
delka,24102
bezpečnou,2043
hlasujících,3931
sousedovi,3553
traktorů,18408
elektromagnetického,19316
obecného,4437
zkratku,24103
sou,24104
konstanty,19571
poškozené,15008
mohutných,9851
nìkolika,24105
mněli,24106
systémovou,1518
nekompatibilní,24107
lavičku,16257
originálů,13347
replika,24108
satiry,24109
povinnému,4224
pěšce,24110
hranami,15761
nadání,24111
ret,11721
břichu,10402
odsouzené,3905
rekordéry,24112
berní,24113
sultánem,18906
dávkovače,24114
jakousi,12079
talentu,22903
pískovcových,24115
chlupy,7135
losu,18168
profesorky,16207
žárovku,12314
ulož,9529
byrokrat,24116
svědectvím,9205
tuky,17113
schopny,9452
komor,6339
nevěře,12254
dešťové,2084
vzpěra,24117
kráska,24118
vruty,24119
cigaretu,8270
zapuštěné,24120
sympatie,24121
var,20403
šílenou,1350
get,24122
sval,15384
proslulých,12010
žup,9502
sklonu,19411
pravidly,9383
instance,22689
jineho,24123
zusammen,24124
šumu,15468
klientelu,20526
textovou,2287
tkání,22801
kapra,9504
zásuvkou,19330
makléřů,7916
stick,24125
hybrid,24126
námahy,14086
zástupců,15712
natural,24127
typem,11314
zavazují,24012
konvenční,21303
cech,22732
modernímu,4434
západně,24128
čirá,6997
samostatnému,2557
dědičného,9185
nahrazení,24129
vášni,24130
brunette,24131
size,24132
firewallu,24133
sochou,19669
des,24134
bučiny,24135
dravců,21007
žid,22405
pravítko,24136
otvorů,14068
škálovatelné,18823
minci,13947
doménou,23370
user,24137
součinu,12404
diskutujících,2970
rozpouštědlo,24138
vedená,12373
geograficky,24139
čipu,15398
skřítků,7864
elfů,14988
použitému,2022
toleranci,19527
kupci,18373
úložného,24140
oku,2160
kinobox,24141
zázračně,24142
hesle,9505
mnoţství,24143
order,24144
vodních,10433
vhodnej,24145
celku,6574
laterální,24146
pusou,16881
právům,18004
keramiku,12357
hierarchicky,24147
argumentaci,13883
zařízeny,24148
uskupení,24149
antropologii,24150
kvadrantu,24151
nesnášenlivost,24152
výstřihem,24153
chrámy,6123
stolků,19685
pokutou,16469
zásadou,13589
léčbou,8753
domény,24154
tuňáka,11153
trhlin,20393
šála,10350
privátním,22662
drobností,20546
kolonií,18084
javascript,24155
značkových,15736
klávesnicí,15778
jedoucího,24156
krás,5928
šéfovi,8811
sdružování,24157
těžila,14877
pohlcuje,24158
luxusu,24159
brouků,9166
kaučuku,24160
power,24161
nepoznání,7996
hlučností,24162
rozměrech,15866
bojovníků,12952
kategorií,12033
španělskou,8244
narovnání,24163
nezákonně,24164
diagnostice,24165
žalobou,6945
náboje,20346
jihočeského,9356
vyčistí,18863
přestupky,19506
vodorovnou,8813
vyznačením,7834
uleví,15408
úžasu,24166
bílkovin,17559
ztraceny,8947
původci,12263
banda,22879
vznešené,24167
sedacích,24168
světských,14672
potlačil,17394
manželi,2572
pivovarské,24169
hoch,11097
mírnou,588
potomstva,23269
grafiku,8788
currendo,24170
sira,6678
sdružením,20726
državy,24171
výloh,21918
náčelníka,7321
adjektiva,24172
kopaček,21745
podm,24173
blízce,24174
sociálně,24175
plevele,24176
živočicha,8800
bezhlavě,24177
potírání,24178
analysis,24179
stupnici,14416
injekci,17935
spojnice,22705
nesuplují,24180
case,24181
drtiče,24182
říčky,22478
evropsky,24183
vtisknout,24184
tkáni,22801
pohádku,10080
opatřené,21641
šněrováním,24185
old,24186
poptavky,24187
ukaž,2391
plemena,18108
dvojky,11746
zákonitosti,23963
mocnost,15207
ohradní,24188
pánví,14926
škůdce,13957
češtinu,11278
guvernérem,4057
kolonku,24189
slovních,21826
kurtu,12435
vtéká,24190
hloubi,24191
pojmenujete,24192
crostini,24193
patní,24194
mrazničce,23356
chůzí,24195
lovci,12983
instrukcemi,24196
nadnárodních,14010
milého,2495
zakazující,24197
mety,20784
architekta,7605
muslim,17623
programátora,14183
dvorů,3228
přetečení,24198
pájení,24199
tenkou,1824
producenta,7136
smyčky,23020
otroků,14474
pálil,4215
transformaci,15586
trampolínu,21174
fleku,15130
autorsky,24200
bratry,5313
nápisy,19244
specializovanou,5505
exotických,16229
gay,24201
klikne,24202
ových,24203
selekci,24204
inteligentním,21263
chlapy,14604
ubytovacích,20835
mravenčí,24205
mikrovlnnou,24206
hlavici,19511
hadičky,24207
otrokem,14474
plave,10842
obchodníkem,7947
porušovat,22249
mou,1665
simple,24208
uplatněny,24209
důchodovou,6972
segmentů,21459
question,24210
koeficientů,8868
geometrie,24211
směrování,23511
předloh,7573
korektně,24212
táboru,4618
vylepší,11524
ešení,24213
čsfd,24214
ohnuté,24215
revertoval,24216
šetrnost,24217
nenásilnou,7863
showroomu,24218
velky,24219
přepětí,24220
urážku,23709
respektu,22279
výsadní,24221
vlastenectví,24222
odpadovému,14642
strojku,24223
own,24224
naleznou,7450
čchi,24225
vrtat,14762
ford,24226
profesorkou,16207
mnichy,23339
chromovaná,20822
pralese,7335
výrobně,17324
žánrově,24227
chudým,5046
psychologii,11884
brašnu,17011
generují,24228
cihelny,12719
anatomie,24229
titanu,17813
párům,4275
předností,11407
nefér,24230
fanouška,12773
rodokmenu,15548
pily,16637
pastýři,16044
přepisy,7098
pluků,24231
embryo,22032
oddělil,11193
vadou,21682
kolonii,18084
rytíře,5993
luk,2917
opsat,24232
navigací,24233
oblíbí,24234
kontrastním,24235
automechanik,24236
loterii,11036
poškozování,24237
likvidátora,24238
držením,18626
baba,20192
nerovné,24239
replik,24240
pravého,4643
spřízněných,24241
štika,22043
totožného,9461
látkách,12713
herečku,4994
pračku,16843
přestanete,8887
kolmo,24242
strašnou,1406
omylů,6136
hygienicky,24243
šampionem,24244
kybníku,24245
editorů,24246
srstí,18190
kódování,24247
přísadou,12721
chudobu,7724
para,24248
obrovskému,4869
postranních,16235
malwaru,24249
hvězdiček,10329
talent,22903
piloty,12117
ásti,24250
oboru,6057
dánskou,10066
kóty,24251
oddělenou,16488
chromozomů,13269
kůl,24252
teto,12044
povlakem,17208
odolného,13561
palestinské,24253
chorob,7992
zápustná,24254
chráněnými,13370
božství,24255
slovíček,20123
štípací,24256
grup,22586
divákovi,12120
všechnu,862
etnik,24257
odsouzeného,3905
varnou,11077
spermií,24258
tažné,22792
rap,24259
reflektory,12564
jakémsi,12079
vložíte,2347
hľadáte,24260
folii,24261
odstraněny,6626
pokory,22950
poskytovanou,3997
oporou,19755
rockových,7797
rybníček,16413
přechylování,24262
vázat,9056
marketingu,17399
molekulární,21172
dla,24263
tema,24264
přísl,24265
skeneru,24266
vůni,17675
právníka,10685
náplasti,24267
vervou,24268
látkou,12713
bába,24269
křemíku,20556
brankové,24270
kadeřníka,11630
arbitr,24271
sousedem,3553
konkurencí,22670
nárazů,18433
hodily,4240
zubním,22244
životně,24272
legendou,13648
kapuci,24273
ovladatelnost,24274
stavitele,9786
humusu,17480
přípony,14031
závadu,17834
elegantního,17944
cti,18555
neobyčejnou,6205
buddhistické,8681
teček,6279
usazení,24275
zaostřovací,24276
leq,24277
bulváru,14516
zvěře,21960
nahradily,16368
komponování,16321
pilotem,12117
nemálo,24278
separaci,17873
vrstvené,19226
brady,6663
belgickém,10331
utkalo,11861
protéká,24279
nadto,24280
proporce,24281
protiklady,16205
movité,20109
čelem,10221
sparen,24282
dimenzí,18247
asistentkou,24283
mamince,8554
ministerstev,6124
dívce,12173
symboliku,24284
sjezdových,24285
protikladu,16205
kontrastní,24235
brazilské,12059
genom,23864
živila,12885
vysílačem,17425
theory,24286
zraněné,7628
slony,12909
konstrukcí,17640
prírody,24287
nepřátelskou,5404
noclehu,9699
direct,24288
ergonomii,24289
notářem,11954
papoušky,20461
vysavačů,11403
watch,24290
ruiny,24291
snímače,24292
script,24293
nech,3518
record,24294
lomu,15920
road,24295
komfortně,24296
občiny,24297
proslulou,12010
zpěvačku,8912
družstvu,15011
havloicich,24298
stád,22355
pohybujících,22520
mobilheimů,24299
zušlechtěním,22569
zaujmou,4821
násobení,24300
překážek,13781
motoristy,17110
přísavkou,24301
potlačují,24302
heterogenní,24303
nerezovou,6313
zlí,7767
ást,24304
vedeném,12373
pastorky,24305
panty,24306
akustickou,7759
odebírání,24307
revertovat,20741
hraběcí,24308
kameniva,24309
need,24310
same,24311
individualizace,24312
výfuky,18161
plněná,19536
dřezová,24313
sekty,24314
nebesa,18964
porušuje,24315
pilates,24316
prodávajícího,22692
trysky,24317
opodál,24318
šikovné,18008
dražby,16152
sklárny,24319
zadej,24320
mrazící,24321
rytí,24322
obřího,24323
spojující,24324
útulně,24325
bezlepkovou,14982
geografickou,2343
medu,19053
pojišťovnu,18177
reverzní,24326
patřičně,24327
živnosti,22295
vrahů,9931
napojeny,15083
tabulkou,5426
řazeni,9497
poezií,7142
tvého,15356
konkurentů,16543
podléhat,13826
žijícím,19168
ratifikaci,24328
aplikují,9796
koncentraci,10507
mechanického,10441
peci,20054
bistro,24329
farou,24330
potenciálně,24331
magdu,24332
podvozku,24333
krutosti,22136
úderů,3593
činžovní,24334
připojování,24335
konstruovány,19498
využívanou,4411
fans,24336
vleku,12896
tekutinou,18423
kaučuk,24160
vzdáleny,13866
notes,24337
svévolně,24338
musi,24339
bran,4242
skupinky,13103
vytrvalou,7042
nářadí,20617
suverenitu,15120
nezdrobnělá,24340
hmoždinky,24341
vévodu,17879
celulózy,13417
roubené,24342
přilnou,24343
agresivní,21791
tvořeného,13467
dražba,16152
nez,24344
naženou,24345
pri,24346
konfliktních,24347
střelce,10561
mužete,24348
roucho,24349
linků,24350
pramenící,24351
self,24352
protějšku,13461
kapkami,14240
televizoru,14511
jehličky,24353
prstem,4858
atypických,17824
čelist,23638
výrazu,15853
funkci,15084
tribuny,22918
exekutora,24354
sochaři,11993
začínajících,13874
rolemi,19680
zesílené,24355
nesrozumitelné,24356
františkánů,24357
závislí,4217
vláken,15875
spořit,19923
zadku,19277
dealera,17541
úzkého,5713
nápisů,19244
hudb,24358
umělou,5884
zkušení,13548
tamním,16615
mechanizmů,24359
rozhodčího,21169
mladého,5800
automatického,3951
chovám,8412
zapsaným,24360
zlepšující,24361
zvětrávání,24362
šéfů,8811
stáčení,24363
detailů,836
irskou,5449
theta,24364
asistenci,15218
fdb,24365
background,24366
soubory,18939
imagí,24367
brokovnice,24368
internetovému,988
soupravou,17290
nádorem,18283
konfliktní,24347
zástavbu,12806
islámské,8091
palestinských,24253
many,24369
miniaturních,19378
jezdcem,20827
robota,23193
naučení,24370
lego,24371
mší,11341
aditiva,24372
konvici,13187
citem,20532
přeplňovaný,24373
mechu,11151
vdechla,24374
odrážející,24375
včel,12107
sběratele,14129
dopustí,9515
rozdílně,24376
žánru,13634
doviedel,24377
řasenku,24378
boilies,24379
navic,24380
vrak,24381
nože,18187
pomáhají,5595
exaktní,24382
řezačky,24383
hranatá,19549
eliminuje,20590
běžců,6967
species,24384
choulostivé,24385
egyptskou,13119
parodii,14848
pam,24386
metalu,24387
uspokojí,17490
agresivních,21791
hemoglobinu,24388
velšského,6716
ocele,14316
mixovací,24389
item,24390
protivníků,9466
koloběhu,13884
integrální,24391
taxi,24392
čtyřhranné,24393
quattro,24394
sebe,1193
disponující,10798
přilbu,12823
pujcka,24395
pohledávky,22137
syrských,8599
listinách,17372
pinyin,24396
vzduchových,13653
sanaci,9247
bilaterální,24397
příznivců,9282
korzetu,19454
anomálií,19969
naplňte,5488
stěnou,8387
mléčnou,12928
hornina,15787
misionáře,22533
dceři,11757
melodii,19625
pokolení,24398
broskví,10303
kamarádek,4657
vlky,9739
slovíčka,20123
odvětví,17663
druhy,16175
bambusu,24399
tibetských,5957
jelenů,16852
fit,24400
středověkého,7852
nárazníky,24015
advokáty,12432
přikázání,12086
oblouky,6301
opcí,15667
kondenzátor,24401
kování,24402
risk,24403
rapid,24404
netriviální,24405
kolegyni,8524
kapucínů,24406
fontů,24407
pachateli,18119
ochranou,11828
nezávadnost,21714
klanů,24408
říší,6167
vzad,24409
důrazu,4904
national,18208
pudu,18646
anglickou,2068
chondroitin,24410
sochaře,11993
lídry,24411
šikanu,11352
obnovou,3267
vůči,24412
zrcátko,24413
vložky,21614
čistě,24414
kabaretu,13815
ergonomicky,24415
webovou,610
kolébky,18966
horizontálních,23952
agentů,14082
klikat,14042
mašinky,24416
odmrazování,24417
kadence,24418
tyčka,24419
problemy,24420
starej,11022
protistrany,24421
závodníka,14952
kolizi,22379
uličkou,10959
ocelovou,6639
narazíš,10872
vzrůstající,24422
redukci,13777
vodiči,15989
žraločí,24423
doměkka,24424
sousoší,24425
drážky,24426
users,24427
houpání,24428
motory,21797
magnety,24429
folk,20357
mřížce,17901
krychlových,24430
pojištěn,17876
øíká,24431
kompresory,24432
proměnným,24433
svisle,24434
milenku,4724
marketingem,17399
nádržka,24435
kokainu,14699
zmenšit,16167
tác,24436
mojho,24437
hliníkovou,4152
nebezpečně,12716
radiální,24438
bahna,15032
příbuzná,13846
pumpy,24439
válcové,24440
tvojí,15356
hostinci,20529
myslitelů,13717
spínačem,22798
pour,24441
obsaženy,13990
poddané,24442
šipku,14993
sjednotil,11276
pasiv,24443
fontsize,24444
stabilizátory,24445
přepínačů,24446
umírajícího,22257
bavorského,16675
balonky,24447
flóře,18353
nivou,22230
palbu,18189
tranzistoru,18910
ostření,24448
složitě,24449
autorskému,7174
merino,24450
dvoulůžka,20309
soudci,21422
nutnou,6780
nadaný,12330
snadnou,5995
spolužačku,15426
lžičkou,19181
palisty,24451
autoskel,24452
zpěvačkou,8912
takříkajíc,24453
zakřivení,24043
vyhledejte,10851
zdědila,18922
architektonicky,24454
živočišného,14147
vychytal,24455
ekologickou,5363
překrásnou,5253
sanatorium,24456
vis,3975
poctivost,24457
zubaté,24458
přeměňuje,24459
teorii,14043
basso,24460
plazů,13254
centrál,5729
texturou,24461
zabudovaných,24462
světelností,24463
arménského,21863
cennosti,24464
rybníčku,24465
majitelkou,24466
mlhovky,24467
orchidejí,22414
učitelku,8993
monstrum,24468
radarem,22056
karbonové,14292
šablon,18110
roucha,24349
granátu,12892
diskrétně,24469
bold,24470
atypické,17824
elegance,24471
radikálně,24472
řidítka,24473
přesčas,24474
postavách,11119
metodě,9498
svislou,9753
kočičku,24475
svědků,11414
zneužívá,23997
justiční,24476
objekty,10471
křivku,24477
nastavitelnou,24478
spádu,15696
nevhodného,24479
psychickou,6455
pružina,24480
řeholnice,24481
talířů,7434
rytmu,18527
kešu,24482
kanovník,24483
papeži,3524
sponou,17768
bohy,11173
zraněného,7628
teï,24484
ekologicky,24485
vodnímu,10433
private,24486
jezdce,20827
jezírek,15198
námitku,18779
protonů,24487
jemnost,24488
výklopná,24489
ochotu,19305
odolným,13561
modifikaci,10826
náhradníků,7027
hygienu,8346
pamětihodností,19113
maďarskou,13064
zábrany,10698
nadržený,24490
while,24491
halu,6315
autíček,24492
kaplanem,22232
spatne,24493
elementu,24494
řasu,12073
prave,24495
korunních,12599
docentem,24496
zmíněnou,2201
gothic,24497
vyskytující,24498
řeholníků,24499
háčkem,19360
bratrům,5313
sloupy,12920
porn,24500
pěnu,10834
uvozovkách,24501
zadnice,24502
realitky,24503
extraktem,19186
osmiválec,24504
přepravky,24505
doktorů,15752
odstranila,21540
jimi,2442
invazivní,24506
podložce,20209
orientována,11994
seděly,4103
prošití,24507
upravte,16237
mezistátní,23857
izraelském,7232
drsně,24508
ohroženého,10660
manchesterské,24509
židovských,6146
hopu,24510
pahýlů,24511
note,24512
zoomu,24513
motivu,16734
puvodni,24514
podrostu,24515
pronájmům,7566
božích,17254
studní,11549
měničů,24516
odstraňují,24517
lomech,15920
kontrolují,7208
šroubek,19652
udání,24518
stopera,23675
notnou,24519
specialisté,6308
sdíleny,9230
unifikované,24520
advokátů,12432
sankcí,18164
drtí,24521
vyplněnou,6833
gramofony,15164
cizoložství,24522
srdíčkem,21454
palcové,13518
robotům,23193
nevhodných,390
diktovat,24523
cool,24524
výhře,7849
kreatin,24525
maďarském,13064
upravoval,24526
hrobce,20901
oprávněného,6215
charakteristice,1593
performance,24527
architektů,7605
hraběcího,24308
reggae,24528
kanálky,24529
vintage,24530
otřesů,5979
skoků,6353
village,24531
hrubosrstý,24532
mikinu,19951
napøíklad,24533
motorovou,7268
jezer,12259
zájmech,10124
parou,24534
chip,24535
íránské,15308
převede,20559
poškodilo,19854
úctě,16784
pachů,17196
přestavěl,8887
zárubně,19998
sedlové,24536
kandidátovi,2813
desátky,24537
přijímačem,4738
specializaci,15817
vět,14174
vápenců,19599
víře,15282
spodku,10627
stopkou,24538
směsí,21269
nádobky,24539
venkovského,13170
romskou,24540
švýcarskou,9271
bábovku,12875
zahnuté,24541
řadiče,24542
minimis,24543
výklopné,24544
vzdáleností,20341
střevní,23849
sedadle,11682
vesnicemi,19937
technickému,2472
střela,23593
pojmenovana,24545
vyváženou,13662
nalít,24546
dekoru,24547
pojednávající,24548
odblokování,24549
pln,5204
scenáristy,6322
výzbroj,15459
mošav,24550
substrátu,17931
pravost,24551
vlasteneckých,13065
obchodníka,7947
malinko,24552
roztok,20347
absorpci,22096
kosmetickou,8316
dostupnostks,2830
brusné,16706
harfu,13636
odpůrců,11338
inženýra,5444
komunit,17249
kvalitnímu,2413
nepůvodní,24553
bratrů,5313
větvemi,15742
znečišťování,24554
rovinách,16362
trojúhelníka,15960
account,24555
recenzemi,941
sladkou,6812
garanci,21309
spreje,24556
tuneru,24557
vzduchového,13653
dětskému,3436
cable,24558
bitvách,2701
pair,24559
elita,24560
područí,24561
homosexuální,23403
vymožeností,19965
tkaninou,13395
narušené,14616
rozjezdu,13862
rostlinného,8160
duchem,15806
kamer,10782
úhlu,19447
ženskosti,24562
sexuálnímu,22047
diagonální,24563
ich,24564
nosníků,24565
nespravedlnosti,24566
kladka,24567
vlastností,19205
vulkánu,24568
instruktora,24569
zastoupené,18565
dědice,19995
tureckého,12008
lvem,5678
akord,24570
scan,24571
talentovaného,16243
movitého,20109
vyzbrojené,24572
podvozků,24573
jihoamerických,22639
jádru,15816
obrácené,18083
videokamerám,18592
částicemi,24574
prvoligových,3839
ležící,24575
lžíci,16589
integrovány,16672
pøi,24576
krabičkou,9712
pojistitele,21078
premiérovi,1280
podřízenosti,24577
maligní,24578
inteligenci,12762
akordy,24570
zrcátka,24579
imigranty,21104
břidlic,21020
měkkýšů,24580
odebíráte,24581
português,24582
infoboxů,24583
náhod,4034
masy,24584
garsoniéry,24585
činitelem,11056
pekárnu,18753
loděnicí,20185
fun,24586
lávku,24587
sluhy,24588
fréza,24589
cla,20710
lordů,6820
dance,24590
lolitka,24591
jednot,17081
pomstě,5606
učilišť,21408
dřeviny,24592
klanu,20538
une,24593
osolte,13149
poradila,10845
dějově,24594
broušeného,16310
někdejších,20807
přeneseny,3589
blondýnka,24595
three,24596
krému,24597
low,24598
klasickou,4367
esenciálních,24599
trenéra,16131
slečny,16108
experts,24600
výší,6451
zříceninu,14323
soubojích,12191
obhájkyně,24601
hebkou,10553
dynamiku,13496
rohů,940
provincií,8833
hřebíky,5548
bižuterie,24602
vesnického,13586
pojistníka,24603
vypravěče,10138
proměnné,24604
mlýnu,18923
niti,23476
sedcard,24605
blbce,4221
kanonýr,24606
vyplníte,6833
maji,24607
ženskost,24562
suspensions,24608
kartáčků,24609
pokémonů,24610
naboural,24611
zbozi,24612
surového,23635
sanskrtu,24613
vedenými,12373
blocích,7534
líbíly,24614
vyučují,24615
špínou,12955
pinů,24616
znalcem,22120
pětku,13236
rotací,24617
hadů,9071
barokního,23641
zpěváka,5528
agresivně,24618
únosce,24619
poškozují,22377
botníky,20456
bulou,19154
kind,24620
autu,11574
jihočeských,9356
litevského,10037
mistryní,24621
přihlášené,7541
prameni,9929
block,24622
kozáků,24623
muziku,18410
složené,17251
postroje,22027
aplikovány,9796
vlasovou,12448
nejake,24624
delat,24625
otrokyně,14474
kapitánem,8225
pastu,22744
formulace,24002
dem,24626
anální,24627
produkující,13516
založeném,1797
terminologii,13052
odsávání,24628
šrotu,17080
spolujezdce,19709
potoků,21780
pravotočivým,24629
administrátorů,24630
příslušnému,3012
legendu,13648
totálně,24631
ubytovacím,20835
nesrovnalostí,20573
pomůckou,4794
praktikách,19121
kráječe,24632
delikty,24633
ženských,9701
nizozemskou,14199
světlomet,24634
lokomotiv,14700
prostorově,1902
atomy,18716
forenzní,24635
procedurální,24636
louhovače,24637
obrů,15583
zlého,7767
nemaji,24638
servisu,3282
zvířátka,20088
odchylku,10819
francouzských,10383
služka,16808
podnájmu,21009
silní,1131
lysé,17095
odpovídajícím,22525
nevěstě,16639
takzvaném,15892
turbodmychadlem,24639
spojnici,22705
elektrozařízení,24640
flat,24641
napodobující,19179
mezizubní,24642
příbuzenství,24643
zrcadla,10148
oděrky,24644
diferenciál,21218
oponenta,17504
gama,24645
arabskou,8031
identifikaci,12604
nalezišť,24069
jedoucí,24156
female,24646
zrcátek,24647
vír,24648
trajektorie,24649
podivnou,6788
rampu,24650
komoda,21132
lupínky,24651
range,24652
marii,8789
kávovary,17308
human,24653
vychovatele,9635
stavebnici,11791
nuceny,6319
kraviny,17788
řeckou,8791
brankou,12770
nahrazující,24654
blokace,24655
bitu,10697
kompozici,19122
lexikon,24656
routery,24657
tky,24658
admirála,6408
bratrství,24659
filmařů,13225
matku,6705
čidlem,24660
botel,24661
generálem,6006
makedonské,24662
šlechtici,18943
bratrstva,20641
prosklenou,24663
hustém,4665
přednosty,13129
ratio,24664
šňůr,6856
útočníka,16705
pekaři,17905
kouzlu,17912
savců,15147
partyzánů,10922
symetrie,24665
hrubě,24666
válců,19814
nabývání,24667
malo,22517
souborem,18939
pistole,24668
nespravedlivě,21809
správnému,6472
vidlicový,24669
mas,24584
dotčené,17616
velmistra,7155
rika,24670
komponenty,24671
praktickou,6536
překážku,13781
peněžitá,24672
islandské,17925
výslovnosti,21833
přitahovat,15438
ohař,24673
latte,24674
danému,6345
takzvaného,15892
mutací,17618
indických,5527
root,24675
pysky,24676
hraně,15761
motoriku,24677
slitin,24678
položenou,1150
sein,24679
knížete,17252
zubních,22244
mravenců,24680
práškem,12805
svalovou,7806
daj,24681
property,24682
halou,6315
fiktivního,15139
hybridnímu,16908
rovinné,24683
nadací,12440
hlavičce,13689
babe,24684
nastaveny,12899
přihrádky,21043
stranì,24685
náležitosti,7866
šukání,24686
nova,20831
převedeny,15896
zákonnou,6121
kupé,24687
dialogů,4340
klasickému,4367
poskytuji,24688
ženskou,21896
hůlku,24689
ventilů,24690
toxiny,24691
ceske,24692
zavody,24693
uzly,11486
královnou,15211
píchat,19719
morálku,10131
pøíspìvkù,24694
sedací,24695
oddělují,24011
právnímu,15950
pylu,21842
památek,6580
pussy,24696
ventilátor,23665
přepisem,7098
šířící,24697
svatou,1363
odpružená,24698
klučičí,24699
benzinu,24700
působícím,19686
předka,9590
oborům,6057
bolestí,9201
cele,8501
vypovědět,16700
got,24701
vanu,7570
skloňováním,24702
kupující,18827
silou,4808
spolehlivostí,12882
relaxací,24703
čtyřhry,24704
crash,24705
multimédií,24706
uvedou,3490
nahradí,16368
hořčici,21202
moji,1665
dělnickou,8291
zdravotnickou,7227
hmotou,7779
slotu,13314
registry,24707
znaménka,22028
vyrábějící,24708
nebezpeční,14640
mistryň,24709
malware,24249
bridge,24710
lámou,12648
been,24711
ojetá,18483
pomocníků,4720
zmocněnce,12361
dešifrování,24712
vzpřímené,14271
podloží,24713
kolagenu,24714
věřícím,24715
posvátných,10322
natvrdo,24716
doktorky,16004
href,24717
náplast,24267
filtrovat,23236
rodinnému,5895
street,24718
prchající,19585
enginu,24719
změří,13185
rumu,13335
východoevropských,24720
dotčeného,17616
rivala,21532
ožení,8916
oslovíte,24721
folií,24722
bytosti,13403
membrány,20388
chrup,22745
magnetů,24723
krémovou,24724
milou,24725
přesností,18999
holdingu,13986
šňůra,6856
úvěrového,13930
reprezentantů,9836
vyjmenovaných,24726
špíny,12955
perverzní,24727
koloběžka,12313
sester,14104
administrací,24728
øízení,24729
psaná,24730
korporací,17441
policistu,8023
taxonomii,24731
vlákna,15875
vanilky,24732
modus,24733
koncovce,23518
garsoniéra,24734
bratří,5313
výbušniny,23786
prostøedí,24735
objektivů,16389
slově,5229
kompenzuje,24736
side,24737
žabky,24738
mikroorganismů,24739
ojeté,18483
svalstvo,17101
metabolismu,24740
parametrech,9049
existenciální,24741
zneužívat,19435
nekde,24742
broušení,24743
pryskyřice,24744
kontaminaci,24745
reformních,19138
přestavěny,17827
hydrofobní,24746
rubu,9059
příborů,7698
obézní,23999
stavitelem,9786
dialekt,24747
žijícího,19168
uzlech,24748
odstraňte,21540
nespornou,24749
nezištně,24750
vlnovou,11740
nice,23166
šlapání,24751
membránou,20388
převodovka,19720
vyskytujících,24498
typově,24752
truhly,24753
leštěnou,24754
povrchovou,1623
stížností,16079
bratru,5313
ornamenty,24755
přísně,24756
certyk,24757
diskriminační,24758
cholesterolu,23262
potápějí,15917
producentů,7136
výhrad,12977
modu,24759
přesměrování,8634
folkloru,24760
klenbu,10348
bota,10462
vévodovi,17879
závodnic,22438
strukturou,13864
zdejšího,19761
vráskám,21334
vtom,24761
mechanickému,10441
hrdinovi,24762
hardwarovou,14327
moudrá,8812
buddhistických,8681
rozbité,14716
sdružené,18416
konektory,24763
lupiči,19695
krasavice,24764
kondenzace,24765
praktik,24766
postav,11119
transformátorů,21647
věnujete,10883
googlu,24767
složce,11220
interpretací,13940
chladič,23769
pejsků,15677
pohovku,18719
smazal,4610
saského,18568
přeslici,24768
latexu,24769
rovnoběžně,24770
starému,5912
king,24771
odchovancem,11343
kosmetikou,24772
fólii,12189
gelem,24773
dominanci,24774
dekódování,24775
float,24776
bibli,21310
insolvenčních,24777
portálů,24778
pra,24779
pomocného,1112
chovu,18728
ovocnou,2465
řidítek,24780
větví,15742
logy,10225
rpm,24781
kapotu,24782
current,24783
boxech,6586
věřitelem,21973
pravopisu,16283
motoru,21797
mixéru,20344
integritu,20410
kopii,12131
malbu,6828
brutto,24784
technologicky,24785
whisky,24786
cirkulární,24787
chladničku,18351
vyčnívali,7945
oddělí,11193
obžalovaného,12068
krav,18853
obsahujícího,17885
opatřeny,21641
sochařů,11993
neuronů,18638
jakému,5868
působícími,19686
odcizené,24788
jakémukoli,11498
wave,24789
náloží,20343
kabinu,24790
boxy,6586
kombinující,8998
zachycování,24791
selského,16497
repre,24792
dívčího,16714
zmocnil,19133
vypouštěcí,24793
protestantů,21584
zvaní,14750
koleni,3410
izraelskou,7232
brazilského,12059
naoko,24794
fitness,24795
potvory,14800
zamilujete,20700
lorda,6820
postřikovače,24796
pracně,24797
aroma,24798
sacharidů,21255
nadpřirozené,19983
omezeni,13530
háčky,19360
nádhernou,3171
sluchově,24799
etnických,19876
nemocného,3365
jakémukoliv,7066
hlaveň,24800
nositelu,24801
cennou,7322
delikátní,24802
egyptských,13119
košilka,12517
krávu,18853
krásou,5928
arabsky,24803
přirozenému,6414
napomáhat,17964
zbytečnému,13500
paralelně,24804
trestného,14046
chytání,24805
obranou,10224
panáka,24806
bajky,24807
pony,24808
pryž,24809
hrnce,12236
table,24810
mobilheimy,24811
zachytávání,24812
mlýnů,18923
podobenství,24813
uzpůsobeny,24814
disciplínu,13971
loajální,24815
získáš,6134
uplne,24816
mříž,6756
seriálech,1684
pomalého,1884
latě,24817
látkovou,10880
vrtáky,24818
filozofií,15192
fasádu,7201
předvolby,11849
asistenta,13474
tenistek,7770
chlapů,14604
chirurgickou,2711
držáky,24819
tvrzeného,24820
hereček,4994
páky,21061
vůní,17675
norských,7310
poškozeny,15008
zobrazené,24821
vápna,22111
specializovaného,5505
sirupu,17329
chloubou,24822
ochotou,19305
rytmicky,24823
citově,24824
mlynář,24825
dimenzi,18247
složeném,17251
etnika,24826
hlubokou,9231
obuví,21897
příčně,24827
založenou,1797
kapličky,17947
králova,22306
spravnom,24828
přípojku,24829
středověkých,7852
sklenic,21395
cream,24830
hranatých,19549
settings,24831
praktikující,16777
racku,24832
útesů,11302
opor,19755
nerozeznání,24833
prášků,12805
ráfky,19631
doplnky,24834
rozmanitou,4149
přípravku,17205
nezletilého,23102
stavěny,7690
křížku,17673
strýce,9692
tvému,15356
pohánět,22276
rozdílnost,24835
tóma,24836
vinici,6410
oblé,24837
obsažená,13990
vážou,9056
notečkou,24838
dvere,24839
rozdil,24840
dědečkovi,14103
parašutistů,24841
agregátu,5603
tlumočníka,18435
trenérů,16131
moudrost,21974
kachny,5881
lišt,11053
saské,18568
nedovolené,7838
nastavují,24842
rostlinnou,8160
melodické,24843
tem,1680
jednoduchou,2738
type,11314
smetanu,3849
homosexuálním,23403
módu,5609
instrukce,24196
sky,24844
konzistenci,8063
protihráče,24845
ega,22460
privilegií,22654
buku,6557
přepisu,7098
vnučkou,10219
zašlou,24846
duší,19151
domain,24847
kvádrů,24848
výtku,24013
peptidy,24849
zajištěnou,9400
police,18864
povahou,10743
polymeru,24850
organizmů,14479
mele,24851
íránských,15308
přistěhovalectví,24852
segmentech,24853
toxinů,24691
polykání,24854
hebrejštiny,24855
výfuku,18161
drážkou,24856
detektoru,18337
anténu,23628
postavu,11119
vůlí,20378
zastřihovač,24857
sim,24858
rámem,24859
vraku,24381
erekci,13543
koženou,13411
japonsky,24860
sázku,13918
prdel,21213
častou,2629
plastovou,2567
praktikám,24861
chytrého,14981
mešit,20582
prodavačky,16629
fotorámečky,24862
maršálem,24863
konektoru,24864
obklopeny,16474
páteř,16342
nebezpečnost,24865
vně,24866
triviální,24867
torpédomety,24868
kapelníkem,18648
kliniku,18075
žraloka,15467
rómadži,24869
federaci,10980
měkkost,24870
kostrou,14332
vyhledávače,24871
buňkám,21664
klíny,24872
sestře,14104
směřující,19240
stáda,22355
total,24873
vinic,21405
dobøe,24874
mořského,6491
vláknem,15875
jez,24875
pěvců,22252
vyhrožování,18446
luku,24876
poddaní,24877
věznic,17571
sestavu,5855
mikroorganismy,24739
pacientek,13899
reprezentací,13083
vůli,20378
vyznávají,24878
parts,24879
zesilovači,14095
dlužníkem,21483
prasátka,24066
bačkory,24880
karosérií,22839
myčkou,17532
shall,24881
zapletl,24882
one,24883
propustností,24884
pantofle,24885
kořist,23731
kostely,12791
sdělění,24886
lokomotivu,14700
aminokyseliny,24887
dvojitou,8828
šlechtou,21349
feeder,24888
naturální,24889
nahore,24890
nepoškozeném,15008
korektnost,24891
příčestí,24892
ování,24893
cévy,16018
chatkyfarmahostelhotelkempmotorestpenzionrekreační,24894
pomerančovou,3245
živočichů,8800
far,24895
hlubinných,19431
homologaci,24896
kapes,11781
opatem,18610
dívkou,12173
domén,24897
tvarem,13524
voličů,15255
hnacího,24898
řetězce,15872
lásku,12034
dela,24899
podobnou,6710
přítomny,4109
léčbu,8753
princezen,10472
nádrží,16024
orientovaného,14873
smazány,4610
keratin,24900
zarostlé,15907
mikro,24901
značených,24902
košů,15706
kočovných,24903
trochou,17310
černohorského,24904
skinny,24905
sání,24906
špice,16978
přezkumného,24907
protected,24908
boule,24909
velryb,21830
dravce,21007
optimalizuje,21245
příchuť,24910
hlínu,9449
převodníku,24911
designově,24912
setin,24913
psovi,9409
any,24914
duchů,15806
ostřím,24915
dopátral,16163
digestoř,24916
editaci,21140
skříňku,16425
inline,24917
matrikářky,24918
urážky,23709
snímačů,24919
síťovina,22169
aux,24920
sestrám,14104
horizontální,23952
chyb,17448
ses,1193
naražená,24921
fil,24922
vratné,11692
buňky,21664
rozmlouvám,24923
třísloviny,24924
talentů,22903
vychovat,22424
pilířů,5107
rekreačnímu,17694
proboštství,24925
tlumit,16026
kořistí,23731
rohové,16623
proteinové,23080
nepravdivá,9321
triku,18522
islámských,8091
soulož,24926
směnku,22245
hmotu,7779
elektromotorů,21904
otroka,14474
záměnou,24927
směrech,9032
chudých,5046
inženýrů,5444
podkolenky,24928
přesilovku,24929
several,24930
odkázala,16030
spolehlivou,7647
narážky,24931
přístrojovou,10409
sedanu,18216
usazeniny,21587
tabletky,24932
podvozky,24933
evangeliu,24934
lisu,64
segmenty,24935
ostrovu,4381
knížetem,17252
pneumatiku,20530
spirální,24936
palivem,8217
run,24937
abecedě,14796
pneumatiky,20530
nazouváky,24938
chránených,24939
hlasivky,24940
skore,24941
pohledávka,22137
faxy,1575
poruší,22249
gminy,24942
oil,24943
nespokojených,13039
odstranit,21540
vápníku,13687
zvířeti,9613
smyček,23020
čalouněná,24944
octa,18900
used,24945
katolickou,10300
populárně,24946
nastavíte,12899
flow,24947
náboženského,18015
prdele,21213
vylučují,3703
politickému,8093
rakouskou,10126
zdravému,14393
disciplíně,13971
podavač,24948
federalizaci,24949
dělnických,8291
etnikum,24950
integrovanou,3977
rasy,23583
shodu,10490
slovech,5229
patou,9695
propojovat,9546
výskyty,24951
krajně,24952
omezovala,24953
zásuvce,19330
new,24954
radaru,22056
socialistickou,6118
uvolňující,15291
čtveřici,24955
hebrejština,24956
severského,14457
predikát,24957
nahrazeny,14535
bandu,22879
rovinu,16362
hlásek,16938
nikým,6156
tělech,14165
tlumiči,24958
chutnou,6669
norskou,7310
formátem,24959
pózy,24960
šikovného,18008
mit,24961
rozenou,11836
písmenka,24962
vhodně,24963
radeji,24964
povahu,10743
javoru,16354
výroků,5052
pattern,24965
snímačem,24966
reprezentantem,9836
niky,23166
kamínků,24967
nesnášenlivosti,24152
zástavní,15250
taktiku,11573
vylepšenou,11524
náhrobních,14326
šev,20075
náhrdelníku,20097
log,18867
rezervovaného,24968
ventily,23251
pískovců,11074
chloupky,16790
duální,24969
jmenného,24970
šelem,21343
forall,24971
rekreačního,17694
designérů,24972
pneumatika,20530
ovací,24973
klikání,24974
mast,24975
sladce,24976
mocné,13364
vší,5784
švédských,12508
kosticí,24977
abys,16600
fyzickou,4343
ráži,15652
statickou,9087
parfémovaná,24978
čiré,6997
wikipedisté,21393
směrová,23511
pfiedpisû,24979
tělesně,24980
křivek,7342
must,24981
kříží,10945
sloveso,24070
pakety,24982
nebezpečnosti,24983
pojišťoven,18177
přítoku,9790
hodnostářů,24984
rezonanci,24985
roboti,23193
brždění,24986
společenstva,24987
hnětací,24988
plne,24989
matematiku,13699
pomocníka,4720
božího,17254
answers,24990
trochu,17310
bor,24991
předepsanou,7303
kopyta,24992
souřadnicích,24993
úplnì,24994
najetím,24995
forem,12071
kterýž,2553
řeholní,24996
sic,24997
efektivnímu,9627
likvidátor,24238
statusem,15727
rozkládací,24998
najdte,24999
operující,25000
lezou,25001
kompresorů,25002
stylovou,12160
zachovalých,17130
střelbu,11048
elegancí,25003
povznesení,25004
starobylého,19190
nadávaly,14213
párování,25005
griddlerů,25006
vzájemně,25007
rozkoš,18517
kardio,25008
proslulým,12010
holí,23019
hradbou,5898
diesel,25009
jakéhosi,12079
narušovat,16015
marxismu,25010
bývalou,2217
esenciální,25011
nádobka,15554
requested,25012
renomovaných,15471
věřitelé,21973
maďarských,13064
dek,13153
kousku,14004
papežů,3524
dvojlůžko,25013
hrnců,12236
bratrovi,5313
imigraci,25014
změníte,3635
oboupohlavné,25015
konektorů,25016
díru,15775
lebek,22753
potokem,21780
symetricky,25017
svaly,15384
regulaci,17972
obdélníku,14426
osou,10158
spam,25018
leva,25019
sankci,18164
identit,13134
německému,5677
mafii,20812
obtížností,13286
krystalem,25020
stanete,1466
dolech,3973
paket,25021
kapli,18752
poctou,10988
čočku,19961
talentovaných,16243
ochránců,10026
bájí,25022
babes,25023
kytek,6391
odčítání,25024
breakfast,25025
detekci,23005
křížovou,10516
optickou,4682
náhradu,10906
kompetenci,12999
tažného,22792
nádrži,16024
sla,25026
stabilizátorem,25027
tokem,15105
posilu,20515
chlapa,14604
poustevník,25028
kyselinou,19910
bojovníka,12952
hlasům,15899
chátrající,25029
podřízena,7265
takzvaným,15892
kapitule,25030
dokládající,6485
posuvu,25031
perské,4619
mešitu,20582
mravence,24680
nenávidět,10958
groše,25032
klasiků,6153
axiální,25033
izotopu,22625
videl,25034
evoluci,16821
vyjadřujete,5722
cestujícího,12686
kolonu,14706
snowboardy,25035
pracovnic,20931
riziku,6942
spotřebič,18315
vyhledávači,25036
else,25037
křížkem,17673
faru,25038
micro,25039
poutníků,12368
osobě,8514
vodorovně,25040
mistra,13059
páteři,16342
konsensu,19199
nenávisti,25041
svùj,25042
lidskému,6602
odstraněním,20970
gramatiky,25043
pahýlu,25044
pánovi,8050
záložníka,19850
obtéká,25045
inkluzi,25046
zajatce,18417
kofeinu,25047
stolku,19685
spermatu,21888
skleněnou,9787
hlídku,13878
čelech,10221
sloužícího,13455
jiny,25048
tandem,25049
činžovních,25050
selfie,25051
rybu,14018
soupravu,17290
ewa,25052
sítko,25053
represí,25054
týlu,25055
roubenka,25056
kinetickou,21143
kapalina,23853
obc,25057
zápletkou,25058
vnitrostátních,19262
duté,12149
harmonii,18799
splňující,12283
likvidací,16671
erotiky,25059
nadržená,24490
treatment,25060
krokodýlů,7933
přizpůsobíte,9536
úsporu,5400
stříkačku,23643
najme,15247
vodopádu,9525
módních,12050
indickou,5527
osedlostí,25061
funkcionářem,11555
rodáka,13609
měkka,25062
žilnatinou,25063
nesmyslně,25064
zastarale,25065
krychle,25066
nepřátel,12082
blatníků,22447
registrů,25067
nymfy,25068
velka,25069
mýt,20000
zástrčky,21147
soch,19669
delegaci,18224
náklon,25070
zpěváky,5528
regulární,25071
oprávněnou,6215
přihrávku,20591
měkčí,25072
šroubky,25073
individualitu,20666
interwiki,25074
velmocí,17676
grošů,25075
obcházet,5817
singlů,25076
oříšků,6184
najemno,25077
barokním,23641
orientálních,21457
dárců,9130
poptávajícíz,25078
izotopů,22625
poháněl,22276
vrták,24818
dvojkou,11746
rodu,17411
přesilovce,24929
usmívající,25079
dominantou,25080
pasáži,22537
elementů,18894
idol,25081
hořčicí,21202
říčce,22478
složeného,17251
albánské,16678
tvou,15356
slz,14641
startéru,17005
ventilem,25082
symptomy,20178
odiv,25083
adresu,10078
trub,11771
mitochondriální,25084
jinému,4919
charaktery,12752
chrámech,6123
hruď,12831
věčnou,9209
písků,6354
taktice,25085
prodavači,14600
trakci,25086
filozofů,9293
čidla,22181
square,25087
palem,17937
náboženskou,18015
statkář,25088
mistrně,25089
dědy,12553
slitiny,24678
houbu,10892
nástavce,25090
hranách,15761
konverzí,25091
kondenzátory,25092
invalidy,25093
devastaci,25094
ouška,25095
radikálních,18986
oddělených,16488
gramatických,21176
prvovýrobu,17902
vertikálně,25096
replikami,24108
transformovat,15708
mléčného,12928
příbuzenské,25097
pájecí,25098
vyvíjející,13545
napodobují,21244
nesouhlasu,14543
velkostatku,22185
migrantů,25099
pokutového,9553
italskému,7414
regulátoru,17048
číslici,13209
běloši,25100
ztracenou,2074
zamezuje,25101
samčích,25102
jedovatých,9357
dvorci,16338
ochotny,15237
devices,25103
opel,25104
adaptivní,25105
hlasovou,3262
drum,25106
špitálu,25107
zvětšovat,14895
nálepkou,9817
komponenta,25108
politickou,8093
zrna,20111
request,25109
oleje,11388
vysílající,6527
vrtulí,25110
flašku,25111
dans,25112
mrazničky,23356
kil,17440
sanatoria,25113
hladkou,6809
kompresorem,25114
buňce,21664
sitcomu,25115
kopanou,14045
gepe,25116
enter,25117
tamních,16615
zaujaté,25118
asistentek,13474
eine,25119
protiprávního,25120
catsuit,25121
autě,11574
karoserie,25122
patu,9695
autobusovou,3317
oddanost,18268
odlišují,22280
erozí,25123
orchestrů,8420
rozhodčích,21169
historku,17120
magnetickou,7672
dvojlůžkem,25013
postaviček,14756
hitu,25124
láhví,12835
tlakovou,12463
čarodějnici,3652
mrtvolu,16377
príbuzných,25125
sila,25126
topinkovače,25127
lampy,12430
stínidla,25128
kombinovanou,25129
náhradníka,7027
porotu,15484
akrobacii,25130
výživou,10287
rámy,12893
chudého,5046
object,25131
syntaktické,25132
zvaného,14750
aloe,25133
give,25134
olejem,11388
nádoru,18283
zaměřenou,5967
nameilu,25135
depa,25136
potvrzujete,2740
muslimskou,13630
ostrost,21112
kupce,18373
jelena,16852
odnože,25137
propustné,25138
zastoupeni,20620
úpravou,7952
quot,25139
rybníků,16413
gangy,25140
mixu,4621
krásu,5928
předsádky,25141
význačných,18580
much,22633
obratnost,25142
komisaři,7653
porušit,22249
skladbu,10059
krys,12811
rtuti,17115
dvojitých,8828
svůdná,21653
zámků,7878
žijícími,25143
rovnováhu,13668
fázové,25144
pahýly,25145
sti,25146
poradku,25147
chodidla,16988
médiu,25148
pýchou,17696
dívku,12173
léčiva,18147
holčičí,25149
misku,13528
kteri,25150
frekvenci,16703
rez,25151
povinny,4224
totožnost,23301
působivou,3718
origo,25152
čerpadlo,24055
pixel,25153
poháněné,25154
kosticemi,25155
ruskému,6551
pronájmu,7566
trny,25156
sloučenina,22635
wild,25157
karabiny,25158
starobylé,19190
mantinely,25159
řetězců,15872
divokých,7548
pravoúhlý,25160
hraběti,14652
dívkám,12173
rodě,3527
jasmínu,25161
diskriminací,25162
does,25163
skrytými,12477
pilotů,12117
oné,8178
hrobka,20901
flitry,25164
liberálních,19423
binárních,23856
lambda,25165
proudového,16477
dlužníků,21483
slu,25166
müsli,25167
vzniklou,6140
proudící,25168
surovinách,11566
mocností,15207
bankéře,10867
znalce,22120
jem,25169
osad,8521
napájí,10431
zájmena,23265
chovem,25170
them,25171
přetížení,25172
konkávní,25173
odkazování,12372
sepnutí,25174
anti,25175
zásadu,13589
bujení,25176
akcionářů,14784
tau,25177
realitních,11004
konverzi,17718
programově,25178
rodokmenem,15548
ahref,25179
dlaždic,16230
osách,10158
kmene,21452
písty,25180
kolemjdoucích,18368
konta,15212
úhlové,23573
pánů,8050
nožní,25181
provinění,25182
vzduchové,13653
elektrod,14146
pojištěných,17876
lineárního,20935
samotu,11333
generační,25183
překladače,25184
přízi,15327
upsání,25185
cukry,14948
tyč,17555
cívkou,23609
praci,25186
chovů,25187
kulisu,16479
poradil,10845
mazání,25188
motorek,20505
pistolí,24668
uchu,6727
encyklopedii,14368
rubrikách,674
posilou,20515
medvědů,8845
cast,25189
podřízeny,7265
vidle,25190
olova,14951
pozemků,11655
harmonicky,25191
oxidů,7926
emigrantů,25192
karafy,25193
mytologii,6620
moderátorů,7600
delegací,18224
ordinací,17761
skola,25194
švýcarských,9271
míti,1579
smazáním,25195
koz,21882
manipulativní,25196
umělců,4313
dutého,12149
enduro,25197
vlhkou,2933
způsobilá,18948
blonde,25198
hospod,15051
odpov,25199
látce,12713
hnát,9107
škrábanci,25200
očistí,14340
exotická,16229
sedátka,19997
kostru,14332
kohouty,14221
milicí,16482
stromořadí,25201
lamp,12430
ene,25202
ibn,25203
ukazateli,9881
králů,9940
ţák,25204
otci,3926
trn,25156
moku,25205
zločinecké,13283
dìtí,25206
hloubkově,5045
prominutím,12986
kosmickou,4664
reálií,25207
středočeských,22469
vlastni,7717
stojícím,25208
pension,25209
dobrem,14449
polskému,6130
bytostí,13403
uškodí,25210
zatáčkách,15331
protein,25211
hajní,25212
poháněny,22276
plastik,25213
spoluhráčů,20731
punk,25214
odklon,25215
kostiček,25216
dírky,25217
chlopně,25218
myčku,17532
výroky,5052
prutu,16840
znalý,25219
políčka,17092
mezistátních,23857
linií,13597
faráře,22793
loci,25220
vrtule,25221
chrupavky,25222
amatérsky,25223
přísad,12721
ikonou,13447
pavouka,9916
filosofických,12087
čistotě,15507
hoci,25224
alegorie,25225
celozrnné,10531
obživu,25226
džusu,9706
poškozeného,15008
maršála,15908
syntéze,5055
hlasu,15899
elit,24560
rezervovalo,9295
mudrců,25227
židy,22405
zasíláním,25228
dochovanou,25229
kloubní,25230
logiku,16541
pojištěnému,17876
vodárna,25231
vesnic,19937
tvrdší,8333
určenému,3984
náboženských,18015
úpravny,25232
čínskou,4642
kvasinky,25233
šlechtu,21349
pohodlnou,7484
bídy,5162
samolepek,11811
afrických,13905
liberalizaci,15883
škodlivého,15353
organicky,25234
aerolinek,16640
protiprávní,25120
maly,25235
cnc,25236
ploténky,25237
ovládající,25238
sekáče,25239
tez,25240
trance,25241
fragmentů,19180
krystal,25020
sklíčidla,23354
sedaček,21818
opatství,25242
puku,25243
respektuji,9810
naftu,14850
ohroženými,10660
přezka,18061
bakteriálních,25244
výplně,25245
full,25246
casto,25247
deodorant,25248
českému,5690
lékárníka,14261
kantonů,23830
vilu,11845
svýho,4415
moukou,23181
dokonalou,4265
pekáče,25249
restituci,15587
neco,25250
kostelíka,17629
important,25251
šachovnici,23501
expanzí,10378
cukrů,14948
obecnou,4437
úchytu,25252
věřící,24715
exotického,16229
misionářů,22533
matrikách,10426
šasi,25253
střely,23593
známost,18150
dáš,1297
ionizujícího,25254
progresivní,25255
mocným,13364
branku,12770
zahrnujícím,11568
koncovkami,23518
benediktinů,25256
ostrahu,12842
push,25257
pøípadì,25258
pačuli,25259
ultra,25260
zápletku,25261
etnické,19876
podrobeny,18596
napadené,11617
mexických,13233
zam,25262
muslimů,17623
svícny,25263
špinavou,18095
vodojemu,25264
rozhodnuti,1214
zabraňují,22941
prvcích,15241
ložisek,23420
řeholních,25265
nazor,25266
profesionála,1099
přistěhovalce,22980
vadného,22989
suti,25267
jezdců,20827
insolvenčním,25268
rappera,25269
over,25270
klece,23331
och,25271
bud,9089
kovaný,25272
odebere,10404
autentizaci,25273
reprodukcí,25274
strážníka,11098
slávu,5070
siluetu,13920
filtračních,25275
strukturu,13864
výlučně,25276
target,25277
trysek,25278
vzorem,7782
všimnete,2719
cívky,23609
souborech,18939
pilin,25279
míči,16756
pramálo,25280
stojací,25281
primáře,19251
velikostí,19657
pachu,17196
ptáků,10891
ovládáte,10508
konkrétnímu,7494
poutního,25282
hmotnou,17045
třebas,25283
posila,20515
motor,21797
jeji,25284
viru,17851
sochu,19669
chia,25285
náboženství,23471
lídrů,25286
vniknutím,25287
nejaka,25288
additional,25289
hudebníků,4860
stolek,19685
tupé,20493
vínu,5158
kachen,5881
kazatelna,17457
zamilovali,20700
tematiku,19615
parcely,9845
výbrusů,25290
zvolenému,775
postoupení,16922
démona,15224
kovaného,25291
složeny,17251
zemědělsky,25292
trojici,19921
mořskou,6491
pøes,25293
sfér,9995
armatury,25294
čoček,19961
vyhledávačů,25295
pižma,25296
zaujatý,25118
nosník,25297
vychováván,25298
omezovat,10806
obdélná,25299
rytmem,18527
vektorového,10953
újmu,18683
bergamotu,25300
ráně,12486
leštěného,25301
udelal,25302
domorodých,22684
konto,15212
zkrotit,21077
podprsenky,25303
cyrilice,25304
nosníky,25305
semene,17764
prenájmu,25306
jake,25307
klíči,10282
each,25308
masívu,25309
raketách,12992
slitina,24678
thrash,25310
klišé,25311
sítnici,21812
družici,14210
liány,25312
presbytáře,20824
rostoucímu,14688
pozměnit,23866
airbagy,25313
obsluhou,9017
nárožní,25314
odstranil,21540
pěstovány,9270
odcizil,25315
ctností,16375
roviny,16362
topinek,13952
zamezení,25316
odstraníte,21540
léčivou,12318
koncovky,23518
základì,25317
geografii,25318
rozdílnou,11610
robotu,22883
reprezentanti,9836
panáci,24806
žánrem,13634
vyvinutou,9190
procesním,15771
úzkou,5713
bohyní,23770
cite,20532
souborům,18939
nezaměnitelnou,20101
matrix,25319
krále,9940
kužely,14049
ruzne,25320
kotoučové,11471
řezů,8746
forte,25321
závislým,4217
klozet,25322
das,25323
alternative,6979
milovníků,19492
hodnou,17495
vře,25324
instituty,3354
mužskou,8618
pacienta,13899
doktorovi,25325
homologace,24896
kapelníka,18648
uherské,9145
tøeba,25326
spořitelní,25327
musite,25328
app,25329
přilne,25330
překladač,25184
star,25331
bydli,2183
problemu,25332
torza,25333
escort,25334
doktorku,16004
pistoli,24668
pohrůžkou,25335
znacích,14035
brzdy,14459
lavici,19482
ideologických,22456
transformátoru,21647
přihrávce,20591
formulací,24002
normal,25336
zdravou,14393
drsnou,5061
rozpadající,11073
zdobeny,10056
husitů,25337
mentálně,25338
proslulost,25339
gaelštině,25340
pravdivě,25341
polstry,25342
míčků,25343
implicitní,25344
výpusti,25345
odnož,25346
netriviálních,25347
zatáčce,15331
gets,25348
řezačka,25349
proti,25350
oddaný,25351
čelistí,23638
jemností,25352
morálním,23172
měr,6688
národností,21994
prix,25353
rabína,25354
gender,25355
zna,25356
navádění,25357
nežádoucího,10190
superstar,25358
bližnímu,25359
zadlužování,25360
metly,16580
maďarštině,20711
římsou,11657
spravne,25361
jakýchsi,12079
usr,25362
ras,23583
lepené,25363
boku,16314
betonovou,5130
odborností,14979
hrabství,25364
belgického,10331
dezénem,25365
řetězcem,15872
exekucí,25366
rozpoznávat,14945
munici,22550
fan,25367
hadic,23228
cela,8501
autoritu,16709
genetickou,16816
renomé,25368
lege,25369
býti,478
snímači,25370
vedeným,25371
jakkoli,23330
specificky,25372
páchání,25373
anglickému,2068
publika,18384
roztoku,20347
věno,25374
pojištěné,17876
manželskou,11952
senzory,25375
panu,5233
procvičit,20026
int,25376
duplex,25377
výplň,25378
kamiónu,25379
kupujícího,18827
estonsky,25380
dvojlůžka,25013
spřátelil,25381
break,25382
mama,25383
svobod,8816
vinice,6410
bít,12668
synonyma,11195
přímky,19194
věřiteli,21973
kněží,17479
ktorej,25384
botu,10462
vyznání,25385
rights,25386
učni,14065
wikipedista,25387
duo,25388
arogance,25389
citlivého,14341
samčí,25102
dynamicky,25390
garsonce,25391
punc,25392
reverty,25393
cock,25394
výkonnou,6583
aniž,25395
držáku,25396
spermie,24258
buněčnou,16638
polystyrenu,17429
planě,25397
kresbou,1735
úměrně,19448
slasti,23053
výchovou,6323
hraběnky,23759
trojúhelníky,15960
odolností,20251
vykořisťování,25398
ekvivalence,25399
hodne,25400
hospodu,15051
památkově,25401
křemen,25402
pečetí,9129
pravidlům,9383
stratovulkán,25403
zastánců,15938
melodií,19625
pánskou,7975
ostřikovačů,25404
náplastí,24267
anekdoty,25405
statí,25406
fretky,25407
bird,25408
prsní,25409
naprostou,9382
háčku,19360
řek,5964
kouli,20327
elity,24560
potlačování,25410
sexuálně,25411
rukojmí,25412
strojvedoucího,22599
sum,25413
shluky,25414
nukleotidů,25415
fary,25416
závislých,4217
cam,25417
nahrazovat,15858
stélkou,25418
šortek,23147
chválu,13585
dobovou,3127
upravenou,2581
lakována,22716
stabilizátor,25027
slovesem,24070
zamilují,20700
vévodů,17879
kinu,4842
diamantů,19823
nìco,25419
souhvězdí,25420
penzionů,25421
zjednoduší,22301
skel,16764
zaøízení,25422
pana,5233
vodárny,25231
dědici,19995
celebrit,21181
polic,18864
fucking,25423
penalty,25424
precizně,25425
strýčka,4442
svrchu,25426
souřadnic,25427
frakcí,18935
exekuci,25428
křidélka,25429
frame,25430
bila,12668
slovníkem,16619
puma,25431
řemenu,25432
samici,11323
jine,25433
zlou,7767
obdarovaného,25434
res,25435
borovic,19258
umožňujícím,13811
trojku,5210
komplikovanou,6777
sumce,20018
obráncem,20314
hormonu,15610
prodávajícím,22692
jemného,11164
spřátelí,25436
překladatelů,9662
sedli,8941
usnadní,19646
korozi,21932
princeznou,10472
trefou,25437
panovníků,14090
vnese,15788
się,25438
individual,25439
chirurga,11904
hlodavců,25440
veškerou,8207
urban,25441
instant,25442
lamel,17028
specialisty,6308
správců,12250
matice,25443
izraelských,7232
mechanikou,19609
středověkou,7852
židovství,25444
švagra,8992
videím,1653
řemenů,25445
stisknete,25446
britskému,2566
zirkony,25447
zamku,25448
encyklopedií,14368
hoden,17495
mechanicky,25449
svuj,25450
bakteriální,25451
nazýváni,12286
hodnì,25452
uhlíkových,8116
čistotou,15507
vstřikováním,25453
napomáhají,25454
přijímající,4065
konektivitu,25455
stojícího,20567
kolébce,18966
vadné,22989
pouzdru,20125
rajónu,16836
líní,10796
úhlopříčka,25456
triků,14224
dbá,15682
diagnózou,25457
lípy,13747
prohřešky,17025
kupujíkód,25458
indikací,25459
námořních,15287
magii,23010
segmentu,21459
lva,5678
královstvím,21917
konzol,25460
dědičkou,25461
bandy,22879
rovnici,20069
morálně,25462
odrazu,11415
solí,18692
zbytkového,22044
alternaci,25463
ethanolu,25464
útočníků,16705
example,25465
dedo,25466
schránku,4212
toneru,25467
kartáčky,25468
polo,25469
šipkou,14993
tlustou,8975
kabelku,18277
říznutý,25470
lineárním,20935
dell,25471
sekt,24314
parcelu,9845
jezdcům,20827
věřitelů,21973
radikálním,18986
figuru,20544
těly,14165
bratranci,4564
hranou,25472
děla,17969
západoslovenských,25473
zaniklých,5131
pomáhajících,25474
ironií,20116
štěrku,11591
rozstřelu,25475
střevě,17179
usnadňující,25476
torpéda,22690
sušenek,23710
four,25477
reproduktoru,17031
biografií,9909
takzvaných,15892
regulátorů,17048
zachovávat,15992
výskytů,25478
posts,25479
rovin,16362
nádržky,25480
samu,942
byrokrata,24116
rytmů,18527
zobrazením,17358
pojistník,24603
matrace,25481
domaci,25482
dbají,15682
vaků,19472
poprsí,25483
spokojených,13039
snižující,25484
adresáři,5307
banální,25485
cyklistu,5263
polarizace,25486
ippon,25487
syntetickou,6502
genetiku,15385
analogii,23260
přívlastku,7199
pastí,19087
molekulami,23760
tureckých,12008
notáře,11954
core,25488
čelně,25489
křížence,20923
mechanickou,10441
andělů,15887
nádobu,15554
skla,16764
spa,25490
zetě,23245
odporuje,25491
ovcí,20426
papoušků,20461
levnou,1190
zabývajícím,19310
nekompromisně,25492
vládců,12229
ohne,25493
muzice,18410
návrhářů,11593
lodím,17462
pojištěného,17876
morální,23172
citu,20532
expertem,25494
nahrazovány,15858
víru,15282
větvení,25495
formací,22253
čínštiny,25496
větvené,25497
variací,10430
vázáním,25498
získej,6134
názorově,25499
podstavce,25500
modelku,15763
množinou,21907
kanónu,18955
against,25501
mladému,5800
punkové,25502
sedačkou,21818
dobra,14449
vázány,13536
nemocnému,3365
ingrediencí,25503
částic,24574
ulehčí,22761
reprezentující,25504
sjezdovce,19622
strojově,25505
fenoménu,15073
kvasnice,25506
prkénka,25507
prostých,11107
brusky,25508
moudra,25509
pravítka,24136
sestřičku,20031
břevno,25510
žilek,25511
pohlavně,25512
vážnou,6346
obyč,25513
explicitní,25514
reklamou,11009
kostelu,12791
lovce,12983
nečistoty,20651
teměř,25515
hygienickou,8227
katalyzátoru,19470
insolvenční,25516
podkategorii,25517
vloženou,25518
trubce,25519
ktorá,25520
vhodnou,390
movitých,20109
virů,17851
výztuž,25521
třecí,25522
velikánů,25523
staci,25524
osvětě,18193
klášteru,14058
zefektivníte,22408
nálepku,9817
nap,25525
stojanu,6508
doménám,25526
objektivu,16389
ovčáka,25527
ostrůvků,13553
menšin,15302
krystaly,25020
upravující,20825
hrotů,15895
substituce,25528
fuck,25529
voliče,15255
šperkovnice,25530
kazet,10198
králem,9940
vyrobce,25531
šrouby,19652
ostrou,4520
ňadra,25532
zabraňující,25533
vedeni,25534
věnující,10883
nevlastního,4997
kapelách,10193
jiz,25535
encyklopedickou,11380
pětici,25536
komponentů,25537
soustavu,5688
etiketě,25538
bohatých,3439
fotografovi,3260
vtipnou,3181
přímce,19194
slonů,12909
bezchybnou,10781
souvětí,25539
osobni,25540
tri,25541
klášterů,14058
tuze,25542
růžici,25543
bublin,14279
mužstvu,18393
tobolek,23653
grupa,22586
serva,25544
nahrazování,15858
vek,25545
odstraní,21540
blondýna,25546
porosty,14151
obdivu,19678
nose,6917
pří,13695
transparent,18990
majetkovou,14704
zámky,7878
sudí,25547
podčeleď,25548
age,25549
nožkách,23456
femme,25550
ktery,25551
troubu,11771
obdarovaný,25552
žvýkací,25553
obtěžování,25554
pojezdu,25555
erotickou,4460
kovaných,25556
jezírku,15198
defektu,25557
římskou,3277
pom,25558
kyselinu,19910
rozpoznávání,25559
propracovanou,10483
ambulanci,21094
kolíky,19590
vývodů,25560
pasiva,24443
obra,15583
panen,12691
vedle,25561
ničit,16061
přísnou,9734
chvály,13585
pohánějící,22276
zdokonalil,25562
podčeledi,25563
jemnou,11164
potřebnou,16202
kupců,18373
odtahu,25564
písmenu,20239
svérázně,25565
danem,25566
ptáka,10891
sedačky,21818
podob,4206
třmen,25567
čínštině,25568
míčů,16756
ceduli,22135
pumpa,24439
stabilizací,14712
vsunutím,25569
alla,25570
kapsli,25571
legitimitu,25572
ransomware,25573
patice,25574
zbožnost,25575
pohodlnému,7484
possible,25576
jiste,25577
inhibitory,25578
členu,6244
agresivitu,16217
publiku,18384
špetku,18490
křemene,25402
složitou,2940
kapalin,23853
samostatne,25579
kyvné,25580
séra,20076
holce,6617
napomenutí,25581
filipovi,25582
blokaci,25583
léno,25584
bliznou,25585
kolonky,25586
klády,25587
lidsky,25588
zplodil,25589
přípravkem,25590
diferenciální,19188
trubici,17195
rolí,19680
zplodin,25591
kapitána,8225
poddanství,25592
eliptické,25593
hostujícího,22307
miluješ,4478
svenska,25594
patřičnou,13808
roztočů,25595
romantiku,17589
jizvu,12757
fauny,25596
karoserií,25597
ingredience,25598
ukládáním,25599
tureckou,12008
slečnu,16108
stíhačky,22464
pornografii,23126
státoprávní,25600
hravou,14204
optimalizací,25601
nevoli,20595
nekoho,25602
sedadla,11682
myčky,17532
enzymů,25603
alkaloidy,25604
docenta,25605
hrany,15761
estetickou,12652
šamponu,25606
písmene,20239
královen,15211
larev,22656
přepínačem,25607
switche,25608
proudové,25609
sociologii,22534
bednu,16444
sílou,4808
zprostředkovatelů,14628
soukolí,25610
kovaná,25611
basů,25612
ekologii,18414
fast,25613
čerpadla,24055
rue,25614
rovince,25615
pulovry,25616
bohům,11173
enzym,25617
per,10427
fusion,25618
elasticitu,25619
diamantem,19823
entit,21025
milých,2495
ctnosti,16375
potu,21943
posedlost,25620
padding,25621
trnem,25622
diagnóz,25623
eukaryot,25624
hluboce,20419
budíky,17552
řetězci,15872
upravíte,16237
nějakému,5257
found,25625
sexy,25626
typu,11314
gaye,25627
máku,16892
posloupností,17159
borců,22618
wikipedistům,21393
cílenou,9548
create,25628
spirituality,25629
závisti,21757
gumovou,4827
destinaci,25630
spamu,25631
náušnice,25632
duchovně,25633
filologii,6787
regulací,17972
vrahovi,9931
žraloků,15467
uloženým,12398
redukcí,13777
lide,25634
prastaré,25635
chytalo,25636
šípu,19336
taburet,25637
kytaristu,23632
zanikající,25638
liberálně,25639
presbytáři,20824
vířivce,25640
vložku,25641
boha,11173
ozdobnou,14172
inch,25642
ozvučnice,25643
dos,25644
tachometr,25645
sjezdovku,19622
zajištěného,9400
mercedes,25646
členovi,6244
přízí,15327
asistentku,13474
rodem,17411
příčné,13066
vymáhat,25647
manželek,9057
sblíží,25648
mžiku,25649
prostornou,6681
prodávající,22692
perského,4619
jezdci,20827
not,15473
distanci,25650
notu,15473
rostoucího,14688
optice,19514
nádrž,16024
souhlásek,21883
metodologii,15890
veselku,25651
temperamentu,25652
čeledi,24091
setrvačník,25653
listinu,17372
nerovnosti,25654
izolát,25655
palestinského,24253
bází,16674
předjíždění,25656
features,25657
hladkém,6809
dýmek,25658
vir,17851
božského,15001
halenku,17599
vzdálení,13866
schopnou,9452
latinky,25659
majora,10667
coura,25660
bájné,25661
strýci,9692
kružnice,25662
dvojce,11746
výslovností,21833
najdi,7815
antigen,25663
zralou,16182
vandalů,25664
vyšetří,19884
zřídí,6753
sedačce,21818
lžící,16589
vzácnou,6056
reprezentanta,9836
mbox,25665
detekcí,25666
adidas,25667
ostrahou,12842
skalární,25668
poctivého,19335
sílu,4808
komplexů,16324
nevládních,1767
epitelu,25669
lesklou,4652
vahou,7981
both,25670
účelově,25671
starou,5912
jaki,25672
osolené,25673
sýru,8169
genu,11823
kapičky,25674
specialistů,6308
trpících,20374
vyspělou,13228
lží,17743
jedlou,11442
milovníka,19492
tichou,13863
layer,25675
učence,18730
dobru,14449
vzdlávání,25676
jos,25677
nedalekou,9094
elitu,24560
lidovců,21786
rámců,4061
hlenu,25678
podmětu,18231
byrokracii,20495
ansámbl,25679
syntézu,5055
kněze,17479
páčky,15638
filtrů,20276
srdcí,13002
armatur,25680
cyrilicí,25304
ortodoxní,25681
xml,25682
něni,25683
kouzelnou,4072
vrozených,22675
tajů,25684
příčných,13066
barokních,23641
shows,25685
šik,21910
void,25686
atributů,25687
porušena,25688
dělily,9079
vrchnost,25689
náboji,20346
advokátem,12432
freestyle,25690
hran,15761
roztečí,25691
obohacování,25692
uvozovky,25693
policemi,18864
taxony,25694
přeměněny,18708
přesile,25695
vozidlu,25696
částice,24574
nádobou,15554
úctu,16784
eines,25697
sekta,24314
stráží,18495
kmenech,21452
dialekty,24747
likvidovat,21328
masce,7498
svodidla,25698
sesterskou,11795
srbských,8733
problematiku,18787
sondu,14383
tylu,25699
druha,16175
derivátů,23098
sympatií,25700
plnou,5204
hodného,17495
input,25701
íránského,15308
etnickou,19876
archu,18497
ploutví,23988
daru,15170
kanónů,18955
mnicha,23339
zábranou,10698
postavičku,25702
magií,23010
vyhledávačích,25703
buchtu,16719
svůdné,21653
poh,25704
pěvce,22252
zboţí,25705
podnoží,15972
uherských,9145
jsu,25706
řečí,7235
měkce,25707
reklamu,11009
detektorem,18337
vyložený,6227
černému,3938
magnetem,25708
kazu,25709
kmeni,25710
náprava,25711
dopl,25712
radsi,25713
peřeje,25714
mladíky,20911
šikmo,25715
rozvíjejícím,18324
nerovností,25654
health,25716
portugalských,11691
pachatelů,18119
jistému,2518
multi,25717
komponentu,25718
vstřikování,25453
nenávistí,25041
chóru,21803
pojistky,23698
tan,25719
udaje,25720
mravenci,24680
mase,11763
úhly,19447
piny,25721
dekodér,25722
zbytečného,13500
robotem,23193
ušlechtilých,14894
odborníkovi,14358
tílka,18201
vlků,9739
jsouangličtina,25723
malířů,6936
mikrofonu,12903
tkáň,22801
draku,25724
tlumení,25725
povolte,4676
dosedací,25726
varhaníka,17412
křižníku,14695
elitních,25727
rasou,23583
malebnou,18145
zbrani,19824
poctivou,19335
vzorcem,14996
kordem,25728
brzdu,14459
trámů,25729
dlužníkovi,25730
moderně,14540
motorku,20505
vsech,25731
mocných,13364
hus,10364
faráři,22793
oblouků,6301
záhadu,9482
mocného,13364
kapel,10193
pojmenovanou,25732
plastickou,7665
mužstev,18393
druhově,25733
etice,16979
postel,3485
plastiku,25734
zaváhání,25735
vídeňských,6223
štětců,12184
action,25736
ţáka,25737
suspenze,25738
systemy,25739
semi,25740
dres,18677
take,25741
hubení,14532
sakrální,25742
střelami,23593
eliminaci,25743
strážci,21884
chladičů,25744
skate,25745
zastoupeny,20620
stehy,25746
turbo,25747
vyslance,23007
mužu,25748
gotickou,12704
penziony,25749
chudších,5046
věnovanou,5220
církvím,16633
poškozeném,15008
vrtáků,24818
přímočaré,25750
šablonou,18110
tvarovanou,25751
zbavíte,16739
rebelů,23481
židovskému,6146
ventilu,23251
kružnici,25662
tranzistorů,18910
odlévání,25752
sloupců,25753
onomu,8178
dentální,25754
kupu,18328
ktere,25755
otroky,14474
řízenou,2957
hrabat,14652
nenasycených,25756
products,25757
ložiska,23420
kyselin,19910
fauna,25596
mísu,17592
kupujícímu,18827
vzdušnou,11123
líné,10796
zločinců,13283
množinu,21907
kyselou,9744
jehel,14707
neteří,18076
vektory,20262
kořene,6267
mikrofonů,12903
pokročilou,5406
tøi,25758
čistotu,15507
čeledě,24091
kmeny,21452
ložisko,23420
odsavač,25759
ích,25760
spokojeného,13039
ska,25761
neutronů,23685
motoristů,17110
piliny,25762
krystalů,25020
obtížnou,4913
zřetele,14266
mezeru,15664
oboustrannou,9544
bílkovinu,17559
mistrů,13059
soft,25763
měkkou,3009
portugalského,11691
obrysu,13882
mrazničkou,23356
třmenu,25764
konfiguraci,25765
substance,25766
starozákonní,25767
podprsenka,25303
predátorů,25768
tvuj,25769
asijskou,11891
redirect,25770
imbus,25771
sinice,23210
plaku,25772
reproduktorů,17031
funkcionalitu,25773
profesora,11777
dvojic,19246
duvodu,25774
genů,11823
areály,7713
rysech,7973
vetsi,25775
osvojí,23381
blízkou,1486
trans,25776
stélku,25777
dinosaur,17486
dvojího,12178
obránců,20314
náklonu,25778
kapele,10193
bubeníka,20190
tvrzené,25779
poškodily,19854
masu,24584
skrytého,12477
navijáku,20587
gumu,22772
monografií,25780
rychtáře,22555
solid,25781
mixéry,20344
parazitů,25782
synagogu,19677
geneticky,25783
potoku,21780
nárazu,18433
vandal,25784
úhlopříčky,25456
nezletilých,16789
atomů,18716
nazývanou,9421
drobnějších,10442
povlaku,17208
výslovného,25785
zobrazily,25786
tej,25787
zlu,18710
osadou,8521
paragrafů,18791
konstrukci,17640
stoupenců,13566
ohm,25788
protisměru,25789
zboku,25790
hrobě,7752
střevech,17179
arogantní,25791
panské,25792
senzoru,25793
soupeřky,25794
pídím,25795
mazat,4610
patky,25796
dědovi,25797
trestnou,14046
poslušnost,23405
cons,25798
pastou,22744
molekul,23760
konstruována,19498
zářivou,4569
vadu,21682
radách,5667
skluzavkou,13388
receptory,25799
mladíka,20911
rovinou,16362
šípů,19336
sekvenci,25800
barevností,25801
dcer,11757
šroubu,19652
sektu,24314
trenérovi,16131
vyslanci,23007
světelnou,25802
vezu,25803
análu,25804
tvoji,15356
vinutí,25805
spoji,25806
háku,23621
kvasnic,25506
péro,23798
varhaníkem,17412
teleskopickou,10967
lahodnou,14140
množiny,21907
políček,17092
diakritiky,25807
kolizí,22379
přepínač,25808
chronicky,25809
teroristce,25810
klínu,25811
zvaném,14750
dravých,25812
pøedevším,25813
irských,5449
borce,22618
dokonalému,4265
jazykově,25814
nikotinu,25815
dvojku,11746
kolmé,22631
remízy,8507
nema,25816
kurvičky,25817
belgickou,10331
gangu,25818
cviků,25819
místnímu,9579
rámů,25820
bank,7145
bohů,11173
imitací,13501
přistěhovalců,22980
estetiku,14703
ostny,25821
kouče,25822
try,25823
pry,25824
volnostylař,25825
jištění,25826
kompresi,25827
pani,25828
tupě,25829
formulí,23576
nano,25830
střihem,4754
kterym,25831
etiketu,25832
modlitbu,20288
nečitelnost,25833
čtyřku,25834
rychlíky,22712
kladky,24567
uje,25835
biskupovi,4617
ideologii,23711
bek,25836
brankářů,21276
mělce,25837
brazilských,12059
zbytečnou,13500
bakteriím,22966
nožů,18187
panství,23527
kurva,25838
pripadne,25839
buňku,21664
sit,25840
paraboly,25841
contact,25842
tuhost,25843
filter,25844
soka,25845
neho,25846
šlehače,25847
stopku,25848
imdb,25849
color,25850
výšivkou,25851
škůdců,25852
kamaradku,25853
vychoval,22424
ochranářskou,25854
diktátu,18323
hardcore,25855
priori,25856
náušnic,25632
tělu,14165
posvátnou,10322
nekalé,25857
vápně,22111
krytkou,25858
tetu,12044
tvorů,13742
radiobudíky,25859
zlaťáků,25860
benzinky,25861
vous,19747
podprsenek,25303
tranzistory,18910
subwooferu,25862
žeber,9315
přísudku,25863
odinstalovat,25864
děr,15775
kapku,14240
exekutorů,25865
mravy,23283
departmentu,25866
technologii,10010
řešící,25867
editací,21140
úchytů,25868
najeto,25869
závislou,4217
slepou,14163
derivát,23098
údajnou,7486
phi,25870
cysty,25871
áčka,25872
útočníkovi,16705
sody,25873
horáchubytování,25874
znalců,22120
šikovnou,18008
činech,1938
proteiny,25211
opatrovníka,25875
půvabné,20768
bad,25876
vádí,25877
zadavatelů,11449
podstatu,12176
omezovač,25878
smyslnost,25879
blbou,2580
režisérů,4661
silikonovou,9538
intrik,23854
čet,4485
zálibu,11700
esencí,25880
humánní,25881
cysta,25882
potahu,11705
lyžařů,20730
nazývaného,9421
figurku,15514
ventilátorů,23665
ručitele,25883
jmena,25884
kmenem,21452
šlechty,21349
abecedu,14796
bodovky,25885
brankářské,25886
enzymy,25887
popu,22934
receptoru,25888
instrukcí,24196
cartr,25889
podobají,19070
vzezření,25890
fauně,25596
transkripci,25891
milovníkem,19492
height,25892
filtrem,20276
jógu,25893
závodně,25894
kundy,25895
dámskou,9777
brankářem,21276
dot,25896
represe,25054
šuká,25897
hřídel,20127
drobnou,10442
hebrejštině,25898
válci,19814
protony,24487
ráží,15652
písním,8000
local,25899
švů,25900
konstantu,19571
proteinů,25211
reproduktory,17031
výplní,25901
kurvička,25838
chladiče,23769
dialektech,24747
kuše,25902
nevhodně,24963
tezi,4078
heterosexuální,25903
agresivního,21791
tyčky,24419
ubytovani,25904
monstra,25905
skladbou,10059
elektronikou,17595
léčebnou,13985
takzvaně,25906
žuly,10677
paticí,25574
mnichem,23339
špetkou,25907
kompozicí,19122
nečistot,20651
quad,25908
orientací,6371
úhlů,19447
pružinou,24480
regulují,18546
psu,9409
trestance,25909
vrtáku,24818
těstíčku,25910
advokáta,12432
nickem,25911
für,25912
šťávu,17508
obyčejnou,6205
hmyzu,11792
samohlásku,16508
molekuly,23760
atributu,25913
lnu,14659
registru,23788
ložiskem,23420
příbuzného,13846
uhlíky,21837
vrozenou,22675
tvrzí,19889
nápravě,25711
upevní,14991
kotouči,25914
ideologicky,25915
logikou,16541
nadaci,12440
variety,25916
čar,7673
máty,13419
kardinálů,14900
podložek,25917
paketu,25918
kazatelů,17457
mušlí,23351
anatomicky,25919
porci,20130
univerzálních,19046
tvaru,13524
odlišností,20177
střelců,10561
fanynky,25920
písmena,20239
úhlopříčkou,25456
dynamice,13496
krupice,25921
zesílenou,17351
aerobiku,12884
dvojicí,19246
hydrochloridum,25922
songu,25923
tvarovou,25924
francouzskému,10383
střele,23593
vidlicí,25925
žlázu,14006
komplexem,16324
smrku,16226
dìti,25926
garsonek,25927
čirého,6997
rychlíků,22712
upravujícího,20825
lymfocyty,25928
stellen,25929
sinus,25930
cípy,25931
vniknutí,25932
filtru,20276
výrazů,15853
krystalky,25020
perských,4619
rybářů,17471
háčků,19360
pop,22934
muzikantů,10204
čepel,25933
due,25934
tetě,12044
písem,20498
knězi,17479
lidu,17597
sóla,19031
prostituci,23617
příchutí,24910
individua,25439
dotčeny,11681
označovanou,25935
fresh,25936
rytířů,5993
slepě,25937
katolíků,18085
plynulou,13442
vycpávky,25938
esa,18382
skriptů,25939
duplicitní,25940
oddaných,25351
vil,11845
jámu,17309
dite,25941
pravd,4178
pohledávku,22137
ubytovány,20791
použitou,25942
melo,25943
spojkou,23338
modální,25944
tra,25945
vysavači,11403
hadici,23228
ráfků,19631
patentovanou,25946
botě,10462
potomci,7272
zatáček,15331
porušují,24315
terapeuta,15364
prostorovou,6907
modifikací,10826
hráček,6108
deliktu,25947
drogově,25948
úhlopříčce,25456
formaci,22253
osedlosti,25949
vdovou,13763
antireflexní,25950
alejí,21876
rasově,25951
dědu,12553
zajistíte,9092
přestupku,19506
oporu,19755
agens,25952
gang,25140
ležícím,25953
částečky,25954
interpreta,10230
procvičí,20026
antigeny,25663
resit,25955
domorodců,15857
televizím,6858
prostředníka,9187
jmeno,25956
doložku,20436
šetrnou,14649
nepřesností,22477
podavače,25957
škrábanců,25958
heřmánku,12500
tvrdou,8333
specifickou,13346
modern,25959
chalupy,18092
úspornou,9226
podélně,25960
mantinelu,25159
vrchnosti,25689
bratrance,4564
argumentu,13861
judem,25961
získanou,6927
nenávist,25041
brazilskou,12059
milovnice,19492
function,25962
vikariátů,25963
právně,25964
primitivních,24052
formuli,23576
kata,14838
lineárně,25965
nářečí,25966
parazita,25967
brankáři,21276
nou,25968
teenagerů,25969
odsavače,25970
tvrdosti,25971
sošku,25972
ryze,25973
tuhou,25974
kopu,18561
kmenů,21452
revertů,25975
perspektivu,4971
pomáhající,5595
drážek,25976
elektroniku,17595
rozvětvené,25977
homo,25978
klecí,25979
arbitři,25980
kategorizaci,25981
matic,25443
funkcí,15084
tlumič,25982
einer,25983
závity,23180
učenců,25984
neo,25985
ktera,25986
kapsu,11781
zachovalou,17130
parádu,3857
vložce,25987
chrom,25988
approx,25989
identifikací,25990
tits,25991
kostice,25155
klec,23331
zadni,25992
vìtší,25993
vláknina,25994
polarizační,25995
baram,25996
elastanu,25997
kokosu,22118
jógy,25998
odnoží,25999
routeru,26000
sekvencí,23630
tachometru,25645
pravidlu,9383
proroků,22458
dózy,26001
gramatice,26002
pôvodní,26003
modelingu,26004
oázu,18559
jehlu,14707
poškozenou,15008
vic,26005
starobylých,19190
obnovte,13681
charisma,26006
rámové,26007
márnice,26008
příbuznost,26009
gelu,26010
psanou,10943
pojistek,23698
tria,26011
věřitel,21973
věrnou,8582
micelární,26012
dvojkolí,26013
teen,26014
neobviklé,26015
tvořenou,13467
pastilky,26016
male,26017
vřetene,26018
dum,26019
žab,18919
lékárníkovi,26020
staticky,26021
zvířátek,20088
trojúhelníků,15960
sedačku,21818
pfii,26022
mouku,23181
bity,10697
rody,17411
kazatele,17457
vacat,26023
hrajícího,20944
method,26024
specialistu,6308
roztokem,20347
jezu,24875
zvětšenou,13070
zamiluje,20700
anatomických,7104
instituci,6352
lupiče,19695
náležitou,23459
antigenu,25663
nase,26025
hřídelí,26026
příklepu,26027
strážců,21884
modelek,15763
deep,26028
navzájem,26029
punku,26030
parodií,14848
ves,24053
veci,26031
poškozenému,15008
rodů,17411
hand,26032
dámu,12389
podélnou,5327
sát,26033
rozteč,26034
bariéru,13941
cache,26035
buxusy,26036
zubu,19276
roklí,20474
závit,23180
pojistnou,13473
zpěvaček,8912
osu,10158
faulu,23291
pojištěnců,26037
elektromotoru,21904
pumpu,24439
divoce,26038
speed,26039
šlechticů,18943
čepy,26040
moudrostí,21974
jezuitů,14303
čep,26041
jezdcù,26042
cim,26043
slovesa,24070
odsávače,26044
designovou,14633
národu,13537
vatě,17360
panovníkovi,26045
pruzích,3801
koncovek,23518
sie,26046
kanálků,26047
šířeny,11303
drive,26048
příbuzenstva,10602
cart,26049
slepic,20379
hornatiny,21100
čepů,26050
zásuvku,19330
umístěnou,10461
složenou,17251
distance,26051
zamezí,23884
zeminu,17777
chalupu,18092
diplomatickou,12565
dialektu,24747
měšťanů,16864
ventilátory,23665
dědičnou,9185
vyslancem,23007
cos,26052
mladou,5800
guru,26053
skupince,26054
uloženou,12398
men,26055
typovou,26056
lampu,12430
písmen,20239
pøímo,26057
nábožensky,26058
vladimiru,26059
doménu,26060
opěradla,22392
clanku,26061
páku,21061
legal,26062
pixely,26063
pozemky,11655
eleganci,26064
dynamickou,15081
vcetne,26065
spojce,23338
seo,26066
different,26067
notně,26068
pripade,26069
církví,16633
bídu,5162
zvaným,14750
lustry,21916
češtinou,11278
cihelnu,12719
registrech,24707
pístu,26070
osobitou,16094
format,26071
adresáta,20176
sam,26072
mazu,26073
mlýnku,22015
dua,25388
tyčku,26074
zpěváků,5528
vsí,24053
kořenech,6267
borci,22618
zena,26075
mravní,26076
matrací,25481
pacientovi,13899
ploutev,23988
klauzule,26077
historek,17120
zbožnosti,25575
esenci,26078
diskriminaci,21409
vývrt,26079
pidi,26080
přezkou,26081
mřížku,17901
kmitů,26082
taburety,25637
střelou,23593
konvexní,26083
ryzí,23163
oddělující,24011
tuhosti,26084
příměsí,26085
substantivem,26086
electronic,26087
rase,23583
flexi,26088
hutí,22920
dolinou,13607
věřících,24715
orientovanou,14873
čepelí,25933
lodyhou,22931
cínu,20315
účelovou,17549
basic,26089
few,26090
dědiců,19995
škrobu,23604
zdarmakód,26091
králi,9940
kalu,12584
obecenstva,19537
exotickou,16229
experta,16975
židů,22405
law,26092
bubnu,14225
nerovnost,21000
poddaným,24877
principům,14505
cum,26093
rustikální,26094
ionty,26095
pojistkou,23698
gamma,26096
zvanou,14750
šikovně,26097
šipek,14993
matraci,25481
piosenatore,26098
společenstev,21760
primo,26099
mocnou,13364
magnet,26100
nití,23476
brance,12770
spo,26101
čeledí,24091
cizímu,9651
posla,16765
klukovi,10586
komodu,21132
nezákonnou,26102
kazatelem,17457
blinkry,26103
della,26104
membránu,20388
nowrap,26105
sedláků,23541
jazyku,6876
maticí,25443
kaz,25709
vlákniny,25994
filtraci,26106
záď,20303
tyčinku,20903
redukují,26107
dvì,26108
knížeti,17252
champwd,26109
policistovi,8023
sdelit,26110
flex,26111
mastnotu,26112
cap,26113
receptu,26114
geny,11823
oltářů,21624
frézovaného,26115
noži,18187
nápravu,25711
chytrou,14981
vad,21682
aplikovanou,12726
příbuznému,13846
bordelu,21521
centralisticky,26116
insolvenčního,26117
iontů,26095
písmu,20498
institutů,3354
takzvanou,15892
šavlí,26118
lstí,20114
magnetu,26119
select,26120
slečnou,16108
lesu,12371
umi,26121
košer,26122
onu,8178
nul,3415
non,26123
wikipedisty,21393
mastí,26124
příměs,26085
mlýnky,22015
sub,26125
kompresoru,26126
knížat,17252
diesely,26127
župě,9502
aminokyselin,24887
cui,26128
que,26129
funk,26130
hrobku,20901
mléku,10334
bohyni,23770
servo,26131
kvuli,26132
krystalu,25020
dei,26133
povrchově,26134
ležících,24575
odolnou,13561
božskou,15001
vzpěry,26135
vaty,17360
departementu,23026
position,26136
dlužníka,21483
potoce,21780
dtí,26137
kondenzátoru,24401
filosofii,18815
casu,26138
pákou,21061
náprav,25711
zku,26139
zapsanou,26140
nasi,26141
tuhostí,26142
sítem,26143
kanovníků,26144
světlometů,26145
sultána,18906
příď,20210
vež,26146
scriptstyle,26147
vedenou,12373
šroubem,19652
tíži,26148
medium,15846
kličky,26149
světlomety,24634
vidlice,26150
dvojici,19246
nevhodnou,24479
switch,26151
oltáři,21624
emo,26152
specific,26153
vázání,26154
důmyslně,26155
karoserii,26156
mladíků,20911
mnichů,23339
faunu,25596
mulče,26157
anatomii,26158
vektoru,20262
ventilátoru,23665
kvasinek,25233
kalů,12584
aqua,26159
dodávající,26160
pravní,26161
bakterie,22966
receptorů,26162
zabudovanou,26163
éček,26164
tvrdost,25971
cívek,23609
cookies,26165
penaltu,25424
dialektů,24747
raw,26166
nejakou,26167
pilu,16637
příměsi,26085
tukem,17113
ústavně,26168
sedláka,23541
pilastry,26169
lišící,26170
francouzštinu,13988
stabilizátoru,25027
filosofií,18815
hlásku,16938
odlišnou,16022
slečně,16108
hlavni,24800
čirou,6997
par,26171
deformaci,22062
podprsenku,25303
pocet,26172
starce,14531
nápravy,25711
tlumičů,26173
srbskou,8733
jihlavi,26174
frází,20907
skriptu,26175
brankáře,21276
kmenu,21452
příklepem,26176
wikipedistů,21393
normu,11109
minerálu,26177
suk,26178
magyar,26179
převodovce,19720
mrdání,26180
vidlic,26181
přepínače,26182
etnicky,26183
přihrádek,21043
laiků,26184
fregaty,19881
lvů,5678
rámu,12893
kundičku,26185
tajemnou,14793
příponu,26186
radno,26187
protiprávně,26188
masérek,26189
zrcadlově,10148
sít,26143
dláta,26190
brejku,26191
barokni,26192
držav,24171
una,26193
kazetu,10198
rádoby,26194
odporují,25491
diakritikou,25807
vosy,26195
clear,26196
latinu,12125
poloosy,26197
hlavnì,26198
koncovku,23518
zrnka,26199
snadne,26200
krajana,19665
onou,8178
šlechtice,18943
huť,22920
rightarrow,26201
odpruženou,26202
podcelku,26203
chalup,18092
rud,15063
aji,26204
mouce,23181
filosofů,26205
pohanů,26206
spojek,23338
jednotlivkyň,26207
insolvenčnímu,25516
pružin,24480
nebezpečnou,2043
form,26208
křehkou,17455
kapalinou,23853
jiskru,17922
vektorů,20262
jílu,26209
střelu,23593
antén,23628
vzdelání,26210
ráfku,19631
sve,26211
pérování,26212
tamějších,23812
kandži,26213
kruhovou,3247
slečen,16108
chu,26214
force,26215
etiku,16979
pilky,26216
odstraň,21540
wikipedii,23490
víl,18982
meho,26217
vec,26218
proteinu,25211
usvětši,26219
řemeslu,12416
filozofii,15192
odpružení,26220
dam,12389
kozu,21882
půvabnou,20768
dravé,25812
filosofa,26221
lisů,64
dírku,26222
obsahujícím,17885
bosse,26223
proměnnou,26224
nárazníku,24015
provide,26225
diamantu,26226
příponou,26227
odsazení,26228
mem,26229
nápravou,25711
koncovkou,23518
příbuznou,13846
filtrací,26230
hraběnkou,23759
dutinu,20117
sich,26231
gólmana,23658
juda,26232
tunery,26233
slovesu,24070
stážistu,26234
vrtuli,26235
mladíkovi,20911
qui,26236
pneumatice,20530
svatyni,23300
optiku,19514
perlou,20430
ingredienci,26237
skrytou,12477
query,26238
geometrií,24211
usedlostí,26239
inge,26240
hranolu,26241
dírek,26242
chromu,25988
kou,26243
pružinami,24480
methods,26244
airbagů,26245
síto,26143
hip,26246
common,26247
zpětvzetí,26248
stehů,26249
acid,26250
dominant,26251
příčnou,13066
špehoval,26252
patogenní,26253
štěpí,26254
závitů,23180
pružiny,24480
tekutinu,18423
zalíbení,26255
usedlosti,26239
jeţ,26256
převodovku,19720
choti,17114
poddaných,24877
dona,6695
prumer,26257
membráně,20388
matici,25443
horizontálně,26258
vrcholně,26259
allow,26260
příbuzném,13846
pánu,8050
enzymu,25617
obchodníkovi,7947
božstev,19843
ležícího,24575
farářovi,22793
korene,26261
pojistku,23698
poly,26262
zrn,20111
věřitele,21973
align,26263
delle,26264
fregat,19881
spojku,23338
rho,26265
degli,26266
figur,20544
gramatiku,19398
pump,24439
lip,13747
turba,26267
small,26268
pokédexu,26269
cyrilici,25304
nauku,23099
repliku,26270
wikipedistovi,21393
tlumiče,26271
villa,26272
cívku,23609
prostou,11107
umu,26273
prime,26274
large,26275
synu,6648
garsoniery,26276
similar,26277
tvrdostí,25971
řict,26278
bakterií,22966
sobe,17459
shift,26279
rzi,26280
trosku,17311
geometrii,24211
kapalinu,23853
syntaxi,26281
molekulu,23760
usedlost,26239
vlákninu,25994
wikipedistu,21393
poji,26282
molekule,26283
závitu,23180
right,26284
vidlici,26285
dual,26286
tribu,26287
progressive,26288
